Loading gnu/11.2.0
  Loading requirement: binutils/11.2.0
Mode: ADAPTED (Stage1 + LoRA)
tokens per iteration will be: 81,920
data directory: /tmpdir/m24047brmn/numbers/data/tulu3_math_grade/adapted
Loading Stage 1 checkpoint: /tmpdir/m24047brmn/numbers/model_checkpoints/luciole_fe_adapt/ckpt.pt
number of parameters: 114.83M
  Loaded Stage 1 weights (135 keys)
  Applied LoRA (rank=16, alpha=32, dropout=0.05) to 48 layers
  Target modules: ['q_proj', 'v_proj', 'k_proj', 'o_proj']
Parameter budget (ADAPTED (Stage1 + LoRA)):
  LoRA:         983,040 params (0.85%)
  Adapter:      689,664 params (0.60%)
  Frozen:    114,140,262 params
  Trainable:  1,672,704 / 115,812,966 (1.44%)
optimizer parameter groups:
  lora_decay: 96 tensors, 983,040 params, weight_decay=0.1, lr_scale=1.0
  adapter_decay: 2 tensors, 688,128 params, weight_decay=0.1, lr_scale=0.3
  adapter_nodecay: 2 tensors, 1,536 params, weight_decay=0.0, lr_scale=0.3
using fused AdamW: True
compiling the model... (takes a ~minute)

Starting training from iter 0 (max_iters=15000)
step 0: train loss 5.8461, val loss 5.8394
/usr/local/lib/python3.12/dist-packages/torch/autograd/graph.py:824: UserWarning: Error detected in IndexPutBackward0. Traceback of forward call that caused the error:
  File "/work/m24047/m24047brmn/numbers/GPT2/124M/fe_adapt/model.py", line 350, in torch_dynamo_resume_in_forward_at_337
    tok_emb[num_mask] = (1.0 - beta) * base_num + beta * delta_num
 (Triggered internally at /opt/pytorch/pytorch/torch/csrc/autograd/python_anomaly_mode.cpp:122.)
  return Variable._execution_engine.run_backward(  # Calls into the C++ engine to run the backward pass
W0309 19:51:08.961000 1072676 torch/_dynamo/exc.py:367] [3/0] Backend compiler failed with aten.nonzero.default at 
W0309 19:51:08.961000 1072676 torch/_dynamo/exc.py:367] [3/0]   File "/work/m24047/m24047brmn/numbers/GPT2/124M/fe_adapt/model.py", line 370, in torch_dynamo_resume_in_forward_at_337
W0309 19:51:08.961000 1072676 torch/_dynamo/exc.py:367] [3/0]     return logits, loss
W0309 19:51:08.961000 1072676 torch/_dynamo/exc.py:367] [3/0] Adding a graph break.
/usr/local/lib/python3.12/dist-packages/torch/autograd/graph.py:824: UserWarning: Error detected in IndexPutBackward0. Traceback of forward call that caused the error:
  File "/work/m24047/m24047brmn/numbers/GPT2/124M/fe_adapt/model.py", line 350, in torch_dynamo_resume_in_forward_at_337
    tok_emb[num_mask] = (1.0 - beta) * base_num + beta * delta_num
 (Triggered internally at /opt/pytorch/pytorch/torch/csrc/autograd/python_anomaly_mode.cpp:122.)
  return Variable._execution_engine.run_backward(  # Calls into the C++ engine to run the backward pass
W0309 19:51:17.246000 1072676 torch/_dynamo/exc.py:367] [3/0_1] Backend compiler failed with aten.nonzero.default at 
W0309 19:51:17.246000 1072676 torch/_dynamo/exc.py:367] [3/0_1]   File "/work/m24047/m24047brmn/numbers/GPT2/124M/fe_adapt/model.py", line 370, in torch_dynamo_resume_in_forward_at_337
W0309 19:51:17.246000 1072676 torch/_dynamo/exc.py:367] [3/0_1]     return logits, loss
W0309 19:51:17.246000 1072676 torch/_dynamo/exc.py:367] [3/0_1] Adding a graph break.
iter 0: loss 5.7221, time 47472.34ms, mfu -100.00%
  === DIAG iter 0 ===
  loss: 5.7221
  grads (pre): total 26.2422, lora 26.2401, adapter 0.3313
  grads (post): total 1.0000, lora 0.9999, adapter 0.0126
  <NUM> tokens: 25/2048 (1.2%)
  lr: base 5.99e-07, lora 5.99e-07, adapter 1.80e-07
  num inject: base_norm 0.5602, delta_raw_norm 373.1836, delta_eff_norm 0.5602, scale 0.0017
  token accuracy: 0.140 (287/2045)
iter 10: loss 5.6967, time 1654.71ms, mfu 1.06%
iter 20: loss 5.3848, time 1670.32ms, mfu 1.06%
iter 30: loss 4.7164, time 1736.99ms, mfu 1.05%
iter 40: loss 4.3276, time 1685.33ms, mfu 1.05%
iter 50: loss 4.4126, time 1671.51ms, mfu 1.05%
iter 60: loss 3.8848, time 1690.59ms, mfu 1.05%
iter 70: loss 3.8019, time 1636.30ms, mfu 1.05%
iter 80: loss 3.7881, time 1646.71ms, mfu 1.05%
iter 90: loss 3.0736, time 1672.47ms, mfu 1.05%
iter 100: loss 3.2154, time 1669.48ms, mfu 1.05%
  === DIAG iter 100 ===
  loss: 3.2154
  grads (pre): total 5.4436, lora 5.4436, adapter 0.0105
  grads (post): total 1.0000, lora 1.0000, adapter 0.0019
  <NUM> tokens: 22/2048 (1.1%)
  lr: base 6.05e-05, lora 6.05e-05, adapter 1.81e-05
  num inject: base_norm 0.5602, delta_raw_norm 334.0428, delta_eff_norm 0.5602, scale 0.0018
  token accuracy: 0.360 (735/2043)
iter 110: loss 2.9741, time 1600.07ms, mfu 1.06%
iter 120: loss 2.4692, time 1740.06ms, mfu 1.05%
iter 130: loss 2.7160, time 1696.54ms, mfu 1.05%
iter 140: loss 2.4366, time 1712.95ms, mfu 1.05%
iter 150: loss 2.3206, time 1673.27ms, mfu 1.05%
iter 160: loss 2.2551, time 1813.64ms, mfu 1.04%
iter 170: loss 2.3528, time 1792.94ms, mfu 1.03%
iter 180: loss 2.1493, time 1808.13ms, mfu 1.03%
iter 190: loss 1.8787, time 1790.35ms, mfu 1.02%
iter 200: loss 1.9937, time 1785.26ms, mfu 1.02%
  === DIAG iter 200 ===
  loss: 1.9937
  grads (pre): total 5.4989, lora 5.4989, adapter 0.0056
  grads (post): total 1.0000, lora 1.0000, adapter 0.0010
  <NUM> tokens: 19/2048 (0.9%)
  lr: base 1.20e-04, lora 1.20e-04, adapter 3.61e-05
  num inject: base_norm 0.5602, delta_raw_norm 343.7805, delta_eff_norm 0.5602, scale 0.0017
  token accuracy: 0.558 (1139/2043)
iter 210: loss 1.9092, time 1755.32ms, mfu 1.01%
iter 220: loss 1.7509, time 1757.09ms, mfu 1.01%
iter 230: loss 1.7611, time 1688.04ms, mfu 1.02%
iter 240: loss 1.6886, time 1693.91ms, mfu 1.02%
iter 250: loss 1.6094, time 1669.84ms, mfu 1.02%
iter 260: loss 1.7602, time 1728.11ms, mfu 1.02%
iter 270: loss 1.6222, time 1708.43ms, mfu 1.02%
iter 280: loss 1.5090, time 1801.70ms, mfu 1.02%
iter 290: loss 1.6097, time 1798.43ms, mfu 1.01%
iter 300: loss 1.6298, time 1804.31ms, mfu 1.01%
  === DIAG iter 300 ===
  loss: 1.6298
  grads (pre): total 3.6400, lora 3.6400, adapter 0.0038
  grads (post): total 1.0000, lora 1.0000, adapter 0.0010
  <NUM> tokens: 18/2048 (0.9%)
  lr: base 1.80e-04, lora 1.80e-04, adapter 5.41e-05
  num inject: base_norm 0.5602, delta_raw_norm 274.8643, delta_eff_norm 0.5602, scale 0.0035
  token accuracy: 0.626 (1281/2045)
iter 310: loss 1.7162, time 1794.77ms, mfu 1.00%
iter 320: loss 1.6581, time 1742.19ms, mfu 1.00%
iter 330: loss 1.5661, time 1747.50ms, mfu 1.00%
iter 340: loss 1.5714, time 1742.22ms, mfu 1.00%
iter 350: loss 1.4541, time 1754.69ms, mfu 1.00%
iter 360: loss 1.7158, time 1819.86ms, mfu 1.00%
iter 370: loss 1.4228, time 1808.16ms, mfu 1.00%
iter 380: loss 1.5033, time 1809.78ms, mfu 0.99%
iter 390: loss 1.3842, time 1804.90ms, mfu 0.99%
iter 400: loss 1.7346, time 1806.16ms, mfu 0.99%
  === DIAG iter 400 ===
  loss: 1.7346
  grads (pre): total 2.7992, lora 2.7992, adapter 0.0042
  grads (post): total 1.0000, lora 1.0000, adapter 0.0015
  <NUM> tokens: 31/2048 (1.5%)
  lr: base 2.40e-04, lora 2.40e-04, adapter 7.20e-05
  num inject: base_norm 0.5602, delta_raw_norm 337.3433, delta_eff_norm 0.5602, scale 0.0035
  token accuracy: 0.614 (1254/2044)
iter 410: loss 1.3886, time 1737.31ms, mfu 0.99%
iter 420: loss 1.3021, time 1605.22ms, mfu 1.00%
iter 430: loss 1.3896, time 1668.02ms, mfu 1.01%
iter 440: loss 1.6475, time 1628.87ms, mfu 1.01%
iter 450: loss 1.3276, time 1680.55ms, mfu 1.02%
iter 460: loss 1.6235, time 1614.14ms, mfu 1.02%
iter 470: loss 1.2542, time 1723.47ms, mfu 1.02%
iter 480: loss 1.2837, time 1709.24ms, mfu 1.02%
iter 490: loss 1.5577, time 1693.39ms, mfu 1.02%
iter 500: loss 1.5190, time 1712.64ms, mfu 1.02%
  === DIAG iter 500 ===
  loss: 1.5190
  grads (pre): total 2.3754, lora 2.3754, adapter 0.0052
  grads (post): total 1.0000, lora 1.0000, adapter 0.0022
  <NUM> tokens: 18/2048 (0.9%)
  lr: base 3.00e-04, lora 3.00e-04, adapter 9.00e-05
  num inject: base_norm 0.5602, delta_raw_norm 219.8785, delta_eff_norm 0.5602, scale 0.0045
  token accuracy: 0.646 (1320/2044)
iter 510: loss 1.3128, time 1693.65ms, mfu 1.02%
iter 520: loss 1.0676, time 1675.06ms, mfu 1.03%
iter 530: loss 1.3522, time 1705.47ms, mfu 1.03%
iter 540: loss 1.3711, time 1702.32ms, mfu 1.03%
iter 550: loss 1.4773, time 1705.75ms, mfu 1.03%
iter 560: loss 1.4835, time 1682.49ms, mfu 1.03%
iter 570: loss 1.1385, time 1682.67ms, mfu 1.03%
iter 580: loss 1.6628, time 1675.86ms, mfu 1.03%
iter 590: loss 1.0740, time 1673.86ms, mfu 1.03%
iter 600: loss 1.3341, time 1731.11ms, mfu 1.03%
  === DIAG iter 600 ===
  loss: 1.3341
  grads (pre): total 2.2750, lora 2.2750, adapter 0.0067
  grads (post): total 1.0000, lora 1.0000, adapter 0.0030
  <NUM> tokens: 22/2048 (1.1%)
  lr: base 3.00e-04, lora 3.00e-04, adapter 9.00e-05
  num inject: base_norm 0.5602, delta_raw_norm 245.5873, delta_eff_norm 0.5602, scale 0.0060
  token accuracy: 0.682 (1393/2044)
iter 610: loss 1.4864, time 1654.29ms, mfu 1.03%
iter 620: loss 1.2549, time 1620.95ms, mfu 1.04%
iter 630: loss 1.5519, time 1681.93ms, mfu 1.04%
iter 640: loss 1.3676, time 1677.29ms, mfu 1.04%
iter 650: loss 1.3185, time 1676.94ms, mfu 1.04%
iter 660: loss 1.4984, time 1610.11ms, mfu 1.04%
iter 670: loss 1.3658, time 1653.82ms, mfu 1.05%
iter 680: loss 1.4947, time 1650.46ms, mfu 1.05%
iter 690: loss 1.3395, time 1601.99ms, mfu 1.05%
iter 700: loss 1.2329, time 1665.20ms, mfu 1.05%
  === DIAG iter 700 ===
  loss: 1.2329
  grads (pre): total 2.0355, lora 2.0354, adapter 0.0093
  grads (post): total 1.0000, lora 1.0000, adapter 0.0046
  <NUM> tokens: 17/2048 (0.8%)
  lr: base 3.00e-04, lora 3.00e-04, adapter 9.00e-05
  num inject: base_norm 0.5602, delta_raw_norm 71.8296, delta_eff_norm 0.5602, scale 0.0104
  token accuracy: 0.706 (1443/2044)
iter 710: loss 1.3457, time 1667.30ms, mfu 1.05%
iter 720: loss 1.2145, time 1684.67ms, mfu 1.05%
iter 730: loss 1.3640, time 1671.04ms, mfu 1.05%
iter 740: loss 1.3918, time 1632.48ms, mfu 1.05%
iter 750: loss 1.3782, time 1632.86ms, mfu 1.05%
iter 760: loss 1.3535, time 1631.32ms, mfu 1.06%
iter 770: loss 1.2751, time 1700.64ms, mfu 1.05%
iter 780: loss 1.4095, time 1686.23ms, mfu 1.05%
iter 790: loss 1.3666, time 1655.75ms, mfu 1.05%
iter 800: loss 0.9758, time 1664.15ms, mfu 1.05%
  === DIAG iter 800 ===
  loss: 0.9758
  grads (pre): total 1.8894, lora 1.8894, adapter 0.0116
  grads (post): total 1.0000, lora 1.0000, adapter 0.0061
  <NUM> tokens: 5/2048 (0.2%)
  lr: base 3.00e-04, lora 3.00e-04, adapter 8.99e-05
  num inject: base_norm 0.5602, delta_raw_norm 118.3333, delta_eff_norm 0.5602, scale 0.0170
  token accuracy: 0.760 (1554/2045)
iter 810: loss 1.0646, time 1649.89ms, mfu 1.05%
iter 820: loss 1.2181, time 1641.22ms, mfu 1.05%
iter 830: loss 1.4086, time 1716.41ms, mfu 1.05%
iter 840: loss 1.5072, time 1723.02ms, mfu 1.05%
iter 850: loss 1.2844, time 1776.33ms, mfu 1.04%
iter 860: loss 1.2673, time 1786.89ms, mfu 1.03%
iter 870: loss 0.9434, time 1790.22ms, mfu 1.03%
iter 880: loss 1.4503, time 1783.96ms, mfu 1.02%
iter 890: loss 1.3717, time 1714.52ms, mfu 1.02%
iter 900: loss 1.2160, time 1736.71ms, mfu 1.02%
  === DIAG iter 900 ===
  loss: 1.2160
  grads (pre): total 1.5870, lora 1.5870, adapter 0.0143
  grads (post): total 1.0000, lora 1.0000, adapter 0.0090
  <NUM> tokens: 19/2048 (0.9%)
  lr: base 2.99e-04, lora 2.99e-04, adapter 8.98e-05
  num inject: base_norm 0.5602, delta_raw_norm 144.7170, delta_eff_norm 0.5602, scale 0.0165
  token accuracy: 0.712 (1455/2044)
iter 910: loss 1.3134, time 1721.31ms, mfu 1.02%
iter 920: loss 1.3534, time 1727.92ms, mfu 1.02%
iter 930: loss 1.0870, time 1672.23ms, mfu 1.02%
iter 940: loss 1.3494, time 1672.79ms, mfu 1.03%
iter 950: loss 1.3023, time 1666.61ms, mfu 1.03%
iter 960: loss 1.3963, time 1674.75ms, mfu 1.03%
iter 970: loss 1.1878, time 1705.33ms, mfu 1.03%
iter 980: loss 1.5364, time 1715.15ms, mfu 1.03%
iter 990: loss 1.2878, time 1712.57ms, mfu 1.03%
iter 1000: loss 1.0657, time 1717.60ms, mfu 1.03%
  === DIAG iter 1000 ===
  loss: 1.0657
  grads (pre): total 1.5351, lora 1.5350, adapter 0.0162
  grads (post): total 1.0000, lora 0.9999, adapter 0.0106
  <NUM> tokens: 22/2048 (1.1%)
  lr: base 2.99e-04, lora 2.99e-04, adapter 8.98e-05
  num inject: base_norm 0.5602, delta_raw_norm 36.3387, delta_eff_norm 0.5602, scale 0.0240
  token accuracy: 0.738 (1509/2045)
  --- Sample eval (val) ---
iter 1010: loss 1.3230, time 1740.03ms, mfu 1.02%
iter 1020: loss 1.4509, time 1788.99ms, mfu 1.02%
iter 1030: loss 1.3283, time 1701.37ms, mfu 1.02%
iter 1040: loss 1.3264, time 1709.27ms, mfu 1.02%
iter 1050: loss 1.3147, time 1683.60ms, mfu 1.02%
iter 1060: loss 1.2919, time 1677.71ms, mfu 1.03%
iter 1070: loss 1.4370, time 1657.56ms, mfu 1.03%
iter 1080: loss 1.2634, time 1765.06ms, mfu 1.02%
iter 1090: loss 1.1677, time 1784.73ms, mfu 1.02%
iter 1100: loss 1.3959, time 1786.74ms, mfu 1.02%
  === DIAG iter 1100 ===
  loss: 1.3959
  grads (pre): total 1.4778, lora 1.4777, adapter 0.0160
  grads (post): total 1.0000, lora 0.9999, adapter 0.0109
  <NUM> tokens: 22/2048 (1.1%)
  lr: base 2.99e-04, lora 2.99e-04, adapter 8.97e-05
  num inject: base_norm 0.5602, delta_raw_norm 37.8826, delta_eff_norm 0.5602, scale 0.0280
  token accuracy: 0.679 (1388/2044)
iter 1110: loss 1.1976, time 1777.50ms, mfu 1.01%
iter 1120: loss 1.0493, time 1759.37ms, mfu 1.01%
iter 1130: loss 1.0009, time 1765.72ms, mfu 1.01%
iter 1140: loss 0.7458, time 1666.70ms, mfu 1.01%
iter 1150: loss 1.2679, time 1658.18ms, mfu 1.02%
iter 1160: loss 1.3104, time 1706.95ms, mfu 1.02%
iter 1170: loss 1.0083, time 1688.47ms, mfu 1.02%
iter 1180: loss 1.1269, time 1697.34ms, mfu 1.02%
iter 1190: loss 1.3191, time 1802.27ms, mfu 1.02%
iter 1200: loss 1.2383, time 1776.66ms, mfu 1.01%
  === DIAG iter 1200 ===
  loss: 1.2383
  grads (pre): total 1.3766, lora 1.3764, adapter 0.0196
  grads (post): total 1.0000, lora 0.9999, adapter 0.0143
  <NUM> tokens: 25/2048 (1.2%)
  lr: base 2.98e-04, lora 2.98e-04, adapter 8.95e-05
  num inject: base_norm 0.5602, delta_raw_norm 24.3192, delta_eff_norm 0.5602, scale 0.0402
  token accuracy: 0.708 (1448/2044)
iter 1210: loss 1.3630, time 1855.69ms, mfu 1.01%
iter 1220: loss 1.2562, time 1840.86ms, mfu 1.00%
iter 1230: loss 1.1865, time 1628.14ms, mfu 1.01%
iter 1240: loss 1.1321, time 1640.95ms, mfu 1.01%
iter 1250: loss 1.1185, time 1618.93ms, mfu 1.02%
iter 1260: loss 1.3025, time 1634.39ms, mfu 1.03%
iter 1270: loss 1.2873, time 1713.16ms, mfu 1.03%
iter 1280: loss 1.3654, time 1694.69ms, mfu 1.03%
iter 1290: loss 1.3774, time 1652.40ms, mfu 1.03%
iter 1300: loss 1.1391, time 1669.41ms, mfu 1.03%
  === DIAG iter 1300 ===
  loss: 1.1391
  grads (pre): total 1.4501, lora 1.4500, adapter 0.0189
  grads (post): total 1.0000, lora 0.9999, adapter 0.0130
  <NUM> tokens: 18/2048 (0.9%)
  lr: base 2.98e-04, lora 2.98e-04, adapter 8.94e-05
  num inject: base_norm 0.5602, delta_raw_norm 24.7055, delta_eff_norm 0.5602, scale 0.0564
  token accuracy: 0.728 (1488/2044)
iter 1310: loss 1.1031, time 1662.22ms, mfu 1.03%
iter 1320: loss 0.9954, time 1668.29ms, mfu 1.03%
iter 1330: loss 1.2375, time 1645.64ms, mfu 1.04%
iter 1340: loss 1.1553, time 1652.84ms, mfu 1.04%
iter 1350: loss 1.1590, time 1632.39ms, mfu 1.04%
iter 1360: loss 1.1082, time 1650.50ms, mfu 1.04%
iter 1370: loss 1.2129, time 1647.08ms, mfu 1.05%
iter 1380: loss 1.4034, time 1699.31ms, mfu 1.04%
iter 1390: loss 1.1275, time 1799.30ms, mfu 1.04%
iter 1400: loss 1.3409, time 1743.11ms, mfu 1.03%
  === DIAG iter 1400 ===
  loss: 1.3409
  grads (pre): total 1.3978, lora 1.3976, adapter 0.0239
  grads (post): total 1.0000, lora 0.9999, adapter 0.0171
  <NUM> tokens: 22/2048 (1.1%)
  lr: base 2.97e-04, lora 2.97e-04, adapter 8.92e-05
  num inject: base_norm 0.5602, delta_raw_norm 52.5067, delta_eff_norm 0.5602, scale 0.0462
  token accuracy: 0.686 (1403/2044)
iter 1410: loss 1.0915, time 1735.82ms, mfu 1.03%
iter 1420: loss 1.3069, time 1736.30ms, mfu 1.03%
iter 1430: loss 1.2991, time 1732.18ms, mfu 1.03%
iter 1440: loss 1.0648, time 1730.45ms, mfu 1.03%
iter 1450: loss 1.1460, time 1675.85ms, mfu 1.03%
iter 1460: loss 1.1452, time 1666.66ms, mfu 1.03%
iter 1470: loss 1.0802, time 1705.55ms, mfu 1.03%
iter 1480: loss 1.1591, time 1646.75ms, mfu 1.03%
iter 1490: loss 1.0899, time 1640.44ms, mfu 1.04%
iter 1500: loss 1.2787, time 1648.09ms, mfu 1.04%
  === DIAG iter 1500 ===
  loss: 1.2787
  grads (pre): total 1.3017, lora 1.3016, adapter 0.0207
  grads (post): total 1.0000, lora 0.9999, adapter 0.0159
  <NUM> tokens: 13/2048 (0.6%)
  lr: base 2.97e-04, lora 2.97e-04, adapter 8.91e-05
  num inject: base_norm 0.5602, delta_raw_norm 58.2782, delta_eff_norm 0.5602, scale 0.0318
  token accuracy: 0.707 (1446/2044)
iter 1510: loss 1.1146, time 1676.29ms, mfu 1.04%
iter 1520: loss 1.3217, time 1624.90ms, mfu 1.04%
iter 1530: loss 1.2026, time 1642.03ms, mfu 1.05%
iter 1540: loss 1.2831, time 1691.68ms, mfu 1.04%
iter 1550: loss 1.2580, time 1766.94ms, mfu 1.04%
iter 1560: loss 1.1841, time 1844.38ms, mfu 1.03%
iter 1570: loss 0.9180, time 1781.14ms, mfu 1.03%
iter 1580: loss 1.0858, time 1792.18ms, mfu 1.02%
iter 1590: loss 1.3822, time 1776.94ms, mfu 1.02%
iter 1600: loss 1.3418, time 1782.46ms, mfu 1.01%
  === DIAG iter 1600 ===
  loss: 1.3418
  grads (pre): total 1.2175, lora 1.2173, adapter 0.0214
  grads (post): total 1.0000, lora 0.9998, adapter 0.0176
  <NUM> tokens: 25/2048 (1.2%)
  lr: base 2.96e-04, lora 2.96e-04, adapter 8.89e-05
  num inject: base_norm 0.5602, delta_raw_norm 28.1719, delta_eff_norm 0.5602, scale 0.0484
  token accuracy: 0.683 (1397/2045)
iter 1610: loss 1.2305, time 1771.54ms, mfu 1.01%
iter 1620: loss 1.5704, time 1764.08ms, mfu 1.01%
iter 1630: loss 1.0957, time 1769.56ms, mfu 1.01%
iter 1640: loss 1.7058, time 1768.78ms, mfu 1.01%
iter 1650: loss 1.0818, time 1762.72ms, mfu 1.00%
iter 1660: loss 1.3054, time 1763.92ms, mfu 1.00%
iter 1670: loss 1.3348, time 1770.57ms, mfu 1.00%
iter 1680: loss 1.2628, time 1759.05ms, mfu 1.00%
iter 1690: loss 1.0865, time 1763.90ms, mfu 1.00%
iter 1700: loss 1.3270, time 1775.02ms, mfu 1.00%
  === DIAG iter 1700 ===
  loss: 1.3270
  grads (pre): total 1.2436, lora 1.2434, adapter 0.0219
  grads (post): total 1.0000, lora 0.9998, adapter 0.0176
  <NUM> tokens: 17/2048 (0.8%)
  lr: base 2.95e-04, lora 2.95e-04, adapter 8.86e-05
  num inject: base_norm 0.5602, delta_raw_norm 28.4972, delta_eff_norm 0.5602, scale 0.0527
  token accuracy: 0.693 (1416/2044)
iter 1710: loss 0.7983, time 1721.70ms, mfu 1.00%
iter 1720: loss 1.3140, time 1703.12ms, mfu 1.00%
iter 1730: loss 1.1526, time 1696.79ms, mfu 1.01%
iter 1740: loss 1.0226, time 1678.25ms, mfu 1.01%
iter 1750: loss 1.3047, time 1660.90ms, mfu 1.01%
iter 1760: loss 1.1328, time 1660.60ms, mfu 1.02%
iter 1770: loss 1.3373, time 1662.53ms, mfu 1.02%
iter 1780: loss 1.0575, time 1737.17ms, mfu 1.02%
iter 1790: loss 0.9550, time 1680.22ms, mfu 1.02%
iter 1800: loss 1.3755, time 1695.91ms, mfu 1.02%
  === DIAG iter 1800 ===
  loss: 1.3755
  grads (pre): total 1.3119, lora 1.3117, adapter 0.0228
  grads (post): total 1.0000, lora 0.9998, adapter 0.0173
  <NUM> tokens: 19/2048 (0.9%)
  lr: base 2.95e-04, lora 2.95e-04, adapter 8.84e-05
  num inject: base_norm 0.5602, delta_raw_norm 58.7520, delta_eff_norm 0.5602, scale 0.0362
  token accuracy: 0.679 (1388/2045)
iter 1810: loss 1.3032, time 1675.90ms, mfu 1.03%
iter 1820: loss 1.2738, time 1675.55ms, mfu 1.03%
iter 1830: loss 1.3392, time 1643.93ms, mfu 1.03%
iter 1840: loss 1.1776, time 1707.27ms, mfu 1.03%
iter 1850: loss 1.1295, time 1694.05ms, mfu 1.03%
iter 1860: loss 1.1993, time 1698.12ms, mfu 1.03%
iter 1870: loss 0.8248, time 1703.53ms, mfu 1.03%
iter 1880: loss 1.1078, time 1672.63ms, mfu 1.03%
iter 1890: loss 1.4805, time 1636.46ms, mfu 1.04%
iter 1900: loss 1.1555, time 1645.84ms, mfu 1.04%
  === DIAG iter 1900 ===
  loss: 1.1555
  grads (pre): total 1.2677, lora 1.2675, adapter 0.0214
  grads (post): total 1.0000, lora 0.9999, adapter 0.0169
  <NUM> tokens: 14/2048 (0.7%)
  lr: base 2.94e-04, lora 2.94e-04, adapter 8.82e-05
  num inject: base_norm 0.5602, delta_raw_norm 36.0184, delta_eff_norm 0.5602, scale 0.0439
  token accuracy: 0.735 (1503/2044)
iter 1910: loss 1.2450, time 1701.56ms, mfu 1.04%
iter 1920: loss 1.2935, time 1716.74ms, mfu 1.04%
iter 1930: loss 1.0246, time 1688.26ms, mfu 1.04%
iter 1940: loss 1.1278, time 1687.69ms, mfu 1.04%
iter 1950: loss 1.1791, time 1691.52ms, mfu 1.04%
iter 1960: loss 1.4049, time 1696.18ms, mfu 1.04%
iter 1970: loss 1.1746, time 1688.22ms, mfu 1.04%
iter 1980: loss 1.1559, time 1630.37ms, mfu 1.04%
iter 1990: loss 1.3674, time 1775.55ms, mfu 1.03%
step 2000: train loss 1.1327, val loss 1.1547
  saved checkpoint to /tmpdir/m24047brmn/numbers/model_checkpoints/tulu_adapted_lora/ckpt_iter2000.pt
  new best val loss: 5.8394
iter 2000: loss 0.9960, time 17673.12ms, mfu 0.94%
  === DIAG iter 2000 ===
  loss: 0.9960
  grads (pre): total 1.1776, lora 1.1774, adapter 0.0213
  grads (post): total 1.0000, lora 0.9998, adapter 0.0181
  <NUM> tokens: 13/2048 (0.6%)
  lr: base 2.93e-04, lora 2.93e-04, adapter 8.79e-05
  num inject: base_norm 0.5602, delta_raw_norm 16.2827, delta_eff_norm 0.5602, scale 0.0668
  token accuracy: 0.771 (1575/2043)
  --- Sample eval (val) ---
iter 2010: loss 1.2404, time 1745.65ms, mfu 0.95%
iter 2020: loss 1.2914, time 1782.99ms, mfu 0.95%
iter 2030: loss 1.2191, time 1771.57ms, mfu 0.95%
iter 2040: loss 1.2371, time 1762.61ms, mfu 0.96%
iter 2050: loss 1.1242, time 1766.12ms, mfu 0.96%
iter 2060: loss 1.3630, time 1741.98ms, mfu 0.97%
iter 2070: loss 1.0344, time 1717.55ms, mfu 0.97%
iter 2080: loss 1.0331, time 1720.95ms, mfu 0.98%
iter 2090: loss 1.2426, time 1707.02ms, mfu 0.98%
iter 2100: loss 1.2640, time 1718.87ms, mfu 0.98%
  === DIAG iter 2100 ===
  loss: 1.2640
  grads (pre): total 1.2558, lora 1.2555, adapter 0.0268
  grads (post): total 1.0000, lora 0.9998, adapter 0.0213
  <NUM> tokens: 20/2048 (1.0%)
  lr: base 2.92e-04, lora 2.92e-04, adapter 8.76e-05
  num inject: base_norm 0.5602, delta_raw_norm 22.9342, delta_eff_norm 0.5602, scale 0.0509
  token accuracy: 0.707 (1446/2044)
iter 2110: loss 1.2936, time 1787.28ms, mfu 0.98%
iter 2120: loss 1.0181, time 1733.04ms, mfu 0.99%
iter 2130: loss 0.8137, time 1715.98ms, mfu 0.99%
iter 2140: loss 1.0996, time 1711.32ms, mfu 0.99%
iter 2150: loss 1.0264, time 1707.84ms, mfu 1.00%
iter 2160: loss 1.1542, time 1712.66ms, mfu 1.00%
iter 2170: loss 1.0135, time 1708.05ms, mfu 1.00%
iter 2180: loss 1.1056, time 1673.08ms, mfu 1.01%
iter 2190: loss 1.2261, time 1700.02ms, mfu 1.01%
iter 2200: loss 1.2521, time 1702.40ms, mfu 1.01%
  === DIAG iter 2200 ===
  loss: 1.2521
  grads (pre): total 1.1013, lora 1.1011, adapter 0.0240
  grads (post): total 1.0000, lora 0.9998, adapter 0.0218
  <NUM> tokens: 21/2048 (1.0%)
  lr: base 2.91e-04, lora 2.91e-04, adapter 8.73e-05
  num inject: base_norm 0.5602, delta_raw_norm 40.9290, delta_eff_norm 0.5602, scale 0.0606
  token accuracy: 0.710 (1452/2044)
iter 2210: loss 0.9414, time 1682.96ms, mfu 1.01%
iter 2220: loss 1.0673, time 1683.02ms, mfu 1.02%
iter 2230: loss 1.1546, time 1683.40ms, mfu 1.02%
iter 2240: loss 1.0322, time 1685.49ms, mfu 1.02%
iter 2250: loss 1.0202, time 1687.99ms, mfu 1.02%
iter 2260: loss 1.2359, time 1709.32ms, mfu 1.02%
iter 2270: loss 1.0032, time 1702.20ms, mfu 1.02%
iter 2280: loss 1.1333, time 1740.50ms, mfu 1.02%
iter 2290: loss 1.1404, time 1702.01ms, mfu 1.02%
iter 2300: loss 1.1435, time 1797.20ms, mfu 1.02%
  === DIAG iter 2300 ===
  loss: 1.1435
  grads (pre): total 1.2003, lora 1.2001, adapter 0.0204
  grads (post): total 1.0000, lora 0.9999, adapter 0.0170
  <NUM> tokens: 20/2048 (1.0%)
  lr: base 2.90e-04, lora 2.90e-04, adapter 8.70e-05
  num inject: base_norm 0.5602, delta_raw_norm 41.3967, delta_eff_norm 0.5602, scale 0.0471
  token accuracy: 0.718 (1468/2044)
iter 2310: loss 1.2089, time 1768.56ms, mfu 1.01%
iter 2320: loss 1.1614, time 1734.43ms, mfu 1.01%
iter 2330: loss 0.7892, time 1666.33ms, mfu 1.02%
iter 2340: loss 1.3129, time 1677.79ms, mfu 1.02%
iter 2350: loss 1.0710, time 1759.81ms, mfu 1.02%
iter 2360: loss 1.1756, time 1737.21ms, mfu 1.02%
iter 2370: loss 1.2191, time 1835.22ms, mfu 1.01%
iter 2380: loss 1.1585, time 1793.42ms, mfu 1.01%
iter 2390: loss 1.0734, time 1790.48ms, mfu 1.00%
iter 2400: loss 0.9658, time 1730.97ms, mfu 1.00%
  === DIAG iter 2400 ===
  loss: 0.9658
  grads (pre): total 1.2042, lora 1.2040, adapter 0.0256
  grads (post): total 1.0000, lora 0.9998, adapter 0.0212
  <NUM> tokens: 20/2048 (1.0%)
  lr: base 2.89e-04, lora 2.89e-04, adapter 8.66e-05
  num inject: base_norm 0.5602, delta_raw_norm 25.1254, delta_eff_norm 0.5602, scale 0.0616
  token accuracy: 0.767 (1569/2046)
iter 2410: loss 1.2577, time 1761.19ms, mfu 1.00%
iter 2420: loss 0.8773, time 1729.27ms, mfu 1.00%
iter 2430: loss 1.2408, time 1725.89ms, mfu 1.01%
iter 2440: loss 1.2260, time 1766.41ms, mfu 1.00%
iter 2450: loss 1.0469, time 1767.35ms, mfu 1.00%
iter 2460: loss 1.1564, time 1778.00ms, mfu 1.00%
iter 2470: loss 1.4390, time 1802.81ms, mfu 1.00%
iter 2480: loss 1.0646, time 1802.96ms, mfu 1.00%
iter 2490: loss 1.3920, time 1783.03ms, mfu 0.99%
iter 2500: loss 1.1605, time 1799.02ms, mfu 0.99%
  === DIAG iter 2500 ===
  loss: 1.1605
  grads (pre): total 1.2164, lora 1.2161, adapter 0.0276
  grads (post): total 1.0000, lora 0.9997, adapter 0.0227
  <NUM> tokens: 15/2048 (0.7%)
  lr: base 2.88e-04, lora 2.88e-04, adapter 8.63e-05
  num inject: base_norm 0.5602, delta_raw_norm 14.5441, delta_eff_norm 0.5602, scale 0.0663
  token accuracy: 0.721 (1474/2045)
iter 2510: loss 1.1464, time 1785.64ms, mfu 0.99%
iter 2520: loss 1.0687, time 1761.54ms, mfu 0.99%
iter 2530: loss 0.9153, time 1793.67ms, mfu 0.99%
iter 2540: loss 1.0440, time 1777.52ms, mfu 0.99%
iter 2550: loss 1.0941, time 1760.15ms, mfu 0.99%
iter 2560: loss 1.1264, time 1777.77ms, mfu 0.99%
iter 2570: loss 0.9897, time 1804.58ms, mfu 0.99%
iter 2580: loss 1.0743, time 1797.51ms, mfu 0.99%
iter 2590: loss 1.0004, time 1857.15ms, mfu 0.98%
iter 2600: loss 1.2995, time 1812.67ms, mfu 0.98%
  === DIAG iter 2600 ===
  loss: 1.2995
  grads (pre): total 1.0686, lora 1.0683, adapter 0.0248
  grads (post): total 1.0000, lora 0.9997, adapter 0.0232
  <NUM> tokens: 12/2048 (0.6%)
  lr: base 2.86e-04, lora 2.86e-04, adapter 8.59e-05
  num inject: base_norm 0.5602, delta_raw_norm 14.0726, delta_eff_norm 0.5602, scale 0.0753
  token accuracy: 0.708 (1447/2043)
iter 2610: loss 1.1894, time 1799.80ms, mfu 0.98%
iter 2620: loss 1.1071, time 1875.61ms, mfu 0.97%
iter 2630: loss 1.2087, time 1817.88ms, mfu 0.97%
iter 2640: loss 1.3097, time 1807.85ms, mfu 0.97%
iter 2650: loss 1.1941, time 1802.19ms, mfu 0.97%
iter 2660: loss 1.1981, time 1789.39ms, mfu 0.97%
iter 2670: loss 1.0752, time 1801.04ms, mfu 0.97%
iter 2680: loss 0.8650, time 1800.06ms, mfu 0.97%
iter 2690: loss 0.9774, time 1795.16ms, mfu 0.97%
iter 2700: loss 1.1782, time 1841.99ms, mfu 0.97%
  === DIAG iter 2700 ===
  loss: 1.1782
  grads (pre): total 1.0721, lora 1.0719, adapter 0.0250
  grads (post): total 1.0000, lora 0.9997, adapter 0.0234
  <NUM> tokens: 18/2048 (0.9%)
  lr: base 2.85e-04, lora 2.85e-04, adapter 8.55e-05
  num inject: base_norm 0.5602, delta_raw_norm 12.6518, delta_eff_norm 0.5602, scale 0.0742
  token accuracy: 0.718 (1466/2042)
iter 2710: loss 0.9655, time 1821.26ms, mfu 0.97%
iter 2720: loss 0.9133, time 1812.40ms, mfu 0.97%
iter 2730: loss 1.1074, time 1807.66ms, mfu 0.97%
iter 2740: loss 1.2323, time 1854.64ms, mfu 0.97%
iter 2750: loss 1.1327, time 1697.64ms, mfu 0.97%
iter 2760: loss 1.0407, time 1702.66ms, mfu 0.98%
iter 2770: loss 1.0086, time 1713.30ms, mfu 0.98%
iter 2780: loss 1.3550, time 1709.14ms, mfu 0.99%
iter 2790: loss 1.1469, time 1718.85ms, mfu 0.99%
iter 2800: loss 1.0894, time 1804.05ms, mfu 0.99%
  === DIAG iter 2800 ===
  loss: 1.0894
  grads (pre): total 1.1074, lora 1.1071, adapter 0.0269
  grads (post): total 1.0000, lora 0.9997, adapter 0.0243
  <NUM> tokens: 22/2048 (1.1%)
  lr: base 2.84e-04, lora 2.84e-04, adapter 8.51e-05
  num inject: base_norm 0.5602, delta_raw_norm 77.6475, delta_eff_norm 0.5602, scale 0.0362
  token accuracy: 0.752 (1537/2044)
iter 2810: loss 0.7881, time 1794.45ms, mfu 0.99%
iter 2820: loss 1.2069, time 1708.75ms, mfu 0.99%
iter 2830: loss 1.2120, time 1636.71ms, mfu 1.00%
iter 2840: loss 1.1378, time 1695.52ms, mfu 1.00%
iter 2850: loss 0.9238, time 1745.18ms, mfu 1.00%
iter 2860: loss 1.3433, time 1829.30ms, mfu 1.00%
iter 2870: loss 1.0935, time 1785.87ms, mfu 1.00%
iter 2880: loss 1.0127, time 1764.12ms, mfu 1.00%
iter 2890: loss 1.3592, time 1784.58ms, mfu 0.99%
iter 2900: loss 0.8875, time 1788.31ms, mfu 0.99%
  === DIAG iter 2900 ===
  loss: 0.8875
  grads (pre): total 1.0789, lora 1.0787, adapter 0.0196
  grads (post): total 1.0000, lora 0.9998, adapter 0.0182
  <NUM> tokens: 16/2048 (0.8%)
  lr: base 2.82e-04, lora 2.82e-04, adapter 8.46e-05
  num inject: base_norm 0.5602, delta_raw_norm 17.6621, delta_eff_norm 0.5602, scale 0.0623
  token accuracy: 0.793 (1621/2044)
iter 2910: loss 0.9338, time 1812.21ms, mfu 0.99%
iter 2920: loss 1.0354, time 1794.41ms, mfu 0.99%
iter 2930: loss 1.1567, time 1862.48ms, mfu 0.98%
iter 2940: loss 0.9828, time 1805.16ms, mfu 0.98%
iter 2950: loss 1.0147, time 1803.04ms, mfu 0.98%
iter 2960: loss 1.0782, time 1778.02ms, mfu 0.98%
iter 2970: loss 1.1475, time 1759.70ms, mfu 0.98%
iter 2980: loss 1.1737, time 1837.18ms, mfu 0.98%
iter 2990: loss 1.0196, time 1798.62ms, mfu 0.98%
iter 3000: loss 1.1214, time 1642.40ms, mfu 0.99%
  === DIAG iter 3000 ===
  loss: 1.1214
  grads (pre): total 0.9785, lora 0.9782, adapter 0.0235
  grads (post): total 0.9785, lora 0.9782, adapter 0.0235
  <NUM> tokens: 18/2048 (0.9%)
  lr: base 2.81e-04, lora 2.81e-04, adapter 8.42e-05
  num inject: base_norm 0.5602, delta_raw_norm 71.8435, delta_eff_norm 0.5602, scale 0.0590
  token accuracy: 0.748 (1530/2045)
  --- Sample eval (val) ---
iter 3010: loss 1.2022, time 1677.01ms, mfu 0.99%
iter 3020: loss 1.1442, time 1707.53ms, mfu 1.00%
iter 3030: loss 1.2252, time 1700.47ms, mfu 1.00%
iter 3040: loss 1.0857, time 1706.88ms, mfu 1.00%
iter 3050: loss 1.1355, time 1695.66ms, mfu 1.01%
iter 3060: loss 1.1692, time 1688.01ms, mfu 1.01%
iter 3070: loss 0.8814, time 1740.50ms, mfu 1.01%
iter 3080: loss 1.2624, time 1742.87ms, mfu 1.01%
iter 3090: loss 0.6936, time 1755.72ms, mfu 1.01%
iter 3100: loss 1.2721, time 1696.41ms, mfu 1.01%
  === DIAG iter 3100 ===
  loss: 1.2721
  grads (pre): total 1.0884, lora 1.0881, adapter 0.0241
  grads (post): total 1.0000, lora 0.9998, adapter 0.0221
  <NUM> tokens: 30/2048 (1.5%)
  lr: base 2.79e-04, lora 2.79e-04, adapter 8.37e-05
  num inject: base_norm 0.5602, delta_raw_norm 285.3855, delta_eff_norm 0.5602, scale 0.0548
  token accuracy: 0.717 (1466/2044)
iter 3110: loss 1.2758, time 1691.16ms, mfu 1.01%
iter 3120: loss 1.2551, time 1693.14ms, mfu 1.01%
iter 3130: loss 1.2141, time 1686.64ms, mfu 1.02%
iter 3140: loss 1.1625, time 1694.11ms, mfu 1.02%
iter 3150: loss 0.8754, time 1693.20ms, mfu 1.02%
iter 3160: loss 1.0109, time 1691.91ms, mfu 1.02%
iter 3170: loss 1.3421, time 1691.66ms, mfu 1.02%
iter 3180: loss 0.9787, time 1700.32ms, mfu 1.02%
iter 3190: loss 0.9476, time 1699.64ms, mfu 1.02%
iter 3200: loss 1.0778, time 1707.60ms, mfu 1.02%
  === DIAG iter 3200 ===
  loss: 1.0778
  grads (pre): total 1.0773, lora 1.0770, adapter 0.0266
  grads (post): total 1.0000, lora 0.9997, adapter 0.0247
  <NUM> tokens: 18/2048 (0.9%)
  lr: base 2.78e-04, lora 2.78e-04, adapter 8.33e-05
  num inject: base_norm 0.5602, delta_raw_norm 12.7322, delta_eff_norm 0.5602, scale 0.0741
  token accuracy: 0.747 (1526/2044)
iter 3210: loss 1.0188, time 1703.30ms, mfu 1.02%
iter 3220: loss 1.1191, time 1692.09ms, mfu 1.03%
iter 3230: loss 1.0522, time 1668.99ms, mfu 1.03%
iter 3240: loss 1.0498, time 1728.16ms, mfu 1.03%
iter 3250: loss 0.9785, time 1725.18ms, mfu 1.02%
iter 3260: loss 1.1860, time 1767.63ms, mfu 1.02%
iter 3270: loss 1.1053, time 1754.01ms, mfu 1.02%
iter 3280: loss 1.3638, time 1778.84ms, mfu 1.02%
iter 3290: loss 1.1701, time 1777.19ms, mfu 1.01%
iter 3300: loss 1.3215, time 1684.56ms, mfu 1.02%
  === DIAG iter 3300 ===
  loss: 1.3215
  grads (pre): total 0.9507, lora 0.9503, adapter 0.0282
  grads (post): total 0.9507, lora 0.9503, adapter 0.0282
  <NUM> tokens: 26/2048 (1.3%)
  lr: base 2.76e-04, lora 2.76e-04, adapter 8.28e-05
  num inject: base_norm 0.5602, delta_raw_norm 31.9279, delta_eff_norm 0.5602, scale 0.0517
  token accuracy: 0.684 (1398/2043)
iter 3310: loss 0.9024, time 1710.47ms, mfu 1.02%
iter 3320: loss 0.9944, time 1715.29ms, mfu 1.02%
iter 3330: loss 0.9376, time 1714.95ms, mfu 1.02%
iter 3340: loss 0.9077, time 1719.32ms, mfu 1.02%
iter 3350: loss 1.2794, time 1715.07ms, mfu 1.02%
iter 3360: loss 1.1239, time 1716.28ms, mfu 1.02%
iter 3370: loss 0.9588, time 1717.28ms, mfu 1.02%
iter 3380: loss 1.0872, time 1718.78ms, mfu 1.02%
iter 3390: loss 1.2985, time 1718.68ms, mfu 1.02%
iter 3400: loss 0.9938, time 1733.48ms, mfu 1.02%
  === DIAG iter 3400 ===
  loss: 0.9938
  grads (pre): total 1.0717, lora 1.0712, adapter 0.0328
  grads (post): total 1.0000, lora 0.9995, adapter 0.0306
  <NUM> tokens: 18/2048 (0.9%)
  lr: base 2.74e-04, lora 2.74e-04, adapter 8.23e-05
  num inject: base_norm 0.5602, delta_raw_norm 11.7988, delta_eff_norm 0.5602, scale 0.0695
  token accuracy: 0.749 (1531/2044)
iter 3410: loss 0.9842, time 1718.03ms, mfu 1.02%
iter 3420: loss 1.1449, time 1714.84ms, mfu 1.02%
iter 3430: loss 1.0501, time 1712.12ms, mfu 1.02%
iter 3440: loss 1.1048, time 1686.70ms, mfu 1.02%
iter 3450: loss 1.1959, time 1667.31ms, mfu 1.02%
iter 3460: loss 1.0804, time 1738.02ms, mfu 1.02%
iter 3470: loss 1.1016, time 1728.81ms, mfu 1.02%
iter 3480: loss 1.3112, time 1723.59ms, mfu 1.02%
iter 3490: loss 1.3579, time 1728.45ms, mfu 1.02%
iter 3500: loss 1.1664, time 1750.26ms, mfu 1.02%
  === DIAG iter 3500 ===
  loss: 1.1664
  grads (pre): total 1.0111, lora 1.0108, adapter 0.0222
  grads (post): total 1.0000, lora 0.9998, adapter 0.0220
  <NUM> tokens: 18/2048 (0.9%)
  lr: base 2.72e-04, lora 2.72e-04, adapter 8.17e-05
  num inject: base_norm 0.5602, delta_raw_norm 15.9209, delta_eff_norm 0.5602, scale 0.0529
  token accuracy: 0.725 (1482/2044)
iter 3510: loss 1.1085, time 1780.36ms, mfu 1.01%
iter 3520: loss 1.1347, time 1742.43ms, mfu 1.01%
iter 3530: loss 1.0615, time 1714.16ms, mfu 1.01%
iter 3540: loss 1.0361, time 1724.84ms, mfu 1.01%
iter 3550: loss 0.9810, time 1725.48ms, mfu 1.01%
iter 3560: loss 1.0538, time 1677.25ms, mfu 1.02%
iter 3570: loss 0.9144, time 1709.02ms, mfu 1.02%
iter 3580: loss 1.2589, time 1700.21ms, mfu 1.02%
iter 3590: loss 1.1206, time 1733.33ms, mfu 1.02%
iter 3600: loss 0.9845, time 1747.17ms, mfu 1.02%
  === DIAG iter 3600 ===
  loss: 0.9845
  grads (pre): total 1.0573, lora 1.0569, adapter 0.0288
  grads (post): total 1.0000, lora 0.9996, adapter 0.0273
  <NUM> tokens: 14/2048 (0.7%)
  lr: base 2.71e-04, lora 2.71e-04, adapter 8.12e-05
  num inject: base_norm 0.5602, delta_raw_norm 15.0869, delta_eff_norm 0.5602, scale 0.0613
  token accuracy: 0.764 (1562/2045)
iter 3610: loss 1.0335, time 1732.90ms, mfu 1.02%
iter 3620: loss 1.2136, time 1727.59ms, mfu 1.02%
iter 3630: loss 1.2903, time 1740.15ms, mfu 1.01%
iter 3640: loss 1.0303, time 1728.05ms, mfu 1.01%
iter 3650: loss 1.0236, time 1725.17ms, mfu 1.01%
iter 3660: loss 1.1302, time 1706.79ms, mfu 1.02%
iter 3670: loss 1.1568, time 1710.51ms, mfu 1.02%
iter 3680: loss 1.1832, time 1758.78ms, mfu 1.01%
iter 3690: loss 1.1939, time 1712.27ms, mfu 1.01%
iter 3700: loss 0.8507, time 1711.13ms, mfu 1.02%
  === DIAG iter 3700 ===
  loss: 0.8507
  grads (pre): total 0.9889, lora 0.9885, adapter 0.0274
  grads (post): total 0.9889, lora 0.9885, adapter 0.0274
  <NUM> tokens: 19/2048 (0.9%)
  lr: base 2.69e-04, lora 2.69e-04, adapter 8.06e-05
  num inject: base_norm 0.5602, delta_raw_norm 30.7922, delta_eff_norm 0.5602, scale 0.0499
  token accuracy: 0.800 (1635/2044)
iter 3710: loss 1.4285, time 1795.95ms, mfu 1.01%
iter 3720: loss 0.7012, time 1693.13ms, mfu 1.01%
iter 3730: loss 0.9139, time 1741.62ms, mfu 1.01%
iter 3740: loss 1.0861, time 1763.22ms, mfu 1.01%
iter 3750: loss 1.1252, time 1801.12ms, mfu 1.01%
iter 3760: loss 0.9974, time 1711.55ms, mfu 1.01%
iter 3770: loss 1.0430, time 1793.27ms, mfu 1.01%
iter 3780: loss 1.2269, time 1710.70ms, mfu 1.01%
iter 3790: loss 1.1448, time 1699.71ms, mfu 1.01%
iter 3800: loss 0.9628, time 1679.91ms, mfu 1.01%
  === DIAG iter 3800 ===
  loss: 0.9628
  grads (pre): total 0.9573, lora 0.9569, adapter 0.0272
  grads (post): total 0.9573, lora 0.9569, adapter 0.0272
  <NUM> tokens: 11/2048 (0.5%)
  lr: base 2.67e-04, lora 2.67e-04, adapter 8.01e-05
  num inject: base_norm 0.5602, delta_raw_norm 12.5585, delta_eff_norm 0.5602, scale 0.0830
  token accuracy: 0.764 (1563/2045)
iter 3810: loss 0.9573, time 1780.15ms, mfu 1.01%
iter 3820: loss 0.9475, time 1736.44ms, mfu 1.01%
iter 3830: loss 1.0072, time 1779.08ms, mfu 1.01%
iter 3840: loss 1.0964, time 1786.10ms, mfu 1.00%
iter 3850: loss 1.4302, time 1689.98ms, mfu 1.01%
iter 3860: loss 1.1984, time 1714.38ms, mfu 1.01%
iter 3870: loss 1.1280, time 1803.01ms, mfu 1.00%
iter 3880: loss 1.2681, time 1739.59ms, mfu 1.01%
iter 3890: loss 1.0007, time 1734.71ms, mfu 1.01%
iter 3900: loss 1.1436, time 1750.79ms, mfu 1.00%
  === DIAG iter 3900 ===
  loss: 1.1436
  grads (pre): total 0.9660, lora 0.9657, adapter 0.0245
  grads (post): total 0.9660, lora 0.9657, adapter 0.0245
  <NUM> tokens: 28/2048 (1.4%)
  lr: base 2.65e-04, lora 2.65e-04, adapter 7.95e-05
  num inject: base_norm 0.5602, delta_raw_norm 380.2417, delta_eff_norm 0.5602, scale 0.0310
  token accuracy: 0.710 (1451/2045)
iter 3910: loss 0.9639, time 1771.42ms, mfu 1.00%
iter 3920: loss 1.0095, time 1768.19ms, mfu 1.00%
iter 3930: loss 0.9841, time 1765.21ms, mfu 1.00%
iter 3940: loss 1.0382, time 1789.12ms, mfu 1.00%
iter 3950: loss 1.1324, time 1811.41ms, mfu 1.00%
iter 3960: loss 1.3175, time 1777.93ms, mfu 0.99%
iter 3970: loss 1.2037, time 1748.31ms, mfu 0.99%
iter 3980: loss 1.1762, time 1771.26ms, mfu 0.99%
iter 3990: loss 1.1211, time 1801.46ms, mfu 0.99%
step 4000: train loss 1.0718, val loss 1.0837
  saved checkpoint to /tmpdir/m24047brmn/numbers/model_checkpoints/tulu_adapted_lora/ckpt_iter4000.pt
  new best val loss: 1.1547
iter 4000: loss 0.9589, time 17456.48ms, mfu 0.90%
  === DIAG iter 4000 ===
  loss: 0.9589
  grads (pre): total 0.9540, lora 0.9536, adapter 0.0264
  grads (post): total 0.9540, lora 0.9536, adapter 0.0264
  <NUM> tokens: 16/2048 (0.8%)
  lr: base 2.63e-04, lora 2.63e-04, adapter 7.89e-05
  num inject: base_norm 0.5602, delta_raw_norm 13.1778, delta_eff_norm 0.5602, scale 0.0730
  token accuracy: 0.765 (1564/2044)
  --- Sample eval (val) ---
iter 4010: loss 1.2351, time 1780.08ms, mfu 0.91%
iter 4020: loss 1.1149, time 1776.61ms, mfu 0.92%
iter 4030: loss 1.0826, time 1766.31ms, mfu 0.93%
iter 4040: loss 1.0912, time 1771.82ms, mfu 0.93%
iter 4050: loss 0.9105, time 1771.20ms, mfu 0.94%
iter 4060: loss 0.9184, time 1775.78ms, mfu 0.94%
iter 4070: loss 1.3452, time 1766.23ms, mfu 0.95%
iter 4080: loss 1.2822, time 1774.21ms, mfu 0.95%
iter 4090: loss 0.8786, time 1763.87ms, mfu 0.96%
iter 4100: loss 0.9499, time 1769.03ms, mfu 0.96%
  === DIAG iter 4100 ===
  loss: 0.9499
  grads (pre): total 1.0495, lora 1.0493, adapter 0.0227
  grads (post): total 1.0000, lora 0.9998, adapter 0.0216
  <NUM> tokens: 18/2048 (0.9%)
  lr: base 2.61e-04, lora 2.61e-04, adapter 7.83e-05
  num inject: base_norm 0.5602, delta_raw_norm 181.8236, delta_eff_norm 0.5602, scale 0.0575
  token accuracy: 0.763 (1560/2044)
iter 4110: loss 1.0335, time 1792.65ms, mfu 0.96%
iter 4120: loss 0.8810, time 1781.42ms, mfu 0.96%
iter 4130: loss 1.1537, time 1779.20ms, mfu 0.96%
iter 4140: loss 1.0515, time 1775.78ms, mfu 0.97%
iter 4150: loss 0.8881, time 1781.67ms, mfu 0.97%
iter 4160: loss 1.2349, time 1771.56ms, mfu 0.97%
iter 4170: loss 0.9148, time 1836.49ms, mfu 0.97%
iter 4180: loss 0.8909, time 1839.79ms, mfu 0.97%
iter 4190: loss 0.9311, time 1841.67ms, mfu 0.97%
iter 4200: loss 1.1563, time 1843.23ms, mfu 0.96%
  === DIAG iter 4200 ===
  loss: 1.1563
  grads (pre): total 1.0004, lora 0.9999, adapter 0.0296
  grads (post): total 1.0000, lora 0.9996, adapter 0.0296
  <NUM> tokens: 33/2048 (1.6%)
  lr: base 2.59e-04, lora 2.59e-04, adapter 7.77e-05
  num inject: base_norm 0.5602, delta_raw_norm 60.4871, delta_eff_norm 0.5602, scale 0.0592
  token accuracy: 0.725 (1481/2044)
iter 4210: loss 1.1447, time 1826.68ms, mfu 0.96%
iter 4220: loss 1.1101, time 1836.15ms, mfu 0.96%
iter 4230: loss 1.2294, time 1804.46ms, mfu 0.96%
iter 4240: loss 1.1611, time 1813.81ms, mfu 0.96%
iter 4250: loss 1.1062, time 1772.15ms, mfu 0.97%
iter 4260: loss 0.9999, time 1767.36ms, mfu 0.97%
iter 4270: loss 0.9546, time 1766.52ms, mfu 0.97%
iter 4280: loss 1.1041, time 1772.65ms, mfu 0.97%
iter 4290: loss 0.9554, time 1778.81ms, mfu 0.97%
iter 4300: loss 1.1031, time 1816.05ms, mfu 0.97%
  === DIAG iter 4300 ===
  loss: 1.1031
  grads (pre): total 0.9584, lora 0.9581, adapter 0.0245
  grads (post): total 0.9584, lora 0.9581, adapter 0.0245
  <NUM> tokens: 12/2048 (0.6%)
  lr: base 2.57e-04, lora 2.57e-04, adapter 7.70e-05
  num inject: base_norm 0.5602, delta_raw_norm 18.0003, delta_eff_norm 0.5602, scale 0.0621
  token accuracy: 0.733 (1499/2045)
iter 4310: loss 0.9599, time 1814.64ms, mfu 0.97%
iter 4320: loss 1.1795, time 1807.49ms, mfu 0.97%
iter 4330: loss 1.1202, time 1808.33ms, mfu 0.97%
iter 4340: loss 1.3059, time 1807.11ms, mfu 0.97%
iter 4350: loss 1.0936, time 1701.81ms, mfu 0.98%
iter 4360: loss 1.0364, time 1675.45ms, mfu 0.98%
iter 4370: loss 0.9689, time 1686.57ms, mfu 0.99%
iter 4380: loss 1.0700, time 1700.59ms, mfu 0.99%
iter 4390: loss 1.1472, time 1683.25ms, mfu 1.00%
iter 4400: loss 1.0404, time 1710.23ms, mfu 1.00%
  === DIAG iter 4400 ===
  loss: 1.0404
  grads (pre): total 0.9816, lora 0.9813, adapter 0.0258
  grads (post): total 0.9816, lora 0.9813, adapter 0.0258
  <NUM> tokens: 25/2048 (1.2%)
  lr: base 2.55e-04, lora 2.55e-04, adapter 7.64e-05
  num inject: base_norm 0.5602, delta_raw_norm 11.7862, delta_eff_norm 0.5602, scale 0.0770
  token accuracy: 0.740 (1513/2045)
iter 4410: loss 1.1121, time 1709.01ms, mfu 1.00%
iter 4420: loss 0.9635, time 1703.72ms, mfu 1.00%
iter 4430: loss 1.1333, time 1705.46ms, mfu 1.01%
iter 4440: loss 1.1224, time 1705.39ms, mfu 1.01%
iter 4450: loss 1.0228, time 1700.07ms, mfu 1.01%
iter 4460: loss 0.9705, time 1726.79ms, mfu 1.01%
iter 4470: loss 1.1073, time 1743.32ms, mfu 1.01%
iter 4480: loss 1.0527, time 1797.91ms, mfu 1.01%
iter 4490: loss 0.9898, time 1664.95ms, mfu 1.01%
iter 4500: loss 1.0532, time 1687.81ms, mfu 1.01%
  === DIAG iter 4500 ===
  loss: 1.0532
  grads (pre): total 0.8793, lora 0.8787, adapter 0.0315
  grads (post): total 0.8793, lora 0.8787, adapter 0.0315
  <NUM> tokens: 17/2048 (0.8%)
  lr: base 2.52e-04, lora 2.52e-04, adapter 7.57e-05
  num inject: base_norm 0.5602, delta_raw_norm 18.9244, delta_eff_norm 0.5602, scale 0.0797
  token accuracy: 0.751 (1535/2044)
iter 4510: loss 1.3043, time 1675.60ms, mfu 1.02%
iter 4520: loss 0.8690, time 1675.38ms, mfu 1.02%
iter 4530: loss 1.3022, time 1656.24ms, mfu 1.02%
iter 4540: loss 1.7519, time 1722.08ms, mfu 1.02%
iter 4550: loss 1.0600, time 1708.67ms, mfu 1.02%
iter 4560: loss 1.1842, time 1656.17ms, mfu 1.03%
iter 4570: loss 1.1188, time 1684.79ms, mfu 1.03%
iter 4580: loss 1.2421, time 1713.93ms, mfu 1.03%
iter 4590: loss 0.9427, time 1704.53ms, mfu 1.03%
iter 4600: loss 1.0704, time 1675.06ms, mfu 1.03%
  === DIAG iter 4600 ===
  loss: 1.0704
  grads (pre): total 0.9172, lora 0.9170, adapter 0.0196
  grads (post): total 0.9172, lora 0.9170, adapter 0.0196
  <NUM> tokens: 21/2048 (1.0%)
  lr: base 2.50e-04, lora 2.50e-04, adapter 7.50e-05
  num inject: base_norm 0.5602, delta_raw_norm 12.9379, delta_eff_norm 0.5602, scale 0.0681
  token accuracy: 0.745 (1522/2044)
iter 4610: loss 1.0127, time 1697.93ms, mfu 1.03%
iter 4620: loss 1.0414, time 1690.61ms, mfu 1.03%
iter 4630: loss 1.2134, time 1671.36ms, mfu 1.03%
iter 4640: loss 1.2748, time 1685.96ms, mfu 1.03%
iter 4650: loss 0.8484, time 1661.06ms, mfu 1.03%
iter 4660: loss 0.7841, time 1728.12ms, mfu 1.03%
iter 4670: loss 1.2789, time 1756.33ms, mfu 1.03%
iter 4680: loss 1.0887, time 1700.94ms, mfu 1.03%
iter 4690: loss 1.3431, time 1701.52ms, mfu 1.03%
iter 4700: loss 1.2236, time 1713.83ms, mfu 1.03%
  === DIAG iter 4700 ===
  loss: 1.2236
  grads (pre): total 0.9188, lora 0.9184, adapter 0.0261
  grads (post): total 0.9188, lora 0.9184, adapter 0.0261
  <NUM> tokens: 18/2048 (0.9%)
  lr: base 2.48e-04, lora 2.48e-04, adapter 7.44e-05
  num inject: base_norm 0.5602, delta_raw_norm 41.1229, delta_eff_norm 0.5602, scale 0.0560
  token accuracy: 0.713 (1457/2044)
iter 4710: loss 1.0740, time 1703.77ms, mfu 1.03%
iter 4720: loss 0.8574, time 1700.30ms, mfu 1.03%
iter 4730: loss 1.1093, time 1713.89ms, mfu 1.03%
iter 4740: loss 1.0978, time 1707.34ms, mfu 1.03%
iter 4750: loss 1.3180, time 1703.27ms, mfu 1.03%
iter 4760: loss 1.1109, time 1706.51ms, mfu 1.03%
iter 4770: loss 1.2120, time 1712.30ms, mfu 1.03%
iter 4780: loss 1.1590, time 1705.23ms, mfu 1.03%
iter 4790: loss 0.9220, time 1698.90ms, mfu 1.03%
iter 4800: loss 1.0140, time 1690.23ms, mfu 1.03%
  === DIAG iter 4800 ===
  loss: 1.0140
  grads (pre): total 0.9370, lora 0.9364, adapter 0.0327
  grads (post): total 0.9370, lora 0.9364, adapter 0.0327
  <NUM> tokens: 15/2048 (0.7%)
  lr: base 2.46e-04, lora 2.46e-04, adapter 7.37e-05
  num inject: base_norm 0.5602, delta_raw_norm 221.8737, delta_eff_norm 0.5602, scale 0.0402
  token accuracy: 0.773 (1580/2044)
iter 4810: loss 0.9656, time 1687.09ms, mfu 1.03%
iter 4820: loss 0.9848, time 1683.71ms, mfu 1.03%
iter 4830: loss 1.0520, time 1685.25ms, mfu 1.03%
iter 4840: loss 1.0426, time 1691.54ms, mfu 1.03%
iter 4850: loss 1.0325, time 1731.19ms, mfu 1.03%
iter 4860: loss 1.0534, time 1824.66ms, mfu 1.02%
iter 4870: loss 1.1767, time 1813.04ms, mfu 1.02%
iter 4880: loss 1.0880, time 1813.74ms, mfu 1.01%
iter 4890: loss 1.1340, time 1878.32ms, mfu 1.00%
iter 4900: loss 0.8899, time 1809.13ms, mfu 1.00%
  === DIAG iter 4900 ===
  loss: 0.8899
  grads (pre): total 0.8505, lora 0.8501, adapter 0.0252
  grads (post): total 0.8505, lora 0.8501, adapter 0.0252
  <NUM> tokens: 23/2048 (1.1%)
  lr: base 2.43e-04, lora 2.43e-04, adapter 7.29e-05
  num inject: base_norm 0.5602, delta_raw_norm 29.3123, delta_eff_norm 0.5602, scale 0.0487
  token accuracy: 0.794 (1623/2045)
iter 4910: loss 1.2122, time 1788.80ms, mfu 1.00%
iter 4920: loss 1.0393, time 1844.44ms, mfu 0.99%
iter 4930: loss 0.9452, time 1855.29ms, mfu 0.99%
iter 4940: loss 0.9205, time 1859.94ms, mfu 0.98%
iter 4950: loss 1.1621, time 1888.49ms, mfu 0.98%
iter 4960: loss 1.0979, time 1879.22ms, mfu 0.97%
iter 4970: loss 1.0680, time 1818.25ms, mfu 0.97%
iter 4980: loss 0.9867, time 1827.83ms, mfu 0.97%
iter 4990: loss 1.0080, time 1823.11ms, mfu 0.97%
iter 5000: loss 1.0576, time 1839.25ms, mfu 0.97%
  === DIAG iter 5000 ===
  loss: 1.0576
  grads (pre): total 0.8503, lora 0.8498, adapter 0.0308
  grads (post): total 0.8503, lora 0.8498, adapter 0.0308
  <NUM> tokens: 12/2048 (0.6%)
  lr: base 2.41e-04, lora 2.41e-04, adapter 7.22e-05
  num inject: base_norm 0.5602, delta_raw_norm 31.8512, delta_eff_norm 0.5602, scale 0.0583
  token accuracy: 0.750 (1533/2045)
  --- Sample eval (val) ---
iter 5010: loss 1.0648, time 1812.86ms, mfu 0.97%
iter 5020: loss 1.3670, time 1798.43ms, mfu 0.97%
iter 5030: loss 0.8870, time 1819.67ms, mfu 0.97%
iter 5040: loss 1.1223, time 1815.71ms, mfu 0.97%
iter 5050: loss 1.0032, time 1829.03ms, mfu 0.97%
iter 5060: loss 1.0383, time 1815.25ms, mfu 0.97%
iter 5070: loss 0.9984, time 1870.55ms, mfu 0.96%
iter 5080: loss 1.1175, time 1864.24ms, mfu 0.96%
iter 5090: loss 1.1171, time 1856.00ms, mfu 0.96%
iter 5100: loss 0.9407, time 1869.60ms, mfu 0.96%
  === DIAG iter 5100 ===
  loss: 0.9407
  grads (pre): total 0.9027, lora 0.9021, adapter 0.0342
  grads (post): total 0.9027, lora 0.9021, adapter 0.0342
  <NUM> tokens: 23/2048 (1.1%)
  lr: base 2.38e-04, lora 2.38e-04, adapter 7.15e-05
  num inject: base_norm 0.5602, delta_raw_norm 42.9048, delta_eff_norm 0.5602, scale 0.0534
  token accuracy: 0.770 (1575/2045)
iter 5110: loss 1.0593, time 1809.77ms, mfu 0.96%
iter 5120: loss 1.0797, time 1817.80ms, mfu 0.96%
iter 5130: loss 1.0524, time 1821.79ms, mfu 0.96%
iter 5140: loss 0.9892, time 1802.54ms, mfu 0.96%
iter 5150: loss 0.8937, time 1805.86ms, mfu 0.96%
iter 5160: loss 1.0261, time 1854.73ms, mfu 0.96%
iter 5170: loss 1.1088, time 1850.12ms, mfu 0.96%
iter 5180: loss 0.9778, time 1829.67ms, mfu 0.96%
iter 5190: loss 1.1908, time 1815.17ms, mfu 0.96%
iter 5200: loss 1.0134, time 1823.72ms, mfu 0.96%
  === DIAG iter 5200 ===
  loss: 1.0134
  grads (pre): total 0.8551, lora 0.8547, adapter 0.0255
  grads (post): total 0.8551, lora 0.8547, adapter 0.0255
  <NUM> tokens: 15/2048 (0.7%)
  lr: base 2.36e-04, lora 2.36e-04, adapter 7.08e-05
  num inject: base_norm 0.5602, delta_raw_norm 7.8790, delta_eff_norm 0.5602, scale 0.0935
  token accuracy: 0.765 (1563/2044)
iter 5210: loss 1.0717, time 1867.16ms, mfu 0.96%
iter 5220: loss 1.0803, time 1807.08ms, mfu 0.96%
iter 5230: loss 1.0947, time 1734.49ms, mfu 0.96%
iter 5240: loss 1.1805, time 1731.65ms, mfu 0.97%
iter 5250: loss 0.9932, time 1722.48ms, mfu 0.97%
iter 5260: loss 1.4877, time 1722.06ms, mfu 0.98%
iter 5270: loss 1.0120, time 1720.33ms, mfu 0.98%
iter 5280: loss 1.1219, time 1721.27ms, mfu 0.98%
iter 5290: loss 1.1041, time 1719.84ms, mfu 0.99%
iter 5300: loss 0.9113, time 1735.17ms, mfu 0.99%
  === DIAG iter 5300 ===
  loss: 0.9113
  grads (pre): total 0.9091, lora 0.9087, adapter 0.0261
  grads (post): total 0.9091, lora 0.9087, adapter 0.0261
  <NUM> tokens: 25/2048 (1.2%)
  lr: base 2.33e-04, lora 2.33e-04, adapter 7.00e-05
  num inject: base_norm 0.5602, delta_raw_norm 312.0007, delta_eff_norm 0.5602, scale 0.0485
  token accuracy: 0.773 (1580/2045)
iter 5310: loss 0.9272, time 1715.25ms, mfu 0.99%
iter 5320: loss 0.8407, time 1717.98ms, mfu 1.00%
iter 5330: loss 1.1203, time 1769.36ms, mfu 0.99%
iter 5340: loss 1.0240, time 1773.76ms, mfu 0.99%
iter 5350: loss 1.0794, time 1777.37ms, mfu 0.99%
iter 5360: loss 1.0181, time 1782.39ms, mfu 0.99%
iter 5370: loss 0.9334, time 1788.44ms, mfu 0.99%
iter 5380: loss 1.2874, time 1789.32ms, mfu 0.99%
iter 5390: loss 1.1798, time 1795.04ms, mfu 0.99%
iter 5400: loss 0.9957, time 1829.99ms, mfu 0.98%
  === DIAG iter 5400 ===
  loss: 0.9957
  grads (pre): total 0.8467, lora 0.8455, adapter 0.0451
  grads (post): total 0.8467, lora 0.8455, adapter 0.0451
  <NUM> tokens: 14/2048 (0.7%)
  lr: base 2.31e-04, lora 2.31e-04, adapter 6.92e-05
  num inject: base_norm 0.5602, delta_raw_norm 12.7047, delta_eff_norm 0.5602, scale 0.0730
  token accuracy: 0.754 (1542/2044)
iter 5410: loss 1.1782, time 1812.20ms, mfu 0.98%
iter 5420: loss 0.8543, time 1811.92ms, mfu 0.98%
iter 5430: loss 0.9766, time 1811.82ms, mfu 0.98%
iter 5440: loss 1.2619, time 1803.67ms, mfu 0.98%
iter 5450: loss 1.0152, time 1776.93ms, mfu 0.98%
iter 5460: loss 1.0595, time 1773.01ms, mfu 0.98%
iter 5470: loss 0.9608, time 1779.36ms, mfu 0.98%
iter 5480: loss 0.9284, time 1783.08ms, mfu 0.98%
iter 5490: loss 1.1298, time 1815.62ms, mfu 0.98%
iter 5500: loss 0.9112, time 1823.88ms, mfu 0.98%
  === DIAG iter 5500 ===
  loss: 0.9112
  grads (pre): total 0.8294, lora 0.8290, adapter 0.0259
  grads (post): total 0.8294, lora 0.8290, adapter 0.0259
  <NUM> tokens: 23/2048 (1.1%)
  lr: base 2.28e-04, lora 2.28e-04, adapter 6.85e-05
  num inject: base_norm 0.5602, delta_raw_norm 19.5434, delta_eff_norm 0.5602, scale 0.0526
  token accuracy: 0.777 (1589/2044)
iter 5510: loss 1.0909, time 1841.94ms, mfu 0.97%
iter 5520: loss 1.0172, time 1835.74ms, mfu 0.97%
iter 5530: loss 1.1263, time 1813.87ms, mfu 0.97%
iter 5540: loss 1.0667, time 1824.43ms, mfu 0.97%
iter 5550: loss 0.8937, time 1876.84ms, mfu 0.97%
iter 5560: loss 1.0845, time 1831.81ms, mfu 0.97%
iter 5570: loss 1.0241, time 1822.63ms, mfu 0.96%
iter 5580: loss 0.9826, time 1865.11ms, mfu 0.96%
iter 5590: loss 1.3662, time 1853.92ms, mfu 0.96%
iter 5600: loss 1.1564, time 1863.30ms, mfu 0.96%
  === DIAG iter 5600 ===
  loss: 1.1564
  grads (pre): total 0.8801, lora 0.8797, adapter 0.0268
  grads (post): total 0.8801, lora 0.8797, adapter 0.0268
  <NUM> tokens: 20/2048 (1.0%)
  lr: base 2.26e-04, lora 2.26e-04, adapter 6.77e-05
  num inject: base_norm 0.5602, delta_raw_norm 216.2780, delta_eff_norm 0.5602, scale 0.0781
  token accuracy: 0.733 (1497/2042)
iter 5610: loss 1.3964, time 1861.46ms, mfu 0.96%
iter 5620: loss 0.9878, time 1845.80ms, mfu 0.96%
iter 5630: loss 0.9365, time 1824.71ms, mfu 0.96%
iter 5640: loss 1.2664, time 1888.07ms, mfu 0.95%
iter 5650: loss 0.9107, time 1846.55ms, mfu 0.95%
iter 5660: loss 1.0343, time 1824.29ms, mfu 0.95%
iter 5670: loss 0.9934, time 1823.39ms, mfu 0.95%
iter 5680: loss 1.0210, time 1821.45ms, mfu 0.95%
iter 5690: loss 1.0555, time 1820.74ms, mfu 0.96%
iter 5700: loss 0.8951, time 1828.29ms, mfu 0.96%
  === DIAG iter 5700 ===
  loss: 0.8951
  grads (pre): total 0.8491, lora 0.8486, adapter 0.0296
  grads (post): total 0.8491, lora 0.8486, adapter 0.0296
  <NUM> tokens: 16/2048 (0.8%)
  lr: base 2.23e-04, lora 2.23e-04, adapter 6.69e-05
  num inject: base_norm 0.5602, delta_raw_norm 9.4520, delta_eff_norm 0.5602, scale 0.0846
  token accuracy: 0.780 (1595/2044)
iter 5710: loss 1.1125, time 1809.25ms, mfu 0.96%
iter 5720: loss 1.2394, time 1814.26ms, mfu 0.96%
iter 5730: loss 1.2655, time 1804.51ms, mfu 0.96%
iter 5740: loss 1.1710, time 1884.57ms, mfu 0.96%
iter 5750: loss 0.7168, time 1820.82ms, mfu 0.96%
iter 5760: loss 1.0626, time 1817.73ms, mfu 0.96%
iter 5770: loss 1.1608, time 1817.75ms, mfu 0.96%
iter 5780: loss 0.8687, time 1883.28ms, mfu 0.95%
iter 5790: loss 1.1471, time 1821.00ms, mfu 0.96%
iter 5800: loss 0.9447, time 1832.54ms, mfu 0.96%
  === DIAG iter 5800 ===
  loss: 0.9447
  grads (pre): total 0.8058, lora 0.8051, adapter 0.0329
  grads (post): total 0.8058, lora 0.8051, adapter 0.0329
  <NUM> tokens: 21/2048 (1.0%)
  lr: base 2.20e-04, lora 2.20e-04, adapter 6.61e-05
  num inject: base_norm 0.5602, delta_raw_norm 10.4145, delta_eff_norm 0.5602, scale 0.0858
  token accuracy: 0.768 (1567/2041)
iter 5810: loss 0.9841, time 1828.85ms, mfu 0.96%
iter 5820: loss 1.0060, time 1825.51ms, mfu 0.96%
iter 5830: loss 1.2743, time 1835.21ms, mfu 0.96%
iter 5840: loss 1.3463, time 1827.28ms, mfu 0.96%
iter 5850: loss 1.1690, time 1805.49ms, mfu 0.96%
iter 5860: loss 1.0810, time 1824.53ms, mfu 0.96%
iter 5870: loss 0.9953, time 1821.88ms, mfu 0.96%
iter 5880: loss 0.9921, time 1819.91ms, mfu 0.96%
iter 5890: loss 0.8632, time 1814.44ms, mfu 0.96%
iter 5900: loss 0.8128, time 1845.59ms, mfu 0.96%
  === DIAG iter 5900 ===
  loss: 0.8128
  grads (pre): total 0.8020, lora 0.8016, adapter 0.0252
  grads (post): total 0.8020, lora 0.8016, adapter 0.0252
  <NUM> tokens: 15/2048 (0.7%)
  lr: base 2.18e-04, lora 2.18e-04, adapter 6.53e-05
  num inject: base_norm 0.5602, delta_raw_norm 12.1607, delta_eff_norm 0.5602, scale 0.0709
  token accuracy: 0.801 (1638/2046)
iter 5910: loss 0.9688, time 1824.33ms, mfu 0.96%
iter 5920: loss 0.9585, time 1817.88ms, mfu 0.96%
iter 5930: loss 0.8556, time 1817.20ms, mfu 0.96%
iter 5940: loss 1.1243, time 1808.74ms, mfu 0.96%
iter 5950: loss 1.1065, time 1855.73ms, mfu 0.96%
iter 5960: loss 1.1834, time 1868.80ms, mfu 0.96%
iter 5970: loss 1.2292, time 1842.15ms, mfu 0.96%
iter 5980: loss 0.8770, time 1817.94ms, mfu 0.96%
iter 5990: loss 1.0255, time 1820.16ms, mfu 0.96%
step 6000: train loss 1.0390, val loss 1.0366
  saved checkpoint to /tmpdir/m24047brmn/numbers/model_checkpoints/tulu_adapted_lora/ckpt_iter6000.pt
  new best val loss: 1.0837
iter 6000: loss 1.1012, time 17890.16ms, mfu 0.87%
  === DIAG iter 6000 ===
  loss: 1.1012
  grads (pre): total 0.8190, lora 0.8187, adapter 0.0237
  grads (post): total 0.8190, lora 0.8187, adapter 0.0237
  <NUM> tokens: 19/2048 (0.9%)
  lr: base 2.15e-04, lora 2.15e-04, adapter 6.45e-05
  num inject: base_norm 0.5602, delta_raw_norm 82.3803, delta_eff_norm 0.5602, scale 0.0681
  token accuracy: 0.755 (1543/2044)
  --- Sample eval (val) ---
iter 6010: loss 1.1514, time 1837.09ms, mfu 0.88%
iter 6020: loss 1.2519, time 1892.00ms, mfu 0.88%
iter 6030: loss 1.0055, time 1852.31ms, mfu 0.89%
iter 6040: loss 1.0561, time 1819.73ms, mfu 0.90%
iter 6050: loss 1.0798, time 1838.35ms, mfu 0.90%
iter 6060: loss 0.9278, time 1841.33ms, mfu 0.91%
iter 6070: loss 1.0857, time 1819.53ms, mfu 0.91%
iter 6080: loss 0.9557, time 1821.24ms, mfu 0.92%
iter 6090: loss 1.1006, time 1873.95ms, mfu 0.92%
iter 6100: loss 0.9444, time 1879.22ms, mfu 0.92%
  === DIAG iter 6100 ===
  loss: 0.9444
  grads (pre): total 0.9075, lora 0.9071, adapter 0.0299
  grads (post): total 0.9075, lora 0.9071, adapter 0.0299
  <NUM> tokens: 15/2048 (0.7%)
  lr: base 2.12e-04, lora 2.12e-04, adapter 6.37e-05
  num inject: base_norm 0.5602, delta_raw_norm 9.2671, delta_eff_norm 0.5602, scale 0.0898
  token accuracy: 0.763 (1560/2044)
iter 6110: loss 0.9403, time 1867.44ms, mfu 0.92%
iter 6120: loss 1.1649, time 1868.03ms, mfu 0.92%
iter 6130: loss 1.2089, time 1834.64ms, mfu 0.93%
iter 6140: loss 0.9126, time 1830.61ms, mfu 0.93%
iter 6150: loss 1.0936, time 1836.75ms, mfu 0.93%
iter 6160: loss 0.9876, time 1829.78ms, mfu 0.93%
iter 6170: loss 1.0263, time 1820.60ms, mfu 0.94%
iter 6180: loss 0.9363, time 1843.00ms, mfu 0.94%
iter 6190: loss 1.0889, time 1816.10ms, mfu 0.94%
iter 6200: loss 1.0916, time 1842.92ms, mfu 0.94%
  === DIAG iter 6200 ===
  loss: 1.0916
  grads (pre): total 0.7923, lora 0.7918, adapter 0.0286
  grads (post): total 0.7923, lora 0.7918, adapter 0.0286
  <NUM> tokens: 27/2048 (1.3%)
  lr: base 2.09e-04, lora 2.09e-04, adapter 6.28e-05
  num inject: base_norm 0.5602, delta_raw_norm 570.7473, delta_eff_norm 0.5602, scale 0.0424
  token accuracy: 0.744 (1520/2044)
iter 6210: loss 1.2118, time 1827.62ms, mfu 0.94%
iter 6220: loss 0.9624, time 1824.29ms, mfu 0.94%
iter 6230: loss 1.2704, time 1829.02ms, mfu 0.95%
iter 6240: loss 1.0895, time 1827.47ms, mfu 0.95%
iter 6250: loss 1.0098, time 1832.37ms, mfu 0.95%
iter 6260: loss 1.1682, time 1835.83ms, mfu 0.95%
iter 6270: loss 0.9239, time 1884.44ms, mfu 0.95%
iter 6280: loss 1.1129, time 1868.81ms, mfu 0.95%
iter 6290: loss 1.0178, time 1839.21ms, mfu 0.95%
iter 6300: loss 0.9069, time 1897.71ms, mfu 0.94%
  === DIAG iter 6300 ===
  loss: 0.9069
  grads (pre): total 0.8064, lora 0.8061, adapter 0.0238
  grads (post): total 0.8064, lora 0.8061, adapter 0.0238
  <NUM> tokens: 13/2048 (0.6%)
  lr: base 2.07e-04, lora 2.07e-04, adapter 6.20e-05
  num inject: base_norm 0.5602, delta_raw_norm 13.7768, delta_eff_norm 0.5602, scale 0.0671
  token accuracy: 0.778 (1590/2045)
iter 6310: loss 0.9332, time 1860.21ms, mfu 0.94%
iter 6320: loss 0.9924, time 1864.01ms, mfu 0.94%
iter 6330: loss 0.9633, time 1844.84ms, mfu 0.94%
iter 6340: loss 0.8519, time 1883.02ms, mfu 0.94%
iter 6350: loss 1.0726, time 1851.88ms, mfu 0.94%
iter 6360: loss 1.2036, time 1859.76ms, mfu 0.94%
iter 6370: loss 0.8303, time 1857.94ms, mfu 0.94%
iter 6380: loss 0.9781, time 1847.93ms, mfu 0.94%
iter 6390: loss 0.8493, time 1880.80ms, mfu 0.94%
iter 6400: loss 0.9074, time 1883.50ms, mfu 0.94%
  === DIAG iter 6400 ===
  loss: 0.9074
  grads (pre): total 0.8770, lora 0.8767, adapter 0.0245
  grads (post): total 0.8770, lora 0.8767, adapter 0.0245
  <NUM> tokens: 22/2048 (1.1%)
  lr: base 2.04e-04, lora 2.04e-04, adapter 6.12e-05
  num inject: base_norm 0.5602, delta_raw_norm 11.3857, delta_eff_norm 0.5602, scale 0.0712
  token accuracy: 0.780 (1595/2044)
iter 6410: loss 0.8591, time 1857.50ms, mfu 0.94%
iter 6420: loss 0.9420, time 1861.30ms, mfu 0.94%
iter 6430: loss 1.0669, time 1929.56ms, mfu 0.94%
iter 6440: loss 1.1584, time 1888.63ms, mfu 0.94%
iter 6450: loss 1.1804, time 1878.82ms, mfu 0.94%
iter 6460: loss 1.1473, time 1878.86ms, mfu 0.94%
iter 6470: loss 0.7629, time 1843.36ms, mfu 0.94%
iter 6480: loss 1.1209, time 1884.31ms, mfu 0.94%
iter 6490: loss 1.1121, time 1848.41ms, mfu 0.94%
iter 6500: loss 1.1105, time 1864.32ms, mfu 0.94%
  === DIAG iter 6500 ===
  loss: 1.1105
  grads (pre): total 0.8604, lora 0.8599, adapter 0.0280
  grads (post): total 0.8604, lora 0.8599, adapter 0.0280
  <NUM> tokens: 15/2048 (0.7%)
  lr: base 2.01e-04, lora 2.01e-04, adapter 6.03e-05
  num inject: base_norm 0.5602, delta_raw_norm 15.9499, delta_eff_norm 0.5602, scale 0.0712
  token accuracy: 0.737 (1506/2044)
iter 6510: loss 1.1390, time 1841.09ms, mfu 0.94%
iter 6520: loss 1.0022, time 1829.61ms, mfu 0.94%
iter 6530: loss 1.0942, time 1829.57ms, mfu 0.94%
iter 6540: loss 0.8886, time 1836.57ms, mfu 0.94%
iter 6550: loss 1.0986, time 1847.39ms, mfu 0.94%
iter 6560: loss 0.9219, time 1852.24ms, mfu 0.94%
iter 6570: loss 0.7297, time 1841.94ms, mfu 0.94%
iter 6580: loss 1.0412, time 1845.46ms, mfu 0.94%
iter 6590: loss 1.4093, time 1825.50ms, mfu 0.95%
iter 6600: loss 1.1137, time 1851.40ms, mfu 0.95%
  === DIAG iter 6600 ===
  loss: 1.1137
  grads (pre): total 0.7822, lora 0.7819, adapter 0.0222
  grads (post): total 0.7822, lora 0.7819, adapter 0.0222
  <NUM> tokens: 15/2048 (0.7%)
  lr: base 1.98e-04, lora 1.98e-04, adapter 5.95e-05
  num inject: base_norm 0.5602, delta_raw_norm 32.7284, delta_eff_norm 0.5602, scale 0.0755
  token accuracy: 0.723 (1478/2044)
iter 6610: loss 0.9319, time 1834.90ms, mfu 0.95%
iter 6620: loss 1.0756, time 1832.78ms, mfu 0.95%
iter 6630: loss 1.0712, time 1826.49ms, mfu 0.95%
iter 6640: loss 1.0221, time 1826.40ms, mfu 0.95%
iter 6650: loss 1.0621, time 1823.98ms, mfu 0.95%
iter 6660: loss 0.9282, time 1818.42ms, mfu 0.95%
iter 6670: loss 1.2500, time 1821.39ms, mfu 0.95%
iter 6680: loss 0.9105, time 1899.13ms, mfu 0.95%
iter 6690: loss 0.9773, time 1827.55ms, mfu 0.95%
iter 6700: loss 1.0309, time 1829.00ms, mfu 0.95%
  === DIAG iter 6700 ===
  loss: 1.0309
  grads (pre): total 0.9210, lora 0.9207, adapter 0.0238
  grads (post): total 0.9210, lora 0.9207, adapter 0.0238
  <NUM> tokens: 24/2048 (1.2%)
  lr: base 1.95e-04, lora 1.95e-04, adapter 5.86e-05
  num inject: base_norm 0.5602, delta_raw_norm 11.6710, delta_eff_norm 0.5602, scale 0.0776
  token accuracy: 0.761 (1556/2044)
iter 6710: loss 0.9860, time 1812.87ms, mfu 0.95%
iter 6720: loss 0.8008, time 1861.02ms, mfu 0.95%
iter 6730: loss 0.9175, time 1819.66ms, mfu 0.95%
iter 6740: loss 0.9699, time 1875.53ms, mfu 0.95%
iter 6750: loss 1.2565, time 1817.89ms, mfu 0.95%
iter 6760: loss 1.1088, time 1875.11ms, mfu 0.95%
iter 6770: loss 1.0138, time 1867.87ms, mfu 0.95%
iter 6780: loss 0.9757, time 1845.89ms, mfu 0.95%
iter 6790: loss 1.1281, time 1843.93ms, mfu 0.95%
iter 6800: loss 0.8418, time 1862.41ms, mfu 0.95%
  === DIAG iter 6800 ===
  loss: 0.8418
  grads (pre): total 0.8080, lora 0.8071, adapter 0.0382
  grads (post): total 0.8080, lora 0.8071, adapter 0.0382
  <NUM> tokens: 20/2048 (1.0%)
  lr: base 1.93e-04, lora 1.93e-04, adapter 5.78e-05
  num inject: base_norm 0.5602, delta_raw_norm 8.1609, delta_eff_norm 0.5602, scale 0.0947
  token accuracy: 0.805 (1646/2044)
iter 6810: loss 0.9165, time 1814.69ms, mfu 0.95%
iter 6820: loss 0.8673, time 1826.31ms, mfu 0.95%
iter 6830: loss 0.9716, time 1834.46ms, mfu 0.95%
iter 6840: loss 1.1091, time 1899.27ms, mfu 0.95%
iter 6850: loss 1.0932, time 1845.73ms, mfu 0.95%
iter 6860: loss 1.2304, time 1844.38ms, mfu 0.95%
iter 6870: loss 0.7877, time 1840.60ms, mfu 0.95%
iter 6880: loss 1.2098, time 1833.53ms, mfu 0.95%
iter 6890: loss 1.0245, time 1851.73ms, mfu 0.95%
iter 6900: loss 1.0049, time 1836.31ms, mfu 0.95%
  === DIAG iter 6900 ===
  loss: 1.0049
  grads (pre): total 0.8493, lora 0.8487, adapter 0.0311
  grads (post): total 0.8493, lora 0.8487, adapter 0.0311
  <NUM> tokens: 19/2048 (0.9%)
  lr: base 1.90e-04, lora 1.90e-04, adapter 5.69e-05
  num inject: base_norm 0.5602, delta_raw_norm 8.7138, delta_eff_norm 0.5602, scale 0.0959
  token accuracy: 0.750 (1533/2044)
iter 6910: loss 0.9321, time 1825.60ms, mfu 0.95%
iter 6920: loss 1.0384, time 1819.85ms, mfu 0.95%
iter 6930: loss 1.0414, time 1820.51ms, mfu 0.95%
iter 6940: loss 1.1447, time 1833.86ms, mfu 0.95%
iter 6950: loss 0.9007, time 1824.69ms, mfu 0.95%
iter 6960: loss 1.1638, time 1874.15ms, mfu 0.95%
iter 6970: loss 1.0304, time 1832.69ms, mfu 0.95%
iter 6980: loss 0.9033, time 1816.90ms, mfu 0.95%
iter 6990: loss 0.9736, time 1890.79ms, mfu 0.95%
iter 7000: loss 0.9982, time 1844.67ms, mfu 0.95%
  === DIAG iter 7000 ===
  loss: 0.9982
  grads (pre): total 0.8124, lora 0.8117, adapter 0.0342
  grads (post): total 0.8124, lora 0.8117, adapter 0.0342
  <NUM> tokens: 13/2048 (0.6%)
  lr: base 1.87e-04, lora 1.87e-04, adapter 5.61e-05
  num inject: base_norm 0.5602, delta_raw_norm 15.5577, delta_eff_norm 0.5602, scale 0.0535
  token accuracy: 0.768 (1569/2044)
  --- Sample eval (val) ---
iter 7010: loss 0.9400, time 1839.85ms, mfu 0.95%
iter 7020: loss 0.9225, time 1824.53ms, mfu 0.95%
iter 7030: loss 1.2043, time 1826.28ms, mfu 0.95%
iter 7040: loss 1.0067, time 1845.75ms, mfu 0.95%
iter 7050: loss 0.9545, time 1827.29ms, mfu 0.95%
iter 7060: loss 1.1537, time 1889.97ms, mfu 0.95%
iter 7070: loss 1.0351, time 1880.71ms, mfu 0.95%
iter 7080: loss 1.2296, time 1867.84ms, mfu 0.95%
iter 7090: loss 1.0593, time 1838.83ms, mfu 0.95%
iter 7100: loss 1.0646, time 1859.28ms, mfu 0.95%
  === DIAG iter 7100 ===
  loss: 1.0646
  grads (pre): total 0.8392, lora 0.8388, adapter 0.0262
  grads (post): total 0.8392, lora 0.8388, adapter 0.0262
  <NUM> tokens: 24/2048 (1.2%)
  lr: base 1.84e-04, lora 1.84e-04, adapter 5.52e-05
  num inject: base_norm 0.5602, delta_raw_norm 130.7663, delta_eff_norm 0.5602, scale 0.0787
  token accuracy: 0.748 (1528/2042)
iter 7110: loss 1.0072, time 1836.53ms, mfu 0.95%
iter 7120: loss 1.0487, time 1846.95ms, mfu 0.95%
iter 7130: loss 0.9223, time 1835.68ms, mfu 0.95%
iter 7140: loss 1.1434, time 1824.20ms, mfu 0.95%
iter 7150: loss 0.9565, time 1823.35ms, mfu 0.95%
iter 7160: loss 0.8311, time 1827.98ms, mfu 0.95%
iter 7170: loss 0.7222, time 1822.67ms, mfu 0.95%
iter 7180: loss 1.1247, time 1889.52ms, mfu 0.95%
iter 7190: loss 1.1078, time 1895.15ms, mfu 0.95%
iter 7200: loss 1.1178, time 1896.50ms, mfu 0.94%
  === DIAG iter 7200 ===
  loss: 1.1178
  grads (pre): total 0.7939, lora 0.7935, adapter 0.0257
  grads (post): total 0.7939, lora 0.7935, adapter 0.0257
  <NUM> tokens: 17/2048 (0.8%)
  lr: base 1.81e-04, lora 1.81e-04, adapter 5.43e-05
  num inject: base_norm 0.5602, delta_raw_norm 17.2062, delta_eff_norm 0.5602, scale 0.0624
  token accuracy: 0.747 (1526/2044)
iter 7210: loss 1.2424, time 1822.75ms, mfu 0.95%
iter 7220: loss 1.0259, time 1811.75ms, mfu 0.95%
iter 7230: loss 0.8180, time 1829.14ms, mfu 0.95%
iter 7240: loss 0.8874, time 1819.66ms, mfu 0.95%
iter 7250: loss 1.0000, time 1824.33ms, mfu 0.95%
iter 7260: loss 0.8975, time 1817.28ms, mfu 0.95%
iter 7270: loss 1.2972, time 1822.16ms, mfu 0.95%
iter 7280: loss 0.9888, time 1816.43ms, mfu 0.95%
iter 7290: loss 0.9493, time 1808.38ms, mfu 0.96%
iter 7300: loss 1.0643, time 1863.40ms, mfu 0.95%
  === DIAG iter 7300 ===
  loss: 1.0643
  grads (pre): total 0.7994, lora 0.7990, adapter 0.0264
  grads (post): total 0.7994, lora 0.7990, adapter 0.0264
  <NUM> tokens: 16/2048 (0.8%)
  lr: base 1.78e-04, lora 1.78e-04, adapter 5.34e-05
  num inject: base_norm 0.5602, delta_raw_norm 20.8497, delta_eff_norm 0.5602, scale 0.0602
  token accuracy: 0.756 (1546/2045)
iter 7310: loss 0.8180, time 1840.85ms, mfu 0.95%
iter 7320: loss 1.2019, time 1838.67ms, mfu 0.95%
iter 7330: loss 0.9645, time 1826.85ms, mfu 0.95%
iter 7340: loss 1.0385, time 1850.01ms, mfu 0.95%
iter 7350: loss 0.9797, time 1823.57ms, mfu 0.95%
iter 7360: loss 1.1674, time 1818.62ms, mfu 0.95%
iter 7370: loss 1.0894, time 1798.62ms, mfu 0.96%
iter 7380: loss 0.8190, time 1825.94ms, mfu 0.96%
iter 7390: loss 0.9519, time 1806.86ms, mfu 0.96%
iter 7400: loss 0.8765, time 1845.14ms, mfu 0.96%
  === DIAG iter 7400 ===
  loss: 0.8765
  grads (pre): total 0.8072, lora 0.8067, adapter 0.0293
  grads (post): total 0.8072, lora 0.8067, adapter 0.0293
  <NUM> tokens: 24/2048 (1.2%)
  lr: base 1.75e-04, lora 1.75e-04, adapter 5.26e-05
  num inject: base_norm 0.5602, delta_raw_norm 8.6164, delta_eff_norm 0.5602, scale 0.0925
  token accuracy: 0.796 (1627/2045)
iter 7410: loss 1.2000, time 1853.80ms, mfu 0.96%
iter 7420: loss 1.0811, time 1852.57ms, mfu 0.95%
iter 7430: loss 0.8568, time 1839.91ms, mfu 0.95%
iter 7440: loss 1.2887, time 1871.36ms, mfu 0.95%
iter 7450: loss 0.9568, time 1855.52ms, mfu 0.95%
iter 7460: loss 0.9169, time 1862.50ms, mfu 0.95%
iter 7470: loss 0.8881, time 1828.35ms, mfu 0.95%
iter 7480: loss 0.8258, time 1825.66ms, mfu 0.95%
iter 7490: loss 1.0586, time 1861.35ms, mfu 0.95%
iter 7500: loss 1.1352, time 1880.80ms, mfu 0.95%
  === DIAG iter 7500 ===
  loss: 1.1352
  grads (pre): total 0.7886, lora 0.7881, adapter 0.0274
  grads (post): total 0.7886, lora 0.7881, adapter 0.0274
  <NUM> tokens: 23/2048 (1.1%)
  lr: base 1.72e-04, lora 1.72e-04, adapter 5.17e-05
  num inject: base_norm 0.5602, delta_raw_norm 11.3111, delta_eff_norm 0.5602, scale 0.0780
  token accuracy: 0.737 (1508/2045)
iter 7510: loss 1.2295, time 1829.90ms, mfu 0.95%
iter 7520: loss 1.1302, time 1833.69ms, mfu 0.95%
iter 7530: loss 1.1557, time 1882.63ms, mfu 0.95%
iter 7540: loss 1.0476, time 1860.54ms, mfu 0.95%
iter 7550: loss 1.0439, time 1861.25ms, mfu 0.95%
iter 7560: loss 1.2246, time 1865.94ms, mfu 0.95%
iter 7570: loss 0.9955, time 1860.22ms, mfu 0.95%
iter 7580: loss 1.0521, time 1848.16ms, mfu 0.95%
iter 7590: loss 0.8376, time 1850.45ms, mfu 0.95%
iter 7600: loss 0.9194, time 1862.92ms, mfu 0.94%
  === DIAG iter 7600 ===
  loss: 0.9194
  grads (pre): total 0.7834, lora 0.7829, adapter 0.0266
  grads (post): total 0.7834, lora 0.7829, adapter 0.0266
  <NUM> tokens: 15/2048 (0.7%)
  lr: base 1.69e-04, lora 1.69e-04, adapter 5.08e-05
  num inject: base_norm 0.5602, delta_raw_norm 6.8794, delta_eff_norm 0.5602, scale 0.1124
  token accuracy: 0.764 (1563/2045)
iter 7610: loss 1.1830, time 1901.21ms, mfu 0.94%
iter 7620: loss 1.0998, time 1898.86ms, mfu 0.94%
iter 7630: loss 1.0562, time 1893.94ms, mfu 0.94%
iter 7640: loss 0.9576, time 1893.55ms, mfu 0.94%
iter 7650: loss 0.9889, time 1890.58ms, mfu 0.94%
iter 7660: loss 1.1024, time 1880.31ms, mfu 0.94%
iter 7670: loss 0.9804, time 1879.88ms, mfu 0.94%
iter 7680: loss 0.7980, time 1873.91ms, mfu 0.94%
iter 7690: loss 1.0061, time 1891.47ms, mfu 0.93%
iter 7700: loss 1.0476, time 1899.99ms, mfu 0.93%
  === DIAG iter 7700 ===
  loss: 1.0476
  grads (pre): total 0.8392, lora 0.8386, adapter 0.0323
  grads (post): total 0.8392, lora 0.8386, adapter 0.0323
  <NUM> tokens: 14/2048 (0.7%)
  lr: base 1.66e-04, lora 1.66e-04, adapter 4.99e-05
  num inject: base_norm 0.5602, delta_raw_norm 8.8380, delta_eff_norm 0.5602, scale 0.0868
  token accuracy: 0.748 (1529/2045)
iter 7710: loss 1.2269, time 1883.73ms, mfu 0.93%
iter 7720: loss 0.8518, time 1877.70ms, mfu 0.93%
iter 7730: loss 0.9350, time 1873.40ms, mfu 0.93%
iter 7740: loss 0.7406, time 1890.96ms, mfu 0.93%
iter 7750: loss 1.0716, time 1894.37ms, mfu 0.93%
iter 7760: loss 1.0268, time 1872.50ms, mfu 0.93%
iter 7770: loss 0.9508, time 1904.02ms, mfu 0.93%
iter 7780: loss 1.0097, time 1876.55ms, mfu 0.93%
iter 7790: loss 1.0479, time 1873.52ms, mfu 0.93%
iter 7800: loss 1.3545, time 1900.14ms, mfu 0.93%
  === DIAG iter 7800 ===
  loss: 1.3545
  grads (pre): total 0.7782, lora 0.7778, adapter 0.0247
  grads (post): total 0.7782, lora 0.7778, adapter 0.0247
  <NUM> tokens: 17/2048 (0.8%)
  lr: base 1.64e-04, lora 1.64e-04, adapter 4.91e-05
  num inject: base_norm 0.5602, delta_raw_norm 12.2102, delta_eff_norm 0.5602, scale 0.0932
  token accuracy: 0.701 (1432/2044)
iter 7810: loss 1.0125, time 1757.22ms, mfu 0.94%
iter 7820: loss 1.2315, time 1803.66ms, mfu 0.94%
iter 7830: loss 1.0188, time 1809.07ms, mfu 0.94%
iter 7840: loss 1.3238, time 1851.11ms, mfu 0.94%
iter 7850: loss 0.7999, time 1849.65ms, mfu 0.94%
iter 7860: loss 1.1322, time 1810.99ms, mfu 0.95%
iter 7870: loss 0.8535, time 1884.26ms, mfu 0.94%
iter 7880: loss 0.8419, time 1818.88ms, mfu 0.95%
iter 7890: loss 1.1220, time 1867.12ms, mfu 0.94%
iter 7900: loss 1.1758, time 1878.19ms, mfu 0.94%
  === DIAG iter 7900 ===
  loss: 1.1758
  grads (pre): total 0.8280, lora 0.8276, adapter 0.0258
  grads (post): total 0.8280, lora 0.8276, adapter 0.0258
  <NUM> tokens: 13/2048 (0.6%)
  lr: base 1.61e-04, lora 1.61e-04, adapter 4.82e-05
  num inject: base_norm 0.5602, delta_raw_norm 108.2091, delta_eff_norm 0.5602, scale 0.0458
  token accuracy: 0.721 (1474/2044)
iter 7910: loss 1.0681, time 2991.77ms, mfu 0.91%
iter 7920: loss 0.9534, time 2940.13ms, mfu 0.88%
iter 7930: loss 1.0286, time 2937.81ms, mfu 0.85%
iter 7940: loss 1.1052, time 2939.27ms, mfu 0.82%
iter 7950: loss 1.0316, time 2927.55ms, mfu 0.80%
iter 7960: loss 0.9184, time 1817.80ms, mfu 0.82%
iter 7970: loss 1.4175, time 1820.08ms, mfu 0.83%
iter 7980: loss 1.3837, time 1821.94ms, mfu 0.84%
iter 7990: loss 0.9680, time 1822.02ms, mfu 0.86%
step 8000: train loss 1.0219, val loss 1.0139
  saved checkpoint to /tmpdir/m24047brmn/numbers/model_checkpoints/tulu_adapted_lora/ckpt_iter8000.pt
  new best val loss: 1.0366
iter 8000: loss 1.2761, time 17060.83ms, mfu 0.78%
  === DIAG iter 8000 ===
  loss: 1.2761
  grads (pre): total 0.7607, lora 0.7597, adapter 0.0397
  grads (post): total 0.7607, lora 0.7597, adapter 0.0397
  <NUM> tokens: 29/2048 (1.4%)
  lr: base 1.58e-04, lora 1.58e-04, adapter 4.73e-05
  num inject: base_norm 0.5602, delta_raw_norm 21.7744, delta_eff_norm 0.5602, scale 0.0783
  token accuracy: 0.709 (1450/2044)
  --- Sample eval (val) ---
iter 8010: loss 0.8080, time 1862.02ms, mfu 0.80%
iter 8020: loss 0.9019, time 1854.22ms, mfu 0.81%
iter 8030: loss 0.9006, time 1888.59ms, mfu 0.82%
iter 8040: loss 1.0995, time 1884.19ms, mfu 0.83%
iter 8050: loss 1.1095, time 1751.52ms, mfu 0.85%
iter 8060: loss 0.8648, time 1745.39ms, mfu 0.87%
iter 8070: loss 1.1469, time 1742.90ms, mfu 0.88%
iter 8080: loss 1.1493, time 1739.23ms, mfu 0.89%
iter 8090: loss 0.9668, time 1780.88ms, mfu 0.90%
iter 8100: loss 1.1633, time 1829.22ms, mfu 0.91%
  === DIAG iter 8100 ===
  loss: 1.1633
  grads (pre): total 0.8229, lora 0.8224, adapter 0.0280
  grads (post): total 0.8229, lora 0.8224, adapter 0.0280
  <NUM> tokens: 18/2048 (0.9%)
  lr: base 1.55e-04, lora 1.55e-04, adapter 4.64e-05
  num inject: base_norm 0.5602, delta_raw_norm 9.2282, delta_eff_norm 0.5602, scale 0.0940
  token accuracy: 0.727 (1485/2043)
iter 8110: loss 0.9503, time 1788.61ms, mfu 0.91%
iter 8120: loss 0.9259, time 1785.59ms, mfu 0.92%
iter 8130: loss 0.8123, time 1792.38ms, mfu 0.93%
iter 8140: loss 0.9882, time 1785.55ms, mfu 0.93%
iter 8150: loss 0.9864, time 1770.92ms, mfu 0.94%
iter 8160: loss 0.9462, time 1782.81ms, mfu 0.94%
iter 8170: loss 0.8036, time 1780.69ms, mfu 0.95%
iter 8180: loss 1.0526, time 1783.63ms, mfu 0.95%
iter 8190: loss 1.0627, time 1818.32ms, mfu 0.95%
iter 8200: loss 1.0369, time 1835.33ms, mfu 0.95%
  === DIAG iter 8200 ===
  loss: 1.0369
  grads (pre): total 0.8130, lora 0.8125, adapter 0.0295
  grads (post): total 0.8130, lora 0.8125, adapter 0.0295
  <NUM> tokens: 24/2048 (1.2%)
  lr: base 1.52e-04, lora 1.52e-04, adapter 4.56e-05
  num inject: base_norm 0.5602, delta_raw_norm 15.2551, delta_eff_norm 0.5602, scale 0.0796
  token accuracy: 0.762 (1556/2042)
iter 8210: loss 0.9895, time 1810.75ms, mfu 0.95%
iter 8220: loss 1.1015, time 1795.85ms, mfu 0.95%
iter 8230: loss 1.0279, time 1787.98ms, mfu 0.96%
iter 8240: loss 1.0861, time 1816.06ms, mfu 0.96%
iter 8250: loss 1.0060, time 1801.58ms, mfu 0.96%
iter 8260: loss 0.8320, time 1788.90ms, mfu 0.96%
iter 8270: loss 0.9824, time 1814.27ms, mfu 0.96%
iter 8280: loss 1.3318, time 1807.50ms, mfu 0.96%
iter 8290: loss 0.8576, time 1805.12ms, mfu 0.96%
iter 8300: loss 1.0384, time 1818.30ms, mfu 0.96%
  === DIAG iter 8300 ===
  loss: 1.0384
  grads (pre): total 0.7540, lora 0.7536, adapter 0.0231
  grads (post): total 0.7540, lora 0.7536, adapter 0.0231
  <NUM> tokens: 28/2048 (1.4%)
  lr: base 1.49e-04, lora 1.49e-04, adapter 4.47e-05
  num inject: base_norm 0.5602, delta_raw_norm 12.9017, delta_eff_norm 0.5602, scale 0.0615
  token accuracy: 0.753 (1539/2043)
iter 8310: loss 0.7423, time 1789.29ms, mfu 0.96%
iter 8320: loss 1.2800, time 1778.52ms, mfu 0.97%
iter 8330: loss 0.8721, time 1780.00ms, mfu 0.97%
iter 8340: loss 1.0535, time 1780.90ms, mfu 0.97%
iter 8350: loss 0.8449, time 1768.06ms, mfu 0.97%
iter 8360: loss 1.1202, time 1849.70ms, mfu 0.97%
iter 8370: loss 0.9819, time 1801.02ms, mfu 0.97%
iter 8380: loss 1.0858, time 1771.50ms, mfu 0.97%
iter 8390: loss 1.0245, time 1768.87ms, mfu 0.97%
iter 8400: loss 1.0043, time 1780.61ms, mfu 0.97%
  === DIAG iter 8400 ===
  loss: 1.0043
  grads (pre): total 0.7836, lora 0.7829, adapter 0.0324
  grads (post): total 0.7836, lora 0.7829, adapter 0.0324
  <NUM> tokens: 19/2048 (0.9%)
  lr: base 1.46e-04, lora 1.46e-04, adapter 4.38e-05
  num inject: base_norm 0.5602, delta_raw_norm 26.6716, delta_eff_norm 0.5602, scale 0.0841
  token accuracy: 0.769 (1572/2044)
iter 8410: loss 1.0875, time 1767.16ms, mfu 0.98%
iter 8420: loss 1.3576, time 1764.39ms, mfu 0.98%
iter 8430: loss 0.9811, time 1763.65ms, mfu 0.98%
iter 8440: loss 0.9756, time 1762.58ms, mfu 0.98%
iter 8450: loss 1.1526, time 1758.74ms, mfu 0.98%
iter 8460: loss 1.3522, time 1761.61ms, mfu 0.98%
iter 8470: loss 1.0599, time 1759.36ms, mfu 0.98%
iter 8480: loss 0.8140, time 1780.96ms, mfu 0.98%
iter 8490: loss 1.0283, time 1794.74ms, mfu 0.98%
iter 8500: loss 1.0122, time 1811.01ms, mfu 0.98%
  === DIAG iter 8500 ===
  loss: 1.0122
  grads (pre): total 0.7584, lora 0.7579, adapter 0.0275
  grads (post): total 0.7584, lora 0.7579, adapter 0.0275
  <NUM> tokens: 16/2048 (0.8%)
  lr: base 1.43e-04, lora 1.43e-04, adapter 4.29e-05
  num inject: base_norm 0.5602, delta_raw_norm 10.9380, delta_eff_norm 0.5602, scale 0.0909
  token accuracy: 0.759 (1551/2044)
iter 8510: loss 0.9366, time 1800.14ms, mfu 0.98%
iter 8520: loss 1.0063, time 1786.40ms, mfu 0.98%
iter 8530: loss 1.1508, time 1782.71ms, mfu 0.98%
iter 8540: loss 1.0703, time 1785.19ms, mfu 0.98%
iter 8550: loss 0.9404, time 1788.53ms, mfu 0.98%
iter 8560: loss 0.9425, time 1780.44ms, mfu 0.98%
iter 8570: loss 0.9896, time 1828.04ms, mfu 0.98%
iter 8580: loss 1.0384, time 1820.63ms, mfu 0.98%
iter 8590: loss 1.3126, time 1776.09ms, mfu 0.98%
iter 8600: loss 0.9975, time 1791.29ms, mfu 0.98%
  === DIAG iter 8600 ===
  loss: 0.9975
  grads (pre): total 0.7736, lora 0.7730, adapter 0.0313
  grads (post): total 0.7736, lora 0.7730, adapter 0.0313
  <NUM> tokens: 8/2048 (0.4%)
  lr: base 1.40e-04, lora 1.40e-04, adapter 4.21e-05
  num inject: base_norm 0.5602, delta_raw_norm 72.5595, delta_eff_norm 0.5602, scale 0.0784
  token accuracy: 0.744 (1522/2046)
iter 8610: loss 0.9554, time 1769.63ms, mfu 0.98%
iter 8620: loss 1.1432, time 1762.80ms, mfu 0.98%
iter 8630: loss 0.8968, time 1788.93ms, mfu 0.98%
iter 8640: loss 1.1419, time 1849.97ms, mfu 0.98%
iter 8650: loss 1.0991, time 1797.92ms, mfu 0.98%
iter 8660: loss 0.6000, time 1794.30ms, mfu 0.98%
iter 8670: loss 1.0925, time 1789.02ms, mfu 0.98%
iter 8680: loss 1.1489, time 1791.97ms, mfu 0.98%
iter 8690: loss 0.9286, time 1811.18ms, mfu 0.98%
iter 8700: loss 1.1533, time 1813.21ms, mfu 0.97%
  === DIAG iter 8700 ===
  loss: 1.1533
  grads (pre): total 0.7726, lora 0.7718, adapter 0.0346
  grads (post): total 0.7726, lora 0.7718, adapter 0.0346
  <NUM> tokens: 10/2048 (0.5%)
  lr: base 1.37e-04, lora 1.37e-04, adapter 4.12e-05
  num inject: base_norm 0.5602, delta_raw_norm 8.6138, delta_eff_norm 0.5602, scale 0.0971
  token accuracy: 0.743 (1520/2045)
iter 8710: loss 0.7459, time 1808.47ms, mfu 0.97%
iter 8720: loss 1.1046, time 1806.94ms, mfu 0.97%
iter 8730: loss 1.1249, time 1847.47ms, mfu 0.97%
iter 8740: loss 1.0584, time 1796.40ms, mfu 0.97%
iter 8750: loss 0.9496, time 1854.69ms, mfu 0.97%
iter 8760: loss 0.9539, time 1843.61ms, mfu 0.97%
iter 8770: loss 0.9984, time 1850.93ms, mfu 0.96%
iter 8780: loss 1.1472, time 1844.70ms, mfu 0.96%
iter 8790: loss 1.1666, time 1802.85ms, mfu 0.96%
iter 8800: loss 1.2564, time 1808.80ms, mfu 0.96%
  === DIAG iter 8800 ===
  loss: 1.2564
  grads (pre): total 0.7832, lora 0.7826, adapter 0.0325
  grads (post): total 0.7832, lora 0.7826, adapter 0.0325
  <NUM> tokens: 16/2048 (0.8%)
  lr: base 1.35e-04, lora 1.35e-04, adapter 4.04e-05
  num inject: base_norm 0.5602, delta_raw_norm 10.6834, delta_eff_norm 0.5602, scale 0.0830
  token accuracy: 0.710 (1451/2045)
iter 8810: loss 1.1523, time 1794.23ms, mfu 0.97%
iter 8820: loss 0.7984, time 1823.32ms, mfu 0.96%
iter 8830: loss 0.7673, time 1827.09ms, mfu 0.96%
iter 8840: loss 0.9963, time 1818.25ms, mfu 0.96%
iter 8850: loss 1.1468, time 1801.53ms, mfu 0.96%
iter 8860: loss 0.8851, time 1759.58ms, mfu 0.97%
iter 8870: loss 0.9284, time 1868.00ms, mfu 0.96%
iter 8880: loss 0.9236, time 1829.37ms, mfu 0.96%
iter 8890: loss 1.0503, time 1817.50ms, mfu 0.96%
iter 8900: loss 1.0265, time 1832.82ms, mfu 0.96%
  === DIAG iter 8900 ===
  loss: 1.0265
  grads (pre): total 0.7320, lora 0.7315, adapter 0.0280
  grads (post): total 0.7320, lora 0.7315, adapter 0.0280
  <NUM> tokens: 17/2048 (0.8%)
  lr: base 1.32e-04, lora 1.32e-04, adapter 3.95e-05
  num inject: base_norm 0.5602, delta_raw_norm 16.4109, delta_eff_norm 0.5602, scale 0.0732
  token accuracy: 0.753 (1540/2044)
iter 8910: loss 1.0424, time 1820.85ms, mfu 0.96%
iter 8920: loss 1.1012, time 1822.54ms, mfu 0.96%
iter 8930: loss 1.0720, time 1817.71ms, mfu 0.96%
iter 8940: loss 1.0705, time 1817.50ms, mfu 0.96%
iter 8950: loss 1.1645, time 1820.31ms, mfu 0.96%
iter 8960: loss 1.2037, time 1825.90ms, mfu 0.96%
iter 8970: loss 1.0694, time 1817.49ms, mfu 0.96%
iter 8980: loss 1.1223, time 1820.31ms, mfu 0.96%
iter 8990: loss 1.1016, time 1803.23ms, mfu 0.96%
iter 9000: loss 0.9962, time 1854.75ms, mfu 0.96%
  === DIAG iter 9000 ===
  loss: 0.9962
  grads (pre): total 0.7536, lora 0.7531, adapter 0.0283
  grads (post): total 0.7536, lora 0.7531, adapter 0.0283
  <NUM> tokens: 29/2048 (1.4%)
  lr: base 1.29e-04, lora 1.29e-04, adapter 3.87e-05
  num inject: base_norm 0.5602, delta_raw_norm 27.1897, delta_eff_norm 0.5602, scale 0.0688
  token accuracy: 0.769 (1571/2044)
  --- Sample eval (val) ---
iter 9010: loss 0.9131, time 1829.62ms, mfu 0.96%
iter 9020: loss 0.9977, time 1824.00ms, mfu 0.96%
iter 9030: loss 0.9919, time 1842.03ms, mfu 0.96%
iter 9040: loss 0.9623, time 1842.87ms, mfu 0.96%
iter 9050: loss 0.9240, time 1874.31ms, mfu 0.96%
iter 9060: loss 0.8796, time 1861.93ms, mfu 0.95%
iter 9070: loss 1.2662, time 1861.73ms, mfu 0.95%
iter 9080: loss 1.0585, time 1863.07ms, mfu 0.95%
iter 9090: loss 0.9113, time 1860.31ms, mfu 0.95%
iter 9100: loss 1.2127, time 1867.08ms, mfu 0.95%
  === DIAG iter 9100 ===
  loss: 1.2127
  grads (pre): total 0.7434, lora 0.7429, adapter 0.0288
  grads (post): total 0.7434, lora 0.7429, adapter 0.0288
  <NUM> tokens: 10/2048 (0.5%)
  lr: base 1.26e-04, lora 1.26e-04, adapter 3.78e-05
  num inject: base_norm 0.5602, delta_raw_norm 9.1231, delta_eff_norm 0.5602, scale 0.0920
  token accuracy: 0.730 (1494/2046)
iter 9110: loss 1.0762, time 1854.70ms, mfu 0.95%
iter 9120: loss 1.0594, time 1852.37ms, mfu 0.95%
iter 9130: loss 1.1050, time 1863.38ms, mfu 0.95%
iter 9140: loss 0.7888, time 1834.81ms, mfu 0.95%
iter 9150: loss 0.9959, time 1823.12ms, mfu 0.95%
iter 9160: loss 1.0811, time 1821.63ms, mfu 0.95%
iter 9170: loss 0.8504, time 1854.09ms, mfu 0.95%
iter 9180: loss 1.0442, time 1852.53ms, mfu 0.95%
iter 9190: loss 1.1161, time 1812.06ms, mfu 0.95%
iter 9200: loss 0.9895, time 1889.54ms, mfu 0.95%
  === DIAG iter 9200 ===
  loss: 0.9895
  grads (pre): total 0.7399, lora 0.7393, adapter 0.0277
  grads (post): total 0.7399, lora 0.7393, adapter 0.0277
  <NUM> tokens: 17/2048 (0.8%)
  lr: base 1.23e-04, lora 1.23e-04, adapter 3.70e-05
  num inject: base_norm 0.5602, delta_raw_norm 7.1324, delta_eff_norm 0.5602, scale 0.1077
  token accuracy: 0.766 (1566/2044)
iter 9210: loss 0.9085, time 1873.63ms, mfu 0.95%
iter 9220: loss 1.0079, time 1859.18ms, mfu 0.95%
iter 9230: loss 0.9906, time 1854.28ms, mfu 0.95%
iter 9240: loss 0.9229, time 1849.56ms, mfu 0.95%
iter 9250: loss 1.0825, time 1851.30ms, mfu 0.95%
iter 9260: loss 1.1175, time 1849.32ms, mfu 0.95%
iter 9270: loss 1.0302, time 1833.93ms, mfu 0.95%
iter 9280: loss 1.1425, time 1838.33ms, mfu 0.95%
iter 9290: loss 1.1399, time 1854.74ms, mfu 0.95%
iter 9300: loss 0.9958, time 1901.65ms, mfu 0.94%
  === DIAG iter 9300 ===
  loss: 0.9958
  grads (pre): total 0.7566, lora 0.7562, adapter 0.0251
  grads (post): total 0.7566, lora 0.7562, adapter 0.0251
  <NUM> tokens: 24/2048 (1.2%)
  lr: base 1.21e-04, lora 1.21e-04, adapter 3.62e-05
  num inject: base_norm 0.5602, delta_raw_norm 30.5692, delta_eff_norm 0.5602, scale 0.0836
  token accuracy: 0.757 (1548/2044)
iter 9310: loss 0.9152, time 1879.15ms, mfu 0.94%
iter 9320: loss 0.9901, time 1872.50ms, mfu 0.94%
iter 9330: loss 1.2237, time 1874.14ms, mfu 0.94%
iter 9340: loss 0.9795, time 1865.71ms, mfu 0.94%
iter 9350: loss 1.0884, time 1861.61ms, mfu 0.94%
iter 9360: loss 1.0157, time 1836.96ms, mfu 0.94%
iter 9370: loss 1.1237, time 1864.53ms, mfu 0.94%
iter 9380: loss 1.0933, time 1856.88ms, mfu 0.94%
iter 9390: loss 1.1683, time 1868.92ms, mfu 0.94%
iter 9400: loss 0.7330, time 1836.58ms, mfu 0.94%
  === DIAG iter 9400 ===
  loss: 0.7330
  grads (pre): total 0.7366, lora 0.7361, adapter 0.0267
  grads (post): total 0.7366, lora 0.7361, adapter 0.0267
  <NUM> tokens: 26/2048 (1.3%)
  lr: base 1.18e-04, lora 1.18e-04, adapter 3.53e-05
  num inject: base_norm 0.5602, delta_raw_norm 520.3107, delta_eff_norm 0.5602, scale 0.0466
  token accuracy: 0.821 (1680/2046)
iter 9410: loss 0.9329, time 1845.31ms, mfu 0.94%
iter 9420: loss 1.4008, time 1886.51ms, mfu 0.94%
iter 9430: loss 0.8072, time 1850.25ms, mfu 0.94%
iter 9440: loss 1.0229, time 1873.30ms, mfu 0.94%
iter 9450: loss 0.9583, time 1739.70ms, mfu 0.95%
iter 9460: loss 1.0609, time 1765.52ms, mfu 0.95%
iter 9470: loss 1.1382, time 1754.39ms, mfu 0.96%
iter 9480: loss 0.7966, time 1762.58ms, mfu 0.96%
iter 9490: loss 1.1883, time 1760.04ms, mfu 0.96%
iter 9500: loss 1.0799, time 1778.43ms, mfu 0.97%
  === DIAG iter 9500 ===
  loss: 1.0799
  grads (pre): total 0.7888, lora 0.7882, adapter 0.0319
  grads (post): total 0.7888, lora 0.7882, adapter 0.0319
  <NUM> tokens: 16/2048 (0.8%)
  lr: base 1.15e-04, lora 1.15e-04, adapter 3.45e-05
  num inject: base_norm 0.5602, delta_raw_norm 10.8564, delta_eff_norm 0.5602, scale 0.1061
  token accuracy: 0.744 (1520/2043)
iter 9510: loss 1.1724, time 1815.55ms, mfu 0.97%
iter 9520: loss 1.0811, time 1811.80ms, mfu 0.97%
iter 9530: loss 0.9608, time 1793.82ms, mfu 0.97%
iter 9540: loss 1.0222, time 1777.78ms, mfu 0.97%
iter 9550: loss 0.9558, time 1774.69ms, mfu 0.97%
iter 9560: loss 1.1057, time 1779.56ms, mfu 0.97%
iter 9570: loss 0.9368, time 1816.84ms, mfu 0.97%
iter 9580: loss 0.9267, time 1804.16ms, mfu 0.97%
iter 9590: loss 1.1007, time 1831.10ms, mfu 0.97%
iter 9600: loss 1.1094, time 1839.29ms, mfu 0.97%
  === DIAG iter 9600 ===
  loss: 1.1094
  grads (pre): total 0.7661, lora 0.7655, adapter 0.0304
  grads (post): total 0.7661, lora 0.7655, adapter 0.0304
  <NUM> tokens: 23/2048 (1.1%)
  lr: base 1.12e-04, lora 1.12e-04, adapter 3.37e-05
  num inject: base_norm 0.5602, delta_raw_norm 7.8636, delta_eff_norm 0.5602, scale 0.0989
  token accuracy: 0.744 (1520/2044)
iter 9610: loss 1.0261, time 1818.13ms, mfu 0.97%
iter 9620: loss 0.9543, time 1816.97ms, mfu 0.97%
iter 9630: loss 1.1149, time 1824.99ms, mfu 0.97%
iter 9640: loss 1.0824, time 1799.10ms, mfu 0.97%
iter 9650: loss 0.9948, time 1797.73ms, mfu 0.97%
iter 9660: loss 1.1525, time 1743.89ms, mfu 0.97%
iter 9670: loss 1.0235, time 1742.92ms, mfu 0.97%
iter 9680: loss 1.2019, time 1740.89ms, mfu 0.98%
iter 9690: loss 1.1369, time 1732.92ms, mfu 0.98%
iter 9700: loss 0.8990, time 1749.52ms, mfu 0.98%
  === DIAG iter 9700 ===
  loss: 0.8990
  grads (pre): total 0.8048, lora 0.8042, adapter 0.0314
  grads (post): total 0.8048, lora 0.8042, adapter 0.0314
  <NUM> tokens: 17/2048 (0.8%)
  lr: base 1.10e-04, lora 1.10e-04, adapter 3.29e-05
  num inject: base_norm 0.5602, delta_raw_norm 7.8112, delta_eff_norm 0.5602, scale 0.0898
  token accuracy: 0.772 (1577/2044)
iter 9710: loss 0.9815, time 1712.39ms, mfu 0.99%
iter 9720: loss 0.9411, time 1740.96ms, mfu 0.99%
iter 9730: loss 0.9617, time 1711.68ms, mfu 0.99%
iter 9740: loss 1.1893, time 1771.66ms, mfu 0.99%
iter 9750: loss 1.2244, time 1789.27ms, mfu 0.99%
iter 9760: loss 0.9008, time 1797.16ms, mfu 0.99%
iter 9770: loss 1.0127, time 1800.56ms, mfu 0.99%
iter 9780: loss 1.1220, time 1790.77ms, mfu 0.99%
iter 9790: loss 1.0377, time 1797.79ms, mfu 0.98%
iter 9800: loss 1.0172, time 1802.66ms, mfu 0.98%
  === DIAG iter 9800 ===
  loss: 1.0172
  grads (pre): total 0.7394, lora 0.7390, adapter 0.0243
  grads (post): total 0.7394, lora 0.7390, adapter 0.0243
  <NUM> tokens: 28/2048 (1.4%)
  lr: base 1.07e-04, lora 1.07e-04, adapter 3.21e-05
  num inject: base_norm 0.5602, delta_raw_norm 9.2874, delta_eff_norm 0.5602, scale 0.0896
  token accuracy: 0.775 (1585/2044)
iter 9810: loss 1.0951, time 1788.71ms, mfu 0.98%
iter 9820: loss 1.0597, time 1728.71ms, mfu 0.99%
iter 9830: loss 1.1772, time 1728.07ms, mfu 0.99%
iter 9840: loss 0.9344, time 1727.96ms, mfu 0.99%
iter 9850: loss 1.0670, time 1724.31ms, mfu 0.99%
iter 9860: loss 0.9337, time 1724.70ms, mfu 1.00%
iter 9870: loss 0.8867, time 1717.77ms, mfu 1.00%
iter 9880: loss 0.8843, time 1739.71ms, mfu 1.00%
iter 9890: loss 0.9488, time 1736.99ms, mfu 1.00%
iter 9900: loss 1.0647, time 1787.97ms, mfu 1.00%
  === DIAG iter 9900 ===
  loss: 1.0647
  grads (pre): total 0.7012, lora 0.7006, adapter 0.0298
  grads (post): total 0.7012, lora 0.7006, adapter 0.0298
  <NUM> tokens: 19/2048 (0.9%)
  lr: base 1.04e-04, lora 1.04e-04, adapter 3.13e-05
  num inject: base_norm 0.5602, delta_raw_norm 9.1012, delta_eff_norm 0.5602, scale 0.1012
  token accuracy: 0.754 (1541/2044)
iter 9910: loss 1.0746, time 1790.28ms, mfu 1.00%
iter 9920: loss 1.0744, time 1786.41ms, mfu 0.99%
iter 9930: loss 1.0713, time 1784.01ms, mfu 0.99%
iter 9940: loss 0.9237, time 1788.53ms, mfu 0.99%
iter 9950: loss 0.9782, time 1737.04ms, mfu 0.99%
iter 9960: loss 0.9264, time 1734.99ms, mfu 0.99%
iter 9970: loss 1.0399, time 1734.70ms, mfu 1.00%
iter 9980: loss 0.9833, time 1734.20ms, mfu 1.00%
iter 9990: loss 1.0408, time 1730.44ms, mfu 1.00%
step 10000: train loss 0.9980, val loss 1.0323
  saved checkpoint to /tmpdir/m24047brmn/numbers/model_checkpoints/tulu_adapted_lora/ckpt_iter10000.pt
iter 10000: loss 1.1774, time 16256.21ms, mfu 0.91%
  === DIAG iter 10000 ===
  loss: 1.1774
  grads (pre): total 0.7484, lora 0.7478, adapter 0.0304
  grads (post): total 0.7484, lora 0.7478, adapter 0.0304
  <NUM> tokens: 22/2048 (1.1%)
  lr: base 1.02e-04, lora 1.02e-04, adapter 3.05e-05
  num inject: base_norm 0.5602, delta_raw_norm 10.9086, delta_eff_norm 0.5602, scale 0.0847
  token accuracy: 0.733 (1499/2044)
  --- Sample eval (val) ---
iter 10010: loss 0.9319, time 1723.14ms, mfu 0.92%
iter 10020: loss 1.1008, time 1718.06ms, mfu 0.93%
iter 10030: loss 1.0315, time 1717.39ms, mfu 0.94%
iter 10040: loss 0.8740, time 1831.52ms, mfu 0.94%
iter 10050: loss 0.9953, time 1826.43ms, mfu 0.94%
iter 10060: loss 1.1111, time 1836.20ms, mfu 0.94%
iter 10070: loss 0.9658, time 1836.59ms, mfu 0.94%
iter 10080: loss 1.1626, time 1830.19ms, mfu 0.95%
iter 10090: loss 0.9755, time 1836.08ms, mfu 0.95%
iter 10100: loss 0.9732, time 1852.27ms, mfu 0.95%
  === DIAG iter 10100 ===
  loss: 0.9732
  grads (pre): total 0.7170, lora 0.7161, adapter 0.0359
  grads (post): total 0.7170, lora 0.7161, adapter 0.0359
  <NUM> tokens: 26/2048 (1.3%)
  lr: base 9.92e-05, lora 9.92e-05, adapter 2.98e-05
  num inject: base_norm 0.5602, delta_raw_norm 93.0747, delta_eff_norm 0.5602, scale 0.0601
  token accuracy: 0.764 (1561/2044)
iter 10110: loss 1.0326, time 1787.90ms, mfu 0.95%
iter 10120: loss 1.0304, time 1733.13ms, mfu 0.96%
iter 10130: loss 1.0732, time 1728.66ms, mfu 0.96%
iter 10140: loss 1.1770, time 1717.88ms, mfu 0.97%
iter 10150: loss 0.9212, time 1711.00ms, mfu 0.97%
iter 10160: loss 1.0731, time 1716.10ms, mfu 0.98%
iter 10170: loss 0.9243, time 1715.28ms, mfu 0.98%
iter 10180: loss 1.1253, time 1713.97ms, mfu 0.99%
iter 10190: loss 1.2890, time 1713.73ms, mfu 0.99%
iter 10200: loss 1.1679, time 1727.93ms, mfu 0.99%
  === DIAG iter 10200 ===
  loss: 1.1679
  grads (pre): total 0.7414, lora 0.7407, adapter 0.0318
  grads (post): total 0.7414, lora 0.7407, adapter 0.0318
  <NUM> tokens: 26/2048 (1.3%)
  lr: base 9.67e-05, lora 9.67e-05, adapter 2.90e-05
  num inject: base_norm 0.5602, delta_raw_norm 8.4289, delta_eff_norm 0.5602, scale 0.0926
  token accuracy: 0.726 (1483/2043)
iter 10210: loss 0.8925, time 1713.79ms, mfu 0.99%
iter 10220: loss 1.0329, time 1708.26ms, mfu 1.00%
iter 10230: loss 1.1079, time 1706.22ms, mfu 1.00%
iter 10240: loss 0.9177, time 1713.40ms, mfu 1.00%
iter 10250: loss 0.9883, time 1711.59ms, mfu 1.00%
iter 10260: loss 1.0489, time 1736.90ms, mfu 1.00%
iter 10270: loss 0.9544, time 1762.99ms, mfu 1.00%
iter 10280: loss 1.1467, time 1754.50ms, mfu 1.00%
iter 10290: loss 1.0216, time 1728.82ms, mfu 1.00%
iter 10300: loss 1.0716, time 1768.20ms, mfu 1.00%
  === DIAG iter 10300 ===
  loss: 1.0716
  grads (pre): total 0.7200, lora 0.7196, adapter 0.0258
  grads (post): total 0.7200, lora 0.7196, adapter 0.0258
  <NUM> tokens: 21/2048 (1.0%)
  lr: base 9.42e-05, lora 9.42e-05, adapter 2.82e-05
  num inject: base_norm 0.5602, delta_raw_norm 70.0274, delta_eff_norm 0.5602, scale 0.0907
  token accuracy: 0.742 (1517/2044)
iter 10310: loss 1.0628, time 1768.21ms, mfu 1.00%
iter 10320: loss 1.1277, time 1813.01ms, mfu 1.00%
iter 10330: loss 1.1580, time 1808.56ms, mfu 0.99%
iter 10340: loss 0.9804, time 1808.05ms, mfu 0.99%
iter 10350: loss 1.0880, time 1802.58ms, mfu 0.99%
iter 10360: loss 1.2438, time 1786.90ms, mfu 0.99%
iter 10370: loss 0.9640, time 1779.25ms, mfu 0.99%
iter 10380: loss 1.0531, time 1785.58ms, mfu 0.99%
iter 10390: loss 1.1820, time 1788.05ms, mfu 0.99%
iter 10400: loss 1.1431, time 1825.27ms, mfu 0.98%
  === DIAG iter 10400 ===
  loss: 1.1431
  grads (pre): total 0.7274, lora 0.7268, adapter 0.0276
  grads (post): total 0.7274, lora 0.7268, adapter 0.0276
  <NUM> tokens: 18/2048 (0.9%)
  lr: base 9.17e-05, lora 9.17e-05, adapter 2.75e-05
  num inject: base_norm 0.5602, delta_raw_norm 8.0158, delta_eff_norm 0.5602, scale 0.0964
  token accuracy: 0.746 (1525/2045)
iter 10410: loss 1.2375, time 1790.14ms, mfu 0.98%
iter 10420: loss 0.9315, time 1786.72ms, mfu 0.98%
iter 10430: loss 1.0743, time 1785.28ms, mfu 0.98%
iter 10440: loss 1.1500, time 1836.66ms, mfu 0.98%
iter 10450: loss 1.1676, time 1780.13ms, mfu 0.98%
iter 10460: loss 1.1217, time 1779.15ms, mfu 0.98%
iter 10470: loss 1.0834, time 1791.12ms, mfu 0.98%
iter 10480: loss 1.1458, time 1809.77ms, mfu 0.98%
iter 10490: loss 1.2020, time 1796.02ms, mfu 0.98%
iter 10500: loss 1.0628, time 1804.59ms, mfu 0.98%
  === DIAG iter 10500 ===
  loss: 1.0628
  grads (pre): total 0.7319, lora 0.7315, adapter 0.0258
  grads (post): total 0.7319, lora 0.7315, adapter 0.0258
  <NUM> tokens: 29/2048 (1.4%)
  lr: base 8.92e-05, lora 8.92e-05, adapter 2.68e-05
  num inject: base_norm 0.5602, delta_raw_norm 9.6474, delta_eff_norm 0.5602, scale 0.0912
  token accuracy: 0.751 (1535/2043)
iter 10510: loss 1.1355, time 1731.59ms, mfu 0.98%
iter 10520: loss 0.9811, time 1722.13ms, mfu 0.98%
iter 10530: loss 0.6316, time 1719.45ms, mfu 0.99%
iter 10540: loss 1.1481, time 1718.31ms, mfu 0.99%
iter 10550: loss 1.2143, time 1717.89ms, mfu 0.99%
iter 10560: loss 1.1083, time 1786.11ms, mfu 0.99%
iter 10570: loss 1.0425, time 1797.27ms, mfu 0.99%
iter 10580: loss 1.0204, time 1797.35ms, mfu 0.99%
iter 10590: loss 0.9738, time 1795.53ms, mfu 0.99%
iter 10600: loss 0.8356, time 1830.04ms, mfu 0.98%
  === DIAG iter 10600 ===
  loss: 0.8356
  grads (pre): total 0.7239, lora 0.7232, adapter 0.0325
  grads (post): total 0.7239, lora 0.7232, adapter 0.0325
  <NUM> tokens: 8/2048 (0.4%)
  lr: base 8.68e-05, lora 8.68e-05, adapter 2.61e-05
  num inject: base_norm 0.5602, delta_raw_norm 9.4700, delta_eff_norm 0.5602, scale 0.0889
  token accuracy: 0.786 (1608/2045)
iter 10610: loss 0.9829, time 1804.01ms, mfu 0.98%
iter 10620: loss 1.0139, time 1808.81ms, mfu 0.98%
iter 10630: loss 1.3579, time 1796.51ms, mfu 0.98%
iter 10640: loss 0.9785, time 1801.10ms, mfu 0.98%
iter 10650: loss 1.1383, time 1810.50ms, mfu 0.98%
iter 10660: loss 1.0506, time 1795.58ms, mfu 0.98%
iter 10670: loss 1.0625, time 1805.01ms, mfu 0.98%
iter 10680: loss 0.9615, time 1790.76ms, mfu 0.98%
iter 10690: loss 1.1302, time 1779.14ms, mfu 0.98%
iter 10700: loss 1.2460, time 1789.17ms, mfu 0.98%
  === DIAG iter 10700 ===
  loss: 1.2460
  grads (pre): total 0.7275, lora 0.7267, adapter 0.0342
  grads (post): total 0.7275, lora 0.7267, adapter 0.0342
  <NUM> tokens: 13/2048 (0.6%)
  lr: base 8.45e-05, lora 8.45e-05, adapter 2.53e-05
  num inject: base_norm 0.5602, delta_raw_norm 8.4461, delta_eff_norm 0.5602, scale 0.0949
  token accuracy: 0.711 (1452/2043)
iter 10710: loss 0.7929, time 1772.77ms, mfu 0.98%
iter 10720: loss 1.1437, time 1721.64ms, mfu 0.98%
iter 10730: loss 0.9385, time 1712.91ms, mfu 0.99%
iter 10740: loss 0.9731, time 1688.27ms, mfu 0.99%
iter 10750: loss 1.2125, time 1696.87ms, mfu 1.00%
iter 10760: loss 0.9644, time 1798.03ms, mfu 0.99%
iter 10770: loss 0.9759, time 1831.21ms, mfu 0.99%
iter 10780: loss 1.3070, time 1771.18ms, mfu 0.99%
iter 10790: loss 0.9623, time 1715.85ms, mfu 0.99%
iter 10800: loss 1.0826, time 1800.80ms, mfu 0.99%
  === DIAG iter 10800 ===
  loss: 1.0826
  grads (pre): total 0.7229, lora 0.7217, adapter 0.0419
  grads (post): total 0.7229, lora 0.7217, adapter 0.0419
  <NUM> tokens: 20/2048 (1.0%)
  lr: base 8.21e-05, lora 8.21e-05, adapter 2.46e-05
  num inject: base_norm 0.5602, delta_raw_norm 33.3983, delta_eff_norm 0.5602, scale 0.0813
  token accuracy: 0.747 (1527/2045)
iter 10810: loss 0.9736, time 1746.16ms, mfu 0.99%
iter 10820: loss 0.9372, time 1779.37ms, mfu 0.99%
iter 10830: loss 0.9306, time 1782.52ms, mfu 0.99%
iter 10840: loss 0.8470, time 1775.13ms, mfu 0.99%
iter 10850: loss 0.8781, time 1764.14ms, mfu 0.99%
iter 10860: loss 1.2727, time 1796.08ms, mfu 0.99%
iter 10870: loss 0.9112, time 1782.43ms, mfu 0.99%
iter 10880: loss 0.8351, time 1779.92ms, mfu 0.99%
iter 10890: loss 0.9682, time 1753.29ms, mfu 0.99%
iter 10900: loss 0.9792, time 1803.61ms, mfu 0.99%
  === DIAG iter 10900 ===
  loss: 0.9792
  grads (pre): total 0.7293, lora 0.7285, adapter 0.0333
  grads (post): total 0.7293, lora 0.7285, adapter 0.0333
  <NUM> tokens: 25/2048 (1.2%)
  lr: base 7.99e-05, lora 7.99e-05, adapter 2.40e-05
  num inject: base_norm 0.5602, delta_raw_norm 65.6126, delta_eff_norm 0.5602, scale 0.0748
  token accuracy: 0.759 (1552/2044)
iter 10910: loss 1.1927, time 1776.76ms, mfu 0.99%
iter 10920: loss 1.0077, time 1831.85ms, mfu 0.98%
iter 10930: loss 0.9400, time 1823.26ms, mfu 0.98%
iter 10940: loss 0.8291, time 1829.88ms, mfu 0.98%
iter 10950: loss 0.9765, time 1832.13ms, mfu 0.98%
iter 10960: loss 0.8518, time 1840.06ms, mfu 0.97%
iter 10970: loss 0.8641, time 1831.74ms, mfu 0.97%
iter 10980: loss 0.9746, time 1792.71ms, mfu 0.97%
iter 10990: loss 1.0165, time 1787.05ms, mfu 0.97%
iter 11000: loss 1.0127, time 1797.59ms, mfu 0.97%
  === DIAG iter 11000 ===
  loss: 1.0127
  grads (pre): total 0.7264, lora 0.7258, adapter 0.0311
  grads (post): total 0.7264, lora 0.7258, adapter 0.0311
  <NUM> tokens: 9/2048 (0.4%)
  lr: base 7.76e-05, lora 7.76e-05, adapter 2.33e-05
  num inject: base_norm 0.5602, delta_raw_norm 7.9024, delta_eff_norm 0.5602, scale 0.1023
  token accuracy: 0.762 (1558/2045)
  --- Sample eval (val) ---
iter 11010: loss 1.0182, time 1788.75ms, mfu 0.97%
iter 11020: loss 1.0973, time 1772.90ms, mfu 0.97%
iter 11030: loss 0.8517, time 1772.63ms, mfu 0.98%
iter 11040: loss 1.0556, time 1774.92ms, mfu 0.98%
iter 11050: loss 1.0158, time 1784.62ms, mfu 0.98%
iter 11060: loss 1.1829, time 1780.92ms, mfu 0.98%
iter 11070: loss 1.0765, time 1773.79ms, mfu 0.98%
iter 11080: loss 1.1659, time 1770.67ms, mfu 0.98%
iter 11090: loss 1.1379, time 1776.39ms, mfu 0.98%
iter 11100: loss 1.0690, time 1781.12ms, mfu 0.98%
  === DIAG iter 11100 ===
  loss: 1.0690
  grads (pre): total 0.7279, lora 0.7269, adapter 0.0368
  grads (post): total 0.7279, lora 0.7269, adapter 0.0368
  <NUM> tokens: 18/2048 (0.9%)
  lr: base 7.54e-05, lora 7.54e-05, adapter 2.26e-05
  num inject: base_norm 0.5602, delta_raw_norm 8.2128, delta_eff_norm 0.5602, scale 0.0885
  token accuracy: 0.745 (1522/2044)
iter 11110: loss 0.9002, time 1761.85ms, mfu 0.98%
iter 11120: loss 1.1860, time 1778.97ms, mfu 0.98%
iter 11130: loss 1.2076, time 1770.61ms, mfu 0.98%
iter 11140: loss 0.8025, time 1869.18ms, mfu 0.98%
iter 11150: loss 0.8804, time 1752.70ms, mfu 0.98%
iter 11160: loss 0.9812, time 1735.47ms, mfu 0.98%
iter 11170: loss 1.1620, time 1811.34ms, mfu 0.98%
iter 11180: loss 1.0640, time 1791.82ms, mfu 0.98%
iter 11190: loss 1.1412, time 1819.96ms, mfu 0.98%
iter 11200: loss 0.9931, time 1809.54ms, mfu 0.98%
  === DIAG iter 11200 ===
  loss: 0.9931
  grads (pre): total 0.7351, lora 0.7346, adapter 0.0274
  grads (post): total 0.7351, lora 0.7346, adapter 0.0274
  <NUM> tokens: 15/2048 (0.7%)
  lr: base 7.32e-05, lora 7.32e-05, adapter 2.20e-05
  num inject: base_norm 0.5602, delta_raw_norm 8.7025, delta_eff_norm 0.5602, scale 0.0866
  token accuracy: 0.772 (1579/2045)
iter 11210: loss 1.1267, time 1780.02ms, mfu 0.98%
iter 11220: loss 1.0476, time 1767.55ms, mfu 0.98%
iter 11230: loss 1.0561, time 1829.40ms, mfu 0.98%
iter 11240: loss 1.0789, time 1821.20ms, mfu 0.98%
iter 11250: loss 1.1037, time 1796.89ms, mfu 0.98%
iter 11260: loss 1.2264, time 1784.36ms, mfu 0.98%
iter 11270: loss 0.9792, time 1784.88ms, mfu 0.98%
iter 11280: loss 1.0301, time 1835.48ms, mfu 0.97%
iter 11290: loss 0.9733, time 1812.35ms, mfu 0.97%
iter 11300: loss 1.1207, time 1826.99ms, mfu 0.97%
  === DIAG iter 11300 ===
  loss: 1.1207
  grads (pre): total 0.7375, lora 0.7370, adapter 0.0277
  grads (post): total 0.7375, lora 0.7370, adapter 0.0277
  <NUM> tokens: 11/2048 (0.5%)
  lr: base 7.11e-05, lora 7.11e-05, adapter 2.13e-05
  num inject: base_norm 0.5602, delta_raw_norm 15.3505, delta_eff_norm 0.5602, scale 0.0938
  token accuracy: 0.732 (1498/2047)
iter 11310: loss 1.0295, time 1808.93ms, mfu 0.97%
iter 11320: loss 1.0977, time 1805.46ms, mfu 0.97%
iter 11330: loss 0.9555, time 1807.18ms, mfu 0.97%
iter 11340: loss 0.8491, time 1814.79ms, mfu 0.97%
iter 11350: loss 0.8856, time 1809.03ms, mfu 0.97%
iter 11360: loss 0.9784, time 1712.74ms, mfu 0.98%
iter 11370: loss 1.1766, time 1703.76ms, mfu 0.98%
iter 11380: loss 1.0307, time 1701.09ms, mfu 0.99%
iter 11390: loss 1.1826, time 1699.79ms, mfu 0.99%
iter 11400: loss 1.1370, time 1781.74ms, mfu 0.99%
  === DIAG iter 11400 ===
  loss: 1.1370
  grads (pre): total 0.7592, lora 0.7587, adapter 0.0286
  grads (post): total 0.7592, lora 0.7587, adapter 0.0286
  <NUM> tokens: 20/2048 (1.0%)
  lr: base 6.90e-05, lora 6.90e-05, adapter 2.07e-05
  num inject: base_norm 0.5602, delta_raw_norm 8.1371, delta_eff_norm 0.5602, scale 0.0935
  token accuracy: 0.723 (1478/2045)
iter 11410: loss 1.0848, time 1775.83ms, mfu 0.99%
iter 11420: loss 1.1730, time 1765.42ms, mfu 0.99%
iter 11430: loss 1.1650, time 1775.50ms, mfu 0.99%
iter 11440: loss 0.9858, time 1886.71ms, mfu 0.98%
iter 11450: loss 0.8966, time 1837.44ms, mfu 0.98%
iter 11460: loss 0.9555, time 1831.53ms, mfu 0.98%
iter 11470: loss 1.0396, time 1888.31ms, mfu 0.97%
iter 11480: loss 1.2401, time 1839.16ms, mfu 0.97%
iter 11490: loss 0.8646, time 1839.74ms, mfu 0.97%
iter 11500: loss 1.1999, time 1846.76ms, mfu 0.97%
  === DIAG iter 11500 ===
  loss: 1.1999
  grads (pre): total 0.7056, lora 0.7048, adapter 0.0328
  grads (post): total 0.7056, lora 0.7048, adapter 0.0328
  <NUM> tokens: 23/2048 (1.1%)
  lr: base 6.70e-05, lora 6.70e-05, adapter 2.01e-05
  num inject: base_norm 0.5602, delta_raw_norm 31.3978, delta_eff_norm 0.5602, scale 0.0697
  token accuracy: 0.711 (1453/2044)
iter 11510: loss 0.9849, time 1856.38ms, mfu 0.96%
iter 11520: loss 0.9394, time 1856.29ms, mfu 0.96%
iter 11530: loss 0.9958, time 1841.56ms, mfu 0.96%
iter 11540: loss 1.4362, time 1804.43ms, mfu 0.96%
iter 11550: loss 1.0205, time 1799.73ms, mfu 0.96%
iter 11560: loss 1.0008, time 1815.06ms, mfu 0.96%
iter 11570: loss 0.6320, time 1812.45ms, mfu 0.96%
iter 11580: loss 1.2203, time 1816.02ms, mfu 0.96%
iter 11590: loss 1.2125, time 1808.85ms, mfu 0.96%
iter 11600: loss 0.9920, time 1818.45ms, mfu 0.96%
  === DIAG iter 11600 ===
  loss: 0.9920
  grads (pre): total 0.7738, lora 0.7731, adapter 0.0323
  grads (post): total 0.7738, lora 0.7731, adapter 0.0323
  <NUM> tokens: 21/2048 (1.0%)
  lr: base 6.50e-05, lora 6.50e-05, adapter 1.95e-05
  num inject: base_norm 0.5602, delta_raw_norm 210.7024, delta_eff_norm 0.5602, scale 0.0685
  token accuracy: 0.772 (1577/2044)
iter 11610: loss 1.1081, time 1805.33ms, mfu 0.96%
iter 11620: loss 1.2549, time 1803.57ms, mfu 0.96%
iter 11630: loss 1.0751, time 1805.98ms, mfu 0.97%
iter 11640: loss 1.1285, time 1802.20ms, mfu 0.97%
iter 11650: loss 0.9908, time 1803.81ms, mfu 0.97%
iter 11660: loss 1.1733, time 1865.83ms, mfu 0.96%
iter 11670: loss 0.9640, time 1808.26ms, mfu 0.96%
iter 11680: loss 1.0585, time 1786.74ms, mfu 0.97%
iter 11690: loss 0.9793, time 1818.36ms, mfu 0.97%
iter 11700: loss 1.1139, time 1830.53ms, mfu 0.96%
  === DIAG iter 11700 ===
  loss: 1.1139
  grads (pre): total 0.7698, lora 0.7690, adapter 0.0362
  grads (post): total 0.7698, lora 0.7690, adapter 0.0362
  <NUM> tokens: 16/2048 (0.8%)
  lr: base 6.31e-05, lora 6.31e-05, adapter 1.89e-05
  num inject: base_norm 0.5602, delta_raw_norm 8.7951, delta_eff_norm 0.5602, scale 0.0887
  token accuracy: 0.744 (1519/2043)
iter 11710: loss 0.9722, time 1807.91ms, mfu 0.96%
iter 11720: loss 0.9216, time 1819.24ms, mfu 0.96%
iter 11730: loss 1.1304, time 1833.72ms, mfu 0.96%
iter 11740: loss 1.1126, time 1837.52ms, mfu 0.96%
iter 11750: loss 1.1754, time 1828.36ms, mfu 0.96%
iter 11760: loss 1.0681, time 1826.60ms, mfu 0.96%
iter 11770: loss 0.7082, time 1834.42ms, mfu 0.96%
iter 11780: loss 0.9914, time 1858.51ms, mfu 0.96%
iter 11790: loss 0.9759, time 1862.55ms, mfu 0.96%
iter 11800: loss 1.0536, time 1856.65ms, mfu 0.96%
  === DIAG iter 11800 ===
  loss: 1.0536
  grads (pre): total 0.7079, lora 0.7072, adapter 0.0314
  grads (post): total 0.7079, lora 0.7072, adapter 0.0314
  <NUM> tokens: 18/2048 (0.9%)
  lr: base 6.12e-05, lora 6.12e-05, adapter 1.84e-05
  num inject: base_norm 0.5602, delta_raw_norm 10.1822, delta_eff_norm 0.5602, scale 0.0790
  token accuracy: 0.755 (1543/2044)
iter 11810: loss 1.1302, time 1808.33ms, mfu 0.96%
iter 11820: loss 1.1474, time 1759.72ms, mfu 0.96%
iter 11830: loss 0.8357, time 1755.45ms, mfu 0.96%
iter 11840: loss 0.8991, time 1708.59ms, mfu 0.97%
iter 11850: loss 1.1105, time 1706.81ms, mfu 0.98%
iter 11860: loss 0.8974, time 1718.89ms, mfu 0.98%
iter 11870: loss 1.1446, time 1757.79ms, mfu 0.98%
iter 11880: loss 0.9956, time 1755.00ms, mfu 0.98%
iter 11890: loss 0.9089, time 1712.76ms, mfu 0.99%
iter 11900: loss 1.0106, time 1802.96ms, mfu 0.99%
  === DIAG iter 11900 ===
  loss: 1.0106
  grads (pre): total 0.7483, lora 0.7477, adapter 0.0309
  grads (post): total 0.7483, lora 0.7477, adapter 0.0309
  <NUM> tokens: 19/2048 (0.9%)
  lr: base 5.93e-05, lora 5.93e-05, adapter 1.78e-05
  num inject: base_norm 0.5602, delta_raw_norm 12.1106, delta_eff_norm 0.5602, scale 0.0907
  token accuracy: 0.761 (1554/2042)
iter 11910: loss 1.0611, time 1789.51ms, mfu 0.98%
iter 11920: loss 0.8563, time 1789.85ms, mfu 0.98%
iter 11930: loss 1.0501, time 1833.28ms, mfu 0.98%
iter 11940: loss 1.0962, time 1781.64ms, mfu 0.98%
iter 11950: loss 1.0816, time 1830.34ms, mfu 0.98%
iter 11960: loss 1.0215, time 1815.56ms, mfu 0.98%
iter 11970: loss 0.9942, time 1742.74ms, mfu 0.98%
iter 11980: loss 1.2784, time 1751.26ms, mfu 0.98%
iter 11990: loss 0.8511, time 1748.83ms, mfu 0.98%
step 12000: train loss 1.0047, val loss 1.0139
  saved checkpoint to /tmpdir/m24047brmn/numbers/model_checkpoints/tulu_adapted_lora/ckpt_iter12000.pt
  new best val loss: 1.0139
iter 12000: loss 0.9497, time 17077.45ms, mfu 0.90%
  === DIAG iter 12000 ===
  loss: 0.9497
  grads (pre): total 0.7232, lora 0.7225, adapter 0.0322
  grads (post): total 0.7232, lora 0.7225, adapter 0.0322
  <NUM> tokens: 11/2048 (0.5%)
  lr: base 5.75e-05, lora 5.75e-05, adapter 1.73e-05
  num inject: base_norm 0.5602, delta_raw_norm 8.5074, delta_eff_norm 0.5602, scale 0.0852
  token accuracy: 0.780 (1595/2046)
  --- Sample eval (val) ---
iter 12010: loss 0.9402, time 1699.64ms, mfu 0.91%
iter 12020: loss 0.8477, time 1706.48ms, mfu 0.92%
iter 12030: loss 0.9821, time 1704.53ms, mfu 0.93%
iter 12040: loss 0.8914, time 1704.64ms, mfu 0.94%
iter 12050: loss 0.8500, time 1710.12ms, mfu 0.95%
iter 12060: loss 1.1173, time 1705.74ms, mfu 0.96%
iter 12070: loss 1.1354, time 1702.35ms, mfu 0.96%
iter 12080: loss 1.1834, time 1701.48ms, mfu 0.97%
iter 12090: loss 1.0908, time 1714.96ms, mfu 0.98%
iter 12100: loss 1.0938, time 1734.68ms, mfu 0.98%
  === DIAG iter 12100 ===
  loss: 1.0938
  grads (pre): total 0.7033, lora 0.7029, adapter 0.0230
  grads (post): total 0.7033, lora 0.7029, adapter 0.0230
  <NUM> tokens: 13/2048 (0.6%)
  lr: base 5.58e-05, lora 5.58e-05, adapter 1.67e-05
  num inject: base_norm 0.5602, delta_raw_norm 12.7735, delta_eff_norm 0.5602, scale 0.0834
  token accuracy: 0.741 (1514/2043)
iter 12110: loss 0.9455, time 1718.25ms, mfu 0.98%
iter 12120: loss 0.9119, time 1717.75ms, mfu 0.99%
iter 12130: loss 0.9401, time 1719.20ms, mfu 0.99%
iter 12140: loss 1.0930, time 1724.20ms, mfu 0.99%
iter 12150: loss 0.8693, time 1641.51ms, mfu 1.00%
iter 12160: loss 0.9833, time 1693.76ms, mfu 1.00%
iter 12170: loss 1.0666, time 1706.20ms, mfu 1.01%
iter 12180: loss 1.1527, time 1704.85ms, mfu 1.01%
iter 12190: loss 0.9695, time 1695.44ms, mfu 1.01%
iter 12200: loss 0.9438, time 1732.69ms, mfu 1.01%
  === DIAG iter 12200 ===
  loss: 0.9438
  grads (pre): total 0.7544, lora 0.7538, adapter 0.0294
  grads (post): total 0.7544, lora 0.7538, adapter 0.0294
  <NUM> tokens: 22/2048 (1.1%)
  lr: base 5.41e-05, lora 5.41e-05, adapter 1.62e-05
  num inject: base_norm 0.5602, delta_raw_norm 21.1678, delta_eff_norm 0.5602, scale 0.0819
  token accuracy: 0.775 (1585/2044)
iter 12210: loss 1.0947, time 1712.31ms, mfu 1.01%
iter 12220: loss 1.2061, time 1696.47ms, mfu 1.01%
iter 12230: loss 0.7910, time 1711.95ms, mfu 1.01%
iter 12240: loss 0.8713, time 1707.35ms, mfu 1.02%
iter 12250: loss 0.9455, time 1702.93ms, mfu 1.02%
iter 12260: loss 0.8844, time 1737.63ms, mfu 1.02%
iter 12270: loss 0.8007, time 1713.41ms, mfu 1.02%
iter 12280: loss 1.0704, time 1726.35ms, mfu 1.02%
iter 12290: loss 1.0479, time 1731.47ms, mfu 1.02%
iter 12300: loss 1.1253, time 1730.20ms, mfu 1.02%
  === DIAG iter 12300 ===
  loss: 1.1253
  grads (pre): total 0.7272, lora 0.7266, adapter 0.0299
  grads (post): total 0.7272, lora 0.7266, adapter 0.0299
  <NUM> tokens: 25/2048 (1.2%)
  lr: base 5.24e-05, lora 5.24e-05, adapter 1.57e-05
  num inject: base_norm 0.5602, delta_raw_norm 7.6160, delta_eff_norm 0.5602, scale 0.1063
  token accuracy: 0.737 (1506/2044)
iter 12310: loss 1.0412, time 1716.76ms, mfu 1.02%
iter 12320: loss 0.9395, time 1715.73ms, mfu 1.02%
iter 12330: loss 1.1514, time 1717.18ms, mfu 1.02%
iter 12340: loss 1.1483, time 1713.44ms, mfu 1.02%
iter 12350: loss 1.0251, time 1715.72ms, mfu 1.02%
iter 12360: loss 1.1161, time 1710.97ms, mfu 1.02%
iter 12370: loss 1.0413, time 1686.24ms, mfu 1.02%
iter 12380: loss 1.0147, time 1682.98ms, mfu 1.02%
iter 12390: loss 1.3934, time 1681.74ms, mfu 1.02%
iter 12400: loss 1.1156, time 1690.13ms, mfu 1.02%
  === DIAG iter 12400 ===
  loss: 1.1156
  grads (pre): total 0.7625, lora 0.7619, adapter 0.0321
  grads (post): total 0.7625, lora 0.7619, adapter 0.0321
  <NUM> tokens: 20/2048 (1.0%)
  lr: base 5.09e-05, lora 5.09e-05, adapter 1.53e-05
  num inject: base_norm 0.5602, delta_raw_norm 7.3389, delta_eff_norm 0.5602, scale 0.1000
  token accuracy: 0.728 (1488/2044)
iter 12410: loss 1.1846, time 1682.73ms, mfu 1.03%
iter 12420: loss 1.3001, time 1686.62ms, mfu 1.03%
iter 12430: loss 1.1694, time 1679.56ms, mfu 1.03%
iter 12440: loss 1.1207, time 1687.73ms, mfu 1.03%
iter 12450: loss 1.1508, time 1687.29ms, mfu 1.03%
iter 12460: loss 1.0478, time 1683.68ms, mfu 1.03%
iter 12470: loss 1.2125, time 1692.00ms, mfu 1.03%
iter 12480: loss 1.0836, time 1680.74ms, mfu 1.03%
iter 12490: loss 1.1810, time 1718.87ms, mfu 1.03%
iter 12500: loss 1.0712, time 1767.96ms, mfu 1.03%
  === DIAG iter 12500 ===
  loss: 1.0712
  grads (pre): total 0.7369, lora 0.7364, adapter 0.0284
  grads (post): total 0.7369, lora 0.7364, adapter 0.0284
  <NUM> tokens: 22/2048 (1.1%)
  lr: base 4.93e-05, lora 4.93e-05, adapter 1.48e-05
  num inject: base_norm 0.5602, delta_raw_norm 7.4463, delta_eff_norm 0.5602, scale 0.1071
  token accuracy: 0.742 (1516/2044)
iter 12510: loss 0.9188, time 1752.87ms, mfu 1.02%
iter 12520: loss 0.9955, time 1745.25ms, mfu 1.02%
iter 12530: loss 1.0489, time 1747.11ms, mfu 1.02%
iter 12540: loss 1.0045, time 1689.36ms, mfu 1.02%
iter 12550: loss 1.1616, time 1688.07ms, mfu 1.02%
iter 12560: loss 0.9139, time 1687.76ms, mfu 1.02%
iter 12570: loss 0.8804, time 1694.22ms, mfu 1.03%
iter 12580: loss 1.0142, time 1676.96ms, mfu 1.03%
iter 12590: loss 1.0933, time 1678.64ms, mfu 1.03%
iter 12600: loss 0.9029, time 1689.19ms, mfu 1.03%
  === DIAG iter 12600 ===
  loss: 0.9029
  grads (pre): total 0.6896, lora 0.6890, adapter 0.0274
  grads (post): total 0.6896, lora 0.6890, adapter 0.0274
  <NUM> tokens: 14/2048 (0.7%)
  lr: base 4.78e-05, lora 4.78e-05, adapter 1.44e-05
  num inject: base_norm 0.5602, delta_raw_norm 9.0043, delta_eff_norm 0.5602, scale 0.0926
  token accuracy: 0.790 (1615/2044)
iter 12610: loss 1.2652, time 1682.56ms, mfu 1.03%
iter 12620: loss 1.0887, time 1680.73ms, mfu 1.03%
iter 12630: loss 0.9273, time 1685.93ms, mfu 1.03%
iter 12640: loss 1.1479, time 1678.82ms, mfu 1.03%
iter 12650: loss 0.9741, time 1676.63ms, mfu 1.03%
iter 12660: loss 1.1308, time 1696.94ms, mfu 1.03%
iter 12670: loss 1.1546, time 1697.58ms, mfu 1.03%
iter 12680: loss 0.8909, time 1700.65ms, mfu 1.03%
iter 12690: loss 0.8433, time 1701.71ms, mfu 1.03%
iter 12700: loss 0.9475, time 1712.63ms, mfu 1.03%
  === DIAG iter 12700 ===
  loss: 0.9475
  grads (pre): total 0.6972, lora 0.6965, adapter 0.0309
  grads (post): total 0.6972, lora 0.6965, adapter 0.0309
  <NUM> tokens: 16/2048 (0.8%)
  lr: base 4.64e-05, lora 4.64e-05, adapter 1.39e-05
  num inject: base_norm 0.5602, delta_raw_norm 50.9426, delta_eff_norm 0.5602, scale 0.0715
  token accuracy: 0.761 (1556/2044)
iter 12710: loss 0.9108, time 1700.20ms, mfu 1.03%
iter 12720: loss 1.1881, time 1700.98ms, mfu 1.03%
iter 12730: loss 1.2054, time 1706.21ms, mfu 1.03%
iter 12740: loss 1.0888, time 1704.33ms, mfu 1.03%
iter 12750: loss 0.8644, time 1703.65ms, mfu 1.03%
iter 12760: loss 0.9652, time 1700.44ms, mfu 1.03%
iter 12770: loss 1.0838, time 1701.79ms, mfu 1.03%
iter 12780: loss 1.2693, time 1698.49ms, mfu 1.03%
iter 12790: loss 0.8933, time 1699.41ms, mfu 1.03%
iter 12800: loss 0.9222, time 1715.33ms, mfu 1.03%
  === DIAG iter 12800 ===
  loss: 0.9222
  grads (pre): total 0.7138, lora 0.7131, adapter 0.0317
  grads (post): total 0.7138, lora 0.7131, adapter 0.0317
  <NUM> tokens: 19/2048 (0.9%)
  lr: base 4.50e-05, lora 4.50e-05, adapter 1.35e-05
  num inject: base_norm 0.5602, delta_raw_norm 11.9718, delta_eff_norm 0.5602, scale 0.0851
  token accuracy: 0.766 (1566/2044)
iter 12810: loss 0.9929, time 1682.67ms, mfu 1.03%
iter 12820: loss 0.7916, time 1783.65ms, mfu 1.03%
iter 12830: loss 0.9135, time 1744.44ms, mfu 1.02%
iter 12840: loss 1.0900, time 1742.78ms, mfu 1.02%
iter 12850: loss 1.0393, time 1716.37ms, mfu 1.02%
iter 12860: loss 0.8886, time 1712.76ms, mfu 1.02%
iter 12870: loss 1.0595, time 1744.16ms, mfu 1.02%
iter 12880: loss 1.2913, time 1758.78ms, mfu 1.02%
iter 12890: loss 1.0045, time 1758.06ms, mfu 1.01%
iter 12900: loss 0.8031, time 1762.55ms, mfu 1.01%
  === DIAG iter 12900 ===
  loss: 0.8031
  grads (pre): total 0.7302, lora 0.7296, adapter 0.0282
  grads (post): total 0.7302, lora 0.7296, adapter 0.0282
  <NUM> tokens: 19/2048 (0.9%)
  lr: base 4.37e-05, lora 4.37e-05, adapter 1.31e-05
  num inject: base_norm 0.5602, delta_raw_norm 23.7259, delta_eff_norm 0.5602, scale 0.0615
  token accuracy: 0.800 (1635/2044)
iter 12910: loss 0.9528, time 1766.00ms, mfu 1.01%
iter 12920: loss 1.1515, time 1746.89ms, mfu 1.01%
iter 12930: loss 1.1532, time 1751.94ms, mfu 1.01%
iter 12940: loss 0.8613, time 1681.91ms, mfu 1.01%
iter 12950: loss 0.9197, time 1781.65ms, mfu 1.01%
iter 12960: loss 0.9354, time 1775.55ms, mfu 1.01%
iter 12970: loss 0.9384, time 1776.84ms, mfu 1.00%
iter 12980: loss 0.9767, time 1776.84ms, mfu 1.00%
iter 12990: loss 0.9631, time 1776.49ms, mfu 1.00%
iter 13000: loss 0.7991, time 1701.29ms, mfu 1.00%
  === DIAG iter 13000 ===
  loss: 0.7991
  grads (pre): total 0.7122, lora 0.7115, adapter 0.0320
  grads (post): total 0.7122, lora 0.7115, adapter 0.0320
  <NUM> tokens: 29/2048 (1.4%)
  lr: base 4.25e-05, lora 4.25e-05, adapter 1.27e-05
  num inject: base_norm 0.5602, delta_raw_norm 15.0970, delta_eff_norm 0.5602, scale 0.0727
  token accuracy: 0.808 (1651/2044)
  --- Sample eval (val) ---
iter 13010: loss 0.8610, time 1749.69ms, mfu 1.00%
iter 13020: loss 0.9580, time 1746.93ms, mfu 1.00%
iter 13030: loss 0.9880, time 1772.93ms, mfu 1.00%
iter 13040: loss 1.0005, time 1759.03ms, mfu 1.00%
iter 13050: loss 0.9261, time 1753.47ms, mfu 1.00%
iter 13060: loss 0.9017, time 1740.58ms, mfu 1.00%
iter 13070: loss 1.0269, time 1738.35ms, mfu 1.00%
iter 13080: loss 1.2921, time 1751.64ms, mfu 1.00%
iter 13090: loss 0.9380, time 1704.37ms, mfu 1.00%
iter 13100: loss 0.8590, time 1734.55ms, mfu 1.00%
  === DIAG iter 13100 ===
  loss: 0.8590
  grads (pre): total 0.7045, lora 0.7036, adapter 0.0358
  grads (post): total 0.7045, lora 0.7036, adapter 0.0358
  <NUM> tokens: 26/2048 (1.3%)
  lr: base 4.13e-05, lora 4.13e-05, adapter 1.24e-05
  num inject: base_norm 0.5602, delta_raw_norm 7.2923, delta_eff_norm 0.5602, scale 0.1058
  token accuracy: 0.795 (1626/2045)
iter 13110: loss 0.9990, time 1781.87ms, mfu 1.00%
iter 13120: loss 1.1601, time 1695.61ms, mfu 1.01%
iter 13130: loss 0.8741, time 1694.20ms, mfu 1.01%
iter 13140: loss 0.8178, time 1753.87ms, mfu 1.01%
iter 13150: loss 1.0070, time 1761.49ms, mfu 1.01%
iter 13160: loss 1.0712, time 1752.19ms, mfu 1.00%
iter 13170: loss 0.9620, time 1788.05ms, mfu 1.00%
iter 13180: loss 0.9696, time 1761.07ms, mfu 1.00%
iter 13190: loss 1.0493, time 1763.65ms, mfu 1.00%
iter 13200: loss 1.0694, time 1717.46ms, mfu 1.00%
  === DIAG iter 13200 ===
  loss: 1.0694
  grads (pre): total 0.7036, lora 0.7029, adapter 0.0309
  grads (post): total 0.7036, lora 0.7029, adapter 0.0309
  <NUM> tokens: 16/2048 (0.8%)
  lr: base 4.01e-05, lora 4.01e-05, adapter 1.20e-05
  num inject: base_norm 0.5602, delta_raw_norm 9.3828, delta_eff_norm 0.5602, scale 0.0868
  token accuracy: 0.753 (1540/2045)
iter 13210: loss 1.0103, time 1706.10ms, mfu 1.00%
iter 13220: loss 0.9096, time 1788.16ms, mfu 1.00%
iter 13230: loss 1.2362, time 1788.66ms, mfu 1.00%
iter 13240: loss 1.0620, time 1758.98ms, mfu 1.00%
iter 13250: loss 1.0470, time 1759.09ms, mfu 1.00%
iter 13260: loss 1.1806, time 1759.22ms, mfu 1.00%
iter 13270: loss 0.9483, time 1760.97ms, mfu 1.00%
iter 13280: loss 0.8954, time 1767.34ms, mfu 1.00%
iter 13290: loss 0.9457, time 1800.53ms, mfu 0.99%
iter 13300: loss 1.1318, time 1861.99ms, mfu 0.99%
  === DIAG iter 13300 ===
  loss: 1.1318
  grads (pre): total 0.7232, lora 0.7227, adapter 0.0287
  grads (post): total 0.7232, lora 0.7227, adapter 0.0287
  <NUM> tokens: 22/2048 (1.1%)
  lr: base 3.91e-05, lora 3.91e-05, adapter 1.17e-05
  num inject: base_norm 0.5602, delta_raw_norm 9.2149, delta_eff_norm 0.5602, scale 0.0938
  token accuracy: 0.733 (1500/2045)
iter 13310: loss 1.1713, time 1851.89ms, mfu 0.98%
iter 13320: loss 0.9405, time 1845.98ms, mfu 0.98%
iter 13330: loss 0.9395, time 1831.50ms, mfu 0.98%
iter 13340: loss 1.4998, time 1805.58ms, mfu 0.98%
iter 13350: loss 0.9697, time 1817.31ms, mfu 0.98%
iter 13360: loss 0.9061, time 1827.16ms, mfu 0.97%
iter 13370: loss 1.3476, time 1815.16ms, mfu 0.97%
iter 13380: loss 1.0087, time 1758.49ms, mfu 0.98%
iter 13390: loss 0.9745, time 1698.68ms, mfu 0.98%
iter 13400: loss 1.0866, time 1701.07ms, mfu 0.99%
  === DIAG iter 13400 ===
  loss: 1.0866
  grads (pre): total 0.7325, lora 0.7319, adapter 0.0295
  grads (post): total 0.7325, lora 0.7319, adapter 0.0295
  <NUM> tokens: 12/2048 (0.6%)
  lr: base 3.80e-05, lora 3.80e-05, adapter 1.14e-05
  num inject: base_norm 0.5602, delta_raw_norm 12.0545, delta_eff_norm 0.5602, scale 0.1037
  token accuracy: 0.745 (1524/2045)
iter 13410: loss 0.9021, time 1748.70ms, mfu 0.99%
iter 13420: loss 1.0592, time 1749.82ms, mfu 0.99%
iter 13430: loss 1.1018, time 1702.92ms, mfu 0.99%
iter 13440: loss 1.2029, time 1859.90ms, mfu 0.99%
iter 13450: loss 0.8948, time 1815.08ms, mfu 0.99%
iter 13460: loss 0.9757, time 1856.65ms, mfu 0.98%
iter 13470: loss 1.0580, time 1792.51ms, mfu 0.98%
iter 13480: loss 1.1288, time 1795.46ms, mfu 0.98%
iter 13490: loss 1.2119, time 1800.36ms, mfu 0.98%
iter 13500: loss 0.8368, time 1812.72ms, mfu 0.98%
  === DIAG iter 13500 ===
  loss: 0.8368
  grads (pre): total 0.6932, lora 0.6925, adapter 0.0313
  grads (post): total 0.6932, lora 0.6925, adapter 0.0313
  <NUM> tokens: 22/2048 (1.1%)
  lr: base 3.71e-05, lora 3.71e-05, adapter 1.11e-05
  num inject: base_norm 0.5602, delta_raw_norm 24.2108, delta_eff_norm 0.5602, scale 0.0776
  token accuracy: 0.803 (1643/2045)
iter 13510: loss 0.9307, time 1798.77ms, mfu 0.98%
iter 13520: loss 1.1081, time 1796.73ms, mfu 0.98%
iter 13530: loss 1.0906, time 1702.27ms, mfu 0.98%
iter 13540: loss 0.9232, time 1725.57ms, mfu 0.99%
iter 13550: loss 0.8283, time 1715.01ms, mfu 0.99%
iter 13560: loss 0.8445, time 1752.15ms, mfu 0.99%
iter 13570: loss 0.8347, time 1786.01ms, mfu 0.99%
iter 13580: loss 1.0032, time 1768.25ms, mfu 0.99%
iter 13590: loss 0.8777, time 1722.10ms, mfu 0.99%
iter 13600: loss 0.7336, time 1734.36ms, mfu 0.99%
  === DIAG iter 13600 ===
  loss: 0.7336
  grads (pre): total 0.7119, lora 0.7113, adapter 0.0307
  grads (post): total 0.7119, lora 0.7113, adapter 0.0307
  <NUM> tokens: 11/2048 (0.5%)
  lr: base 3.62e-05, lora 3.62e-05, adapter 1.08e-05
  num inject: base_norm 0.5602, delta_raw_norm 11.4745, delta_eff_norm 0.5602, scale 0.1034
  token accuracy: 0.836 (1709/2045)
iter 13610: loss 0.8545, time 1694.21ms, mfu 1.00%
iter 13620: loss 0.9414, time 1769.07ms, mfu 1.00%
iter 13630: loss 0.9001, time 1774.76ms, mfu 1.00%
iter 13640: loss 1.1283, time 1770.91ms, mfu 0.99%
iter 13650: loss 0.9656, time 1706.01ms, mfu 1.00%
iter 13660: loss 1.0508, time 1733.34ms, mfu 1.00%
iter 13670: loss 1.0273, time 1731.76ms, mfu 1.00%
iter 13680: loss 1.0822, time 1734.00ms, mfu 1.00%
iter 13690: loss 0.6891, time 1736.87ms, mfu 1.00%
iter 13700: loss 0.9282, time 1722.70ms, mfu 1.00%
  === DIAG iter 13700 ===
  loss: 0.9282
  grads (pre): total 0.6947, lora 0.6939, adapter 0.0316
  grads (post): total 0.6947, lora 0.6939, adapter 0.0316
  <NUM> tokens: 12/2048 (0.6%)
  lr: base 3.53e-05, lora 3.53e-05, adapter 1.06e-05
  num inject: base_norm 0.5602, delta_raw_norm 8.9499, delta_eff_norm 0.5602, scale 0.1056
  token accuracy: 0.787 (1610/2045)
iter 13710: loss 1.0075, time 1710.98ms, mfu 1.01%
iter 13720: loss 1.1630, time 1792.58ms, mfu 1.00%
iter 13730: loss 0.9801, time 1791.57ms, mfu 1.00%
iter 13740: loss 0.9913, time 1786.26ms, mfu 1.00%
iter 13750: loss 0.9225, time 1782.67ms, mfu 1.00%
iter 13760: loss 1.0139, time 1711.82ms, mfu 1.00%
iter 13770: loss 1.0837, time 1710.20ms, mfu 1.00%
iter 13780: loss 0.8980, time 1714.67ms, mfu 1.00%
iter 13790: loss 1.1510, time 1722.50ms, mfu 1.00%
iter 13800: loss 0.7930, time 1730.47ms, mfu 1.01%
  === DIAG iter 13800 ===
  loss: 0.7930
  grads (pre): total 0.7196, lora 0.7188, adapter 0.0331
  grads (post): total 0.7196, lora 0.7188, adapter 0.0331
  <NUM> tokens: 15/2048 (0.7%)
  lr: base 3.45e-05, lora 3.45e-05, adapter 1.04e-05
  num inject: base_norm 0.5602, delta_raw_norm 8.6837, delta_eff_norm 0.5602, scale 0.0964
  token accuracy: 0.816 (1668/2045)
iter 13810: loss 0.8980, time 1715.94ms, mfu 1.01%
iter 13820: loss 0.7222, time 1718.11ms, mfu 1.01%
iter 13830: loss 1.0065, time 1716.56ms, mfu 1.01%
iter 13840: loss 0.8835, time 1718.24ms, mfu 1.01%
iter 13850: loss 1.1945, time 1717.63ms, mfu 1.01%
iter 13860: loss 0.9217, time 1717.83ms, mfu 1.01%
iter 13870: loss 0.9470, time 1726.04ms, mfu 1.01%
iter 13880: loss 1.1454, time 1708.40ms, mfu 1.01%
iter 13890: loss 1.1814, time 1717.21ms, mfu 1.01%
iter 13900: loss 0.8077, time 1728.44ms, mfu 1.01%
  === DIAG iter 13900 ===
  loss: 0.8077
  grads (pre): total 0.7142, lora 0.7136, adapter 0.0287
  grads (post): total 0.7142, lora 0.7136, adapter 0.0287
  <NUM> tokens: 17/2048 (0.8%)
  lr: base 3.38e-05, lora 3.38e-05, adapter 1.01e-05
  num inject: base_norm 0.5602, delta_raw_norm 14.0355, delta_eff_norm 0.5602, scale 0.0676
  token accuracy: 0.804 (1643/2044)
iter 13910: loss 1.1092, time 1728.90ms, mfu 1.01%
iter 13920: loss 1.0318, time 1723.40ms, mfu 1.01%
iter 13930: loss 1.0124, time 1734.09ms, mfu 1.01%
iter 13940: loss 1.0202, time 1713.61ms, mfu 1.01%
iter 13950: loss 0.9117, time 1723.97ms, mfu 1.01%
iter 13960: loss 1.0061, time 1779.49ms, mfu 1.01%
iter 13970: loss 1.1533, time 1801.10ms, mfu 1.01%
iter 13980: loss 1.1085, time 1784.57ms, mfu 1.00%
iter 13990: loss 0.9596, time 1781.69ms, mfu 1.00%
step 14000: train loss 0.9885, val loss 1.0240
  saved checkpoint to /tmpdir/m24047brmn/numbers/model_checkpoints/tulu_adapted_lora/ckpt_iter14000.pt
iter 14000: loss 0.9457, time 16972.49ms, mfu 0.91%
  === DIAG iter 14000 ===
  loss: 0.9457
  grads (pre): total 0.7325, lora 0.7318, adapter 0.0322
  grads (post): total 0.7325, lora 0.7318, adapter 0.0322
  <NUM> tokens: 14/2048 (0.7%)
  lr: base 3.32e-05, lora 3.32e-05, adapter 9.95e-06
  num inject: base_norm 0.5602, delta_raw_norm 24.1758, delta_eff_norm 0.5602, scale 0.0869
  token accuracy: 0.758 (1550/2044)
  --- Sample eval (val) ---
iter 14010: loss 1.0667, time 1775.95ms, mfu 0.92%
iter 14020: loss 0.9590, time 1780.12ms, mfu 0.93%
iter 14030: loss 1.0589, time 1779.72ms, mfu 0.93%
iter 14040: loss 0.6911, time 1779.66ms, mfu 0.94%
iter 14050: loss 1.0982, time 1783.48ms, mfu 0.94%
iter 14060: loss 1.2028, time 1776.51ms, mfu 0.95%
iter 14070: loss 0.8004, time 1775.36ms, mfu 0.95%
iter 14080: loss 1.0244, time 1778.30ms, mfu 0.95%
iter 14090: loss 0.8531, time 1776.71ms, mfu 0.96%
iter 14100: loss 0.9200, time 1737.21ms, mfu 0.96%
  === DIAG iter 14100 ===
  loss: 0.9200
  grads (pre): total 0.7128, lora 0.7120, adapter 0.0331
  grads (post): total 0.7128, lora 0.7120, adapter 0.0331
  <NUM> tokens: 32/2048 (1.6%)
  lr: base 3.26e-05, lora 3.26e-05, adapter 9.77e-06
  num inject: base_norm 0.5602, delta_raw_norm 8.4779, delta_eff_norm 0.5602, scale 0.0878
  token accuracy: 0.776 (1586/2044)
iter 14110: loss 1.0667, time 1720.11ms, mfu 0.97%
iter 14120: loss 0.9966, time 1721.84ms, mfu 0.97%
iter 14130: loss 0.8473, time 1772.86ms, mfu 0.97%
iter 14140: loss 0.9006, time 1742.59ms, mfu 0.98%
iter 14150: loss 1.0741, time 1740.68ms, mfu 0.98%
iter 14160: loss 1.1278, time 1739.19ms, mfu 0.98%
iter 14170: loss 0.8311, time 1741.15ms, mfu 0.98%
iter 14180: loss 1.1056, time 1741.24ms, mfu 0.99%
iter 14190: loss 0.9491, time 1741.07ms, mfu 0.99%
iter 14200: loss 1.0544, time 1771.02ms, mfu 0.99%
  === DIAG iter 14200 ===
  loss: 1.0544
  grads (pre): total 0.7371, lora 0.7365, adapter 0.0303
  grads (post): total 0.7371, lora 0.7365, adapter 0.0303
  <NUM> tokens: 20/2048 (1.0%)
  lr: base 3.20e-05, lora 3.20e-05, adapter 9.61e-06
  num inject: base_norm 0.5602, delta_raw_norm 28.9645, delta_eff_norm 0.5602, scale 0.0597
  token accuracy: 0.753 (1540/2044)
iter 14210: loss 1.1207, time 1757.22ms, mfu 0.99%
iter 14220: loss 0.8941, time 1754.55ms, mfu 0.99%
iter 14230: loss 1.0910, time 1756.89ms, mfu 0.99%
iter 14240: loss 1.1050, time 1706.61ms, mfu 0.99%
iter 14250: loss 0.9769, time 1810.16ms, mfu 0.99%
iter 14260: loss 1.0139, time 1761.25ms, mfu 0.99%
iter 14270: loss 1.1505, time 1762.56ms, mfu 0.99%
iter 14280: loss 1.0753, time 1762.54ms, mfu 0.99%
iter 14290: loss 0.8186, time 1767.97ms, mfu 0.99%
iter 14300: loss 1.2016, time 1776.81ms, mfu 0.99%
  === DIAG iter 14300 ===
  loss: 1.2016
  grads (pre): total 0.7356, lora 0.7348, adapter 0.0336
  grads (post): total 0.7356, lora 0.7348, adapter 0.0336
  <NUM> tokens: 22/2048 (1.1%)
  lr: base 3.15e-05, lora 3.15e-05, adapter 9.46e-06
  num inject: base_norm 0.5602, delta_raw_norm 12.5675, delta_eff_norm 0.5602, scale 0.0961
  token accuracy: 0.722 (1475/2044)
iter 14310: loss 1.0589, time 1708.19ms, mfu 0.99%
iter 14320: loss 1.0474, time 1766.69ms, mfu 0.99%
iter 14330: loss 1.0436, time 1763.42ms, mfu 0.99%
iter 14340: loss 1.1604, time 1781.80ms, mfu 0.99%
iter 14350: loss 1.0100, time 1776.17ms, mfu 0.99%
iter 14360: loss 0.8352, time 1789.53ms, mfu 0.99%
iter 14370: loss 1.0463, time 1770.67ms, mfu 0.99%
iter 14380: loss 0.9876, time 1782.03ms, mfu 0.99%
iter 14390: loss 0.9750, time 1774.41ms, mfu 0.99%
iter 14400: loss 1.0694, time 1784.54ms, mfu 0.99%
  === DIAG iter 14400 ===
  loss: 1.0694
  grads (pre): total 0.7254, lora 0.7247, adapter 0.0310
  grads (post): total 0.7254, lora 0.7247, adapter 0.0310
  <NUM> tokens: 18/2048 (0.9%)
  lr: base 3.11e-05, lora 3.11e-05, adapter 9.34e-06
  num inject: base_norm 0.5602, delta_raw_norm 5.2441, delta_eff_norm 0.5602, scale 0.1308
  token accuracy: 0.734 (1501/2044)
iter 14410: loss 0.9455, time 1713.70ms, mfu 0.99%
iter 14420: loss 0.9904, time 1736.59ms, mfu 0.99%
iter 14430: loss 1.2714, time 1771.40ms, mfu 0.99%
iter 14440: loss 1.0201, time 1764.54ms, mfu 0.99%
iter 14450: loss 0.9509, time 1782.89ms, mfu 0.99%
iter 14460: loss 0.9917, time 1774.48ms, mfu 0.99%
iter 14470: loss 1.0467, time 1772.61ms, mfu 0.99%
iter 14480: loss 1.1123, time 1799.23ms, mfu 0.99%
iter 14490: loss 0.9011, time 1713.32ms, mfu 0.99%
iter 14500: loss 0.9993, time 1726.22ms, mfu 0.99%
  === DIAG iter 14500 ===
  loss: 0.9993
  grads (pre): total 0.7215, lora 0.7208, adapter 0.0328
  grads (post): total 0.7215, lora 0.7208, adapter 0.0328
  <NUM> tokens: 17/2048 (0.8%)
  lr: base 3.08e-05, lora 3.08e-05, adapter 9.24e-06
  num inject: base_norm 0.5602, delta_raw_norm 9.9700, delta_eff_norm 0.5602, scale 0.0858
  token accuracy: 0.754 (1541/2044)
iter 14510: loss 1.0953, time 1811.34ms, mfu 0.99%
iter 14520: loss 0.9998, time 1724.95ms, mfu 0.99%
iter 14530: loss 0.9786, time 1726.33ms, mfu 1.00%
iter 14540: loss 1.0901, time 1708.56ms, mfu 1.00%
iter 14550: loss 1.1212, time 1696.97ms, mfu 1.00%
iter 14560: loss 1.1348, time 1796.71ms, mfu 1.00%
iter 14570: loss 1.2183, time 1772.70ms, mfu 1.00%
iter 14580: loss 1.0691, time 1776.61ms, mfu 1.00%
iter 14590: loss 1.2270, time 1780.76ms, mfu 1.00%
iter 14600: loss 0.8628, time 1786.48ms, mfu 0.99%
  === DIAG iter 14600 ===
  loss: 0.8628
  grads (pre): total 0.6899, lora 0.6892, adapter 0.0302
  grads (post): total 0.6899, lora 0.6892, adapter 0.0302
  <NUM> tokens: 18/2048 (0.9%)
  lr: base 3.05e-05, lora 3.05e-05, adapter 9.15e-06
  num inject: base_norm 0.5602, delta_raw_norm 12.3303, delta_eff_norm 0.5602, scale 0.0848
  token accuracy: 0.795 (1626/2045)
iter 14610: loss 0.8280, time 1777.67ms, mfu 0.99%
iter 14620: loss 0.9329, time 1783.26ms, mfu 0.99%
iter 14630: loss 1.0349, time 1708.22ms, mfu 0.99%
iter 14640: loss 0.9770, time 1712.86ms, mfu 1.00%
iter 14650: loss 1.0371, time 1719.71ms, mfu 1.00%
iter 14660: loss 1.0377, time 1723.82ms, mfu 1.00%
iter 14670: loss 0.9733, time 1728.48ms, mfu 1.00%
iter 14680: loss 0.9544, time 1786.58ms, mfu 1.00%
iter 14690: loss 1.1718, time 1773.41ms, mfu 1.00%
iter 14700: loss 1.0021, time 1797.63ms, mfu 1.00%
  === DIAG iter 14700 ===
  loss: 1.0021
  grads (pre): total 0.6933, lora 0.6925, adapter 0.0322
  grads (post): total 0.6933, lora 0.6925, adapter 0.0322
  <NUM> tokens: 22/2048 (1.1%)
  lr: base 3.03e-05, lora 3.03e-05, adapter 9.09e-06
  num inject: base_norm 0.5602, delta_raw_norm 8.0510, delta_eff_norm 0.5602, scale 0.0870
  token accuracy: 0.752 (1538/2044)
iter 14710: loss 1.2047, time 1774.08ms, mfu 1.00%
iter 14720: loss 1.1058, time 1710.98ms, mfu 1.00%
iter 14730: loss 1.0246, time 1813.22ms, mfu 0.99%
iter 14740: loss 1.0209, time 1806.34ms, mfu 0.99%
iter 14750: loss 1.2197, time 1805.51ms, mfu 0.99%
iter 14760: loss 1.0708, time 1704.78ms, mfu 0.99%
iter 14770: loss 0.9136, time 1829.97ms, mfu 0.99%
iter 14780: loss 1.0708, time 1709.24ms, mfu 0.99%
iter 14790: loss 0.9234, time 1786.62ms, mfu 0.99%
iter 14800: loss 1.1008, time 1801.25ms, mfu 0.99%
  === DIAG iter 14800 ===
  loss: 1.1008
  grads (pre): total 0.7623, lora 0.7616, adapter 0.0315
  grads (post): total 0.7623, lora 0.7616, adapter 0.0315
  <NUM> tokens: 12/2048 (0.6%)
  lr: base 3.01e-05, lora 3.01e-05, adapter 9.04e-06
  num inject: base_norm 0.5602, delta_raw_norm 6.4900, delta_eff_norm 0.5602, scale 0.1242
  token accuracy: 0.726 (1485/2045)
iter 14810: loss 1.1974, time 1795.17ms, mfu 0.99%
iter 14820: loss 0.9523, time 1788.43ms, mfu 0.99%
iter 14830: loss 1.0086, time 1793.77ms, mfu 0.99%
iter 14840: loss 1.0670, time 1803.22ms, mfu 0.98%
iter 14850: loss 1.0647, time 1789.39ms, mfu 0.98%
iter 14860: loss 0.7868, time 1784.72ms, mfu 0.98%
iter 14870: loss 1.1865, time 1787.23ms, mfu 0.98%
iter 14880: loss 0.8079, time 1786.21ms, mfu 0.98%
iter 14890: loss 1.0637, time 1792.33ms, mfu 0.98%
iter 14900: loss 0.8975, time 1800.87ms, mfu 0.98%
  === DIAG iter 14900 ===
  loss: 0.8975
  grads (pre): total 0.7289, lora 0.7281, adapter 0.0337
  grads (post): total 0.7289, lora 0.7281, adapter 0.0337
  <NUM> tokens: 18/2048 (0.9%)
  lr: base 3.00e-05, lora 3.00e-05, adapter 9.01e-06
  num inject: base_norm 0.5602, delta_raw_norm 8.7461, delta_eff_norm 0.5602, scale 0.0822
  token accuracy: 0.776 (1587/2045)
iter 14910: loss 1.0049, time 1785.05ms, mfu 0.98%
iter 14920: loss 0.9968, time 1783.08ms, mfu 0.98%
iter 14930: loss 0.9460, time 1792.03ms, mfu 0.98%
iter 14940: loss 0.8864, time 1800.30ms, mfu 0.98%
iter 14950: loss 1.1206, time 1795.48ms, mfu 0.98%
iter 14960: loss 0.8285, time 1813.47ms, mfu 0.98%
iter 14970: loss 0.7827, time 1820.63ms, mfu 0.98%
iter 14980: loss 0.8647, time 1816.63ms, mfu 0.98%
iter 14990: loss 0.8273, time 1811.56ms, mfu 0.97%
iter 15000: loss 0.9596, time 1821.98ms, mfu 0.97%
  === DIAG iter 15000 ===
  loss: 0.9596
  grads (pre): total 0.7416, lora 0.7406, adapter 0.0386
  grads (post): total 0.7416, lora 0.7406, adapter 0.0386
  <NUM> tokens: 16/2048 (0.8%)
  lr: base 3.00e-05, lora 3.00e-05, adapter 9.00e-06
  num inject: base_norm 0.5602, delta_raw_norm 11.9837, delta_eff_norm 0.5602, scale 0.0928
  token accuracy: 0.779 (1592/2044)
  --- Sample eval (val) ---

============================================================
Training complete. Saving final checkpoints...
  saved checkpoint to /tmpdir/m24047brmn/numbers/model_checkpoints/tulu_adapted_lora/ckpt_iter15001.pt
  Unmerged: /tmpdir/m24047brmn/numbers/model_checkpoints/tulu_adapted_lora/ckpt_iter15001.pt
  Merged:   /tmpdir/m24047brmn/numbers/model_checkpoints/tulu_adapted_lora/ckpt_merged.pt
============================================================
Adapted LoRA training complete.
