Loading gnu/11.2.0
  Loading requirement: binutils/11.2.0
Error in cpuinfo: prctl(PR_SVE_GET_VL) failed
Sliding Window Attention is enabled but not implemented for `sdpa`; unexpected results may be encountered.
Baseline model: 494,032,768 params (all trainable)
data  train=54473  val=3000
epoch 1/3  step 10/13619  loss=1.5229  lr=2.00e-07
epoch 1/3  step 20/13619  loss=1.4794  lr=4.00e-07
epoch 1/3  step 30/13619  loss=1.4874  lr=6.00e-07
epoch 1/3  step 40/13619  loss=1.2498  lr=1.00e-06
epoch 1/3  step 50/13619  loss=1.1462  lr=1.20e-06
epoch 1/3  step 60/13619  loss=1.0480  lr=1.40e-06
epoch 1/3  step 70/13619  loss=0.9423  lr=1.60e-06
epoch 1/3  step 80/13619  loss=0.7945  lr=2.00e-06
epoch 1/3  step 90/13619  loss=0.6523  lr=2.20e-06
epoch 1/3  step 100/13619  loss=0.5217  lr=2.40e-06
epoch 1/3  step 110/13619  loss=0.4354  lr=2.60e-06
epoch 1/3  step 120/13619  loss=0.4361  lr=3.00e-06
epoch 1/3  step 130/13619  loss=0.2906  lr=3.20e-06
epoch 1/3  step 140/13619  loss=0.2960  lr=3.40e-06
epoch 1/3  step 150/13619  loss=0.3816  lr=3.60e-06
epoch 1/3  step 160/13619  loss=0.2195  lr=4.00e-06
epoch 1/3  step 170/13619  loss=0.2352  lr=4.20e-06
epoch 1/3  step 180/13619  loss=0.2776  lr=4.40e-06
epoch 1/3  step 190/13619  loss=0.2594  lr=4.60e-06
epoch 1/3  step 200/13619  loss=0.2504  lr=5.00e-06
epoch 1/3  step 210/13619  loss=0.2394  lr=5.20e-06
epoch 1/3  step 220/13619  loss=0.2625  lr=5.40e-06
epoch 1/3  step 230/13619  loss=0.2050  lr=5.60e-06
epoch 1/3  step 240/13619  loss=0.2376  lr=6.00e-06
epoch 1/3  step 250/13619  loss=0.2507  lr=6.20e-06
epoch 1/3  step 260/13619  loss=0.2802  lr=6.40e-06
epoch 1/3  step 270/13619  loss=0.2738  lr=6.60e-06
epoch 1/3  step 280/13619  loss=0.2311  lr=7.00e-06
epoch 1/3  step 290/13619  loss=0.2765  lr=7.20e-06
epoch 1/3  step 300/13619  loss=0.2956  lr=7.40e-06
epoch 1/3  step 310/13619  loss=0.2314  lr=7.60e-06
epoch 1/3  step 320/13619  loss=0.2212  lr=8.00e-06
epoch 1/3  step 330/13619  loss=0.1916  lr=8.20e-06
epoch 1/3  step 340/13619  loss=0.1948  lr=8.40e-06
epoch 1/3  step 350/13619  loss=0.3427  lr=8.60e-06
epoch 1/3  step 360/13619  loss=0.3327  lr=9.00e-06
epoch 1/3  step 370/13619  loss=0.1864  lr=9.20e-06
epoch 1/3  step 380/13619  loss=0.3373  lr=9.40e-06
epoch 1/3  step 390/13619  loss=0.3955  lr=9.60e-06
epoch 1/3  step 400/13619  loss=0.2215  lr=1.00e-05
epoch 1/3  step 410/13619  loss=0.3483  lr=1.02e-05
epoch 1/3  step 420/13619  loss=0.3401  lr=1.04e-05
epoch 1/3  step 430/13619  loss=0.2528  lr=1.06e-05
epoch 1/3  step 440/13619  loss=0.2359  lr=1.10e-05
epoch 1/3  step 450/13619  loss=0.2504  lr=1.12e-05
epoch 1/3  step 460/13619  loss=0.2338  lr=1.14e-05
epoch 1/3  step 470/13619  loss=0.2828  lr=1.16e-05
epoch 1/3  step 480/13619  loss=0.1772  lr=1.20e-05
epoch 1/3  step 490/13619  loss=0.2513  lr=1.22e-05
epoch 1/3  step 500/13619  loss=0.2903  lr=1.24e-05
epoch 1/3  step 510/13619  loss=0.3313  lr=1.26e-05
epoch 1/3  step 520/13619  loss=0.2322  lr=1.30e-05
epoch 1/3  step 530/13619  loss=0.2241  lr=1.32e-05
epoch 1/3  step 540/13619  loss=0.2801  lr=1.34e-05
epoch 1/3  step 550/13619  loss=0.3339  lr=1.36e-05
epoch 1/3  step 560/13619  loss=0.2313  lr=1.40e-05
epoch 1/3  step 570/13619  loss=0.4250  lr=1.42e-05
epoch 1/3  step 580/13619  loss=0.3878  lr=1.44e-05
epoch 1/3  step 590/13619  loss=0.3380  lr=1.46e-05
epoch 1/3  step 600/13619  loss=0.1963  lr=1.50e-05
epoch 1/3  step 610/13619  loss=0.3281  lr=1.52e-05
epoch 1/3  step 620/13619  loss=0.2959  lr=1.54e-05
epoch 1/3  step 630/13619  loss=0.2875  lr=1.56e-05
epoch 1/3  step 640/13619  loss=0.2834  lr=1.60e-05
epoch 1/3  step 650/13619  loss=0.3292  lr=1.62e-05
epoch 1/3  step 660/13619  loss=0.2679  lr=1.64e-05
epoch 1/3  step 670/13619  loss=0.2913  lr=1.66e-05
epoch 1/3  step 680/13619  loss=0.2851  lr=1.70e-05
epoch 1/3  step 690/13619  loss=0.2677  lr=1.72e-05
epoch 1/3  step 700/13619  loss=0.2465  lr=1.74e-05
epoch 1/3  step 710/13619  loss=0.1971  lr=1.76e-05
epoch 1/3  step 720/13619  loss=0.1781  lr=1.80e-05
epoch 1/3  step 730/13619  loss=0.3884  lr=1.82e-05
epoch 1/3  step 740/13619  loss=0.4461  lr=1.84e-05
epoch 1/3  step 750/13619  loss=0.2868  lr=1.86e-05
epoch 1/3  step 760/13619  loss=0.3230  lr=1.90e-05
epoch 1/3  step 770/13619  loss=0.4310  lr=1.92e-05
epoch 1/3  step 780/13619  loss=0.2750  lr=1.94e-05
epoch 1/3  step 790/13619  loss=0.2394  lr=1.96e-05
epoch 1/3  step 800/13619  loss=0.4378  lr=2.00e-05
epoch 1/3  step 810/13619  loss=0.2586  lr=2.00e-05
epoch 1/3  step 820/13619  loss=0.2381  lr=2.00e-05
epoch 1/3  step 830/13619  loss=0.4533  lr=2.00e-05
epoch 1/3  step 840/13619  loss=0.2744  lr=2.00e-05
epoch 1/3  step 850/13619  loss=0.3039  lr=2.00e-05
epoch 1/3  step 860/13619  loss=0.3515  lr=2.00e-05
epoch 1/3  step 870/13619  loss=0.4001  lr=2.00e-05
epoch 1/3  step 880/13619  loss=0.2807  lr=2.00e-05
epoch 1/3  step 890/13619  loss=0.2786  lr=2.00e-05
epoch 1/3  step 900/13619  loss=0.3196  lr=2.00e-05
epoch 1/3  step 910/13619  loss=0.2379  lr=2.00e-05
epoch 1/3  step 920/13619  loss=0.4146  lr=2.00e-05
epoch 1/3  step 930/13619  loss=0.3684  lr=2.00e-05
epoch 1/3  step 940/13619  loss=0.3072  lr=2.00e-05
epoch 1/3  step 950/13619  loss=0.3636  lr=2.00e-05
epoch 1/3  step 960/13619  loss=0.3018  lr=2.00e-05
epoch 1/3  step 970/13619  loss=0.3349  lr=2.00e-05
epoch 1/3  step 980/13619  loss=0.2599  lr=2.00e-05
epoch 1/3  step 990/13619  loss=0.2656  lr=2.00e-05
epoch 1/3  step 1000/13619  loss=0.3930  lr=2.00e-05
epoch 1/3  step 1010/13619  loss=0.3053  lr=2.00e-05
epoch 1/3  step 1020/13619  loss=0.2873  lr=2.00e-05
epoch 1/3  step 1030/13619  loss=0.3366  lr=2.00e-05
epoch 1/3  step 1040/13619  loss=0.2645  lr=2.00e-05
epoch 1/3  step 1050/13619  loss=0.3208  lr=2.00e-05
epoch 1/3  step 1060/13619  loss=0.2864  lr=2.00e-05
epoch 1/3  step 1070/13619  loss=0.4376  lr=2.00e-05
epoch 1/3  step 1080/13619  loss=0.2509  lr=2.00e-05
epoch 1/3  step 1090/13619  loss=0.3655  lr=2.00e-05
epoch 1/3  step 1100/13619  loss=0.3000  lr=2.00e-05
epoch 1/3  step 1110/13619  loss=0.3721  lr=2.00e-05
epoch 1/3  step 1120/13619  loss=0.3048  lr=2.00e-05
epoch 1/3  step 1130/13619  loss=0.3444  lr=2.00e-05
epoch 1/3  step 1140/13619  loss=0.4307  lr=2.00e-05
epoch 1/3  step 1150/13619  loss=0.3060  lr=2.00e-05
epoch 1/3  step 1160/13619  loss=0.2088  lr=2.00e-05
epoch 1/3  step 1170/13619  loss=0.2841  lr=2.00e-05
epoch 1/3  step 1180/13619  loss=0.3361  lr=2.00e-05
epoch 1/3  step 1190/13619  loss=0.3625  lr=2.00e-05
epoch 1/3  step 1200/13619  loss=0.3108  lr=2.00e-05
epoch 1/3  step 1210/13619  loss=0.3920  lr=2.00e-05
epoch 1/3  step 1220/13619  loss=0.3544  lr=2.00e-05
epoch 1/3  step 1230/13619  loss=0.3963  lr=2.00e-05
epoch 1/3  step 1240/13619  loss=0.2345  lr=2.00e-05
epoch 1/3  step 1250/13619  loss=0.1729  lr=2.00e-05
epoch 1/3  step 1260/13619  loss=0.3222  lr=2.00e-05
epoch 1/3  step 1270/13619  loss=0.4373  lr=2.00e-05
epoch 1/3  step 1280/13619  loss=0.4100  lr=2.00e-05
epoch 1/3  step 1290/13619  loss=0.1532  lr=2.00e-05
epoch 1/3  step 1300/13619  loss=0.3512  lr=2.00e-05
epoch 1/3  step 1310/13619  loss=0.3071  lr=2.00e-05
epoch 1/3  step 1320/13619  loss=0.2984  lr=2.00e-05
epoch 1/3  step 1330/13619  loss=0.3162  lr=2.00e-05
epoch 1/3  step 1340/13619  loss=0.3193  lr=2.00e-05
epoch 1/3  step 1350/13619  loss=0.3966  lr=2.00e-05
epoch 1/3  step 1360/13619  loss=0.2588  lr=2.00e-05
epoch 1/3  step 1370/13619  loss=0.3086  lr=2.00e-05
epoch 1/3  step 1380/13619  loss=0.3467  lr=2.00e-05
epoch 1/3  step 1390/13619  loss=0.2990  lr=2.00e-05
epoch 1/3  step 1400/13619  loss=0.3162  lr=2.00e-05
epoch 1/3  step 1410/13619  loss=0.3569  lr=2.00e-05
epoch 1/3  step 1420/13619  loss=0.3468  lr=2.00e-05
epoch 1/3  step 1430/13619  loss=0.3255  lr=2.00e-05
epoch 1/3  step 1440/13619  loss=0.3246  lr=2.00e-05
epoch 1/3  step 1450/13619  loss=0.2634  lr=2.00e-05
epoch 1/3  step 1460/13619  loss=0.2186  lr=2.00e-05
epoch 1/3  step 1470/13619  loss=0.3803  lr=2.00e-05
epoch 1/3  step 1480/13619  loss=0.2971  lr=2.00e-05
epoch 1/3  step 1490/13619  loss=0.3005  lr=2.00e-05
epoch 1/3  step 1500/13619  loss=0.3478  lr=2.00e-05
epoch 1/3  step 1510/13619  loss=0.3542  lr=2.00e-05
epoch 1/3  step 1520/13619  loss=0.3184  lr=2.00e-05
epoch 1/3  step 1530/13619  loss=0.2989  lr=2.00e-05
epoch 1/3  step 1540/13619  loss=0.3831  lr=2.00e-05
epoch 1/3  step 1550/13619  loss=0.3224  lr=2.00e-05
epoch 1/3  step 1560/13619  loss=0.3430  lr=2.00e-05
epoch 1/3  step 1570/13619  loss=0.3789  lr=2.00e-05
epoch 1/3  step 1580/13619  loss=0.3608  lr=2.00e-05
epoch 1/3  step 1590/13619  loss=0.2196  lr=2.00e-05
epoch 1/3  step 1600/13619  loss=0.3873  lr=2.00e-05
epoch 1/3  step 1610/13619  loss=0.2849  lr=2.00e-05
epoch 1/3  step 1620/13619  loss=0.3409  lr=2.00e-05
epoch 1/3  step 1630/13619  loss=0.3516  lr=2.00e-05
epoch 1/3  step 1640/13619  loss=0.4689  lr=2.00e-05
epoch 1/3  step 1650/13619  loss=0.3380  lr=2.00e-05
epoch 1/3  step 1660/13619  loss=0.1918  lr=2.00e-05
epoch 1/3  step 1670/13619  loss=0.2276  lr=2.00e-05
epoch 1/3  step 1680/13619  loss=0.4023  lr=2.00e-05
epoch 1/3  step 1690/13619  loss=0.2784  lr=2.00e-05
epoch 1/3  step 1700/13619  loss=0.3299  lr=2.00e-05
epoch 1/3  step 1710/13619  loss=0.3025  lr=2.00e-05
epoch 1/3  step 1720/13619  loss=0.4315  lr=2.00e-05
epoch 1/3  step 1730/13619  loss=0.1950  lr=2.00e-05
epoch 1/3  step 1740/13619  loss=0.3120  lr=2.00e-05
epoch 1/3  step 1750/13619  loss=0.3402  lr=2.00e-05
epoch 1/3  step 1760/13619  loss=0.2849  lr=2.00e-05
epoch 1/3  step 1770/13619  loss=0.4584  lr=2.00e-05
epoch 1/3  step 1780/13619  loss=0.3394  lr=2.00e-05
epoch 1/3  step 1790/13619  loss=0.4539  lr=2.00e-05
epoch 1/3  step 1800/13619  loss=0.2655  lr=2.00e-05
epoch 1/3  step 1810/13619  loss=0.3003  lr=2.00e-05
epoch 1/3  step 1820/13619  loss=0.3680  lr=2.00e-05
epoch 1/3  step 1830/13619  loss=0.3142  lr=2.00e-05
epoch 1/3  step 1840/13619  loss=0.2699  lr=2.00e-05
epoch 1/3  step 1850/13619  loss=0.2981  lr=2.00e-05
epoch 1/3  step 1860/13619  loss=0.1674  lr=2.00e-05
epoch 1/3  step 1870/13619  loss=0.3284  lr=2.00e-05
epoch 1/3  step 1880/13619  loss=0.4091  lr=2.00e-05
epoch 1/3  step 1890/13619  loss=0.3534  lr=2.00e-05
epoch 1/3  step 1900/13619  loss=0.4002  lr=2.00e-05
epoch 1/3  step 1910/13619  loss=0.4417  lr=2.00e-05
epoch 1/3  step 1920/13619  loss=0.3443  lr=2.00e-05
epoch 1/3  step 1930/13619  loss=0.2119  lr=2.00e-05
epoch 1/3  step 1940/13619  loss=0.2768  lr=2.00e-05
epoch 1/3  step 1950/13619  loss=0.3873  lr=2.00e-05
epoch 1/3  step 1960/13619  loss=0.3112  lr=2.00e-05
epoch 1/3  step 1970/13619  loss=0.2799  lr=2.00e-05
epoch 1/3  step 1980/13619  loss=0.4952  lr=2.00e-05
epoch 1/3  step 1990/13619  loss=0.4235  lr=2.00e-05
epoch 1/3  step 2000/13619  loss=0.4511  lr=2.00e-05
epoch 1/3  step 2010/13619  loss=0.2301  lr=2.00e-05
epoch 1/3  step 2020/13619  loss=0.3208  lr=2.00e-05
epoch 1/3  step 2030/13619  loss=0.2170  lr=2.00e-05
epoch 1/3  step 2040/13619  loss=0.2699  lr=2.00e-05
epoch 1/3  step 2050/13619  loss=0.3113  lr=2.00e-05
epoch 1/3  step 2060/13619  loss=0.3261  lr=2.00e-05
epoch 1/3  step 2070/13619  loss=0.3567  lr=2.00e-05
epoch 1/3  step 2080/13619  loss=0.4121  lr=1.99e-05
epoch 1/3  step 2090/13619  loss=0.3419  lr=1.99e-05
epoch 1/3  step 2100/13619  loss=0.2140  lr=1.99e-05
epoch 1/3  step 2110/13619  loss=0.3372  lr=1.99e-05
epoch 1/3  step 2120/13619  loss=0.3871  lr=1.99e-05
epoch 1/3  step 2130/13619  loss=0.3126  lr=1.99e-05
epoch 1/3  step 2140/13619  loss=0.2802  lr=1.99e-05
epoch 1/3  step 2150/13619  loss=0.2725  lr=1.99e-05
epoch 1/3  step 2160/13619  loss=0.2774  lr=1.99e-05
epoch 1/3  step 2170/13619  loss=0.2295  lr=1.99e-05
epoch 1/3  step 2180/13619  loss=0.1736  lr=1.99e-05
epoch 1/3  step 2190/13619  loss=0.2742  lr=1.99e-05
epoch 1/3  step 2200/13619  loss=0.3932  lr=1.99e-05
epoch 1/3  step 2210/13619  loss=0.2933  lr=1.99e-05
epoch 1/3  step 2220/13619  loss=0.2986  lr=1.99e-05
epoch 1/3  step 2230/13619  loss=0.3741  lr=1.99e-05
epoch 1/3  step 2240/13619  loss=0.4391  lr=1.99e-05
epoch 1/3  step 2250/13619  loss=0.3002  lr=1.99e-05
epoch 1/3  step 2260/13619  loss=0.2922  lr=1.99e-05
epoch 1/3  step 2270/13619  loss=0.3958  lr=1.99e-05
epoch 1/3  step 2280/13619  loss=0.3309  lr=1.99e-05
epoch 1/3  step 2290/13619  loss=0.2676  lr=1.99e-05
epoch 1/3  step 2300/13619  loss=0.2420  lr=1.99e-05
epoch 1/3  step 2310/13619  loss=0.3202  lr=1.99e-05
epoch 1/3  step 2320/13619  loss=0.2452  lr=1.99e-05
epoch 1/3  step 2330/13619  loss=0.2249  lr=1.99e-05
epoch 1/3  step 2340/13619  loss=0.3916  lr=1.99e-05
epoch 1/3  step 2350/13619  loss=0.2269  lr=1.99e-05
epoch 1/3  step 2360/13619  loss=0.4531  lr=1.99e-05
epoch 1/3  step 2370/13619  loss=0.3947  lr=1.99e-05
epoch 1/3  step 2380/13619  loss=0.2479  lr=1.99e-05
epoch 1/3  step 2390/13619  loss=0.2387  lr=1.99e-05
epoch 1/3  step 2400/13619  loss=0.2819  lr=1.99e-05
epoch 1/3  step 2410/13619  loss=0.2617  lr=1.99e-05
epoch 1/3  step 2420/13619  loss=0.2492  lr=1.99e-05
epoch 1/3  step 2430/13619  loss=0.3385  lr=1.99e-05
epoch 1/3  step 2440/13619  loss=0.2360  lr=1.99e-05
epoch 1/3  step 2450/13619  loss=0.1475  lr=1.99e-05
epoch 1/3  step 2460/13619  loss=0.2573  lr=1.99e-05
epoch 1/3  step 2470/13619  loss=0.4378  lr=1.99e-05
epoch 1/3  step 2480/13619  loss=0.2348  lr=1.99e-05
epoch 1/3  step 2490/13619  loss=0.2407  lr=1.99e-05
epoch 1/3  step 2500/13619  loss=0.3238  lr=1.99e-05
epoch 1/3  step 2510/13619  loss=0.3022  lr=1.99e-05
epoch 1/3  step 2520/13619  loss=0.1950  lr=1.99e-05
epoch 1/3  step 2530/13619  loss=0.3373  lr=1.99e-05
epoch 1/3  step 2540/13619  loss=0.3241  lr=1.99e-05
epoch 1/3  step 2550/13619  loss=0.3984  lr=1.99e-05
epoch 1/3  step 2560/13619  loss=0.3137  lr=1.99e-05
epoch 1/3  step 2570/13619  loss=0.2632  lr=1.99e-05
epoch 1/3  step 2580/13619  loss=0.3070  lr=1.99e-05
epoch 1/3  step 2590/13619  loss=0.3858  lr=1.99e-05
epoch 1/3  step 2600/13619  loss=0.2922  lr=1.99e-05
epoch 1/3  step 2610/13619  loss=0.2869  lr=1.99e-05
epoch 1/3  step 2620/13619  loss=0.3439  lr=1.99e-05
epoch 1/3  step 2630/13619  loss=0.2439  lr=1.99e-05
epoch 1/3  step 2640/13619  loss=0.2904  lr=1.99e-05
epoch 1/3  step 2650/13619  loss=0.2735  lr=1.99e-05
epoch 1/3  step 2660/13619  loss=0.2159  lr=1.99e-05
epoch 1/3  step 2670/13619  loss=0.2491  lr=1.99e-05
epoch 1/3  step 2680/13619  loss=0.3321  lr=1.99e-05
epoch 1/3  step 2690/13619  loss=0.2812  lr=1.99e-05
epoch 1/3  step 2700/13619  loss=0.2397  lr=1.99e-05
epoch 1/3  step 2710/13619  loss=0.2377  lr=1.99e-05
epoch 1/3  step 2720/13619  loss=0.3834  lr=1.99e-05
epoch 1/3  step 2730/13619  loss=0.3388  lr=1.99e-05
epoch 1/3  step 2740/13619  loss=0.4252  lr=1.99e-05
epoch 1/3  step 2750/13619  loss=0.2166  lr=1.99e-05
epoch 1/3  step 2760/13619  loss=0.3941  lr=1.99e-05
epoch 1/3  step 2770/13619  loss=0.3388  lr=1.99e-05
epoch 1/3  step 2780/13619  loss=0.2951  lr=1.99e-05
epoch 1/3  step 2790/13619  loss=0.3053  lr=1.99e-05
epoch 1/3  step 2800/13619  loss=0.2714  lr=1.99e-05
epoch 1/3  step 2810/13619  loss=0.3107  lr=1.99e-05
epoch 1/3  step 2820/13619  loss=0.4212  lr=1.99e-05
epoch 1/3  step 2830/13619  loss=0.3598  lr=1.99e-05
epoch 1/3  step 2840/13619  loss=0.4487  lr=1.99e-05
epoch 1/3  step 2850/13619  loss=0.3135  lr=1.99e-05
epoch 1/3  step 2860/13619  loss=0.2173  lr=1.99e-05
epoch 1/3  step 2870/13619  loss=0.3737  lr=1.99e-05
epoch 1/3  step 2880/13619  loss=0.3254  lr=1.99e-05
epoch 1/3  step 2890/13619  loss=0.3841  lr=1.99e-05
epoch 1/3  step 2900/13619  loss=0.2859  lr=1.99e-05
epoch 1/3  step 2910/13619  loss=0.2327  lr=1.99e-05
epoch 1/3  step 2920/13619  loss=0.2689  lr=1.99e-05
epoch 1/3  step 2930/13619  loss=0.3173  lr=1.99e-05
epoch 1/3  step 2940/13619  loss=0.3059  lr=1.99e-05
epoch 1/3  step 2950/13619  loss=0.3337  lr=1.99e-05
epoch 1/3  step 2960/13619  loss=0.4082  lr=1.99e-05
epoch 1/3  step 2970/13619  loss=0.3039  lr=1.99e-05
epoch 1/3  step 2980/13619  loss=0.3030  lr=1.99e-05
epoch 1/3  step 2990/13619  loss=0.3705  lr=1.99e-05
epoch 1/3  step 3000/13619  loss=0.4230  lr=1.99e-05
epoch 1/3  step 3010/13619  loss=0.3064  lr=1.99e-05
epoch 1/3  step 3020/13619  loss=0.2981  lr=1.98e-05
epoch 1/3  step 3030/13619  loss=0.3530  lr=1.98e-05
epoch 1/3  step 3040/13619  loss=0.3848  lr=1.98e-05
epoch 1/3  step 3050/13619  loss=0.2587  lr=1.98e-05
epoch 1/3  step 3060/13619  loss=0.4612  lr=1.98e-05
epoch 1/3  step 3070/13619  loss=0.2688  lr=1.98e-05
epoch 1/3  step 3080/13619  loss=0.3004  lr=1.98e-05
epoch 1/3  step 3090/13619  loss=0.3033  lr=1.98e-05
epoch 1/3  step 3100/13619  loss=0.2474  lr=1.98e-05
epoch 1/3  step 3110/13619  loss=0.1762  lr=1.98e-05
epoch 1/3  step 3120/13619  loss=0.2883  lr=1.98e-05
epoch 1/3  step 3130/13619  loss=0.4046  lr=1.98e-05
epoch 1/3  step 3140/13619  loss=0.3087  lr=1.98e-05
epoch 1/3  step 3150/13619  loss=0.2574  lr=1.98e-05
epoch 1/3  step 3160/13619  loss=0.3313  lr=1.98e-05
epoch 1/3  step 3170/13619  loss=0.2992  lr=1.98e-05
epoch 1/3  step 3180/13619  loss=0.3814  lr=1.98e-05
epoch 1/3  step 3190/13619  loss=0.2828  lr=1.98e-05
epoch 1/3  step 3200/13619  loss=0.2396  lr=1.98e-05
epoch 1/3  step 3210/13619  loss=0.3911  lr=1.98e-05
epoch 1/3  step 3220/13619  loss=0.3487  lr=1.98e-05
epoch 1/3  step 3230/13619  loss=0.3973  lr=1.98e-05
epoch 1/3  step 3240/13619  loss=0.4018  lr=1.98e-05
epoch 1/3  step 3250/13619  loss=0.2716  lr=1.98e-05
epoch 1/3  step 3260/13619  loss=0.3952  lr=1.98e-05
epoch 1/3  step 3270/13619  loss=0.3478  lr=1.98e-05
epoch 1/3  step 3280/13619  loss=0.2336  lr=1.98e-05
epoch 1/3  step 3290/13619  loss=0.2605  lr=1.98e-05
epoch 1/3  step 3300/13619  loss=0.3744  lr=1.98e-05
epoch 1/3  step 3310/13619  loss=0.2239  lr=1.98e-05
epoch 1/3  step 3320/13619  loss=0.3317  lr=1.98e-05
epoch 1/3  step 3330/13619  loss=0.3898  lr=1.98e-05
epoch 1/3  step 3340/13619  loss=0.3254  lr=1.98e-05
epoch 1/3  step 3350/13619  loss=0.3216  lr=1.98e-05
epoch 1/3  step 3360/13619  loss=0.1594  lr=1.98e-05
epoch 1/3  step 3370/13619  loss=0.3839  lr=1.98e-05
epoch 1/3  step 3380/13619  loss=0.3114  lr=1.98e-05
epoch 1/3  step 3390/13619  loss=0.3853  lr=1.98e-05
epoch 1/3  step 3400/13619  loss=0.1705  lr=1.98e-05
epoch 1/3  step 3410/13619  loss=0.1479  lr=1.98e-05
epoch 1/3  step 3420/13619  loss=0.3930  lr=1.98e-05
epoch 1/3  step 3430/13619  loss=0.1851  lr=1.98e-05
epoch 1/3  step 3440/13619  loss=0.3287  lr=1.98e-05
epoch 1/3  step 3450/13619  loss=0.3080  lr=1.98e-05
epoch 1/3  step 3460/13619  loss=0.4003  lr=1.98e-05
epoch 1/3  step 3470/13619  loss=0.3360  lr=1.98e-05
epoch 1/3  step 3480/13619  loss=0.3224  lr=1.98e-05
epoch 1/3  step 3490/13619  loss=0.2287  lr=1.98e-05
epoch 1/3  step 3500/13619  loss=0.2490  lr=1.98e-05
epoch 1/3  step 3510/13619  loss=0.2832  lr=1.98e-05
epoch 1/3  step 3520/13619  loss=0.2012  lr=1.98e-05
epoch 1/3  step 3530/13619  loss=0.3143  lr=1.98e-05
epoch 1/3  step 3540/13619  loss=0.2562  lr=1.98e-05
epoch 1/3  step 3550/13619  loss=0.3202  lr=1.98e-05
epoch 1/3  step 3560/13619  loss=0.2958  lr=1.98e-05
epoch 1/3  step 3570/13619  loss=0.2571  lr=1.98e-05
epoch 1/3  step 3580/13619  loss=0.2267  lr=1.98e-05
epoch 1/3  step 3590/13619  loss=0.2430  lr=1.98e-05
epoch 1/3  step 3600/13619  loss=0.2965  lr=1.98e-05
epoch 1/3  step 3610/13619  loss=0.2514  lr=1.98e-05
epoch 1/3  step 3620/13619  loss=0.2478  lr=1.98e-05
epoch 1/3  step 3630/13619  loss=0.2161  lr=1.98e-05
epoch 1/3  step 3640/13619  loss=0.3042  lr=1.98e-05
epoch 1/3  step 3650/13619  loss=0.2414  lr=1.98e-05
epoch 1/3  step 3660/13619  loss=0.2425  lr=1.98e-05
epoch 1/3  step 3670/13619  loss=0.2304  lr=1.97e-05
epoch 1/3  step 3680/13619  loss=0.3346  lr=1.97e-05
epoch 1/3  step 3690/13619  loss=0.3027  lr=1.97e-05
epoch 1/3  step 3700/13619  loss=0.2421  lr=1.97e-05
epoch 1/3  step 3710/13619  loss=0.2046  lr=1.97e-05
epoch 1/3  step 3720/13619  loss=0.4336  lr=1.97e-05
epoch 1/3  step 3730/13619  loss=0.3260  lr=1.97e-05
epoch 1/3  step 3740/13619  loss=0.2036  lr=1.97e-05
epoch 1/3  step 3750/13619  loss=0.2359  lr=1.97e-05
epoch 1/3  step 3760/13619  loss=0.3001  lr=1.97e-05
epoch 1/3  step 3770/13619  loss=0.3091  lr=1.97e-05
epoch 1/3  step 3780/13619  loss=0.2218  lr=1.97e-05
epoch 1/3  step 3790/13619  loss=0.2790  lr=1.97e-05
epoch 1/3  step 3800/13619  loss=0.2968  lr=1.97e-05
epoch 1/3  step 3810/13619  loss=0.3355  lr=1.97e-05
epoch 1/3  step 3820/13619  loss=0.2603  lr=1.97e-05
epoch 1/3  step 3830/13619  loss=0.2573  lr=1.97e-05
epoch 1/3  step 3840/13619  loss=0.2945  lr=1.97e-05
epoch 1/3  step 3850/13619  loss=0.2551  lr=1.97e-05
epoch 1/3  step 3860/13619  loss=0.3153  lr=1.97e-05
epoch 1/3  step 3870/13619  loss=0.2171  lr=1.97e-05
epoch 1/3  step 3880/13619  loss=0.3577  lr=1.97e-05
epoch 1/3  step 3890/13619  loss=0.1741  lr=1.97e-05
epoch 1/3  step 3900/13619  loss=0.2746  lr=1.97e-05
epoch 1/3  step 3910/13619  loss=0.2368  lr=1.97e-05
epoch 1/3  step 3920/13619  loss=0.3350  lr=1.97e-05
epoch 1/3  step 3930/13619  loss=0.2837  lr=1.97e-05
epoch 1/3  step 3940/13619  loss=0.3168  lr=1.97e-05
epoch 1/3  step 3950/13619  loss=0.2597  lr=1.97e-05
epoch 1/3  step 3960/13619  loss=0.3147  lr=1.97e-05
epoch 1/3  step 3970/13619  loss=0.3544  lr=1.97e-05
epoch 1/3  step 3980/13619  loss=0.2744  lr=1.97e-05
epoch 1/3  step 3990/13619  loss=0.4653  lr=1.97e-05
epoch 1/3  step 4000/13619  loss=0.3530  lr=1.97e-05
epoch 1/3  step 4010/13619  loss=0.2398  lr=1.97e-05
epoch 1/3  step 4020/13619  loss=0.4052  lr=1.97e-05
epoch 1/3  step 4030/13619  loss=0.2399  lr=1.97e-05
epoch 1/3  step 4040/13619  loss=0.2741  lr=1.97e-05
epoch 1/3  step 4050/13619  loss=0.2364  lr=1.97e-05
epoch 1/3  step 4060/13619  loss=0.2938  lr=1.97e-05
epoch 1/3  step 4070/13619  loss=0.3524  lr=1.97e-05
epoch 1/3  step 4080/13619  loss=0.2325  lr=1.97e-05
epoch 1/3  step 4090/13619  loss=0.2264  lr=1.97e-05
epoch 1/3  step 4100/13619  loss=0.2559  lr=1.97e-05
epoch 1/3  step 4110/13619  loss=0.2895  lr=1.97e-05
epoch 1/3  step 4120/13619  loss=0.4340  lr=1.97e-05
epoch 1/3  step 4130/13619  loss=0.2000  lr=1.97e-05
epoch 1/3  step 4140/13619  loss=0.1788  lr=1.97e-05
epoch 1/3  step 4150/13619  loss=0.2319  lr=1.97e-05
epoch 1/3  step 4160/13619  loss=0.3591  lr=1.97e-05
epoch 1/3  step 4170/13619  loss=0.3800  lr=1.97e-05
epoch 1/3  step 4180/13619  loss=0.2765  lr=1.97e-05
epoch 1/3  step 4190/13619  loss=0.2599  lr=1.96e-05
epoch 1/3  step 4200/13619  loss=0.3417  lr=1.96e-05
epoch 1/3  step 4210/13619  loss=0.2502  lr=1.96e-05
epoch 1/3  step 4220/13619  loss=0.3133  lr=1.96e-05
epoch 1/3  step 4230/13619  loss=0.3663  lr=1.96e-05
epoch 1/3  step 4240/13619  loss=0.5720  lr=1.96e-05
epoch 1/3  step 4250/13619  loss=0.2557  lr=1.96e-05
epoch 1/3  step 4260/13619  loss=0.2121  lr=1.96e-05
epoch 1/3  step 4270/13619  loss=0.2879  lr=1.96e-05
epoch 1/3  step 4280/13619  loss=0.2155  lr=1.96e-05
epoch 1/3  step 4290/13619  loss=0.2041  lr=1.96e-05
epoch 1/3  step 4300/13619  loss=0.3860  lr=1.96e-05
epoch 1/3  step 4310/13619  loss=0.2513  lr=1.96e-05
epoch 1/3  step 4320/13619  loss=0.2147  lr=1.96e-05
epoch 1/3  step 4330/13619  loss=0.2840  lr=1.96e-05
epoch 1/3  step 4340/13619  loss=0.2671  lr=1.96e-05
epoch 1/3  step 4350/13619  loss=0.3601  lr=1.96e-05
epoch 1/3  step 4360/13619  loss=0.2022  lr=1.96e-05
epoch 1/3  step 4370/13619  loss=0.3433  lr=1.96e-05
epoch 1/3  step 4380/13619  loss=0.2529  lr=1.96e-05
epoch 1/3  step 4390/13619  loss=0.2230  lr=1.96e-05
epoch 1/3  step 4400/13619  loss=0.4288  lr=1.96e-05
epoch 1/3  step 4410/13619  loss=0.3021  lr=1.96e-05
epoch 1/3  step 4420/13619  loss=0.2428  lr=1.96e-05
epoch 1/3  step 4430/13619  loss=0.1958  lr=1.96e-05
epoch 1/3  step 4440/13619  loss=0.4349  lr=1.96e-05
epoch 1/3  step 4450/13619  loss=0.3070  lr=1.96e-05
epoch 1/3  step 4460/13619  loss=0.3652  lr=1.96e-05
epoch 1/3  step 4470/13619  loss=0.2775  lr=1.96e-05
epoch 1/3  step 4480/13619  loss=0.2044  lr=1.96e-05
epoch 1/3  step 4490/13619  loss=0.3171  lr=1.96e-05
epoch 1/3  step 4500/13619  loss=0.3169  lr=1.96e-05
epoch 1/3  step 4510/13619  loss=0.3090  lr=1.96e-05
epoch 1/3  step 4520/13619  loss=0.4304  lr=1.96e-05
epoch 1/3  step 4530/13619  loss=0.3406  lr=1.96e-05
epoch 1/3  step 4540/13619  loss=0.3168  lr=1.96e-05
epoch 1/3  step 4550/13619  loss=0.3246  lr=1.96e-05
epoch 1/3  step 4560/13619  loss=0.2002  lr=1.96e-05
epoch 1/3  step 4570/13619  loss=0.3387  lr=1.96e-05
epoch 1/3  step 4580/13619  loss=0.3717  lr=1.96e-05
epoch 1/3  step 4590/13619  loss=0.2676  lr=1.96e-05
epoch 1/3  step 4600/13619  loss=0.2474  lr=1.96e-05
epoch 1/3  step 4610/13619  loss=0.2503  lr=1.96e-05
epoch 1/3  step 4620/13619  loss=0.2757  lr=1.96e-05
epoch 1/3  step 4630/13619  loss=0.2906  lr=1.96e-05
epoch 1/3  step 4640/13619  loss=0.4187  lr=1.95e-05
epoch 1/3  step 4650/13619  loss=0.3293  lr=1.95e-05
epoch 1/3  step 4660/13619  loss=0.3153  lr=1.95e-05
epoch 1/3  step 4670/13619  loss=0.2585  lr=1.95e-05
epoch 1/3  step 4680/13619  loss=0.2312  lr=1.95e-05
epoch 1/3  step 4690/13619  loss=0.3091  lr=1.95e-05
epoch 1/3  step 4700/13619  loss=0.4489  lr=1.95e-05
epoch 1/3  step 4710/13619  loss=0.2144  lr=1.95e-05
epoch 1/3  step 4720/13619  loss=0.1743  lr=1.95e-05
epoch 1/3  step 4730/13619  loss=0.3067  lr=1.95e-05
epoch 1/3  step 4740/13619  loss=0.0689  lr=1.95e-05
epoch 1/3  step 4750/13619  loss=0.3130  lr=1.95e-05
epoch 1/3  step 4760/13619  loss=0.4055  lr=1.95e-05
epoch 1/3  step 4770/13619  loss=0.2647  lr=1.95e-05
epoch 1/3  step 4780/13619  loss=0.1644  lr=1.95e-05
epoch 1/3  step 4790/13619  loss=0.4242  lr=1.95e-05
epoch 1/3  step 4800/13619  loss=0.3252  lr=1.95e-05
epoch 1/3  step 4810/13619  loss=0.3318  lr=1.95e-05
epoch 1/3  step 4820/13619  loss=0.3145  lr=1.95e-05
epoch 1/3  step 4830/13619  loss=0.3890  lr=1.95e-05
epoch 1/3  step 4840/13619  loss=0.2476  lr=1.95e-05
epoch 1/3  step 4850/13619  loss=0.2545  lr=1.95e-05
epoch 1/3  step 4860/13619  loss=0.5182  lr=1.95e-05
epoch 1/3  step 4870/13619  loss=0.1438  lr=1.95e-05
epoch 1/3  step 4880/13619  loss=0.2606  lr=1.95e-05
epoch 1/3  step 4890/13619  loss=0.3975  lr=1.95e-05
epoch 1/3  step 4900/13619  loss=0.2841  lr=1.95e-05
epoch 1/3  step 4910/13619  loss=0.2970  lr=1.95e-05
epoch 1/3  step 4920/13619  loss=0.2359  lr=1.95e-05
epoch 1/3  step 4930/13619  loss=0.3523  lr=1.95e-05
epoch 1/3  step 4940/13619  loss=0.2538  lr=1.95e-05
epoch 1/3  step 4950/13619  loss=0.3686  lr=1.95e-05
epoch 1/3  step 4960/13619  loss=0.2111  lr=1.95e-05
epoch 1/3  step 4970/13619  loss=0.3859  lr=1.95e-05
epoch 1/3  step 4980/13619  loss=0.2220  lr=1.95e-05
epoch 1/3  step 4990/13619  loss=0.2369  lr=1.95e-05
epoch 1/3  step 5000/13619  loss=0.4208  lr=1.95e-05
epoch 1/3  step 5010/13619  loss=0.1858  lr=1.95e-05
epoch 1/3  step 5020/13619  loss=0.4352  lr=1.95e-05
epoch 1/3  step 5030/13619  loss=0.2807  lr=1.95e-05
epoch 1/3  step 5040/13619  loss=0.2467  lr=1.95e-05
epoch 1/3  step 5050/13619  loss=0.3479  lr=1.94e-05
epoch 1/3  step 5060/13619  loss=0.2326  lr=1.94e-05
epoch 1/3  step 5070/13619  loss=0.2629  lr=1.94e-05
epoch 1/3  step 5080/13619  loss=0.2269  lr=1.94e-05
epoch 1/3  step 5090/13619  loss=0.2644  lr=1.94e-05
epoch 1/3  step 5100/13619  loss=0.2612  lr=1.94e-05
epoch 1/3  step 5110/13619  loss=0.3597  lr=1.94e-05
epoch 1/3  step 5120/13619  loss=0.2772  lr=1.94e-05
epoch 1/3  step 5130/13619  loss=0.2495  lr=1.94e-05
epoch 1/3  step 5140/13619  loss=0.3994  lr=1.94e-05
epoch 1/3  step 5150/13619  loss=0.2529  lr=1.94e-05
epoch 1/3  step 5160/13619  loss=0.3246  lr=1.94e-05
epoch 1/3  step 5170/13619  loss=0.2586  lr=1.94e-05
epoch 1/3  step 5180/13619  loss=0.3156  lr=1.94e-05
epoch 1/3  step 5190/13619  loss=0.1877  lr=1.94e-05
epoch 1/3  step 5200/13619  loss=0.3488  lr=1.94e-05
epoch 1/3  step 5210/13619  loss=0.2334  lr=1.94e-05
epoch 1/3  step 5220/13619  loss=0.3003  lr=1.94e-05
epoch 1/3  step 5230/13619  loss=0.3460  lr=1.94e-05
epoch 1/3  step 5240/13619  loss=0.2788  lr=1.94e-05
epoch 1/3  step 5250/13619  loss=0.1782  lr=1.94e-05
epoch 1/3  step 5260/13619  loss=0.3626  lr=1.94e-05
epoch 1/3  step 5270/13619  loss=0.4239  lr=1.94e-05
epoch 1/3  step 5280/13619  loss=0.3244  lr=1.94e-05
epoch 1/3  step 5290/13619  loss=0.3889  lr=1.94e-05
epoch 1/3  step 5300/13619  loss=0.3786  lr=1.94e-05
epoch 1/3  step 5310/13619  loss=0.4469  lr=1.94e-05
epoch 1/3  step 5320/13619  loss=0.3601  lr=1.94e-05
epoch 1/3  step 5330/13619  loss=0.2891  lr=1.94e-05
epoch 1/3  step 5340/13619  loss=0.3146  lr=1.94e-05
epoch 1/3  step 5350/13619  loss=0.3645  lr=1.94e-05
epoch 1/3  step 5360/13619  loss=0.2285  lr=1.94e-05
epoch 1/3  step 5370/13619  loss=0.2533  lr=1.94e-05
epoch 1/3  step 5380/13619  loss=0.2261  lr=1.94e-05
epoch 1/3  step 5390/13619  loss=0.2574  lr=1.94e-05
epoch 1/3  step 5400/13619  loss=0.2767  lr=1.94e-05
epoch 1/3  step 5410/13619  loss=0.2793  lr=1.94e-05
epoch 1/3  step 5420/13619  loss=0.3030  lr=1.94e-05
epoch 1/3  step 5430/13619  loss=0.2585  lr=1.93e-05
epoch 1/3  step 5440/13619  loss=0.3027  lr=1.93e-05
epoch 1/3  step 5450/13619  loss=0.3776  lr=1.93e-05
epoch 1/3  step 5460/13619  loss=0.2350  lr=1.93e-05
epoch 1/3  step 5470/13619  loss=0.1808  lr=1.93e-05
epoch 1/3  step 5480/13619  loss=0.2972  lr=1.93e-05
epoch 1/3  step 5490/13619  loss=0.3644  lr=1.93e-05
epoch 1/3  step 5500/13619  loss=0.3038  lr=1.93e-05
epoch 1/3  step 5510/13619  loss=0.4033  lr=1.93e-05
epoch 1/3  step 5520/13619  loss=0.2323  lr=1.93e-05
epoch 1/3  step 5530/13619  loss=0.3049  lr=1.93e-05
epoch 1/3  step 5540/13619  loss=0.2977  lr=1.93e-05
epoch 1/3  step 5550/13619  loss=0.1951  lr=1.93e-05
epoch 1/3  step 5560/13619  loss=0.1896  lr=1.93e-05
epoch 1/3  step 5570/13619  loss=0.2864  lr=1.93e-05
epoch 1/3  step 5580/13619  loss=0.2160  lr=1.93e-05
epoch 1/3  step 5590/13619  loss=0.4178  lr=1.93e-05
epoch 1/3  step 5600/13619  loss=0.1933  lr=1.93e-05
epoch 1/3  step 5610/13619  loss=0.1635  lr=1.93e-05
epoch 1/3  step 5620/13619  loss=0.3151  lr=1.93e-05
epoch 1/3  step 5630/13619  loss=0.3428  lr=1.93e-05
epoch 1/3  step 5640/13619  loss=0.2861  lr=1.93e-05
epoch 1/3  step 5650/13619  loss=0.2779  lr=1.93e-05
epoch 1/3  step 5660/13619  loss=0.2650  lr=1.93e-05
epoch 1/3  step 5670/13619  loss=0.3194  lr=1.93e-05
epoch 1/3  step 5680/13619  loss=0.2900  lr=1.93e-05
epoch 1/3  step 5690/13619  loss=0.2951  lr=1.93e-05
epoch 1/3  step 5700/13619  loss=0.2897  lr=1.93e-05
epoch 1/3  step 5710/13619  loss=0.2737  lr=1.93e-05
epoch 1/3  step 5720/13619  loss=0.2494  lr=1.93e-05
epoch 1/3  step 5730/13619  loss=0.3163  lr=1.93e-05
epoch 1/3  step 5740/13619  loss=0.2482  lr=1.93e-05
epoch 1/3  step 5750/13619  loss=0.3392  lr=1.93e-05
epoch 1/3  step 5760/13619  loss=0.3405  lr=1.93e-05
epoch 1/3  step 5770/13619  loss=0.1704  lr=1.93e-05
epoch 1/3  step 5780/13619  loss=0.2973  lr=1.92e-05
epoch 1/3  step 5790/13619  loss=0.3458  lr=1.92e-05
epoch 1/3  step 5800/13619  loss=0.2279  lr=1.92e-05
epoch 1/3  step 5810/13619  loss=0.3103  lr=1.92e-05
epoch 1/3  step 5820/13619  loss=0.3612  lr=1.92e-05
epoch 1/3  step 5830/13619  loss=0.2891  lr=1.92e-05
epoch 1/3  step 5840/13619  loss=0.3117  lr=1.92e-05
epoch 1/3  step 5850/13619  loss=0.2968  lr=1.92e-05
epoch 1/3  step 5860/13619  loss=0.1858  lr=1.92e-05
epoch 1/3  step 5870/13619  loss=0.2959  lr=1.92e-05
epoch 1/3  step 5880/13619  loss=0.3101  lr=1.92e-05
epoch 1/3  step 5890/13619  loss=0.2406  lr=1.92e-05
epoch 1/3  step 5900/13619  loss=0.2011  lr=1.92e-05
epoch 1/3  step 5910/13619  loss=0.2411  lr=1.92e-05
epoch 1/3  step 5920/13619  loss=0.2779  lr=1.92e-05
epoch 1/3  step 5930/13619  loss=0.3032  lr=1.92e-05
epoch 1/3  step 5940/13619  loss=0.2235  lr=1.92e-05
epoch 1/3  step 5950/13619  loss=0.3477  lr=1.92e-05
epoch 1/3  step 5960/13619  loss=0.3226  lr=1.92e-05
epoch 1/3  step 5970/13619  loss=0.3212  lr=1.92e-05
epoch 1/3  step 5980/13619  loss=0.2173  lr=1.92e-05
epoch 1/3  step 5990/13619  loss=0.2220  lr=1.92e-05
epoch 1/3  step 6000/13619  loss=0.2178  lr=1.92e-05
epoch 1/3  step 6010/13619  loss=0.3112  lr=1.92e-05
epoch 1/3  step 6020/13619  loss=0.1610  lr=1.92e-05
epoch 1/3  step 6030/13619  loss=0.4178  lr=1.92e-05
epoch 1/3  step 6040/13619  loss=0.1988  lr=1.92e-05
epoch 1/3  step 6050/13619  loss=0.2489  lr=1.92e-05
epoch 1/3  step 6060/13619  loss=0.2474  lr=1.92e-05
epoch 1/3  step 6070/13619  loss=0.1668  lr=1.92e-05
epoch 1/3  step 6080/13619  loss=0.1685  lr=1.92e-05
epoch 1/3  step 6090/13619  loss=0.2683  lr=1.92e-05
epoch 1/3  step 6100/13619  loss=0.2974  lr=1.91e-05
epoch 1/3  step 6110/13619  loss=0.2227  lr=1.91e-05
epoch 1/3  step 6120/13619  loss=0.3270  lr=1.91e-05
epoch 1/3  step 6130/13619  loss=0.2155  lr=1.91e-05
epoch 1/3  step 6140/13619  loss=0.3509  lr=1.91e-05
epoch 1/3  step 6150/13619  loss=0.2737  lr=1.91e-05
epoch 1/3  step 6160/13619  loss=0.2528  lr=1.91e-05
epoch 1/3  step 6170/13619  loss=0.2067  lr=1.91e-05
epoch 1/3  step 6180/13619  loss=0.3426  lr=1.91e-05
epoch 1/3  step 6190/13619  loss=0.3744  lr=1.91e-05
epoch 1/3  step 6200/13619  loss=0.2075  lr=1.91e-05
epoch 1/3  step 6210/13619  loss=0.1568  lr=1.91e-05
epoch 1/3  step 6220/13619  loss=0.2363  lr=1.91e-05
epoch 1/3  step 6230/13619  loss=0.4838  lr=1.91e-05
epoch 1/3  step 6240/13619  loss=0.2719  lr=1.91e-05
epoch 1/3  step 6250/13619  loss=0.3371  lr=1.91e-05
epoch 1/3  step 6260/13619  loss=0.2544  lr=1.91e-05
epoch 1/3  step 6270/13619  loss=0.3365  lr=1.91e-05
epoch 1/3  step 6280/13619  loss=0.1643  lr=1.91e-05
epoch 1/3  step 6290/13619  loss=0.2208  lr=1.91e-05
epoch 1/3  step 6300/13619  loss=0.2914  lr=1.91e-05
epoch 1/3  step 6310/13619  loss=0.3067  lr=1.91e-05
epoch 1/3  step 6320/13619  loss=0.2050  lr=1.91e-05
epoch 1/3  step 6330/13619  loss=0.3040  lr=1.91e-05
epoch 1/3  step 6340/13619  loss=0.1860  lr=1.91e-05
epoch 1/3  step 6350/13619  loss=0.2759  lr=1.91e-05
epoch 1/3  step 6360/13619  loss=0.3196  lr=1.91e-05
epoch 1/3  step 6370/13619  loss=0.2631  lr=1.91e-05
epoch 1/3  step 6380/13619  loss=0.2579  lr=1.91e-05
epoch 1/3  step 6390/13619  loss=0.2094  lr=1.91e-05
epoch 1/3  step 6400/13619  loss=0.3437  lr=1.91e-05
epoch 1/3  step 6410/13619  loss=0.2160  lr=1.90e-05
epoch 1/3  step 6420/13619  loss=0.2625  lr=1.90e-05
epoch 1/3  step 6430/13619  loss=0.3516  lr=1.90e-05
epoch 1/3  step 6440/13619  loss=0.2509  lr=1.90e-05
epoch 1/3  step 6450/13619  loss=0.3301  lr=1.90e-05
epoch 1/3  step 6460/13619  loss=0.3056  lr=1.90e-05
epoch 1/3  step 6470/13619  loss=0.2434  lr=1.90e-05
epoch 1/3  step 6480/13619  loss=0.2400  lr=1.90e-05
epoch 1/3  step 6490/13619  loss=0.1350  lr=1.90e-05
epoch 1/3  step 6500/13619  loss=0.4287  lr=1.90e-05
epoch 1/3  step 6510/13619  loss=0.2506  lr=1.90e-05
epoch 1/3  step 6520/13619  loss=0.2575  lr=1.90e-05
epoch 1/3  step 6530/13619  loss=0.2432  lr=1.90e-05
epoch 1/3  step 6540/13619  loss=0.2942  lr=1.90e-05
epoch 1/3  step 6550/13619  loss=0.2649  lr=1.90e-05
epoch 1/3  step 6560/13619  loss=0.3724  lr=1.90e-05
epoch 1/3  step 6570/13619  loss=0.3252  lr=1.90e-05
epoch 1/3  step 6580/13619  loss=0.3447  lr=1.90e-05
epoch 1/3  step 6590/13619  loss=0.2005  lr=1.90e-05
epoch 1/3  step 6600/13619  loss=0.1631  lr=1.90e-05
epoch 1/3  step 6610/13619  loss=0.3211  lr=1.90e-05
epoch 1/3  step 6620/13619  loss=0.2212  lr=1.90e-05
epoch 1/3  step 6630/13619  loss=0.2843  lr=1.90e-05
epoch 1/3  step 6640/13619  loss=0.2562  lr=1.90e-05
epoch 1/3  step 6650/13619  loss=0.2358  lr=1.90e-05
epoch 1/3  step 6660/13619  loss=0.3590  lr=1.90e-05
epoch 1/3  step 6670/13619  loss=0.3039  lr=1.90e-05
epoch 1/3  step 6680/13619  loss=0.2352  lr=1.90e-05
epoch 1/3  step 6690/13619  loss=0.2036  lr=1.90e-05
epoch 1/3  step 6700/13619  loss=0.3306  lr=1.89e-05
epoch 1/3  step 6710/13619  loss=0.2604  lr=1.89e-05
epoch 1/3  step 6720/13619  loss=0.1643  lr=1.89e-05
epoch 1/3  step 6730/13619  loss=0.2881  lr=1.89e-05
epoch 1/3  step 6740/13619  loss=0.2886  lr=1.89e-05
epoch 1/3  step 6750/13619  loss=0.2382  lr=1.89e-05
epoch 1/3  step 6760/13619  loss=0.3051  lr=1.89e-05
epoch 1/3  step 6770/13619  loss=0.2144  lr=1.89e-05
epoch 1/3  step 6780/13619  loss=0.3354  lr=1.89e-05
epoch 1/3  step 6790/13619  loss=0.2367  lr=1.89e-05
epoch 1/3  step 6800/13619  loss=0.2762  lr=1.89e-05
epoch 1/3  step 6810/13619  loss=0.3176  lr=1.89e-05
epoch 1/3  step 6820/13619  loss=0.2425  lr=1.89e-05
epoch 1/3  step 6830/13619  loss=0.3393  lr=1.89e-05
epoch 1/3  step 6840/13619  loss=0.3553  lr=1.89e-05
epoch 1/3  step 6850/13619  loss=0.2130  lr=1.89e-05
epoch 1/3  step 6860/13619  loss=0.2813  lr=1.89e-05
epoch 1/3  step 6870/13619  loss=0.3103  lr=1.89e-05
epoch 1/3  step 6880/13619  loss=0.2270  lr=1.89e-05
epoch 1/3  step 6890/13619  loss=0.2260  lr=1.89e-05
epoch 1/3  step 6900/13619  loss=0.2754  lr=1.89e-05
epoch 1/3  step 6910/13619  loss=0.2032  lr=1.89e-05
epoch 1/3  step 6920/13619  loss=0.2524  lr=1.89e-05
epoch 1/3  step 6930/13619  loss=0.1763  lr=1.89e-05
epoch 1/3  step 6940/13619  loss=0.2755  lr=1.89e-05
epoch 1/3  step 6950/13619  loss=0.2749  lr=1.89e-05
epoch 1/3  step 6960/13619  loss=0.3499  lr=1.89e-05
epoch 1/3  step 6970/13619  loss=0.2693  lr=1.89e-05
epoch 1/3  step 6980/13619  loss=0.1906  lr=1.88e-05
epoch 1/3  step 6990/13619  loss=0.1397  lr=1.88e-05
epoch 1/3  step 7000/13619  loss=0.2799  lr=1.88e-05
epoch 1/3  step 7010/13619  loss=0.2584  lr=1.88e-05
epoch 1/3  step 7020/13619  loss=0.2332  lr=1.88e-05
epoch 1/3  step 7030/13619  loss=0.1788  lr=1.88e-05
epoch 1/3  step 7040/13619  loss=0.2377  lr=1.88e-05
epoch 1/3  step 7050/13619  loss=0.2229  lr=1.88e-05
epoch 1/3  step 7060/13619  loss=0.3796  lr=1.88e-05
epoch 1/3  step 7070/13619  loss=0.2929  lr=1.88e-05
epoch 1/3  step 7080/13619  loss=0.2605  lr=1.88e-05
epoch 1/3  step 7090/13619  loss=0.3454  lr=1.88e-05
epoch 1/3  step 7100/13619  loss=0.3127  lr=1.88e-05
epoch 1/3  step 7110/13619  loss=0.2821  lr=1.88e-05
epoch 1/3  step 7120/13619  loss=0.2349  lr=1.88e-05
epoch 1/3  step 7130/13619  loss=0.3010  lr=1.88e-05
epoch 1/3  step 7140/13619  loss=0.3933  lr=1.88e-05
epoch 1/3  step 7150/13619  loss=0.2694  lr=1.88e-05
epoch 1/3  step 7160/13619  loss=0.3901  lr=1.88e-05
epoch 1/3  step 7170/13619  loss=0.4621  lr=1.88e-05
epoch 1/3  step 7180/13619  loss=0.1564  lr=1.88e-05
epoch 1/3  step 7190/13619  loss=0.1986  lr=1.88e-05
epoch 1/3  step 7200/13619  loss=0.2247  lr=1.88e-05
epoch 1/3  step 7210/13619  loss=0.1716  lr=1.88e-05
epoch 1/3  step 7220/13619  loss=0.2908  lr=1.88e-05
epoch 1/3  step 7230/13619  loss=0.2743  lr=1.88e-05
epoch 1/3  step 7240/13619  loss=0.3017  lr=1.88e-05
epoch 1/3  step 7250/13619  loss=0.3060  lr=1.87e-05
epoch 1/3  step 7260/13619  loss=0.2866  lr=1.87e-05
epoch 1/3  step 7270/13619  loss=0.1966  lr=1.87e-05
epoch 1/3  step 7280/13619  loss=0.2248  lr=1.87e-05
epoch 1/3  step 7290/13619  loss=0.2410  lr=1.87e-05
epoch 1/3  step 7300/13619  loss=0.2782  lr=1.87e-05
epoch 1/3  step 7310/13619  loss=0.2771  lr=1.87e-05
epoch 1/3  step 7320/13619  loss=0.3120  lr=1.87e-05
epoch 1/3  step 7330/13619  loss=0.2328  lr=1.87e-05
epoch 1/3  step 7340/13619  loss=0.3370  lr=1.87e-05
epoch 1/3  step 7350/13619  loss=0.1531  lr=1.87e-05
epoch 1/3  step 7360/13619  loss=0.2812  lr=1.87e-05
epoch 1/3  step 7370/13619  loss=0.3718  lr=1.87e-05
epoch 1/3  step 7380/13619  loss=0.2093  lr=1.87e-05
epoch 1/3  step 7390/13619  loss=0.2270  lr=1.87e-05
epoch 1/3  step 7400/13619  loss=0.4755  lr=1.87e-05
epoch 1/3  step 7410/13619  loss=0.5221  lr=1.87e-05
epoch 1/3  step 7420/13619  loss=0.2830  lr=1.87e-05
epoch 1/3  step 7430/13619  loss=0.3947  lr=1.87e-05
epoch 1/3  step 7440/13619  loss=0.3206  lr=1.87e-05
epoch 1/3  step 7450/13619  loss=0.4240  lr=1.87e-05
epoch 1/3  step 7460/13619  loss=0.3649  lr=1.87e-05
epoch 1/3  step 7470/13619  loss=0.3826  lr=1.87e-05
epoch 1/3  step 7480/13619  loss=0.3939  lr=1.87e-05
epoch 1/3  step 7490/13619  loss=0.1181  lr=1.87e-05
epoch 1/3  step 7500/13619  loss=0.2498  lr=1.87e-05
epoch 1/3  step 7510/13619  loss=0.3511  lr=1.86e-05
epoch 1/3  step 7520/13619  loss=0.3021  lr=1.86e-05
epoch 1/3  step 7530/13619  loss=0.2350  lr=1.86e-05
epoch 1/3  step 7540/13619  loss=0.1708  lr=1.86e-05
epoch 1/3  step 7550/13619  loss=0.2258  lr=1.86e-05
epoch 1/3  step 7560/13619  loss=0.3042  lr=1.86e-05
epoch 1/3  step 7570/13619  loss=0.2115  lr=1.86e-05
epoch 1/3  step 7580/13619  loss=0.3086  lr=1.86e-05
epoch 1/3  step 7590/13619  loss=0.2317  lr=1.86e-05
epoch 1/3  step 7600/13619  loss=0.1959  lr=1.86e-05
epoch 1/3  step 7610/13619  loss=0.2879  lr=1.86e-05
epoch 1/3  step 7620/13619  loss=0.2529  lr=1.86e-05
epoch 1/3  step 7630/13619  loss=0.2783  lr=1.86e-05
epoch 1/3  step 7640/13619  loss=0.2729  lr=1.86e-05
epoch 1/3  step 7650/13619  loss=0.2816  lr=1.86e-05
epoch 1/3  step 7660/13619  loss=0.2712  lr=1.86e-05
epoch 1/3  step 7670/13619  loss=0.1960  lr=1.86e-05
epoch 1/3  step 7680/13619  loss=0.1728  lr=1.86e-05
epoch 1/3  step 7690/13619  loss=0.2053  lr=1.86e-05
epoch 1/3  step 7700/13619  loss=0.1922  lr=1.86e-05
epoch 1/3  step 7710/13619  loss=0.2823  lr=1.86e-05
epoch 1/3  step 7720/13619  loss=0.4379  lr=1.86e-05
epoch 1/3  step 7730/13619  loss=0.3276  lr=1.86e-05
epoch 1/3  step 7740/13619  loss=0.3423  lr=1.86e-05
epoch 1/3  step 7750/13619  loss=0.2148  lr=1.86e-05
epoch 1/3  step 7760/13619  loss=0.1830  lr=1.85e-05
epoch 1/3  step 7770/13619  loss=0.1383  lr=1.85e-05
epoch 1/3  step 7780/13619  loss=0.2292  lr=1.85e-05
epoch 1/3  step 7790/13619  loss=0.1976  lr=1.85e-05
epoch 1/3  step 7800/13619  loss=0.2170  lr=1.85e-05
epoch 1/3  step 7810/13619  loss=0.2594  lr=1.85e-05
epoch 1/3  step 7820/13619  loss=0.3032  lr=1.85e-05
epoch 1/3  step 7830/13619  loss=0.1885  lr=1.85e-05
epoch 1/3  step 7840/13619  loss=0.2238  lr=1.85e-05
epoch 1/3  step 7850/13619  loss=0.2102  lr=1.85e-05
epoch 1/3  step 7860/13619  loss=0.3369  lr=1.85e-05
epoch 1/3  step 7870/13619  loss=0.2741  lr=1.85e-05
epoch 1/3  step 7880/13619  loss=0.3332  lr=1.85e-05
epoch 1/3  step 7890/13619  loss=0.2926  lr=1.85e-05
epoch 1/3  step 7900/13619  loss=0.3241  lr=1.85e-05
epoch 1/3  step 7910/13619  loss=0.1398  lr=1.85e-05
epoch 1/3  step 7920/13619  loss=0.2181  lr=1.85e-05
epoch 1/3  step 7930/13619  loss=0.2443  lr=1.85e-05
epoch 1/3  step 7940/13619  loss=0.2857  lr=1.85e-05
epoch 1/3  step 7950/13619  loss=0.2758  lr=1.85e-05
epoch 1/3  step 7960/13619  loss=0.2085  lr=1.85e-05
epoch 1/3  step 7970/13619  loss=0.2540  lr=1.85e-05
epoch 1/3  step 7980/13619  loss=0.2013  lr=1.85e-05
epoch 1/3  step 7990/13619  loss=0.2648  lr=1.85e-05
epoch 1/3  step 8000/13619  loss=0.2154  lr=1.84e-05
epoch 1/3  step 8010/13619  loss=0.3029  lr=1.84e-05
epoch 1/3  step 8020/13619  loss=0.2794  lr=1.84e-05
epoch 1/3  step 8030/13619  loss=0.2105  lr=1.84e-05
epoch 1/3  step 8040/13619  loss=0.2937  lr=1.84e-05
epoch 1/3  step 8050/13619  loss=0.2998  lr=1.84e-05
epoch 1/3  step 8060/13619  loss=0.1981  lr=1.84e-05
epoch 1/3  step 8070/13619  loss=0.1449  lr=1.84e-05
epoch 1/3  step 8080/13619  loss=0.2986  lr=1.84e-05
epoch 1/3  step 8090/13619  loss=0.3052  lr=1.84e-05
epoch 1/3  step 8100/13619  loss=0.2383  lr=1.84e-05
epoch 1/3  step 8110/13619  loss=0.2323  lr=1.84e-05
epoch 1/3  step 8120/13619  loss=0.2922  lr=1.84e-05
epoch 1/3  step 8130/13619  loss=0.2327  lr=1.84e-05
epoch 1/3  step 8140/13619  loss=0.3600  lr=1.84e-05
epoch 1/3  step 8150/13619  loss=0.2256  lr=1.84e-05
epoch 1/3  step 8160/13619  loss=0.2506  lr=1.84e-05
epoch 1/3  step 8170/13619  loss=0.2289  lr=1.84e-05
epoch 1/3  step 8180/13619  loss=0.2833  lr=1.84e-05
epoch 1/3  step 8190/13619  loss=0.2616  lr=1.84e-05
epoch 1/3  step 8200/13619  loss=0.2566  lr=1.84e-05
epoch 1/3  step 8210/13619  loss=0.2319  lr=1.84e-05
epoch 1/3  step 8220/13619  loss=0.3667  lr=1.84e-05
epoch 1/3  step 8230/13619  loss=0.2536  lr=1.84e-05
epoch 1/3  step 8240/13619  loss=0.2844  lr=1.83e-05
epoch 1/3  step 8250/13619  loss=0.2508  lr=1.83e-05
epoch 1/3  step 8260/13619  loss=0.2104  lr=1.83e-05
epoch 1/3  step 8270/13619  loss=0.3230  lr=1.83e-05
epoch 1/3  step 8280/13619  loss=0.3739  lr=1.83e-05
epoch 1/3  step 8290/13619  loss=0.2396  lr=1.83e-05
epoch 1/3  step 8300/13619  loss=0.2705  lr=1.83e-05
epoch 1/3  step 8310/13619  loss=0.2980  lr=1.83e-05
epoch 1/3  step 8320/13619  loss=0.4203  lr=1.83e-05
epoch 1/3  step 8330/13619  loss=0.1585  lr=1.83e-05
epoch 1/3  step 8340/13619  loss=0.3163  lr=1.83e-05
epoch 1/3  step 8350/13619  loss=0.1540  lr=1.83e-05
epoch 1/3  step 8360/13619  loss=0.1889  lr=1.83e-05
epoch 1/3  step 8370/13619  loss=0.3597  lr=1.83e-05
epoch 1/3  step 8380/13619  loss=0.1539  lr=1.83e-05
epoch 1/3  step 8390/13619  loss=0.1412  lr=1.83e-05
epoch 1/3  step 8400/13619  loss=0.3021  lr=1.83e-05
epoch 1/3  step 8410/13619  loss=0.2596  lr=1.83e-05
epoch 1/3  step 8420/13619  loss=0.1983  lr=1.83e-05
epoch 1/3  step 8430/13619  loss=0.1845  lr=1.83e-05
epoch 1/3  step 8440/13619  loss=0.1898  lr=1.83e-05
epoch 1/3  step 8450/13619  loss=0.2528  lr=1.83e-05
epoch 1/3  step 8460/13619  loss=0.2845  lr=1.83e-05
epoch 1/3  step 8470/13619  loss=0.3406  lr=1.82e-05
epoch 1/3  step 8480/13619  loss=0.2129  lr=1.82e-05
epoch 1/3  step 8490/13619  loss=0.3040  lr=1.82e-05
epoch 1/3  step 8500/13619  loss=0.1701  lr=1.82e-05
epoch 1/3  step 8510/13619  loss=0.2902  lr=1.82e-05
epoch 1/3  step 8520/13619  loss=0.2040  lr=1.82e-05
epoch 1/3  step 8530/13619  loss=0.2666  lr=1.82e-05
epoch 1/3  step 8540/13619  loss=0.2988  lr=1.82e-05
epoch 1/3  step 8550/13619  loss=0.3120  lr=1.82e-05
epoch 1/3  step 8560/13619  loss=0.3451  lr=1.82e-05
epoch 1/3  step 8570/13619  loss=0.1980  lr=1.82e-05
epoch 1/3  step 8580/13619  loss=0.2640  lr=1.82e-05
epoch 1/3  step 8590/13619  loss=0.2632  lr=1.82e-05
epoch 1/3  step 8600/13619  loss=0.2941  lr=1.82e-05
epoch 1/3  step 8610/13619  loss=0.3130  lr=1.82e-05
epoch 1/3  step 8620/13619  loss=0.2187  lr=1.82e-05
epoch 1/3  step 8630/13619  loss=0.2232  lr=1.82e-05
epoch 1/3  step 8640/13619  loss=0.2931  lr=1.82e-05
epoch 1/3  step 8650/13619  loss=0.1782  lr=1.82e-05
epoch 1/3  step 8660/13619  loss=0.2484  lr=1.82e-05
epoch 1/3  step 8670/13619  loss=0.2872  lr=1.82e-05
epoch 1/3  step 8680/13619  loss=0.2295  lr=1.81e-05
epoch 1/3  step 8690/13619  loss=0.3472  lr=1.81e-05
epoch 1/3  step 8700/13619  loss=0.3743  lr=1.81e-05
epoch 1/3  step 8710/13619  loss=0.3452  lr=1.81e-05
epoch 1/3  step 8720/13619  loss=0.3115  lr=1.81e-05
epoch 1/3  step 8730/13619  loss=0.1871  lr=1.81e-05
epoch 1/3  step 8740/13619  loss=0.3493  lr=1.81e-05
epoch 1/3  step 8750/13619  loss=0.2745  lr=1.81e-05
epoch 1/3  step 8760/13619  loss=0.2712  lr=1.81e-05
epoch 1/3  step 8770/13619  loss=0.2576  lr=1.81e-05
epoch 1/3  step 8780/13619  loss=0.1751  lr=1.81e-05
epoch 1/3  step 8790/13619  loss=0.2703  lr=1.81e-05
epoch 1/3  step 8800/13619  loss=0.1824  lr=1.81e-05
epoch 1/3  step 8810/13619  loss=0.2485  lr=1.81e-05
epoch 1/3  step 8820/13619  loss=0.2508  lr=1.81e-05
epoch 1/3  step 8830/13619  loss=0.2808  lr=1.81e-05
epoch 1/3  step 8840/13619  loss=0.3907  lr=1.81e-05
epoch 1/3  step 8850/13619  loss=0.2811  lr=1.81e-05
epoch 1/3  step 8860/13619  loss=0.3700  lr=1.81e-05
epoch 1/3  step 8870/13619  loss=0.3239  lr=1.81e-05
epoch 1/3  step 8880/13619  loss=0.2737  lr=1.81e-05
epoch 1/3  step 8890/13619  loss=0.2956  lr=1.81e-05
epoch 1/3  step 8900/13619  loss=0.4185  lr=1.81e-05
epoch 1/3  step 8910/13619  loss=0.2473  lr=1.80e-05
epoch 1/3  step 8920/13619  loss=0.3877  lr=1.80e-05
epoch 1/3  step 8930/13619  loss=0.3416  lr=1.80e-05
epoch 1/3  step 8940/13619  loss=0.2700  lr=1.80e-05
epoch 1/3  step 8950/13619  loss=0.2463  lr=1.80e-05
epoch 1/3  step 8960/13619  loss=0.2627  lr=1.80e-05
epoch 1/3  step 8970/13619  loss=0.2200  lr=1.80e-05
epoch 1/3  step 8980/13619  loss=0.3299  lr=1.80e-05
epoch 1/3  step 8990/13619  loss=0.1147  lr=1.80e-05
epoch 1/3  step 9000/13619  loss=0.2170  lr=1.80e-05
epoch 1/3  step 9010/13619  loss=0.2680  lr=1.80e-05
epoch 1/3  step 9020/13619  loss=0.1845  lr=1.80e-05
epoch 1/3  step 9030/13619  loss=0.2924  lr=1.80e-05
epoch 1/3  step 9040/13619  loss=0.2113  lr=1.80e-05
epoch 1/3  step 9050/13619  loss=0.1856  lr=1.80e-05
epoch 1/3  step 9060/13619  loss=0.2642  lr=1.80e-05
epoch 1/3  step 9070/13619  loss=0.3336  lr=1.80e-05
epoch 1/3  step 9080/13619  loss=0.2647  lr=1.80e-05
epoch 1/3  step 9090/13619  loss=0.4263  lr=1.80e-05
epoch 1/3  step 9100/13619  loss=0.1110  lr=1.80e-05
epoch 1/3  step 9110/13619  loss=0.2832  lr=1.80e-05
epoch 1/3  step 9120/13619  loss=0.2390  lr=1.79e-05
epoch 1/3  step 9130/13619  loss=0.2863  lr=1.79e-05
epoch 1/3  step 9140/13619  loss=0.2142  lr=1.79e-05
epoch 1/3  step 9150/13619  loss=0.4204  lr=1.79e-05
epoch 1/3  step 9160/13619  loss=0.2492  lr=1.79e-05
epoch 1/3  step 9170/13619  loss=0.3517  lr=1.79e-05
epoch 1/3  step 9180/13619  loss=0.2107  lr=1.79e-05
epoch 1/3  step 9190/13619  loss=0.3049  lr=1.79e-05
epoch 1/3  step 9200/13619  loss=0.2622  lr=1.79e-05
epoch 1/3  step 9210/13619  loss=0.2226  lr=1.79e-05
epoch 1/3  step 9220/13619  loss=0.3431  lr=1.79e-05
epoch 1/3  step 9230/13619  loss=0.2938  lr=1.79e-05
epoch 1/3  step 9240/13619  loss=0.2236  lr=1.79e-05
epoch 1/3  step 9250/13619  loss=0.1884  lr=1.79e-05
epoch 1/3  step 9260/13619  loss=0.2912  lr=1.79e-05
epoch 1/3  step 9270/13619  loss=0.1970  lr=1.79e-05
epoch 1/3  step 9280/13619  loss=0.2709  lr=1.79e-05
epoch 1/3  step 9290/13619  loss=0.2846  lr=1.79e-05
epoch 1/3  step 9300/13619  loss=0.3459  lr=1.79e-05
epoch 1/3  step 9310/13619  loss=0.2937  lr=1.79e-05
epoch 1/3  step 9320/13619  loss=0.2418  lr=1.78e-05
epoch 1/3  step 9330/13619  loss=0.3460  lr=1.78e-05
epoch 1/3  step 9340/13619  loss=0.2215  lr=1.78e-05
epoch 1/3  step 9350/13619  loss=0.1829  lr=1.78e-05
epoch 1/3  step 9360/13619  loss=0.2218  lr=1.78e-05
epoch 1/3  step 9370/13619  loss=0.6131  lr=1.78e-05
epoch 1/3  step 9380/13619  loss=0.2487  lr=1.78e-05
epoch 1/3  step 9390/13619  loss=0.2754  lr=1.78e-05
epoch 1/3  step 9400/13619  loss=0.2970  lr=1.78e-05
epoch 1/3  step 9410/13619  loss=0.2739  lr=1.78e-05
epoch 1/3  step 9420/13619  loss=0.1752  lr=1.78e-05
epoch 1/3  step 9430/13619  loss=0.1357  lr=1.78e-05
epoch 1/3  step 9440/13619  loss=0.1803  lr=1.78e-05
epoch 1/3  step 9450/13619  loss=0.3416  lr=1.78e-05
epoch 1/3  step 9460/13619  loss=0.2347  lr=1.78e-05
epoch 1/3  step 9470/13619  loss=0.3492  lr=1.78e-05
epoch 1/3  step 9480/13619  loss=0.3900  lr=1.78e-05
epoch 1/3  step 9490/13619  loss=0.2445  lr=1.78e-05
epoch 1/3  step 9500/13619  loss=0.3093  lr=1.78e-05
epoch 1/3  step 9510/13619  loss=0.2820  lr=1.78e-05
epoch 1/3  step 9520/13619  loss=0.3063  lr=1.78e-05
epoch 1/3  step 9530/13619  loss=0.3612  lr=1.77e-05
epoch 1/3  step 9540/13619  loss=0.2020  lr=1.77e-05
epoch 1/3  step 9550/13619  loss=0.1325  lr=1.77e-05
epoch 1/3  step 9560/13619  loss=0.2996  lr=1.77e-05
epoch 1/3  step 9570/13619  loss=0.1829  lr=1.77e-05
epoch 1/3  step 9580/13619  loss=0.2220  lr=1.77e-05
epoch 1/3  step 9590/13619  loss=0.3138  lr=1.77e-05
epoch 1/3  step 9600/13619  loss=0.2203  lr=1.77e-05
epoch 1/3  step 9610/13619  loss=0.2432  lr=1.77e-05
epoch 1/3  step 9620/13619  loss=0.2472  lr=1.77e-05
epoch 1/3  step 9630/13619  loss=0.3396  lr=1.77e-05
epoch 1/3  step 9640/13619  loss=0.3599  lr=1.77e-05
epoch 1/3  step 9650/13619  loss=0.2196  lr=1.77e-05
epoch 1/3  step 9660/13619  loss=0.1721  lr=1.77e-05
epoch 1/3  step 9670/13619  loss=0.2552  lr=1.77e-05
epoch 1/3  step 9680/13619  loss=0.1739  lr=1.77e-05
epoch 1/3  step 9690/13619  loss=0.2403  lr=1.77e-05
epoch 1/3  step 9700/13619  loss=0.2013  lr=1.77e-05
epoch 1/3  step 9710/13619  loss=0.3163  lr=1.77e-05
epoch 1/3  step 9720/13619  loss=0.3017  lr=1.77e-05
epoch 1/3  step 9730/13619  loss=0.2601  lr=1.76e-05
epoch 1/3  step 9740/13619  loss=0.3011  lr=1.76e-05
epoch 1/3  step 9750/13619  loss=0.3462  lr=1.76e-05
epoch 1/3  step 9760/13619  loss=0.3158  lr=1.76e-05
epoch 1/3  step 9770/13619  loss=0.2820  lr=1.76e-05
epoch 1/3  step 9780/13619  loss=0.2127  lr=1.76e-05
epoch 1/3  step 9790/13619  loss=0.3215  lr=1.76e-05
epoch 1/3  step 9800/13619  loss=0.2533  lr=1.76e-05
epoch 1/3  step 9810/13619  loss=0.2568  lr=1.76e-05
epoch 1/3  step 9820/13619  loss=0.2819  lr=1.76e-05
epoch 1/3  step 9830/13619  loss=0.2121  lr=1.76e-05
epoch 1/3  step 9840/13619  loss=0.2383  lr=1.76e-05
epoch 1/3  step 9850/13619  loss=0.2794  lr=1.76e-05
epoch 1/3  step 9860/13619  loss=0.2392  lr=1.76e-05
epoch 1/3  step 9870/13619  loss=0.2843  lr=1.76e-05
epoch 1/3  step 9880/13619  loss=0.2579  lr=1.76e-05
epoch 1/3  step 9890/13619  loss=0.3654  lr=1.76e-05
epoch 1/3  step 9900/13619  loss=0.2812  lr=1.76e-05
epoch 1/3  step 9910/13619  loss=0.1800  lr=1.76e-05
epoch 1/3  step 9920/13619  loss=0.1591  lr=1.75e-05
epoch 1/3  step 9930/13619  loss=0.3016  lr=1.75e-05
epoch 1/3  step 9940/13619  loss=0.2350  lr=1.75e-05
epoch 1/3  step 9950/13619  loss=0.3019  lr=1.75e-05
epoch 1/3  step 9960/13619  loss=0.1712  lr=1.75e-05
epoch 1/3  step 9970/13619  loss=0.2394  lr=1.75e-05
epoch 1/3  step 9980/13619  loss=0.3582  lr=1.75e-05
epoch 1/3  step 9990/13619  loss=0.5144  lr=1.75e-05
epoch 1/3  step 10000/13619  loss=0.3286  lr=1.75e-05
epoch 1/3  step 10010/13619  loss=0.3024  lr=1.75e-05
epoch 1/3  step 10020/13619  loss=0.2254  lr=1.75e-05
epoch 1/3  step 10030/13619  loss=0.2818  lr=1.75e-05
epoch 1/3  step 10040/13619  loss=0.2670  lr=1.75e-05
epoch 1/3  step 10050/13619  loss=0.2687  lr=1.75e-05
epoch 1/3  step 10060/13619  loss=0.1820  lr=1.75e-05
epoch 1/3  step 10070/13619  loss=0.2457  lr=1.75e-05
epoch 1/3  step 10080/13619  loss=0.1480  lr=1.75e-05
epoch 1/3  step 10090/13619  loss=0.2198  lr=1.75e-05
epoch 1/3  step 10100/13619  loss=0.3277  lr=1.75e-05
epoch 1/3  step 10110/13619  loss=0.2784  lr=1.75e-05
epoch 1/3  step 10120/13619  loss=0.2206  lr=1.74e-05
epoch 1/3  step 10130/13619  loss=0.3338  lr=1.74e-05
epoch 1/3  step 10140/13619  loss=0.1552  lr=1.74e-05
epoch 1/3  step 10150/13619  loss=0.3081  lr=1.74e-05
epoch 1/3  step 10160/13619  loss=0.1541  lr=1.74e-05
epoch 1/3  step 10170/13619  loss=0.1553  lr=1.74e-05
epoch 1/3  step 10180/13619  loss=0.2925  lr=1.74e-05
epoch 1/3  step 10190/13619  loss=0.1818  lr=1.74e-05
epoch 1/3  step 10200/13619  loss=0.1696  lr=1.74e-05
epoch 1/3  step 10210/13619  loss=0.3544  lr=1.74e-05
epoch 1/3  step 10220/13619  loss=0.2528  lr=1.74e-05
epoch 1/3  step 10230/13619  loss=0.1968  lr=1.74e-05
epoch 1/3  step 10240/13619  loss=0.3389  lr=1.74e-05
epoch 1/3  step 10250/13619  loss=0.2614  lr=1.74e-05
epoch 1/3  step 10260/13619  loss=0.3014  lr=1.74e-05
epoch 1/3  step 10270/13619  loss=0.2484  lr=1.74e-05
epoch 1/3  step 10280/13619  loss=0.2736  lr=1.74e-05
epoch 1/3  step 10290/13619  loss=0.2814  lr=1.74e-05
epoch 1/3  step 10300/13619  loss=0.4148  lr=1.74e-05
epoch 1/3  step 10310/13619  loss=0.1784  lr=1.73e-05
epoch 1/3  step 10320/13619  loss=0.2271  lr=1.73e-05
epoch 1/3  step 10330/13619  loss=0.1340  lr=1.73e-05
epoch 1/3  step 10340/13619  loss=0.2950  lr=1.73e-05
epoch 1/3  step 10350/13619  loss=0.2653  lr=1.73e-05
epoch 1/3  step 10360/13619  loss=0.2271  lr=1.73e-05
epoch 1/3  step 10370/13619  loss=0.2406  lr=1.73e-05
epoch 1/3  step 10380/13619  loss=0.3268  lr=1.73e-05
epoch 1/3  step 10390/13619  loss=0.3420  lr=1.73e-05
epoch 1/3  step 10400/13619  loss=0.2354  lr=1.73e-05
epoch 1/3  step 10410/13619  loss=0.1746  lr=1.73e-05
epoch 1/3  step 10420/13619  loss=0.1899  lr=1.73e-05
epoch 1/3  step 10430/13619  loss=0.2472  lr=1.73e-05
epoch 1/3  step 10440/13619  loss=0.2276  lr=1.73e-05
epoch 1/3  step 10450/13619  loss=0.3677  lr=1.73e-05
epoch 1/3  step 10460/13619  loss=0.3200  lr=1.73e-05
epoch 1/3  step 10470/13619  loss=0.2143  lr=1.73e-05
epoch 1/3  step 10480/13619  loss=0.3229  lr=1.73e-05
epoch 1/3  step 10490/13619  loss=0.2982  lr=1.72e-05
epoch 1/3  step 10500/13619  loss=0.1902  lr=1.72e-05
epoch 1/3  step 10510/13619  loss=0.2709  lr=1.72e-05
epoch 1/3  step 10520/13619  loss=0.1821  lr=1.72e-05
epoch 1/3  step 10530/13619  loss=0.3648  lr=1.72e-05
epoch 1/3  step 10540/13619  loss=0.2929  lr=1.72e-05
epoch 1/3  step 10550/13619  loss=0.2991  lr=1.72e-05
epoch 1/3  step 10560/13619  loss=0.4311  lr=1.72e-05
epoch 1/3  step 10570/13619  loss=0.2242  lr=1.72e-05
epoch 1/3  step 10580/13619  loss=0.3152  lr=1.72e-05
epoch 1/3  step 10590/13619  loss=0.2137  lr=1.72e-05
epoch 1/3  step 10600/13619  loss=0.2506  lr=1.72e-05
epoch 1/3  step 10610/13619  loss=0.4413  lr=1.72e-05
epoch 1/3  step 10620/13619  loss=0.1419  lr=1.72e-05
epoch 1/3  step 10630/13619  loss=0.1545  lr=1.72e-05
epoch 1/3  step 10640/13619  loss=0.2510  lr=1.72e-05
epoch 1/3  step 10650/13619  loss=0.3182  lr=1.72e-05
epoch 1/3  step 10660/13619  loss=0.0964  lr=1.72e-05
epoch 1/3  step 10670/13619  loss=0.3027  lr=1.72e-05
epoch 1/3  step 10680/13619  loss=0.2116  lr=1.71e-05
epoch 1/3  step 10690/13619  loss=0.3150  lr=1.71e-05
epoch 1/3  step 10700/13619  loss=0.1842  lr=1.71e-05
epoch 1/3  step 10710/13619  loss=0.2951  lr=1.71e-05
epoch 1/3  step 10720/13619  loss=0.2743  lr=1.71e-05
epoch 1/3  step 10730/13619  loss=0.3883  lr=1.71e-05
epoch 1/3  step 10740/13619  loss=0.2774  lr=1.71e-05
epoch 1/3  step 10750/13619  loss=0.2486  lr=1.71e-05
epoch 1/3  step 10760/13619  loss=0.3867  lr=1.71e-05
epoch 1/3  step 10770/13619  loss=0.1616  lr=1.71e-05
epoch 1/3  step 10780/13619  loss=0.1336  lr=1.71e-05
epoch 1/3  step 10790/13619  loss=0.1555  lr=1.71e-05
epoch 1/3  step 10800/13619  loss=0.2215  lr=1.71e-05
epoch 1/3  step 10810/13619  loss=0.1225  lr=1.71e-05
epoch 1/3  step 10820/13619  loss=0.0987  lr=1.71e-05
epoch 1/3  step 10830/13619  loss=0.2335  lr=1.71e-05
epoch 1/3  step 10840/13619  loss=0.1412  lr=1.71e-05
epoch 1/3  step 10850/13619  loss=0.2799  lr=1.71e-05
epoch 1/3  step 10860/13619  loss=0.2421  lr=1.70e-05
epoch 1/3  step 10870/13619  loss=0.2222  lr=1.70e-05
epoch 1/3  step 10880/13619  loss=0.3695  lr=1.70e-05
epoch 1/3  step 10890/13619  loss=0.3287  lr=1.70e-05
epoch 1/3  step 10900/13619  loss=0.2050  lr=1.70e-05
epoch 1/3  step 10910/13619  loss=0.3684  lr=1.70e-05
epoch 1/3  step 10920/13619  loss=0.2507  lr=1.70e-05
epoch 1/3  step 10930/13619  loss=0.3070  lr=1.70e-05
epoch 1/3  step 10940/13619  loss=0.2591  lr=1.70e-05
epoch 1/3  step 10950/13619  loss=0.2222  lr=1.70e-05
epoch 1/3  step 10960/13619  loss=0.3287  lr=1.70e-05
epoch 1/3  step 10970/13619  loss=0.2147  lr=1.70e-05
epoch 1/3  step 10980/13619  loss=0.3502  lr=1.70e-05
epoch 1/3  step 10990/13619  loss=0.1383  lr=1.70e-05
epoch 1/3  step 11000/13619  loss=0.2428  lr=1.70e-05
epoch 1/3  step 11010/13619  loss=0.2837  lr=1.70e-05
epoch 1/3  step 11020/13619  loss=0.3226  lr=1.70e-05
epoch 1/3  step 11030/13619  loss=0.2145  lr=1.70e-05
epoch 1/3  step 11040/13619  loss=0.3427  lr=1.69e-05
epoch 1/3  step 11050/13619  loss=0.3895  lr=1.69e-05
epoch 1/3  step 11060/13619  loss=0.2642  lr=1.69e-05
epoch 1/3  step 11070/13619  loss=0.3052  lr=1.69e-05
epoch 1/3  step 11080/13619  loss=0.3502  lr=1.69e-05
epoch 1/3  step 11090/13619  loss=0.1905  lr=1.69e-05
epoch 1/3  step 11100/13619  loss=0.1754  lr=1.69e-05
epoch 1/3  step 11110/13619  loss=0.3736  lr=1.69e-05
epoch 1/3  step 11120/13619  loss=0.3224  lr=1.69e-05
epoch 1/3  step 11130/13619  loss=0.2742  lr=1.69e-05
epoch 1/3  step 11140/13619  loss=0.3577  lr=1.69e-05
epoch 1/3  step 11150/13619  loss=0.3344  lr=1.69e-05
epoch 1/3  step 11160/13619  loss=0.1943  lr=1.69e-05
epoch 1/3  step 11170/13619  loss=0.2992  lr=1.69e-05
epoch 1/3  step 11180/13619  loss=0.1654  lr=1.69e-05
epoch 1/3  step 11190/13619  loss=0.2651  lr=1.69e-05
epoch 1/3  step 11200/13619  loss=0.1796  lr=1.69e-05
epoch 1/3  step 11210/13619  loss=0.1895  lr=1.68e-05
epoch 1/3  step 11220/13619  loss=0.2758  lr=1.68e-05
epoch 1/3  step 11230/13619  loss=0.2834  lr=1.68e-05
epoch 1/3  step 11240/13619  loss=0.1719  lr=1.68e-05
epoch 1/3  step 11250/13619  loss=0.1999  lr=1.68e-05
epoch 1/3  step 11260/13619  loss=0.3727  lr=1.68e-05
epoch 1/3  step 11270/13619  loss=0.3194  lr=1.68e-05
epoch 1/3  step 11280/13619  loss=0.2951  lr=1.68e-05
epoch 1/3  step 11290/13619  loss=0.2617  lr=1.68e-05
epoch 1/3  step 11300/13619  loss=0.2944  lr=1.68e-05
epoch 1/3  step 11310/13619  loss=0.2536  lr=1.68e-05
epoch 1/3  step 11320/13619  loss=0.3045  lr=1.68e-05
epoch 1/3  step 11330/13619  loss=0.1871  lr=1.68e-05
epoch 1/3  step 11340/13619  loss=0.1489  lr=1.68e-05
epoch 1/3  step 11350/13619  loss=0.1708  lr=1.68e-05
epoch 1/3  step 11360/13619  loss=0.2770  lr=1.68e-05
epoch 1/3  step 11370/13619  loss=0.2370  lr=1.68e-05
epoch 1/3  step 11380/13619  loss=0.2058  lr=1.68e-05
epoch 1/3  step 11390/13619  loss=0.3434  lr=1.67e-05
epoch 1/3  step 11400/13619  loss=0.2330  lr=1.67e-05
epoch 1/3  step 11410/13619  loss=0.1998  lr=1.67e-05
epoch 1/3  step 11420/13619  loss=0.1124  lr=1.67e-05
epoch 1/3  step 11430/13619  loss=0.2205  lr=1.67e-05
epoch 1/3  step 11440/13619  loss=0.3432  lr=1.67e-05
epoch 1/3  step 11450/13619  loss=0.2392  lr=1.67e-05
epoch 1/3  step 11460/13619  loss=0.2702  lr=1.67e-05
epoch 1/3  step 11470/13619  loss=0.1901  lr=1.67e-05
epoch 1/3  step 11480/13619  loss=0.2911  lr=1.67e-05
epoch 1/3  step 11490/13619  loss=0.1973  lr=1.67e-05
epoch 1/3  step 11500/13619  loss=0.2929  lr=1.67e-05
epoch 1/3  step 11510/13619  loss=0.2239  lr=1.67e-05
epoch 1/3  step 11520/13619  loss=0.3745  lr=1.67e-05
epoch 1/3  step 11530/13619  loss=0.2521  lr=1.67e-05
epoch 1/3  step 11540/13619  loss=0.3303  lr=1.67e-05
epoch 1/3  step 11550/13619  loss=0.3855  lr=1.67e-05
epoch 1/3  step 11560/13619  loss=0.3599  lr=1.66e-05
epoch 1/3  step 11570/13619  loss=0.2688  lr=1.66e-05
epoch 1/3  step 11580/13619  loss=0.1767  lr=1.66e-05
epoch 1/3  step 11590/13619  loss=0.2517  lr=1.66e-05
epoch 1/3  step 11600/13619  loss=0.3760  lr=1.66e-05
epoch 1/3  step 11610/13619  loss=0.1735  lr=1.66e-05
epoch 1/3  step 11620/13619  loss=0.3029  lr=1.66e-05
epoch 1/3  step 11630/13619  loss=0.1783  lr=1.66e-05
epoch 1/3  step 11640/13619  loss=0.3356  lr=1.66e-05
epoch 1/3  step 11650/13619  loss=0.3822  lr=1.66e-05
epoch 1/3  step 11660/13619  loss=0.2314  lr=1.66e-05
epoch 1/3  step 11670/13619  loss=0.2212  lr=1.66e-05
epoch 1/3  step 11680/13619  loss=0.1714  lr=1.66e-05
epoch 1/3  step 11690/13619  loss=0.2988  lr=1.66e-05
epoch 1/3  step 11700/13619  loss=0.2189  lr=1.66e-05
epoch 1/3  step 11710/13619  loss=0.2264  lr=1.66e-05
epoch 1/3  step 11720/13619  loss=0.2292  lr=1.65e-05
epoch 1/3  step 11730/13619  loss=0.2496  lr=1.65e-05
epoch 1/3  step 11740/13619  loss=0.2841  lr=1.65e-05
epoch 1/3  step 11750/13619  loss=0.2630  lr=1.65e-05
epoch 1/3  step 11760/13619  loss=0.2408  lr=1.65e-05
epoch 1/3  step 11770/13619  loss=0.1153  lr=1.65e-05
epoch 1/3  step 11780/13619  loss=0.1096  lr=1.65e-05
epoch 1/3  step 11790/13619  loss=0.2272  lr=1.65e-05
epoch 1/3  step 11800/13619  loss=0.2441  lr=1.65e-05
epoch 1/3  step 11810/13619  loss=0.2017  lr=1.65e-05
epoch 1/3  step 11820/13619  loss=0.4010  lr=1.65e-05
epoch 1/3  step 11830/13619  loss=0.3192  lr=1.65e-05
epoch 1/3  step 11840/13619  loss=0.3230  lr=1.65e-05
epoch 1/3  step 11850/13619  loss=0.2881  lr=1.65e-05
epoch 1/3  step 11860/13619  loss=0.2582  lr=1.65e-05
epoch 1/3  step 11870/13619  loss=0.2926  lr=1.65e-05
epoch 1/3  step 11880/13619  loss=0.2660  lr=1.65e-05
epoch 1/3  step 11890/13619  loss=0.1155  lr=1.64e-05
epoch 1/3  step 11900/13619  loss=0.1883  lr=1.64e-05
epoch 1/3  step 11910/13619  loss=0.2126  lr=1.64e-05
epoch 1/3  step 11920/13619  loss=0.2217  lr=1.64e-05
epoch 1/3  step 11930/13619  loss=0.2913  lr=1.64e-05
epoch 1/3  step 11940/13619  loss=0.2294  lr=1.64e-05
epoch 1/3  step 11950/13619  loss=0.2339  lr=1.64e-05
epoch 1/3  step 11960/13619  loss=0.2540  lr=1.64e-05
epoch 1/3  step 11970/13619  loss=0.2665  lr=1.64e-05
epoch 1/3  step 11980/13619  loss=0.1927  lr=1.64e-05
epoch 1/3  step 11990/13619  loss=0.1936  lr=1.64e-05
epoch 1/3  step 12000/13619  loss=0.2499  lr=1.64e-05
epoch 1/3  step 12010/13619  loss=0.2508  lr=1.64e-05
epoch 1/3  step 12020/13619  loss=0.2019  lr=1.64e-05
epoch 1/3  step 12030/13619  loss=0.2654  lr=1.64e-05
epoch 1/3  step 12040/13619  loss=0.1180  lr=1.64e-05
epoch 1/3  step 12050/13619  loss=0.2192  lr=1.64e-05
epoch 1/3  step 12060/13619  loss=0.2852  lr=1.63e-05
epoch 1/3  step 12070/13619  loss=0.2146  lr=1.63e-05
epoch 1/3  step 12080/13619  loss=0.2082  lr=1.63e-05
epoch 1/3  step 12090/13619  loss=0.2288  lr=1.63e-05
epoch 1/3  step 12100/13619  loss=0.1820  lr=1.63e-05
epoch 1/3  step 12110/13619  loss=0.1060  lr=1.63e-05
epoch 1/3  step 12120/13619  loss=0.2022  lr=1.63e-05
epoch 1/3  step 12130/13619  loss=0.1968  lr=1.63e-05
epoch 1/3  step 12140/13619  loss=0.1928  lr=1.63e-05
epoch 1/3  step 12150/13619  loss=0.1970  lr=1.63e-05
epoch 1/3  step 12160/13619  loss=0.1562  lr=1.63e-05
epoch 1/3  step 12170/13619  loss=0.3649  lr=1.63e-05
epoch 1/3  step 12180/13619  loss=0.2196  lr=1.63e-05
epoch 1/3  step 12190/13619  loss=0.1894  lr=1.63e-05
epoch 1/3  step 12200/13619  loss=0.3265  lr=1.63e-05
epoch 1/3  step 12210/13619  loss=0.2130  lr=1.63e-05
epoch 1/3  step 12220/13619  loss=0.2727  lr=1.63e-05
epoch 1/3  step 12230/13619  loss=0.2143  lr=1.62e-05
epoch 1/3  step 12240/13619  loss=0.1686  lr=1.62e-05
epoch 1/3  step 12250/13619  loss=0.1772  lr=1.62e-05
epoch 1/3  step 12260/13619  loss=0.2063  lr=1.62e-05
epoch 1/3  step 12270/13619  loss=0.3701  lr=1.62e-05
epoch 1/3  step 12280/13619  loss=0.1868  lr=1.62e-05
epoch 1/3  step 12290/13619  loss=0.1920  lr=1.62e-05
epoch 1/3  step 12300/13619  loss=0.3198  lr=1.62e-05
epoch 1/3  step 12310/13619  loss=0.2598  lr=1.62e-05
epoch 1/3  step 12320/13619  loss=0.1594  lr=1.62e-05
epoch 1/3  step 12330/13619  loss=0.2098  lr=1.62e-05
epoch 1/3  step 12340/13619  loss=0.1630  lr=1.62e-05
epoch 1/3  step 12350/13619  loss=0.2286  lr=1.62e-05
epoch 1/3  step 12360/13619  loss=0.2375  lr=1.62e-05
epoch 1/3  step 12370/13619  loss=0.2242  lr=1.62e-05
epoch 1/3  step 12380/13619  loss=0.2260  lr=1.62e-05
epoch 1/3  step 12390/13619  loss=0.2447  lr=1.61e-05
epoch 1/3  step 12400/13619  loss=0.2077  lr=1.61e-05
epoch 1/3  step 12410/13619  loss=0.3299  lr=1.61e-05
epoch 1/3  step 12420/13619  loss=0.3040  lr=1.61e-05
epoch 1/3  step 12430/13619  loss=0.2829  lr=1.61e-05
epoch 1/3  step 12440/13619  loss=0.1845  lr=1.61e-05
epoch 1/3  step 12450/13619  loss=0.2830  lr=1.61e-05
epoch 1/3  step 12460/13619  loss=0.2624  lr=1.61e-05
epoch 1/3  step 12470/13619  loss=0.2056  lr=1.61e-05
epoch 1/3  step 12480/13619  loss=0.2047  lr=1.61e-05
epoch 1/3  step 12490/13619  loss=0.1733  lr=1.61e-05
epoch 1/3  step 12500/13619  loss=0.2678  lr=1.61e-05
epoch 1/3  step 12510/13619  loss=0.2913  lr=1.61e-05
epoch 1/3  step 12520/13619  loss=0.3351  lr=1.61e-05
epoch 1/3  step 12530/13619  loss=0.3087  lr=1.61e-05
epoch 1/3  step 12540/13619  loss=0.1442  lr=1.61e-05
epoch 1/3  step 12550/13619  loss=0.3039  lr=1.60e-05
epoch 1/3  step 12560/13619  loss=0.1545  lr=1.60e-05
epoch 1/3  step 12570/13619  loss=0.2695  lr=1.60e-05
epoch 1/3  step 12580/13619  loss=0.2728  lr=1.60e-05
epoch 1/3  step 12590/13619  loss=0.3582  lr=1.60e-05
epoch 1/3  step 12600/13619  loss=0.1819  lr=1.60e-05
epoch 1/3  step 12610/13619  loss=0.2803  lr=1.60e-05
epoch 1/3  step 12620/13619  loss=0.2307  lr=1.60e-05
epoch 1/3  step 12630/13619  loss=0.1685  lr=1.60e-05
epoch 1/3  step 12640/13619  loss=0.1941  lr=1.60e-05
epoch 1/3  step 12650/13619  loss=0.2338  lr=1.60e-05
epoch 1/3  step 12660/13619  loss=0.2763  lr=1.60e-05
epoch 1/3  step 12670/13619  loss=0.2311  lr=1.60e-05
epoch 1/3  step 12680/13619  loss=0.1657  lr=1.60e-05
epoch 1/3  step 12690/13619  loss=0.1468  lr=1.60e-05
epoch 1/3  step 12700/13619  loss=0.3692  lr=1.60e-05
epoch 1/3  step 12710/13619  loss=0.2759  lr=1.59e-05
epoch 1/3  step 12720/13619  loss=0.3568  lr=1.59e-05
epoch 1/3  step 12730/13619  loss=0.3595  lr=1.59e-05
epoch 1/3  step 12740/13619  loss=0.2742  lr=1.59e-05
epoch 1/3  step 12750/13619  loss=0.1445  lr=1.59e-05
epoch 1/3  step 12760/13619  loss=0.1326  lr=1.59e-05
epoch 1/3  step 12770/13619  loss=0.2029  lr=1.59e-05
epoch 1/3  step 12780/13619  loss=0.3188  lr=1.59e-05
epoch 1/3  step 12790/13619  loss=0.3519  lr=1.59e-05
epoch 1/3  step 12800/13619  loss=0.1130  lr=1.59e-05
epoch 1/3  step 12810/13619  loss=0.2908  lr=1.59e-05
epoch 1/3  step 12820/13619  loss=0.2188  lr=1.59e-05
epoch 1/3  step 12830/13619  loss=0.2040  lr=1.59e-05
epoch 1/3  step 12840/13619  loss=0.2825  lr=1.59e-05
epoch 1/3  step 12850/13619  loss=0.2612  lr=1.59e-05
epoch 1/3  step 12860/13619  loss=0.2573  lr=1.59e-05
epoch 1/3  step 12870/13619  loss=0.2201  lr=1.58e-05
epoch 1/3  step 12880/13619  loss=0.2002  lr=1.58e-05
epoch 1/3  step 12890/13619  loss=0.3159  lr=1.58e-05
epoch 1/3  step 12900/13619  loss=0.2383  lr=1.58e-05
epoch 1/3  step 12910/13619  loss=0.1346  lr=1.58e-05
epoch 1/3  step 12920/13619  loss=0.2725  lr=1.58e-05
epoch 1/3  step 12930/13619  loss=0.3157  lr=1.58e-05
epoch 1/3  step 12940/13619  loss=0.2285  lr=1.58e-05
epoch 1/3  step 12950/13619  loss=0.2347  lr=1.58e-05
epoch 1/3  step 12960/13619  loss=0.2844  lr=1.58e-05
epoch 1/3  step 12970/13619  loss=0.2418  lr=1.58e-05
epoch 1/3  step 12980/13619  loss=0.2151  lr=1.58e-05
epoch 1/3  step 12990/13619  loss=0.2282  lr=1.58e-05
epoch 1/3  step 13000/13619  loss=0.2604  lr=1.58e-05
epoch 1/3  step 13010/13619  loss=0.2382  lr=1.58e-05
epoch 1/3  step 13020/13619  loss=0.3513  lr=1.57e-05
epoch 1/3  step 13030/13619  loss=0.2192  lr=1.57e-05
epoch 1/3  step 13040/13619  loss=0.3342  lr=1.57e-05
epoch 1/3  step 13050/13619  loss=0.2925  lr=1.57e-05
epoch 1/3  step 13060/13619  loss=0.1582  lr=1.57e-05
epoch 1/3  step 13070/13619  loss=0.4105  lr=1.57e-05
epoch 1/3  step 13080/13619  loss=0.1524  lr=1.57e-05
epoch 1/3  step 13090/13619  loss=0.3049  lr=1.57e-05
epoch 1/3  step 13100/13619  loss=0.3293  lr=1.57e-05
epoch 1/3  step 13110/13619  loss=0.3113  lr=1.57e-05
epoch 1/3  step 13120/13619  loss=0.3234  lr=1.57e-05
epoch 1/3  step 13130/13619  loss=0.1749  lr=1.57e-05
epoch 1/3  step 13140/13619  loss=0.2893  lr=1.57e-05
epoch 1/3  step 13150/13619  loss=0.2721  lr=1.57e-05
epoch 1/3  step 13160/13619  loss=0.4281  lr=1.57e-05
epoch 1/3  step 13170/13619  loss=0.2433  lr=1.57e-05
epoch 1/3  step 13180/13619  loss=0.2588  lr=1.56e-05
epoch 1/3  step 13190/13619  loss=0.2279  lr=1.56e-05
epoch 1/3  step 13200/13619  loss=0.1871  lr=1.56e-05
epoch 1/3  step 13210/13619  loss=0.2633  lr=1.56e-05
epoch 1/3  step 13220/13619  loss=0.3895  lr=1.56e-05
epoch 1/3  step 13230/13619  loss=0.3530  lr=1.56e-05
epoch 1/3  step 13240/13619  loss=0.1716  lr=1.56e-05
epoch 1/3  step 13250/13619  loss=0.3945  lr=1.56e-05
epoch 1/3  step 13260/13619  loss=0.2482  lr=1.56e-05
epoch 1/3  step 13270/13619  loss=0.3412  lr=1.56e-05
epoch 1/3  step 13280/13619  loss=0.1837  lr=1.56e-05
epoch 1/3  step 13290/13619  loss=0.3319  lr=1.56e-05
epoch 1/3  step 13300/13619  loss=0.3981  lr=1.56e-05
epoch 1/3  step 13310/13619  loss=0.2150  lr=1.56e-05
epoch 1/3  step 13320/13619  loss=0.1980  lr=1.56e-05
epoch 1/3  step 13330/13619  loss=0.1819  lr=1.55e-05
epoch 1/3  step 13340/13619  loss=0.1982  lr=1.55e-05
epoch 1/3  step 13350/13619  loss=0.1789  lr=1.55e-05
epoch 1/3  step 13360/13619  loss=0.2354  lr=1.55e-05
epoch 1/3  step 13370/13619  loss=0.1799  lr=1.55e-05
epoch 1/3  step 13380/13619  loss=0.2329  lr=1.55e-05
epoch 1/3  step 13390/13619  loss=0.2254  lr=1.55e-05
epoch 1/3  step 13400/13619  loss=0.3655  lr=1.55e-05
epoch 1/3  step 13410/13619  loss=0.2198  lr=1.55e-05
epoch 1/3  step 13420/13619  loss=0.2770  lr=1.55e-05
epoch 1/3  step 13430/13619  loss=0.3176  lr=1.55e-05
epoch 1/3  step 13440/13619  loss=0.3247  lr=1.55e-05
epoch 1/3  step 13450/13619  loss=0.3394  lr=1.55e-05
epoch 1/3  step 13460/13619  loss=0.2305  lr=1.55e-05
epoch 1/3  step 13470/13619  loss=0.2659  lr=1.55e-05
epoch 1/3  step 13480/13619  loss=0.2221  lr=1.54e-05
epoch 1/3  step 13490/13619  loss=0.2056  lr=1.54e-05
epoch 1/3  step 13500/13619  loss=0.1736  lr=1.54e-05
epoch 1/3  step 13510/13619  loss=0.3254  lr=1.54e-05
epoch 1/3  step 13520/13619  loss=0.2866  lr=1.54e-05
epoch 1/3  step 13530/13619  loss=0.2965  lr=1.54e-05
epoch 1/3  step 13540/13619  loss=0.1360  lr=1.54e-05
epoch 1/3  step 13550/13619  loss=0.2764  lr=1.54e-05
epoch 1/3  step 13560/13619  loss=0.1768  lr=1.54e-05
epoch 1/3  step 13570/13619  loss=0.2652  lr=1.54e-05
epoch 1/3  step 13580/13619  loss=0.2807  lr=1.54e-05
epoch 1/3  step 13590/13619  loss=0.1492  lr=1.54e-05
epoch 1/3  step 13600/13619  loss=0.2514  lr=1.54e-05
epoch 1/3  step 13610/13619  loss=0.1497  lr=1.54e-05
epoch 1/3  eval_loss=0.2371
saved checkpoint -> /tmpdir/m24047brmn/numbers/checkpoints/qwen_s2_baseline/baseline_epoch1.pt
epoch 2/3  step 10/13619  loss=0.1747  lr=1.54e-05
epoch 2/3  step 20/13619  loss=0.0915  lr=1.53e-05
epoch 2/3  step 30/13619  loss=0.1224  lr=1.53e-05
epoch 2/3  step 40/13619  loss=0.2229  lr=1.53e-05
epoch 2/3  step 50/13619  loss=0.0934  lr=1.53e-05
epoch 2/3  step 60/13619  loss=0.1433  lr=1.53e-05
epoch 2/3  step 70/13619  loss=0.1717  lr=1.53e-05
epoch 2/3  step 80/13619  loss=0.1098  lr=1.53e-05
epoch 2/3  step 90/13619  loss=0.2000  lr=1.53e-05
epoch 2/3  step 100/13619  loss=0.1539  lr=1.53e-05
epoch 2/3  step 110/13619  loss=0.2408  lr=1.53e-05
epoch 2/3  step 120/13619  loss=0.1920  lr=1.53e-05
epoch 2/3  step 130/13619  loss=0.1379  lr=1.53e-05
epoch 2/3  step 140/13619  loss=0.1240  lr=1.53e-05
epoch 2/3  step 150/13619  loss=0.2258  lr=1.53e-05
epoch 2/3  step 160/13619  loss=0.1361  lr=1.53e-05
epoch 2/3  step 170/13619  loss=0.1728  lr=1.52e-05
epoch 2/3  step 180/13619  loss=0.1927  lr=1.52e-05
epoch 2/3  step 190/13619  loss=0.2130  lr=1.52e-05
epoch 2/3  step 200/13619  loss=0.0976  lr=1.52e-05
epoch 2/3  step 210/13619  loss=0.0820  lr=1.52e-05
epoch 2/3  step 220/13619  loss=0.0907  lr=1.52e-05
epoch 2/3  step 230/13619  loss=0.2434  lr=1.52e-05
epoch 2/3  step 240/13619  loss=0.1028  lr=1.52e-05
epoch 2/3  step 250/13619  loss=0.1725  lr=1.52e-05
epoch 2/3  step 260/13619  loss=0.2000  lr=1.52e-05
epoch 2/3  step 270/13619  loss=0.2620  lr=1.52e-05
epoch 2/3  step 280/13619  loss=0.1859  lr=1.52e-05
epoch 2/3  step 290/13619  loss=0.2258  lr=1.52e-05
epoch 2/3  step 300/13619  loss=0.1733  lr=1.52e-05
epoch 2/3  step 310/13619  loss=0.1937  lr=1.52e-05
epoch 2/3  step 320/13619  loss=0.2057  lr=1.51e-05
epoch 2/3  step 330/13619  loss=0.1759  lr=1.51e-05
epoch 2/3  step 340/13619  loss=0.3562  lr=1.51e-05
epoch 2/3  step 350/13619  loss=0.1370  lr=1.51e-05
epoch 2/3  step 360/13619  loss=0.2077  lr=1.51e-05
epoch 2/3  step 370/13619  loss=0.1586  lr=1.51e-05
epoch 2/3  step 380/13619  loss=0.1342  lr=1.51e-05
epoch 2/3  step 390/13619  loss=0.1075  lr=1.51e-05
epoch 2/3  step 400/13619  loss=0.1795  lr=1.51e-05
epoch 2/3  step 410/13619  loss=0.1851  lr=1.51e-05
epoch 2/3  step 420/13619  loss=0.1746  lr=1.51e-05
epoch 2/3  step 430/13619  loss=0.2449  lr=1.51e-05
epoch 2/3  step 440/13619  loss=0.1430  lr=1.51e-05
epoch 2/3  step 450/13619  loss=0.1416  lr=1.51e-05
epoch 2/3  step 460/13619  loss=0.1404  lr=1.51e-05
epoch 2/3  step 470/13619  loss=0.1553  lr=1.50e-05
epoch 2/3  step 480/13619  loss=0.2501  lr=1.50e-05
epoch 2/3  step 490/13619  loss=0.1828  lr=1.50e-05
epoch 2/3  step 500/13619  loss=0.2076  lr=1.50e-05
epoch 2/3  step 510/13619  loss=0.2290  lr=1.50e-05
epoch 2/3  step 520/13619  loss=0.0872  lr=1.50e-05
epoch 2/3  step 530/13619  loss=0.2076  lr=1.50e-05
epoch 2/3  step 540/13619  loss=0.1831  lr=1.50e-05
epoch 2/3  step 550/13619  loss=0.1423  lr=1.50e-05
epoch 2/3  step 560/13619  loss=0.1567  lr=1.50e-05
epoch 2/3  step 570/13619  loss=0.1547  lr=1.50e-05
epoch 2/3  step 580/13619  loss=0.1437  lr=1.50e-05
epoch 2/3  step 590/13619  loss=0.1932  lr=1.50e-05
epoch 2/3  step 600/13619  loss=0.1535  lr=1.50e-05
epoch 2/3  step 610/13619  loss=0.1474  lr=1.49e-05
epoch 2/3  step 620/13619  loss=0.1926  lr=1.49e-05
epoch 2/3  step 630/13619  loss=0.2314  lr=1.49e-05
epoch 2/3  step 640/13619  loss=0.2639  lr=1.49e-05
epoch 2/3  step 650/13619  loss=0.1214  lr=1.49e-05
epoch 2/3  step 660/13619  loss=0.1752  lr=1.49e-05
epoch 2/3  step 670/13619  loss=0.1847  lr=1.49e-05
epoch 2/3  step 680/13619  loss=0.1762  lr=1.49e-05
epoch 2/3  step 690/13619  loss=0.2000  lr=1.49e-05
epoch 2/3  step 700/13619  loss=0.1641  lr=1.49e-05
epoch 2/3  step 710/13619  loss=0.0673  lr=1.49e-05
epoch 2/3  step 720/13619  loss=0.1364  lr=1.49e-05
epoch 2/3  step 730/13619  loss=0.2160  lr=1.49e-05
epoch 2/3  step 740/13619  loss=0.1824  lr=1.49e-05
epoch 2/3  step 750/13619  loss=0.1579  lr=1.49e-05
epoch 2/3  step 760/13619  loss=0.2553  lr=1.48e-05
epoch 2/3  step 770/13619  loss=0.1752  lr=1.48e-05
epoch 2/3  step 780/13619  loss=0.1634  lr=1.48e-05
epoch 2/3  step 790/13619  loss=0.1905  lr=1.48e-05
epoch 2/3  step 800/13619  loss=0.1402  lr=1.48e-05
epoch 2/3  step 810/13619  loss=0.1263  lr=1.48e-05
epoch 2/3  step 820/13619  loss=0.1569  lr=1.48e-05
epoch 2/3  step 830/13619  loss=0.2464  lr=1.48e-05
epoch 2/3  step 840/13619  loss=0.2976  lr=1.48e-05
epoch 2/3  step 850/13619  loss=0.1322  lr=1.48e-05
epoch 2/3  step 860/13619  loss=0.1707  lr=1.48e-05
epoch 2/3  step 870/13619  loss=0.1509  lr=1.48e-05
epoch 2/3  step 880/13619  loss=0.0979  lr=1.48e-05
epoch 2/3  step 890/13619  loss=0.2443  lr=1.48e-05
epoch 2/3  step 900/13619  loss=0.1765  lr=1.48e-05
epoch 2/3  step 910/13619  loss=0.1549  lr=1.47e-05
epoch 2/3  step 920/13619  loss=0.1449  lr=1.47e-05
epoch 2/3  step 930/13619  loss=0.1794  lr=1.47e-05
epoch 2/3  step 940/13619  loss=0.1821  lr=1.47e-05
epoch 2/3  step 950/13619  loss=0.1413  lr=1.47e-05
epoch 2/3  step 960/13619  loss=0.1900  lr=1.47e-05
epoch 2/3  step 970/13619  loss=0.1073  lr=1.47e-05
epoch 2/3  step 980/13619  loss=0.1466  lr=1.47e-05
epoch 2/3  step 990/13619  loss=0.2592  lr=1.47e-05
epoch 2/3  step 1000/13619  loss=0.2225  lr=1.47e-05
epoch 2/3  step 1010/13619  loss=0.1644  lr=1.47e-05
epoch 2/3  step 1020/13619  loss=0.1305  lr=1.47e-05
epoch 2/3  step 1030/13619  loss=0.2496  lr=1.47e-05
epoch 2/3  step 1040/13619  loss=0.1473  lr=1.47e-05
epoch 2/3  step 1050/13619  loss=0.1563  lr=1.46e-05
epoch 2/3  step 1060/13619  loss=0.1933  lr=1.46e-05
epoch 2/3  step 1070/13619  loss=0.1279  lr=1.46e-05
epoch 2/3  step 1080/13619  loss=0.1734  lr=1.46e-05
epoch 2/3  step 1090/13619  loss=0.2584  lr=1.46e-05
epoch 2/3  step 1100/13619  loss=0.2661  lr=1.46e-05
epoch 2/3  step 1110/13619  loss=0.2071  lr=1.46e-05
epoch 2/3  step 1120/13619  loss=0.1740  lr=1.46e-05
epoch 2/3  step 1130/13619  loss=0.2019  lr=1.46e-05
epoch 2/3  step 1140/13619  loss=0.2462  lr=1.46e-05
epoch 2/3  step 1150/13619  loss=0.1688  lr=1.46e-05
epoch 2/3  step 1160/13619  loss=0.1903  lr=1.46e-05
epoch 2/3  step 1170/13619  loss=0.1076  lr=1.46e-05
epoch 2/3  step 1180/13619  loss=0.2116  lr=1.46e-05
epoch 2/3  step 1190/13619  loss=0.2823  lr=1.46e-05
epoch 2/3  step 1200/13619  loss=0.2322  lr=1.45e-05
epoch 2/3  step 1210/13619  loss=0.2483  lr=1.45e-05
epoch 2/3  step 1220/13619  loss=0.1079  lr=1.45e-05
epoch 2/3  step 1230/13619  loss=0.1026  lr=1.45e-05
epoch 2/3  step 1240/13619  loss=0.1966  lr=1.45e-05
epoch 2/3  step 1250/13619  loss=0.1628  lr=1.45e-05
epoch 2/3  step 1260/13619  loss=0.1743  lr=1.45e-05
epoch 2/3  step 1270/13619  loss=0.2311  lr=1.45e-05
epoch 2/3  step 1280/13619  loss=0.1754  lr=1.45e-05
epoch 2/3  step 1290/13619  loss=0.1581  lr=1.45e-05
epoch 2/3  step 1300/13619  loss=0.1368  lr=1.45e-05
epoch 2/3  step 1310/13619  loss=0.2137  lr=1.45e-05
epoch 2/3  step 1320/13619  loss=0.2164  lr=1.45e-05
epoch 2/3  step 1330/13619  loss=0.1540  lr=1.45e-05
epoch 2/3  step 1340/13619  loss=0.1627  lr=1.44e-05
epoch 2/3  step 1350/13619  loss=0.1640  lr=1.44e-05
epoch 2/3  step 1360/13619  loss=0.1893  lr=1.44e-05
epoch 2/3  step 1370/13619  loss=0.1748  lr=1.44e-05
epoch 2/3  step 1380/13619  loss=0.2396  lr=1.44e-05
epoch 2/3  step 1390/13619  loss=0.2113  lr=1.44e-05
epoch 2/3  step 1400/13619  loss=0.1783  lr=1.44e-05
epoch 2/3  step 1410/13619  loss=0.1601  lr=1.44e-05
epoch 2/3  step 1420/13619  loss=0.0644  lr=1.44e-05
epoch 2/3  step 1430/13619  loss=0.0925  lr=1.44e-05
epoch 2/3  step 1440/13619  loss=0.1287  lr=1.44e-05
epoch 2/3  step 1450/13619  loss=0.1042  lr=1.44e-05
epoch 2/3  step 1460/13619  loss=0.2588  lr=1.44e-05
epoch 2/3  step 1470/13619  loss=0.1700  lr=1.44e-05
epoch 2/3  step 1480/13619  loss=0.1894  lr=1.43e-05
epoch 2/3  step 1490/13619  loss=0.1870  lr=1.43e-05
epoch 2/3  step 1500/13619  loss=0.1951  lr=1.43e-05
epoch 2/3  step 1510/13619  loss=0.1460  lr=1.43e-05
epoch 2/3  step 1520/13619  loss=0.2042  lr=1.43e-05
epoch 2/3  step 1530/13619  loss=0.1691  lr=1.43e-05
epoch 2/3  step 1540/13619  loss=0.1836  lr=1.43e-05
epoch 2/3  step 1550/13619  loss=0.1301  lr=1.43e-05
epoch 2/3  step 1560/13619  loss=0.1405  lr=1.43e-05
epoch 2/3  step 1570/13619  loss=0.0907  lr=1.43e-05
epoch 2/3  step 1580/13619  loss=0.1471  lr=1.43e-05
epoch 2/3  step 1590/13619  loss=0.1865  lr=1.43e-05
epoch 2/3  step 1600/13619  loss=0.2101  lr=1.43e-05
epoch 2/3  step 1610/13619  loss=0.2060  lr=1.43e-05
epoch 2/3  step 1620/13619  loss=0.1209  lr=1.42e-05
epoch 2/3  step 1630/13619  loss=0.1429  lr=1.42e-05
epoch 2/3  step 1640/13619  loss=0.1006  lr=1.42e-05
epoch 2/3  step 1650/13619  loss=0.1809  lr=1.42e-05
epoch 2/3  step 1660/13619  loss=0.1488  lr=1.42e-05
epoch 2/3  step 1670/13619  loss=0.2301  lr=1.42e-05
epoch 2/3  step 1680/13619  loss=0.1637  lr=1.42e-05
epoch 2/3  step 1690/13619  loss=0.1784  lr=1.42e-05
epoch 2/3  step 1700/13619  loss=0.2439  lr=1.42e-05
epoch 2/3  step 1710/13619  loss=0.1924  lr=1.42e-05
epoch 2/3  step 1720/13619  loss=0.1325  lr=1.42e-05
epoch 2/3  step 1730/13619  loss=0.1907  lr=1.42e-05
epoch 2/3  step 1740/13619  loss=0.1911  lr=1.42e-05
epoch 2/3  step 1750/13619  loss=0.1869  lr=1.42e-05
epoch 2/3  step 1760/13619  loss=0.1799  lr=1.41e-05
epoch 2/3  step 1770/13619  loss=0.1984  lr=1.41e-05
epoch 2/3  step 1780/13619  loss=0.1519  lr=1.41e-05
epoch 2/3  step 1790/13619  loss=0.0898  lr=1.41e-05
epoch 2/3  step 1800/13619  loss=0.1587  lr=1.41e-05
epoch 2/3  step 1810/13619  loss=0.1431  lr=1.41e-05
epoch 2/3  step 1820/13619  loss=0.1844  lr=1.41e-05
epoch 2/3  step 1830/13619  loss=0.1003  lr=1.41e-05
epoch 2/3  step 1840/13619  loss=0.1022  lr=1.41e-05
epoch 2/3  step 1850/13619  loss=0.1379  lr=1.41e-05
epoch 2/3  step 1860/13619  loss=0.0678  lr=1.41e-05
epoch 2/3  step 1870/13619  loss=0.1903  lr=1.41e-05
epoch 2/3  step 1880/13619  loss=0.1774  lr=1.41e-05
epoch 2/3  step 1890/13619  loss=0.2135  lr=1.41e-05
epoch 2/3  step 1900/13619  loss=0.1894  lr=1.40e-05
epoch 2/3  step 1910/13619  loss=0.1518  lr=1.40e-05
epoch 2/3  step 1920/13619  loss=0.0994  lr=1.40e-05
epoch 2/3  step 1930/13619  loss=0.1585  lr=1.40e-05
epoch 2/3  step 1940/13619  loss=0.1443  lr=1.40e-05
epoch 2/3  step 1950/13619  loss=0.2792  lr=1.40e-05
epoch 2/3  step 1960/13619  loss=0.2127  lr=1.40e-05
epoch 2/3  step 1970/13619  loss=0.1517  lr=1.40e-05
epoch 2/3  step 1980/13619  loss=0.1881  lr=1.40e-05
epoch 2/3  step 1990/13619  loss=0.1166  lr=1.40e-05
epoch 2/3  step 2000/13619  loss=0.2511  lr=1.40e-05
epoch 2/3  step 2010/13619  loss=0.2187  lr=1.40e-05
epoch 2/3  step 2020/13619  loss=0.1027  lr=1.40e-05
epoch 2/3  step 2030/13619  loss=0.1202  lr=1.40e-05
epoch 2/3  step 2040/13619  loss=0.2303  lr=1.39e-05
epoch 2/3  step 2050/13619  loss=0.2055  lr=1.39e-05
epoch 2/3  step 2060/13619  loss=0.1160  lr=1.39e-05
epoch 2/3  step 2070/13619  loss=0.1724  lr=1.39e-05
epoch 2/3  step 2080/13619  loss=0.2323  lr=1.39e-05
epoch 2/3  step 2090/13619  loss=0.1834  lr=1.39e-05
epoch 2/3  step 2100/13619  loss=0.2742  lr=1.39e-05
epoch 2/3  step 2110/13619  loss=0.2331  lr=1.39e-05
epoch 2/3  step 2120/13619  loss=0.1328  lr=1.39e-05
epoch 2/3  step 2130/13619  loss=0.1976  lr=1.39e-05
epoch 2/3  step 2140/13619  loss=0.1621  lr=1.39e-05
epoch 2/3  step 2150/13619  loss=0.2313  lr=1.39e-05
epoch 2/3  step 2160/13619  loss=0.1756  lr=1.39e-05
epoch 2/3  step 2170/13619  loss=0.1808  lr=1.39e-05
epoch 2/3  step 2180/13619  loss=0.1236  lr=1.38e-05
epoch 2/3  step 2190/13619  loss=0.1526  lr=1.38e-05
epoch 2/3  step 2200/13619  loss=0.1447  lr=1.38e-05
epoch 2/3  step 2210/13619  loss=0.2001  lr=1.38e-05
epoch 2/3  step 2220/13619  loss=0.0856  lr=1.38e-05
epoch 2/3  step 2230/13619  loss=0.1552  lr=1.38e-05
epoch 2/3  step 2240/13619  loss=0.1080  lr=1.38e-05
epoch 2/3  step 2250/13619  loss=0.1454  lr=1.38e-05
epoch 2/3  step 2260/13619  loss=0.3181  lr=1.38e-05
epoch 2/3  step 2270/13619  loss=0.1873  lr=1.38e-05
epoch 2/3  step 2280/13619  loss=0.1057  lr=1.38e-05
epoch 2/3  step 2290/13619  loss=0.1671  lr=1.38e-05
epoch 2/3  step 2300/13619  loss=0.0764  lr=1.38e-05
epoch 2/3  step 2310/13619  loss=0.1301  lr=1.38e-05
epoch 2/3  step 2320/13619  loss=0.1534  lr=1.37e-05
epoch 2/3  step 2330/13619  loss=0.1367  lr=1.37e-05
epoch 2/3  step 2340/13619  loss=0.2126  lr=1.37e-05
epoch 2/3  step 2350/13619  loss=0.1441  lr=1.37e-05
epoch 2/3  step 2360/13619  loss=0.1334  lr=1.37e-05
epoch 2/3  step 2370/13619  loss=0.1115  lr=1.37e-05
epoch 2/3  step 2380/13619  loss=0.2161  lr=1.37e-05
epoch 2/3  step 2390/13619  loss=0.1908  lr=1.37e-05
epoch 2/3  step 2400/13619  loss=0.1834  lr=1.37e-05
epoch 2/3  step 2410/13619  loss=0.1699  lr=1.37e-05
epoch 2/3  step 2420/13619  loss=0.1918  lr=1.37e-05
epoch 2/3  step 2430/13619  loss=0.1768  lr=1.37e-05
epoch 2/3  step 2440/13619  loss=0.1912  lr=1.37e-05
epoch 2/3  step 2450/13619  loss=0.2488  lr=1.36e-05
epoch 2/3  step 2460/13619  loss=0.1349  lr=1.36e-05
epoch 2/3  step 2470/13619  loss=0.2095  lr=1.36e-05
epoch 2/3  step 2480/13619  loss=0.1496  lr=1.36e-05
epoch 2/3  step 2490/13619  loss=0.3293  lr=1.36e-05
epoch 2/3  step 2500/13619  loss=0.1863  lr=1.36e-05
epoch 2/3  step 2510/13619  loss=0.1624  lr=1.36e-05
epoch 2/3  step 2520/13619  loss=0.1221  lr=1.36e-05
epoch 2/3  step 2530/13619  loss=0.2244  lr=1.36e-05
epoch 2/3  step 2540/13619  loss=0.1217  lr=1.36e-05
epoch 2/3  step 2550/13619  loss=0.0995  lr=1.36e-05
epoch 2/3  step 2560/13619  loss=0.1863  lr=1.36e-05
epoch 2/3  step 2570/13619  loss=0.1269  lr=1.36e-05
epoch 2/3  step 2580/13619  loss=0.2139  lr=1.36e-05
epoch 2/3  step 2590/13619  loss=0.1798  lr=1.35e-05
epoch 2/3  step 2600/13619  loss=0.1011  lr=1.35e-05
epoch 2/3  step 2610/13619  loss=0.1796  lr=1.35e-05
epoch 2/3  step 2620/13619  loss=0.1528  lr=1.35e-05
epoch 2/3  step 2630/13619  loss=0.2280  lr=1.35e-05
epoch 2/3  step 2640/13619  loss=0.1064  lr=1.35e-05
epoch 2/3  step 2650/13619  loss=0.1076  lr=1.35e-05
epoch 2/3  step 2660/13619  loss=0.1507  lr=1.35e-05
epoch 2/3  step 2670/13619  loss=0.1478  lr=1.35e-05
epoch 2/3  step 2680/13619  loss=0.1862  lr=1.35e-05
epoch 2/3  step 2690/13619  loss=0.1879  lr=1.35e-05
epoch 2/3  step 2700/13619  loss=0.1261  lr=1.35e-05
epoch 2/3  step 2710/13619  loss=0.1747  lr=1.35e-05
epoch 2/3  step 2720/13619  loss=0.1740  lr=1.34e-05
epoch 2/3  step 2730/13619  loss=0.1723  lr=1.34e-05
epoch 2/3  step 2740/13619  loss=0.1731  lr=1.34e-05
epoch 2/3  step 2750/13619  loss=0.1641  lr=1.34e-05
epoch 2/3  step 2760/13619  loss=0.1330  lr=1.34e-05
epoch 2/3  step 2770/13619  loss=0.2269  lr=1.34e-05
epoch 2/3  step 2780/13619  loss=0.1715  lr=1.34e-05
epoch 2/3  step 2790/13619  loss=0.1116  lr=1.34e-05
epoch 2/3  step 2800/13619  loss=0.1262  lr=1.34e-05
epoch 2/3  step 2810/13619  loss=0.1366  lr=1.34e-05
epoch 2/3  step 2820/13619  loss=0.1606  lr=1.34e-05
epoch 2/3  step 2830/13619  loss=0.1726  lr=1.34e-05
epoch 2/3  step 2840/13619  loss=0.1301  lr=1.34e-05
epoch 2/3  step 2850/13619  loss=0.1255  lr=1.34e-05
epoch 2/3  step 2860/13619  loss=0.2429  lr=1.33e-05
epoch 2/3  step 2870/13619  loss=0.2425  lr=1.33e-05
epoch 2/3  step 2880/13619  loss=0.2206  lr=1.33e-05
epoch 2/3  step 2890/13619  loss=0.1505  lr=1.33e-05
epoch 2/3  step 2900/13619  loss=0.1567  lr=1.33e-05
epoch 2/3  step 2910/13619  loss=0.1701  lr=1.33e-05
epoch 2/3  step 2920/13619  loss=0.1231  lr=1.33e-05
epoch 2/3  step 2930/13619  loss=0.2142  lr=1.33e-05
epoch 2/3  step 2940/13619  loss=0.1985  lr=1.33e-05
epoch 2/3  step 2950/13619  loss=0.2002  lr=1.33e-05
epoch 2/3  step 2960/13619  loss=0.1752  lr=1.33e-05
epoch 2/3  step 2970/13619  loss=0.1063  lr=1.33e-05
epoch 2/3  step 2980/13619  loss=0.0911  lr=1.33e-05
epoch 2/3  step 2990/13619  loss=0.1830  lr=1.33e-05
epoch 2/3  step 3000/13619  loss=0.3572  lr=1.32e-05
epoch 2/3  step 3010/13619  loss=0.2616  lr=1.32e-05
epoch 2/3  step 3020/13619  loss=0.1502  lr=1.32e-05
epoch 2/3  step 3030/13619  loss=0.1834  lr=1.32e-05
epoch 2/3  step 3040/13619  loss=0.1924  lr=1.32e-05
epoch 2/3  step 3050/13619  loss=0.2193  lr=1.32e-05
epoch 2/3  step 3060/13619  loss=0.1869  lr=1.32e-05
epoch 2/3  step 3070/13619  loss=0.1876  lr=1.32e-05
epoch 2/3  step 3080/13619  loss=0.1486  lr=1.32e-05
epoch 2/3  step 3090/13619  loss=0.1017  lr=1.32e-05
epoch 2/3  step 3100/13619  loss=0.1570  lr=1.32e-05
epoch 2/3  step 3110/13619  loss=0.1176  lr=1.32e-05
epoch 2/3  step 3120/13619  loss=0.1470  lr=1.32e-05
epoch 2/3  step 3130/13619  loss=0.1993  lr=1.31e-05
epoch 2/3  step 3140/13619  loss=0.1570  lr=1.31e-05
epoch 2/3  step 3150/13619  loss=0.1856  lr=1.31e-05
epoch 2/3  step 3160/13619  loss=0.1170  lr=1.31e-05
epoch 2/3  step 3170/13619  loss=0.1502  lr=1.31e-05
epoch 2/3  step 3180/13619  loss=0.1457  lr=1.31e-05
epoch 2/3  step 3190/13619  loss=0.1954  lr=1.31e-05
epoch 2/3  step 3200/13619  loss=0.1313  lr=1.31e-05
epoch 2/3  step 3210/13619  loss=0.1255  lr=1.31e-05
epoch 2/3  step 3220/13619  loss=0.2477  lr=1.31e-05
epoch 2/3  step 3230/13619  loss=0.1692  lr=1.31e-05
epoch 2/3  step 3240/13619  loss=0.1932  lr=1.31e-05
epoch 2/3  step 3250/13619  loss=0.1770  lr=1.31e-05
epoch 2/3  step 3260/13619  loss=0.1750  lr=1.31e-05
epoch 2/3  step 3270/13619  loss=0.2122  lr=1.30e-05
epoch 2/3  step 3280/13619  loss=0.1014  lr=1.30e-05
epoch 2/3  step 3290/13619  loss=0.1464  lr=1.30e-05
epoch 2/3  step 3300/13619  loss=0.1698  lr=1.30e-05
epoch 2/3  step 3310/13619  loss=0.1382  lr=1.30e-05
epoch 2/3  step 3320/13619  loss=0.1943  lr=1.30e-05
epoch 2/3  step 3330/13619  loss=0.1788  lr=1.30e-05
epoch 2/3  step 3340/13619  loss=0.1412  lr=1.30e-05
epoch 2/3  step 3350/13619  loss=0.1717  lr=1.30e-05
epoch 2/3  step 3360/13619  loss=0.1689  lr=1.30e-05
epoch 2/3  step 3370/13619  loss=0.2454  lr=1.30e-05
epoch 2/3  step 3380/13619  loss=0.1367  lr=1.30e-05
epoch 2/3  step 3390/13619  loss=0.1646  lr=1.30e-05
epoch 2/3  step 3400/13619  loss=0.1326  lr=1.29e-05
epoch 2/3  step 3410/13619  loss=0.1178  lr=1.29e-05
epoch 2/3  step 3420/13619  loss=0.1461  lr=1.29e-05
epoch 2/3  step 3430/13619  loss=0.1762  lr=1.29e-05
epoch 2/3  step 3440/13619  loss=0.1593  lr=1.29e-05
epoch 2/3  step 3450/13619  loss=0.1997  lr=1.29e-05
epoch 2/3  step 3460/13619  loss=0.1994  lr=1.29e-05
epoch 2/3  step 3470/13619  loss=0.1349  lr=1.29e-05
epoch 2/3  step 3480/13619  loss=0.1847  lr=1.29e-05
epoch 2/3  step 3490/13619  loss=0.2982  lr=1.29e-05
epoch 2/3  step 3500/13619  loss=0.1682  lr=1.29e-05
epoch 2/3  step 3510/13619  loss=0.1882  lr=1.29e-05
epoch 2/3  step 3520/13619  loss=0.1781  lr=1.29e-05
epoch 2/3  step 3530/13619  loss=0.1933  lr=1.28e-05
epoch 2/3  step 3540/13619  loss=0.0900  lr=1.28e-05
epoch 2/3  step 3550/13619  loss=0.0936  lr=1.28e-05
epoch 2/3  step 3560/13619  loss=0.1051  lr=1.28e-05
epoch 2/3  step 3570/13619  loss=0.1993  lr=1.28e-05
epoch 2/3  step 3580/13619  loss=0.2082  lr=1.28e-05
epoch 2/3  step 3590/13619  loss=0.2391  lr=1.28e-05
epoch 2/3  step 3600/13619  loss=0.2355  lr=1.28e-05
epoch 2/3  step 3610/13619  loss=0.2172  lr=1.28e-05
epoch 2/3  step 3620/13619  loss=0.1173  lr=1.28e-05
epoch 2/3  step 3630/13619  loss=0.1531  lr=1.28e-05
epoch 2/3  step 3640/13619  loss=0.1691  lr=1.28e-05
epoch 2/3  step 3650/13619  loss=0.1776  lr=1.28e-05
epoch 2/3  step 3660/13619  loss=0.1300  lr=1.28e-05
epoch 2/3  step 3670/13619  loss=0.2771  lr=1.27e-05
epoch 2/3  step 3680/13619  loss=0.2125  lr=1.27e-05
epoch 2/3  step 3690/13619  loss=0.2488  lr=1.27e-05
epoch 2/3  step 3700/13619  loss=0.1715  lr=1.27e-05
epoch 2/3  step 3710/13619  loss=0.1289  lr=1.27e-05
epoch 2/3  step 3720/13619  loss=0.1902  lr=1.27e-05
epoch 2/3  step 3730/13619  loss=0.1447  lr=1.27e-05
epoch 2/3  step 3740/13619  loss=0.1676  lr=1.27e-05
epoch 2/3  step 3750/13619  loss=0.1655  lr=1.27e-05
epoch 2/3  step 3760/13619  loss=0.3167  lr=1.27e-05
epoch 2/3  step 3770/13619  loss=0.1338  lr=1.27e-05
epoch 2/3  step 3780/13619  loss=0.2325  lr=1.27e-05
epoch 2/3  step 3790/13619  loss=0.1921  lr=1.27e-05
epoch 2/3  step 3800/13619  loss=0.1402  lr=1.26e-05
epoch 2/3  step 3810/13619  loss=0.1178  lr=1.26e-05
epoch 2/3  step 3820/13619  loss=0.1328  lr=1.26e-05
epoch 2/3  step 3830/13619  loss=0.2481  lr=1.26e-05
epoch 2/3  step 3840/13619  loss=0.1845  lr=1.26e-05
epoch 2/3  step 3850/13619  loss=0.2033  lr=1.26e-05
epoch 2/3  step 3860/13619  loss=0.1924  lr=1.26e-05
epoch 2/3  step 3870/13619  loss=0.1942  lr=1.26e-05
epoch 2/3  step 3880/13619  loss=0.1242  lr=1.26e-05
epoch 2/3  step 3890/13619  loss=0.2194  lr=1.26e-05
epoch 2/3  step 3900/13619  loss=0.1678  lr=1.26e-05
epoch 2/3  step 3910/13619  loss=0.1470  lr=1.26e-05
epoch 2/3  step 3920/13619  loss=0.2371  lr=1.26e-05
epoch 2/3  step 3930/13619  loss=0.1610  lr=1.25e-05
epoch 2/3  step 3940/13619  loss=0.1696  lr=1.25e-05
epoch 2/3  step 3950/13619  loss=0.1348  lr=1.25e-05
epoch 2/3  step 3960/13619  loss=0.1051  lr=1.25e-05
epoch 2/3  step 3970/13619  loss=0.1906  lr=1.25e-05
epoch 2/3  step 3980/13619  loss=0.2099  lr=1.25e-05
epoch 2/3  step 3990/13619  loss=0.2133  lr=1.25e-05
epoch 2/3  step 4000/13619  loss=0.2002  lr=1.25e-05
epoch 2/3  step 4010/13619  loss=0.2019  lr=1.25e-05
epoch 2/3  step 4020/13619  loss=0.2200  lr=1.25e-05
epoch 2/3  step 4030/13619  loss=0.1139  lr=1.25e-05
epoch 2/3  step 4040/13619  loss=0.1729  lr=1.25e-05
epoch 2/3  step 4050/13619  loss=0.2167  lr=1.25e-05
epoch 2/3  step 4060/13619  loss=0.1379  lr=1.24e-05
epoch 2/3  step 4070/13619  loss=0.1526  lr=1.24e-05
epoch 2/3  step 4080/13619  loss=0.1793  lr=1.24e-05
epoch 2/3  step 4090/13619  loss=0.1630  lr=1.24e-05
epoch 2/3  step 4100/13619  loss=0.1347  lr=1.24e-05
epoch 2/3  step 4110/13619  loss=0.1257  lr=1.24e-05
epoch 2/3  step 4120/13619  loss=0.2789  lr=1.24e-05
epoch 2/3  step 4130/13619  loss=0.1442  lr=1.24e-05
epoch 2/3  step 4140/13619  loss=0.2613  lr=1.24e-05
epoch 2/3  step 4150/13619  loss=0.1285  lr=1.24e-05
epoch 2/3  step 4160/13619  loss=0.2441  lr=1.24e-05
epoch 2/3  step 4170/13619  loss=0.1065  lr=1.24e-05
epoch 2/3  step 4180/13619  loss=0.1091  lr=1.24e-05
epoch 2/3  step 4190/13619  loss=0.2020  lr=1.24e-05
epoch 2/3  step 4200/13619  loss=0.1349  lr=1.23e-05
epoch 2/3  step 4210/13619  loss=0.1435  lr=1.23e-05
epoch 2/3  step 4220/13619  loss=0.1967  lr=1.23e-05
epoch 2/3  step 4230/13619  loss=0.1118  lr=1.23e-05
epoch 2/3  step 4240/13619  loss=0.2459  lr=1.23e-05
epoch 2/3  step 4250/13619  loss=0.2254  lr=1.23e-05
epoch 2/3  step 4260/13619  loss=0.2919  lr=1.23e-05
epoch 2/3  step 4270/13619  loss=0.1593  lr=1.23e-05
epoch 2/3  step 4280/13619  loss=0.1425  lr=1.23e-05
epoch 2/3  step 4290/13619  loss=0.1737  lr=1.23e-05
epoch 2/3  step 4300/13619  loss=0.1536  lr=1.23e-05
epoch 2/3  step 4310/13619  loss=0.1556  lr=1.23e-05
epoch 2/3  step 4320/13619  loss=0.1455  lr=1.22e-05
epoch 2/3  step 4330/13619  loss=0.1761  lr=1.22e-05
epoch 2/3  step 4340/13619  loss=0.0965  lr=1.22e-05
epoch 2/3  step 4350/13619  loss=0.1805  lr=1.22e-05
epoch 2/3  step 4360/13619  loss=0.1451  lr=1.22e-05
epoch 2/3  step 4370/13619  loss=0.1878  lr=1.22e-05
epoch 2/3  step 4380/13619  loss=0.1382  lr=1.22e-05
epoch 2/3  step 4390/13619  loss=0.1561  lr=1.22e-05
epoch 2/3  step 4400/13619  loss=0.1570  lr=1.22e-05
epoch 2/3  step 4410/13619  loss=0.0649  lr=1.22e-05
epoch 2/3  step 4420/13619  loss=0.2209  lr=1.22e-05
epoch 2/3  step 4430/13619  loss=0.2085  lr=1.22e-05
epoch 2/3  step 4440/13619  loss=0.1723  lr=1.22e-05
epoch 2/3  step 4450/13619  loss=0.1333  lr=1.21e-05
epoch 2/3  step 4460/13619  loss=0.1894  lr=1.21e-05
epoch 2/3  step 4470/13619  loss=0.1849  lr=1.21e-05
epoch 2/3  step 4480/13619  loss=0.1824  lr=1.21e-05
epoch 2/3  step 4490/13619  loss=0.1696  lr=1.21e-05
epoch 2/3  step 4500/13619  loss=0.1277  lr=1.21e-05
epoch 2/3  step 4510/13619  loss=0.2411  lr=1.21e-05
epoch 2/3  step 4520/13619  loss=0.1218  lr=1.21e-05
epoch 2/3  step 4530/13619  loss=0.1313  lr=1.21e-05
epoch 2/3  step 4540/13619  loss=0.2350  lr=1.21e-05
epoch 2/3  step 4550/13619  loss=0.1756  lr=1.21e-05
epoch 2/3  step 4560/13619  loss=0.1315  lr=1.21e-05
epoch 2/3  step 4570/13619  loss=0.1535  lr=1.21e-05
epoch 2/3  step 4580/13619  loss=0.1193  lr=1.21e-05
epoch 2/3  step 4590/13619  loss=0.1150  lr=1.20e-05
epoch 2/3  step 4600/13619  loss=0.0882  lr=1.20e-05
epoch 2/3  step 4610/13619  loss=0.1624  lr=1.20e-05
epoch 2/3  step 4620/13619  loss=0.0953  lr=1.20e-05
epoch 2/3  step 4630/13619  loss=0.1811  lr=1.20e-05
epoch 2/3  step 4640/13619  loss=0.1628  lr=1.20e-05
epoch 2/3  step 4650/13619  loss=0.1512  lr=1.20e-05
epoch 2/3  step 4660/13619  loss=0.1310  lr=1.20e-05
epoch 2/3  step 4670/13619  loss=0.2200  lr=1.20e-05
epoch 2/3  step 4680/13619  loss=0.2435  lr=1.20e-05
epoch 2/3  step 4690/13619  loss=0.1061  lr=1.20e-05
epoch 2/3  step 4700/13619  loss=0.1532  lr=1.20e-05
epoch 2/3  step 4710/13619  loss=0.1730  lr=1.20e-05
epoch 2/3  step 4720/13619  loss=0.1510  lr=1.19e-05
epoch 2/3  step 4730/13619  loss=0.1708  lr=1.19e-05
epoch 2/3  step 4740/13619  loss=0.1352  lr=1.19e-05
epoch 2/3  step 4750/13619  loss=0.1831  lr=1.19e-05
epoch 2/3  step 4760/13619  loss=0.2201  lr=1.19e-05
epoch 2/3  step 4770/13619  loss=0.1993  lr=1.19e-05
epoch 2/3  step 4780/13619  loss=0.2234  lr=1.19e-05
epoch 2/3  step 4790/13619  loss=0.1292  lr=1.19e-05
epoch 2/3  step 4800/13619  loss=0.1453  lr=1.19e-05
epoch 2/3  step 4810/13619  loss=0.1165  lr=1.19e-05
epoch 2/3  step 4820/13619  loss=0.1488  lr=1.19e-05
epoch 2/3  step 4830/13619  loss=0.1096  lr=1.19e-05
epoch 2/3  step 4840/13619  loss=0.2243  lr=1.18e-05
epoch 2/3  step 4850/13619  loss=0.1934  lr=1.18e-05
epoch 2/3  step 4860/13619  loss=0.1824  lr=1.18e-05
epoch 2/3  step 4870/13619  loss=0.2229  lr=1.18e-05
epoch 2/3  step 4880/13619  loss=0.2123  lr=1.18e-05
epoch 2/3  step 4890/13619  loss=0.2237  lr=1.18e-05
epoch 2/3  step 4900/13619  loss=0.1467  lr=1.18e-05
epoch 2/3  step 4910/13619  loss=0.0997  lr=1.18e-05
epoch 2/3  step 4920/13619  loss=0.0986  lr=1.18e-05
epoch 2/3  step 4930/13619  loss=0.1107  lr=1.18e-05
epoch 2/3  step 4940/13619  loss=0.1879  lr=1.18e-05
epoch 2/3  step 4950/13619  loss=0.1719  lr=1.18e-05
epoch 2/3  step 4960/13619  loss=0.1092  lr=1.18e-05
epoch 2/3  step 4970/13619  loss=0.1910  lr=1.17e-05
epoch 2/3  step 4980/13619  loss=0.1562  lr=1.17e-05
epoch 2/3  step 4990/13619  loss=0.1460  lr=1.17e-05
epoch 2/3  step 5000/13619  loss=0.1801  lr=1.17e-05
epoch 2/3  step 5010/13619  loss=0.1060  lr=1.17e-05
epoch 2/3  step 5020/13619  loss=0.2332  lr=1.17e-05
epoch 2/3  step 5030/13619  loss=0.2147  lr=1.17e-05
epoch 2/3  step 5040/13619  loss=0.1366  lr=1.17e-05
epoch 2/3  step 5050/13619  loss=0.2581  lr=1.17e-05
epoch 2/3  step 5060/13619  loss=0.1509  lr=1.17e-05
epoch 2/3  step 5070/13619  loss=0.1408  lr=1.17e-05
epoch 2/3  step 5080/13619  loss=0.1432  lr=1.17e-05
epoch 2/3  step 5090/13619  loss=0.1723  lr=1.17e-05
epoch 2/3  step 5100/13619  loss=0.2064  lr=1.16e-05
epoch 2/3  step 5110/13619  loss=0.2084  lr=1.16e-05
epoch 2/3  step 5120/13619  loss=0.1419  lr=1.16e-05
epoch 2/3  step 5130/13619  loss=0.1776  lr=1.16e-05
epoch 2/3  step 5140/13619  loss=0.1897  lr=1.16e-05
epoch 2/3  step 5150/13619  loss=0.2297  lr=1.16e-05
epoch 2/3  step 5160/13619  loss=0.1747  lr=1.16e-05
epoch 2/3  step 5170/13619  loss=0.1462  lr=1.16e-05
epoch 2/3  step 5180/13619  loss=0.1264  lr=1.16e-05
epoch 2/3  step 5190/13619  loss=0.1486  lr=1.16e-05
epoch 2/3  step 5200/13619  loss=0.1120  lr=1.16e-05
epoch 2/3  step 5210/13619  loss=0.2067  lr=1.16e-05
epoch 2/3  step 5220/13619  loss=0.1306  lr=1.16e-05
epoch 2/3  step 5230/13619  loss=0.0901  lr=1.16e-05
epoch 2/3  step 5240/13619  loss=0.2205  lr=1.15e-05
epoch 2/3  step 5250/13619  loss=0.1572  lr=1.15e-05
epoch 2/3  step 5260/13619  loss=0.0743  lr=1.15e-05
epoch 2/3  step 5270/13619  loss=0.1935  lr=1.15e-05
epoch 2/3  step 5280/13619  loss=0.2304  lr=1.15e-05
epoch 2/3  step 5290/13619  loss=0.1541  lr=1.15e-05
epoch 2/3  step 5300/13619  loss=0.1882  lr=1.15e-05
epoch 2/3  step 5310/13619  loss=0.1920  lr=1.15e-05
epoch 2/3  step 5320/13619  loss=0.1359  lr=1.15e-05
epoch 2/3  step 5330/13619  loss=0.1992  lr=1.15e-05
epoch 2/3  step 5340/13619  loss=0.1200  lr=1.15e-05
epoch 2/3  step 5350/13619  loss=0.1399  lr=1.15e-05
epoch 2/3  step 5360/13619  loss=0.1273  lr=1.14e-05
epoch 2/3  step 5370/13619  loss=0.1147  lr=1.14e-05
epoch 2/3  step 5380/13619  loss=0.1630  lr=1.14e-05
epoch 2/3  step 5390/13619  loss=0.1696  lr=1.14e-05
epoch 2/3  step 5400/13619  loss=0.1530  lr=1.14e-05
epoch 2/3  step 5410/13619  loss=0.0763  lr=1.14e-05
epoch 2/3  step 5420/13619  loss=0.1670  lr=1.14e-05
epoch 2/3  step 5430/13619  loss=0.1340  lr=1.14e-05
epoch 2/3  step 5440/13619  loss=0.2073  lr=1.14e-05
epoch 2/3  step 5450/13619  loss=0.2609  lr=1.14e-05
epoch 2/3  step 5460/13619  loss=0.2081  lr=1.14e-05
epoch 2/3  step 5470/13619  loss=0.2439  lr=1.14e-05
epoch 2/3  step 5480/13619  loss=0.1988  lr=1.14e-05
epoch 2/3  step 5490/13619  loss=0.2059  lr=1.13e-05
epoch 2/3  step 5500/13619  loss=0.1904  lr=1.13e-05
epoch 2/3  step 5510/13619  loss=0.1258  lr=1.13e-05
epoch 2/3  step 5520/13619  loss=0.1941  lr=1.13e-05
epoch 2/3  step 5530/13619  loss=0.1845  lr=1.13e-05
epoch 2/3  step 5540/13619  loss=0.1674  lr=1.13e-05
epoch 2/3  step 5550/13619  loss=0.1838  lr=1.13e-05
epoch 2/3  step 5560/13619  loss=0.1394  lr=1.13e-05
epoch 2/3  step 5570/13619  loss=0.1497  lr=1.13e-05
epoch 2/3  step 5580/13619  loss=0.1997  lr=1.13e-05
epoch 2/3  step 5590/13619  loss=0.0866  lr=1.13e-05
epoch 2/3  step 5600/13619  loss=0.2046  lr=1.13e-05
epoch 2/3  step 5610/13619  loss=0.1655  lr=1.13e-05
epoch 2/3  step 5620/13619  loss=0.1882  lr=1.12e-05
epoch 2/3  step 5630/13619  loss=0.1429  lr=1.12e-05
epoch 2/3  step 5640/13619  loss=0.0942  lr=1.12e-05
epoch 2/3  step 5650/13619  loss=0.1622  lr=1.12e-05
epoch 2/3  step 5660/13619  loss=0.2307  lr=1.12e-05
epoch 2/3  step 5670/13619  loss=0.2499  lr=1.12e-05
epoch 2/3  step 5680/13619  loss=0.1068  lr=1.12e-05
epoch 2/3  step 5690/13619  loss=0.1343  lr=1.12e-05
epoch 2/3  step 5700/13619  loss=0.1249  lr=1.12e-05
epoch 2/3  step 5710/13619  loss=0.1340  lr=1.12e-05
epoch 2/3  step 5720/13619  loss=0.1564  lr=1.12e-05
epoch 2/3  step 5730/13619  loss=0.2055  lr=1.12e-05
epoch 2/3  step 5740/13619  loss=0.1552  lr=1.12e-05
epoch 2/3  step 5750/13619  loss=0.1155  lr=1.11e-05
epoch 2/3  step 5760/13619  loss=0.1445  lr=1.11e-05
epoch 2/3  step 5770/13619  loss=0.1508  lr=1.11e-05
epoch 2/3  step 5780/13619  loss=0.1756  lr=1.11e-05
epoch 2/3  step 5790/13619  loss=0.1635  lr=1.11e-05
epoch 2/3  step 5800/13619  loss=0.1962  lr=1.11e-05
epoch 2/3  step 5810/13619  loss=0.2360  lr=1.11e-05
epoch 2/3  step 5820/13619  loss=0.1473  lr=1.11e-05
epoch 2/3  step 5830/13619  loss=0.1901  lr=1.11e-05
epoch 2/3  step 5840/13619  loss=0.1292  lr=1.11e-05
epoch 2/3  step 5850/13619  loss=0.2217  lr=1.11e-05
epoch 2/3  step 5860/13619  loss=0.2137  lr=1.11e-05
epoch 2/3  step 5870/13619  loss=0.2261  lr=1.11e-05
epoch 2/3  step 5880/13619  loss=0.1356  lr=1.10e-05
epoch 2/3  step 5890/13619  loss=0.1366  lr=1.10e-05
epoch 2/3  step 5900/13619  loss=0.1983  lr=1.10e-05
epoch 2/3  step 5910/13619  loss=0.1430  lr=1.10e-05
epoch 2/3  step 5920/13619  loss=0.1810  lr=1.10e-05
epoch 2/3  step 5930/13619  loss=0.1730  lr=1.10e-05
epoch 2/3  step 5940/13619  loss=0.2062  lr=1.10e-05
epoch 2/3  step 5950/13619  loss=0.1870  lr=1.10e-05
epoch 2/3  step 5960/13619  loss=0.1720  lr=1.10e-05
epoch 2/3  step 5970/13619  loss=0.2385  lr=1.10e-05
epoch 2/3  step 5980/13619  loss=0.1724  lr=1.10e-05
epoch 2/3  step 5990/13619  loss=0.0767  lr=1.10e-05
epoch 2/3  step 6000/13619  loss=0.1755  lr=1.09e-05
epoch 2/3  step 6010/13619  loss=0.2103  lr=1.09e-05
epoch 2/3  step 6020/13619  loss=0.1548  lr=1.09e-05
epoch 2/3  step 6030/13619  loss=0.1826  lr=1.09e-05
epoch 2/3  step 6040/13619  loss=0.1430  lr=1.09e-05
epoch 2/3  step 6050/13619  loss=0.2309  lr=1.09e-05
epoch 2/3  step 6060/13619  loss=0.2204  lr=1.09e-05
epoch 2/3  step 6070/13619  loss=0.1454  lr=1.09e-05
epoch 2/3  step 6080/13619  loss=0.1609  lr=1.09e-05
epoch 2/3  step 6090/13619  loss=0.1718  lr=1.09e-05
epoch 2/3  step 6100/13619  loss=0.1738  lr=1.09e-05
epoch 2/3  step 6110/13619  loss=0.2140  lr=1.09e-05
epoch 2/3  step 6120/13619  loss=0.1829  lr=1.09e-05
epoch 2/3  step 6130/13619  loss=0.1513  lr=1.08e-05
epoch 2/3  step 6140/13619  loss=0.1983  lr=1.08e-05
epoch 2/3  step 6150/13619  loss=0.2383  lr=1.08e-05
epoch 2/3  step 6160/13619  loss=0.1946  lr=1.08e-05
epoch 2/3  step 6170/13619  loss=0.1735  lr=1.08e-05
epoch 2/3  step 6180/13619  loss=0.1240  lr=1.08e-05
epoch 2/3  step 6190/13619  loss=0.2224  lr=1.08e-05
epoch 2/3  step 6200/13619  loss=0.1834  lr=1.08e-05
epoch 2/3  step 6210/13619  loss=0.1773  lr=1.08e-05
epoch 2/3  step 6220/13619  loss=0.1204  lr=1.08e-05
epoch 2/3  step 6230/13619  loss=0.1649  lr=1.08e-05
epoch 2/3  step 6240/13619  loss=0.1766  lr=1.08e-05
epoch 2/3  step 6250/13619  loss=0.1116  lr=1.08e-05
epoch 2/3  step 6260/13619  loss=0.2328  lr=1.07e-05
epoch 2/3  step 6270/13619  loss=0.1866  lr=1.07e-05
epoch 2/3  step 6280/13619  loss=0.2263  lr=1.07e-05
epoch 2/3  step 6290/13619  loss=0.1091  lr=1.07e-05
epoch 2/3  step 6300/13619  loss=0.1543  lr=1.07e-05
epoch 2/3  step 6310/13619  loss=0.2178  lr=1.07e-05
epoch 2/3  step 6320/13619  loss=0.1282  lr=1.07e-05
epoch 2/3  step 6330/13619  loss=0.2305  lr=1.07e-05
epoch 2/3  step 6340/13619  loss=0.1334  lr=1.07e-05
epoch 2/3  step 6350/13619  loss=0.1346  lr=1.07e-05
epoch 2/3  step 6360/13619  loss=0.1528  lr=1.07e-05
epoch 2/3  step 6370/13619  loss=0.2096  lr=1.07e-05
epoch 2/3  step 6380/13619  loss=0.0491  lr=1.07e-05
epoch 2/3  step 6390/13619  loss=0.1101  lr=1.06e-05
epoch 2/3  step 6400/13619  loss=0.1132  lr=1.06e-05
epoch 2/3  step 6410/13619  loss=0.2012  lr=1.06e-05
epoch 2/3  step 6420/13619  loss=0.1296  lr=1.06e-05
epoch 2/3  step 6430/13619  loss=0.1279  lr=1.06e-05
epoch 2/3  step 6440/13619  loss=0.1140  lr=1.06e-05
epoch 2/3  step 6450/13619  loss=0.1622  lr=1.06e-05
epoch 2/3  step 6460/13619  loss=0.2101  lr=1.06e-05
epoch 2/3  step 6470/13619  loss=0.1724  lr=1.06e-05
epoch 2/3  step 6480/13619  loss=0.0626  lr=1.06e-05
epoch 2/3  step 6490/13619  loss=0.1175  lr=1.06e-05
epoch 2/3  step 6500/13619  loss=0.2274  lr=1.06e-05
epoch 2/3  step 6510/13619  loss=0.1665  lr=1.06e-05
epoch 2/3  step 6520/13619  loss=0.1255  lr=1.05e-05
epoch 2/3  step 6530/13619  loss=0.1043  lr=1.05e-05
epoch 2/3  step 6540/13619  loss=0.2039  lr=1.05e-05
epoch 2/3  step 6550/13619  loss=0.1633  lr=1.05e-05
epoch 2/3  step 6560/13619  loss=0.0933  lr=1.05e-05
epoch 2/3  step 6570/13619  loss=0.2170  lr=1.05e-05
epoch 2/3  step 6580/13619  loss=0.1536  lr=1.05e-05
epoch 2/3  step 6590/13619  loss=0.1432  lr=1.05e-05
epoch 2/3  step 6600/13619  loss=0.1221  lr=1.05e-05
epoch 2/3  step 6610/13619  loss=0.1323  lr=1.05e-05
epoch 2/3  step 6620/13619  loss=0.1763  lr=1.05e-05
epoch 2/3  step 6630/13619  loss=0.1390  lr=1.05e-05
epoch 2/3  step 6640/13619  loss=0.2307  lr=1.04e-05
epoch 2/3  step 6650/13619  loss=0.1691  lr=1.04e-05
epoch 2/3  step 6660/13619  loss=0.1256  lr=1.04e-05
epoch 2/3  step 6670/13619  loss=0.1524  lr=1.04e-05
epoch 2/3  step 6680/13619  loss=0.1733  lr=1.04e-05
epoch 2/3  step 6690/13619  loss=0.1210  lr=1.04e-05
epoch 2/3  step 6700/13619  loss=0.2472  lr=1.04e-05
epoch 2/3  step 6710/13619  loss=0.1532  lr=1.04e-05
epoch 2/3  step 6720/13619  loss=0.0922  lr=1.04e-05
epoch 2/3  step 6730/13619  loss=0.1998  lr=1.04e-05
epoch 2/3  step 6740/13619  loss=0.1728  lr=1.04e-05
epoch 2/3  step 6750/13619  loss=0.2156  lr=1.04e-05
epoch 2/3  step 6760/13619  loss=0.1747  lr=1.04e-05
epoch 2/3  step 6770/13619  loss=0.1729  lr=1.03e-05
epoch 2/3  step 6780/13619  loss=0.1280  lr=1.03e-05
epoch 2/3  step 6790/13619  loss=0.1273  lr=1.03e-05
epoch 2/3  step 6800/13619  loss=0.2511  lr=1.03e-05
epoch 2/3  step 6810/13619  loss=0.1330  lr=1.03e-05
epoch 2/3  step 6820/13619  loss=0.0828  lr=1.03e-05
epoch 2/3  step 6830/13619  loss=0.2039  lr=1.03e-05
epoch 2/3  step 6840/13619  loss=0.2015  lr=1.03e-05
epoch 2/3  step 6850/13619  loss=0.3216  lr=1.03e-05
epoch 2/3  step 6860/13619  loss=0.0767  lr=1.03e-05
epoch 2/3  step 6870/13619  loss=0.2162  lr=1.03e-05
epoch 2/3  step 6880/13619  loss=0.1998  lr=1.03e-05
epoch 2/3  step 6890/13619  loss=0.1725  lr=1.03e-05
epoch 2/3  step 6900/13619  loss=0.1641  lr=1.02e-05
epoch 2/3  step 6910/13619  loss=0.2167  lr=1.02e-05
epoch 2/3  step 6920/13619  loss=0.1245  lr=1.02e-05
epoch 2/3  step 6930/13619  loss=0.1061  lr=1.02e-05
epoch 2/3  step 6940/13619  loss=0.2070  lr=1.02e-05
epoch 2/3  step 6950/13619  loss=0.1234  lr=1.02e-05
epoch 2/3  step 6960/13619  loss=0.1262  lr=1.02e-05
epoch 2/3  step 6970/13619  loss=0.1103  lr=1.02e-05
epoch 2/3  step 6980/13619  loss=0.1582  lr=1.02e-05
epoch 2/3  step 6990/13619  loss=0.2463  lr=1.02e-05
epoch 2/3  step 7000/13619  loss=0.2414  lr=1.02e-05
epoch 2/3  step 7010/13619  loss=0.1697  lr=1.02e-05
epoch 2/3  step 7020/13619  loss=0.2153  lr=1.02e-05
epoch 2/3  step 7030/13619  loss=0.1323  lr=1.01e-05
epoch 2/3  step 7040/13619  loss=0.1002  lr=1.01e-05
epoch 2/3  step 7050/13619  loss=0.1169  lr=1.01e-05
epoch 2/3  step 7060/13619  loss=0.1493  lr=1.01e-05
epoch 2/3  step 7070/13619  loss=0.0838  lr=1.01e-05
epoch 2/3  step 7080/13619  loss=0.1848  lr=1.01e-05
epoch 2/3  step 7090/13619  loss=0.2312  lr=1.01e-05
epoch 2/3  step 7100/13619  loss=0.1740  lr=1.01e-05
epoch 2/3  step 7110/13619  loss=0.1183  lr=1.01e-05
epoch 2/3  step 7120/13619  loss=0.1332  lr=1.01e-05
epoch 2/3  step 7130/13619  loss=0.1277  lr=1.01e-05
epoch 2/3  step 7140/13619  loss=0.1815  lr=1.01e-05
epoch 2/3  step 7150/13619  loss=0.3083  lr=1.01e-05
epoch 2/3  step 7160/13619  loss=0.0728  lr=1.00e-05
epoch 2/3  step 7170/13619  loss=0.1594  lr=1.00e-05
epoch 2/3  step 7180/13619  loss=0.1388  lr=1.00e-05
epoch 2/3  step 7190/13619  loss=0.2078  lr=1.00e-05
epoch 2/3  step 7200/13619  loss=0.1602  lr=1.00e-05
epoch 2/3  step 7210/13619  loss=0.1318  lr=1.00e-05
epoch 2/3  step 7220/13619  loss=0.0335  lr=9.99e-06
epoch 2/3  step 7230/13619  loss=0.2429  lr=9.99e-06
epoch 2/3  step 7240/13619  loss=0.2219  lr=9.97e-06
epoch 2/3  step 7250/13619  loss=0.1998  lr=9.97e-06
epoch 2/3  step 7260/13619  loss=0.1229  lr=9.96e-06
epoch 2/3  step 7270/13619  loss=0.1401  lr=9.96e-06
epoch 2/3  step 7280/13619  loss=0.1569  lr=9.94e-06
epoch 2/3  step 7290/13619  loss=0.1187  lr=9.94e-06
epoch 2/3  step 7300/13619  loss=0.2067  lr=9.93e-06
epoch 2/3  step 7310/13619  loss=0.1620  lr=9.92e-06
epoch 2/3  step 7320/13619  loss=0.1484  lr=9.91e-06
epoch 2/3  step 7330/13619  loss=0.1942  lr=9.91e-06
epoch 2/3  step 7340/13619  loss=0.1887  lr=9.90e-06
epoch 2/3  step 7350/13619  loss=0.1900  lr=9.89e-06
epoch 2/3  step 7360/13619  loss=0.1478  lr=9.88e-06
epoch 2/3  step 7370/13619  loss=0.1021  lr=9.87e-06
epoch 2/3  step 7380/13619  loss=0.1900  lr=9.87e-06
epoch 2/3  step 7390/13619  loss=0.2051  lr=9.86e-06
epoch 2/3  step 7400/13619  loss=0.1694  lr=9.85e-06
epoch 2/3  step 7410/13619  loss=0.1237  lr=9.84e-06
epoch 2/3  step 7420/13619  loss=0.1569  lr=9.84e-06
epoch 2/3  step 7430/13619  loss=0.1629  lr=9.83e-06
epoch 2/3  step 7440/13619  loss=0.0745  lr=9.82e-06
epoch 2/3  step 7450/13619  loss=0.2100  lr=9.81e-06
epoch 2/3  step 7460/13619  loss=0.1655  lr=9.81e-06
epoch 2/3  step 7470/13619  loss=0.1944  lr=9.80e-06
epoch 2/3  step 7480/13619  loss=0.1626  lr=9.79e-06
epoch 2/3  step 7490/13619  loss=0.1288  lr=9.78e-06
epoch 2/3  step 7500/13619  loss=0.1010  lr=9.77e-06
epoch 2/3  step 7510/13619  loss=0.0716  lr=9.77e-06
epoch 2/3  step 7520/13619  loss=0.1707  lr=9.76e-06
epoch 2/3  step 7530/13619  loss=0.2164  lr=9.75e-06
epoch 2/3  step 7540/13619  loss=0.1999  lr=9.74e-06
epoch 2/3  step 7550/13619  loss=0.0789  lr=9.74e-06
epoch 2/3  step 7560/13619  loss=0.0807  lr=9.72e-06
epoch 2/3  step 7570/13619  loss=0.1721  lr=9.72e-06
epoch 2/3  step 7580/13619  loss=0.1524  lr=9.71e-06
epoch 2/3  step 7590/13619  loss=0.2202  lr=9.71e-06
epoch 2/3  step 7600/13619  loss=0.1448  lr=9.69e-06
epoch 2/3  step 7610/13619  loss=0.1810  lr=9.69e-06
epoch 2/3  step 7620/13619  loss=0.1846  lr=9.68e-06
epoch 2/3  step 7630/13619  loss=0.1815  lr=9.67e-06
epoch 2/3  step 7640/13619  loss=0.2748  lr=9.66e-06
epoch 2/3  step 7650/13619  loss=0.1469  lr=9.65e-06
epoch 2/3  step 7660/13619  loss=0.1019  lr=9.65e-06
epoch 2/3  step 7670/13619  loss=0.0972  lr=9.64e-06
epoch 2/3  step 7680/13619  loss=0.1393  lr=9.63e-06
epoch 2/3  step 7690/13619  loss=0.2284  lr=9.62e-06
epoch 2/3  step 7700/13619  loss=0.1445  lr=9.62e-06
epoch 2/3  step 7710/13619  loss=0.1616  lr=9.61e-06
epoch 2/3  step 7720/13619  loss=0.1515  lr=9.60e-06
epoch 2/3  step 7730/13619  loss=0.1393  lr=9.59e-06
epoch 2/3  step 7740/13619  loss=0.1199  lr=9.59e-06
epoch 2/3  step 7750/13619  loss=0.1950  lr=9.58e-06
epoch 2/3  step 7760/13619  loss=0.1202  lr=9.57e-06
epoch 2/3  step 7770/13619  loss=0.1347  lr=9.56e-06
epoch 2/3  step 7780/13619  loss=0.1520  lr=9.55e-06
epoch 2/3  step 7790/13619  loss=0.1198  lr=9.55e-06
epoch 2/3  step 7800/13619  loss=0.1725  lr=9.54e-06
epoch 2/3  step 7810/13619  loss=0.1850  lr=9.53e-06
epoch 2/3  step 7820/13619  loss=0.1580  lr=9.52e-06
epoch 2/3  step 7830/13619  loss=0.2323  lr=9.52e-06
epoch 2/3  step 7840/13619  loss=0.1881  lr=9.50e-06
epoch 2/3  step 7850/13619  loss=0.3293  lr=9.50e-06
epoch 2/3  step 7860/13619  loss=0.1769  lr=9.49e-06
epoch 2/3  step 7870/13619  loss=0.1342  lr=9.49e-06
epoch 2/3  step 7880/13619  loss=0.2137  lr=9.47e-06
epoch 2/3  step 7890/13619  loss=0.1861  lr=9.47e-06
epoch 2/3  step 7900/13619  loss=0.1009  lr=9.46e-06
epoch 2/3  step 7910/13619  loss=0.2034  lr=9.45e-06
epoch 2/3  step 7920/13619  loss=0.1539  lr=9.44e-06
epoch 2/3  step 7930/13619  loss=0.1468  lr=9.44e-06
epoch 2/3  step 7940/13619  loss=0.2217  lr=9.43e-06
epoch 2/3  step 7950/13619  loss=0.1608  lr=9.42e-06
epoch 2/3  step 7960/13619  loss=0.2071  lr=9.41e-06
epoch 2/3  step 7970/13619  loss=0.0972  lr=9.40e-06
epoch 2/3  step 7980/13619  loss=0.1423  lr=9.40e-06
epoch 2/3  step 7990/13619  loss=0.1615  lr=9.39e-06
epoch 2/3  step 8000/13619  loss=0.2140  lr=9.38e-06
epoch 2/3  step 8010/13619  loss=0.2407  lr=9.37e-06
epoch 2/3  step 8020/13619  loss=0.1728  lr=9.37e-06
epoch 2/3  step 8030/13619  loss=0.1687  lr=9.36e-06
epoch 2/3  step 8040/13619  loss=0.1013  lr=9.35e-06
epoch 2/3  step 8050/13619  loss=0.1873  lr=9.34e-06
epoch 2/3  step 8060/13619  loss=0.1820  lr=9.34e-06
epoch 2/3  step 8070/13619  loss=0.2035  lr=9.33e-06
epoch 2/3  step 8080/13619  loss=0.2423  lr=9.32e-06
epoch 2/3  step 8090/13619  loss=0.1403  lr=9.31e-06
epoch 2/3  step 8100/13619  loss=0.1620  lr=9.30e-06
epoch 2/3  step 8110/13619  loss=0.1247  lr=9.30e-06
epoch 2/3  step 8120/13619  loss=0.1860  lr=9.29e-06
epoch 2/3  step 8130/13619  loss=0.2009  lr=9.28e-06
epoch 2/3  step 8140/13619  loss=0.2125  lr=9.27e-06
epoch 2/3  step 8150/13619  loss=0.2063  lr=9.27e-06
epoch 2/3  step 8160/13619  loss=0.1527  lr=9.25e-06
epoch 2/3  step 8170/13619  loss=0.2368  lr=9.25e-06
epoch 2/3  step 8180/13619  loss=0.2177  lr=9.24e-06
epoch 2/3  step 8190/13619  loss=0.1772  lr=9.24e-06
epoch 2/3  step 8200/13619  loss=0.2412  lr=9.22e-06
epoch 2/3  step 8210/13619  loss=0.1296  lr=9.22e-06
epoch 2/3  step 8220/13619  loss=0.1531  lr=9.21e-06
epoch 2/3  step 8230/13619  loss=0.2404  lr=9.20e-06
epoch 2/3  step 8240/13619  loss=0.1302  lr=9.19e-06
epoch 2/3  step 8250/13619  loss=0.0550  lr=9.19e-06
epoch 2/3  step 8260/13619  loss=0.1971  lr=9.18e-06
epoch 2/3  step 8270/13619  loss=0.1661  lr=9.17e-06
epoch 2/3  step 8280/13619  loss=0.1714  lr=9.16e-06
epoch 2/3  step 8290/13619  loss=0.1230  lr=9.15e-06
epoch 2/3  step 8300/13619  loss=0.1384  lr=9.15e-06
epoch 2/3  step 8310/13619  loss=0.1551  lr=9.14e-06
epoch 2/3  step 8320/13619  loss=0.0755  lr=9.13e-06
epoch 2/3  step 8330/13619  loss=0.1435  lr=9.12e-06
epoch 2/3  step 8340/13619  loss=0.1356  lr=9.12e-06
epoch 2/3  step 8350/13619  loss=0.2141  lr=9.11e-06
epoch 2/3  step 8360/13619  loss=0.1505  lr=9.10e-06
epoch 2/3  step 8370/13619  loss=0.2948  lr=9.09e-06
epoch 2/3  step 8380/13619  loss=0.2756  lr=9.09e-06
epoch 2/3  step 8390/13619  loss=0.2038  lr=9.08e-06
epoch 2/3  step 8400/13619  loss=0.0865  lr=9.07e-06
epoch 2/3  step 8410/13619  loss=0.1253  lr=9.06e-06
epoch 2/3  step 8420/13619  loss=0.2386  lr=9.05e-06
epoch 2/3  step 8430/13619  loss=0.2057  lr=9.05e-06
epoch 2/3  step 8440/13619  loss=0.2027  lr=9.04e-06
epoch 2/3  step 8450/13619  loss=0.1532  lr=9.03e-06
epoch 2/3  step 8460/13619  loss=0.1915  lr=9.02e-06
epoch 2/3  step 8470/13619  loss=0.1288  lr=9.02e-06
epoch 2/3  step 8480/13619  loss=0.1573  lr=9.00e-06
epoch 2/3  step 8490/13619  loss=0.1177  lr=9.00e-06
epoch 2/3  step 8500/13619  loss=0.1375  lr=8.99e-06
epoch 2/3  step 8510/13619  loss=0.1313  lr=8.99e-06
epoch 2/3  step 8520/13619  loss=0.1923  lr=8.97e-06
epoch 2/3  step 8530/13619  loss=0.1770  lr=8.97e-06
epoch 2/3  step 8540/13619  loss=0.1929  lr=8.96e-06
epoch 2/3  step 8550/13619  loss=0.1670  lr=8.95e-06
epoch 2/3  step 8560/13619  loss=0.0961  lr=8.94e-06
epoch 2/3  step 8570/13619  loss=0.1388  lr=8.94e-06
epoch 2/3  step 8580/13619  loss=0.2350  lr=8.93e-06
epoch 2/3  step 8590/13619  loss=0.2000  lr=8.92e-06
epoch 2/3  step 8600/13619  loss=0.1051  lr=8.91e-06
epoch 2/3  step 8610/13619  loss=0.1354  lr=8.90e-06
epoch 2/3  step 8620/13619  loss=0.1532  lr=8.90e-06
epoch 2/3  step 8630/13619  loss=0.1490  lr=8.89e-06
epoch 2/3  step 8640/13619  loss=0.1756  lr=8.88e-06
epoch 2/3  step 8650/13619  loss=0.0828  lr=8.87e-06
epoch 2/3  step 8660/13619  loss=0.1595  lr=8.87e-06
epoch 2/3  step 8670/13619  loss=0.1546  lr=8.86e-06
epoch 2/3  step 8680/13619  loss=0.1105  lr=8.85e-06
epoch 2/3  step 8690/13619  loss=0.1077  lr=8.84e-06
epoch 2/3  step 8700/13619  loss=0.1439  lr=8.84e-06
epoch 2/3  step 8710/13619  loss=0.1408  lr=8.83e-06
epoch 2/3  step 8720/13619  loss=0.1169  lr=8.82e-06
epoch 2/3  step 8730/13619  loss=0.2260  lr=8.81e-06
epoch 2/3  step 8740/13619  loss=0.1800  lr=8.80e-06
epoch 2/3  step 8750/13619  loss=0.1183  lr=8.80e-06
epoch 2/3  step 8760/13619  loss=0.1049  lr=8.79e-06
epoch 2/3  step 8770/13619  loss=0.1600  lr=8.78e-06
epoch 2/3  step 8780/13619  loss=0.1444  lr=8.77e-06
epoch 2/3  step 8790/13619  loss=0.1263  lr=8.77e-06
epoch 2/3  step 8800/13619  loss=0.1107  lr=8.75e-06
epoch 2/3  step 8810/13619  loss=0.2067  lr=8.75e-06
epoch 2/3  step 8820/13619  loss=0.1291  lr=8.74e-06
epoch 2/3  step 8830/13619  loss=0.2194  lr=8.74e-06
epoch 2/3  step 8840/13619  loss=0.2000  lr=8.72e-06
epoch 2/3  step 8850/13619  loss=0.1312  lr=8.72e-06
epoch 2/3  step 8860/13619  loss=0.1413  lr=8.71e-06
epoch 2/3  step 8870/13619  loss=0.1396  lr=8.70e-06
epoch 2/3  step 8880/13619  loss=0.1166  lr=8.69e-06
epoch 2/3  step 8890/13619  loss=0.2083  lr=8.69e-06
epoch 2/3  step 8900/13619  loss=0.1955  lr=8.68e-06
epoch 2/3  step 8910/13619  loss=0.1692  lr=8.67e-06
epoch 2/3  step 8920/13619  loss=0.1744  lr=8.66e-06
epoch 2/3  step 8930/13619  loss=0.1538  lr=8.65e-06
epoch 2/3  step 8940/13619  loss=0.1145  lr=8.65e-06
epoch 2/3  step 8950/13619  loss=0.2215  lr=8.64e-06
epoch 2/3  step 8960/13619  loss=0.2455  lr=8.63e-06
epoch 2/3  step 8970/13619  loss=0.2322  lr=8.62e-06
epoch 2/3  step 8980/13619  loss=0.1894  lr=8.62e-06
epoch 2/3  step 8990/13619  loss=0.1343  lr=8.61e-06
epoch 2/3  step 9000/13619  loss=0.1356  lr=8.60e-06
epoch 2/3  step 9010/13619  loss=0.1645  lr=8.59e-06
epoch 2/3  step 9020/13619  loss=0.0901  lr=8.59e-06
epoch 2/3  step 9030/13619  loss=0.1179  lr=8.58e-06
epoch 2/3  step 9040/13619  loss=0.1367  lr=8.57e-06
epoch 2/3  step 9050/13619  loss=0.1939  lr=8.56e-06
epoch 2/3  step 9060/13619  loss=0.2070  lr=8.56e-06
epoch 2/3  step 9070/13619  loss=0.1767  lr=8.55e-06
epoch 2/3  step 9080/13619  loss=0.0897  lr=8.54e-06
epoch 2/3  step 9090/13619  loss=0.1790  lr=8.53e-06
epoch 2/3  step 9100/13619  loss=0.2294  lr=8.52e-06
epoch 2/3  step 9110/13619  loss=0.1265  lr=8.52e-06
epoch 2/3  step 9120/13619  loss=0.1923  lr=8.51e-06
epoch 2/3  step 9130/13619  loss=0.2214  lr=8.50e-06
epoch 2/3  step 9140/13619  loss=0.1208  lr=8.49e-06
epoch 2/3  step 9150/13619  loss=0.1290  lr=8.49e-06
epoch 2/3  step 9160/13619  loss=0.1222  lr=8.47e-06
epoch 2/3  step 9170/13619  loss=0.2049  lr=8.47e-06
epoch 2/3  step 9180/13619  loss=0.2075  lr=8.46e-06
epoch 2/3  step 9190/13619  loss=0.1914  lr=8.46e-06
epoch 2/3  step 9200/13619  loss=0.1263  lr=8.44e-06
epoch 2/3  step 9210/13619  loss=0.1551  lr=8.44e-06
epoch 2/3  step 9220/13619  loss=0.1702  lr=8.43e-06
epoch 2/3  step 9230/13619  loss=0.1403  lr=8.43e-06
epoch 2/3  step 9240/13619  loss=0.1217  lr=8.41e-06
epoch 2/3  step 9250/13619  loss=0.1222  lr=8.41e-06
epoch 2/3  step 9260/13619  loss=0.2107  lr=8.40e-06
epoch 2/3  step 9270/13619  loss=0.2142  lr=8.39e-06
epoch 2/3  step 9280/13619  loss=0.1654  lr=8.38e-06
epoch 2/3  step 9290/13619  loss=0.1263  lr=8.38e-06
epoch 2/3  step 9300/13619  loss=0.1618  lr=8.37e-06
epoch 2/3  step 9310/13619  loss=0.2378  lr=8.36e-06
epoch 2/3  step 9320/13619  loss=0.2103  lr=8.35e-06
epoch 2/3  step 9330/13619  loss=0.1277  lr=8.34e-06
epoch 2/3  step 9340/13619  loss=0.1853  lr=8.34e-06
epoch 2/3  step 9350/13619  loss=0.1813  lr=8.33e-06
epoch 2/3  step 9360/13619  loss=0.1903  lr=8.32e-06
epoch 2/3  step 9370/13619  loss=0.2614  lr=8.31e-06
epoch 2/3  step 9380/13619  loss=0.1581  lr=8.31e-06
epoch 2/3  step 9390/13619  loss=0.2142  lr=8.30e-06
epoch 2/3  step 9400/13619  loss=0.1327  lr=8.29e-06
epoch 2/3  step 9410/13619  loss=0.0987  lr=8.28e-06
epoch 2/3  step 9420/13619  loss=0.2039  lr=8.28e-06
epoch 2/3  step 9430/13619  loss=0.1337  lr=8.27e-06
epoch 2/3  step 9440/13619  loss=0.1338  lr=8.26e-06
epoch 2/3  step 9450/13619  loss=0.2831  lr=8.25e-06
epoch 2/3  step 9460/13619  loss=0.1894  lr=8.25e-06
epoch 2/3  step 9470/13619  loss=0.1630  lr=8.24e-06
epoch 2/3  step 9480/13619  loss=0.1678  lr=8.23e-06
epoch 2/3  step 9490/13619  loss=0.0993  lr=8.22e-06
epoch 2/3  step 9500/13619  loss=0.2097  lr=8.21e-06
epoch 2/3  step 9510/13619  loss=0.2108  lr=8.21e-06
epoch 2/3  step 9520/13619  loss=0.2033  lr=8.20e-06
epoch 2/3  step 9530/13619  loss=0.1937  lr=8.19e-06
epoch 2/3  step 9540/13619  loss=0.1980  lr=8.18e-06
epoch 2/3  step 9550/13619  loss=0.1735  lr=8.18e-06
epoch 2/3  step 9560/13619  loss=0.1246  lr=8.17e-06
epoch 2/3  step 9570/13619  loss=0.2231  lr=8.16e-06
epoch 2/3  step 9580/13619  loss=0.1245  lr=8.15e-06
epoch 2/3  step 9590/13619  loss=0.1986  lr=8.15e-06
epoch 2/3  step 9600/13619  loss=0.0932  lr=8.13e-06
epoch 2/3  step 9610/13619  loss=0.0949  lr=8.13e-06
epoch 2/3  step 9620/13619  loss=0.1347  lr=8.12e-06
epoch 2/3  step 9630/13619  loss=0.1823  lr=8.12e-06
epoch 2/3  step 9640/13619  loss=0.1492  lr=8.10e-06
epoch 2/3  step 9650/13619  loss=0.1742  lr=8.10e-06
epoch 2/3  step 9660/13619  loss=0.1503  lr=8.09e-06
epoch 2/3  step 9670/13619  loss=0.1204  lr=8.09e-06
epoch 2/3  step 9680/13619  loss=0.1965  lr=8.07e-06
epoch 2/3  step 9690/13619  loss=0.1261  lr=8.07e-06
epoch 2/3  step 9700/13619  loss=0.0986  lr=8.06e-06
epoch 2/3  step 9710/13619  loss=0.1696  lr=8.05e-06
epoch 2/3  step 9720/13619  loss=0.1130  lr=8.04e-06
epoch 2/3  step 9730/13619  loss=0.1483  lr=8.04e-06
epoch 2/3  step 9740/13619  loss=0.1575  lr=8.03e-06
epoch 2/3  step 9750/13619  loss=0.2077  lr=8.02e-06
epoch 2/3  step 9760/13619  loss=0.2580  lr=8.01e-06
epoch 2/3  step 9770/13619  loss=0.2200  lr=8.01e-06
epoch 2/3  step 9780/13619  loss=0.1349  lr=8.00e-06
epoch 2/3  step 9790/13619  loss=0.1752  lr=7.99e-06
epoch 2/3  step 9800/13619  loss=0.1370  lr=7.98e-06
epoch 2/3  step 9810/13619  loss=0.1860  lr=7.97e-06
epoch 2/3  step 9820/13619  loss=0.1487  lr=7.97e-06
epoch 2/3  step 9830/13619  loss=0.0857  lr=7.96e-06
epoch 2/3  step 9840/13619  loss=0.1414  lr=7.95e-06
epoch 2/3  step 9850/13619  loss=0.1529  lr=7.94e-06
epoch 2/3  step 9860/13619  loss=0.0910  lr=7.94e-06
epoch 2/3  step 9870/13619  loss=0.1603  lr=7.93e-06
epoch 2/3  step 9880/13619  loss=0.2151  lr=7.92e-06
epoch 2/3  step 9890/13619  loss=0.1547  lr=7.91e-06
epoch 2/3  step 9900/13619  loss=0.1296  lr=7.91e-06
epoch 2/3  step 9910/13619  loss=0.1194  lr=7.90e-06
epoch 2/3  step 9920/13619  loss=0.1880  lr=7.89e-06
epoch 2/3  step 9930/13619  loss=0.1848  lr=7.88e-06
epoch 2/3  step 9940/13619  loss=0.2201  lr=7.88e-06
epoch 2/3  step 9950/13619  loss=0.1920  lr=7.87e-06
epoch 2/3  step 9960/13619  loss=0.1290  lr=7.86e-06
epoch 2/3  step 9970/13619  loss=0.1836  lr=7.85e-06
epoch 2/3  step 9980/13619  loss=0.1090  lr=7.85e-06
epoch 2/3  step 9990/13619  loss=0.0836  lr=7.84e-06
epoch 2/3  step 10000/13619  loss=0.1543  lr=7.83e-06
epoch 2/3  step 10010/13619  loss=0.1228  lr=7.82e-06
epoch 2/3  step 10020/13619  loss=0.1611  lr=7.82e-06
epoch 2/3  step 10030/13619  loss=0.1832  lr=7.81e-06
epoch 2/3  step 10040/13619  loss=0.1218  lr=7.80e-06
epoch 2/3  step 10050/13619  loss=0.1276  lr=7.79e-06
epoch 2/3  step 10060/13619  loss=0.1968  lr=7.78e-06
epoch 2/3  step 10070/13619  loss=0.1738  lr=7.78e-06
epoch 2/3  step 10080/13619  loss=0.1432  lr=7.77e-06
epoch 2/3  step 10090/13619  loss=0.0683  lr=7.76e-06
epoch 2/3  step 10100/13619  loss=0.1804  lr=7.75e-06
epoch 2/3  step 10110/13619  loss=0.1505  lr=7.75e-06
epoch 2/3  step 10120/13619  loss=0.1156  lr=7.74e-06
epoch 2/3  step 10130/13619  loss=0.2216  lr=7.73e-06
epoch 2/3  step 10140/13619  loss=0.1043  lr=7.72e-06
epoch 2/3  step 10150/13619  loss=0.1909  lr=7.72e-06
epoch 2/3  step 10160/13619  loss=0.2315  lr=7.70e-06
epoch 2/3  step 10170/13619  loss=0.1697  lr=7.70e-06
epoch 2/3  step 10180/13619  loss=0.1883  lr=7.69e-06
epoch 2/3  step 10190/13619  loss=0.2096  lr=7.69e-06
epoch 2/3  step 10200/13619  loss=0.1993  lr=7.67e-06
epoch 2/3  step 10210/13619  loss=0.1578  lr=7.67e-06
epoch 2/3  step 10220/13619  loss=0.2098  lr=7.66e-06
epoch 2/3  step 10230/13619  loss=0.2554  lr=7.66e-06
epoch 2/3  step 10240/13619  loss=0.1434  lr=7.64e-06
epoch 2/3  step 10250/13619  loss=0.1840  lr=7.64e-06
epoch 2/3  step 10260/13619  loss=0.1867  lr=7.63e-06
epoch 2/3  step 10270/13619  loss=0.1619  lr=7.63e-06
epoch 2/3  step 10280/13619  loss=0.1643  lr=7.61e-06
epoch 2/3  step 10290/13619  loss=0.1576  lr=7.61e-06
epoch 2/3  step 10300/13619  loss=0.1710  lr=7.60e-06
epoch 2/3  step 10310/13619  loss=0.1392  lr=7.60e-06
epoch 2/3  step 10320/13619  loss=0.1130  lr=7.58e-06
epoch 2/3  step 10330/13619  loss=0.1135  lr=7.58e-06
epoch 2/3  step 10340/13619  loss=0.1771  lr=7.57e-06
epoch 2/3  step 10350/13619  loss=0.0889  lr=7.56e-06
epoch 2/3  step 10360/13619  loss=0.1906  lr=7.55e-06
epoch 2/3  step 10370/13619  loss=0.0882  lr=7.55e-06
epoch 2/3  step 10380/13619  loss=0.1164  lr=7.54e-06
epoch 2/3  step 10390/13619  loss=0.1416  lr=7.53e-06
epoch 2/3  step 10400/13619  loss=0.1333  lr=7.52e-06
epoch 2/3  step 10410/13619  loss=0.2373  lr=7.52e-06
epoch 2/3  step 10420/13619  loss=0.2339  lr=7.51e-06
epoch 2/3  step 10430/13619  loss=0.1267  lr=7.50e-06
epoch 2/3  step 10440/13619  loss=0.1140  lr=7.49e-06
epoch 2/3  step 10450/13619  loss=0.1544  lr=7.49e-06
epoch 2/3  step 10460/13619  loss=0.1322  lr=7.48e-06
epoch 2/3  step 10470/13619  loss=0.1800  lr=7.47e-06
epoch 2/3  step 10480/13619  loss=0.1796  lr=7.46e-06
epoch 2/3  step 10490/13619  loss=0.0953  lr=7.46e-06
epoch 2/3  step 10500/13619  loss=0.2253  lr=7.45e-06
epoch 2/3  step 10510/13619  loss=0.1725  lr=7.44e-06
epoch 2/3  step 10520/13619  loss=0.1817  lr=7.43e-06
epoch 2/3  step 10530/13619  loss=0.0935  lr=7.42e-06
epoch 2/3  step 10540/13619  loss=0.1682  lr=7.42e-06
epoch 2/3  step 10550/13619  loss=0.1581  lr=7.41e-06
epoch 2/3  step 10560/13619  loss=0.2079  lr=7.40e-06
epoch 2/3  step 10570/13619  loss=0.2226  lr=7.39e-06
epoch 2/3  step 10580/13619  loss=0.1287  lr=7.39e-06
epoch 2/3  step 10590/13619  loss=0.1485  lr=7.38e-06
epoch 2/3  step 10600/13619  loss=0.1765  lr=7.37e-06
epoch 2/3  step 10610/13619  loss=0.2422  lr=7.36e-06
epoch 2/3  step 10620/13619  loss=0.1968  lr=7.36e-06
epoch 2/3  step 10630/13619  loss=0.1256  lr=7.35e-06
epoch 2/3  step 10640/13619  loss=0.1929  lr=7.34e-06
epoch 2/3  step 10650/13619  loss=0.1285  lr=7.33e-06
epoch 2/3  step 10660/13619  loss=0.2025  lr=7.33e-06
epoch 2/3  step 10670/13619  loss=0.1114  lr=7.32e-06
epoch 2/3  step 10680/13619  loss=0.0848  lr=7.31e-06
epoch 2/3  step 10690/13619  loss=0.0888  lr=7.30e-06
epoch 2/3  step 10700/13619  loss=0.2100  lr=7.30e-06
epoch 2/3  step 10710/13619  loss=0.1565  lr=7.29e-06
epoch 2/3  step 10720/13619  loss=0.1546  lr=7.28e-06
epoch 2/3  step 10730/13619  loss=0.1653  lr=7.27e-06
epoch 2/3  step 10740/13619  loss=0.2032  lr=7.27e-06
epoch 2/3  step 10750/13619  loss=0.1243  lr=7.26e-06
epoch 2/3  step 10760/13619  loss=0.1748  lr=7.25e-06
epoch 2/3  step 10770/13619  loss=0.1993  lr=7.24e-06
epoch 2/3  step 10780/13619  loss=0.2007  lr=7.24e-06
epoch 2/3  step 10790/13619  loss=0.0827  lr=7.23e-06
epoch 2/3  step 10800/13619  loss=0.1173  lr=7.22e-06
epoch 2/3  step 10810/13619  loss=0.0899  lr=7.21e-06
epoch 2/3  step 10820/13619  loss=0.1472  lr=7.21e-06
epoch 2/3  step 10830/13619  loss=0.1046  lr=7.20e-06
epoch 2/3  step 10840/13619  loss=0.1162  lr=7.19e-06
epoch 2/3  step 10850/13619  loss=0.1750  lr=7.18e-06
epoch 2/3  step 10860/13619  loss=0.1196  lr=7.18e-06
epoch 2/3  step 10870/13619  loss=0.1555  lr=7.17e-06
epoch 2/3  step 10880/13619  loss=0.2312  lr=7.16e-06
epoch 2/3  step 10890/13619  loss=0.1156  lr=7.15e-06
epoch 2/3  step 10900/13619  loss=0.1952  lr=7.15e-06
epoch 2/3  step 10910/13619  loss=0.1241  lr=7.14e-06
epoch 2/3  step 10920/13619  loss=0.1616  lr=7.13e-06
epoch 2/3  step 10930/13619  loss=0.1272  lr=7.12e-06
epoch 2/3  step 10940/13619  loss=0.1744  lr=7.12e-06
epoch 2/3  step 10950/13619  loss=0.2067  lr=7.11e-06
epoch 2/3  step 10960/13619  loss=0.1273  lr=7.10e-06
epoch 2/3  step 10970/13619  loss=0.2249  lr=7.09e-06
epoch 2/3  step 10980/13619  loss=0.1162  lr=7.09e-06
epoch 2/3  step 10990/13619  loss=0.1245  lr=7.08e-06
epoch 2/3  step 11000/13619  loss=0.1540  lr=7.07e-06
epoch 2/3  step 11010/13619  loss=0.2231  lr=7.06e-06
epoch 2/3  step 11020/13619  loss=0.1708  lr=7.06e-06
epoch 2/3  step 11030/13619  loss=0.2254  lr=7.05e-06
epoch 2/3  step 11040/13619  loss=0.0852  lr=7.04e-06
epoch 2/3  step 11050/13619  loss=0.1096  lr=7.03e-06
epoch 2/3  step 11060/13619  loss=0.1064  lr=7.03e-06
epoch 2/3  step 11070/13619  loss=0.0571  lr=7.02e-06
epoch 2/3  step 11080/13619  loss=0.1171  lr=7.01e-06
epoch 2/3  step 11090/13619  loss=0.1830  lr=7.00e-06
epoch 2/3  step 11100/13619  loss=0.0784  lr=7.00e-06
epoch 2/3  step 11110/13619  loss=0.1758  lr=6.99e-06
epoch 2/3  step 11120/13619  loss=0.1156  lr=6.98e-06
epoch 2/3  step 11130/13619  loss=0.1502  lr=6.97e-06
epoch 2/3  step 11140/13619  loss=0.1296  lr=6.97e-06
epoch 2/3  step 11150/13619  loss=0.1866  lr=6.96e-06
epoch 2/3  step 11160/13619  loss=0.0946  lr=6.95e-06
epoch 2/3  step 11170/13619  loss=0.2116  lr=6.94e-06
epoch 2/3  step 11180/13619  loss=0.1554  lr=6.94e-06
epoch 2/3  step 11190/13619  loss=0.1482  lr=6.93e-06
epoch 2/3  step 11200/13619  loss=0.1807  lr=6.92e-06
epoch 2/3  step 11210/13619  loss=0.1486  lr=6.91e-06
epoch 2/3  step 11220/13619  loss=0.1781  lr=6.91e-06
epoch 2/3  step 11230/13619  loss=0.1536  lr=6.90e-06
epoch 2/3  step 11240/13619  loss=0.1103  lr=6.89e-06
epoch 2/3  step 11250/13619  loss=0.1897  lr=6.88e-06
epoch 2/3  step 11260/13619  loss=0.1191  lr=6.88e-06
epoch 2/3  step 11270/13619  loss=0.1630  lr=6.87e-06
epoch 2/3  step 11280/13619  loss=0.2327  lr=6.86e-06
epoch 2/3  step 11290/13619  loss=0.1697  lr=6.85e-06
epoch 2/3  step 11300/13619  loss=0.0995  lr=6.85e-06
epoch 2/3  step 11310/13619  loss=0.1928  lr=6.84e-06
epoch 2/3  step 11320/13619  loss=0.1889  lr=6.83e-06
epoch 2/3  step 11330/13619  loss=0.1896  lr=6.82e-06
epoch 2/3  step 11340/13619  loss=0.1155  lr=6.82e-06
epoch 2/3  step 11350/13619  loss=0.2175  lr=6.81e-06
epoch 2/3  step 11360/13619  loss=0.1791  lr=6.80e-06
epoch 2/3  step 11370/13619  loss=0.1543  lr=6.79e-06
epoch 2/3  step 11380/13619  loss=0.1266  lr=6.79e-06
epoch 2/3  step 11390/13619  loss=0.2181  lr=6.78e-06
epoch 2/3  step 11400/13619  loss=0.2174  lr=6.77e-06
epoch 2/3  step 11410/13619  loss=0.2112  lr=6.76e-06
epoch 2/3  step 11420/13619  loss=0.1339  lr=6.76e-06
epoch 2/3  step 11430/13619  loss=0.1961  lr=6.75e-06
epoch 2/3  step 11440/13619  loss=0.1297  lr=6.74e-06
epoch 2/3  step 11450/13619  loss=0.1319  lr=6.73e-06
epoch 2/3  step 11460/13619  loss=0.1860  lr=6.73e-06
epoch 2/3  step 11470/13619  loss=0.1674  lr=6.72e-06
epoch 2/3  step 11480/13619  loss=0.0668  lr=6.71e-06
epoch 2/3  step 11490/13619  loss=0.1869  lr=6.71e-06
epoch 2/3  step 11500/13619  loss=0.1667  lr=6.70e-06
epoch 2/3  step 11510/13619  loss=0.2637  lr=6.69e-06
epoch 2/3  step 11520/13619  loss=0.1657  lr=6.68e-06
epoch 2/3  step 11530/13619  loss=0.1846  lr=6.68e-06
epoch 2/3  step 11540/13619  loss=0.1734  lr=6.67e-06
epoch 2/3  step 11550/13619  loss=0.2244  lr=6.66e-06
epoch 2/3  step 11560/13619  loss=0.1084  lr=6.65e-06
epoch 2/3  step 11570/13619  loss=0.1364  lr=6.65e-06
epoch 2/3  step 11580/13619  loss=0.2482  lr=6.64e-06
epoch 2/3  step 11590/13619  loss=0.1246  lr=6.63e-06
epoch 2/3  step 11600/13619  loss=0.2308  lr=6.62e-06
epoch 2/3  step 11610/13619  loss=0.1275  lr=6.62e-06
epoch 2/3  step 11620/13619  loss=0.1880  lr=6.61e-06
epoch 2/3  step 11630/13619  loss=0.1405  lr=6.60e-06
epoch 2/3  step 11640/13619  loss=0.2002  lr=6.59e-06
epoch 2/3  step 11650/13619  loss=0.0947  lr=6.59e-06
epoch 2/3  step 11660/13619  loss=0.1011  lr=6.58e-06
epoch 2/3  step 11670/13619  loss=0.1232  lr=6.58e-06
epoch 2/3  step 11680/13619  loss=0.1043  lr=6.56e-06
epoch 2/3  step 11690/13619  loss=0.1545  lr=6.56e-06
epoch 2/3  step 11700/13619  loss=0.1380  lr=6.55e-06
epoch 2/3  step 11710/13619  loss=0.0730  lr=6.55e-06
epoch 2/3  step 11720/13619  loss=0.0942  lr=6.53e-06
epoch 2/3  step 11730/13619  loss=0.1142  lr=6.53e-06
epoch 2/3  step 11740/13619  loss=0.1242  lr=6.52e-06
epoch 2/3  step 11750/13619  loss=0.1925  lr=6.52e-06
epoch 2/3  step 11760/13619  loss=0.0640  lr=6.50e-06
epoch 2/3  step 11770/13619  loss=0.1231  lr=6.50e-06
epoch 2/3  step 11780/13619  loss=0.1027  lr=6.49e-06
epoch 2/3  step 11790/13619  loss=0.2243  lr=6.49e-06
epoch 2/3  step 11800/13619  loss=0.1564  lr=6.48e-06
epoch 2/3  step 11810/13619  loss=0.1125  lr=6.47e-06
epoch 2/3  step 11820/13619  loss=0.1423  lr=6.46e-06
epoch 2/3  step 11830/13619  loss=0.1995  lr=6.46e-06
epoch 2/3  step 11840/13619  loss=0.1093  lr=6.45e-06
epoch 2/3  step 11850/13619  loss=0.1557  lr=6.44e-06
epoch 2/3  step 11860/13619  loss=0.0985  lr=6.43e-06
epoch 2/3  step 11870/13619  loss=0.2320  lr=6.43e-06
epoch 2/3  step 11880/13619  loss=0.2496  lr=6.42e-06
epoch 2/3  step 11890/13619  loss=0.1684  lr=6.41e-06
epoch 2/3  step 11900/13619  loss=0.1134  lr=6.40e-06
epoch 2/3  step 11910/13619  loss=0.2002  lr=6.40e-06
epoch 2/3  step 11920/13619  loss=0.2232  lr=6.39e-06
epoch 2/3  step 11930/13619  loss=0.1832  lr=6.38e-06
epoch 2/3  step 11940/13619  loss=0.1240  lr=6.38e-06
epoch 2/3  step 11950/13619  loss=0.1573  lr=6.37e-06
epoch 2/3  step 11960/13619  loss=0.1445  lr=6.36e-06
epoch 2/3  step 11970/13619  loss=0.1340  lr=6.35e-06
epoch 2/3  step 11980/13619  loss=0.1673  lr=6.35e-06
epoch 2/3  step 11990/13619  loss=0.1271  lr=6.34e-06
epoch 2/3  step 12000/13619  loss=0.1721  lr=6.33e-06
epoch 2/3  step 12010/13619  loss=0.2140  lr=6.32e-06
epoch 2/3  step 12020/13619  loss=0.0675  lr=6.32e-06
epoch 2/3  step 12030/13619  loss=0.0457  lr=6.31e-06
epoch 2/3  step 12040/13619  loss=0.1482  lr=6.30e-06
epoch 2/3  step 12050/13619  loss=0.1751  lr=6.29e-06
epoch 2/3  step 12060/13619  loss=0.1478  lr=6.29e-06
epoch 2/3  step 12070/13619  loss=0.1533  lr=6.28e-06
epoch 2/3  step 12080/13619  loss=0.0961  lr=6.27e-06
epoch 2/3  step 12090/13619  loss=0.1213  lr=6.26e-06
epoch 2/3  step 12100/13619  loss=0.2018  lr=6.26e-06
epoch 2/3  step 12110/13619  loss=0.0856  lr=6.25e-06
epoch 2/3  step 12120/13619  loss=0.1051  lr=6.24e-06
epoch 2/3  step 12130/13619  loss=0.1837  lr=6.24e-06
epoch 2/3  step 12140/13619  loss=0.1000  lr=6.23e-06
epoch 2/3  step 12150/13619  loss=0.1419  lr=6.22e-06
epoch 2/3  step 12160/13619  loss=0.2315  lr=6.21e-06
epoch 2/3  step 12170/13619  loss=0.0782  lr=6.21e-06
epoch 2/3  step 12180/13619  loss=0.1313  lr=6.20e-06
epoch 2/3  step 12190/13619  loss=0.1640  lr=6.19e-06
epoch 2/3  step 12200/13619  loss=0.1923  lr=6.18e-06
epoch 2/3  step 12210/13619  loss=0.1984  lr=6.18e-06
epoch 2/3  step 12220/13619  loss=0.1503  lr=6.17e-06
epoch 2/3  step 12230/13619  loss=0.2009  lr=6.17e-06
epoch 2/3  step 12240/13619  loss=0.1765  lr=6.15e-06
epoch 2/3  step 12250/13619  loss=0.1349  lr=6.15e-06
epoch 2/3  step 12260/13619  loss=0.1583  lr=6.14e-06
epoch 2/3  step 12270/13619  loss=0.1195  lr=6.14e-06
epoch 2/3  step 12280/13619  loss=0.1611  lr=6.13e-06
epoch 2/3  step 12290/13619  loss=0.1745  lr=6.12e-06
epoch 2/3  step 12300/13619  loss=0.1134  lr=6.11e-06
epoch 2/3  step 12310/13619  loss=0.2424  lr=6.11e-06
epoch 2/3  step 12320/13619  loss=0.2110  lr=6.10e-06
epoch 2/3  step 12330/13619  loss=0.1839  lr=6.09e-06
epoch 2/3  step 12340/13619  loss=0.1797  lr=6.08e-06
epoch 2/3  step 12350/13619  loss=0.1830  lr=6.08e-06
epoch 2/3  step 12360/13619  loss=0.1684  lr=6.07e-06
epoch 2/3  step 12370/13619  loss=0.1976  lr=6.06e-06
epoch 2/3  step 12380/13619  loss=0.1261  lr=6.06e-06
epoch 2/3  step 12390/13619  loss=0.1496  lr=6.05e-06
epoch 2/3  step 12400/13619  loss=0.1682  lr=6.04e-06
epoch 2/3  step 12410/13619  loss=0.1732  lr=6.03e-06
epoch 2/3  step 12420/13619  loss=0.1802  lr=6.03e-06
epoch 2/3  step 12430/13619  loss=0.1377  lr=6.02e-06
epoch 2/3  step 12440/13619  loss=0.1234  lr=6.01e-06
epoch 2/3  step 12450/13619  loss=0.1691  lr=6.00e-06
epoch 2/3  step 12460/13619  loss=0.1058  lr=6.00e-06
epoch 2/3  step 12470/13619  loss=0.1958  lr=5.99e-06
epoch 2/3  step 12480/13619  loss=0.1901  lr=5.98e-06
epoch 2/3  step 12490/13619  loss=0.1387  lr=5.98e-06
epoch 2/3  step 12500/13619  loss=0.1853  lr=5.97e-06
epoch 2/3  step 12510/13619  loss=0.1224  lr=5.96e-06
epoch 2/3  step 12520/13619  loss=0.1036  lr=5.95e-06
epoch 2/3  step 12530/13619  loss=0.1738  lr=5.95e-06
epoch 2/3  step 12540/13619  loss=0.1316  lr=5.94e-06
epoch 2/3  step 12550/13619  loss=0.1708  lr=5.94e-06
epoch 2/3  step 12560/13619  loss=0.2143  lr=5.92e-06
epoch 2/3  step 12570/13619  loss=0.1964  lr=5.92e-06
epoch 2/3  step 12580/13619  loss=0.0710  lr=5.91e-06
epoch 2/3  step 12590/13619  loss=0.1954  lr=5.91e-06
epoch 2/3  step 12600/13619  loss=0.1989  lr=5.90e-06
epoch 2/3  step 12610/13619  loss=0.2119  lr=5.89e-06
epoch 2/3  step 12620/13619  loss=0.1270  lr=5.88e-06
epoch 2/3  step 12630/13619  loss=0.1814  lr=5.88e-06
epoch 2/3  step 12640/13619  loss=0.2083  lr=5.87e-06
epoch 2/3  step 12650/13619  loss=0.2122  lr=5.86e-06
epoch 2/3  step 12660/13619  loss=0.0879  lr=5.86e-06
epoch 2/3  step 12670/13619  loss=0.1448  lr=5.85e-06
epoch 2/3  step 12680/13619  loss=0.1883  lr=5.84e-06
epoch 2/3  step 12690/13619  loss=0.1045  lr=5.83e-06
epoch 2/3  step 12700/13619  loss=0.0983  lr=5.83e-06
epoch 2/3  step 12710/13619  loss=0.1864  lr=5.82e-06
epoch 2/3  step 12720/13619  loss=0.0658  lr=5.81e-06
epoch 2/3  step 12730/13619  loss=0.1506  lr=5.80e-06
epoch 2/3  step 12740/13619  loss=0.1999  lr=5.80e-06
epoch 2/3  step 12750/13619  loss=0.0970  lr=5.79e-06
epoch 2/3  step 12760/13619  loss=0.1116  lr=5.78e-06
epoch 2/3  step 12770/13619  loss=0.0882  lr=5.78e-06
epoch 2/3  step 12780/13619  loss=0.2051  lr=5.77e-06
epoch 2/3  step 12790/13619  loss=0.1004  lr=5.76e-06
epoch 2/3  step 12800/13619  loss=0.1124  lr=5.75e-06
epoch 2/3  step 12810/13619  loss=0.0825  lr=5.75e-06
epoch 2/3  step 12820/13619  loss=0.2189  lr=5.74e-06
epoch 2/3  step 12830/13619  loss=0.1772  lr=5.74e-06
epoch 2/3  step 12840/13619  loss=0.1116  lr=5.72e-06
epoch 2/3  step 12850/13619  loss=0.1366  lr=5.72e-06
epoch 2/3  step 12860/13619  loss=0.1340  lr=5.71e-06
epoch 2/3  step 12870/13619  loss=0.1280  lr=5.71e-06
epoch 2/3  step 12880/13619  loss=0.1247  lr=5.70e-06
epoch 2/3  step 12890/13619  loss=0.1254  lr=5.69e-06
epoch 2/3  step 12900/13619  loss=0.1092  lr=5.68e-06
epoch 2/3  step 12910/13619  loss=0.1860  lr=5.68e-06
epoch 2/3  step 12920/13619  loss=0.1811  lr=5.67e-06
epoch 2/3  step 12930/13619  loss=0.1874  lr=5.66e-06
epoch 2/3  step 12940/13619  loss=0.1346  lr=5.66e-06
epoch 2/3  step 12950/13619  loss=0.1557  lr=5.65e-06
epoch 2/3  step 12960/13619  loss=0.1628  lr=5.64e-06
epoch 2/3  step 12970/13619  loss=0.1065  lr=5.63e-06
epoch 2/3  step 12980/13619  loss=0.1886  lr=5.63e-06
epoch 2/3  step 12990/13619  loss=0.1151  lr=5.62e-06
epoch 2/3  step 13000/13619  loss=0.1585  lr=5.61e-06
epoch 2/3  step 13010/13619  loss=0.1117  lr=5.61e-06
epoch 2/3  step 13020/13619  loss=0.1854  lr=5.60e-06
epoch 2/3  step 13030/13619  loss=0.2083  lr=5.59e-06
epoch 2/3  step 13040/13619  loss=0.1279  lr=5.58e-06
epoch 2/3  step 13050/13619  loss=0.1578  lr=5.58e-06
epoch 2/3  step 13060/13619  loss=0.1013  lr=5.57e-06
epoch 2/3  step 13070/13619  loss=0.1151  lr=5.57e-06
epoch 2/3  step 13080/13619  loss=0.1143  lr=5.55e-06
epoch 2/3  step 13090/13619  loss=0.1214  lr=5.55e-06
epoch 2/3  step 13100/13619  loss=0.1455  lr=5.54e-06
epoch 2/3  step 13110/13619  loss=0.1132  lr=5.54e-06
epoch 2/3  step 13120/13619  loss=0.0501  lr=5.53e-06
epoch 2/3  step 13130/13619  loss=0.1316  lr=5.52e-06
epoch 2/3  step 13140/13619  loss=0.1859  lr=5.52e-06
epoch 2/3  step 13150/13619  loss=0.2048  lr=5.51e-06
epoch 2/3  step 13160/13619  loss=0.1577  lr=5.50e-06
epoch 2/3  step 13170/13619  loss=0.2981  lr=5.49e-06
epoch 2/3  step 13180/13619  loss=0.1387  lr=5.49e-06
epoch 2/3  step 13190/13619  loss=0.1265  lr=5.48e-06
epoch 2/3  step 13200/13619  loss=0.1764  lr=5.47e-06
epoch 2/3  step 13210/13619  loss=0.1307  lr=5.47e-06
epoch 2/3  step 13220/13619  loss=0.1318  lr=5.46e-06
epoch 2/3  step 13230/13619  loss=0.1793  lr=5.45e-06
epoch 2/3  step 13240/13619  loss=0.1303  lr=5.44e-06
epoch 2/3  step 13250/13619  loss=0.2979  lr=5.44e-06
epoch 2/3  step 13260/13619  loss=0.1214  lr=5.43e-06
epoch 2/3  step 13270/13619  loss=0.2166  lr=5.43e-06
epoch 2/3  step 13280/13619  loss=0.1129  lr=5.41e-06
epoch 2/3  step 13290/13619  loss=0.1233  lr=5.41e-06
epoch 2/3  step 13300/13619  loss=0.1024  lr=5.40e-06
epoch 2/3  step 13310/13619  loss=0.2104  lr=5.40e-06
epoch 2/3  step 13320/13619  loss=0.1296  lr=5.39e-06
epoch 2/3  step 13330/13619  loss=0.2465  lr=5.38e-06
epoch 2/3  step 13340/13619  loss=0.0943  lr=5.38e-06
epoch 2/3  step 13350/13619  loss=0.1434  lr=5.37e-06
epoch 2/3  step 13360/13619  loss=0.1511  lr=5.36e-06
epoch 2/3  step 13370/13619  loss=0.1441  lr=5.35e-06
epoch 2/3  step 13380/13619  loss=0.1874  lr=5.35e-06
epoch 2/3  step 13390/13619  loss=0.2068  lr=5.34e-06
epoch 2/3  step 13400/13619  loss=0.0939  lr=5.33e-06
epoch 2/3  step 13410/13619  loss=0.0983  lr=5.33e-06
epoch 2/3  step 13420/13619  loss=0.1462  lr=5.32e-06
epoch 2/3  step 13430/13619  loss=0.1167  lr=5.31e-06
epoch 2/3  step 13440/13619  loss=0.2147  lr=5.30e-06
epoch 2/3  step 13450/13619  loss=0.1069  lr=5.30e-06
epoch 2/3  step 13460/13619  loss=0.2231  lr=5.29e-06
epoch 2/3  step 13470/13619  loss=0.1442  lr=5.29e-06
epoch 2/3  step 13480/13619  loss=0.1314  lr=5.28e-06
epoch 2/3  step 13490/13619  loss=0.2054  lr=5.27e-06
epoch 2/3  step 13500/13619  loss=0.1926  lr=5.26e-06
epoch 2/3  step 13510/13619  loss=0.0773  lr=5.26e-06
epoch 2/3  step 13520/13619  loss=0.1354  lr=5.25e-06
epoch 2/3  step 13530/13619  loss=0.0761  lr=5.24e-06
epoch 2/3  step 13540/13619  loss=0.1731  lr=5.24e-06
epoch 2/3  step 13550/13619  loss=0.2436  lr=5.23e-06
epoch 2/3  step 13560/13619  loss=0.1443  lr=5.22e-06
epoch 2/3  step 13570/13619  loss=0.1315  lr=5.22e-06
epoch 2/3  step 13580/13619  loss=0.2813  lr=5.21e-06
epoch 2/3  step 13590/13619  loss=0.1241  lr=5.20e-06
epoch 2/3  step 13600/13619  loss=0.1715  lr=5.19e-06
epoch 2/3  step 13610/13619  loss=0.0597  lr=5.19e-06
epoch 2/3  eval_loss=0.2126
saved checkpoint -> /tmpdir/m24047brmn/numbers/checkpoints/qwen_s2_baseline/baseline_epoch2.pt
epoch 3/3  step 10/13619  loss=0.0883  lr=5.18e-06
epoch 3/3  step 20/13619  loss=0.0967  lr=5.17e-06
epoch 3/3  step 30/13619  loss=0.0832  lr=5.17e-06
epoch 3/3  step 40/13619  loss=0.0964  lr=5.15e-06
epoch 3/3  step 50/13619  loss=0.0700  lr=5.15e-06
epoch 3/3  step 60/13619  loss=0.1161  lr=5.14e-06
epoch 3/3  step 70/13619  loss=0.0519  lr=5.14e-06
epoch 3/3  step 80/13619  loss=0.1187  lr=5.13e-06
epoch 3/3  step 90/13619  loss=0.0695  lr=5.12e-06
epoch 3/3  step 100/13619  loss=0.1175  lr=5.12e-06
epoch 3/3  step 110/13619  loss=0.0783  lr=5.11e-06
epoch 3/3  step 120/13619  loss=0.0894  lr=5.10e-06
epoch 3/3  step 130/13619  loss=0.1333  lr=5.09e-06
epoch 3/3  step 140/13619  loss=0.1169  lr=5.09e-06
epoch 3/3  step 150/13619  loss=0.0961  lr=5.08e-06
epoch 3/3  step 160/13619  loss=0.1163  lr=5.07e-06
epoch 3/3  step 170/13619  loss=0.1127  lr=5.07e-06
epoch 3/3  step 180/13619  loss=0.0819  lr=5.06e-06
epoch 3/3  step 190/13619  loss=0.1346  lr=5.06e-06
epoch 3/3  step 200/13619  loss=0.0588  lr=5.05e-06
epoch 3/3  step 210/13619  loss=0.1048  lr=5.04e-06
epoch 3/3  step 220/13619  loss=0.0888  lr=5.03e-06
epoch 3/3  step 230/13619  loss=0.0771  lr=5.03e-06
epoch 3/3  step 240/13619  loss=0.0638  lr=5.02e-06
epoch 3/3  step 250/13619  loss=0.0951  lr=5.01e-06
epoch 3/3  step 260/13619  loss=0.1073  lr=5.01e-06
epoch 3/3  step 270/13619  loss=0.0867  lr=5.00e-06
epoch 3/3  step 280/13619  loss=0.0641  lr=4.99e-06
epoch 3/3  step 290/13619  loss=0.0824  lr=4.99e-06
epoch 3/3  step 300/13619  loss=0.0768  lr=4.98e-06
epoch 3/3  step 310/13619  loss=0.1015  lr=4.97e-06
epoch 3/3  step 320/13619  loss=0.0953  lr=4.96e-06
epoch 3/3  step 330/13619  loss=0.1137  lr=4.96e-06
epoch 3/3  step 340/13619  loss=0.1262  lr=4.95e-06
epoch 3/3  step 350/13619  loss=0.0728  lr=4.95e-06
epoch 3/3  step 360/13619  loss=0.0820  lr=4.94e-06
epoch 3/3  step 370/13619  loss=0.0804  lr=4.93e-06
epoch 3/3  step 380/13619  loss=0.0723  lr=4.93e-06
epoch 3/3  step 390/13619  loss=0.0532  lr=4.92e-06
epoch 3/3  step 400/13619  loss=0.1001  lr=4.91e-06
epoch 3/3  step 410/13619  loss=0.0458  lr=4.90e-06
epoch 3/3  step 420/13619  loss=0.1163  lr=4.90e-06
epoch 3/3  step 430/13619  loss=0.0923  lr=4.89e-06
epoch 3/3  step 440/13619  loss=0.0926  lr=4.88e-06
epoch 3/3  step 450/13619  loss=0.0617  lr=4.88e-06
epoch 3/3  step 460/13619  loss=0.0617  lr=4.87e-06
epoch 3/3  step 470/13619  loss=0.0920  lr=4.87e-06
epoch 3/3  step 480/13619  loss=0.0959  lr=4.86e-06
epoch 3/3  step 490/13619  loss=0.0924  lr=4.85e-06
epoch 3/3  step 500/13619  loss=0.1039  lr=4.85e-06
epoch 3/3  step 510/13619  loss=0.0817  lr=4.84e-06
epoch 3/3  step 520/13619  loss=0.0644  lr=4.83e-06
epoch 3/3  step 530/13619  loss=0.1010  lr=4.82e-06
epoch 3/3  step 540/13619  loss=0.0988  lr=4.82e-06
epoch 3/3  step 550/13619  loss=0.0529  lr=4.81e-06
epoch 3/3  step 560/13619  loss=0.0801  lr=4.80e-06
epoch 3/3  step 570/13619  loss=0.0835  lr=4.80e-06
epoch 3/3  step 580/13619  loss=0.0501  lr=4.79e-06
epoch 3/3  step 590/13619  loss=0.0980  lr=4.79e-06
epoch 3/3  step 600/13619  loss=0.0859  lr=4.78e-06
epoch 3/3  step 610/13619  loss=0.0828  lr=4.77e-06
epoch 3/3  step 620/13619  loss=0.1065  lr=4.76e-06
epoch 3/3  step 630/13619  loss=0.0945  lr=4.76e-06
epoch 3/3  step 640/13619  loss=0.0652  lr=4.75e-06
epoch 3/3  step 650/13619  loss=0.0951  lr=4.74e-06
epoch 3/3  step 660/13619  loss=0.1003  lr=4.74e-06
epoch 3/3  step 670/13619  loss=0.1013  lr=4.73e-06
epoch 3/3  step 680/13619  loss=0.0537  lr=4.72e-06
epoch 3/3  step 690/13619  loss=0.1176  lr=4.72e-06
epoch 3/3  step 700/13619  loss=0.0879  lr=4.71e-06
epoch 3/3  step 710/13619  loss=0.1264  lr=4.71e-06
epoch 3/3  step 720/13619  loss=0.0819  lr=4.70e-06
epoch 3/3  step 730/13619  loss=0.0986  lr=4.69e-06
epoch 3/3  step 740/13619  loss=0.0790  lr=4.68e-06
epoch 3/3  step 750/13619  loss=0.0449  lr=4.68e-06
epoch 3/3  step 760/13619  loss=0.1059  lr=4.67e-06
epoch 3/3  step 770/13619  loss=0.1027  lr=4.66e-06
epoch 3/3  step 780/13619  loss=0.1150  lr=4.66e-06
epoch 3/3  step 790/13619  loss=0.1055  lr=4.65e-06
epoch 3/3  step 800/13619  loss=0.0850  lr=4.64e-06
epoch 3/3  step 810/13619  loss=0.0880  lr=4.64e-06
epoch 3/3  step 820/13619  loss=0.1108  lr=4.63e-06
epoch 3/3  step 830/13619  loss=0.0691  lr=4.63e-06
epoch 3/3  step 840/13619  loss=0.0825  lr=4.62e-06
epoch 3/3  step 850/13619  loss=0.0898  lr=4.61e-06
epoch 3/3  step 860/13619  loss=0.1077  lr=4.61e-06
epoch 3/3  step 870/13619  loss=0.0848  lr=4.60e-06
epoch 3/3  step 880/13619  loss=0.1012  lr=4.59e-06
epoch 3/3  step 890/13619  loss=0.0771  lr=4.58e-06
epoch 3/3  step 900/13619  loss=0.0546  lr=4.58e-06
epoch 3/3  step 910/13619  loss=0.1156  lr=4.57e-06
epoch 3/3  step 920/13619  loss=0.1728  lr=4.56e-06
epoch 3/3  step 930/13619  loss=0.1626  lr=4.56e-06
epoch 3/3  step 940/13619  loss=0.1212  lr=4.55e-06
epoch 3/3  step 950/13619  loss=0.0727  lr=4.55e-06
epoch 3/3  step 960/13619  loss=0.0669  lr=4.54e-06
epoch 3/3  step 970/13619  loss=0.0688  lr=4.53e-06
epoch 3/3  step 980/13619  loss=0.0588  lr=4.53e-06
epoch 3/3  step 990/13619  loss=0.0847  lr=4.52e-06
epoch 3/3  step 1000/13619  loss=0.0910  lr=4.51e-06
epoch 3/3  step 1010/13619  loss=0.0342  lr=4.51e-06
epoch 3/3  step 1020/13619  loss=0.0863  lr=4.50e-06
epoch 3/3  step 1030/13619  loss=0.0993  lr=4.49e-06
epoch 3/3  step 1040/13619  loss=0.0874  lr=4.48e-06
epoch 3/3  step 1050/13619  loss=0.1530  lr=4.48e-06
epoch 3/3  step 1060/13619  loss=0.0544  lr=4.47e-06
epoch 3/3  step 1070/13619  loss=0.1220  lr=4.47e-06
epoch 3/3  step 1080/13619  loss=0.1490  lr=4.46e-06
epoch 3/3  step 1090/13619  loss=0.0734  lr=4.45e-06
epoch 3/3  step 1100/13619  loss=0.0683  lr=4.45e-06
epoch 3/3  step 1110/13619  loss=0.0758  lr=4.44e-06
epoch 3/3  step 1120/13619  loss=0.1109  lr=4.43e-06
epoch 3/3  step 1130/13619  loss=0.0953  lr=4.43e-06
epoch 3/3  step 1140/13619  loss=0.0965  lr=4.42e-06
epoch 3/3  step 1150/13619  loss=0.0733  lr=4.42e-06
epoch 3/3  step 1160/13619  loss=0.0857  lr=4.41e-06
epoch 3/3  step 1170/13619  loss=0.0790  lr=4.40e-06
epoch 3/3  step 1180/13619  loss=0.0951  lr=4.40e-06
epoch 3/3  step 1190/13619  loss=0.0585  lr=4.39e-06
epoch 3/3  step 1200/13619  loss=0.0608  lr=4.38e-06
epoch 3/3  step 1210/13619  loss=0.0596  lr=4.37e-06
epoch 3/3  step 1220/13619  loss=0.0691  lr=4.37e-06
epoch 3/3  step 1230/13619  loss=0.0816  lr=4.36e-06
epoch 3/3  step 1240/13619  loss=0.0701  lr=4.35e-06
epoch 3/3  step 1250/13619  loss=0.0831  lr=4.35e-06
epoch 3/3  step 1260/13619  loss=0.0856  lr=4.34e-06
epoch 3/3  step 1270/13619  loss=0.0406  lr=4.34e-06
epoch 3/3  step 1280/13619  loss=0.0908  lr=4.33e-06
epoch 3/3  step 1290/13619  loss=0.0566  lr=4.32e-06
epoch 3/3  step 1300/13619  loss=0.1060  lr=4.32e-06
epoch 3/3  step 1310/13619  loss=0.0995  lr=4.31e-06
epoch 3/3  step 1320/13619  loss=0.0801  lr=4.30e-06
epoch 3/3  step 1330/13619  loss=0.1103  lr=4.30e-06
epoch 3/3  step 1340/13619  loss=0.0637  lr=4.29e-06
epoch 3/3  step 1350/13619  loss=0.0960  lr=4.29e-06
epoch 3/3  step 1360/13619  loss=0.0818  lr=4.28e-06
epoch 3/3  step 1370/13619  loss=0.1416  lr=4.27e-06
epoch 3/3  step 1380/13619  loss=0.0876  lr=4.27e-06
epoch 3/3  step 1390/13619  loss=0.0818  lr=4.26e-06
epoch 3/3  step 1400/13619  loss=0.1102  lr=4.25e-06
epoch 3/3  step 1410/13619  loss=0.0713  lr=4.25e-06
epoch 3/3  step 1420/13619  loss=0.0985  lr=4.24e-06
epoch 3/3  step 1430/13619  loss=0.1051  lr=4.24e-06
epoch 3/3  step 1440/13619  loss=0.0712  lr=4.23e-06
epoch 3/3  step 1450/13619  loss=0.0956  lr=4.22e-06
epoch 3/3  step 1460/13619  loss=0.0952  lr=4.21e-06
epoch 3/3  step 1470/13619  loss=0.0970  lr=4.21e-06
epoch 3/3  step 1480/13619  loss=0.0784  lr=4.20e-06
epoch 3/3  step 1490/13619  loss=0.0694  lr=4.19e-06
epoch 3/3  step 1500/13619  loss=0.1057  lr=4.19e-06
epoch 3/3  step 1510/13619  loss=0.0565  lr=4.18e-06
epoch 3/3  step 1520/13619  loss=0.0720  lr=4.17e-06
epoch 3/3  step 1530/13619  loss=0.0774  lr=4.17e-06
epoch 3/3  step 1540/13619  loss=0.1069  lr=4.16e-06
epoch 3/3  step 1550/13619  loss=0.0999  lr=4.16e-06
epoch 3/3  step 1560/13619  loss=0.1273  lr=4.15e-06
epoch 3/3  step 1570/13619  loss=0.1121  lr=4.14e-06
epoch 3/3  step 1580/13619  loss=0.0299  lr=4.14e-06
epoch 3/3  step 1590/13619  loss=0.1035  lr=4.13e-06
epoch 3/3  step 1600/13619  loss=0.0713  lr=4.12e-06
epoch 3/3  step 1610/13619  loss=0.0804  lr=4.12e-06
epoch 3/3  step 1620/13619  loss=0.0642  lr=4.11e-06
epoch 3/3  step 1630/13619  loss=0.0688  lr=4.11e-06
epoch 3/3  step 1640/13619  loss=0.0466  lr=4.10e-06
epoch 3/3  step 1650/13619  loss=0.1036  lr=4.09e-06
epoch 3/3  step 1660/13619  loss=0.0883  lr=4.09e-06
epoch 3/3  step 1670/13619  loss=0.0993  lr=4.08e-06
epoch 3/3  step 1680/13619  loss=0.1093  lr=4.07e-06
epoch 3/3  step 1690/13619  loss=0.0548  lr=4.07e-06
epoch 3/3  step 1700/13619  loss=0.0538  lr=4.06e-06
epoch 3/3  step 1710/13619  loss=0.1145  lr=4.06e-06
epoch 3/3  step 1720/13619  loss=0.0870  lr=4.05e-06
epoch 3/3  step 1730/13619  loss=0.1509  lr=4.04e-06
epoch 3/3  step 1740/13619  loss=0.0812  lr=4.04e-06
epoch 3/3  step 1750/13619  loss=0.0806  lr=4.03e-06
epoch 3/3  step 1760/13619  loss=0.1197  lr=4.02e-06
epoch 3/3  step 1770/13619  loss=0.1210  lr=4.02e-06
epoch 3/3  step 1780/13619  loss=0.1368  lr=4.01e-06
epoch 3/3  step 1790/13619  loss=0.1007  lr=4.01e-06
epoch 3/3  step 1800/13619  loss=0.0708  lr=4.00e-06
epoch 3/3  step 1810/13619  loss=0.1069  lr=3.99e-06
epoch 3/3  step 1820/13619  loss=0.0775  lr=3.99e-06
epoch 3/3  step 1830/13619  loss=0.0581  lr=3.98e-06
epoch 3/3  step 1840/13619  loss=0.1090  lr=3.97e-06
epoch 3/3  step 1850/13619  loss=0.0690  lr=3.97e-06
epoch 3/3  step 1860/13619  loss=0.1018  lr=3.96e-06
epoch 3/3  step 1870/13619  loss=0.0804  lr=3.96e-06
epoch 3/3  step 1880/13619  loss=0.0974  lr=3.95e-06
epoch 3/3  step 1890/13619  loss=0.1269  lr=3.94e-06
epoch 3/3  step 1900/13619  loss=0.0501  lr=3.94e-06
epoch 3/3  step 1910/13619  loss=0.0642  lr=3.93e-06
epoch 3/3  step 1920/13619  loss=0.0533  lr=3.92e-06
epoch 3/3  step 1930/13619  loss=0.0507  lr=3.92e-06
epoch 3/3  step 1940/13619  loss=0.1085  lr=3.91e-06
epoch 3/3  step 1950/13619  loss=0.0932  lr=3.91e-06
epoch 3/3  step 1960/13619  loss=0.0942  lr=3.90e-06
epoch 3/3  step 1970/13619  loss=0.1152  lr=3.89e-06
epoch 3/3  step 1980/13619  loss=0.1302  lr=3.89e-06
epoch 3/3  step 1990/13619  loss=0.0727  lr=3.88e-06
epoch 3/3  step 2000/13619  loss=0.1020  lr=3.87e-06
epoch 3/3  step 2010/13619  loss=0.1091  lr=3.87e-06
epoch 3/3  step 2020/13619  loss=0.1416  lr=3.86e-06
epoch 3/3  step 2030/13619  loss=0.1103  lr=3.86e-06
epoch 3/3  step 2040/13619  loss=0.0924  lr=3.85e-06
epoch 3/3  step 2050/13619  loss=0.0575  lr=3.84e-06
epoch 3/3  step 2060/13619  loss=0.0937  lr=3.84e-06
epoch 3/3  step 2070/13619  loss=0.1017  lr=3.83e-06
epoch 3/3  step 2080/13619  loss=0.0783  lr=3.82e-06
epoch 3/3  step 2090/13619  loss=0.0749  lr=3.82e-06
epoch 3/3  step 2100/13619  loss=0.0959  lr=3.81e-06
epoch 3/3  step 2110/13619  loss=0.0546  lr=3.81e-06
epoch 3/3  step 2120/13619  loss=0.0742  lr=3.80e-06
epoch 3/3  step 2130/13619  loss=0.0554  lr=3.79e-06
epoch 3/3  step 2140/13619  loss=0.0919  lr=3.79e-06
epoch 3/3  step 2150/13619  loss=0.0874  lr=3.78e-06
epoch 3/3  step 2160/13619  loss=0.1150  lr=3.77e-06
epoch 3/3  step 2170/13619  loss=0.0882  lr=3.77e-06
epoch 3/3  step 2180/13619  loss=0.0849  lr=3.76e-06
epoch 3/3  step 2190/13619  loss=0.0804  lr=3.76e-06
epoch 3/3  step 2200/13619  loss=0.0760  lr=3.75e-06
epoch 3/3  step 2210/13619  loss=0.0661  lr=3.74e-06
epoch 3/3  step 2220/13619  loss=0.0442  lr=3.74e-06
epoch 3/3  step 2230/13619  loss=0.0676  lr=3.73e-06
epoch 3/3  step 2240/13619  loss=0.0692  lr=3.72e-06
epoch 3/3  step 2250/13619  loss=0.0770  lr=3.72e-06
epoch 3/3  step 2260/13619  loss=0.0672  lr=3.71e-06
epoch 3/3  step 2270/13619  loss=0.1007  lr=3.71e-06
epoch 3/3  step 2280/13619  loss=0.0425  lr=3.70e-06
epoch 3/3  step 2290/13619  loss=0.0920  lr=3.70e-06
epoch 3/3  step 2300/13619  loss=0.1057  lr=3.69e-06
epoch 3/3  step 2310/13619  loss=0.0560  lr=3.69e-06
epoch 3/3  step 2320/13619  loss=0.0603  lr=3.68e-06
epoch 3/3  step 2330/13619  loss=0.0812  lr=3.67e-06
epoch 3/3  step 2340/13619  loss=0.0917  lr=3.67e-06
epoch 3/3  step 2350/13619  loss=0.0946  lr=3.66e-06
epoch 3/3  step 2360/13619  loss=0.0932  lr=3.65e-06
epoch 3/3  step 2370/13619  loss=0.0970  lr=3.65e-06
epoch 3/3  step 2380/13619  loss=0.1011  lr=3.64e-06
epoch 3/3  step 2390/13619  loss=0.0866  lr=3.64e-06
epoch 3/3  step 2400/13619  loss=0.0809  lr=3.63e-06
epoch 3/3  step 2410/13619  loss=0.1253  lr=3.62e-06
epoch 3/3  step 2420/13619  loss=0.0564  lr=3.62e-06
epoch 3/3  step 2430/13619  loss=0.0741  lr=3.61e-06
epoch 3/3  step 2440/13619  loss=0.1217  lr=3.60e-06
epoch 3/3  step 2450/13619  loss=0.0825  lr=3.60e-06
epoch 3/3  step 2460/13619  loss=0.0814  lr=3.59e-06
epoch 3/3  step 2470/13619  loss=0.0813  lr=3.59e-06
epoch 3/3  step 2480/13619  loss=0.0631  lr=3.58e-06
epoch 3/3  step 2490/13619  loss=0.0609  lr=3.57e-06
epoch 3/3  step 2500/13619  loss=0.0753  lr=3.57e-06
epoch 3/3  step 2510/13619  loss=0.1054  lr=3.56e-06
epoch 3/3  step 2520/13619  loss=0.0854  lr=3.56e-06
epoch 3/3  step 2530/13619  loss=0.0630  lr=3.55e-06
epoch 3/3  step 2540/13619  loss=0.1077  lr=3.55e-06
epoch 3/3  step 2550/13619  loss=0.1039  lr=3.54e-06
epoch 3/3  step 2560/13619  loss=0.0626  lr=3.53e-06
epoch 3/3  step 2570/13619  loss=0.0781  lr=3.53e-06
epoch 3/3  step 2580/13619  loss=0.0556  lr=3.52e-06
epoch 3/3  step 2590/13619  loss=0.1087  lr=3.52e-06
epoch 3/3  step 2600/13619  loss=0.1151  lr=3.51e-06
epoch 3/3  step 2610/13619  loss=0.1100  lr=3.50e-06
epoch 3/3  step 2620/13619  loss=0.0922  lr=3.50e-06
epoch 3/3  step 2630/13619  loss=0.0786  lr=3.49e-06
epoch 3/3  step 2640/13619  loss=0.1674  lr=3.48e-06
epoch 3/3  step 2650/13619  loss=0.1353  lr=3.48e-06
epoch 3/3  step 2660/13619  loss=0.0905  lr=3.47e-06
epoch 3/3  step 2670/13619  loss=0.0654  lr=3.47e-06
epoch 3/3  step 2680/13619  loss=0.0543  lr=3.46e-06
epoch 3/3  step 2690/13619  loss=0.0955  lr=3.45e-06
epoch 3/3  step 2700/13619  loss=0.0690  lr=3.45e-06
epoch 3/3  step 2710/13619  loss=0.1385  lr=3.45e-06
epoch 3/3  step 2720/13619  loss=0.1055  lr=3.44e-06
epoch 3/3  step 2730/13619  loss=0.1172  lr=3.43e-06
epoch 3/3  step 2740/13619  loss=0.0587  lr=3.43e-06
epoch 3/3  step 2750/13619  loss=0.0704  lr=3.42e-06
epoch 3/3  step 2760/13619  loss=0.0914  lr=3.41e-06
epoch 3/3  step 2770/13619  loss=0.1245  lr=3.41e-06
epoch 3/3  step 2780/13619  loss=0.0657  lr=3.40e-06
epoch 3/3  step 2790/13619  loss=0.1208  lr=3.40e-06
epoch 3/3  step 2800/13619  loss=0.0602  lr=3.39e-06
epoch 3/3  step 2810/13619  loss=0.1356  lr=3.38e-06
epoch 3/3  step 2820/13619  loss=0.1019  lr=3.38e-06
epoch 3/3  step 2830/13619  loss=0.0488  lr=3.37e-06
epoch 3/3  step 2840/13619  loss=0.0442  lr=3.37e-06
epoch 3/3  step 2850/13619  loss=0.0778  lr=3.36e-06
epoch 3/3  step 2860/13619  loss=0.1333  lr=3.36e-06
epoch 3/3  step 2870/13619  loss=0.0627  lr=3.35e-06
epoch 3/3  step 2880/13619  loss=0.1089  lr=3.34e-06
epoch 3/3  step 2890/13619  loss=0.0761  lr=3.34e-06
epoch 3/3  step 2900/13619  loss=0.0926  lr=3.33e-06
epoch 3/3  step 2910/13619  loss=0.0701  lr=3.33e-06
epoch 3/3  step 2920/13619  loss=0.0697  lr=3.32e-06
epoch 3/3  step 2930/13619  loss=0.1046  lr=3.31e-06
epoch 3/3  step 2940/13619  loss=0.0491  lr=3.31e-06
epoch 3/3  step 2950/13619  loss=0.0551  lr=3.30e-06
epoch 3/3  step 2960/13619  loss=0.0706  lr=3.30e-06
epoch 3/3  step 2970/13619  loss=0.1119  lr=3.29e-06
epoch 3/3  step 2980/13619  loss=0.1165  lr=3.29e-06
epoch 3/3  step 2990/13619  loss=0.0676  lr=3.28e-06
epoch 3/3  step 3000/13619  loss=0.0812  lr=3.27e-06
epoch 3/3  step 3010/13619  loss=0.1284  lr=3.27e-06
epoch 3/3  step 3020/13619  loss=0.0630  lr=3.26e-06
epoch 3/3  step 3030/13619  loss=0.0409  lr=3.26e-06
epoch 3/3  step 3040/13619  loss=0.0365  lr=3.25e-06
epoch 3/3  step 3050/13619  loss=0.0969  lr=3.24e-06
epoch 3/3  step 3060/13619  loss=0.0783  lr=3.24e-06
epoch 3/3  step 3070/13619  loss=0.0468  lr=3.23e-06
epoch 3/3  step 3080/13619  loss=0.1137  lr=3.23e-06
epoch 3/3  step 3090/13619  loss=0.0824  lr=3.22e-06
epoch 3/3  step 3100/13619  loss=0.1030  lr=3.22e-06
epoch 3/3  step 3110/13619  loss=0.0931  lr=3.21e-06
epoch 3/3  step 3120/13619  loss=0.0462  lr=3.20e-06
epoch 3/3  step 3130/13619  loss=0.0844  lr=3.20e-06
epoch 3/3  step 3140/13619  loss=0.0582  lr=3.19e-06
epoch 3/3  step 3150/13619  loss=0.1179  lr=3.19e-06
epoch 3/3  step 3160/13619  loss=0.0498  lr=3.18e-06
epoch 3/3  step 3170/13619  loss=0.0686  lr=3.17e-06
epoch 3/3  step 3180/13619  loss=0.0852  lr=3.17e-06
epoch 3/3  step 3190/13619  loss=0.1079  lr=3.17e-06
epoch 3/3  step 3200/13619  loss=0.0899  lr=3.16e-06
epoch 3/3  step 3210/13619  loss=0.0732  lr=3.15e-06
epoch 3/3  step 3220/13619  loss=0.0835  lr=3.15e-06
epoch 3/3  step 3230/13619  loss=0.0432  lr=3.14e-06
epoch 3/3  step 3240/13619  loss=0.0918  lr=3.13e-06
epoch 3/3  step 3250/13619  loss=0.0691  lr=3.13e-06
epoch 3/3  step 3260/13619  loss=0.1413  lr=3.12e-06
epoch 3/3  step 3270/13619  loss=0.0911  lr=3.12e-06
epoch 3/3  step 3280/13619  loss=0.0735  lr=3.11e-06
epoch 3/3  step 3290/13619  loss=0.0374  lr=3.11e-06
epoch 3/3  step 3300/13619  loss=0.0763  lr=3.10e-06
epoch 3/3  step 3310/13619  loss=0.0882  lr=3.10e-06
epoch 3/3  step 3320/13619  loss=0.0927  lr=3.09e-06
epoch 3/3  step 3330/13619  loss=0.0765  lr=3.08e-06
epoch 3/3  step 3340/13619  loss=0.0855  lr=3.08e-06
epoch 3/3  step 3350/13619  loss=0.1212  lr=3.07e-06
epoch 3/3  step 3360/13619  loss=0.0514  lr=3.07e-06
epoch 3/3  step 3370/13619  loss=0.0846  lr=3.06e-06
epoch 3/3  step 3380/13619  loss=0.0763  lr=3.06e-06
epoch 3/3  step 3390/13619  loss=0.0820  lr=3.05e-06
epoch 3/3  step 3400/13619  loss=0.0869  lr=3.04e-06
epoch 3/3  step 3410/13619  loss=0.0605  lr=3.04e-06
epoch 3/3  step 3420/13619  loss=0.1203  lr=3.03e-06
epoch 3/3  step 3430/13619  loss=0.0906  lr=3.03e-06
epoch 3/3  step 3440/13619  loss=0.0703  lr=3.02e-06
epoch 3/3  step 3450/13619  loss=0.0719  lr=3.02e-06
epoch 3/3  step 3460/13619  loss=0.0928  lr=3.01e-06
epoch 3/3  step 3470/13619  loss=0.0898  lr=3.01e-06
epoch 3/3  step 3480/13619  loss=0.0697  lr=3.00e-06
epoch 3/3  step 3490/13619  loss=0.0663  lr=2.99e-06
epoch 3/3  step 3500/13619  loss=0.0664  lr=2.99e-06
epoch 3/3  step 3510/13619  loss=0.0681  lr=2.98e-06
epoch 3/3  step 3520/13619  loss=0.1115  lr=2.98e-06
epoch 3/3  step 3530/13619  loss=0.0931  lr=2.97e-06
epoch 3/3  step 3540/13619  loss=0.0782  lr=2.97e-06
epoch 3/3  step 3550/13619  loss=0.0631  lr=2.96e-06
epoch 3/3  step 3560/13619  loss=0.1018  lr=2.95e-06
epoch 3/3  step 3570/13619  loss=0.0588  lr=2.95e-06
epoch 3/3  step 3580/13619  loss=0.0448  lr=2.94e-06
epoch 3/3  step 3590/13619  loss=0.0329  lr=2.94e-06
epoch 3/3  step 3600/13619  loss=0.1101  lr=2.93e-06
epoch 3/3  step 3610/13619  loss=0.1192  lr=2.93e-06
epoch 3/3  step 3620/13619  loss=0.0669  lr=2.92e-06
epoch 3/3  step 3630/13619  loss=0.1177  lr=2.92e-06
epoch 3/3  step 3640/13619  loss=0.0735  lr=2.91e-06
epoch 3/3  step 3650/13619  loss=0.0789  lr=2.90e-06
epoch 3/3  step 3660/13619  loss=0.0613  lr=2.90e-06
epoch 3/3  step 3670/13619  loss=0.1002  lr=2.90e-06
epoch 3/3  step 3680/13619  loss=0.1140  lr=2.89e-06
epoch 3/3  step 3690/13619  loss=0.0933  lr=2.88e-06
epoch 3/3  step 3700/13619  loss=0.0779  lr=2.88e-06
epoch 3/3  step 3710/13619  loss=0.0732  lr=2.87e-06
epoch 3/3  step 3720/13619  loss=0.0849  lr=2.86e-06
epoch 3/3  step 3730/13619  loss=0.0859  lr=2.86e-06
epoch 3/3  step 3740/13619  loss=0.1333  lr=2.86e-06
epoch 3/3  step 3750/13619  loss=0.1103  lr=2.85e-06
epoch 3/3  step 3760/13619  loss=0.0757  lr=2.84e-06
epoch 3/3  step 3770/13619  loss=0.0955  lr=2.84e-06
epoch 3/3  step 3780/13619  loss=0.0703  lr=2.83e-06
epoch 3/3  step 3790/13619  loss=0.0932  lr=2.83e-06
epoch 3/3  step 3800/13619  loss=0.1272  lr=2.82e-06
epoch 3/3  step 3810/13619  loss=0.0873  lr=2.82e-06
epoch 3/3  step 3820/13619  loss=0.1668  lr=2.81e-06
epoch 3/3  step 3830/13619  loss=0.0684  lr=2.81e-06
epoch 3/3  step 3840/13619  loss=0.0741  lr=2.80e-06
epoch 3/3  step 3850/13619  loss=0.0829  lr=2.79e-06
epoch 3/3  step 3860/13619  loss=0.0878  lr=2.79e-06
epoch 3/3  step 3870/13619  loss=0.1184  lr=2.79e-06
epoch 3/3  step 3880/13619  loss=0.0834  lr=2.78e-06
epoch 3/3  step 3890/13619  loss=0.0581  lr=2.77e-06
epoch 3/3  step 3900/13619  loss=0.0887  lr=2.77e-06
epoch 3/3  step 3910/13619  loss=0.0839  lr=2.76e-06
epoch 3/3  step 3920/13619  loss=0.0762  lr=2.76e-06
epoch 3/3  step 3930/13619  loss=0.0697  lr=2.75e-06
epoch 3/3  step 3940/13619  loss=0.0636  lr=2.75e-06
epoch 3/3  step 3950/13619  loss=0.0882  lr=2.74e-06
epoch 3/3  step 3960/13619  loss=0.0839  lr=2.73e-06
epoch 3/3  step 3970/13619  loss=0.1367  lr=2.73e-06
epoch 3/3  step 3980/13619  loss=0.1162  lr=2.73e-06
epoch 3/3  step 3990/13619  loss=0.0912  lr=2.72e-06
epoch 3/3  step 4000/13619  loss=0.0646  lr=2.71e-06
epoch 3/3  step 4010/13619  loss=0.0378  lr=2.71e-06
epoch 3/3  step 4020/13619  loss=0.1151  lr=2.70e-06
epoch 3/3  step 4030/13619  loss=0.0979  lr=2.70e-06
epoch 3/3  step 4040/13619  loss=0.1228  lr=2.69e-06
epoch 3/3  step 4050/13619  loss=0.0694  lr=2.69e-06
epoch 3/3  step 4060/13619  loss=0.1012  lr=2.68e-06
epoch 3/3  step 4070/13619  loss=0.0619  lr=2.68e-06
epoch 3/3  step 4080/13619  loss=0.0694  lr=2.67e-06
epoch 3/3  step 4090/13619  loss=0.0581  lr=2.67e-06
epoch 3/3  step 4100/13619  loss=0.0811  lr=2.66e-06
epoch 3/3  step 4110/13619  loss=0.0914  lr=2.66e-06
epoch 3/3  step 4120/13619  loss=0.0687  lr=2.65e-06
epoch 3/3  step 4130/13619  loss=0.0804  lr=2.64e-06
epoch 3/3  step 4140/13619  loss=0.0945  lr=2.64e-06
epoch 3/3  step 4150/13619  loss=0.0799  lr=2.64e-06
epoch 3/3  step 4160/13619  loss=0.0683  lr=2.63e-06
epoch 3/3  step 4170/13619  loss=0.0893  lr=2.62e-06
epoch 3/3  step 4180/13619  loss=0.1108  lr=2.62e-06
epoch 3/3  step 4190/13619  loss=0.0546  lr=2.61e-06
epoch 3/3  step 4200/13619  loss=0.0856  lr=2.61e-06
epoch 3/3  step 4210/13619  loss=0.0685  lr=2.60e-06
epoch 3/3  step 4220/13619  loss=0.0960  lr=2.60e-06
epoch 3/3  step 4230/13619  loss=0.0657  lr=2.59e-06
epoch 3/3  step 4240/13619  loss=0.0623  lr=2.59e-06
epoch 3/3  step 4250/13619  loss=0.0734  lr=2.58e-06
epoch 3/3  step 4260/13619  loss=0.0770  lr=2.58e-06
epoch 3/3  step 4270/13619  loss=0.0640  lr=2.57e-06
epoch 3/3  step 4280/13619  loss=0.0504  lr=2.56e-06
epoch 3/3  step 4290/13619  loss=0.0848  lr=2.56e-06
epoch 3/3  step 4300/13619  loss=0.0746  lr=2.56e-06
epoch 3/3  step 4310/13619  loss=0.0687  lr=2.55e-06
epoch 3/3  step 4320/13619  loss=0.0845  lr=2.54e-06
epoch 3/3  step 4330/13619  loss=0.0584  lr=2.54e-06
epoch 3/3  step 4340/13619  loss=0.0703  lr=2.53e-06
epoch 3/3  step 4350/13619  loss=0.1067  lr=2.53e-06
epoch 3/3  step 4360/13619  loss=0.1393  lr=2.52e-06
epoch 3/3  step 4370/13619  loss=0.0871  lr=2.52e-06
epoch 3/3  step 4380/13619  loss=0.0561  lr=2.51e-06
epoch 3/3  step 4390/13619  loss=0.1194  lr=2.51e-06
epoch 3/3  step 4400/13619  loss=0.0979  lr=2.50e-06
epoch 3/3  step 4410/13619  loss=0.0984  lr=2.50e-06
epoch 3/3  step 4420/13619  loss=0.0913  lr=2.49e-06
epoch 3/3  step 4430/13619  loss=0.0895  lr=2.49e-06
epoch 3/3  step 4440/13619  loss=0.0610  lr=2.48e-06
epoch 3/3  step 4450/13619  loss=0.1080  lr=2.48e-06
epoch 3/3  step 4460/13619  loss=0.0742  lr=2.47e-06
epoch 3/3  step 4470/13619  loss=0.0693  lr=2.47e-06
epoch 3/3  step 4480/13619  loss=0.0730  lr=2.46e-06
epoch 3/3  step 4490/13619  loss=0.0470  lr=2.46e-06
epoch 3/3  step 4500/13619  loss=0.0636  lr=2.45e-06
epoch 3/3  step 4510/13619  loss=0.0871  lr=2.45e-06
epoch 3/3  step 4520/13619  loss=0.0774  lr=2.44e-06
epoch 3/3  step 4530/13619  loss=0.0747  lr=2.44e-06
epoch 3/3  step 4540/13619  loss=0.1081  lr=2.43e-06
epoch 3/3  step 4550/13619  loss=0.0901  lr=2.43e-06
epoch 3/3  step 4560/13619  loss=0.0824  lr=2.42e-06
epoch 3/3  step 4570/13619  loss=0.1126  lr=2.41e-06
epoch 3/3  step 4580/13619  loss=0.0875  lr=2.41e-06
epoch 3/3  step 4590/13619  loss=0.0933  lr=2.41e-06
epoch 3/3  step 4600/13619  loss=0.1084  lr=2.40e-06
epoch 3/3  step 4610/13619  loss=0.0857  lr=2.39e-06
epoch 3/3  step 4620/13619  loss=0.1247  lr=2.39e-06
epoch 3/3  step 4630/13619  loss=0.0737  lr=2.39e-06
epoch 3/3  step 4640/13619  loss=0.1086  lr=2.38e-06
epoch 3/3  step 4650/13619  loss=0.0743  lr=2.37e-06
epoch 3/3  step 4660/13619  loss=0.0613  lr=2.37e-06
epoch 3/3  step 4670/13619  loss=0.0583  lr=2.37e-06
epoch 3/3  step 4680/13619  loss=0.1219  lr=2.36e-06
epoch 3/3  step 4690/13619  loss=0.0968  lr=2.35e-06
epoch 3/3  step 4700/13619  loss=0.0959  lr=2.35e-06
epoch 3/3  step 4710/13619  loss=0.0789  lr=2.35e-06
epoch 3/3  step 4720/13619  loss=0.0760  lr=2.34e-06
epoch 3/3  step 4730/13619  loss=0.0734  lr=2.33e-06
epoch 3/3  step 4740/13619  loss=0.0595  lr=2.33e-06
epoch 3/3  step 4750/13619  loss=0.0937  lr=2.33e-06
epoch 3/3  step 4760/13619  loss=0.1121  lr=2.32e-06
epoch 3/3  step 4770/13619  loss=0.1148  lr=2.31e-06
epoch 3/3  step 4780/13619  loss=0.1141  lr=2.31e-06
epoch 3/3  step 4790/13619  loss=0.0758  lr=2.31e-06
epoch 3/3  step 4800/13619  loss=0.0959  lr=2.30e-06
epoch 3/3  step 4810/13619  loss=0.0579  lr=2.29e-06
epoch 3/3  step 4820/13619  loss=0.1187  lr=2.29e-06
epoch 3/3  step 4830/13619  loss=0.0907  lr=2.29e-06
epoch 3/3  step 4840/13619  loss=0.1191  lr=2.28e-06
epoch 3/3  step 4850/13619  loss=0.1030  lr=2.27e-06
epoch 3/3  step 4860/13619  loss=0.0667  lr=2.27e-06
epoch 3/3  step 4870/13619  loss=0.1400  lr=2.27e-06
epoch 3/3  step 4880/13619  loss=0.0623  lr=2.26e-06
epoch 3/3  step 4890/13619  loss=0.0619  lr=2.25e-06
epoch 3/3  step 4900/13619  loss=0.0635  lr=2.25e-06
epoch 3/3  step 4910/13619  loss=0.0548  lr=2.25e-06
epoch 3/3  step 4920/13619  loss=0.0790  lr=2.24e-06
epoch 3/3  step 4930/13619  loss=0.0872  lr=2.23e-06
epoch 3/3  step 4940/13619  loss=0.0986  lr=2.23e-06
epoch 3/3  step 4950/13619  loss=0.0983  lr=2.23e-06
epoch 3/3  step 4960/13619  loss=0.0856  lr=2.22e-06
epoch 3/3  step 4970/13619  loss=0.1169  lr=2.21e-06
epoch 3/3  step 4980/13619  loss=0.0644  lr=2.21e-06
epoch 3/3  step 4990/13619  loss=0.0732  lr=2.21e-06
epoch 3/3  step 5000/13619  loss=0.0841  lr=2.20e-06
epoch 3/3  step 5010/13619  loss=0.0788  lr=2.19e-06
epoch 3/3  step 5020/13619  loss=0.0645  lr=2.19e-06
epoch 3/3  step 5030/13619  loss=0.0917  lr=2.19e-06
epoch 3/3  step 5040/13619  loss=0.1199  lr=2.18e-06
epoch 3/3  step 5050/13619  loss=0.0796  lr=2.17e-06
epoch 3/3  step 5060/13619  loss=0.0716  lr=2.17e-06
epoch 3/3  step 5070/13619  loss=0.0896  lr=2.17e-06
epoch 3/3  step 5080/13619  loss=0.1828  lr=2.16e-06
epoch 3/3  step 5090/13619  loss=0.0706  lr=2.16e-06
epoch 3/3  step 5100/13619  loss=0.1031  lr=2.15e-06
epoch 3/3  step 5110/13619  loss=0.0650  lr=2.15e-06
epoch 3/3  step 5120/13619  loss=0.1025  lr=2.14e-06
epoch 3/3  step 5130/13619  loss=0.0658  lr=2.14e-06
epoch 3/3  step 5140/13619  loss=0.1149  lr=2.13e-06
epoch 3/3  step 5150/13619  loss=0.0652  lr=2.13e-06
epoch 3/3  step 5160/13619  loss=0.1200  lr=2.12e-06
epoch 3/3  step 5170/13619  loss=0.0813  lr=2.12e-06
epoch 3/3  step 5180/13619  loss=0.0949  lr=2.11e-06
epoch 3/3  step 5190/13619  loss=0.0640  lr=2.11e-06
epoch 3/3  step 5200/13619  loss=0.1056  lr=2.10e-06
epoch 3/3  step 5210/13619  loss=0.0714  lr=2.10e-06
epoch 3/3  step 5220/13619  loss=0.0820  lr=2.09e-06
epoch 3/3  step 5230/13619  loss=0.1258  lr=2.09e-06
epoch 3/3  step 5240/13619  loss=0.0619  lr=2.08e-06
epoch 3/3  step 5250/13619  loss=0.0802  lr=2.08e-06
epoch 3/3  step 5260/13619  loss=0.0311  lr=2.07e-06
epoch 3/3  step 5270/13619  loss=0.0493  lr=2.07e-06
epoch 3/3  step 5280/13619  loss=0.0752  lr=2.06e-06
epoch 3/3  step 5290/13619  loss=0.0459  lr=2.06e-06
epoch 3/3  step 5300/13619  loss=0.0621  lr=2.06e-06
epoch 3/3  step 5310/13619  loss=0.0720  lr=2.05e-06
epoch 3/3  step 5320/13619  loss=0.0792  lr=2.04e-06
epoch 3/3  step 5330/13619  loss=0.1021  lr=2.04e-06
epoch 3/3  step 5340/13619  loss=0.0856  lr=2.04e-06
epoch 3/3  step 5350/13619  loss=0.1112  lr=2.03e-06
epoch 3/3  step 5360/13619  loss=0.0687  lr=2.02e-06
epoch 3/3  step 5370/13619  loss=0.0887  lr=2.02e-06
epoch 3/3  step 5380/13619  loss=0.0728  lr=2.02e-06
epoch 3/3  step 5390/13619  loss=0.0990  lr=2.01e-06
epoch 3/3  step 5400/13619  loss=0.0819  lr=2.01e-06
epoch 3/3  step 5410/13619  loss=0.0830  lr=2.00e-06
epoch 3/3  step 5420/13619  loss=0.1222  lr=2.00e-06
epoch 3/3  step 5430/13619  loss=0.0356  lr=1.99e-06
epoch 3/3  step 5440/13619  loss=0.0689  lr=1.99e-06
epoch 3/3  step 5450/13619  loss=0.0830  lr=1.98e-06
epoch 3/3  step 5460/13619  loss=0.0994  lr=1.98e-06
epoch 3/3  step 5470/13619  loss=0.0667  lr=1.98e-06
epoch 3/3  step 5480/13619  loss=0.0920  lr=1.97e-06
epoch 3/3  step 5490/13619  loss=0.0643  lr=1.96e-06
epoch 3/3  step 5500/13619  loss=0.1214  lr=1.96e-06
epoch 3/3  step 5510/13619  loss=0.0681  lr=1.96e-06
epoch 3/3  step 5520/13619  loss=0.0855  lr=1.95e-06
epoch 3/3  step 5530/13619  loss=0.1046  lr=1.95e-06
epoch 3/3  step 5540/13619  loss=0.0981  lr=1.94e-06
epoch 3/3  step 5550/13619  loss=0.0864  lr=1.94e-06
epoch 3/3  step 5560/13619  loss=0.0814  lr=1.93e-06
epoch 3/3  step 5570/13619  loss=0.1353  lr=1.93e-06
epoch 3/3  step 5580/13619  loss=0.0729  lr=1.92e-06
epoch 3/3  step 5590/13619  loss=0.0793  lr=1.92e-06
epoch 3/3  step 5600/13619  loss=0.0971  lr=1.91e-06
epoch 3/3  step 5610/13619  loss=0.0552  lr=1.91e-06
epoch 3/3  step 5620/13619  loss=0.0990  lr=1.91e-06
epoch 3/3  step 5630/13619  loss=0.0590  lr=1.90e-06
epoch 3/3  step 5640/13619  loss=0.1709  lr=1.89e-06
epoch 3/3  step 5650/13619  loss=0.1123  lr=1.89e-06
epoch 3/3  step 5660/13619  loss=0.1177  lr=1.89e-06
epoch 3/3  step 5670/13619  loss=0.0626  lr=1.88e-06
epoch 3/3  step 5680/13619  loss=0.0943  lr=1.88e-06
epoch 3/3  step 5690/13619  loss=0.0814  lr=1.87e-06
epoch 3/3  step 5700/13619  loss=0.0214  lr=1.87e-06
epoch 3/3  step 5710/13619  loss=0.0892  lr=1.87e-06
epoch 3/3  step 5720/13619  loss=0.1285  lr=1.86e-06
epoch 3/3  step 5730/13619  loss=0.1026  lr=1.85e-06
epoch 3/3  step 5740/13619  loss=0.0666  lr=1.85e-06
epoch 3/3  step 5750/13619  loss=0.0671  lr=1.85e-06
epoch 3/3  step 5760/13619  loss=0.0689  lr=1.84e-06
epoch 3/3  step 5770/13619  loss=0.1030  lr=1.84e-06
epoch 3/3  step 5780/13619  loss=0.0954  lr=1.83e-06
epoch 3/3  step 5790/13619  loss=0.0773  lr=1.83e-06
epoch 3/3  step 5800/13619  loss=0.0888  lr=1.82e-06
epoch 3/3  step 5810/13619  loss=0.1380  lr=1.82e-06
epoch 3/3  step 5820/13619  loss=0.0511  lr=1.81e-06
epoch 3/3  step 5830/13619  loss=0.0371  lr=1.81e-06
epoch 3/3  step 5840/13619  loss=0.0843  lr=1.80e-06
epoch 3/3  step 5850/13619  loss=0.0941  lr=1.80e-06
epoch 3/3  step 5860/13619  loss=0.1243  lr=1.80e-06
epoch 3/3  step 5870/13619  loss=0.0991  lr=1.79e-06
epoch 3/3  step 5880/13619  loss=0.0868  lr=1.79e-06
epoch 3/3  step 5890/13619  loss=0.0334  lr=1.78e-06
epoch 3/3  step 5900/13619  loss=0.1055  lr=1.78e-06
epoch 3/3  step 5910/13619  loss=0.0736  lr=1.77e-06
epoch 3/3  step 5920/13619  loss=0.0594  lr=1.77e-06
epoch 3/3  step 5930/13619  loss=0.0954  lr=1.76e-06
epoch 3/3  step 5940/13619  loss=0.1088  lr=1.76e-06
epoch 3/3  step 5950/13619  loss=0.0704  lr=1.76e-06
epoch 3/3  step 5960/13619  loss=0.0989  lr=1.75e-06
epoch 3/3  step 5970/13619  loss=0.0852  lr=1.75e-06
epoch 3/3  step 5980/13619  loss=0.0811  lr=1.74e-06
epoch 3/3  step 5990/13619  loss=0.0667  lr=1.74e-06
epoch 3/3  step 6000/13619  loss=0.0947  lr=1.73e-06
epoch 3/3  step 6010/13619  loss=0.1015  lr=1.73e-06
epoch 3/3  step 6020/13619  loss=0.0706  lr=1.73e-06
epoch 3/3  step 6030/13619  loss=0.0644  lr=1.72e-06
epoch 3/3  step 6040/13619  loss=0.0860  lr=1.71e-06
epoch 3/3  step 6050/13619  loss=0.0866  lr=1.71e-06
epoch 3/3  step 6060/13619  loss=0.0346  lr=1.71e-06
epoch 3/3  step 6070/13619  loss=0.0943  lr=1.70e-06
epoch 3/3  step 6080/13619  loss=0.0978  lr=1.70e-06
epoch 3/3  step 6090/13619  loss=0.1135  lr=1.69e-06
epoch 3/3  step 6100/13619  loss=0.1002  lr=1.69e-06
epoch 3/3  step 6110/13619  loss=0.0826  lr=1.69e-06
epoch 3/3  step 6120/13619  loss=0.1171  lr=1.68e-06
epoch 3/3  step 6130/13619  loss=0.1123  lr=1.68e-06
epoch 3/3  step 6140/13619  loss=0.1040  lr=1.67e-06
epoch 3/3  step 6150/13619  loss=0.0598  lr=1.67e-06
epoch 3/3  step 6160/13619  loss=0.1121  lr=1.66e-06
epoch 3/3  step 6170/13619  loss=0.0605  lr=1.66e-06
epoch 3/3  step 6180/13619  loss=0.0500  lr=1.66e-06
epoch 3/3  step 6190/13619  loss=0.0649  lr=1.65e-06
epoch 3/3  step 6200/13619  loss=0.1051  lr=1.64e-06
epoch 3/3  step 6210/13619  loss=0.0745  lr=1.64e-06
epoch 3/3  step 6220/13619  loss=0.0880  lr=1.64e-06
epoch 3/3  step 6230/13619  loss=0.0587  lr=1.63e-06
epoch 3/3  step 6240/13619  loss=0.0975  lr=1.63e-06
epoch 3/3  step 6250/13619  loss=0.1070  lr=1.62e-06
epoch 3/3  step 6260/13619  loss=0.0907  lr=1.62e-06
epoch 3/3  step 6270/13619  loss=0.1132  lr=1.62e-06
epoch 3/3  step 6280/13619  loss=0.0821  lr=1.61e-06
epoch 3/3  step 6290/13619  loss=0.0711  lr=1.61e-06
epoch 3/3  step 6300/13619  loss=0.1284  lr=1.60e-06
epoch 3/3  step 6310/13619  loss=0.0475  lr=1.60e-06
epoch 3/3  step 6320/13619  loss=0.0656  lr=1.59e-06
epoch 3/3  step 6330/13619  loss=0.0475  lr=1.59e-06
epoch 3/3  step 6340/13619  loss=0.0852  lr=1.59e-06
epoch 3/3  step 6350/13619  loss=0.1055  lr=1.58e-06
epoch 3/3  step 6360/13619  loss=0.0951  lr=1.58e-06
epoch 3/3  step 6370/13619  loss=0.0747  lr=1.57e-06
epoch 3/3  step 6380/13619  loss=0.1283  lr=1.57e-06
epoch 3/3  step 6390/13619  loss=0.1808  lr=1.57e-06
epoch 3/3  step 6400/13619  loss=0.1000  lr=1.56e-06
epoch 3/3  step 6410/13619  loss=0.0966  lr=1.56e-06
epoch 3/3  step 6420/13619  loss=0.1171  lr=1.55e-06
epoch 3/3  step 6430/13619  loss=0.0796  lr=1.55e-06
epoch 3/3  step 6440/13619  loss=0.0516  lr=1.54e-06
epoch 3/3  step 6450/13619  loss=0.0922  lr=1.54e-06
epoch 3/3  step 6460/13619  loss=0.0820  lr=1.54e-06
epoch 3/3  step 6470/13619  loss=0.0826  lr=1.53e-06
epoch 3/3  step 6480/13619  loss=0.0696  lr=1.53e-06
epoch 3/3  step 6490/13619  loss=0.0870  lr=1.52e-06
epoch 3/3  step 6500/13619  loss=0.0988  lr=1.52e-06
epoch 3/3  step 6510/13619  loss=0.0923  lr=1.52e-06
epoch 3/3  step 6520/13619  loss=0.0709  lr=1.51e-06
epoch 3/3  step 6530/13619  loss=0.0907  lr=1.51e-06
epoch 3/3  step 6540/13619  loss=0.0397  lr=1.50e-06
epoch 3/3  step 6550/13619  loss=0.0766  lr=1.50e-06
epoch 3/3  step 6560/13619  loss=0.0737  lr=1.49e-06
epoch 3/3  step 6570/13619  loss=0.1014  lr=1.49e-06
epoch 3/3  step 6580/13619  loss=0.0383  lr=1.49e-06
epoch 3/3  step 6590/13619  loss=0.1418  lr=1.48e-06
epoch 3/3  step 6600/13619  loss=0.0816  lr=1.48e-06
epoch 3/3  step 6610/13619  loss=0.0990  lr=1.47e-06
epoch 3/3  step 6620/13619  loss=0.0920  lr=1.47e-06
epoch 3/3  step 6630/13619  loss=0.0779  lr=1.47e-06
epoch 3/3  step 6640/13619  loss=0.1009  lr=1.46e-06
epoch 3/3  step 6650/13619  loss=0.0912  lr=1.46e-06
epoch 3/3  step 6660/13619  loss=0.1039  lr=1.45e-06
epoch 3/3  step 6670/13619  loss=0.0903  lr=1.45e-06
epoch 3/3  step 6680/13619  loss=0.0569  lr=1.44e-06
epoch 3/3  step 6690/13619  loss=0.0646  lr=1.44e-06
epoch 3/3  step 6700/13619  loss=0.0961  lr=1.44e-06
epoch 3/3  step 6710/13619  loss=0.0745  lr=1.43e-06
epoch 3/3  step 6720/13619  loss=0.0594  lr=1.43e-06
epoch 3/3  step 6730/13619  loss=0.0624  lr=1.42e-06
epoch 3/3  step 6740/13619  loss=0.0611  lr=1.42e-06
epoch 3/3  step 6750/13619  loss=0.0901  lr=1.42e-06
epoch 3/3  step 6760/13619  loss=0.0639  lr=1.41e-06
epoch 3/3  step 6770/13619  loss=0.0658  lr=1.41e-06
epoch 3/3  step 6780/13619  loss=0.0948  lr=1.41e-06
epoch 3/3  step 6790/13619  loss=0.0805  lr=1.40e-06
epoch 3/3  step 6800/13619  loss=0.0615  lr=1.40e-06
epoch 3/3  step 6810/13619  loss=0.0929  lr=1.39e-06
epoch 3/3  step 6820/13619  loss=0.0641  lr=1.39e-06
epoch 3/3  step 6830/13619  loss=0.1093  lr=1.39e-06
epoch 3/3  step 6840/13619  loss=0.0732  lr=1.38e-06
epoch 3/3  step 6850/13619  loss=0.0953  lr=1.38e-06
epoch 3/3  step 6860/13619  loss=0.1135  lr=1.37e-06
epoch 3/3  step 6870/13619  loss=0.0681  lr=1.37e-06
epoch 3/3  step 6880/13619  loss=0.0841  lr=1.36e-06
epoch 3/3  step 6890/13619  loss=0.1209  lr=1.36e-06
epoch 3/3  step 6900/13619  loss=0.1260  lr=1.36e-06
epoch 3/3  step 6910/13619  loss=0.0697  lr=1.35e-06
epoch 3/3  step 6920/13619  loss=0.0816  lr=1.35e-06
epoch 3/3  step 6930/13619  loss=0.1123  lr=1.34e-06
epoch 3/3  step 6940/13619  loss=0.0875  lr=1.34e-06
epoch 3/3  step 6950/13619  loss=0.0588  lr=1.34e-06
epoch 3/3  step 6960/13619  loss=0.0936  lr=1.33e-06
epoch 3/3  step 6970/13619  loss=0.0709  lr=1.33e-06
epoch 3/3  step 6980/13619  loss=0.0783  lr=1.33e-06
epoch 3/3  step 6990/13619  loss=0.0789  lr=1.32e-06
epoch 3/3  step 7000/13619  loss=0.1000  lr=1.32e-06
epoch 3/3  step 7010/13619  loss=0.0580  lr=1.31e-06
epoch 3/3  step 7020/13619  loss=0.0728  lr=1.31e-06
epoch 3/3  step 7030/13619  loss=0.0716  lr=1.31e-06
epoch 3/3  step 7040/13619  loss=0.0880  lr=1.30e-06
epoch 3/3  step 7050/13619  loss=0.0554  lr=1.30e-06
epoch 3/3  step 7060/13619  loss=0.1037  lr=1.30e-06
epoch 3/3  step 7070/13619  loss=0.0932  lr=1.29e-06
epoch 3/3  step 7080/13619  loss=0.1092  lr=1.29e-06
epoch 3/3  step 7090/13619  loss=0.0414  lr=1.28e-06
epoch 3/3  step 7100/13619  loss=0.0702  lr=1.28e-06
epoch 3/3  step 7110/13619  loss=0.0849  lr=1.28e-06
epoch 3/3  step 7120/13619  loss=0.1027  lr=1.27e-06
epoch 3/3  step 7130/13619  loss=0.1135  lr=1.27e-06
epoch 3/3  step 7140/13619  loss=0.1155  lr=1.26e-06
epoch 3/3  step 7150/13619  loss=0.0824  lr=1.26e-06
epoch 3/3  step 7160/13619  loss=0.0465  lr=1.26e-06
epoch 3/3  step 7170/13619  loss=0.0643  lr=1.25e-06
epoch 3/3  step 7180/13619  loss=0.0628  lr=1.25e-06
epoch 3/3  step 7190/13619  loss=0.0385  lr=1.25e-06
epoch 3/3  step 7200/13619  loss=0.0686  lr=1.24e-06
epoch 3/3  step 7210/13619  loss=0.0993  lr=1.24e-06
epoch 3/3  step 7220/13619  loss=0.0727  lr=1.23e-06
epoch 3/3  step 7230/13619  loss=0.0579  lr=1.23e-06
epoch 3/3  step 7240/13619  loss=0.0754  lr=1.22e-06
epoch 3/3  step 7250/13619  loss=0.0702  lr=1.22e-06
epoch 3/3  step 7260/13619  loss=0.0357  lr=1.22e-06
epoch 3/3  step 7270/13619  loss=0.0623  lr=1.22e-06
epoch 3/3  step 7280/13619  loss=0.0615  lr=1.21e-06
epoch 3/3  step 7290/13619  loss=0.0717  lr=1.21e-06
epoch 3/3  step 7300/13619  loss=0.0959  lr=1.20e-06
epoch 3/3  step 7310/13619  loss=0.0634  lr=1.20e-06
epoch 3/3  step 7320/13619  loss=0.0985  lr=1.20e-06
epoch 3/3  step 7330/13619  loss=0.0696  lr=1.19e-06
epoch 3/3  step 7340/13619  loss=0.0995  lr=1.19e-06
epoch 3/3  step 7350/13619  loss=0.0694  lr=1.19e-06
epoch 3/3  step 7360/13619  loss=0.0533  lr=1.18e-06
epoch 3/3  step 7370/13619  loss=0.0439  lr=1.18e-06
epoch 3/3  step 7380/13619  loss=0.0735  lr=1.17e-06
epoch 3/3  step 7390/13619  loss=0.0993  lr=1.17e-06
epoch 3/3  step 7400/13619  loss=0.1109  lr=1.17e-06
epoch 3/3  step 7410/13619  loss=0.0806  lr=1.16e-06
epoch 3/3  step 7420/13619  loss=0.0601  lr=1.16e-06
epoch 3/3  step 7430/13619  loss=0.0790  lr=1.16e-06
epoch 3/3  step 7440/13619  loss=0.0732  lr=1.15e-06
epoch 3/3  step 7450/13619  loss=0.0687  lr=1.15e-06
epoch 3/3  step 7460/13619  loss=0.0988  lr=1.14e-06
epoch 3/3  step 7470/13619  loss=0.0952  lr=1.14e-06
epoch 3/3  step 7480/13619  loss=0.0680  lr=1.14e-06
epoch 3/3  step 7490/13619  loss=0.0858  lr=1.13e-06
epoch 3/3  step 7500/13619  loss=0.0685  lr=1.13e-06
epoch 3/3  step 7510/13619  loss=0.0703  lr=1.13e-06
epoch 3/3  step 7520/13619  loss=0.0759  lr=1.12e-06
epoch 3/3  step 7530/13619  loss=0.0840  lr=1.12e-06
epoch 3/3  step 7540/13619  loss=0.1021  lr=1.12e-06
epoch 3/3  step 7550/13619  loss=0.1468  lr=1.11e-06
epoch 3/3  step 7560/13619  loss=0.0982  lr=1.11e-06
epoch 3/3  step 7570/13619  loss=0.0247  lr=1.10e-06
epoch 3/3  step 7580/13619  loss=0.0642  lr=1.10e-06
epoch 3/3  step 7590/13619  loss=0.0614  lr=1.10e-06
epoch 3/3  step 7600/13619  loss=0.0861  lr=1.09e-06
epoch 3/3  step 7610/13619  loss=0.0710  lr=1.09e-06
epoch 3/3  step 7620/13619  loss=0.0829  lr=1.09e-06
epoch 3/3  step 7630/13619  loss=0.0857  lr=1.08e-06
epoch 3/3  step 7640/13619  loss=0.0774  lr=1.08e-06
epoch 3/3  step 7650/13619  loss=0.0709  lr=1.08e-06
epoch 3/3  step 7660/13619  loss=0.0896  lr=1.07e-06
epoch 3/3  step 7670/13619  loss=0.0898  lr=1.07e-06
epoch 3/3  step 7680/13619  loss=0.1388  lr=1.06e-06
epoch 3/3  step 7690/13619  loss=0.0686  lr=1.06e-06
epoch 3/3  step 7700/13619  loss=0.1322  lr=1.06e-06
epoch 3/3  step 7710/13619  loss=0.0719  lr=1.06e-06
epoch 3/3  step 7720/13619  loss=0.0602  lr=1.05e-06
epoch 3/3  step 7730/13619  loss=0.1281  lr=1.05e-06
epoch 3/3  step 7740/13619  loss=0.0756  lr=1.05e-06
epoch 3/3  step 7750/13619  loss=0.0882  lr=1.04e-06
epoch 3/3  step 7760/13619  loss=0.0734  lr=1.04e-06
epoch 3/3  step 7770/13619  loss=0.1054  lr=1.03e-06
epoch 3/3  step 7780/13619  loss=0.0925  lr=1.03e-06
epoch 3/3  step 7790/13619  loss=0.0685  lr=1.03e-06
epoch 3/3  step 7800/13619  loss=0.0657  lr=1.02e-06
epoch 3/3  step 7810/13619  loss=0.0744  lr=1.02e-06
epoch 3/3  step 7820/13619  loss=0.0665  lr=1.02e-06
epoch 3/3  step 7830/13619  loss=0.1099  lr=1.01e-06
epoch 3/3  step 7840/13619  loss=0.0839  lr=1.01e-06
epoch 3/3  step 7850/13619  loss=0.0744  lr=1.01e-06
epoch 3/3  step 7860/13619  loss=0.0517  lr=1.00e-06
epoch 3/3  step 7870/13619  loss=0.0512  lr=1.00e-06
epoch 3/3  step 7880/13619  loss=0.0491  lr=9.95e-07
epoch 3/3  step 7890/13619  loss=0.0877  lr=9.93e-07
epoch 3/3  step 7900/13619  loss=0.1166  lr=9.90e-07
epoch 3/3  step 7910/13619  loss=0.0782  lr=9.87e-07
epoch 3/3  step 7920/13619  loss=0.0653  lr=9.82e-07
epoch 3/3  step 7930/13619  loss=0.0331  lr=9.79e-07
epoch 3/3  step 7940/13619  loss=0.0545  lr=9.76e-07
epoch 3/3  step 7950/13619  loss=0.0898  lr=9.74e-07
epoch 3/3  step 7960/13619  loss=0.0932  lr=9.68e-07
epoch 3/3  step 7970/13619  loss=0.0867  lr=9.66e-07
epoch 3/3  step 7980/13619  loss=0.0767  lr=9.63e-07
epoch 3/3  step 7990/13619  loss=0.0749  lr=9.60e-07
epoch 3/3  step 8000/13619  loss=0.0614  lr=9.55e-07
epoch 3/3  step 8010/13619  loss=0.0495  lr=9.52e-07
epoch 3/3  step 8020/13619  loss=0.0570  lr=9.49e-07
epoch 3/3  step 8030/13619  loss=0.1077  lr=9.47e-07
epoch 3/3  step 8040/13619  loss=0.0843  lr=9.41e-07
epoch 3/3  step 8050/13619  loss=0.0645  lr=9.39e-07
epoch 3/3  step 8060/13619  loss=0.0923  lr=9.36e-07
epoch 3/3  step 8070/13619  loss=0.0856  lr=9.34e-07
epoch 3/3  step 8080/13619  loss=0.0599  lr=9.28e-07
epoch 3/3  step 8090/13619  loss=0.0720  lr=9.26e-07
epoch 3/3  step 8100/13619  loss=0.0960  lr=9.23e-07
epoch 3/3  step 8110/13619  loss=0.0602  lr=9.20e-07
epoch 3/3  step 8120/13619  loss=0.0498  lr=9.15e-07
epoch 3/3  step 8130/13619  loss=0.0698  lr=9.12e-07
epoch 3/3  step 8140/13619  loss=0.0506  lr=9.10e-07
epoch 3/3  step 8150/13619  loss=0.0385  lr=9.07e-07
epoch 3/3  step 8160/13619  loss=0.0659  lr=9.02e-07
epoch 3/3  step 8170/13619  loss=0.0908  lr=8.99e-07
epoch 3/3  step 8180/13619  loss=0.0792  lr=8.97e-07
epoch 3/3  step 8190/13619  loss=0.1199  lr=8.94e-07
epoch 3/3  step 8200/13619  loss=0.0641  lr=8.89e-07
epoch 3/3  step 8210/13619  loss=0.1077  lr=8.86e-07
epoch 3/3  step 8220/13619  loss=0.0290  lr=8.84e-07
epoch 3/3  step 8230/13619  loss=0.0614  lr=8.81e-07
epoch 3/3  step 8240/13619  loss=0.1009  lr=8.76e-07
epoch 3/3  step 8250/13619  loss=0.0394  lr=8.74e-07
epoch 3/3  step 8260/13619  loss=0.1049  lr=8.71e-07
epoch 3/3  step 8270/13619  loss=0.0693  lr=8.68e-07
epoch 3/3  step 8280/13619  loss=0.0982  lr=8.63e-07
epoch 3/3  step 8290/13619  loss=0.0831  lr=8.61e-07
epoch 3/3  step 8300/13619  loss=0.0604  lr=8.58e-07
epoch 3/3  step 8310/13619  loss=0.1056  lr=8.56e-07
epoch 3/3  step 8320/13619  loss=0.0628  lr=8.51e-07
epoch 3/3  step 8330/13619  loss=0.0952  lr=8.48e-07
epoch 3/3  step 8340/13619  loss=0.0554  lr=8.46e-07
epoch 3/3  step 8350/13619  loss=0.1111  lr=8.43e-07
epoch 3/3  step 8360/13619  loss=0.0999  lr=8.38e-07
epoch 3/3  step 8370/13619  loss=0.0983  lr=8.36e-07
epoch 3/3  step 8380/13619  loss=0.1029  lr=8.33e-07
epoch 3/3  step 8390/13619  loss=0.0785  lr=8.30e-07
epoch 3/3  step 8400/13619  loss=0.0797  lr=8.25e-07
epoch 3/3  step 8410/13619  loss=0.0773  lr=8.23e-07
epoch 3/3  step 8420/13619  loss=0.0822  lr=8.21e-07
epoch 3/3  step 8430/13619  loss=0.0737  lr=8.18e-07
epoch 3/3  step 8440/13619  loss=0.0549  lr=8.13e-07
epoch 3/3  step 8450/13619  loss=0.0339  lr=8.11e-07
epoch 3/3  step 8460/13619  loss=0.0537  lr=8.08e-07
epoch 3/3  step 8470/13619  loss=0.1325  lr=8.06e-07
epoch 3/3  step 8480/13619  loss=0.0921  lr=8.01e-07
epoch 3/3  step 8490/13619  loss=0.0662  lr=7.98e-07
epoch 3/3  step 8500/13619  loss=0.0968  lr=7.96e-07
epoch 3/3  step 8510/13619  loss=0.1306  lr=7.93e-07
epoch 3/3  step 8520/13619  loss=0.0407  lr=7.88e-07
epoch 3/3  step 8530/13619  loss=0.0778  lr=7.86e-07
epoch 3/3  step 8540/13619  loss=0.0498  lr=7.84e-07
epoch 3/3  step 8550/13619  loss=0.0876  lr=7.81e-07
epoch 3/3  step 8560/13619  loss=0.0935  lr=7.76e-07
epoch 3/3  step 8570/13619  loss=0.0741  lr=7.74e-07
epoch 3/3  step 8580/13619  loss=0.0569  lr=7.71e-07
epoch 3/3  step 8590/13619  loss=0.1292  lr=7.69e-07
epoch 3/3  step 8600/13619  loss=0.0651  lr=7.64e-07
epoch 3/3  step 8610/13619  loss=0.0727  lr=7.62e-07
epoch 3/3  step 8620/13619  loss=0.0547  lr=7.59e-07
epoch 3/3  step 8630/13619  loss=0.0928  lr=7.57e-07
epoch 3/3  step 8640/13619  loss=0.0866  lr=7.52e-07
epoch 3/3  step 8650/13619  loss=0.1139  lr=7.50e-07
epoch 3/3  step 8660/13619  loss=0.0376  lr=7.47e-07
epoch 3/3  step 8670/13619  loss=0.1251  lr=7.45e-07
epoch 3/3  step 8680/13619  loss=0.0558  lr=7.40e-07
epoch 3/3  step 8690/13619  loss=0.0795  lr=7.38e-07
epoch 3/3  step 8700/13619  loss=0.0595  lr=7.36e-07
epoch 3/3  step 8710/13619  loss=0.0785  lr=7.33e-07
epoch 3/3  step 8720/13619  loss=0.0851  lr=7.29e-07
epoch 3/3  step 8730/13619  loss=0.0641  lr=7.26e-07
epoch 3/3  step 8740/13619  loss=0.0680  lr=7.24e-07
epoch 3/3  step 8750/13619  loss=0.0756  lr=7.21e-07
epoch 3/3  step 8760/13619  loss=0.0676  lr=7.17e-07
epoch 3/3  step 8770/13619  loss=0.0876  lr=7.14e-07
epoch 3/3  step 8780/13619  loss=0.1165  lr=7.12e-07
epoch 3/3  step 8790/13619  loss=0.1330  lr=7.10e-07
epoch 3/3  step 8800/13619  loss=0.0710  lr=7.05e-07
epoch 3/3  step 8810/13619  loss=0.0440  lr=7.03e-07
epoch 3/3  step 8820/13619  loss=0.0744  lr=7.01e-07
epoch 3/3  step 8830/13619  loss=0.0698  lr=6.98e-07
epoch 3/3  step 8840/13619  loss=0.0968  lr=6.94e-07
epoch 3/3  step 8850/13619  loss=0.0608  lr=6.91e-07
epoch 3/3  step 8860/13619  loss=0.0499  lr=6.89e-07
epoch 3/3  step 8870/13619  loss=0.0931  lr=6.87e-07
epoch 3/3  step 8880/13619  loss=0.0766  lr=6.82e-07
epoch 3/3  step 8890/13619  loss=0.0515  lr=6.80e-07
epoch 3/3  step 8900/13619  loss=0.0683  lr=6.78e-07
epoch 3/3  step 8910/13619  loss=0.0537  lr=6.75e-07
epoch 3/3  step 8920/13619  loss=0.1031  lr=6.71e-07
epoch 3/3  step 8930/13619  loss=0.0387  lr=6.69e-07
epoch 3/3  step 8940/13619  loss=0.0387  lr=6.66e-07
epoch 3/3  step 8950/13619  loss=0.0453  lr=6.64e-07
epoch 3/3  step 8960/13619  loss=0.0814  lr=6.60e-07
epoch 3/3  step 8970/13619  loss=0.0762  lr=6.57e-07
epoch 3/3  step 8980/13619  loss=0.0893  lr=6.55e-07
epoch 3/3  step 8990/13619  loss=0.0598  lr=6.53e-07
epoch 3/3  step 9000/13619  loss=0.0956  lr=6.48e-07
epoch 3/3  step 9010/13619  loss=0.0745  lr=6.46e-07
epoch 3/3  step 9020/13619  loss=0.0891  lr=6.44e-07
epoch 3/3  step 9030/13619  loss=0.0523  lr=6.42e-07
epoch 3/3  step 9040/13619  loss=0.0742  lr=6.37e-07
epoch 3/3  step 9050/13619  loss=0.0732  lr=6.35e-07
epoch 3/3  step 9060/13619  loss=0.0638  lr=6.33e-07
epoch 3/3  step 9070/13619  loss=0.0340  lr=6.31e-07
epoch 3/3  step 9080/13619  loss=0.0451  lr=6.26e-07
epoch 3/3  step 9090/13619  loss=0.0606  lr=6.24e-07
epoch 3/3  step 9100/13619  loss=0.0993  lr=6.22e-07
epoch 3/3  step 9110/13619  loss=0.0900  lr=6.20e-07
epoch 3/3  step 9120/13619  loss=0.0509  lr=6.16e-07
epoch 3/3  step 9130/13619  loss=0.0884  lr=6.13e-07
epoch 3/3  step 9140/13619  loss=0.0957  lr=6.11e-07
epoch 3/3  step 9150/13619  loss=0.1002  lr=6.09e-07
epoch 3/3  step 9160/13619  loss=0.0846  lr=6.05e-07
epoch 3/3  step 9170/13619  loss=0.1157  lr=6.03e-07
epoch 3/3  step 9180/13619  loss=0.1270  lr=6.00e-07
epoch 3/3  step 9190/13619  loss=0.0633  lr=5.98e-07
epoch 3/3  step 9200/13619  loss=0.1080  lr=5.94e-07
epoch 3/3  step 9210/13619  loss=0.0542  lr=5.92e-07
epoch 3/3  step 9220/13619  loss=0.0544  lr=5.90e-07
epoch 3/3  step 9230/13619  loss=0.0809  lr=5.88e-07
epoch 3/3  step 9240/13619  loss=0.0617  lr=5.83e-07
epoch 3/3  step 9250/13619  loss=0.0823  lr=5.81e-07
epoch 3/3  step 9260/13619  loss=0.0815  lr=5.79e-07
epoch 3/3  step 9270/13619  loss=0.0928  lr=5.77e-07
epoch 3/3  step 9280/13619  loss=0.1034  lr=5.73e-07
epoch 3/3  step 9290/13619  loss=0.0528  lr=5.71e-07
epoch 3/3  step 9300/13619  loss=0.1085  lr=5.69e-07
epoch 3/3  step 9310/13619  loss=0.1369  lr=5.67e-07
epoch 3/3  step 9320/13619  loss=0.0406  lr=5.62e-07
epoch 3/3  step 9330/13619  loss=0.0338  lr=5.60e-07
epoch 3/3  step 9340/13619  loss=0.1288  lr=5.58e-07
epoch 3/3  step 9350/13619  loss=0.0851  lr=5.56e-07
epoch 3/3  step 9360/13619  loss=0.1224  lr=5.52e-07
epoch 3/3  step 9370/13619  loss=0.1087  lr=5.50e-07
epoch 3/3  step 9380/13619  loss=0.0970  lr=5.48e-07
epoch 3/3  step 9390/13619  loss=0.0889  lr=5.46e-07
epoch 3/3  step 9400/13619  loss=0.0603  lr=5.42e-07
epoch 3/3  step 9410/13619  loss=0.0659  lr=5.40e-07
epoch 3/3  step 9420/13619  loss=0.0695  lr=5.38e-07
epoch 3/3  step 9430/13619  loss=0.0882  lr=5.36e-07
epoch 3/3  step 9440/13619  loss=0.0820  lr=5.32e-07
epoch 3/3  step 9450/13619  loss=0.0601  lr=5.30e-07
epoch 3/3  step 9460/13619  loss=0.0840  lr=5.28e-07
epoch 3/3  step 9470/13619  loss=0.0754  lr=5.26e-07
epoch 3/3  step 9480/13619  loss=0.0890  lr=5.22e-07
epoch 3/3  step 9490/13619  loss=0.0671  lr=5.20e-07
epoch 3/3  step 9500/13619  loss=0.0529  lr=5.18e-07
epoch 3/3  step 9510/13619  loss=0.0465  lr=5.16e-07
epoch 3/3  step 9520/13619  loss=0.0438  lr=5.12e-07
epoch 3/3  step 9530/13619  loss=0.0488  lr=5.10e-07
epoch 3/3  step 9540/13619  loss=0.0573  lr=5.08e-07
epoch 3/3  step 9550/13619  loss=0.0989  lr=5.06e-07
epoch 3/3  step 9560/13619  loss=0.0558  lr=5.02e-07
epoch 3/3  step 9570/13619  loss=0.0697  lr=5.00e-07
epoch 3/3  step 9580/13619  loss=0.0809  lr=4.98e-07
epoch 3/3  step 9590/13619  loss=0.0577  lr=4.96e-07
epoch 3/3  step 9600/13619  loss=0.0947  lr=4.92e-07
epoch 3/3  step 9610/13619  loss=0.0789  lr=4.90e-07
epoch 3/3  step 9620/13619  loss=0.0411  lr=4.88e-07
epoch 3/3  step 9630/13619  loss=0.0390  lr=4.86e-07
epoch 3/3  step 9640/13619  loss=0.0673  lr=4.82e-07
epoch 3/3  step 9650/13619  loss=0.1029  lr=4.81e-07
epoch 3/3  step 9660/13619  loss=0.0591  lr=4.79e-07
epoch 3/3  step 9670/13619  loss=0.0518  lr=4.77e-07
epoch 3/3  step 9680/13619  loss=0.0802  lr=4.73e-07
epoch 3/3  step 9690/13619  loss=0.1014  lr=4.71e-07
epoch 3/3  step 9700/13619  loss=0.0462  lr=4.69e-07
epoch 3/3  step 9710/13619  loss=0.0802  lr=4.67e-07
epoch 3/3  step 9720/13619  loss=0.0880  lr=4.63e-07
epoch 3/3  step 9730/13619  loss=0.0754  lr=4.62e-07
epoch 3/3  step 9740/13619  loss=0.0624  lr=4.60e-07
epoch 3/3  step 9750/13619  loss=0.1115  lr=4.58e-07
epoch 3/3  step 9760/13619  loss=0.1059  lr=4.54e-07
epoch 3/3  step 9770/13619  loss=0.0602  lr=4.52e-07
epoch 3/3  step 9780/13619  loss=0.0645  lr=4.50e-07
epoch 3/3  step 9790/13619  loss=0.0653  lr=4.48e-07
epoch 3/3  step 9800/13619  loss=0.1000  lr=4.45e-07
epoch 3/3  step 9810/13619  loss=0.0754  lr=4.43e-07
epoch 3/3  step 9820/13619  loss=0.0979  lr=4.41e-07
epoch 3/3  step 9830/13619  loss=0.0221  lr=4.39e-07
epoch 3/3  step 9840/13619  loss=0.0903  lr=4.36e-07
epoch 3/3  step 9850/13619  loss=0.1311  lr=4.34e-07
epoch 3/3  step 9860/13619  loss=0.1001  lr=4.32e-07
epoch 3/3  step 9870/13619  loss=0.0514  lr=4.30e-07
epoch 3/3  step 9880/13619  loss=0.1042  lr=4.26e-07
epoch 3/3  step 9890/13619  loss=0.0662  lr=4.25e-07
epoch 3/3  step 9900/13619  loss=0.0595  lr=4.23e-07
epoch 3/3  step 9910/13619  loss=0.1107  lr=4.21e-07
epoch 3/3  step 9920/13619  loss=0.0490  lr=4.17e-07
epoch 3/3  step 9930/13619  loss=0.0875  lr=4.16e-07
epoch 3/3  step 9940/13619  loss=0.1189  lr=4.14e-07
epoch 3/3  step 9950/13619  loss=0.0461  lr=4.12e-07
epoch 3/3  step 9960/13619  loss=0.0517  lr=4.08e-07
epoch 3/3  step 9970/13619  loss=0.0728  lr=4.07e-07
epoch 3/3  step 9980/13619  loss=0.1152  lr=4.05e-07
epoch 3/3  step 9990/13619  loss=0.0578  lr=4.03e-07
epoch 3/3  step 10000/13619  loss=0.0967  lr=4.00e-07
epoch 3/3  step 10010/13619  loss=0.0681  lr=3.98e-07
epoch 3/3  step 10020/13619  loss=0.0672  lr=3.96e-07
epoch 3/3  step 10030/13619  loss=0.1068  lr=3.94e-07
epoch 3/3  step 10040/13619  loss=0.0841  lr=3.91e-07
epoch 3/3  step 10050/13619  loss=0.0951  lr=3.89e-07
epoch 3/3  step 10060/13619  loss=0.0448  lr=3.87e-07
epoch 3/3  step 10070/13619  loss=0.0559  lr=3.86e-07
epoch 3/3  step 10080/13619  loss=0.0636  lr=3.82e-07
epoch 3/3  step 10090/13619  loss=0.1264  lr=3.81e-07
epoch 3/3  step 10100/13619  loss=0.0450  lr=3.79e-07
epoch 3/3  step 10110/13619  loss=0.0710  lr=3.77e-07
epoch 3/3  step 10120/13619  loss=0.0635  lr=3.74e-07
epoch 3/3  step 10130/13619  loss=0.0460  lr=3.72e-07
epoch 3/3  step 10140/13619  loss=0.0854  lr=3.70e-07
epoch 3/3  step 10150/13619  loss=0.0931  lr=3.69e-07
epoch 3/3  step 10160/13619  loss=0.0630  lr=3.65e-07
epoch 3/3  step 10170/13619  loss=0.0409  lr=3.64e-07
epoch 3/3  step 10180/13619  loss=0.0817  lr=3.62e-07
epoch 3/3  step 10190/13619  loss=0.0859  lr=3.60e-07
epoch 3/3  step 10200/13619  loss=0.1269  lr=3.57e-07
epoch 3/3  step 10210/13619  loss=0.1264  lr=3.55e-07
epoch 3/3  step 10220/13619  loss=0.1037  lr=3.54e-07
epoch 3/3  step 10230/13619  loss=0.0820  lr=3.52e-07
epoch 3/3  step 10240/13619  loss=0.0884  lr=3.49e-07
epoch 3/3  step 10250/13619  loss=0.0653  lr=3.47e-07
epoch 3/3  step 10260/13619  loss=0.0816  lr=3.45e-07
epoch 3/3  step 10270/13619  loss=0.0675  lr=3.44e-07
epoch 3/3  step 10280/13619  loss=0.0995  lr=3.40e-07
epoch 3/3  step 10290/13619  loss=0.0809  lr=3.39e-07
epoch 3/3  step 10300/13619  loss=0.0706  lr=3.37e-07
epoch 3/3  step 10310/13619  loss=0.0707  lr=3.36e-07
epoch 3/3  step 10320/13619  loss=0.1275  lr=3.32e-07
epoch 3/3  step 10330/13619  loss=0.1177  lr=3.31e-07
epoch 3/3  step 10340/13619  loss=0.0721  lr=3.29e-07
epoch 3/3  step 10350/13619  loss=0.0484  lr=3.28e-07
epoch 3/3  step 10360/13619  loss=0.0438  lr=3.24e-07
epoch 3/3  step 10370/13619  loss=0.0648  lr=3.23e-07
epoch 3/3  step 10380/13619  loss=0.1016  lr=3.21e-07
epoch 3/3  step 10390/13619  loss=0.0836  lr=3.20e-07
epoch 3/3  step 10400/13619  loss=0.0675  lr=3.17e-07
epoch 3/3  step 10410/13619  loss=0.0706  lr=3.15e-07
epoch 3/3  step 10420/13619  loss=0.1181  lr=3.13e-07
epoch 3/3  step 10430/13619  loss=0.0587  lr=3.12e-07
epoch 3/3  step 10440/13619  loss=0.0668  lr=3.09e-07
epoch 3/3  step 10450/13619  loss=0.0910  lr=3.07e-07
epoch 3/3  step 10460/13619  loss=0.0574  lr=3.06e-07
epoch 3/3  step 10470/13619  loss=0.0657  lr=3.04e-07
epoch 3/3  step 10480/13619  loss=0.1114  lr=3.01e-07
epoch 3/3  step 10490/13619  loss=0.0496  lr=3.00e-07
epoch 3/3  step 10500/13619  loss=0.0472  lr=2.98e-07
epoch 3/3  step 10510/13619  loss=0.0790  lr=2.97e-07
epoch 3/3  step 10520/13619  loss=0.1167  lr=2.93e-07
epoch 3/3  step 10530/13619  loss=0.1070  lr=2.92e-07
epoch 3/3  step 10540/13619  loss=0.0622  lr=2.90e-07
epoch 3/3  step 10550/13619  loss=0.0965  lr=2.89e-07
epoch 3/3  step 10560/13619  loss=0.0546  lr=2.86e-07
epoch 3/3  step 10570/13619  loss=0.1145  lr=2.84e-07
epoch 3/3  step 10580/13619  loss=0.0709  lr=2.83e-07
epoch 3/3  step 10590/13619  loss=0.1129  lr=2.82e-07
epoch 3/3  step 10600/13619  loss=0.0452  lr=2.79e-07
epoch 3/3  step 10610/13619  loss=0.0505  lr=2.77e-07
epoch 3/3  step 10620/13619  loss=0.0796  lr=2.76e-07
epoch 3/3  step 10630/13619  loss=0.0894  lr=2.74e-07
epoch 3/3  step 10640/13619  loss=0.1105  lr=2.71e-07
epoch 3/3  step 10650/13619  loss=0.0595  lr=2.70e-07
epoch 3/3  step 10660/13619  loss=0.0829  lr=2.68e-07
epoch 3/3  step 10670/13619  loss=0.0842  lr=2.67e-07
epoch 3/3  step 10680/13619  loss=0.0725  lr=2.64e-07
epoch 3/3  step 10690/13619  loss=0.0939  lr=2.63e-07
epoch 3/3  step 10700/13619  loss=0.0737  lr=2.61e-07
epoch 3/3  step 10710/13619  loss=0.0412  lr=2.60e-07
epoch 3/3  step 10720/13619  loss=0.0536  lr=2.57e-07
epoch 3/3  step 10730/13619  loss=0.0787  lr=2.56e-07
epoch 3/3  step 10740/13619  loss=0.0965  lr=2.54e-07
epoch 3/3  step 10750/13619  loss=0.0514  lr=2.53e-07
epoch 3/3  step 10760/13619  loss=0.0929  lr=2.50e-07
epoch 3/3  step 10770/13619  loss=0.0714  lr=2.49e-07
epoch 3/3  step 10780/13619  loss=0.0523  lr=2.47e-07
epoch 3/3  step 10790/13619  loss=0.0519  lr=2.46e-07
epoch 3/3  step 10800/13619  loss=0.0502  lr=2.43e-07
epoch 3/3  step 10810/13619  loss=0.1036  lr=2.42e-07
epoch 3/3  step 10820/13619  loss=0.0876  lr=2.40e-07
epoch 3/3  step 10830/13619  loss=0.1115  lr=2.39e-07
epoch 3/3  step 10840/13619  loss=0.0781  lr=2.36e-07
epoch 3/3  step 10850/13619  loss=0.0606  lr=2.35e-07
epoch 3/3  step 10860/13619  loss=0.0665  lr=2.33e-07
epoch 3/3  step 10870/13619  loss=0.1066  lr=2.32e-07
epoch 3/3  step 10880/13619  loss=0.0706  lr=2.29e-07
epoch 3/3  step 10890/13619  loss=0.0431  lr=2.28e-07
epoch 3/3  step 10900/13619  loss=0.0740  lr=2.27e-07
epoch 3/3  step 10910/13619  loss=0.0914  lr=2.25e-07
epoch 3/3  step 10920/13619  loss=0.0737  lr=2.23e-07
epoch 3/3  step 10930/13619  loss=0.0655  lr=2.21e-07
epoch 3/3  step 10940/13619  loss=0.1089  lr=2.20e-07
epoch 3/3  step 10950/13619  loss=0.0223  lr=2.19e-07
epoch 3/3  step 10960/13619  loss=0.0961  lr=2.16e-07
epoch 3/3  step 10970/13619  loss=0.1103  lr=2.15e-07
epoch 3/3  step 10980/13619  loss=0.0620  lr=2.14e-07
epoch 3/3  step 10990/13619  loss=0.0505  lr=2.12e-07
epoch 3/3  step 11000/13619  loss=0.0535  lr=2.10e-07
epoch 3/3  step 11010/13619  loss=0.0553  lr=2.09e-07
epoch 3/3  step 11020/13619  loss=0.0870  lr=2.07e-07
epoch 3/3  step 11030/13619  loss=0.0711  lr=2.06e-07
epoch 3/3  step 11040/13619  loss=0.0646  lr=2.03e-07
epoch 3/3  step 11050/13619  loss=0.0485  lr=2.02e-07
epoch 3/3  step 11060/13619  loss=0.0736  lr=2.01e-07
epoch 3/3  step 11070/13619  loss=0.0782  lr=2.00e-07
epoch 3/3  step 11080/13619  loss=0.1339  lr=1.97e-07
epoch 3/3  step 11090/13619  loss=0.0875  lr=1.96e-07
epoch 3/3  step 11100/13619  loss=0.0778  lr=1.95e-07
epoch 3/3  step 11110/13619  loss=0.1034  lr=1.94e-07
epoch 3/3  step 11120/13619  loss=0.0521  lr=1.91e-07
epoch 3/3  step 11130/13619  loss=0.0715  lr=1.90e-07
epoch 3/3  step 11140/13619  loss=0.0847  lr=1.89e-07
epoch 3/3  step 11150/13619  loss=0.0579  lr=1.87e-07
epoch 3/3  step 11160/13619  loss=0.0701  lr=1.85e-07
epoch 3/3  step 11170/13619  loss=0.0758  lr=1.84e-07
epoch 3/3  step 11180/13619  loss=0.0715  lr=1.83e-07
epoch 3/3  step 11190/13619  loss=0.0998  lr=1.81e-07
epoch 3/3  step 11200/13619  loss=0.1091  lr=1.79e-07
epoch 3/3  step 11210/13619  loss=0.0770  lr=1.78e-07
epoch 3/3  step 11220/13619  loss=0.0493  lr=1.77e-07
epoch 3/3  step 11230/13619  loss=0.1168  lr=1.76e-07
epoch 3/3  step 11240/13619  loss=0.1188  lr=1.73e-07
epoch 3/3  step 11250/13619  loss=0.0716  lr=1.72e-07
epoch 3/3  step 11260/13619  loss=0.1067  lr=1.71e-07
epoch 3/3  step 11270/13619  loss=0.0963  lr=1.70e-07
epoch 3/3  step 11280/13619  loss=0.0622  lr=1.67e-07
epoch 3/3  step 11290/13619  loss=0.0703  lr=1.66e-07
epoch 3/3  step 11300/13619  loss=0.0977  lr=1.65e-07
epoch 3/3  step 11310/13619  loss=0.0717  lr=1.64e-07
epoch 3/3  step 11320/13619  loss=0.0946  lr=1.62e-07
epoch 3/3  step 11330/13619  loss=0.0914  lr=1.61e-07
epoch 3/3  step 11340/13619  loss=0.0687  lr=1.60e-07
epoch 3/3  step 11350/13619  loss=0.0760  lr=1.58e-07
epoch 3/3  step 11360/13619  loss=0.0654  lr=1.56e-07
epoch 3/3  step 11370/13619  loss=0.0974  lr=1.55e-07
epoch 3/3  step 11380/13619  loss=0.0671  lr=1.54e-07
epoch 3/3  step 11390/13619  loss=0.0642  lr=1.53e-07
epoch 3/3  step 11400/13619  loss=0.0721  lr=1.51e-07
epoch 3/3  step 11410/13619  loss=0.0752  lr=1.50e-07
epoch 3/3  step 11420/13619  loss=0.1374  lr=1.49e-07
epoch 3/3  step 11430/13619  loss=0.0657  lr=1.47e-07
epoch 3/3  step 11440/13619  loss=0.0423  lr=1.45e-07
epoch 3/3  step 11450/13619  loss=0.0585  lr=1.44e-07
epoch 3/3  step 11460/13619  loss=0.0770  lr=1.43e-07
epoch 3/3  step 11470/13619  loss=0.0656  lr=1.42e-07
epoch 3/3  step 11480/13619  loss=0.0664  lr=1.40e-07
epoch 3/3  step 11490/13619  loss=0.0635  lr=1.39e-07
epoch 3/3  step 11500/13619  loss=0.0906  lr=1.38e-07
epoch 3/3  step 11510/13619  loss=0.1031  lr=1.37e-07
epoch 3/3  step 11520/13619  loss=0.0571  lr=1.35e-07
epoch 3/3  step 11530/13619  loss=0.0704  lr=1.34e-07
epoch 3/3  step 11540/13619  loss=0.0760  lr=1.33e-07
epoch 3/3  step 11550/13619  loss=0.1047  lr=1.32e-07
epoch 3/3  step 11560/13619  loss=0.0562  lr=1.30e-07
epoch 3/3  step 11570/13619  loss=0.0534  lr=1.29e-07
epoch 3/3  step 11580/13619  loss=0.1020  lr=1.28e-07
epoch 3/3  step 11590/13619  loss=0.0935  lr=1.27e-07
epoch 3/3  step 11600/13619  loss=0.0666  lr=1.25e-07
epoch 3/3  step 11610/13619  loss=0.1068  lr=1.24e-07
epoch 3/3  step 11620/13619  loss=0.0931  lr=1.23e-07
epoch 3/3  step 11630/13619  loss=0.0841  lr=1.22e-07
epoch 3/3  step 11640/13619  loss=0.0777  lr=1.20e-07
epoch 3/3  step 11650/13619  loss=0.0863  lr=1.19e-07
epoch 3/3  step 11660/13619  loss=0.0518  lr=1.18e-07
epoch 3/3  step 11670/13619  loss=0.0877  lr=1.17e-07
epoch 3/3  step 11680/13619  loss=0.0968  lr=1.15e-07
epoch 3/3  step 11690/13619  loss=0.0647  lr=1.14e-07
epoch 3/3  step 11700/13619  loss=0.0520  lr=1.13e-07
epoch 3/3  step 11710/13619  loss=0.0922  lr=1.12e-07
epoch 3/3  step 11720/13619  loss=0.1280  lr=1.10e-07
epoch 3/3  step 11730/13619  loss=0.0613  lr=1.09e-07
epoch 3/3  step 11740/13619  loss=0.0864  lr=1.09e-07
epoch 3/3  step 11750/13619  loss=0.1625  lr=1.08e-07
epoch 3/3  step 11760/13619  loss=0.0915  lr=1.06e-07
epoch 3/3  step 11770/13619  loss=0.0633  lr=1.05e-07
epoch 3/3  step 11780/13619  loss=0.0724  lr=1.04e-07
epoch 3/3  step 11790/13619  loss=0.0849  lr=1.03e-07
epoch 3/3  step 11800/13619  loss=0.0802  lr=1.01e-07
epoch 3/3  step 11810/13619  loss=0.0946  lr=1.00e-07
epoch 3/3  step 11820/13619  loss=0.0656  lr=9.95e-08
epoch 3/3  step 11830/13619  loss=0.0540  lr=9.86e-08
epoch 3/3  step 11840/13619  loss=0.0833  lr=9.69e-08
epoch 3/3  step 11850/13619  loss=0.1058  lr=9.60e-08
epoch 3/3  step 11860/13619  loss=0.1062  lr=9.52e-08
epoch 3/3  step 11870/13619  loss=0.0670  lr=9.43e-08
epoch 3/3  step 11880/13619  loss=0.0519  lr=9.26e-08
epoch 3/3  step 11890/13619  loss=0.0736  lr=9.17e-08
epoch 3/3  step 11900/13619  loss=0.0456  lr=9.09e-08
epoch 3/3  step 11910/13619  loss=0.1254  lr=9.00e-08
epoch 3/3  step 11920/13619  loss=0.0732  lr=8.84e-08
epoch 3/3  step 11930/13619  loss=0.0692  lr=8.75e-08
epoch 3/3  step 11940/13619  loss=0.0418  lr=8.67e-08
epoch 3/3  step 11950/13619  loss=0.0464  lr=8.59e-08
epoch 3/3  step 11960/13619  loss=0.0784  lr=8.43e-08
epoch 3/3  step 11970/13619  loss=0.0605  lr=8.34e-08
epoch 3/3  step 11980/13619  loss=0.0885  lr=8.26e-08
epoch 3/3  step 11990/13619  loss=0.0558  lr=8.18e-08
epoch 3/3  step 12000/13619  loss=0.0459  lr=8.02e-08
epoch 3/3  step 12010/13619  loss=0.1140  lr=7.95e-08
epoch 3/3  step 12020/13619  loss=0.0792  lr=7.87e-08
epoch 3/3  step 12030/13619  loss=0.0727  lr=7.79e-08
epoch 3/3  step 12040/13619  loss=0.0926  lr=7.63e-08
epoch 3/3  step 12050/13619  loss=0.1098  lr=7.56e-08
epoch 3/3  step 12060/13619  loss=0.0680  lr=7.48e-08
epoch 3/3  step 12070/13619  loss=0.0887  lr=7.40e-08
epoch 3/3  step 12080/13619  loss=0.0954  lr=7.25e-08
epoch 3/3  step 12090/13619  loss=0.1188  lr=7.18e-08
epoch 3/3  step 12100/13619  loss=0.0639  lr=7.10e-08
epoch 3/3  step 12110/13619  loss=0.0898  lr=7.03e-08
epoch 3/3  step 12120/13619  loss=0.0565  lr=6.88e-08
epoch 3/3  step 12130/13619  loss=0.1035  lr=6.80e-08
epoch 3/3  step 12140/13619  loss=0.0671  lr=6.73e-08
epoch 3/3  step 12150/13619  loss=0.0878  lr=6.66e-08
epoch 3/3  step 12160/13619  loss=0.0788  lr=6.52e-08
epoch 3/3  step 12170/13619  loss=0.0963  lr=6.44e-08
epoch 3/3  step 12180/13619  loss=0.0622  lr=6.37e-08
epoch 3/3  step 12190/13619  loss=0.0688  lr=6.30e-08
epoch 3/3  step 12200/13619  loss=0.0743  lr=6.16e-08
epoch 3/3  step 12210/13619  loss=0.0987  lr=6.09e-08
epoch 3/3  step 12220/13619  loss=0.0687  lr=6.02e-08
epoch 3/3  step 12230/13619  loss=0.0884  lr=5.96e-08
epoch 3/3  step 12240/13619  loss=0.0998  lr=5.82e-08
epoch 3/3  step 12250/13619  loss=0.0404  lr=5.75e-08
epoch 3/3  step 12260/13619  loss=0.0844  lr=5.69e-08
epoch 3/3  step 12270/13619  loss=0.1088  lr=5.62e-08
epoch 3/3  step 12280/13619  loss=0.1267  lr=5.49e-08
epoch 3/3  step 12290/13619  loss=0.1004  lr=5.42e-08
epoch 3/3  step 12300/13619  loss=0.0342  lr=5.36e-08
epoch 3/3  step 12310/13619  loss=0.0676  lr=5.29e-08
epoch 3/3  step 12320/13619  loss=0.0699  lr=5.16e-08
epoch 3/3  step 12330/13619  loss=0.0844  lr=5.10e-08
epoch 3/3  step 12340/13619  loss=0.0694  lr=5.04e-08
epoch 3/3  step 12350/13619  loss=0.0811  lr=4.97e-08
epoch 3/3  step 12360/13619  loss=0.0580  lr=4.85e-08
epoch 3/3  step 12370/13619  loss=0.0740  lr=4.79e-08
epoch 3/3  step 12380/13619  loss=0.0382  lr=4.73e-08
epoch 3/3  step 12390/13619  loss=0.1135  lr=4.67e-08
epoch 3/3  step 12400/13619  loss=0.0639  lr=4.55e-08
epoch 3/3  step 12410/13619  loss=0.0761  lr=4.49e-08
epoch 3/3  step 12420/13619  loss=0.0508  lr=4.43e-08
epoch 3/3  step 12430/13619  loss=0.1079  lr=4.37e-08
epoch 3/3  step 12440/13619  loss=0.0880  lr=4.25e-08
epoch 3/3  step 12450/13619  loss=0.0918  lr=4.19e-08
epoch 3/3  step 12460/13619  loss=0.0667  lr=4.14e-08
epoch 3/3  step 12470/13619  loss=0.1160  lr=4.08e-08
epoch 3/3  step 12480/13619  loss=0.0892  lr=3.97e-08
epoch 3/3  step 12490/13619  loss=0.0468  lr=3.91e-08
epoch 3/3  step 12500/13619  loss=0.0635  lr=3.86e-08
epoch 3/3  step 12510/13619  loss=0.0868  lr=3.80e-08
epoch 3/3  step 12520/13619  loss=0.0602  lr=3.69e-08
epoch 3/3  step 12530/13619  loss=0.0681  lr=3.64e-08
epoch 3/3  step 12540/13619  loss=0.0973  lr=3.59e-08
epoch 3/3  step 12550/13619  loss=0.0925  lr=3.53e-08
epoch 3/3  step 12560/13619  loss=0.0668  lr=3.43e-08
epoch 3/3  step 12570/13619  loss=0.0571  lr=3.38e-08
epoch 3/3  step 12580/13619  loss=0.0866  lr=3.33e-08
epoch 3/3  step 12590/13619  loss=0.0840  lr=3.28e-08
epoch 3/3  step 12600/13619  loss=0.0898  lr=3.17e-08
epoch 3/3  step 12610/13619  loss=0.0907  lr=3.12e-08
epoch 3/3  step 12620/13619  loss=0.1078  lr=3.08e-08
epoch 3/3  step 12630/13619  loss=0.0990  lr=3.03e-08
epoch 3/3  step 12640/13619  loss=0.0842  lr=2.93e-08
epoch 3/3  step 12650/13619  loss=0.1191  lr=2.88e-08
epoch 3/3  step 12660/13619  loss=0.0638  lr=2.83e-08
epoch 3/3  step 12670/13619  loss=0.0627  lr=2.79e-08
epoch 3/3  step 12680/13619  loss=0.0751  lr=2.69e-08
epoch 3/3  step 12690/13619  loss=0.0802  lr=2.65e-08
epoch 3/3  step 12700/13619  loss=0.0642  lr=2.60e-08
epoch 3/3  step 12710/13619  loss=0.0779  lr=2.56e-08
epoch 3/3  step 12720/13619  loss=0.0697  lr=2.47e-08
epoch 3/3  step 12730/13619  loss=0.0705  lr=2.43e-08
epoch 3/3  step 12740/13619  loss=0.0786  lr=2.38e-08
epoch 3/3  step 12750/13619  loss=0.0864  lr=2.34e-08
epoch 3/3  step 12760/13619  loss=0.0869  lr=2.25e-08
epoch 3/3  step 12770/13619  loss=0.0987  lr=2.21e-08
epoch 3/3  step 12780/13619  loss=0.0642  lr=2.17e-08
epoch 3/3  step 12790/13619  loss=0.1096  lr=2.13e-08
epoch 3/3  step 12800/13619  loss=0.0897  lr=2.05e-08
epoch 3/3  step 12810/13619  loss=0.0953  lr=2.01e-08
epoch 3/3  step 12820/13619  loss=0.1243  lr=1.97e-08
epoch 3/3  step 12830/13619  loss=0.0449  lr=1.93e-08
epoch 3/3  step 12840/13619  loss=0.1204  lr=1.85e-08
epoch 3/3  step 12850/13619  loss=0.0748  lr=1.81e-08
epoch 3/3  step 12860/13619  loss=0.0508  lr=1.78e-08
epoch 3/3  step 12870/13619  loss=0.0729  lr=1.74e-08
epoch 3/3  step 12880/13619  loss=0.0710  lr=1.67e-08
epoch 3/3  step 12890/13619  loss=0.0773  lr=1.63e-08
epoch 3/3  step 12900/13619  loss=0.0551  lr=1.59e-08
epoch 3/3  step 12910/13619  loss=0.0818  lr=1.56e-08
epoch 3/3  step 12920/13619  loss=0.0908  lr=1.49e-08
epoch 3/3  step 12930/13619  loss=0.0629  lr=1.46e-08
epoch 3/3  step 12940/13619  loss=0.1148  lr=1.42e-08
epoch 3/3  step 12950/13619  loss=0.1057  lr=1.39e-08
epoch 3/3  step 12960/13619  loss=0.0785  lr=1.32e-08
epoch 3/3  step 12970/13619  loss=0.0557  lr=1.29e-08
epoch 3/3  step 12980/13619  loss=0.0490  lr=1.26e-08
epoch 3/3  step 12990/13619  loss=0.0799  lr=1.23e-08
epoch 3/3  step 13000/13619  loss=0.0867  lr=1.17e-08
epoch 3/3  step 13010/13619  loss=0.0920  lr=1.14e-08
epoch 3/3  step 13020/13619  loss=0.0734  lr=1.11e-08
epoch 3/3  step 13030/13619  loss=0.0904  lr=1.08e-08
epoch 3/3  step 13040/13619  loss=0.1045  lr=1.02e-08
epoch 3/3  step 13050/13619  loss=0.0504  lr=9.93e-09
epoch 3/3  step 13060/13619  loss=0.0778  lr=9.65e-09
epoch 3/3  step 13070/13619  loss=0.0905  lr=9.37e-09
epoch 3/3  step 13080/13619  loss=0.0671  lr=8.84e-09
epoch 3/3  step 13090/13619  loss=0.0587  lr=8.58e-09
epoch 3/3  step 13100/13619  loss=0.0992  lr=8.32e-09
epoch 3/3  step 13110/13619  loss=0.0694  lr=8.06e-09
epoch 3/3  step 13120/13619  loss=0.0611  lr=7.57e-09
epoch 3/3  step 13130/13619  loss=0.0577  lr=7.33e-09
epoch 3/3  step 13140/13619  loss=0.0746  lr=7.09e-09
epoch 3/3  step 13150/13619  loss=0.0845  lr=6.85e-09
epoch 3/3  step 13160/13619  loss=0.0562  lr=6.40e-09
epoch 3/3  step 13170/13619  loss=0.1052  lr=6.17e-09
epoch 3/3  step 13180/13619  loss=0.0405  lr=5.96e-09
epoch 3/3  step 13190/13619  loss=0.0635  lr=5.74e-09
epoch 3/3  step 13200/13619  loss=0.0601  lr=5.32e-09
epoch 3/3  step 13210/13619  loss=0.1086  lr=5.12e-09
epoch 3/3  step 13220/13619  loss=0.0647  lr=4.92e-09
epoch 3/3  step 13230/13619  loss=0.1345  lr=4.73e-09
epoch 3/3  step 13240/13619  loss=0.0854  lr=4.35e-09
epoch 3/3  step 13250/13619  loss=0.0699  lr=4.17e-09
epoch 3/3  step 13260/13619  loss=0.0573  lr=3.99e-09
epoch 3/3  step 13270/13619  loss=0.0653  lr=3.81e-09
epoch 3/3  step 13280/13619  loss=0.0490  lr=3.47e-09
epoch 3/3  step 13290/13619  loss=0.1106  lr=3.31e-09
epoch 3/3  step 13300/13619  loss=0.1072  lr=3.15e-09
epoch 3/3  step 13310/13619  loss=0.0867  lr=2.99e-09
epoch 3/3  step 13320/13619  loss=0.1170  lr=2.70e-09
epoch 3/3  step 13330/13619  loss=0.0771  lr=2.55e-09
epoch 3/3  step 13340/13619  loss=0.0929  lr=2.41e-09
epoch 3/3  step 13350/13619  loss=0.1145  lr=2.28e-09
epoch 3/3  step 13360/13619  loss=0.0398  lr=2.02e-09
epoch 3/3  step 13370/13619  loss=0.0531  lr=1.89e-09
epoch 3/3  step 13380/13619  loss=0.1420  lr=1.77e-09
epoch 3/3  step 13390/13619  loss=0.0644  lr=1.66e-09
epoch 3/3  step 13400/13619  loss=0.1284  lr=1.44e-09
epoch 3/3  step 13410/13619  loss=0.1060  lr=1.33e-09
epoch 3/3  step 13420/13619  loss=0.0970  lr=1.23e-09
epoch 3/3  step 13430/13619  loss=0.0573  lr=1.13e-09
epoch 3/3  step 13440/13619  loss=0.0529  lr=9.53e-10
epoch 3/3  step 13450/13619  loss=0.0852  lr=8.68e-10
epoch 3/3  step 13460/13619  loss=0.0655  lr=7.88e-10
epoch 3/3  step 13470/13619  loss=0.0751  lr=7.11e-10
epoch 3/3  step 13480/13619  loss=0.0693  lr=5.69e-10
epoch 3/3  step 13490/13619  loss=0.0908  lr=5.04e-10
epoch 3/3  step 13500/13619  loss=0.0914  lr=4.43e-10
epoch 3/3  step 13510/13619  loss=0.0965  lr=3.86e-10
epoch 3/3  step 13520/13619  loss=0.0815  lr=2.84e-10
epoch 3/3  step 13530/13619  loss=0.0821  lr=2.38e-10
epoch 3/3  step 13540/13619  loss=0.0900  lr=1.97e-10
epoch 3/3  step 13550/13619  loss=0.0926  lr=1.60e-10
epoch 3/3  step 13560/13619  loss=0.1440  lr=9.65e-11
epoch 3/3  step 13570/13619  loss=0.1398  lr=7.09e-11
epoch 3/3  step 13580/13619  loss=0.0569  lr=4.92e-11
epoch 3/3  step 13590/13619  loss=0.0542  lr=3.15e-11
epoch 3/3  step 13600/13619  loss=0.1078  lr=7.88e-12
epoch 3/3  step 13610/13619  loss=0.0812  lr=1.97e-12
epoch 3/3  eval_loss=0.2385
saved checkpoint -> /tmpdir/m24047brmn/numbers/checkpoints/qwen_s2_baseline/baseline_epoch3.pt
baseline finetuning complete
S2 baseline training complete.
