Loading gnu/11.2.0
  Loading requirement: binutils/11.2.0
==========================================
GPT-2 SME Curriculum Training (phase3_full)
  Phase:          3
  Nodes:          4
  GPUs/node:      2
  Total GPUs:     8
  Dataset label:  numtasks_sme_vardig_e9_numw2_curr_stage_v1
  Data dir:       /tmpdir/m24047brmn/numbers/data/numtasks_sme_vardig_e9_numw2_curr_stage_v1_p3_d1_15
  Checkpoint:     /tmpdir/m24047brmn/numbers/checkpoints/np_emb_v8_500k_model.pt
  Init from:      resume
  Resume ckpt:    /tmpdir/m24047brmn/numbers/model_checkpoints/sme_vardig_e9_numw2_curr_stage_v1/ckpt_best.pt
  Max iters:      40000
  Learning rate:  4e-4
  Adapter lr x:   0.5
  Out dir:        /tmpdir/m24047brmn/numbers/model_checkpoints/sme_vardig_e9_numw2_curr_stage_v1
  Master:         10.158.1.100:38300
==========================================
Error in cpuinfo: prctl(PR_SVE_GET_VL) failed
Error in cpuinfo: prctl(PR_SVE_GET_VL) failed
Error in cpuinfo: prctl(PR_SVE_GET_VL) failed
Error in cpuinfo: prctl(PR_SVE_GET_VL) failed
W0226 14:29:48.985000 2408386 torch/distributed/run.py:793] 
W0226 14:29:48.985000 2408386 torch/distributed/run.py:793] *****************************************
W0226 14:29:48.985000 2408386 torch/distributed/run.py:793] Setting OMP_NUM_THREADS environment variable for each process to be 1 in default, to avoid your system being overloaded, please further tune the variable for optimal performance in your application as needed. 
W0226 14:29:48.985000 2408386 torch/distributed/run.py:793] *****************************************
W0226 14:29:49.667000 3604809 torch/distributed/run.py:793] 
W0226 14:29:49.667000 3604809 torch/distributed/run.py:793] *****************************************
W0226 14:29:49.667000 3604809 torch/distributed/run.py:793] Setting OMP_NUM_THREADS environment variable for each process to be 1 in default, to avoid your system being overloaded, please further tune the variable for optimal performance in your application as needed. 
W0226 14:29:49.667000 3604809 torch/distributed/run.py:793] *****************************************
W0226 14:29:49.800000 3373294 torch/distributed/run.py:793] 
W0226 14:29:49.800000 3373294 torch/distributed/run.py:793] *****************************************
W0226 14:29:49.800000 3373294 torch/distributed/run.py:793] Setting OMP_NUM_THREADS environment variable for each process to be 1 in default, to avoid your system being overloaded, please further tune the variable for optimal performance in your application as needed. 
W0226 14:29:49.800000 3373294 torch/distributed/run.py:793] *****************************************
W0226 14:29:49.843000 253354 torch/distributed/run.py:793] 
W0226 14:29:49.843000 253354 torch/distributed/run.py:793] *****************************************
W0226 14:29:49.843000 253354 torch/distributed/run.py:793] Setting OMP_NUM_THREADS environment variable for each process to be 1 in default, to avoid your system being overloaded, please further tune the variable for optimal performance in your application as needed. 
W0226 14:29:49.843000 253354 torch/distributed/run.py:793] *****************************************
tokens per iteration will be: 122,880
data directory: /tmpdir/m24047brmn/numbers/data/numtasks_sme_vardig_e9_numw2_curr_stage_v1_p3_d1_15
found vocab_size = 50304 (inside /tmpdir/m24047brmn/numbers/data/numtasks_sme_vardig_e9_numw2_curr_stage_v1_p3_d1_15/meta.pkl)
Resuming training from /tmpdir/m24047brmn/numbers/model_checkpoints/sme_vardig_e9_numw2_curr_stage_v1/ckpt_best.pt
/work/m24047/m24047brmn/numbers/GPT2/fe/train.py:211: FutureWarning: You are using `torch.load` with `weights_only=False` (the current default value), which uses the default pickle module implicitly. It is possible to construct malicious pickle data which will execute arbitrary code during unpickling (See https://github.com/pytorch/pytorch/blob/main/SECURITY.md#untrusted-models for more details). In a future release, the default value for `weights_only` will be flipped to `True`. This limits the functions that could be executed during unpickling. Arbitrary objects will no longer be allowed to be loaded via this mode unless they are explicitly allowlisted by the user via `torch.serialization.add_safe_globals`. We recommend you start setting `weights_only=True` for any use case where you don't have full control of the loaded file. Please open an issue on GitHub for any issues related to this experimental feature.
  checkpoint = torch.load(ckpt_path, map_location=device)
tokens per iteration will be: 122,880
tokens per iteration will be: 122,880
data directory: /tmpdir/m24047brmn/numbers/data/numtasks_sme_vardig_e9_numw2_curr_stage_v1_p3_d1_15
tokens per iteration will be: 122,880
data directory: /tmpdir/m24047brmn/numbers/data/numtasks_sme_vardig_e9_numw2_curr_stage_v1_p3_d1_15
data directory: /tmpdir/m24047brmn/numbers/data/numtasks_sme_vardig_e9_numw2_curr_stage_v1_p3_d1_15
found vocab_size = 50304 (inside /tmpdir/m24047brmn/numbers/data/numtasks_sme_vardig_e9_numw2_curr_stage_v1_p3_d1_15/meta.pkl)
Resuming training from /tmpdir/m24047brmn/numbers/model_checkpoints/sme_vardig_e9_numw2_curr_stage_v1/ckpt_best.pt
/work/m24047/m24047brmn/numbers/GPT2/fe/train.py:211: FutureWarning: You are using `torch.load` with `weights_only=False` (the current default value), which uses the default pickle module implicitly. It is possible to construct malicious pickle data which will execute arbitrary code during unpickling (See https://github.com/pytorch/pytorch/blob/main/SECURITY.md#untrusted-models for more details). In a future release, the default value for `weights_only` will be flipped to `True`. This limits the functions that could be executed during unpickling. Arbitrary objects will no longer be allowed to be loaded via this mode unless they are explicitly allowlisted by the user via `torch.serialization.add_safe_globals`. We recommend you start setting `weights_only=True` for any use case where you don't have full control of the loaded file. Please open an issue on GitHub for any issues related to this experimental feature.
  checkpoint = torch.load(ckpt_path, map_location=device)
found vocab_size = 50304 (inside /tmpdir/m24047brmn/numbers/data/numtasks_sme_vardig_e9_numw2_curr_stage_v1_p3_d1_15/meta.pkl)
Resuming training from /tmpdir/m24047brmn/numbers/model_checkpoints/sme_vardig_e9_numw2_curr_stage_v1/ckpt_best.pt
/work/m24047/m24047brmn/numbers/GPT2/fe/train.py:211: FutureWarning: You are using `torch.load` with `weights_only=False` (the current default value), which uses the default pickle module implicitly. It is possible to construct malicious pickle data which will execute arbitrary code during unpickling (See https://github.com/pytorch/pytorch/blob/main/SECURITY.md#untrusted-models for more details). In a future release, the default value for `weights_only` will be flipped to `True`. This limits the functions that could be executed during unpickling. Arbitrary objects will no longer be allowed to be loaded via this mode unless they are explicitly allowlisted by the user via `torch.serialization.add_safe_globals`. We recommend you start setting `weights_only=True` for any use case where you don't have full control of the loaded file. Please open an issue on GitHub for any issues related to this experimental feature.
  checkpoint = torch.load(ckpt_path, map_location=device)
found vocab_size = 50304 (inside /tmpdir/m24047brmn/numbers/data/numtasks_sme_vardig_e9_numw2_curr_stage_v1_p3_d1_15/meta.pkl)
Resuming training from /tmpdir/m24047brmn/numbers/model_checkpoints/sme_vardig_e9_numw2_curr_stage_v1/ckpt_best.pt
/work/m24047/m24047brmn/numbers/GPT2/fe/train.py:211: FutureWarning: You are using `torch.load` with `weights_only=False` (the current default value), which uses the default pickle module implicitly. It is possible to construct malicious pickle data which will execute arbitrary code during unpickling (See https://github.com/pytorch/pytorch/blob/main/SECURITY.md#untrusted-models for more details). In a future release, the default value for `weights_only` will be flipped to `True`. This limits the functions that could be executed during unpickling. Arbitrary objects will no longer be allowed to be loaded via this mode unless they are explicitly allowlisted by the user via `torch.serialization.add_safe_globals`. We recommend you start setting `weights_only=True` for any use case where you don't have full control of the loaded file. Please open an issue on GitHub for any issues related to this experimental feature.
  checkpoint = torch.load(ckpt_path, map_location=device)
tokens per iteration will be: 122,880
data directory: /tmpdir/m24047brmn/numbers/data/numtasks_sme_vardig_e9_numw2_curr_stage_v1_p3_d1_15
found vocab_size = 50304 (inside /tmpdir/m24047brmn/numbers/data/numtasks_sme_vardig_e9_numw2_curr_stage_v1_p3_d1_15/meta.pkl)
Resuming training from /tmpdir/m24047brmn/numbers/model_checkpoints/sme_vardig_e9_numw2_curr_stage_v1/ckpt_best.pt
/work/m24047/m24047brmn/numbers/GPT2/fe/train.py:211: FutureWarning: You are using `torch.load` with `weights_only=False` (the current default value), which uses the default pickle module implicitly. It is possible to construct malicious pickle data which will execute arbitrary code during unpickling (See https://github.com/pytorch/pytorch/blob/main/SECURITY.md#untrusted-models for more details). In a future release, the default value for `weights_only` will be flipped to `True`. This limits the functions that could be executed during unpickling. Arbitrary objects will no longer be allowed to be loaded via this mode unless they are explicitly allowlisted by the user via `torch.serialization.add_safe_globals`. We recommend you start setting `weights_only=True` for any use case where you don't have full control of the loaded file. Please open an issue on GitHub for any issues related to this experimental feature.
  checkpoint = torch.load(ckpt_path, map_location=device)
tokens per iteration will be: 122,880
tokens per iteration will be: 122,880
data directory: /tmpdir/m24047brmn/numbers/data/numtasks_sme_vardig_e9_numw2_curr_stage_v1_p3_d1_15
data directory: /tmpdir/m24047brmn/numbers/data/numtasks_sme_vardig_e9_numw2_curr_stage_v1_p3_d1_15
found vocab_size = 50304 (inside /tmpdir/m24047brmn/numbers/data/numtasks_sme_vardig_e9_numw2_curr_stage_v1_p3_d1_15/meta.pkl)
Resuming training from /tmpdir/m24047brmn/numbers/model_checkpoints/sme_vardig_e9_numw2_curr_stage_v1/ckpt_best.pt
/work/m24047/m24047brmn/numbers/GPT2/fe/train.py:211: FutureWarning: You are using `torch.load` with `weights_only=False` (the current default value), which uses the default pickle module implicitly. It is possible to construct malicious pickle data which will execute arbitrary code during unpickling (See https://github.com/pytorch/pytorch/blob/main/SECURITY.md#untrusted-models for more details). In a future release, the default value for `weights_only` will be flipped to `True`. This limits the functions that could be executed during unpickling. Arbitrary objects will no longer be allowed to be loaded via this mode unless they are explicitly allowlisted by the user via `torch.serialization.add_safe_globals`. We recommend you start setting `weights_only=True` for any use case where you don't have full control of the loaded file. Please open an issue on GitHub for any issues related to this experimental feature.
  checkpoint = torch.load(ckpt_path, map_location=device)
tokens per iteration will be: 122,880
data directory: /tmpdir/m24047brmn/numbers/data/numtasks_sme_vardig_e9_numw2_curr_stage_v1_p3_d1_15
found vocab_size = 50304 (inside /tmpdir/m24047brmn/numbers/data/numtasks_sme_vardig_e9_numw2_curr_stage_v1_p3_d1_15/meta.pkl)
Resuming training from /tmpdir/m24047brmn/numbers/model_checkpoints/sme_vardig_e9_numw2_curr_stage_v1/ckpt_best.pt
/work/m24047/m24047brmn/numbers/GPT2/fe/train.py:211: FutureWarning: You are using `torch.load` with `weights_only=False` (the current default value), which uses the default pickle module implicitly. It is possible to construct malicious pickle data which will execute arbitrary code during unpickling (See https://github.com/pytorch/pytorch/blob/main/SECURITY.md#untrusted-models for more details). In a future release, the default value for `weights_only` will be flipped to `True`. This limits the functions that could be executed during unpickling. Arbitrary objects will no longer be allowed to be loaded via this mode unless they are explicitly allowlisted by the user via `torch.serialization.add_safe_globals`. We recommend you start setting `weights_only=True` for any use case where you don't have full control of the loaded file. Please open an issue on GitHub for any issues related to this experimental feature.
  checkpoint = torch.load(ckpt_path, map_location=device)
found vocab_size = 50304 (inside /tmpdir/m24047brmn/numbers/data/numtasks_sme_vardig_e9_numw2_curr_stage_v1_p3_d1_15/meta.pkl)
Resuming training from /tmpdir/m24047brmn/numbers/model_checkpoints/sme_vardig_e9_numw2_curr_stage_v1/ckpt_best.pt
/work/m24047/m24047brmn/numbers/GPT2/fe/train.py:211: FutureWarning: You are using `torch.load` with `weights_only=False` (the current default value), which uses the default pickle module implicitly. It is possible to construct malicious pickle data which will execute arbitrary code during unpickling (See https://github.com/pytorch/pytorch/blob/main/SECURITY.md#untrusted-models for more details). In a future release, the default value for `weights_only` will be flipped to `True`. This limits the functions that could be executed during unpickling. Arbitrary objects will no longer be allowed to be loaded via this mode unless they are explicitly allowlisted by the user via `torch.serialization.add_safe_globals`. We recommend you start setting `weights_only=True` for any use case where you don't have full control of the loaded file. Please open an issue on GitHub for any issues related to this experimental feature.
  checkpoint = torch.load(ckpt_path, map_location=device)
Error in cpuinfo: prctl(PR_SVE_GET_VL) failed
Error in cpuinfo: prctl(PR_SVE_GET_VL) failed
Error in cpuinfo: prctl(PR_SVE_GET_VL) failed
Error in cpuinfo: prctl(PR_SVE_GET_VL) failed
Error in cpuinfo: prctl(PR_SVE_GET_VL) failed
Error in cpuinfo: prctl(PR_SVE_GET_VL) failed
Error in cpuinfo: prctl(PR_SVE_GET_VL) failed
Error in cpuinfo: prctl(PR_SVE_GET_VL) failed
number of parameters: 22.42M
number of parameters: 22.42M
number of parameters: 22.42M
number of parameters: 22.42M
number of parameters: 22.42M
/work/m24047/m24047brmn/numbers/GPT2/fe/train.py:240: FutureWarning: `torch.cuda.amp.GradScaler(args...)` is deprecated. Please use `torch.amp.GradScaler('cuda', args...)` instead.
  scaler = torch.cuda.amp.GradScaler(enabled=(dtype == 'float16'))
optimizer parameter groups:
  transformer_decay: 50 tensors, 22,380,544 params, weight_decay=0.1, lr_scale=1.0
  transformer_nodecay: 25 tensors, 6,400 params, weight_decay=0.0, lr_scale=1.0
  adapter_decay: 2 tensors, 98,304 params, weight_decay=0.1, lr_scale=0.5
  adapter_nodecay: 2 tensors, 512 params, weight_decay=0.0, lr_scale=0.5
/work/m24047/m24047brmn/numbers/GPT2/fe/train.py:240: FutureWarning: `torch.cuda.amp.GradScaler(args...)` is deprecated. Please use `torch.amp.GradScaler('cuda', args...)` instead.
  scaler = torch.cuda.amp.GradScaler(enabled=(dtype == 'float16'))
optimizer parameter groups:
  transformer_decay: 50 tensors, 22,380,544 params, weight_decay=0.1, lr_scale=1.0
  transformer_nodecay: 25 tensors, 6,400 params, weight_decay=0.0, lr_scale=1.0
  adapter_decay: 2 tensors, 98,304 params, weight_decay=0.1, lr_scale=0.5
  adapter_nodecay: 2 tensors, 512 params, weight_decay=0.0, lr_scale=0.5
number of parameters: 22.42M
number of parameters: 22.42M
number of parameters: 22.42M
/work/m24047/m24047brmn/numbers/GPT2/fe/train.py:240: FutureWarning: `torch.cuda.amp.GradScaler(args...)` is deprecated. Please use `torch.amp.GradScaler('cuda', args...)` instead.
  scaler = torch.cuda.amp.GradScaler(enabled=(dtype == 'float16'))
optimizer parameter groups:
  transformer_decay: 50 tensors, 22,380,544 params, weight_decay=0.1, lr_scale=1.0
  transformer_nodecay: 25 tensors, 6,400 params, weight_decay=0.0, lr_scale=1.0
  adapter_decay: 2 tensors, 98,304 params, weight_decay=0.1, lr_scale=0.5
  adapter_nodecay: 2 tensors, 512 params, weight_decay=0.0, lr_scale=0.5
/work/m24047/m24047brmn/numbers/GPT2/fe/train.py:240: FutureWarning: `torch.cuda.amp.GradScaler(args...)` is deprecated. Please use `torch.amp.GradScaler('cuda', args...)` instead.
  scaler = torch.cuda.amp.GradScaler(enabled=(dtype == 'float16'))
optimizer parameter groups:
  transformer_decay: 50 tensors, 22,380,544 params, weight_decay=0.1, lr_scale=1.0
/work/m24047/m24047brmn/numbers/GPT2/fe/train.py:240: FutureWarning: `torch.cuda.amp.GradScaler(args...)` is deprecated. Please use `torch.amp.GradScaler('cuda', args...)` instead.
  scaler = torch.cuda.amp.GradScaler(enabled=(dtype == 'float16'))
  transformer_nodecay: 25 tensors, 6,400 params, weight_decay=0.0, lr_scale=1.0
  adapter_decay: 2 tensors, 98,304 params, weight_decay=0.1, lr_scale=0.5
  adapter_nodecay: 2 tensors, 512 params, weight_decay=0.0, lr_scale=0.5
optimizer parameter groups:
  transformer_decay: 50 tensors, 22,380,544 params, weight_decay=0.1, lr_scale=1.0
  transformer_nodecay: 25 tensors, 6,400 params, weight_decay=0.0, lr_scale=1.0
  adapter_decay: 2 tensors, 98,304 params, weight_decay=0.1, lr_scale=0.5
  adapter_nodecay: 2 tensors, 512 params, weight_decay=0.0, lr_scale=0.5
/work/m24047/m24047brmn/numbers/GPT2/fe/train.py:240: FutureWarning: `torch.cuda.amp.GradScaler(args...)` is deprecated. Please use `torch.amp.GradScaler('cuda', args...)` instead.
  scaler = torch.cuda.amp.GradScaler(enabled=(dtype == 'float16'))
optimizer parameter groups:
  transformer_decay: 50 tensors, 22,380,544 params, weight_decay=0.1, lr_scale=1.0
  transformer_nodecay: 25 tensors, 6,400 params, weight_decay=0.0, lr_scale=1.0
  adapter_decay: 2 tensors, 98,304 params, weight_decay=0.1, lr_scale=0.5
  adapter_nodecay: 2 tensors, 512 params, weight_decay=0.0, lr_scale=0.5
/work/m24047/m24047brmn/numbers/GPT2/fe/train.py:240: FutureWarning: `torch.cuda.amp.GradScaler(args...)` is deprecated. Please use `torch.amp.GradScaler('cuda', args...)` instead.
  scaler = torch.cuda.amp.GradScaler(enabled=(dtype == 'float16'))
optimizer parameter groups:
  transformer_decay: 50 tensors, 22,380,544 params, weight_decay=0.1, lr_scale=1.0
  transformer_nodecay: 25 tensors, 6,400 params, weight_decay=0.0, lr_scale=1.0
  adapter_decay: 2 tensors, 98,304 params, weight_decay=0.1, lr_scale=0.5
  adapter_nodecay: 2 tensors, 512 params, weight_decay=0.0, lr_scale=0.5
/work/m24047/m24047brmn/numbers/GPT2/fe/train.py:240: FutureWarning: `torch.cuda.amp.GradScaler(args...)` is deprecated. Please use `torch.amp.GradScaler('cuda', args...)` instead.
  scaler = torch.cuda.amp.GradScaler(enabled=(dtype == 'float16'))
optimizer parameter groups:
  transformer_decay: 50 tensors, 22,380,544 params, weight_decay=0.1, lr_scale=1.0
  transformer_nodecay: 25 tensors, 6,400 params, weight_decay=0.0, lr_scale=1.0
  adapter_decay: 2 tensors, 98,304 params, weight_decay=0.1, lr_scale=0.5
  adapter_nodecay: 2 tensors, 512 params, weight_decay=0.0, lr_scale=0.5
using fused AdamW: True
compiling the model... (takes a ~minute)
using fused AdamW: True
compiling the model... (takes a ~minute)
using fused AdamW: True
compiling the model... (takes a ~minute)
using fused AdamW: True
compiling the model... (takes a ~minute)
using fused AdamW: True
compiling the model... (takes a ~minute)
using fused AdamW: True
using fused AdamW: True
compiling the model... (takes a ~minute)
compiling the model... (takes a ~minute)
using fused AdamW: True
compiling the model... (takes a ~minute)
step 25000: train loss 0.9871, val loss 0.9900
saving checkpoint to /tmpdir/m24047brmn/numbers/model_checkpoints/sme_vardig_e9_numw2_curr_stage_v1/ckpt_iter25000.pt
iter 25000: loss 1.0523, time 195893.32ms, mfu -100.00%
  === DIAG iter 25000 ===
  loss: 1.0523
  grads: total 1.0000, transformer 0.6935, adapter 0.7204
  <NUM> input tokens: 464/3072 (15.1%)
  lr: base 1.62e-04, adapter 8.08e-05
  SME accuracy: overall 0.456, sign 0.991, exp 0.964, digit 0.267, end 0.846 [d0 0.872 d1 0.488 d2 0.273 d3 0.082 d4 0.100 d5 0.062 d6 0.065 d7 0.066 d8 0.071 d9 0.125 d10 0.229 d11 0.222 d12 0.300 d13 0.250 d14 0.273] (1198 SME tokens)
  --- Sample eval (val) ---
  ADD: <9.11429e+08> + <1.04195> →
    target: 9.114e+08
    pred:   8.265e+08
    error:  84969000.01

  <-8e+08> <4.75151e+08> <1.32996e+08> <4.52104e-05> →
    target: -1.918e+08
    pred:   7.2e+08
    error:  911890551.19

  SUM: <0.009772> <886.38> <458.848> <7.81e-05> <-9.49391e+08> <500000> <1.04656e+08> <3.37e+08> →
    target: -5.072e+08
    pred:   -5.17e+08
    error:  9766543.83

   <-0.049> →
    target: 4.877e+08
    pred:   INVALID(unparseable)

  D2D0D0D1D3D7END
    target: 8.535e-09 0.7807 130.7 4.601e+07
    pred:   9.302e+08 1.144e-08 4.69 1.07e+08
    error:  930210000.00 0.78 126.03 60950799.00

iter 25001: loss 0.8461, time 3713.88ms, mfu -100.00%
iter 25002: loss 0.8512, time 521.51ms, mfu -100.00%
iter 25003: loss 0.8904, time 357.20ms, mfu -100.00%
iter 25004: loss 0.8017, time 415.72ms, mfu -100.00%
iter 25005: loss 0.7937, time 210.76ms, mfu 3.36%
iter 25006: loss 0.7451, time 498.81ms, mfu 3.17%
iter 25007: loss 0.8316, time 491.73ms, mfu 3.00%
iter 25008: loss 0.8612, time 429.26ms, mfu 2.86%
iter 25009: loss 0.8033, time 361.91ms, mfu 2.77%
iter 25010: loss 0.7299, time 320.44ms, mfu 2.72%
iter 25011: loss 0.8914, time 456.57ms, mfu 2.60%
iter 25012: loss 0.7109, time 345.55ms, mfu 2.54%
iter 25013: loss 0.8315, time 420.71ms, mfu 2.46%
iter 25014: loss 0.7635, time 322.11ms, mfu 2.43%
iter 25015: loss 0.7887, time 442.10ms, mfu 2.35%
iter 25016: loss 0.7555, time 331.66ms, mfu 2.33%
iter 25017: loss 0.7805, time 475.45ms, mfu 2.24%
iter 25018: loss 0.7654, time 389.08ms, mfu 2.20%
iter 25019: loss 0.6822, time 442.19ms, mfu 2.14%
iter 25020: loss 0.7519, time 456.26ms, mfu 2.08%
iter 25021: loss 0.6523, time 386.63ms, mfu 2.06%
iter 25022: loss 0.6779, time 354.33ms, mfu 2.05%
iter 25023: loss 0.8339, time 511.46ms, mfu 1.99%
iter 25024: loss 0.7842, time 403.63ms, mfu 1.96%
iter 25025: loss 0.7254, time 359.42ms, mfu 1.96%
iter 25026: loss 0.8068, time 319.38ms, mfu 1.99%
iter 25027: loss 0.7413, time 402.96ms, mfu 1.97%
iter 25028: loss 0.7633, time 223.13ms, mfu 2.09%
iter 25029: loss 0.7108, time 474.24ms, mfu 2.03%
iter 25030: loss 0.6794, time 440.90ms, mfu 1.99%
iter 25031: loss 0.7016, time 276.09ms, mfu 2.04%
iter 25032: loss 0.7200, time 511.78ms, mfu 1.98%
iter 25033: loss 0.7518, time 352.82ms, mfu 1.98%
iter 25034: loss 0.7833, time 515.79ms, mfu 1.92%
iter 25035: loss 0.7228, time 422.77ms, mfu 1.90%
iter 25036: loss 0.6256, time 360.82ms, mfu 1.90%
iter 25037: loss 0.7372, time 410.99ms, mfu 1.88%
iter 25038: loss 0.7171, time 294.60ms, mfu 1.94%
iter 25039: loss 0.8164, time 384.05ms, mfu 1.93%
iter 25040: loss 0.8226, time 335.69ms, mfu 1.95%
iter 25041: loss 0.6982, time 537.72ms, mfu 1.88%
iter 25042: loss 0.8292, time 463.30ms, mfu 1.85%
iter 25043: loss 0.7799, time 514.02ms, mfu 1.80%
iter 25044: loss 0.7582, time 462.60ms, mfu 1.77%
iter 25045: loss 0.7143, time 317.44ms, mfu 1.82%
iter 25046: loss 0.7958, time 345.77ms, mfu 1.84%
iter 25047: loss 0.7759, time 334.85ms, mfu 1.87%
iter 25048: loss 0.7447, time 362.02ms, mfu 1.88%
iter 25049: loss 0.7354, time 329.22ms, mfu 1.91%
iter 25050: loss 0.7886, time 415.08ms, mfu 1.89%
iter 25051: loss 0.7356, time 366.57ms, mfu 1.89%
iter 25052: loss 0.6895, time 461.96ms, mfu 1.86%
iter 25053: loss 0.7427, time 442.98ms, mfu 1.83%
iter 25054: loss 0.7654, time 389.37ms, mfu 1.83%
iter 25055: loss 0.7806, time 449.21ms, mfu 1.80%
iter 25056: loss 0.7107, time 512.42ms, mfu 1.76%
iter 25057: loss 0.5728, time 480.32ms, mfu 1.73%
iter 25058: loss 0.7131, time 431.36ms, mfu 1.72%
iter 25059: loss 0.7429, time 331.98ms, mfu 1.77%
iter 25060: loss 0.7506, time 360.79ms, mfu 1.79%
iter 25061: loss 0.8143, time 346.44ms, mfu 1.81%
iter 25062: loss 0.7141, time 406.55ms, mfu 1.80%
iter 25063: loss 0.7445, time 374.04ms, mfu 1.81%
iter 25064: loss 0.6885, time 309.92ms, mfu 1.86%
iter 25065: loss 0.7632, time 415.03ms, mfu 1.85%
iter 25066: loss 0.8450, time 426.87ms, mfu 1.83%
iter 25067: loss 0.8057, time 558.20ms, mfu 1.77%
iter 25068: loss 0.6985, time 224.19ms, mfu 1.91%
iter 25069: loss 0.7392, time 345.14ms, mfu 1.92%
iter 25070: loss 0.7757, time 485.28ms, mfu 1.88%
iter 25071: loss 0.7897, time 437.37ms, mfu 1.85%
iter 25072: loss 0.7507, time 502.15ms, mfu 1.81%
iter 25073: loss 0.7333, time 375.85ms, mfu 1.82%
iter 25074: loss 0.7854, time 466.06ms, mfu 1.79%
iter 25075: loss 0.7519, time 360.22ms, mfu 1.80%
iter 25076: loss 0.6613, time 319.96ms, mfu 1.85%
iter 25077: loss 0.8428, time 459.40ms, mfu 1.82%
iter 25078: loss 0.6807, time 330.16ms, mfu 1.85%
iter 25079: loss 0.7832, time 649.72ms, mfu 1.77%
iter 25080: loss 0.7417, time 420.35ms, mfu 1.76%
iter 25081: loss 0.7794, time 437.86ms, mfu 1.75%
iter 25082: loss 0.7851, time 362.45ms, mfu 1.77%
iter 25083: loss 0.6961, time 358.23ms, mfu 1.79%
iter 25084: loss 0.7734, time 487.88ms, mfu 1.76%
iter 25085: loss 0.7870, time 335.43ms, mfu 1.79%
iter 25086: loss 0.6624, time 372.13ms, mfu 1.80%
iter 25087: loss 0.8305, time 381.99ms, mfu 1.81%
iter 25088: loss 0.7430, time 393.52ms, mfu 1.81%
iter 25089: loss 0.7496, time 302.67ms, mfu 1.86%
iter 25090: loss 0.7439, time 481.87ms, mfu 1.82%
iter 25091: loss 0.8153, time 345.96ms, mfu 1.85%
iter 25092: loss 0.7096, time 330.53ms, mfu 1.87%
iter 25093: loss 0.7922, time 295.85ms, mfu 1.93%
iter 25094: loss 0.7710, time 457.77ms, mfu 1.89%
iter 25095: loss 0.7458, time 244.60ms, mfu 1.99%
iter 25096: loss 0.7566, time 433.94ms, mfu 1.95%
iter 25097: loss 0.8090, time 252.76ms, mfu 2.04%
iter 25098: loss 0.7005, time 304.88ms, mfu 2.07%
iter 25099: loss 0.6245, time 450.02ms, mfu 2.02%
iter 25100: loss 0.7539, time 616.56ms, mfu 1.93%
  === DIAG iter 25100 ===
  loss: 0.7539
  grads: total 1.0000, transformer 0.1305, adapter 0.9915
  <NUM> input tokens: 444/3072 (14.5%)
  lr: base 1.60e-04, adapter 8.01e-05
  SME accuracy: overall 0.444, sign 0.991, exp 0.897, digit 0.272, end 0.783 [d0 0.821 d1 0.281 d2 0.235 d3 0.183 d4 0.171 d5 0.149 d6 0.143 d7 0.155 d8 0.143 d9 0.128 d10 0.235 d11 0.250 d12 0.194 d13 0.222 d14 0.048] (1255 SME tokens)
iter 25101: loss 0.8083, time 178.12ms, mfu 2.14%
iter 25102: loss 0.6361, time 324.64ms, mfu 2.14%
iter 25103: loss 0.7560, time 416.22ms, mfu 2.10%
iter 25104: loss 0.7010, time 488.68ms, mfu 2.03%
iter 25105: loss 0.8080, time 273.50ms, mfu 2.09%
iter 25106: loss 0.6810, time 299.80ms, mfu 2.12%
iter 25107: loss 0.7662, time 261.95ms, mfu 2.17%
iter 25108: loss 0.7813, time 454.04ms, mfu 2.11%
iter 25109: loss 0.7326, time 359.65ms, mfu 2.10%
iter 25110: loss 0.8083, time 404.80ms, mfu 2.06%
iter 25111: loss 0.7074, time 295.15ms, mfu 2.10%
iter 25112: loss 0.7875, time 351.21ms, mfu 2.09%
iter 25113: loss 0.7058, time 258.42ms, mfu 2.16%
iter 25114: loss 0.7172, time 318.09ms, mfu 2.16%
iter 25115: loss 0.7465, time 446.18ms, mfu 2.11%
iter 25116: loss 0.7009, time 338.75ms, mfu 2.10%
iter 25117: loss 0.7100, time 340.95ms, mfu 2.10%
iter 25118: loss 0.6995, time 462.86ms, mfu 2.04%
iter 25119: loss 0.6703, time 283.37ms, mfu 2.09%
iter 25120: loss 0.7299, time 397.03ms, mfu 2.06%
iter 25121: loss 0.7741, time 408.81ms, mfu 2.03%
iter 25122: loss 0.6864, time 325.34ms, mfu 2.04%
iter 25123: loss 0.7655, time 348.79ms, mfu 2.04%
iter 25124: loss 0.6956, time 175.57ms, mfu 2.24%
iter 25125: loss 0.6257, time 450.46ms, mfu 2.17%
iter 25126: loss 0.7216, time 340.23ms, mfu 2.16%
iter 25127: loss 0.7905, time 255.84ms, mfu 2.23%
iter 25128: loss 0.7734, time 299.66ms, mfu 2.24%
iter 25129: loss 0.7849, time 259.18ms, mfu 2.29%
iter 25130: loss 0.7697, time 365.19ms, mfu 2.25%
iter 25131: loss 0.8664, time 306.21ms, mfu 2.26%
iter 25132: loss 0.7194, time 281.41ms, mfu 2.29%
iter 25133: loss 0.7447, time 431.83ms, mfu 2.22%
iter 25134: loss 0.8270, time 387.10ms, mfu 2.18%
iter 25135: loss 0.8537, time 438.47ms, mfu 2.13%
iter 25136: loss 0.7516, time 298.71ms, mfu 2.15%
iter 25137: loss 0.7118, time 458.39ms, mfu 2.09%
iter 25138: loss 0.6494, time 289.76ms, mfu 2.13%
iter 25139: loss 0.7253, time 321.73ms, mfu 2.13%
iter 25140: loss 0.6987, time 224.62ms, mfu 2.24%
iter 25141: loss 0.7285, time 400.10ms, mfu 2.19%
iter 25142: loss 0.7367, time 345.78ms, mfu 2.18%
iter 25143: loss 0.7627, time 258.33ms, mfu 2.23%
iter 25144: loss 0.7513, time 478.31ms, mfu 2.16%
iter 25145: loss 0.6951, time 434.02ms, mfu 2.10%
iter 25146: loss 0.7613, time 408.45ms, mfu 2.07%
iter 25147: loss 0.8462, time 291.08ms, mfu 2.10%
iter 25148: loss 0.7760, time 385.37ms, mfu 2.08%
iter 25149: loss 0.7472, time 460.99ms, mfu 2.02%
iter 25150: loss 0.6903, time 472.54ms, mfu 1.97%
iter 25151: loss 0.8247, time 458.24ms, mfu 1.93%
iter 25152: loss 0.7609, time 475.12ms, mfu 1.89%
iter 25153: loss 0.6356, time 487.09ms, mfu 1.84%
iter 25154: loss 0.8356, time 300.09ms, mfu 1.89%
iter 25155: loss 0.7350, time 345.77ms, mfu 1.91%
iter 25156: loss 0.8386, time 372.93ms, mfu 1.91%
iter 25157: loss 0.7122, time 358.88ms, mfu 1.92%
iter 25158: loss 0.6665, time 252.65ms, mfu 2.00%
iter 25159: loss 0.7778, time 378.99ms, mfu 1.99%
iter 25160: loss 0.6533, time 341.89ms, mfu 2.00%
iter 25161: loss 0.6800, time 264.87ms, mfu 2.07%
iter 25162: loss 0.7785, time 515.75ms, mfu 2.00%
iter 25163: loss 0.7097, time 293.81ms, mfu 2.04%
iter 25164: loss 0.7737, time 472.58ms, mfu 1.99%
iter 25165: loss 0.7346, time 387.59ms, mfu 1.97%
iter 25166: loss 0.8117, time 359.61ms, mfu 1.97%
iter 25167: loss 0.6702, time 336.23ms, mfu 1.98%
iter 25168: loss 0.6915, time 452.72ms, mfu 1.94%
iter 25169: loss 0.7966, time 431.56ms, mfu 1.91%
iter 25170: loss 0.7799, time 466.98ms, mfu 1.87%
iter 25171: loss 0.7407, time 372.80ms, mfu 1.88%
iter 25172: loss 0.6945, time 282.64ms, mfu 1.94%
iter 25173: loss 0.6674, time 558.05ms, mfu 1.87%
iter 25174: loss 0.6455, time 278.17ms, mfu 1.94%
iter 25175: loss 0.7690, time 396.69ms, mfu 1.92%
iter 25176: loss 0.6977, time 351.65ms, mfu 1.93%
iter 25177: loss 0.7412, time 350.59ms, mfu 1.94%
iter 25178: loss 0.7866, time 407.62ms, mfu 1.92%
iter 25179: loss 0.7205, time 353.06ms, mfu 1.93%
iter 25180: loss 0.7735, time 341.11ms, mfu 1.94%
iter 25181: loss 0.6435, time 370.46ms, mfu 1.94%
iter 25182: loss 0.6829, time 294.20ms, mfu 1.99%
iter 25183: loss 0.6456, time 516.79ms, mfu 1.93%
iter 25184: loss 0.7271, time 354.10ms, mfu 1.93%
iter 25185: loss 0.7497, time 314.31ms, mfu 1.97%
iter 25186: loss 0.7640, time 426.36ms, mfu 1.94%
iter 25187: loss 0.6710, time 364.78ms, mfu 1.94%
iter 25188: loss 0.8184, time 435.53ms, mfu 1.91%
iter 25189: loss 0.7704, time 335.14ms, mfu 1.93%
iter 25190: loss 0.8319, time 446.20ms, mfu 1.89%
iter 25191: loss 0.7188, time 224.11ms, mfu 2.02%
iter 25192: loss 0.7900, time 526.17ms, mfu 1.95%
iter 25193: loss 0.7096, time 391.95ms, mfu 1.94%
iter 25194: loss 0.6562, time 428.76ms, mfu 1.91%
iter 25195: loss 0.7772, time 262.94ms, mfu 1.99%
iter 25196: loss 0.7654, time 500.47ms, mfu 1.93%
iter 25197: loss 0.7226, time 308.70ms, mfu 1.97%
iter 25198: loss 0.7756, time 311.05ms, mfu 2.00%
iter 25199: loss 0.7329, time 303.12ms, mfu 2.03%
iter 25200: loss 0.8154, time 642.87ms, mfu 1.94%
  === DIAG iter 25200 ===
  loss: 0.8154
  grads: total 1.0000, transformer 0.0758, adapter 0.9971
  <NUM> input tokens: 447/3072 (14.6%)
  lr: base 1.59e-04, adapter 7.94e-05
  SME accuracy: overall 0.393, sign 0.904, exp 0.920, digit 0.207, end 0.832 [d0 0.743 d1 0.299 d2 0.123 d3 0.101 d4 0.130 d5 0.133 d6 0.116 d7 0.123 d8 0.052 d9 0.105 d10 0.061 d11 0.115 d12 0.095 d13 0.105 d14 0.000] (1230 SME tokens)
iter 25201: loss 0.7267, time 226.87ms, mfu 2.06%
iter 25202: loss 0.6919, time 303.38ms, mfu 2.09%
iter 25203: loss 0.7666, time 358.59ms, mfu 2.07%
iter 25204: loss 0.8771, time 481.68ms, mfu 2.01%
iter 25205: loss 0.8596, time 433.30ms, mfu 1.98%
iter 25206: loss 0.7448, time 339.47ms, mfu 1.99%
iter 25207: loss 0.7925, time 534.99ms, mfu 1.92%
iter 25208: loss 0.7836, time 371.35ms, mfu 1.92%
iter 25209: loss 0.7336, time 463.98ms, mfu 1.88%
iter 25210: loss 0.7399, time 329.76ms, mfu 1.91%
iter 25211: loss 0.6767, time 307.47ms, mfu 1.95%
iter 25212: loss 0.8044, time 480.91ms, mfu 1.90%
iter 25213: loss 0.7780, time 440.71ms, mfu 1.87%
iter 25214: loss 0.8113, time 356.49ms, mfu 1.88%
iter 25215: loss 0.8282, time 363.57ms, mfu 1.89%
iter 25216: loss 0.8294, time 420.19ms, mfu 1.87%
iter 25217: loss 0.7722, time 415.18ms, mfu 1.85%
iter 25218: loss 0.6767, time 254.14ms, mfu 1.95%
iter 25219: loss 0.7178, time 442.66ms, mfu 1.91%
iter 25220: loss 0.7736, time 256.82ms, mfu 2.00%
iter 25221: loss 0.7463, time 483.47ms, mfu 1.94%
iter 25222: loss 0.8728, time 317.55ms, mfu 1.97%
iter 25223: loss 0.8019, time 502.51ms, mfu 1.92%
iter 25224: loss 0.6735, time 296.01ms, mfu 1.96%
iter 25225: loss 0.6037, time 442.90ms, mfu 1.93%
iter 25226: loss 0.7045, time 397.50ms, mfu 1.91%
iter 25227: loss 0.8307, time 237.29ms, mfu 2.02%
iter 25228: loss 0.6719, time 395.17ms, mfu 2.00%
iter 25229: loss 0.7703, time 387.94ms, mfu 1.98%
iter 25230: loss 0.7900, time 440.53ms, mfu 1.94%
iter 25231: loss 0.7377, time 417.08ms, mfu 1.92%
iter 25232: loss 0.7965, time 245.33ms, mfu 2.02%
iter 25233: loss 0.7605, time 304.40ms, mfu 2.05%
iter 25234: loss 0.8072, time 475.21ms, mfu 1.99%
iter 25235: loss 0.7402, time 410.90ms, mfu 1.97%
iter 25236: loss 0.6819, time 359.59ms, mfu 1.97%
iter 25237: loss 0.7197, time 578.33ms, mfu 1.89%
iter 25238: loss 0.7423, time 369.01ms, mfu 1.89%
iter 25239: loss 0.7232, time 475.52ms, mfu 1.85%
iter 25240: loss 0.7009, time 362.43ms, mfu 1.86%
iter 25241: loss 0.7885, time 401.29ms, mfu 1.85%
iter 25242: loss 0.6981, time 360.59ms, mfu 1.87%
iter 25243: loss 0.7680, time 418.51ms, mfu 1.85%
iter 25244: loss 0.7704, time 327.66ms, mfu 1.88%
iter 25245: loss 0.8073, time 246.10ms, mfu 1.98%
iter 25246: loss 0.6920, time 378.99ms, mfu 1.97%
iter 25247: loss 0.7118, time 227.93ms, mfu 2.08%
iter 25248: loss 0.6391, time 476.88ms, mfu 2.02%
iter 25249: loss 0.7119, time 354.81ms, mfu 2.02%
iter 25250: loss 0.7073, time 382.59ms, mfu 2.00%
iter 25251: loss 0.7207, time 502.13ms, mfu 1.94%
iter 25252: loss 0.7069, time 361.75ms, mfu 1.95%
iter 25253: loss 0.7743, time 315.79ms, mfu 1.98%
iter 25254: loss 0.7399, time 431.00ms, mfu 1.94%
iter 25255: loss 0.8027, time 242.33ms, mfu 2.04%
iter 25256: loss 0.7211, time 384.05ms, mfu 2.02%
iter 25257: loss 0.7005, time 502.38ms, mfu 1.96%
iter 25258: loss 0.6781, time 408.76ms, mfu 1.94%
iter 25259: loss 0.6768, time 245.28ms, mfu 2.03%
iter 25260: loss 0.7247, time 415.59ms, mfu 2.00%
iter 25261: loss 0.6856, time 454.88ms, mfu 1.96%
iter 25262: loss 0.6992, time 404.91ms, mfu 1.94%
iter 25263: loss 0.6074, time 425.45ms, mfu 1.91%
iter 25264: loss 0.7736, time 316.87ms, mfu 1.94%
iter 25265: loss 0.7632, time 411.88ms, mfu 1.92%
iter 25266: loss 0.6815, time 204.38ms, mfu 2.07%
iter 25267: loss 0.7795, time 248.71ms, mfu 2.15%
iter 25268: loss 0.6386, time 319.48ms, mfu 2.16%
iter 25269: loss 0.6739, time 461.17ms, mfu 2.10%
iter 25270: loss 0.8096, time 596.36ms, mfu 2.01%
iter 25271: loss 0.7451, time 328.05ms, mfu 2.02%
iter 25272: loss 0.6046, time 404.73ms, mfu 1.99%
iter 25273: loss 0.6676, time 451.30ms, mfu 1.95%
iter 25274: loss 0.7252, time 411.57ms, mfu 1.93%
iter 25275: loss 0.6895, time 451.40ms, mfu 1.89%
iter 25276: loss 0.7038, time 296.65ms, mfu 1.94%
iter 25277: loss 0.6807, time 306.99ms, mfu 1.98%
iter 25278: loss 0.7165, time 369.69ms, mfu 1.97%
iter 25279: loss 0.6685, time 404.28ms, mfu 1.95%
iter 25280: loss 0.8101, time 519.80ms, mfu 1.89%
iter 25281: loss 0.8153, time 507.74ms, mfu 1.84%
iter 25282: loss 0.7189, time 400.19ms, mfu 1.84%
iter 25283: loss 0.7564, time 310.37ms, mfu 1.88%
iter 25284: loss 0.7607, time 429.72ms, mfu 1.86%
iter 25285: loss 0.7567, time 299.88ms, mfu 1.91%
iter 25286: loss 0.7254, time 422.86ms, mfu 1.88%
iter 25287: loss 0.7199, time 337.98ms, mfu 1.91%
iter 25288: loss 0.7424, time 291.49ms, mfu 1.96%
iter 25289: loss 0.6494, time 411.56ms, mfu 1.93%
iter 25290: loss 0.7386, time 405.24ms, mfu 1.92%
iter 25291: loss 0.7261, time 237.91ms, mfu 2.02%
iter 25292: loss 0.7520, time 456.45ms, mfu 1.98%
iter 25293: loss 0.7119, time 414.42ms, mfu 1.95%
iter 25294: loss 0.6873, time 375.45ms, mfu 1.94%
iter 25295: loss 0.7036, time 378.78ms, mfu 1.94%
iter 25296: loss 0.6958, time 227.80ms, mfu 2.05%
iter 25297: loss 0.7870, time 391.04ms, mfu 2.03%
iter 25298: loss 0.7086, time 278.73ms, mfu 2.08%
iter 25299: loss 0.6361, time 543.73ms, mfu 2.00%
iter 25300: loss 0.6726, time 778.56ms, mfu 1.89%
  === DIAG iter 25300 ===
  loss: 0.6726
  grads: total 1.0000, transformer 0.2072, adapter 0.9783
  <NUM> input tokens: 377/3072 (12.3%)
  lr: base 1.57e-04, adapter 7.87e-05
  SME accuracy: overall 0.476, sign 0.973, exp 0.920, digit 0.283, end 0.845 [d0 0.811 d1 0.291 d2 0.189 d3 0.145 d4 0.108 d5 0.270 d6 0.161 d7 0.143 d8 0.151 d9 0.269 d10 0.364 d11 0.300 d12 0.222 d13 0.167 d14 0.214] (1114 SME tokens)
iter 25301: loss 0.8020, time 177.59ms, mfu 2.10%
iter 25302: loss 0.6954, time 397.04ms, mfu 2.07%
iter 25303: loss 0.7317, time 312.60ms, mfu 2.09%
iter 25304: loss 0.7652, time 499.04ms, mfu 2.02%
iter 25305: loss 0.8053, time 391.28ms, mfu 2.00%
iter 25306: loss 0.6977, time 481.07ms, mfu 1.95%
iter 25307: loss 0.7538, time 211.60ms, mfu 2.09%
iter 25308: loss 0.7986, time 499.30ms, mfu 2.02%
iter 25309: loss 0.7019, time 313.22ms, mfu 2.05%
iter 25310: loss 0.6833, time 380.91ms, mfu 2.03%
iter 25311: loss 0.6719, time 475.98ms, mfu 1.97%
iter 25312: loss 0.7519, time 333.83ms, mfu 1.99%
iter 25313: loss 0.8318, time 465.49ms, mfu 1.94%
iter 25314: loss 0.6791, time 456.11ms, mfu 1.90%
iter 25315: loss 0.6848, time 283.90ms, mfu 1.96%
iter 25316: loss 0.6661, time 333.40ms, mfu 1.98%
iter 25317: loss 0.7566, time 438.08ms, mfu 1.94%
iter 25318: loss 0.7698, time 373.95ms, mfu 1.94%
iter 25319: loss 0.6313, time 274.16ms, mfu 2.00%
iter 25320: loss 0.7022, time 498.61ms, mfu 1.94%
iter 25321: loss 0.7836, time 405.21ms, mfu 1.93%
iter 25322: loss 0.7667, time 293.30ms, mfu 1.97%
iter 25323: loss 0.7588, time 382.30ms, mfu 1.96%
iter 25324: loss 0.7247, time 357.36ms, mfu 1.96%
iter 25325: loss 0.7083, time 475.90ms, mfu 1.92%
iter 25326: loss 0.7182, time 364.01ms, mfu 1.92%
iter 25327: loss 0.6508, time 286.87ms, mfu 1.97%
iter 25328: loss 0.7804, time 460.23ms, mfu 1.93%
iter 25329: loss 0.7135, time 296.69ms, mfu 1.98%
iter 25330: loss 0.6992, time 387.04ms, mfu 1.96%
iter 25331: loss 0.7034, time 516.16ms, mfu 1.90%
iter 25332: loss 0.7607, time 383.84ms, mfu 1.90%
iter 25333: loss 0.7033, time 425.62ms, mfu 1.87%
iter 25334: loss 0.7454, time 304.19ms, mfu 1.92%
iter 25335: loss 0.6927, time 318.51ms, mfu 1.95%
iter 25336: loss 0.6995, time 384.49ms, mfu 1.94%
iter 25337: loss 0.7204, time 411.09ms, mfu 1.92%
iter 25338: loss 0.6692, time 365.66ms, mfu 1.92%
iter 25339: loss 0.6956, time 481.57ms, mfu 1.88%
iter 25340: loss 0.8400, time 288.98ms, mfu 1.93%
iter 25341: loss 0.7636, time 272.05ms, mfu 2.00%
iter 25342: loss 0.7805, time 448.77ms, mfu 1.96%
iter 25343: loss 0.7406, time 456.03ms, mfu 1.92%
iter 25344: loss 0.6913, time 327.85ms, mfu 1.94%
iter 25345: loss 0.8043, time 531.47ms, mfu 1.88%
iter 25346: loss 0.6587, time 245.37ms, mfu 1.98%
iter 25347: loss 0.6507, time 458.52ms, mfu 1.94%
iter 25348: loss 0.7800, time 489.21ms, mfu 1.89%
iter 25349: loss 0.6993, time 414.51ms, mfu 1.87%
iter 25350: loss 0.7635, time 437.39ms, mfu 1.85%
iter 25351: loss 0.7119, time 459.20ms, mfu 1.82%
iter 25352: loss 0.6864, time 412.89ms, mfu 1.81%
iter 25353: loss 0.7420, time 452.50ms, mfu 1.78%
iter 25354: loss 0.8548, time 372.52ms, mfu 1.79%
iter 25355: loss 0.7246, time 424.06ms, mfu 1.78%
iter 25356: loss 0.6798, time 368.78ms, mfu 1.80%
iter 25357: loss 0.7872, time 360.81ms, mfu 1.81%
iter 25358: loss 0.6189, time 441.99ms, mfu 1.79%
iter 25359: loss 0.8577, time 409.97ms, mfu 1.79%
iter 25360: loss 0.7782, time 478.39ms, mfu 1.76%
iter 25361: loss 0.7256, time 366.59ms, mfu 1.77%
iter 25362: loss 0.8205, time 283.31ms, mfu 1.85%
iter 25363: loss 0.7463, time 295.85ms, mfu 1.90%
iter 25364: loss 0.8033, time 475.63ms, mfu 1.86%
iter 25365: loss 0.6753, time 320.07ms, mfu 1.90%
iter 25366: loss 0.7573, time 367.34ms, mfu 1.90%
iter 25367: loss 0.7470, time 371.75ms, mfu 1.90%
iter 25368: loss 0.7493, time 455.00ms, mfu 1.87%
iter 25369: loss 0.7806, time 396.29ms, mfu 1.86%
iter 25370: loss 0.7704, time 308.25ms, mfu 1.90%
iter 25371: loss 0.7429, time 367.32ms, mfu 1.90%
iter 25372: loss 0.8254, time 327.86ms, mfu 1.93%
iter 25373: loss 0.7639, time 300.14ms, mfu 1.97%
iter 25374: loss 0.7367, time 474.69ms, mfu 1.93%
iter 25375: loss 0.8008, time 298.57ms, mfu 1.97%
iter 25376: loss 0.7679, time 477.97ms, mfu 1.92%
iter 25377: loss 0.7729, time 495.77ms, mfu 1.87%
iter 25378: loss 0.7465, time 402.45ms, mfu 1.86%
iter 25379: loss 0.7433, time 425.19ms, mfu 1.84%
iter 25380: loss 0.7471, time 373.15ms, mfu 1.85%
iter 25381: loss 0.7666, time 432.03ms, mfu 1.83%
iter 25382: loss 0.7372, time 423.80ms, mfu 1.81%
iter 25383: loss 0.7477, time 497.41ms, mfu 1.77%
iter 25384: loss 0.6578, time 374.51ms, mfu 1.78%
iter 25385: loss 0.7145, time 425.46ms, mfu 1.77%
iter 25386: loss 0.7771, time 360.59ms, mfu 1.79%
iter 25387: loss 0.7239, time 353.25ms, mfu 1.81%
iter 25388: loss 0.6415, time 372.42ms, mfu 1.82%
iter 25389: loss 0.6868, time 376.93ms, mfu 1.83%
iter 25390: loss 0.7714, time 303.18ms, mfu 1.88%
iter 25391: loss 0.7799, time 395.01ms, mfu 1.87%
iter 25392: loss 0.6524, time 307.59ms, mfu 1.91%
iter 25393: loss 0.7374, time 507.39ms, mfu 1.86%
iter 25394: loss 0.7043, time 367.18ms, mfu 1.87%
iter 25395: loss 0.7598, time 443.13ms, mfu 1.84%
iter 25396: loss 0.7092, time 558.94ms, mfu 1.78%
iter 25397: loss 0.7690, time 337.78ms, mfu 1.82%
iter 25398: loss 0.8067, time 245.39ms, mfu 1.92%
iter 25399: loss 0.6943, time 415.45ms, mfu 1.90%
iter 25400: loss 0.6658, time 398.45ms, mfu 1.89%
  === DIAG iter 25400 ===
  loss: 0.6658
  grads: total 1.0000, transformer 0.2106, adapter 0.9776
  <NUM> input tokens: 507/3072 (16.5%)
  lr: base 1.56e-04, adapter 7.80e-05
  SME accuracy: overall 0.472, sign 0.973, exp 0.955, digit 0.293, end 0.776 [d0 0.895 d1 0.395 d2 0.237 d3 0.101 d4 0.265 d5 0.141 d6 0.167 d7 0.193 d8 0.113 d9 0.167 d10 0.250 d11 0.182 d12 0.190 d13 0.111 d14 0.000] (1109 SME tokens)
iter 25401: loss 0.7232, time 221.02ms, mfu 2.02%
iter 25402: loss 0.7434, time 278.13ms, mfu 2.07%
iter 25403: loss 0.7583, time 316.93ms, mfu 2.09%
iter 25404: loss 0.7213, time 360.11ms, mfu 2.08%
iter 25405: loss 0.6830, time 542.21ms, mfu 2.00%
iter 25406: loss 0.7355, time 350.96ms, mfu 2.00%
iter 25407: loss 0.6994, time 401.44ms, mfu 1.98%
iter 25408: loss 0.7526, time 377.86ms, mfu 1.97%
iter 25409: loss 0.7200, time 312.28ms, mfu 2.00%
iter 25410: loss 0.6986, time 497.93ms, mfu 1.94%
iter 25411: loss 0.7530, time 388.89ms, mfu 1.93%
iter 25412: loss 0.7133, time 351.74ms, mfu 1.94%
iter 25413: loss 0.7273, time 288.39ms, mfu 1.99%
iter 25414: loss 0.7632, time 387.83ms, mfu 1.97%
iter 25415: loss 0.7752, time 350.58ms, mfu 1.98%
iter 25416: loss 0.7448, time 432.19ms, mfu 1.94%
iter 25417: loss 0.7477, time 313.10ms, mfu 1.98%
iter 25418: loss 0.7339, time 325.09ms, mfu 2.00%
iter 25419: loss 0.6889, time 316.16ms, mfu 2.02%
iter 25420: loss 0.7217, time 315.87ms, mfu 2.04%
iter 25421: loss 0.6358, time 412.99ms, mfu 2.01%
iter 25422: loss 0.7467, time 508.43ms, mfu 1.95%
iter 25423: loss 0.7618, time 271.96ms, mfu 2.01%
iter 25424: loss 0.7938, time 412.88ms, mfu 1.98%
iter 25425: loss 0.7716, time 383.07ms, mfu 1.97%
iter 25426: loss 0.6226, time 341.68ms, mfu 1.98%
iter 25427: loss 0.7393, time 366.96ms, mfu 1.98%
iter 25428: loss 0.7461, time 344.08ms, mfu 1.98%
iter 25429: loss 0.6405, time 315.62ms, mfu 2.01%
iter 25430: loss 0.7475, time 324.42ms, mfu 2.03%
iter 25431: loss 0.7156, time 462.34ms, mfu 1.98%
iter 25432: loss 0.6983, time 408.47ms, mfu 1.95%
iter 25433: loss 0.7019, time 439.32ms, mfu 1.92%
iter 25434: loss 0.7054, time 324.94ms, mfu 1.95%
iter 25435: loss 0.6746, time 454.98ms, mfu 1.91%
iter 25436: loss 0.7557, time 414.26ms, mfu 1.89%
iter 25437: loss 0.7585, time 402.29ms, mfu 1.88%
iter 25438: loss 0.6858, time 246.68ms, mfu 1.98%
iter 25439: loss 0.7074, time 334.39ms, mfu 1.99%
iter 25440: loss 0.6820, time 336.29ms, mfu 2.00%
iter 25441: loss 0.7273, time 415.18ms, mfu 1.97%
iter 25442: loss 0.7861, time 348.08ms, mfu 1.98%
iter 25443: loss 0.7378, time 270.01ms, mfu 2.04%
iter 25444: loss 0.6173, time 302.89ms, mfu 2.07%
iter 25445: loss 0.7572, time 471.41ms, mfu 2.02%
iter 25446: loss 0.8163, time 418.62ms, mfu 1.98%
iter 25447: loss 0.8110, time 398.17ms, mfu 1.96%
iter 25448: loss 0.7398, time 351.83ms, mfu 1.97%
iter 25449: loss 0.7132, time 419.09ms, mfu 1.94%
iter 25450: loss 0.6896, time 410.73ms, mfu 1.92%
iter 25451: loss 0.7339, time 359.90ms, mfu 1.92%
iter 25452: loss 0.7813, time 413.57ms, mfu 1.90%
iter 25453: loss 0.7382, time 351.19ms, mfu 1.91%
iter 25454: loss 0.6241, time 399.93ms, mfu 1.90%
iter 25455: loss 0.7362, time 401.58ms, mfu 1.89%
iter 25456: loss 0.7300, time 463.36ms, mfu 1.85%
iter 25457: loss 0.7076, time 278.63ms, mfu 1.92%
iter 25458: loss 0.8555, time 473.04ms, mfu 1.88%
iter 25459: loss 0.6949, time 427.63ms, mfu 1.86%
iter 25460: loss 0.7684, time 333.21ms, mfu 1.88%
iter 25461: loss 0.7304, time 476.26ms, mfu 1.84%
iter 25462: loss 0.6906, time 428.56ms, mfu 1.82%
iter 25463: loss 0.6926, time 353.25ms, mfu 1.84%
iter 25464: loss 0.6946, time 381.28ms, mfu 1.84%
iter 25465: loss 0.7349, time 394.39ms, mfu 1.84%
iter 25466: loss 0.7753, time 289.30ms, mfu 1.90%
iter 25467: loss 0.7746, time 495.25ms, mfu 1.85%
iter 25468: loss 0.8346, time 322.04ms, mfu 1.89%
iter 25469: loss 0.7819, time 354.07ms, mfu 1.90%
iter 25470: loss 0.7475, time 456.48ms, mfu 1.86%
iter 25471: loss 0.7640, time 209.81ms, mfu 2.02%
iter 25472: loss 0.6229, time 413.62ms, mfu 1.99%
iter 25473: loss 0.6595, time 243.89ms, mfu 2.08%
iter 25474: loss 0.8456, time 509.53ms, mfu 2.01%
iter 25475: loss 0.7464, time 383.41ms, mfu 1.99%
iter 25476: loss 0.8489, time 453.42ms, mfu 1.95%
iter 25477: loss 0.7405, time 295.10ms, mfu 2.00%
iter 25478: loss 0.6795, time 373.60ms, mfu 1.99%
iter 25479: loss 0.6809, time 501.24ms, mfu 1.93%
iter 25480: loss 0.7130, time 407.97ms, mfu 1.91%
iter 25481: loss 0.7722, time 432.25ms, mfu 1.88%
iter 25482: loss 0.8166, time 289.32ms, mfu 1.94%
iter 25483: loss 0.7046, time 273.85ms, mfu 2.00%
iter 25484: loss 0.7134, time 440.81ms, mfu 1.96%
iter 25485: loss 0.7618, time 350.37ms, mfu 1.97%
iter 25486: loss 0.7368, time 398.82ms, mfu 1.95%
iter 25487: loss 0.7035, time 337.87ms, mfu 1.97%
iter 25488: loss 0.6567, time 420.65ms, mfu 1.94%
iter 25489: loss 0.7752, time 533.52ms, mfu 1.88%
iter 25490: loss 0.7019, time 329.25ms, mfu 1.90%
iter 25491: loss 0.7496, time 368.89ms, mfu 1.91%
iter 25492: loss 0.8333, time 527.81ms, mfu 1.85%
iter 25493: loss 0.7232, time 318.56ms, mfu 1.89%
iter 25494: loss 0.7896, time 622.02ms, mfu 1.81%
iter 25495: loss 0.7089, time 249.86ms, mfu 1.91%
iter 25496: loss 0.6718, time 372.39ms, mfu 1.91%
iter 25497: loss 0.7659, time 361.58ms, mfu 1.92%
iter 25498: loss 0.7332, time 346.49ms, mfu 1.93%
iter 25499: loss 0.6619, time 378.32ms, mfu 1.93%
iter 25500: loss 0.8136, time 447.72ms, mfu 1.89%
  === DIAG iter 25500 ===
  loss: 0.8136
  grads: total 1.0000, transformer 0.1621, adapter 0.9868
  <NUM> input tokens: 474/3072 (15.4%)
  lr: base 1.55e-04, adapter 7.73e-05
  SME accuracy: overall 0.436, sign 0.969, exp 0.929, digit 0.243, end 0.854 [d0 0.813 d1 0.457 d2 0.236 d3 0.108 d4 0.086 d5 0.128 d6 0.114 d7 0.058 d8 0.070 d9 0.103 d10 0.118 d11 0.138 d12 0.105 d13 0.176 d14 0.000] (1339 SME tokens)
iter 25501: loss 0.8079, time 223.64ms, mfu 2.02%
iter 25502: loss 0.7817, time 514.01ms, mfu 1.95%
iter 25503: loss 0.7469, time 386.09ms, mfu 1.94%
iter 25504: loss 0.7216, time 219.28ms, mfu 2.07%
iter 25505: loss 0.7852, time 368.87ms, mfu 2.06%
iter 25506: loss 0.6932, time 383.48ms, mfu 2.04%
iter 25507: loss 0.7162, time 480.06ms, mfu 1.98%
iter 25508: loss 0.6804, time 289.15ms, mfu 2.03%
iter 25509: loss 0.7660, time 411.00ms, mfu 2.00%
iter 25510: loss 0.7691, time 321.09ms, mfu 2.02%
iter 25511: loss 0.7112, time 436.62ms, mfu 1.98%
iter 25512: loss 0.8655, time 338.26ms, mfu 1.99%
iter 25513: loss 0.6763, time 271.65ms, mfu 2.05%
iter 25514: loss 0.7178, time 360.00ms, mfu 2.04%
iter 25515: loss 0.7139, time 435.01ms, mfu 2.00%
iter 25516: loss 0.8841, time 321.10ms, mfu 2.02%
iter 25517: loss 0.6845, time 276.91ms, mfu 2.08%
iter 25518: loss 0.7266, time 375.55ms, mfu 2.06%
iter 25519: loss 0.6865, time 347.03ms, mfu 2.06%
iter 25520: loss 0.7069, time 366.91ms, mfu 2.04%
iter 25521: loss 0.7295, time 369.95ms, mfu 2.03%
iter 25522: loss 0.7792, time 352.70ms, mfu 2.03%
iter 25523: loss 0.7528, time 473.10ms, mfu 1.98%
iter 25524: loss 0.7444, time 520.98ms, mfu 1.91%
iter 25525: loss 0.7521, time 359.03ms, mfu 1.92%
iter 25526: loss 0.7565, time 401.62ms, mfu 1.90%
iter 25527: loss 0.7298, time 360.85ms, mfu 1.91%
iter 25528: loss 0.8220, time 324.86ms, mfu 1.94%
iter 25529: loss 0.7133, time 443.98ms, mfu 1.90%
iter 25530: loss 0.7175, time 301.74ms, mfu 1.95%
iter 25531: loss 0.6945, time 448.47ms, mfu 1.91%
iter 25532: loss 0.7201, time 430.79ms, mfu 1.88%
iter 25533: loss 0.7905, time 212.08ms, mfu 2.03%
iter 25534: loss 0.7318, time 351.29ms, mfu 2.03%
iter 25535: loss 0.6942, time 564.56ms, mfu 1.95%
iter 25536: loss 0.7654, time 409.69ms, mfu 1.93%
iter 25537: loss 0.8033, time 416.63ms, mfu 1.91%
iter 25538: loss 0.8220, time 254.40ms, mfu 1.99%
iter 25539: loss 0.7815, time 490.07ms, mfu 1.94%
iter 25540: loss 0.8132, time 285.74ms, mfu 1.99%
iter 25541: loss 0.8271, time 422.68ms, mfu 1.96%
iter 25542: loss 0.7103, time 355.50ms, mfu 1.97%
iter 25543: loss 0.7255, time 436.96ms, mfu 1.93%
iter 25544: loss 0.7261, time 390.31ms, mfu 1.92%
iter 25545: loss 0.8002, time 416.41ms, mfu 1.90%
iter 25546: loss 0.7141, time 534.26ms, mfu 1.84%
iter 25547: loss 0.7022, time 387.24ms, mfu 1.84%
iter 25548: loss 0.7299, time 321.88ms, mfu 1.88%
iter 25549: loss 0.8033, time 293.95ms, mfu 1.93%
iter 25550: loss 0.6940, time 407.23ms, mfu 1.91%
iter 25551: loss 0.6583, time 477.72ms, mfu 1.87%
iter 25552: loss 0.8011, time 272.75ms, mfu 1.94%
iter 25553: loss 0.7305, time 405.23ms, mfu 1.92%
iter 25554: loss 0.7541, time 391.42ms, mfu 1.91%
iter 25555: loss 0.6898, time 309.59ms, mfu 1.95%
iter 25556: loss 0.8688, time 300.56ms, mfu 1.99%
iter 25557: loss 0.7196, time 442.28ms, mfu 1.95%
iter 25558: loss 0.7418, time 368.71ms, mfu 1.95%
iter 25559: loss 0.7561, time 403.70ms, mfu 1.93%
iter 25560: loss 0.7749, time 467.80ms, mfu 1.89%
iter 25561: loss 0.6917, time 446.16ms, mfu 1.86%
iter 25562: loss 0.7622, time 471.93ms, mfu 1.82%
iter 25563: loss 0.6493, time 303.39ms, mfu 1.87%
iter 25564: loss 0.6939, time 359.96ms, mfu 1.88%
iter 25565: loss 0.6976, time 367.57ms, mfu 1.89%
iter 25566: loss 0.6531, time 445.06ms, mfu 1.86%
iter 25567: loss 0.7993, time 305.92ms, mfu 1.90%
iter 25568: loss 0.6814, time 316.62ms, mfu 1.94%
iter 25569: loss 0.7724, time 334.51ms, mfu 1.96%
iter 25570: loss 0.7668, time 429.70ms, mfu 1.92%
iter 25571: loss 0.8246, time 386.18ms, mfu 1.92%
iter 25572: loss 0.8031, time 577.07ms, mfu 1.85%
iter 25573: loss 0.7390, time 384.19ms, mfu 1.85%
iter 25574: loss 0.7507, time 455.37ms, mfu 1.82%
iter 25575: loss 0.7761, time 368.34ms, mfu 1.83%
iter 25576: loss 0.8014, time 336.76ms, mfu 1.86%
iter 25577: loss 0.7812, time 423.38ms, mfu 1.84%
iter 25578: loss 0.6875, time 503.27ms, mfu 1.79%
iter 25579: loss 0.8192, time 298.63ms, mfu 1.85%
iter 25580: loss 0.7098, time 383.18ms, mfu 1.85%
iter 25581: loss 0.7677, time 480.11ms, mfu 1.81%
iter 25582: loss 0.6931, time 385.77ms, mfu 1.82%
iter 25583: loss 0.7879, time 336.25ms, mfu 1.85%
iter 25584: loss 0.6423, time 447.93ms, mfu 1.82%
iter 25585: loss 0.7256, time 261.58ms, mfu 1.91%
iter 25586: loss 0.7362, time 412.79ms, mfu 1.89%
iter 25587: loss 0.6372, time 403.29ms, mfu 1.88%
iter 25588: loss 0.7435, time 445.00ms, mfu 1.85%
iter 25589: loss 0.7931, time 487.87ms, mfu 1.81%
iter 25590: loss 0.7070, time 312.97ms, mfu 1.85%
iter 25591: loss 0.7122, time 386.70ms, mfu 1.85%
iter 25592: loss 0.7561, time 314.72ms, mfu 1.89%
iter 25593: loss 0.7415, time 416.95ms, mfu 1.87%
iter 25594: loss 0.8018, time 449.25ms, mfu 1.84%
iter 25595: loss 0.6802, time 432.23ms, mfu 1.82%
iter 25596: loss 0.7333, time 368.16ms, mfu 1.83%
iter 25597: loss 0.7206, time 422.77ms, mfu 1.82%
iter 25598: loss 0.7252, time 489.08ms, mfu 1.78%
iter 25599: loss 0.7308, time 251.39ms, mfu 1.88%
iter 25600: loss 0.6792, time 408.17ms, mfu 1.87%
  === DIAG iter 25600 ===
  loss: 0.6792
  grads: total 1.0000, transformer 0.2018, adapter 0.9794
  <NUM> input tokens: 478/3072 (15.6%)
  lr: base 1.53e-04, adapter 7.66e-05
  SME accuracy: overall 0.424, sign 0.929, exp 0.909, digit 0.241, end 0.866 [d0 0.819 d1 0.319 d2 0.203 d3 0.141 d4 0.129 d5 0.131 d6 0.125 d7 0.094 d8 0.087 d9 0.088 d10 0.097 d11 0.143 d12 0.160 d13 0.136 d14 0.133] (1064 SME tokens)
iter 25601: loss 0.7426, time 227.21ms, mfu 1.99%
iter 25602: loss 0.8525, time 348.39ms, mfu 2.00%
iter 25603: loss 0.6886, time 324.52ms, mfu 2.02%
iter 25604: loss 0.7426, time 502.71ms, mfu 1.96%
iter 25605: loss 0.8251, time 408.17ms, mfu 1.93%
iter 25606: loss 0.6991, time 442.13ms, mfu 1.90%
iter 25607: loss 0.6847, time 373.62ms, mfu 1.90%
iter 25608: loss 0.7231, time 374.86ms, mfu 1.90%
iter 25609: loss 0.7615, time 274.85ms, mfu 1.97%
iter 25610: loss 0.6752, time 433.85ms, mfu 1.93%
iter 25611: loss 0.8011, time 275.76ms, mfu 2.00%
iter 25612: loss 0.7835, time 351.15ms, mfu 2.00%
iter 25613: loss 0.7450, time 376.85ms, mfu 1.99%
iter 25614: loss 0.7573, time 503.97ms, mfu 1.93%
iter 25615: loss 0.7044, time 290.14ms, mfu 1.98%
iter 25616: loss 0.7717, time 430.39ms, mfu 1.95%
iter 25617: loss 0.6919, time 474.63ms, mfu 1.90%
iter 25618: loss 0.7600, time 445.61ms, mfu 1.87%
iter 25619: loss 0.8321, time 378.50ms, mfu 1.87%
iter 25620: loss 0.7105, time 326.49ms, mfu 1.90%
iter 25621: loss 0.6816, time 367.78ms, mfu 1.90%
iter 25622: loss 0.7015, time 327.46ms, mfu 1.93%
iter 25623: loss 0.7499, time 423.69ms, mfu 1.90%
iter 25624: loss 0.6808, time 500.42ms, mfu 1.86%
iter 25625: loss 0.7393, time 299.18ms, mfu 1.91%
iter 25626: loss 0.8281, time 435.93ms, mfu 1.88%
iter 25627: loss 0.7666, time 421.17ms, mfu 1.86%
iter 25628: loss 0.7209, time 333.61ms, mfu 1.89%
iter 25629: loss 0.7075, time 363.83ms, mfu 1.89%
iter 25630: loss 0.8154, time 406.25ms, mfu 1.88%
iter 25631: loss 0.7584, time 533.24ms, mfu 1.82%
iter 25632: loss 0.6153, time 370.57ms, mfu 1.83%
iter 25633: loss 0.8196, time 435.09ms, mfu 1.81%
iter 25634: loss 0.7464, time 398.44ms, mfu 1.81%
iter 25635: loss 0.7673, time 280.29ms, mfu 1.88%
iter 25636: loss 0.7775, time 488.36ms, mfu 1.84%
iter 25637: loss 0.7471, time 269.50ms, mfu 1.92%
iter 25638: loss 0.6754, time 385.55ms, mfu 1.91%
iter 25639: loss 0.7151, time 475.14ms, mfu 1.87%
iter 25640: loss 0.7159, time 422.24ms, mfu 1.85%
iter 25641: loss 0.7492, time 336.36ms, mfu 1.87%
iter 25642: loss 0.6226, time 312.25ms, mfu 1.91%
iter 25643: loss 0.7650, time 456.60ms, mfu 1.88%
iter 25644: loss 0.6726, time 264.90ms, mfu 1.96%
iter 25645: loss 0.7503, time 208.56ms, mfu 2.10%
iter 25646: loss 0.7241, time 512.05ms, mfu 2.03%
iter 25647: loss 0.7552, time 353.70ms, mfu 2.03%
iter 25648: loss 0.6820, time 440.92ms, mfu 1.98%
iter 25649: loss 0.7947, time 383.23ms, mfu 1.97%
iter 25650: loss 0.8005, time 416.98ms, mfu 1.94%
iter 25651: loss 0.7433, time 418.47ms, mfu 1.92%
iter 25652: loss 0.6947, time 184.50ms, mfu 2.11%
iter 25653: loss 0.7373, time 318.35ms, mfu 2.12%
iter 25654: loss 0.7600, time 490.94ms, mfu 2.05%
iter 25655: loss 0.7182, time 479.49ms, mfu 2.00%
iter 25656: loss 0.7361, time 372.56ms, mfu 1.99%
iter 25657: loss 0.7387, time 322.70ms, mfu 2.01%
iter 25658: loss 0.7689, time 366.22ms, mfu 2.00%
iter 25659: loss 0.8208, time 605.66ms, mfu 1.92%
iter 25660: loss 0.7123, time 325.47ms, mfu 1.94%
iter 25661: loss 0.7863, time 379.84ms, mfu 1.94%
iter 25662: loss 0.7803, time 450.35ms, mfu 1.90%
iter 25663: loss 0.7160, time 635.32ms, mfu 1.82%
iter 25664: loss 0.7833, time 298.73ms, mfu 1.88%
iter 25665: loss 0.7367, time 332.91ms, mfu 1.90%
iter 25666: loss 0.7182, time 375.82ms, mfu 1.90%
iter 25667: loss 0.7212, time 345.75ms, mfu 1.92%
iter 25668: loss 0.8341, time 367.79ms, mfu 1.92%
iter 25669: loss 0.7557, time 548.63ms, mfu 1.85%
iter 25670: loss 0.7184, time 336.87ms, mfu 1.88%
iter 25671: loss 0.7375, time 362.34ms, mfu 1.89%
iter 25672: loss 0.7911, time 402.76ms, mfu 1.87%
iter 25673: loss 0.6516, time 339.38ms, mfu 1.90%
iter 25674: loss 0.7463, time 326.65ms, mfu 1.92%
iter 25675: loss 0.7268, time 341.16ms, mfu 1.94%
iter 25676: loss 0.7173, time 436.89ms, mfu 1.91%
iter 25677: loss 0.6558, time 239.28ms, mfu 2.01%
iter 25678: loss 0.8218, time 419.88ms, mfu 1.98%
iter 25679: loss 0.6847, time 320.80ms, mfu 2.00%
iter 25680: loss 0.7700, time 336.42ms, mfu 2.01%
iter 25681: loss 0.6457, time 391.22ms, mfu 1.99%
iter 25682: loss 0.7920, time 313.19ms, mfu 2.02%
iter 25683: loss 0.7025, time 292.38ms, mfu 2.06%
iter 25684: loss 0.7497, time 431.78ms, mfu 2.02%
iter 25685: loss 0.7603, time 424.35ms, mfu 1.98%
iter 25686: loss 0.7967, time 471.64ms, mfu 1.94%
iter 25687: loss 0.7692, time 298.65ms, mfu 1.98%
iter 25688: loss 0.7250, time 454.63ms, mfu 1.94%
iter 25689: loss 0.7098, time 336.06ms, mfu 1.95%
iter 25690: loss 0.7071, time 435.62ms, mfu 1.92%
iter 25691: loss 0.7422, time 379.83ms, mfu 1.92%
iter 25692: loss 0.7818, time 404.49ms, mfu 1.90%
iter 25693: loss 0.8335, time 396.70ms, mfu 1.89%
iter 25694: loss 0.7118, time 316.18ms, mfu 1.92%
iter 25695: loss 0.7272, time 348.03ms, mfu 1.93%
iter 25696: loss 0.8316, time 423.34ms, mfu 1.91%
iter 25697: loss 0.7868, time 222.23ms, mfu 2.04%
iter 25698: loss 0.7832, time 281.00ms, mfu 2.09%
iter 25699: loss 0.7097, time 519.75ms, mfu 2.01%
iter 25700: loss 0.6491, time 393.46ms, mfu 1.99%
  === DIAG iter 25700 ===
  loss: 0.6491
  grads: total 1.0000, transformer 0.1477, adapter 0.9890
  <NUM> input tokens: 461/3072 (15.0%)
  lr: base 1.52e-04, adapter 7.59e-05
  SME accuracy: overall 0.478, sign 0.982, exp 0.922, digit 0.279, end 0.814 [d0 0.759 d1 0.373 d2 0.219 d3 0.114 d4 0.134 d5 0.145 d6 0.164 d7 0.167 d8 0.167 d9 0.185 d10 0.136 d11 0.158 d12 0.250 d13 0.200 d14 0.250] (1078 SME tokens)
iter 25701: loss 0.6920, time 242.09ms, mfu 2.09%
iter 25702: loss 0.7107, time 220.26ms, mfu 2.20%
iter 25703: loss 0.6773, time 274.93ms, mfu 2.24%
iter 25704: loss 0.8503, time 332.16ms, mfu 2.23%
iter 25705: loss 0.6837, time 413.50ms, mfu 2.18%
iter 25706: loss 0.6893, time 465.50ms, mfu 2.11%
iter 25707: loss 0.6466, time 388.95ms, mfu 2.08%
iter 25708: loss 0.8232, time 466.05ms, mfu 2.03%
iter 25709: loss 0.7099, time 381.21ms, mfu 2.01%
iter 25710: loss 0.8174, time 416.02ms, mfu 1.98%
iter 25711: loss 0.7540, time 364.20ms, mfu 1.97%
iter 25712: loss 0.7065, time 365.81ms, mfu 1.97%
iter 25713: loss 0.7016, time 357.35ms, mfu 1.97%
iter 25714: loss 0.7427, time 500.90ms, mfu 1.92%
iter 25715: loss 0.7003, time 307.22ms, mfu 1.96%
iter 25716: loss 0.7268, time 351.10ms, mfu 1.96%
iter 25717: loss 0.7145, time 267.33ms, mfu 2.03%
iter 25718: loss 0.6907, time 396.57ms, mfu 2.01%
iter 25719: loss 0.7441, time 321.01ms, mfu 2.03%
iter 25720: loss 0.6780, time 415.64ms, mfu 1.99%
iter 25721: loss 0.6782, time 418.37ms, mfu 1.96%
iter 25722: loss 0.7122, time 360.34ms, mfu 1.96%
iter 25723: loss 0.7209, time 291.14ms, mfu 2.01%
iter 25724: loss 0.6722, time 451.47ms, mfu 1.97%
iter 25725: loss 0.7339, time 283.63ms, mfu 2.02%
iter 25726: loss 0.7391, time 405.51ms, mfu 1.99%
iter 25727: loss 0.7533, time 362.55ms, mfu 1.99%
iter 25728: loss 0.6609, time 283.61ms, mfu 2.04%
iter 25729: loss 0.7157, time 543.89ms, mfu 1.97%
iter 25730: loss 0.7970, time 268.40ms, mfu 2.03%
iter 25731: loss 0.7605, time 559.30ms, mfu 1.96%
iter 25732: loss 0.7243, time 347.43ms, mfu 1.97%
iter 25733: loss 0.7723, time 241.63ms, mfu 2.06%
iter 25734: loss 0.7737, time 343.43ms, mfu 2.06%
iter 25735: loss 0.7180, time 269.09ms, mfu 2.12%
iter 25736: loss 0.7804, time 442.69ms, mfu 2.07%
iter 25737: loss 0.7122, time 343.24ms, mfu 2.07%
iter 25738: loss 0.7399, time 284.01ms, mfu 2.11%
iter 25739: loss 0.7071, time 385.17ms, mfu 2.08%
iter 25740: loss 0.7337, time 362.37ms, mfu 2.07%
iter 25741: loss 0.7264, time 372.26ms, mfu 2.05%
iter 25742: loss 0.7534, time 381.20ms, mfu 2.03%
iter 25743: loss 0.8770, time 248.11ms, mfu 2.12%
iter 25744: loss 0.7100, time 314.76ms, mfu 2.13%
iter 25745: loss 0.7562, time 374.12ms, mfu 2.11%
iter 25746: loss 0.7301, time 242.56ms, mfu 2.19%
iter 25747: loss 0.7075, time 368.71ms, mfu 2.16%
iter 25748: loss 0.7178, time 338.03ms, mfu 2.15%
iter 25749: loss 0.6689, time 250.47ms, mfu 2.22%
iter 25750: loss 0.7912, time 448.08ms, mfu 2.16%
iter 25751: loss 0.6564, time 391.77ms, mfu 2.12%
iter 25752: loss 0.6796, time 371.95ms, mfu 2.10%
iter 25753: loss 0.7304, time 269.33ms, mfu 2.15%
iter 25754: loss 0.6665, time 569.53ms, mfu 2.06%
iter 25755: loss 0.7495, time 262.04ms, mfu 2.13%
iter 25756: loss 0.6909, time 358.66ms, mfu 2.11%
iter 25757: loss 0.7921, time 316.47ms, mfu 2.13%
iter 25758: loss 0.7929, time 437.03ms, mfu 2.07%
iter 25759: loss 0.8054, time 406.48ms, mfu 2.04%
iter 25760: loss 0.7190, time 279.35ms, mfu 2.09%
iter 25761: loss 0.8155, time 470.41ms, mfu 2.03%
iter 25762: loss 0.7949, time 156.11ms, mfu 2.28%
iter 25763: loss 0.7910, time 517.02ms, mfu 2.19%
iter 25764: loss 0.7578, time 434.15ms, mfu 2.14%
iter 25765: loss 0.8053, time 282.69ms, mfu 2.17%
iter 25766: loss 0.8434, time 455.75ms, mfu 2.11%
iter 25767: loss 0.8512, time 300.44ms, mfu 2.14%
iter 25768: loss 0.6681, time 481.68ms, mfu 2.07%
iter 25769: loss 0.7394, time 483.11ms, mfu 2.01%
iter 25770: loss 0.7742, time 381.22ms, mfu 1.99%
iter 25771: loss 0.7550, time 578.53ms, mfu 1.92%
iter 25772: loss 0.7505, time 304.40ms, mfu 1.96%
iter 25773: loss 0.7097, time 481.81ms, mfu 1.91%
iter 25774: loss 0.8204, time 308.63ms, mfu 1.95%
iter 25775: loss 0.7880, time 377.10ms, mfu 1.94%
iter 25776: loss 0.7682, time 385.57ms, mfu 1.93%
iter 25777: loss 0.7016, time 333.53ms, mfu 1.95%
iter 25778: loss 0.8445, time 388.49ms, mfu 1.94%
iter 25779: loss 0.7286, time 400.54ms, mfu 1.92%
iter 25780: loss 0.7129, time 506.10ms, mfu 1.87%
iter 25781: loss 0.6765, time 337.98ms, mfu 1.89%
iter 25782: loss 0.7499, time 350.54ms, mfu 1.90%
iter 25783: loss 0.7080, time 358.02ms, mfu 1.91%
iter 25784: loss 0.7523, time 405.42ms, mfu 1.90%
iter 25785: loss 0.6285, time 422.76ms, mfu 1.87%
iter 25786: loss 0.8042, time 512.35ms, mfu 1.82%
iter 25787: loss 0.6852, time 279.20ms, mfu 1.90%
iter 25788: loss 0.7075, time 447.47ms, mfu 1.86%
iter 25789: loss 0.7336, time 367.18ms, mfu 1.87%
iter 25790: loss 0.6067, time 318.77ms, mfu 1.91%
iter 25791: loss 0.6667, time 385.24ms, mfu 1.90%
iter 25792: loss 0.8011, time 329.05ms, mfu 1.93%
iter 25793: loss 0.7545, time 451.00ms, mfu 1.89%
iter 25794: loss 0.7873, time 566.01ms, mfu 1.83%
iter 25795: loss 0.7414, time 468.08ms, mfu 1.79%
iter 25796: loss 0.8209, time 335.73ms, mfu 1.83%
iter 25797: loss 0.7851, time 304.16ms, mfu 1.88%
iter 25798: loss 0.8532, time 562.91ms, mfu 1.82%
iter 25799: loss 0.6731, time 382.11ms, mfu 1.82%
iter 25800: loss 0.6413, time 609.34ms, mfu 1.75%
  === DIAG iter 25800 ===
  loss: 0.6413
  grads: total 1.0000, transformer 0.1811, adapter 0.9835
  <NUM> input tokens: 424/3072 (13.8%)
  lr: base 1.50e-04, adapter 7.52e-05
  SME accuracy: overall 0.471, sign 0.950, exp 0.911, digit 0.287, end 0.880 [d0 0.804 d1 0.365 d2 0.290 d3 0.161 d4 0.211 d5 0.154 d6 0.118 d7 0.104 d8 0.111 d9 0.206 d10 0.233 d11 0.250 d12 0.304 d13 0.200 d14 0.118] (1028 SME tokens)
iter 25801: loss 0.7393, time 233.82ms, mfu 1.88%
iter 25802: loss 0.7856, time 384.21ms, mfu 1.88%
iter 25803: loss 0.7445, time 404.85ms, mfu 1.86%
iter 25804: loss 0.7446, time 414.30ms, mfu 1.85%
iter 25805: loss 0.6943, time 370.83ms, mfu 1.86%
iter 25806: loss 0.6502, time 423.26ms, mfu 1.84%
iter 25807: loss 0.7007, time 408.51ms, mfu 1.83%
iter 25808: loss 0.7503, time 398.64ms, mfu 1.82%
iter 25809: loss 0.8217, time 304.29ms, mfu 1.87%
iter 25810: loss 0.7405, time 360.28ms, mfu 1.88%
iter 25811: loss 0.7346, time 423.93ms, mfu 1.86%
iter 25812: loss 0.7006, time 411.35ms, mfu 1.85%
iter 25813: loss 0.7992, time 518.49ms, mfu 1.80%
iter 25814: loss 0.9192, time 349.14ms, mfu 1.82%
iter 25815: loss 0.6397, time 317.25ms, mfu 1.86%
iter 25816: loss 0.6573, time 446.08ms, mfu 1.84%
iter 25817: loss 0.8545, time 357.92ms, mfu 1.85%
iter 25818: loss 0.8396, time 436.25ms, mfu 1.83%
iter 25819: loss 0.7489, time 306.17ms, mfu 1.88%
iter 25820: loss 0.7752, time 290.85ms, mfu 1.93%
iter 25821: loss 0.7177, time 547.92ms, mfu 1.87%
iter 25822: loss 0.6991, time 322.00ms, mfu 1.90%
iter 25823: loss 0.6855, time 390.49ms, mfu 1.89%
iter 25824: loss 0.7536, time 368.26ms, mfu 1.90%
iter 25825: loss 0.7260, time 318.03ms, mfu 1.93%
iter 25826: loss 0.6171, time 464.23ms, mfu 1.89%
iter 25827: loss 0.7094, time 382.16ms, mfu 1.89%
iter 25828: loss 0.7780, time 346.57ms, mfu 1.90%
iter 25829: loss 0.6605, time 365.65ms, mfu 1.91%
iter 25830: loss 0.7554, time 411.68ms, mfu 1.89%
iter 25831: loss 0.6563, time 390.84ms, mfu 1.88%
iter 25832: loss 0.6994, time 390.46ms, mfu 1.87%
iter 25833: loss 0.7829, time 394.61ms, mfu 1.87%
iter 25834: loss 0.7149, time 405.59ms, mfu 1.85%
iter 25835: loss 0.6729, time 361.20ms, mfu 1.86%
iter 25836: loss 0.7141, time 320.23ms, mfu 1.90%
iter 25837: loss 0.7504, time 469.04ms, mfu 1.86%
iter 25838: loss 0.8158, time 387.46ms, mfu 1.86%
iter 25839: loss 0.7483, time 413.11ms, mfu 1.84%
iter 25840: loss 0.7300, time 501.74ms, mfu 1.80%
iter 25841: loss 0.7669, time 303.23ms, mfu 1.85%
iter 25842: loss 0.6945, time 354.84ms, mfu 1.87%
iter 25843: loss 0.7682, time 359.21ms, mfu 1.88%
iter 25844: loss 0.6601, time 324.78ms, mfu 1.91%
iter 25845: loss 0.7996, time 317.72ms, mfu 1.94%
iter 25846: loss 0.7100, time 317.56ms, mfu 1.97%
iter 25847: loss 0.6874, time 316.85ms, mfu 2.00%
iter 25848: loss 0.6921, time 364.85ms, mfu 1.99%
iter 25849: loss 0.7033, time 314.73ms, mfu 2.02%
iter 25850: loss 0.7350, time 504.17ms, mfu 1.96%
iter 25851: loss 0.7437, time 411.23ms, mfu 1.93%
iter 25852: loss 0.6935, time 346.18ms, mfu 1.94%
iter 25853: loss 0.7970, time 299.89ms, mfu 1.99%
iter 25854: loss 0.6611, time 438.42ms, mfu 1.95%
iter 25855: loss 0.7054, time 361.94ms, mfu 1.95%
iter 25856: loss 0.6558, time 429.53ms, mfu 1.92%
iter 25857: loss 0.7485, time 261.85ms, mfu 2.00%
iter 25858: loss 0.7465, time 331.28ms, mfu 2.01%
iter 25859: loss 0.7187, time 389.54ms, mfu 1.99%
iter 25860: loss 0.7356, time 417.65ms, mfu 1.96%
iter 25861: loss 0.8120, time 425.96ms, mfu 1.93%
iter 25862: loss 0.7021, time 393.59ms, mfu 1.92%
iter 25863: loss 0.8100, time 483.82ms, mfu 1.87%
iter 25864: loss 0.7299, time 382.29ms, mfu 1.87%
iter 25865: loss 0.6779, time 337.12ms, mfu 1.90%
iter 25866: loss 0.7648, time 395.72ms, mfu 1.89%
iter 25867: loss 0.8033, time 572.90ms, mfu 1.82%
iter 25868: loss 0.7173, time 369.53ms, mfu 1.83%
iter 25869: loss 0.7780, time 413.84ms, mfu 1.82%
iter 25870: loss 0.7251, time 314.30ms, mfu 1.86%
iter 25871: loss 0.7795, time 375.06ms, mfu 1.86%
iter 25872: loss 0.7087, time 407.74ms, mfu 1.85%
iter 25873: loss 0.7724, time 283.12ms, mfu 1.92%
iter 25874: loss 0.7406, time 345.93ms, mfu 1.93%
iter 25875: loss 0.6779, time 420.73ms, mfu 1.91%
iter 25876: loss 0.7791, time 347.16ms, mfu 1.92%
iter 25877: loss 0.8171, time 270.57ms, mfu 1.99%
iter 25878: loss 0.7699, time 319.20ms, mfu 2.01%
iter 25879: loss 0.8294, time 414.65ms, mfu 1.98%
iter 25880: loss 0.7860, time 374.37ms, mfu 1.97%
iter 25881: loss 0.6800, time 536.25ms, mfu 1.91%
iter 25882: loss 0.7373, time 504.86ms, mfu 1.86%
iter 25883: loss 0.7386, time 296.21ms, mfu 1.91%
iter 25884: loss 0.7190, time 501.98ms, mfu 1.86%
iter 25885: loss 0.8045, time 440.36ms, mfu 1.84%
iter 25886: loss 0.7660, time 396.15ms, mfu 1.83%
iter 25887: loss 0.7275, time 251.20ms, mfu 1.93%
iter 25888: loss 0.7282, time 441.59ms, mfu 1.90%
iter 25889: loss 0.7577, time 216.78ms, mfu 2.03%
iter 25890: loss 0.7711, time 375.32ms, mfu 2.02%
iter 25891: loss 0.7413, time 404.63ms, mfu 1.99%
iter 25892: loss 0.6761, time 517.31ms, mfu 1.93%
iter 25893: loss 0.7676, time 379.69ms, mfu 1.92%
iter 25894: loss 0.6618, time 422.38ms, mfu 1.90%
iter 25895: loss 0.6678, time 308.94ms, mfu 1.94%
iter 25896: loss 0.7209, time 396.28ms, mfu 1.92%
iter 25897: loss 0.7824, time 386.64ms, mfu 1.92%
iter 25898: loss 0.7267, time 266.45ms, mfu 1.99%
iter 25899: loss 0.6170, time 396.28ms, mfu 1.97%
iter 25900: loss 0.7802, time 737.30ms, mfu 1.87%
  === DIAG iter 25900 ===
  loss: 0.7802
  grads: total 1.0000, transformer 0.1494, adapter 0.9888
  <NUM> input tokens: 433/3072 (14.1%)
  lr: base 1.49e-04, adapter 7.45e-05
  SME accuracy: overall 0.428, sign 0.968, exp 0.898, digit 0.226, end 0.849 [d0 0.823 d1 0.292 d2 0.189 d3 0.115 d4 0.074 d5 0.090 d6 0.099 d7 0.123 d8 0.069 d9 0.125 d10 0.080 d11 0.095 d12 0.053 d13 0.143 d14 0.000] (1272 SME tokens)
iter 25901: loss 0.6948, time 238.20ms, mfu 1.98%
iter 25902: loss 0.6723, time 173.31ms, mfu 2.19%
iter 25903: loss 0.7347, time 433.91ms, mfu 2.13%
iter 25904: loss 0.7081, time 339.88ms, mfu 2.13%
iter 25905: loss 0.6904, time 325.94ms, mfu 2.13%
iter 25906: loss 0.7559, time 344.95ms, mfu 2.13%
iter 25907: loss 0.7139, time 421.05ms, mfu 2.08%
iter 25908: loss 0.8475, time 396.44ms, mfu 2.05%
iter 25909: loss 0.7174, time 333.84ms, mfu 2.06%
iter 25910: loss 0.7411, time 372.59ms, mfu 2.04%
iter 25911: loss 0.7083, time 409.93ms, mfu 2.01%
iter 25912: loss 0.7702, time 380.73ms, mfu 2.00%
iter 25913: loss 0.6866, time 358.70ms, mfu 2.00%
iter 25914: loss 0.8471, time 490.79ms, mfu 1.94%
iter 25915: loss 0.7167, time 319.69ms, mfu 1.97%
iter 25916: loss 0.8733, time 328.47ms, mfu 1.99%
iter 25917: loss 0.6838, time 462.34ms, mfu 1.94%
iter 25918: loss 0.7260, time 458.54ms, mfu 1.90%
iter 25919: loss 0.7352, time 485.65ms, mfu 1.86%
iter 25920: loss 0.7197, time 371.95ms, mfu 1.86%
iter 25921: loss 0.6427, time 558.63ms, mfu 1.80%
iter 25922: loss 0.7120, time 301.51ms, mfu 1.86%
iter 25923: loss 0.6445, time 365.95ms, mfu 1.87%
iter 25924: loss 0.7655, time 374.39ms, mfu 1.87%
iter 25925: loss 0.7234, time 507.16ms, mfu 1.82%
iter 25926: loss 0.7272, time 378.49ms, mfu 1.83%
iter 25927: loss 0.7710, time 504.48ms, mfu 1.78%
iter 25928: loss 0.7487, time 520.08ms, mfu 1.74%
iter 25929: loss 0.6677, time 417.57ms, mfu 1.74%
iter 25930: loss 0.7386, time 311.95ms, mfu 1.79%
iter 25931: loss 0.7837, time 316.41ms, mfu 1.84%
iter 25932: loss 0.6366, time 557.70ms, mfu 1.78%
iter 25933: loss 0.6630, time 334.58ms, mfu 1.81%
iter 25934: loss 0.6853, time 250.93ms, mfu 1.91%
iter 25935: loss 0.7021, time 445.71ms, mfu 1.88%
iter 25936: loss 0.7079, time 474.26ms, mfu 1.84%
iter 25937: loss 0.7958, time 516.59ms, mfu 1.80%
iter 25938: loss 0.6781, time 461.22ms, mfu 1.77%
iter 25939: loss 0.6737, time 423.19ms, mfu 1.76%
iter 25940: loss 0.6707, time 384.92ms, mfu 1.77%
iter 25941: loss 0.7677, time 358.39ms, mfu 1.79%
iter 25942: loss 0.7389, time 275.82ms, mfu 1.87%
iter 25943: loss 0.7642, time 332.24ms, mfu 1.89%
iter 25944: loss 0.6915, time 360.26ms, mfu 1.90%
iter 25945: loss 0.8882, time 470.01ms, mfu 1.86%
iter 25946: loss 0.7593, time 512.91ms, mfu 1.81%
iter 25947: loss 0.7672, time 274.77ms, mfu 1.89%
iter 25948: loss 0.7460, time 306.70ms, mfu 1.93%
iter 25949: loss 0.6868, time 416.20ms, mfu 1.91%
iter 25950: loss 0.7570, time 521.86ms, mfu 1.85%
iter 25951: loss 0.7747, time 479.36ms, mfu 1.82%
iter 25952: loss 0.7745, time 414.38ms, mfu 1.81%
iter 25953: loss 0.7908, time 352.17ms, mfu 1.83%
iter 25954: loss 0.7785, time 353.14ms, mfu 1.84%
iter 25955: loss 0.6950, time 247.88ms, mfu 1.95%
iter 25956: loss 0.7998, time 324.00ms, mfu 1.97%
iter 25957: loss 0.7258, time 301.97ms, mfu 2.01%
iter 25958: loss 0.7399, time 419.76ms, mfu 1.98%
iter 25959: loss 0.7744, time 281.94ms, mfu 2.03%
iter 25960: loss 0.7164, time 482.09ms, mfu 1.97%
iter 25961: loss 0.7820, time 457.08ms, mfu 1.93%
iter 25962: loss 0.6417, time 394.04ms, mfu 1.92%
iter 25963: loss 0.7732, time 219.26ms, mfu 2.05%
iter 25964: loss 0.6491, time 542.71ms, mfu 1.98%
iter 25965: loss 0.7661, time 508.61ms, mfu 1.92%
iter 25966: loss 0.6658, time 266.33ms, mfu 1.99%
iter 25967: loss 0.7541, time 289.81ms, mfu 2.04%
iter 25968: loss 0.6858, time 273.14ms, mfu 2.09%
iter 25969: loss 0.7438, time 365.81ms, mfu 2.08%
iter 25970: loss 0.6973, time 223.58ms, mfu 2.19%
iter 25971: loss 0.6783, time 401.69ms, mfu 2.14%
iter 25972: loss 0.7082, time 386.36ms, mfu 2.11%
iter 25973: loss 0.7246, time 309.78ms, mfu 2.13%
iter 25974: loss 0.7264, time 465.30ms, mfu 2.07%
iter 25975: loss 0.7109, time 423.17ms, mfu 2.03%
iter 25976: loss 0.7048, time 344.55ms, mfu 2.03%
iter 25977: loss 0.7299, time 352.73ms, mfu 2.03%
iter 25978: loss 0.6877, time 544.08ms, mfu 1.96%
iter 25979: loss 0.6415, time 458.00ms, mfu 1.92%
iter 25980: loss 0.7860, time 307.09ms, mfu 1.96%
iter 25981: loss 0.7829, time 357.44ms, mfu 1.96%
iter 25982: loss 0.7163, time 456.78ms, mfu 1.92%
iter 25983: loss 0.7244, time 416.15ms, mfu 1.90%
iter 25984: loss 0.7440, time 436.30ms, mfu 1.87%
iter 25985: loss 0.7010, time 323.92ms, mfu 1.90%
iter 25986: loss 0.7754, time 405.20ms, mfu 1.89%
iter 25987: loss 0.7306, time 309.12ms, mfu 1.93%
iter 25988: loss 0.7295, time 458.16ms, mfu 1.89%
iter 25989: loss 0.6996, time 399.72ms, mfu 1.88%
iter 25990: loss 0.7906, time 387.28ms, mfu 1.87%
iter 25991: loss 0.7515, time 296.37ms, mfu 1.92%
iter 25992: loss 0.7133, time 439.62ms, mfu 1.89%
iter 25993: loss 0.7221, time 411.39ms, mfu 1.88%
iter 25994: loss 0.6677, time 417.41ms, mfu 1.86%
iter 25995: loss 0.7173, time 453.43ms, mfu 1.83%
iter 25996: loss 0.7190, time 461.53ms, mfu 1.80%
iter 25997: loss 0.6695, time 396.19ms, mfu 1.80%
iter 25998: loss 0.7451, time 335.29ms, mfu 1.83%
iter 25999: loss 0.6413, time 276.32ms, mfu 1.90%
iter 26000: loss 0.7255, time 689.12ms, mfu 1.82%
  === DIAG iter 26000 ===
  loss: 0.7255
  grads: total 1.0000, transformer 0.1687, adapter 0.9857
  <NUM> input tokens: 470/3072 (15.3%)
  lr: base 1.48e-04, adapter 7.38e-05
  SME accuracy: overall 0.463, sign 0.976, exp 0.952, digit 0.252, end 0.878 [d0 0.832 d1 0.286 d2 0.209 d3 0.113 d4 0.083 d5 0.092 d6 0.085 d7 0.102 d8 0.058 d9 0.069 d10 0.154 d11 0.200 d12 0.235 d13 0.000 d14 0.000] (1217 SME tokens)
  --- Sample eval (val) ---
  <7.25344e+08> <-0.521458> <70617.2> →
    target: 7.253e+08
    pred:   7.2e+08
    error:  5343840.00

  <226063> <45171.9> <5.21016e+08> <9616.08> <7.83138e+08> <1.76656e+08> <9.6422e+08> →
    target: 9.642e+08
    pred:   9.911
    error:  964220190.09

  MAX: <0.000885212> <70.1> <5.5803e+08> <32.0704> <8.05338e-06> <4.33504e+08> <8.09786e+07> <0.0025226> <3.4e+06> →
    target: 5.58e+08
    pred:   5.341e+08
    error:  23909084.00

  D8D3END
    target: 8.5e+08 1e+09
    pred:   INVALID(unparseable) 1e+08
    error:  N/A 900000000.00

  D5D1D2D1D7D1END
    target: 5.098e+08 5.984e+08 9.28e+08
    pred:   9e+08 5.41e+08 7.121e+08
    error:  390199127.00 57409926.00 215944665.00

iter 26001: loss 0.7264, time 297.87ms, mfu 1.87%
iter 26002: loss 0.6947, time 372.73ms, mfu 1.88%
iter 26003: loss 0.7106, time 370.08ms, mfu 1.88%
iter 26004: loss 0.7091, time 478.37ms, mfu 1.84%
iter 26005: loss 0.7065, time 419.65ms, mfu 1.82%
iter 26006: loss 0.7348, time 387.43ms, mfu 1.82%
iter 26007: loss 0.6819, time 370.62ms, mfu 1.83%
iter 26008: loss 0.6562, time 379.74ms, mfu 1.84%
iter 26009: loss 0.7349, time 314.09ms, mfu 1.88%
iter 26010: loss 0.6644, time 548.76ms, mfu 1.82%
iter 26011: loss 0.7030, time 441.08ms, mfu 1.80%
iter 26012: loss 0.6668, time 426.48ms, mfu 1.79%
iter 26013: loss 0.7632, time 299.81ms, mfu 1.84%
iter 26014: loss 0.6982, time 551.50ms, mfu 1.79%
iter 26015: loss 0.8223, time 340.37ms, mfu 1.82%
iter 26016: loss 0.8136, time 409.63ms, mfu 1.81%
iter 26017: loss 0.7699, time 381.22ms, mfu 1.81%
iter 26018: loss 0.6532, time 425.40ms, mfu 1.80%
iter 26019: loss 0.7552, time 373.27ms, mfu 1.81%
iter 26020: loss 0.7765, time 352.77ms, mfu 1.83%
iter 26021: loss 0.7384, time 435.33ms, mfu 1.81%
iter 26022: loss 0.7418, time 355.65ms, mfu 1.83%
iter 26023: loss 0.7264, time 393.18ms, mfu 1.82%
iter 26024: loss 0.7906, time 445.90ms, mfu 1.80%
iter 26025: loss 0.8096, time 437.00ms, mfu 1.78%
iter 26026: loss 0.7092, time 269.58ms, mfu 1.87%
iter 26027: loss 0.8247, time 539.97ms, mfu 1.81%
iter 26028: loss 0.7224, time 340.65ms, mfu 1.84%
iter 26029: loss 0.6942, time 265.18ms, mfu 1.92%
iter 26030: loss 0.7739, time 429.82ms, mfu 1.89%
iter 26031: loss 0.7106, time 400.49ms, mfu 1.88%
iter 26032: loss 0.6944, time 264.64ms, mfu 1.96%
iter 26033: loss 0.7721, time 327.37ms, mfu 1.98%
iter 26034: loss 0.7861, time 382.35ms, mfu 1.97%
iter 26035: loss 0.7327, time 283.72ms, mfu 2.02%
iter 26036: loss 0.7144, time 372.07ms, mfu 2.01%
iter 26037: loss 0.7067, time 367.18ms, mfu 2.00%
iter 26038: loss 0.8361, time 347.46ms, mfu 2.01%
iter 26039: loss 0.7376, time 339.80ms, mfu 2.01%
iter 26040: loss 0.8007, time 435.67ms, mfu 1.98%
iter 26041: loss 0.7277, time 260.74ms, mfu 2.05%
iter 26042: loss 0.7559, time 568.65ms, mfu 1.97%
iter 26043: loss 0.7804, time 397.38ms, mfu 1.95%
iter 26044: loss 0.7221, time 525.74ms, mfu 1.89%
iter 26045: loss 0.7498, time 247.08ms, mfu 1.99%
iter 26046: loss 0.7097, time 328.14ms, mfu 2.01%
iter 26047: loss 0.6893, time 451.29ms, mfu 1.96%
iter 26048: loss 0.7705, time 340.13ms, mfu 1.97%
iter 26049: loss 0.6736, time 246.18ms, mfu 2.06%
iter 26050: loss 0.7350, time 358.01ms, mfu 2.06%
iter 26051: loss 0.6999, time 361.53ms, mfu 2.05%
iter 26052: loss 0.8086, time 368.56ms, mfu 2.03%
iter 26053: loss 0.6758, time 331.13ms, mfu 2.04%
iter 26054: loss 0.7612, time 304.71ms, mfu 2.07%
iter 26055: loss 0.8009, time 363.54ms, mfu 2.06%
iter 26056: loss 0.7023, time 514.44ms, mfu 1.99%
iter 26057: loss 0.7700, time 300.38ms, mfu 2.03%
iter 26058: loss 0.7324, time 515.66ms, mfu 1.96%
iter 26059: loss 0.8252, time 470.65ms, mfu 1.92%
iter 26060: loss 0.7050, time 323.70ms, mfu 1.94%
iter 26061: loss 0.7705, time 465.65ms, mfu 1.90%
iter 26062: loss 0.6397, time 346.30ms, mfu 1.92%
iter 26063: loss 0.7073, time 448.68ms, mfu 1.88%
iter 26064: loss 0.8497, time 247.93ms, mfu 1.98%
iter 26065: loss 0.8403, time 463.33ms, mfu 1.94%
iter 26066: loss 0.7099, time 399.65ms, mfu 1.92%
iter 26067: loss 0.6528, time 403.13ms, mfu 1.90%
iter 26068: loss 0.7417, time 404.26ms, mfu 1.89%
iter 26069: loss 0.6278, time 546.91ms, mfu 1.83%
iter 26070: loss 0.6952, time 431.46ms, mfu 1.81%
iter 26071: loss 0.7361, time 439.69ms, mfu 1.79%
iter 26072: loss 0.7189, time 334.89ms, mfu 1.82%
iter 26073: loss 0.6565, time 465.17ms, mfu 1.79%
iter 26074: loss 0.7347, time 425.94ms, mfu 1.78%
iter 26075: loss 0.6688, time 277.71ms, mfu 1.86%
iter 26076: loss 0.7401, time 445.53ms, mfu 1.83%
iter 26077: loss 0.7514, time 318.41ms, mfu 1.87%
iter 26078: loss 0.6554, time 486.86ms, mfu 1.83%
iter 26079: loss 0.7814, time 426.48ms, mfu 1.81%
iter 26080: loss 0.7373, time 481.20ms, mfu 1.78%
iter 26081: loss 0.7194, time 396.13ms, mfu 1.78%
iter 26082: loss 0.7941, time 410.30ms, mfu 1.77%
iter 26083: loss 0.6643, time 332.66ms, mfu 1.81%
iter 26084: loss 0.7145, time 411.64ms, mfu 1.80%
iter 26085: loss 0.7418, time 225.02ms, mfu 1.94%
iter 26086: loss 0.7423, time 316.17ms, mfu 1.97%
iter 26087: loss 0.7913, time 360.51ms, mfu 1.97%
iter 26088: loss 0.7223, time 480.63ms, mfu 1.92%
iter 26089: loss 0.6597, time 343.45ms, mfu 1.93%
iter 26090: loss 0.7183, time 323.41ms, mfu 1.96%
iter 26091: loss 0.7049, time 315.23ms, mfu 1.99%
iter 26092: loss 0.7126, time 252.49ms, mfu 2.07%
iter 26093: loss 0.7317, time 465.65ms, mfu 2.01%
iter 26094: loss 0.6925, time 385.36ms, mfu 2.00%
iter 26095: loss 0.7791, time 518.85ms, mfu 1.93%
iter 26096: loss 0.6522, time 360.48ms, mfu 1.94%
iter 26097: loss 0.7550, time 374.85ms, mfu 1.93%
iter 26098: loss 0.7616, time 397.44ms, mfu 1.92%
iter 26099: loss 0.7785, time 455.17ms, mfu 1.88%
iter 26100: loss 0.8011, time 594.90ms, mfu 1.81%
  === DIAG iter 26100 ===
  loss: 0.8011
  grads: total 1.0000, transformer 0.1561, adapter 0.9877
  <NUM> input tokens: 423/3072 (13.8%)
  lr: base 1.46e-04, adapter 7.32e-05
  SME accuracy: overall 0.416, sign 0.944, exp 0.873, digit 0.222, end 0.819 [d0 0.727 d1 0.322 d2 0.264 d3 0.037 d4 0.063 d5 0.139 d6 0.106 d7 0.098 d8 0.094 d9 0.211 d10 0.138 d11 0.111 d12 0.100 d13 0.118 d14 0.000] (1285 SME tokens)
iter 26101: loss 0.7395, time 248.94ms, mfu 1.92%
iter 26102: loss 0.7063, time 270.69ms, mfu 1.99%
iter 26103: loss 0.7545, time 358.14ms, mfu 1.99%
iter 26104: loss 0.7682, time 458.43ms, mfu 1.94%
iter 26105: loss 0.6870, time 346.39ms, mfu 1.95%
iter 26106: loss 0.7437, time 390.31ms, mfu 1.94%
iter 26107: loss 0.8028, time 384.73ms, mfu 1.93%
iter 26108: loss 0.7370, time 426.04ms, mfu 1.90%
iter 26109: loss 0.7375, time 362.55ms, mfu 1.91%
iter 26110: loss 0.7269, time 223.93ms, mfu 2.03%
iter 26111: loss 0.7390, time 382.71ms, mfu 2.01%
iter 26112: loss 0.6870, time 366.58ms, mfu 2.01%
iter 26113: loss 0.7410, time 387.75ms, mfu 1.99%
iter 26114: loss 0.6455, time 452.20ms, mfu 1.95%
iter 26115: loss 0.7172, time 550.02ms, mfu 1.88%
iter 26116: loss 0.7426, time 324.03ms, mfu 1.91%
iter 26117: loss 0.7311, time 463.17ms, mfu 1.87%
iter 26118: loss 0.6749, time 467.82ms, mfu 1.84%
iter 26119: loss 0.8193, time 594.97ms, mfu 1.77%
iter 26120: loss 0.6946, time 326.13ms, mfu 1.81%
iter 26121: loss 0.6660, time 435.51ms, mfu 1.79%
iter 26122: loss 0.7355, time 365.01ms, mfu 1.81%
iter 26123: loss 0.5671, time 396.79ms, mfu 1.81%
iter 26124: loss 0.7354, time 494.94ms, mfu 1.77%
iter 26125: loss 0.6874, time 267.04ms, mfu 1.86%
iter 26126: loss 0.7228, time 459.42ms, mfu 1.83%
iter 26127: loss 0.8025, time 472.23ms, mfu 1.79%
iter 26128: loss 0.7464, time 390.49ms, mfu 1.80%
iter 26129: loss 0.7351, time 380.89ms, mfu 1.80%
iter 26130: loss 0.6971, time 371.59ms, mfu 1.81%
iter 26131: loss 0.6928, time 319.99ms, mfu 1.85%
iter 26132: loss 0.7346, time 388.19ms, mfu 1.85%
iter 26133: loss 0.7364, time 480.61ms, mfu 1.81%
iter 26134: loss 0.7290, time 429.94ms, mfu 1.80%
iter 26135: loss 0.6381, time 401.94ms, mfu 1.79%
iter 26136: loss 0.7135, time 431.87ms, mfu 1.78%
iter 26137: loss 0.7817, time 323.07ms, mfu 1.82%
iter 26138: loss 0.7743, time 481.45ms, mfu 1.78%
iter 26139: loss 0.8286, time 254.63ms, mfu 1.88%
iter 26140: loss 0.7161, time 458.81ms, mfu 1.85%
iter 26141: loss 0.7491, time 417.10ms, mfu 1.84%
iter 26142: loss 0.6616, time 438.97ms, mfu 1.81%
iter 26143: loss 0.6777, time 506.03ms, mfu 1.77%
iter 26144: loss 0.6724, time 317.70ms, mfu 1.82%
iter 26145: loss 0.7366, time 454.70ms, mfu 1.79%
iter 26146: loss 0.7058, time 240.81ms, mfu 1.91%
iter 26147: loss 0.7163, time 514.15ms, mfu 1.85%
iter 26148: loss 0.7213, time 421.16ms, mfu 1.84%
iter 26149: loss 0.7194, time 345.25ms, mfu 1.86%
iter 26150: loss 0.7786, time 373.10ms, mfu 1.86%
iter 26151: loss 0.7352, time 606.87ms, mfu 1.79%
iter 26152: loss 0.7308, time 334.29ms, mfu 1.83%
iter 26153: loss 0.7161, time 397.58ms, mfu 1.82%
iter 26154: loss 0.6235, time 343.59ms, mfu 1.85%
iter 26155: loss 0.7012, time 393.89ms, mfu 1.84%
iter 26156: loss 0.7383, time 511.98ms, mfu 1.80%
iter 26157: loss 0.6126, time 251.87ms, mfu 1.90%
iter 26158: loss 0.7360, time 324.44ms, mfu 1.93%
iter 26159: loss 0.7415, time 324.56ms, mfu 1.95%
iter 26160: loss 0.7625, time 514.74ms, mfu 1.89%
iter 26161: loss 0.7519, time 358.61ms, mfu 1.90%
iter 26162: loss 0.7579, time 397.45ms, mfu 1.89%
iter 26163: loss 0.7358, time 420.39ms, mfu 1.87%
iter 26164: loss 0.6381, time 352.23ms, mfu 1.88%
iter 26165: loss 0.6480, time 538.62ms, mfu 1.83%
iter 26166: loss 0.6952, time 321.93ms, mfu 1.86%
iter 26167: loss 0.7162, time 389.58ms, mfu 1.86%
iter 26168: loss 0.6664, time 266.08ms, mfu 1.94%
iter 26169: loss 0.7698, time 321.34ms, mfu 1.97%
iter 26170: loss 0.6945, time 331.50ms, mfu 1.98%
iter 26171: loss 0.7444, time 330.22ms, mfu 2.00%
iter 26172: loss 0.8138, time 445.48ms, mfu 1.96%
iter 26173: loss 0.7701, time 530.24ms, mfu 1.90%
iter 26174: loss 0.7853, time 361.31ms, mfu 1.90%
iter 26175: loss 0.6740, time 418.56ms, mfu 1.88%
iter 26176: loss 0.6927, time 359.77ms, mfu 1.89%
iter 26177: loss 0.7486, time 457.32ms, mfu 1.86%
iter 26178: loss 0.7750, time 294.08ms, mfu 1.91%
iter 26179: loss 0.6960, time 438.85ms, mfu 1.88%
iter 26180: loss 0.7391, time 360.20ms, mfu 1.89%
iter 26181: loss 0.6978, time 431.27ms, mfu 1.87%
iter 26182: loss 0.7764, time 414.11ms, mfu 1.85%
iter 26183: loss 0.7948, time 376.47ms, mfu 1.85%
iter 26184: loss 0.7456, time 302.28ms, mfu 1.90%
iter 26185: loss 0.7748, time 248.90ms, mfu 2.00%
iter 26186: loss 0.7549, time 516.39ms, mfu 1.94%
iter 26187: loss 0.7961, time 402.25ms, mfu 1.92%
iter 26188: loss 0.7217, time 332.80ms, mfu 1.94%
iter 26189: loss 0.7053, time 494.92ms, mfu 1.89%
iter 26190: loss 0.6924, time 364.02ms, mfu 1.89%
iter 26191: loss 0.8596, time 486.49ms, mfu 1.85%
iter 26192: loss 0.7293, time 393.32ms, mfu 1.85%
iter 26193: loss 0.7954, time 477.53ms, mfu 1.81%
iter 26194: loss 0.6352, time 470.40ms, mfu 1.78%
iter 26195: loss 0.6493, time 467.30ms, mfu 1.75%
iter 26196: loss 0.6343, time 345.09ms, mfu 1.78%
iter 26197: loss 0.7502, time 491.00ms, mfu 1.75%
iter 26198: loss 0.6669, time 336.69ms, mfu 1.78%
iter 26199: loss 0.7924, time 359.89ms, mfu 1.80%
iter 26200: loss 0.7274, time 434.44ms, mfu 1.79%
  === DIAG iter 26200 ===
  loss: 0.7274
  grads: total 1.0000, transformer 0.1363, adapter 0.9907
  <NUM> input tokens: 497/3072 (16.2%)
  lr: base 1.45e-04, adapter 7.25e-05
  SME accuracy: overall 0.446, sign 0.974, exp 0.940, digit 0.247, end 0.852 [d0 0.874 d1 0.313 d2 0.182 d3 0.095 d4 0.086 d5 0.119 d6 0.136 d7 0.119 d8 0.094 d9 0.128 d10 0.194 d11 0.103 d12 0.125 d13 0.214 d14 0.125] (1184 SME tokens)
iter 26201: loss 0.8173, time 237.82ms, mfu 1.91%
iter 26202: loss 0.7115, time 401.40ms, mfu 1.89%
iter 26203: loss 0.7367, time 296.15ms, mfu 1.94%
iter 26204: loss 0.7889, time 307.62ms, mfu 1.98%
iter 26205: loss 0.7844, time 375.60ms, mfu 1.97%
iter 26206: loss 0.7243, time 472.15ms, mfu 1.92%
iter 26207: loss 0.7495, time 426.26ms, mfu 1.90%
iter 26208: loss 0.7580, time 351.35ms, mfu 1.91%
iter 26209: loss 0.6870, time 210.20ms, mfu 2.05%
iter 26210: loss 0.8160, time 442.97ms, mfu 2.01%
iter 26211: loss 0.6005, time 366.29ms, mfu 2.00%
iter 26212: loss 0.7529, time 527.53ms, mfu 1.94%
iter 26213: loss 0.7673, time 272.35ms, mfu 2.00%
iter 26214: loss 0.6395, time 250.22ms, mfu 2.09%
iter 26215: loss 0.6403, time 439.03ms, mfu 2.04%
iter 26216: loss 0.7873, time 371.05ms, mfu 2.03%
iter 26217: loss 0.7657, time 482.07ms, mfu 1.97%
iter 26218: loss 0.7328, time 456.45ms, mfu 1.93%
iter 26219: loss 0.7405, time 499.28ms, mfu 1.88%
iter 26220: loss 0.7069, time 335.95ms, mfu 1.90%
iter 26221: loss 0.7852, time 439.57ms, mfu 1.87%
iter 26222: loss 0.6376, time 370.15ms, mfu 1.88%
iter 26223: loss 0.7560, time 369.92ms, mfu 1.88%
iter 26224: loss 0.7716, time 478.78ms, mfu 1.84%
iter 26225: loss 0.6819, time 378.66ms, mfu 1.84%
iter 26226: loss 0.8031, time 372.28ms, mfu 1.85%
iter 26227: loss 0.6948, time 361.04ms, mfu 1.86%
iter 26228: loss 0.7317, time 316.79ms, mfu 1.90%
iter 26229: loss 0.7228, time 354.70ms, mfu 1.91%
iter 26230: loss 0.7970, time 295.20ms, mfu 1.96%
iter 26231: loss 0.7046, time 340.37ms, mfu 1.97%
iter 26232: loss 0.7407, time 325.48ms, mfu 1.99%
iter 26233: loss 0.6697, time 332.50ms, mfu 2.00%
iter 26234: loss 0.7468, time 430.80ms, mfu 1.97%
iter 26235: loss 0.7686, time 380.85ms, mfu 1.96%
iter 26236: loss 0.7896, time 445.10ms, mfu 1.92%
iter 26237: loss 0.5738, time 291.38ms, mfu 1.97%
iter 26238: loss 0.7862, time 251.28ms, mfu 2.06%
iter 26239: loss 0.6473, time 319.28ms, mfu 2.07%
iter 26240: loss 0.7510, time 346.65ms, mfu 2.07%
iter 26241: loss 0.7369, time 383.10ms, mfu 2.05%
iter 26242: loss 0.8232, time 322.41ms, mfu 2.06%
iter 26243: loss 0.7450, time 341.43ms, mfu 2.06%
iter 26244: loss 0.7209, time 376.98ms, mfu 2.05%
iter 26245: loss 0.7327, time 399.65ms, mfu 2.02%
iter 26246: loss 0.8044, time 341.16ms, mfu 2.02%
iter 26247: loss 0.7936, time 299.85ms, mfu 2.06%
iter 26248: loss 0.8008, time 433.03ms, mfu 2.02%
iter 26249: loss 0.6581, time 304.60ms, mfu 2.05%
iter 26250: loss 0.6719, time 308.43ms, mfu 2.07%
iter 26251: loss 0.6801, time 442.35ms, mfu 2.03%
iter 26252: loss 0.6746, time 373.24ms, mfu 2.01%
iter 26253: loss 0.7655, time 421.43ms, mfu 1.98%
iter 26254: loss 0.7007, time 431.94ms, mfu 1.95%
iter 26255: loss 0.7519, time 413.71ms, mfu 1.92%
iter 26256: loss 0.7273, time 402.41ms, mfu 1.91%
iter 26257: loss 0.6486, time 397.02ms, mfu 1.89%
iter 26258: loss 0.7509, time 560.93ms, mfu 1.83%
iter 26259: loss 0.7707, time 408.12ms, mfu 1.82%
iter 26260: loss 0.7251, time 395.07ms, mfu 1.82%
iter 26261: loss 0.7135, time 452.36ms, mfu 1.79%
iter 26262: loss 0.6361, time 385.41ms, mfu 1.80%
iter 26263: loss 0.9076, time 231.83ms, mfu 1.92%
iter 26264: loss 0.7449, time 327.99ms, mfu 1.95%
iter 26265: loss 0.7054, time 350.47ms, mfu 1.96%
iter 26266: loss 0.6756, time 342.61ms, mfu 1.97%
iter 26267: loss 0.8127, time 437.91ms, mfu 1.93%
iter 26268: loss 0.7158, time 361.82ms, mfu 1.93%
iter 26269: loss 0.6769, time 461.58ms, mfu 1.89%
iter 26270: loss 0.6684, time 299.21ms, mfu 1.94%
iter 26271: loss 0.7176, time 444.51ms, mfu 1.91%
iter 26272: loss 0.7671, time 476.70ms, mfu 1.87%
iter 26273: loss 0.7456, time 465.88ms, mfu 1.83%
iter 26274: loss 0.7678, time 307.94ms, mfu 1.88%
iter 26275: loss 0.7167, time 453.26ms, mfu 1.85%
iter 26276: loss 0.8251, time 508.86ms, mfu 1.80%
iter 26277: loss 0.7979, time 411.62ms, mfu 1.79%
iter 26278: loss 0.8020, time 507.06ms, mfu 1.75%
iter 26279: loss 0.7412, time 397.51ms, mfu 1.76%
iter 26280: loss 0.7433, time 423.87ms, mfu 1.75%
iter 26281: loss 0.7669, time 341.54ms, mfu 1.78%
iter 26282: loss 0.7233, time 356.48ms, mfu 1.80%
iter 26283: loss 0.7378, time 417.88ms, mfu 1.79%
iter 26284: loss 0.7020, time 460.22ms, mfu 1.77%
iter 26285: loss 0.7111, time 375.58ms, mfu 1.78%
iter 26286: loss 0.7712, time 356.02ms, mfu 1.80%
iter 26287: loss 0.7557, time 328.11ms, mfu 1.84%
iter 26288: loss 0.6998, time 351.39ms, mfu 1.85%
iter 26289: loss 0.7360, time 295.47ms, mfu 1.91%
iter 26290: loss 0.7093, time 317.66ms, mfu 1.94%
iter 26291: loss 0.7105, time 382.39ms, mfu 1.93%
iter 26292: loss 0.7354, time 513.82ms, mfu 1.88%
iter 26293: loss 0.6644, time 290.76ms, mfu 1.93%
iter 26294: loss 0.7213, time 425.47ms, mfu 1.91%
iter 26295: loss 0.7400, time 442.81ms, mfu 1.88%
iter 26296: loss 0.7159, time 416.03ms, mfu 1.86%
iter 26297: loss 0.6631, time 358.97ms, mfu 1.87%
iter 26298: loss 0.7341, time 599.02ms, mfu 1.80%
iter 26299: loss 0.7509, time 411.63ms, mfu 1.79%
iter 26300: loss 0.6833, time 571.58ms, mfu 1.74%
  === DIAG iter 26300 ===
  loss: 0.6833
  grads: total 1.0000, transformer 0.1732, adapter 0.9849
  <NUM> input tokens: 521/3072 (17.0%)
  lr: base 1.44e-04, adapter 7.18e-05
  SME accuracy: overall 0.455, sign 0.991, exp 0.868, digit 0.276, end 0.798 [d0 0.843 d1 0.377 d2 0.162 d3 0.070 d4 0.206 d5 0.194 d6 0.145 d7 0.122 d8 0.186 d9 0.267 d10 0.296 d11 0.148 d12 0.174 d13 0.158 d14 0.071] (1092 SME tokens)
iter 26301: loss 0.6545, time 246.07ms, mfu 1.85%
iter 26302: loss 0.7226, time 528.63ms, mfu 1.80%
iter 26303: loss 0.7280, time 414.71ms, mfu 1.79%
iter 26304: loss 0.7578, time 432.97ms, mfu 1.78%
iter 26305: loss 0.8058, time 496.39ms, mfu 1.74%
iter 26306: loss 0.6541, time 376.57ms, mfu 1.76%
iter 26307: loss 0.7590, time 418.21ms, mfu 1.75%
iter 26308: loss 0.8170, time 324.03ms, mfu 1.79%
iter 26309: loss 0.6692, time 434.84ms, mfu 1.78%
iter 26310: loss 0.7912, time 395.89ms, mfu 1.78%
iter 26311: loss 0.8369, time 361.44ms, mfu 1.80%
iter 26312: loss 0.6723, time 341.90ms, mfu 1.82%
iter 26313: loss 0.7564, time 245.08ms, mfu 1.93%
iter 26314: loss 0.7775, time 586.59ms, mfu 1.86%
iter 26315: loss 0.7089, time 250.18ms, mfu 1.96%
iter 26316: loss 0.6886, time 381.53ms, mfu 1.95%
iter 26317: loss 0.6810, time 438.86ms, mfu 1.91%
iter 26318: loss 0.6891, time 273.01ms, mfu 1.98%
iter 26319: loss 0.7271, time 440.26ms, mfu 1.94%
iter 26320: loss 0.7434, time 350.35ms, mfu 1.95%
iter 26321: loss 0.8042, time 447.98ms, mfu 1.92%
iter 26322: loss 0.7349, time 342.38ms, mfu 1.93%
iter 26323: loss 0.6734, time 371.61ms, mfu 1.93%
iter 26324: loss 0.7958, time 380.48ms, mfu 1.92%
iter 26325: loss 0.6357, time 437.18ms, mfu 1.89%
iter 26326: loss 0.8435, time 521.87ms, mfu 1.84%
iter 26327: loss 0.7479, time 319.13ms, mfu 1.88%
iter 26328: loss 0.7310, time 492.74ms, mfu 1.83%
iter 26329: loss 0.6992, time 463.73ms, mfu 1.80%
iter 26330: loss 0.7203, time 421.48ms, mfu 1.79%
iter 26331: loss 0.7248, time 398.59ms, mfu 1.79%
iter 26332: loss 0.7322, time 350.34ms, mfu 1.81%
iter 26333: loss 0.6945, time 371.73ms, mfu 1.82%
iter 26334: loss 0.7075, time 340.47ms, mfu 1.85%
iter 26335: loss 0.6899, time 387.91ms, mfu 1.85%
iter 26336: loss 0.7224, time 374.51ms, mfu 1.85%
iter 26337: loss 0.8285, time 386.15ms, mfu 1.85%
iter 26338: loss 0.6547, time 349.49ms, mfu 1.87%
iter 26339: loss 0.7758, time 460.41ms, mfu 1.83%
iter 26340: loss 0.7564, time 480.83ms, mfu 1.80%
iter 26341: loss 0.7775, time 493.28ms, mfu 1.76%
iter 26342: loss 0.7341, time 313.85ms, mfu 1.81%
iter 26343: loss 0.7082, time 281.53ms, mfu 1.88%
iter 26344: loss 0.7575, time 571.42ms, mfu 1.82%
iter 26345: loss 0.6919, time 406.93ms, mfu 1.81%
iter 26346: loss 0.7416, time 346.05ms, mfu 1.83%
iter 26347: loss 0.7739, time 302.80ms, mfu 1.88%
iter 26348: loss 0.7868, time 420.64ms, mfu 1.86%
iter 26349: loss 0.6982, time 404.02ms, mfu 1.85%
iter 26350: loss 0.7145, time 327.40ms, mfu 1.88%
iter 26351: loss 0.7203, time 480.88ms, mfu 1.84%
iter 26352: loss 0.6459, time 277.48ms, mfu 1.91%
iter 26353: loss 0.6961, time 331.65ms, mfu 1.94%
iter 26354: loss 0.7595, time 312.64ms, mfu 1.97%
iter 26355: loss 0.7565, time 396.04ms, mfu 1.95%
iter 26356: loss 0.7787, time 528.32ms, mfu 1.89%
iter 26357: loss 0.6490, time 399.12ms, mfu 1.88%
iter 26358: loss 0.6614, time 406.73ms, mfu 1.87%
iter 26359: loss 0.6875, time 448.99ms, mfu 1.84%
iter 26360: loss 0.7159, time 313.79ms, mfu 1.88%
iter 26361: loss 0.7451, time 237.95ms, mfu 1.99%
iter 26362: loss 0.7496, time 342.15ms, mfu 2.00%
iter 26363: loss 0.7301, time 502.24ms, mfu 1.94%
iter 26364: loss 0.7221, time 317.33ms, mfu 1.97%
iter 26365: loss 0.7425, time 495.81ms, mfu 1.91%
iter 26366: loss 0.6597, time 293.00ms, mfu 1.96%
iter 26367: loss 0.7767, time 504.99ms, mfu 1.91%
iter 26368: loss 0.8277, time 443.21ms, mfu 1.88%
iter 26369: loss 0.7138, time 247.77ms, mfu 1.98%
iter 26370: loss 0.8482, time 342.82ms, mfu 1.99%
iter 26371: loss 0.6772, time 468.04ms, mfu 1.94%
iter 26372: loss 0.7331, time 541.19ms, mfu 1.88%
iter 26373: loss 0.7089, time 210.33ms, mfu 2.02%
iter 26374: loss 0.7560, time 348.08ms, mfu 2.03%
iter 26375: loss 0.8163, time 253.50ms, mfu 2.10%
iter 26376: loss 0.7760, time 273.16ms, mfu 2.15%
iter 26377: loss 0.7300, time 373.41ms, mfu 2.13%
iter 26378: loss 0.7011, time 358.72ms, mfu 2.11%
iter 26379: loss 0.7512, time 374.30ms, mfu 2.09%
iter 26380: loss 0.8378, time 378.33ms, mfu 2.07%
iter 26381: loss 0.6907, time 287.42ms, mfu 2.11%
iter 26382: loss 0.6867, time 329.68ms, mfu 2.11%
iter 26383: loss 0.7290, time 338.88ms, mfu 2.11%
iter 26384: loss 0.6986, time 425.41ms, mfu 2.07%
iter 26385: loss 0.7607, time 505.77ms, mfu 2.00%
iter 26386: loss 0.7553, time 329.23ms, mfu 2.01%
iter 26387: loss 0.7043, time 303.51ms, mfu 2.05%
iter 26388: loss 0.7447, time 420.72ms, mfu 2.01%
iter 26389: loss 0.7095, time 448.37ms, mfu 1.97%
iter 26390: loss 0.7603, time 304.38ms, mfu 2.00%
iter 26391: loss 0.7017, time 460.36ms, mfu 1.96%
iter 26392: loss 0.8332, time 267.59ms, mfu 2.03%
iter 26393: loss 0.7727, time 392.49ms, mfu 2.00%
iter 26394: loss 0.7066, time 457.19ms, mfu 1.96%
iter 26395: loss 0.7150, time 349.32ms, mfu 1.97%
iter 26396: loss 0.6783, time 522.20ms, mfu 1.90%
iter 26397: loss 0.8108, time 344.34ms, mfu 1.92%
iter 26398: loss 0.7867, time 242.52ms, mfu 2.02%
iter 26399: loss 0.7055, time 385.26ms, mfu 2.00%
iter 26400: loss 0.6847, time 755.29ms, mfu 1.90%
  === DIAG iter 26400 ===
  loss: 0.6847
  grads: total 1.0000, transformer 0.1792, adapter 0.9838
  <NUM> input tokens: 380/3072 (12.4%)
  lr: base 1.42e-04, adapter 7.11e-05
  SME accuracy: overall 0.434, sign 0.963, exp 0.954, digit 0.252, end 0.713 [d0 0.874 d1 0.384 d2 0.238 d3 0.081 d4 0.118 d5 0.125 d6 0.083 d7 0.075 d8 0.071 d9 0.154 d10 0.050 d11 0.059 d12 0.077 d13 0.444 d14 0.167] (1106 SME tokens)
iter 26401: loss 0.7762, time 233.92ms, mfu 2.01%
iter 26402: loss 0.7866, time 492.19ms, mfu 1.95%
iter 26403: loss 0.7712, time 429.91ms, mfu 1.92%
iter 26404: loss 0.7951, time 332.57ms, mfu 1.94%
iter 26405: loss 0.8216, time 382.48ms, mfu 1.93%
iter 26406: loss 0.6723, time 376.41ms, mfu 1.93%
iter 26407: loss 0.7821, time 255.75ms, mfu 2.01%
iter 26408: loss 0.7146, time 346.19ms, mfu 2.02%
iter 26409: loss 0.7261, time 403.68ms, mfu 1.99%
iter 26410: loss 0.7305, time 412.70ms, mfu 1.96%
iter 26411: loss 0.7447, time 353.55ms, mfu 1.97%
iter 26412: loss 0.7668, time 382.53ms, mfu 1.96%
iter 26413: loss 0.7395, time 324.33ms, mfu 1.98%
iter 26414: loss 0.7176, time 378.04ms, mfu 1.97%
iter 26415: loss 0.7637, time 416.23ms, mfu 1.94%
iter 26416: loss 0.6849, time 360.31ms, mfu 1.94%
iter 26417: loss 0.7255, time 265.20ms, mfu 2.02%
iter 26418: loss 0.6038, time 397.18ms, mfu 1.99%
iter 26419: loss 0.6709, time 447.06ms, mfu 1.95%
iter 26420: loss 0.8363, time 353.84ms, mfu 1.96%
iter 26421: loss 0.7903, time 579.40ms, mfu 1.88%
iter 26422: loss 0.7362, time 376.65ms, mfu 1.88%
iter 26423: loss 0.7534, time 244.14ms, mfu 1.99%
iter 26424: loss 0.7338, time 444.18ms, mfu 1.95%
iter 26425: loss 0.6959, time 347.98ms, mfu 1.96%
iter 26426: loss 0.7469, time 333.17ms, mfu 1.97%
iter 26427: loss 0.6715, time 321.48ms, mfu 2.00%
iter 26428: loss 0.8159, time 307.61ms, mfu 2.03%
iter 26429: loss 0.7071, time 281.16ms, mfu 2.08%
iter 26430: loss 0.7102, time 296.26ms, mfu 2.11%
iter 26431: loss 0.7900, time 301.05ms, mfu 2.13%
iter 26432: loss 0.8021, time 465.54ms, mfu 2.07%
iter 26433: loss 0.7350, time 257.72ms, mfu 2.14%
iter 26434: loss 0.7763, time 261.46ms, mfu 2.20%
iter 26435: loss 0.7705, time 399.00ms, mfu 2.15%
iter 26436: loss 0.7950, time 409.89ms, mfu 2.11%
iter 26437: loss 0.7347, time 399.96ms, mfu 2.08%
iter 26438: loss 0.6795, time 407.40ms, mfu 2.04%
iter 26439: loss 0.7146, time 508.86ms, mfu 1.98%
iter 26440: loss 0.7024, time 376.24ms, mfu 1.97%
iter 26441: loss 0.7318, time 242.95ms, mfu 2.06%
iter 26442: loss 0.8101, time 444.17ms, mfu 2.02%
iter 26443: loss 0.7940, time 323.29ms, mfu 2.03%
iter 26444: loss 0.6707, time 288.43ms, mfu 2.08%
iter 26445: loss 0.7415, time 378.73ms, mfu 2.06%
iter 26446: loss 0.6712, time 569.13ms, mfu 1.98%
iter 26447: loss 0.6922, time 600.58ms, mfu 1.90%
iter 26448: loss 0.7589, time 305.76ms, mfu 1.94%
iter 26449: loss 0.7009, time 520.56ms, mfu 1.88%
iter 26450: loss 0.6919, time 281.40ms, mfu 1.94%
iter 26451: loss 0.7910, time 471.82ms, mfu 1.90%
iter 26452: loss 0.7282, time 272.18ms, mfu 1.97%
iter 26453: loss 0.6836, time 364.55ms, mfu 1.97%
iter 26454: loss 0.7675, time 424.26ms, mfu 1.94%
iter 26455: loss 0.7493, time 482.97ms, mfu 1.89%
iter 26456: loss 0.7372, time 394.28ms, mfu 1.88%
iter 26457: loss 0.7656, time 386.15ms, mfu 1.88%
iter 26458: loss 0.8170, time 424.25ms, mfu 1.86%
iter 26459: loss 0.7290, time 289.88ms, mfu 1.92%
iter 26460: loss 0.6826, time 455.11ms, mfu 1.88%
iter 26461: loss 0.6777, time 249.58ms, mfu 1.98%
iter 26462: loss 0.6596, time 353.02ms, mfu 1.98%
iter 26463: loss 0.7165, time 376.65ms, mfu 1.97%
iter 26464: loss 0.7933, time 490.95ms, mfu 1.92%
iter 26465: loss 0.7328, time 286.27ms, mfu 1.97%
iter 26466: loss 0.7061, time 308.04ms, mfu 2.01%
iter 26467: loss 0.6574, time 452.66ms, mfu 1.96%
iter 26468: loss 0.6392, time 260.95ms, mfu 2.04%
iter 26469: loss 0.7629, time 390.01ms, mfu 2.01%
iter 26470: loss 0.7382, time 276.49ms, mfu 2.07%
iter 26471: loss 0.7321, time 406.42ms, mfu 2.04%
iter 26472: loss 0.6256, time 363.33ms, mfu 2.03%
iter 26473: loss 0.7188, time 459.05ms, mfu 1.98%
iter 26474: loss 0.7632, time 353.62ms, mfu 1.98%
iter 26475: loss 0.6811, time 381.84ms, mfu 1.97%
iter 26476: loss 0.7086, time 343.19ms, mfu 1.98%
iter 26477: loss 0.7582, time 433.87ms, mfu 1.94%
iter 26478: loss 0.7694, time 249.18ms, mfu 2.03%
iter 26479: loss 0.6459, time 395.76ms, mfu 2.01%
iter 26480: loss 0.7122, time 347.11ms, mfu 2.01%
iter 26481: loss 0.7170, time 298.16ms, mfu 2.05%
iter 26482: loss 0.7522, time 467.96ms, mfu 2.00%
iter 26483: loss 0.6444, time 304.87ms, mfu 2.03%
iter 26484: loss 0.7307, time 475.11ms, mfu 1.98%
iter 26485: loss 0.6174, time 419.77ms, mfu 1.95%
iter 26486: loss 0.7345, time 394.72ms, mfu 1.93%
iter 26487: loss 0.6907, time 368.81ms, mfu 1.93%
iter 26488: loss 0.8376, time 386.76ms, mfu 1.92%
iter 26489: loss 0.7298, time 296.20ms, mfu 1.97%
iter 26490: loss 0.8233, time 475.22ms, mfu 1.92%
iter 26491: loss 0.7365, time 484.39ms, mfu 1.87%
iter 26492: loss 0.7923, time 538.03ms, mfu 1.82%
iter 26493: loss 0.6736, time 374.41ms, mfu 1.83%
iter 26494: loss 0.7146, time 421.06ms, mfu 1.81%
iter 26495: loss 0.7824, time 293.56ms, mfu 1.87%
iter 26496: loss 0.7728, time 270.21ms, mfu 1.95%
iter 26497: loss 0.8197, time 361.48ms, mfu 1.95%
iter 26498: loss 0.6686, time 301.79ms, mfu 1.99%
iter 26499: loss 0.7797, time 492.63ms, mfu 1.93%
iter 26500: loss 0.7580, time 668.63ms, mfu 1.85%
  === DIAG iter 26500 ===
  loss: 0.7580
  grads: total 1.0000, transformer 0.1449, adapter 0.9894
  <NUM> input tokens: 498/3072 (16.2%)
  lr: base 1.41e-04, adapter 7.05e-05
  SME accuracy: overall 0.442, sign 0.991, exp 0.974, digit 0.245, end 0.870 [d0 0.804 d1 0.409 d2 0.244 d3 0.089 d4 0.115 d5 0.137 d6 0.075 d7 0.111 d8 0.107 d9 0.070 d10 0.057 d11 0.138 d12 0.125 d13 0.143 d14 0.067] (1234 SME tokens)
iter 26501: loss 0.7722, time 252.29ms, mfu 1.94%
iter 26502: loss 0.7332, time 295.26ms, mfu 1.99%
iter 26503: loss 0.6911, time 387.74ms, mfu 1.97%
iter 26504: loss 0.6982, time 394.46ms, mfu 1.95%
iter 26505: loss 0.6303, time 309.05ms, mfu 1.99%
iter 26506: loss 0.7310, time 371.94ms, mfu 1.98%
iter 26507: loss 0.7484, time 374.53ms, mfu 1.97%
iter 26508: loss 0.6178, time 345.58ms, mfu 1.98%
iter 26509: loss 0.6723, time 393.23ms, mfu 1.96%
iter 26510: loss 0.7303, time 346.55ms, mfu 1.97%
iter 26511: loss 0.7789, time 353.67ms, mfu 1.97%
iter 26512: loss 0.7853, time 323.53ms, mfu 2.00%
iter 26513: loss 0.7693, time 408.68ms, mfu 1.97%
iter 26514: loss 0.6620, time 394.29ms, mfu 1.95%
iter 26515: loss 0.7302, time 275.72ms, mfu 2.01%
iter 26516: loss 0.7322, time 457.00ms, mfu 1.97%
iter 26517: loss 0.6741, time 272.16ms, mfu 2.03%
iter 26518: loss 0.6875, time 332.03ms, mfu 2.04%
iter 26519: loss 0.7269, time 315.44ms, mfu 2.06%
iter 26520: loss 0.7425, time 386.93ms, mfu 2.04%
iter 26521: loss 0.6916, time 447.40ms, mfu 1.99%
iter 26522: loss 0.7920, time 465.23ms, mfu 1.95%
iter 26523: loss 0.7499, time 412.36ms, mfu 1.92%
iter 26524: loss 0.7809, time 504.40ms, mfu 1.87%
iter 26525: loss 0.7310, time 393.83ms, mfu 1.86%
iter 26526: loss 0.8036, time 347.47ms, mfu 1.88%
iter 26527: loss 0.6846, time 406.61ms, mfu 1.87%
iter 26528: loss 0.7176, time 388.03ms, mfu 1.86%
iter 26529: loss 0.6961, time 262.32ms, mfu 1.95%
iter 26530: loss 0.7554, time 351.34ms, mfu 1.95%
iter 26531: loss 0.8013, time 415.33ms, mfu 1.93%
iter 26532: loss 0.7029, time 363.78ms, mfu 1.93%
iter 26533: loss 0.6798, time 488.84ms, mfu 1.88%
iter 26534: loss 0.6786, time 317.35ms, mfu 1.92%
iter 26535: loss 0.7396, time 315.63ms, mfu 1.95%
iter 26536: loss 0.7982, time 325.31ms, mfu 1.97%
iter 26537: loss 0.6856, time 325.14ms, mfu 1.99%
iter 26538: loss 0.6451, time 406.98ms, mfu 1.97%
iter 26539: loss 0.6436, time 457.48ms, mfu 1.93%
iter 26540: loss 0.7356, time 300.71ms, mfu 1.97%
iter 26541: loss 0.7722, time 459.13ms, mfu 1.93%
iter 26542: loss 0.6680, time 335.18ms, mfu 1.95%
iter 26543: loss 0.7527, time 377.15ms, mfu 1.94%
iter 26544: loss 0.7485, time 374.64ms, mfu 1.93%
iter 26545: loss 0.6417, time 390.35ms, mfu 1.92%
iter 26546: loss 0.7716, time 349.47ms, mfu 1.93%
iter 26547: loss 0.7548, time 399.09ms, mfu 1.92%
iter 26548: loss 0.7204, time 212.38ms, mfu 2.06%
iter 26549: loss 0.7872, time 382.10ms, mfu 2.04%
iter 26550: loss 0.7788, time 340.39ms, mfu 2.04%
iter 26551: loss 0.7600, time 471.63ms, mfu 1.99%
iter 26552: loss 0.7793, time 368.24ms, mfu 1.98%
iter 26553: loss 0.7474, time 390.31ms, mfu 1.97%
iter 26554: loss 0.7072, time 309.61ms, mfu 2.00%
iter 26555: loss 0.7074, time 389.09ms, mfu 1.98%
iter 26556: loss 0.6982, time 317.63ms, mfu 2.01%
iter 26557: loss 0.7855, time 293.58ms, mfu 2.05%
iter 26558: loss 0.7236, time 348.06ms, mfu 2.05%
iter 26559: loss 0.7147, time 310.06ms, mfu 2.07%
iter 26560: loss 0.7204, time 451.79ms, mfu 2.02%
iter 26561: loss 0.6744, time 365.81ms, mfu 2.01%
iter 26562: loss 0.7520, time 311.74ms, mfu 2.04%
iter 26563: loss 0.7126, time 394.89ms, mfu 2.01%
iter 26564: loss 0.7836, time 393.47ms, mfu 1.99%
iter 26565: loss 0.7884, time 455.13ms, mfu 1.95%
iter 26566: loss 0.7380, time 446.69ms, mfu 1.91%
iter 26567: loss 0.8482, time 315.66ms, mfu 1.95%
iter 26568: loss 0.7760, time 312.38ms, mfu 1.98%
iter 26569: loss 0.6955, time 401.44ms, mfu 1.96%
iter 26570: loss 0.6638, time 301.06ms, mfu 2.00%
iter 26571: loss 0.7980, time 472.37ms, mfu 1.95%
iter 26572: loss 0.7424, time 361.18ms, mfu 1.95%
iter 26573: loss 0.6745, time 456.63ms, mfu 1.91%
iter 26574: loss 0.8317, time 389.10ms, mfu 1.90%
iter 26575: loss 0.6814, time 372.38ms, mfu 1.90%
iter 26576: loss 0.7888, time 332.64ms, mfu 1.92%
iter 26577: loss 0.7094, time 387.97ms, mfu 1.91%
iter 26578: loss 0.6456, time 548.55ms, mfu 1.85%
iter 26579: loss 0.7606, time 350.99ms, mfu 1.87%
iter 26580: loss 0.7557, time 420.37ms, mfu 1.85%
iter 26581: loss 0.6892, time 425.91ms, mfu 1.83%
iter 26582: loss 0.6643, time 455.80ms, mfu 1.80%
iter 26583: loss 0.7066, time 474.17ms, mfu 1.77%
iter 26584: loss 0.6860, time 352.75ms, mfu 1.80%
iter 26585: loss 0.6493, time 447.14ms, mfu 1.78%
iter 26586: loss 0.7970, time 421.07ms, mfu 1.77%
iter 26587: loss 0.7537, time 275.88ms, mfu 1.85%
iter 26588: loss 0.6675, time 330.01ms, mfu 1.88%
iter 26589: loss 0.6856, time 362.87ms, mfu 1.88%
iter 26590: loss 0.7455, time 311.50ms, mfu 1.92%
iter 26591: loss 0.6962, time 293.81ms, mfu 1.97%
iter 26592: loss 0.7180, time 368.96ms, mfu 1.97%
iter 26593: loss 0.7884, time 413.01ms, mfu 1.94%
iter 26594: loss 0.7294, time 390.64ms, mfu 1.93%
iter 26595: loss 0.7536, time 332.61ms, mfu 1.95%
iter 26596: loss 0.7549, time 473.71ms, mfu 1.90%
iter 26597: loss 0.7344, time 246.90ms, mfu 2.00%
iter 26598: loss 0.7527, time 538.47ms, mfu 1.93%
iter 26599: loss 0.6838, time 261.88ms, mfu 2.01%
iter 26600: loss 0.6947, time 692.56ms, mfu 1.91%
  === DIAG iter 26600 ===
  loss: 0.6947
  grads: total 1.0000, transformer 0.2022, adapter 0.9793
  <NUM> input tokens: 454/3072 (14.8%)
  lr: base 1.40e-04, adapter 6.98e-05
  SME accuracy: overall 0.464, sign 0.944, exp 0.945, digit 0.284, end 0.813 [d0 0.757 d1 0.278 d2 0.321 d3 0.160 d4 0.176 d5 0.212 d6 0.167 d7 0.125 d8 0.125 d9 0.242 d10 0.320 d11 0.318 d12 0.222 d13 0.188 d14 0.000] (1107 SME tokens)
iter 26601: loss 0.5909, time 255.62ms, mfu 2.00%
iter 26602: loss 0.7920, time 254.97ms, mfu 2.08%
iter 26603: loss 0.6438, time 374.96ms, mfu 2.06%
iter 26604: loss 0.7961, time 401.78ms, mfu 2.03%
iter 26605: loss 0.6738, time 404.53ms, mfu 2.00%
iter 26606: loss 0.7574, time 255.25ms, mfu 2.08%
iter 26607: loss 0.7126, time 432.00ms, mfu 2.03%
iter 26608: loss 0.7379, time 326.18ms, mfu 2.05%
iter 26609: loss 0.7158, time 313.47ms, mfu 2.07%
iter 26610: loss 0.6682, time 411.75ms, mfu 2.03%
iter 26611: loss 0.6895, time 441.81ms, mfu 1.99%
iter 26612: loss 0.7776, time 409.02ms, mfu 1.97%
iter 26613: loss 0.6974, time 440.22ms, mfu 1.93%
iter 26614: loss 0.6784, time 511.25ms, mfu 1.88%
iter 26615: loss 0.6881, time 557.43ms, mfu 1.82%
iter 26616: loss 0.7322, time 381.03ms, mfu 1.82%
iter 26617: loss 0.6822, time 428.87ms, mfu 1.80%
iter 26618: loss 0.7082, time 425.19ms, mfu 1.79%
iter 26619: loss 0.7121, time 472.04ms, mfu 1.76%
iter 26620: loss 0.7228, time 450.90ms, mfu 1.74%
iter 26621: loss 0.7321, time 362.55ms, mfu 1.76%
iter 26622: loss 0.8309, time 387.34ms, mfu 1.77%
iter 26623: loss 0.6790, time 387.48ms, mfu 1.78%
iter 26624: loss 0.6901, time 424.77ms, mfu 1.76%
iter 26625: loss 0.7319, time 324.98ms, mfu 1.81%
iter 26626: loss 0.6881, time 463.01ms, mfu 1.78%
iter 26627: loss 0.6240, time 471.54ms, mfu 1.75%
iter 26628: loss 0.8395, time 292.56ms, mfu 1.82%
iter 26629: loss 0.8402, time 380.30ms, mfu 1.82%
iter 26630: loss 0.7256, time 389.18ms, mfu 1.82%
iter 26631: loss 0.7083, time 267.90ms, mfu 1.91%
iter 26632: loss 0.6492, time 569.52ms, mfu 1.84%
iter 26633: loss 0.6934, time 332.39ms, mfu 1.87%
iter 26634: loss 0.6927, time 367.97ms, mfu 1.87%
iter 26635: loss 0.6786, time 466.58ms, mfu 1.84%
iter 26636: loss 0.7190, time 367.02ms, mfu 1.85%
iter 26637: loss 0.6720, time 414.56ms, mfu 1.83%
iter 26638: loss 0.7248, time 498.38ms, mfu 1.79%
iter 26639: loss 0.8393, time 372.99ms, mfu 1.80%
iter 26640: loss 0.6823, time 402.27ms, mfu 1.80%
iter 26641: loss 0.7054, time 307.30ms, mfu 1.85%
iter 26642: loss 0.7396, time 326.55ms, mfu 1.88%
iter 26643: loss 0.6799, time 446.64ms, mfu 1.85%
iter 26644: loss 0.6867, time 386.02ms, mfu 1.85%
iter 26645: loss 0.7880, time 415.33ms, mfu 1.84%
iter 26646: loss 0.7410, time 388.73ms, mfu 1.84%
iter 26647: loss 0.7126, time 376.90ms, mfu 1.84%
iter 26648: loss 0.7537, time 527.21ms, mfu 1.79%
iter 26649: loss 0.7256, time 382.56ms, mfu 1.80%
iter 26650: loss 0.7121, time 389.40ms, mfu 1.80%
iter 26651: loss 0.6180, time 404.51ms, mfu 1.79%
iter 26652: loss 0.6892, time 490.81ms, mfu 1.76%
iter 26653: loss 0.7862, time 333.85ms, mfu 1.80%
iter 26654: loss 0.7980, time 383.01ms, mfu 1.80%
iter 26655: loss 0.7166, time 539.43ms, mfu 1.75%
iter 26656: loss 0.7225, time 271.54ms, mfu 1.84%
iter 26657: loss 0.7021, time 289.47ms, mfu 1.90%
iter 26658: loss 0.7477, time 318.05ms, mfu 1.93%
iter 26659: loss 0.6768, time 330.27ms, mfu 1.95%
iter 26660: loss 0.7346, time 351.59ms, mfu 1.96%
iter 26661: loss 0.7596, time 430.30ms, mfu 1.93%
iter 26662: loss 0.6204, time 345.97ms, mfu 1.94%
iter 26663: loss 0.6854, time 355.08ms, mfu 1.95%
iter 26664: loss 0.7087, time 366.71ms, mfu 1.94%
iter 26665: loss 0.6481, time 369.15ms, mfu 1.94%
iter 26666: loss 0.7786, time 431.25ms, mfu 1.91%
iter 26667: loss 0.7460, time 328.04ms, mfu 1.94%
iter 26668: loss 0.8102, time 436.60ms, mfu 1.91%
iter 26669: loss 0.7742, time 483.73ms, mfu 1.86%
iter 26670: loss 0.7528, time 318.61ms, mfu 1.90%
iter 26671: loss 0.7404, time 235.71ms, mfu 2.01%
iter 26672: loss 0.7053, time 416.20ms, mfu 1.98%
iter 26673: loss 0.7429, time 464.79ms, mfu 1.93%
iter 26674: loss 0.7601, time 354.32ms, mfu 1.94%
iter 26675: loss 0.7312, time 322.24ms, mfu 1.97%
iter 26676: loss 0.7802, time 468.12ms, mfu 1.92%
iter 26677: loss 0.7191, time 354.36ms, mfu 1.93%
iter 26678: loss 0.6967, time 303.74ms, mfu 1.97%
iter 26679: loss 0.7479, time 284.07ms, mfu 2.02%
iter 26680: loss 0.6552, time 517.77ms, mfu 1.96%
iter 26681: loss 0.6725, time 333.61ms, mfu 1.97%
iter 26682: loss 0.6121, time 517.30ms, mfu 1.91%
iter 26683: loss 0.7148, time 411.29ms, mfu 1.89%
iter 26684: loss 0.6795, time 497.94ms, mfu 1.85%
iter 26685: loss 0.7444, time 280.13ms, mfu 1.92%
iter 26686: loss 0.7615, time 506.55ms, mfu 1.86%
iter 26687: loss 0.6778, time 346.46ms, mfu 1.88%
iter 26688: loss 0.6831, time 326.48ms, mfu 1.91%
iter 26689: loss 0.7552, time 345.25ms, mfu 1.92%
iter 26690: loss 0.6566, time 349.70ms, mfu 1.93%
iter 26691: loss 0.6978, time 507.98ms, mfu 1.88%
iter 26692: loss 0.6093, time 422.47ms, mfu 1.86%
iter 26693: loss 0.7582, time 523.16ms, mfu 1.81%
iter 26694: loss 0.7540, time 284.11ms, mfu 1.88%
iter 26695: loss 0.6765, time 432.30ms, mfu 1.85%
iter 26696: loss 0.7504, time 366.04ms, mfu 1.86%
iter 26697: loss 0.8107, time 221.05ms, mfu 2.00%
iter 26698: loss 0.6419, time 378.01ms, mfu 1.98%
iter 26699: loss 0.6927, time 413.13ms, mfu 1.96%
iter 26700: loss 0.7315, time 538.72ms, mfu 1.89%
  === DIAG iter 26700 ===
  loss: 0.7315
  grads: total 1.0000, transformer 0.1685, adapter 0.9857
  <NUM> input tokens: 482/3072 (15.7%)
  lr: base 1.38e-04, adapter 6.91e-05
  SME accuracy: overall 0.442, sign 0.943, exp 0.933, digit 0.265, end 0.873 [d0 0.820 d1 0.405 d2 0.244 d3 0.123 d4 0.155 d5 0.134 d6 0.149 d7 0.127 d8 0.111 d9 0.189 d10 0.242 d11 0.200 d12 0.208 d13 0.286 d14 0.133] (1154 SME tokens)
iter 26701: loss 0.7131, time 239.79ms, mfu 2.00%
iter 26702: loss 0.7492, time 358.42ms, mfu 2.00%
iter 26703: loss 0.7742, time 394.87ms, mfu 1.98%
iter 26704: loss 0.7307, time 513.73ms, mfu 1.92%
iter 26705: loss 0.7227, time 279.59ms, mfu 1.98%
iter 26706: loss 0.7502, time 392.16ms, mfu 1.96%
iter 26707: loss 0.7533, time 333.96ms, mfu 1.98%
iter 26708: loss 0.7187, time 357.60ms, mfu 1.98%
iter 26709: loss 0.7996, time 410.61ms, mfu 1.95%
iter 26710: loss 0.7995, time 541.36ms, mfu 1.89%
iter 26711: loss 0.7769, time 403.19ms, mfu 1.88%
iter 26712: loss 0.6724, time 367.47ms, mfu 1.88%
iter 26713: loss 0.7782, time 534.15ms, mfu 1.83%
iter 26714: loss 0.6693, time 346.49ms, mfu 1.85%
iter 26715: loss 0.8379, time 307.35ms, mfu 1.89%
iter 26716: loss 0.7288, time 425.94ms, mfu 1.87%
iter 26717: loss 0.8061, time 305.94ms, mfu 1.92%
iter 26718: loss 0.7682, time 414.64ms, mfu 1.89%
iter 26719: loss 0.7613, time 257.31ms, mfu 1.98%
iter 26720: loss 0.7949, time 521.87ms, mfu 1.92%
iter 26721: loss 0.7102, time 363.85ms, mfu 1.92%
iter 26722: loss 0.7292, time 370.15ms, mfu 1.92%
iter 26723: loss 0.6982, time 387.07ms, mfu 1.91%
iter 26724: loss 0.6840, time 353.29ms, mfu 1.92%
iter 26725: loss 0.7300, time 564.53ms, mfu 1.85%
iter 26726: loss 0.7461, time 181.12ms, mfu 2.06%
iter 26727: loss 0.7360, time 473.95ms, mfu 2.00%
iter 26728: loss 0.7233, time 325.48ms, mfu 2.02%
iter 26729: loss 0.7842, time 421.01ms, mfu 1.99%
iter 26730: loss 0.6587, time 392.97ms, mfu 1.97%
iter 26731: loss 0.6455, time 551.12ms, mfu 1.90%
iter 26732: loss 0.6908, time 411.20ms, mfu 1.88%
iter 26733: loss 0.7671, time 425.07ms, mfu 1.86%
iter 26734: loss 0.6686, time 360.47ms, mfu 1.87%
iter 26735: loss 0.6638, time 270.41ms, mfu 1.95%
iter 26736: loss 0.7010, time 501.09ms, mfu 1.89%
iter 26737: loss 0.6939, time 312.09ms, mfu 1.93%
iter 26738: loss 0.6499, time 586.51ms, mfu 1.86%
iter 26739: loss 0.7716, time 245.64ms, mfu 1.96%
iter 26740: loss 0.7458, time 381.25ms, mfu 1.95%
iter 26741: loss 0.7342, time 472.29ms, mfu 1.91%
iter 26742: loss 0.7551, time 479.89ms, mfu 1.86%
iter 26743: loss 0.8285, time 344.17ms, mfu 1.88%
iter 26744: loss 0.7591, time 315.96ms, mfu 1.92%
iter 26745: loss 0.6565, time 319.71ms, mfu 1.95%
iter 26746: loss 0.7021, time 231.63ms, mfu 2.06%
iter 26747: loss 0.6612, time 434.74ms, mfu 2.02%
iter 26748: loss 0.8095, time 319.55ms, mfu 2.04%
iter 26749: loss 0.6875, time 375.84ms, mfu 2.02%
iter 26750: loss 0.7248, time 236.38ms, mfu 2.12%
iter 26751: loss 0.6466, time 235.96ms, mfu 2.21%
iter 26752: loss 0.6422, time 266.94ms, mfu 2.25%
iter 26753: loss 0.7240, time 406.40ms, mfu 2.20%
iter 26754: loss 0.8019, time 327.09ms, mfu 2.20%
iter 26755: loss 0.7100, time 534.30ms, mfu 2.11%
iter 26756: loss 0.7767, time 358.91ms, mfu 2.10%
iter 26757: loss 0.7932, time 375.06ms, mfu 2.08%
iter 26758: loss 0.6534, time 466.55ms, mfu 2.02%
iter 26759: loss 0.7298, time 371.84ms, mfu 2.01%
iter 26760: loss 0.7695, time 368.12ms, mfu 2.00%
iter 26761: loss 0.7639, time 454.22ms, mfu 1.96%
iter 26762: loss 0.7215, time 386.14ms, mfu 1.94%
iter 26763: loss 0.6839, time 347.74ms, mfu 1.95%
iter 26764: loss 0.7239, time 486.09ms, mfu 1.90%
iter 26765: loss 0.6918, time 249.85ms, mfu 2.00%
iter 26766: loss 0.7240, time 456.76ms, mfu 1.95%
iter 26767: loss 0.5723, time 340.62ms, mfu 1.97%
iter 26768: loss 0.6897, time 334.34ms, mfu 1.98%
iter 26769: loss 0.7104, time 321.66ms, mfu 2.00%
iter 26770: loss 0.7367, time 333.65ms, mfu 2.02%
iter 26771: loss 0.7189, time 282.57ms, mfu 2.06%
iter 26772: loss 0.6510, time 528.67ms, mfu 1.99%
iter 26773: loss 0.7103, time 320.13ms, mfu 2.01%
iter 26774: loss 0.7701, time 522.13ms, mfu 1.95%
iter 26775: loss 0.7600, time 366.79ms, mfu 1.95%
iter 26776: loss 0.7949, time 324.38ms, mfu 1.97%
iter 26777: loss 0.6939, time 434.81ms, mfu 1.94%
iter 26778: loss 0.7432, time 239.19ms, mfu 2.04%
iter 26779: loss 0.7637, time 446.91ms, mfu 1.99%
iter 26780: loss 0.7642, time 293.05ms, mfu 2.04%
iter 26781: loss 0.8008, time 440.31ms, mfu 1.99%
iter 26782: loss 0.7387, time 274.71ms, mfu 2.05%
iter 26783: loss 0.8043, time 437.33ms, mfu 2.01%
iter 26784: loss 0.6740, time 278.78ms, mfu 2.06%
iter 26785: loss 0.7186, time 344.12ms, mfu 2.06%
iter 26786: loss 0.7356, time 461.49ms, mfu 2.01%
iter 26787: loss 0.7419, time 305.28ms, mfu 2.04%
iter 26788: loss 0.7280, time 340.08ms, mfu 2.05%
iter 26789: loss 0.7100, time 481.82ms, mfu 1.99%
iter 26790: loss 0.6917, time 270.25ms, mfu 2.05%
iter 26791: loss 0.7960, time 355.28ms, mfu 2.05%
iter 26792: loss 0.6916, time 493.61ms, mfu 1.98%
iter 26793: loss 0.7396, time 387.82ms, mfu 1.97%
iter 26794: loss 0.6891, time 306.33ms, mfu 2.00%
iter 26795: loss 0.7105, time 329.30ms, mfu 2.02%
iter 26796: loss 0.7446, time 323.27ms, mfu 2.04%
iter 26797: loss 0.7245, time 467.30ms, mfu 1.98%
iter 26798: loss 0.6411, time 408.43ms, mfu 1.96%
iter 26799: loss 0.6922, time 246.23ms, mfu 2.05%
iter 26800: loss 0.7298, time 624.99ms, mfu 1.96%
  === DIAG iter 26800 ===
  loss: 0.7298
  grads: total 1.0000, transformer 0.1619, adapter 0.9868
  <NUM> input tokens: 383/3072 (12.5%)
  lr: base 1.37e-04, adapter 6.85e-05
  SME accuracy: overall 0.451, sign 0.982, exp 0.955, digit 0.268, end 0.818 [d0 0.816 d1 0.386 d2 0.183 d3 0.178 d4 0.194 d5 0.141 d6 0.186 d7 0.125 d8 0.100 d9 0.229 d10 0.207 d11 0.111 d12 0.167 d13 0.091 d14 0.000] (1172 SME tokens)
iter 26801: loss 0.7634, time 203.18ms, mfu 2.11%
iter 26802: loss 0.7213, time 386.60ms, mfu 2.08%
iter 26803: loss 0.7595, time 456.52ms, mfu 2.03%
iter 26804: loss 0.7106, time 399.58ms, mfu 2.01%
iter 26805: loss 0.7427, time 309.19ms, mfu 2.03%
iter 26806: loss 0.7519, time 242.13ms, mfu 2.12%
iter 26807: loss 0.6568, time 318.66ms, mfu 2.13%
iter 26808: loss 0.7557, time 302.66ms, mfu 2.15%
iter 26809: loss 0.7009, time 415.22ms, mfu 2.11%
iter 26810: loss 0.6560, time 306.03ms, mfu 2.13%
iter 26811: loss 0.6764, time 265.76ms, mfu 2.18%
iter 26812: loss 0.7922, time 374.79ms, mfu 2.15%
iter 26813: loss 0.7043, time 289.24ms, mfu 2.18%
iter 26814: loss 0.6887, time 421.04ms, mfu 2.13%
iter 26815: loss 0.7513, time 395.73ms, mfu 2.10%
iter 26816: loss 0.7529, time 402.93ms, mfu 2.07%
iter 26817: loss 0.7478, time 268.30ms, mfu 2.12%
iter 26818: loss 0.7116, time 382.16ms, mfu 2.10%
iter 26819: loss 0.7389, time 401.18ms, mfu 2.06%
iter 26820: loss 0.7110, time 399.89ms, mfu 2.03%
iter 26821: loss 0.7850, time 426.11ms, mfu 2.00%
iter 26822: loss 0.8132, time 281.36ms, mfu 2.05%
iter 26823: loss 0.8105, time 509.43ms, mfu 1.98%
iter 26824: loss 0.7189, time 396.00ms, mfu 1.96%
iter 26825: loss 0.7109, time 266.02ms, mfu 2.03%
iter 26826: loss 0.8062, time 517.41ms, mfu 1.97%
iter 26827: loss 0.6721, time 420.86ms, mfu 1.94%
iter 26828: loss 0.8174, time 338.97ms, mfu 1.95%
iter 26829: loss 0.7752, time 301.10ms, mfu 1.99%
iter 26830: loss 0.8429, time 458.45ms, mfu 1.95%
iter 26831: loss 0.7994, time 313.93ms, mfu 1.98%
iter 26832: loss 0.7261, time 366.87ms, mfu 1.98%
iter 26833: loss 0.7288, time 378.98ms, mfu 1.96%
iter 26834: loss 0.7625, time 500.49ms, mfu 1.91%
iter 26835: loss 0.6770, time 397.68ms, mfu 1.90%
iter 26836: loss 0.6536, time 345.03ms, mfu 1.91%
iter 26837: loss 0.6976, time 301.39ms, mfu 1.96%
iter 26838: loss 0.7134, time 456.27ms, mfu 1.92%
iter 26839: loss 0.7334, time 284.23ms, mfu 1.97%
iter 26840: loss 0.6713, time 365.29ms, mfu 1.97%
iter 26841: loss 0.6166, time 562.24ms, mfu 1.90%
iter 26842: loss 0.7351, time 429.09ms, mfu 1.87%
iter 26843: loss 0.6902, time 431.48ms, mfu 1.85%
iter 26844: loss 0.7037, time 426.96ms, mfu 1.83%
iter 26845: loss 0.7587, time 456.05ms, mfu 1.80%
iter 26846: loss 0.7448, time 414.82ms, mfu 1.80%
iter 26847: loss 0.8126, time 260.36ms, mfu 1.89%
iter 26848: loss 0.7256, time 419.72ms, mfu 1.87%
iter 26849: loss 0.8053, time 334.38ms, mfu 1.89%
iter 26850: loss 0.7590, time 374.35ms, mfu 1.89%
iter 26851: loss 0.6936, time 333.86ms, mfu 1.92%
iter 26852: loss 0.8027, time 395.82ms, mfu 1.90%
iter 26853: loss 0.7643, time 395.51ms, mfu 1.89%
iter 26854: loss 0.6333, time 482.13ms, mfu 1.85%
iter 26855: loss 0.7238, time 351.90ms, mfu 1.87%
iter 26856: loss 0.7103, time 421.36ms, mfu 1.85%
iter 26857: loss 0.7092, time 268.82ms, mfu 1.93%
iter 26858: loss 0.7563, time 360.69ms, mfu 1.93%
iter 26859: loss 0.6445, time 317.81ms, mfu 1.96%
iter 26860: loss 0.7167, time 421.91ms, mfu 1.93%
iter 26861: loss 0.7409, time 455.83ms, mfu 1.89%
iter 26862: loss 0.7499, time 402.80ms, mfu 1.88%
iter 26863: loss 0.7248, time 476.29ms, mfu 1.84%
iter 26864: loss 0.6938, time 473.56ms, mfu 1.81%
iter 26865: loss 0.8143, time 446.39ms, mfu 1.79%
iter 26866: loss 0.7436, time 570.20ms, mfu 1.73%
iter 26867: loss 0.7569, time 364.30ms, mfu 1.75%
iter 26868: loss 0.7742, time 312.98ms, mfu 1.80%
iter 26869: loss 0.7726, time 425.11ms, mfu 1.79%
iter 26870: loss 0.7869, time 305.63ms, mfu 1.84%
iter 26871: loss 0.7041, time 432.91ms, mfu 1.82%
iter 26872: loss 0.7582, time 315.80ms, mfu 1.86%
iter 26873: loss 0.6770, time 484.89ms, mfu 1.82%
iter 26874: loss 0.7698, time 371.94ms, mfu 1.83%
iter 26875: loss 0.6061, time 273.02ms, mfu 1.91%
iter 26876: loss 0.7254, time 405.01ms, mfu 1.89%
iter 26877: loss 0.7656, time 293.90ms, mfu 1.94%
iter 26878: loss 0.7904, time 391.61ms, mfu 1.93%
iter 26879: loss 0.7615, time 528.13ms, mfu 1.87%
iter 26880: loss 0.6700, time 560.91ms, mfu 1.81%
iter 26881: loss 0.7289, time 470.28ms, mfu 1.78%
iter 26882: loss 0.6765, time 400.73ms, mfu 1.78%
iter 26883: loss 0.6759, time 329.19ms, mfu 1.82%
iter 26884: loss 0.6921, time 358.60ms, mfu 1.83%
iter 26885: loss 0.7498, time 482.36ms, mfu 1.80%
iter 26886: loss 0.8059, time 549.45ms, mfu 1.75%
iter 26887: loss 0.7783, time 451.14ms, mfu 1.73%
iter 26888: loss 0.7034, time 399.10ms, mfu 1.73%
iter 26889: loss 0.6968, time 476.06ms, mfu 1.71%
iter 26890: loss 0.7327, time 378.74ms, mfu 1.72%
iter 26891: loss 0.7683, time 446.45ms, mfu 1.71%
iter 26892: loss 0.6774, time 302.23ms, mfu 1.77%
iter 26893: loss 0.6951, time 319.32ms, mfu 1.82%
iter 26894: loss 0.7412, time 389.75ms, mfu 1.82%
iter 26895: loss 0.6657, time 508.46ms, mfu 1.78%
iter 26896: loss 0.7247, time 292.92ms, mfu 1.84%
iter 26897: loss 0.7634, time 407.25ms, mfu 1.83%
iter 26898: loss 0.7797, time 328.76ms, mfu 1.86%
iter 26899: loss 0.6521, time 392.82ms, mfu 1.86%
iter 26900: loss 0.7121, time 557.45ms, mfu 1.80%
  === DIAG iter 26900 ===
  loss: 0.7121
  grads: total 1.0000, transformer 0.1749, adapter 0.9846
  <NUM> input tokens: 453/3072 (14.7%)
  lr: base 1.36e-04, adapter 6.78e-05
  SME accuracy: overall 0.452, sign 0.930, exp 0.911, digit 0.260, end 0.851 [d0 0.809 d1 0.400 d2 0.253 d3 0.145 d4 0.155 d5 0.106 d6 0.051 d7 0.107 d8 0.040 d9 0.133 d10 0.120 d11 0.389 d12 0.214 d13 0.083 d14 0.111] (1128 SME tokens)
iter 26901: loss 0.7353, time 243.30ms, mfu 1.91%
iter 26902: loss 0.6997, time 309.36ms, mfu 1.95%
iter 26903: loss 0.6891, time 349.50ms, mfu 1.96%
iter 26904: loss 0.8175, time 387.06ms, mfu 1.94%
iter 26905: loss 0.7462, time 317.99ms, mfu 1.97%
iter 26906: loss 0.8617, time 223.57ms, mfu 2.09%
iter 26907: loss 0.7587, time 329.09ms, mfu 2.10%
iter 26908: loss 0.7490, time 312.58ms, mfu 2.12%
iter 26909: loss 0.7288, time 395.12ms, mfu 2.08%
iter 26910: loss 0.6706, time 427.04ms, mfu 2.04%
iter 26911: loss 0.6576, time 385.21ms, mfu 2.02%
iter 26912: loss 0.7194, time 439.31ms, mfu 1.98%
iter 26913: loss 0.6846, time 428.62ms, mfu 1.95%
iter 26914: loss 0.6611, time 501.13ms, mfu 1.89%
iter 26915: loss 0.7627, time 298.76ms, mfu 1.94%
iter 26916: loss 0.7250, time 354.44ms, mfu 1.95%
iter 26917: loss 0.7827, time 355.09ms, mfu 1.95%
iter 26918: loss 0.6626, time 479.50ms, mfu 1.90%
iter 26919: loss 0.7634, time 504.41ms, mfu 1.85%
iter 26920: loss 0.7157, time 467.36ms, mfu 1.82%
iter 26921: loss 0.7159, time 357.73ms, mfu 1.84%
iter 26922: loss 0.8401, time 331.89ms, mfu 1.87%
iter 26923: loss 0.7137, time 312.05ms, mfu 1.91%
iter 26924: loss 0.7872, time 506.18ms, mfu 1.86%
iter 26925: loss 0.7680, time 290.98ms, mfu 1.91%
iter 26926: loss 0.6215, time 288.50ms, mfu 1.97%
iter 26927: loss 0.6774, time 314.98ms, mfu 2.00%
iter 26928: loss 0.6407, time 390.54ms, mfu 1.98%
iter 26929: loss 0.6657, time 318.44ms, mfu 2.00%
iter 26930: loss 0.6823, time 404.00ms, mfu 1.98%
iter 26931: loss 0.6569, time 446.51ms, mfu 1.94%
iter 26932: loss 0.7797, time 297.40ms, mfu 1.98%
iter 26933: loss 0.7094, time 461.60ms, mfu 1.94%
iter 26934: loss 0.8022, time 433.61ms, mfu 1.91%
iter 26935: loss 0.7735, time 488.74ms, mfu 1.86%
iter 26936: loss 0.7460, time 426.33ms, mfu 1.84%
iter 26937: loss 0.6517, time 284.07ms, mfu 1.91%
iter 26938: loss 0.7052, time 411.25ms, mfu 1.89%
iter 26939: loss 0.7539, time 412.07ms, mfu 1.87%
iter 26940: loss 0.7708, time 450.97ms, mfu 1.84%
iter 26941: loss 0.7055, time 296.76ms, mfu 1.90%
iter 26942: loss 0.6721, time 439.01ms, mfu 1.87%
iter 26943: loss 0.6328, time 361.01ms, mfu 1.88%
iter 26944: loss 0.6573, time 406.68ms, mfu 1.86%
iter 26945: loss 0.7932, time 408.57ms, mfu 1.85%
iter 26946: loss 0.8489, time 297.78ms, mfu 1.90%
iter 26947: loss 0.7505, time 361.69ms, mfu 1.91%
iter 26948: loss 0.7296, time 465.28ms, mfu 1.87%
iter 26949: loss 0.7375, time 344.33ms, mfu 1.89%
iter 26950: loss 0.6636, time 351.66ms, mfu 1.90%
iter 26951: loss 0.7323, time 413.01ms, mfu 1.88%
iter 26952: loss 0.7995, time 425.55ms, mfu 1.86%
iter 26953: loss 0.7435, time 436.21ms, mfu 1.84%
iter 26954: loss 0.7571, time 284.60ms, mfu 1.90%
iter 26955: loss 0.7417, time 389.14ms, mfu 1.90%
iter 26956: loss 0.7458, time 398.51ms, mfu 1.88%
iter 26957: loss 0.7515, time 335.91ms, mfu 1.91%
iter 26958: loss 0.8050, time 399.14ms, mfu 1.89%
iter 26959: loss 0.7301, time 328.22ms, mfu 1.92%
iter 26960: loss 0.7153, time 438.44ms, mfu 1.89%
iter 26961: loss 0.7248, time 345.68ms, mfu 1.91%
iter 26962: loss 0.6129, time 349.38ms, mfu 1.92%
iter 26963: loss 0.6679, time 370.51ms, mfu 1.92%
iter 26964: loss 0.7479, time 333.95ms, mfu 1.94%
iter 26965: loss 0.8145, time 549.00ms, mfu 1.87%
iter 26966: loss 0.7107, time 341.23ms, mfu 1.89%
iter 26967: loss 0.7760, time 360.31ms, mfu 1.90%
iter 26968: loss 0.7321, time 321.99ms, mfu 1.93%
iter 26969: loss 0.7536, time 356.95ms, mfu 1.94%
iter 26970: loss 0.7167, time 252.93ms, mfu 2.02%
iter 26971: loss 0.7535, time 318.37ms, mfu 2.04%
iter 26972: loss 0.7044, time 413.96ms, mfu 2.01%
iter 26973: loss 0.7623, time 459.75ms, mfu 1.96%
iter 26974: loss 0.7293, time 395.27ms, mfu 1.95%
iter 26975: loss 0.7845, time 439.86ms, mfu 1.91%
iter 26976: loss 0.7212, time 304.39ms, mfu 1.95%
iter 26977: loss 0.7360, time 514.53ms, mfu 1.90%
iter 26978: loss 0.7134, time 441.80ms, mfu 1.87%
iter 26979: loss 0.6369, time 479.21ms, mfu 1.83%
iter 26980: loss 0.7209, time 220.88ms, mfu 1.97%
iter 26981: loss 0.8285, time 575.06ms, mfu 1.89%
iter 26982: loss 0.7624, time 335.84ms, mfu 1.91%
iter 26983: loss 0.6441, time 381.05ms, mfu 1.91%
iter 26984: loss 0.6763, time 412.50ms, mfu 1.89%
iter 26985: loss 0.7199, time 275.69ms, mfu 1.96%
iter 26986: loss 0.6903, time 360.20ms, mfu 1.96%
iter 26987: loss 0.7104, time 518.70ms, mfu 1.90%
iter 26988: loss 0.6565, time 551.95ms, mfu 1.84%
iter 26989: loss 0.7803, time 311.92ms, mfu 1.88%
iter 26990: loss 0.6158, time 339.22ms, mfu 1.90%
iter 26991: loss 0.7929, time 400.54ms, mfu 1.89%
iter 26992: loss 0.7267, time 501.82ms, mfu 1.84%
iter 26993: loss 0.7761, time 369.17ms, mfu 1.85%
iter 26994: loss 0.6161, time 420.88ms, mfu 1.83%
iter 26995: loss 0.6923, time 465.82ms, mfu 1.80%
iter 26996: loss 0.6483, time 380.31ms, mfu 1.81%
iter 26997: loss 0.6261, time 212.95ms, mfu 1.96%
iter 26998: loss 0.7252, time 418.04ms, mfu 1.93%
iter 26999: loss 0.6978, time 254.20ms, mfu 2.02%
iter 27000: loss 0.7223, time 528.56ms, mfu 1.95%
  === DIAG iter 27000 ===
  loss: 0.7223
  grads: total 1.0000, transformer 0.1477, adapter 0.9890
  <NUM> input tokens: 430/3072 (14.0%)
  lr: base 1.34e-04, adapter 6.72e-05
  SME accuracy: overall 0.462, sign 0.977, exp 0.938, digit 0.259, end 0.803 [d0 0.888 d1 0.303 d2 0.186 d3 0.110 d4 0.133 d5 0.119 d6 0.083 d7 0.125 d8 0.104 d9 0.118 d10 0.103 d11 0.130 d12 0.105 d13 0.062 d14 0.125] (1227 SME tokens)
  --- Sample eval (val) ---
  MIN: <0> <-5e+08> <2.54445> <-1.57e+06> <4.84973> <-7.64403e+08> →
    target: -7.644e+08
    pred:   -8.372e+08
    error:  72818540.00

  SORT: <2.10022e+08> <6.66e-08> <989000> <1.49221e+08> <-5.76251e+08> <703.346> <0.03> <0> <6.31116e+08> <2.87753e-07> →
    target: -5.763e+08 0 6.66e-08 2.878e-07 0.03 703.3 9.89e+05 1.492e+08 2.1e+08 6.311e+08
    pred:   -5.4e+08 0 INVALID(unparseable) 2.821e-07 0.03 703 INVALID(unparseable) 1.447e+08 2.022e+08 6.71e+08
    error:  36250819.00 0.00 N/A 0.00 0.00 0.35 N/A 4498398.00 7809837.00 39894871.00

   <0.0730684> <1e+09> <-123046> →
    target: 1.071e+09
    pred:   1e+09
    error:  71467047.49

  SUB: <3.81858e+06> - <-1e+09> →
    target: 1.004e+09
    pred:   1.005e+09
    error:  1155186.00

  D3D7D3D3END
    target: 1e+09
    pred:   1e+08
    error:  900000000.00

iter 27001: loss 0.7458, time 313.05ms, mfu 1.98%
iter 27002: loss 0.7273, time 295.81ms, mfu 2.02%
iter 27003: loss 0.7153, time 539.41ms, mfu 1.95%
iter 27004: loss 0.6700, time 399.25ms, mfu 1.93%
iter 27005: loss 0.7486, time 311.20ms, mfu 1.97%
iter 27006: loss 0.6978, time 266.30ms, mfu 2.04%
iter 27007: loss 0.7173, time 356.34ms, mfu 2.03%
iter 27008: loss 0.8333, time 327.57ms, mfu 2.05%
iter 27009: loss 0.6663, time 411.77ms, mfu 2.01%
iter 27010: loss 0.6995, time 434.70ms, mfu 1.98%
iter 27011: loss 0.7192, time 377.86ms, mfu 1.97%
iter 27012: loss 0.7938, time 328.36ms, mfu 1.98%
iter 27013: loss 0.7748, time 462.40ms, mfu 1.94%
iter 27014: loss 0.7353, time 343.99ms, mfu 1.95%
iter 27015: loss 0.8061, time 484.84ms, mfu 1.90%
iter 27016: loss 0.6431, time 352.95ms, mfu 1.91%
iter 27017: loss 0.6739, time 491.17ms, mfu 1.87%
iter 27018: loss 0.7525, time 346.59ms, mfu 1.88%
iter 27019: loss 0.7026, time 311.62ms, mfu 1.92%
iter 27020: loss 0.7197, time 446.81ms, mfu 1.89%
iter 27021: loss 0.7247, time 419.04ms, mfu 1.87%
iter 27022: loss 0.8350, time 316.97ms, mfu 1.91%
iter 27023: loss 0.7743, time 267.18ms, mfu 1.98%
iter 27024: loss 0.6877, time 534.98ms, mfu 1.92%
iter 27025: loss 0.7838, time 292.52ms, mfu 1.97%
iter 27026: loss 0.7863, time 399.80ms, mfu 1.95%
iter 27027: loss 0.7723, time 389.34ms, mfu 1.93%
iter 27028: loss 0.7633, time 418.19ms, mfu 1.91%
iter 27029: loss 0.6667, time 424.15ms, mfu 1.89%
iter 27030: loss 0.6764, time 253.53ms, mfu 1.98%
iter 27031: loss 0.7337, time 440.04ms, mfu 1.94%
iter 27032: loss 0.7019, time 451.63ms, mfu 1.90%
iter 27033: loss 0.7428, time 434.35ms, mfu 1.88%
iter 27034: loss 0.7697, time 375.53ms, mfu 1.88%
iter 27035: loss 0.7600, time 286.49ms, mfu 1.94%
iter 27036: loss 0.7176, time 400.71ms, mfu 1.92%
iter 27037: loss 0.7744, time 527.62ms, mfu 1.86%
iter 27038: loss 0.6595, time 361.20ms, mfu 1.87%
iter 27039: loss 0.7668, time 373.47ms, mfu 1.87%
iter 27040: loss 0.6319, time 362.07ms, mfu 1.88%
iter 27041: loss 0.6503, time 406.73ms, mfu 1.87%
iter 27042: loss 0.6897, time 303.05ms, mfu 1.92%
iter 27043: loss 0.7142, time 377.01ms, mfu 1.91%
iter 27044: loss 0.7204, time 408.08ms, mfu 1.89%
iter 27045: loss 0.7534, time 415.24ms, mfu 1.88%
iter 27046: loss 0.7412, time 534.89ms, mfu 1.82%
iter 27047: loss 0.6984, time 279.71ms, mfu 1.89%
iter 27048: loss 0.8125, time 313.26ms, mfu 1.93%
iter 27049: loss 0.8102, time 454.33ms, mfu 1.89%
iter 27050: loss 0.7696, time 292.41ms, mfu 1.95%
iter 27051: loss 0.7354, time 378.41ms, mfu 1.94%
iter 27052: loss 0.7471, time 419.99ms, mfu 1.91%
iter 27053: loss 0.6081, time 348.55ms, mfu 1.93%
iter 27054: loss 0.6683, time 308.87ms, mfu 1.96%
iter 27055: loss 0.7584, time 338.82ms, mfu 1.98%
iter 27056: loss 0.6704, time 422.52ms, mfu 1.95%
iter 27057: loss 0.7221, time 352.80ms, mfu 1.95%
iter 27058: loss 0.6194, time 452.98ms, mfu 1.91%
iter 27059: loss 0.6870, time 381.43ms, mfu 1.91%
iter 27060: loss 0.6969, time 350.54ms, mfu 1.92%
iter 27061: loss 0.8525, time 512.66ms, mfu 1.87%
iter 27062: loss 0.8136, time 320.60ms, mfu 1.90%
iter 27063: loss 0.7867, time 447.21ms, mfu 1.87%
iter 27064: loss 0.6586, time 361.84ms, mfu 1.88%
iter 27065: loss 0.6970, time 462.55ms, mfu 1.84%
iter 27066: loss 0.6592, time 428.68ms, mfu 1.82%
iter 27067: loss 0.7048, time 173.42ms, mfu 2.05%
iter 27068: loss 0.6798, time 426.85ms, mfu 2.01%
iter 27069: loss 0.6728, time 405.04ms, mfu 1.99%
iter 27070: loss 0.6339, time 364.83ms, mfu 1.98%
iter 27071: loss 0.6566, time 469.82ms, mfu 1.93%
iter 27072: loss 0.6656, time 281.41ms, mfu 1.99%
iter 27073: loss 0.6884, time 384.70ms, mfu 1.98%
iter 27074: loss 0.7223, time 521.16ms, mfu 1.92%
iter 27075: loss 0.7468, time 427.26ms, mfu 1.89%
iter 27076: loss 0.7065, time 397.15ms, mfu 1.88%
iter 27077: loss 0.7336, time 349.44ms, mfu 1.89%
iter 27078: loss 0.7288, time 558.62ms, mfu 1.83%
iter 27079: loss 0.8390, time 367.94ms, mfu 1.84%
iter 27080: loss 0.8217, time 308.32ms, mfu 1.89%
iter 27081: loss 0.6638, time 404.04ms, mfu 1.87%
iter 27082: loss 0.7215, time 324.77ms, mfu 1.90%
iter 27083: loss 0.7642, time 448.91ms, mfu 1.87%
iter 27084: loss 0.7378, time 465.51ms, mfu 1.84%
iter 27085: loss 0.7953, time 428.72ms, mfu 1.82%
iter 27086: loss 0.7480, time 408.23ms, mfu 1.81%
iter 27087: loss 0.7290, time 368.99ms, mfu 1.82%
iter 27088: loss 0.7079, time 253.59ms, mfu 1.92%
iter 27089: loss 0.7107, time 386.91ms, mfu 1.91%
iter 27090: loss 0.7108, time 357.48ms, mfu 1.92%
iter 27091: loss 0.7353, time 289.72ms, mfu 1.97%
iter 27092: loss 0.7055, time 449.46ms, mfu 1.93%
iter 27093: loss 0.7131, time 377.80ms, mfu 1.93%
iter 27094: loss 0.6639, time 221.81ms, mfu 2.05%
iter 27095: loss 0.7454, time 383.49ms, mfu 2.03%
iter 27096: loss 0.7511, time 378.22ms, mfu 2.02%
iter 27097: loss 0.7989, time 413.45ms, mfu 1.99%
iter 27098: loss 0.7425, time 355.17ms, mfu 1.99%
iter 27099: loss 0.6816, time 327.99ms, mfu 2.00%
iter 27100: loss 0.6536, time 651.41ms, mfu 1.91%
  === DIAG iter 27100 ===
  loss: 0.6536
  grads: total 1.0000, transformer 0.1218, adapter 0.9926
  <NUM> input tokens: 431/3072 (14.0%)
  lr: base 1.33e-04, adapter 6.65e-05
  SME accuracy: overall 0.475, sign 0.971, exp 0.951, digit 0.279, end 0.911 [d0 0.848 d1 0.286 d2 0.177 d3 0.167 d4 0.138 d5 0.158 d6 0.182 d7 0.148 d8 0.120 d9 0.200 d10 0.226 d11 0.192 d12 0.217 d13 0.200 d14 0.214] (1037 SME tokens)
iter 27101: loss 0.6826, time 239.02ms, mfu 2.02%
iter 27102: loss 0.7412, time 279.82ms, mfu 2.07%
iter 27103: loss 0.7463, time 500.21ms, mfu 2.00%
iter 27104: loss 0.6598, time 346.67ms, mfu 2.01%
iter 27105: loss 0.7952, time 319.85ms, mfu 2.03%
iter 27106: loss 0.7719, time 407.38ms, mfu 2.00%
iter 27107: loss 0.7221, time 458.82ms, mfu 1.95%
iter 27108: loss 0.7779, time 242.14ms, mfu 2.05%
iter 27109: loss 0.7526, time 372.83ms, mfu 2.04%
iter 27110: loss 0.7695, time 402.85ms, mfu 2.01%
iter 27111: loss 0.9017, time 344.88ms, mfu 2.01%
iter 27112: loss 0.7196, time 353.23ms, mfu 2.01%
iter 27113: loss 0.6659, time 404.77ms, mfu 1.99%
iter 27114: loss 0.6716, time 492.47ms, mfu 1.93%
iter 27115: loss 0.7121, time 257.87ms, mfu 2.01%
iter 27116: loss 0.7276, time 477.52ms, mfu 1.96%
iter 27117: loss 0.7085, time 439.00ms, mfu 1.93%
iter 27118: loss 0.7260, time 240.45ms, mfu 2.03%
iter 27119: loss 0.7315, time 382.56ms, mfu 2.01%
iter 27120: loss 0.6500, time 336.74ms, mfu 2.02%
iter 27121: loss 0.7120, time 370.47ms, mfu 2.01%
iter 27122: loss 0.7587, time 407.03ms, mfu 1.98%
iter 27123: loss 0.7607, time 478.12ms, mfu 1.93%
iter 27124: loss 0.8004, time 392.83ms, mfu 1.92%
iter 27125: loss 0.7404, time 461.57ms, mfu 1.88%
iter 27126: loss 0.7393, time 530.57ms, mfu 1.83%
iter 27127: loss 0.6168, time 462.60ms, mfu 1.80%
iter 27128: loss 0.7230, time 413.19ms, mfu 1.79%
iter 27129: loss 0.7110, time 286.53ms, mfu 1.86%
iter 27130: loss 0.7658, time 295.43ms, mfu 1.91%
iter 27131: loss 0.7177, time 520.89ms, mfu 1.86%
iter 27132: loss 0.7036, time 283.00ms, mfu 1.92%
iter 27133: loss 0.6891, time 394.20ms, mfu 1.91%
iter 27134: loss 0.8801, time 287.57ms, mfu 1.96%
iter 27135: loss 0.7258, time 377.84ms, mfu 1.96%
iter 27136: loss 0.6910, time 333.48ms, mfu 1.97%
iter 27137: loss 0.7326, time 537.46ms, mfu 1.91%
iter 27138: loss 0.7591, time 320.65ms, mfu 1.94%
iter 27139: loss 0.7214, time 291.84ms, mfu 1.99%
iter 27140: loss 0.6518, time 332.27ms, mfu 2.00%
iter 27141: loss 0.7168, time 463.50ms, mfu 1.95%
iter 27142: loss 0.8205, time 270.81ms, mfu 2.02%
iter 27143: loss 0.8035, time 291.24ms, mfu 2.06%
iter 27144: loss 0.7989, time 358.18ms, mfu 2.05%
iter 27145: loss 0.6954, time 578.37ms, mfu 1.97%
iter 27146: loss 0.8327, time 435.46ms, mfu 1.94%
iter 27147: loss 0.7369, time 432.85ms, mfu 1.91%
iter 27148: loss 0.7634, time 485.46ms, mfu 1.86%
iter 27149: loss 0.7115, time 416.46ms, mfu 1.85%
iter 27150: loss 0.8385, time 358.58ms, mfu 1.86%
iter 27151: loss 0.8179, time 309.97ms, mfu 1.90%
iter 27152: loss 0.8134, time 445.05ms, mfu 1.87%
iter 27153: loss 0.7453, time 364.13ms, mfu 1.88%
iter 27154: loss 0.7277, time 413.22ms, mfu 1.86%
iter 27155: loss 0.8954, time 528.72ms, mfu 1.81%
iter 27156: loss 0.7976, time 330.63ms, mfu 1.84%
iter 27157: loss 0.7739, time 448.12ms, mfu 1.82%
iter 27158: loss 0.6764, time 362.86ms, mfu 1.83%
iter 27159: loss 0.7384, time 489.84ms, mfu 1.79%
iter 27160: loss 0.7649, time 239.45ms, mfu 1.91%
iter 27161: loss 0.7929, time 517.70ms, mfu 1.85%
iter 27162: loss 0.6956, time 354.78ms, mfu 1.87%
iter 27163: loss 0.8011, time 504.38ms, mfu 1.82%
iter 27164: loss 0.7035, time 481.36ms, mfu 1.79%
iter 27165: loss 0.8100, time 471.14ms, mfu 1.76%
iter 27166: loss 0.7143, time 359.78ms, mfu 1.78%
iter 27167: loss 0.7659, time 337.23ms, mfu 1.81%
iter 27168: loss 0.7382, time 301.65ms, mfu 1.87%
iter 27169: loss 0.8202, time 512.78ms, mfu 1.82%
iter 27170: loss 0.7413, time 476.92ms, mfu 1.78%
iter 27171: loss 0.7612, time 242.42ms, mfu 1.90%
iter 27172: loss 0.6906, time 369.73ms, mfu 1.90%
iter 27173: loss 0.8039, time 409.08ms, mfu 1.88%
iter 27174: loss 0.7772, time 355.35ms, mfu 1.89%
iter 27175: loss 0.8080, time 391.25ms, mfu 1.89%
iter 27176: loss 0.6045, time 516.54ms, mfu 1.83%
iter 27177: loss 0.7067, time 388.58ms, mfu 1.83%
iter 27178: loss 0.6568, time 507.29ms, mfu 1.79%
iter 27179: loss 0.7234, time 209.38ms, mfu 1.95%
iter 27180: loss 0.6883, time 395.64ms, mfu 1.93%
iter 27181: loss 0.8126, time 327.46ms, mfu 1.96%
iter 27182: loss 0.7630, time 371.88ms, mfu 1.95%
iter 27183: loss 0.6658, time 277.73ms, mfu 2.01%
iter 27184: loss 0.7829, time 485.06ms, mfu 1.96%
iter 27185: loss 0.6752, time 338.46ms, mfu 1.97%
iter 27186: loss 0.6891, time 446.66ms, mfu 1.93%
iter 27187: loss 0.7811, time 380.74ms, mfu 1.92%
iter 27188: loss 0.7457, time 314.39ms, mfu 1.96%
iter 27189: loss 0.7856, time 322.72ms, mfu 1.98%
iter 27190: loss 0.6833, time 287.69ms, mfu 2.03%
iter 27191: loss 0.7714, time 360.08ms, mfu 2.02%
iter 27192: loss 0.7534, time 346.89ms, mfu 2.03%
iter 27193: loss 0.7700, time 459.23ms, mfu 1.98%
iter 27194: loss 0.7901, time 401.70ms, mfu 1.96%
iter 27195: loss 0.7689, time 415.28ms, mfu 1.93%
iter 27196: loss 0.6965, time 216.46ms, mfu 2.07%
iter 27197: loss 0.7025, time 434.04ms, mfu 2.02%
iter 27198: loss 0.7710, time 529.74ms, mfu 1.95%
iter 27199: loss 0.7659, time 350.08ms, mfu 1.96%
iter 27200: loss 0.7405, time 427.03ms, mfu 1.93%
  === DIAG iter 27200 ===
  loss: 0.7405
  grads: total 1.0000, transformer 0.1863, adapter 0.9825
  <NUM> input tokens: 444/3072 (14.5%)
  lr: base 1.32e-04, adapter 6.59e-05
  SME accuracy: overall 0.422, sign 0.951, exp 0.873, digit 0.247, end 0.854 [d0 0.806 d1 0.350 d2 0.190 d3 0.095 d4 0.085 d5 0.174 d6 0.104 d7 0.062 d8 0.163 d9 0.188 d10 0.222 d11 0.250 d12 0.238 d13 0.158 d14 0.167] (1138 SME tokens)
iter 27201: loss 0.7210, time 235.03ms, mfu 2.04%
iter 27202: loss 0.6906, time 232.94ms, mfu 2.14%
iter 27203: loss 0.7238, time 411.21ms, mfu 2.10%
iter 27204: loss 0.7621, time 443.75ms, mfu 2.05%
iter 27205: loss 0.8053, time 352.31ms, mfu 2.04%
iter 27206: loss 0.8219, time 295.57ms, mfu 2.08%
iter 27207: loss 0.7497, time 335.38ms, mfu 2.08%
iter 27208: loss 0.7512, time 457.94ms, mfu 2.03%
iter 27209: loss 0.7219, time 385.67ms, mfu 2.01%
iter 27210: loss 0.7038, time 455.70ms, mfu 1.96%
iter 27211: loss 0.7004, time 390.03ms, mfu 1.95%
iter 27212: loss 0.7465, time 509.10ms, mfu 1.89%
iter 27213: loss 0.7957, time 335.95ms, mfu 1.92%
iter 27214: loss 0.7362, time 407.91ms, mfu 1.90%
iter 27215: loss 0.7981, time 350.51ms, mfu 1.91%
iter 27216: loss 0.6582, time 394.96ms, mfu 1.90%
iter 27217: loss 0.7414, time 516.66ms, mfu 1.85%
iter 27218: loss 0.8077, time 528.98ms, mfu 1.80%
iter 27219: loss 0.6783, time 328.82ms, mfu 1.83%
iter 27220: loss 0.7599, time 305.39ms, mfu 1.88%
iter 27221: loss 0.8052, time 375.36ms, mfu 1.88%
iter 27222: loss 0.5727, time 374.61ms, mfu 1.88%
iter 27223: loss 0.7511, time 309.08ms, mfu 1.92%
iter 27224: loss 0.7239, time 419.93ms, mfu 1.90%
iter 27225: loss 0.7413, time 369.81ms, mfu 1.90%
iter 27226: loss 0.7222, time 403.07ms, mfu 1.89%
iter 27227: loss 0.6514, time 503.80ms, mfu 1.84%
iter 27228: loss 0.7159, time 356.85ms, mfu 1.85%
iter 27229: loss 0.7729, time 348.85ms, mfu 1.87%
iter 27230: loss 0.6954, time 218.44ms, mfu 2.01%
iter 27231: loss 0.6521, time 451.67ms, mfu 1.96%
iter 27232: loss 0.7493, time 470.95ms, mfu 1.92%
iter 27233: loss 0.6603, time 417.98ms, mfu 1.90%
iter 27234: loss 0.7149, time 352.21ms, mfu 1.91%
iter 27235: loss 0.7493, time 557.31ms, mfu 1.84%
iter 27236: loss 0.7250, time 156.29ms, mfu 2.11%
iter 27237: loss 0.7172, time 404.71ms, mfu 2.08%
iter 27238: loss 0.7642, time 491.89ms, mfu 2.01%
iter 27239: loss 0.7826, time 516.26ms, mfu 1.95%
iter 27240: loss 0.6915, time 499.56ms, mfu 1.90%
iter 27241: loss 0.7249, time 348.30ms, mfu 1.91%
iter 27242: loss 0.6911, time 323.49ms, mfu 1.94%
iter 27243: loss 0.7184, time 400.59ms, mfu 1.92%
iter 27244: loss 0.7142, time 312.18ms, mfu 1.96%
iter 27245: loss 0.6639, time 446.83ms, mfu 1.92%
iter 27246: loss 0.6616, time 322.87ms, mfu 1.95%
iter 27247: loss 0.7877, time 432.42ms, mfu 1.92%
iter 27248: loss 0.8266, time 394.92ms, mfu 1.90%
iter 27249: loss 0.7626, time 507.49ms, mfu 1.85%
iter 27250: loss 0.6506, time 455.31ms, mfu 1.82%
iter 27251: loss 0.7179, time 401.02ms, mfu 1.82%
iter 27252: loss 0.8083, time 532.76ms, mfu 1.77%
iter 27253: loss 0.6787, time 372.58ms, mfu 1.78%
iter 27254: loss 0.6868, time 418.39ms, mfu 1.77%
iter 27255: loss 0.7325, time 312.02ms, mfu 1.82%
iter 27256: loss 0.6903, time 380.29ms, mfu 1.83%
iter 27257: loss 0.6710, time 381.82ms, mfu 1.83%
iter 27258: loss 0.7339, time 282.11ms, mfu 1.90%
iter 27259: loss 0.7288, time 450.88ms, mfu 1.87%
iter 27260: loss 0.7008, time 320.79ms, mfu 1.90%
iter 27261: loss 0.6893, time 416.18ms, mfu 1.88%
iter 27262: loss 0.5953, time 341.86ms, mfu 1.90%
iter 27263: loss 0.8105, time 256.61ms, mfu 1.99%
iter 27264: loss 0.7228, time 286.85ms, mfu 2.03%
iter 27265: loss 0.7761, time 323.29ms, mfu 2.05%
iter 27266: loss 0.6765, time 482.26ms, mfu 1.99%
iter 27267: loss 0.7217, time 374.18ms, mfu 1.98%
iter 27268: loss 0.6587, time 403.90ms, mfu 1.96%
iter 27269: loss 0.7224, time 439.61ms, mfu 1.92%
iter 27270: loss 0.7124, time 422.08ms, mfu 1.90%
iter 27271: loss 0.6435, time 337.31ms, mfu 1.92%
iter 27272: loss 0.6525, time 469.66ms, mfu 1.88%
iter 27273: loss 0.7639, time 294.87ms, mfu 1.93%
iter 27274: loss 0.7634, time 328.13ms, mfu 1.95%
iter 27275: loss 0.6856, time 425.28ms, mfu 1.93%
iter 27276: loss 0.7826, time 418.76ms, mfu 1.90%
iter 27277: loss 0.7490, time 443.03ms, mfu 1.87%
iter 27278: loss 0.8331, time 395.24ms, mfu 1.86%
iter 27279: loss 0.7627, time 435.43ms, mfu 1.84%
iter 27280: loss 0.8408, time 232.02ms, mfu 1.96%
iter 27281: loss 0.7934, time 553.65ms, mfu 1.89%
iter 27282: loss 0.7167, time 317.18ms, mfu 1.93%
iter 27283: loss 0.7293, time 453.16ms, mfu 1.89%
iter 27284: loss 0.6155, time 376.88ms, mfu 1.89%
iter 27285: loss 0.7533, time 326.66ms, mfu 1.92%
iter 27286: loss 0.7492, time 301.29ms, mfu 1.96%
iter 27287: loss 0.7458, time 439.06ms, mfu 1.93%
iter 27288: loss 0.6965, time 449.06ms, mfu 1.89%
iter 27289: loss 0.6580, time 351.90ms, mfu 1.90%
iter 27290: loss 0.6652, time 362.54ms, mfu 1.91%
iter 27291: loss 0.7324, time 348.13ms, mfu 1.92%
iter 27292: loss 0.6870, time 370.92ms, mfu 1.92%
iter 27293: loss 0.7598, time 387.67ms, mfu 1.91%
iter 27294: loss 0.7942, time 371.63ms, mfu 1.91%
iter 27295: loss 0.7549, time 481.86ms, mfu 1.87%
iter 27296: loss 0.7243, time 399.60ms, mfu 1.86%
iter 27297: loss 0.7243, time 216.31ms, mfu 2.00%
iter 27298: loss 0.6730, time 490.92ms, mfu 1.94%
iter 27299: loss 0.6921, time 377.10ms, mfu 1.94%
iter 27300: loss 0.8467, time 433.20ms, mfu 1.91%
  === DIAG iter 27300 ===
  loss: 0.8467
  grads: total 1.0000, transformer 0.1734, adapter 0.9848
  <NUM> input tokens: 400/3072 (13.0%)
  lr: base 1.30e-04, adapter 6.52e-05
  SME accuracy: overall 0.452, sign 0.963, exp 0.963, digit 0.261, end 0.898 [d0 0.857 d1 0.425 d2 0.248 d3 0.162 d4 0.128 d5 0.069 d6 0.093 d7 0.122 d8 0.055 d9 0.114 d10 0.135 d11 0.156 d12 0.192 d13 0.125 d14 0.167] (1461 SME tokens)
iter 27301: loss 0.6815, time 250.12ms, mfu 2.00%
iter 27302: loss 0.6947, time 355.55ms, mfu 2.00%
iter 27303: loss 0.6804, time 406.83ms, mfu 1.97%
iter 27304: loss 0.7492, time 309.49ms, mfu 2.01%
iter 27305: loss 0.6750, time 485.73ms, mfu 1.95%
iter 27306: loss 0.7228, time 371.54ms, mfu 1.95%
iter 27307: loss 0.7428, time 374.75ms, mfu 1.94%
iter 27308: loss 0.6925, time 435.11ms, mfu 1.91%
iter 27309: loss 0.7468, time 405.06ms, mfu 1.89%
iter 27310: loss 0.7689, time 321.23ms, mfu 1.92%
iter 27311: loss 0.7442, time 581.92ms, mfu 1.85%
iter 27312: loss 0.6172, time 357.06ms, mfu 1.87%
iter 27313: loss 0.7225, time 321.27ms, mfu 1.90%
iter 27314: loss 0.6984, time 494.30ms, mfu 1.85%
iter 27315: loss 0.6672, time 506.65ms, mfu 1.81%
iter 27316: loss 0.7949, time 244.82ms, mfu 1.92%
iter 27317: loss 0.6992, time 319.90ms, mfu 1.95%
iter 27318: loss 0.6926, time 379.30ms, mfu 1.94%
iter 27319: loss 0.7129, time 443.80ms, mfu 1.91%
iter 27320: loss 0.7636, time 348.24ms, mfu 1.92%
iter 27321: loss 0.6586, time 475.05ms, mfu 1.88%
iter 27322: loss 0.7105, time 339.98ms, mfu 1.90%
iter 27323: loss 0.6683, time 390.93ms, mfu 1.89%
iter 27324: loss 0.7127, time 440.84ms, mfu 1.86%
iter 27325: loss 0.7851, time 304.44ms, mfu 1.91%
iter 27326: loss 0.7835, time 425.00ms, mfu 1.88%
iter 27327: loss 0.7797, time 322.84ms, mfu 1.91%
iter 27328: loss 0.6082, time 370.86ms, mfu 1.91%
iter 27329: loss 0.7936, time 377.30ms, mfu 1.91%
iter 27330: loss 0.7029, time 315.67ms, mfu 1.94%
iter 27331: loss 0.8601, time 283.25ms, mfu 2.00%
iter 27332: loss 0.7511, time 513.25ms, mfu 1.94%
iter 27333: loss 0.7768, time 456.79ms, mfu 1.90%
iter 27334: loss 0.6530, time 448.96ms, mfu 1.87%
iter 27335: loss 0.7767, time 242.82ms, mfu 1.97%
iter 27336: loss 0.7722, time 393.64ms, mfu 1.96%
iter 27337: loss 0.8005, time 341.27ms, mfu 1.97%
iter 27338: loss 0.7808, time 339.80ms, mfu 1.98%
iter 27339: loss 0.7112, time 305.73ms, mfu 2.01%
iter 27340: loss 0.6975, time 388.18ms, mfu 1.99%
iter 27341: loss 0.8316, time 302.61ms, mfu 2.03%
iter 27342: loss 0.8050, time 312.19ms, mfu 2.05%
iter 27343: loss 0.7482, time 345.32ms, mfu 2.05%
iter 27344: loss 0.7948, time 260.93ms, mfu 2.12%
iter 27345: loss 0.6629, time 373.58ms, mfu 2.10%
iter 27346: loss 0.7125, time 346.46ms, mfu 2.09%
iter 27347: loss 0.7184, time 471.25ms, mfu 2.03%
iter 27348: loss 0.7805, time 526.46ms, mfu 1.96%
iter 27349: loss 0.7494, time 354.89ms, mfu 1.97%
iter 27350: loss 0.7250, time 350.29ms, mfu 1.97%
iter 27351: loss 0.7748, time 444.62ms, mfu 1.94%
iter 27352: loss 0.6514, time 404.07ms, mfu 1.92%
iter 27353: loss 0.7058, time 506.09ms, mfu 1.87%
iter 27354: loss 0.6537, time 400.77ms, mfu 1.86%
iter 27355: loss 0.8056, time 304.27ms, mfu 1.90%
iter 27356: loss 0.7354, time 426.54ms, mfu 1.88%
iter 27357: loss 0.5756, time 319.60ms, mfu 1.91%
iter 27358: loss 0.7935, time 481.95ms, mfu 1.87%
iter 27359: loss 0.7610, time 358.62ms, mfu 1.88%
iter 27360: loss 0.7658, time 231.29ms, mfu 2.00%
iter 27361: loss 0.7062, time 348.18ms, mfu 2.00%
iter 27362: loss 0.7877, time 510.73ms, mfu 1.94%
iter 27363: loss 0.7871, time 322.35ms, mfu 1.97%
iter 27364: loss 0.7351, time 396.61ms, mfu 1.95%
iter 27365: loss 0.7929, time 416.59ms, mfu 1.92%
iter 27366: loss 0.7315, time 309.88ms, mfu 1.96%
iter 27367: loss 0.6865, time 363.40ms, mfu 1.96%
iter 27368: loss 0.7889, time 418.54ms, mfu 1.93%
iter 27369: loss 0.7245, time 384.27ms, mfu 1.92%
iter 27370: loss 0.7654, time 496.35ms, mfu 1.87%
iter 27371: loss 0.7748, time 345.96ms, mfu 1.89%
iter 27372: loss 0.6999, time 309.62ms, mfu 1.93%
iter 27373: loss 0.7009, time 328.62ms, mfu 1.95%
iter 27374: loss 0.6815, time 500.75ms, mfu 1.90%
iter 27375: loss 0.7092, time 365.19ms, mfu 1.90%
iter 27376: loss 0.7097, time 479.97ms, mfu 1.86%
iter 27377: loss 0.6368, time 339.45ms, mfu 1.88%
iter 27378: loss 0.7140, time 215.39ms, mfu 2.02%
iter 27379: loss 0.7974, time 384.94ms, mfu 2.01%
iter 27380: loss 0.6377, time 223.46ms, mfu 2.12%
iter 27381: loss 0.6843, time 495.01ms, mfu 2.05%
iter 27382: loss 0.7174, time 372.82ms, mfu 2.04%
iter 27383: loss 0.7750, time 229.90ms, mfu 2.14%
iter 27384: loss 0.7158, time 465.66ms, mfu 2.08%
iter 27385: loss 0.7116, time 248.46ms, mfu 2.16%
iter 27386: loss 0.7997, time 380.18ms, mfu 2.13%
iter 27387: loss 0.7086, time 299.62ms, mfu 2.15%
iter 27388: loss 0.7826, time 358.90ms, mfu 2.13%
iter 27389: loss 0.7273, time 510.71ms, mfu 2.06%
iter 27390: loss 0.6326, time 238.85ms, mfu 2.15%
iter 27391: loss 0.7229, time 436.89ms, mfu 2.10%
iter 27392: loss 0.7883, time 362.51ms, mfu 2.08%
iter 27393: loss 0.7334, time 346.62ms, mfu 2.08%
iter 27394: loss 0.7574, time 441.98ms, mfu 2.03%
iter 27395: loss 0.7107, time 379.63ms, mfu 2.02%
iter 27396: loss 0.6958, time 378.90ms, mfu 2.00%
iter 27397: loss 0.7236, time 347.47ms, mfu 2.00%
iter 27398: loss 0.8302, time 427.81ms, mfu 1.97%
iter 27399: loss 0.7312, time 335.81ms, mfu 1.98%
iter 27400: loss 0.7820, time 827.41ms, mfu 1.87%
  === DIAG iter 27400 ===
  loss: 0.7820
  grads: total 1.0000, transformer 0.1577, adapter 0.9875
  <NUM> input tokens: 499/3072 (16.2%)
  lr: base 1.29e-04, adapter 6.46e-05
  SME accuracy: overall 0.428, sign 0.974, exp 0.880, digit 0.243, end 0.873 [d0 0.814 d1 0.404 d2 0.247 d3 0.122 d4 0.137 d5 0.123 d6 0.113 d7 0.125 d8 0.069 d9 0.053 d10 0.111 d11 0.094 d12 0.200 d13 0.095 d14 0.067] (1261 SME tokens)
iter 27401: loss 0.7320, time 244.52ms, mfu 1.97%
iter 27402: loss 0.7116, time 290.93ms, mfu 2.02%
iter 27403: loss 0.7642, time 371.95ms, mfu 2.01%
iter 27404: loss 0.7161, time 425.93ms, mfu 1.97%
iter 27405: loss 0.6691, time 439.51ms, mfu 1.94%
iter 27406: loss 0.7728, time 471.43ms, mfu 1.89%
iter 27407: loss 0.6802, time 281.56ms, mfu 1.96%
iter 27408: loss 0.7790, time 316.87ms, mfu 1.98%
iter 27409: loss 0.6471, time 471.20ms, mfu 1.94%
iter 27410: loss 0.8211, time 236.03ms, mfu 2.04%
iter 27411: loss 0.7179, time 369.79ms, mfu 2.03%
iter 27412: loss 0.7495, time 435.67ms, mfu 1.99%
iter 27413: loss 0.7413, time 552.75ms, mfu 1.92%
iter 27414: loss 0.7201, time 255.24ms, mfu 2.01%
iter 27415: loss 0.7012, time 323.20ms, mfu 2.02%
iter 27416: loss 0.7106, time 291.66ms, mfu 2.06%
iter 27417: loss 0.7096, time 298.28ms, mfu 2.10%
iter 27418: loss 0.7285, time 360.03ms, mfu 2.08%
iter 27419: loss 0.6924, time 408.38ms, mfu 2.05%
iter 27420: loss 0.6272, time 277.94ms, mfu 2.10%
iter 27421: loss 0.7579, time 283.09ms, mfu 2.14%
iter 27422: loss 0.8053, time 318.72ms, mfu 2.15%
iter 27423: loss 0.8703, time 426.75ms, mfu 2.10%
iter 27424: loss 0.8467, time 387.20ms, mfu 2.07%
iter 27425: loss 0.7165, time 390.95ms, mfu 2.05%
iter 27426: loss 0.7550, time 356.92ms, mfu 2.04%
iter 27427: loss 0.8353, time 377.10ms, mfu 2.02%
iter 27428: loss 0.7758, time 311.13ms, mfu 2.05%
iter 27429: loss 0.6621, time 347.97ms, mfu 2.05%
iter 27430: loss 0.7686, time 345.37ms, mfu 2.05%
iter 27431: loss 0.6854, time 395.77ms, mfu 2.02%
iter 27432: loss 0.7139, time 311.42ms, mfu 2.05%
iter 27433: loss 0.6758, time 389.02ms, mfu 2.03%
iter 27434: loss 0.7245, time 535.31ms, mfu 1.96%
iter 27435: loss 0.7365, time 420.79ms, mfu 1.93%
iter 27436: loss 0.6277, time 354.15ms, mfu 1.94%
iter 27437: loss 0.7140, time 367.96ms, mfu 1.93%
iter 27438: loss 0.8072, time 449.60ms, mfu 1.90%
iter 27439: loss 0.6667, time 306.46ms, mfu 1.94%
iter 27440: loss 0.7593, time 326.54ms, mfu 1.96%
iter 27441: loss 0.7310, time 321.46ms, mfu 1.99%
iter 27442: loss 0.6758, time 357.78ms, mfu 1.99%
iter 27443: loss 0.6989, time 321.38ms, mfu 2.01%
iter 27444: loss 0.7415, time 385.18ms, mfu 1.99%
iter 27445: loss 0.7957, time 510.56ms, mfu 1.93%
iter 27446: loss 0.8257, time 291.26ms, mfu 1.98%
iter 27447: loss 0.7272, time 412.35ms, mfu 1.96%
iter 27448: loss 0.6633, time 322.52ms, mfu 1.98%
iter 27449: loss 0.6514, time 267.51ms, mfu 2.05%
iter 27450: loss 0.7435, time 309.74ms, mfu 2.07%
iter 27451: loss 0.7135, time 376.46ms, mfu 2.05%
iter 27452: loss 0.7267, time 328.11ms, mfu 2.06%
iter 27453: loss 0.7240, time 353.48ms, mfu 2.06%
iter 27454: loss 0.7607, time 432.33ms, mfu 2.02%
iter 27455: loss 0.6579, time 429.82ms, mfu 1.98%
iter 27456: loss 0.6980, time 489.85ms, mfu 1.93%
iter 27457: loss 0.6611, time 350.78ms, mfu 1.93%
iter 27458: loss 0.6173, time 447.11ms, mfu 1.90%
iter 27459: loss 0.7148, time 463.27ms, mfu 1.86%
iter 27460: loss 0.7557, time 431.61ms, mfu 1.84%
iter 27461: loss 0.7583, time 255.63ms, mfu 1.93%
iter 27462: loss 0.8512, time 298.99ms, mfu 1.98%
iter 27463: loss 0.7053, time 421.67ms, mfu 1.95%
iter 27464: loss 0.7855, time 341.38ms, mfu 1.96%
iter 27465: loss 0.6475, time 429.05ms, mfu 1.93%
iter 27466: loss 0.6873, time 459.24ms, mfu 1.89%
iter 27467: loss 0.7393, time 214.96ms, mfu 2.03%
iter 27468: loss 0.6938, time 415.49ms, mfu 2.00%
iter 27469: loss 0.7115, time 563.66ms, mfu 1.92%
iter 27470: loss 0.6782, time 393.45ms, mfu 1.91%
iter 27471: loss 0.6526, time 346.50ms, mfu 1.93%
iter 27472: loss 0.7662, time 346.20ms, mfu 1.94%
iter 27473: loss 0.6417, time 280.21ms, mfu 2.00%
iter 27474: loss 0.7512, time 509.39ms, mfu 1.94%
iter 27475: loss 0.7041, time 327.94ms, mfu 1.96%
iter 27476: loss 0.7414, time 231.56ms, mfu 2.07%
iter 27477: loss 0.6814, time 390.85ms, mfu 2.04%
iter 27478: loss 0.6334, time 371.13ms, mfu 2.03%
iter 27479: loss 0.7145, time 376.42ms, mfu 2.02%
iter 27480: loss 0.8164, time 403.32ms, mfu 1.99%
iter 27481: loss 0.7104, time 242.40ms, mfu 2.08%
iter 27482: loss 0.7249, time 438.18ms, mfu 2.04%
iter 27483: loss 0.7611, time 417.82ms, mfu 2.00%
iter 27484: loss 0.7447, time 403.80ms, mfu 1.98%
iter 27485: loss 0.7014, time 279.06ms, mfu 2.03%
iter 27486: loss 0.8110, time 372.17ms, mfu 2.02%
iter 27487: loss 0.7838, time 396.97ms, mfu 2.00%
iter 27488: loss 0.8152, time 437.84ms, mfu 1.96%
iter 27489: loss 0.7803, time 251.47ms, mfu 2.05%
iter 27490: loss 0.6977, time 390.75ms, mfu 2.02%
iter 27491: loss 0.6603, time 373.30ms, mfu 2.01%
iter 27492: loss 0.7500, time 407.02ms, mfu 1.98%
iter 27493: loss 0.7232, time 421.70ms, mfu 1.95%
iter 27494: loss 0.7915, time 455.53ms, mfu 1.91%
iter 27495: loss 0.7116, time 332.50ms, mfu 1.93%
iter 27496: loss 0.6452, time 306.03ms, mfu 1.97%
iter 27497: loss 0.8512, time 490.84ms, mfu 1.92%
iter 27498: loss 0.6844, time 395.15ms, mfu 1.91%
iter 27499: loss 0.6715, time 442.27ms, mfu 1.88%
iter 27500: loss 0.7975, time 751.42ms, mfu 1.78%
  === DIAG iter 27500 ===
  loss: 0.7975
  grads: total 1.0000, transformer 0.1440, adapter 0.9896
  <NUM> input tokens: 412/3072 (13.4%)
  lr: base 1.28e-04, adapter 6.39e-05
  SME accuracy: overall 0.472, sign 0.979, exp 0.937, digit 0.282, end 0.838 [d0 0.781 d1 0.472 d2 0.257 d3 0.110 d4 0.102 d5 0.075 d6 0.108 d7 0.132 d8 0.138 d9 0.222 d10 0.212 d11 0.357 d12 0.333 d13 0.333 d14 0.167] (1424 SME tokens)
iter 27501: loss 0.7337, time 216.22ms, mfu 1.93%
iter 27502: loss 0.6974, time 344.27ms, mfu 1.95%
iter 27503: loss 0.7838, time 391.48ms, mfu 1.93%
iter 27504: loss 0.6924, time 429.76ms, mfu 1.90%
iter 27505: loss 0.8004, time 335.00ms, mfu 1.92%
iter 27506: loss 0.7644, time 412.60ms, mfu 1.90%
iter 27507: loss 0.6462, time 273.66ms, mfu 1.97%
iter 27508: loss 0.6317, time 396.84ms, mfu 1.95%
iter 27509: loss 0.7363, time 578.83ms, mfu 1.88%
iter 27510: loss 0.6995, time 370.82ms, mfu 1.88%
iter 27511: loss 0.8292, time 426.96ms, mfu 1.86%
iter 27512: loss 0.7031, time 248.21ms, mfu 1.96%
iter 27513: loss 0.7623, time 416.45ms, mfu 1.94%
iter 27514: loss 0.8044, time 294.34ms, mfu 1.98%
iter 27515: loss 0.7546, time 401.16ms, mfu 1.96%
iter 27516: loss 0.7863, time 328.84ms, mfu 1.98%
iter 27517: loss 0.7348, time 243.33ms, mfu 2.07%
iter 27518: loss 0.7510, time 430.49ms, mfu 2.03%
iter 27519: loss 0.7085, time 335.52ms, mfu 2.04%
iter 27520: loss 0.6583, time 388.49ms, mfu 2.02%
iter 27521: loss 0.8891, time 394.91ms, mfu 2.00%
iter 27522: loss 0.6626, time 376.39ms, mfu 1.98%
iter 27523: loss 0.7235, time 377.05ms, mfu 1.97%
iter 27524: loss 0.7062, time 410.67ms, mfu 1.95%
iter 27525: loss 0.6690, time 468.93ms, mfu 1.91%
iter 27526: loss 0.7829, time 357.09ms, mfu 1.91%
iter 27527: loss 0.7892, time 575.82ms, mfu 1.84%
iter 27528: loss 0.7250, time 362.11ms, mfu 1.86%
iter 27529: loss 0.7434, time 296.01ms, mfu 1.91%
iter 27530: loss 0.7085, time 349.44ms, mfu 1.92%
iter 27531: loss 0.6774, time 336.64ms, mfu 1.94%
iter 27532: loss 0.8034, time 501.88ms, mfu 1.89%
iter 27533: loss 0.7632, time 345.60ms, mfu 1.90%
iter 27534: loss 0.7363, time 276.40ms, mfu 1.97%
iter 27535: loss 0.7015, time 363.79ms, mfu 1.97%
iter 27536: loss 0.6571, time 446.74ms, mfu 1.93%
iter 27537: loss 0.7100, time 337.75ms, mfu 1.95%
iter 27538: loss 0.7953, time 385.52ms, mfu 1.94%
iter 27539: loss 0.7361, time 428.27ms, mfu 1.91%
iter 27540: loss 0.7520, time 305.31ms, mfu 1.95%
iter 27541: loss 0.7600, time 394.21ms, mfu 1.93%
iter 27542: loss 0.7632, time 416.65ms, mfu 1.91%
iter 27543: loss 0.7238, time 265.68ms, mfu 1.99%
iter 27544: loss 0.7518, time 396.47ms, mfu 1.97%
iter 27545: loss 0.7366, time 514.27ms, mfu 1.91%
iter 27546: loss 0.7010, time 390.97ms, mfu 1.90%
iter 27547: loss 0.7075, time 396.78ms, mfu 1.89%
iter 27548: loss 0.6622, time 398.43ms, mfu 1.88%
iter 27549: loss 0.7431, time 316.52ms, mfu 1.91%
iter 27550: loss 0.7176, time 398.67ms, mfu 1.90%
iter 27551: loss 0.8014, time 372.07ms, mfu 1.90%
iter 27552: loss 0.7077, time 284.91ms, mfu 1.96%
iter 27553: loss 0.7901, time 531.48ms, mfu 1.90%
iter 27554: loss 0.6633, time 329.11ms, mfu 1.92%
iter 27555: loss 0.6597, time 460.44ms, mfu 1.88%
iter 27556: loss 0.7558, time 390.11ms, mfu 1.88%
iter 27557: loss 0.7045, time 342.34ms, mfu 1.90%
iter 27558: loss 0.7635, time 350.01ms, mfu 1.91%
iter 27559: loss 0.7628, time 309.18ms, mfu 1.95%
iter 27560: loss 0.7586, time 313.54ms, mfu 1.98%
iter 27561: loss 0.7044, time 372.16ms, mfu 1.97%
iter 27562: loss 0.7875, time 272.66ms, mfu 2.03%
iter 27563: loss 0.7853, time 280.74ms, mfu 2.08%
iter 27564: loss 0.6230, time 407.07ms, mfu 2.05%
iter 27565: loss 0.6714, time 279.58ms, mfu 2.10%
iter 27566: loss 0.7767, time 359.78ms, mfu 2.08%
iter 27567: loss 0.6639, time 352.50ms, mfu 2.08%
iter 27568: loss 0.7599, time 363.00ms, mfu 2.06%
iter 27569: loss 0.7878, time 450.54ms, mfu 2.02%
iter 27570: loss 0.7141, time 411.01ms, mfu 1.99%
iter 27571: loss 0.6978, time 391.83ms, mfu 1.97%
iter 27572: loss 0.6883, time 428.09ms, mfu 1.94%
iter 27573: loss 0.8010, time 373.51ms, mfu 1.93%
iter 27574: loss 0.6729, time 480.99ms, mfu 1.89%
iter 27575: loss 0.8004, time 498.73ms, mfu 1.84%
iter 27576: loss 0.7576, time 444.26ms, mfu 1.82%
iter 27577: loss 0.7384, time 492.24ms, mfu 1.78%
iter 27578: loss 0.7325, time 301.65ms, mfu 1.84%
iter 27579: loss 0.6541, time 449.92ms, mfu 1.81%
iter 27580: loss 0.7515, time 352.39ms, mfu 1.83%
iter 27581: loss 0.6871, time 268.40ms, mfu 1.91%
iter 27582: loss 0.7674, time 331.29ms, mfu 1.93%
iter 27583: loss 0.6855, time 415.87ms, mfu 1.91%
iter 27584: loss 0.7104, time 331.91ms, mfu 1.93%
iter 27585: loss 0.7362, time 442.37ms, mfu 1.90%
iter 27586: loss 0.7264, time 385.28ms, mfu 1.89%
iter 27587: loss 0.7121, time 362.72ms, mfu 1.90%
iter 27588: loss 0.7617, time 396.56ms, mfu 1.89%
iter 27589: loss 0.7719, time 458.78ms, mfu 1.85%
iter 27590: loss 0.7304, time 387.68ms, mfu 1.85%
iter 27591: loss 0.7993, time 325.20ms, mfu 1.88%
iter 27592: loss 0.6927, time 410.92ms, mfu 1.87%
iter 27593: loss 0.6560, time 393.57ms, mfu 1.86%
iter 27594: loss 0.8041, time 437.63ms, mfu 1.84%
iter 27595: loss 0.6776, time 465.13ms, mfu 1.81%
iter 27596: loss 0.7326, time 363.73ms, mfu 1.82%
iter 27597: loss 0.7687, time 333.89ms, mfu 1.85%
iter 27598: loss 0.7361, time 449.40ms, mfu 1.82%
iter 27599: loss 0.7381, time 416.51ms, mfu 1.81%
iter 27600: loss 0.6681, time 565.22ms, mfu 1.76%
  === DIAG iter 27600 ===
  loss: 0.6681
  grads: total 1.0000, transformer 0.1377, adapter 0.9905
  <NUM> input tokens: 391/3072 (12.7%)
  lr: base 1.27e-04, adapter 6.33e-05
  SME accuracy: overall 0.452, sign 0.980, exp 0.933, digit 0.252, end 0.856 [d0 0.816 d1 0.338 d2 0.209 d3 0.115 d4 0.175 d5 0.111 d6 0.115 d7 0.082 d8 0.116 d9 0.129 d10 0.100 d11 0.120 d12 0.105 d13 0.308 d14 0.125] (1039 SME tokens)
iter 27601: loss 0.7322, time 244.59ms, mfu 1.87%
iter 27602: loss 0.7401, time 382.84ms, mfu 1.87%
iter 27603: loss 0.7322, time 449.96ms, mfu 1.84%
iter 27604: loss 0.6662, time 374.06ms, mfu 1.84%
iter 27605: loss 0.7808, time 508.75ms, mfu 1.80%
iter 27606: loss 0.6908, time 514.90ms, mfu 1.76%
iter 27607: loss 0.7094, time 393.83ms, mfu 1.76%
iter 27608: loss 0.8187, time 387.73ms, mfu 1.77%
iter 27609: loss 0.8426, time 434.43ms, mfu 1.75%
iter 27610: loss 0.7965, time 531.17ms, mfu 1.71%
iter 27611: loss 0.7960, time 381.84ms, mfu 1.73%
iter 27612: loss 0.7553, time 225.01ms, mfu 1.87%
iter 27613: loss 0.7373, time 314.95ms, mfu 1.91%
iter 27614: loss 0.7073, time 358.99ms, mfu 1.91%
iter 27615: loss 0.7043, time 433.57ms, mfu 1.89%
iter 27616: loss 0.7996, time 468.32ms, mfu 1.85%
iter 27617: loss 0.7645, time 359.62ms, mfu 1.86%
iter 27618: loss 0.7309, time 413.46ms, mfu 1.85%
iter 27619: loss 0.7561, time 411.85ms, mfu 1.83%
iter 27620: loss 0.7960, time 332.75ms, mfu 1.86%
iter 27621: loss 0.6239, time 567.80ms, mfu 1.80%
iter 27622: loss 0.7309, time 354.29ms, mfu 1.82%
iter 27623: loss 0.7261, time 453.43ms, mfu 1.80%
iter 27624: loss 0.6867, time 220.17ms, mfu 1.94%
iter 27625: loss 0.7720, time 562.13ms, mfu 1.87%
iter 27626: loss 0.7472, time 345.34ms, mfu 1.89%
iter 27627: loss 0.8165, time 493.36ms, mfu 1.84%
iter 27628: loss 0.7782, time 401.44ms, mfu 1.84%
iter 27629: loss 0.6648, time 313.86ms, mfu 1.88%
iter 27630: loss 0.7143, time 450.96ms, mfu 1.85%
iter 27631: loss 0.8282, time 439.05ms, mfu 1.82%
iter 27632: loss 0.8045, time 213.58ms, mfu 1.97%
iter 27633: loss 0.7173, time 482.00ms, mfu 1.92%
iter 27634: loss 0.6611, time 345.35ms, mfu 1.94%
iter 27635: loss 0.7043, time 505.93ms, mfu 1.88%
iter 27636: loss 0.7084, time 434.98ms, mfu 1.86%
iter 27637: loss 0.7215, time 330.00ms, mfu 1.89%
iter 27638: loss 0.7695, time 367.81ms, mfu 1.89%
iter 27639: loss 0.7334, time 291.66ms, mfu 1.94%
iter 27640: loss 0.7258, time 464.59ms, mfu 1.90%
iter 27641: loss 0.6557, time 288.02ms, mfu 1.96%
iter 27642: loss 0.6209, time 488.20ms, mfu 1.91%
iter 27643: loss 0.6888, time 319.49ms, mfu 1.94%
iter 27644: loss 0.7370, time 290.07ms, mfu 1.99%
iter 27645: loss 0.7309, time 449.76ms, mfu 1.95%
iter 27646: loss 0.7499, time 289.48ms, mfu 2.00%
iter 27647: loss 0.7051, time 432.11ms, mfu 1.96%
iter 27648: loss 0.7110, time 391.94ms, mfu 1.95%
iter 27649: loss 0.7239, time 410.91ms, mfu 1.92%
iter 27650: loss 0.7620, time 317.66ms, mfu 1.96%
iter 27651: loss 0.7425, time 350.30ms, mfu 1.96%
iter 27652: loss 0.6885, time 398.72ms, mfu 1.94%
iter 27653: loss 0.6848, time 363.59ms, mfu 1.94%
iter 27654: loss 0.7554, time 396.91ms, mfu 1.93%
iter 27655: loss 0.7179, time 269.29ms, mfu 2.00%
iter 27656: loss 0.7068, time 345.18ms, mfu 2.00%
iter 27657: loss 0.7402, time 475.55ms, mfu 1.95%
iter 27658: loss 0.7375, time 410.99ms, mfu 1.93%
iter 27659: loss 0.6863, time 372.48ms, mfu 1.93%
iter 27660: loss 0.7471, time 319.98ms, mfu 1.96%
iter 27661: loss 0.7314, time 473.24ms, mfu 1.91%
iter 27662: loss 0.6932, time 214.81ms, mfu 2.05%
iter 27663: loss 0.7302, time 525.84ms, mfu 1.98%
iter 27664: loss 0.6983, time 213.85ms, mfu 2.11%
iter 27665: loss 0.7067, time 432.83ms, mfu 2.06%
iter 27666: loss 0.6753, time 504.81ms, mfu 2.00%
iter 27667: loss 0.7650, time 305.53ms, mfu 2.03%
iter 27668: loss 0.6705, time 344.19ms, mfu 2.03%
iter 27669: loss 0.7048, time 448.30ms, mfu 1.99%
iter 27670: loss 0.6912, time 278.69ms, mfu 2.04%
iter 27671: loss 0.6920, time 362.31ms, mfu 2.04%
iter 27672: loss 0.6244, time 516.45ms, mfu 1.97%
iter 27673: loss 0.7104, time 277.13ms, mfu 2.03%
iter 27674: loss 0.7239, time 471.44ms, mfu 1.98%
iter 27675: loss 0.7403, time 264.97ms, mfu 2.05%
iter 27676: loss 0.6458, time 458.72ms, mfu 2.00%
iter 27677: loss 0.7348, time 300.06ms, mfu 2.03%
iter 27678: loss 0.7909, time 465.22ms, mfu 1.98%
iter 27679: loss 0.7609, time 308.03ms, mfu 2.01%
iter 27680: loss 0.7717, time 308.36ms, mfu 2.04%
iter 27681: loss 0.7886, time 472.11ms, mfu 1.99%
iter 27682: loss 0.7524, time 461.24ms, mfu 1.94%
iter 27683: loss 0.7545, time 508.44ms, mfu 1.89%
iter 27684: loss 0.7018, time 217.70ms, mfu 2.02%
iter 27685: loss 0.8055, time 395.29ms, mfu 2.00%
iter 27686: loss 0.7576, time 456.32ms, mfu 1.96%
iter 27687: loss 0.7061, time 351.28ms, mfu 1.96%
iter 27688: loss 0.7536, time 558.27ms, mfu 1.89%
iter 27689: loss 0.7170, time 376.81ms, mfu 1.89%
iter 27690: loss 0.6755, time 465.43ms, mfu 1.86%
iter 27691: loss 0.7532, time 322.02ms, mfu 1.89%
iter 27692: loss 0.7641, time 405.90ms, mfu 1.88%
iter 27693: loss 0.8078, time 346.72ms, mfu 1.89%
iter 27694: loss 0.7646, time 391.91ms, mfu 1.88%
iter 27695: loss 0.7766, time 413.29ms, mfu 1.87%
iter 27696: loss 0.7646, time 377.67ms, mfu 1.87%
iter 27697: loss 0.7142, time 491.48ms, mfu 1.83%
iter 27698: loss 0.6566, time 382.36ms, mfu 1.83%
iter 27699: loss 0.7401, time 544.59ms, mfu 1.78%
iter 27700: loss 0.7611, time 657.90ms, mfu 1.71%
  === DIAG iter 27700 ===
  loss: 0.7611
  grads: total 1.0000, transformer 0.1447, adapter 0.9895
  <NUM> input tokens: 417/3072 (13.6%)
  lr: base 1.25e-04, adapter 6.27e-05
  SME accuracy: overall 0.448, sign 0.966, exp 0.932, digit 0.270, end 0.853 [d0 0.816 d1 0.393 d2 0.253 d3 0.152 d4 0.156 d5 0.097 d6 0.121 d7 0.177 d8 0.207 d9 0.163 d10 0.211 d11 0.143 d12 0.138 d13 0.167 d14 0.150] (1271 SME tokens)
iter 27701: loss 0.6608, time 232.35ms, mfu 1.84%
iter 27702: loss 0.7349, time 290.81ms, mfu 1.90%
iter 27703: loss 0.7342, time 382.13ms, mfu 1.90%
iter 27704: loss 0.7395, time 511.99ms, mfu 1.84%
iter 27705: loss 0.7103, time 339.46ms, mfu 1.87%
iter 27706: loss 0.6947, time 395.11ms, mfu 1.86%
iter 27707: loss 0.8479, time 311.38ms, mfu 1.90%
iter 27708: loss 0.7737, time 383.37ms, mfu 1.90%
iter 27709: loss 0.6724, time 334.80ms, mfu 1.92%
iter 27710: loss 0.6851, time 400.68ms, mfu 1.90%
iter 27711: loss 0.7532, time 360.02ms, mfu 1.91%
iter 27712: loss 0.7411, time 401.38ms, mfu 1.90%
iter 27713: loss 0.6903, time 228.05ms, mfu 2.02%
iter 27714: loss 0.7663, time 374.17ms, mfu 2.00%
iter 27715: loss 0.8716, time 388.13ms, mfu 1.99%
iter 27716: loss 0.7294, time 278.21ms, mfu 2.04%
iter 27717: loss 0.7786, time 330.19ms, mfu 2.05%
iter 27718: loss 0.7065, time 545.86ms, mfu 1.98%
iter 27719: loss 0.7448, time 322.52ms, mfu 2.00%
iter 27720: loss 0.7149, time 383.12ms, mfu 1.98%
iter 27721: loss 0.7178, time 389.41ms, mfu 1.97%
iter 27722: loss 0.7260, time 406.76ms, mfu 1.95%
iter 27723: loss 0.6880, time 335.66ms, mfu 1.96%
iter 27724: loss 0.7112, time 250.01ms, mfu 2.05%
iter 27725: loss 0.7297, time 368.73ms, mfu 2.04%
iter 27726: loss 0.7031, time 283.85ms, mfu 2.08%
iter 27727: loss 0.6694, time 395.52ms, mfu 2.05%
iter 27728: loss 0.7152, time 283.11ms, mfu 2.10%
iter 27729: loss 0.8158, time 386.71ms, mfu 2.07%
iter 27730: loss 0.7256, time 452.25ms, mfu 2.02%
iter 27731: loss 0.7178, time 370.63ms, mfu 2.01%
iter 27732: loss 0.7516, time 475.65ms, mfu 1.96%
iter 27733: loss 0.7467, time 317.93ms, mfu 1.99%
iter 27734: loss 0.7826, time 382.36ms, mfu 1.97%
iter 27735: loss 0.6338, time 373.94ms, mfu 1.96%
iter 27736: loss 0.6791, time 249.63ms, mfu 2.05%
iter 27737: loss 0.7298, time 537.57ms, mfu 1.98%
iter 27738: loss 0.7443, time 522.39ms, mfu 1.92%
iter 27739: loss 0.7816, time 391.13ms, mfu 1.91%
iter 27740: loss 0.6662, time 380.35ms, mfu 1.90%
iter 27741: loss 0.6745, time 392.85ms, mfu 1.89%
iter 27742: loss 0.7916, time 516.83ms, mfu 1.84%
iter 27743: loss 0.8278, time 359.13ms, mfu 1.85%
iter 27744: loss 0.7766, time 338.88ms, mfu 1.88%
iter 27745: loss 0.7802, time 478.41ms, mfu 1.84%
iter 27746: loss 0.7004, time 524.35ms, mfu 1.79%
iter 27747: loss 0.6901, time 469.16ms, mfu 1.76%
iter 27748: loss 0.6649, time 394.30ms, mfu 1.76%
iter 27749: loss 0.6808, time 404.17ms, mfu 1.76%
iter 27750: loss 0.7919, time 408.10ms, mfu 1.76%
iter 27751: loss 0.6666, time 584.60ms, mfu 1.71%
iter 27752: loss 0.7286, time 308.35ms, mfu 1.77%
iter 27753: loss 0.8335, time 373.11ms, mfu 1.78%
iter 27754: loss 0.7472, time 298.90ms, mfu 1.84%
iter 27755: loss 0.7242, time 407.66ms, mfu 1.83%
iter 27756: loss 0.8225, time 395.70ms, mfu 1.82%
iter 27757: loss 0.6871, time 244.17ms, mfu 1.93%
iter 27758: loss 0.7631, time 449.74ms, mfu 1.90%
iter 27759: loss 0.7420, time 492.85ms, mfu 1.85%
iter 27760: loss 0.7634, time 314.64ms, mfu 1.89%
iter 27761: loss 0.6222, time 315.30ms, mfu 1.93%
iter 27762: loss 0.6180, time 364.85ms, mfu 1.93%
iter 27763: loss 0.7082, time 438.64ms, mfu 1.90%
iter 27764: loss 0.6728, time 353.13ms, mfu 1.91%
iter 27765: loss 0.7845, time 311.77ms, mfu 1.94%
iter 27766: loss 0.7489, time 364.04ms, mfu 1.94%
iter 27767: loss 0.7152, time 371.56ms, mfu 1.94%
iter 27768: loss 0.7778, time 499.59ms, mfu 1.89%
iter 27769: loss 0.7722, time 419.82ms, mfu 1.87%
iter 27770: loss 0.7595, time 289.51ms, mfu 1.93%
iter 27771: loss 0.7600, time 340.35ms, mfu 1.94%
iter 27772: loss 0.6970, time 390.56ms, mfu 1.93%
iter 27773: loss 0.6880, time 308.02ms, mfu 1.97%
iter 27774: loss 0.7561, time 383.58ms, mfu 1.95%
iter 27775: loss 0.7015, time 391.36ms, mfu 1.94%
iter 27776: loss 0.6235, time 393.50ms, mfu 1.93%
iter 27777: loss 0.8232, time 442.30ms, mfu 1.89%
iter 27778: loss 0.6813, time 559.78ms, mfu 1.83%
iter 27779: loss 0.8033, time 335.35ms, mfu 1.86%
iter 27780: loss 0.7801, time 455.36ms, mfu 1.83%
iter 27781: loss 0.7273, time 279.40ms, mfu 1.90%
iter 27782: loss 0.7167, time 274.01ms, mfu 1.97%
iter 27783: loss 0.7690, time 379.79ms, mfu 1.96%
iter 27784: loss 0.7368, time 354.87ms, mfu 1.96%
iter 27785: loss 0.7411, time 502.02ms, mfu 1.91%
iter 27786: loss 0.7325, time 431.59ms, mfu 1.88%
iter 27787: loss 0.6859, time 303.58ms, mfu 1.93%
iter 27788: loss 0.7356, time 476.21ms, mfu 1.88%
iter 27789: loss 0.7511, time 369.74ms, mfu 1.89%
iter 27790: loss 0.7754, time 423.89ms, mfu 1.86%
iter 27791: loss 0.7874, time 280.45ms, mfu 1.93%
iter 27792: loss 0.7799, time 303.47ms, mfu 1.97%
iter 27793: loss 0.6650, time 413.51ms, mfu 1.95%
iter 27794: loss 0.7509, time 389.56ms, mfu 1.93%
iter 27795: loss 0.6847, time 385.27ms, mfu 1.92%
iter 27796: loss 0.7016, time 345.23ms, mfu 1.94%
iter 27797: loss 0.7298, time 408.93ms, mfu 1.92%
iter 27798: loss 0.7581, time 452.62ms, mfu 1.88%
iter 27799: loss 0.7213, time 380.52ms, mfu 1.88%
iter 27800: loss 0.6575, time 541.76ms, mfu 1.82%
  === DIAG iter 27800 ===
  loss: 0.6575
  grads: total 1.0000, transformer 0.1609, adapter 0.9870
  <NUM> input tokens: 456/3072 (14.8%)
  lr: base 1.24e-04, adapter 6.20e-05
  SME accuracy: overall 0.460, sign 0.963, exp 0.910, digit 0.261, end 0.865 [d0 0.781 d1 0.342 d2 0.229 d3 0.108 d4 0.175 d5 0.121 d6 0.157 d7 0.167 d8 0.132 d9 0.154 d10 0.190 d11 0.158 d12 0.167 d13 0.143 d14 0.091] (1082 SME tokens)
iter 27801: loss 0.6718, time 255.01ms, mfu 1.92%
iter 27802: loss 0.7647, time 281.77ms, mfu 1.98%
iter 27803: loss 0.6687, time 454.90ms, mfu 1.94%
iter 27804: loss 0.6669, time 407.42ms, mfu 1.92%
iter 27805: loss 0.7702, time 472.69ms, mfu 1.87%
iter 27806: loss 0.7608, time 341.95ms, mfu 1.89%
iter 27807: loss 0.7016, time 238.18ms, mfu 2.00%
iter 27808: loss 0.8229, time 507.26ms, mfu 1.94%
iter 27809: loss 0.8030, time 292.28ms, mfu 1.99%
iter 27810: loss 0.7168, time 467.81ms, mfu 1.94%
iter 27811: loss 0.7949, time 410.95ms, mfu 1.92%
iter 27812: loss 0.6959, time 395.36ms, mfu 1.91%
iter 27813: loss 0.6704, time 315.62ms, mfu 1.94%
iter 27814: loss 0.7391, time 357.07ms, mfu 1.95%
iter 27815: loss 0.6725, time 535.64ms, mfu 1.88%
iter 27816: loss 0.8082, time 199.90ms, mfu 2.05%
iter 27817: loss 0.7199, time 333.20ms, mfu 2.06%
iter 27818: loss 0.7358, time 438.04ms, mfu 2.01%
iter 27819: loss 0.8333, time 322.38ms, mfu 2.03%
iter 27820: loss 0.6422, time 377.94ms, mfu 2.02%
iter 27821: loss 0.7554, time 464.01ms, mfu 1.97%
iter 27822: loss 0.7421, time 330.69ms, mfu 1.99%
iter 27823: loss 0.7107, time 489.80ms, mfu 1.93%
iter 27824: loss 0.6851, time 417.74ms, mfu 1.91%
iter 27825: loss 0.6782, time 461.97ms, mfu 1.87%
iter 27826: loss 0.7524, time 432.04ms, mfu 1.85%
iter 27827: loss 0.6795, time 303.49ms, mfu 1.90%
iter 27828: loss 0.6732, time 484.69ms, mfu 1.85%
iter 27829: loss 0.6021, time 376.04ms, mfu 1.86%
iter 27830: loss 0.7402, time 526.10ms, mfu 1.81%
iter 27831: loss 0.8093, time 453.12ms, mfu 1.78%
iter 27832: loss 0.6860, time 321.18ms, mfu 1.82%
iter 27833: loss 0.7522, time 379.93ms, mfu 1.83%
iter 27834: loss 0.7104, time 361.31ms, mfu 1.84%
iter 27835: loss 0.7587, time 428.77ms, mfu 1.82%
iter 27836: loss 0.7603, time 297.95ms, mfu 1.88%
iter 27837: loss 0.7316, time 407.31ms, mfu 1.86%
iter 27838: loss 0.7178, time 336.90ms, mfu 1.89%
iter 27839: loss 0.6947, time 447.77ms, mfu 1.86%
iter 27840: loss 0.7449, time 348.50ms, mfu 1.88%
iter 27841: loss 0.7414, time 310.87ms, mfu 1.92%
iter 27842: loss 0.7281, time 371.50ms, mfu 1.91%
iter 27843: loss 0.7836, time 526.75ms, mfu 1.86%
iter 27844: loss 0.6728, time 261.29ms, mfu 1.94%
iter 27845: loss 0.7173, time 402.25ms, mfu 1.93%
iter 27846: loss 0.7692, time 462.64ms, mfu 1.89%
iter 27847: loss 0.8477, time 397.90ms, mfu 1.88%
iter 27848: loss 0.6819, time 454.57ms, mfu 1.84%
iter 27849: loss 0.7327, time 324.17ms, mfu 1.88%
iter 27850: loss 0.7181, time 368.66ms, mfu 1.88%
iter 27851: loss 0.7019, time 373.71ms, mfu 1.88%
iter 27852: loss 0.6937, time 429.46ms, mfu 1.86%
iter 27853: loss 0.6976, time 402.94ms, mfu 1.85%
iter 27854: loss 0.7421, time 286.53ms, mfu 1.91%
iter 27855: loss 0.8085, time 450.36ms, mfu 1.88%
iter 27856: loss 0.7884, time 419.21ms, mfu 1.86%
iter 27857: loss 0.6490, time 399.34ms, mfu 1.85%
iter 27858: loss 0.6519, time 422.81ms, mfu 1.83%
iter 27859: loss 0.6364, time 447.05ms, mfu 1.81%
iter 27860: loss 0.7225, time 410.93ms, mfu 1.80%
iter 27861: loss 0.7803, time 369.90ms, mfu 1.81%
iter 27862: loss 0.7483, time 453.74ms, mfu 1.79%
iter 27863: loss 0.7769, time 291.01ms, mfu 1.85%
iter 27864: loss 0.7413, time 500.31ms, mfu 1.81%
iter 27865: loss 0.6777, time 250.44ms, mfu 1.91%
iter 27866: loss 0.7998, time 352.12ms, mfu 1.92%
iter 27867: loss 0.7572, time 385.30ms, mfu 1.91%
iter 27868: loss 0.6981, time 506.51ms, mfu 1.86%
iter 27869: loss 0.7686, time 418.47ms, mfu 1.84%
iter 27870: loss 0.7479, time 221.77ms, mfu 1.98%
iter 27871: loss 0.6319, time 390.83ms, mfu 1.96%
iter 27872: loss 0.8202, time 312.40ms, mfu 1.99%
iter 27873: loss 0.7254, time 377.97ms, mfu 1.98%
iter 27874: loss 0.7783, time 376.87ms, mfu 1.97%
iter 27875: loss 0.7198, time 326.78ms, mfu 1.99%
iter 27876: loss 0.6437, time 308.51ms, mfu 2.02%
iter 27877: loss 0.6414, time 334.59ms, mfu 2.03%
iter 27878: loss 0.7166, time 438.62ms, mfu 1.99%
iter 27879: loss 0.7183, time 433.09ms, mfu 1.95%
iter 27880: loss 0.6922, time 329.38ms, mfu 1.97%
iter 27881: loss 0.7618, time 379.89ms, mfu 1.96%
iter 27882: loss 0.8258, time 378.40ms, mfu 1.95%
iter 27883: loss 0.6427, time 420.63ms, mfu 1.93%
iter 27884: loss 0.6446, time 360.44ms, mfu 1.93%
iter 27885: loss 0.7189, time 312.91ms, mfu 1.96%
iter 27886: loss 0.6884, time 314.82ms, mfu 1.99%
iter 27887: loss 0.7628, time 400.54ms, mfu 1.97%
iter 27888: loss 0.6683, time 519.91ms, mfu 1.91%
iter 27889: loss 0.8111, time 302.14ms, mfu 1.95%
iter 27890: loss 0.7669, time 415.08ms, mfu 1.93%
iter 27891: loss 0.7167, time 373.25ms, mfu 1.93%
iter 27892: loss 0.6357, time 203.10ms, mfu 2.08%
iter 27893: loss 0.7318, time 394.49ms, mfu 2.05%
iter 27894: loss 0.6662, time 328.49ms, mfu 2.06%
iter 27895: loss 0.6604, time 313.82ms, mfu 2.08%
iter 27896: loss 0.6565, time 413.30ms, mfu 2.05%
iter 27897: loss 0.7356, time 435.27ms, mfu 2.00%
iter 27898: loss 0.7395, time 393.89ms, mfu 1.98%
iter 27899: loss 0.7089, time 307.51ms, mfu 2.02%
iter 27900: loss 0.7356, time 608.87ms, mfu 1.93%
  === DIAG iter 27900 ===
  loss: 0.7356
  grads: total 1.0000, transformer 0.1413, adapter 0.9900
  <NUM> input tokens: 470/3072 (15.3%)
  lr: base 1.23e-04, adapter 6.14e-05
  SME accuracy: overall 0.444, sign 0.957, exp 0.966, digit 0.257, end 0.802 [d0 0.867 d1 0.416 d2 0.241 d3 0.114 d4 0.082 d5 0.104 d6 0.111 d7 0.102 d8 0.115 d9 0.135 d10 0.094 d11 0.129 d12 0.111 d13 0.143 d14 0.067] (1222 SME tokens)
iter 27901: loss 0.7397, time 262.24ms, mfu 2.01%
iter 27902: loss 0.7445, time 312.35ms, mfu 2.03%
iter 27903: loss 0.7184, time 482.44ms, mfu 1.98%
iter 27904: loss 0.6552, time 257.20ms, mfu 2.06%
iter 27905: loss 0.6719, time 515.54ms, mfu 1.99%
iter 27906: loss 0.6764, time 524.88ms, mfu 1.92%
iter 27907: loss 0.7198, time 471.79ms, mfu 1.88%
iter 27908: loss 0.7244, time 232.88ms, mfu 2.00%
iter 27909: loss 0.6590, time 562.20ms, mfu 1.92%
iter 27910: loss 0.6213, time 372.73ms, mfu 1.92%
iter 27911: loss 0.6963, time 373.80ms, mfu 1.92%
iter 27912: loss 0.8192, time 387.31ms, mfu 1.91%
iter 27913: loss 0.7903, time 521.03ms, mfu 1.86%
iter 27914: loss 0.7004, time 283.53ms, mfu 1.92%
iter 27915: loss 0.7353, time 365.36ms, mfu 1.92%
iter 27916: loss 0.7150, time 395.55ms, mfu 1.91%
iter 27917: loss 0.7249, time 376.33ms, mfu 1.91%
iter 27918: loss 0.7161, time 352.35ms, mfu 1.92%
iter 27919: loss 0.7157, time 371.08ms, mfu 1.92%
iter 27920: loss 0.6145, time 447.03ms, mfu 1.88%
iter 27921: loss 0.7545, time 367.95ms, mfu 1.89%
iter 27922: loss 0.7267, time 517.83ms, mfu 1.84%
iter 27923: loss 0.7171, time 424.93ms, mfu 1.82%
iter 27924: loss 0.5954, time 419.62ms, mfu 1.81%
iter 27925: loss 0.6509, time 266.14ms, mfu 1.89%
iter 27926: loss 0.7022, time 413.61ms, mfu 1.87%
iter 27927: loss 0.6760, time 535.66ms, mfu 1.82%
iter 27928: loss 0.8005, time 452.37ms, mfu 1.79%
iter 27929: loss 0.7119, time 574.43ms, mfu 1.74%
iter 27930: loss 0.7206, time 515.16ms, mfu 1.70%
iter 27931: loss 0.7952, time 231.03ms, mfu 1.84%
iter 27932: loss 0.6870, time 502.51ms, mfu 1.80%
iter 27933: loss 0.7959, time 344.20ms, mfu 1.82%
iter 27934: loss 0.8057, time 425.09ms, mfu 1.81%
iter 27935: loss 0.6806, time 362.71ms, mfu 1.82%
iter 27936: loss 0.7387, time 352.09ms, mfu 1.84%
iter 27937: loss 0.7186, time 401.60ms, mfu 1.83%
iter 27938: loss 0.6910, time 412.00ms, mfu 1.82%
iter 27939: loss 0.7878, time 425.60ms, mfu 1.81%
iter 27940: loss 0.6826, time 392.61ms, mfu 1.81%
iter 27941: loss 0.7262, time 506.17ms, mfu 1.77%
iter 27942: loss 0.6899, time 305.31ms, mfu 1.82%
iter 27943: loss 0.6588, time 410.98ms, mfu 1.81%
iter 27944: loss 0.7303, time 382.67ms, mfu 1.82%
iter 27945: loss 0.7410, time 356.54ms, mfu 1.83%
iter 27946: loss 0.7398, time 365.21ms, mfu 1.84%
iter 27947: loss 0.7180, time 344.37ms, mfu 1.86%
iter 27948: loss 0.7930, time 370.07ms, mfu 1.87%
iter 27949: loss 0.7628, time 310.48ms, mfu 1.91%
iter 27950: loss 0.7393, time 364.67ms, mfu 1.91%
iter 27951: loss 0.7280, time 250.98ms, mfu 2.01%
iter 27952: loss 0.8102, time 341.34ms, mfu 2.01%
iter 27953: loss 0.7286, time 478.27ms, mfu 1.96%
iter 27954: loss 0.6495, time 347.05ms, mfu 1.97%
iter 27955: loss 0.6994, time 355.79ms, mfu 1.97%
iter 27956: loss 0.7716, time 402.16ms, mfu 1.95%
iter 27957: loss 0.7153, time 305.45ms, mfu 1.99%
iter 27958: loss 0.6757, time 497.22ms, mfu 1.93%
iter 27959: loss 0.8496, time 389.01ms, mfu 1.92%
iter 27960: loss 0.6754, time 542.09ms, mfu 1.86%
iter 27961: loss 0.7428, time 353.31ms, mfu 1.87%
iter 27962: loss 0.7261, time 527.13ms, mfu 1.82%
iter 27963: loss 0.6975, time 293.19ms, mfu 1.88%
iter 27964: loss 0.6892, time 330.33ms, mfu 1.91%
iter 27965: loss 0.7729, time 437.78ms, mfu 1.88%
iter 27966: loss 0.6193, time 395.55ms, mfu 1.87%
iter 27967: loss 0.6807, time 388.87ms, mfu 1.86%
iter 27968: loss 0.6807, time 354.17ms, mfu 1.88%
iter 27969: loss 0.6989, time 458.53ms, mfu 1.84%
iter 27970: loss 0.7136, time 427.55ms, mfu 1.83%
iter 27971: loss 0.6295, time 353.70ms, mfu 1.84%
iter 27972: loss 0.8028, time 400.57ms, mfu 1.84%
iter 27973: loss 0.7739, time 436.64ms, mfu 1.82%
iter 27974: loss 0.7287, time 427.08ms, mfu 1.80%
iter 27975: loss 0.7372, time 372.50ms, mfu 1.81%
iter 27976: loss 0.7202, time 373.64ms, mfu 1.82%
iter 27977: loss 0.6295, time 382.75ms, mfu 1.82%
iter 27978: loss 0.6996, time 416.20ms, mfu 1.81%
iter 27979: loss 0.6703, time 441.91ms, mfu 1.79%
iter 27980: loss 0.7599, time 481.86ms, mfu 1.76%
iter 27981: loss 0.6750, time 338.96ms, mfu 1.79%
iter 27982: loss 0.7256, time 501.29ms, mfu 1.75%
iter 27983: loss 0.7306, time 422.25ms, mfu 1.75%
iter 27984: loss 0.6546, time 398.02ms, mfu 1.75%
iter 27985: loss 0.7598, time 542.64ms, mfu 1.70%
iter 27986: loss 0.7926, time 313.64ms, mfu 1.76%
iter 27987: loss 0.7560, time 379.30ms, mfu 1.77%
iter 27988: loss 0.7434, time 421.24ms, mfu 1.76%
iter 27989: loss 0.7249, time 261.07ms, mfu 1.86%
iter 27990: loss 0.7351, time 282.36ms, mfu 1.92%
iter 27991: loss 0.7208, time 483.64ms, mfu 1.88%
iter 27992: loss 0.7299, time 448.27ms, mfu 1.85%
iter 27993: loss 0.7184, time 315.95ms, mfu 1.89%
iter 27994: loss 0.7661, time 527.70ms, mfu 1.83%
iter 27995: loss 0.7061, time 557.10ms, mfu 1.78%
iter 27996: loss 0.6850, time 258.45ms, mfu 1.87%
iter 27997: loss 0.7448, time 457.47ms, mfu 1.84%
iter 27998: loss 0.7379, time 369.28ms, mfu 1.85%
iter 27999: loss 0.7208, time 353.21ms, mfu 1.86%
iter 28000: loss 0.6792, time 678.09ms, mfu 1.78%
  === DIAG iter 28000 ===
  loss: 0.6792
  grads: total 1.0000, transformer 0.1341, adapter 0.9910
  <NUM> input tokens: 463/3072 (15.1%)
  lr: base 1.22e-04, adapter 6.08e-05
  SME accuracy: overall 0.457, sign 0.963, exp 0.991, digit 0.260, end 0.857 [d0 0.874 d1 0.293 d2 0.225 d3 0.159 d4 0.121 d5 0.082 d6 0.102 d7 0.073 d8 0.080 d9 0.219 d10 0.179 d11 0.208 d12 0.227 d13 0.267 d14 0.111] (1096 SME tokens)
  --- Sample eval (val) ---
  <7.67886e+08> <-5.333e+08> <303618> <0> <3.4932e-08> →
    target: 7.679e+08
    pred:   7.511e+08
    error:  16775010.00

  E4D6D8D4D3D7D5D6D4END
    target: 0 4.691 1.458e+08 1.646e+08
    pred:   0 0 INVALID(unparseable) INVALID(unparseable)
    error:  0.00 4.69 N/A N/A

  <0.0712> <5.46874e+08> <3.07624e+07> <-8.1104e+08> <3.85698e+08> <-2> <1e+09> →
    target: 1e+09
    pred:   1e+09
    error:  0.00

  ADD: <-9.64701e+08> + <8.73232e+06> →
    target: -9.56e+08
    pred:   -9.111e+08
    error:  44857432.25

  SORT: <763.087> <72.205> <0> →
    target: 0 72.21 763.1
    pred:   0 72.11 763
    error:  0.00 0.09 0.09

iter 28001: loss 0.6627, time 356.25ms, mfu 1.80%
iter 28002: loss 0.7446, time 422.81ms, mfu 1.79%
iter 28003: loss 0.6870, time 381.69ms, mfu 1.80%
iter 28004: loss 0.6956, time 290.38ms, mfu 1.86%
iter 28005: loss 0.6601, time 446.15ms, mfu 1.83%
iter 28006: loss 0.7333, time 396.20ms, mfu 1.83%
iter 28007: loss 0.7156, time 331.43ms, mfu 1.86%
iter 28008: loss 0.7352, time 466.86ms, mfu 1.83%
iter 28009: loss 0.7007, time 395.33ms, mfu 1.82%
iter 28010: loss 0.6834, time 215.63ms, mfu 1.97%
iter 28011: loss 0.6750, time 457.59ms, mfu 1.93%
iter 28012: loss 0.7250, time 299.78ms, mfu 1.97%
iter 28013: loss 0.7891, time 481.45ms, mfu 1.92%
iter 28014: loss 0.7066, time 427.62ms, mfu 1.89%
iter 28015: loss 0.7848, time 360.41ms, mfu 1.90%
iter 28016: loss 0.6596, time 345.93ms, mfu 1.92%
iter 28017: loss 0.6479, time 405.10ms, mfu 1.90%
iter 28018: loss 0.7105, time 539.84ms, mfu 1.84%
iter 28019: loss 0.7973, time 235.78ms, mfu 1.96%
iter 28020: loss 0.7256, time 413.72ms, mfu 1.93%
iter 28021: loss 0.6862, time 479.05ms, mfu 1.89%
iter 28022: loss 0.6280, time 478.08ms, mfu 1.85%
iter 28023: loss 0.6830, time 411.45ms, mfu 1.83%
iter 28024: loss 0.7308, time 337.48ms, mfu 1.86%
iter 28025: loss 0.7501, time 433.47ms, mfu 1.84%
iter 28026: loss 0.6847, time 537.83ms, mfu 1.79%
iter 28027: loss 0.7748, time 401.40ms, mfu 1.78%
iter 28028: loss 0.7040, time 458.31ms, mfu 1.76%
iter 28029: loss 0.7598, time 253.69ms, mfu 1.86%
iter 28030: loss 0.7796, time 413.60ms, mfu 1.85%
iter 28031: loss 0.7235, time 339.32ms, mfu 1.87%
iter 28032: loss 0.7192, time 322.26ms, mfu 1.91%
iter 28033: loss 0.7135, time 319.35ms, mfu 1.94%
iter 28034: loss 0.6951, time 263.85ms, mfu 2.01%
iter 28035: loss 0.7524, time 250.85ms, mfu 2.09%
iter 28036: loss 0.6873, time 371.13ms, mfu 2.07%
iter 28037: loss 0.7197, time 466.64ms, mfu 2.02%
iter 28038: loss 0.7793, time 309.79ms, mfu 2.05%
iter 28039: loss 0.8081, time 382.38ms, mfu 2.03%
iter 28040: loss 0.7907, time 354.00ms, mfu 2.02%
iter 28041: loss 0.6673, time 473.47ms, mfu 1.97%
iter 28042: loss 0.7129, time 445.22ms, mfu 1.93%
iter 28043: loss 0.7438, time 245.83ms, mfu 2.03%
iter 28044: loss 0.7031, time 314.78ms, mfu 2.05%
iter 28045: loss 0.8033, time 544.59ms, mfu 1.98%
iter 28046: loss 0.7428, time 389.40ms, mfu 1.96%
iter 28047: loss 0.8162, time 276.83ms, mfu 2.02%
iter 28048: loss 0.8186, time 372.35ms, mfu 2.01%
iter 28049: loss 0.6789, time 343.88ms, mfu 2.01%
iter 28050: loss 0.7446, time 377.74ms, mfu 2.00%
iter 28051: loss 0.6798, time 311.62ms, mfu 2.03%
iter 28052: loss 0.6587, time 394.04ms, mfu 2.00%
iter 28053: loss 0.7102, time 327.29ms, mfu 2.02%
iter 28054: loss 0.8459, time 361.01ms, mfu 2.01%
iter 28055: loss 0.6426, time 441.48ms, mfu 1.97%
iter 28056: loss 0.7161, time 328.91ms, mfu 1.99%
iter 28057: loss 0.7930, time 350.47ms, mfu 2.00%
iter 28058: loss 0.8246, time 424.79ms, mfu 1.96%
iter 28059: loss 0.7374, time 346.21ms, mfu 1.97%
iter 28060: loss 0.7462, time 404.51ms, mfu 1.95%
iter 28061: loss 0.6957, time 372.73ms, mfu 1.94%
iter 28062: loss 0.7372, time 335.88ms, mfu 1.96%
iter 28063: loss 0.7309, time 450.33ms, mfu 1.92%
iter 28064: loss 0.7851, time 242.23ms, mfu 2.02%
iter 28065: loss 0.7223, time 501.70ms, mfu 1.96%
iter 28066: loss 0.7373, time 459.58ms, mfu 1.92%
iter 28067: loss 0.7642, time 470.26ms, mfu 1.88%
iter 28068: loss 0.6677, time 229.60ms, mfu 2.00%
iter 28069: loss 0.8286, time 400.24ms, mfu 1.98%
iter 28070: loss 0.6609, time 369.96ms, mfu 1.97%
iter 28071: loss 0.8947, time 359.57ms, mfu 1.97%
iter 28072: loss 0.7477, time 388.12ms, mfu 1.96%
iter 28073: loss 0.7142, time 432.30ms, mfu 1.92%
iter 28074: loss 0.6582, time 470.41ms, mfu 1.88%
iter 28075: loss 0.7282, time 259.32ms, mfu 1.97%
iter 28076: loss 0.7180, time 373.80ms, mfu 1.96%
iter 28077: loss 0.7007, time 387.28ms, mfu 1.95%
iter 28078: loss 0.7106, time 448.73ms, mfu 1.91%
iter 28079: loss 0.7124, time 400.90ms, mfu 1.90%
iter 28080: loss 0.7116, time 479.73ms, mfu 1.85%
iter 28081: loss 0.7626, time 556.62ms, mfu 1.80%
iter 28082: loss 0.6856, time 409.55ms, mfu 1.79%
iter 28083: loss 0.7983, time 333.55ms, mfu 1.82%
iter 28084: loss 0.7560, time 412.20ms, mfu 1.81%
iter 28085: loss 0.6993, time 339.55ms, mfu 1.84%
iter 28086: loss 0.7635, time 329.94ms, mfu 1.87%
iter 28087: loss 0.8143, time 321.81ms, mfu 1.90%
iter 28088: loss 0.7633, time 308.88ms, mfu 1.94%
iter 28089: loss 0.7679, time 434.94ms, mfu 1.91%
iter 28090: loss 0.7669, time 415.69ms, mfu 1.89%
iter 28091: loss 0.7995, time 355.78ms, mfu 1.90%
iter 28092: loss 0.6452, time 314.88ms, mfu 1.94%
iter 28093: loss 0.7794, time 434.60ms, mfu 1.91%
iter 28094: loss 0.7548, time 311.17ms, mfu 1.94%
iter 28095: loss 0.6623, time 428.74ms, mfu 1.91%
iter 28096: loss 0.7506, time 319.72ms, mfu 1.94%
iter 28097: loss 0.7306, time 529.95ms, mfu 1.88%
iter 28098: loss 0.8044, time 307.95ms, mfu 1.93%
iter 28099: loss 0.7495, time 474.14ms, mfu 1.88%
iter 28100: loss 0.7053, time 619.34ms, mfu 1.81%
  === DIAG iter 28100 ===
  loss: 0.7053
  grads: total 1.0000, transformer 0.1439, adapter 0.9896
  <NUM> input tokens: 485/3072 (15.8%)
  lr: base 1.20e-04, adapter 6.02e-05
  SME accuracy: overall 0.442, sign 0.971, exp 0.931, digit 0.252, end 0.889 [d0 0.891 d1 0.412 d2 0.269 d3 0.145 d4 0.096 d5 0.127 d6 0.131 d7 0.050 d8 0.098 d9 0.100 d10 0.143 d11 0.083 d12 0.091 d13 0.118 d14 0.000] (1122 SME tokens)
iter 28101: loss 0.7253, time 243.21ms, mfu 1.92%
iter 28102: loss 0.6939, time 290.03ms, mfu 1.97%
iter 28103: loss 0.7788, time 457.83ms, mfu 1.93%
iter 28104: loss 0.7823, time 431.96ms, mfu 1.90%
iter 28105: loss 0.6681, time 340.28ms, mfu 1.92%
iter 28106: loss 0.7408, time 391.57ms, mfu 1.91%
iter 28107: loss 0.6578, time 461.60ms, mfu 1.87%
iter 28108: loss 0.6807, time 256.28ms, mfu 1.96%
iter 28109: loss 0.6836, time 443.48ms, mfu 1.92%
iter 28110: loss 0.6876, time 551.87ms, mfu 1.86%
iter 28111: loss 0.6488, time 287.37ms, mfu 1.92%
iter 28112: loss 0.6852, time 465.35ms, mfu 1.88%
iter 28113: loss 0.6666, time 428.78ms, mfu 1.86%
iter 28114: loss 0.6848, time 391.51ms, mfu 1.85%
iter 28115: loss 0.6667, time 622.96ms, mfu 1.78%
iter 28116: loss 0.6992, time 293.48ms, mfu 1.84%
iter 28117: loss 0.7716, time 347.42ms, mfu 1.86%
iter 28118: loss 0.7374, time 367.89ms, mfu 1.87%
iter 28119: loss 0.7189, time 385.45ms, mfu 1.87%
iter 28120: loss 0.6822, time 370.48ms, mfu 1.87%
iter 28121: loss 0.7077, time 280.24ms, mfu 1.94%
iter 28122: loss 0.7669, time 338.19ms, mfu 1.95%
iter 28123: loss 0.7140, time 369.79ms, mfu 1.95%
iter 28124: loss 0.7935, time 461.31ms, mfu 1.91%
iter 28125: loss 0.7035, time 370.76ms, mfu 1.91%
iter 28126: loss 0.7201, time 399.12ms, mfu 1.90%
iter 28127: loss 0.6902, time 388.94ms, mfu 1.89%
iter 28128: loss 0.6585, time 334.59ms, mfu 1.91%
iter 28129: loss 0.6905, time 457.97ms, mfu 1.87%
iter 28130: loss 0.6716, time 282.70ms, mfu 1.94%
iter 28131: loss 0.7387, time 386.59ms, mfu 1.93%
iter 28132: loss 0.8411, time 310.19ms, mfu 1.96%
iter 28133: loss 0.7437, time 384.83ms, mfu 1.95%
iter 28134: loss 0.7455, time 352.17ms, mfu 1.96%
iter 28135: loss 0.7032, time 376.65ms, mfu 1.95%
iter 28136: loss 0.7842, time 464.14ms, mfu 1.91%
iter 28137: loss 0.6683, time 213.73ms, mfu 2.05%
iter 28138: loss 0.7661, time 390.00ms, mfu 2.03%
iter 28139: loss 0.7806, time 341.45ms, mfu 2.03%
iter 28140: loss 0.6647, time 294.07ms, mfu 2.07%
iter 28141: loss 0.7540, time 334.81ms, mfu 2.07%
iter 28142: loss 0.8053, time 299.07ms, mfu 2.10%
iter 28143: loss 0.6903, time 371.06ms, mfu 2.08%
iter 28144: loss 0.6619, time 434.25ms, mfu 2.04%
iter 28145: loss 0.7443, time 343.97ms, mfu 2.04%
iter 28146: loss 0.8145, time 384.26ms, mfu 2.02%
iter 28147: loss 0.7062, time 379.54ms, mfu 2.01%
iter 28148: loss 0.7000, time 440.57ms, mfu 1.97%
iter 28149: loss 0.7339, time 310.44ms, mfu 2.00%
iter 28150: loss 0.7407, time 373.18ms, mfu 1.99%
iter 28151: loss 0.8133, time 444.54ms, mfu 1.95%
iter 28152: loss 0.7391, time 400.83ms, mfu 1.93%
iter 28153: loss 0.7852, time 526.60ms, mfu 1.87%
iter 28154: loss 0.7565, time 536.08ms, mfu 1.82%
iter 28155: loss 0.7465, time 258.39ms, mfu 1.91%
iter 28156: loss 0.6325, time 474.93ms, mfu 1.87%
iter 28157: loss 0.6863, time 322.21ms, mfu 1.90%
iter 28158: loss 0.7696, time 509.97ms, mfu 1.85%
iter 28159: loss 0.6803, time 468.26ms, mfu 1.82%
iter 28160: loss 0.6951, time 429.53ms, mfu 1.80%
iter 28161: loss 0.7435, time 313.08ms, mfu 1.85%
iter 28162: loss 0.7398, time 521.66ms, mfu 1.80%
iter 28163: loss 0.7135, time 478.56ms, mfu 1.77%
iter 28164: loss 0.7218, time 325.74ms, mfu 1.81%
iter 28165: loss 0.7357, time 443.41ms, mfu 1.79%
iter 28166: loss 0.8120, time 347.39ms, mfu 1.81%
iter 28167: loss 0.7326, time 282.48ms, mfu 1.88%
iter 28168: loss 0.7260, time 415.30ms, mfu 1.86%
iter 28169: loss 0.5880, time 384.84ms, mfu 1.86%
iter 28170: loss 0.7371, time 419.64ms, mfu 1.84%
iter 28171: loss 0.6553, time 367.60ms, mfu 1.85%
iter 28172: loss 0.6903, time 394.08ms, mfu 1.85%
iter 28173: loss 0.6874, time 266.22ms, mfu 1.93%
iter 28174: loss 0.7969, time 541.24ms, mfu 1.87%
iter 28175: loss 0.7793, time 390.89ms, mfu 1.86%
iter 28176: loss 0.7194, time 333.64ms, mfu 1.89%
iter 28177: loss 0.7196, time 407.69ms, mfu 1.87%
iter 28178: loss 0.7769, time 174.69ms, mfu 2.09%
iter 28179: loss 0.6978, time 454.49ms, mfu 2.04%
iter 28180: loss 0.7060, time 345.97ms, mfu 2.04%
iter 28181: loss 0.7809, time 500.11ms, mfu 1.98%
iter 28182: loss 0.7658, time 504.25ms, mfu 1.92%
iter 28183: loss 0.7127, time 405.79ms, mfu 1.90%
iter 28184: loss 0.6906, time 284.85ms, mfu 1.96%
iter 28185: loss 0.7241, time 453.06ms, mfu 1.92%
iter 28186: loss 0.7684, time 389.03ms, mfu 1.91%
iter 28187: loss 0.6267, time 416.18ms, mfu 1.89%
iter 28188: loss 0.6778, time 358.49ms, mfu 1.90%
iter 28189: loss 0.6923, time 379.93ms, mfu 1.90%
iter 28190: loss 0.6818, time 371.79ms, mfu 1.90%
iter 28191: loss 0.7364, time 496.86ms, mfu 1.85%
iter 28192: loss 0.7438, time 314.19ms, mfu 1.89%
iter 28193: loss 0.6091, time 302.75ms, mfu 1.94%
iter 28194: loss 0.6952, time 245.59ms, mfu 2.03%
iter 28195: loss 0.7570, time 412.71ms, mfu 2.00%
iter 28196: loss 0.7013, time 436.38ms, mfu 1.96%
iter 28197: loss 0.7854, time 331.74ms, mfu 1.98%
iter 28198: loss 0.7141, time 379.82ms, mfu 1.97%
iter 28199: loss 0.6155, time 253.06ms, mfu 2.05%
iter 28200: loss 0.8263, time 783.54ms, mfu 1.94%
  === DIAG iter 28200 ===
  loss: 0.8263
  grads: total 1.0000, transformer 0.1643, adapter 0.9864
  <NUM> input tokens: 491/3072 (16.0%)
  lr: base 1.19e-04, adapter 5.95e-05
  SME accuracy: overall 0.406, sign 0.966, exp 0.829, digit 0.226, end 0.852 [d0 0.721 d1 0.322 d2 0.195 d3 0.078 d4 0.108 d5 0.068 d6 0.123 d7 0.159 d8 0.105 d9 0.128 d10 0.143 d11 0.188 d12 0.233 d13 0.192 d14 0.111] (1274 SME tokens)
iter 28201: loss 0.6812, time 242.00ms, mfu 2.04%
iter 28202: loss 0.8113, time 338.69ms, mfu 2.04%
iter 28203: loss 0.6927, time 310.10ms, mfu 2.07%
iter 28204: loss 0.6717, time 342.56ms, mfu 2.07%
iter 28205: loss 0.8157, time 356.39ms, mfu 2.06%
iter 28206: loss 0.6843, time 265.04ms, mfu 2.12%
iter 28207: loss 0.7232, time 536.94ms, mfu 2.04%
iter 28208: loss 0.8017, time 361.12ms, mfu 2.03%
iter 28209: loss 0.7886, time 471.81ms, mfu 1.98%
iter 28210: loss 0.7534, time 350.64ms, mfu 1.98%
iter 28211: loss 0.7142, time 484.61ms, mfu 1.93%
iter 28212: loss 0.6661, time 305.76ms, mfu 1.97%
iter 28213: loss 0.7035, time 297.52ms, mfu 2.01%
iter 28214: loss 0.7148, time 493.22ms, mfu 1.95%
iter 28215: loss 0.6893, time 500.57ms, mfu 1.90%
iter 28216: loss 0.6627, time 522.56ms, mfu 1.85%
iter 28217: loss 0.7214, time 307.83ms, mfu 1.89%
iter 28218: loss 0.7276, time 517.70ms, mfu 1.84%
iter 28219: loss 0.7761, time 351.72ms, mfu 1.86%
iter 28220: loss 0.7306, time 329.36ms, mfu 1.89%
iter 28221: loss 0.6814, time 486.51ms, mfu 1.84%
iter 28222: loss 0.6168, time 278.67ms, mfu 1.91%
iter 28223: loss 0.7796, time 398.47ms, mfu 1.90%
iter 28224: loss 0.8379, time 400.72ms, mfu 1.89%
iter 28225: loss 0.6862, time 424.32ms, mfu 1.86%
iter 28226: loss 0.6682, time 340.58ms, mfu 1.89%
iter 28227: loss 0.7312, time 440.72ms, mfu 1.86%
iter 28228: loss 0.6727, time 304.62ms, mfu 1.91%
iter 28229: loss 0.7830, time 270.76ms, mfu 1.98%
iter 28230: loss 0.7777, time 440.71ms, mfu 1.94%
iter 28231: loss 0.7430, time 430.81ms, mfu 1.91%
iter 28232: loss 0.7450, time 405.92ms, mfu 1.89%
iter 28233: loss 0.7902, time 390.80ms, mfu 1.89%
iter 28234: loss 0.7099, time 305.97ms, mfu 1.93%
iter 28235: loss 0.7518, time 438.50ms, mfu 1.90%
iter 28236: loss 0.6711, time 360.21ms, mfu 1.90%
iter 28237: loss 0.6778, time 304.44ms, mfu 1.95%
iter 28238: loss 0.7197, time 279.83ms, mfu 2.01%
iter 28239: loss 0.7631, time 332.75ms, mfu 2.02%
iter 28240: loss 0.7076, time 327.92ms, mfu 2.03%
iter 28241: loss 0.7724, time 384.74ms, mfu 2.01%
iter 28242: loss 0.7595, time 479.59ms, mfu 1.96%
iter 28243: loss 0.7651, time 340.39ms, mfu 1.97%
iter 28244: loss 0.7234, time 412.93ms, mfu 1.95%
iter 28245: loss 0.7413, time 268.52ms, mfu 2.02%
iter 28246: loss 0.6997, time 339.16ms, mfu 2.02%
iter 28247: loss 0.7601, time 470.19ms, mfu 1.97%
iter 28248: loss 0.7856, time 406.14ms, mfu 1.95%
iter 28249: loss 0.7513, time 454.51ms, mfu 1.91%
iter 28250: loss 0.6579, time 291.73ms, mfu 1.96%
iter 28251: loss 0.7205, time 318.37ms, mfu 1.99%
iter 28252: loss 0.7097, time 466.62ms, mfu 1.94%
iter 28253: loss 0.7125, time 381.82ms, mfu 1.93%
iter 28254: loss 0.7550, time 381.04ms, mfu 1.93%
iter 28255: loss 0.6516, time 329.52ms, mfu 1.95%
iter 28256: loss 0.7478, time 310.85ms, mfu 1.98%
iter 28257: loss 0.7933, time 478.07ms, mfu 1.93%
iter 28258: loss 0.6584, time 366.40ms, mfu 1.93%
iter 28259: loss 0.8026, time 363.36ms, mfu 1.93%
iter 28260: loss 0.6727, time 401.45ms, mfu 1.92%
iter 28261: loss 0.7608, time 447.41ms, mfu 1.88%
iter 28262: loss 0.6515, time 312.46ms, mfu 1.92%
iter 28263: loss 0.7500, time 464.12ms, mfu 1.88%
iter 28264: loss 0.6885, time 402.11ms, mfu 1.87%
iter 28265: loss 0.6900, time 477.95ms, mfu 1.83%
iter 28266: loss 0.7184, time 402.43ms, mfu 1.82%
iter 28267: loss 0.6713, time 445.22ms, mfu 1.80%
iter 28268: loss 0.6925, time 404.34ms, mfu 1.80%
iter 28269: loss 0.7823, time 383.49ms, mfu 1.80%
iter 28270: loss 0.7003, time 448.93ms, mfu 1.78%
iter 28271: loss 0.6747, time 280.45ms, mfu 1.85%
iter 28272: loss 0.7226, time 486.48ms, mfu 1.81%
iter 28273: loss 0.6588, time 338.70ms, mfu 1.84%
iter 28274: loss 0.5866, time 429.92ms, mfu 1.82%
iter 28275: loss 0.8437, time 406.87ms, mfu 1.81%
iter 28276: loss 0.7441, time 404.24ms, mfu 1.81%
iter 28277: loss 0.8131, time 322.09ms, mfu 1.85%
iter 28278: loss 0.8855, time 449.34ms, mfu 1.82%
iter 28279: loss 0.6908, time 427.44ms, mfu 1.80%
iter 28280: loss 0.8130, time 425.71ms, mfu 1.79%
iter 28281: loss 0.7544, time 394.63ms, mfu 1.79%
iter 28282: loss 0.6750, time 258.45ms, mfu 1.89%
iter 28283: loss 0.7818, time 422.53ms, mfu 1.87%
iter 28284: loss 0.7658, time 317.61ms, mfu 1.90%
iter 28285: loss 0.6579, time 456.33ms, mfu 1.87%
iter 28286: loss 0.7462, time 271.94ms, mfu 1.94%
iter 28287: loss 0.6983, time 349.95ms, mfu 1.95%
iter 28288: loss 0.7819, time 379.72ms, mfu 1.94%
iter 28289: loss 0.7799, time 275.42ms, mfu 2.00%
iter 28290: loss 0.8286, time 301.73ms, mfu 2.04%
iter 28291: loss 0.6805, time 462.21ms, mfu 1.99%
iter 28292: loss 0.7251, time 384.81ms, mfu 1.97%
iter 28293: loss 0.6885, time 303.84ms, mfu 2.01%
iter 28294: loss 0.7391, time 251.00ms, mfu 2.09%
iter 28295: loss 0.6468, time 364.11ms, mfu 2.08%
iter 28296: loss 0.6553, time 397.60ms, mfu 2.05%
iter 28297: loss 0.6251, time 370.11ms, mfu 2.03%
iter 28298: loss 0.7442, time 271.49ms, mfu 2.09%
iter 28299: loss 0.6348, time 363.94ms, mfu 2.08%
iter 28300: loss 0.7527, time 520.72ms, mfu 2.01%
  === DIAG iter 28300 ===
  loss: 0.7527
  grads: total 1.0000, transformer 0.1732, adapter 0.9849
  <NUM> input tokens: 448/3072 (14.6%)
  lr: base 1.18e-04, adapter 5.89e-05
  SME accuracy: overall 0.434, sign 1.000, exp 0.955, digit 0.245, end 0.845 [d0 0.813 d1 0.376 d2 0.280 d3 0.150 d4 0.149 d5 0.159 d6 0.138 d7 0.131 d8 0.107 d9 0.105 d10 0.086 d11 0.037 d12 0.077 d13 0.000 d14 0.000] (1207 SME tokens)
iter 28301: loss 0.6572, time 216.88ms, mfu 2.13%
iter 28302: loss 0.7431, time 491.28ms, mfu 2.06%
iter 28303: loss 0.8150, time 390.44ms, mfu 2.04%
iter 28304: loss 0.6278, time 366.57ms, mfu 2.03%
iter 28305: loss 0.6764, time 306.97ms, mfu 2.06%
iter 28306: loss 0.7057, time 305.11ms, mfu 2.08%
iter 28307: loss 0.7272, time 421.58ms, mfu 2.04%
iter 28308: loss 0.6919, time 411.84ms, mfu 2.01%
iter 28309: loss 0.7443, time 422.67ms, mfu 1.98%
iter 28310: loss 0.7184, time 267.12ms, mfu 2.04%
iter 28311: loss 0.6633, time 469.12ms, mfu 1.99%
iter 28312: loss 0.7601, time 293.55ms, mfu 2.03%
iter 28313: loss 0.6792, time 368.99ms, mfu 2.02%
iter 28314: loss 0.7712, time 286.81ms, mfu 2.07%
iter 28315: loss 0.7334, time 461.00ms, mfu 2.01%
iter 28316: loss 0.7129, time 338.32ms, mfu 2.02%
iter 28317: loss 0.6797, time 369.17ms, mfu 2.01%
iter 28318: loss 0.7607, time 297.03ms, mfu 2.05%
iter 28319: loss 0.6925, time 486.23ms, mfu 1.99%
iter 28320: loss 0.6695, time 397.99ms, mfu 1.97%
iter 28321: loss 0.7066, time 371.29ms, mfu 1.96%
iter 28322: loss 0.7776, time 272.02ms, mfu 2.03%
iter 28323: loss 0.7297, time 431.91ms, mfu 1.99%
iter 28324: loss 0.7425, time 246.80ms, mfu 2.08%
iter 28325: loss 0.6924, time 433.79ms, mfu 2.03%
iter 28326: loss 0.7280, time 422.27ms, mfu 2.00%
iter 28327: loss 0.7775, time 486.50ms, mfu 1.94%
iter 28328: loss 0.8543, time 395.51ms, mfu 1.93%
iter 28329: loss 0.6815, time 495.10ms, mfu 1.88%
iter 28330: loss 0.6886, time 294.71ms, mfu 1.93%
iter 28331: loss 0.6721, time 292.31ms, mfu 1.98%
iter 28332: loss 0.8047, time 437.64ms, mfu 1.94%
iter 28333: loss 0.6783, time 414.30ms, mfu 1.92%
iter 28334: loss 0.7388, time 322.36ms, mfu 1.95%
iter 28335: loss 0.6752, time 430.01ms, mfu 1.92%
iter 28336: loss 0.8008, time 466.40ms, mfu 1.88%
iter 28337: loss 0.6746, time 615.97ms, mfu 1.81%
iter 28338: loss 0.6665, time 313.62ms, mfu 1.85%
iter 28339: loss 0.6853, time 291.87ms, mfu 1.91%
iter 28340: loss 0.7712, time 449.02ms, mfu 1.88%
iter 28341: loss 0.6370, time 468.50ms, mfu 1.84%
iter 28342: loss 0.7454, time 436.31ms, mfu 1.82%
iter 28343: loss 0.7007, time 414.08ms, mfu 1.81%
iter 28344: loss 0.7197, time 467.33ms, mfu 1.78%
iter 28345: loss 0.7321, time 258.63ms, mfu 1.87%
iter 28346: loss 0.7806, time 365.58ms, mfu 1.88%
iter 28347: loss 0.8425, time 407.72ms, mfu 1.87%
iter 28348: loss 0.6834, time 420.80ms, mfu 1.85%
iter 28349: loss 0.7234, time 303.81ms, mfu 1.90%
iter 28350: loss 0.6525, time 460.86ms, mfu 1.86%
iter 28351: loss 0.6874, time 331.86ms, mfu 1.89%
iter 28352: loss 0.6578, time 461.19ms, mfu 1.85%
iter 28353: loss 0.6966, time 217.50ms, mfu 1.99%
iter 28354: loss 0.7226, time 456.55ms, mfu 1.95%
iter 28355: loss 0.7045, time 540.42ms, mfu 1.89%
iter 28356: loss 0.6053, time 419.30ms, mfu 1.87%
iter 28357: loss 0.7135, time 437.96ms, mfu 1.84%
iter 28358: loss 0.7351, time 326.84ms, mfu 1.87%
iter 28359: loss 0.8111, time 249.26ms, mfu 1.97%
iter 28360: loss 0.7385, time 360.28ms, mfu 1.97%
iter 28361: loss 0.6815, time 400.31ms, mfu 1.95%
iter 28362: loss 0.6961, time 494.57ms, mfu 1.90%
iter 28363: loss 0.7231, time 412.64ms, mfu 1.88%
iter 28364: loss 0.7509, time 446.27ms, mfu 1.85%
iter 28365: loss 0.6999, time 310.20ms, mfu 1.89%
iter 28366: loss 0.7538, time 299.82ms, mfu 1.94%
iter 28367: loss 0.7089, time 461.65ms, mfu 1.90%
iter 28368: loss 0.7560, time 384.24ms, mfu 1.90%
iter 28369: loss 0.7611, time 380.40ms, mfu 1.89%
iter 28370: loss 0.7433, time 369.27ms, mfu 1.89%
iter 28371: loss 0.7744, time 327.53ms, mfu 1.92%
iter 28372: loss 0.6807, time 459.65ms, mfu 1.88%
iter 28373: loss 0.7940, time 384.60ms, mfu 1.88%
iter 28374: loss 0.7040, time 328.11ms, mfu 1.91%
iter 28375: loss 0.7039, time 368.57ms, mfu 1.91%
iter 28376: loss 0.7528, time 288.34ms, mfu 1.96%
iter 28377: loss 0.7052, time 381.87ms, mfu 1.95%
iter 28378: loss 0.7402, time 346.26ms, mfu 1.96%
iter 28379: loss 0.6437, time 581.68ms, mfu 1.89%
iter 28380: loss 0.7579, time 294.55ms, mfu 1.94%
iter 28381: loss 0.7068, time 312.47ms, mfu 1.97%
iter 28382: loss 0.8057, time 327.31ms, mfu 1.99%
iter 28383: loss 0.6351, time 415.73ms, mfu 1.96%
iter 28384: loss 0.7049, time 346.76ms, mfu 1.97%
iter 28385: loss 0.7026, time 381.87ms, mfu 1.96%
iter 28386: loss 0.8021, time 400.90ms, mfu 1.94%
iter 28387: loss 0.6825, time 407.58ms, mfu 1.92%
iter 28388: loss 0.6906, time 407.47ms, mfu 1.90%
iter 28389: loss 0.7913, time 413.79ms, mfu 1.88%
iter 28390: loss 0.6950, time 610.40ms, mfu 1.81%
iter 28391: loss 0.8057, time 417.73ms, mfu 1.80%
iter 28392: loss 0.7477, time 335.66ms, mfu 1.83%
iter 28393: loss 0.7747, time 425.83ms, mfu 1.81%
iter 28394: loss 0.7202, time 358.51ms, mfu 1.83%
iter 28395: loss 0.6431, time 310.18ms, mfu 1.88%
iter 28396: loss 0.7162, time 260.63ms, mfu 1.96%
iter 28397: loss 0.6997, time 437.12ms, mfu 1.93%
iter 28398: loss 0.7159, time 284.33ms, mfu 1.98%
iter 28399: loss 0.6465, time 399.45ms, mfu 1.96%
iter 28400: loss 0.7123, time 553.96ms, mfu 1.89%
  === DIAG iter 28400 ===
  loss: 0.7123
  grads: total 1.0000, transformer 0.1510, adapter 0.9885
  <NUM> input tokens: 428/3072 (13.9%)
  lr: base 1.17e-04, adapter 5.83e-05
  SME accuracy: overall 0.441, sign 0.991, exp 0.907, digit 0.248, end 0.901 [d0 0.819 d1 0.449 d2 0.253 d3 0.108 d4 0.139 d5 0.074 d6 0.109 d7 0.086 d8 0.056 d9 0.179 d10 0.143 d11 0.130 d12 0.200 d13 0.250 d14 0.000] (1160 SME tokens)
iter 28401: loss 0.7725, time 176.98ms, mfu 2.10%
iter 28402: loss 0.6603, time 474.62ms, mfu 2.04%
iter 28403: loss 0.7673, time 401.75ms, mfu 2.02%
iter 28404: loss 0.7696, time 358.90ms, mfu 2.01%
iter 28405: loss 0.6501, time 287.63ms, mfu 2.06%
iter 28406: loss 0.7309, time 355.40ms, mfu 2.05%
iter 28407: loss 0.6971, time 373.27ms, mfu 2.04%
iter 28408: loss 0.7450, time 323.97ms, mfu 2.05%
iter 28409: loss 0.7363, time 453.39ms, mfu 2.00%
iter 28410: loss 0.7628, time 297.70ms, mfu 2.04%
iter 28411: loss 0.7314, time 479.93ms, mfu 1.98%
iter 28412: loss 0.6418, time 442.40ms, mfu 1.95%
iter 28413: loss 0.7705, time 460.67ms, mfu 1.90%
iter 28414: loss 0.7322, time 471.57ms, mfu 1.86%
iter 28415: loss 0.6754, time 338.32ms, mfu 1.89%
iter 28416: loss 0.7713, time 431.08ms, mfu 1.86%
iter 28417: loss 0.6968, time 327.21ms, mfu 1.89%
iter 28418: loss 0.6841, time 480.48ms, mfu 1.85%
iter 28419: loss 0.7952, time 287.77ms, mfu 1.91%
iter 28420: loss 0.7009, time 422.88ms, mfu 1.89%
iter 28421: loss 0.7423, time 419.92ms, mfu 1.87%
iter 28422: loss 0.8039, time 267.26ms, mfu 1.95%
iter 28423: loss 0.6962, time 492.99ms, mfu 1.90%
iter 28424: loss 0.6181, time 337.57ms, mfu 1.92%
iter 28425: loss 0.8370, time 422.72ms, mfu 1.89%
iter 28426: loss 0.6261, time 380.62ms, mfu 1.89%
iter 28427: loss 0.6290, time 424.50ms, mfu 1.87%
iter 28428: loss 0.7068, time 348.28ms, mfu 1.88%
iter 28429: loss 0.7218, time 418.14ms, mfu 1.87%
iter 28430: loss 0.8027, time 449.07ms, mfu 1.84%
iter 28431: loss 0.7796, time 363.67ms, mfu 1.85%
iter 28432: loss 0.6923, time 385.09ms, mfu 1.85%
iter 28433: loss 0.7481, time 351.41ms, mfu 1.86%
iter 28434: loss 0.7170, time 319.05ms, mfu 1.90%
iter 28435: loss 0.7304, time 436.25ms, mfu 1.87%
iter 28436: loss 0.7891, time 326.43ms, mfu 1.90%
iter 28437: loss 0.7017, time 377.54ms, mfu 1.90%
iter 28438: loss 0.7040, time 324.45ms, mfu 1.93%
iter 28439: loss 0.7445, time 275.00ms, mfu 1.99%
iter 28440: loss 0.7930, time 389.97ms, mfu 1.98%
iter 28441: loss 0.7335, time 365.28ms, mfu 1.97%
iter 28442: loss 0.6946, time 450.96ms, mfu 1.93%
iter 28443: loss 0.7127, time 323.61ms, mfu 1.96%
iter 28444: loss 0.6711, time 307.83ms, mfu 1.99%
iter 28445: loss 0.7495, time 443.01ms, mfu 1.95%
iter 28446: loss 0.8127, time 296.08ms, mfu 2.00%
iter 28447: loss 0.7272, time 403.51ms, mfu 1.97%
iter 28448: loss 0.7688, time 347.23ms, mfu 1.98%
iter 28449: loss 0.7743, time 410.81ms, mfu 1.95%
iter 28450: loss 0.7412, time 222.38ms, mfu 2.08%
iter 28451: loss 0.7089, time 365.22ms, mfu 2.06%
iter 28452: loss 0.7410, time 329.47ms, mfu 2.07%
iter 28453: loss 0.7072, time 438.20ms, mfu 2.03%
iter 28454: loss 0.6849, time 440.57ms, mfu 1.99%
iter 28455: loss 0.6626, time 475.57ms, mfu 1.94%
iter 28456: loss 0.7359, time 449.89ms, mfu 1.90%
iter 28457: loss 0.7181, time 351.93ms, mfu 1.91%
iter 28458: loss 0.6663, time 314.19ms, mfu 1.95%
iter 28459: loss 0.6717, time 411.09ms, mfu 1.92%
iter 28460: loss 0.8259, time 446.55ms, mfu 1.89%
iter 28461: loss 0.6180, time 388.63ms, mfu 1.88%
iter 28462: loss 0.7225, time 399.78ms, mfu 1.87%
iter 28463: loss 0.6792, time 308.07ms, mfu 1.91%
iter 28464: loss 0.6287, time 443.64ms, mfu 1.88%
iter 28465: loss 0.6077, time 330.20ms, mfu 1.91%
iter 28466: loss 0.6727, time 382.61ms, mfu 1.90%
iter 28467: loss 0.6783, time 292.01ms, mfu 1.96%
iter 28468: loss 0.6283, time 357.93ms, mfu 1.96%
iter 28469: loss 0.7074, time 344.04ms, mfu 1.97%
iter 28470: loss 0.7048, time 466.06ms, mfu 1.92%
iter 28471: loss 0.7622, time 278.65ms, mfu 1.99%
iter 28472: loss 0.6963, time 407.78ms, mfu 1.96%
iter 28473: loss 0.7223, time 443.59ms, mfu 1.92%
iter 28474: loss 0.7501, time 276.94ms, mfu 1.99%
iter 28475: loss 0.6917, time 382.98ms, mfu 1.97%
iter 28476: loss 0.8553, time 295.23ms, mfu 2.02%
iter 28477: loss 0.7099, time 257.90ms, mfu 2.09%
iter 28478: loss 0.6323, time 388.00ms, mfu 2.06%
iter 28479: loss 0.7988, time 393.93ms, mfu 2.04%
iter 28480: loss 0.6247, time 355.14ms, mfu 2.03%
iter 28481: loss 0.7354, time 371.37ms, mfu 2.02%
iter 28482: loss 0.7146, time 416.41ms, mfu 1.99%
iter 28483: loss 0.7658, time 330.45ms, mfu 2.00%
iter 28484: loss 0.7490, time 457.32ms, mfu 1.96%
iter 28485: loss 0.8513, time 317.83ms, mfu 1.99%
iter 28486: loss 0.7197, time 365.36ms, mfu 1.98%
iter 28487: loss 0.7266, time 361.46ms, mfu 1.98%
iter 28488: loss 0.6510, time 401.14ms, mfu 1.96%
iter 28489: loss 0.7795, time 377.58ms, mfu 1.95%
iter 28490: loss 0.7336, time 427.34ms, mfu 1.92%
iter 28491: loss 0.7783, time 296.26ms, mfu 1.97%
iter 28492: loss 0.7514, time 312.66ms, mfu 2.00%
iter 28493: loss 0.6773, time 405.29ms, mfu 1.97%
iter 28494: loss 0.6322, time 321.89ms, mfu 2.00%
iter 28495: loss 0.7241, time 281.05ms, mfu 2.05%
iter 28496: loss 0.6769, time 365.54ms, mfu 2.04%
iter 28497: loss 0.6920, time 554.96ms, mfu 1.96%
iter 28498: loss 0.6996, time 299.82ms, mfu 2.00%
iter 28499: loss 0.7626, time 531.95ms, mfu 1.93%
iter 28500: loss 0.6545, time 478.36ms, mfu 1.89%
  === DIAG iter 28500 ===
  loss: 0.6545
  grads: total 1.0000, transformer 0.1901, adapter 0.9818
  <NUM> input tokens: 434/3072 (14.1%)
  lr: base 1.15e-04, adapter 5.77e-05
  SME accuracy: overall 0.489, sign 0.961, exp 0.952, digit 0.304, end 0.886 [d0 0.890 d1 0.388 d2 0.273 d3 0.169 d4 0.210 d5 0.138 d6 0.182 d7 0.120 d8 0.156 d9 0.194 d10 0.185 d11 0.286 d12 0.412 d13 0.267 d14 0.000] (1062 SME tokens)
iter 28501: loss 0.8180, time 240.93ms, mfu 1.99%
iter 28502: loss 0.7710, time 398.55ms, mfu 1.97%
iter 28503: loss 0.7155, time 356.44ms, mfu 1.97%
iter 28504: loss 0.7379, time 341.72ms, mfu 1.98%
iter 28505: loss 0.7396, time 322.68ms, mfu 2.01%
iter 28506: loss 0.6805, time 210.75ms, mfu 2.14%
iter 28507: loss 0.6985, time 370.67ms, mfu 2.12%
iter 28508: loss 0.7242, time 415.36ms, mfu 2.08%
iter 28509: loss 0.6858, time 330.95ms, mfu 2.08%
iter 28510: loss 0.8467, time 349.83ms, mfu 2.08%
iter 28511: loss 0.6520, time 623.90ms, mfu 1.98%
iter 28512: loss 0.7099, time 381.86ms, mfu 1.97%
iter 28513: loss 0.6814, time 319.57ms, mfu 2.00%
iter 28514: loss 0.6970, time 246.39ms, mfu 2.08%
iter 28515: loss 0.7275, time 349.21ms, mfu 2.08%
iter 28516: loss 0.6976, time 344.87ms, mfu 2.08%
iter 28517: loss 0.7277, time 354.08ms, mfu 2.07%
iter 28518: loss 0.7630, time 552.50ms, mfu 1.99%
iter 28519: loss 0.7440, time 174.71ms, mfu 2.20%
iter 28520: loss 0.7577, time 480.37ms, mfu 2.12%
iter 28521: loss 0.7084, time 418.11ms, mfu 2.08%
iter 28522: loss 0.6919, time 313.62ms, mfu 2.10%
iter 28523: loss 0.7517, time 371.21ms, mfu 2.08%
iter 28524: loss 0.6203, time 321.77ms, mfu 2.09%
iter 28525: loss 0.6463, time 340.66ms, mfu 2.09%
iter 28526: loss 0.7217, time 321.27ms, mfu 2.10%
iter 28527: loss 0.6602, time 420.62ms, mfu 2.06%
iter 28528: loss 0.7948, time 344.68ms, mfu 2.06%
iter 28529: loss 0.6411, time 420.78ms, mfu 2.02%
iter 28530: loss 0.6985, time 302.86ms, mfu 2.05%
iter 28531: loss 0.8032, time 348.23ms, mfu 2.05%
iter 28532: loss 0.7497, time 173.46ms, mfu 2.26%
iter 28533: loss 0.7666, time 613.66ms, mfu 2.15%
iter 28534: loss 0.7465, time 232.49ms, mfu 2.24%
iter 28535: loss 0.6777, time 268.05ms, mfu 2.28%
iter 28536: loss 0.7471, time 445.68ms, mfu 2.21%
iter 28537: loss 0.7563, time 384.50ms, mfu 2.17%
iter 28538: loss 0.7441, time 337.77ms, mfu 2.16%
iter 28539: loss 0.7784, time 354.92ms, mfu 2.15%
iter 28540: loss 0.8294, time 495.99ms, mfu 2.08%
iter 28541: loss 0.6821, time 375.18ms, mfu 2.06%
iter 28542: loss 0.7168, time 424.88ms, mfu 2.02%
iter 28543: loss 0.7264, time 395.22ms, mfu 2.00%
iter 28544: loss 0.5866, time 442.22ms, mfu 1.96%
iter 28545: loss 0.7305, time 468.95ms, mfu 1.91%
iter 28546: loss 0.7504, time 294.13ms, mfu 1.96%
iter 28547: loss 0.7505, time 338.75ms, mfu 1.97%
iter 28548: loss 0.6344, time 395.07ms, mfu 1.96%
iter 28549: loss 0.7177, time 475.70ms, mfu 1.91%
iter 28550: loss 0.7257, time 424.65ms, mfu 1.89%
iter 28551: loss 0.5977, time 248.74ms, mfu 1.98%
iter 28552: loss 0.7717, time 436.75ms, mfu 1.95%
iter 28553: loss 0.7343, time 441.73ms, mfu 1.91%
iter 28554: loss 0.7868, time 370.81ms, mfu 1.91%
iter 28555: loss 0.6797, time 388.90ms, mfu 1.90%
iter 28556: loss 0.7516, time 449.63ms, mfu 1.87%
iter 28557: loss 0.7748, time 368.20ms, mfu 1.88%
iter 28558: loss 0.6315, time 467.59ms, mfu 1.84%
iter 28559: loss 0.7432, time 285.14ms, mfu 1.90%
iter 28560: loss 0.6818, time 452.24ms, mfu 1.87%
iter 28561: loss 0.7612, time 386.96ms, mfu 1.87%
iter 28562: loss 0.6501, time 400.30ms, mfu 1.86%
iter 28563: loss 0.7140, time 523.62ms, mfu 1.81%
iter 28564: loss 0.7236, time 349.05ms, mfu 1.83%
iter 28565: loss 0.6939, time 497.22ms, mfu 1.79%
iter 28566: loss 0.7123, time 418.62ms, mfu 1.78%
iter 28567: loss 0.7100, time 461.95ms, mfu 1.75%
iter 28568: loss 0.7496, time 384.88ms, mfu 1.76%
iter 28569: loss 0.7504, time 386.77ms, mfu 1.77%
iter 28570: loss 0.7552, time 341.56ms, mfu 1.80%
iter 28571: loss 0.7741, time 438.61ms, mfu 1.78%
iter 28572: loss 0.7430, time 404.62ms, mfu 1.78%
iter 28573: loss 0.7434, time 482.89ms, mfu 1.75%
iter 28574: loss 0.6997, time 290.40ms, mfu 1.82%
iter 28575: loss 0.6985, time 365.16ms, mfu 1.83%
iter 28576: loss 0.7275, time 327.85ms, mfu 1.86%
iter 28577: loss 0.7323, time 401.49ms, mfu 1.85%
iter 28578: loss 0.7599, time 468.23ms, mfu 1.82%
iter 28579: loss 0.8010, time 257.27ms, mfu 1.91%
iter 28580: loss 0.7465, time 520.26ms, mfu 1.86%
iter 28581: loss 0.7182, time 371.80ms, mfu 1.86%
iter 28582: loss 0.7216, time 317.17ms, mfu 1.90%
iter 28583: loss 0.6737, time 517.74ms, mfu 1.85%
iter 28584: loss 0.7241, time 273.65ms, mfu 1.92%
iter 28585: loss 0.7003, time 426.53ms, mfu 1.90%
iter 28586: loss 0.7443, time 280.06ms, mfu 1.96%
iter 28587: loss 0.8028, time 493.11ms, mfu 1.91%
iter 28588: loss 0.6924, time 231.41ms, mfu 2.02%
iter 28589: loss 0.7828, time 420.31ms, mfu 1.99%
iter 28590: loss 0.7516, time 341.02ms, mfu 2.00%
iter 28591: loss 0.6529, time 491.95ms, mfu 1.94%
iter 28592: loss 0.8044, time 413.38ms, mfu 1.92%
iter 28593: loss 0.6673, time 382.69ms, mfu 1.91%
iter 28594: loss 0.7277, time 437.21ms, mfu 1.88%
iter 28595: loss 0.6697, time 414.69ms, mfu 1.87%
iter 28596: loss 0.7198, time 258.41ms, mfu 1.95%
iter 28597: loss 0.6644, time 482.76ms, mfu 1.90%
iter 28598: loss 0.6906, time 420.96ms, mfu 1.88%
iter 28599: loss 0.7273, time 356.40ms, mfu 1.89%
iter 28600: loss 0.6903, time 351.21ms, mfu 1.91%
  === DIAG iter 28600 ===
  loss: 0.6903
  grads: total 1.0000, transformer 0.1532, adapter 0.9882
  <NUM> input tokens: 427/3072 (13.9%)
  lr: base 1.14e-04, adapter 5.71e-05
  SME accuracy: overall 0.441, sign 0.980, exp 0.938, digit 0.253, end 0.901 [d0 0.830 d1 0.324 d2 0.246 d3 0.075 d4 0.125 d5 0.111 d6 0.119 d7 0.164 d8 0.149 d9 0.219 d10 0.214 d11 0.286 d12 0.300 d13 0.278 d14 0.091] (1080 SME tokens)
iter 28601: loss 0.6828, time 239.57ms, mfu 2.01%
iter 28602: loss 0.7906, time 226.14ms, mfu 2.12%
iter 28603: loss 0.6960, time 268.43ms, mfu 2.18%
iter 28604: loss 0.6306, time 521.77ms, mfu 2.09%
iter 28605: loss 0.7213, time 391.25ms, mfu 2.07%
iter 28606: loss 0.7501, time 350.07ms, mfu 2.06%
iter 28607: loss 0.7182, time 333.93ms, mfu 2.07%
iter 28608: loss 0.7459, time 397.35ms, mfu 2.04%
iter 28609: loss 0.7927, time 319.66ms, mfu 2.06%
iter 28610: loss 0.6716, time 379.48ms, mfu 2.04%
iter 28611: loss 0.7211, time 426.07ms, mfu 2.00%
iter 28612: loss 0.7623, time 386.38ms, mfu 1.98%
iter 28613: loss 0.6886, time 524.09ms, mfu 1.92%
iter 28614: loss 0.7307, time 327.67ms, mfu 1.94%
iter 28615: loss 0.6948, time 446.42ms, mfu 1.91%
iter 28616: loss 0.7378, time 593.69ms, mfu 1.84%
iter 28617: loss 0.6659, time 279.90ms, mfu 1.91%
iter 28618: loss 0.7102, time 397.53ms, mfu 1.89%
iter 28619: loss 0.7149, time 502.29ms, mfu 1.85%
iter 28620: loss 0.8297, time 384.55ms, mfu 1.85%
iter 28621: loss 0.6311, time 367.61ms, mfu 1.85%
iter 28622: loss 0.7934, time 305.10ms, mfu 1.90%
iter 28623: loss 0.8185, time 430.71ms, mfu 1.88%
iter 28624: loss 0.6649, time 381.48ms, mfu 1.87%
iter 28625: loss 0.7621, time 528.28ms, mfu 1.82%
iter 28626: loss 0.6689, time 326.34ms, mfu 1.86%
iter 28627: loss 0.6918, time 342.62ms, mfu 1.88%
iter 28628: loss 0.6814, time 482.68ms, mfu 1.84%
iter 28629: loss 0.7985, time 403.39ms, mfu 1.83%
iter 28630: loss 0.7941, time 502.02ms, mfu 1.79%
iter 28631: loss 0.7745, time 312.76ms, mfu 1.83%
iter 28632: loss 0.7153, time 578.12ms, mfu 1.77%
iter 28633: loss 0.7764, time 359.24ms, mfu 1.79%
iter 28634: loss 0.7373, time 563.42ms, mfu 1.74%
iter 28635: loss 0.6945, time 198.80ms, mfu 1.92%
iter 28636: loss 0.7702, time 526.53ms, mfu 1.86%
iter 28637: loss 0.6865, time 291.89ms, mfu 1.92%
iter 28638: loss 0.7234, time 351.47ms, mfu 1.93%
iter 28639: loss 0.7891, time 392.61ms, mfu 1.92%
iter 28640: loss 0.6923, time 513.95ms, mfu 1.86%
iter 28641: loss 0.6828, time 341.23ms, mfu 1.89%
iter 28642: loss 0.6911, time 408.73ms, mfu 1.87%
iter 28643: loss 0.6368, time 474.03ms, mfu 1.83%
iter 28644: loss 0.7492, time 290.81ms, mfu 1.89%
iter 28645: loss 0.7516, time 464.65ms, mfu 1.86%
iter 28646: loss 0.6517, time 380.53ms, mfu 1.86%
iter 28647: loss 0.7264, time 290.13ms, mfu 1.92%
iter 28648: loss 0.6732, time 452.30ms, mfu 1.88%
iter 28649: loss 0.6702, time 326.38ms, mfu 1.91%
iter 28650: loss 0.6659, time 520.25ms, mfu 1.86%
iter 28651: loss 0.7431, time 365.96ms, mfu 1.86%
iter 28652: loss 0.7492, time 471.66ms, mfu 1.83%
iter 28653: loss 0.6307, time 395.31ms, mfu 1.82%
iter 28654: loss 0.6812, time 541.87ms, mfu 1.77%
iter 28655: loss 0.6780, time 363.19ms, mfu 1.79%
iter 28656: loss 0.6649, time 362.15ms, mfu 1.81%
iter 28657: loss 0.7361, time 405.11ms, mfu 1.80%
iter 28658: loss 0.7510, time 385.23ms, mfu 1.80%
iter 28659: loss 0.6965, time 326.12ms, mfu 1.84%
iter 28660: loss 0.7070, time 465.81ms, mfu 1.81%
iter 28661: loss 0.7467, time 392.69ms, mfu 1.81%
iter 28662: loss 0.7023, time 484.66ms, mfu 1.77%
iter 28663: loss 0.7326, time 333.83ms, mfu 1.81%
iter 28664: loss 0.7941, time 273.60ms, mfu 1.89%
iter 28665: loss 0.7629, time 356.74ms, mfu 1.90%
iter 28666: loss 0.6916, time 391.52ms, mfu 1.89%
iter 28667: loss 0.6785, time 380.66ms, mfu 1.89%
iter 28668: loss 0.8298, time 500.78ms, mfu 1.84%
iter 28669: loss 0.7536, time 396.23ms, mfu 1.83%
iter 28670: loss 0.6840, time 459.36ms, mfu 1.80%
iter 28671: loss 0.7131, time 489.55ms, mfu 1.77%
iter 28672: loss 0.7263, time 281.45ms, mfu 1.84%
iter 28673: loss 0.7502, time 377.78ms, mfu 1.85%
iter 28674: loss 0.7865, time 342.78ms, mfu 1.87%
iter 28675: loss 0.7354, time 304.33ms, mfu 1.92%
iter 28676: loss 0.8100, time 661.74ms, mfu 1.83%
iter 28677: loss 0.6596, time 342.19ms, mfu 1.85%
iter 28678: loss 0.6888, time 333.10ms, mfu 1.88%
iter 28679: loss 0.7709, time 303.88ms, mfu 1.93%
iter 28680: loss 0.7318, time 483.10ms, mfu 1.88%
iter 28681: loss 0.8155, time 500.90ms, mfu 1.83%
iter 28682: loss 0.6833, time 230.97ms, mfu 1.96%
iter 28683: loss 0.7672, time 454.01ms, mfu 1.92%
iter 28684: loss 0.8924, time 286.63ms, mfu 1.97%
iter 28685: loss 0.7169, time 424.37ms, mfu 1.94%
iter 28686: loss 0.7992, time 368.13ms, mfu 1.94%
iter 28687: loss 0.6958, time 378.54ms, mfu 1.93%
iter 28688: loss 0.7627, time 321.22ms, mfu 1.96%
iter 28689: loss 0.7605, time 333.33ms, mfu 1.98%
iter 28690: loss 0.6856, time 369.73ms, mfu 1.97%
iter 28691: loss 0.7242, time 422.92ms, mfu 1.94%
iter 28692: loss 0.7996, time 346.83ms, mfu 1.95%
iter 28693: loss 0.6797, time 385.78ms, mfu 1.94%
iter 28694: loss 0.8192, time 438.36ms, mfu 1.91%
iter 28695: loss 0.7202, time 301.62ms, mfu 1.95%
iter 28696: loss 0.7660, time 362.38ms, mfu 1.95%
iter 28697: loss 0.6530, time 426.44ms, mfu 1.92%
iter 28698: loss 0.6845, time 499.37ms, mfu 1.87%
iter 28699: loss 0.7224, time 326.93ms, mfu 1.90%
iter 28700: loss 0.7184, time 550.15ms, mfu 1.84%
  === DIAG iter 28700 ===
  loss: 0.7184
  grads: total 1.0000, transformer 0.1434, adapter 0.9897
  <NUM> input tokens: 435/3072 (14.2%)
  lr: base 1.13e-04, adapter 5.65e-05
  SME accuracy: overall 0.432, sign 0.955, exp 0.881, digit 0.246, end 0.826 [d0 0.738 d1 0.287 d2 0.171 d3 0.123 d4 0.176 d5 0.111 d6 0.123 d7 0.137 d8 0.064 d9 0.258 d10 0.167 d11 0.160 d12 0.250 d13 0.211 d14 0.286] (1130 SME tokens)
iter 28701: loss 0.7102, time 238.21ms, mfu 1.95%
iter 28702: loss 0.7115, time 357.09ms, mfu 1.96%
iter 28703: loss 0.7643, time 365.16ms, mfu 1.96%
iter 28704: loss 0.6896, time 399.81ms, mfu 1.94%
iter 28705: loss 0.7055, time 221.24ms, mfu 2.06%
iter 28706: loss 0.6823, time 395.99ms, mfu 2.04%
iter 28707: loss 0.6386, time 452.56ms, mfu 1.99%
iter 28708: loss 0.6945, time 242.42ms, mfu 2.08%
iter 28709: loss 0.7719, time 352.60ms, mfu 2.08%
iter 28710: loss 0.7542, time 323.89ms, mfu 2.09%
iter 28711: loss 0.7254, time 610.63ms, mfu 1.99%
iter 28712: loss 0.7828, time 249.57ms, mfu 2.08%
iter 28713: loss 0.7634, time 332.68ms, mfu 2.08%
iter 28714: loss 0.7938, time 346.77ms, mfu 2.08%
iter 28715: loss 0.7625, time 469.11ms, mfu 2.02%
iter 28716: loss 0.7199, time 297.10ms, mfu 2.06%
iter 28717: loss 0.6591, time 462.26ms, mfu 2.01%
iter 28718: loss 0.7022, time 327.18ms, mfu 2.02%
iter 28719: loss 0.6556, time 365.40ms, mfu 2.01%
iter 28720: loss 0.7408, time 251.93ms, mfu 2.09%
iter 28721: loss 0.7475, time 378.89ms, mfu 2.07%
iter 28722: loss 0.6822, time 285.74ms, mfu 2.11%
iter 28723: loss 0.8311, time 287.15ms, mfu 2.15%
iter 28724: loss 0.7144, time 368.02ms, mfu 2.13%
iter 28725: loss 0.6965, time 561.03ms, mfu 2.04%
iter 28726: loss 0.7654, time 367.80ms, mfu 2.03%
iter 28727: loss 0.6232, time 495.56ms, mfu 1.97%
iter 28728: loss 0.7409, time 323.48ms, mfu 1.99%
iter 28729: loss 0.5718, time 362.84ms, mfu 1.99%
iter 28730: loss 0.8449, time 271.74ms, mfu 2.05%
iter 28731: loss 0.6968, time 306.08ms, mfu 2.08%
iter 28732: loss 0.7175, time 396.34ms, mfu 2.05%
iter 28733: loss 0.7664, time 413.66ms, mfu 2.01%
iter 28734: loss 0.7815, time 385.71ms, mfu 2.00%
iter 28735: loss 0.7797, time 401.54ms, mfu 1.97%
iter 28736: loss 0.6471, time 324.01ms, mfu 1.99%
iter 28737: loss 0.6676, time 447.29ms, mfu 1.95%
iter 28738: loss 0.7168, time 453.36ms, mfu 1.91%
iter 28739: loss 0.7185, time 263.20ms, mfu 1.99%
iter 28740: loss 0.7045, time 465.21ms, mfu 1.95%
iter 28741: loss 0.7117, time 353.46ms, mfu 1.95%
iter 28742: loss 0.7546, time 406.33ms, mfu 1.93%
iter 28743: loss 0.7618, time 389.52ms, mfu 1.92%
iter 28744: loss 0.6869, time 361.86ms, mfu 1.92%
iter 28745: loss 0.6817, time 382.34ms, mfu 1.92%
iter 28746: loss 0.7141, time 327.64ms, mfu 1.94%
iter 28747: loss 0.7380, time 445.94ms, mfu 1.91%
iter 28748: loss 0.7564, time 329.11ms, mfu 1.93%
iter 28749: loss 0.6391, time 419.70ms, mfu 1.91%
iter 28750: loss 0.6695, time 355.59ms, mfu 1.92%
iter 28751: loss 0.6376, time 493.34ms, mfu 1.87%
iter 28752: loss 0.7346, time 385.82ms, mfu 1.86%
iter 28753: loss 0.6705, time 391.50ms, mfu 1.86%
iter 28754: loss 0.6864, time 290.31ms, mfu 1.92%
iter 28755: loss 0.7723, time 318.94ms, mfu 1.95%
iter 28756: loss 0.7327, time 447.38ms, mfu 1.91%
iter 28757: loss 0.7188, time 348.00ms, mfu 1.92%
iter 28758: loss 0.6516, time 474.96ms, mfu 1.88%
iter 28759: loss 0.8065, time 380.80ms, mfu 1.88%
iter 28760: loss 0.6495, time 573.67ms, mfu 1.81%
iter 28761: loss 0.6940, time 442.61ms, mfu 1.79%
iter 28762: loss 0.7068, time 450.06ms, mfu 1.77%
iter 28763: loss 0.6465, time 392.15ms, mfu 1.77%
iter 28764: loss 0.7301, time 355.32ms, mfu 1.80%
iter 28765: loss 0.7970, time 306.49ms, mfu 1.85%
iter 28766: loss 0.7605, time 330.26ms, mfu 1.88%
iter 28767: loss 0.7293, time 428.65ms, mfu 1.86%
iter 28768: loss 0.7536, time 439.95ms, mfu 1.83%
iter 28769: loss 0.7916, time 433.34ms, mfu 1.81%
iter 28770: loss 0.7044, time 371.96ms, mfu 1.82%
iter 28771: loss 0.7442, time 328.57ms, mfu 1.85%
iter 28772: loss 0.6220, time 556.76ms, mfu 1.80%
iter 28773: loss 0.6856, time 341.28ms, mfu 1.82%
iter 28774: loss 0.7444, time 347.62ms, mfu 1.85%
iter 28775: loss 0.6885, time 450.37ms, mfu 1.82%
iter 28776: loss 0.7629, time 483.44ms, mfu 1.78%
iter 28777: loss 0.7653, time 379.46ms, mfu 1.79%
iter 28778: loss 0.8027, time 302.31ms, mfu 1.85%
iter 28779: loss 0.7400, time 436.66ms, mfu 1.82%
iter 28780: loss 0.6620, time 312.40ms, mfu 1.87%
iter 28781: loss 0.7146, time 398.12ms, mfu 1.86%
iter 28782: loss 0.7591, time 575.29ms, mfu 1.80%
iter 28783: loss 0.8299, time 357.81ms, mfu 1.82%
iter 28784: loss 0.7056, time 227.14ms, mfu 1.95%
iter 28785: loss 0.7436, time 399.28ms, mfu 1.93%
iter 28786: loss 0.6897, time 287.55ms, mfu 1.98%
iter 28787: loss 0.8358, time 430.54ms, mfu 1.95%
iter 28788: loss 0.7249, time 381.08ms, mfu 1.94%
iter 28789: loss 0.6752, time 330.98ms, mfu 1.96%
iter 28790: loss 0.7246, time 518.31ms, mfu 1.90%
iter 28791: loss 0.7261, time 323.89ms, mfu 1.93%
iter 28792: loss 0.7466, time 295.04ms, mfu 1.98%
iter 28793: loss 0.6901, time 303.39ms, mfu 2.01%
iter 28794: loss 0.7430, time 359.39ms, mfu 2.01%
iter 28795: loss 0.7040, time 395.80ms, mfu 1.99%
iter 28796: loss 0.7299, time 294.08ms, mfu 2.03%
iter 28797: loss 0.7557, time 376.25ms, mfu 2.01%
iter 28798: loss 0.6782, time 362.42ms, mfu 2.01%
iter 28799: loss 0.8245, time 331.76ms, mfu 2.02%
iter 28800: loss 0.6896, time 482.25ms, mfu 1.97%
  === DIAG iter 28800 ===
  loss: 0.6896
  grads: total 1.0000, transformer 0.1546, adapter 0.9880
  <NUM> input tokens: 478/3072 (15.6%)
  lr: base 1.12e-04, adapter 5.59e-05
  SME accuracy: overall 0.463, sign 0.983, exp 0.904, digit 0.275, end 0.877 [d0 0.787 d1 0.342 d2 0.257 d3 0.186 d4 0.164 d5 0.121 d6 0.161 d7 0.161 d8 0.118 d9 0.241 d10 0.308 d11 0.292 d12 0.273 d13 0.100 d14 0.111] (1184 SME tokens)
iter 28801: loss 0.7658, time 180.50ms, mfu 2.16%
iter 28802: loss 0.7491, time 465.80ms, mfu 2.10%
iter 28803: loss 0.7432, time 218.49ms, mfu 2.21%
iter 28804: loss 0.7520, time 323.66ms, mfu 2.21%
iter 28805: loss 0.7772, time 458.62ms, mfu 2.14%
iter 28806: loss 0.7806, time 308.71ms, mfu 2.16%
iter 28807: loss 0.7177, time 439.86ms, mfu 2.10%
iter 28808: loss 0.7509, time 399.45ms, mfu 2.07%
iter 28809: loss 0.7724, time 272.98ms, mfu 2.12%
iter 28810: loss 0.7204, time 489.19ms, mfu 2.06%
iter 28811: loss 0.6630, time 267.96ms, mfu 2.12%
iter 28812: loss 0.6484, time 348.36ms, mfu 2.11%
iter 28813: loss 0.6839, time 348.38ms, mfu 2.10%
iter 28814: loss 0.8293, time 432.11ms, mfu 2.05%
iter 28815: loss 0.6774, time 533.47ms, mfu 1.98%
iter 28816: loss 0.6961, time 367.67ms, mfu 1.98%
iter 28817: loss 0.7510, time 561.85ms, mfu 1.90%
iter 28818: loss 0.7044, time 245.93ms, mfu 2.00%
iter 28819: loss 0.7618, time 478.42ms, mfu 1.95%
iter 28820: loss 0.7203, time 409.26ms, mfu 1.93%
iter 28821: loss 0.7162, time 356.97ms, mfu 1.93%
iter 28822: loss 0.8505, time 469.83ms, mfu 1.89%
iter 28823: loss 0.7237, time 267.77ms, mfu 1.97%
iter 28824: loss 0.6974, time 326.54ms, mfu 1.99%
iter 28825: loss 0.7452, time 451.93ms, mfu 1.95%
iter 28826: loss 0.6586, time 243.21ms, mfu 2.04%
iter 28827: loss 0.8367, time 482.09ms, mfu 1.99%
iter 28828: loss 0.7066, time 396.73ms, mfu 1.97%
iter 28829: loss 0.7279, time 382.30ms, mfu 1.95%
iter 28830: loss 0.7604, time 405.53ms, mfu 1.93%
iter 28831: loss 0.7360, time 441.66ms, mfu 1.90%
iter 28832: loss 0.7382, time 447.72ms, mfu 1.87%
iter 28833: loss 0.7150, time 425.51ms, mfu 1.85%
iter 28834: loss 0.6639, time 380.73ms, mfu 1.85%
iter 28835: loss 0.7247, time 580.51ms, mfu 1.79%
iter 28836: loss 0.7329, time 347.53ms, mfu 1.81%
iter 28837: loss 0.8014, time 633.49ms, mfu 1.74%
iter 28838: loss 0.6929, time 457.55ms, mfu 1.72%
iter 28839: loss 0.6917, time 373.14ms, mfu 1.74%
iter 28840: loss 0.6546, time 295.87ms, mfu 1.81%
iter 28841: loss 0.7628, time 412.04ms, mfu 1.80%
iter 28842: loss 0.7499, time 298.05ms, mfu 1.86%
iter 28843: loss 0.7774, time 507.34ms, mfu 1.81%
iter 28844: loss 0.7585, time 368.32ms, mfu 1.82%
iter 28845: loss 0.7210, time 288.10ms, mfu 1.89%
iter 28846: loss 0.6942, time 446.53ms, mfu 1.86%
iter 28847: loss 0.7449, time 392.32ms, mfu 1.85%
iter 28848: loss 0.6982, time 382.56ms, mfu 1.85%
iter 28849: loss 0.6407, time 371.29ms, mfu 1.86%
iter 28850: loss 0.6665, time 499.67ms, mfu 1.81%
iter 28851: loss 0.6896, time 349.87ms, mfu 1.83%
iter 28852: loss 0.6458, time 271.73ms, mfu 1.91%
iter 28853: loss 0.7108, time 473.88ms, mfu 1.87%
iter 28854: loss 0.7110, time 412.39ms, mfu 1.85%
iter 28855: loss 0.7541, time 475.76ms, mfu 1.82%
iter 28856: loss 0.8012, time 337.58ms, mfu 1.85%
iter 28857: loss 0.6721, time 497.91ms, mfu 1.80%
iter 28858: loss 0.7272, time 415.01ms, mfu 1.79%
iter 28859: loss 0.7143, time 269.49ms, mfu 1.88%
iter 28860: loss 0.6773, time 331.61ms, mfu 1.90%
iter 28861: loss 0.7685, time 374.14ms, mfu 1.90%
iter 28862: loss 0.7545, time 414.30ms, mfu 1.88%
iter 28863: loss 0.7493, time 316.75ms, mfu 1.92%
iter 28864: loss 0.7349, time 343.69ms, mfu 1.93%
iter 28865: loss 0.7878, time 270.28ms, mfu 2.00%
iter 28866: loss 0.6395, time 249.21ms, mfu 2.09%
iter 28867: loss 0.6690, time 433.03ms, mfu 2.04%
iter 28868: loss 0.7573, time 478.97ms, mfu 1.99%
iter 28869: loss 0.7687, time 446.21ms, mfu 1.95%
iter 28870: loss 0.7471, time 298.17ms, mfu 1.99%
iter 28871: loss 0.7292, time 413.90ms, mfu 1.96%
iter 28872: loss 0.6794, time 313.70ms, mfu 1.99%
iter 28873: loss 0.7169, time 297.34ms, mfu 2.03%
iter 28874: loss 0.8619, time 344.82ms, mfu 2.03%
iter 28875: loss 0.8335, time 492.91ms, mfu 1.97%
iter 28876: loss 0.6675, time 403.13ms, mfu 1.95%
iter 28877: loss 0.8024, time 300.17ms, mfu 1.99%
iter 28878: loss 0.7196, time 360.28ms, mfu 1.99%
iter 28879: loss 0.6428, time 361.46ms, mfu 1.99%
iter 28880: loss 0.7069, time 444.17ms, mfu 1.95%
iter 28881: loss 0.6278, time 572.81ms, mfu 1.88%
iter 28882: loss 0.7945, time 425.04ms, mfu 1.86%
iter 28883: loss 0.7070, time 364.08ms, mfu 1.87%
iter 28884: loss 0.6610, time 337.29ms, mfu 1.89%
iter 28885: loss 0.6794, time 409.08ms, mfu 1.87%
iter 28886: loss 0.7175, time 280.03ms, mfu 1.94%
iter 28887: loss 0.7028, time 419.95ms, mfu 1.91%
iter 28888: loss 0.6627, time 341.38ms, mfu 1.93%
iter 28889: loss 0.6571, time 324.27ms, mfu 1.96%
iter 28890: loss 0.7309, time 387.89ms, mfu 1.94%
iter 28891: loss 0.7395, time 448.28ms, mfu 1.91%
iter 28892: loss 0.6814, time 336.03ms, mfu 1.93%
iter 28893: loss 0.7608, time 461.20ms, mfu 1.89%
iter 28894: loss 0.7414, time 333.56ms, mfu 1.91%
iter 28895: loss 0.7245, time 387.29ms, mfu 1.90%
iter 28896: loss 0.7371, time 328.62ms, mfu 1.93%
iter 28897: loss 0.6963, time 488.67ms, mfu 1.88%
iter 28898: loss 0.7306, time 506.28ms, mfu 1.83%
iter 28899: loss 0.7344, time 364.34ms, mfu 1.84%
iter 28900: loss 0.8199, time 575.01ms, mfu 1.78%
  === DIAG iter 28900 ===
  loss: 0.8199
  grads: total 1.0000, transformer 0.1460, adapter 0.9893
  <NUM> input tokens: 483/3072 (15.7%)
  lr: base 1.11e-04, adapter 5.53e-05
  SME accuracy: overall 0.408, sign 0.947, exp 0.868, digit 0.227, end 0.856 [d0 0.739 d1 0.292 d2 0.230 d3 0.116 d4 0.179 d5 0.110 d6 0.071 d7 0.094 d8 0.067 d9 0.231 d10 0.242 d11 0.231 d12 0.217 d13 0.095 d14 0.000] (1267 SME tokens)
iter 28901: loss 0.6820, time 227.10ms, mfu 1.92%
iter 28902: loss 0.6728, time 255.71ms, mfu 2.00%
iter 28903: loss 0.7371, time 379.11ms, mfu 1.99%
iter 28904: loss 0.7704, time 341.25ms, mfu 2.00%
iter 28905: loss 0.7628, time 387.50ms, mfu 1.98%
iter 28906: loss 0.7250, time 312.15ms, mfu 2.01%
iter 28907: loss 0.6517, time 298.99ms, mfu 2.05%
iter 28908: loss 0.7084, time 370.62ms, mfu 2.03%
iter 28909: loss 0.7863, time 283.09ms, mfu 2.08%
iter 28910: loss 0.5974, time 361.71ms, mfu 2.07%
iter 28911: loss 0.7002, time 394.93ms, mfu 2.04%
iter 28912: loss 0.6921, time 260.11ms, mfu 2.11%
iter 28913: loss 0.7080, time 384.94ms, mfu 2.08%
iter 28914: loss 0.7509, time 328.90ms, mfu 2.09%
iter 28915: loss 0.7987, time 426.44ms, mfu 2.05%
iter 28916: loss 0.7078, time 467.65ms, mfu 1.99%
iter 28917: loss 0.7944, time 349.55ms, mfu 2.00%
iter 28918: loss 0.7200, time 432.92ms, mfu 1.96%
iter 28919: loss 0.6726, time 382.68ms, mfu 1.95%
iter 28920: loss 0.7028, time 550.73ms, mfu 1.88%
iter 28921: loss 0.6575, time 464.82ms, mfu 1.85%
iter 28922: loss 0.8502, time 323.23ms, mfu 1.88%
iter 28923: loss 0.8453, time 607.16ms, mfu 1.81%
iter 28924: loss 0.7221, time 310.56ms, mfu 1.86%
iter 28925: loss 0.8049, time 489.04ms, mfu 1.82%
iter 28926: loss 0.7331, time 458.23ms, mfu 1.79%
iter 28927: loss 0.7304, time 241.28ms, mfu 1.90%
iter 28928: loss 0.8008, time 406.95ms, mfu 1.89%
iter 28929: loss 0.7408, time 284.18ms, mfu 1.95%
iter 28930: loss 0.8214, time 435.48ms, mfu 1.92%
iter 28931: loss 0.7510, time 400.54ms, mfu 1.90%
iter 28932: loss 0.6863, time 440.24ms, mfu 1.87%
iter 28933: loss 0.7207, time 488.41ms, mfu 1.83%
iter 28934: loss 0.7456, time 460.13ms, mfu 1.80%
iter 28935: loss 0.6600, time 402.83ms, mfu 1.80%
iter 28936: loss 0.6798, time 228.94ms, mfu 1.93%
iter 28937: loss 0.7100, time 390.20ms, mfu 1.92%
iter 28938: loss 0.6849, time 362.93ms, mfu 1.92%
iter 28939: loss 0.7405, time 525.06ms, mfu 1.86%
iter 28940: loss 0.8858, time 334.56ms, mfu 1.89%
iter 28941: loss 0.6647, time 496.61ms, mfu 1.84%
iter 28942: loss 0.7449, time 294.89ms, mfu 1.90%
iter 28943: loss 0.6487, time 364.45ms, mfu 1.90%
iter 28944: loss 0.7804, time 284.20ms, mfu 1.96%
iter 28945: loss 0.7814, time 420.83ms, mfu 1.93%
iter 28946: loss 0.8095, time 545.57ms, mfu 1.87%
iter 28947: loss 0.7459, time 517.04ms, mfu 1.82%
iter 28948: loss 0.7021, time 274.47ms, mfu 1.90%
iter 28949: loss 0.7297, time 357.23ms, mfu 1.91%
iter 28950: loss 0.6753, time 401.02ms, mfu 1.89%
iter 28951: loss 0.7368, time 464.62ms, mfu 1.86%
iter 28952: loss 0.8243, time 324.48ms, mfu 1.89%
iter 28953: loss 0.7534, time 281.76ms, mfu 1.95%
iter 28954: loss 0.7507, time 317.84ms, mfu 1.98%
iter 28955: loss 0.7164, time 369.92ms, mfu 1.97%
iter 28956: loss 0.6417, time 292.72ms, mfu 2.02%
iter 28957: loss 0.6696, time 324.90ms, mfu 2.03%
iter 28958: loss 0.7418, time 247.68ms, mfu 2.12%
iter 28959: loss 0.7782, time 367.18ms, mfu 2.10%
iter 28960: loss 0.7259, time 486.08ms, mfu 2.03%
iter 28961: loss 0.7247, time 477.68ms, mfu 1.98%
iter 28962: loss 0.6592, time 322.91ms, mfu 2.00%
iter 28963: loss 0.7287, time 215.26ms, mfu 2.13%
iter 28964: loss 0.6395, time 489.92ms, mfu 2.06%
iter 28965: loss 0.7463, time 417.16ms, mfu 2.03%
iter 28966: loss 0.7488, time 315.86ms, mfu 2.05%
iter 28967: loss 0.7604, time 389.48ms, mfu 2.02%
iter 28968: loss 0.7551, time 388.22ms, mfu 2.00%
iter 28969: loss 0.6908, time 407.32ms, mfu 1.98%
iter 28970: loss 0.7761, time 331.22ms, mfu 1.99%
iter 28971: loss 0.6327, time 478.52ms, mfu 1.94%
iter 28972: loss 0.6089, time 240.49ms, mfu 2.04%
iter 28973: loss 0.6392, time 309.72ms, mfu 2.07%
iter 28974: loss 0.6737, time 382.69ms, mfu 2.05%
iter 28975: loss 0.7210, time 370.50ms, mfu 2.03%
iter 28976: loss 0.8306, time 299.51ms, mfu 2.07%
iter 28977: loss 0.7997, time 280.09ms, mfu 2.11%
iter 28978: loss 0.7448, time 375.48ms, mfu 2.09%
iter 28979: loss 0.7168, time 342.31ms, mfu 2.09%
iter 28980: loss 0.6820, time 369.61ms, mfu 2.07%
iter 28981: loss 0.7182, time 481.68ms, mfu 2.01%
iter 28982: loss 0.7480, time 511.80ms, mfu 1.95%
iter 28983: loss 0.6876, time 399.26ms, mfu 1.93%
iter 28984: loss 0.6955, time 466.15ms, mfu 1.89%
iter 28985: loss 0.7667, time 327.73ms, mfu 1.92%
iter 28986: loss 0.7432, time 389.83ms, mfu 1.91%
iter 28987: loss 0.6507, time 534.53ms, mfu 1.85%
iter 28988: loss 0.7744, time 313.60ms, mfu 1.89%
iter 28989: loss 0.7114, time 242.59ms, mfu 1.99%
iter 28990: loss 0.7506, time 354.70ms, mfu 1.99%
iter 28991: loss 0.7816, time 306.08ms, mfu 2.03%
iter 28992: loss 0.6232, time 474.73ms, mfu 1.97%
iter 28993: loss 0.7451, time 257.34ms, mfu 2.05%
iter 28994: loss 0.6501, time 359.02ms, mfu 2.04%
iter 28995: loss 0.7857, time 394.17ms, mfu 2.02%
iter 28996: loss 0.6816, time 337.74ms, mfu 2.03%
iter 28997: loss 0.6833, time 519.36ms, mfu 1.96%
iter 28998: loss 0.7727, time 219.72ms, mfu 2.09%
iter 28999: loss 0.6684, time 449.12ms, mfu 2.04%
iter 29000: loss 0.7663, time 600.39ms, mfu 1.95%
  === DIAG iter 29000 ===
  loss: 0.7663
  grads: total 1.0000, transformer 0.1812, adapter 0.9834
  <NUM> input tokens: 474/3072 (15.4%)
  lr: base 1.09e-04, adapter 5.47e-05
  SME accuracy: overall 0.423, sign 0.945, exp 0.945, digit 0.238, end 0.847 [d0 0.813 d1 0.410 d2 0.203 d3 0.013 d4 0.096 d5 0.197 d6 0.143 d7 0.161 d8 0.111 d9 0.119 d10 0.147 d11 0.138 d12 0.120 d13 0.174 d14 0.000] (1209 SME tokens)
  --- Sample eval (val) ---
  OUNT: <9.82582e+08> <-8.82543e-06> <5.09642e+08> <0> <2.69392e+08> <477980> <3.39e+08> <3985.42> <-9814> →
    target: 9
    pred:   9
    error:  0.00

  SORT: <-6443.97> <8.34153e+07> <5e+08> <2514> <-8.79401e+08> <91.4491> <0> →
    target: -8.794e+08 -6444 0 91.45 2514 8.342e+07 5e+08
    pred:   -7.044e+08 -6940 0 91.63 2511 8.111e+07 5e+08
    error:  174959795.71 496.03 0.00 0.18 3.00 2300853.60 0.00

  SUB: <-650000> - <7.22186e+08> →
    target: -7.228e+08
    pred:   -7.914e+08
    error:  68608028.00

   →
    target: 9.894e+08
    pred:   9.919e+08
    error:  2520299.00

  <8.27509e+08> <6.88e+06> <-8.4393e+08> <9.79865> <0> <5.85344e+06> <0> <9.46874e+08> <9.50564e+08> <6.27876e+07> →
    target: -8.439e+08 0 0 9.799 5.853e+06 6.88e+06 6.279e+07 8.275e+08 9.469e+08 9.506e+08
    pred:   INVALID(unparseable) 0 0 9.893 5.983e+06 6.1e+06 6.132e+07 8.173e+08 9.561e+08 9.571e+08
    error:  N/A 0.00 0.00 0.09 129857.50 780000.00 1464185.00 10174257.00 9239249.00 6569446.00

iter 29001: loss 0.6509, time 277.30ms, mfu 2.01%
iter 29002: loss 0.7144, time 565.87ms, mfu 1.94%
iter 29003: loss 0.7413, time 310.08ms, mfu 1.97%
iter 29004: loss 0.7345, time 421.74ms, mfu 1.94%
iter 29005: loss 0.7003, time 312.15ms, mfu 1.97%
iter 29006: loss 0.6334, time 447.59ms, mfu 1.94%
iter 29007: loss 0.6807, time 411.95ms, mfu 1.91%
iter 29008: loss 0.6994, time 433.26ms, mfu 1.89%
iter 29009: loss 0.8405, time 421.98ms, mfu 1.87%
iter 29010: loss 0.7570, time 413.58ms, mfu 1.85%
iter 29011: loss 0.6894, time 250.85ms, mfu 1.95%
iter 29012: loss 0.7781, time 573.75ms, mfu 1.88%
iter 29013: loss 0.7582, time 308.41ms, mfu 1.92%
iter 29014: loss 0.7369, time 242.17ms, mfu 2.02%
iter 29015: loss 0.6709, time 369.28ms, mfu 2.01%
iter 29016: loss 0.7041, time 459.73ms, mfu 1.96%
iter 29017: loss 0.6710, time 223.11ms, mfu 2.08%
iter 29018: loss 0.7928, time 458.07ms, mfu 2.03%
iter 29019: loss 0.6704, time 432.30ms, mfu 1.99%
iter 29020: loss 0.6911, time 323.18ms, mfu 2.01%
iter 29021: loss 0.7716, time 327.07ms, mfu 2.03%
iter 29022: loss 0.7949, time 485.79ms, mfu 1.97%
iter 29023: loss 0.7474, time 374.30ms, mfu 1.96%
iter 29024: loss 0.6881, time 308.13ms, mfu 2.00%
iter 29025: loss 0.7977, time 442.73ms, mfu 1.96%
iter 29026: loss 0.7087, time 549.66ms, mfu 1.89%
iter 29027: loss 0.7288, time 511.95ms, mfu 1.84%
iter 29028: loss 0.7383, time 516.39ms, mfu 1.79%
iter 29029: loss 0.7624, time 383.83ms, mfu 1.80%
iter 29030: loss 0.6584, time 434.69ms, mfu 1.78%
iter 29031: loss 0.7719, time 278.88ms, mfu 1.86%
iter 29032: loss 0.7871, time 460.18ms, mfu 1.83%
iter 29033: loss 0.7274, time 370.88ms, mfu 1.83%
iter 29034: loss 0.6653, time 327.28ms, mfu 1.87%
iter 29035: loss 0.7367, time 502.40ms, mfu 1.82%
iter 29036: loss 0.6944, time 333.09ms, mfu 1.85%
iter 29037: loss 0.7830, time 419.46ms, mfu 1.84%
iter 29038: loss 0.8097, time 434.18ms, mfu 1.82%
iter 29039: loss 0.7314, time 234.28ms, mfu 1.94%
iter 29040: loss 0.6126, time 381.51ms, mfu 1.93%
iter 29041: loss 0.7040, time 342.62ms, mfu 1.94%
iter 29042: loss 0.7604, time 393.44ms, mfu 1.93%
iter 29043: loss 0.6557, time 276.08ms, mfu 1.99%
iter 29044: loss 0.7637, time 484.48ms, mfu 1.94%
iter 29045: loss 0.8324, time 289.81ms, mfu 1.99%
iter 29046: loss 0.7030, time 353.61ms, mfu 1.99%
iter 29047: loss 0.6918, time 446.73ms, mfu 1.95%
iter 29048: loss 0.7015, time 286.35ms, mfu 2.00%
iter 29049: loss 0.6700, time 494.46ms, mfu 1.95%
iter 29050: loss 0.7630, time 318.23ms, mfu 1.97%
iter 29051: loss 0.6651, time 422.84ms, mfu 1.94%
iter 29052: loss 0.7732, time 521.10ms, mfu 1.89%
iter 29053: loss 0.7372, time 425.33ms, mfu 1.86%
iter 29054: loss 0.7296, time 300.21ms, mfu 1.91%
iter 29055: loss 0.7799, time 442.69ms, mfu 1.88%
iter 29056: loss 0.7076, time 358.49ms, mfu 1.89%
iter 29057: loss 0.7938, time 518.68ms, mfu 1.84%
iter 29058: loss 0.6945, time 272.31ms, mfu 1.92%
iter 29059: loss 0.7009, time 404.92ms, mfu 1.90%
iter 29060: loss 0.8045, time 394.98ms, mfu 1.89%
iter 29061: loss 0.6736, time 544.24ms, mfu 1.83%
iter 29062: loss 0.7525, time 373.55ms, mfu 1.84%
iter 29063: loss 0.6971, time 251.26ms, mfu 1.94%
iter 29064: loss 0.6888, time 310.73ms, mfu 1.97%
iter 29065: loss 0.7729, time 375.81ms, mfu 1.96%
iter 29066: loss 0.8069, time 504.01ms, mfu 1.91%
iter 29067: loss 0.7031, time 262.55ms, mfu 1.99%
iter 29068: loss 0.7365, time 318.58ms, mfu 2.01%
iter 29069: loss 0.6813, time 382.36ms, mfu 1.99%
iter 29070: loss 0.7142, time 257.31ms, mfu 2.07%
iter 29071: loss 0.7490, time 430.30ms, mfu 2.03%
iter 29072: loss 0.7133, time 301.92ms, mfu 2.06%
iter 29073: loss 0.8756, time 250.82ms, mfu 2.14%
iter 29074: loss 0.7387, time 558.12ms, mfu 2.05%
iter 29075: loss 0.6933, time 339.39ms, mfu 2.05%
iter 29076: loss 0.7520, time 351.55ms, mfu 2.05%
iter 29077: loss 0.8013, time 364.26ms, mfu 2.04%
iter 29078: loss 0.7472, time 410.46ms, mfu 2.01%
iter 29079: loss 0.7434, time 296.60ms, mfu 2.05%
iter 29080: loss 0.7703, time 467.40ms, mfu 1.99%
iter 29081: loss 0.6514, time 526.95ms, mfu 1.93%
iter 29082: loss 0.7361, time 436.46ms, mfu 1.90%
iter 29083: loss 0.8548, time 434.38ms, mfu 1.87%
iter 29084: loss 0.7388, time 406.69ms, mfu 1.86%
iter 29085: loss 0.7072, time 326.97ms, mfu 1.89%
iter 29086: loss 0.7559, time 257.22ms, mfu 1.98%
iter 29087: loss 0.7659, time 451.08ms, mfu 1.94%
iter 29088: loss 0.6726, time 345.80ms, mfu 1.95%
iter 29089: loss 0.6526, time 407.62ms, mfu 1.93%
iter 29090: loss 0.6933, time 369.04ms, mfu 1.93%
iter 29091: loss 0.7254, time 309.49ms, mfu 1.96%
iter 29092: loss 0.8073, time 371.83ms, mfu 1.96%
iter 29093: loss 0.6471, time 394.23ms, mfu 1.94%
iter 29094: loss 0.7677, time 271.61ms, mfu 2.01%
iter 29095: loss 0.7393, time 300.88ms, mfu 2.04%
iter 29096: loss 0.7068, time 351.51ms, mfu 2.04%
iter 29097: loss 0.6884, time 457.69ms, mfu 1.99%
iter 29098: loss 0.6873, time 348.36ms, mfu 1.99%
iter 29099: loss 0.6762, time 326.78ms, mfu 2.01%
iter 29100: loss 0.7321, time 423.57ms, mfu 1.98%
  === DIAG iter 29100 ===
  loss: 0.7321
  grads: total 1.0000, transformer 0.1516, adapter 0.9884
  <NUM> input tokens: 475/3072 (15.5%)
  lr: base 1.08e-04, adapter 5.41e-05
  SME accuracy: overall 0.439, sign 0.972, exp 0.934, digit 0.254, end 0.893 [d0 0.850 d1 0.333 d2 0.222 d3 0.186 d4 0.119 d5 0.169 d6 0.115 d7 0.164 d8 0.118 d9 0.167 d10 0.091 d11 0.129 d12 0.138 d13 0.143 d14 0.176] (1156 SME tokens)
iter 29101: loss 0.7356, time 204.55ms, mfu 2.13%
iter 29102: loss 0.6431, time 550.42ms, mfu 2.04%
iter 29103: loss 0.7081, time 286.17ms, mfu 2.09%
iter 29104: loss 0.7391, time 345.30ms, mfu 2.08%
iter 29105: loss 0.6474, time 385.20ms, mfu 2.06%
iter 29106: loss 0.6827, time 440.06ms, mfu 2.01%
iter 29107: loss 0.6835, time 360.63ms, mfu 2.01%
iter 29108: loss 0.6149, time 311.93ms, mfu 2.04%
iter 29109: loss 0.6934, time 339.11ms, mfu 2.04%
iter 29110: loss 0.7597, time 429.59ms, mfu 2.00%
iter 29111: loss 0.7803, time 382.91ms, mfu 1.99%
iter 29112: loss 0.6909, time 313.93ms, mfu 2.01%
iter 29113: loss 0.8167, time 242.93ms, mfu 2.10%
iter 29114: loss 0.6733, time 331.69ms, mfu 2.11%
iter 29115: loss 0.8991, time 499.85ms, mfu 2.04%
iter 29116: loss 0.7397, time 376.76ms, mfu 2.02%
iter 29117: loss 0.7076, time 380.04ms, mfu 2.01%
iter 29118: loss 0.7759, time 448.67ms, mfu 1.96%
iter 29119: loss 0.7532, time 286.64ms, mfu 2.01%
iter 29120: loss 0.7583, time 462.84ms, mfu 1.97%
iter 29121: loss 0.6756, time 341.26ms, mfu 1.98%
iter 29122: loss 0.6865, time 402.24ms, mfu 1.96%
iter 29123: loss 0.6338, time 323.37ms, mfu 1.98%
iter 29124: loss 0.7144, time 297.97ms, mfu 2.02%
iter 29125: loss 0.7830, time 337.91ms, mfu 2.03%
iter 29126: loss 0.7508, time 331.03ms, mfu 2.04%
iter 29127: loss 0.6974, time 402.25ms, mfu 2.01%
iter 29128: loss 0.7305, time 418.57ms, mfu 1.98%
iter 29129: loss 0.7490, time 279.88ms, mfu 2.03%
iter 29130: loss 0.6985, time 279.36ms, mfu 2.08%
iter 29131: loss 0.6551, time 455.00ms, mfu 2.03%
iter 29132: loss 0.7947, time 316.47ms, mfu 2.05%
iter 29133: loss 0.7435, time 465.16ms, mfu 2.00%
iter 29134: loss 0.7279, time 412.02ms, mfu 1.97%
iter 29135: loss 0.7743, time 320.31ms, mfu 2.00%
iter 29136: loss 0.7742, time 348.86ms, mfu 2.00%
iter 29137: loss 0.7526, time 309.26ms, mfu 2.03%
iter 29138: loss 0.7092, time 389.10ms, mfu 2.01%
iter 29139: loss 0.7409, time 265.36ms, mfu 2.07%
iter 29140: loss 0.7063, time 425.33ms, mfu 2.03%
iter 29141: loss 0.7565, time 391.96ms, mfu 2.01%
iter 29142: loss 0.6550, time 291.42ms, mfu 2.05%
iter 29143: loss 0.6911, time 525.72ms, mfu 1.98%
iter 29144: loss 0.7928, time 403.15ms, mfu 1.96%
iter 29145: loss 0.7071, time 457.26ms, mfu 1.92%
iter 29146: loss 0.7187, time 395.70ms, mfu 1.91%
iter 29147: loss 0.7086, time 391.82ms, mfu 1.90%
iter 29148: loss 0.6417, time 238.21ms, mfu 2.00%
iter 29149: loss 0.7225, time 295.74ms, mfu 2.04%
iter 29150: loss 0.7128, time 388.97ms, mfu 2.02%
iter 29151: loss 0.7482, time 481.70ms, mfu 1.97%
iter 29152: loss 0.6895, time 289.15ms, mfu 2.01%
iter 29153: loss 0.7222, time 266.98ms, mfu 2.08%
iter 29154: loss 0.7318, time 366.76ms, mfu 2.06%
iter 29155: loss 0.6280, time 466.47ms, mfu 2.01%
iter 29156: loss 0.8100, time 559.94ms, mfu 1.94%
iter 29157: loss 0.7397, time 372.54ms, mfu 1.93%
iter 29158: loss 0.7098, time 342.74ms, mfu 1.95%
iter 29159: loss 0.6850, time 522.10ms, mfu 1.89%
iter 29160: loss 0.7503, time 388.11ms, mfu 1.88%
iter 29161: loss 0.6510, time 272.64ms, mfu 1.95%
iter 29162: loss 0.7741, time 457.03ms, mfu 1.91%
iter 29163: loss 0.7453, time 415.38ms, mfu 1.89%
iter 29164: loss 0.7164, time 319.92ms, mfu 1.92%
iter 29165: loss 0.7181, time 214.14ms, mfu 2.06%
iter 29166: loss 0.7618, time 354.72ms, mfu 2.06%
iter 29167: loss 0.7052, time 375.42ms, mfu 2.04%
iter 29168: loss 0.7437, time 459.40ms, mfu 1.99%
iter 29169: loss 0.7124, time 253.54ms, mfu 2.07%
iter 29170: loss 0.6738, time 413.04ms, mfu 2.03%
iter 29171: loss 0.8367, time 349.82ms, mfu 2.03%
iter 29172: loss 0.7848, time 281.94ms, mfu 2.08%
iter 29173: loss 0.7196, time 401.91ms, mfu 2.05%
iter 29174: loss 0.7261, time 511.50ms, mfu 1.98%
iter 29175: loss 0.6930, time 264.22ms, mfu 2.05%
iter 29176: loss 0.7514, time 382.42ms, mfu 2.03%
iter 29177: loss 0.6324, time 390.32ms, mfu 2.01%
iter 29178: loss 0.8125, time 310.02ms, mfu 2.04%
iter 29179: loss 0.7086, time 250.16ms, mfu 2.12%
iter 29180: loss 0.7431, time 445.74ms, mfu 2.07%
iter 29181: loss 0.5976, time 373.95ms, mfu 2.05%
iter 29182: loss 0.7068, time 249.56ms, mfu 2.13%
iter 29183: loss 0.6417, time 367.63ms, mfu 2.11%
iter 29184: loss 0.7137, time 304.05ms, mfu 2.13%
iter 29185: loss 0.6498, time 322.16ms, mfu 2.14%
iter 29186: loss 0.6911, time 391.41ms, mfu 2.10%
iter 29187: loss 0.7010, time 380.89ms, mfu 2.08%
iter 29188: loss 0.7246, time 406.27ms, mfu 2.05%
iter 29189: loss 0.6638, time 245.72ms, mfu 2.13%
iter 29190: loss 0.6631, time 317.24ms, mfu 2.14%
iter 29191: loss 0.7031, time 421.11ms, mfu 2.09%
iter 29192: loss 0.7576, time 432.43ms, mfu 2.05%
iter 29193: loss 0.6585, time 398.58ms, mfu 2.02%
iter 29194: loss 0.7518, time 360.29ms, mfu 2.02%
iter 29195: loss 0.7863, time 359.96ms, mfu 2.01%
iter 29196: loss 0.6321, time 351.73ms, mfu 2.01%
iter 29197: loss 0.6684, time 530.28ms, mfu 1.94%
iter 29198: loss 0.7224, time 242.09ms, mfu 2.04%
iter 29199: loss 0.6799, time 400.98ms, mfu 2.02%
iter 29200: loss 0.6743, time 582.70ms, mfu 1.94%
  === DIAG iter 29200 ===
  loss: 0.6743
  grads: total 1.0000, transformer 0.2379, adapter 0.9713
  <NUM> input tokens: 449/3072 (14.6%)
  lr: base 1.07e-04, adapter 5.36e-05
  SME accuracy: overall 0.483, sign 0.965, exp 0.939, digit 0.299, end 0.830 [d0 0.880 d1 0.397 d2 0.200 d3 0.236 d4 0.164 d5 0.154 d6 0.190 d7 0.113 d8 0.149 d9 0.188 d10 0.185 d11 0.182 d12 0.211 d13 0.118 d14 0.200] (1130 SME tokens)
iter 29201: loss 0.7258, time 177.34ms, mfu 2.14%
iter 29202: loss 0.7488, time 382.42ms, mfu 2.11%
iter 29203: loss 0.7215, time 431.57ms, mfu 2.07%
iter 29204: loss 0.7481, time 511.46ms, mfu 2.00%
iter 29205: loss 0.7566, time 250.96ms, mfu 2.08%
iter 29206: loss 0.8036, time 402.94ms, mfu 2.05%
iter 29207: loss 0.7585, time 437.86ms, mfu 2.01%
iter 29208: loss 0.6835, time 299.83ms, mfu 2.04%
iter 29209: loss 0.7917, time 331.27ms, mfu 2.05%
iter 29210: loss 0.7237, time 499.12ms, mfu 1.99%
iter 29211: loss 0.7163, time 290.13ms, mfu 2.03%
iter 29212: loss 0.7318, time 351.94ms, mfu 2.03%
iter 29213: loss 0.6580, time 364.62ms, mfu 2.02%
iter 29214: loss 0.6920, time 394.59ms, mfu 2.00%
iter 29215: loss 0.7972, time 555.98ms, mfu 1.93%
iter 29216: loss 0.7085, time 222.45ms, mfu 2.05%
iter 29217: loss 0.6998, time 449.65ms, mfu 2.01%
iter 29218: loss 0.7843, time 366.04ms, mfu 2.00%
iter 29219: loss 0.6421, time 344.35ms, mfu 2.00%
iter 29220: loss 0.7038, time 431.99ms, mfu 1.97%
iter 29221: loss 0.6088, time 364.67ms, mfu 1.97%
iter 29222: loss 0.7641, time 501.25ms, mfu 1.91%
iter 29223: loss 0.8012, time 376.65ms, mfu 1.91%
iter 29224: loss 0.6999, time 315.26ms, mfu 1.94%
iter 29225: loss 0.7405, time 329.20ms, mfu 1.96%
iter 29226: loss 0.7498, time 250.54ms, mfu 2.05%
iter 29227: loss 0.6880, time 360.60ms, mfu 2.04%
iter 29228: loss 0.7568, time 399.93ms, mfu 2.01%
iter 29229: loss 0.7529, time 384.97ms, mfu 2.00%
iter 29230: loss 0.7546, time 381.45ms, mfu 1.98%
iter 29231: loss 0.6872, time 373.44ms, mfu 1.97%
iter 29232: loss 0.6472, time 267.52ms, mfu 2.04%
iter 29233: loss 0.6722, time 301.15ms, mfu 2.07%
iter 29234: loss 0.7681, time 296.87ms, mfu 2.10%
iter 29235: loss 0.7460, time 481.60ms, mfu 2.04%
iter 29236: loss 0.7900, time 385.31ms, mfu 2.02%
iter 29237: loss 0.8847, time 355.55ms, mfu 2.02%
iter 29238: loss 0.7159, time 366.96ms, mfu 2.01%
iter 29239: loss 0.6887, time 411.16ms, mfu 1.98%
iter 29240: loss 0.8152, time 469.37ms, mfu 1.93%
iter 29241: loss 0.6779, time 352.55ms, mfu 1.94%
iter 29242: loss 0.7072, time 412.31ms, mfu 1.92%
iter 29243: loss 0.7729, time 388.08ms, mfu 1.91%
iter 29244: loss 0.7675, time 549.23ms, mfu 1.85%
iter 29245: loss 0.7193, time 363.32ms, mfu 1.86%
iter 29246: loss 0.7220, time 453.35ms, mfu 1.83%
iter 29247: loss 0.7814, time 418.16ms, mfu 1.82%
iter 29248: loss 0.7769, time 235.91ms, mfu 1.93%
iter 29249: loss 0.7513, time 429.99ms, mfu 1.91%
iter 29250: loss 0.7188, time 393.70ms, mfu 1.90%
iter 29251: loss 0.7407, time 307.35ms, mfu 1.94%
iter 29252: loss 0.7700, time 326.98ms, mfu 1.96%
iter 29253: loss 0.6756, time 333.78ms, mfu 1.98%
iter 29254: loss 0.5737, time 496.60ms, mfu 1.92%
iter 29255: loss 0.7080, time 373.37ms, mfu 1.92%
iter 29256: loss 0.7330, time 302.21ms, mfu 1.96%
iter 29257: loss 0.7134, time 514.32ms, mfu 1.90%
iter 29258: loss 0.7705, time 255.54ms, mfu 1.99%
iter 29259: loss 0.7181, time 248.53ms, mfu 2.08%
iter 29260: loss 0.7622, time 502.93ms, mfu 2.01%
iter 29261: loss 0.7518, time 309.00ms, mfu 2.04%
iter 29262: loss 0.7113, time 431.44ms, mfu 2.00%
iter 29263: loss 0.8092, time 330.36ms, mfu 2.01%
iter 29264: loss 0.7877, time 407.20ms, mfu 1.99%
iter 29265: loss 0.6873, time 340.58ms, mfu 2.00%
iter 29266: loss 0.6623, time 357.72ms, mfu 1.99%
iter 29267: loss 0.7487, time 341.24ms, mfu 2.00%
iter 29268: loss 0.6780, time 380.80ms, mfu 1.99%
iter 29269: loss 0.7240, time 360.42ms, mfu 1.99%
iter 29270: loss 0.6847, time 507.96ms, mfu 1.93%
iter 29271: loss 0.6677, time 378.87ms, mfu 1.92%
iter 29272: loss 0.7079, time 339.23ms, mfu 1.94%
iter 29273: loss 0.7058, time 441.60ms, mfu 1.90%
iter 29274: loss 0.7886, time 429.06ms, mfu 1.88%
iter 29275: loss 0.7450, time 282.70ms, mfu 1.94%
iter 29276: loss 0.6059, time 265.95ms, mfu 2.01%
iter 29277: loss 0.8111, time 478.02ms, mfu 1.96%
iter 29278: loss 0.6892, time 275.36ms, mfu 2.02%
iter 29279: loss 0.7216, time 311.31ms, mfu 2.05%
iter 29280: loss 0.6188, time 304.40ms, mfu 2.08%
iter 29281: loss 0.7351, time 324.38ms, mfu 2.09%
iter 29282: loss 0.7249, time 260.26ms, mfu 2.15%
iter 29283: loss 0.8143, time 414.92ms, mfu 2.11%
iter 29284: loss 0.7151, time 320.86ms, mfu 2.12%
iter 29285: loss 0.7336, time 528.78ms, mfu 2.04%
iter 29286: loss 0.6976, time 323.18ms, mfu 2.05%
iter 29287: loss 0.7738, time 384.55ms, mfu 2.03%
iter 29288: loss 0.7063, time 422.89ms, mfu 2.00%
iter 29289: loss 0.6896, time 348.85ms, mfu 2.00%
iter 29290: loss 0.7605, time 406.09ms, mfu 1.98%
iter 29291: loss 0.7077, time 277.70ms, mfu 2.03%
iter 29292: loss 0.6478, time 360.71ms, mfu 2.03%
iter 29293: loss 0.7586, time 474.67ms, mfu 1.97%
iter 29294: loss 0.6977, time 401.96ms, mfu 1.95%
iter 29295: loss 0.6504, time 434.40ms, mfu 1.92%
iter 29296: loss 0.6864, time 388.65ms, mfu 1.91%
iter 29297: loss 0.7542, time 500.23ms, mfu 1.86%
iter 29298: loss 0.6545, time 359.37ms, mfu 1.87%
iter 29299: loss 0.7776, time 370.96ms, mfu 1.88%
iter 29300: loss 0.7786, time 594.08ms, mfu 1.81%
  === DIAG iter 29300 ===
  loss: 0.7786
  grads: total 1.0000, transformer 0.1858, adapter 0.9826
  <NUM> input tokens: 450/3072 (14.6%)
  lr: base 1.06e-04, adapter 5.30e-05
  SME accuracy: overall 0.432, sign 0.969, exp 0.889, digit 0.232, end 0.841 [d0 0.783 d1 0.262 d2 0.287 d3 0.130 d4 0.164 d5 0.129 d6 0.109 d7 0.086 d8 0.091 d9 0.086 d10 0.103 d11 0.074 d12 0.136 d13 0.118 d14 0.000] (1266 SME tokens)
iter 29301: loss 0.7419, time 233.21ms, mfu 1.93%
iter 29302: loss 0.6660, time 379.14ms, mfu 1.92%
iter 29303: loss 0.6326, time 380.93ms, mfu 1.92%
iter 29304: loss 0.7260, time 380.52ms, mfu 1.91%
iter 29305: loss 0.6614, time 415.07ms, mfu 1.89%
iter 29306: loss 0.7070, time 246.96ms, mfu 1.99%
iter 29307: loss 0.7012, time 397.16ms, mfu 1.97%
iter 29308: loss 0.6366, time 394.40ms, mfu 1.95%
iter 29309: loss 0.7002, time 440.93ms, mfu 1.92%
iter 29310: loss 0.6881, time 282.15ms, mfu 1.98%
iter 29311: loss 0.7384, time 414.61ms, mfu 1.95%
iter 29312: loss 0.7450, time 418.33ms, mfu 1.92%
iter 29313: loss 0.7186, time 410.40ms, mfu 1.90%
iter 29314: loss 0.7348, time 350.25ms, mfu 1.92%
iter 29315: loss 0.7741, time 428.53ms, mfu 1.89%
iter 29316: loss 0.7892, time 289.91ms, mfu 1.95%
iter 29317: loss 0.7103, time 319.81ms, mfu 1.97%
iter 29318: loss 0.7355, time 414.35ms, mfu 1.95%
iter 29319: loss 0.6932, time 459.81ms, mfu 1.91%
iter 29320: loss 0.7503, time 512.04ms, mfu 1.85%
iter 29321: loss 0.7152, time 394.90ms, mfu 1.85%
iter 29322: loss 0.7750, time 373.33ms, mfu 1.85%
iter 29323: loss 0.7334, time 289.72ms, mfu 1.91%
iter 29324: loss 0.6821, time 377.01ms, mfu 1.91%
iter 29325: loss 0.7022, time 462.54ms, mfu 1.87%
iter 29326: loss 0.7141, time 366.54ms, mfu 1.88%
iter 29327: loss 0.7700, time 213.09ms, mfu 2.02%
iter 29328: loss 0.7368, time 416.36ms, mfu 1.99%
iter 29329: loss 0.7903, time 416.23ms, mfu 1.96%
iter 29330: loss 0.7633, time 305.24ms, mfu 2.00%
iter 29331: loss 0.7152, time 368.47ms, mfu 1.99%
iter 29332: loss 0.7564, time 393.40ms, mfu 1.97%
iter 29333: loss 0.6791, time 317.10ms, mfu 2.00%
iter 29334: loss 0.7007, time 314.36ms, mfu 2.02%
iter 29335: loss 0.7225, time 446.43ms, mfu 1.98%
iter 29336: loss 0.7568, time 229.40ms, mfu 2.09%
iter 29337: loss 0.7283, time 400.50ms, mfu 2.06%
iter 29338: loss 0.6257, time 281.08ms, mfu 2.10%
iter 29339: loss 0.7700, time 258.05ms, mfu 2.17%
iter 29340: loss 0.7275, time 408.83ms, mfu 2.13%
iter 29341: loss 0.7257, time 240.00ms, mfu 2.21%
iter 29342: loss 0.6458, time 540.88ms, mfu 2.12%
iter 29343: loss 0.7310, time 305.83ms, mfu 2.14%
iter 29344: loss 0.7860, time 385.25ms, mfu 2.11%
iter 29345: loss 0.7742, time 325.29ms, mfu 2.12%
iter 29346: loss 0.7699, time 368.74ms, mfu 2.10%
iter 29347: loss 0.8123, time 561.58ms, mfu 2.01%
iter 29348: loss 0.7812, time 248.19ms, mfu 2.10%
iter 29349: loss 0.6186, time 506.78ms, mfu 2.03%
iter 29350: loss 0.7906, time 568.23ms, mfu 1.95%
iter 29351: loss 0.5952, time 452.81ms, mfu 1.91%
iter 29352: loss 0.7379, time 429.57ms, mfu 1.88%
iter 29353: loss 0.7270, time 417.55ms, mfu 1.87%
iter 29354: loss 0.7537, time 484.53ms, mfu 1.83%
iter 29355: loss 0.7415, time 278.99ms, mfu 1.90%
iter 29356: loss 0.6967, time 370.49ms, mfu 1.90%
iter 29357: loss 0.6864, time 309.93ms, mfu 1.94%
iter 29358: loss 0.7402, time 421.99ms, mfu 1.91%
iter 29359: loss 0.7701, time 535.29ms, mfu 1.85%
iter 29360: loss 0.7616, time 213.11ms, mfu 2.00%
iter 29361: loss 0.8099, time 259.94ms, mfu 2.07%
iter 29362: loss 0.7340, time 257.72ms, mfu 2.14%
iter 29363: loss 0.7524, time 421.67ms, mfu 2.09%
iter 29364: loss 0.7765, time 399.81ms, mfu 2.06%
iter 29365: loss 0.7281, time 528.65ms, mfu 1.99%
iter 29366: loss 0.8144, time 368.65ms, mfu 1.98%
iter 29367: loss 0.8079, time 409.48ms, mfu 1.96%
iter 29368: loss 0.8175, time 313.90ms, mfu 1.99%
iter 29369: loss 0.7160, time 359.44ms, mfu 1.99%
iter 29370: loss 0.7278, time 419.54ms, mfu 1.96%
iter 29371: loss 0.6883, time 314.05ms, mfu 1.99%
iter 29372: loss 0.7179, time 532.91ms, mfu 1.92%
iter 29373: loss 0.7047, time 294.91ms, mfu 1.97%
iter 29374: loss 0.6750, time 410.18ms, mfu 1.95%
iter 29375: loss 0.7663, time 384.94ms, mfu 1.93%
iter 29376: loss 0.7069, time 301.57ms, mfu 1.98%
iter 29377: loss 0.7966, time 233.86ms, mfu 2.08%
iter 29378: loss 0.8517, time 392.81ms, mfu 2.05%
iter 29379: loss 0.7533, time 465.20ms, mfu 2.00%
iter 29380: loss 0.7434, time 410.35ms, mfu 1.97%
iter 29381: loss 0.7593, time 511.49ms, mfu 1.91%
iter 29382: loss 0.7612, time 444.96ms, mfu 1.88%
iter 29383: loss 0.7534, time 378.94ms, mfu 1.88%
iter 29384: loss 0.8122, time 255.48ms, mfu 1.97%
iter 29385: loss 0.7354, time 317.18ms, mfu 2.00%
iter 29386: loss 0.8155, time 549.91ms, mfu 1.93%
iter 29387: loss 0.7528, time 295.57ms, mfu 1.97%
iter 29388: loss 0.7117, time 452.97ms, mfu 1.93%
iter 29389: loss 0.7663, time 451.01ms, mfu 1.90%
iter 29390: loss 0.6548, time 395.97ms, mfu 1.89%
iter 29391: loss 0.7611, time 336.17ms, mfu 1.91%
iter 29392: loss 0.7554, time 456.09ms, mfu 1.87%
iter 29393: loss 0.7008, time 357.66ms, mfu 1.88%
iter 29394: loss 0.6911, time 386.19ms, mfu 1.88%
iter 29395: loss 0.7235, time 400.62ms, mfu 1.87%
iter 29396: loss 0.7319, time 409.79ms, mfu 1.85%
iter 29397: loss 0.8083, time 270.76ms, mfu 1.93%
iter 29398: loss 0.7430, time 334.60ms, mfu 1.95%
iter 29399: loss 0.6510, time 413.96ms, mfu 1.93%
iter 29400: loss 0.6705, time 489.57ms, mfu 1.88%
  === DIAG iter 29400 ===
  loss: 0.6705
  grads: total 1.0000, transformer 0.1807, adapter 0.9835
  <NUM> input tokens: 436/3072 (14.2%)
  lr: base 1.05e-04, adapter 5.24e-05
  SME accuracy: overall 0.480, sign 0.972, exp 0.943, digit 0.308, end 0.854 [d0 0.851 d1 0.378 d2 0.268 d3 0.221 d4 0.164 d5 0.156 d6 0.159 d7 0.207 d8 0.143 d9 0.222 d10 0.281 d11 0.345 d12 0.318 d13 0.333 d14 0.067] (1131 SME tokens)
iter 29401: loss 0.6546, time 244.35ms, mfu 1.98%
iter 29402: loss 0.7268, time 212.17ms, mfu 2.12%
iter 29403: loss 0.7470, time 351.65ms, mfu 2.11%
iter 29404: loss 0.6388, time 415.68ms, mfu 2.07%
iter 29405: loss 0.7529, time 359.46ms, mfu 2.06%
iter 29406: loss 0.7291, time 386.26ms, mfu 2.03%
iter 29407: loss 0.7631, time 273.74ms, mfu 2.09%
iter 29408: loss 0.6771, time 440.38ms, mfu 2.04%
iter 29409: loss 0.7147, time 407.51ms, mfu 2.01%
iter 29410: loss 0.7751, time 334.24ms, mfu 2.02%
iter 29411: loss 0.7878, time 395.54ms, mfu 2.00%
iter 29412: loss 0.7458, time 306.13ms, mfu 2.03%
iter 29413: loss 0.7784, time 372.81ms, mfu 2.02%
iter 29414: loss 0.7141, time 472.63ms, mfu 1.97%
iter 29415: loss 0.7651, time 370.90ms, mfu 1.96%
iter 29416: loss 0.7567, time 386.04ms, mfu 1.95%
iter 29417: loss 0.6976, time 368.93ms, mfu 1.95%
iter 29418: loss 0.7462, time 337.91ms, mfu 1.96%
iter 29419: loss 0.7325, time 488.41ms, mfu 1.91%
iter 29420: loss 0.6744, time 420.09ms, mfu 1.89%
iter 29421: loss 0.7024, time 417.96ms, mfu 1.87%
iter 29422: loss 0.7389, time 353.84ms, mfu 1.88%
iter 29423: loss 0.6939, time 405.69ms, mfu 1.87%
iter 29424: loss 0.6896, time 339.21ms, mfu 1.89%
iter 29425: loss 0.7837, time 359.28ms, mfu 1.90%
iter 29426: loss 0.7140, time 403.03ms, mfu 1.88%
iter 29427: loss 0.7500, time 404.88ms, mfu 1.87%
iter 29428: loss 0.7543, time 363.60ms, mfu 1.88%
iter 29429: loss 0.6868, time 365.14ms, mfu 1.89%
iter 29430: loss 0.6743, time 286.26ms, mfu 1.94%
iter 29431: loss 0.6955, time 455.14ms, mfu 1.91%
iter 29432: loss 0.7790, time 411.96ms, mfu 1.89%
iter 29433: loss 0.8146, time 374.86ms, mfu 1.89%
iter 29434: loss 0.7122, time 353.42ms, mfu 1.90%
iter 29435: loss 0.6499, time 440.75ms, mfu 1.87%
iter 29436: loss 0.6905, time 397.62ms, mfu 1.86%
iter 29437: loss 0.7491, time 475.06ms, mfu 1.82%
iter 29438: loss 0.7290, time 321.09ms, mfu 1.86%
iter 29439: loss 0.7379, time 373.98ms, mfu 1.87%
iter 29440: loss 0.8187, time 340.92ms, mfu 1.89%
iter 29441: loss 0.7742, time 582.53ms, mfu 1.82%
iter 29442: loss 0.6706, time 356.31ms, mfu 1.84%
iter 29443: loss 0.6401, time 495.29ms, mfu 1.80%
iter 29444: loss 0.7555, time 428.97ms, mfu 1.78%
iter 29445: loss 0.7536, time 333.65ms, mfu 1.82%
iter 29446: loss 0.7866, time 351.23ms, mfu 1.84%
iter 29447: loss 0.6686, time 441.87ms, mfu 1.81%
iter 29448: loss 0.7529, time 480.47ms, mfu 1.78%
iter 29449: loss 0.7086, time 327.63ms, mfu 1.82%
iter 29450: loss 0.7889, time 336.03ms, mfu 1.85%
iter 29451: loss 0.7565, time 420.88ms, mfu 1.83%
iter 29452: loss 0.7815, time 493.94ms, mfu 1.79%
iter 29453: loss 0.6758, time 337.20ms, mfu 1.82%
iter 29454: loss 0.5958, time 348.83ms, mfu 1.84%
iter 29455: loss 0.7988, time 315.48ms, mfu 1.88%
iter 29456: loss 0.7714, time 408.35ms, mfu 1.87%
iter 29457: loss 0.7945, time 356.24ms, mfu 1.88%
iter 29458: loss 0.7156, time 405.46ms, mfu 1.87%
iter 29459: loss 0.8127, time 474.86ms, mfu 1.83%
iter 29460: loss 0.7224, time 456.68ms, mfu 1.80%
iter 29461: loss 0.7694, time 439.34ms, mfu 1.78%
iter 29462: loss 0.6548, time 314.23ms, mfu 1.83%
iter 29463: loss 0.7205, time 458.58ms, mfu 1.80%
iter 29464: loss 0.7139, time 384.15ms, mfu 1.81%
iter 29465: loss 0.7302, time 372.89ms, mfu 1.82%
iter 29466: loss 0.6713, time 407.79ms, mfu 1.81%
iter 29467: loss 0.7788, time 263.94ms, mfu 1.90%
iter 29468: loss 0.8012, time 443.74ms, mfu 1.87%
iter 29469: loss 0.7181, time 448.66ms, mfu 1.84%
iter 29470: loss 0.7328, time 423.60ms, mfu 1.82%
iter 29471: loss 0.6553, time 370.33ms, mfu 1.83%
iter 29472: loss 0.7242, time 386.82ms, mfu 1.83%
iter 29473: loss 0.7083, time 526.83ms, mfu 1.78%
iter 29474: loss 0.8577, time 357.63ms, mfu 1.80%
iter 29475: loss 0.6756, time 491.61ms, mfu 1.77%
iter 29476: loss 0.6599, time 379.46ms, mfu 1.78%
iter 29477: loss 0.6802, time 397.40ms, mfu 1.78%
iter 29478: loss 0.7057, time 293.65ms, mfu 1.84%
iter 29479: loss 0.7498, time 402.45ms, mfu 1.83%
iter 29480: loss 0.7427, time 264.94ms, mfu 1.92%
iter 29481: loss 0.6777, time 434.32ms, mfu 1.89%
iter 29482: loss 0.7900, time 478.26ms, mfu 1.85%
iter 29483: loss 0.7408, time 250.01ms, mfu 1.95%
iter 29484: loss 0.6718, time 261.40ms, mfu 2.02%
iter 29485: loss 0.6886, time 468.29ms, mfu 1.97%
iter 29486: loss 0.7723, time 299.53ms, mfu 2.01%
iter 29487: loss 0.7664, time 424.38ms, mfu 1.98%
iter 29488: loss 0.6921, time 242.10ms, mfu 2.07%
iter 29489: loss 0.7249, time 265.30ms, mfu 2.13%
iter 29490: loss 0.7505, time 331.60ms, mfu 2.13%
iter 29491: loss 0.7553, time 318.68ms, mfu 2.14%
iter 29492: loss 0.7705, time 391.24ms, mfu 2.11%
iter 29493: loss 0.6846, time 480.86ms, mfu 2.05%
iter 29494: loss 0.6618, time 418.03ms, mfu 2.01%
iter 29495: loss 0.7806, time 393.85ms, mfu 1.99%
iter 29496: loss 0.7504, time 341.77ms, mfu 2.00%
iter 29497: loss 0.7804, time 333.58ms, mfu 2.01%
iter 29498: loss 0.7317, time 405.91ms, mfu 1.98%
iter 29499: loss 0.7145, time 421.52ms, mfu 1.95%
iter 29500: loss 0.7222, time 588.57ms, mfu 1.88%
  === DIAG iter 29500 ===
  loss: 0.7222
  grads: total 1.0000, transformer 0.1593, adapter 0.9872
  <NUM> input tokens: 467/3072 (15.2%)
  lr: base 1.04e-04, adapter 5.18e-05
  SME accuracy: overall 0.469, sign 0.975, exp 0.851, digit 0.298, end 0.769 [d0 0.767 d1 0.375 d2 0.346 d3 0.135 d4 0.229 d5 0.182 d6 0.159 d7 0.103 d8 0.140 d9 0.194 d10 0.200 d11 0.231 d12 0.333 d13 0.222 d14 0.222] (1202 SME tokens)
iter 29501: loss 0.6969, time 191.75ms, mfu 2.06%
iter 29502: loss 0.7568, time 307.92ms, mfu 2.08%
iter 29503: loss 0.7860, time 355.97ms, mfu 2.08%
iter 29504: loss 0.7031, time 295.92ms, mfu 2.11%
iter 29505: loss 0.7750, time 528.97ms, mfu 2.03%
iter 29506: loss 0.6877, time 345.06ms, mfu 2.03%
iter 29507: loss 0.7852, time 475.12ms, mfu 1.98%
iter 29508: loss 0.7354, time 403.40ms, mfu 1.96%
iter 29509: loss 0.7477, time 355.72ms, mfu 1.96%
iter 29510: loss 0.6850, time 364.63ms, mfu 1.96%
iter 29511: loss 0.7074, time 320.33ms, mfu 1.98%
iter 29512: loss 0.6964, time 382.75ms, mfu 1.97%
iter 29513: loss 0.6706, time 326.17ms, mfu 1.99%
iter 29514: loss 0.7025, time 525.97ms, mfu 1.93%
iter 29515: loss 0.7161, time 442.70ms, mfu 1.89%
iter 29516: loss 0.7434, time 201.16ms, mfu 2.06%
iter 29517: loss 0.7296, time 452.90ms, mfu 2.01%
iter 29518: loss 0.7396, time 198.69ms, mfu 2.16%
iter 29519: loss 0.6943, time 448.24ms, mfu 2.11%
iter 29520: loss 0.7023, time 370.16ms, mfu 2.09%
iter 29521: loss 0.6594, time 466.20ms, mfu 2.03%
iter 29522: loss 0.6771, time 319.26ms, mfu 2.05%
iter 29523: loss 0.6236, time 370.90ms, mfu 2.03%
iter 29524: loss 0.7141, time 344.02ms, mfu 2.04%
iter 29525: loss 0.6804, time 360.14ms, mfu 2.03%
iter 29526: loss 0.6945, time 260.27ms, mfu 2.10%
iter 29527: loss 0.7401, time 430.62ms, mfu 2.05%
iter 29528: loss 0.6980, time 378.46ms, mfu 2.04%
iter 29529: loss 0.7061, time 472.39ms, mfu 1.98%
iter 29530: loss 0.7366, time 393.31ms, mfu 1.96%
iter 29531: loss 0.7804, time 417.34ms, mfu 1.94%
iter 29532: loss 0.7603, time 449.83ms, mfu 1.90%
iter 29533: loss 0.7189, time 305.06ms, mfu 1.94%
iter 29534: loss 0.6362, time 472.32ms, mfu 1.90%
iter 29535: loss 0.8216, time 377.70ms, mfu 1.90%
iter 29536: loss 0.7028, time 412.15ms, mfu 1.88%
iter 29537: loss 0.7902, time 321.91ms, mfu 1.91%
iter 29538: loss 0.8008, time 282.18ms, mfu 1.97%
iter 29539: loss 0.6397, time 514.55ms, mfu 1.91%
iter 29540: loss 0.7044, time 289.62ms, mfu 1.97%
iter 29541: loss 0.6508, time 330.89ms, mfu 1.98%
iter 29542: loss 0.6672, time 342.41ms, mfu 1.99%
iter 29543: loss 0.8150, time 414.17ms, mfu 1.96%
iter 29544: loss 0.7401, time 407.41ms, mfu 1.94%
iter 29545: loss 0.6463, time 320.09ms, mfu 1.97%
iter 29546: loss 0.7111, time 449.95ms, mfu 1.93%
iter 29547: loss 0.6899, time 446.80ms, mfu 1.90%
iter 29548: loss 0.6528, time 380.59ms, mfu 1.89%
iter 29549: loss 0.7685, time 489.85ms, mfu 1.85%
iter 29550: loss 0.7743, time 383.02ms, mfu 1.85%
iter 29551: loss 0.7064, time 370.07ms, mfu 1.85%
iter 29552: loss 0.6901, time 407.54ms, mfu 1.84%
iter 29553: loss 0.6270, time 459.53ms, mfu 1.81%
iter 29554: loss 0.7600, time 375.96ms, mfu 1.82%
iter 29555: loss 0.6917, time 454.56ms, mfu 1.79%
iter 29556: loss 0.6203, time 273.77ms, mfu 1.87%
iter 29557: loss 0.7107, time 355.49ms, mfu 1.89%
iter 29558: loss 0.6350, time 391.76ms, mfu 1.88%
iter 29559: loss 0.6538, time 418.62ms, mfu 1.86%
iter 29560: loss 0.7000, time 428.81ms, mfu 1.84%
iter 29561: loss 0.7670, time 271.92ms, mfu 1.92%
iter 29562: loss 0.7446, time 481.20ms, mfu 1.87%
iter 29563: loss 0.7705, time 364.34ms, mfu 1.88%
iter 29564: loss 0.7192, time 428.44ms, mfu 1.86%
iter 29565: loss 0.7554, time 465.07ms, mfu 1.82%
iter 29566: loss 0.6816, time 490.77ms, mfu 1.79%
iter 29567: loss 0.6608, time 287.83ms, mfu 1.85%
iter 29568: loss 0.7937, time 376.14ms, mfu 1.86%
iter 29569: loss 0.7025, time 447.45ms, mfu 1.83%
iter 29570: loss 0.7297, time 384.91ms, mfu 1.83%
iter 29571: loss 0.7222, time 456.23ms, mfu 1.80%
iter 29572: loss 0.7634, time 281.11ms, mfu 1.87%
iter 29573: loss 0.8184, time 304.59ms, mfu 1.92%
iter 29574: loss 0.7043, time 473.01ms, mfu 1.88%
iter 29575: loss 0.7846, time 328.12ms, mfu 1.91%
iter 29576: loss 0.6051, time 239.25ms, mfu 2.01%
iter 29577: loss 0.7352, time 260.76ms, mfu 2.08%
iter 29578: loss 0.8447, time 355.92ms, mfu 2.07%
iter 29579: loss 0.7237, time 412.42ms, mfu 2.04%
iter 29580: loss 0.6665, time 352.38ms, mfu 2.03%
iter 29581: loss 0.7599, time 379.12ms, mfu 2.02%
iter 29582: loss 0.7253, time 399.95ms, mfu 1.99%
iter 29583: loss 0.7119, time 468.43ms, mfu 1.95%
iter 29584: loss 0.7276, time 480.50ms, mfu 1.90%
iter 29585: loss 0.8060, time 278.53ms, mfu 1.96%
iter 29586: loss 0.6916, time 398.92ms, mfu 1.94%
iter 29587: loss 0.7013, time 233.16ms, mfu 2.05%
iter 29588: loss 0.6225, time 390.50ms, mfu 2.03%
iter 29589: loss 0.7359, time 471.29ms, mfu 1.98%
iter 29590: loss 0.7693, time 364.02ms, mfu 1.97%
iter 29591: loss 0.7436, time 395.10ms, mfu 1.96%
iter 29592: loss 0.7442, time 526.97ms, mfu 1.90%
iter 29593: loss 0.8173, time 277.87ms, mfu 1.96%
iter 29594: loss 0.7404, time 368.74ms, mfu 1.96%
iter 29595: loss 0.7030, time 315.30ms, mfu 1.99%
iter 29596: loss 0.7897, time 346.94ms, mfu 1.99%
iter 29597: loss 0.7016, time 369.81ms, mfu 1.98%
iter 29598: loss 0.6681, time 405.60ms, mfu 1.96%
iter 29599: loss 0.6596, time 345.54ms, mfu 1.97%
iter 29600: loss 0.7376, time 603.22ms, mfu 1.89%
  === DIAG iter 29600 ===
  loss: 0.7376
  grads: total 1.0000, transformer 0.1610, adapter 0.9869
  <NUM> input tokens: 462/3072 (15.0%)
  lr: base 1.03e-04, adapter 5.13e-05
  SME accuracy: overall 0.466, sign 0.975, exp 0.943, digit 0.278, end 0.871 [d0 0.872 d1 0.477 d2 0.304 d3 0.128 d4 0.176 d5 0.085 d6 0.129 d7 0.109 d8 0.053 d9 0.190 d10 0.129 d11 0.115 d12 0.208 d13 0.316 d14 0.077] (1276 SME tokens)
iter 29601: loss 0.6934, time 246.11ms, mfu 1.99%
iter 29602: loss 0.6720, time 293.16ms, mfu 2.03%
iter 29603: loss 0.6799, time 521.45ms, mfu 1.96%
iter 29604: loss 0.7778, time 493.96ms, mfu 1.91%
iter 29605: loss 0.6886, time 421.78ms, mfu 1.89%
iter 29606: loss 0.7329, time 439.08ms, mfu 1.86%
iter 29607: loss 0.6893, time 409.27ms, mfu 1.85%
iter 29608: loss 0.8247, time 494.37ms, mfu 1.81%
iter 29609: loss 0.7471, time 310.07ms, mfu 1.85%
iter 29610: loss 0.6937, time 423.33ms, mfu 1.84%
iter 29611: loss 0.8044, time 336.75ms, mfu 1.86%
iter 29612: loss 0.7501, time 409.87ms, mfu 1.85%
iter 29613: loss 0.7129, time 336.37ms, mfu 1.88%
iter 29614: loss 0.6634, time 421.21ms, mfu 1.86%
iter 29615: loss 0.7848, time 365.93ms, mfu 1.86%
iter 29616: loss 0.6926, time 434.02ms, mfu 1.84%
iter 29617: loss 0.7727, time 443.24ms, mfu 1.82%
iter 29618: loss 0.7290, time 428.42ms, mfu 1.80%
iter 29619: loss 0.7270, time 480.77ms, mfu 1.77%
iter 29620: loss 0.7574, time 476.49ms, mfu 1.74%
iter 29621: loss 0.6918, time 323.72ms, mfu 1.78%
iter 29622: loss 0.7247, time 411.38ms, mfu 1.78%
iter 29623: loss 0.7850, time 499.17ms, mfu 1.74%
iter 29624: loss 0.7597, time 421.50ms, mfu 1.74%
iter 29625: loss 0.6829, time 299.46ms, mfu 1.80%
iter 29626: loss 0.7351, time 391.97ms, mfu 1.80%
iter 29627: loss 0.7373, time 454.80ms, mfu 1.78%
iter 29628: loss 0.6865, time 429.06ms, mfu 1.76%
iter 29629: loss 0.6421, time 558.85ms, mfu 1.71%
iter 29630: loss 0.7391, time 272.72ms, mfu 1.80%
iter 29631: loss 0.7564, time 411.39ms, mfu 1.79%
iter 29632: loss 0.7036, time 230.12ms, mfu 1.92%
iter 29633: loss 0.6877, time 462.72ms, mfu 1.88%
iter 29634: loss 0.6646, time 443.08ms, mfu 1.86%
iter 29635: loss 0.6424, time 309.04ms, mfu 1.90%
iter 29636: loss 0.7163, time 377.94ms, mfu 1.90%
iter 29637: loss 0.6402, time 341.37ms, mfu 1.91%
iter 29638: loss 0.6709, time 316.15ms, mfu 1.95%
iter 29639: loss 0.7003, time 360.35ms, mfu 1.95%
iter 29640: loss 0.6943, time 435.73ms, mfu 1.92%
iter 29641: loss 0.7595, time 344.29ms, mfu 1.93%
iter 29642: loss 0.6238, time 530.67ms, mfu 1.87%
iter 29643: loss 0.7296, time 536.91ms, mfu 1.82%
iter 29644: loss 0.7043, time 423.95ms, mfu 1.80%
iter 29645: loss 0.7079, time 307.21ms, mfu 1.85%
iter 29646: loss 0.7336, time 323.76ms, mfu 1.89%
iter 29647: loss 0.7369, time 358.34ms, mfu 1.90%
iter 29648: loss 0.6920, time 254.47ms, mfu 1.98%
iter 29649: loss 0.7182, time 323.84ms, mfu 2.00%
iter 29650: loss 0.7425, time 377.58ms, mfu 1.99%
iter 29651: loss 0.8112, time 292.24ms, mfu 2.04%
iter 29652: loss 0.8120, time 277.83ms, mfu 2.09%
iter 29653: loss 0.7010, time 291.32ms, mfu 2.12%
iter 29654: loss 0.7311, time 385.81ms, mfu 2.09%
iter 29655: loss 0.6981, time 503.12ms, mfu 2.02%
iter 29656: loss 0.7308, time 327.74ms, mfu 2.04%
iter 29657: loss 0.7371, time 329.44ms, mfu 2.05%
iter 29658: loss 0.6682, time 354.42ms, mfu 2.04%
iter 29659: loss 0.7071, time 413.41ms, mfu 2.01%
iter 29660: loss 0.7408, time 488.22ms, mfu 1.96%
iter 29661: loss 0.7163, time 323.20ms, mfu 1.98%
iter 29662: loss 0.7871, time 299.00ms, mfu 2.02%
iter 29663: loss 0.7108, time 423.05ms, mfu 1.98%
iter 29664: loss 0.7098, time 323.24ms, mfu 2.00%
iter 29665: loss 0.6868, time 443.26ms, mfu 1.96%
iter 29666: loss 0.7040, time 486.45ms, mfu 1.91%
iter 29667: loss 0.7473, time 329.02ms, mfu 1.94%
iter 29668: loss 0.7429, time 323.07ms, mfu 1.96%
iter 29669: loss 0.7212, time 298.23ms, mfu 2.00%
iter 29670: loss 0.6741, time 455.13ms, mfu 1.96%
iter 29671: loss 0.7180, time 397.55ms, mfu 1.94%
iter 29672: loss 0.7356, time 442.26ms, mfu 1.91%
iter 29673: loss 0.7060, time 366.61ms, mfu 1.91%
iter 29674: loss 0.7354, time 246.14ms, mfu 2.01%
iter 29675: loss 0.8277, time 438.56ms, mfu 1.97%
iter 29676: loss 0.7257, time 378.92ms, mfu 1.96%
iter 29677: loss 0.7465, time 302.88ms, mfu 2.00%
iter 29678: loss 0.7078, time 355.55ms, mfu 2.00%
iter 29679: loss 0.8048, time 256.04ms, mfu 2.07%
iter 29680: loss 0.6698, time 378.88ms, mfu 2.05%
iter 29681: loss 0.7549, time 281.14ms, mfu 2.10%
iter 29682: loss 0.7478, time 370.22ms, mfu 2.08%
iter 29683: loss 0.8399, time 442.56ms, mfu 2.03%
iter 29684: loss 0.6578, time 296.98ms, mfu 2.07%
iter 29685: loss 0.8795, time 434.44ms, mfu 2.02%
iter 29686: loss 0.6971, time 296.83ms, mfu 2.06%
iter 29687: loss 0.8449, time 322.98ms, mfu 2.07%
iter 29688: loss 0.7904, time 428.43ms, mfu 2.03%
iter 29689: loss 0.6805, time 417.04ms, mfu 2.00%
iter 29690: loss 0.7151, time 290.80ms, mfu 2.04%
iter 29691: loss 0.6998, time 267.43ms, mfu 2.10%
iter 29692: loss 0.7017, time 422.29ms, mfu 2.06%
iter 29693: loss 0.7766, time 292.35ms, mfu 2.10%
iter 29694: loss 0.7239, time 408.21ms, mfu 2.06%
iter 29695: loss 0.6668, time 310.73ms, mfu 2.08%
iter 29696: loss 0.7311, time 346.21ms, mfu 2.08%
iter 29697: loss 0.7246, time 470.08ms, mfu 2.02%
iter 29698: loss 0.6865, time 550.91ms, mfu 1.95%
iter 29699: loss 0.7477, time 428.56ms, mfu 1.92%
iter 29700: loss 0.6974, time 509.66ms, mfu 1.87%
  === DIAG iter 29700 ===
  loss: 0.6974
  grads: total 1.0000, transformer 0.1668, adapter 0.9860
  <NUM> input tokens: 485/3072 (15.8%)
  lr: base 1.01e-04, adapter 5.07e-05
  SME accuracy: overall 0.476, sign 0.966, exp 0.974, digit 0.302, end 0.777 [d0 0.910 d1 0.449 d2 0.376 d3 0.205 d4 0.096 d5 0.101 d6 0.152 d7 0.100 d8 0.106 d9 0.182 d10 0.188 d11 0.167 d12 0.208 d13 0.118 d14 0.071] (1196 SME tokens)
iter 29701: loss 0.7904, time 261.47ms, mfu 1.95%
iter 29702: loss 0.6972, time 265.48ms, mfu 2.02%
iter 29703: loss 0.6413, time 377.04ms, mfu 2.01%
iter 29704: loss 0.7123, time 429.38ms, mfu 1.97%
iter 29705: loss 0.7464, time 358.48ms, mfu 1.97%
iter 29706: loss 0.7095, time 432.66ms, mfu 1.94%
iter 29707: loss 0.8140, time 287.81ms, mfu 1.99%
iter 29708: loss 0.8651, time 457.36ms, mfu 1.95%
iter 29709: loss 0.7270, time 316.20ms, mfu 1.98%
iter 29710: loss 0.7408, time 434.98ms, mfu 1.94%
iter 29711: loss 0.7007, time 374.85ms, mfu 1.94%
iter 29712: loss 0.7709, time 280.34ms, mfu 2.00%
iter 29713: loss 0.7703, time 448.41ms, mfu 1.95%
iter 29714: loss 0.7295, time 388.45ms, mfu 1.94%
iter 29715: loss 0.7377, time 426.96ms, mfu 1.91%
iter 29716: loss 0.7068, time 362.12ms, mfu 1.92%
iter 29717: loss 0.7526, time 402.50ms, mfu 1.90%
iter 29718: loss 0.6976, time 413.31ms, mfu 1.88%
iter 29719: loss 0.6488, time 272.54ms, mfu 1.96%
iter 29720: loss 0.7249, time 503.29ms, mfu 1.90%
iter 29721: loss 0.7452, time 374.52ms, mfu 1.90%
iter 29722: loss 0.7273, time 296.66ms, mfu 1.95%
iter 29723: loss 0.7401, time 476.09ms, mfu 1.90%
iter 29724: loss 0.7516, time 597.08ms, mfu 1.83%
iter 29725: loss 0.7334, time 419.95ms, mfu 1.82%
iter 29726: loss 0.7998, time 340.86ms, mfu 1.84%
iter 29727: loss 0.7630, time 371.39ms, mfu 1.85%
iter 29728: loss 0.6585, time 444.19ms, mfu 1.82%
iter 29729: loss 0.7227, time 521.47ms, mfu 1.78%
iter 29730: loss 0.6931, time 425.43ms, mfu 1.77%
iter 29731: loss 0.7512, time 391.17ms, mfu 1.77%
iter 29732: loss 0.6092, time 346.52ms, mfu 1.80%
iter 29733: loss 0.7333, time 414.92ms, mfu 1.79%
iter 29734: loss 0.7082, time 440.01ms, mfu 1.77%
iter 29735: loss 0.7114, time 364.64ms, mfu 1.79%
iter 29736: loss 0.7380, time 314.45ms, mfu 1.84%
iter 29737: loss 0.6356, time 496.90ms, mfu 1.79%
iter 29738: loss 0.6649, time 305.44ms, mfu 1.85%
iter 29739: loss 0.8629, time 268.14ms, mfu 1.93%
iter 29740: loss 0.6550, time 390.47ms, mfu 1.92%
iter 29741: loss 0.6675, time 466.40ms, mfu 1.88%
iter 29742: loss 0.7213, time 378.61ms, mfu 1.88%
iter 29743: loss 0.7167, time 537.69ms, mfu 1.82%
iter 29744: loss 0.7109, time 340.22ms, mfu 1.85%
iter 29745: loss 0.7646, time 463.19ms, mfu 1.81%
iter 29746: loss 0.7096, time 343.57ms, mfu 1.84%
iter 29747: loss 0.7452, time 290.02ms, mfu 1.90%
iter 29748: loss 0.6289, time 487.42ms, mfu 1.86%
iter 29749: loss 0.7477, time 300.17ms, mfu 1.91%
iter 29750: loss 0.6244, time 354.88ms, mfu 1.91%
iter 29751: loss 0.7121, time 510.88ms, mfu 1.86%
iter 29752: loss 0.6323, time 483.12ms, mfu 1.82%
iter 29753: loss 0.7110, time 282.68ms, mfu 1.89%
iter 29754: loss 0.7370, time 507.97ms, mfu 1.84%
iter 29755: loss 0.6371, time 469.72ms, mfu 1.81%
iter 29756: loss 0.7499, time 329.01ms, mfu 1.84%
iter 29757: loss 0.6420, time 371.34ms, mfu 1.85%
iter 29758: loss 0.6711, time 302.78ms, mfu 1.90%
iter 29759: loss 0.6620, time 352.52ms, mfu 1.91%
iter 29760: loss 0.6045, time 265.07ms, mfu 1.99%
iter 29761: loss 0.7581, time 583.45ms, mfu 1.91%
iter 29762: loss 0.7344, time 328.81ms, mfu 1.93%
iter 29763: loss 0.7286, time 297.74ms, mfu 1.98%
iter 29764: loss 0.6832, time 376.60ms, mfu 1.97%
iter 29765: loss 0.6822, time 372.02ms, mfu 1.96%
iter 29766: loss 0.7175, time 390.25ms, mfu 1.95%
iter 29767: loss 0.7406, time 404.36ms, mfu 1.93%
iter 29768: loss 0.7103, time 450.88ms, mfu 1.89%
iter 29769: loss 0.7525, time 376.40ms, mfu 1.89%
iter 29770: loss 0.7282, time 515.44ms, mfu 1.84%
iter 29771: loss 0.6681, time 314.61ms, mfu 1.88%
iter 29772: loss 0.7382, time 372.49ms, mfu 1.88%
iter 29773: loss 0.7573, time 341.99ms, mfu 1.90%
iter 29774: loss 0.6413, time 323.65ms, mfu 1.93%
iter 29775: loss 0.7095, time 292.97ms, mfu 1.98%
iter 29776: loss 0.7505, time 388.39ms, mfu 1.96%
iter 29777: loss 0.7782, time 464.08ms, mfu 1.92%
iter 29778: loss 0.6711, time 395.86ms, mfu 1.91%
iter 29779: loss 0.7766, time 311.98ms, mfu 1.94%
iter 29780: loss 0.7797, time 422.78ms, mfu 1.92%
iter 29781: loss 0.6602, time 455.77ms, mfu 1.88%
iter 29782: loss 0.7665, time 438.14ms, mfu 1.85%
iter 29783: loss 0.6691, time 364.76ms, mfu 1.86%
iter 29784: loss 0.6703, time 300.50ms, mfu 1.91%
iter 29785: loss 0.7474, time 398.78ms, mfu 1.90%
iter 29786: loss 0.8905, time 325.96ms, mfu 1.93%
iter 29787: loss 0.7479, time 341.79ms, mfu 1.94%
iter 29788: loss 0.6360, time 482.17ms, mfu 1.89%
iter 29789: loss 0.8029, time 343.98ms, mfu 1.91%
iter 29790: loss 0.7166, time 295.69ms, mfu 1.96%
iter 29791: loss 0.7775, time 501.59ms, mfu 1.90%
iter 29792: loss 0.8561, time 366.04ms, mfu 1.91%
iter 29793: loss 0.7476, time 326.66ms, mfu 1.93%
iter 29794: loss 0.6495, time 463.13ms, mfu 1.89%
iter 29795: loss 0.7804, time 461.48ms, mfu 1.86%
iter 29796: loss 0.7123, time 400.53ms, mfu 1.85%
iter 29797: loss 0.7519, time 408.12ms, mfu 1.84%
iter 29798: loss 0.6870, time 334.22ms, mfu 1.87%
iter 29799: loss 0.6804, time 407.08ms, mfu 1.85%
iter 29800: loss 0.7411, time 629.08ms, mfu 1.78%
  === DIAG iter 29800 ===
  loss: 0.7411
  grads: total 1.0000, transformer 0.1441, adapter 0.9896
  <NUM> input tokens: 450/3072 (14.6%)
  lr: base 1.00e-04, adapter 5.01e-05
  SME accuracy: overall 0.454, sign 0.984, exp 0.907, digit 0.249, end 0.881 [d0 0.837 d1 0.391 d2 0.232 d3 0.101 d4 0.132 d5 0.100 d6 0.133 d7 0.125 d8 0.077 d9 0.086 d10 0.069 d11 0.111 d12 0.050 d13 0.167 d14 0.000] (1267 SME tokens)
iter 29801: loss 0.7730, time 228.15ms, mfu 1.91%
iter 29802: loss 0.7338, time 379.28ms, mfu 1.91%
iter 29803: loss 0.7583, time 224.61ms, mfu 2.03%
iter 29804: loss 0.7614, time 352.71ms, mfu 2.03%
iter 29805: loss 0.6503, time 434.16ms, mfu 1.99%
iter 29806: loss 0.6272, time 291.72ms, mfu 2.04%
iter 29807: loss 0.6997, time 438.00ms, mfu 1.99%
iter 29808: loss 0.7291, time 434.38ms, mfu 1.96%
iter 29809: loss 0.6753, time 423.18ms, mfu 1.93%
iter 29810: loss 0.6842, time 332.95ms, mfu 1.95%
iter 29811: loss 0.7411, time 379.38ms, mfu 1.94%
iter 29812: loss 0.7306, time 414.88ms, mfu 1.92%
iter 29813: loss 0.7288, time 385.75ms, mfu 1.91%
iter 29814: loss 0.6913, time 450.45ms, mfu 1.88%
iter 29815: loss 0.6525, time 470.54ms, mfu 1.84%
iter 29816: loss 0.7524, time 358.82ms, mfu 1.85%
iter 29817: loss 0.7252, time 426.66ms, mfu 1.83%
iter 29818: loss 0.7329, time 337.99ms, mfu 1.86%
iter 29819: loss 0.7111, time 393.87ms, mfu 1.85%
iter 29820: loss 0.7071, time 459.44ms, mfu 1.82%
iter 29821: loss 0.6994, time 313.52ms, mfu 1.87%
iter 29822: loss 0.6951, time 391.73ms, mfu 1.86%
iter 29823: loss 0.7997, time 241.83ms, mfu 1.97%
iter 29824: loss 0.6505, time 484.30ms, mfu 1.92%
iter 29825: loss 0.6871, time 341.04ms, mfu 1.93%
iter 29826: loss 0.6447, time 212.18ms, mfu 2.07%
iter 29827: loss 0.6358, time 491.96ms, mfu 2.01%
iter 29828: loss 0.7365, time 324.35ms, mfu 2.03%
iter 29829: loss 0.7384, time 440.89ms, mfu 1.99%
iter 29830: loss 0.6483, time 341.12ms, mfu 2.00%
iter 29831: loss 0.6896, time 427.01ms, mfu 1.96%
iter 29832: loss 0.7350, time 486.97ms, mfu 1.91%
iter 29833: loss 0.6228, time 395.88ms, mfu 1.90%
iter 29834: loss 0.6670, time 366.40ms, mfu 1.90%
iter 29835: loss 0.7671, time 246.12ms, mfu 2.00%
iter 29836: loss 0.7096, time 374.16ms, mfu 1.99%
iter 29837: loss 0.7128, time 325.82ms, mfu 2.01%
iter 29838: loss 0.7584, time 359.33ms, mfu 2.00%
iter 29839: loss 0.7704, time 310.17ms, mfu 2.03%
iter 29840: loss 0.6627, time 430.15ms, mfu 1.99%
iter 29841: loss 0.7104, time 290.99ms, mfu 2.04%
iter 29842: loss 0.7005, time 449.53ms, mfu 1.99%
iter 29843: loss 0.6871, time 291.12ms, mfu 2.04%
iter 29844: loss 0.6604, time 484.94ms, mfu 1.98%
iter 29845: loss 0.7262, time 470.93ms, mfu 1.93%
iter 29846: loss 0.7055, time 455.66ms, mfu 1.89%
iter 29847: loss 0.6611, time 393.83ms, mfu 1.88%
iter 29848: loss 0.7330, time 382.27ms, mfu 1.88%
iter 29849: loss 0.7056, time 416.51ms, mfu 1.86%
iter 29850: loss 0.7564, time 460.82ms, mfu 1.83%
iter 29851: loss 0.6635, time 215.27ms, mfu 1.98%
iter 29852: loss 0.7813, time 489.73ms, mfu 1.92%
iter 29853: loss 0.6373, time 524.62ms, mfu 1.87%
iter 29854: loss 0.7024, time 289.22ms, mfu 1.93%
iter 29855: loss 0.8303, time 351.56ms, mfu 1.93%
iter 29856: loss 0.7214, time 309.00ms, mfu 1.97%
iter 29857: loss 0.6593, time 427.07ms, mfu 1.94%
iter 29858: loss 0.7504, time 196.53ms, mfu 2.11%
iter 29859: loss 0.7207, time 413.82ms, mfu 2.07%
iter 29860: loss 0.7325, time 384.34ms, mfu 2.04%
iter 29861: loss 0.7319, time 280.52ms, mfu 2.09%
iter 29862: loss 0.7445, time 472.49ms, mfu 2.03%
iter 29863: loss 0.8196, time 370.78ms, mfu 2.02%
iter 29864: loss 0.6561, time 396.07ms, mfu 2.00%
iter 29865: loss 0.7527, time 312.42ms, mfu 2.02%
iter 29866: loss 0.6999, time 271.67ms, mfu 2.08%
iter 29867: loss 0.7506, time 428.78ms, mfu 2.04%
iter 29868: loss 0.7229, time 383.80ms, mfu 2.02%
iter 29869: loss 0.6950, time 543.96ms, mfu 1.95%
iter 29870: loss 0.7568, time 401.81ms, mfu 1.93%
iter 29871: loss 0.7027, time 366.63ms, mfu 1.93%
iter 29872: loss 0.7879, time 401.46ms, mfu 1.91%
iter 29873: loss 0.6971, time 340.45ms, mfu 1.93%
iter 29874: loss 0.7129, time 575.08ms, mfu 1.86%
iter 29875: loss 0.6643, time 432.67ms, mfu 1.84%
iter 29876: loss 0.6517, time 397.46ms, mfu 1.83%
iter 29877: loss 0.6918, time 435.34ms, mfu 1.81%
iter 29878: loss 0.7500, time 443.84ms, mfu 1.79%
iter 29879: loss 0.7602, time 466.52ms, mfu 1.76%
iter 29880: loss 0.6918, time 420.84ms, mfu 1.76%
iter 29881: loss 0.7156, time 397.54ms, mfu 1.76%
iter 29882: loss 0.7778, time 358.93ms, mfu 1.78%
iter 29883: loss 0.7771, time 349.58ms, mfu 1.80%
iter 29884: loss 0.7200, time 308.10ms, mfu 1.85%
iter 29885: loss 0.7344, time 402.87ms, mfu 1.84%
iter 29886: loss 0.7407, time 323.33ms, mfu 1.88%
iter 29887: loss 0.6162, time 453.98ms, mfu 1.85%
iter 29888: loss 0.6678, time 392.69ms, mfu 1.84%
iter 29889: loss 0.8021, time 440.35ms, mfu 1.82%
iter 29890: loss 0.7683, time 391.50ms, mfu 1.82%
iter 29891: loss 0.7686, time 404.86ms, mfu 1.81%
iter 29892: loss 0.7066, time 441.36ms, mfu 1.79%
iter 29893: loss 0.7023, time 275.94ms, mfu 1.87%
iter 29894: loss 0.7098, time 498.42ms, mfu 1.82%
iter 29895: loss 0.6906, time 310.89ms, mfu 1.87%
iter 29896: loss 0.7105, time 377.85ms, mfu 1.87%
iter 29897: loss 0.7403, time 379.42ms, mfu 1.87%
iter 29898: loss 0.7242, time 496.17ms, mfu 1.83%
iter 29899: loss 0.7503, time 398.46ms, mfu 1.82%
iter 29900: loss 0.7985, time 677.78ms, mfu 1.74%
  === DIAG iter 29900 ===
  loss: 0.7985
  grads: total 1.0000, transformer 0.1460, adapter 0.9893
  <NUM> input tokens: 402/3072 (13.1%)
  lr: base 9.92e-05, adapter 4.96e-05
  SME accuracy: overall 0.465, sign 0.985, exp 0.971, digit 0.270, end 0.833 [d0 0.894 d1 0.375 d2 0.330 d3 0.082 d4 0.114 d5 0.080 d6 0.153 d7 0.162 d8 0.078 d9 0.143 d10 0.206 d11 0.069 d12 0.087 d13 0.056 d14 0.000] (1390 SME tokens)
iter 29901: loss 0.7108, time 187.07ms, mfu 1.95%
iter 29902: loss 0.7630, time 322.60ms, mfu 1.97%
iter 29903: loss 0.7270, time 454.45ms, mfu 1.93%
iter 29904: loss 0.6986, time 423.93ms, mfu 1.91%
iter 29905: loss 0.7183, time 391.84ms, mfu 1.90%
iter 29906: loss 0.6680, time 382.25ms, mfu 1.89%
iter 29907: loss 0.7360, time 449.88ms, mfu 1.86%
iter 29908: loss 0.7295, time 494.74ms, mfu 1.82%
iter 29909: loss 0.6758, time 354.33ms, mfu 1.84%
iter 29910: loss 0.7199, time 394.61ms, mfu 1.83%
iter 29911: loss 0.6980, time 254.88ms, mfu 1.93%
iter 29912: loss 0.6879, time 628.74ms, mfu 1.85%
iter 29913: loss 0.7589, time 337.71ms, mfu 1.87%
iter 29914: loss 0.7984, time 420.20ms, mfu 1.85%
iter 29915: loss 0.7624, time 314.93ms, mfu 1.89%
iter 29916: loss 0.7285, time 566.26ms, mfu 1.83%
iter 29917: loss 0.6652, time 391.48ms, mfu 1.83%
iter 29918: loss 0.7770, time 286.23ms, mfu 1.89%
iter 29919: loss 0.6970, time 409.98ms, mfu 1.88%
iter 29920: loss 0.7089, time 353.37ms, mfu 1.89%
iter 29921: loss 0.7044, time 366.40ms, mfu 1.89%
iter 29922: loss 0.6920, time 342.14ms, mfu 1.91%
iter 29923: loss 0.7443, time 362.48ms, mfu 1.92%
iter 29924: loss 0.7597, time 347.21ms, mfu 1.93%
iter 29925: loss 0.7039, time 344.40ms, mfu 1.94%
iter 29926: loss 0.6575, time 393.83ms, mfu 1.93%
iter 29927: loss 0.7345, time 400.07ms, mfu 1.91%
iter 29928: loss 0.7470, time 393.77ms, mfu 1.90%
iter 29929: loss 0.7637, time 356.46ms, mfu 1.91%
iter 29930: loss 0.6797, time 293.60ms, mfu 1.96%
iter 29931: loss 0.7690, time 348.45ms, mfu 1.97%
iter 29932: loss 0.7053, time 359.12ms, mfu 1.97%
iter 29933: loss 0.6817, time 450.49ms, mfu 1.93%
iter 29934: loss 0.7015, time 378.08ms, mfu 1.92%
iter 29935: loss 0.7478, time 378.08ms, mfu 1.92%
iter 29936: loss 0.7946, time 480.56ms, mfu 1.87%
iter 29937: loss 0.7086, time 222.89ms, mfu 2.00%
iter 29938: loss 0.7658, time 668.62ms, mfu 1.91%
iter 29939: loss 0.6436, time 279.64ms, mfu 1.97%
iter 29940: loss 0.7061, time 520.63ms, mfu 1.91%
iter 29941: loss 0.7926, time 360.95ms, mfu 1.92%
iter 29942: loss 0.6648, time 579.89ms, mfu 1.85%
iter 29943: loss 0.7413, time 227.67ms, mfu 1.97%
iter 29944: loss 0.7511, time 385.52ms, mfu 1.96%
iter 29945: loss 0.6550, time 298.06ms, mfu 2.00%
iter 29946: loss 0.6783, time 275.70ms, mfu 2.06%
iter 29947: loss 0.5749, time 409.69ms, mfu 2.03%
iter 29948: loss 0.7514, time 466.72ms, mfu 1.98%
iter 29949: loss 0.7443, time 451.97ms, mfu 1.93%
iter 29950: loss 0.7498, time 368.95ms, mfu 1.93%
iter 29951: loss 0.7822, time 455.16ms, mfu 1.90%
iter 29952: loss 0.7161, time 376.18ms, mfu 1.89%
iter 29953: loss 0.6319, time 340.63ms, mfu 1.91%
iter 29954: loss 0.6075, time 462.53ms, mfu 1.87%
iter 29955: loss 0.7178, time 400.28ms, mfu 1.86%
iter 29956: loss 0.7309, time 422.65ms, mfu 1.85%
iter 29957: loss 0.7211, time 303.59ms, mfu 1.89%
iter 29958: loss 0.7952, time 447.72ms, mfu 1.86%
iter 29959: loss 0.7497, time 313.90ms, mfu 1.90%
iter 29960: loss 0.6721, time 435.78ms, mfu 1.88%
iter 29961: loss 0.7391, time 436.46ms, mfu 1.85%
iter 29962: loss 0.7892, time 451.36ms, mfu 1.82%
iter 29963: loss 0.7820, time 319.50ms, mfu 1.86%
iter 29964: loss 0.7436, time 357.59ms, mfu 1.87%
iter 29965: loss 0.7222, time 402.11ms, mfu 1.86%
iter 29966: loss 0.7699, time 397.89ms, mfu 1.85%
iter 29967: loss 0.7698, time 284.78ms, mfu 1.92%
iter 29968: loss 0.7969, time 356.04ms, mfu 1.93%
iter 29969: loss 0.7421, time 374.33ms, mfu 1.92%
iter 29970: loss 0.6190, time 567.94ms, mfu 1.85%
iter 29971: loss 0.7433, time 477.73ms, mfu 1.82%
iter 29972: loss 0.7288, time 432.86ms, mfu 1.80%
iter 29973: loss 0.7292, time 251.49ms, mfu 1.90%
iter 29974: loss 0.7556, time 279.61ms, mfu 1.96%
iter 29975: loss 0.7470, time 361.51ms, mfu 1.96%
iter 29976: loss 0.7294, time 332.21ms, mfu 1.98%
iter 29977: loss 0.7400, time 376.53ms, mfu 1.97%
iter 29978: loss 0.7239, time 331.69ms, mfu 1.99%
iter 29979: loss 0.6576, time 385.48ms, mfu 1.97%
iter 29980: loss 0.7980, time 380.51ms, mfu 1.96%
iter 29981: loss 0.7804, time 243.18ms, mfu 2.06%
iter 29982: loss 0.7391, time 346.21ms, mfu 2.06%
iter 29983: loss 0.6237, time 386.82ms, mfu 2.03%
iter 29984: loss 0.7053, time 387.39ms, mfu 2.01%
iter 29985: loss 0.7152, time 335.66ms, mfu 2.02%
iter 29986: loss 0.6365, time 342.72ms, mfu 2.03%
iter 29987: loss 0.7021, time 457.88ms, mfu 1.98%
iter 29988: loss 0.6272, time 466.89ms, mfu 1.93%
iter 29989: loss 0.7323, time 303.09ms, mfu 1.97%
iter 29990: loss 0.7161, time 437.37ms, mfu 1.94%
iter 29991: loss 0.6696, time 474.46ms, mfu 1.89%
iter 29992: loss 0.7421, time 312.34ms, mfu 1.93%
iter 29993: loss 0.6816, time 534.63ms, mfu 1.87%
iter 29994: loss 0.7568, time 267.68ms, mfu 1.95%
iter 29995: loss 0.7202, time 401.27ms, mfu 1.93%
iter 29996: loss 0.8179, time 425.64ms, mfu 1.90%
iter 29997: loss 0.7102, time 379.14ms, mfu 1.90%
iter 29998: loss 0.7043, time 477.51ms, mfu 1.86%
iter 29999: loss 0.6034, time 381.57ms, mfu 1.86%
step 30000: train loss 0.7255, val loss 0.7270
saving checkpoint to /tmpdir/m24047brmn/numbers/model_checkpoints/sme_vardig_e9_numw2_curr_stage_v1/ckpt_iter30000.pt
  new best val loss: 0.7270
iter 30000: loss 0.7304, time 13450.13ms, mfu 1.68%
  === DIAG iter 30000 ===
  loss: 0.7304
  grads: total 1.0000, transformer 0.1821, adapter 0.9833
  <NUM> input tokens: 425/3072 (13.8%)
  lr: base 9.81e-05, adapter 4.90e-05
  SME accuracy: overall 0.436, sign 0.976, exp 0.937, digit 0.239, end 0.720 [d0 0.758 d1 0.309 d2 0.128 d3 0.086 d4 0.164 d5 0.145 d6 0.180 d7 0.143 d8 0.104 d9 0.069 d10 0.045 d11 0.059 d12 0.154 d13 0.100 d14 0.143] (1226 SME tokens)
  --- Sample eval (val) ---
  ADD: <3.54231e+08> + <6.0092e+08> →
    target: 9.552e+08
    pred:   9.4e+08
    error:  15110113.00

  MAX: <3.06e-05> <-2.46214e+08> →
    target: 3.06e-05
    pred:   INVALID(unparseable)

  D7D4D7D2END
    target: 8350 4.991e+07 4.144e+08 7.323e+08 1e+09
    pred:   1.41e+08 1.411e+08 2.441e+08 5.404e+08 1e+08
    error:  140991650.00 91198823.00 170333394.00 191814568.00 900000000.00

  SUB: <3.02139e+08> - <7.7224e+08> →
    target: -4.701e+08
    pred:   -4.411e+08
    error:  28959404.00

  COUNT: <6.93e+08> <3.23e+08> <1e+09> <0> <8.40763e+08> <68> <1.26e+08> <7.77577e+07> →
    target: 8
    pred:   8
    error:  0.00

iter 30001: loss 0.7289, time 244.10ms, mfu 1.80%
iter 30002: loss 0.7547, time 423.95ms, mfu 1.79%
iter 30003: loss 0.7168, time 426.89ms, mfu 1.77%
iter 30004: loss 0.7251, time 445.56ms, mfu 1.76%
iter 30005: loss 0.7226, time 440.35ms, mfu 1.74%
iter 30006: loss 0.8055, time 365.31ms, mfu 1.76%
iter 30007: loss 0.6741, time 354.22ms, mfu 1.79%
iter 30008: loss 0.6421, time 322.35ms, mfu 1.83%
iter 30009: loss 0.6620, time 410.22ms, mfu 1.82%
iter 30010: loss 0.7947, time 416.01ms, mfu 1.81%
iter 30011: loss 0.7469, time 418.53ms, mfu 1.79%
iter 30012: loss 0.7475, time 539.60ms, mfu 1.75%
iter 30013: loss 0.7294, time 383.50ms, mfu 1.76%
iter 30014: loss 0.6545, time 268.13ms, mfu 1.85%
iter 30015: loss 0.7453, time 292.04ms, mfu 1.90%
iter 30016: loss 0.6390, time 368.34ms, mfu 1.91%
iter 30017: loss 0.8023, time 250.91ms, mfu 2.00%
iter 30018: loss 0.7333, time 391.61ms, mfu 1.98%
iter 30019: loss 0.6815, time 364.70ms, mfu 1.98%
iter 30020: loss 0.7023, time 382.66ms, mfu 1.96%
iter 30021: loss 0.7653, time 426.08ms, mfu 1.93%
iter 30022: loss 0.7124, time 449.94ms, mfu 1.90%
iter 30023: loss 0.8140, time 331.60ms, mfu 1.92%
iter 30024: loss 0.7494, time 310.08ms, mfu 1.96%
iter 30025: loss 0.6548, time 301.51ms, mfu 2.00%
iter 30026: loss 0.7166, time 310.98ms, mfu 2.03%
iter 30027: loss 0.6509, time 579.78ms, mfu 1.94%
iter 30028: loss 0.8057, time 446.32ms, mfu 1.91%
iter 30029: loss 0.7046, time 326.44ms, mfu 1.94%
iter 30030: loss 0.6531, time 491.45ms, mfu 1.89%
iter 30031: loss 0.6107, time 423.58ms, mfu 1.86%
iter 30032: loss 0.6838, time 437.10ms, mfu 1.84%
iter 30033: loss 0.7142, time 410.08ms, mfu 1.83%
iter 30034: loss 0.6807, time 332.15ms, mfu 1.86%
iter 30035: loss 0.6998, time 275.04ms, mfu 1.93%
iter 30036: loss 0.8082, time 409.30ms, mfu 1.91%
iter 30037: loss 0.7241, time 313.49ms, mfu 1.95%
iter 30038: loss 0.7096, time 396.38ms, mfu 1.93%
iter 30039: loss 0.6770, time 351.19ms, mfu 1.94%
iter 30040: loss 0.7536, time 438.08ms, mfu 1.91%
iter 30041: loss 0.7725, time 348.14ms, mfu 1.92%
iter 30042: loss 0.7356, time 385.91ms, mfu 1.91%
iter 30043: loss 0.7352, time 590.05ms, mfu 1.84%
iter 30044: loss 0.7746, time 534.21ms, mfu 1.79%
iter 30045: loss 0.7570, time 365.22ms, mfu 1.80%
iter 30046: loss 0.6859, time 511.38ms, mfu 1.76%
iter 30047: loss 0.6394, time 465.41ms, mfu 1.74%
iter 30048: loss 0.7242, time 323.04ms, mfu 1.78%
iter 30049: loss 0.6770, time 457.91ms, mfu 1.76%
iter 30050: loss 0.7862, time 321.86ms, mfu 1.80%
iter 30051: loss 0.6645, time 395.51ms, mfu 1.80%
iter 30052: loss 0.6942, time 302.61ms, mfu 1.86%
iter 30053: loss 0.6606, time 470.14ms, mfu 1.82%
iter 30054: loss 0.6601, time 310.36ms, mfu 1.87%
iter 30055: loss 0.6942, time 390.63ms, mfu 1.86%
iter 30056: loss 0.7598, time 445.13ms, mfu 1.84%
iter 30057: loss 0.6844, time 389.30ms, mfu 1.83%
iter 30058: loss 0.6602, time 316.55ms, mfu 1.87%
iter 30059: loss 0.7125, time 315.74ms, mfu 1.91%
iter 30060: loss 0.6606, time 370.41ms, mfu 1.91%
iter 30061: loss 0.8413, time 249.60ms, mfu 2.00%
iter 30062: loss 0.6802, time 525.25ms, mfu 1.94%
iter 30063: loss 0.6779, time 438.87ms, mfu 1.91%
iter 30064: loss 0.7888, time 441.17ms, mfu 1.88%
iter 30065: loss 0.6692, time 253.80ms, mfu 1.97%
iter 30066: loss 0.7239, time 550.70ms, mfu 1.90%
iter 30067: loss 0.7891, time 518.49ms, mfu 1.85%
iter 30068: loss 0.7483, time 327.10ms, mfu 1.88%
iter 30069: loss 0.6892, time 352.67ms, mfu 1.89%
iter 30070: loss 0.7212, time 427.31ms, mfu 1.87%
iter 30071: loss 0.6898, time 623.07ms, mfu 1.80%
iter 30072: loss 0.7421, time 345.98ms, mfu 1.82%
iter 30073: loss 0.6521, time 446.42ms, mfu 1.80%
iter 30074: loss 0.8062, time 427.53ms, mfu 1.78%
iter 30075: loss 0.7492, time 288.77ms, mfu 1.85%
iter 30076: loss 0.8077, time 548.37ms, mfu 1.79%
iter 30077: loss 0.6608, time 258.83ms, mfu 1.89%
iter 30078: loss 0.8494, time 555.97ms, mfu 1.83%
iter 30079: loss 0.7048, time 287.07ms, mfu 1.89%
iter 30080: loss 0.7451, time 423.89ms, mfu 1.87%
iter 30081: loss 0.6885, time 368.66ms, mfu 1.88%
iter 30082: loss 0.7042, time 390.07ms, mfu 1.87%
iter 30083: loss 0.6866, time 317.43ms, mfu 1.91%
iter 30084: loss 0.6497, time 348.28ms, mfu 1.92%
iter 30085: loss 0.6910, time 334.78ms, mfu 1.94%
iter 30086: loss 0.6774, time 352.43ms, mfu 1.95%
iter 30087: loss 0.7953, time 380.60ms, mfu 1.94%
iter 30088: loss 0.7100, time 324.76ms, mfu 1.96%
iter 30089: loss 0.7660, time 355.87ms, mfu 1.96%
iter 30090: loss 0.7364, time 337.62ms, mfu 1.98%
iter 30091: loss 0.7082, time 383.07ms, mfu 1.97%
iter 30092: loss 0.6631, time 375.46ms, mfu 1.96%
iter 30093: loss 0.7008, time 483.14ms, mfu 1.91%
iter 30094: loss 0.7184, time 485.57ms, mfu 1.86%
iter 30095: loss 0.7237, time 358.89ms, mfu 1.87%
iter 30096: loss 0.6708, time 387.24ms, mfu 1.87%
iter 30097: loss 0.7688, time 315.20ms, mfu 1.91%
iter 30098: loss 0.7878, time 311.30ms, mfu 1.94%
iter 30099: loss 0.7317, time 472.37ms, mfu 1.90%
iter 30100: loss 0.7426, time 623.06ms, mfu 1.82%
  === DIAG iter 30100 ===
  loss: 0.7426
  grads: total 1.0000, transformer 0.1759, adapter 0.9844
  <NUM> input tokens: 408/3072 (13.3%)
  lr: base 9.70e-05, adapter 4.85e-05
  SME accuracy: overall 0.442, sign 0.975, exp 0.874, digit 0.252, end 0.851 [d0 0.843 d1 0.368 d2 0.244 d3 0.138 d4 0.093 d5 0.057 d6 0.103 d7 0.079 d8 0.071 d9 0.125 d10 0.174 d11 0.217 d12 0.235 d13 0.167 d14 0.143] (1220 SME tokens)
iter 30101: loss 0.7704, time 234.28ms, mfu 1.94%
iter 30102: loss 0.7842, time 450.87ms, mfu 1.91%
iter 30103: loss 0.8245, time 506.54ms, mfu 1.86%
iter 30104: loss 0.6647, time 413.87ms, mfu 1.84%
iter 30105: loss 0.6548, time 437.85ms, mfu 1.82%
iter 30106: loss 0.8064, time 448.75ms, mfu 1.80%
iter 30107: loss 0.7802, time 319.52ms, mfu 1.84%
iter 30108: loss 0.6878, time 291.00ms, mfu 1.90%
iter 30109: loss 0.7072, time 376.02ms, mfu 1.90%
iter 30110: loss 0.7209, time 392.27ms, mfu 1.89%
iter 30111: loss 0.7757, time 402.43ms, mfu 1.87%
iter 30112: loss 0.7231, time 318.26ms, mfu 1.91%
iter 30113: loss 0.6709, time 359.67ms, mfu 1.92%
iter 30114: loss 0.7892, time 423.02ms, mfu 1.89%
iter 30115: loss 0.6741, time 416.16ms, mfu 1.87%
iter 30116: loss 0.7460, time 395.37ms, mfu 1.86%
iter 30117: loss 0.6477, time 417.50ms, mfu 1.85%
iter 30118: loss 0.7362, time 400.09ms, mfu 1.84%
iter 30119: loss 0.7409, time 401.22ms, mfu 1.83%
iter 30120: loss 0.7124, time 355.65ms, mfu 1.85%
iter 30121: loss 0.6988, time 434.97ms, mfu 1.83%
iter 30122: loss 0.6750, time 569.66ms, mfu 1.77%
iter 30123: loss 0.7747, time 390.05ms, mfu 1.77%
iter 30124: loss 0.7086, time 297.20ms, mfu 1.83%
iter 30125: loss 0.7731, time 352.27ms, mfu 1.85%
iter 30126: loss 0.7094, time 374.96ms, mfu 1.86%
iter 30127: loss 0.7670, time 343.97ms, mfu 1.88%
iter 30128: loss 0.7323, time 426.88ms, mfu 1.85%
iter 30129: loss 0.6362, time 382.87ms, mfu 1.85%
iter 30130: loss 0.7186, time 375.05ms, mfu 1.86%
iter 30131: loss 0.6477, time 263.24ms, mfu 1.94%
iter 30132: loss 0.7621, time 364.22ms, mfu 1.94%
iter 30133: loss 0.6743, time 566.09ms, mfu 1.87%
iter 30134: loss 0.7585, time 322.70ms, mfu 1.91%
iter 30135: loss 0.6653, time 407.40ms, mfu 1.89%
iter 30136: loss 0.6984, time 283.14ms, mfu 1.95%
iter 30137: loss 0.6456, time 412.64ms, mfu 1.93%
iter 30138: loss 0.6817, time 367.80ms, mfu 1.93%
iter 30139: loss 0.7136, time 376.34ms, mfu 1.92%
iter 30140: loss 0.7852, time 355.46ms, mfu 1.93%
iter 30141: loss 0.6674, time 378.91ms, mfu 1.92%
iter 30142: loss 0.6251, time 418.98ms, mfu 1.90%
iter 30143: loss 0.7172, time 337.70ms, mfu 1.92%
iter 30144: loss 0.6809, time 380.39ms, mfu 1.91%
iter 30145: loss 0.7522, time 345.25ms, mfu 1.93%
iter 30146: loss 0.7311, time 423.93ms, mfu 1.90%
iter 30147: loss 0.7144, time 474.90ms, mfu 1.86%
iter 30148: loss 0.7546, time 380.11ms, mfu 1.86%
iter 30149: loss 0.8091, time 379.76ms, mfu 1.86%
iter 30150: loss 0.7403, time 358.69ms, mfu 1.87%
iter 30151: loss 0.7660, time 480.87ms, mfu 1.83%
iter 30152: loss 0.8359, time 343.63ms, mfu 1.86%
iter 30153: loss 0.6811, time 453.79ms, mfu 1.83%
iter 30154: loss 0.6871, time 299.61ms, mfu 1.88%
iter 30155: loss 0.7296, time 291.79ms, mfu 1.94%
iter 30156: loss 0.6658, time 476.17ms, mfu 1.89%
iter 30157: loss 0.6904, time 424.67ms, mfu 1.87%
iter 30158: loss 0.7380, time 318.76ms, mfu 1.90%
iter 30159: loss 0.7064, time 372.48ms, mfu 1.90%
iter 30160: loss 0.7517, time 489.71ms, mfu 1.86%
iter 30161: loss 0.6548, time 359.77ms, mfu 1.87%
iter 30162: loss 0.6449, time 393.42ms, mfu 1.86%
iter 30163: loss 0.7688, time 432.91ms, mfu 1.84%
iter 30164: loss 0.7866, time 246.74ms, mfu 1.94%
iter 30165: loss 0.7350, time 343.31ms, mfu 1.96%
iter 30166: loss 0.7304, time 424.04ms, mfu 1.93%
iter 30167: loss 0.6659, time 318.72ms, mfu 1.96%
iter 30168: loss 0.8029, time 513.49ms, mfu 1.90%
iter 30169: loss 0.7785, time 350.69ms, mfu 1.91%
iter 30170: loss 0.8158, time 344.13ms, mfu 1.93%
iter 30171: loss 0.7635, time 452.61ms, mfu 1.89%
iter 30172: loss 0.7664, time 458.24ms, mfu 1.86%
iter 30173: loss 0.7443, time 388.52ms, mfu 1.85%
iter 30174: loss 0.7451, time 416.79ms, mfu 1.84%
iter 30175: loss 0.7061, time 403.46ms, mfu 1.83%
iter 30176: loss 0.5756, time 404.26ms, mfu 1.82%
iter 30177: loss 0.7783, time 431.55ms, mfu 1.80%
iter 30178: loss 0.7339, time 370.44ms, mfu 1.81%
iter 30179: loss 0.7168, time 384.41ms, mfu 1.82%
iter 30180: loss 0.7545, time 488.31ms, mfu 1.78%
iter 30181: loss 0.7896, time 269.85ms, mfu 1.87%
iter 30182: loss 0.7278, time 349.95ms, mfu 1.88%
iter 30183: loss 0.6734, time 435.79ms, mfu 1.86%
iter 30184: loss 0.7189, time 396.02ms, mfu 1.85%
iter 30185: loss 0.6937, time 282.29ms, mfu 1.92%
iter 30186: loss 0.6957, time 422.64ms, mfu 1.89%
iter 30187: loss 0.6897, time 426.87ms, mfu 1.87%
iter 30188: loss 0.7040, time 332.08ms, mfu 1.90%
iter 30189: loss 0.7280, time 464.57ms, mfu 1.86%
iter 30190: loss 0.7621, time 393.33ms, mfu 1.85%
iter 30191: loss 0.7621, time 371.71ms, mfu 1.86%
iter 30192: loss 0.6602, time 464.22ms, mfu 1.82%
iter 30193: loss 0.7194, time 395.54ms, mfu 1.82%
iter 30194: loss 0.6542, time 435.56ms, mfu 1.80%
iter 30195: loss 0.8496, time 354.77ms, mfu 1.82%
iter 30196: loss 0.7439, time 381.11ms, mfu 1.83%
iter 30197: loss 0.7402, time 436.77ms, mfu 1.81%
iter 30198: loss 0.8364, time 398.46ms, mfu 1.80%
iter 30199: loss 0.7230, time 298.53ms, mfu 1.86%
iter 30200: loss 0.7930, time 550.97ms, mfu 1.80%
  === DIAG iter 30200 ===
  loss: 0.7930
  grads: total 1.0000, transformer 0.1576, adapter 0.9875
  <NUM> input tokens: 482/3072 (15.7%)
  lr: base 9.59e-05, adapter 4.80e-05
  SME accuracy: overall 0.460, sign 0.976, exp 0.898, digit 0.279, end 0.889 [d0 0.769 d1 0.436 d2 0.265 d3 0.141 d4 0.083 d5 0.163 d6 0.068 d7 0.138 d8 0.125 d9 0.286 d10 0.267 d11 0.407 d12 0.280 d13 0.278 d14 0.182] (1344 SME tokens)
iter 30201: loss 0.8406, time 244.58ms, mfu 1.91%
iter 30202: loss 0.7050, time 302.90ms, mfu 1.95%
iter 30203: loss 0.7794, time 475.54ms, mfu 1.91%
iter 30204: loss 0.6741, time 483.44ms, mfu 1.86%
iter 30205: loss 0.7956, time 322.13ms, mfu 1.90%
iter 30206: loss 0.7289, time 433.19ms, mfu 1.87%
iter 30207: loss 0.6629, time 334.51ms, mfu 1.90%
iter 30208: loss 0.7861, time 426.13ms, mfu 1.87%
iter 30209: loss 0.6452, time 294.65ms, mfu 1.93%
iter 30210: loss 0.7443, time 452.04ms, mfu 1.89%
iter 30211: loss 0.7570, time 298.98ms, mfu 1.94%
iter 30212: loss 0.6105, time 337.80ms, mfu 1.95%
iter 30213: loss 0.7295, time 436.08ms, mfu 1.92%
iter 30214: loss 0.7544, time 425.46ms, mfu 1.90%
iter 30215: loss 0.7674, time 298.29ms, mfu 1.94%
iter 30216: loss 0.6884, time 434.56ms, mfu 1.91%
iter 30217: loss 0.6914, time 316.44ms, mfu 1.95%
iter 30218: loss 0.7779, time 335.30ms, mfu 1.96%
iter 30219: loss 0.6843, time 581.27ms, mfu 1.89%
iter 30220: loss 0.7451, time 227.80ms, mfu 2.01%
iter 30221: loss 0.9336, time 371.78ms, mfu 2.00%
iter 30222: loss 0.8382, time 532.09ms, mfu 1.93%
iter 30223: loss 0.7426, time 405.81ms, mfu 1.91%
iter 30224: loss 0.7011, time 459.71ms, mfu 1.88%
iter 30225: loss 0.7492, time 275.88ms, mfu 1.95%
iter 30226: loss 0.7523, time 379.73ms, mfu 1.94%
iter 30227: loss 0.7049, time 359.83ms, mfu 1.94%
iter 30228: loss 0.7322, time 395.48ms, mfu 1.93%
iter 30229: loss 0.7885, time 310.56ms, mfu 1.96%
iter 30230: loss 0.8171, time 411.94ms, mfu 1.94%
iter 30231: loss 0.7010, time 428.31ms, mfu 1.91%
iter 30232: loss 0.6209, time 362.40ms, mfu 1.91%
iter 30233: loss 0.7195, time 272.06ms, mfu 1.98%
iter 30234: loss 0.7280, time 514.69ms, mfu 1.92%
iter 30235: loss 0.7515, time 410.90ms, mfu 1.90%
iter 30236: loss 0.7556, time 406.23ms, mfu 1.89%
iter 30237: loss 0.7216, time 325.79ms, mfu 1.92%
iter 30238: loss 0.7284, time 384.16ms, mfu 1.91%
iter 30239: loss 0.7034, time 322.95ms, mfu 1.94%
iter 30240: loss 0.6677, time 489.91ms, mfu 1.89%
iter 30241: loss 0.6784, time 438.93ms, mfu 1.86%
iter 30242: loss 0.6641, time 336.08ms, mfu 1.89%
iter 30243: loss 0.6952, time 445.40ms, mfu 1.86%
iter 30244: loss 0.6890, time 473.89ms, mfu 1.82%
iter 30245: loss 0.7090, time 377.00ms, mfu 1.83%
iter 30246: loss 0.6932, time 451.06ms, mfu 1.80%
iter 30247: loss 0.7294, time 319.59ms, mfu 1.84%
iter 30248: loss 0.7209, time 422.60ms, mfu 1.83%
iter 30249: loss 0.7603, time 427.06ms, mfu 1.81%
iter 30250: loss 0.6721, time 305.76ms, mfu 1.86%
iter 30251: loss 0.6684, time 432.16ms, mfu 1.84%
iter 30252: loss 0.6726, time 360.30ms, mfu 1.85%
iter 30253: loss 0.6587, time 302.39ms, mfu 1.90%
iter 30254: loss 0.6183, time 518.42ms, mfu 1.85%
iter 30255: loss 0.7421, time 421.44ms, mfu 1.83%
iter 30256: loss 0.7850, time 288.81ms, mfu 1.89%
iter 30257: loss 0.7495, time 457.63ms, mfu 1.86%
iter 30258: loss 0.7124, time 390.81ms, mfu 1.85%
iter 30259: loss 0.6569, time 274.64ms, mfu 1.93%
iter 30260: loss 0.7016, time 331.24ms, mfu 1.95%
iter 30261: loss 0.8131, time 402.68ms, mfu 1.93%
iter 30262: loss 0.7610, time 512.11ms, mfu 1.87%
iter 30263: loss 0.7053, time 402.56ms, mfu 1.86%
iter 30264: loss 0.7637, time 392.73ms, mfu 1.86%
iter 30265: loss 0.8042, time 411.81ms, mfu 1.84%
iter 30266: loss 0.7684, time 470.52ms, mfu 1.81%
iter 30267: loss 0.6667, time 375.26ms, mfu 1.82%
iter 30268: loss 0.7572, time 439.36ms, mfu 1.80%
iter 30269: loss 0.7072, time 269.34ms, mfu 1.88%
iter 30270: loss 0.7306, time 255.72ms, mfu 1.97%
iter 30271: loss 0.6964, time 382.83ms, mfu 1.96%
iter 30272: loss 0.7170, time 475.80ms, mfu 1.91%
iter 30273: loss 0.6688, time 341.85ms, mfu 1.93%
iter 30274: loss 0.7400, time 306.07ms, mfu 1.97%
iter 30275: loss 0.6377, time 285.62ms, mfu 2.02%
iter 30276: loss 0.7395, time 304.48ms, mfu 2.05%
iter 30277: loss 0.7726, time 381.82ms, mfu 2.03%
iter 30278: loss 0.6882, time 394.07ms, mfu 2.01%
iter 30279: loss 0.7266, time 445.72ms, mfu 1.96%
iter 30280: loss 0.7180, time 356.13ms, mfu 1.97%
iter 30281: loss 0.7500, time 278.58ms, mfu 2.02%
iter 30282: loss 0.7111, time 349.21ms, mfu 2.03%
iter 30283: loss 0.6817, time 341.40ms, mfu 2.03%
iter 30284: loss 0.6283, time 244.01ms, mfu 2.12%
iter 30285: loss 0.6712, time 459.81ms, mfu 2.06%
iter 30286: loss 0.7007, time 294.77ms, mfu 2.09%
iter 30287: loss 0.7494, time 273.73ms, mfu 2.14%
iter 30288: loss 0.7630, time 359.19ms, mfu 2.13%
iter 30289: loss 0.7317, time 576.17ms, mfu 2.04%
iter 30290: loss 0.7059, time 326.54ms, mfu 2.05%
iter 30291: loss 0.7548, time 516.91ms, mfu 1.98%
iter 30292: loss 0.6737, time 319.34ms, mfu 2.01%
iter 30293: loss 0.6724, time 434.83ms, mfu 1.97%
iter 30294: loss 0.7881, time 305.35ms, mfu 2.00%
iter 30295: loss 0.7308, time 361.38ms, mfu 2.00%
iter 30296: loss 0.7785, time 331.10ms, mfu 2.01%
iter 30297: loss 0.7882, time 389.69ms, mfu 1.99%
iter 30298: loss 0.6479, time 468.54ms, mfu 1.95%
iter 30299: loss 0.7000, time 313.28ms, mfu 1.98%
iter 30300: loss 0.7411, time 473.28ms, mfu 1.93%
  === DIAG iter 30300 ===
  loss: 0.7411
  grads: total 1.0000, transformer 0.1529, adapter 0.9882
  <NUM> input tokens: 475/3072 (15.5%)
  lr: base 9.48e-05, adapter 4.74e-05
  SME accuracy: overall 0.483, sign 0.992, exp 0.984, digit 0.295, end 0.824 [d0 0.881 d1 0.543 d2 0.360 d3 0.107 d4 0.148 d5 0.120 d6 0.085 d7 0.098 d8 0.057 d9 0.216 d10 0.171 d11 0.194 d12 0.222 d13 0.125 d14 0.167] (1316 SME tokens)
iter 30301: loss 0.6933, time 246.19ms, mfu 2.02%
iter 30302: loss 0.7367, time 319.50ms, mfu 2.04%
iter 30303: loss 0.7347, time 398.89ms, mfu 2.02%
iter 30304: loss 0.6758, time 300.94ms, mfu 2.05%
iter 30305: loss 0.7791, time 364.53ms, mfu 2.04%
iter 30306: loss 0.7066, time 252.52ms, mfu 2.12%
iter 30307: loss 0.6950, time 516.05ms, mfu 2.04%
iter 30308: loss 0.7251, time 343.94ms, mfu 2.04%
iter 30309: loss 0.7342, time 420.28ms, mfu 2.01%
iter 30310: loss 0.6463, time 475.84ms, mfu 1.96%
iter 30311: loss 0.7671, time 236.32ms, mfu 2.06%
iter 30312: loss 0.7988, time 426.68ms, mfu 2.02%
iter 30313: loss 0.7224, time 332.44ms, mfu 2.03%
iter 30314: loss 0.6925, time 571.16ms, mfu 1.95%
iter 30315: loss 0.7565, time 366.05ms, mfu 1.95%
iter 30316: loss 0.6575, time 438.91ms, mfu 1.92%
iter 30317: loss 0.7654, time 530.79ms, mfu 1.86%
iter 30318: loss 0.7252, time 330.83ms, mfu 1.89%
iter 30319: loss 0.6592, time 424.31ms, mfu 1.87%
iter 30320: loss 0.6978, time 467.15ms, mfu 1.83%
iter 30321: loss 0.6886, time 306.18ms, mfu 1.88%
iter 30322: loss 0.7606, time 447.92ms, mfu 1.85%
iter 30323: loss 0.6203, time 365.45ms, mfu 1.86%
iter 30324: loss 0.7682, time 248.74ms, mfu 1.96%
iter 30325: loss 0.6474, time 303.15ms, mfu 2.00%
iter 30326: loss 0.7782, time 352.05ms, mfu 2.00%
iter 30327: loss 0.7367, time 343.28ms, mfu 2.00%
iter 30328: loss 0.6463, time 438.45ms, mfu 1.97%
iter 30329: loss 0.6996, time 484.39ms, mfu 1.92%
iter 30330: loss 0.7417, time 553.85ms, mfu 1.85%
iter 30331: loss 0.7372, time 322.80ms, mfu 1.89%
iter 30332: loss 0.6519, time 410.20ms, mfu 1.87%
iter 30333: loss 0.6328, time 506.44ms, mfu 1.82%
iter 30334: loss 0.7351, time 270.59ms, mfu 1.90%
iter 30335: loss 0.7750, time 384.55ms, mfu 1.90%
iter 30336: loss 0.6960, time 459.74ms, mfu 1.86%
iter 30337: loss 0.7333, time 316.55ms, mfu 1.90%
iter 30338: loss 0.6627, time 392.03ms, mfu 1.89%
iter 30339: loss 0.7988, time 436.60ms, mfu 1.86%
iter 30340: loss 0.7410, time 464.03ms, mfu 1.83%
iter 30341: loss 0.7318, time 398.89ms, mfu 1.82%
iter 30342: loss 0.7506, time 344.76ms, mfu 1.85%
iter 30343: loss 0.6869, time 486.94ms, mfu 1.81%
iter 30344: loss 0.6472, time 309.25ms, mfu 1.86%
iter 30345: loss 0.7536, time 443.64ms, mfu 1.83%
iter 30346: loss 0.6587, time 496.69ms, mfu 1.79%
iter 30347: loss 0.6721, time 315.75ms, mfu 1.84%
iter 30348: loss 0.6830, time 320.99ms, mfu 1.87%
iter 30349: loss 0.8270, time 284.42ms, mfu 1.93%
iter 30350: loss 0.7133, time 369.69ms, mfu 1.93%
iter 30351: loss 0.7107, time 435.60ms, mfu 1.90%
iter 30352: loss 0.7355, time 355.57ms, mfu 1.91%
iter 30353: loss 0.7285, time 360.06ms, mfu 1.92%
iter 30354: loss 0.7286, time 473.27ms, mfu 1.88%
iter 30355: loss 0.7019, time 453.59ms, mfu 1.84%
iter 30356: loss 0.7047, time 481.68ms, mfu 1.81%
iter 30357: loss 0.7098, time 434.22ms, mfu 1.79%
iter 30358: loss 0.8080, time 418.47ms, mfu 1.78%
iter 30359: loss 0.6281, time 372.50ms, mfu 1.79%
iter 30360: loss 0.7006, time 344.85ms, mfu 1.82%
iter 30361: loss 0.7478, time 448.94ms, mfu 1.79%
iter 30362: loss 0.7709, time 285.93ms, mfu 1.86%
iter 30363: loss 0.6205, time 461.27ms, mfu 1.83%
iter 30364: loss 0.7122, time 331.22ms, mfu 1.86%
iter 30365: loss 0.6648, time 548.40ms, mfu 1.80%
iter 30366: loss 0.7034, time 323.04ms, mfu 1.84%
iter 30367: loss 0.7906, time 291.22ms, mfu 1.90%
iter 30368: loss 0.6802, time 346.22ms, mfu 1.92%
iter 30369: loss 0.7834, time 382.54ms, mfu 1.91%
iter 30370: loss 0.6763, time 448.16ms, mfu 1.88%
iter 30371: loss 0.7267, time 321.00ms, mfu 1.91%
iter 30372: loss 0.7874, time 386.80ms, mfu 1.90%
iter 30373: loss 0.8069, time 350.88ms, mfu 1.91%
iter 30374: loss 0.8040, time 392.74ms, mfu 1.90%
iter 30375: loss 0.7506, time 450.94ms, mfu 1.87%
iter 30376: loss 0.7167, time 354.72ms, mfu 1.88%
iter 30377: loss 0.6752, time 250.69ms, mfu 1.98%
iter 30378: loss 0.6940, time 386.99ms, mfu 1.96%
iter 30379: loss 0.7374, time 498.04ms, mfu 1.91%
iter 30380: loss 0.6973, time 566.38ms, mfu 1.84%
iter 30381: loss 0.6341, time 364.06ms, mfu 1.85%
iter 30382: loss 0.7450, time 357.35ms, mfu 1.87%
iter 30383: loss 0.7195, time 382.53ms, mfu 1.87%
iter 30384: loss 0.6837, time 267.68ms, mfu 1.94%
iter 30385: loss 0.7282, time 312.80ms, mfu 1.98%
iter 30386: loss 0.6825, time 526.06ms, mfu 1.91%
iter 30387: loss 0.6422, time 399.19ms, mfu 1.90%
iter 30388: loss 0.6815, time 493.60ms, mfu 1.85%
iter 30389: loss 0.6492, time 270.74ms, mfu 1.93%
iter 30390: loss 0.6934, time 308.30ms, mfu 1.97%
iter 30391: loss 0.7576, time 350.65ms, mfu 1.97%
iter 30392: loss 0.6689, time 343.99ms, mfu 1.98%
iter 30393: loss 0.6941, time 238.55ms, mfu 2.08%
iter 30394: loss 0.6989, time 426.14ms, mfu 2.04%
iter 30395: loss 0.7206, time 438.25ms, mfu 2.00%
iter 30396: loss 0.7574, time 317.35ms, mfu 2.02%
iter 30397: loss 0.6605, time 558.46ms, mfu 1.94%
iter 30398: loss 0.7297, time 438.32ms, mfu 1.91%
iter 30399: loss 0.7730, time 422.04ms, mfu 1.89%
iter 30400: loss 0.7313, time 546.58ms, mfu 1.83%
  === DIAG iter 30400 ===
  loss: 0.7313
  grads: total 1.0000, transformer 0.1157, adapter 0.9933
  <NUM> input tokens: 474/3072 (15.4%)
  lr: base 9.38e-05, adapter 4.69e-05
  SME accuracy: overall 0.449, sign 0.965, exp 0.957, digit 0.256, end 0.867 [d0 0.882 d1 0.429 d2 0.247 d3 0.179 d4 0.068 d5 0.057 d6 0.076 d7 0.032 d8 0.041 d9 0.161 d10 0.148 d11 0.136 d12 0.095 d13 0.125 d14 0.111] (1197 SME tokens)
iter 30401: loss 0.7244, time 227.21ms, mfu 1.96%
iter 30402: loss 0.6480, time 374.44ms, mfu 1.95%
iter 30403: loss 0.7394, time 461.21ms, mfu 1.91%
iter 30404: loss 0.7860, time 394.98ms, mfu 1.90%
iter 30405: loss 0.7535, time 423.21ms, mfu 1.88%
iter 30406: loss 0.7337, time 257.57ms, mfu 1.96%
iter 30407: loss 0.7467, time 450.80ms, mfu 1.92%
iter 30408: loss 0.6966, time 400.07ms, mfu 1.91%
iter 30409: loss 0.6593, time 367.68ms, mfu 1.91%
iter 30410: loss 0.7922, time 326.07ms, mfu 1.94%
iter 30411: loss 0.7123, time 356.55ms, mfu 1.94%
iter 30412: loss 0.7399, time 424.95ms, mfu 1.91%
iter 30413: loss 0.7877, time 524.11ms, mfu 1.86%
iter 30414: loss 0.7306, time 272.90ms, mfu 1.93%
iter 30415: loss 0.8444, time 389.37ms, mfu 1.92%
iter 30416: loss 0.7694, time 443.76ms, mfu 1.89%
iter 30417: loss 0.7316, time 379.80ms, mfu 1.89%
iter 30418: loss 0.6413, time 358.48ms, mfu 1.90%
iter 30419: loss 0.6685, time 378.29ms, mfu 1.89%
iter 30420: loss 0.7370, time 501.57ms, mfu 1.85%
iter 30421: loss 0.7259, time 423.58ms, mfu 1.83%
iter 30422: loss 0.7091, time 267.19ms, mfu 1.91%
iter 30423: loss 0.6426, time 310.02ms, mfu 1.95%
iter 30424: loss 0.7328, time 351.54ms, mfu 1.95%
iter 30425: loss 0.7443, time 344.92ms, mfu 1.96%
iter 30426: loss 0.6405, time 417.29ms, mfu 1.94%
iter 30427: loss 0.7024, time 280.98ms, mfu 2.00%
iter 30428: loss 0.7162, time 390.67ms, mfu 1.98%
iter 30429: loss 0.6772, time 251.84ms, mfu 2.06%
iter 30430: loss 0.7081, time 448.15ms, mfu 2.01%
iter 30431: loss 0.7216, time 663.40ms, mfu 1.92%
iter 30432: loss 0.7888, time 419.29ms, mfu 1.90%
iter 30433: loss 0.7015, time 459.21ms, mfu 1.86%
iter 30434: loss 0.7384, time 307.24ms, mfu 1.91%
iter 30435: loss 0.6553, time 403.89ms, mfu 1.89%
iter 30436: loss 0.7054, time 416.21ms, mfu 1.87%
iter 30437: loss 0.6833, time 403.48ms, mfu 1.86%
iter 30438: loss 0.7223, time 485.57ms, mfu 1.82%
iter 30439: loss 0.6643, time 463.56ms, mfu 1.79%
iter 30440: loss 0.7097, time 482.13ms, mfu 1.76%
iter 30441: loss 0.6725, time 482.38ms, mfu 1.73%
iter 30442: loss 0.7058, time 364.10ms, mfu 1.75%
iter 30443: loss 0.6849, time 322.33ms, mfu 1.80%
iter 30444: loss 0.7214, time 494.35ms, mfu 1.76%
iter 30445: loss 0.6734, time 367.68ms, mfu 1.78%
iter 30446: loss 0.7629, time 264.95ms, mfu 1.87%
iter 30447: loss 0.7445, time 444.54ms, mfu 1.84%
iter 30448: loss 0.7210, time 386.25ms, mfu 1.84%
iter 30449: loss 0.7395, time 442.63ms, mfu 1.82%
iter 30450: loss 0.7222, time 309.32ms, mfu 1.86%
iter 30451: loss 0.6978, time 400.79ms, mfu 1.85%
iter 30452: loss 0.6457, time 371.53ms, mfu 1.86%
iter 30453: loss 0.7601, time 545.15ms, mfu 1.80%
iter 30454: loss 0.6737, time 364.88ms, mfu 1.82%
iter 30455: loss 0.6925, time 503.67ms, mfu 1.78%
iter 30456: loss 0.6853, time 320.29ms, mfu 1.82%
iter 30457: loss 0.7616, time 283.02ms, mfu 1.89%
iter 30458: loss 0.7756, time 461.26ms, mfu 1.85%
iter 30459: loss 0.6674, time 533.99ms, mfu 1.80%
iter 30460: loss 0.7435, time 296.43ms, mfu 1.86%
iter 30461: loss 0.7060, time 471.45ms, mfu 1.82%
iter 30462: loss 0.7204, time 310.63ms, mfu 1.87%
iter 30463: loss 0.7623, time 496.14ms, mfu 1.83%
iter 30464: loss 0.7130, time 415.34ms, mfu 1.81%
iter 30465: loss 0.8105, time 469.94ms, mfu 1.78%
iter 30466: loss 0.7179, time 349.01ms, mfu 1.81%
iter 30467: loss 0.7607, time 415.60ms, mfu 1.80%
iter 30468: loss 0.7866, time 267.55ms, mfu 1.88%
iter 30469: loss 0.7996, time 439.74ms, mfu 1.86%
iter 30470: loss 0.7125, time 316.00ms, mfu 1.89%
iter 30471: loss 0.6912, time 377.61ms, mfu 1.89%
iter 30472: loss 0.8191, time 341.69ms, mfu 1.91%
iter 30473: loss 0.7935, time 377.37ms, mfu 1.91%
iter 30474: loss 0.7265, time 325.48ms, mfu 1.93%
iter 30475: loss 0.7120, time 377.69ms, mfu 1.93%
iter 30476: loss 0.7271, time 324.11ms, mfu 1.95%
iter 30477: loss 0.6800, time 402.96ms, mfu 1.93%
iter 30478: loss 0.6933, time 477.88ms, mfu 1.89%
iter 30479: loss 0.7513, time 404.26ms, mfu 1.88%
iter 30480: loss 0.8120, time 374.50ms, mfu 1.88%
iter 30481: loss 0.7202, time 365.58ms, mfu 1.88%
iter 30482: loss 0.7684, time 307.13ms, mfu 1.93%
iter 30483: loss 0.6964, time 506.92ms, mfu 1.87%
iter 30484: loss 0.6853, time 284.73ms, mfu 1.93%
iter 30485: loss 0.7546, time 277.34ms, mfu 2.00%
iter 30486: loss 0.7936, time 420.04ms, mfu 1.97%
iter 30487: loss 0.7326, time 354.60ms, mfu 1.97%
iter 30488: loss 0.7501, time 336.53ms, mfu 1.98%
iter 30489: loss 0.7931, time 472.41ms, mfu 1.93%
iter 30490: loss 0.6745, time 463.98ms, mfu 1.89%
iter 30491: loss 0.7408, time 299.58ms, mfu 1.94%
iter 30492: loss 0.7239, time 472.89ms, mfu 1.90%
iter 30493: loss 0.7506, time 327.10ms, mfu 1.92%
iter 30494: loss 0.7558, time 441.65ms, mfu 1.89%
iter 30495: loss 0.7453, time 383.87ms, mfu 1.89%
iter 30496: loss 0.7279, time 303.93ms, mfu 1.93%
iter 30497: loss 0.7198, time 528.82ms, mfu 1.87%
iter 30498: loss 0.7605, time 260.37ms, mfu 1.96%
iter 30499: loss 0.8266, time 453.62ms, mfu 1.92%
iter 30500: loss 0.7976, time 713.21ms, mfu 1.83%
  === DIAG iter 30500 ===
  loss: 0.7976
  grads: total 1.0000, transformer 0.1544, adapter 0.9880
  <NUM> input tokens: 535/3072 (17.4%)
  lr: base 9.27e-05, adapter 4.64e-05
  SME accuracy: overall 0.418, sign 0.966, exp 0.888, digit 0.231, end 0.821 [d0 0.795 d1 0.359 d2 0.247 d3 0.099 d4 0.105 d5 0.070 d6 0.074 d7 0.078 d8 0.093 d9 0.212 d10 0.167 d11 0.083 d12 0.087 d13 0.045 d14 0.000] (1235 SME tokens)
iter 30501: loss 0.7956, time 241.17ms, mfu 1.94%
iter 30502: loss 0.6710, time 357.03ms, mfu 1.94%
iter 30503: loss 0.7182, time 330.65ms, mfu 1.96%
iter 30504: loss 0.7628, time 517.96ms, mfu 1.90%
iter 30505: loss 0.7427, time 303.16ms, mfu 1.95%
iter 30506: loss 0.7764, time 513.18ms, mfu 1.89%
iter 30507: loss 0.6935, time 433.85ms, mfu 1.86%
iter 30508: loss 0.6883, time 314.12ms, mfu 1.90%
iter 30509: loss 0.7195, time 421.40ms, mfu 1.88%
iter 30510: loss 0.7555, time 404.42ms, mfu 1.87%
iter 30511: loss 0.7214, time 436.82ms, mfu 1.84%
iter 30512: loss 0.7196, time 286.64ms, mfu 1.91%
iter 30513: loss 0.6559, time 320.61ms, mfu 1.94%
iter 30514: loss 0.6780, time 373.39ms, mfu 1.93%
iter 30515: loss 0.7176, time 465.70ms, mfu 1.89%
iter 30516: loss 0.6902, time 370.68ms, mfu 1.89%
iter 30517: loss 0.7218, time 358.65ms, mfu 1.90%
iter 30518: loss 0.7267, time 551.10ms, mfu 1.84%
iter 30519: loss 0.7252, time 326.70ms, mfu 1.87%
iter 30520: loss 0.7279, time 377.77ms, mfu 1.87%
iter 30521: loss 0.7662, time 409.21ms, mfu 1.86%
iter 30522: loss 0.7282, time 312.36ms, mfu 1.90%
iter 30523: loss 0.6549, time 430.21ms, mfu 1.88%
iter 30524: loss 0.7173, time 401.26ms, mfu 1.86%
iter 30525: loss 0.7201, time 597.77ms, mfu 1.80%
iter 30526: loss 0.7656, time 220.83ms, mfu 1.94%
iter 30527: loss 0.6173, time 521.86ms, mfu 1.88%
iter 30528: loss 0.7207, time 326.84ms, mfu 1.91%
iter 30529: loss 0.7855, time 612.31ms, mfu 1.83%
iter 30530: loss 0.8268, time 364.99ms, mfu 1.84%
iter 30531: loss 0.7796, time 288.55ms, mfu 1.91%
iter 30532: loss 0.7252, time 454.01ms, mfu 1.87%
iter 30533: loss 0.6841, time 284.30ms, mfu 1.93%
iter 30534: loss 0.6945, time 458.17ms, mfu 1.89%
iter 30535: loss 0.6853, time 410.73ms, mfu 1.88%
iter 30536: loss 0.6593, time 395.32ms, mfu 1.87%
iter 30537: loss 0.7142, time 232.94ms, mfu 1.99%
iter 30538: loss 0.6269, time 448.96ms, mfu 1.95%
iter 30539: loss 0.8359, time 305.98ms, mfu 1.98%
iter 30540: loss 0.6908, time 339.81ms, mfu 1.99%
iter 30541: loss 0.6786, time 447.62ms, mfu 1.95%
iter 30542: loss 0.7862, time 407.12ms, mfu 1.93%
iter 30543: loss 0.6821, time 362.90ms, mfu 1.93%
iter 30544: loss 0.6524, time 464.62ms, mfu 1.89%
iter 30545: loss 0.7909, time 498.71ms, mfu 1.85%
iter 30546: loss 0.8030, time 428.97ms, mfu 1.83%
iter 30547: loss 0.8295, time 504.17ms, mfu 1.78%
iter 30548: loss 0.5905, time 355.03ms, mfu 1.81%
iter 30549: loss 0.7829, time 470.92ms, mfu 1.78%
iter 30550: loss 0.7430, time 450.79ms, mfu 1.75%
iter 30551: loss 0.6674, time 359.17ms, mfu 1.78%
iter 30552: loss 0.7477, time 371.55ms, mfu 1.79%
iter 30553: loss 0.6747, time 370.80ms, mfu 1.80%
iter 30554: loss 0.7222, time 371.69ms, mfu 1.81%
iter 30555: loss 0.6999, time 401.46ms, mfu 1.81%
iter 30556: loss 0.6447, time 356.00ms, mfu 1.83%
iter 30557: loss 0.6405, time 202.29ms, mfu 1.99%
iter 30558: loss 0.6785, time 344.08ms, mfu 2.00%
iter 30559: loss 0.6951, time 453.94ms, mfu 1.96%
iter 30560: loss 0.7340, time 418.50ms, mfu 1.93%
iter 30561: loss 0.7541, time 384.46ms, mfu 1.92%
iter 30562: loss 0.6560, time 399.55ms, mfu 1.91%
iter 30563: loss 0.7472, time 478.39ms, mfu 1.86%
iter 30564: loss 0.6389, time 415.29ms, mfu 1.85%
iter 30565: loss 0.7307, time 343.45ms, mfu 1.87%
iter 30566: loss 0.7531, time 259.94ms, mfu 1.96%
iter 30567: loss 0.7001, time 412.82ms, mfu 1.93%
iter 30568: loss 0.8153, time 344.46ms, mfu 1.94%
iter 30569: loss 0.7069, time 425.38ms, mfu 1.92%
iter 30570: loss 0.7571, time 384.38ms, mfu 1.91%
iter 30571: loss 0.7257, time 335.83ms, mfu 1.93%
iter 30572: loss 0.7400, time 509.87ms, mfu 1.88%
iter 30573: loss 0.7072, time 342.85ms, mfu 1.89%
iter 30574: loss 0.7077, time 318.58ms, mfu 1.93%
iter 30575: loss 0.7200, time 403.36ms, mfu 1.91%
iter 30576: loss 0.7518, time 439.67ms, mfu 1.88%
iter 30577: loss 0.7047, time 305.79ms, mfu 1.92%
iter 30578: loss 0.6850, time 353.26ms, mfu 1.93%
iter 30579: loss 0.7852, time 258.46ms, mfu 2.01%
iter 30580: loss 0.6088, time 477.96ms, mfu 1.96%
iter 30581: loss 0.6531, time 415.99ms, mfu 1.93%
iter 30582: loss 0.7756, time 273.87ms, mfu 2.00%
iter 30583: loss 0.6905, time 265.09ms, mfu 2.07%
iter 30584: loss 0.6820, time 379.92ms, mfu 2.05%
iter 30585: loss 0.6842, time 429.52ms, mfu 2.01%
iter 30586: loss 0.7073, time 337.98ms, mfu 2.02%
iter 30587: loss 0.7546, time 397.34ms, mfu 1.99%
iter 30588: loss 0.7514, time 332.67ms, mfu 2.01%
iter 30589: loss 0.6416, time 297.94ms, mfu 2.04%
iter 30590: loss 0.7043, time 405.61ms, mfu 2.01%
iter 30591: loss 0.7747, time 385.39ms, mfu 2.00%
iter 30592: loss 0.6901, time 306.22ms, mfu 2.03%
iter 30593: loss 0.7072, time 551.21ms, mfu 1.95%
iter 30594: loss 0.7334, time 345.01ms, mfu 1.96%
iter 30595: loss 0.7609, time 484.61ms, mfu 1.91%
iter 30596: loss 0.7807, time 431.39ms, mfu 1.89%
iter 30597: loss 0.7094, time 251.20ms, mfu 1.98%
iter 30598: loss 0.7067, time 381.71ms, mfu 1.97%
iter 30599: loss 0.6668, time 386.42ms, mfu 1.95%
iter 30600: loss 0.7398, time 310.73ms, mfu 1.99%
  === DIAG iter 30600 ===
  loss: 0.7398
  grads: total 1.0000, transformer 0.1455, adapter 0.9894
  <NUM> input tokens: 397/3072 (12.9%)
  lr: base 9.17e-05, adapter 4.58e-05
  SME accuracy: overall 0.445, sign 0.973, exp 0.982, digit 0.253, end 0.874 [d0 0.849 d1 0.415 d2 0.286 d3 0.093 d4 0.086 d5 0.119 d6 0.108 d7 0.133 d8 0.132 d9 0.278 d10 0.125 d11 0.107 d12 0.000 d13 0.095 d14 0.000] (1200 SME tokens)
iter 30601: loss 0.7232, time 236.43ms, mfu 2.09%
iter 30602: loss 0.6618, time 338.03ms, mfu 2.09%
iter 30603: loss 0.7624, time 325.81ms, mfu 2.10%
iter 30604: loss 0.8093, time 616.64ms, mfu 2.00%
iter 30605: loss 0.7799, time 329.98ms, mfu 2.02%
iter 30606: loss 0.7275, time 304.73ms, mfu 2.05%
iter 30607: loss 0.7460, time 482.90ms, mfu 1.99%
iter 30608: loss 0.7126, time 423.19ms, mfu 1.96%
iter 30609: loss 0.8027, time 426.40ms, mfu 1.93%
iter 30610: loss 0.6763, time 373.26ms, mfu 1.93%
iter 30611: loss 0.7169, time 335.74ms, mfu 1.94%
iter 30612: loss 0.6745, time 524.35ms, mfu 1.89%
iter 30613: loss 0.7087, time 429.38ms, mfu 1.86%
iter 30614: loss 0.7572, time 234.63ms, mfu 1.98%
iter 30615: loss 0.6556, time 299.95ms, mfu 2.02%
iter 30616: loss 0.7739, time 391.01ms, mfu 2.00%
iter 30617: loss 0.6894, time 331.27ms, mfu 2.01%
iter 30618: loss 0.6900, time 320.64ms, mfu 2.03%
iter 30619: loss 0.7622, time 367.15ms, mfu 2.02%
iter 30620: loss 0.7978, time 599.28ms, mfu 1.94%
iter 30621: loss 0.6913, time 370.72ms, mfu 1.93%
iter 30622: loss 0.6884, time 438.10ms, mfu 1.90%
iter 30623: loss 0.6742, time 509.47ms, mfu 1.85%
iter 30624: loss 0.6808, time 322.85ms, mfu 1.89%
iter 30625: loss 0.8071, time 355.17ms, mfu 1.90%
iter 30626: loss 0.6665, time 392.78ms, mfu 1.89%
iter 30627: loss 0.7861, time 411.58ms, mfu 1.87%
iter 30628: loss 0.7325, time 299.90ms, mfu 1.92%
iter 30629: loss 0.7292, time 527.56ms, mfu 1.86%
iter 30630: loss 0.6815, time 285.83ms, mfu 1.92%
iter 30631: loss 0.7311, time 366.83ms, mfu 1.92%
iter 30632: loss 0.6481, time 374.68ms, mfu 1.92%
iter 30633: loss 0.6679, time 271.23ms, mfu 1.99%
iter 30634: loss 0.7009, time 476.87ms, mfu 1.94%
iter 30635: loss 0.7980, time 528.02ms, mfu 1.88%
iter 30636: loss 0.6625, time 266.64ms, mfu 1.96%
iter 30637: loss 0.7243, time 342.73ms, mfu 1.97%
iter 30638: loss 0.7164, time 421.98ms, mfu 1.94%
iter 30639: loss 0.6839, time 289.33ms, mfu 1.99%
iter 30640: loss 0.7288, time 527.33ms, mfu 1.93%
iter 30641: loss 0.6960, time 342.18ms, mfu 1.94%
iter 30642: loss 0.7346, time 378.20ms, mfu 1.93%
iter 30643: loss 0.7554, time 389.89ms, mfu 1.92%
iter 30644: loss 0.7762, time 316.32ms, mfu 1.95%
iter 30645: loss 0.6754, time 365.48ms, mfu 1.95%
iter 30646: loss 0.7122, time 426.89ms, mfu 1.92%
iter 30647: loss 0.6551, time 392.03ms, mfu 1.91%
iter 30648: loss 0.7738, time 309.42ms, mfu 1.95%
iter 30649: loss 0.7494, time 310.25ms, mfu 1.98%
iter 30650: loss 0.7489, time 412.80ms, mfu 1.96%
iter 30651: loss 0.7360, time 326.05ms, mfu 1.98%
iter 30652: loss 0.6678, time 439.66ms, mfu 1.94%
iter 30653: loss 0.7211, time 356.52ms, mfu 1.95%
iter 30654: loss 0.6908, time 321.53ms, mfu 1.97%
iter 30655: loss 0.7929, time 412.63ms, mfu 1.95%
iter 30656: loss 0.7251, time 263.70ms, mfu 2.02%
iter 30657: loss 0.6888, time 406.33ms, mfu 1.99%
iter 30658: loss 0.7786, time 357.75ms, mfu 1.99%
iter 30659: loss 0.7129, time 481.77ms, mfu 1.94%
iter 30660: loss 0.6769, time 304.40ms, mfu 1.98%
iter 30661: loss 0.7411, time 435.95ms, mfu 1.94%
iter 30662: loss 0.7043, time 355.38ms, mfu 1.95%
iter 30663: loss 0.7175, time 349.09ms, mfu 1.96%
iter 30664: loss 0.7004, time 386.86ms, mfu 1.94%
iter 30665: loss 0.6656, time 390.59ms, mfu 1.93%
iter 30666: loss 0.6778, time 321.89ms, mfu 1.96%
iter 30667: loss 0.6597, time 500.87ms, mfu 1.90%
iter 30668: loss 0.7139, time 346.51ms, mfu 1.92%
iter 30669: loss 0.7885, time 399.71ms, mfu 1.90%
iter 30670: loss 0.7620, time 451.88ms, mfu 1.87%
iter 30671: loss 0.6399, time 414.74ms, mfu 1.85%
iter 30672: loss 0.6210, time 409.83ms, mfu 1.84%
iter 30673: loss 0.6827, time 384.52ms, mfu 1.84%
iter 30674: loss 0.6866, time 346.12ms, mfu 1.86%
iter 30675: loss 0.7719, time 385.51ms, mfu 1.86%
iter 30676: loss 0.7582, time 377.97ms, mfu 1.86%
iter 30677: loss 0.6653, time 349.76ms, mfu 1.88%
iter 30678: loss 0.7394, time 425.56ms, mfu 1.86%
iter 30679: loss 0.6911, time 285.40ms, mfu 1.92%
iter 30680: loss 0.6576, time 407.81ms, mfu 1.90%
iter 30681: loss 0.7223, time 364.13ms, mfu 1.91%
iter 30682: loss 0.8577, time 365.75ms, mfu 1.91%
iter 30683: loss 0.7419, time 386.06ms, mfu 1.90%
iter 30684: loss 0.7398, time 287.49ms, mfu 1.96%
iter 30685: loss 0.7589, time 395.19ms, mfu 1.94%
iter 30686: loss 0.7337, time 435.37ms, mfu 1.91%
iter 30687: loss 0.7229, time 353.05ms, mfu 1.92%
iter 30688: loss 0.7184, time 391.69ms, mfu 1.91%
iter 30689: loss 0.6637, time 526.13ms, mfu 1.85%
iter 30690: loss 0.6660, time 425.22ms, mfu 1.83%
iter 30691: loss 0.7775, time 480.84ms, mfu 1.80%
iter 30692: loss 0.6909, time 470.85ms, mfu 1.77%
iter 30693: loss 0.6043, time 358.46ms, mfu 1.79%
iter 30694: loss 0.7967, time 343.46ms, mfu 1.82%
iter 30695: loss 0.8579, time 616.21ms, mfu 1.75%
iter 30696: loss 0.7742, time 268.40ms, mfu 1.84%
iter 30697: loss 0.8841, time 345.86ms, mfu 1.86%
iter 30698: loss 0.7193, time 337.00ms, mfu 1.88%
iter 30699: loss 0.6467, time 595.76ms, mfu 1.82%
iter 30700: loss 0.7657, time 483.08ms, mfu 1.78%
  === DIAG iter 30700 ===
  loss: 0.7657
  grads: total 1.0000, transformer 0.1465, adapter 0.9892
  <NUM> input tokens: 481/3072 (15.7%)
  lr: base 9.06e-05, adapter 4.53e-05
  SME accuracy: overall 0.429, sign 0.966, exp 0.932, digit 0.239, end 0.860 [d0 0.843 d1 0.411 d2 0.298 d3 0.036 d4 0.127 d5 0.057 d6 0.043 d7 0.091 d8 0.115 d9 0.140 d10 0.139 d11 0.172 d12 0.185 d13 0.150 d14 0.059] (1266 SME tokens)
iter 30701: loss 0.8019, time 239.51ms, mfu 1.90%
iter 30702: loss 0.7654, time 382.00ms, mfu 1.89%
iter 30703: loss 0.7334, time 391.35ms, mfu 1.89%
iter 30704: loss 0.7027, time 477.33ms, mfu 1.85%
iter 30705: loss 0.6388, time 303.89ms, mfu 1.89%
iter 30706: loss 0.7685, time 300.58ms, mfu 1.94%
iter 30707: loss 0.6876, time 311.06ms, mfu 1.97%
iter 30708: loss 0.6529, time 444.76ms, mfu 1.94%
iter 30709: loss 0.8037, time 390.92ms, mfu 1.92%
iter 30710: loss 0.7866, time 294.91ms, mfu 1.97%
iter 30711: loss 0.6863, time 337.30ms, mfu 1.98%
iter 30712: loss 0.6425, time 387.25ms, mfu 1.97%
iter 30713: loss 0.8157, time 332.75ms, mfu 1.99%
iter 30714: loss 0.6405, time 376.33ms, mfu 1.98%
iter 30715: loss 0.6277, time 310.62ms, mfu 2.01%
iter 30716: loss 0.6620, time 387.82ms, mfu 1.99%
iter 30717: loss 0.7298, time 522.62ms, mfu 1.92%
iter 30718: loss 0.7212, time 492.97ms, mfu 1.88%
iter 30719: loss 0.6956, time 271.02ms, mfu 1.95%
iter 30720: loss 0.6794, time 410.71ms, mfu 1.93%
iter 30721: loss 0.7495, time 403.45ms, mfu 1.91%
iter 30722: loss 0.7247, time 403.41ms, mfu 1.90%
iter 30723: loss 0.7205, time 301.53ms, mfu 1.94%
iter 30724: loss 0.6583, time 475.75ms, mfu 1.90%
iter 30725: loss 0.7563, time 378.71ms, mfu 1.89%
iter 30726: loss 0.7104, time 434.95ms, mfu 1.87%
iter 30727: loss 0.6869, time 402.78ms, mfu 1.86%
iter 30728: loss 0.6861, time 574.87ms, mfu 1.79%
iter 30729: loss 0.7504, time 362.51ms, mfu 1.81%
iter 30730: loss 0.6509, time 346.43ms, mfu 1.83%
iter 30731: loss 0.7560, time 328.86ms, mfu 1.87%
iter 30732: loss 0.6881, time 356.29ms, mfu 1.88%
iter 30733: loss 0.6622, time 418.68ms, mfu 1.86%
iter 30734: loss 0.7740, time 365.66ms, mfu 1.87%
iter 30735: loss 0.7786, time 440.25ms, mfu 1.84%
iter 30736: loss 0.7343, time 283.29ms, mfu 1.91%
iter 30737: loss 0.7225, time 339.30ms, mfu 1.93%
iter 30738: loss 0.7795, time 330.04ms, mfu 1.95%
iter 30739: loss 0.7195, time 302.11ms, mfu 1.99%
iter 30740: loss 0.7378, time 439.49ms, mfu 1.95%
iter 30741: loss 0.6151, time 407.75ms, mfu 1.93%
iter 30742: loss 0.7461, time 368.56ms, mfu 1.93%
iter 30743: loss 0.7331, time 341.05ms, mfu 1.94%
iter 30744: loss 0.7098, time 269.17ms, mfu 2.01%
iter 30745: loss 0.6349, time 404.08ms, mfu 1.99%
iter 30746: loss 0.6991, time 365.20ms, mfu 1.98%
iter 30747: loss 0.7129, time 392.07ms, mfu 1.96%
iter 30748: loss 0.7151, time 348.18ms, mfu 1.97%
iter 30749: loss 0.6155, time 386.28ms, mfu 1.96%
iter 30750: loss 0.7415, time 408.23ms, mfu 1.94%
iter 30751: loss 0.7479, time 346.94ms, mfu 1.95%
iter 30752: loss 0.7224, time 524.13ms, mfu 1.89%
iter 30753: loss 0.6635, time 365.74ms, mfu 1.89%
iter 30754: loss 0.7733, time 473.26ms, mfu 1.85%
iter 30755: loss 0.6423, time 296.96ms, mfu 1.91%
iter 30756: loss 0.6927, time 239.89ms, mfu 2.01%
iter 30757: loss 0.7345, time 512.88ms, mfu 1.95%
iter 30758: loss 0.7340, time 417.50ms, mfu 1.92%
iter 30759: loss 0.7388, time 548.66ms, mfu 1.86%
iter 30760: loss 0.6965, time 408.53ms, mfu 1.85%
iter 30761: loss 0.7751, time 283.02ms, mfu 1.91%
iter 30762: loss 0.7361, time 350.05ms, mfu 1.92%
iter 30763: loss 0.7554, time 517.81ms, mfu 1.87%
iter 30764: loss 0.7796, time 283.43ms, mfu 1.93%
iter 30765: loss 0.6739, time 436.64ms, mfu 1.90%
iter 30766: loss 0.7680, time 309.17ms, mfu 1.94%
iter 30767: loss 0.7297, time 280.18ms, mfu 2.00%
iter 30768: loss 0.7489, time 502.60ms, mfu 1.94%
iter 30769: loss 0.7760, time 523.47ms, mfu 1.88%
iter 30770: loss 0.6001, time 485.87ms, mfu 1.84%
iter 30771: loss 0.6514, time 379.25ms, mfu 1.84%
iter 30772: loss 0.6678, time 460.20ms, mfu 1.81%
iter 30773: loss 0.7459, time 421.60ms, mfu 1.80%
iter 30774: loss 0.7296, time 293.72ms, mfu 1.86%
iter 30775: loss 0.7150, time 491.39ms, mfu 1.82%
iter 30776: loss 0.7571, time 376.72ms, mfu 1.82%
iter 30777: loss 0.7434, time 262.86ms, mfu 1.91%
iter 30778: loss 0.6854, time 404.96ms, mfu 1.90%
iter 30779: loss 0.6907, time 401.80ms, mfu 1.88%
iter 30780: loss 0.6868, time 391.07ms, mfu 1.88%
iter 30781: loss 0.7782, time 318.52ms, mfu 1.91%
iter 30782: loss 0.7443, time 308.06ms, mfu 1.95%
iter 30783: loss 0.6897, time 367.99ms, mfu 1.95%
iter 30784: loss 0.7936, time 442.24ms, mfu 1.91%
iter 30785: loss 0.7191, time 359.79ms, mfu 1.92%
iter 30786: loss 0.7566, time 412.10ms, mfu 1.90%
iter 30787: loss 0.6318, time 428.88ms, mfu 1.87%
iter 30788: loss 0.7249, time 366.38ms, mfu 1.88%
iter 30789: loss 0.7506, time 425.89ms, mfu 1.86%
iter 30790: loss 0.7299, time 341.47ms, mfu 1.88%
iter 30791: loss 0.8024, time 394.48ms, mfu 1.87%
iter 30792: loss 0.7763, time 404.67ms, mfu 1.86%
iter 30793: loss 0.6964, time 320.63ms, mfu 1.89%
iter 30794: loss 0.7440, time 348.15ms, mfu 1.91%
iter 30795: loss 0.7595, time 423.69ms, mfu 1.89%
iter 30796: loss 0.6593, time 395.38ms, mfu 1.88%
iter 30797: loss 0.7551, time 210.89ms, mfu 2.02%
iter 30798: loss 0.6287, time 352.16ms, mfu 2.02%
iter 30799: loss 0.7219, time 258.80ms, mfu 2.09%
iter 30800: loss 0.6738, time 597.51ms, mfu 2.00%
  === DIAG iter 30800 ===
  loss: 0.6738
  grads: total 1.0000, transformer 0.1648, adapter 0.9863
  <NUM> input tokens: 415/3072 (13.5%)
  lr: base 8.96e-05, adapter 4.48e-05
  SME accuracy: overall 0.447, sign 0.979, exp 0.979, digit 0.263, end 0.865 [d0 0.846 d1 0.284 d2 0.219 d3 0.094 d4 0.111 d5 0.140 d6 0.185 d7 0.151 d8 0.157 d9 0.306 d10 0.300 d11 0.250 d12 0.231 d13 0.211 d14 0.062] (1057 SME tokens)
iter 30801: loss 0.7902, time 226.97ms, mfu 2.12%
iter 30802: loss 0.7944, time 410.21ms, mfu 2.08%
iter 30803: loss 0.6737, time 462.51ms, mfu 2.02%
iter 30804: loss 0.7443, time 494.02ms, mfu 1.96%
iter 30805: loss 0.6443, time 322.56ms, mfu 1.99%
iter 30806: loss 0.6957, time 453.22ms, mfu 1.94%
iter 30807: loss 0.6660, time 411.35ms, mfu 1.92%
iter 30808: loss 0.6809, time 363.92ms, mfu 1.93%
iter 30809: loss 0.6922, time 311.78ms, mfu 1.96%
iter 30810: loss 0.7490, time 472.01ms, mfu 1.91%
iter 30811: loss 0.6647, time 304.16ms, mfu 1.96%
iter 30812: loss 0.7523, time 235.89ms, mfu 2.06%
iter 30813: loss 0.7245, time 349.85ms, mfu 2.06%
iter 30814: loss 0.7195, time 323.05ms, mfu 2.07%
iter 30815: loss 0.6565, time 437.51ms, mfu 2.03%
iter 30816: loss 0.7612, time 491.91ms, mfu 1.97%
iter 30817: loss 0.7364, time 372.22ms, mfu 1.96%
iter 30818: loss 0.7493, time 550.02ms, mfu 1.89%
iter 30819: loss 0.7324, time 315.26ms, mfu 1.93%
iter 30820: loss 0.6639, time 293.43ms, mfu 1.98%
iter 30821: loss 0.7393, time 342.81ms, mfu 1.99%
iter 30822: loss 0.6913, time 441.72ms, mfu 1.95%
iter 30823: loss 0.6905, time 423.42ms, mfu 1.92%
iter 30824: loss 0.6730, time 349.07ms, mfu 1.93%
iter 30825: loss 0.7419, time 472.09ms, mfu 1.89%
iter 30826: loss 0.7072, time 319.84ms, mfu 1.92%
iter 30827: loss 0.7840, time 340.27ms, mfu 1.94%
iter 30828: loss 0.7080, time 469.22ms, mfu 1.89%
iter 30829: loss 0.7603, time 310.85ms, mfu 1.93%
iter 30830: loss 0.7631, time 329.00ms, mfu 1.96%
iter 30831: loss 0.7282, time 348.84ms, mfu 1.96%
iter 30832: loss 0.7958, time 430.07ms, mfu 1.93%
iter 30833: loss 0.7792, time 333.25ms, mfu 1.95%
iter 30834: loss 0.7363, time 276.57ms, mfu 2.01%
iter 30835: loss 0.7208, time 351.77ms, mfu 2.01%
iter 30836: loss 0.7907, time 428.20ms, mfu 1.98%
iter 30837: loss 0.6851, time 366.37ms, mfu 1.97%
iter 30838: loss 0.7480, time 325.65ms, mfu 1.99%
iter 30839: loss 0.7070, time 388.56ms, mfu 1.98%
iter 30840: loss 0.7154, time 233.67ms, mfu 2.08%
iter 30841: loss 0.6794, time 388.62ms, mfu 2.06%
iter 30842: loss 0.6877, time 384.08ms, mfu 2.03%
iter 30843: loss 0.6195, time 493.45ms, mfu 1.97%
iter 30844: loss 0.7443, time 321.62ms, mfu 2.00%
iter 30845: loss 0.7140, time 448.07ms, mfu 1.96%
iter 30846: loss 0.7868, time 308.32ms, mfu 1.99%
iter 30847: loss 0.6877, time 435.43ms, mfu 1.95%
iter 30848: loss 0.6507, time 476.14ms, mfu 1.91%
iter 30849: loss 0.6924, time 342.75ms, mfu 1.92%
iter 30850: loss 0.7414, time 385.67ms, mfu 1.92%
iter 30851: loss 0.7635, time 340.01ms, mfu 1.93%
iter 30852: loss 0.7425, time 396.35ms, mfu 1.92%
iter 30853: loss 0.6374, time 355.58ms, mfu 1.93%
iter 30854: loss 0.7399, time 250.65ms, mfu 2.02%
iter 30855: loss 0.6910, time 387.61ms, mfu 2.00%
iter 30856: loss 0.7746, time 513.03ms, mfu 1.94%
iter 30857: loss 0.8039, time 355.39ms, mfu 1.94%
iter 30858: loss 0.7117, time 239.11ms, mfu 2.04%
iter 30859: loss 0.7403, time 370.28ms, mfu 2.03%
iter 30860: loss 0.7076, time 286.10ms, mfu 2.08%
iter 30861: loss 0.6812, time 341.83ms, mfu 2.07%
iter 30862: loss 0.7555, time 517.05ms, mfu 2.00%
iter 30863: loss 0.6803, time 457.76ms, mfu 1.96%
iter 30864: loss 0.7130, time 307.62ms, mfu 1.99%
iter 30865: loss 0.7127, time 307.68ms, mfu 2.02%
iter 30866: loss 0.8140, time 376.50ms, mfu 2.01%
iter 30867: loss 0.7257, time 390.53ms, mfu 1.99%
iter 30868: loss 0.7237, time 373.51ms, mfu 1.98%
iter 30869: loss 0.6964, time 393.50ms, mfu 1.96%
iter 30870: loss 0.7623, time 330.22ms, mfu 1.98%
iter 30871: loss 0.6927, time 347.89ms, mfu 1.99%
iter 30872: loss 0.7965, time 457.81ms, mfu 1.94%
iter 30873: loss 0.7695, time 373.05ms, mfu 1.94%
iter 30874: loss 0.6703, time 400.32ms, mfu 1.92%
iter 30875: loss 0.7029, time 415.15ms, mfu 1.90%
iter 30876: loss 0.6908, time 357.29ms, mfu 1.91%
iter 30877: loss 0.7800, time 363.78ms, mfu 1.91%
iter 30878: loss 0.7738, time 336.03ms, mfu 1.93%
iter 30879: loss 0.7198, time 390.57ms, mfu 1.92%
iter 30880: loss 0.7394, time 272.46ms, mfu 1.99%
iter 30881: loss 0.6982, time 379.46ms, mfu 1.98%
iter 30882: loss 0.7602, time 411.67ms, mfu 1.95%
iter 30883: loss 0.8117, time 235.73ms, mfu 2.06%
iter 30884: loss 0.7933, time 310.26ms, mfu 2.08%
iter 30885: loss 0.7702, time 612.46ms, mfu 1.99%
iter 30886: loss 0.7417, time 465.46ms, mfu 1.94%
iter 30887: loss 0.7878, time 404.96ms, mfu 1.92%
iter 30888: loss 0.6036, time 410.59ms, mfu 1.90%
iter 30889: loss 0.6831, time 305.70ms, mfu 1.94%
iter 30890: loss 0.7864, time 423.20ms, mfu 1.92%
iter 30891: loss 0.6978, time 342.40ms, mfu 1.93%
iter 30892: loss 0.6901, time 397.32ms, mfu 1.92%
iter 30893: loss 0.7989, time 537.93ms, mfu 1.86%
iter 30894: loss 0.7183, time 454.64ms, mfu 1.83%
iter 30895: loss 0.7503, time 265.50ms, mfu 1.91%
iter 30896: loss 0.6673, time 410.90ms, mfu 1.89%
iter 30897: loss 0.7070, time 389.73ms, mfu 1.89%
iter 30898: loss 0.7400, time 327.62ms, mfu 1.91%
iter 30899: loss 0.7999, time 411.51ms, mfu 1.89%
iter 30900: loss 0.7262, time 524.17ms, mfu 1.84%
  === DIAG iter 30900 ===
  loss: 0.7262
  grads: total 1.0000, transformer 0.1106, adapter 0.9939
  <NUM> input tokens: 440/3072 (14.3%)
  lr: base 8.86e-05, adapter 4.43e-05
  SME accuracy: overall 0.439, sign 0.990, exp 0.951, digit 0.249, end 0.874 [d0 0.848 d1 0.361 d2 0.176 d3 0.149 d4 0.127 d5 0.150 d6 0.143 d7 0.143 d8 0.120 d9 0.150 d10 0.189 d11 0.176 d12 0.100 d13 0.182 d14 0.071] (1122 SME tokens)
iter 30901: loss 0.6722, time 234.43ms, mfu 1.96%
iter 30902: loss 0.7931, time 302.14ms, mfu 2.00%
iter 30903: loss 0.6620, time 343.28ms, mfu 2.00%
iter 30904: loss 0.7550, time 471.60ms, mfu 1.95%
iter 30905: loss 0.6860, time 345.56ms, mfu 1.96%
iter 30906: loss 0.7823, time 360.36ms, mfu 1.96%
iter 30907: loss 0.6857, time 435.01ms, mfu 1.93%
iter 30908: loss 0.7380, time 366.21ms, mfu 1.93%
iter 30909: loss 0.6986, time 475.32ms, mfu 1.89%
iter 30910: loss 0.7086, time 377.49ms, mfu 1.89%
iter 30911: loss 0.7008, time 398.91ms, mfu 1.87%
iter 30912: loss 0.7104, time 351.10ms, mfu 1.89%
iter 30913: loss 0.8049, time 390.66ms, mfu 1.88%
iter 30914: loss 0.6938, time 401.19ms, mfu 1.87%
iter 30915: loss 0.7008, time 382.63ms, mfu 1.87%
iter 30916: loss 0.7054, time 294.08ms, mfu 1.92%
iter 30917: loss 0.7325, time 340.78ms, mfu 1.94%
iter 30918: loss 0.7120, time 437.25ms, mfu 1.91%
iter 30919: loss 0.6556, time 351.60ms, mfu 1.92%
iter 30920: loss 0.7176, time 306.44ms, mfu 1.96%
iter 30921: loss 0.7158, time 504.81ms, mfu 1.90%
iter 30922: loss 0.7512, time 400.31ms, mfu 1.89%
iter 30923: loss 0.7778, time 445.39ms, mfu 1.86%
iter 30924: loss 0.7198, time 322.39ms, mfu 1.89%
iter 30925: loss 0.6868, time 384.81ms, mfu 1.89%
iter 30926: loss 0.7669, time 449.76ms, mfu 1.86%
iter 30927: loss 0.6350, time 418.72ms, mfu 1.84%
iter 30928: loss 0.6996, time 327.68ms, mfu 1.87%
iter 30929: loss 0.8559, time 414.43ms, mfu 1.86%
iter 30930: loss 0.6940, time 314.34ms, mfu 1.90%
iter 30931: loss 0.8343, time 379.42ms, mfu 1.89%
iter 30932: loss 0.7207, time 466.59ms, mfu 1.86%
iter 30933: loss 0.6856, time 252.08ms, mfu 1.95%
iter 30934: loss 0.7659, time 271.03ms, mfu 2.02%
iter 30935: loss 0.6974, time 432.39ms, mfu 1.98%
iter 30936: loss 0.7167, time 406.29ms, mfu 1.96%
iter 30937: loss 0.7721, time 407.22ms, mfu 1.93%
iter 30938: loss 0.7431, time 360.04ms, mfu 1.94%
iter 30939: loss 0.7634, time 544.27ms, mfu 1.87%
iter 30940: loss 0.7552, time 417.92ms, mfu 1.86%
iter 30941: loss 0.6937, time 251.47ms, mfu 1.95%
iter 30942: loss 0.7319, time 355.77ms, mfu 1.96%
iter 30943: loss 0.6900, time 382.80ms, mfu 1.95%
iter 30944: loss 0.6581, time 508.52ms, mfu 1.89%
iter 30945: loss 0.7483, time 258.33ms, mfu 1.98%
iter 30946: loss 0.7178, time 419.84ms, mfu 1.95%
iter 30947: loss 0.5820, time 365.88ms, mfu 1.95%
iter 30948: loss 0.7797, time 408.04ms, mfu 1.93%
iter 30949: loss 0.6739, time 351.29ms, mfu 1.93%
iter 30950: loss 0.6926, time 320.21ms, mfu 1.96%
iter 30951: loss 0.7152, time 453.76ms, mfu 1.92%
iter 30952: loss 0.7807, time 237.63ms, mfu 2.03%
iter 30953: loss 0.7163, time 396.80ms, mfu 2.00%
iter 30954: loss 0.7529, time 301.27ms, mfu 2.04%
iter 30955: loss 0.7534, time 428.98ms, mfu 2.00%
iter 30956: loss 0.7260, time 492.83ms, mfu 1.94%
iter 30957: loss 0.7124, time 318.70ms, mfu 1.97%
iter 30958: loss 0.7287, time 393.04ms, mfu 1.96%
iter 30959: loss 0.7444, time 453.16ms, mfu 1.92%
iter 30960: loss 0.6787, time 323.95ms, mfu 1.94%
iter 30961: loss 0.7692, time 393.80ms, mfu 1.93%
iter 30962: loss 0.6889, time 439.23ms, mfu 1.90%
iter 30963: loss 0.6560, time 369.53ms, mfu 1.90%
iter 30964: loss 0.6052, time 374.09ms, mfu 1.90%
iter 30965: loss 0.6562, time 419.70ms, mfu 1.88%
iter 30966: loss 0.7079, time 305.49ms, mfu 1.92%
iter 30967: loss 0.6693, time 454.43ms, mfu 1.89%
iter 30968: loss 0.7159, time 375.68ms, mfu 1.89%
iter 30969: loss 0.7698, time 442.31ms, mfu 1.86%
iter 30970: loss 0.7245, time 365.65ms, mfu 1.87%
iter 30971: loss 0.7311, time 400.88ms, mfu 1.86%
iter 30972: loss 0.6447, time 424.89ms, mfu 1.84%
iter 30973: loss 0.6678, time 313.70ms, mfu 1.88%
iter 30974: loss 0.7944, time 465.43ms, mfu 1.84%
iter 30975: loss 0.7834, time 349.94ms, mfu 1.86%
iter 30976: loss 0.6900, time 395.14ms, mfu 1.85%
iter 30977: loss 0.7395, time 257.72ms, mfu 1.94%
iter 30978: loss 0.7785, time 378.50ms, mfu 1.94%
iter 30979: loss 0.7557, time 251.31ms, mfu 2.03%
iter 30980: loss 0.7796, time 442.02ms, mfu 1.98%
iter 30981: loss 0.6824, time 426.20ms, mfu 1.95%
iter 30982: loss 0.7127, time 470.56ms, mfu 1.91%
iter 30983: loss 0.6795, time 428.69ms, mfu 1.88%
iter 30984: loss 0.7820, time 354.89ms, mfu 1.89%
iter 30985: loss 0.6614, time 361.93ms, mfu 1.90%
iter 30986: loss 0.7834, time 318.70ms, mfu 1.93%
iter 30987: loss 0.7270, time 295.54ms, mfu 1.98%
iter 30988: loss 0.7144, time 347.72ms, mfu 1.98%
iter 30989: loss 0.7042, time 536.27ms, mfu 1.92%
iter 30990: loss 0.7277, time 397.51ms, mfu 1.90%
iter 30991: loss 0.7147, time 358.39ms, mfu 1.91%
iter 30992: loss 0.7276, time 462.02ms, mfu 1.87%
iter 30993: loss 0.7911, time 471.62ms, mfu 1.84%
iter 30994: loss 0.7134, time 370.26ms, mfu 1.84%
iter 30995: loss 0.7562, time 401.51ms, mfu 1.84%
iter 30996: loss 0.7619, time 259.57ms, mfu 1.93%
iter 30997: loss 0.7053, time 265.67ms, mfu 2.00%
iter 30998: loss 0.7269, time 447.10ms, mfu 1.96%
iter 30999: loss 0.7909, time 428.39ms, mfu 1.93%
iter 31000: loss 0.6848, time 454.75ms, mfu 1.89%
  === DIAG iter 31000 ===
  loss: 0.6848
  grads: total 1.0000, transformer 0.2687, adapter 0.9632
  <NUM> input tokens: 460/3072 (15.0%)
  lr: base 8.76e-05, adapter 4.38e-05
  SME accuracy: overall 0.480, sign 0.982, exp 0.991, digit 0.295, end 0.883 [d0 0.877 d1 0.458 d2 0.304 d3 0.195 d4 0.123 d5 0.118 d6 0.108 d7 0.133 d8 0.137 d9 0.235 d10 0.241 d11 0.296 d12 0.238 d13 0.211 d14 0.000] (1198 SME tokens)
  --- Sample eval (val) ---
  MAX: <1.69258e+08> <-2.86719e+08> →
    target: 1.693e+08
    pred:   1.651e+08
    error:  4146641.00

  MAX: <7.17285e+08> <8.43> →
    target: 7.173e+08
    pred:   7.001e+08
    error:  17173736.00

   <-2.54894e+08> <0> <-3.76179e+08> <9.80265e-07> <9.40311e+08> →
    target: 9.403e+08
    pred:   9.729e+08
    error:  32600168.00

  SORT: <5.93401e+08> <5.6823e+08> <4.17557e+08> <9.61688e+06> <8.11284e+06> <-2.58942e+08> <7.00254e+06> <-7.06345e+08> →
    target: -7.063e+08 -2.589e+08 7.003e+06 8.113e+06 9.617e+06 4.176e+08 5.682e+08 5.934e+08
    pred:   -7.111e+08 -2.781e+08 6.111e+06 7.041e+06 9.111e+06 4.121e+08 INVALID(unparseable) 5.991e+08
    error:  4766483.00 19169206.15 891442.00 1071740.00 505783.00 5445664.81 N/A 5710320.71

  MIN: <0.82136> <5.83756e+07> <8e+08> <9016.56> <4.89876e+08> <-5837> →
    target: -5837
    pred:   -5830
    error:  7.00

iter 31001: loss 0.7496, time 292.24ms, mfu 1.94%
iter 31002: loss 0.6850, time 374.49ms, mfu 1.94%
iter 31003: loss 0.7241, time 322.37ms, mfu 1.97%
iter 31004: loss 0.6759, time 486.18ms, mfu 1.91%
iter 31005: loss 0.7359, time 467.84ms, mfu 1.87%
iter 31006: loss 0.6859, time 293.46ms, mfu 1.93%
iter 31007: loss 0.7396, time 454.53ms, mfu 1.89%
iter 31008: loss 0.8022, time 371.94ms, mfu 1.89%
iter 31009: loss 0.7351, time 403.45ms, mfu 1.88%
iter 31010: loss 0.7481, time 291.79ms, mfu 1.93%
iter 31011: loss 0.7573, time 371.75ms, mfu 1.93%
iter 31012: loss 0.7825, time 354.47ms, mfu 1.94%
iter 31013: loss 0.6253, time 303.77ms, mfu 1.98%
iter 31014: loss 0.6948, time 451.64ms, mfu 1.94%
iter 31015: loss 0.7260, time 203.62ms, mfu 2.09%
iter 31016: loss 0.7696, time 379.32ms, mfu 2.07%
iter 31017: loss 0.6911, time 444.03ms, mfu 2.02%
iter 31018: loss 0.7576, time 299.47ms, mfu 2.06%
iter 31019: loss 0.7314, time 351.36ms, mfu 2.05%
iter 31020: loss 0.7319, time 584.98ms, mfu 1.97%
iter 31021: loss 0.7126, time 518.27ms, mfu 1.91%
iter 31022: loss 0.6865, time 299.27ms, mfu 1.95%
iter 31023: loss 0.6516, time 439.19ms, mfu 1.92%
iter 31024: loss 0.7223, time 359.14ms, mfu 1.93%
iter 31025: loss 0.7258, time 465.40ms, mfu 1.89%
iter 31026: loss 0.6686, time 436.83ms, mfu 1.86%
iter 31027: loss 0.8395, time 426.64ms, mfu 1.84%
iter 31028: loss 0.8263, time 395.90ms, mfu 1.83%
iter 31029: loss 0.7186, time 396.83ms, mfu 1.83%
iter 31030: loss 0.7162, time 459.42ms, mfu 1.80%
iter 31031: loss 0.6737, time 405.32ms, mfu 1.80%
iter 31032: loss 0.7093, time 408.75ms, mfu 1.79%
iter 31033: loss 0.7405, time 347.17ms, mfu 1.81%
iter 31034: loss 0.6571, time 285.60ms, mfu 1.88%
iter 31035: loss 0.8101, time 331.47ms, mfu 1.91%
iter 31036: loss 0.7387, time 284.39ms, mfu 1.97%
iter 31037: loss 0.7278, time 378.67ms, mfu 1.96%
iter 31038: loss 0.7156, time 527.87ms, mfu 1.89%
iter 31039: loss 0.6744, time 417.41ms, mfu 1.88%
iter 31040: loss 0.7147, time 367.96ms, mfu 1.88%
iter 31041: loss 0.7269, time 521.05ms, mfu 1.83%
iter 31042: loss 0.6835, time 197.89ms, mfu 2.00%
iter 31043: loss 0.6834, time 321.46ms, mfu 2.02%
iter 31044: loss 0.7228, time 415.78ms, mfu 1.99%
iter 31045: loss 0.6327, time 499.03ms, mfu 1.93%
iter 31046: loss 0.7319, time 381.76ms, mfu 1.93%
iter 31047: loss 0.7176, time 400.56ms, mfu 1.91%
iter 31048: loss 0.6709, time 570.49ms, mfu 1.84%
iter 31049: loss 0.7207, time 437.05ms, mfu 1.82%
iter 31050: loss 0.8319, time 280.21ms, mfu 1.89%
iter 31051: loss 0.7022, time 459.77ms, mfu 1.86%
iter 31052: loss 0.6884, time 439.27ms, mfu 1.83%
iter 31053: loss 0.6685, time 441.54ms, mfu 1.81%
iter 31054: loss 0.7057, time 343.38ms, mfu 1.84%
iter 31055: loss 0.7506, time 420.34ms, mfu 1.82%
iter 31056: loss 0.7712, time 300.05ms, mfu 1.87%
iter 31057: loss 0.6998, time 289.19ms, mfu 1.93%
iter 31058: loss 0.8024, time 412.83ms, mfu 1.91%
iter 31059: loss 0.7236, time 264.79ms, mfu 1.99%
iter 31060: loss 0.7950, time 388.83ms, mfu 1.97%
iter 31061: loss 0.6746, time 382.30ms, mfu 1.96%
iter 31062: loss 0.7579, time 296.16ms, mfu 2.00%
iter 31063: loss 0.6379, time 385.11ms, mfu 1.99%
iter 31064: loss 0.6702, time 453.40ms, mfu 1.94%
iter 31065: loss 0.7174, time 367.56ms, mfu 1.94%
iter 31066: loss 0.7198, time 436.30ms, mfu 1.91%
iter 31067: loss 0.6515, time 272.16ms, mfu 1.98%
iter 31068: loss 0.7485, time 383.44ms, mfu 1.97%
iter 31069: loss 0.7013, time 325.91ms, mfu 1.99%
iter 31070: loss 0.6070, time 537.87ms, mfu 1.92%
iter 31071: loss 0.6848, time 350.26ms, mfu 1.93%
iter 31072: loss 0.7735, time 286.59ms, mfu 1.99%
iter 31073: loss 0.7142, time 456.33ms, mfu 1.94%
iter 31074: loss 0.6692, time 389.02ms, mfu 1.93%
iter 31075: loss 0.7780, time 308.51ms, mfu 1.97%
iter 31076: loss 0.7455, time 428.80ms, mfu 1.94%
iter 31077: loss 0.7715, time 306.46ms, mfu 1.97%
iter 31078: loss 0.7492, time 377.91ms, mfu 1.96%
iter 31079: loss 0.7061, time 257.25ms, mfu 2.04%
iter 31080: loss 0.7471, time 293.58ms, mfu 2.08%
iter 31081: loss 0.7015, time 464.91ms, mfu 2.02%
iter 31082: loss 0.7572, time 389.24ms, mfu 2.00%
iter 31083: loss 0.7246, time 384.74ms, mfu 1.99%
iter 31084: loss 0.6437, time 447.40ms, mfu 1.95%
iter 31085: loss 0.7934, time 392.72ms, mfu 1.93%
iter 31086: loss 0.7029, time 382.32ms, mfu 1.93%
iter 31087: loss 0.6884, time 409.41ms, mfu 1.91%
iter 31088: loss 0.7413, time 455.02ms, mfu 1.87%
iter 31089: loss 0.6555, time 417.49ms, mfu 1.85%
iter 31090: loss 0.8147, time 582.14ms, mfu 1.79%
iter 31091: loss 0.7265, time 483.19ms, mfu 1.76%
iter 31092: loss 0.8114, time 320.28ms, mfu 1.80%
iter 31093: loss 0.7618, time 435.87ms, mfu 1.79%
iter 31094: loss 0.7068, time 482.02ms, mfu 1.75%
iter 31095: loss 0.7570, time 341.51ms, mfu 1.79%
iter 31096: loss 0.7475, time 385.62ms, mfu 1.79%
iter 31097: loss 0.7491, time 343.29ms, mfu 1.82%
iter 31098: loss 0.6905, time 201.08ms, mfu 1.99%
iter 31099: loss 0.6866, time 398.42ms, mfu 1.97%
iter 31100: loss 0.7264, time 505.04ms, mfu 1.91%
  === DIAG iter 31100 ===
  loss: 0.7264
  grads: total 1.0000, transformer 0.1518, adapter 0.9884
  <NUM> input tokens: 415/3072 (13.5%)
  lr: base 8.66e-05, adapter 4.33e-05
  SME accuracy: overall 0.448, sign 0.966, exp 0.915, digit 0.257, end 0.810 [d0 0.779 d1 0.386 d2 0.241 d3 0.118 d4 0.055 d5 0.154 d6 0.215 d7 0.115 d8 0.151 d9 0.121 d10 0.179 d11 0.136 d12 0.125 d13 0.133 d14 0.000] (1176 SME tokens)
iter 31101: loss 0.6776, time 232.81ms, mfu 2.02%
iter 31102: loss 0.7197, time 354.86ms, mfu 2.02%
iter 31103: loss 0.7338, time 299.89ms, mfu 2.06%
iter 31104: loss 0.7045, time 366.29ms, mfu 2.04%
iter 31105: loss 0.8197, time 221.19ms, mfu 2.16%
iter 31106: loss 0.6987, time 300.93ms, mfu 2.18%
iter 31107: loss 0.7027, time 411.33ms, mfu 2.13%
iter 31108: loss 0.7300, time 373.13ms, mfu 2.11%
iter 31109: loss 0.7349, time 347.48ms, mfu 2.10%
iter 31110: loss 0.7309, time 356.54ms, mfu 2.09%
iter 31111: loss 0.7046, time 452.33ms, mfu 2.04%
iter 31112: loss 0.6990, time 359.47ms, mfu 2.03%
iter 31113: loss 0.7484, time 417.65ms, mfu 2.00%
iter 31114: loss 0.7289, time 446.43ms, mfu 1.96%
iter 31115: loss 0.6347, time 306.73ms, mfu 1.99%
iter 31116: loss 0.7152, time 459.50ms, mfu 1.95%
iter 31117: loss 0.7659, time 526.86ms, mfu 1.89%
iter 31118: loss 0.6958, time 369.17ms, mfu 1.89%
iter 31119: loss 0.7141, time 500.46ms, mfu 1.84%
iter 31120: loss 0.6369, time 355.71ms, mfu 1.86%
iter 31121: loss 0.7552, time 345.64ms, mfu 1.88%
iter 31122: loss 0.7240, time 426.40ms, mfu 1.86%
iter 31123: loss 0.7593, time 256.10ms, mfu 1.95%
iter 31124: loss 0.6569, time 526.25ms, mfu 1.89%
iter 31125: loss 0.6936, time 391.43ms, mfu 1.88%
iter 31126: loss 0.7157, time 251.53ms, mfu 1.97%
iter 31127: loss 0.7649, time 462.13ms, mfu 1.93%
iter 31128: loss 0.7421, time 486.96ms, mfu 1.88%
iter 31129: loss 0.7365, time 453.11ms, mfu 1.85%
iter 31130: loss 0.6767, time 391.96ms, mfu 1.85%
iter 31131: loss 0.6959, time 316.96ms, mfu 1.88%
iter 31132: loss 0.7110, time 466.01ms, mfu 1.85%
iter 31133: loss 0.6863, time 381.31ms, mfu 1.85%
iter 31134: loss 0.6436, time 404.87ms, mfu 1.84%
iter 31135: loss 0.6474, time 497.82ms, mfu 1.80%
iter 31136: loss 0.6910, time 419.53ms, mfu 1.79%
iter 31137: loss 0.7525, time 449.06ms, mfu 1.77%
iter 31138: loss 0.6430, time 332.83ms, mfu 1.80%
iter 31139: loss 0.6700, time 429.52ms, mfu 1.79%
iter 31140: loss 0.7222, time 490.49ms, mfu 1.75%
iter 31141: loss 0.6502, time 386.59ms, mfu 1.76%
iter 31142: loss 0.6955, time 319.35ms, mfu 1.81%
iter 31143: loss 0.7144, time 503.21ms, mfu 1.77%
iter 31144: loss 0.7555, time 340.13ms, mfu 1.80%
iter 31145: loss 0.7449, time 352.35ms, mfu 1.82%
iter 31146: loss 0.7310, time 334.20ms, mfu 1.85%
iter 31147: loss 0.6942, time 513.43ms, mfu 1.80%
iter 31148: loss 0.7265, time 441.05ms, mfu 1.78%
iter 31149: loss 0.7601, time 477.86ms, mfu 1.75%
iter 31150: loss 0.7234, time 454.60ms, mfu 1.73%
iter 31151: loss 0.6968, time 332.12ms, mfu 1.77%
iter 31152: loss 0.7214, time 363.04ms, mfu 1.79%
iter 31153: loss 0.6812, time 424.99ms, mfu 1.78%
iter 31154: loss 0.7370, time 447.89ms, mfu 1.76%
iter 31155: loss 0.7747, time 465.58ms, mfu 1.74%
iter 31156: loss 0.6644, time 445.23ms, mfu 1.72%
iter 31157: loss 0.7024, time 446.18ms, mfu 1.71%
iter 31158: loss 0.6480, time 427.13ms, mfu 1.70%
iter 31159: loss 0.6965, time 420.47ms, mfu 1.70%
iter 31160: loss 0.7649, time 427.96ms, mfu 1.70%
iter 31161: loss 0.7248, time 413.51ms, mfu 1.70%
iter 31162: loss 0.6538, time 384.34ms, mfu 1.71%
iter 31163: loss 0.7173, time 368.21ms, mfu 1.73%
iter 31164: loss 0.7669, time 437.98ms, mfu 1.72%
iter 31165: loss 0.8088, time 338.80ms, mfu 1.76%
iter 31166: loss 0.6979, time 391.99ms, mfu 1.76%
iter 31167: loss 0.6564, time 397.93ms, mfu 1.77%
iter 31168: loss 0.7082, time 432.81ms, mfu 1.75%
iter 31169: loss 0.6862, time 330.49ms, mfu 1.79%
iter 31170: loss 0.6795, time 454.54ms, mfu 1.77%
iter 31171: loss 0.6893, time 281.13ms, mfu 1.84%
iter 31172: loss 0.6593, time 430.84ms, mfu 1.82%
iter 31173: loss 0.6687, time 326.06ms, mfu 1.86%
iter 31174: loss 0.7095, time 415.30ms, mfu 1.84%
iter 31175: loss 0.7591, time 277.62ms, mfu 1.91%
iter 31176: loss 0.7221, time 364.50ms, mfu 1.92%
iter 31177: loss 0.7079, time 382.84ms, mfu 1.91%
iter 31178: loss 0.7735, time 364.55ms, mfu 1.91%
iter 31179: loss 0.6763, time 366.64ms, mfu 1.92%
iter 31180: loss 0.6770, time 310.14ms, mfu 1.95%
iter 31181: loss 0.6986, time 284.06ms, mfu 2.01%
iter 31182: loss 0.7723, time 380.54ms, mfu 1.99%
iter 31183: loss 0.6715, time 491.49ms, mfu 1.94%
iter 31184: loss 0.7391, time 401.53ms, mfu 1.92%
iter 31185: loss 0.6268, time 354.78ms, mfu 1.93%
iter 31186: loss 0.8433, time 516.19ms, mfu 1.87%
iter 31187: loss 0.6731, time 327.67ms, mfu 1.90%
iter 31188: loss 0.7657, time 351.69ms, mfu 1.91%
iter 31189: loss 0.6691, time 347.93ms, mfu 1.93%
iter 31190: loss 0.7688, time 517.55ms, mfu 1.87%
iter 31191: loss 0.7585, time 211.24ms, mfu 2.02%
iter 31192: loss 0.6858, time 351.98ms, mfu 2.02%
iter 31193: loss 0.7912, time 411.83ms, mfu 1.99%
iter 31194: loss 0.7405, time 438.46ms, mfu 1.95%
iter 31195: loss 0.6361, time 327.00ms, mfu 1.97%
iter 31196: loss 0.6652, time 400.52ms, mfu 1.95%
iter 31197: loss 0.6831, time 370.06ms, mfu 1.95%
iter 31198: loss 0.7598, time 306.31ms, mfu 1.99%
iter 31199: loss 0.7771, time 394.12ms, mfu 1.97%
iter 31200: loss 0.6486, time 650.82ms, mfu 1.88%
  === DIAG iter 31200 ===
  loss: 0.6486
  grads: total 1.0000, transformer 0.1391, adapter 0.9903
  <NUM> input tokens: 495/3072 (16.1%)
  lr: base 8.56e-05, adapter 4.28e-05
  SME accuracy: overall 0.464, sign 0.959, exp 0.959, digit 0.273, end 0.917 [d0 0.892 d1 0.406 d2 0.323 d3 0.098 d4 0.150 d5 0.179 d6 0.111 d7 0.224 d8 0.087 d9 0.097 d10 0.143 d11 0.115 d12 0.143 d13 0.111 d14 0.077] (1023 SME tokens)
iter 31201: loss 0.7040, time 197.39ms, mfu 2.05%
iter 31202: loss 0.6808, time 364.69ms, mfu 2.04%
iter 31203: loss 0.7680, time 455.12ms, mfu 1.99%
iter 31204: loss 0.7365, time 319.34ms, mfu 2.01%
iter 31205: loss 0.7453, time 358.11ms, mfu 2.01%
iter 31206: loss 0.7587, time 421.44ms, mfu 1.98%
iter 31207: loss 0.7777, time 360.50ms, mfu 1.98%
iter 31208: loss 0.6571, time 425.23ms, mfu 1.95%
iter 31209: loss 0.7107, time 300.41ms, mfu 1.99%
iter 31210: loss 0.6599, time 416.37ms, mfu 1.96%
iter 31211: loss 0.7983, time 476.17ms, mfu 1.91%
iter 31212: loss 0.7643, time 334.89ms, mfu 1.93%
iter 31213: loss 0.6939, time 357.63ms, mfu 1.94%
iter 31214: loss 0.7267, time 242.05ms, mfu 2.04%
iter 31215: loss 0.6991, time 515.69ms, mfu 1.97%
iter 31216: loss 0.7486, time 415.89ms, mfu 1.94%
iter 31217: loss 0.6839, time 444.93ms, mfu 1.91%
iter 31218: loss 0.7164, time 280.78ms, mfu 1.97%
iter 31219: loss 0.7517, time 267.13ms, mfu 2.04%
iter 31220: loss 0.8158, time 393.67ms, mfu 2.01%
iter 31221: loss 0.7016, time 411.30ms, mfu 1.99%
iter 31222: loss 0.6431, time 468.13ms, mfu 1.94%
iter 31223: loss 0.6884, time 300.58ms, mfu 1.98%
iter 31224: loss 0.7041, time 479.33ms, mfu 1.93%
iter 31225: loss 0.8093, time 278.10ms, mfu 1.99%
iter 31226: loss 0.6636, time 369.89ms, mfu 1.98%
iter 31227: loss 0.7042, time 311.91ms, mfu 2.01%
iter 31228: loss 0.6967, time 394.31ms, mfu 1.99%
iter 31229: loss 0.6872, time 405.18ms, mfu 1.97%
iter 31230: loss 0.6607, time 248.21ms, mfu 2.06%
iter 31231: loss 0.6422, time 292.44ms, mfu 2.09%
iter 31232: loss 0.7022, time 365.90ms, mfu 2.08%
iter 31233: loss 0.6685, time 384.21ms, mfu 2.05%
iter 31234: loss 0.8524, time 338.60ms, mfu 2.06%
iter 31235: loss 0.6462, time 370.62ms, mfu 2.04%
iter 31236: loss 0.7288, time 469.50ms, mfu 1.99%
iter 31237: loss 0.6764, time 329.56ms, mfu 2.01%
iter 31238: loss 0.7567, time 340.20ms, mfu 2.01%
iter 31239: loss 0.7173, time 413.59ms, mfu 1.98%
iter 31240: loss 0.7358, time 450.25ms, mfu 1.94%
iter 31241: loss 0.6955, time 383.85ms, mfu 1.93%
iter 31242: loss 0.7522, time 348.50ms, mfu 1.94%
iter 31243: loss 0.7667, time 308.16ms, mfu 1.98%
iter 31244: loss 0.7264, time 558.42ms, mfu 1.91%
iter 31245: loss 0.7131, time 280.06ms, mfu 1.97%
iter 31246: loss 0.6661, time 413.77ms, mfu 1.94%
iter 31247: loss 0.7392, time 455.33ms, mfu 1.91%
iter 31248: loss 0.6990, time 258.90ms, mfu 1.99%
iter 31249: loss 0.6822, time 318.22ms, mfu 2.01%
iter 31250: loss 0.6987, time 435.33ms, mfu 1.97%
iter 31251: loss 0.6988, time 412.10ms, mfu 1.95%
iter 31252: loss 0.6192, time 472.85ms, mfu 1.90%
iter 31253: loss 0.7242, time 446.06ms, mfu 1.87%
iter 31254: loss 0.7700, time 489.09ms, mfu 1.83%
iter 31255: loss 0.6989, time 289.36ms, mfu 1.89%
iter 31256: loss 0.7274, time 354.19ms, mfu 1.90%
iter 31257: loss 0.6543, time 406.86ms, mfu 1.89%
iter 31258: loss 0.7551, time 458.62ms, mfu 1.85%
iter 31259: loss 0.6827, time 501.52ms, mfu 1.81%
iter 31260: loss 0.7091, time 350.14ms, mfu 1.83%
iter 31261: loss 0.8025, time 287.79ms, mfu 1.89%
iter 31262: loss 0.6677, time 409.82ms, mfu 1.88%
iter 31263: loss 0.7505, time 491.94ms, mfu 1.83%
iter 31264: loss 0.7521, time 459.10ms, mfu 1.80%
iter 31265: loss 0.7260, time 346.53ms, mfu 1.83%
iter 31266: loss 0.7926, time 356.03ms, mfu 1.84%
iter 31267: loss 0.7438, time 394.61ms, mfu 1.84%
iter 31268: loss 0.6749, time 362.55ms, mfu 1.85%
iter 31269: loss 0.7378, time 230.76ms, mfu 1.97%
iter 31270: loss 0.7007, time 338.90ms, mfu 1.99%
iter 31271: loss 0.6941, time 399.44ms, mfu 1.96%
iter 31272: loss 0.7152, time 284.23ms, mfu 2.02%
iter 31273: loss 0.7654, time 438.14ms, mfu 1.98%
iter 31274: loss 0.6653, time 435.65ms, mfu 1.94%
iter 31275: loss 0.6936, time 461.88ms, mfu 1.90%
iter 31276: loss 0.6818, time 463.60ms, mfu 1.86%
iter 31277: loss 0.6914, time 455.27ms, mfu 1.83%
iter 31278: loss 0.6317, time 360.49ms, mfu 1.85%
iter 31279: loss 0.6369, time 299.56ms, mfu 1.90%
iter 31280: loss 0.6205, time 508.78ms, mfu 1.85%
iter 31281: loss 0.7379, time 301.86ms, mfu 1.90%
iter 31282: loss 0.7343, time 458.74ms, mfu 1.86%
iter 31283: loss 0.7936, time 410.93ms, mfu 1.85%
iter 31284: loss 0.6962, time 267.48ms, mfu 1.93%
iter 31285: loss 0.7151, time 441.57ms, mfu 1.90%
iter 31286: loss 0.7405, time 415.95ms, mfu 1.88%
iter 31287: loss 0.7690, time 432.06ms, mfu 1.85%
iter 31288: loss 0.6431, time 392.76ms, mfu 1.85%
iter 31289: loss 0.7405, time 371.83ms, mfu 1.85%
iter 31290: loss 0.6998, time 458.16ms, mfu 1.82%
iter 31291: loss 0.7450, time 299.76ms, mfu 1.88%
iter 31292: loss 0.7336, time 395.50ms, mfu 1.87%
iter 31293: loss 0.8298, time 277.73ms, mfu 1.94%
iter 31294: loss 0.7672, time 376.99ms, mfu 1.93%
iter 31295: loss 0.6414, time 404.54ms, mfu 1.91%
iter 31296: loss 0.7094, time 356.97ms, mfu 1.92%
iter 31297: loss 0.7215, time 414.27ms, mfu 1.90%
iter 31298: loss 0.7121, time 247.52ms, mfu 2.00%
iter 31299: loss 0.7469, time 479.39ms, mfu 1.94%
iter 31300: loss 0.7319, time 729.77ms, mfu 1.85%
  === DIAG iter 31300 ===
  loss: 0.7319
  grads: total 1.0000, transformer 0.1813, adapter 0.9834
  <NUM> input tokens: 500/3072 (16.3%)
  lr: base 8.46e-05, adapter 4.23e-05
  SME accuracy: overall 0.449, sign 0.974, exp 0.983, digit 0.251, end 0.838 [d0 0.910 d1 0.398 d2 0.259 d3 0.092 d4 0.096 d5 0.077 d6 0.081 d7 0.103 d8 0.062 d9 0.086 d10 0.065 d11 0.179 d12 0.190 d13 0.222 d14 0.091] (1187 SME tokens)
iter 31301: loss 0.6589, time 177.77ms, mfu 2.06%
iter 31302: loss 0.7437, time 373.79ms, mfu 2.04%
iter 31303: loss 0.6657, time 306.93ms, mfu 2.07%
iter 31304: loss 0.7345, time 451.96ms, mfu 2.02%
iter 31305: loss 0.6853, time 434.65ms, mfu 1.98%
iter 31306: loss 0.6653, time 367.65ms, mfu 1.98%
iter 31307: loss 0.6515, time 254.48ms, mfu 2.06%
iter 31308: loss 0.6630, time 292.94ms, mfu 2.09%
iter 31309: loss 0.6252, time 437.24ms, mfu 2.05%
iter 31310: loss 0.7314, time 260.19ms, mfu 2.11%
iter 31311: loss 0.7836, time 400.78ms, mfu 2.08%
iter 31312: loss 0.7177, time 370.97ms, mfu 2.06%
iter 31313: loss 0.6368, time 308.50ms, mfu 2.09%
iter 31314: loss 0.7743, time 327.17ms, mfu 2.09%
iter 31315: loss 0.6380, time 442.50ms, mfu 2.04%
iter 31316: loss 0.7018, time 444.36ms, mfu 2.00%
iter 31317: loss 0.6998, time 432.82ms, mfu 1.96%
iter 31318: loss 0.7581, time 553.60ms, mfu 1.90%
iter 31319: loss 0.7479, time 544.36ms, mfu 1.84%
iter 31320: loss 0.7407, time 445.30ms, mfu 1.81%
iter 31321: loss 0.7962, time 429.17ms, mfu 1.80%
iter 31322: loss 0.6839, time 323.96ms, mfu 1.83%
iter 31323: loss 0.6866, time 402.68ms, mfu 1.83%
iter 31324: loss 0.6724, time 412.72ms, mfu 1.82%
iter 31325: loss 0.7407, time 349.83ms, mfu 1.84%
iter 31326: loss 0.6868, time 263.20ms, mfu 1.92%
iter 31327: loss 0.6932, time 300.49ms, mfu 1.97%
iter 31328: loss 0.6715, time 388.81ms, mfu 1.95%
iter 31329: loss 0.6577, time 485.81ms, mfu 1.90%
iter 31330: loss 0.7146, time 442.20ms, mfu 1.87%
iter 31331: loss 0.6798, time 369.45ms, mfu 1.88%
iter 31332: loss 0.8617, time 425.09ms, mfu 1.86%
iter 31333: loss 0.7157, time 318.80ms, mfu 1.89%
iter 31334: loss 0.6725, time 372.78ms, mfu 1.89%
iter 31335: loss 0.7154, time 548.85ms, mfu 1.83%
iter 31336: loss 0.8154, time 358.47ms, mfu 1.85%
iter 31337: loss 0.7606, time 433.01ms, mfu 1.83%
iter 31338: loss 0.6717, time 374.98ms, mfu 1.83%
iter 31339: loss 0.7946, time 493.44ms, mfu 1.79%
iter 31340: loss 0.7095, time 447.52ms, mfu 1.77%
iter 31341: loss 0.8066, time 349.97ms, mfu 1.80%
iter 31342: loss 0.6495, time 277.36ms, mfu 1.87%
iter 31343: loss 0.7157, time 421.21ms, mfu 1.85%
iter 31344: loss 0.6607, time 335.59ms, mfu 1.88%
iter 31345: loss 0.7716, time 413.93ms, mfu 1.86%
iter 31346: loss 0.6816, time 446.92ms, mfu 1.84%
iter 31347: loss 0.7092, time 303.17ms, mfu 1.89%
iter 31348: loss 0.7575, time 419.55ms, mfu 1.87%
iter 31349: loss 0.6449, time 434.07ms, mfu 1.84%
iter 31350: loss 0.6856, time 428.78ms, mfu 1.82%
iter 31351: loss 0.7773, time 309.15ms, mfu 1.87%
iter 31352: loss 0.6928, time 382.17ms, mfu 1.87%
iter 31353: loss 0.6548, time 380.49ms, mfu 1.87%
iter 31354: loss 0.7403, time 395.37ms, mfu 1.86%
iter 31355: loss 0.7523, time 481.73ms, mfu 1.82%
iter 31356: loss 0.7388, time 366.01ms, mfu 1.83%
iter 31357: loss 0.7403, time 439.73ms, mfu 1.81%
iter 31358: loss 0.7245, time 379.61ms, mfu 1.82%
iter 31359: loss 0.6292, time 390.14ms, mfu 1.82%
iter 31360: loss 0.6782, time 561.46ms, mfu 1.76%
iter 31361: loss 0.6177, time 500.05ms, mfu 1.73%
iter 31362: loss 0.7032, time 291.48ms, mfu 1.80%
iter 31363: loss 0.7051, time 413.39ms, mfu 1.79%
iter 31364: loss 0.7174, time 378.87ms, mfu 1.80%
iter 31365: loss 0.6949, time 603.28ms, mfu 1.73%
iter 31366: loss 0.7224, time 483.80ms, mfu 1.71%
iter 31367: loss 0.6174, time 263.66ms, mfu 1.81%
iter 31368: loss 0.7129, time 267.07ms, mfu 1.89%
iter 31369: loss 0.6752, time 438.80ms, mfu 1.86%
iter 31370: loss 0.6827, time 283.69ms, mfu 1.93%
iter 31371: loss 0.6266, time 299.66ms, mfu 1.97%
iter 31372: loss 0.8073, time 410.59ms, mfu 1.95%
iter 31373: loss 0.7768, time 463.79ms, mfu 1.90%
iter 31374: loss 0.6963, time 310.27ms, mfu 1.94%
iter 31375: loss 0.7098, time 367.85ms, mfu 1.94%
iter 31376: loss 0.6573, time 265.12ms, mfu 2.01%
iter 31377: loss 0.7295, time 471.99ms, mfu 1.96%
iter 31378: loss 0.6915, time 343.00ms, mfu 1.97%
iter 31379: loss 0.6380, time 430.95ms, mfu 1.94%
iter 31380: loss 0.6966, time 348.56ms, mfu 1.95%
iter 31381: loss 0.6552, time 434.09ms, mfu 1.92%
iter 31382: loss 0.6925, time 420.88ms, mfu 1.89%
iter 31383: loss 0.6841, time 361.56ms, mfu 1.90%
iter 31384: loss 0.7563, time 276.98ms, mfu 1.97%
iter 31385: loss 0.7092, time 339.96ms, mfu 1.98%
iter 31386: loss 0.7665, time 276.58ms, mfu 2.04%
iter 31387: loss 0.7466, time 311.28ms, mfu 2.06%
iter 31388: loss 0.7339, time 455.63ms, mfu 2.01%
iter 31389: loss 0.6850, time 467.33ms, mfu 1.96%
iter 31390: loss 0.6852, time 354.01ms, mfu 1.97%
iter 31391: loss 0.6947, time 331.44ms, mfu 1.98%
iter 31392: loss 0.7242, time 235.47ms, mfu 2.09%
iter 31393: loss 0.6874, time 434.87ms, mfu 2.04%
iter 31394: loss 0.7592, time 391.41ms, mfu 2.02%
iter 31395: loss 0.7605, time 391.25ms, mfu 2.00%
iter 31396: loss 0.6598, time 345.57ms, mfu 2.00%
iter 31397: loss 0.6974, time 416.55ms, mfu 1.97%
iter 31398: loss 0.6895, time 426.09ms, mfu 1.94%
iter 31399: loss 0.7639, time 415.62ms, mfu 1.92%
iter 31400: loss 0.7423, time 618.14ms, mfu 1.84%
  === DIAG iter 31400 ===
  loss: 0.7423
  grads: total 1.0000, transformer 0.1749, adapter 0.9846
  <NUM> input tokens: 437/3072 (14.2%)
  lr: base 8.36e-05, adapter 4.18e-05
  SME accuracy: overall 0.463, sign 0.960, exp 0.976, digit 0.272, end 0.869 [d0 0.893 d1 0.462 d2 0.247 d3 0.149 d4 0.134 d5 0.101 d6 0.120 d7 0.129 d8 0.065 d9 0.167 d10 0.133 d11 0.160 d12 0.095 d13 0.133 d14 0.000] (1284 SME tokens)
iter 31401: loss 0.7881, time 241.51ms, mfu 1.95%
iter 31402: loss 0.7385, time 332.54ms, mfu 1.97%
iter 31403: loss 0.7425, time 311.59ms, mfu 2.00%
iter 31404: loss 0.6398, time 355.70ms, mfu 2.00%
iter 31405: loss 0.7332, time 416.22ms, mfu 1.97%
iter 31406: loss 0.6632, time 437.51ms, mfu 1.93%
iter 31407: loss 0.7040, time 347.07ms, mfu 1.94%
iter 31408: loss 0.6869, time 320.05ms, mfu 1.97%
iter 31409: loss 0.7004, time 288.85ms, mfu 2.02%
iter 31410: loss 0.7418, time 341.75ms, mfu 2.02%
iter 31411: loss 0.7179, time 342.11ms, mfu 2.03%
iter 31412: loss 0.6653, time 351.54ms, mfu 2.03%
iter 31413: loss 0.6796, time 466.94ms, mfu 1.98%
iter 31414: loss 0.8009, time 337.39ms, mfu 1.99%
iter 31415: loss 0.6584, time 399.08ms, mfu 1.97%
iter 31416: loss 0.7743, time 290.85ms, mfu 2.02%
iter 31417: loss 0.7365, time 402.47ms, mfu 1.99%
iter 31418: loss 0.6346, time 309.73ms, mfu 2.02%
iter 31419: loss 0.7407, time 376.30ms, mfu 2.01%
iter 31420: loss 0.6826, time 389.17ms, mfu 1.99%
iter 31421: loss 0.6416, time 264.39ms, mfu 2.06%
iter 31422: loss 0.6934, time 338.42ms, mfu 2.06%
iter 31423: loss 0.6987, time 347.75ms, mfu 2.06%
iter 31424: loss 0.7382, time 299.56ms, mfu 2.09%
iter 31425: loss 0.7526, time 366.10ms, mfu 2.07%
iter 31426: loss 0.6879, time 378.10ms, mfu 2.05%
iter 31427: loss 0.8479, time 380.16ms, mfu 2.03%
iter 31428: loss 0.7189, time 386.61ms, mfu 2.01%
iter 31429: loss 0.7288, time 298.94ms, mfu 2.05%
iter 31430: loss 0.6817, time 356.38ms, mfu 2.04%
iter 31431: loss 0.7387, time 311.31ms, mfu 2.07%
iter 31432: loss 0.6793, time 503.90ms, mfu 2.00%
iter 31433: loss 0.6844, time 234.69ms, mfu 2.10%
iter 31434: loss 0.6405, time 450.89ms, mfu 2.05%
iter 31435: loss 0.6421, time 447.86ms, mfu 2.00%
iter 31436: loss 0.7479, time 347.45ms, mfu 2.01%
iter 31437: loss 0.6788, time 360.49ms, mfu 2.00%
iter 31438: loss 0.8022, time 214.10ms, mfu 2.13%
iter 31439: loss 0.7243, time 439.50ms, mfu 2.08%
iter 31440: loss 0.7626, time 336.87ms, mfu 2.08%
iter 31441: loss 0.8009, time 435.36ms, mfu 2.04%
iter 31442: loss 0.7225, time 403.27ms, mfu 2.01%
iter 31443: loss 0.7580, time 369.99ms, mfu 2.00%
iter 31444: loss 0.7683, time 325.98ms, mfu 2.02%
iter 31445: loss 0.6461, time 442.44ms, mfu 1.98%
iter 31446: loss 0.6606, time 522.04ms, mfu 1.91%
iter 31447: loss 0.7148, time 372.84ms, mfu 1.91%
iter 31448: loss 0.6588, time 559.95ms, mfu 1.85%
iter 31449: loss 0.7588, time 447.07ms, mfu 1.82%
iter 31450: loss 0.6827, time 353.59ms, mfu 1.84%
iter 31451: loss 0.7041, time 375.22ms, mfu 1.85%
iter 31452: loss 0.7690, time 458.06ms, mfu 1.82%
iter 31453: loss 0.7097, time 451.39ms, mfu 1.79%
iter 31454: loss 0.7035, time 383.62ms, mfu 1.80%
iter 31455: loss 0.7611, time 441.38ms, mfu 1.78%
iter 31456: loss 0.7767, time 508.97ms, mfu 1.74%
iter 31457: loss 0.7171, time 418.06ms, mfu 1.73%
iter 31458: loss 0.7238, time 470.14ms, mfu 1.71%
iter 31459: loss 0.6888, time 348.53ms, mfu 1.74%
iter 31460: loss 0.7119, time 470.31ms, mfu 1.72%
iter 31461: loss 0.6646, time 447.04ms, mfu 1.71%
iter 31462: loss 0.7912, time 246.01ms, mfu 1.82%
iter 31463: loss 0.6258, time 378.47ms, mfu 1.83%
iter 31464: loss 0.7299, time 380.31ms, mfu 1.83%
iter 31465: loss 0.6412, time 231.63ms, mfu 1.96%
iter 31466: loss 0.6616, time 348.63ms, mfu 1.96%
iter 31467: loss 0.6857, time 257.80ms, mfu 2.04%
iter 31468: loss 0.6857, time 417.72ms, mfu 2.01%
iter 31469: loss 0.8249, time 424.71ms, mfu 1.97%
iter 31470: loss 0.7260, time 351.50ms, mfu 1.98%
iter 31471: loss 0.6758, time 298.55ms, mfu 2.02%
iter 31472: loss 0.7325, time 350.83ms, mfu 2.02%
iter 31473: loss 0.7938, time 476.39ms, mfu 1.96%
iter 31474: loss 0.6480, time 234.57ms, mfu 2.07%
iter 31475: loss 0.7921, time 390.27ms, mfu 2.04%
iter 31476: loss 0.7065, time 421.02ms, mfu 2.01%
iter 31477: loss 0.7995, time 349.87ms, mfu 2.01%
iter 31478: loss 0.7073, time 438.47ms, mfu 1.97%
iter 31479: loss 0.6807, time 408.66ms, mfu 1.95%
iter 31480: loss 0.6988, time 309.03ms, mfu 1.98%
iter 31481: loss 0.7556, time 371.02ms, mfu 1.97%
iter 31482: loss 0.8117, time 213.38ms, mfu 2.11%
iter 31483: loss 0.7484, time 475.12ms, mfu 2.05%
iter 31484: loss 0.6874, time 385.58ms, mfu 2.03%
iter 31485: loss 0.7686, time 412.58ms, mfu 2.00%
iter 31486: loss 0.7018, time 266.37ms, mfu 2.06%
iter 31487: loss 0.7538, time 247.74ms, mfu 2.14%
iter 31488: loss 0.6727, time 355.49ms, mfu 2.13%
iter 31489: loss 0.6884, time 385.07ms, mfu 2.10%
iter 31490: loss 0.8310, time 344.26ms, mfu 2.09%
iter 31491: loss 0.7108, time 317.13ms, mfu 2.11%
iter 31492: loss 0.6986, time 455.44ms, mfu 2.05%
iter 31493: loss 0.7285, time 297.82ms, mfu 2.09%
iter 31494: loss 0.6509, time 367.32ms, mfu 2.07%
iter 31495: loss 0.7420, time 307.54ms, mfu 2.09%
iter 31496: loss 0.7302, time 519.13ms, mfu 2.02%
iter 31497: loss 0.7153, time 569.28ms, mfu 1.94%
iter 31498: loss 0.7774, time 422.52ms, mfu 1.92%
iter 31499: loss 0.6719, time 380.29ms, mfu 1.91%
iter 31500: loss 0.7342, time 520.16ms, mfu 1.86%
  === DIAG iter 31500 ===
  loss: 0.7342
  grads: total 1.0000, transformer 0.1985, adapter 0.9801
  <NUM> input tokens: 407/3072 (13.2%)
  lr: base 8.26e-05, adapter 4.13e-05
  SME accuracy: overall 0.439, sign 0.982, exp 0.945, digit 0.254, end 0.862 [d0 0.815 d1 0.415 d2 0.205 d3 0.132 d4 0.213 d5 0.113 d6 0.061 d7 0.115 d8 0.105 d9 0.205 d10 0.139 d11 0.121 d12 0.222 d13 0.200 d14 0.067] (1198 SME tokens)
iter 31501: loss 0.7101, time 246.70ms, mfu 1.96%
iter 31502: loss 0.6598, time 259.60ms, mfu 2.04%
iter 31503: loss 0.6783, time 406.31ms, mfu 2.01%
iter 31504: loss 0.7416, time 373.57ms, mfu 2.00%
iter 31505: loss 0.6942, time 430.27ms, mfu 1.96%
iter 31506: loss 0.6842, time 375.96ms, mfu 1.95%
iter 31507: loss 0.7219, time 247.40ms, mfu 2.04%
iter 31508: loss 0.7282, time 248.73ms, mfu 2.12%
iter 31509: loss 0.6767, time 400.24ms, mfu 2.09%
iter 31510: loss 0.8306, time 389.76ms, mfu 2.06%
iter 31511: loss 0.7544, time 451.91ms, mfu 2.01%
iter 31512: loss 0.7237, time 421.76ms, mfu 1.98%
iter 31513: loss 0.6884, time 371.87ms, mfu 1.97%
iter 31514: loss 0.6637, time 410.48ms, mfu 1.95%
iter 31515: loss 0.7289, time 237.42ms, mfu 2.05%
iter 31516: loss 0.6842, time 516.30ms, mfu 1.98%
iter 31517: loss 0.7388, time 366.58ms, mfu 1.98%
iter 31518: loss 0.6884, time 263.84ms, mfu 2.05%
iter 31519: loss 0.6680, time 517.89ms, mfu 1.98%
iter 31520: loss 0.6854, time 299.48ms, mfu 2.02%
iter 31521: loss 0.7054, time 388.66ms, mfu 2.00%
iter 31522: loss 0.6063, time 299.55ms, mfu 2.04%
iter 31523: loss 0.6713, time 461.01ms, mfu 1.99%
iter 31524: loss 0.7436, time 371.62ms, mfu 1.98%
iter 31525: loss 0.6052, time 589.82ms, mfu 1.90%
iter 31526: loss 0.6739, time 375.48ms, mfu 1.90%
iter 31527: loss 0.6802, time 347.83ms, mfu 1.91%
iter 31528: loss 0.7511, time 545.45ms, mfu 1.85%
iter 31529: loss 0.6039, time 439.05ms, mfu 1.83%
iter 31530: loss 0.6549, time 441.78ms, mfu 1.81%
iter 31531: loss 0.6953, time 390.44ms, mfu 1.81%
iter 31532: loss 0.7002, time 358.17ms, mfu 1.82%
iter 31533: loss 0.6727, time 522.56ms, mfu 1.78%
iter 31534: loss 0.7266, time 387.18ms, mfu 1.78%
iter 31535: loss 0.6749, time 290.58ms, mfu 1.85%
iter 31536: loss 0.6870, time 458.49ms, mfu 1.82%
iter 31537: loss 0.7260, time 468.11ms, mfu 1.79%
iter 31538: loss 0.7372, time 335.84ms, mfu 1.82%
iter 31539: loss 0.6031, time 362.05ms, mfu 1.83%
iter 31540: loss 0.7753, time 418.28ms, mfu 1.82%
iter 31541: loss 0.7306, time 391.98ms, mfu 1.82%
iter 31542: loss 0.7417, time 405.84ms, mfu 1.81%
iter 31543: loss 0.7793, time 316.22ms, mfu 1.85%
iter 31544: loss 0.6947, time 446.84ms, mfu 1.83%
iter 31545: loss 0.8175, time 353.00ms, mfu 1.85%
iter 31546: loss 0.7084, time 435.44ms, mfu 1.82%
iter 31547: loss 0.7760, time 277.36ms, mfu 1.90%
iter 31548: loss 0.7157, time 498.51ms, mfu 1.85%
iter 31549: loss 0.7179, time 432.91ms, mfu 1.83%
iter 31550: loss 0.7261, time 201.62ms, mfu 2.00%
iter 31551: loss 0.7221, time 305.68ms, mfu 2.03%
iter 31552: loss 0.6857, time 375.46ms, mfu 2.01%
iter 31553: loss 0.6959, time 258.32ms, mfu 2.09%
iter 31554: loss 0.7355, time 386.45ms, mfu 2.06%
iter 31555: loss 0.7372, time 449.95ms, mfu 2.01%
iter 31556: loss 0.7397, time 366.89ms, mfu 2.01%
iter 31557: loss 0.6921, time 443.03ms, mfu 1.96%
iter 31558: loss 0.6582, time 234.82ms, mfu 2.07%
iter 31559: loss 0.7226, time 468.69ms, mfu 2.01%
iter 31560: loss 0.7123, time 301.49ms, mfu 2.05%
iter 31561: loss 0.7110, time 357.51ms, mfu 2.04%
iter 31562: loss 0.6864, time 258.57ms, mfu 2.11%
iter 31563: loss 0.7207, time 364.31ms, mfu 2.09%
iter 31564: loss 0.7408, time 393.05ms, mfu 2.07%
iter 31565: loss 0.6832, time 409.08ms, mfu 2.03%
iter 31566: loss 0.7378, time 197.55ms, mfu 2.19%
iter 31567: loss 0.7126, time 374.05ms, mfu 2.16%
iter 31568: loss 0.8256, time 337.96ms, mfu 2.15%
iter 31569: loss 0.6363, time 364.24ms, mfu 2.13%
iter 31570: loss 0.8041, time 334.74ms, mfu 2.13%
iter 31571: loss 0.6908, time 333.91ms, mfu 2.13%
iter 31572: loss 0.7220, time 504.19ms, mfu 2.06%
iter 31573: loss 0.6837, time 361.83ms, mfu 2.05%
iter 31574: loss 0.7658, time 472.54ms, mfu 1.99%
iter 31575: loss 0.7692, time 385.71ms, mfu 1.98%
iter 31576: loss 0.7241, time 436.72ms, mfu 1.94%
iter 31577: loss 0.6128, time 250.33ms, mfu 2.03%
iter 31578: loss 0.6992, time 438.08ms, mfu 1.99%
iter 31579: loss 0.6846, time 392.29ms, mfu 1.97%
iter 31580: loss 0.7329, time 283.43ms, mfu 2.02%
iter 31581: loss 0.7921, time 317.96ms, mfu 2.04%
iter 31582: loss 0.6367, time 292.06ms, mfu 2.08%
iter 31583: loss 0.7589, time 486.64ms, mfu 2.02%
iter 31584: loss 0.6594, time 522.80ms, mfu 1.95%
iter 31585: loss 0.6944, time 271.42ms, mfu 2.02%
iter 31586: loss 0.7258, time 438.15ms, mfu 1.98%
iter 31587: loss 0.6698, time 304.43ms, mfu 2.01%
iter 31588: loss 0.7418, time 392.84ms, mfu 1.99%
iter 31589: loss 0.7929, time 438.69ms, mfu 1.96%
iter 31590: loss 0.6801, time 367.88ms, mfu 1.95%
iter 31591: loss 0.7512, time 452.00ms, mfu 1.91%
iter 31592: loss 0.6738, time 248.00ms, mfu 2.01%
iter 31593: loss 0.7649, time 458.95ms, mfu 1.96%
iter 31594: loss 0.6856, time 334.91ms, mfu 1.98%
iter 31595: loss 0.6768, time 402.61ms, mfu 1.96%
iter 31596: loss 0.7084, time 352.94ms, mfu 1.96%
iter 31597: loss 0.7245, time 360.54ms, mfu 1.96%
iter 31598: loss 0.6679, time 498.97ms, mfu 1.91%
iter 31599: loss 0.7489, time 360.83ms, mfu 1.91%
iter 31600: loss 0.7268, time 616.33ms, mfu 1.84%
  === DIAG iter 31600 ===
  loss: 0.7268
  grads: total 1.0000, transformer 0.1407, adapter 0.9901
  <NUM> input tokens: 435/3072 (14.2%)
  lr: base 8.17e-05, adapter 4.08e-05
  SME accuracy: overall 0.444, sign 0.920, exp 0.878, digit 0.278, end 0.835 [d0 0.824 d1 0.325 d2 0.296 d3 0.171 d4 0.113 d5 0.106 d6 0.133 d7 0.145 d8 0.100 d9 0.250 d10 0.235 d11 0.276 d12 0.391 d13 0.400 d14 0.312] (1233 SME tokens)
iter 31601: loss 0.7850, time 227.26ms, mfu 1.96%
iter 31602: loss 0.6532, time 390.02ms, mfu 1.95%
iter 31603: loss 0.7497, time 364.14ms, mfu 1.95%
iter 31604: loss 0.7129, time 324.68ms, mfu 1.97%
iter 31605: loss 0.6446, time 399.94ms, mfu 1.95%
iter 31606: loss 0.6802, time 262.82ms, mfu 2.03%
iter 31607: loss 0.6290, time 506.10ms, mfu 1.96%
iter 31608: loss 0.7112, time 406.15ms, mfu 1.94%
iter 31609: loss 0.6872, time 320.20ms, mfu 1.97%
iter 31610: loss 0.7256, time 353.14ms, mfu 1.97%
iter 31611: loss 0.7792, time 334.19ms, mfu 1.99%
iter 31612: loss 0.7382, time 395.17ms, mfu 1.97%
iter 31613: loss 0.7925, time 417.14ms, mfu 1.94%
iter 31614: loss 0.6654, time 312.93ms, mfu 1.97%
iter 31615: loss 0.6877, time 262.36ms, mfu 2.05%
iter 31616: loss 0.7034, time 431.68ms, mfu 2.01%
iter 31617: loss 0.7022, time 290.93ms, mfu 2.05%
iter 31618: loss 0.7529, time 380.70ms, mfu 2.03%
iter 31619: loss 0.6458, time 271.34ms, mfu 2.09%
iter 31620: loss 0.6532, time 259.16ms, mfu 2.15%
iter 31621: loss 0.8149, time 410.01ms, mfu 2.11%
iter 31622: loss 0.7389, time 288.59ms, mfu 2.15%
iter 31623: loss 0.6263, time 442.75ms, mfu 2.09%
iter 31624: loss 0.6818, time 464.15ms, mfu 2.03%
iter 31625: loss 0.6341, time 373.48ms, mfu 2.02%
iter 31626: loss 0.7114, time 397.09ms, mfu 2.00%
iter 31627: loss 0.7099, time 451.41ms, mfu 1.95%
iter 31628: loss 0.7146, time 384.01ms, mfu 1.94%
iter 31629: loss 0.6561, time 381.30ms, mfu 1.94%
iter 31630: loss 0.7429, time 369.64ms, mfu 1.93%
iter 31631: loss 0.6964, time 428.16ms, mfu 1.91%
iter 31632: loss 0.7748, time 330.91ms, mfu 1.93%
iter 31633: loss 0.7645, time 428.39ms, mfu 1.90%
iter 31634: loss 0.7136, time 365.28ms, mfu 1.91%
iter 31635: loss 0.6830, time 413.22ms, mfu 1.89%
iter 31636: loss 0.6287, time 350.19ms, mfu 1.90%
iter 31637: loss 0.6705, time 373.53ms, mfu 1.90%
iter 31638: loss 0.6972, time 352.77ms, mfu 1.91%
iter 31639: loss 0.7801, time 398.80ms, mfu 1.90%
iter 31640: loss 0.7259, time 289.42ms, mfu 1.95%
iter 31641: loss 0.6309, time 305.89ms, mfu 1.99%
iter 31642: loss 0.7968, time 341.79ms, mfu 2.00%
iter 31643: loss 0.7197, time 223.03ms, mfu 2.12%
iter 31644: loss 0.6830, time 275.16ms, mfu 2.16%
iter 31645: loss 0.7958, time 449.15ms, mfu 2.10%
iter 31646: loss 0.7719, time 439.52ms, mfu 2.05%
iter 31647: loss 0.8559, time 381.10ms, mfu 2.03%
iter 31648: loss 0.7149, time 579.82ms, mfu 1.95%
iter 31649: loss 0.7288, time 403.64ms, mfu 1.93%
iter 31650: loss 0.8010, time 453.83ms, mfu 1.90%
iter 31651: loss 0.7278, time 316.70ms, mfu 1.93%
iter 31652: loss 0.7603, time 360.96ms, mfu 1.93%
iter 31653: loss 0.6877, time 285.16ms, mfu 1.99%
iter 31654: loss 0.7062, time 458.21ms, mfu 1.94%
iter 31655: loss 0.6559, time 382.43ms, mfu 1.94%
iter 31656: loss 0.7278, time 463.86ms, mfu 1.89%
iter 31657: loss 0.6728, time 393.01ms, mfu 1.89%
iter 31658: loss 0.6895, time 423.84ms, mfu 1.86%
iter 31659: loss 0.7534, time 351.26ms, mfu 1.88%
iter 31660: loss 0.6655, time 350.47ms, mfu 1.89%
iter 31661: loss 0.8064, time 381.91ms, mfu 1.89%
iter 31662: loss 0.7070, time 346.06ms, mfu 1.91%
iter 31663: loss 0.6840, time 361.16ms, mfu 1.91%
iter 31664: loss 0.6992, time 309.31ms, mfu 1.95%
iter 31665: loss 0.7179, time 266.76ms, mfu 2.02%
iter 31666: loss 0.7208, time 354.37ms, mfu 2.02%
iter 31667: loss 0.7294, time 407.72ms, mfu 1.99%
iter 31668: loss 0.6549, time 538.66ms, mfu 1.92%
iter 31669: loss 0.7688, time 348.20ms, mfu 1.93%
iter 31670: loss 0.7245, time 342.61ms, mfu 1.95%
iter 31671: loss 0.6825, time 525.27ms, mfu 1.89%
iter 31672: loss 0.7271, time 408.66ms, mfu 1.87%
iter 31673: loss 0.7211, time 328.75ms, mfu 1.90%
iter 31674: loss 0.6877, time 388.82ms, mfu 1.89%
iter 31675: loss 0.8041, time 366.29ms, mfu 1.90%
iter 31676: loss 0.7526, time 265.29ms, mfu 1.97%
iter 31677: loss 0.7015, time 401.43ms, mfu 1.95%
iter 31678: loss 0.6556, time 463.22ms, mfu 1.91%
iter 31679: loss 0.7254, time 404.95ms, mfu 1.90%
iter 31680: loss 0.7974, time 294.78ms, mfu 1.95%
iter 31681: loss 0.7479, time 357.55ms, mfu 1.95%
iter 31682: loss 0.7281, time 533.98ms, mfu 1.89%
iter 31683: loss 0.6483, time 311.43ms, mfu 1.93%
iter 31684: loss 0.7694, time 288.59ms, mfu 1.98%
iter 31685: loss 0.6877, time 379.28ms, mfu 1.97%
iter 31686: loss 0.6949, time 261.34ms, mfu 2.04%
iter 31687: loss 0.6698, time 313.12ms, mfu 2.06%
iter 31688: loss 0.7259, time 403.72ms, mfu 2.03%
iter 31689: loss 0.6840, time 313.74ms, mfu 2.06%
iter 31690: loss 0.7190, time 402.42ms, mfu 2.03%
iter 31691: loss 0.6072, time 327.52ms, mfu 2.04%
iter 31692: loss 0.7570, time 424.08ms, mfu 2.00%
iter 31693: loss 0.6658, time 347.08ms, mfu 2.01%
iter 31694: loss 0.7925, time 362.02ms, mfu 2.00%
iter 31695: loss 0.6849, time 507.22ms, mfu 1.94%
iter 31696: loss 0.6558, time 434.26ms, mfu 1.91%
iter 31697: loss 0.6715, time 320.25ms, mfu 1.94%
iter 31698: loss 0.6930, time 399.85ms, mfu 1.92%
iter 31699: loss 0.6546, time 427.44ms, mfu 1.90%
iter 31700: loss 0.6855, time 612.50ms, mfu 1.82%
  === DIAG iter 31700 ===
  loss: 0.6855
  grads: total 1.0000, transformer 0.1337, adapter 0.9910
  <NUM> input tokens: 467/3072 (15.2%)
  lr: base 8.07e-05, adapter 4.04e-05
  SME accuracy: overall 0.472, sign 0.991, exp 0.972, digit 0.280, end 0.864 [d0 0.888 d1 0.423 d2 0.234 d3 0.135 d4 0.127 d5 0.118 d6 0.143 d7 0.172 d8 0.135 d9 0.152 d10 0.259 d11 0.130 d12 0.190 d13 0.077 d14 0.000] (1126 SME tokens)
iter 31701: loss 0.6647, time 232.56ms, mfu 1.95%
iter 31702: loss 0.7403, time 394.46ms, mfu 1.93%
iter 31703: loss 0.6525, time 316.93ms, mfu 1.96%
iter 31704: loss 0.7949, time 489.58ms, mfu 1.91%
iter 31705: loss 0.6334, time 263.80ms, mfu 1.99%
iter 31706: loss 0.7964, time 471.50ms, mfu 1.94%
iter 31707: loss 0.8604, time 476.20ms, mfu 1.89%
iter 31708: loss 0.6736, time 409.04ms, mfu 1.88%
iter 31709: loss 0.7317, time 275.92ms, mfu 1.95%
iter 31710: loss 0.7618, time 357.81ms, mfu 1.95%
iter 31711: loss 0.7286, time 394.23ms, mfu 1.94%
iter 31712: loss 0.6589, time 344.00ms, mfu 1.95%
iter 31713: loss 0.7357, time 444.77ms, mfu 1.91%
iter 31714: loss 0.6934, time 313.20ms, mfu 1.95%
iter 31715: loss 0.8307, time 278.43ms, mfu 2.01%
iter 31716: loss 0.6905, time 553.32ms, mfu 1.93%
iter 31717: loss 0.6686, time 438.19ms, mfu 1.90%
iter 31718: loss 0.6451, time 414.29ms, mfu 1.88%
iter 31719: loss 0.6590, time 340.40ms, mfu 1.90%
iter 31720: loss 0.6953, time 444.02ms, mfu 1.87%
iter 31721: loss 0.7055, time 246.01ms, mfu 1.97%
iter 31722: loss 0.6395, time 416.63ms, mfu 1.95%
iter 31723: loss 0.7119, time 528.38ms, mfu 1.89%
iter 31724: loss 0.6677, time 353.99ms, mfu 1.90%
iter 31725: loss 0.6212, time 235.49ms, mfu 2.01%
iter 31726: loss 0.7593, time 396.66ms, mfu 1.99%
iter 31727: loss 0.7322, time 373.41ms, mfu 1.98%
iter 31728: loss 0.6977, time 550.61ms, mfu 1.91%
iter 31729: loss 0.7094, time 423.01ms, mfu 1.89%
iter 31730: loss 0.8257, time 301.18ms, mfu 1.93%
iter 31731: loss 0.7287, time 386.34ms, mfu 1.92%
iter 31732: loss 0.7695, time 230.92ms, mfu 2.04%
iter 31733: loss 0.6823, time 474.33ms, mfu 1.98%
iter 31734: loss 0.7025, time 278.74ms, mfu 2.04%
iter 31735: loss 0.7945, time 297.93ms, mfu 2.07%
iter 31736: loss 0.7086, time 379.09ms, mfu 2.05%
iter 31737: loss 0.7946, time 423.58ms, mfu 2.01%
iter 31738: loss 0.7733, time 291.18ms, mfu 2.06%
iter 31739: loss 0.6873, time 475.53ms, mfu 2.00%
iter 31740: loss 0.6901, time 387.20ms, mfu 1.98%
iter 31741: loss 0.7817, time 312.77ms, mfu 2.01%
iter 31742: loss 0.7683, time 451.57ms, mfu 1.97%
iter 31743: loss 0.6370, time 458.79ms, mfu 1.92%
iter 31744: loss 0.7351, time 274.14ms, mfu 1.99%
iter 31745: loss 0.7620, time 404.56ms, mfu 1.97%
iter 31746: loss 0.7653, time 355.90ms, mfu 1.97%
iter 31747: loss 0.7804, time 393.41ms, mfu 1.95%
iter 31748: loss 0.7286, time 359.94ms, mfu 1.95%
iter 31749: loss 0.8009, time 313.19ms, mfu 1.99%
iter 31750: loss 0.6858, time 321.05ms, mfu 2.01%
iter 31751: loss 0.7580, time 441.45ms, mfu 1.97%
iter 31752: loss 0.8153, time 483.16ms, mfu 1.92%
iter 31753: loss 0.7375, time 404.11ms, mfu 1.90%
iter 31754: loss 0.6807, time 383.19ms, mfu 1.90%
iter 31755: loss 0.7185, time 378.31ms, mfu 1.89%
iter 31756: loss 0.7222, time 448.74ms, mfu 1.86%
iter 31757: loss 0.7057, time 354.63ms, mfu 1.88%
iter 31758: loss 0.6943, time 413.88ms, mfu 1.86%
iter 31759: loss 0.8054, time 483.89ms, mfu 1.82%
iter 31760: loss 0.7292, time 267.96ms, mfu 1.90%
iter 31761: loss 0.7134, time 338.92ms, mfu 1.92%
iter 31762: loss 0.7354, time 361.04ms, mfu 1.93%
iter 31763: loss 0.6573, time 268.03ms, mfu 2.00%
iter 31764: loss 0.7348, time 365.31ms, mfu 1.99%
iter 31765: loss 0.7404, time 507.42ms, mfu 1.93%
iter 31766: loss 0.8397, time 435.61ms, mfu 1.90%
iter 31767: loss 0.7279, time 293.08ms, mfu 1.95%
iter 31768: loss 0.7687, time 470.81ms, mfu 1.91%
iter 31769: loss 0.7599, time 312.17ms, mfu 1.94%
iter 31770: loss 0.7270, time 353.47ms, mfu 1.95%
iter 31771: loss 0.6379, time 523.38ms, mfu 1.89%
iter 31772: loss 0.8132, time 321.18ms, mfu 1.92%
iter 31773: loss 0.7065, time 429.43ms, mfu 1.90%
iter 31774: loss 0.7841, time 347.90ms, mfu 1.91%
iter 31775: loss 0.7418, time 285.51ms, mfu 1.97%
iter 31776: loss 0.6967, time 313.86ms, mfu 2.00%
iter 31777: loss 0.6861, time 352.59ms, mfu 2.00%
iter 31778: loss 0.7701, time 357.01ms, mfu 2.00%
iter 31779: loss 0.6168, time 361.09ms, mfu 1.99%
iter 31780: loss 0.6521, time 468.13ms, mfu 1.94%
iter 31781: loss 0.7508, time 433.72ms, mfu 1.91%
iter 31782: loss 0.6760, time 283.51ms, mfu 1.97%
iter 31783: loss 0.6594, time 467.07ms, mfu 1.93%
iter 31784: loss 0.7631, time 253.49ms, mfu 2.01%
iter 31785: loss 0.7696, time 413.06ms, mfu 1.98%
iter 31786: loss 0.7332, time 387.22ms, mfu 1.97%
iter 31787: loss 0.7141, time 510.27ms, mfu 1.91%
iter 31788: loss 0.6936, time 420.62ms, mfu 1.89%
iter 31789: loss 0.7726, time 430.90ms, mfu 1.86%
iter 31790: loss 0.8308, time 374.51ms, mfu 1.87%
iter 31791: loss 0.7789, time 369.77ms, mfu 1.87%
iter 31792: loss 0.5585, time 386.64ms, mfu 1.87%
iter 31793: loss 0.7101, time 218.04ms, mfu 2.01%
iter 31794: loss 0.7242, time 463.83ms, mfu 1.96%
iter 31795: loss 0.7247, time 382.92ms, mfu 1.95%
iter 31796: loss 0.7200, time 396.53ms, mfu 1.93%
iter 31797: loss 0.7362, time 389.85ms, mfu 1.92%
iter 31798: loss 0.6720, time 424.08ms, mfu 1.90%
iter 31799: loss 0.6745, time 392.83ms, mfu 1.89%
iter 31800: loss 0.6932, time 371.88ms, mfu 1.89%
  === DIAG iter 31800 ===
  loss: 0.6932
  grads: total 1.0000, transformer 0.1410, adapter 0.9900
  <NUM> input tokens: 468/3072 (15.2%)
  lr: base 7.98e-05, adapter 3.99e-05
  SME accuracy: overall 0.490, sign 0.984, exp 0.939, digit 0.297, end 0.812 [d0 0.871 d1 0.427 d2 0.286 d3 0.117 d4 0.113 d5 0.125 d6 0.133 d7 0.103 d8 0.077 d9 0.250 d10 0.214 d11 0.200 d12 0.278 d13 0.250 d14 0.250] (1236 SME tokens)
iter 31801: loss 0.7223, time 250.25ms, mfu 1.98%
iter 31802: loss 0.7262, time 462.73ms, mfu 1.94%
iter 31803: loss 0.6820, time 396.43ms, mfu 1.92%
iter 31804: loss 0.7086, time 481.83ms, mfu 1.88%
iter 31805: loss 0.7619, time 616.02ms, mfu 1.80%
iter 31806: loss 0.6740, time 609.93ms, mfu 1.74%
iter 31807: loss 0.6874, time 362.51ms, mfu 1.76%
iter 31808: loss 0.6836, time 324.83ms, mfu 1.80%
iter 31809: loss 0.6955, time 533.40ms, mfu 1.76%
iter 31810: loss 0.7411, time 341.76ms, mfu 1.79%
iter 31811: loss 0.7092, time 371.28ms, mfu 1.80%
iter 31812: loss 0.7371, time 320.19ms, mfu 1.84%
iter 31813: loss 0.6036, time 424.33ms, mfu 1.82%
iter 31814: loss 0.8225, time 369.88ms, mfu 1.83%
iter 31815: loss 0.6811, time 436.95ms, mfu 1.81%
iter 31816: loss 0.6973, time 426.35ms, mfu 1.80%
iter 31817: loss 0.6634, time 236.64ms, mfu 1.92%
iter 31818: loss 0.6881, time 402.05ms, mfu 1.90%
iter 31819: loss 0.6519, time 336.27ms, mfu 1.92%
iter 31820: loss 0.6452, time 428.17ms, mfu 1.90%
iter 31821: loss 0.7213, time 429.20ms, mfu 1.87%
iter 31822: loss 0.6976, time 392.15ms, mfu 1.86%
iter 31823: loss 0.7153, time 363.18ms, mfu 1.87%
iter 31824: loss 0.8017, time 397.37ms, mfu 1.86%
iter 31825: loss 0.6852, time 365.65ms, mfu 1.87%
iter 31826: loss 0.6985, time 367.46ms, mfu 1.88%
iter 31827: loss 0.7771, time 506.81ms, mfu 1.83%
iter 31828: loss 0.6087, time 249.60ms, mfu 1.93%
iter 31829: loss 0.7683, time 362.47ms, mfu 1.93%
iter 31830: loss 0.7105, time 345.66ms, mfu 1.94%
iter 31831: loss 0.7681, time 309.33ms, mfu 1.98%
iter 31832: loss 0.7992, time 348.41ms, mfu 1.98%
iter 31833: loss 0.6331, time 364.30ms, mfu 1.98%
iter 31834: loss 0.6519, time 409.00ms, mfu 1.96%
iter 31835: loss 0.6751, time 382.95ms, mfu 1.95%
iter 31836: loss 0.7470, time 477.55ms, mfu 1.90%
iter 31837: loss 0.7346, time 337.91ms, mfu 1.92%
iter 31838: loss 0.6799, time 368.58ms, mfu 1.92%
iter 31839: loss 0.6965, time 354.22ms, mfu 1.93%
iter 31840: loss 0.7916, time 495.93ms, mfu 1.88%
iter 31841: loss 0.7314, time 338.23ms, mfu 1.90%
iter 31842: loss 0.6872, time 369.68ms, mfu 1.90%
iter 31843: loss 0.6964, time 462.10ms, mfu 1.86%
iter 31844: loss 0.7338, time 220.95ms, mfu 2.00%
iter 31845: loss 0.7107, time 395.67ms, mfu 1.98%
iter 31846: loss 0.6658, time 327.51ms, mfu 2.00%
iter 31847: loss 0.6544, time 380.45ms, mfu 1.98%
iter 31848: loss 0.7564, time 388.61ms, mfu 1.97%
iter 31849: loss 0.7049, time 439.30ms, mfu 1.93%
iter 31850: loss 0.7749, time 268.70ms, mfu 2.00%
iter 31851: loss 0.6900, time 460.83ms, mfu 1.96%
iter 31852: loss 0.7304, time 471.82ms, mfu 1.91%
iter 31853: loss 0.7877, time 337.58ms, mfu 1.93%
iter 31854: loss 0.7765, time 280.42ms, mfu 1.99%
iter 31855: loss 0.6753, time 328.59ms, mfu 2.01%
iter 31856: loss 0.8040, time 234.46ms, mfu 2.11%
iter 31857: loss 0.7626, time 440.93ms, mfu 2.06%
iter 31858: loss 0.7523, time 237.95ms, mfu 2.15%
iter 31859: loss 0.7373, time 269.99ms, mfu 2.20%
iter 31860: loss 0.7096, time 371.23ms, mfu 2.17%
iter 31861: loss 0.7120, time 479.62ms, mfu 2.10%
iter 31862: loss 0.7069, time 320.90ms, mfu 2.11%
iter 31863: loss 0.8211, time 301.20ms, mfu 2.13%
iter 31864: loss 0.7458, time 414.84ms, mfu 2.09%
iter 31865: loss 0.7130, time 398.23ms, mfu 2.06%
iter 31866: loss 0.7174, time 258.76ms, mfu 2.13%
iter 31867: loss 0.6957, time 336.08ms, mfu 2.13%
iter 31868: loss 0.7980, time 380.67ms, mfu 2.10%
iter 31869: loss 0.6513, time 288.51ms, mfu 2.14%
iter 31870: loss 0.6974, time 311.01ms, mfu 2.15%
iter 31871: loss 0.8011, time 291.93ms, mfu 2.18%
iter 31872: loss 0.7655, time 293.40ms, mfu 2.20%
iter 31873: loss 0.6618, time 475.33ms, mfu 2.13%
iter 31874: loss 0.7470, time 358.85ms, mfu 2.11%
iter 31875: loss 0.6883, time 356.14ms, mfu 2.10%
iter 31876: loss 0.7271, time 394.34ms, mfu 2.07%
iter 31877: loss 0.6684, time 279.01ms, mfu 2.12%
iter 31878: loss 0.7396, time 538.79ms, mfu 2.04%
iter 31879: loss 0.6889, time 327.50ms, mfu 2.05%
iter 31880: loss 0.7730, time 411.16ms, mfu 2.02%
iter 31881: loss 0.6887, time 302.78ms, mfu 2.05%
iter 31882: loss 0.7390, time 311.30ms, mfu 2.07%
iter 31883: loss 0.7099, time 385.91ms, mfu 2.05%
iter 31884: loss 0.6507, time 491.69ms, mfu 1.99%
iter 31885: loss 0.7759, time 351.12ms, mfu 1.99%
iter 31886: loss 0.7540, time 320.41ms, mfu 2.01%
iter 31887: loss 0.7423, time 374.35ms, mfu 2.00%
iter 31888: loss 0.7819, time 415.03ms, mfu 1.97%
iter 31889: loss 0.7281, time 380.91ms, mfu 1.96%
iter 31890: loss 0.7430, time 499.35ms, mfu 1.91%
iter 31891: loss 0.8053, time 483.56ms, mfu 1.86%
iter 31892: loss 0.7336, time 345.29ms, mfu 1.88%
iter 31893: loss 0.7241, time 218.74ms, mfu 2.02%
iter 31894: loss 0.6922, time 456.67ms, mfu 1.97%
iter 31895: loss 0.7070, time 451.08ms, mfu 1.93%
iter 31896: loss 0.6965, time 194.02ms, mfu 2.10%
iter 31897: loss 0.6962, time 337.67ms, mfu 2.10%
iter 31898: loss 0.6673, time 312.33ms, mfu 2.12%
iter 31899: loss 0.7661, time 434.08ms, mfu 2.07%
iter 31900: loss 0.7343, time 415.22ms, mfu 2.03%
  === DIAG iter 31900 ===
  loss: 0.7343
  grads: total 1.0000, transformer 0.1601, adapter 0.9871
  <NUM> input tokens: 427/3072 (13.9%)
  lr: base 7.89e-05, adapter 3.94e-05
  SME accuracy: overall 0.422, sign 0.973, exp 0.875, digit 0.234, end 0.809 [d0 0.769 d1 0.338 d2 0.218 d3 0.145 d4 0.056 d5 0.100 d6 0.106 d7 0.102 d8 0.057 d9 0.219 d10 0.103 d11 0.192 d12 0.200 d13 0.125 d14 0.091] (1157 SME tokens)
iter 31901: loss 0.6811, time 234.73ms, mfu 2.13%
iter 31902: loss 0.6994, time 381.37ms, mfu 2.11%
iter 31903: loss 0.7456, time 536.26ms, mfu 2.03%
iter 31904: loss 0.7645, time 281.28ms, mfu 2.08%
iter 31905: loss 0.6623, time 435.14ms, mfu 2.03%
iter 31906: loss 0.7268, time 349.87ms, mfu 2.03%
iter 31907: loss 0.7224, time 359.63ms, mfu 2.02%
iter 31908: loss 0.6841, time 410.92ms, mfu 1.99%
iter 31909: loss 0.7357, time 351.79ms, mfu 2.00%
iter 31910: loss 0.7705, time 251.74ms, mfu 2.08%
iter 31911: loss 0.6944, time 321.83ms, mfu 2.09%
iter 31912: loss 0.7845, time 385.48ms, mfu 2.07%
iter 31913: loss 0.7628, time 378.18ms, mfu 2.05%
iter 31914: loss 0.7311, time 340.04ms, mfu 2.05%
iter 31915: loss 0.6700, time 414.78ms, mfu 2.02%
iter 31916: loss 0.6952, time 547.88ms, mfu 1.94%
iter 31917: loss 0.7002, time 343.03ms, mfu 1.96%
iter 31918: loss 0.6483, time 423.95ms, mfu 1.93%
iter 31919: loss 0.7166, time 450.84ms, mfu 1.89%
iter 31920: loss 0.6757, time 514.72ms, mfu 1.84%
iter 31921: loss 0.7427, time 284.43ms, mfu 1.91%
iter 31922: loss 0.7273, time 375.98ms, mfu 1.90%
iter 31923: loss 0.6651, time 228.47ms, mfu 2.02%
iter 31924: loss 0.6826, time 278.97ms, mfu 2.08%
iter 31925: loss 0.6811, time 279.28ms, mfu 2.12%
iter 31926: loss 0.6780, time 502.66ms, mfu 2.05%
iter 31927: loss 0.7492, time 328.67ms, mfu 2.06%
iter 31928: loss 0.7705, time 406.10ms, mfu 2.03%
iter 31929: loss 0.7808, time 322.90ms, mfu 2.05%
iter 31930: loss 0.6441, time 345.74ms, mfu 2.05%
iter 31931: loss 0.6841, time 221.52ms, mfu 2.16%
iter 31932: loss 0.7860, time 266.98ms, mfu 2.21%
iter 31933: loss 0.7093, time 353.71ms, mfu 2.19%
iter 31934: loss 0.6933, time 355.74ms, mfu 2.17%
iter 31935: loss 0.6402, time 296.75ms, mfu 2.19%
iter 31936: loss 0.7885, time 415.76ms, mfu 2.14%
iter 31937: loss 0.6646, time 322.12ms, mfu 2.15%
iter 31938: loss 0.7475, time 280.12ms, mfu 2.19%
iter 31939: loss 0.7844, time 389.25ms, mfu 2.15%
iter 31940: loss 0.7436, time 515.77ms, mfu 2.07%
iter 31941: loss 0.7276, time 216.35ms, mfu 2.19%
iter 31942: loss 0.6862, time 485.11ms, mfu 2.12%
iter 31943: loss 0.6056, time 422.66ms, mfu 2.08%
iter 31944: loss 0.6574, time 392.98ms, mfu 2.05%
iter 31945: loss 0.7234, time 307.05ms, mfu 2.07%
iter 31946: loss 0.6320, time 384.47ms, mfu 2.05%
iter 31947: loss 0.7330, time 301.50ms, mfu 2.08%
iter 31948: loss 0.6574, time 418.44ms, mfu 2.04%
iter 31949: loss 0.7053, time 357.90ms, mfu 2.04%
iter 31950: loss 0.7707, time 303.52ms, mfu 2.07%
iter 31951: loss 0.7168, time 404.89ms, mfu 2.03%
iter 31952: loss 0.7382, time 401.10ms, mfu 2.01%
iter 31953: loss 0.7611, time 348.18ms, mfu 2.01%
iter 31954: loss 0.6398, time 509.40ms, mfu 1.95%
iter 31955: loss 0.7197, time 509.70ms, mfu 1.89%
iter 31956: loss 0.6842, time 369.65ms, mfu 1.90%
iter 31957: loss 0.8291, time 286.94ms, mfu 1.95%
iter 31958: loss 0.7096, time 549.79ms, mfu 1.89%
iter 31959: loss 0.7342, time 370.12ms, mfu 1.89%
iter 31960: loss 0.6764, time 292.82ms, mfu 1.94%
iter 31961: loss 0.7479, time 481.09ms, mfu 1.90%
iter 31962: loss 0.6980, time 451.90ms, mfu 1.86%
iter 31963: loss 0.7523, time 392.02ms, mfu 1.86%
iter 31964: loss 0.6422, time 485.54ms, mfu 1.82%
iter 31965: loss 0.7469, time 235.91ms, mfu 1.94%
iter 31966: loss 0.7771, time 315.57ms, mfu 1.97%
iter 31967: loss 0.7636, time 440.37ms, mfu 1.93%
iter 31968: loss 0.7394, time 317.68ms, mfu 1.96%
iter 31969: loss 0.7058, time 431.91ms, mfu 1.93%
iter 31970: loss 0.6882, time 214.46ms, mfu 2.07%
iter 31971: loss 0.6922, time 302.90ms, mfu 2.09%
iter 31972: loss 0.7160, time 284.56ms, mfu 2.13%
iter 31973: loss 0.7307, time 398.16ms, mfu 2.10%
iter 31974: loss 0.7008, time 411.72ms, mfu 2.06%
iter 31975: loss 0.6516, time 381.92ms, mfu 2.04%
iter 31976: loss 0.7208, time 354.39ms, mfu 2.04%
iter 31977: loss 0.6550, time 311.90ms, mfu 2.06%
iter 31978: loss 0.7666, time 331.50ms, mfu 2.07%
iter 31979: loss 0.7260, time 373.63ms, mfu 2.05%
iter 31980: loss 0.7167, time 339.23ms, mfu 2.05%
iter 31981: loss 0.7128, time 570.91ms, mfu 1.97%
iter 31982: loss 0.6411, time 394.87ms, mfu 1.96%
iter 31983: loss 0.8052, time 380.62ms, mfu 1.95%
iter 31984: loss 0.7521, time 438.07ms, mfu 1.91%
iter 31985: loss 0.8305, time 393.40ms, mfu 1.90%
iter 31986: loss 0.6846, time 413.69ms, mfu 1.88%
iter 31987: loss 0.7554, time 493.29ms, mfu 1.84%
iter 31988: loss 0.7969, time 404.17ms, mfu 1.83%
iter 31989: loss 0.6943, time 478.70ms, mfu 1.79%
iter 31990: loss 0.7023, time 552.98ms, mfu 1.74%
iter 31991: loss 0.6810, time 345.43ms, mfu 1.77%
iter 31992: loss 0.7378, time 428.96ms, mfu 1.76%
iter 31993: loss 0.6603, time 356.44ms, mfu 1.78%
iter 31994: loss 0.7528, time 388.25ms, mfu 1.79%
iter 31995: loss 0.7020, time 272.80ms, mfu 1.87%
iter 31996: loss 0.6862, time 277.44ms, mfu 1.94%
iter 31997: loss 0.6502, time 442.65ms, mfu 1.90%
iter 31998: loss 0.7000, time 255.14ms, mfu 1.99%
iter 31999: loss 0.6494, time 378.26ms, mfu 1.98%
iter 32000: loss 0.7086, time 582.33ms, mfu 1.90%
  === DIAG iter 32000 ===
  loss: 0.7086
  grads: total 1.0000, transformer 0.1611, adapter 0.9869
  <NUM> input tokens: 415/3072 (13.5%)
  lr: base 7.80e-05, adapter 3.90e-05
  SME accuracy: overall 0.492, sign 0.974, exp 0.948, digit 0.320, end 0.851 [d0 0.791 d1 0.457 d2 0.253 d3 0.208 d4 0.329 d5 0.212 d6 0.159 d7 0.211 d8 0.196 d9 0.268 d10 0.294 d11 0.300 d12 0.267 d13 0.320 d14 0.125] (1212 SME tokens)
  --- Sample eval (val) ---
  ADD: <0> + <9.69e+08> →
    target: 9.69e+08
    pred:   INVALID(unparseable)

  COUNT: <8.053e-06> <-0.000705056> →
    target: 2
    pred:   2
    error:  0.00

  MAX: <-0.0137565> <6.99593e-08> <715090> <0> <3.54e-06> <-607146> <4e-06> <1e+09> <3.62626e-06> <0> →
    target: 1e+09
    pred:   1e+09
    error:  0.00

  <0.069939> →
    target: 0.0007653
    pred:   6.802e+08
    error:  680212200.00

  SORT: <5.29254e+08> <6.5e-09> <-9.97251e+08> →
    target: -9.973e+08 6.5e-09 5.293e+08
    pred:   -9.823e+08 INVALID(unparseable) 5.996e+08
    error:  14937322.63 N/A 70392707.00

iter 32001: loss 0.7748, time 315.38ms, mfu 1.94%
iter 32002: loss 0.6918, time 458.27ms, mfu 1.90%
iter 32003: loss 0.8420, time 375.38ms, mfu 1.90%
iter 32004: loss 0.7354, time 517.70ms, mfu 1.84%
iter 32005: loss 0.6824, time 416.75ms, mfu 1.83%
iter 32006: loss 0.7219, time 406.42ms, mfu 1.82%
iter 32007: loss 0.7445, time 273.04ms, mfu 1.90%
iter 32008: loss 0.7770, time 354.33ms, mfu 1.91%
iter 32009: loss 0.6693, time 523.72ms, mfu 1.85%
iter 32010: loss 0.7767, time 424.57ms, mfu 1.84%
iter 32011: loss 0.6004, time 380.17ms, mfu 1.84%
iter 32012: loss 0.7870, time 281.77ms, mfu 1.91%
iter 32013: loss 0.7543, time 437.87ms, mfu 1.88%
iter 32014: loss 0.7098, time 294.85ms, mfu 1.93%
iter 32015: loss 0.6636, time 449.35ms, mfu 1.89%
iter 32016: loss 0.7860, time 548.15ms, mfu 1.83%
iter 32017: loss 0.7621, time 479.75ms, mfu 1.80%
iter 32018: loss 0.7290, time 293.38ms, mfu 1.86%
iter 32019: loss 0.6275, time 306.56ms, mfu 1.91%
iter 32020: loss 0.6925, time 379.57ms, mfu 1.90%
iter 32021: loss 0.7156, time 351.95ms, mfu 1.91%
iter 32022: loss 0.6047, time 319.43ms, mfu 1.94%
iter 32023: loss 0.6395, time 378.75ms, mfu 1.94%
iter 32024: loss 0.7296, time 390.08ms, mfu 1.92%
iter 32025: loss 0.6761, time 340.27ms, mfu 1.94%
iter 32026: loss 0.7187, time 341.86ms, mfu 1.95%
iter 32027: loss 0.7396, time 372.24ms, mfu 1.95%
iter 32028: loss 0.7250, time 349.84ms, mfu 1.96%
iter 32029: loss 0.7170, time 275.56ms, mfu 2.02%
iter 32030: loss 0.7222, time 407.83ms, mfu 1.99%
iter 32031: loss 0.7097, time 412.51ms, mfu 1.96%
iter 32032: loss 0.6332, time 435.27ms, mfu 1.93%
iter 32033: loss 0.7623, time 379.85ms, mfu 1.92%
iter 32034: loss 0.7394, time 376.46ms, mfu 1.92%
iter 32035: loss 0.7421, time 490.62ms, mfu 1.87%
iter 32036: loss 0.7010, time 267.70ms, mfu 1.95%
iter 32037: loss 0.7772, time 326.56ms, mfu 1.97%
iter 32038: loss 0.7370, time 347.49ms, mfu 1.98%
iter 32039: loss 0.7021, time 502.33ms, mfu 1.92%
iter 32040: loss 0.6436, time 417.07ms, mfu 1.90%
iter 32041: loss 0.7170, time 422.14ms, mfu 1.88%
iter 32042: loss 0.8264, time 448.98ms, mfu 1.85%
iter 32043: loss 0.7178, time 385.11ms, mfu 1.85%
iter 32044: loss 0.6712, time 482.57ms, mfu 1.81%
iter 32045: loss 0.7386, time 373.11ms, mfu 1.82%
iter 32046: loss 0.7512, time 288.37ms, mfu 1.88%
iter 32047: loss 0.8321, time 408.22ms, mfu 1.87%
iter 32048: loss 0.7087, time 472.08ms, mfu 1.83%
iter 32049: loss 0.7225, time 471.77ms, mfu 1.80%
iter 32050: loss 0.7428, time 533.07ms, mfu 1.75%
iter 32051: loss 0.7105, time 291.27ms, mfu 1.82%
iter 32052: loss 0.6699, time 304.26ms, mfu 1.87%
iter 32053: loss 0.7068, time 335.52ms, mfu 1.89%
iter 32054: loss 0.6808, time 500.58ms, mfu 1.85%
iter 32055: loss 0.6145, time 356.72ms, mfu 1.86%
iter 32056: loss 0.7159, time 316.02ms, mfu 1.90%
iter 32057: loss 0.6407, time 458.72ms, mfu 1.86%
iter 32058: loss 0.6862, time 381.76ms, mfu 1.86%
iter 32059: loss 0.8345, time 302.26ms, mfu 1.91%
iter 32060: loss 0.6926, time 279.55ms, mfu 1.97%
iter 32061: loss 0.6888, time 396.60ms, mfu 1.95%
iter 32062: loss 0.6186, time 437.86ms, mfu 1.92%
iter 32063: loss 0.7349, time 444.92ms, mfu 1.89%
iter 32064: loss 0.6232, time 453.33ms, mfu 1.86%
iter 32065: loss 0.6659, time 366.63ms, mfu 1.86%
iter 32066: loss 0.6518, time 505.44ms, mfu 1.82%
iter 32067: loss 0.7862, time 401.82ms, mfu 1.81%
iter 32068: loss 0.7305, time 378.30ms, mfu 1.82%
iter 32069: loss 0.6538, time 335.25ms, mfu 1.85%
iter 32070: loss 0.6887, time 450.75ms, mfu 1.82%
iter 32071: loss 0.7907, time 442.00ms, mfu 1.80%
iter 32072: loss 0.7054, time 342.08ms, mfu 1.83%
iter 32073: loss 0.7066, time 369.64ms, mfu 1.83%
iter 32074: loss 0.7252, time 443.87ms, mfu 1.81%
iter 32075: loss 0.8194, time 477.26ms, mfu 1.78%
iter 32076: loss 0.6862, time 486.04ms, mfu 1.75%
iter 32077: loss 0.6711, time 369.05ms, mfu 1.76%
iter 32078: loss 0.6837, time 416.97ms, mfu 1.76%
iter 32079: loss 0.7407, time 327.39ms, mfu 1.80%
iter 32080: loss 0.7308, time 346.11ms, mfu 1.82%
iter 32081: loss 0.7634, time 321.62ms, mfu 1.86%
iter 32082: loss 0.6352, time 352.18ms, mfu 1.88%
iter 32083: loss 0.7290, time 262.20ms, mfu 1.96%
iter 32084: loss 0.7530, time 414.83ms, mfu 1.93%
iter 32085: loss 0.6215, time 295.09ms, mfu 1.98%
iter 32086: loss 0.8146, time 614.42ms, mfu 1.90%
iter 32087: loss 0.7627, time 353.50ms, mfu 1.91%
iter 32088: loss 0.7358, time 266.71ms, mfu 1.98%
iter 32089: loss 0.7208, time 310.65ms, mfu 2.01%
iter 32090: loss 0.7787, time 398.14ms, mfu 1.99%
iter 32091: loss 0.6364, time 307.27ms, mfu 2.02%
iter 32092: loss 0.7234, time 329.27ms, mfu 2.03%
iter 32093: loss 0.7431, time 389.77ms, mfu 2.01%
iter 32094: loss 0.7435, time 466.65ms, mfu 1.96%
iter 32095: loss 0.6443, time 395.12ms, mfu 1.95%
iter 32096: loss 0.6636, time 347.48ms, mfu 1.96%
iter 32097: loss 0.8298, time 350.29ms, mfu 1.96%
iter 32098: loss 0.7865, time 362.88ms, mfu 1.96%
iter 32099: loss 0.8066, time 314.69ms, mfu 1.99%
iter 32100: loss 0.7460, time 591.62ms, mfu 1.91%
  === DIAG iter 32100 ===
  loss: 0.7460
  grads: total 1.0000, transformer 0.1596, adapter 0.9872
  <NUM> input tokens: 486/3072 (15.8%)
  lr: base 7.70e-05, adapter 3.85e-05
  SME accuracy: overall 0.458, sign 0.959, exp 0.950, digit 0.282, end 0.769 [d0 0.780 d1 0.363 d2 0.281 d3 0.106 d4 0.134 d5 0.083 d6 0.194 d7 0.218 d8 0.212 d9 0.216 d10 0.258 d11 0.241 d12 0.250 d13 0.150 d14 0.067] (1258 SME tokens)
iter 32101: loss 0.5248, time 219.48ms, mfu 2.04%
iter 32102: loss 0.7440, time 463.43ms, mfu 1.99%
iter 32103: loss 0.7622, time 405.48ms, mfu 1.97%
iter 32104: loss 0.7477, time 381.53ms, mfu 1.96%
iter 32105: loss 0.7550, time 343.87ms, mfu 1.97%
iter 32106: loss 0.6960, time 338.84ms, mfu 1.98%
iter 32107: loss 0.6279, time 314.18ms, mfu 2.01%
iter 32108: loss 0.6974, time 335.83ms, mfu 2.02%
iter 32109: loss 0.8450, time 480.41ms, mfu 1.96%
iter 32110: loss 0.7351, time 390.54ms, mfu 1.95%
iter 32111: loss 0.6668, time 331.69ms, mfu 1.97%
iter 32112: loss 0.7341, time 395.75ms, mfu 1.95%
iter 32113: loss 0.7536, time 400.53ms, mfu 1.93%
iter 32114: loss 0.6963, time 491.06ms, mfu 1.88%
iter 32115: loss 0.7095, time 406.36ms, mfu 1.87%
iter 32116: loss 0.7219, time 473.99ms, mfu 1.83%
iter 32117: loss 0.8139, time 299.68ms, mfu 1.88%
iter 32118: loss 0.7351, time 229.68ms, mfu 2.00%
iter 32119: loss 0.7000, time 391.25ms, mfu 1.99%
iter 32120: loss 0.6898, time 410.15ms, mfu 1.96%
iter 32121: loss 0.6843, time 289.89ms, mfu 2.01%
iter 32122: loss 0.7992, time 490.04ms, mfu 1.95%
iter 32123: loss 0.7111, time 506.66ms, mfu 1.90%
iter 32124: loss 0.6598, time 308.57ms, mfu 1.94%
iter 32125: loss 0.7138, time 395.68ms, mfu 1.92%
iter 32126: loss 0.7584, time 410.56ms, mfu 1.90%
iter 32127: loss 0.7676, time 479.92ms, mfu 1.86%
iter 32128: loss 0.6446, time 376.91ms, mfu 1.86%
iter 32129: loss 0.7308, time 338.31ms, mfu 1.89%
iter 32130: loss 0.7213, time 357.34ms, mfu 1.90%
iter 32131: loss 0.7398, time 359.75ms, mfu 1.90%
iter 32132: loss 0.6900, time 319.80ms, mfu 1.93%
iter 32133: loss 0.6462, time 327.92ms, mfu 1.96%
iter 32134: loss 0.7441, time 253.22ms, mfu 2.04%
iter 32135: loss 0.7342, time 478.65ms, mfu 1.98%
iter 32136: loss 0.6196, time 265.95ms, mfu 2.05%
iter 32137: loss 0.7830, time 276.70ms, mfu 2.10%
iter 32138: loss 0.7712, time 396.72ms, mfu 2.07%
iter 32139: loss 0.7607, time 496.47ms, mfu 2.01%
iter 32140: loss 0.7508, time 318.05ms, mfu 2.03%
iter 32141: loss 0.6928, time 509.28ms, mfu 1.97%
iter 32142: loss 0.7741, time 261.92ms, mfu 2.04%
iter 32143: loss 0.6645, time 427.13ms, mfu 2.00%
iter 32144: loss 0.7814, time 462.55ms, mfu 1.95%
iter 32145: loss 0.7824, time 403.73ms, mfu 1.93%
iter 32146: loss 0.6804, time 355.21ms, mfu 1.94%
iter 32147: loss 0.7898, time 391.09ms, mfu 1.93%
iter 32148: loss 0.7034, time 309.61ms, mfu 1.96%
iter 32149: loss 0.6653, time 408.02ms, mfu 1.94%
iter 32150: loss 0.7719, time 339.28ms, mfu 1.96%
iter 32151: loss 0.7565, time 370.34ms, mfu 1.95%
iter 32152: loss 0.6109, time 329.54ms, mfu 1.97%
iter 32153: loss 0.7373, time 318.62ms, mfu 2.00%
iter 32154: loss 0.7196, time 400.70ms, mfu 1.97%
iter 32155: loss 0.7570, time 353.81ms, mfu 1.98%
iter 32156: loss 0.6944, time 418.36ms, mfu 1.95%
iter 32157: loss 0.6914, time 443.50ms, mfu 1.91%
iter 32158: loss 0.6736, time 285.10ms, mfu 1.97%
iter 32159: loss 0.7134, time 515.22ms, mfu 1.91%
iter 32160: loss 0.7196, time 417.30ms, mfu 1.89%
iter 32161: loss 0.7135, time 239.72ms, mfu 2.00%
iter 32162: loss 0.7621, time 544.95ms, mfu 1.93%
iter 32163: loss 0.6550, time 384.03ms, mfu 1.92%
iter 32164: loss 0.7615, time 344.66ms, mfu 1.93%
iter 32165: loss 0.8205, time 495.46ms, mfu 1.88%
iter 32166: loss 0.7199, time 351.13ms, mfu 1.90%
iter 32167: loss 0.7510, time 327.59ms, mfu 1.92%
iter 32168: loss 0.8106, time 529.18ms, mfu 1.86%
iter 32169: loss 0.7304, time 303.56ms, mfu 1.91%
iter 32170: loss 0.7288, time 405.63ms, mfu 1.90%
iter 32171: loss 0.7325, time 431.90ms, mfu 1.87%
iter 32172: loss 0.7987, time 354.98ms, mfu 1.88%
iter 32173: loss 0.7994, time 368.06ms, mfu 1.89%
iter 32174: loss 0.7218, time 326.55ms, mfu 1.92%
iter 32175: loss 0.6667, time 423.95ms, mfu 1.89%
iter 32176: loss 0.6614, time 420.84ms, mfu 1.87%
iter 32177: loss 0.7975, time 285.46ms, mfu 1.93%
iter 32178: loss 0.6749, time 336.96ms, mfu 1.95%
iter 32179: loss 0.6852, time 285.04ms, mfu 2.00%
iter 32180: loss 0.6102, time 485.99ms, mfu 1.95%
iter 32181: loss 0.7894, time 321.73ms, mfu 1.97%
iter 32182: loss 0.7596, time 445.34ms, mfu 1.94%
iter 32183: loss 0.7092, time 354.86ms, mfu 1.94%
iter 32184: loss 0.7770, time 342.96ms, mfu 1.95%
iter 32185: loss 0.5932, time 494.39ms, mfu 1.90%
iter 32186: loss 0.6800, time 417.65ms, mfu 1.88%
iter 32187: loss 0.7309, time 380.07ms, mfu 1.88%
iter 32188: loss 0.7597, time 290.29ms, mfu 1.94%
iter 32189: loss 0.6210, time 346.79ms, mfu 1.95%
iter 32190: loss 0.7008, time 425.49ms, mfu 1.92%
iter 32191: loss 0.6908, time 355.77ms, mfu 1.93%
iter 32192: loss 0.7469, time 249.16ms, mfu 2.02%
iter 32193: loss 0.6805, time 437.30ms, mfu 1.98%
iter 32194: loss 0.7295, time 353.77ms, mfu 1.98%
iter 32195: loss 0.7962, time 349.44ms, mfu 1.99%
iter 32196: loss 0.6504, time 415.88ms, mfu 1.96%
iter 32197: loss 0.7981, time 330.64ms, mfu 1.98%
iter 32198: loss 0.7508, time 331.73ms, mfu 1.99%
iter 32199: loss 0.6601, time 382.40ms, mfu 1.98%
iter 32200: loss 0.7646, time 570.02ms, mfu 1.90%
  === DIAG iter 32200 ===
  loss: 0.7646
  grads: total 1.0000, transformer 0.1518, adapter 0.9884
  <NUM> input tokens: 409/3072 (13.3%)
  lr: base 7.61e-05, adapter 3.81e-05
  SME accuracy: overall 0.474, sign 0.983, exp 0.967, digit 0.299, end 0.911 [d0 0.898 d1 0.495 d2 0.356 d3 0.115 d4 0.129 d5 0.167 d6 0.151 d7 0.174 d8 0.231 d9 0.239 d10 0.233 d11 0.220 d12 0.129 d13 0.185 d14 0.050] (1362 SME tokens)
iter 32201: loss 0.7843, time 245.07ms, mfu 2.00%
iter 32202: loss 0.5818, time 331.58ms, mfu 2.02%
iter 32203: loss 0.6402, time 287.87ms, mfu 2.06%
iter 32204: loss 0.7110, time 310.37ms, mfu 2.08%
iter 32205: loss 0.7415, time 312.21ms, mfu 2.10%
iter 32206: loss 0.8039, time 286.54ms, mfu 2.14%
iter 32207: loss 0.6808, time 399.18ms, mfu 2.10%
iter 32208: loss 0.6986, time 344.93ms, mfu 2.10%
iter 32209: loss 0.6826, time 389.34ms, mfu 2.07%
iter 32210: loss 0.7303, time 440.37ms, mfu 2.02%
iter 32211: loss 0.7239, time 301.08ms, mfu 2.06%
iter 32212: loss 0.7337, time 307.61ms, mfu 2.08%
iter 32213: loss 0.6710, time 351.12ms, mfu 2.08%
iter 32214: loss 0.5767, time 468.73ms, mfu 2.02%
iter 32215: loss 0.7137, time 489.46ms, mfu 1.96%
iter 32216: loss 0.7315, time 281.51ms, mfu 2.02%
iter 32217: loss 0.6688, time 530.00ms, mfu 1.95%
iter 32218: loss 0.7496, time 429.41ms, mfu 1.92%
iter 32219: loss 0.6597, time 305.36ms, mfu 1.96%
iter 32220: loss 0.8064, time 432.78ms, mfu 1.93%
iter 32221: loss 0.7079, time 341.73ms, mfu 1.94%
iter 32222: loss 0.7018, time 304.14ms, mfu 1.98%
iter 32223: loss 0.6817, time 487.78ms, mfu 1.93%
iter 32224: loss 0.7017, time 395.81ms, mfu 1.91%
iter 32225: loss 0.7390, time 403.15ms, mfu 1.90%
iter 32226: loss 0.7827, time 417.89ms, mfu 1.88%
iter 32227: loss 0.7767, time 341.28ms, mfu 1.90%
iter 32228: loss 0.8232, time 399.75ms, mfu 1.89%
iter 32229: loss 0.7394, time 394.90ms, mfu 1.88%
iter 32230: loss 0.6603, time 364.95ms, mfu 1.88%
iter 32231: loss 0.7488, time 407.78ms, mfu 1.87%
iter 32232: loss 0.6802, time 424.71ms, mfu 1.85%
iter 32233: loss 0.7818, time 476.29ms, mfu 1.81%
iter 32234: loss 0.7481, time 281.17ms, mfu 1.88%
iter 32235: loss 0.6966, time 419.83ms, mfu 1.86%
iter 32236: loss 0.7135, time 293.63ms, mfu 1.92%
iter 32237: loss 0.7389, time 324.40ms, mfu 1.95%
iter 32238: loss 0.7271, time 477.52ms, mfu 1.90%
iter 32239: loss 0.7902, time 503.42ms, mfu 1.85%
iter 32240: loss 0.7721, time 318.42ms, mfu 1.89%
iter 32241: loss 0.6919, time 448.05ms, mfu 1.86%
iter 32242: loss 0.6854, time 315.21ms, mfu 1.90%
iter 32243: loss 0.6731, time 434.47ms, mfu 1.87%
iter 32244: loss 0.7337, time 245.35ms, mfu 1.97%
iter 32245: loss 0.7597, time 359.08ms, mfu 1.97%
iter 32246: loss 0.6953, time 350.64ms, mfu 1.98%
iter 32247: loss 0.6575, time 370.11ms, mfu 1.97%
iter 32248: loss 0.7130, time 388.65ms, mfu 1.96%
iter 32249: loss 0.7457, time 412.66ms, mfu 1.93%
iter 32250: loss 0.7205, time 241.28ms, mfu 2.03%
iter 32251: loss 0.6669, time 248.67ms, mfu 2.11%
iter 32252: loss 0.6965, time 377.64ms, mfu 2.09%
iter 32253: loss 0.6742, time 468.39ms, mfu 2.03%
iter 32254: loss 0.8200, time 325.58ms, mfu 2.05%
iter 32255: loss 0.6989, time 360.62ms, mfu 2.04%
iter 32256: loss 0.7577, time 382.10ms, mfu 2.02%
iter 32257: loss 0.7847, time 503.22ms, mfu 1.96%
iter 32258: loss 0.7242, time 372.51ms, mfu 1.95%
iter 32259: loss 0.7660, time 415.39ms, mfu 1.93%
iter 32260: loss 0.6872, time 348.43ms, mfu 1.94%
iter 32261: loss 0.7256, time 513.20ms, mfu 1.88%
iter 32262: loss 0.6757, time 310.59ms, mfu 1.92%
iter 32263: loss 0.7028, time 372.72ms, mfu 1.92%
iter 32264: loss 0.6455, time 345.54ms, mfu 1.93%
iter 32265: loss 0.8090, time 470.10ms, mfu 1.89%
iter 32266: loss 0.7386, time 405.55ms, mfu 1.88%
iter 32267: loss 0.7808, time 378.54ms, mfu 1.88%
iter 32268: loss 0.7706, time 324.24ms, mfu 1.91%
iter 32269: loss 0.6711, time 465.33ms, mfu 1.87%
iter 32270: loss 0.7020, time 394.75ms, mfu 1.86%
iter 32271: loss 0.6836, time 411.32ms, mfu 1.85%
iter 32272: loss 0.7499, time 287.65ms, mfu 1.91%
iter 32273: loss 0.6641, time 389.95ms, mfu 1.90%
iter 32274: loss 0.7766, time 519.67ms, mfu 1.85%
iter 32275: loss 0.8001, time 299.84ms, mfu 1.90%
iter 32276: loss 0.7439, time 389.58ms, mfu 1.89%
iter 32277: loss 0.6666, time 428.05ms, mfu 1.87%
iter 32278: loss 0.7360, time 266.04ms, mfu 1.95%
iter 32279: loss 0.6559, time 386.60ms, mfu 1.94%
iter 32280: loss 0.6718, time 389.82ms, mfu 1.92%
iter 32281: loss 0.6914, time 234.38ms, mfu 2.03%
iter 32282: loss 0.7041, time 516.01ms, mfu 1.97%
iter 32283: loss 0.7716, time 424.70ms, mfu 1.94%
iter 32284: loss 0.6836, time 246.90ms, mfu 2.03%
iter 32285: loss 0.6614, time 476.49ms, mfu 1.98%
iter 32286: loss 0.7483, time 260.82ms, mfu 2.05%
iter 32287: loss 0.7700, time 248.87ms, mfu 2.13%
iter 32288: loss 0.6756, time 455.98ms, mfu 2.07%
iter 32289: loss 0.6641, time 374.48ms, mfu 2.05%
iter 32290: loss 0.6264, time 402.37ms, mfu 2.03%
iter 32291: loss 0.7446, time 316.77ms, mfu 2.05%
iter 32292: loss 0.7501, time 496.39ms, mfu 1.98%
iter 32293: loss 0.7422, time 402.24ms, mfu 1.96%
iter 32294: loss 0.7927, time 331.34ms, mfu 1.98%
iter 32295: loss 0.7353, time 310.48ms, mfu 2.01%
iter 32296: loss 0.6333, time 367.41ms, mfu 2.00%
iter 32297: loss 0.8291, time 379.46ms, mfu 1.99%
iter 32298: loss 0.7974, time 320.47ms, mfu 2.01%
iter 32299: loss 0.7649, time 339.90ms, mfu 2.02%
iter 32300: loss 0.7539, time 516.04ms, mfu 1.95%
  === DIAG iter 32300 ===
  loss: 0.7539
  grads: total 1.0000, transformer 0.1252, adapter 0.9921
  <NUM> input tokens: 429/3072 (14.0%)
  lr: base 7.53e-05, adapter 3.76e-05
  SME accuracy: overall 0.459, sign 0.992, exp 0.902, digit 0.275, end 0.843 [d0 0.853 d1 0.375 d2 0.153 d3 0.148 d4 0.114 d5 0.149 d6 0.132 d7 0.234 d8 0.111 d9 0.176 d10 0.241 d11 0.240 d12 0.120 d13 0.136 d14 0.188] (1260 SME tokens)
iter 32301: loss 0.6726, time 177.36ms, mfu 2.16%
iter 32302: loss 0.7754, time 398.98ms, mfu 2.12%
iter 32303: loss 0.7343, time 519.10ms, mfu 2.04%
iter 32304: loss 0.7322, time 341.56ms, mfu 2.05%
iter 32305: loss 0.6941, time 320.76ms, mfu 2.06%
iter 32306: loss 0.7164, time 494.83ms, mfu 2.00%
iter 32307: loss 0.7241, time 289.88ms, mfu 2.05%
iter 32308: loss 0.6755, time 422.14ms, mfu 2.01%
iter 32309: loss 0.6672, time 284.07ms, mfu 2.06%
iter 32310: loss 0.6375, time 335.14ms, mfu 2.06%
iter 32311: loss 0.8266, time 423.52ms, mfu 2.02%
iter 32312: loss 0.6865, time 434.61ms, mfu 1.98%
iter 32313: loss 0.6302, time 593.11ms, mfu 1.91%
iter 32314: loss 0.7642, time 301.75ms, mfu 1.95%
iter 32315: loss 0.7511, time 449.55ms, mfu 1.91%
iter 32316: loss 0.7008, time 340.36ms, mfu 1.93%
iter 32317: loss 0.7534, time 220.21ms, mfu 2.06%
iter 32318: loss 0.7493, time 452.07ms, mfu 2.01%
iter 32319: loss 0.7556, time 480.59ms, mfu 1.96%
iter 32320: loss 0.8018, time 375.81ms, mfu 1.95%
iter 32321: loss 0.7817, time 324.40ms, mfu 1.97%
iter 32322: loss 0.7232, time 491.17ms, mfu 1.92%
iter 32323: loss 0.7558, time 427.20ms, mfu 1.89%
iter 32324: loss 0.6951, time 535.02ms, mfu 1.84%
iter 32325: loss 0.6574, time 379.68ms, mfu 1.84%
iter 32326: loss 0.7301, time 402.30ms, mfu 1.83%
iter 32327: loss 0.6859, time 277.63ms, mfu 1.90%
iter 32328: loss 0.8115, time 309.00ms, mfu 1.94%
iter 32329: loss 0.7346, time 298.89ms, mfu 1.99%
iter 32330: loss 0.7152, time 439.85ms, mfu 1.95%
iter 32331: loss 0.7247, time 382.41ms, mfu 1.94%
iter 32332: loss 0.7315, time 224.51ms, mfu 2.06%
iter 32333: loss 0.7139, time 393.13ms, mfu 2.03%
iter 32334: loss 0.6805, time 363.70ms, mfu 2.03%
iter 32335: loss 0.6308, time 392.63ms, mfu 2.00%
iter 32336: loss 0.7364, time 339.39ms, mfu 2.01%
iter 32337: loss 0.7331, time 338.04ms, mfu 2.02%
iter 32338: loss 0.6803, time 588.94ms, mfu 1.94%
iter 32339: loss 0.6201, time 276.77ms, mfu 2.00%
iter 32340: loss 0.7149, time 488.53ms, mfu 1.95%
iter 32341: loss 0.6773, time 477.67ms, mfu 1.90%
iter 32342: loss 0.7272, time 433.68ms, mfu 1.87%
iter 32343: loss 0.6910, time 482.53ms, mfu 1.83%
iter 32344: loss 0.7796, time 350.78ms, mfu 1.85%
iter 32345: loss 0.6882, time 376.04ms, mfu 1.85%
iter 32346: loss 0.6958, time 290.99ms, mfu 1.91%
iter 32347: loss 0.7357, time 314.38ms, mfu 1.95%
iter 32348: loss 0.6968, time 366.59ms, mfu 1.95%
iter 32349: loss 0.7269, time 448.61ms, mfu 1.91%
iter 32350: loss 0.5825, time 449.27ms, mfu 1.88%
iter 32351: loss 0.6273, time 493.55ms, mfu 1.83%
iter 32352: loss 0.6947, time 326.48ms, mfu 1.87%
iter 32353: loss 0.7587, time 265.27ms, mfu 1.95%
iter 32354: loss 0.6913, time 332.16ms, mfu 1.97%
iter 32355: loss 0.7194, time 471.17ms, mfu 1.92%
iter 32356: loss 0.7074, time 475.69ms, mfu 1.88%
iter 32357: loss 0.6595, time 420.56ms, mfu 1.86%
iter 32358: loss 0.7299, time 340.29ms, mfu 1.88%
iter 32359: loss 0.7342, time 312.91ms, mfu 1.92%
iter 32360: loss 0.6687, time 394.83ms, mfu 1.91%
iter 32361: loss 0.7499, time 365.50ms, mfu 1.91%
iter 32362: loss 0.7769, time 266.56ms, mfu 1.98%
iter 32363: loss 0.6951, time 331.69ms, mfu 2.00%
iter 32364: loss 0.7151, time 356.64ms, mfu 2.00%
iter 32365: loss 0.7427, time 285.83ms, mfu 2.05%
iter 32366: loss 0.6170, time 380.67ms, mfu 2.03%
iter 32367: loss 0.6126, time 422.82ms, mfu 1.99%
iter 32368: loss 0.7108, time 382.74ms, mfu 1.98%
iter 32369: loss 0.6708, time 382.42ms, mfu 1.97%
iter 32370: loss 0.7079, time 406.21ms, mfu 1.94%
iter 32371: loss 0.7077, time 392.82ms, mfu 1.93%
iter 32372: loss 0.7716, time 484.34ms, mfu 1.88%
iter 32373: loss 0.6499, time 541.71ms, mfu 1.83%
iter 32374: loss 0.6980, time 425.06ms, mfu 1.81%
iter 32375: loss 0.7427, time 338.92ms, mfu 1.84%
iter 32376: loss 0.6874, time 277.51ms, mfu 1.91%
iter 32377: loss 0.7283, time 446.81ms, mfu 1.88%
iter 32378: loss 0.7954, time 261.09ms, mfu 1.96%
iter 32379: loss 0.6971, time 366.88ms, mfu 1.96%
iter 32380: loss 0.7066, time 369.13ms, mfu 1.95%
iter 32381: loss 0.7398, time 320.09ms, mfu 1.98%
iter 32382: loss 0.7364, time 447.54ms, mfu 1.94%
iter 32383: loss 0.6894, time 334.52ms, mfu 1.96%
iter 32384: loss 0.5828, time 387.10ms, mfu 1.95%
iter 32385: loss 0.6598, time 511.02ms, mfu 1.89%
iter 32386: loss 0.7373, time 264.15ms, mfu 1.97%
iter 32387: loss 0.7079, time 417.11ms, mfu 1.94%
iter 32388: loss 0.6417, time 388.62ms, mfu 1.93%
iter 32389: loss 0.7492, time 464.70ms, mfu 1.89%
iter 32390: loss 0.6717, time 426.42ms, mfu 1.87%
iter 32391: loss 0.6523, time 476.05ms, mfu 1.83%
iter 32392: loss 0.7178, time 372.28ms, mfu 1.84%
iter 32393: loss 0.6709, time 379.02ms, mfu 1.84%
iter 32394: loss 0.7716, time 292.15ms, mfu 1.90%
iter 32395: loss 0.6777, time 426.23ms, mfu 1.87%
iter 32396: loss 0.6977, time 421.24ms, mfu 1.86%
iter 32397: loss 0.6844, time 634.34ms, mfu 1.78%
iter 32398: loss 0.7289, time 352.86ms, mfu 1.80%
iter 32399: loss 0.7046, time 233.72ms, mfu 1.93%
iter 32400: loss 0.6778, time 370.28ms, mfu 1.93%
  === DIAG iter 32400 ===
  loss: 0.6778
  grads: total 1.0000, transformer 0.1191, adapter 0.9929
  <NUM> input tokens: 433/3072 (14.1%)
  lr: base 7.44e-05, adapter 3.72e-05
  SME accuracy: overall 0.495, sign 0.969, exp 0.944, digit 0.299, end 0.833 [d0 0.844 d1 0.352 d2 0.275 d3 0.122 d4 0.145 d5 0.127 d6 0.164 d7 0.170 d8 0.091 d9 0.172 d10 0.261 d11 0.300 d12 0.368 d13 0.231 d14 0.222] (1194 SME tokens)
iter 32401: loss 0.7092, time 244.70ms, mfu 2.02%
iter 32402: loss 0.6758, time 173.90ms, mfu 2.23%
iter 32403: loss 0.7130, time 416.57ms, mfu 2.18%
iter 32404: loss 0.8085, time 600.88ms, mfu 2.08%
iter 32405: loss 0.7376, time 431.86ms, mfu 2.03%
iter 32406: loss 0.6659, time 424.60ms, mfu 2.00%
iter 32407: loss 0.7511, time 500.83ms, mfu 1.94%
iter 32408: loss 0.7854, time 406.76ms, mfu 1.92%
iter 32409: loss 0.6846, time 396.93ms, mfu 1.91%
iter 32410: loss 0.7550, time 330.20ms, mfu 1.93%
iter 32411: loss 0.6815, time 430.14ms, mfu 1.90%
iter 32412: loss 0.7237, time 403.84ms, mfu 1.89%
iter 32413: loss 0.6215, time 274.13ms, mfu 1.96%
iter 32414: loss 0.7660, time 498.00ms, mfu 1.90%
iter 32415: loss 0.7015, time 426.69ms, mfu 1.88%
iter 32416: loss 0.6720, time 411.30ms, mfu 1.86%
iter 32417: loss 0.7472, time 512.67ms, mfu 1.82%
iter 32418: loss 0.7364, time 452.86ms, mfu 1.79%
iter 32419: loss 0.6084, time 282.30ms, mfu 1.86%
iter 32420: loss 0.7498, time 518.29ms, mfu 1.81%
iter 32421: loss 0.6732, time 299.47ms, mfu 1.87%
iter 32422: loss 0.7542, time 466.33ms, mfu 1.83%
iter 32423: loss 0.6888, time 197.15ms, mfu 2.01%
iter 32424: loss 0.7233, time 703.21ms, mfu 1.91%
iter 32425: loss 0.7401, time 231.15ms, mfu 2.02%
iter 32426: loss 0.7895, time 417.48ms, mfu 1.99%
iter 32427: loss 0.7001, time 359.48ms, mfu 1.99%
iter 32428: loss 0.7065, time 350.71ms, mfu 1.99%
iter 32429: loss 0.7218, time 408.57ms, mfu 1.97%
iter 32430: loss 0.6979, time 414.54ms, mfu 1.94%
iter 32431: loss 0.6784, time 228.13ms, mfu 2.06%
iter 32432: loss 0.6455, time 279.31ms, mfu 2.11%
iter 32433: loss 0.7756, time 434.78ms, mfu 2.06%
iter 32434: loss 0.7129, time 368.22ms, mfu 2.05%
iter 32435: loss 0.7719, time 342.38ms, mfu 2.05%
iter 32436: loss 0.7183, time 472.86ms, mfu 1.99%
iter 32437: loss 0.7914, time 485.26ms, mfu 1.94%
iter 32438: loss 0.7119, time 301.54ms, mfu 1.98%
iter 32439: loss 0.6832, time 267.45ms, mfu 2.05%
iter 32440: loss 0.7156, time 486.42ms, mfu 1.99%
iter 32441: loss 0.7876, time 424.43ms, mfu 1.96%
iter 32442: loss 0.6079, time 464.61ms, mfu 1.91%
iter 32443: loss 0.7562, time 431.74ms, mfu 1.89%
iter 32444: loss 0.7874, time 373.38ms, mfu 1.89%
iter 32445: loss 0.7212, time 284.40ms, mfu 1.95%
iter 32446: loss 0.7351, time 402.09ms, mfu 1.93%
iter 32447: loss 0.7159, time 366.27ms, mfu 1.93%
iter 32448: loss 0.6625, time 363.34ms, mfu 1.93%
iter 32449: loss 0.6775, time 303.27ms, mfu 1.97%
iter 32450: loss 0.7633, time 464.33ms, mfu 1.93%
iter 32451: loss 0.7700, time 469.83ms, mfu 1.89%
iter 32452: loss 0.7003, time 275.43ms, mfu 1.95%
iter 32453: loss 0.7355, time 329.69ms, mfu 1.97%
iter 32454: loss 0.8101, time 396.18ms, mfu 1.96%
iter 32455: loss 0.7311, time 402.51ms, mfu 1.94%
iter 32456: loss 0.6715, time 381.71ms, mfu 1.93%
iter 32457: loss 0.7560, time 400.40ms, mfu 1.91%
iter 32458: loss 0.7320, time 475.90ms, mfu 1.87%
iter 32459: loss 0.6363, time 288.84ms, mfu 1.93%
iter 32460: loss 0.8044, time 408.43ms, mfu 1.91%
iter 32461: loss 0.6979, time 371.85ms, mfu 1.91%
iter 32462: loss 0.7581, time 396.99ms, mfu 1.90%
iter 32463: loss 0.7674, time 415.43ms, mfu 1.88%
iter 32464: loss 0.6768, time 272.07ms, mfu 1.95%
iter 32465: loss 0.7631, time 316.11ms, mfu 1.98%
iter 32466: loss 0.6252, time 480.04ms, mfu 1.93%
iter 32467: loss 0.7366, time 351.93ms, mfu 1.94%
iter 32468: loss 0.6399, time 461.32ms, mfu 1.90%
iter 32469: loss 0.7835, time 270.97ms, mfu 1.97%
iter 32470: loss 0.8148, time 384.58ms, mfu 1.96%
iter 32471: loss 0.7419, time 407.98ms, mfu 1.93%
iter 32472: loss 0.7362, time 394.29ms, mfu 1.92%
iter 32473: loss 0.7009, time 538.09ms, mfu 1.86%
iter 32474: loss 0.8241, time 214.84ms, mfu 2.00%
iter 32475: loss 0.6500, time 419.92ms, mfu 1.97%
iter 32476: loss 0.6261, time 396.90ms, mfu 1.95%
iter 32477: loss 0.6977, time 440.16ms, mfu 1.92%
iter 32478: loss 0.7060, time 406.39ms, mfu 1.90%
iter 32479: loss 0.7744, time 316.22ms, mfu 1.94%
iter 32480: loss 0.7362, time 390.67ms, mfu 1.92%
iter 32481: loss 0.7127, time 351.85ms, mfu 1.93%
iter 32482: loss 0.6646, time 299.95ms, mfu 1.98%
iter 32483: loss 0.6499, time 301.69ms, mfu 2.01%
iter 32484: loss 0.6364, time 401.22ms, mfu 1.99%
iter 32485: loss 0.6964, time 487.27ms, mfu 1.94%
iter 32486: loss 0.7377, time 281.12ms, mfu 1.99%
iter 32487: loss 0.6309, time 327.62ms, mfu 2.01%
iter 32488: loss 0.8006, time 411.55ms, mfu 1.98%
iter 32489: loss 0.7409, time 367.60ms, mfu 1.98%
iter 32490: loss 0.7049, time 491.40ms, mfu 1.92%
iter 32491: loss 0.6927, time 326.52ms, mfu 1.95%
iter 32492: loss 0.6986, time 286.77ms, mfu 2.00%
iter 32493: loss 0.6757, time 469.55ms, mfu 1.95%
iter 32494: loss 0.8384, time 418.27ms, mfu 1.93%
iter 32495: loss 0.7702, time 307.23ms, mfu 1.96%
iter 32496: loss 0.7829, time 467.40ms, mfu 1.92%
iter 32497: loss 0.6780, time 405.21ms, mfu 1.90%
iter 32498: loss 0.7945, time 365.27ms, mfu 1.91%
iter 32499: loss 0.6970, time 335.13ms, mfu 1.93%
iter 32500: loss 0.6804, time 532.45ms, mfu 1.87%
  === DIAG iter 32500 ===
  loss: 0.6804
  grads: total 1.0000, transformer 0.1447, adapter 0.9895
  <NUM> input tokens: 479/3072 (15.6%)
  lr: base 7.35e-05, adapter 3.68e-05
  SME accuracy: overall 0.451, sign 0.972, exp 0.925, digit 0.268, end 0.791 [d0 0.816 d1 0.354 d2 0.211 d3 0.143 d4 0.156 d5 0.133 d6 0.123 d7 0.109 d8 0.102 d9 0.147 d10 0.233 d11 0.292 d12 0.200 d13 0.250 d14 0.143] (1112 SME tokens)
iter 32501: loss 0.7282, time 239.35ms, mfu 1.98%
iter 32502: loss 0.7198, time 156.63ms, mfu 2.23%
iter 32503: loss 0.7820, time 377.26ms, mfu 2.20%
iter 32504: loss 0.6993, time 310.43ms, mfu 2.20%
iter 32505: loss 0.7584, time 289.77ms, mfu 2.23%
iter 32506: loss 0.6365, time 451.08ms, mfu 2.16%
iter 32507: loss 0.7152, time 347.22ms, mfu 2.15%
iter 32508: loss 0.7596, time 372.47ms, mfu 2.13%
iter 32509: loss 0.8338, time 280.03ms, mfu 2.17%
iter 32510: loss 0.7123, time 340.51ms, mfu 2.16%
iter 32511: loss 0.7911, time 329.69ms, mfu 2.16%
iter 32512: loss 0.7868, time 517.61ms, mfu 2.08%
iter 32513: loss 0.6611, time 197.43ms, mfu 2.23%
iter 32514: loss 0.6919, time 437.59ms, mfu 2.17%
iter 32515: loss 0.7176, time 319.18ms, mfu 2.17%
iter 32516: loss 0.7697, time 330.73ms, mfu 2.17%
iter 32517: loss 0.7267, time 363.54ms, mfu 2.15%
iter 32518: loss 0.6883, time 381.60ms, mfu 2.12%
iter 32519: loss 0.6639, time 497.30ms, mfu 2.05%
iter 32520: loss 0.7261, time 408.65ms, mfu 2.02%
iter 32521: loss 0.6860, time 418.37ms, mfu 1.99%
iter 32522: loss 0.6543, time 397.95ms, mfu 1.97%
iter 32523: loss 0.7843, time 340.21ms, mfu 1.98%
iter 32524: loss 0.7359, time 291.78ms, mfu 2.02%
iter 32525: loss 0.6549, time 483.49ms, mfu 1.97%
iter 32526: loss 0.8199, time 378.17ms, mfu 1.96%
iter 32527: loss 0.7592, time 346.56ms, mfu 1.97%
iter 32528: loss 0.7189, time 239.93ms, mfu 2.07%
iter 32529: loss 0.7608, time 297.26ms, mfu 2.10%
iter 32530: loss 0.7187, time 448.76ms, mfu 2.05%
iter 32531: loss 0.7146, time 228.60ms, mfu 2.15%
iter 32532: loss 0.7204, time 343.28ms, mfu 2.14%
iter 32533: loss 0.7717, time 264.51ms, mfu 2.20%
iter 32534: loss 0.6544, time 374.67ms, mfu 2.17%
iter 32535: loss 0.7896, time 509.47ms, mfu 2.09%
iter 32536: loss 0.8055, time 344.45ms, mfu 2.08%
iter 32537: loss 0.7137, time 335.75ms, mfu 2.09%
iter 32538: loss 0.7586, time 441.31ms, mfu 2.04%
iter 32539: loss 0.6914, time 452.08ms, mfu 1.99%
iter 32540: loss 0.7037, time 240.15ms, mfu 2.09%
iter 32541: loss 0.7264, time 254.54ms, mfu 2.16%
iter 32542: loss 0.7394, time 440.92ms, mfu 2.10%
iter 32543: loss 0.8003, time 389.30ms, mfu 2.07%
iter 32544: loss 0.7056, time 290.79ms, mfu 2.11%
iter 32545: loss 0.7153, time 390.13ms, mfu 2.08%
iter 32546: loss 0.7310, time 396.76ms, mfu 2.05%
iter 32547: loss 0.7090, time 400.74ms, mfu 2.02%
iter 32548: loss 0.8389, time 346.57ms, mfu 2.03%
iter 32549: loss 0.7172, time 392.21ms, mfu 2.00%
iter 32550: loss 0.7460, time 361.68ms, mfu 2.00%
iter 32551: loss 0.7530, time 465.56ms, mfu 1.95%
iter 32552: loss 0.7489, time 366.29ms, mfu 1.95%
iter 32553: loss 0.6573, time 413.86ms, mfu 1.93%
iter 32554: loss 0.8251, time 382.94ms, mfu 1.92%
iter 32555: loss 0.7213, time 389.67ms, mfu 1.91%
iter 32556: loss 0.7675, time 361.03ms, mfu 1.91%
iter 32557: loss 0.6619, time 264.08ms, mfu 1.99%
iter 32558: loss 0.5945, time 433.71ms, mfu 1.96%
iter 32559: loss 0.7291, time 390.71ms, mfu 1.94%
iter 32560: loss 0.6486, time 173.57ms, mfu 2.16%
iter 32561: loss 0.7206, time 379.24ms, mfu 2.13%
iter 32562: loss 0.6340, time 480.37ms, mfu 2.06%
iter 32563: loss 0.7054, time 358.16ms, mfu 2.05%
iter 32564: loss 0.6893, time 259.30ms, mfu 2.12%
iter 32565: loss 0.8078, time 490.26ms, mfu 2.05%
iter 32566: loss 0.6757, time 363.07ms, mfu 2.04%
iter 32567: loss 0.8014, time 490.10ms, mfu 1.98%
iter 32568: loss 0.7395, time 374.85ms, mfu 1.97%
iter 32569: loss 0.7743, time 280.95ms, mfu 2.03%
iter 32570: loss 0.7113, time 462.08ms, mfu 1.98%
iter 32571: loss 0.7903, time 370.16ms, mfu 1.97%
iter 32572: loss 0.7438, time 446.19ms, mfu 1.93%
iter 32573: loss 0.7753, time 495.88ms, mfu 1.88%
iter 32574: loss 0.7063, time 309.58ms, mfu 1.92%
iter 32575: loss 0.7581, time 414.70ms, mfu 1.90%
iter 32576: loss 0.7253, time 345.71ms, mfu 1.92%
iter 32577: loss 0.7884, time 287.45ms, mfu 1.97%
iter 32578: loss 0.7199, time 503.69ms, mfu 1.92%
iter 32579: loss 0.6941, time 333.93ms, mfu 1.94%
iter 32580: loss 0.6727, time 478.10ms, mfu 1.89%
iter 32581: loss 0.7292, time 309.95ms, mfu 1.93%
iter 32582: loss 0.6430, time 284.48ms, mfu 1.99%
iter 32583: loss 0.6623, time 265.54ms, mfu 2.06%
iter 32584: loss 0.6735, time 445.54ms, mfu 2.01%
iter 32585: loss 0.7480, time 410.19ms, mfu 1.98%
iter 32586: loss 0.7018, time 435.27ms, mfu 1.95%
iter 32587: loss 0.6098, time 285.47ms, mfu 2.00%
iter 32588: loss 0.6724, time 324.54ms, mfu 2.02%
iter 32589: loss 0.6233, time 402.07ms, mfu 1.99%
iter 32590: loss 0.6837, time 377.35ms, mfu 1.98%
iter 32591: loss 0.7270, time 307.60ms, mfu 2.01%
iter 32592: loss 0.7400, time 334.40ms, mfu 2.02%
iter 32593: loss 0.6633, time 263.33ms, mfu 2.09%
iter 32594: loss 0.6761, time 300.02ms, mfu 2.12%
iter 32595: loss 0.7302, time 332.17ms, mfu 2.12%
iter 32596: loss 0.6231, time 506.61ms, mfu 2.05%
iter 32597: loss 0.6470, time 423.61ms, mfu 2.01%
iter 32598: loss 0.7057, time 373.82ms, mfu 2.00%
iter 32599: loss 0.6826, time 384.49ms, mfu 1.98%
iter 32600: loss 0.7381, time 546.34ms, mfu 1.91%
  === DIAG iter 32600 ===
  loss: 0.7381
  grads: total 1.0000, transformer 0.1940, adapter 0.9810
  <NUM> input tokens: 396/3072 (12.9%)
  lr: base 7.26e-05, adapter 3.63e-05
  SME accuracy: overall 0.464, sign 0.946, exp 0.937, digit 0.292, end 0.874 [d0 0.802 d1 0.402 d2 0.207 d3 0.224 d4 0.096 d5 0.235 d6 0.242 d7 0.129 d8 0.140 d9 0.226 d10 0.321 d11 0.348 d12 0.350 d13 0.278 d14 0.125] (1213 SME tokens)
iter 32601: loss 0.7824, time 259.03ms, mfu 2.00%
iter 32602: loss 0.7144, time 310.51ms, mfu 2.03%
iter 32603: loss 0.7095, time 373.97ms, mfu 2.01%
iter 32604: loss 0.6962, time 405.69ms, mfu 1.99%
iter 32605: loss 0.7325, time 381.82ms, mfu 1.97%
iter 32606: loss 0.7137, time 408.51ms, mfu 1.95%
iter 32607: loss 0.7468, time 439.10ms, mfu 1.92%
iter 32608: loss 0.7547, time 400.45ms, mfu 1.90%
iter 32609: loss 0.6694, time 293.83ms, mfu 1.95%
iter 32610: loss 0.7455, time 341.31ms, mfu 1.96%
iter 32611: loss 0.6494, time 266.38ms, mfu 2.03%
iter 32612: loss 0.7538, time 470.30ms, mfu 1.98%
iter 32613: loss 0.7636, time 376.39ms, mfu 1.97%
iter 32614: loss 0.7197, time 331.99ms, mfu 1.99%
iter 32615: loss 0.7376, time 533.93ms, mfu 1.92%
iter 32616: loss 0.6781, time 400.88ms, mfu 1.91%
iter 32617: loss 0.7349, time 406.76ms, mfu 1.89%
iter 32618: loss 0.7120, time 285.18ms, mfu 1.95%
iter 32619: loss 0.7663, time 396.72ms, mfu 1.93%
iter 32620: loss 0.7856, time 489.41ms, mfu 1.88%
iter 32621: loss 0.6489, time 218.04ms, mfu 2.02%
iter 32622: loss 0.6936, time 349.77ms, mfu 2.02%
iter 32623: loss 0.7101, time 409.96ms, mfu 1.99%
iter 32624: loss 0.7522, time 418.49ms, mfu 1.96%
iter 32625: loss 0.6666, time 387.57ms, mfu 1.95%
iter 32626: loss 0.6698, time 371.16ms, mfu 1.95%
iter 32627: loss 0.6641, time 286.64ms, mfu 2.00%
iter 32628: loss 0.7619, time 435.13ms, mfu 1.96%
iter 32629: loss 0.6801, time 304.88ms, mfu 2.00%
iter 32630: loss 0.7069, time 375.84ms, mfu 1.99%
iter 32631: loss 0.6734, time 344.67ms, mfu 1.99%
iter 32632: loss 0.6897, time 401.00ms, mfu 1.97%
iter 32633: loss 0.6718, time 272.10ms, mfu 2.03%
iter 32634: loss 0.8006, time 421.70ms, mfu 2.00%
iter 32635: loss 0.7266, time 439.12ms, mfu 1.96%
iter 32636: loss 0.5962, time 396.54ms, mfu 1.94%
iter 32637: loss 0.6576, time 309.16ms, mfu 1.98%
iter 32638: loss 0.6866, time 429.96ms, mfu 1.94%
iter 32639: loss 0.7387, time 350.57ms, mfu 1.95%
iter 32640: loss 0.7376, time 382.63ms, mfu 1.94%
iter 32641: loss 0.7662, time 366.97ms, mfu 1.94%
iter 32642: loss 0.6789, time 409.82ms, mfu 1.92%
iter 32643: loss 0.8130, time 524.52ms, mfu 1.86%
iter 32644: loss 0.6888, time 346.58ms, mfu 1.88%
iter 32645: loss 0.6993, time 397.92ms, mfu 1.87%
iter 32646: loss 0.7712, time 469.97ms, mfu 1.84%
iter 32647: loss 0.6838, time 370.46ms, mfu 1.84%
iter 32648: loss 0.7557, time 379.86ms, mfu 1.85%
iter 32649: loss 0.6608, time 443.74ms, mfu 1.82%
iter 32650: loss 0.7681, time 274.04ms, mfu 1.90%
iter 32651: loss 0.7037, time 404.97ms, mfu 1.88%
iter 32652: loss 0.7411, time 414.32ms, mfu 1.87%
iter 32653: loss 0.7312, time 479.25ms, mfu 1.83%
iter 32654: loss 0.7396, time 256.13ms, mfu 1.92%
iter 32655: loss 0.6972, time 425.30ms, mfu 1.90%
iter 32656: loss 0.7898, time 483.43ms, mfu 1.85%
iter 32657: loss 0.6832, time 354.47ms, mfu 1.87%
iter 32658: loss 0.7468, time 378.21ms, mfu 1.87%
iter 32659: loss 0.7347, time 432.14ms, mfu 1.84%
iter 32660: loss 0.7542, time 377.40ms, mfu 1.85%
iter 32661: loss 0.6795, time 472.46ms, mfu 1.81%
iter 32662: loss 0.7010, time 354.36ms, mfu 1.83%
iter 32663: loss 0.7385, time 345.69ms, mfu 1.85%
iter 32664: loss 0.6452, time 393.09ms, mfu 1.85%
iter 32665: loss 0.6342, time 413.11ms, mfu 1.84%
iter 32666: loss 0.6428, time 401.57ms, mfu 1.83%
iter 32667: loss 0.7219, time 518.24ms, mfu 1.78%
iter 32668: loss 0.6599, time 437.91ms, mfu 1.77%
iter 32669: loss 0.6560, time 409.68ms, mfu 1.76%
iter 32670: loss 0.6340, time 405.87ms, mfu 1.76%
iter 32671: loss 0.6501, time 245.26ms, mfu 1.87%
iter 32672: loss 0.7106, time 358.10ms, mfu 1.88%
iter 32673: loss 0.7635, time 221.05ms, mfu 2.02%
iter 32674: loss 0.6601, time 432.23ms, mfu 1.98%
iter 32675: loss 0.6423, time 398.59ms, mfu 1.96%
iter 32676: loss 0.6363, time 346.23ms, mfu 1.97%
iter 32677: loss 0.6603, time 271.13ms, mfu 2.03%
iter 32678: loss 0.7537, time 476.71ms, mfu 1.98%
iter 32679: loss 0.7522, time 351.75ms, mfu 1.98%
iter 32680: loss 0.7913, time 570.85ms, mfu 1.91%
iter 32681: loss 0.7526, time 272.73ms, mfu 1.98%
iter 32682: loss 0.7048, time 512.05ms, mfu 1.92%
iter 32683: loss 0.6659, time 490.49ms, mfu 1.87%
iter 32684: loss 0.6846, time 254.16ms, mfu 1.96%
iter 32685: loss 0.7660, time 358.69ms, mfu 1.96%
iter 32686: loss 0.6654, time 412.78ms, mfu 1.94%
iter 32687: loss 0.7444, time 423.53ms, mfu 1.91%
iter 32688: loss 0.7711, time 378.33ms, mfu 1.91%
iter 32689: loss 0.8478, time 360.93ms, mfu 1.91%
iter 32690: loss 0.7101, time 406.43ms, mfu 1.90%
iter 32691: loss 0.7227, time 292.41ms, mfu 1.95%
iter 32692: loss 0.7543, time 349.82ms, mfu 1.96%
iter 32693: loss 0.7057, time 386.54ms, mfu 1.94%
iter 32694: loss 0.6914, time 376.62ms, mfu 1.94%
iter 32695: loss 0.6218, time 440.76ms, mfu 1.91%
iter 32696: loss 0.7298, time 462.23ms, mfu 1.87%
iter 32697: loss 0.6239, time 404.29ms, mfu 1.86%
iter 32698: loss 0.7094, time 338.87ms, mfu 1.88%
iter 32699: loss 0.7057, time 385.85ms, mfu 1.88%
iter 32700: loss 0.6906, time 641.70ms, mfu 1.80%
  === DIAG iter 32700 ===
  loss: 0.6906
  grads: total 1.0000, transformer 0.1551, adapter 0.9879
  <NUM> input tokens: 486/3072 (15.8%)
  lr: base 7.18e-05, adapter 3.59e-05
  SME accuracy: overall 0.479, sign 0.959, exp 0.942, digit 0.286, end 0.863 [d0 0.836 d1 0.481 d2 0.267 d3 0.143 d4 0.172 d5 0.138 d6 0.232 d7 0.075 d8 0.128 d9 0.105 d10 0.143 d11 0.032 d12 0.107 d13 0.043 d14 0.062] (1177 SME tokens)
iter 32701: loss 0.6563, time 235.40ms, mfu 1.92%
iter 32702: loss 0.6964, time 426.45ms, mfu 1.89%
iter 32703: loss 0.7733, time 463.09ms, mfu 1.86%
iter 32704: loss 0.6928, time 406.31ms, mfu 1.85%
iter 32705: loss 0.8516, time 420.05ms, mfu 1.83%
iter 32706: loss 0.7182, time 417.71ms, mfu 1.82%
iter 32707: loss 0.7609, time 402.01ms, mfu 1.81%
iter 32708: loss 0.7687, time 430.83ms, mfu 1.79%
iter 32709: loss 0.7717, time 464.10ms, mfu 1.77%
iter 32710: loss 0.6114, time 393.38ms, mfu 1.77%
iter 32711: loss 0.7097, time 432.82ms, mfu 1.76%
iter 32712: loss 0.8156, time 378.71ms, mfu 1.77%
iter 32713: loss 0.7001, time 436.44ms, mfu 1.75%
iter 32714: loss 0.7248, time 405.80ms, mfu 1.75%
iter 32715: loss 0.6179, time 378.96ms, mfu 1.77%
iter 32716: loss 0.6735, time 393.57ms, mfu 1.77%
iter 32717: loss 0.7493, time 465.68ms, mfu 1.74%
iter 32718: loss 0.6591, time 319.25ms, mfu 1.79%
iter 32719: loss 0.6598, time 448.27ms, mfu 1.77%
iter 32720: loss 0.7383, time 408.66ms, mfu 1.77%
iter 32721: loss 0.6838, time 365.79ms, mfu 1.78%
iter 32722: loss 0.6925, time 348.85ms, mfu 1.81%
iter 32723: loss 0.7143, time 396.24ms, mfu 1.81%
iter 32724: loss 0.6733, time 435.55ms, mfu 1.79%
iter 32725: loss 0.7103, time 389.72ms, mfu 1.79%
iter 32726: loss 0.7400, time 291.49ms, mfu 1.86%
iter 32727: loss 0.6399, time 370.33ms, mfu 1.86%
iter 32728: loss 0.6496, time 392.67ms, mfu 1.86%
iter 32729: loss 0.5995, time 295.23ms, mfu 1.91%
iter 32730: loss 0.5913, time 407.40ms, mfu 1.89%
iter 32731: loss 0.7258, time 362.17ms, mfu 1.90%
iter 32732: loss 0.6614, time 334.38ms, mfu 1.92%
iter 32733: loss 0.7848, time 378.05ms, mfu 1.92%
iter 32734: loss 0.8103, time 478.17ms, mfu 1.87%
iter 32735: loss 0.6799, time 267.79ms, mfu 1.95%
iter 32736: loss 0.7403, time 280.37ms, mfu 2.01%
iter 32737: loss 0.6799, time 331.92ms, mfu 2.02%
iter 32738: loss 0.6600, time 258.07ms, mfu 2.09%
iter 32739: loss 0.6921, time 430.81ms, mfu 2.05%
iter 32740: loss 0.7023, time 406.95ms, mfu 2.02%
iter 32741: loss 0.7375, time 328.66ms, mfu 2.03%
iter 32742: loss 0.6684, time 454.89ms, mfu 1.98%
iter 32743: loss 0.6793, time 461.62ms, mfu 1.94%
iter 32744: loss 0.7792, time 373.45ms, mfu 1.94%
iter 32745: loss 0.7006, time 305.47ms, mfu 1.97%
iter 32746: loss 0.7392, time 448.06ms, mfu 1.93%
iter 32747: loss 0.7095, time 288.81ms, mfu 1.99%
iter 32748: loss 0.7740, time 366.55ms, mfu 1.98%
iter 32749: loss 0.7943, time 238.39ms, mfu 2.08%
iter 32750: loss 0.6803, time 435.00ms, mfu 2.04%
iter 32751: loss 0.7059, time 362.04ms, mfu 2.03%
iter 32752: loss 0.7930, time 421.62ms, mfu 1.99%
iter 32753: loss 0.7511, time 501.64ms, mfu 1.93%
iter 32754: loss 0.7159, time 297.59ms, mfu 1.98%
iter 32755: loss 0.7254, time 453.40ms, mfu 1.94%
iter 32756: loss 0.6892, time 331.95ms, mfu 1.96%
iter 32757: loss 0.7408, time 453.05ms, mfu 1.92%
iter 32758: loss 0.6714, time 467.96ms, mfu 1.88%
iter 32759: loss 0.7545, time 346.53ms, mfu 1.89%
iter 32760: loss 0.7285, time 347.49ms, mfu 1.91%
iter 32761: loss 0.6565, time 257.01ms, mfu 1.99%
iter 32762: loss 0.7066, time 471.53ms, mfu 1.94%
iter 32763: loss 0.6842, time 297.40ms, mfu 1.99%
iter 32764: loss 0.7348, time 417.07ms, mfu 1.96%
iter 32765: loss 0.7432, time 394.95ms, mfu 1.94%
iter 32766: loss 0.7567, time 299.92ms, mfu 1.99%
iter 32767: loss 0.7653, time 384.42ms, mfu 1.97%
iter 32768: loss 0.7012, time 459.62ms, mfu 1.93%
iter 32769: loss 0.7412, time 349.73ms, mfu 1.94%
iter 32770: loss 0.7229, time 308.02ms, mfu 1.97%
iter 32771: loss 0.7213, time 370.70ms, mfu 1.97%
iter 32772: loss 0.6627, time 356.05ms, mfu 1.97%
iter 32773: loss 0.7345, time 449.65ms, mfu 1.93%
iter 32774: loss 0.7411, time 395.92ms, mfu 1.92%
iter 32775: loss 0.6993, time 459.75ms, mfu 1.88%
iter 32776: loss 0.7223, time 368.66ms, mfu 1.88%
iter 32777: loss 0.7287, time 374.79ms, mfu 1.88%
iter 32778: loss 0.7528, time 273.90ms, mfu 1.95%
iter 32779: loss 0.7327, time 458.11ms, mfu 1.91%
iter 32780: loss 0.7030, time 404.37ms, mfu 1.90%
iter 32781: loss 0.6547, time 301.66ms, mfu 1.94%
iter 32782: loss 0.6791, time 514.72ms, mfu 1.89%
iter 32783: loss 0.6864, time 426.59ms, mfu 1.86%
iter 32784: loss 0.7687, time 449.54ms, mfu 1.84%
iter 32785: loss 0.7882, time 321.41ms, mfu 1.87%
iter 32786: loss 0.7218, time 378.24ms, mfu 1.87%
iter 32787: loss 0.7139, time 525.47ms, mfu 1.82%
iter 32788: loss 0.7699, time 338.04ms, mfu 1.85%
iter 32789: loss 0.7154, time 508.64ms, mfu 1.80%
iter 32790: loss 0.7112, time 397.38ms, mfu 1.80%
iter 32791: loss 0.6590, time 392.68ms, mfu 1.80%
iter 32792: loss 0.6659, time 441.18ms, mfu 1.78%
iter 32793: loss 0.6930, time 311.46ms, mfu 1.83%
iter 32794: loss 0.7041, time 508.72ms, mfu 1.79%
iter 32795: loss 0.6977, time 448.44ms, mfu 1.77%
iter 32796: loss 0.7443, time 353.14ms, mfu 1.79%
iter 32797: loss 0.6766, time 442.87ms, mfu 1.77%
iter 32798: loss 0.6598, time 297.94ms, mfu 1.83%
iter 32799: loss 0.6443, time 393.97ms, mfu 1.83%
iter 32800: loss 0.7304, time 603.40ms, mfu 1.76%
  === DIAG iter 32800 ===
  loss: 0.7304
  grads: total 1.0000, transformer 0.1364, adapter 0.9907
  <NUM> input tokens: 464/3072 (15.1%)
  lr: base 7.10e-05, adapter 3.55e-05
  SME accuracy: overall 0.455, sign 0.981, exp 0.935, digit 0.275, end 0.889 [d0 0.875 d1 0.417 d2 0.263 d3 0.123 d4 0.059 d5 0.154 d6 0.032 d7 0.098 d8 0.103 d9 0.200 d10 0.242 d11 0.308 d12 0.320 d13 0.238 d14 0.150] (1177 SME tokens)
iter 32801: loss 0.7370, time 213.75ms, mfu 1.92%
iter 32802: loss 0.7477, time 468.50ms, mfu 1.88%
iter 32803: loss 0.7133, time 299.02ms, mfu 1.93%
iter 32804: loss 0.6165, time 455.22ms, mfu 1.89%
iter 32805: loss 0.7132, time 341.20ms, mfu 1.91%
iter 32806: loss 0.6152, time 343.72ms, mfu 1.92%
iter 32807: loss 0.7249, time 279.04ms, mfu 1.99%
iter 32808: loss 0.8507, time 500.44ms, mfu 1.93%
iter 32809: loss 0.7758, time 363.24ms, mfu 1.93%
iter 32810: loss 0.7643, time 471.33ms, mfu 1.89%
iter 32811: loss 0.7425, time 196.43ms, mfu 2.06%
iter 32812: loss 0.7208, time 250.55ms, mfu 2.14%
iter 32813: loss 0.6683, time 418.69ms, mfu 2.09%
iter 32814: loss 0.7798, time 393.34ms, mfu 2.06%
iter 32815: loss 0.7477, time 415.58ms, mfu 2.03%
iter 32816: loss 0.7215, time 250.01ms, mfu 2.11%
iter 32817: loss 0.7036, time 302.68ms, mfu 2.13%
iter 32818: loss 0.6735, time 361.10ms, mfu 2.11%
iter 32819: loss 0.8296, time 322.16ms, mfu 2.12%
iter 32820: loss 0.7186, time 283.24ms, mfu 2.16%
iter 32821: loss 0.7033, time 471.59ms, mfu 2.10%
iter 32822: loss 0.7061, time 468.36ms, mfu 2.04%
iter 32823: loss 0.7494, time 286.74ms, mfu 2.08%
iter 32824: loss 0.7462, time 421.19ms, mfu 2.04%
iter 32825: loss 0.6405, time 326.01ms, mfu 2.05%
iter 32826: loss 0.7294, time 457.63ms, mfu 2.00%
iter 32827: loss 0.7009, time 549.27ms, mfu 1.93%
iter 32828: loss 0.7023, time 457.57ms, mfu 1.89%
iter 32829: loss 0.6860, time 471.09ms, mfu 1.85%
iter 32830: loss 0.6956, time 444.39ms, mfu 1.83%
iter 32831: loss 0.6940, time 423.34ms, mfu 1.81%
iter 32832: loss 0.7419, time 399.73ms, mfu 1.81%
iter 32833: loss 0.7448, time 366.66ms, mfu 1.82%
iter 32834: loss 0.6989, time 377.59ms, mfu 1.83%
iter 32835: loss 0.6251, time 284.88ms, mfu 1.89%
iter 32836: loss 0.7448, time 351.86ms, mfu 1.91%
iter 32837: loss 0.8116, time 334.50ms, mfu 1.93%
iter 32838: loss 0.6660, time 376.43ms, mfu 1.92%
iter 32839: loss 0.7247, time 427.94ms, mfu 1.90%
iter 32840: loss 0.8028, time 329.64ms, mfu 1.92%
iter 32841: loss 0.7668, time 467.36ms, mfu 1.88%
iter 32842: loss 0.7652, time 297.24ms, mfu 1.93%
iter 32843: loss 0.7989, time 335.19ms, mfu 1.95%
iter 32844: loss 0.7353, time 417.37ms, mfu 1.92%
iter 32845: loss 0.7409, time 372.28ms, mfu 1.92%
iter 32846: loss 0.7051, time 416.01ms, mfu 1.90%
iter 32847: loss 0.6456, time 219.07ms, mfu 2.03%
iter 32848: loss 0.7272, time 416.04ms, mfu 2.00%
iter 32849: loss 0.7686, time 335.07ms, mfu 2.01%
iter 32850: loss 0.7022, time 257.26ms, mfu 2.09%
iter 32851: loss 0.7490, time 291.61ms, mfu 2.12%
iter 32852: loss 0.6659, time 514.96ms, mfu 2.05%
iter 32853: loss 0.6920, time 466.94ms, mfu 1.99%
iter 32854: loss 0.7872, time 356.65ms, mfu 1.99%
iter 32855: loss 0.7071, time 353.89ms, mfu 1.99%
iter 32856: loss 0.8144, time 476.23ms, mfu 1.94%
iter 32857: loss 0.5832, time 472.17ms, mfu 1.90%
iter 32858: loss 0.7361, time 319.95ms, mfu 1.93%
iter 32859: loss 0.6980, time 377.09ms, mfu 1.93%
iter 32860: loss 0.7589, time 346.85ms, mfu 1.94%
iter 32861: loss 0.8377, time 355.24ms, mfu 1.94%
iter 32862: loss 0.6498, time 364.94ms, mfu 1.94%
iter 32863: loss 0.7601, time 404.16ms, mfu 1.92%
iter 32864: loss 0.8345, time 345.96ms, mfu 1.94%
iter 32865: loss 0.7051, time 361.10ms, mfu 1.94%
iter 32866: loss 0.6960, time 408.24ms, mfu 1.92%
iter 32867: loss 0.7630, time 510.92ms, mfu 1.87%
iter 32868: loss 0.7725, time 264.77ms, mfu 1.95%
iter 32869: loss 0.7617, time 453.09ms, mfu 1.91%
iter 32870: loss 0.6395, time 361.15ms, mfu 1.91%
iter 32871: loss 0.7656, time 396.99ms, mfu 1.90%
iter 32872: loss 0.7257, time 457.36ms, mfu 1.87%
iter 32873: loss 0.6989, time 333.21ms, mfu 1.89%
iter 32874: loss 0.7001, time 357.93ms, mfu 1.90%
iter 32875: loss 0.7404, time 315.09ms, mfu 1.94%
iter 32876: loss 0.6946, time 373.93ms, mfu 1.93%
iter 32877: loss 0.7115, time 525.15ms, mfu 1.87%
iter 32878: loss 0.6992, time 386.69ms, mfu 1.87%
iter 32879: loss 0.7757, time 373.92ms, mfu 1.87%
iter 32880: loss 0.6801, time 347.24ms, mfu 1.89%
iter 32881: loss 0.7753, time 269.22ms, mfu 1.96%
iter 32882: loss 0.7246, time 357.71ms, mfu 1.97%
iter 32883: loss 0.7560, time 310.16ms, mfu 2.00%
iter 32884: loss 0.6606, time 502.61ms, mfu 1.94%
iter 32885: loss 0.7683, time 407.10ms, mfu 1.92%
iter 32886: loss 0.8069, time 291.31ms, mfu 1.97%
iter 32887: loss 0.7212, time 428.02ms, mfu 1.94%
iter 32888: loss 0.7523, time 598.87ms, mfu 1.86%
iter 32889: loss 0.7062, time 320.64ms, mfu 1.90%
iter 32890: loss 0.7531, time 294.99ms, mfu 1.95%
iter 32891: loss 0.7446, time 381.57ms, mfu 1.94%
iter 32892: loss 0.7251, time 493.45ms, mfu 1.89%
iter 32893: loss 0.7313, time 285.13ms, mfu 1.95%
iter 32894: loss 0.6677, time 409.76ms, mfu 1.93%
iter 32895: loss 0.7399, time 286.16ms, mfu 1.98%
iter 32896: loss 0.6502, time 356.11ms, mfu 1.98%
iter 32897: loss 0.8643, time 413.64ms, mfu 1.96%
iter 32898: loss 0.7181, time 390.64ms, mfu 1.94%
iter 32899: loss 0.7097, time 381.02ms, mfu 1.93%
iter 32900: loss 0.7163, time 578.41ms, mfu 1.86%
  === DIAG iter 32900 ===
  loss: 0.7163
  grads: total 1.0000, transformer 0.1550, adapter 0.9879
  <NUM> input tokens: 442/3072 (14.4%)
  lr: base 7.01e-05, adapter 3.51e-05
  SME accuracy: overall 0.450, sign 0.982, exp 0.972, digit 0.261, end 0.844 [d0 0.914 d1 0.418 d2 0.312 d3 0.122 d4 0.129 d5 0.062 d6 0.164 d7 0.035 d8 0.058 d9 0.257 d10 0.172 d11 0.154 d12 0.100 d13 0.053 d14 0.077] (1157 SME tokens)
iter 32901: loss 0.6984, time 237.87ms, mfu 1.97%
iter 32902: loss 0.6629, time 422.81ms, mfu 1.94%
iter 32903: loss 0.8376, time 441.65ms, mfu 1.91%
iter 32904: loss 0.7561, time 379.26ms, mfu 1.91%
iter 32905: loss 0.7101, time 396.27ms, mfu 1.89%
iter 32906: loss 0.7451, time 356.75ms, mfu 1.90%
iter 32907: loss 0.7495, time 396.29ms, mfu 1.89%
iter 32908: loss 0.7196, time 382.36ms, mfu 1.89%
iter 32909: loss 0.6750, time 390.75ms, mfu 1.88%
iter 32910: loss 0.7275, time 368.13ms, mfu 1.89%
iter 32911: loss 0.6971, time 480.31ms, mfu 1.84%
iter 32912: loss 0.6814, time 335.06ms, mfu 1.87%
iter 32913: loss 0.6862, time 354.63ms, mfu 1.88%
iter 32914: loss 0.7517, time 428.10ms, mfu 1.86%
iter 32915: loss 0.7066, time 214.11ms, mfu 2.01%
iter 32916: loss 0.7028, time 412.06ms, mfu 1.98%
iter 32917: loss 0.7789, time 348.90ms, mfu 1.98%
iter 32918: loss 0.7117, time 303.63ms, mfu 2.02%
iter 32919: loss 0.7313, time 429.94ms, mfu 1.98%
iter 32920: loss 0.7890, time 304.95ms, mfu 2.02%
iter 32921: loss 0.6257, time 386.75ms, mfu 2.00%
iter 32922: loss 0.7823, time 395.11ms, mfu 1.98%
iter 32923: loss 0.7776, time 479.94ms, mfu 1.93%
iter 32924: loss 0.7104, time 455.99ms, mfu 1.89%
iter 32925: loss 0.7497, time 495.67ms, mfu 1.84%
iter 32926: loss 0.7417, time 433.01ms, mfu 1.82%
iter 32927: loss 0.7792, time 491.84ms, mfu 1.78%
iter 32928: loss 0.7350, time 441.88ms, mfu 1.77%
iter 32929: loss 0.6919, time 483.63ms, mfu 1.74%
iter 32930: loss 0.7302, time 384.41ms, mfu 1.75%
iter 32931: loss 0.8057, time 524.17ms, mfu 1.71%
iter 32932: loss 0.6900, time 364.94ms, mfu 1.73%
iter 32933: loss 0.7298, time 426.78ms, mfu 1.72%
iter 32934: loss 0.7316, time 256.94ms, mfu 1.83%
iter 32935: loss 0.7666, time 573.24ms, mfu 1.77%
iter 32936: loss 0.7691, time 335.86ms, mfu 1.80%
iter 32937: loss 0.7770, time 460.67ms, mfu 1.78%
iter 32938: loss 0.7612, time 454.18ms, mfu 1.75%
iter 32939: loss 0.7709, time 375.38ms, mfu 1.77%
iter 32940: loss 0.7134, time 378.72ms, mfu 1.78%
iter 32941: loss 0.7048, time 409.92ms, mfu 1.77%
iter 32942: loss 0.7215, time 390.59ms, mfu 1.78%
iter 32943: loss 0.7889, time 308.51ms, mfu 1.83%
iter 32944: loss 0.7024, time 389.99ms, mfu 1.83%
iter 32945: loss 0.6988, time 378.77ms, mfu 1.83%
iter 32946: loss 0.6802, time 290.96ms, mfu 1.89%
iter 32947: loss 0.7951, time 371.45ms, mfu 1.89%
iter 32948: loss 0.7123, time 268.59ms, mfu 1.97%
iter 32949: loss 0.7239, time 424.26ms, mfu 1.94%
iter 32950: loss 0.6991, time 302.34ms, mfu 1.98%
iter 32951: loss 0.7054, time 424.20ms, mfu 1.95%
iter 32952: loss 0.6078, time 477.44ms, mfu 1.90%
iter 32953: loss 0.6592, time 221.47ms, mfu 2.03%
iter 32954: loss 0.6872, time 370.68ms, mfu 2.02%
iter 32955: loss 0.7610, time 447.94ms, mfu 1.98%
iter 32956: loss 0.6837, time 331.55ms, mfu 1.99%
iter 32957: loss 0.7490, time 349.90ms, mfu 2.00%
iter 32958: loss 0.7143, time 396.32ms, mfu 1.97%
iter 32959: loss 0.7216, time 294.51ms, mfu 2.02%
iter 32960: loss 0.7921, time 353.64ms, mfu 2.02%
iter 32961: loss 0.7506, time 428.16ms, mfu 1.98%
iter 32962: loss 0.8216, time 446.26ms, mfu 1.94%
iter 32963: loss 0.6825, time 388.15ms, mfu 1.93%
iter 32964: loss 0.6644, time 347.71ms, mfu 1.94%
iter 32965: loss 0.6825, time 354.31ms, mfu 1.95%
iter 32966: loss 0.7022, time 286.07ms, mfu 2.00%
iter 32967: loss 0.7309, time 313.64ms, mfu 2.03%
iter 32968: loss 0.7480, time 247.90ms, mfu 2.11%
iter 32969: loss 0.7500, time 324.50ms, mfu 2.12%
iter 32970: loss 0.6620, time 291.32ms, mfu 2.15%
iter 32971: loss 0.7508, time 340.27ms, mfu 2.14%
iter 32972: loss 0.7063, time 356.22ms, mfu 2.13%
iter 32973: loss 0.6771, time 470.28ms, mfu 2.06%
iter 32974: loss 0.7604, time 260.93ms, mfu 2.13%
iter 32975: loss 0.7730, time 373.20ms, mfu 2.11%
iter 32976: loss 0.6913, time 459.95ms, mfu 2.05%
iter 32977: loss 0.7183, time 461.76ms, mfu 2.00%
iter 32978: loss 0.6762, time 433.95ms, mfu 1.96%
iter 32979: loss 0.7524, time 334.14ms, mfu 1.98%
iter 32980: loss 0.7218, time 452.15ms, mfu 1.94%
iter 32981: loss 0.7524, time 309.70ms, mfu 1.97%
iter 32982: loss 0.7222, time 426.80ms, mfu 1.94%
iter 32983: loss 0.6723, time 476.74ms, mfu 1.90%
iter 32984: loss 0.7350, time 325.10ms, mfu 1.92%
iter 32985: loss 0.7011, time 173.94ms, mfu 2.14%
iter 32986: loss 0.6621, time 507.18ms, mfu 2.06%
iter 32987: loss 0.6454, time 257.92ms, mfu 2.13%
iter 32988: loss 0.7276, time 260.58ms, mfu 2.19%
iter 32989: loss 0.6943, time 473.92ms, mfu 2.12%
iter 32990: loss 0.8174, time 330.13ms, mfu 2.12%
iter 32991: loss 0.7334, time 436.05ms, mfu 2.07%
iter 32992: loss 0.6826, time 449.41ms, mfu 2.02%
iter 32993: loss 0.6701, time 395.46ms, mfu 2.00%
iter 32994: loss 0.7412, time 241.86ms, mfu 2.09%
iter 32995: loss 0.7528, time 287.24ms, mfu 2.13%
iter 32996: loss 0.7399, time 359.21ms, mfu 2.12%
iter 32997: loss 0.6771, time 316.92ms, mfu 2.13%
iter 32998: loss 0.6863, time 304.38ms, mfu 2.15%
iter 32999: loss 0.7057, time 244.42ms, mfu 2.22%
iter 33000: loss 0.7260, time 667.12ms, mfu 2.11%
  === DIAG iter 33000 ===
  loss: 0.7260
  grads: total 1.0000, transformer 0.1363, adapter 0.9907
  <NUM> input tokens: 444/3072 (14.5%)
  lr: base 6.93e-05, adapter 3.47e-05
  SME accuracy: overall 0.462, sign 0.974, exp 0.957, digit 0.265, end 0.907 [d0 0.841 d1 0.469 d2 0.312 d3 0.096 d4 0.169 d5 0.075 d6 0.108 d7 0.127 d8 0.105 d9 0.154 d10 0.207 d11 0.167 d12 0.050 d13 0.000 d14 0.000] (1209 SME tokens)
  --- Sample eval (val) ---
  ADD: <7.80835e+08> + <-2.27512e-07> →
    target: 7.808e+08
    pred:   7.011e+08
    error:  79723801.00

  SUM: <1e+09> <-2.33501e+07> <5000> <6.58411e+08> <4.832e+08> <9.11488e+08> <-8.2e+07> →
    target: 2.948e+09
    pred:   2.804e+09
    error:  143700687.41

  SUB: <7.147e+08> - <3.01e-06> →
    target: 7.147e+08
    pred:   7.01e+08
    error:  13700137.00

  SORT: <1e+09> <-9.09663> <3e+08> <-0.00785> <5.05625e+08> <90> <6.439e-08> <-8> →
    target: -9.097 -8 -0.00785 6.439e-08 90 3e+08 5.056e+08 1e+09
    pred:   -9.196 -8 INVALID(unparseable) INVALID(unparseable) 90 3e+08 4.111e+08 1e+09
    error:  0.10 0.00 N/A N/A 0.00 0.00 94513865.93 0.00

  D1D9D5END
    target: -4.932e+08 -4.584e-08 3.198e+08
    pred:   1.141e+08 -1.516e+08 1.111
    error:  607316171.00 151610000.00 319842005.89

iter 33001: loss 0.6609, time 326.82ms, mfu 2.11%
iter 33002: loss 0.7332, time 457.01ms, mfu 2.06%
iter 33003: loss 0.6880, time 427.14ms, mfu 2.02%
iter 33004: loss 0.7522, time 381.83ms, mfu 2.00%
iter 33005: loss 0.7491, time 320.68ms, mfu 2.02%
iter 33006: loss 0.7587, time 365.93ms, mfu 2.01%
iter 33007: loss 0.7543, time 413.85ms, mfu 1.98%
iter 33008: loss 0.7265, time 300.08ms, mfu 2.02%
iter 33009: loss 0.6942, time 450.83ms, mfu 1.98%
iter 33010: loss 0.7726, time 449.67ms, mfu 1.94%
iter 33011: loss 0.7012, time 362.06ms, mfu 1.94%
iter 33012: loss 0.6444, time 504.94ms, mfu 1.88%
iter 33013: loss 0.7048, time 450.76ms, mfu 1.85%
iter 33014: loss 0.7271, time 453.70ms, mfu 1.82%
iter 33015: loss 0.7432, time 243.01ms, mfu 1.93%
iter 33016: loss 0.7763, time 429.67ms, mfu 1.91%
iter 33017: loss 0.6692, time 282.67ms, mfu 1.97%
iter 33018: loss 0.7539, time 418.83ms, mfu 1.94%
iter 33019: loss 0.6166, time 294.42ms, mfu 1.99%
iter 33020: loss 0.6735, time 249.04ms, mfu 2.07%
iter 33021: loss 0.7313, time 446.20ms, mfu 2.02%
iter 33022: loss 0.7161, time 422.58ms, mfu 1.99%
iter 33023: loss 0.7263, time 299.06ms, mfu 2.03%
iter 33024: loss 0.7571, time 459.28ms, mfu 1.98%
iter 33025: loss 0.6368, time 285.15ms, mfu 2.03%
iter 33026: loss 0.6431, time 376.36ms, mfu 2.01%
iter 33027: loss 0.7145, time 388.35ms, mfu 2.00%
iter 33028: loss 0.7589, time 220.71ms, mfu 2.12%
iter 33029: loss 0.7130, time 402.71ms, mfu 2.08%
iter 33030: loss 0.6825, time 421.45ms, mfu 2.04%
iter 33031: loss 0.7242, time 381.38ms, mfu 2.02%
iter 33032: loss 0.7890, time 299.25ms, mfu 2.06%
iter 33033: loss 0.7309, time 307.47ms, mfu 2.08%
iter 33034: loss 0.7752, time 441.53ms, mfu 2.03%
iter 33035: loss 0.7180, time 350.71ms, mfu 2.03%
iter 33036: loss 0.7003, time 502.66ms, mfu 1.97%
iter 33037: loss 0.7589, time 333.46ms, mfu 1.99%
iter 33038: loss 0.7496, time 504.31ms, mfu 1.93%
iter 33039: loss 0.7193, time 275.01ms, mfu 1.99%
iter 33040: loss 0.7521, time 369.04ms, mfu 1.99%
iter 33041: loss 0.6365, time 324.33ms, mfu 2.01%
iter 33042: loss 0.7427, time 388.57ms, mfu 1.99%
iter 33043: loss 0.6629, time 594.97ms, mfu 1.91%
iter 33044: loss 0.6487, time 379.32ms, mfu 1.90%
iter 33045: loss 0.6937, time 452.87ms, mfu 1.87%
iter 33046: loss 0.7489, time 265.74ms, mfu 1.95%
iter 33047: loss 0.6683, time 347.66ms, mfu 1.96%
iter 33048: loss 0.7754, time 435.44ms, mfu 1.93%
iter 33049: loss 0.7207, time 322.56ms, mfu 1.95%
iter 33050: loss 0.7277, time 439.32ms, mfu 1.92%
iter 33051: loss 0.7679, time 305.71ms, mfu 1.96%
iter 33052: loss 0.6655, time 326.57ms, mfu 1.98%
iter 33053: loss 0.7438, time 409.59ms, mfu 1.95%
iter 33054: loss 0.6706, time 392.81ms, mfu 1.94%
iter 33055: loss 0.7035, time 252.91ms, mfu 2.03%
iter 33056: loss 0.7386, time 411.19ms, mfu 2.00%
iter 33057: loss 0.8043, time 461.98ms, mfu 1.95%
iter 33058: loss 0.7520, time 302.17ms, mfu 1.99%
iter 33059: loss 0.7301, time 269.55ms, mfu 2.05%
iter 33060: loss 0.7043, time 316.29ms, mfu 2.07%
iter 33061: loss 0.7092, time 475.57ms, mfu 2.01%
iter 33062: loss 0.7044, time 476.20ms, mfu 1.96%
iter 33063: loss 0.7571, time 308.52ms, mfu 1.99%
iter 33064: loss 0.6300, time 329.06ms, mfu 2.01%
iter 33065: loss 0.7325, time 322.12ms, mfu 2.03%
iter 33066: loss 0.6463, time 383.33ms, mfu 2.01%
iter 33067: loss 0.8283, time 368.44ms, mfu 2.00%
iter 33068: loss 0.6667, time 329.83ms, mfu 2.02%
iter 33069: loss 0.6703, time 575.84ms, mfu 1.94%
iter 33070: loss 0.6776, time 330.33ms, mfu 1.96%
iter 33071: loss 0.7171, time 547.24ms, mfu 1.89%
iter 33072: loss 0.6871, time 280.24ms, mfu 1.96%
iter 33073: loss 0.6958, time 351.06ms, mfu 1.96%
iter 33074: loss 0.7228, time 406.23ms, mfu 1.94%
iter 33075: loss 0.7687, time 300.76ms, mfu 1.98%
iter 33076: loss 0.7751, time 460.01ms, mfu 1.94%
iter 33077: loss 0.8415, time 392.57ms, mfu 1.93%
iter 33078: loss 0.7584, time 308.31ms, mfu 1.96%
iter 33079: loss 0.6325, time 398.08ms, mfu 1.94%
iter 33080: loss 0.7198, time 348.25ms, mfu 1.95%
iter 33081: loss 0.7803, time 484.25ms, mfu 1.90%
iter 33082: loss 0.7427, time 352.57ms, mfu 1.91%
iter 33083: loss 0.7858, time 426.24ms, mfu 1.89%
iter 33084: loss 0.7340, time 396.61ms, mfu 1.88%
iter 33085: loss 0.7508, time 454.50ms, mfu 1.85%
iter 33086: loss 0.6875, time 394.05ms, mfu 1.84%
iter 33087: loss 0.7602, time 399.43ms, mfu 1.84%
iter 33088: loss 0.7562, time 480.83ms, mfu 1.80%
iter 33089: loss 0.7531, time 303.63ms, mfu 1.85%
iter 33090: loss 0.6883, time 433.79ms, mfu 1.83%
iter 33091: loss 0.6792, time 457.00ms, mfu 1.80%
iter 33092: loss 0.6591, time 430.76ms, mfu 1.79%
iter 33093: loss 0.7041, time 366.47ms, mfu 1.80%
iter 33094: loss 0.6466, time 374.48ms, mfu 1.81%
iter 33095: loss 0.7302, time 553.42ms, mfu 1.76%
iter 33096: loss 0.8436, time 259.74ms, mfu 1.86%
iter 33097: loss 0.7247, time 317.67ms, mfu 1.89%
iter 33098: loss 0.7657, time 406.07ms, mfu 1.88%
iter 33099: loss 0.6962, time 516.11ms, mfu 1.83%
iter 33100: loss 0.6328, time 523.22ms, mfu 1.78%
  === DIAG iter 33100 ===
  loss: 0.6328
  grads: total 1.0000, transformer 0.1556, adapter 0.9878
  <NUM> input tokens: 448/3072 (14.6%)
  lr: base 6.85e-05, adapter 3.43e-05
  SME accuracy: overall 0.477, sign 0.980, exp 0.970, digit 0.296, end 0.861 [d0 0.897 d1 0.480 d2 0.307 d3 0.099 d4 0.111 d5 0.136 d6 0.109 d7 0.176 d8 0.140 d9 0.267 d10 0.214 d11 0.250 d12 0.190 d13 0.167 d14 0.100] (1066 SME tokens)
iter 33101: loss 0.7145, time 217.97ms, mfu 1.93%
iter 33102: loss 0.6992, time 437.86ms, mfu 1.90%
iter 33103: loss 0.7271, time 471.94ms, mfu 1.86%
iter 33104: loss 0.7636, time 282.33ms, mfu 1.92%
iter 33105: loss 0.7064, time 351.15ms, mfu 1.93%
iter 33106: loss 0.7430, time 376.22ms, mfu 1.93%
iter 33107: loss 0.8597, time 376.61ms, mfu 1.92%
iter 33108: loss 0.6695, time 417.04ms, mfu 1.90%
iter 33109: loss 0.7155, time 263.80ms, mfu 1.98%
iter 33110: loss 0.7576, time 326.17ms, mfu 2.00%
iter 33111: loss 0.6753, time 397.98ms, mfu 1.98%
iter 33112: loss 0.8091, time 299.43ms, mfu 2.02%
iter 33113: loss 0.7287, time 353.13ms, mfu 2.01%
iter 33114: loss 0.7269, time 387.25ms, mfu 2.00%
iter 33115: loss 0.7471, time 363.21ms, mfu 1.99%
iter 33116: loss 0.6837, time 365.69ms, mfu 1.99%
iter 33117: loss 0.7248, time 342.30ms, mfu 1.99%
iter 33118: loss 0.7153, time 348.47ms, mfu 2.00%
iter 33119: loss 0.7374, time 388.58ms, mfu 1.98%
iter 33120: loss 0.7214, time 349.01ms, mfu 1.99%
iter 33121: loss 0.7350, time 400.25ms, mfu 1.96%
iter 33122: loss 0.7440, time 365.52ms, mfu 1.96%
iter 33123: loss 0.7159, time 260.10ms, mfu 2.04%
iter 33124: loss 0.6249, time 342.97ms, mfu 2.04%
iter 33125: loss 0.7941, time 394.12ms, mfu 2.02%
iter 33126: loss 0.6728, time 270.07ms, mfu 2.08%
iter 33127: loss 0.7456, time 445.64ms, mfu 2.03%
iter 33128: loss 0.5658, time 346.67ms, mfu 2.03%
iter 33129: loss 0.6742, time 433.67ms, mfu 1.99%
iter 33130: loss 0.6682, time 472.00ms, mfu 1.94%
iter 33131: loss 0.7242, time 339.06ms, mfu 1.96%
iter 33132: loss 0.7199, time 224.31ms, mfu 2.08%
iter 33133: loss 0.7337, time 411.62ms, mfu 2.04%
iter 33134: loss 0.7713, time 266.81ms, mfu 2.10%
iter 33135: loss 0.7532, time 461.27ms, mfu 2.05%
iter 33136: loss 0.7644, time 218.52ms, mfu 2.17%
iter 33137: loss 0.7789, time 338.55ms, mfu 2.16%
iter 33138: loss 0.7269, time 491.36ms, mfu 2.09%
iter 33139: loss 0.7263, time 345.96ms, mfu 2.08%
iter 33140: loss 0.6111, time 298.50ms, mfu 2.11%
iter 33141: loss 0.7128, time 359.58ms, mfu 2.10%
iter 33142: loss 0.6684, time 464.41ms, mfu 2.04%
iter 33143: loss 0.7334, time 443.70ms, mfu 2.00%
iter 33144: loss 0.7059, time 322.66ms, mfu 2.02%
iter 33145: loss 0.7170, time 434.58ms, mfu 1.98%
iter 33146: loss 0.7203, time 245.52ms, mfu 2.07%
iter 33147: loss 0.6058, time 383.47ms, mfu 2.05%
iter 33148: loss 0.6902, time 354.00ms, mfu 2.04%
iter 33149: loss 0.6906, time 426.22ms, mfu 2.00%
iter 33150: loss 0.7439, time 454.33ms, mfu 1.96%
iter 33151: loss 0.7516, time 486.53ms, mfu 1.91%
iter 33152: loss 0.8014, time 290.93ms, mfu 1.96%
iter 33153: loss 0.7046, time 303.65ms, mfu 2.00%
iter 33154: loss 0.6687, time 587.41ms, mfu 1.92%
iter 33155: loss 0.6542, time 502.70ms, mfu 1.87%
iter 33156: loss 0.7624, time 357.18ms, mfu 1.88%
iter 33157: loss 0.6828, time 451.71ms, mfu 1.85%
iter 33158: loss 0.7805, time 320.23ms, mfu 1.89%
iter 33159: loss 0.7429, time 492.96ms, mfu 1.84%
iter 33160: loss 0.7470, time 312.58ms, mfu 1.88%
iter 33161: loss 0.7723, time 381.53ms, mfu 1.88%
iter 33162: loss 0.7633, time 352.10ms, mfu 1.89%
iter 33163: loss 0.6416, time 295.21ms, mfu 1.94%
iter 33164: loss 0.7670, time 572.11ms, mfu 1.87%
iter 33165: loss 0.6796, time 467.77ms, mfu 1.84%
iter 33166: loss 0.7680, time 385.12ms, mfu 1.84%
iter 33167: loss 0.6570, time 377.49ms, mfu 1.84%
iter 33168: loss 0.6401, time 405.46ms, mfu 1.83%
iter 33169: loss 0.6700, time 325.91ms, mfu 1.87%
iter 33170: loss 0.7994, time 367.06ms, mfu 1.87%
iter 33171: loss 0.6428, time 334.65ms, mfu 1.90%
iter 33172: loss 0.7453, time 487.54ms, mfu 1.85%
iter 33173: loss 0.6937, time 370.93ms, mfu 1.86%
iter 33174: loss 0.7352, time 340.75ms, mfu 1.88%
iter 33175: loss 0.7231, time 377.85ms, mfu 1.88%
iter 33176: loss 0.7318, time 478.73ms, mfu 1.84%
iter 33177: loss 0.7248, time 272.06ms, mfu 1.92%
iter 33178: loss 0.6723, time 427.80ms, mfu 1.89%
iter 33179: loss 0.7957, time 323.42ms, mfu 1.92%
iter 33180: loss 0.6382, time 414.23ms, mfu 1.90%
iter 33181: loss 0.7857, time 412.02ms, mfu 1.88%
iter 33182: loss 0.7276, time 517.52ms, mfu 1.83%
iter 33183: loss 0.8081, time 377.65ms, mfu 1.84%
iter 33184: loss 0.7371, time 328.83ms, mfu 1.87%
iter 33185: loss 0.7576, time 317.62ms, mfu 1.90%
iter 33186: loss 0.7278, time 425.72ms, mfu 1.88%
iter 33187: loss 0.7578, time 354.15ms, mfu 1.89%
iter 33188: loss 0.7042, time 453.16ms, mfu 1.86%
iter 33189: loss 0.6965, time 455.97ms, mfu 1.83%
iter 33190: loss 0.7243, time 311.18ms, mfu 1.87%
iter 33191: loss 0.7903, time 428.66ms, mfu 1.85%
iter 33192: loss 0.8454, time 306.92ms, mfu 1.90%
iter 33193: loss 0.7274, time 380.22ms, mfu 1.89%
iter 33194: loss 0.7263, time 316.73ms, mfu 1.93%
iter 33195: loss 0.7005, time 435.31ms, mfu 1.90%
iter 33196: loss 0.6052, time 317.61ms, mfu 1.93%
iter 33197: loss 0.6458, time 256.71ms, mfu 2.01%
iter 33198: loss 0.6757, time 502.19ms, mfu 1.95%
iter 33199: loss 0.7091, time 347.58ms, mfu 1.96%
iter 33200: loss 0.6475, time 417.93ms, mfu 1.94%
  === DIAG iter 33200 ===
  loss: 0.6475
  grads: total 1.0000, transformer 0.1457, adapter 0.9893
  <NUM> input tokens: 451/3072 (14.7%)
  lr: base 6.77e-05, adapter 3.39e-05
  SME accuracy: overall 0.483, sign 0.965, exp 0.894, digit 0.295, end 0.804 [d0 0.826 d1 0.380 d2 0.319 d3 0.171 d4 0.115 d5 0.172 d6 0.094 d7 0.061 d8 0.122 d9 0.241 d10 0.185 d11 0.238 d12 0.278 d13 0.118 d14 0.100] (1069 SME tokens)
iter 33201: loss 0.6942, time 250.44ms, mfu 2.03%
iter 33202: loss 0.7597, time 360.13ms, mfu 2.02%
iter 33203: loss 0.7504, time 248.41ms, mfu 2.10%
iter 33204: loss 0.7147, time 309.34ms, mfu 2.12%
iter 33205: loss 0.7436, time 345.59ms, mfu 2.11%
iter 33206: loss 0.7180, time 284.71ms, mfu 2.15%
iter 33207: loss 0.8351, time 348.32ms, mfu 2.14%
iter 33208: loss 0.6190, time 276.44ms, mfu 2.18%
iter 33209: loss 0.6703, time 408.17ms, mfu 2.14%
iter 33210: loss 0.7731, time 535.85ms, mfu 2.06%
iter 33211: loss 0.6423, time 337.63ms, mfu 2.06%
iter 33212: loss 0.6382, time 405.47ms, mfu 2.03%
iter 33213: loss 0.7071, time 317.15ms, mfu 2.05%
iter 33214: loss 0.7686, time 304.85ms, mfu 2.08%
iter 33215: loss 0.7267, time 518.05ms, mfu 2.01%
iter 33216: loss 0.6790, time 397.93ms, mfu 1.98%
iter 33217: loss 0.7357, time 414.35ms, mfu 1.96%
iter 33218: loss 0.7568, time 359.85ms, mfu 1.96%
iter 33219: loss 0.7132, time 409.67ms, mfu 1.94%
iter 33220: loss 0.7099, time 461.54ms, mfu 1.90%
iter 33221: loss 0.6900, time 293.49ms, mfu 1.95%
iter 33222: loss 0.7692, time 272.36ms, mfu 2.01%
iter 33223: loss 0.7621, time 291.76ms, mfu 2.05%
iter 33224: loss 0.6818, time 388.95ms, mfu 2.03%
iter 33225: loss 0.6637, time 392.07ms, mfu 2.01%
iter 33226: loss 0.6317, time 406.07ms, mfu 1.98%
iter 33227: loss 0.7878, time 401.57ms, mfu 1.96%
iter 33228: loss 0.6818, time 372.76ms, mfu 1.95%
iter 33229: loss 0.6821, time 247.55ms, mfu 2.05%
iter 33230: loss 0.7406, time 429.79ms, mfu 2.01%
iter 33231: loss 0.6809, time 354.83ms, mfu 2.01%
iter 33232: loss 0.7873, time 278.17ms, mfu 2.06%
iter 33233: loss 0.7108, time 561.39ms, mfu 1.98%
iter 33234: loss 0.7280, time 301.96ms, mfu 2.02%
iter 33235: loss 0.6862, time 409.67ms, mfu 1.99%
iter 33236: loss 0.7519, time 602.21ms, mfu 1.91%
iter 33237: loss 0.7198, time 323.53ms, mfu 1.94%
iter 33238: loss 0.7253, time 269.17ms, mfu 2.00%
iter 33239: loss 0.7801, time 430.64ms, mfu 1.97%
iter 33240: loss 0.6675, time 330.90ms, mfu 1.99%
iter 33241: loss 0.7584, time 422.77ms, mfu 1.96%
iter 33242: loss 0.6957, time 380.41ms, mfu 1.95%
iter 33243: loss 0.7319, time 505.43ms, mfu 1.89%
iter 33244: loss 0.7692, time 259.02ms, mfu 1.98%
iter 33245: loss 0.7857, time 341.43ms, mfu 1.99%
iter 33246: loss 0.6633, time 438.69ms, mfu 1.95%
iter 33247: loss 0.7178, time 357.03ms, mfu 1.95%
iter 33248: loss 0.6767, time 324.80ms, mfu 1.98%
iter 33249: loss 0.7426, time 257.71ms, mfu 2.05%
iter 33250: loss 0.7104, time 364.32ms, mfu 2.04%
iter 33251: loss 0.6104, time 277.91ms, mfu 2.09%
iter 33252: loss 0.6546, time 458.52ms, mfu 2.04%
iter 33253: loss 0.7776, time 391.87ms, mfu 2.02%
iter 33254: loss 0.6474, time 294.96ms, mfu 2.05%
iter 33255: loss 0.8889, time 380.36ms, mfu 2.03%
iter 33256: loss 0.6973, time 492.03ms, mfu 1.98%
iter 33257: loss 0.7465, time 460.82ms, mfu 1.93%
iter 33258: loss 0.8130, time 301.60ms, mfu 1.97%
iter 33259: loss 0.7603, time 227.24ms, mfu 2.09%
iter 33260: loss 0.6582, time 489.39ms, mfu 2.02%
iter 33261: loss 0.7674, time 306.45ms, mfu 2.05%
iter 33262: loss 0.6839, time 411.14ms, mfu 2.02%
iter 33263: loss 0.6755, time 335.39ms, mfu 2.03%
iter 33264: loss 0.8111, time 367.81ms, mfu 2.02%
iter 33265: loss 0.7697, time 292.58ms, mfu 2.06%
iter 33266: loss 0.7261, time 530.84ms, mfu 1.99%
iter 33267: loss 0.7249, time 538.69ms, mfu 1.92%
iter 33268: loss 0.7307, time 289.66ms, mfu 1.97%
iter 33269: loss 0.7319, time 315.36ms, mfu 2.00%
iter 33270: loss 0.7298, time 334.98ms, mfu 2.01%
iter 33271: loss 0.7056, time 370.71ms, mfu 2.00%
iter 33272: loss 0.6297, time 363.51ms, mfu 2.00%
iter 33273: loss 0.7004, time 498.71ms, mfu 1.94%
iter 33274: loss 0.7405, time 318.58ms, mfu 1.97%
iter 33275: loss 0.7235, time 408.57ms, mfu 1.94%
iter 33276: loss 0.7069, time 418.92ms, mfu 1.92%
iter 33277: loss 0.7078, time 345.30ms, mfu 1.93%
iter 33278: loss 0.6391, time 436.48ms, mfu 1.90%
iter 33279: loss 0.6462, time 305.77ms, mfu 1.94%
iter 33280: loss 0.7283, time 348.95ms, mfu 1.95%
iter 33281: loss 0.6651, time 365.11ms, mfu 1.95%
iter 33282: loss 0.6512, time 475.73ms, mfu 1.90%
iter 33283: loss 0.7345, time 362.64ms, mfu 1.91%
iter 33284: loss 0.7865, time 427.38ms, mfu 1.88%
iter 33285: loss 0.7171, time 411.85ms, mfu 1.87%
iter 33286: loss 0.6845, time 454.67ms, mfu 1.84%
iter 33287: loss 0.6768, time 481.01ms, mfu 1.80%
iter 33288: loss 0.6482, time 410.19ms, mfu 1.79%
iter 33289: loss 0.7242, time 327.03ms, mfu 1.83%
iter 33290: loss 0.8310, time 336.76ms, mfu 1.86%
iter 33291: loss 0.7457, time 452.44ms, mfu 1.83%
iter 33292: loss 0.7435, time 288.40ms, mfu 1.89%
iter 33293: loss 0.6877, time 381.27ms, mfu 1.89%
iter 33294: loss 0.6606, time 252.38ms, mfu 1.98%
iter 33295: loss 0.6773, time 497.35ms, mfu 1.92%
iter 33296: loss 0.6496, time 422.88ms, mfu 1.90%
iter 33297: loss 0.6914, time 425.82ms, mfu 1.88%
iter 33298: loss 0.6723, time 419.88ms, mfu 1.86%
iter 33299: loss 0.7555, time 365.47ms, mfu 1.87%
iter 33300: loss 0.7092, time 716.21ms, mfu 1.78%
  === DIAG iter 33300 ===
  loss: 0.7092
  grads: total 1.0000, transformer 0.1917, adapter 0.9815
  <NUM> input tokens: 453/3072 (14.7%)
  lr: base 6.69e-05, adapter 3.35e-05
  SME accuracy: overall 0.447, sign 0.963, exp 0.917, digit 0.255, end 0.855 [d0 0.832 d1 0.377 d2 0.173 d3 0.153 d4 0.114 d5 0.118 d6 0.082 d7 0.125 d8 0.196 d9 0.182 d10 0.067 d11 0.200 d12 0.083 d13 0.105 d14 0.200] (1124 SME tokens)
iter 33301: loss 0.6008, time 248.41ms, mfu 1.89%
iter 33302: loss 0.7421, time 280.87ms, mfu 1.95%
iter 33303: loss 0.8081, time 356.18ms, mfu 1.95%
iter 33304: loss 0.7014, time 442.77ms, mfu 1.92%
iter 33305: loss 0.6924, time 414.79ms, mfu 1.90%
iter 33306: loss 0.7909, time 389.58ms, mfu 1.89%
iter 33307: loss 0.7430, time 505.20ms, mfu 1.84%
iter 33308: loss 0.7383, time 325.67ms, mfu 1.87%
iter 33309: loss 0.7106, time 635.98ms, mfu 1.80%
iter 33310: loss 0.8078, time 281.60ms, mfu 1.87%
iter 33311: loss 0.6592, time 359.42ms, mfu 1.88%
iter 33312: loss 0.6535, time 304.16ms, mfu 1.93%
iter 33313: loss 0.8135, time 492.08ms, mfu 1.88%
iter 33314: loss 0.7564, time 510.05ms, mfu 1.83%
iter 33315: loss 0.7092, time 353.26ms, mfu 1.85%
iter 33316: loss 0.6694, time 339.79ms, mfu 1.87%
iter 33317: loss 0.6579, time 421.29ms, mfu 1.85%
iter 33318: loss 0.7662, time 515.83ms, mfu 1.80%
iter 33319: loss 0.7642, time 273.45ms, mfu 1.88%
iter 33320: loss 0.7323, time 413.30ms, mfu 1.87%
iter 33321: loss 0.7026, time 415.52ms, mfu 1.85%
iter 33322: loss 0.7242, time 324.74ms, mfu 1.88%
iter 33323: loss 0.7667, time 400.79ms, mfu 1.87%
iter 33324: loss 0.7399, time 358.42ms, mfu 1.88%
iter 33325: loss 0.8390, time 568.59ms, mfu 1.82%
iter 33326: loss 0.6922, time 520.71ms, mfu 1.77%
iter 33327: loss 0.7486, time 315.88ms, mfu 1.82%
iter 33328: loss 0.7335, time 500.83ms, mfu 1.78%
iter 33329: loss 0.7342, time 463.42ms, mfu 1.75%
iter 33330: loss 0.7045, time 394.29ms, mfu 1.76%
iter 33331: loss 0.7094, time 274.39ms, mfu 1.84%
iter 33332: loss 0.7112, time 473.96ms, mfu 1.81%
iter 33333: loss 0.6559, time 232.92ms, mfu 1.93%
iter 33334: loss 0.7402, time 492.46ms, mfu 1.88%
iter 33335: loss 0.7465, time 368.02ms, mfu 1.89%
iter 33336: loss 0.6220, time 271.51ms, mfu 1.96%
iter 33337: loss 0.7392, time 426.58ms, mfu 1.93%
iter 33338: loss 0.6774, time 452.50ms, mfu 1.89%
iter 33339: loss 0.7856, time 316.35ms, mfu 1.93%
iter 33340: loss 0.6477, time 275.35ms, mfu 1.99%
iter 33341: loss 0.7509, time 321.35ms, mfu 2.01%
iter 33342: loss 0.7185, time 358.74ms, mfu 2.01%
iter 33343: loss 0.7096, time 565.73ms, mfu 1.93%
iter 33344: loss 0.7349, time 313.23ms, mfu 1.97%
iter 33345: loss 0.6769, time 270.45ms, mfu 2.03%
iter 33346: loss 0.7121, time 413.62ms, mfu 2.00%
iter 33347: loss 0.8369, time 436.68ms, mfu 1.96%
iter 33348: loss 0.7742, time 432.04ms, mfu 1.93%
iter 33349: loss 0.6979, time 353.73ms, mfu 1.94%
iter 33350: loss 0.7024, time 257.05ms, mfu 2.02%
iter 33351: loss 0.7557, time 385.95ms, mfu 2.00%
iter 33352: loss 0.7675, time 281.64ms, mfu 2.05%
iter 33353: loss 0.7559, time 315.45ms, mfu 2.07%
iter 33354: loss 0.6322, time 373.69ms, mfu 2.05%
iter 33355: loss 0.8134, time 370.33ms, mfu 2.04%
iter 33356: loss 0.6542, time 259.50ms, mfu 2.11%
iter 33357: loss 0.8066, time 338.02ms, mfu 2.11%
iter 33358: loss 0.6863, time 459.78ms, mfu 2.05%
iter 33359: loss 0.6299, time 260.55ms, mfu 2.12%
iter 33360: loss 0.6594, time 382.93ms, mfu 2.09%
iter 33361: loss 0.6902, time 249.46ms, mfu 2.17%
iter 33362: loss 0.7729, time 440.33ms, mfu 2.11%
iter 33363: loss 0.7010, time 314.92ms, mfu 2.12%
iter 33364: loss 0.7469, time 306.71ms, mfu 2.14%
iter 33365: loss 0.7424, time 299.19ms, mfu 2.17%
iter 33366: loss 0.7227, time 354.30ms, mfu 2.15%
iter 33367: loss 0.6575, time 306.98ms, mfu 2.17%
iter 33368: loss 0.7695, time 351.24ms, mfu 2.15%
iter 33369: loss 0.7014, time 397.84ms, mfu 2.11%
iter 33370: loss 0.7043, time 354.80ms, mfu 2.10%
iter 33371: loss 0.6575, time 336.58ms, mfu 2.10%
iter 33372: loss 0.7452, time 304.34ms, mfu 2.13%
iter 33373: loss 0.7060, time 418.68ms, mfu 2.08%
iter 33374: loss 0.7625, time 449.74ms, mfu 2.03%
iter 33375: loss 0.6711, time 381.62ms, mfu 2.01%
iter 33376: loss 0.7478, time 565.48ms, mfu 1.94%
iter 33377: loss 0.7146, time 284.35ms, mfu 1.99%
iter 33378: loss 0.6925, time 375.58ms, mfu 1.98%
iter 33379: loss 0.6833, time 475.85ms, mfu 1.93%
iter 33380: loss 0.7897, time 325.32ms, mfu 1.96%
iter 33381: loss 0.7235, time 253.61ms, mfu 2.04%
iter 33382: loss 0.6937, time 457.40ms, mfu 1.99%
iter 33383: loss 0.7481, time 415.68ms, mfu 1.96%
iter 33384: loss 0.6310, time 220.68ms, mfu 2.09%
iter 33385: loss 0.6217, time 420.00ms, mfu 2.05%
iter 33386: loss 0.6562, time 491.28ms, mfu 1.99%
iter 33387: loss 0.6213, time 378.96ms, mfu 1.98%
iter 33388: loss 0.7121, time 407.02ms, mfu 1.95%
iter 33389: loss 0.7073, time 440.80ms, mfu 1.92%
iter 33390: loss 0.6845, time 366.37ms, mfu 1.92%
iter 33391: loss 0.7586, time 243.68ms, mfu 2.02%
iter 33392: loss 0.6934, time 328.68ms, mfu 2.03%
iter 33393: loss 0.6285, time 481.44ms, mfu 1.98%
iter 33394: loss 0.7626, time 436.09ms, mfu 1.94%
iter 33395: loss 0.6625, time 376.49ms, mfu 1.94%
iter 33396: loss 0.8627, time 323.29ms, mfu 1.96%
iter 33397: loss 0.7667, time 273.21ms, mfu 2.02%
iter 33398: loss 0.6826, time 328.12ms, mfu 2.04%
iter 33399: loss 0.6663, time 420.99ms, mfu 2.00%
iter 33400: loss 0.7299, time 509.07ms, mfu 1.94%
  === DIAG iter 33400 ===
  loss: 0.7299
  grads: total 1.0000, transformer 0.1320, adapter 0.9913
  <NUM> input tokens: 421/3072 (13.7%)
  lr: base 6.61e-05, adapter 3.31e-05
  SME accuracy: overall 0.455, sign 0.992, exp 0.940, digit 0.272, end 0.814 [d0 0.886 d1 0.495 d2 0.375 d3 0.122 d4 0.115 d5 0.071 d6 0.092 d7 0.049 d8 0.038 d9 0.179 d10 0.147 d11 0.161 d12 0.208 d13 0.105 d14 0.067] (1245 SME tokens)
iter 33401: loss 0.7080, time 247.20ms, mfu 2.03%
iter 33402: loss 0.7572, time 255.65ms, mfu 2.11%
iter 33403: loss 0.7226, time 381.60ms, mfu 2.08%
iter 33404: loss 0.6391, time 414.83ms, mfu 2.05%
iter 33405: loss 0.7476, time 345.66ms, mfu 2.05%
iter 33406: loss 0.7091, time 241.39ms, mfu 2.13%
iter 33407: loss 0.7144, time 438.61ms, mfu 2.08%
iter 33408: loss 0.6989, time 405.61ms, mfu 2.05%
iter 33409: loss 0.7817, time 300.66ms, mfu 2.08%
iter 33410: loss 0.8207, time 331.03ms, mfu 2.09%
iter 33411: loss 0.7204, time 361.62ms, mfu 2.07%
iter 33412: loss 0.5975, time 285.46ms, mfu 2.11%
iter 33413: loss 0.6766, time 445.91ms, mfu 2.06%
iter 33414: loss 0.6405, time 249.15ms, mfu 2.14%
iter 33415: loss 0.6892, time 365.45ms, mfu 2.12%
iter 33416: loss 0.6960, time 397.98ms, mfu 2.09%
iter 33417: loss 0.6364, time 331.84ms, mfu 2.09%
iter 33418: loss 0.6838, time 385.48ms, mfu 2.07%
iter 33419: loss 0.6726, time 420.75ms, mfu 2.03%
iter 33420: loss 0.7020, time 485.07ms, mfu 1.97%
iter 33421: loss 0.7359, time 328.55ms, mfu 1.99%
iter 33422: loss 0.7077, time 545.66ms, mfu 1.92%
iter 33423: loss 0.5889, time 269.41ms, mfu 1.99%
iter 33424: loss 0.7838, time 455.78ms, mfu 1.95%
iter 33425: loss 0.6885, time 289.75ms, mfu 2.00%
iter 33426: loss 0.6416, time 564.78ms, mfu 1.92%
iter 33427: loss 0.6866, time 425.60ms, mfu 1.90%
iter 33428: loss 0.7342, time 303.37ms, mfu 1.94%
iter 33429: loss 0.7691, time 407.31ms, mfu 1.92%
iter 33430: loss 0.7482, time 419.94ms, mfu 1.90%
iter 33431: loss 0.7273, time 384.64ms, mfu 1.89%
iter 33432: loss 0.7363, time 373.93ms, mfu 1.89%
iter 33433: loss 0.6631, time 361.04ms, mfu 1.90%
iter 33434: loss 0.6591, time 284.04ms, mfu 1.96%
iter 33435: loss 0.7457, time 288.93ms, mfu 2.01%
iter 33436: loss 0.7339, time 532.13ms, mfu 1.94%
iter 33437: loss 0.6979, time 512.35ms, mfu 1.89%
iter 33438: loss 0.7126, time 385.54ms, mfu 1.88%
iter 33439: loss 0.7082, time 272.04ms, mfu 1.95%
iter 33440: loss 0.7200, time 314.16ms, mfu 1.98%
iter 33441: loss 0.7175, time 471.97ms, mfu 1.94%
iter 33442: loss 0.6679, time 376.31ms, mfu 1.93%
iter 33443: loss 0.6319, time 496.97ms, mfu 1.88%
iter 33444: loss 0.7467, time 347.56ms, mfu 1.90%
iter 33445: loss 0.7732, time 486.96ms, mfu 1.85%
iter 33446: loss 0.7680, time 528.06ms, mfu 1.80%
iter 33447: loss 0.7095, time 345.47ms, mfu 1.83%
iter 33448: loss 0.7426, time 409.17ms, mfu 1.82%
iter 33449: loss 0.6614, time 309.77ms, mfu 1.86%
iter 33450: loss 0.7965, time 244.42ms, mfu 1.97%
iter 33451: loss 0.7535, time 337.97ms, mfu 1.98%
iter 33452: loss 0.7404, time 278.59ms, mfu 2.04%
iter 33453: loss 0.7378, time 274.94ms, mfu 2.09%
iter 33454: loss 0.6555, time 520.90ms, mfu 2.02%
iter 33455: loss 0.7121, time 311.18ms, mfu 2.04%
iter 33456: loss 0.7575, time 522.80ms, mfu 1.97%
iter 33457: loss 0.6774, time 356.16ms, mfu 1.98%
iter 33458: loss 0.7928, time 288.33ms, mfu 2.02%
iter 33459: loss 0.7285, time 551.12ms, mfu 1.95%
iter 33460: loss 0.6951, time 354.72ms, mfu 1.96%
iter 33461: loss 0.7353, time 415.76ms, mfu 1.93%
iter 33462: loss 0.7689, time 372.44ms, mfu 1.93%
iter 33463: loss 0.7401, time 361.65ms, mfu 1.93%
iter 33464: loss 0.7417, time 373.51ms, mfu 1.93%
iter 33465: loss 0.6933, time 236.12ms, mfu 2.03%
iter 33466: loss 0.5787, time 466.22ms, mfu 1.98%
iter 33467: loss 0.7217, time 379.47ms, mfu 1.97%
iter 33468: loss 0.7163, time 472.88ms, mfu 1.92%
iter 33469: loss 0.6630, time 211.40ms, mfu 2.07%
iter 33470: loss 0.6566, time 412.22ms, mfu 2.03%
iter 33471: loss 0.6795, time 462.04ms, mfu 1.98%
iter 33472: loss 0.6779, time 423.81ms, mfu 1.95%
iter 33473: loss 0.7588, time 269.47ms, mfu 2.02%
iter 33474: loss 0.7045, time 374.20ms, mfu 2.01%
iter 33475: loss 0.6761, time 387.75ms, mfu 1.99%
iter 33476: loss 0.7193, time 369.93ms, mfu 1.98%
iter 33477: loss 0.6995, time 370.77ms, mfu 1.97%
iter 33478: loss 0.6721, time 392.77ms, mfu 1.96%
iter 33479: loss 0.7630, time 348.99ms, mfu 1.96%
iter 33480: loss 0.6373, time 461.76ms, mfu 1.92%
iter 33481: loss 0.6332, time 265.72ms, mfu 2.00%
iter 33482: loss 0.7009, time 467.54ms, mfu 1.95%
iter 33483: loss 0.7549, time 413.70ms, mfu 1.92%
iter 33484: loss 0.6956, time 333.18ms, mfu 1.95%
iter 33485: loss 0.6676, time 582.55ms, mfu 1.87%
iter 33486: loss 0.7433, time 410.34ms, mfu 1.86%
iter 33487: loss 0.7455, time 288.11ms, mfu 1.92%
iter 33488: loss 0.7471, time 465.25ms, mfu 1.88%
iter 33489: loss 0.6710, time 354.98ms, mfu 1.89%
iter 33490: loss 0.7261, time 378.57ms, mfu 1.89%
iter 33491: loss 0.6763, time 530.49ms, mfu 1.83%
iter 33492: loss 0.6362, time 248.22ms, mfu 1.94%
iter 33493: loss 0.7006, time 374.70ms, mfu 1.93%
iter 33494: loss 0.7420, time 343.38ms, mfu 1.94%
iter 33495: loss 0.7855, time 325.02ms, mfu 1.97%
iter 33496: loss 0.7104, time 327.74ms, mfu 1.99%
iter 33497: loss 0.7191, time 494.02ms, mfu 1.93%
iter 33498: loss 0.6639, time 392.63ms, mfu 1.92%
iter 33499: loss 0.6518, time 332.34ms, mfu 1.94%
iter 33500: loss 0.7059, time 648.41ms, mfu 1.86%
  === DIAG iter 33500 ===
  loss: 0.7059
  grads: total 1.0000, transformer 0.1641, adapter 0.9864
  <NUM> input tokens: 474/3072 (15.4%)
  lr: base 6.54e-05, adapter 3.27e-05
  SME accuracy: overall 0.460, sign 0.966, exp 0.907, digit 0.269, end 0.852 [d0 0.829 d1 0.395 d2 0.269 d3 0.110 d4 0.076 d5 0.145 d6 0.167 d7 0.123 d8 0.135 d9 0.156 d10 0.222 d11 0.208 d12 0.143 d13 0.125 d14 0.154] (1173 SME tokens)
iter 33501: loss 0.7446, time 177.63ms, mfu 2.07%
iter 33502: loss 0.6523, time 390.76ms, mfu 2.04%
iter 33503: loss 0.7182, time 523.26ms, mfu 1.97%
iter 33504: loss 0.6785, time 302.02ms, mfu 2.01%
iter 33505: loss 0.6441, time 532.24ms, mfu 1.94%
iter 33506: loss 0.7257, time 398.01ms, mfu 1.93%
iter 33507: loss 0.6206, time 315.82ms, mfu 1.96%
iter 33508: loss 0.6409, time 324.64ms, mfu 1.98%
iter 33509: loss 0.6767, time 448.82ms, mfu 1.94%
iter 33510: loss 0.6384, time 351.48ms, mfu 1.95%
iter 33511: loss 0.7240, time 428.32ms, mfu 1.92%
iter 33512: loss 0.6841, time 472.76ms, mfu 1.88%
iter 33513: loss 0.5890, time 253.94ms, mfu 1.97%
iter 33514: loss 0.7649, time 455.98ms, mfu 1.93%
iter 33515: loss 0.7614, time 344.17ms, mfu 1.94%
iter 33516: loss 0.7541, time 413.67ms, mfu 1.92%
iter 33517: loss 0.7244, time 286.25ms, mfu 1.97%
iter 33518: loss 0.6374, time 348.06ms, mfu 1.98%
iter 33519: loss 0.6613, time 377.60ms, mfu 1.97%
iter 33520: loss 0.7137, time 455.06ms, mfu 1.93%
iter 33521: loss 0.7620, time 309.12ms, mfu 1.96%
iter 33522: loss 0.6422, time 259.97ms, mfu 2.04%
iter 33523: loss 0.6872, time 467.92ms, mfu 1.99%
iter 33524: loss 0.7169, time 437.68ms, mfu 1.95%
iter 33525: loss 0.7921, time 361.89ms, mfu 1.95%
iter 33526: loss 0.7606, time 320.34ms, mfu 1.98%
iter 33527: loss 0.7143, time 368.46ms, mfu 1.97%
iter 33528: loss 0.7139, time 343.52ms, mfu 1.98%
iter 33529: loss 0.6791, time 424.84ms, mfu 1.95%
iter 33530: loss 0.7609, time 423.95ms, mfu 1.92%
iter 33531: loss 0.7167, time 304.65ms, mfu 1.96%
iter 33532: loss 0.6493, time 439.06ms, mfu 1.93%
iter 33533: loss 0.6971, time 289.67ms, mfu 1.98%
iter 33534: loss 0.7003, time 307.90ms, mfu 2.01%
iter 33535: loss 0.7134, time 436.19ms, mfu 1.97%
iter 33536: loss 0.7378, time 327.95ms, mfu 1.99%
iter 33537: loss 0.6631, time 361.95ms, mfu 1.99%
iter 33538: loss 0.8047, time 355.97ms, mfu 1.99%
iter 33539: loss 0.7075, time 470.00ms, mfu 1.94%
iter 33540: loss 0.6349, time 442.48ms, mfu 1.91%
iter 33541: loss 0.7428, time 420.78ms, mfu 1.88%
iter 33542: loss 0.6677, time 414.52ms, mfu 1.87%
iter 33543: loss 0.7209, time 373.98ms, mfu 1.87%
iter 33544: loss 0.7148, time 534.01ms, mfu 1.82%
iter 33545: loss 0.7343, time 359.57ms, mfu 1.83%
iter 33546: loss 0.6774, time 485.58ms, mfu 1.79%
iter 33547: loss 0.7115, time 401.10ms, mfu 1.79%
iter 33548: loss 0.7092, time 286.42ms, mfu 1.86%
iter 33549: loss 0.7778, time 405.60ms, mfu 1.85%
iter 33550: loss 0.6529, time 341.81ms, mfu 1.87%
iter 33551: loss 0.7433, time 474.65ms, mfu 1.83%
iter 33552: loss 0.7205, time 365.88ms, mfu 1.84%
iter 33553: loss 0.8017, time 359.24ms, mfu 1.86%
iter 33554: loss 0.7080, time 549.16ms, mfu 1.80%
iter 33555: loss 0.7365, time 418.78ms, mfu 1.79%
iter 33556: loss 0.6682, time 364.55ms, mfu 1.80%
iter 33557: loss 0.7390, time 350.38ms, mfu 1.83%
iter 33558: loss 0.7652, time 391.77ms, mfu 1.82%
iter 33559: loss 0.7198, time 238.77ms, mfu 1.94%
iter 33560: loss 0.7170, time 525.24ms, mfu 1.88%
iter 33561: loss 0.7129, time 277.62ms, mfu 1.95%
iter 33562: loss 0.6958, time 273.61ms, mfu 2.01%
iter 33563: loss 0.6896, time 277.72ms, mfu 2.07%
iter 33564: loss 0.6775, time 387.17ms, mfu 2.04%
iter 33565: loss 0.7400, time 286.97ms, mfu 2.08%
iter 33566: loss 0.6635, time 457.90ms, mfu 2.03%
iter 33567: loss 0.6810, time 532.70ms, mfu 1.96%
iter 33568: loss 0.7400, time 328.20ms, mfu 1.98%
iter 33569: loss 0.6392, time 318.46ms, mfu 2.01%
iter 33570: loss 0.6864, time 315.88ms, mfu 2.03%
iter 33571: loss 0.6977, time 505.90ms, mfu 1.97%
iter 33572: loss 0.7490, time 409.22ms, mfu 1.94%
iter 33573: loss 0.6666, time 284.83ms, mfu 2.00%
iter 33574: loss 0.7574, time 455.73ms, mfu 1.95%
iter 33575: loss 0.8045, time 374.53ms, mfu 1.95%
iter 33576: loss 0.6886, time 317.58ms, mfu 1.98%
iter 33577: loss 0.7396, time 397.64ms, mfu 1.96%
iter 33578: loss 0.7353, time 502.18ms, mfu 1.90%
iter 33579: loss 0.7284, time 380.32ms, mfu 1.90%
iter 33580: loss 0.6540, time 470.43ms, mfu 1.86%
iter 33581: loss 0.6741, time 444.17ms, mfu 1.83%
iter 33582: loss 0.7267, time 308.92ms, mfu 1.88%
iter 33583: loss 0.6843, time 336.65ms, mfu 1.90%
iter 33584: loss 0.6000, time 280.22ms, mfu 1.96%
iter 33585: loss 0.6420, time 350.99ms, mfu 1.97%
iter 33586: loss 0.7070, time 349.33ms, mfu 1.98%
iter 33587: loss 0.7941, time 373.85ms, mfu 1.97%
iter 33588: loss 0.6691, time 423.78ms, mfu 1.94%
iter 33589: loss 0.7600, time 408.21ms, mfu 1.92%
iter 33590: loss 0.6994, time 400.65ms, mfu 1.90%
iter 33591: loss 0.8104, time 493.85ms, mfu 1.86%
iter 33592: loss 0.7100, time 373.95ms, mfu 1.86%
iter 33593: loss 0.7655, time 359.91ms, mfu 1.87%
iter 33594: loss 0.6836, time 341.71ms, mfu 1.89%
iter 33595: loss 0.7262, time 443.58ms, mfu 1.86%
iter 33596: loss 0.7436, time 313.83ms, mfu 1.90%
iter 33597: loss 0.7794, time 448.16ms, mfu 1.87%
iter 33598: loss 0.7574, time 352.43ms, mfu 1.88%
iter 33599: loss 0.7648, time 473.08ms, mfu 1.85%
iter 33600: loss 0.7163, time 597.90ms, mfu 1.78%
  === DIAG iter 33600 ===
  loss: 0.7163
  grads: total 1.0000, transformer 0.1498, adapter 0.9887
  <NUM> input tokens: 444/3072 (14.5%)
  lr: base 6.46e-05, adapter 3.23e-05
  SME accuracy: overall 0.463, sign 0.991, exp 0.965, digit 0.275, end 0.851 [d0 0.864 d1 0.464 d2 0.205 d3 0.128 d4 0.111 d5 0.118 d6 0.159 d7 0.138 d8 0.140 d9 0.111 d10 0.188 d11 0.179 d12 0.318 d13 0.235 d14 0.364] (1199 SME tokens)
iter 33601: loss 0.6277, time 229.69ms, mfu 1.91%
iter 33602: loss 0.6662, time 517.26ms, mfu 1.86%
iter 33603: loss 0.7134, time 441.11ms, mfu 1.83%
iter 33604: loss 0.7609, time 449.41ms, mfu 1.81%
iter 33605: loss 0.6712, time 339.37ms, mfu 1.83%
iter 33606: loss 0.6375, time 363.52ms, mfu 1.85%
iter 33607: loss 0.6790, time 339.84ms, mfu 1.87%
iter 33608: loss 0.7157, time 276.90ms, mfu 1.94%
iter 33609: loss 0.7094, time 433.07ms, mfu 1.91%
iter 33610: loss 0.7060, time 315.58ms, mfu 1.94%
iter 33611: loss 0.6980, time 471.16ms, mfu 1.90%
iter 33612: loss 0.6564, time 527.96ms, mfu 1.84%
iter 33613: loss 0.7764, time 457.12ms, mfu 1.81%
iter 33614: loss 0.7183, time 520.19ms, mfu 1.77%
iter 33615: loss 0.7226, time 309.18ms, mfu 1.82%
iter 33616: loss 0.7124, time 404.54ms, mfu 1.81%
iter 33617: loss 0.7359, time 308.51ms, mfu 1.86%
iter 33618: loss 0.7601, time 389.88ms, mfu 1.86%
iter 33619: loss 0.7392, time 403.56ms, mfu 1.85%
iter 33620: loss 0.8178, time 411.55ms, mfu 1.84%
iter 33621: loss 0.6953, time 363.34ms, mfu 1.85%
iter 33622: loss 0.7441, time 421.82ms, mfu 1.83%
iter 33623: loss 0.6965, time 359.47ms, mfu 1.84%
iter 33624: loss 0.6840, time 492.39ms, mfu 1.80%
iter 33625: loss 0.6663, time 452.34ms, mfu 1.78%
iter 33626: loss 0.6953, time 242.34ms, mfu 1.89%
iter 33627: loss 0.6546, time 390.38ms, mfu 1.89%
iter 33628: loss 0.7348, time 380.52ms, mfu 1.88%
iter 33629: loss 0.6388, time 381.82ms, mfu 1.88%
iter 33630: loss 0.6798, time 487.91ms, mfu 1.84%
iter 33631: loss 0.6683, time 273.54ms, mfu 1.91%
iter 33632: loss 0.7272, time 308.47ms, mfu 1.95%
iter 33633: loss 0.7388, time 472.03ms, mfu 1.91%
iter 33634: loss 0.6908, time 425.70ms, mfu 1.88%
iter 33635: loss 0.6977, time 272.25ms, mfu 1.95%
iter 33636: loss 0.7639, time 502.63ms, mfu 1.90%
iter 33637: loss 0.6436, time 283.34ms, mfu 1.96%
iter 33638: loss 0.6801, time 429.27ms, mfu 1.93%
iter 33639: loss 0.6852, time 472.35ms, mfu 1.89%
iter 33640: loss 0.6696, time 298.10ms, mfu 1.94%
iter 33641: loss 0.6327, time 378.04ms, mfu 1.93%
iter 33642: loss 0.7013, time 420.77ms, mfu 1.91%
iter 33643: loss 0.6628, time 392.13ms, mfu 1.90%
iter 33644: loss 0.6849, time 336.56ms, mfu 1.92%
iter 33645: loss 0.6605, time 374.79ms, mfu 1.91%
iter 33646: loss 0.7182, time 233.28ms, mfu 2.03%
iter 33647: loss 0.8071, time 285.86ms, mfu 2.07%
iter 33648: loss 0.7588, time 345.42ms, mfu 2.07%
iter 33649: loss 0.8185, time 315.25ms, mfu 2.09%
iter 33650: loss 0.8281, time 334.50ms, mfu 2.09%
iter 33651: loss 0.7247, time 351.92ms, mfu 2.08%
iter 33652: loss 0.6529, time 463.34ms, mfu 2.03%
iter 33653: loss 0.6890, time 290.78ms, mfu 2.07%
iter 33654: loss 0.6948, time 365.09ms, mfu 2.06%
iter 33655: loss 0.7328, time 267.12ms, mfu 2.12%
iter 33656: loss 0.6455, time 308.58ms, mfu 2.13%
iter 33657: loss 0.7731, time 385.39ms, mfu 2.10%
iter 33658: loss 0.7176, time 383.78ms, mfu 2.08%
iter 33659: loss 0.7836, time 323.32ms, mfu 2.09%
iter 33660: loss 0.7330, time 447.22ms, mfu 2.04%
iter 33661: loss 0.7806, time 373.85ms, mfu 2.02%
iter 33662: loss 0.7003, time 506.68ms, mfu 1.96%
iter 33663: loss 0.7312, time 262.27ms, mfu 2.04%
iter 33664: loss 0.7919, time 260.29ms, mfu 2.10%
iter 33665: loss 0.7030, time 371.04ms, mfu 2.09%
iter 33666: loss 0.7669, time 358.75ms, mfu 2.07%
iter 33667: loss 0.8024, time 301.96ms, mfu 2.10%
iter 33668: loss 0.7341, time 374.18ms, mfu 2.08%
iter 33669: loss 0.6900, time 367.81ms, mfu 2.07%
iter 33670: loss 0.7568, time 436.36ms, mfu 2.02%
iter 33671: loss 0.6491, time 418.06ms, mfu 1.99%
iter 33672: loss 0.7387, time 350.51ms, mfu 1.99%
iter 33673: loss 0.7167, time 307.90ms, mfu 2.02%
iter 33674: loss 0.7258, time 341.24ms, mfu 2.03%
iter 33675: loss 0.7335, time 443.60ms, mfu 1.99%
iter 33676: loss 0.7408, time 339.06ms, mfu 2.00%
iter 33677: loss 0.7744, time 326.07ms, mfu 2.01%
iter 33678: loss 0.7992, time 528.71ms, mfu 1.95%
iter 33679: loss 0.7081, time 348.22ms, mfu 1.96%
iter 33680: loss 0.7863, time 412.38ms, mfu 1.93%
iter 33681: loss 0.7244, time 242.06ms, mfu 2.03%
iter 33682: loss 0.7582, time 316.61ms, mfu 2.05%
iter 33683: loss 0.6915, time 453.91ms, mfu 2.00%
iter 33684: loss 0.6819, time 489.10ms, mfu 1.95%
iter 33685: loss 0.8060, time 285.89ms, mfu 2.00%
iter 33686: loss 0.6858, time 265.52ms, mfu 2.07%
iter 33687: loss 0.7516, time 386.92ms, mfu 2.04%
iter 33688: loss 0.7573, time 334.82ms, mfu 2.05%
iter 33689: loss 0.7154, time 317.80ms, mfu 2.07%
iter 33690: loss 0.7132, time 369.65ms, mfu 2.05%
iter 33691: loss 0.6708, time 313.15ms, mfu 2.07%
iter 33692: loss 0.7904, time 383.25ms, mfu 2.05%
iter 33693: loss 0.6545, time 470.02ms, mfu 2.00%
iter 33694: loss 0.6782, time 344.21ms, mfu 2.00%
iter 33695: loss 0.7581, time 477.64ms, mfu 1.95%
iter 33696: loss 0.7751, time 277.73ms, mfu 2.01%
iter 33697: loss 0.7392, time 430.56ms, mfu 1.98%
iter 33698: loss 0.5852, time 381.50ms, mfu 1.96%
iter 33699: loss 0.7202, time 415.34ms, mfu 1.94%
iter 33700: loss 0.7997, time 562.36ms, mfu 1.87%
  === DIAG iter 33700 ===
  loss: 0.7997
  grads: total 1.0000, transformer 0.1458, adapter 0.9893
  <NUM> input tokens: 486/3072 (15.8%)
  lr: base 6.39e-05, adapter 3.19e-05
  SME accuracy: overall 0.436, sign 0.985, exp 0.812, digit 0.242, end 0.819 [d0 0.735 d1 0.353 d2 0.274 d3 0.103 d4 0.127 d5 0.041 d6 0.046 d7 0.153 d8 0.137 d9 0.114 d10 0.172 d11 0.091 d12 0.125 d13 0.154 d14 0.167] (1339 SME tokens)
iter 33701: loss 0.7341, time 227.30ms, mfu 1.99%
iter 33702: loss 0.7010, time 290.01ms, mfu 2.04%
iter 33703: loss 0.8110, time 338.81ms, mfu 2.04%
iter 33704: loss 0.7560, time 456.14ms, mfu 2.00%
iter 33705: loss 0.6741, time 398.42ms, mfu 1.97%
iter 33706: loss 0.7200, time 292.75ms, mfu 2.02%
iter 33707: loss 0.7090, time 406.52ms, mfu 1.99%
iter 33708: loss 0.7236, time 349.95ms, mfu 1.99%
iter 33709: loss 0.7094, time 523.35ms, mfu 1.93%
iter 33710: loss 0.8294, time 430.36ms, mfu 1.90%
iter 33711: loss 0.6698, time 270.00ms, mfu 1.97%
iter 33712: loss 0.7187, time 387.72ms, mfu 1.96%
iter 33713: loss 0.6993, time 276.10ms, mfu 2.02%
iter 33714: loss 0.7288, time 277.41ms, mfu 2.07%
iter 33715: loss 0.7905, time 473.68ms, mfu 2.02%
iter 33716: loss 0.6864, time 325.87ms, mfu 2.03%
iter 33717: loss 0.7569, time 268.46ms, mfu 2.09%
iter 33718: loss 0.6648, time 362.90ms, mfu 2.08%
iter 33719: loss 0.6774, time 328.53ms, mfu 2.09%
iter 33720: loss 0.7783, time 249.84ms, mfu 2.16%
iter 33721: loss 0.8039, time 449.87ms, mfu 2.10%
iter 33722: loss 0.6711, time 470.38ms, mfu 2.04%
iter 33723: loss 0.7480, time 556.22ms, mfu 1.97%
iter 33724: loss 0.6397, time 467.32ms, mfu 1.92%
iter 33725: loss 0.7621, time 300.19ms, mfu 1.97%
iter 33726: loss 0.7066, time 281.37ms, mfu 2.02%
iter 33727: loss 0.6803, time 430.83ms, mfu 1.98%
iter 33728: loss 0.7482, time 431.63ms, mfu 1.95%
iter 33729: loss 0.7017, time 404.16ms, mfu 1.93%
iter 33730: loss 0.7173, time 256.51ms, mfu 2.01%
iter 33731: loss 0.6096, time 323.66ms, mfu 2.03%
iter 33732: loss 0.6610, time 444.13ms, mfu 1.99%
iter 33733: loss 0.7286, time 531.28ms, mfu 1.92%
iter 33734: loss 0.7336, time 391.89ms, mfu 1.91%
iter 33735: loss 0.7798, time 310.83ms, mfu 1.95%
iter 33736: loss 0.5702, time 436.21ms, mfu 1.92%
iter 33737: loss 0.7241, time 278.60ms, mfu 1.98%
iter 33738: loss 0.7487, time 289.03ms, mfu 2.03%
iter 33739: loss 0.6783, time 379.46ms, mfu 2.01%
iter 33740: loss 0.7375, time 320.09ms, mfu 2.03%
iter 33741: loss 0.6898, time 373.15ms, mfu 2.02%
iter 33742: loss 0.6898, time 389.24ms, mfu 2.00%
iter 33743: loss 0.7230, time 326.59ms, mfu 2.01%
iter 33744: loss 0.6628, time 417.69ms, mfu 1.98%
iter 33745: loss 0.7327, time 402.19ms, mfu 1.96%
iter 33746: loss 0.7624, time 377.61ms, mfu 1.95%
iter 33747: loss 0.7338, time 357.75ms, mfu 1.96%
iter 33748: loss 0.7137, time 379.95ms, mfu 1.95%
iter 33749: loss 0.7492, time 295.77ms, mfu 1.99%
iter 33750: loss 0.7237, time 624.56ms, mfu 1.91%
iter 33751: loss 0.7747, time 411.06ms, mfu 1.89%
iter 33752: loss 0.7114, time 401.43ms, mfu 1.88%
iter 33753: loss 0.6938, time 407.51ms, mfu 1.86%
iter 33754: loss 0.7696, time 319.23ms, mfu 1.90%
iter 33755: loss 0.7493, time 363.15ms, mfu 1.90%
iter 33756: loss 0.7209, time 409.51ms, mfu 1.89%
iter 33757: loss 0.7592, time 392.85ms, mfu 1.88%
iter 33758: loss 0.7979, time 404.60ms, mfu 1.86%
iter 33759: loss 0.7317, time 439.09ms, mfu 1.84%
iter 33760: loss 0.7409, time 363.74ms, mfu 1.85%
iter 33761: loss 0.7080, time 327.12ms, mfu 1.88%
iter 33762: loss 0.6296, time 313.50ms, mfu 1.92%
iter 33763: loss 0.5993, time 333.49ms, mfu 1.94%
iter 33764: loss 0.6519, time 485.20ms, mfu 1.89%
iter 33765: loss 0.7145, time 418.31ms, mfu 1.87%
iter 33766: loss 0.7120, time 252.92ms, mfu 1.97%
iter 33767: loss 0.6656, time 456.52ms, mfu 1.92%
iter 33768: loss 0.7082, time 454.19ms, mfu 1.89%
iter 33769: loss 0.6881, time 395.77ms, mfu 1.88%
iter 33770: loss 0.6682, time 331.44ms, mfu 1.90%
iter 33771: loss 0.8217, time 399.06ms, mfu 1.89%
iter 33772: loss 0.6608, time 360.07ms, mfu 1.90%
iter 33773: loss 0.7022, time 404.34ms, mfu 1.88%
iter 33774: loss 0.7913, time 496.15ms, mfu 1.84%
iter 33775: loss 0.5858, time 429.81ms, mfu 1.82%
iter 33776: loss 0.7174, time 340.98ms, mfu 1.85%
iter 33777: loss 0.7642, time 261.29ms, mfu 1.93%
iter 33778: loss 0.6843, time 469.63ms, mfu 1.89%
iter 33779: loss 0.7588, time 318.40ms, mfu 1.92%
iter 33780: loss 0.7595, time 399.23ms, mfu 1.91%
iter 33781: loss 0.6776, time 452.50ms, mfu 1.87%
iter 33782: loss 0.6874, time 285.20ms, mfu 1.94%
iter 33783: loss 0.6753, time 412.90ms, mfu 1.91%
iter 33784: loss 0.6737, time 422.01ms, mfu 1.89%
iter 33785: loss 0.6375, time 486.57ms, mfu 1.85%
iter 33786: loss 0.7111, time 372.71ms, mfu 1.85%
iter 33787: loss 0.7449, time 338.54ms, mfu 1.88%
iter 33788: loss 0.7216, time 370.87ms, mfu 1.88%
iter 33789: loss 0.7695, time 489.63ms, mfu 1.84%
iter 33790: loss 0.6261, time 511.68ms, mfu 1.79%
iter 33791: loss 0.6780, time 507.59ms, mfu 1.75%
iter 33792: loss 0.8317, time 290.06ms, mfu 1.82%
iter 33793: loss 0.7213, time 374.77ms, mfu 1.83%
iter 33794: loss 0.6970, time 357.00ms, mfu 1.84%
iter 33795: loss 0.7381, time 516.57ms, mfu 1.80%
iter 33796: loss 0.7397, time 355.78ms, mfu 1.82%
iter 33797: loss 0.6257, time 370.77ms, mfu 1.83%
iter 33798: loss 0.7099, time 347.97ms, mfu 1.85%
iter 33799: loss 0.7004, time 259.14ms, mfu 1.94%
iter 33800: loss 0.7186, time 539.52ms, mfu 1.87%
  === DIAG iter 33800 ===
  loss: 0.7186
  grads: total 1.0000, transformer 0.1397, adapter 0.9902
  <NUM> input tokens: 436/3072 (14.2%)
  lr: base 6.31e-05, adapter 3.16e-05
  SME accuracy: overall 0.455, sign 0.931, exp 0.922, digit 0.273, end 0.807 [d0 0.876 d1 0.422 d2 0.235 d3 0.100 d4 0.070 d5 0.087 d6 0.121 d7 0.131 d8 0.093 d9 0.156 d10 0.174 d11 0.263 d12 0.118 d13 0.143 d14 0.167] (1169 SME tokens)
iter 33801: loss 0.7496, time 218.70ms, mfu 2.01%
iter 33802: loss 0.7020, time 268.45ms, mfu 2.07%
iter 33803: loss 0.7185, time 321.77ms, mfu 2.09%
iter 33804: loss 0.6952, time 485.20ms, mfu 2.02%
iter 33805: loss 0.7574, time 451.56ms, mfu 1.98%
iter 33806: loss 0.7401, time 417.89ms, mfu 1.95%
iter 33807: loss 0.7757, time 344.37ms, mfu 1.96%
iter 33808: loss 0.6858, time 240.59ms, mfu 2.06%
iter 33809: loss 0.7351, time 310.26ms, mfu 2.08%
iter 33810: loss 0.6571, time 459.22ms, mfu 2.03%
iter 33811: loss 0.7519, time 282.46ms, mfu 2.08%
iter 33812: loss 0.7920, time 338.11ms, mfu 2.08%
iter 33813: loss 0.6759, time 369.74ms, mfu 2.06%
iter 33814: loss 0.6804, time 432.86ms, mfu 2.02%
iter 33815: loss 0.7673, time 400.02ms, mfu 1.99%
iter 33816: loss 0.7351, time 438.49ms, mfu 1.96%
iter 33817: loss 0.7004, time 431.34ms, mfu 1.93%
iter 33818: loss 0.7357, time 437.67ms, mfu 1.89%
iter 33819: loss 0.7279, time 296.53ms, mfu 1.94%
iter 33820: loss 0.7033, time 516.05ms, mfu 1.89%
iter 33821: loss 0.7785, time 333.53ms, mfu 1.91%
iter 33822: loss 0.9478, time 431.36ms, mfu 1.88%
iter 33823: loss 0.7077, time 319.22ms, mfu 1.92%
iter 33824: loss 0.6072, time 375.54ms, mfu 1.91%
iter 33825: loss 0.7446, time 419.28ms, mfu 1.89%
iter 33826: loss 0.6471, time 390.41ms, mfu 1.88%
iter 33827: loss 0.7636, time 437.98ms, mfu 1.86%
iter 33828: loss 0.7967, time 351.51ms, mfu 1.87%
iter 33829: loss 0.7511, time 394.60ms, mfu 1.87%
iter 33830: loss 0.6745, time 296.59ms, mfu 1.92%
iter 33831: loss 0.6155, time 298.24ms, mfu 1.96%
iter 33832: loss 0.7539, time 358.75ms, mfu 1.97%
iter 33833: loss 0.6534, time 425.18ms, mfu 1.94%
iter 33834: loss 0.7631, time 359.33ms, mfu 1.94%
iter 33835: loss 0.7026, time 338.54ms, mfu 1.95%
iter 33836: loss 0.7401, time 282.13ms, mfu 2.01%
iter 33837: loss 0.7270, time 262.25ms, mfu 2.08%
iter 33838: loss 0.7288, time 476.28ms, mfu 2.02%
iter 33839: loss 0.6693, time 296.92ms, mfu 2.06%
iter 33840: loss 0.6808, time 419.68ms, mfu 2.02%
iter 33841: loss 0.7354, time 379.66ms, mfu 2.00%
iter 33842: loss 0.7988, time 481.82ms, mfu 1.95%
iter 33843: loss 0.7608, time 332.89ms, mfu 1.97%
iter 33844: loss 0.6596, time 415.14ms, mfu 1.94%
iter 33845: loss 0.7145, time 291.46ms, mfu 1.99%
iter 33846: loss 0.6554, time 371.98ms, mfu 1.98%
iter 33847: loss 0.7384, time 421.49ms, mfu 1.95%
iter 33848: loss 0.6560, time 338.29ms, mfu 1.97%
iter 33849: loss 0.6955, time 501.56ms, mfu 1.91%
iter 33850: loss 0.6802, time 336.66ms, mfu 1.93%
iter 33851: loss 0.6838, time 307.00ms, mfu 1.97%
iter 33852: loss 0.7193, time 304.42ms, mfu 2.00%
iter 33853: loss 0.8074, time 401.00ms, mfu 1.98%
iter 33854: loss 0.6890, time 337.61ms, mfu 1.99%
iter 33855: loss 0.7007, time 320.53ms, mfu 2.01%
iter 33856: loss 0.7459, time 447.79ms, mfu 1.97%
iter 33857: loss 0.6945, time 350.37ms, mfu 1.98%
iter 33858: loss 0.7974, time 444.66ms, mfu 1.94%
iter 33859: loss 0.7310, time 442.48ms, mfu 1.90%
iter 33860: loss 0.7286, time 317.65ms, mfu 1.94%
iter 33861: loss 0.6873, time 370.86ms, mfu 1.93%
iter 33862: loss 0.6316, time 388.12ms, mfu 1.92%
iter 33863: loss 0.6461, time 398.03ms, mfu 1.91%
iter 33864: loss 0.6916, time 282.78ms, mfu 1.97%
iter 33865: loss 0.7105, time 336.01ms, mfu 1.98%
iter 33866: loss 0.7634, time 429.48ms, mfu 1.95%
iter 33867: loss 0.6478, time 326.88ms, mfu 1.97%
iter 33868: loss 0.7799, time 475.72ms, mfu 1.92%
iter 33869: loss 0.7482, time 319.88ms, mfu 1.95%
iter 33870: loss 0.6563, time 502.04ms, mfu 1.90%
iter 33871: loss 0.7463, time 290.95ms, mfu 1.95%
iter 33872: loss 0.7528, time 364.51ms, mfu 1.95%
iter 33873: loss 0.7151, time 364.64ms, mfu 1.95%
iter 33874: loss 0.6778, time 367.68ms, mfu 1.95%
iter 33875: loss 0.7339, time 441.37ms, mfu 1.91%
iter 33876: loss 0.6840, time 445.03ms, mfu 1.88%
iter 33877: loss 0.8102, time 432.97ms, mfu 1.86%
iter 33878: loss 0.7357, time 321.43ms, mfu 1.89%
iter 33879: loss 0.6210, time 534.37ms, mfu 1.84%
iter 33880: loss 0.7716, time 307.76ms, mfu 1.88%
iter 33881: loss 0.7554, time 452.18ms, mfu 1.85%
iter 33882: loss 0.6639, time 462.00ms, mfu 1.82%
iter 33883: loss 0.7288, time 330.09ms, mfu 1.85%
iter 33884: loss 0.7368, time 336.45ms, mfu 1.88%
iter 33885: loss 0.7220, time 372.38ms, mfu 1.88%
iter 33886: loss 0.7249, time 341.08ms, mfu 1.90%
iter 33887: loss 0.6882, time 454.28ms, mfu 1.87%
iter 33888: loss 0.7352, time 316.46ms, mfu 1.90%
iter 33889: loss 0.7199, time 460.08ms, mfu 1.87%
iter 33890: loss 0.6217, time 306.86ms, mfu 1.91%
iter 33891: loss 0.6638, time 393.63ms, mfu 1.90%
iter 33892: loss 0.6989, time 465.10ms, mfu 1.86%
iter 33893: loss 0.7445, time 263.89ms, mfu 1.94%
iter 33894: loss 0.6661, time 240.73ms, mfu 2.04%
iter 33895: loss 0.6851, time 388.13ms, mfu 2.02%
iter 33896: loss 0.7660, time 305.70ms, mfu 2.05%
iter 33897: loss 0.6909, time 435.98ms, mfu 2.01%
iter 33898: loss 0.8090, time 340.21ms, mfu 2.02%
iter 33899: loss 0.6945, time 389.96ms, mfu 2.00%
iter 33900: loss 0.6790, time 702.89ms, mfu 1.90%
  === DIAG iter 33900 ===
  loss: 0.6790
  grads: total 1.0000, transformer 0.1530, adapter 0.9882
  <NUM> input tokens: 525/3072 (17.1%)
  lr: base 6.24e-05, adapter 3.12e-05
  SME accuracy: overall 0.477, sign 0.980, exp 0.959, digit 0.300, end 0.888 [d0 0.798 d1 0.514 d2 0.309 d3 0.172 d4 0.159 d5 0.180 d6 0.158 d7 0.137 d8 0.188 d9 0.200 d10 0.242 d11 0.345 d12 0.231 d13 0.217 d14 0.000] (1065 SME tokens)
iter 33901: loss 0.7000, time 246.53ms, mfu 2.00%
iter 33902: loss 0.6832, time 370.46ms, mfu 1.99%
iter 33903: loss 0.7513, time 508.75ms, mfu 1.93%
iter 33904: loss 0.7288, time 297.00ms, mfu 1.97%
iter 33905: loss 0.6788, time 315.33ms, mfu 2.00%
iter 33906: loss 0.7818, time 359.83ms, mfu 2.00%
iter 33907: loss 0.6673, time 425.22ms, mfu 1.96%
iter 33908: loss 0.7370, time 304.74ms, mfu 2.00%
iter 33909: loss 0.7717, time 519.87ms, mfu 1.94%
iter 33910: loss 0.7026, time 301.66ms, mfu 1.98%
iter 33911: loss 0.6973, time 426.62ms, mfu 1.95%
iter 33912: loss 0.7031, time 273.04ms, mfu 2.01%
iter 33913: loss 0.7631, time 544.24ms, mfu 1.94%
iter 33914: loss 0.6872, time 457.71ms, mfu 1.90%
iter 33915: loss 0.6838, time 454.40ms, mfu 1.87%
iter 33916: loss 0.6860, time 586.18ms, mfu 1.80%
iter 33917: loss 0.6709, time 472.80ms, mfu 1.77%
iter 33918: loss 0.6864, time 354.86ms, mfu 1.79%
iter 33919: loss 0.7101, time 495.91ms, mfu 1.76%
iter 33920: loss 0.6549, time 364.31ms, mfu 1.78%
iter 33921: loss 0.6462, time 441.67ms, mfu 1.76%
iter 33922: loss 0.6862, time 564.89ms, mfu 1.71%
iter 33923: loss 0.7242, time 361.29ms, mfu 1.73%
iter 33924: loss 0.7203, time 306.43ms, mfu 1.79%
iter 33925: loss 0.6669, time 447.53ms, mfu 1.77%
iter 33926: loss 0.7609, time 476.21ms, mfu 1.74%
iter 33927: loss 0.6808, time 328.92ms, mfu 1.78%
iter 33928: loss 0.6247, time 331.47ms, mfu 1.82%
iter 33929: loss 0.7485, time 390.79ms, mfu 1.82%
iter 33930: loss 0.6862, time 335.57ms, mfu 1.85%
iter 33931: loss 0.7463, time 488.33ms, mfu 1.81%
iter 33932: loss 0.6191, time 266.53ms, mfu 1.89%
iter 33933: loss 0.7263, time 426.73ms, mfu 1.87%
iter 33934: loss 0.6828, time 286.73ms, mfu 1.93%
iter 33935: loss 0.6572, time 357.24ms, mfu 1.94%
iter 33936: loss 0.6545, time 633.46ms, mfu 1.85%
iter 33937: loss 0.6766, time 370.99ms, mfu 1.86%
iter 33938: loss 0.7145, time 321.30ms, mfu 1.89%
iter 33939: loss 0.6938, time 510.02ms, mfu 1.84%
iter 33940: loss 0.6812, time 293.66ms, mfu 1.90%
iter 33941: loss 0.6311, time 267.46ms, mfu 1.98%
iter 33942: loss 0.7580, time 574.56ms, mfu 1.90%
iter 33943: loss 0.7141, time 295.07ms, mfu 1.95%
iter 33944: loss 0.7850, time 344.68ms, mfu 1.96%
iter 33945: loss 0.7376, time 592.15ms, mfu 1.89%
iter 33946: loss 0.6717, time 287.32ms, mfu 1.94%
iter 33947: loss 0.7159, time 593.10ms, mfu 1.87%
iter 33948: loss 0.6800, time 342.48ms, mfu 1.89%
iter 33949: loss 0.6843, time 462.98ms, mfu 1.85%
iter 33950: loss 0.7109, time 439.15ms, mfu 1.83%
iter 33951: loss 0.7563, time 461.25ms, mfu 1.80%
iter 33952: loss 0.6148, time 369.83ms, mfu 1.81%
iter 33953: loss 0.6600, time 416.17ms, mfu 1.80%
iter 33954: loss 0.7031, time 328.99ms, mfu 1.84%
iter 33955: loss 0.7058, time 455.65ms, mfu 1.81%
iter 33956: loss 0.7154, time 377.04ms, mfu 1.82%
iter 33957: loss 0.6795, time 427.86ms, mfu 1.80%
iter 33958: loss 0.7092, time 449.20ms, mfu 1.78%
iter 33959: loss 0.7390, time 398.33ms, mfu 1.78%
iter 33960: loss 0.6910, time 346.53ms, mfu 1.80%
iter 33961: loss 0.7260, time 439.43ms, mfu 1.78%
iter 33962: loss 0.6314, time 240.70ms, mfu 1.90%
iter 33963: loss 0.7719, time 547.78ms, mfu 1.84%
iter 33964: loss 0.7234, time 379.90ms, mfu 1.84%
iter 33965: loss 0.5962, time 385.61ms, mfu 1.84%
iter 33966: loss 0.7432, time 352.91ms, mfu 1.86%
iter 33967: loss 0.7028, time 381.53ms, mfu 1.86%
iter 33968: loss 0.6552, time 299.28ms, mfu 1.91%
iter 33969: loss 0.7597, time 451.33ms, mfu 1.88%
iter 33970: loss 0.7534, time 266.76ms, mfu 1.95%
iter 33971: loss 0.7352, time 366.40ms, mfu 1.95%
iter 33972: loss 0.7477, time 411.02ms, mfu 1.93%
iter 33973: loss 0.7702, time 298.48ms, mfu 1.97%
iter 33974: loss 0.7439, time 531.66ms, mfu 1.91%
iter 33975: loss 0.6710, time 294.47ms, mfu 1.96%
iter 33976: loss 0.7871, time 273.36ms, mfu 2.02%
iter 33977: loss 0.7660, time 547.03ms, mfu 1.95%
iter 33978: loss 0.6908, time 233.09ms, mfu 2.06%
iter 33979: loss 0.6662, time 358.92ms, mfu 2.05%
iter 33980: loss 0.6892, time 416.42ms, mfu 2.02%
iter 33981: loss 0.7501, time 335.92ms, mfu 2.03%
iter 33982: loss 0.6817, time 359.49ms, mfu 2.02%
iter 33983: loss 0.7651, time 343.65ms, mfu 2.02%
iter 33984: loss 0.7454, time 297.13ms, mfu 2.06%
iter 33985: loss 0.7084, time 531.49ms, mfu 1.99%
iter 33986: loss 0.6456, time 296.03ms, mfu 2.03%
iter 33987: loss 0.6900, time 486.17ms, mfu 1.97%
iter 33988: loss 0.6932, time 270.58ms, mfu 2.04%
iter 33989: loss 0.7258, time 335.15ms, mfu 2.04%
iter 33990: loss 0.7850, time 478.80ms, mfu 1.99%
iter 33991: loss 0.7172, time 391.30ms, mfu 1.97%
iter 33992: loss 0.6557, time 384.29ms, mfu 1.96%
iter 33993: loss 0.7620, time 224.46ms, mfu 2.08%
iter 33994: loss 0.6732, time 375.88ms, mfu 2.06%
iter 33995: loss 0.7629, time 241.96ms, mfu 2.15%
iter 33996: loss 0.7217, time 496.27ms, mfu 2.07%
iter 33997: loss 0.7654, time 375.48ms, mfu 2.05%
iter 33998: loss 0.6415, time 430.61ms, mfu 2.01%
iter 33999: loss 0.7475, time 369.10ms, mfu 2.00%
iter 34000: loss 0.7772, time 548.06ms, mfu 1.93%
  === DIAG iter 34000 ===
  loss: 0.7772
  grads: total 1.0000, transformer 0.1513, adapter 0.9885
  <NUM> input tokens: 480/3072 (15.6%)
  lr: base 6.17e-05, adapter 3.08e-05
  SME accuracy: overall 0.405, sign 0.929, exp 0.902, digit 0.219, end 0.891 [d0 0.804 d1 0.310 d2 0.212 d3 0.086 d4 0.026 d5 0.113 d6 0.076 d7 0.062 d8 0.071 d9 0.077 d10 0.129 d11 0.308 d12 0.318 d13 0.200 d14 0.071] (1238 SME tokens)
  --- Sample eval (val) ---
  D1D9D4D2END
    target: -1.346e+08 -9 -8.964e-06 0.0006296 0.07439 48.77 1e+09
    pred:   INVALID(unparseable) -1e+07 0.1211 4.134 3.1e+08 1e+08 1e+08
    error:  N/A 9999991.00 0.12 4.13 309999999.93 99999951.23 900000000.00

  SORT: <0> <0> →
    target: 0 0
    pred:   0 0
    error:  0.00 0.00

  
    target: 9.319 3.46e+08
    pred:   INVALID(unparseable) INVALID(unparseable)

  SUB: <2.34798e+08> - <-6.09196e+08> →
    target: 8.44e+08
    pred:   8.544e+08
    error:  10440516.00

  <0.00942589> <14000> <9.66e-06> <1.84078e+08> <3670> <-8.49191e+08> <0.0564752> <8.5e+06> →
    target: 1.841e+08
    pred:   INVALID(unparseable)

iter 34001: loss 0.6403, time 310.01ms, mfu 1.97%
iter 34002: loss 0.6340, time 343.36ms, mfu 1.98%
iter 34003: loss 0.6817, time 351.76ms, mfu 1.98%
iter 34004: loss 0.7407, time 461.62ms, mfu 1.94%
iter 34005: loss 0.7670, time 330.66ms, mfu 1.96%
iter 34006: loss 0.7069, time 323.75ms, mfu 1.98%
iter 34007: loss 0.6665, time 299.70ms, mfu 2.02%
iter 34008: loss 0.6882, time 477.44ms, mfu 1.97%
iter 34009: loss 0.7652, time 433.93ms, mfu 1.93%
iter 34010: loss 0.6766, time 318.98ms, mfu 1.96%
iter 34011: loss 0.7250, time 518.40ms, mfu 1.90%
iter 34012: loss 0.7904, time 322.37ms, mfu 1.93%
iter 34013: loss 0.6369, time 378.62ms, mfu 1.93%
iter 34014: loss 0.6517, time 299.27ms, mfu 1.97%
iter 34015: loss 0.7449, time 393.30ms, mfu 1.95%
iter 34016: loss 0.6849, time 369.32ms, mfu 1.95%
iter 34017: loss 0.7155, time 517.41ms, mfu 1.89%
iter 34018: loss 0.6739, time 442.31ms, mfu 1.86%
iter 34019: loss 0.6742, time 277.41ms, mfu 1.93%
iter 34020: loss 0.7042, time 389.05ms, mfu 1.92%
iter 34021: loss 0.7135, time 332.14ms, mfu 1.94%
iter 34022: loss 0.6690, time 519.67ms, mfu 1.88%
iter 34023: loss 0.7521, time 230.67ms, mfu 2.00%
iter 34024: loss 0.6897, time 308.94ms, mfu 2.03%
iter 34025: loss 0.7110, time 350.91ms, mfu 2.03%
iter 34026: loss 0.6769, time 346.67ms, mfu 2.03%
iter 34027: loss 0.6490, time 397.20ms, mfu 2.01%
iter 34028: loss 0.7481, time 401.77ms, mfu 1.98%
iter 34029: loss 0.7565, time 316.24ms, mfu 2.01%
iter 34030: loss 0.7080, time 382.79ms, mfu 1.99%
iter 34031: loss 0.7140, time 334.01ms, mfu 2.01%
iter 34032: loss 0.7525, time 414.41ms, mfu 1.98%
iter 34033: loss 0.7004, time 548.68ms, mfu 1.91%
iter 34034: loss 0.7567, time 413.05ms, mfu 1.89%
iter 34035: loss 0.7405, time 404.04ms, mfu 1.88%
iter 34036: loss 0.7236, time 337.19ms, mfu 1.90%
iter 34037: loss 0.6874, time 356.95ms, mfu 1.91%
iter 34038: loss 0.6944, time 337.75ms, mfu 1.93%
iter 34039: loss 0.6782, time 400.17ms, mfu 1.91%
iter 34040: loss 0.7104, time 375.13ms, mfu 1.91%
iter 34041: loss 0.6731, time 402.62ms, mfu 1.89%
iter 34042: loss 0.7682, time 456.05ms, mfu 1.86%
iter 34043: loss 0.7539, time 507.30ms, mfu 1.81%
iter 34044: loss 0.7712, time 260.09ms, mfu 1.90%
iter 34045: loss 0.7282, time 262.70ms, mfu 1.98%
iter 34046: loss 0.7243, time 362.49ms, mfu 1.98%
iter 34047: loss 0.7575, time 321.82ms, mfu 2.00%
iter 34048: loss 0.7288, time 282.47ms, mfu 2.05%
iter 34049: loss 0.7511, time 416.56ms, mfu 2.02%
iter 34050: loss 0.7251, time 342.05ms, mfu 2.02%
iter 34051: loss 0.7243, time 333.07ms, mfu 2.03%
iter 34052: loss 0.7011, time 353.86ms, mfu 2.03%
iter 34053: loss 0.7877, time 424.18ms, mfu 2.00%
iter 34054: loss 0.7654, time 322.03ms, mfu 2.02%
iter 34055: loss 0.7178, time 393.91ms, mfu 1.99%
iter 34056: loss 0.6088, time 389.82ms, mfu 1.98%
iter 34057: loss 0.7230, time 420.53ms, mfu 1.95%
iter 34058: loss 0.6814, time 387.66ms, mfu 1.94%
iter 34059: loss 0.7513, time 511.86ms, mfu 1.88%
iter 34060: loss 0.6641, time 436.51ms, mfu 1.85%
iter 34061: loss 0.7271, time 289.74ms, mfu 1.91%
iter 34062: loss 0.7164, time 300.15ms, mfu 1.96%
iter 34063: loss 0.6643, time 277.45ms, mfu 2.02%
iter 34064: loss 0.7342, time 336.32ms, mfu 2.03%
iter 34065: loss 0.6648, time 353.82ms, mfu 2.02%
iter 34066: loss 0.7583, time 320.71ms, mfu 2.04%
iter 34067: loss 0.7111, time 468.13ms, mfu 1.99%
iter 34068: loss 0.6910, time 343.00ms, mfu 2.00%
iter 34069: loss 0.7679, time 444.06ms, mfu 1.96%
iter 34070: loss 0.7226, time 332.45ms, mfu 1.98%
iter 34071: loss 0.6554, time 438.21ms, mfu 1.94%
iter 34072: loss 0.6932, time 441.52ms, mfu 1.91%
iter 34073: loss 0.7330, time 253.89ms, mfu 1.99%
iter 34074: loss 0.7365, time 255.83ms, mfu 2.07%
iter 34075: loss 0.6623, time 272.26ms, mfu 2.13%
iter 34076: loss 0.6653, time 439.60ms, mfu 2.07%
iter 34077: loss 0.6696, time 341.60ms, mfu 2.07%
iter 34078: loss 0.7181, time 371.53ms, mfu 2.06%
iter 34079: loss 0.7206, time 365.62ms, mfu 2.05%
iter 34080: loss 0.6667, time 424.14ms, mfu 2.01%
iter 34081: loss 0.6858, time 322.60ms, mfu 2.03%
iter 34082: loss 0.6626, time 287.93ms, mfu 2.07%
iter 34083: loss 0.7356, time 365.73ms, mfu 2.06%
iter 34084: loss 0.7413, time 316.39ms, mfu 2.08%
iter 34085: loss 0.6555, time 512.16ms, mfu 2.01%
iter 34086: loss 0.6749, time 442.55ms, mfu 1.97%
iter 34087: loss 0.6055, time 377.71ms, mfu 1.96%
iter 34088: loss 0.7259, time 371.89ms, mfu 1.95%
iter 34089: loss 0.6967, time 432.94ms, mfu 1.92%
iter 34090: loss 0.6209, time 374.23ms, mfu 1.92%
iter 34091: loss 0.7828, time 360.93ms, mfu 1.92%
iter 34092: loss 0.7122, time 501.57ms, mfu 1.87%
iter 34093: loss 0.6793, time 300.61ms, mfu 1.92%
iter 34094: loss 0.6845, time 379.59ms, mfu 1.91%
iter 34095: loss 0.7143, time 301.73ms, mfu 1.96%
iter 34096: loss 0.6680, time 522.72ms, mfu 1.90%
iter 34097: loss 0.6719, time 354.50ms, mfu 1.91%
iter 34098: loss 0.6669, time 439.48ms, mfu 1.88%
iter 34099: loss 0.6336, time 328.36ms, mfu 1.91%
iter 34100: loss 0.6263, time 518.46ms, mfu 1.85%
  === DIAG iter 34100 ===
  loss: 0.6263
  grads: total 1.0000, transformer 0.1511, adapter 0.9885
  <NUM> input tokens: 446/3072 (14.5%)
  lr: base 6.10e-05, adapter 3.05e-05
  SME accuracy: overall 0.491, sign 0.990, exp 0.981, digit 0.299, end 0.838 [d0 0.940 d1 0.386 d2 0.348 d3 0.172 d4 0.167 d5 0.125 d6 0.130 d7 0.167 d8 0.087 d9 0.091 d10 0.185 d11 0.091 d12 0.188 d13 0.083 d14 0.143] (1042 SME tokens)
iter 34101: loss 0.6835, time 242.29ms, mfu 1.96%
iter 34102: loss 0.6936, time 285.84ms, mfu 2.01%
iter 34103: loss 0.6563, time 321.62ms, mfu 2.03%
iter 34104: loss 0.7555, time 447.75ms, mfu 1.99%
iter 34105: loss 0.7277, time 215.68ms, mfu 2.12%
iter 34106: loss 0.5806, time 391.13ms, mfu 2.09%
iter 34107: loss 0.6311, time 391.91ms, mfu 2.06%
iter 34108: loss 0.6499, time 442.82ms, mfu 2.01%
iter 34109: loss 0.6984, time 371.02ms, mfu 2.00%
iter 34110: loss 0.6522, time 345.14ms, mfu 2.01%
iter 34111: loss 0.7303, time 409.92ms, mfu 1.98%
iter 34112: loss 0.7687, time 298.71ms, mfu 2.02%
iter 34113: loss 0.6889, time 402.50ms, mfu 1.99%
iter 34114: loss 0.7399, time 367.19ms, mfu 1.99%
iter 34115: loss 0.6788, time 442.85ms, mfu 1.95%
iter 34116: loss 0.6995, time 340.21ms, mfu 1.96%
iter 34117: loss 0.7219, time 466.89ms, mfu 1.92%
iter 34118: loss 0.6945, time 466.76ms, mfu 1.88%
iter 34119: loss 0.7338, time 352.65ms, mfu 1.89%
iter 34120: loss 0.6567, time 292.40ms, mfu 1.94%
iter 34121: loss 0.6927, time 383.81ms, mfu 1.93%
iter 34122: loss 0.6822, time 510.38ms, mfu 1.88%
iter 34123: loss 0.7043, time 457.96ms, mfu 1.85%
iter 34124: loss 0.6609, time 305.74ms, mfu 1.89%
iter 34125: loss 0.7973, time 376.97ms, mfu 1.89%
iter 34126: loss 0.7359, time 511.53ms, mfu 1.84%
iter 34127: loss 0.6927, time 364.51ms, mfu 1.85%
iter 34128: loss 0.7189, time 301.52ms, mfu 1.90%
iter 34129: loss 0.7385, time 349.30ms, mfu 1.91%
iter 34130: loss 0.7792, time 415.70ms, mfu 1.89%
iter 34131: loss 0.7057, time 292.13ms, mfu 1.95%
iter 34132: loss 0.7728, time 437.40ms, mfu 1.91%
iter 34133: loss 0.6954, time 411.40ms, mfu 1.89%
iter 34134: loss 0.6257, time 297.63ms, mfu 1.94%
iter 34135: loss 0.6464, time 445.07ms, mfu 1.91%
iter 34136: loss 0.7038, time 532.05ms, mfu 1.85%
iter 34137: loss 0.6900, time 341.26ms, mfu 1.87%
iter 34138: loss 0.7537, time 348.81ms, mfu 1.89%
iter 34139: loss 0.6928, time 357.85ms, mfu 1.90%
iter 34140: loss 0.7421, time 402.49ms, mfu 1.88%
iter 34141: loss 0.7181, time 416.06ms, mfu 1.87%
iter 34142: loss 0.7382, time 328.41ms, mfu 1.90%
iter 34143: loss 0.7660, time 410.21ms, mfu 1.88%
iter 34144: loss 0.7132, time 285.47ms, mfu 1.94%
iter 34145: loss 0.7132, time 383.93ms, mfu 1.93%
iter 34146: loss 0.7220, time 361.99ms, mfu 1.93%
iter 34147: loss 0.7787, time 517.63ms, mfu 1.88%
iter 34148: loss 0.6991, time 223.94ms, mfu 2.01%
iter 34149: loss 0.7246, time 389.62ms, mfu 1.99%
iter 34150: loss 0.7195, time 464.64ms, mfu 1.94%
iter 34151: loss 0.6028, time 673.41ms, mfu 1.85%
iter 34152: loss 0.7818, time 230.24ms, mfu 1.97%
iter 34153: loss 0.7528, time 418.00ms, mfu 1.95%
iter 34154: loss 0.7247, time 345.99ms, mfu 1.96%
iter 34155: loss 0.7819, time 282.60ms, mfu 2.01%
iter 34156: loss 0.6911, time 511.88ms, mfu 1.95%
iter 34157: loss 0.8652, time 293.54ms, mfu 2.00%
iter 34158: loss 0.7041, time 388.95ms, mfu 1.98%
iter 34159: loss 0.7139, time 317.39ms, mfu 2.00%
iter 34160: loss 0.7528, time 427.52ms, mfu 1.97%
iter 34161: loss 0.7046, time 469.05ms, mfu 1.92%
iter 34162: loss 0.6213, time 321.39ms, mfu 1.95%
iter 34163: loss 0.6651, time 292.29ms, mfu 2.00%
iter 34164: loss 0.8008, time 302.45ms, mfu 2.03%
iter 34165: loss 0.6819, time 460.61ms, mfu 1.98%
iter 34166: loss 0.8132, time 511.53ms, mfu 1.92%
iter 34167: loss 0.7186, time 363.72ms, mfu 1.93%
iter 34168: loss 0.6366, time 336.35ms, mfu 1.94%
iter 34169: loss 0.7384, time 377.74ms, mfu 1.94%
iter 34170: loss 0.7610, time 496.23ms, mfu 1.89%
iter 34171: loss 0.6691, time 385.22ms, mfu 1.88%
iter 34172: loss 0.6638, time 368.81ms, mfu 1.89%
iter 34173: loss 0.7581, time 303.31ms, mfu 1.93%
iter 34174: loss 0.6935, time 345.07ms, mfu 1.94%
iter 34175: loss 0.6865, time 320.73ms, mfu 1.97%
iter 34176: loss 0.6605, time 457.39ms, mfu 1.93%
iter 34177: loss 0.6973, time 360.69ms, mfu 1.93%
iter 34178: loss 0.7162, time 408.35ms, mfu 1.91%
iter 34179: loss 0.6158, time 546.35ms, mfu 1.85%
iter 34180: loss 0.7319, time 338.54ms, mfu 1.87%
iter 34181: loss 0.5866, time 352.55ms, mfu 1.89%
iter 34182: loss 0.5772, time 357.90ms, mfu 1.90%
iter 34183: loss 0.6992, time 451.44ms, mfu 1.86%
iter 34184: loss 0.6392, time 485.86ms, mfu 1.82%
iter 34185: loss 0.7503, time 319.68ms, mfu 1.86%
iter 34186: loss 0.7286, time 316.19ms, mfu 1.90%
iter 34187: loss 0.7229, time 408.11ms, mfu 1.88%
iter 34188: loss 0.6545, time 491.44ms, mfu 1.84%
iter 34189: loss 0.7762, time 430.35ms, mfu 1.82%
iter 34190: loss 0.6326, time 496.85ms, mfu 1.78%
iter 34191: loss 0.6427, time 280.07ms, mfu 1.86%
iter 34192: loss 0.6767, time 515.30ms, mfu 1.81%
iter 34193: loss 0.5680, time 396.53ms, mfu 1.81%
iter 34194: loss 0.6374, time 335.63ms, mfu 1.84%
iter 34195: loss 0.8001, time 316.60ms, mfu 1.88%
iter 34196: loss 0.7537, time 433.56ms, mfu 1.85%
iter 34197: loss 0.6882, time 580.75ms, mfu 1.79%
iter 34198: loss 0.6755, time 424.22ms, mfu 1.78%
iter 34199: loss 0.7877, time 522.87ms, mfu 1.74%
iter 34200: loss 0.7059, time 682.55ms, mfu 1.67%
  === DIAG iter 34200 ===
  loss: 0.7059
  grads: total 1.0000, transformer 0.1308, adapter 0.9914
  <NUM> input tokens: 516/3072 (16.8%)
  lr: base 6.03e-05, adapter 3.01e-05
  SME accuracy: overall 0.475, sign 0.968, exp 0.937, digit 0.275, end 0.864 [d0 0.862 d1 0.374 d2 0.274 d3 0.051 d4 0.176 d5 0.097 d6 0.057 d7 0.119 d8 0.082 d9 0.167 d10 0.222 d11 0.200 d12 0.190 d13 0.267 d14 0.200] (1212 SME tokens)
iter 34201: loss 0.6985, time 243.98ms, mfu 1.79%
iter 34202: loss 0.7081, time 277.60ms, mfu 1.87%
iter 34203: loss 0.6932, time 274.33ms, mfu 1.94%
iter 34204: loss 0.6148, time 497.33ms, mfu 1.89%
iter 34205: loss 0.7118, time 375.84ms, mfu 1.89%
iter 34206: loss 0.7134, time 241.79ms, mfu 1.99%
iter 34207: loss 0.7539, time 384.88ms, mfu 1.98%
iter 34208: loss 0.5598, time 386.97ms, mfu 1.96%
iter 34209: loss 0.7141, time 456.73ms, mfu 1.92%
iter 34210: loss 0.7412, time 312.99ms, mfu 1.95%
iter 34211: loss 0.7683, time 272.01ms, mfu 2.02%
iter 34212: loss 0.7170, time 384.80ms, mfu 2.00%
iter 34213: loss 0.7342, time 469.25ms, mfu 1.95%
iter 34214: loss 0.6917, time 397.69ms, mfu 1.94%
iter 34215: loss 0.6619, time 374.38ms, mfu 1.93%
iter 34216: loss 0.7689, time 371.65ms, mfu 1.93%
iter 34217: loss 0.7202, time 460.96ms, mfu 1.89%
iter 34218: loss 0.6281, time 378.43ms, mfu 1.89%
iter 34219: loss 0.7324, time 339.60ms, mfu 1.91%
iter 34220: loss 0.6916, time 497.20ms, mfu 1.86%
iter 34221: loss 0.6391, time 380.29ms, mfu 1.86%
iter 34222: loss 0.7198, time 320.00ms, mfu 1.90%
iter 34223: loss 0.7520, time 379.90ms, mfu 1.89%
iter 34224: loss 0.7521, time 254.53ms, mfu 1.98%
iter 34225: loss 0.6595, time 255.72ms, mfu 2.06%
iter 34226: loss 0.7155, time 402.10ms, mfu 2.03%
iter 34227: loss 0.7328, time 273.05ms, mfu 2.09%
iter 34228: loss 0.7250, time 479.23ms, mfu 2.03%
iter 34229: loss 0.7817, time 329.50ms, mfu 2.04%
iter 34230: loss 0.7259, time 380.89ms, mfu 2.02%
iter 34231: loss 0.7160, time 380.50ms, mfu 2.01%
iter 34232: loss 0.8099, time 547.02ms, mfu 1.93%
iter 34233: loss 0.6885, time 387.15ms, mfu 1.92%
iter 34234: loss 0.7670, time 508.08ms, mfu 1.87%
iter 34235: loss 0.6263, time 261.94ms, mfu 1.95%
iter 34236: loss 0.7519, time 392.93ms, mfu 1.94%
iter 34237: loss 0.6521, time 450.20ms, mfu 1.90%
iter 34238: loss 0.6561, time 299.24ms, mfu 1.95%
iter 34239: loss 0.7099, time 507.49ms, mfu 1.89%
iter 34240: loss 0.5709, time 326.56ms, mfu 1.92%
iter 34241: loss 0.7368, time 356.25ms, mfu 1.93%
iter 34242: loss 0.7338, time 378.00ms, mfu 1.92%
iter 34243: loss 0.7503, time 417.11ms, mfu 1.90%
iter 34244: loss 0.7341, time 344.37ms, mfu 1.92%
iter 34245: loss 0.7348, time 419.81ms, mfu 1.89%
iter 34246: loss 0.6457, time 413.00ms, mfu 1.88%
iter 34247: loss 0.7306, time 359.95ms, mfu 1.89%
iter 34248: loss 0.7074, time 427.79ms, mfu 1.86%
iter 34249: loss 0.7254, time 418.89ms, mfu 1.85%
iter 34250: loss 0.7487, time 448.09ms, mfu 1.82%
iter 34251: loss 0.7766, time 344.05ms, mfu 1.84%
iter 34252: loss 0.6672, time 244.87ms, mfu 1.95%
iter 34253: loss 0.8204, time 333.86ms, mfu 1.97%
iter 34254: loss 0.6321, time 468.05ms, mfu 1.92%
iter 34255: loss 0.6365, time 339.50ms, mfu 1.94%
iter 34256: loss 0.7469, time 375.24ms, mfu 1.93%
iter 34257: loss 0.7695, time 443.40ms, mfu 1.90%
iter 34258: loss 0.6397, time 315.01ms, mfu 1.93%
iter 34259: loss 0.6507, time 448.67ms, mfu 1.90%
iter 34260: loss 0.7356, time 210.02ms, mfu 2.05%
iter 34261: loss 0.7433, time 445.93ms, mfu 2.00%
iter 34262: loss 0.7015, time 267.86ms, mfu 2.07%
iter 34263: loss 0.7426, time 326.79ms, mfu 2.08%
iter 34264: loss 0.7265, time 219.51ms, mfu 2.19%
iter 34265: loss 0.7037, time 471.75ms, mfu 2.12%
iter 34266: loss 0.6504, time 525.20ms, mfu 2.04%
iter 34267: loss 0.7118, time 299.38ms, mfu 2.08%
iter 34268: loss 0.6379, time 357.07ms, mfu 2.07%
iter 34269: loss 0.6690, time 246.48ms, mfu 2.15%
iter 34270: loss 0.6677, time 447.88ms, mfu 2.09%
iter 34271: loss 0.8307, time 425.13ms, mfu 2.05%
iter 34272: loss 0.6429, time 359.60ms, mfu 2.04%
iter 34273: loss 0.7125, time 445.41ms, mfu 2.00%
iter 34274: loss 0.7019, time 369.63ms, mfu 1.99%
iter 34275: loss 0.7663, time 376.33ms, mfu 1.98%
iter 34276: loss 0.6949, time 554.54ms, mfu 1.91%
iter 34277: loss 0.7342, time 309.47ms, mfu 1.95%
iter 34278: loss 0.7440, time 362.39ms, mfu 1.95%
iter 34279: loss 0.7937, time 251.70ms, mfu 2.03%
iter 34280: loss 0.7932, time 401.64ms, mfu 2.01%
iter 34281: loss 0.7189, time 344.17ms, mfu 2.01%
iter 34282: loss 0.7159, time 300.45ms, mfu 2.05%
iter 34283: loss 0.6978, time 352.68ms, mfu 2.04%
iter 34284: loss 0.7009, time 401.33ms, mfu 2.02%
iter 34285: loss 0.7725, time 464.58ms, mfu 1.97%
iter 34286: loss 0.8264, time 337.42ms, mfu 1.98%
iter 34287: loss 0.6774, time 399.66ms, mfu 1.96%
iter 34288: loss 0.6606, time 424.11ms, mfu 1.93%
iter 34289: loss 0.6913, time 435.71ms, mfu 1.90%
iter 34290: loss 0.6742, time 343.76ms, mfu 1.92%
iter 34291: loss 0.7439, time 282.91ms, mfu 1.98%
iter 34292: loss 0.6510, time 368.06ms, mfu 1.97%
iter 34293: loss 0.6916, time 364.33ms, mfu 1.97%
iter 34294: loss 0.7202, time 419.05ms, mfu 1.94%
iter 34295: loss 0.7279, time 423.71ms, mfu 1.91%
iter 34296: loss 0.7566, time 510.91ms, mfu 1.86%
iter 34297: loss 0.7236, time 342.06ms, mfu 1.88%
iter 34298: loss 0.6592, time 369.62ms, mfu 1.89%
iter 34299: loss 0.7388, time 389.47ms, mfu 1.88%
iter 34300: loss 0.7085, time 458.57ms, mfu 1.85%
  === DIAG iter 34300 ===
  loss: 0.7085
  grads: total 1.0000, transformer 0.1706, adapter 0.9853
  <NUM> input tokens: 449/3072 (14.6%)
  lr: base 5.96e-05, adapter 2.98e-05
  SME accuracy: overall 0.469, sign 0.967, exp 0.958, digit 0.276, end 0.803 [d0 0.906 d1 0.506 d2 0.235 d3 0.165 d4 0.097 d5 0.059 d6 0.048 d7 0.111 d8 0.045 d9 0.182 d10 0.172 d11 0.080 d12 0.111 d13 0.000 d14 0.125] (1198 SME tokens)
iter 34301: loss 0.7746, time 250.59ms, mfu 1.94%
iter 34302: loss 0.7620, time 361.69ms, mfu 1.95%
iter 34303: loss 0.7955, time 488.55ms, mfu 1.90%
iter 34304: loss 0.7527, time 330.40ms, mfu 1.92%
iter 34305: loss 0.6938, time 313.16ms, mfu 1.95%
iter 34306: loss 0.6718, time 554.85ms, mfu 1.89%
iter 34307: loss 0.6837, time 205.41ms, mfu 2.04%
iter 34308: loss 0.7670, time 478.08ms, mfu 1.99%
iter 34309: loss 0.8132, time 373.16ms, mfu 1.98%
iter 34310: loss 0.7205, time 394.32ms, mfu 1.96%
iter 34311: loss 0.7329, time 222.11ms, mfu 2.08%
iter 34312: loss 0.6696, time 426.78ms, mfu 2.04%
iter 34313: loss 0.5705, time 331.57ms, mfu 2.05%
iter 34314: loss 0.6369, time 415.82ms, mfu 2.02%
iter 34315: loss 0.7905, time 378.38ms, mfu 2.00%
iter 34316: loss 0.6893, time 247.29ms, mfu 2.09%
iter 34317: loss 0.7239, time 308.22ms, mfu 2.11%
iter 34318: loss 0.6841, time 291.46ms, mfu 2.14%
iter 34319: loss 0.6485, time 522.21ms, mfu 2.06%
iter 34320: loss 0.6515, time 387.22ms, mfu 2.04%
iter 34321: loss 0.7195, time 385.18ms, mfu 2.02%
iter 34322: loss 0.7678, time 256.70ms, mfu 2.09%
iter 34323: loss 0.7565, time 460.43ms, mfu 2.04%
iter 34324: loss 0.6479, time 378.26ms, mfu 2.02%
iter 34325: loss 0.7192, time 309.27ms, mfu 2.05%
iter 34326: loss 0.7451, time 383.94ms, mfu 2.03%
iter 34327: loss 0.6684, time 441.12ms, mfu 1.99%
iter 34328: loss 0.7223, time 533.95ms, mfu 1.92%
iter 34329: loss 0.6518, time 452.32ms, mfu 1.89%
iter 34330: loss 0.6410, time 261.32ms, mfu 1.97%
iter 34331: loss 0.6846, time 332.09ms, mfu 1.98%
iter 34332: loss 0.7586, time 473.49ms, mfu 1.94%
iter 34333: loss 0.8272, time 227.60ms, mfu 2.05%
iter 34334: loss 0.7115, time 424.46ms, mfu 2.02%
iter 34335: loss 0.6825, time 375.96ms, mfu 2.00%
iter 34336: loss 0.7713, time 478.08ms, mfu 1.95%
iter 34337: loss 0.7261, time 320.57ms, mfu 1.98%
iter 34338: loss 0.7675, time 353.54ms, mfu 1.98%
iter 34339: loss 0.8128, time 315.53ms, mfu 2.01%
iter 34340: loss 0.7359, time 376.33ms, mfu 1.99%
iter 34341: loss 0.7188, time 313.67ms, mfu 2.02%
iter 34342: loss 0.6914, time 411.34ms, mfu 1.99%
iter 34343: loss 0.7247, time 415.70ms, mfu 1.96%
iter 34344: loss 0.7313, time 408.37ms, mfu 1.94%
iter 34345: loss 0.6486, time 284.64ms, mfu 1.99%
iter 34346: loss 0.6940, time 321.52ms, mfu 2.02%
iter 34347: loss 0.6684, time 378.78ms, mfu 2.00%
iter 34348: loss 0.6263, time 328.63ms, mfu 2.02%
iter 34349: loss 0.6129, time 313.85ms, mfu 2.04%
iter 34350: loss 0.7556, time 330.79ms, mfu 2.05%
iter 34351: loss 0.6886, time 356.62ms, mfu 2.04%
iter 34352: loss 0.7492, time 448.99ms, mfu 2.00%
iter 34353: loss 0.7419, time 307.35ms, mfu 2.03%
iter 34354: loss 0.6871, time 427.10ms, mfu 1.99%
iter 34355: loss 0.7025, time 360.42ms, mfu 1.99%
iter 34356: loss 0.6667, time 262.52ms, mfu 2.06%
iter 34357: loss 0.7380, time 423.33ms, mfu 2.02%
iter 34358: loss 0.7284, time 419.97ms, mfu 1.99%
iter 34359: loss 0.6861, time 405.86ms, mfu 1.96%
iter 34360: loss 0.7097, time 309.56ms, mfu 2.00%
iter 34361: loss 0.7061, time 369.90ms, mfu 1.99%
iter 34362: loss 0.6993, time 481.41ms, mfu 1.94%
iter 34363: loss 0.6866, time 350.25ms, mfu 1.95%
iter 34364: loss 0.6861, time 373.15ms, mfu 1.94%
iter 34365: loss 0.6787, time 377.84ms, mfu 1.93%
iter 34366: loss 0.6499, time 371.17ms, mfu 1.93%
iter 34367: loss 0.7871, time 426.88ms, mfu 1.90%
iter 34368: loss 0.6578, time 376.97ms, mfu 1.90%
iter 34369: loss 0.7182, time 283.76ms, mfu 1.96%
iter 34370: loss 0.8261, time 510.14ms, mfu 1.90%
iter 34371: loss 0.7829, time 408.29ms, mfu 1.89%
iter 34372: loss 0.6641, time 492.53ms, mfu 1.84%
iter 34373: loss 0.8012, time 436.56ms, mfu 1.82%
iter 34374: loss 0.7129, time 343.83ms, mfu 1.84%
iter 34375: loss 0.6955, time 498.85ms, mfu 1.80%
iter 34376: loss 0.6807, time 362.86ms, mfu 1.82%
iter 34377: loss 0.6877, time 428.84ms, mfu 1.80%
iter 34378: loss 0.7889, time 482.54ms, mfu 1.77%
iter 34379: loss 0.7870, time 479.93ms, mfu 1.74%
iter 34380: loss 0.7802, time 262.15ms, mfu 1.84%
iter 34381: loss 0.7074, time 227.42ms, mfu 1.96%
iter 34382: loss 0.6705, time 386.22ms, mfu 1.95%
iter 34383: loss 0.6676, time 319.61ms, mfu 1.98%
iter 34384: loss 0.6764, time 400.65ms, mfu 1.96%
iter 34385: loss 0.6541, time 299.11ms, mfu 2.00%
iter 34386: loss 0.5972, time 357.57ms, mfu 2.00%
iter 34387: loss 0.6575, time 538.61ms, mfu 1.93%
iter 34388: loss 0.7466, time 256.99ms, mfu 2.01%
iter 34389: loss 0.7351, time 458.17ms, mfu 1.96%
iter 34390: loss 0.6846, time 348.98ms, mfu 1.97%
iter 34391: loss 0.7637, time 422.28ms, mfu 1.94%
iter 34392: loss 0.6791, time 409.57ms, mfu 1.92%
iter 34393: loss 0.7308, time 459.06ms, mfu 1.88%
iter 34394: loss 0.7287, time 417.59ms, mfu 1.86%
iter 34395: loss 0.7260, time 248.05ms, mfu 1.96%
iter 34396: loss 0.7667, time 311.32ms, mfu 2.00%
iter 34397: loss 0.7534, time 370.33ms, mfu 1.99%
iter 34398: loss 0.7286, time 381.46ms, mfu 1.97%
iter 34399: loss 0.7405, time 217.30ms, mfu 2.10%
iter 34400: loss 0.7159, time 496.92ms, mfu 2.04%
  === DIAG iter 34400 ===
  loss: 0.7159
  grads: total 1.0000, transformer 0.1663, adapter 0.9861
  <NUM> input tokens: 444/3072 (14.5%)
  lr: base 5.89e-05, adapter 2.95e-05
  SME accuracy: overall 0.479, sign 0.975, exp 0.934, digit 0.299, end 0.842 [d0 0.836 d1 0.455 d2 0.325 d3 0.139 d4 0.200 d5 0.139 d6 0.188 d7 0.113 d8 0.140 d9 0.211 d10 0.207 d11 0.241 d12 0.154 d13 0.211 d14 0.214] (1242 SME tokens)
iter 34401: loss 0.8703, time 234.81ms, mfu 2.13%
iter 34402: loss 0.7317, time 338.84ms, mfu 2.13%
iter 34403: loss 0.7617, time 366.55ms, mfu 2.11%
iter 34404: loss 0.7332, time 405.61ms, mfu 2.07%
iter 34405: loss 0.7333, time 256.67ms, mfu 2.14%
iter 34406: loss 0.7032, time 453.97ms, mfu 2.08%
iter 34407: loss 0.7253, time 322.00ms, mfu 2.10%
iter 34408: loss 0.6422, time 488.89ms, mfu 2.03%
iter 34409: loss 0.6736, time 387.71ms, mfu 2.01%
iter 34410: loss 0.7587, time 340.25ms, mfu 2.02%
iter 34411: loss 0.7223, time 450.61ms, mfu 1.97%
iter 34412: loss 0.7135, time 324.80ms, mfu 1.99%
iter 34413: loss 0.7035, time 371.08ms, mfu 1.99%
iter 34414: loss 0.7001, time 353.70ms, mfu 1.99%
iter 34415: loss 0.7040, time 304.70ms, mfu 2.02%
iter 34416: loss 0.6837, time 492.44ms, mfu 1.96%
iter 34417: loss 0.6815, time 466.15ms, mfu 1.92%
iter 34418: loss 0.7278, time 360.60ms, mfu 1.92%
iter 34419: loss 0.7509, time 401.38ms, mfu 1.91%
iter 34420: loss 0.7137, time 443.99ms, mfu 1.88%
iter 34421: loss 0.6413, time 294.05ms, mfu 1.93%
iter 34422: loss 0.7954, time 239.97ms, mfu 2.03%
iter 34423: loss 0.7447, time 364.85ms, mfu 2.02%
iter 34424: loss 0.7605, time 365.14ms, mfu 2.02%
iter 34425: loss 0.7079, time 382.71ms, mfu 2.00%
iter 34426: loss 0.7584, time 455.19ms, mfu 1.95%
iter 34427: loss 0.7761, time 344.38ms, mfu 1.96%
iter 34428: loss 0.7145, time 379.63ms, mfu 1.96%
iter 34429: loss 0.8141, time 455.82ms, mfu 1.92%
iter 34430: loss 0.6694, time 299.48ms, mfu 1.96%
iter 34431: loss 0.7238, time 442.84ms, mfu 1.92%
iter 34432: loss 0.7373, time 380.15ms, mfu 1.92%
iter 34433: loss 0.7406, time 489.85ms, mfu 1.87%
iter 34434: loss 0.6860, time 348.19ms, mfu 1.89%
iter 34435: loss 0.7829, time 282.77ms, mfu 1.95%
iter 34436: loss 0.7238, time 435.11ms, mfu 1.92%
iter 34437: loss 0.7159, time 485.70ms, mfu 1.87%
iter 34438: loss 0.7820, time 400.57ms, mfu 1.86%
iter 34439: loss 0.7668, time 420.30ms, mfu 1.84%
iter 34440: loss 0.7450, time 428.06ms, mfu 1.83%
iter 34441: loss 0.6072, time 309.46ms, mfu 1.87%
iter 34442: loss 0.7162, time 412.53ms, mfu 1.86%
iter 34443: loss 0.7205, time 264.91ms, mfu 1.94%
iter 34444: loss 0.7048, time 491.48ms, mfu 1.89%
iter 34445: loss 0.8068, time 387.89ms, mfu 1.88%
iter 34446: loss 0.7547, time 416.70ms, mfu 1.86%
iter 34447: loss 0.8077, time 264.97ms, mfu 1.95%
iter 34448: loss 0.7865, time 437.34ms, mfu 1.91%
iter 34449: loss 0.7901, time 371.15ms, mfu 1.91%
iter 34450: loss 0.6760, time 444.75ms, mfu 1.88%
iter 34451: loss 0.7201, time 309.56ms, mfu 1.92%
iter 34452: loss 0.6969, time 439.39ms, mfu 1.89%
iter 34453: loss 0.7376, time 198.86ms, mfu 2.06%
iter 34454: loss 0.7249, time 411.55ms, mfu 2.02%
iter 34455: loss 0.7195, time 494.34ms, mfu 1.97%
iter 34456: loss 0.6917, time 284.13ms, mfu 2.02%
iter 34457: loss 0.8135, time 402.70ms, mfu 1.99%
iter 34458: loss 0.6831, time 282.96ms, mfu 2.04%
iter 34459: loss 0.6834, time 344.72ms, mfu 2.04%
iter 34460: loss 0.7366, time 267.30ms, mfu 2.11%
iter 34461: loss 0.6836, time 463.99ms, mfu 2.05%
iter 34462: loss 0.6893, time 480.51ms, mfu 1.99%
iter 34463: loss 0.6616, time 385.99ms, mfu 1.97%
iter 34464: loss 0.8161, time 318.96ms, mfu 2.00%
iter 34465: loss 0.7818, time 343.12ms, mfu 2.01%
iter 34466: loss 0.7165, time 345.70ms, mfu 2.01%
iter 34467: loss 0.7036, time 396.54ms, mfu 1.99%
iter 34468: loss 0.7056, time 298.87ms, mfu 2.03%
iter 34469: loss 0.7681, time 428.28ms, mfu 1.99%
iter 34470: loss 0.7264, time 466.18ms, mfu 1.94%
iter 34471: loss 0.6548, time 301.71ms, mfu 1.98%
iter 34472: loss 0.6543, time 476.70ms, mfu 1.93%
iter 34473: loss 0.6873, time 382.34ms, mfu 1.93%
iter 34474: loss 0.6988, time 423.03ms, mfu 1.90%
iter 34475: loss 0.6367, time 288.99ms, mfu 1.96%
iter 34476: loss 0.6536, time 291.37ms, mfu 2.00%
iter 34477: loss 0.7256, time 307.94ms, mfu 2.03%
iter 34478: loss 0.6899, time 318.91ms, mfu 2.05%
iter 34479: loss 0.7104, time 460.72ms, mfu 2.00%
iter 34480: loss 0.7760, time 349.84ms, mfu 2.00%
iter 34481: loss 0.7073, time 319.59ms, mfu 2.02%
iter 34482: loss 0.7106, time 452.08ms, mfu 1.98%
iter 34483: loss 0.7529, time 442.85ms, mfu 1.94%
iter 34484: loss 0.7188, time 331.11ms, mfu 1.96%
iter 34485: loss 0.7015, time 354.67ms, mfu 1.96%
iter 34486: loss 0.6728, time 502.96ms, mfu 1.91%
iter 34487: loss 0.7649, time 428.89ms, mfu 1.88%
iter 34488: loss 0.8028, time 381.43ms, mfu 1.88%
iter 34489: loss 0.7407, time 311.07ms, mfu 1.92%
iter 34490: loss 0.6503, time 394.54ms, mfu 1.91%
iter 34491: loss 0.6976, time 234.78ms, mfu 2.02%
iter 34492: loss 0.7051, time 433.50ms, mfu 1.98%
iter 34493: loss 0.5846, time 330.60ms, mfu 2.00%
iter 34494: loss 0.7612, time 390.92ms, mfu 1.98%
iter 34495: loss 0.6879, time 293.65ms, mfu 2.02%
iter 34496: loss 0.7878, time 422.17ms, mfu 1.99%
iter 34497: loss 0.7056, time 377.63ms, mfu 1.98%
iter 34498: loss 0.7198, time 466.43ms, mfu 1.93%
iter 34499: loss 0.6539, time 331.55ms, mfu 1.95%
iter 34500: loss 0.5698, time 614.74ms, mfu 1.87%
  === DIAG iter 34500 ===
  loss: 0.5698
  grads: total 1.0000, transformer 0.1574, adapter 0.9875
  <NUM> input tokens: 434/3072 (14.1%)
  lr: base 5.83e-05, adapter 2.91e-05
  SME accuracy: overall 0.508, sign 0.990, exp 0.937, digit 0.325, end 0.832 [d0 0.870 d1 0.515 d2 0.222 d3 0.155 d4 0.148 d5 0.135 d6 0.120 d7 0.140 d8 0.079 d9 0.261 d10 0.286 d11 0.444 d12 0.375 d13 0.462 d14 0.455] (929 SME tokens)
iter 34501: loss 0.6923, time 234.88ms, mfu 1.99%
iter 34502: loss 0.7138, time 324.15ms, mfu 2.01%
iter 34503: loss 0.6495, time 436.18ms, mfu 1.97%
iter 34504: loss 0.6574, time 435.58ms, mfu 1.93%
iter 34505: loss 0.6647, time 432.52ms, mfu 1.90%
iter 34506: loss 0.7600, time 396.50ms, mfu 1.89%
iter 34507: loss 0.7167, time 310.08ms, mfu 1.93%
iter 34508: loss 0.7118, time 267.79ms, mfu 2.00%
iter 34509: loss 0.6318, time 541.94ms, mfu 1.93%
iter 34510: loss 0.7201, time 355.31ms, mfu 1.94%
iter 34511: loss 0.5902, time 375.71ms, mfu 1.93%
iter 34512: loss 0.6993, time 385.19ms, mfu 1.93%
iter 34513: loss 0.6995, time 440.01ms, mfu 1.89%
iter 34514: loss 0.7171, time 409.79ms, mfu 1.88%
iter 34515: loss 0.6641, time 468.26ms, mfu 1.84%
iter 34516: loss 0.6605, time 299.01ms, mfu 1.89%
iter 34517: loss 0.7140, time 463.69ms, mfu 1.86%
iter 34518: loss 0.7803, time 411.13ms, mfu 1.84%
iter 34519: loss 0.7017, time 319.54ms, mfu 1.88%
iter 34520: loss 0.7186, time 571.40ms, mfu 1.82%
iter 34521: loss 0.8265, time 372.03ms, mfu 1.83%
iter 34522: loss 0.7071, time 377.84ms, mfu 1.83%
iter 34523: loss 0.7013, time 644.00ms, mfu 1.76%
iter 34524: loss 0.7436, time 253.40ms, mfu 1.86%
iter 34525: loss 0.8090, time 439.36ms, mfu 1.84%
iter 34526: loss 0.8291, time 380.15ms, mfu 1.84%
iter 34527: loss 0.7262, time 241.44ms, mfu 1.95%
iter 34528: loss 0.7156, time 360.05ms, mfu 1.95%
iter 34529: loss 0.6759, time 536.82ms, mfu 1.89%
iter 34530: loss 0.7111, time 328.27ms, mfu 1.92%
iter 34531: loss 0.7404, time 332.87ms, mfu 1.94%
iter 34532: loss 0.7726, time 327.17ms, mfu 1.96%
iter 34533: loss 0.7333, time 330.57ms, mfu 1.98%
iter 34534: loss 0.7787, time 311.28ms, mfu 2.01%
iter 34535: loss 0.7979, time 315.69ms, mfu 2.03%
iter 34536: loss 0.7352, time 350.84ms, mfu 2.03%
iter 34537: loss 0.7020, time 328.20ms, mfu 2.04%
iter 34538: loss 0.7218, time 428.08ms, mfu 2.00%
iter 34539: loss 0.6700, time 381.07ms, mfu 1.99%
iter 34540: loss 0.7578, time 397.77ms, mfu 1.97%
iter 34541: loss 0.6619, time 447.71ms, mfu 1.93%
iter 34542: loss 0.6644, time 433.87ms, mfu 1.90%
iter 34543: loss 0.7787, time 334.31ms, mfu 1.92%
iter 34544: loss 0.6207, time 389.49ms, mfu 1.91%
iter 34545: loss 0.7047, time 415.83ms, mfu 1.89%
iter 34546: loss 0.7222, time 446.41ms, mfu 1.86%
iter 34547: loss 0.6763, time 244.48ms, mfu 1.97%
iter 34548: loss 0.7501, time 311.82ms, mfu 2.00%
iter 34549: loss 0.7086, time 295.78ms, mfu 2.04%
iter 34550: loss 0.7964, time 365.70ms, mfu 2.03%
iter 34551: loss 0.6987, time 485.79ms, mfu 1.97%
iter 34552: loss 0.7540, time 407.00ms, mfu 1.95%
iter 34553: loss 0.7384, time 291.13ms, mfu 2.00%
iter 34554: loss 0.6746, time 303.31ms, mfu 2.03%
iter 34555: loss 0.6168, time 515.33ms, mfu 1.96%
iter 34556: loss 0.7008, time 454.32ms, mfu 1.92%
iter 34557: loss 0.7175, time 422.89ms, mfu 1.90%
iter 34558: loss 0.7465, time 351.71ms, mfu 1.91%
iter 34559: loss 0.6932, time 276.10ms, mfu 1.98%
iter 34560: loss 0.7911, time 396.99ms, mfu 1.96%
iter 34561: loss 0.6935, time 301.89ms, mfu 2.00%
iter 34562: loss 0.8069, time 395.24ms, mfu 1.98%
iter 34563: loss 0.8044, time 283.57ms, mfu 2.03%
iter 34564: loss 0.7300, time 337.61ms, mfu 2.04%
iter 34565: loss 0.6381, time 403.16ms, mfu 2.01%
iter 34566: loss 0.6751, time 424.22ms, mfu 1.97%
iter 34567: loss 0.6846, time 352.73ms, mfu 1.98%
iter 34568: loss 0.7031, time 301.21ms, mfu 2.01%
iter 34569: loss 0.6781, time 292.75ms, mfu 2.06%
iter 34570: loss 0.6519, time 364.20ms, mfu 2.04%
iter 34571: loss 0.7383, time 265.23ms, mfu 2.11%
iter 34572: loss 0.7065, time 486.42ms, mfu 2.04%
iter 34573: loss 0.7623, time 362.12ms, mfu 2.03%
iter 34574: loss 0.7169, time 469.41ms, mfu 1.98%
iter 34575: loss 0.7498, time 295.25ms, mfu 2.02%
iter 34576: loss 0.6967, time 246.87ms, mfu 2.11%
iter 34577: loss 0.7164, time 259.83ms, mfu 2.17%
iter 34578: loss 0.7381, time 468.12ms, mfu 2.10%
iter 34579: loss 0.6277, time 312.80ms, mfu 2.12%
iter 34580: loss 0.7338, time 335.66ms, mfu 2.12%
iter 34581: loss 0.6861, time 328.55ms, mfu 2.12%
iter 34582: loss 0.7239, time 340.26ms, mfu 2.12%
iter 34583: loss 0.7812, time 552.93ms, mfu 2.04%
iter 34584: loss 0.7381, time 338.41ms, mfu 2.04%
iter 34585: loss 0.6774, time 421.14ms, mfu 2.01%
iter 34586: loss 0.6937, time 409.60ms, mfu 1.98%
iter 34587: loss 0.7974, time 336.34ms, mfu 1.99%
iter 34588: loss 0.6242, time 269.48ms, mfu 2.05%
iter 34589: loss 0.6419, time 456.95ms, mfu 2.00%
iter 34590: loss 0.7111, time 250.13ms, mfu 2.09%
iter 34591: loss 0.6892, time 375.28ms, mfu 2.07%
iter 34592: loss 0.6992, time 362.85ms, mfu 2.06%
iter 34593: loss 0.8031, time 381.99ms, mfu 2.04%
iter 34594: loss 0.6396, time 259.57ms, mfu 2.11%
iter 34595: loss 0.6284, time 468.13ms, mfu 2.05%
iter 34596: loss 0.7026, time 375.64ms, mfu 2.03%
iter 34597: loss 0.7286, time 368.66ms, mfu 2.02%
iter 34598: loss 0.6831, time 436.26ms, mfu 1.98%
iter 34599: loss 0.7334, time 387.12ms, mfu 1.97%
iter 34600: loss 0.7108, time 613.34ms, mfu 1.88%
  === DIAG iter 34600 ===
  loss: 0.7108
  grads: total 1.0000, transformer 0.1455, adapter 0.9894
  <NUM> input tokens: 415/3072 (13.5%)
  lr: base 5.76e-05, adapter 2.88e-05
  SME accuracy: overall 0.491, sign 0.960, exp 0.898, digit 0.307, end 0.864 [d0 0.901 d1 0.395 d2 0.277 d3 0.128 d4 0.133 d5 0.141 d6 0.130 d7 0.207 d8 0.143 d9 0.167 d10 0.222 d11 0.304 d12 0.278 d13 0.154 d14 0.000] (1230 SME tokens)
iter 34601: loss 0.8280, time 159.95ms, mfu 2.14%
iter 34602: loss 0.7911, time 471.08ms, mfu 2.08%
iter 34603: loss 0.7303, time 348.10ms, mfu 2.07%
iter 34604: loss 0.6949, time 400.36ms, mfu 2.04%
iter 34605: loss 0.8059, time 402.61ms, mfu 2.01%
iter 34606: loss 0.7265, time 471.48ms, mfu 1.96%
iter 34607: loss 0.8323, time 303.39ms, mfu 2.00%
iter 34608: loss 0.7028, time 597.83ms, mfu 1.92%
iter 34609: loss 0.6957, time 271.40ms, mfu 1.99%
iter 34610: loss 0.6679, time 314.78ms, mfu 2.01%
iter 34611: loss 0.7393, time 452.38ms, mfu 1.97%
iter 34612: loss 0.8225, time 454.15ms, mfu 1.93%
iter 34613: loss 0.6582, time 267.47ms, mfu 2.00%
iter 34614: loss 0.7619, time 286.75ms, mfu 2.05%
iter 34615: loss 0.7476, time 309.39ms, mfu 2.07%
iter 34616: loss 0.6806, time 347.54ms, mfu 2.07%
iter 34617: loss 0.7456, time 326.12ms, mfu 2.08%
iter 34618: loss 0.7965, time 338.10ms, mfu 2.08%
iter 34619: loss 0.7909, time 266.59ms, mfu 2.14%
iter 34620: loss 0.7309, time 367.98ms, mfu 2.12%
iter 34621: loss 0.6871, time 352.64ms, mfu 2.11%
iter 34622: loss 0.6918, time 268.60ms, mfu 2.16%
iter 34623: loss 0.6924, time 393.50ms, mfu 2.12%
iter 34624: loss 0.7082, time 414.91ms, mfu 2.08%
iter 34625: loss 0.6893, time 351.70ms, mfu 2.08%
iter 34626: loss 0.8083, time 381.08ms, mfu 2.05%
iter 34627: loss 0.7295, time 251.31ms, mfu 2.13%
iter 34628: loss 0.7332, time 258.36ms, mfu 2.19%
iter 34629: loss 0.7401, time 413.63ms, mfu 2.14%
iter 34630: loss 0.7306, time 385.53ms, mfu 2.11%
iter 34631: loss 0.7142, time 360.80ms, mfu 2.10%
iter 34632: loss 0.6632, time 361.15ms, mfu 2.08%
iter 34633: loss 0.7618, time 389.01ms, mfu 2.06%
iter 34634: loss 0.7002, time 521.40ms, mfu 1.99%
iter 34635: loss 0.7575, time 294.94ms, mfu 2.03%
iter 34636: loss 0.6860, time 441.63ms, mfu 1.99%
iter 34637: loss 0.8194, time 434.58ms, mfu 1.95%
iter 34638: loss 0.7995, time 504.82ms, mfu 1.90%
iter 34639: loss 0.6910, time 281.77ms, mfu 1.96%
iter 34640: loss 0.7542, time 333.01ms, mfu 1.98%
iter 34641: loss 0.7237, time 481.53ms, mfu 1.93%
iter 34642: loss 0.7615, time 268.73ms, mfu 2.00%
iter 34643: loss 0.7740, time 377.28ms, mfu 1.98%
iter 34644: loss 0.7427, time 299.11ms, mfu 2.02%
iter 34645: loss 0.6499, time 439.86ms, mfu 1.98%
iter 34646: loss 0.7254, time 540.55ms, mfu 1.91%
iter 34647: loss 0.7445, time 459.25ms, mfu 1.88%
iter 34648: loss 0.6089, time 361.04ms, mfu 1.89%
iter 34649: loss 0.6914, time 312.91ms, mfu 1.92%
iter 34650: loss 0.8425, time 433.81ms, mfu 1.90%
iter 34651: loss 0.7138, time 384.74ms, mfu 1.89%
iter 34652: loss 0.7212, time 381.69ms, mfu 1.89%
iter 34653: loss 0.6776, time 326.66ms, mfu 1.91%
iter 34654: loss 0.7145, time 422.82ms, mfu 1.89%
iter 34655: loss 0.7801, time 465.11ms, mfu 1.85%
iter 34656: loss 0.7040, time 416.71ms, mfu 1.84%
iter 34657: loss 0.7079, time 197.71ms, mfu 2.01%
iter 34658: loss 0.6285, time 337.31ms, mfu 2.02%
iter 34659: loss 0.7036, time 290.42ms, mfu 2.06%
iter 34660: loss 0.7569, time 493.30ms, mfu 2.00%
iter 34661: loss 0.6650, time 334.54ms, mfu 2.01%
iter 34662: loss 0.7329, time 338.90ms, mfu 2.02%
iter 34663: loss 0.6989, time 544.82ms, mfu 1.95%
iter 34664: loss 0.7506, time 388.21ms, mfu 1.94%
iter 34665: loss 0.6480, time 451.56ms, mfu 1.90%
iter 34666: loss 0.7242, time 310.87ms, mfu 1.94%
iter 34667: loss 0.7113, time 557.75ms, mfu 1.87%
iter 34668: loss 0.7447, time 364.95ms, mfu 1.88%
iter 34669: loss 0.6223, time 420.16ms, mfu 1.86%
iter 34670: loss 0.6598, time 344.80ms, mfu 1.88%
iter 34671: loss 0.7552, time 491.23ms, mfu 1.84%
iter 34672: loss 0.6977, time 391.38ms, mfu 1.83%
iter 34673: loss 0.6463, time 330.65ms, mfu 1.86%
iter 34674: loss 0.6642, time 310.93ms, mfu 1.91%
iter 34675: loss 0.7741, time 598.34ms, mfu 1.83%
iter 34676: loss 0.7726, time 375.63ms, mfu 1.84%
iter 34677: loss 0.6972, time 296.05ms, mfu 1.89%
iter 34678: loss 0.7165, time 475.07ms, mfu 1.85%
iter 34679: loss 0.6949, time 286.43ms, mfu 1.92%
iter 34680: loss 0.6772, time 442.10ms, mfu 1.88%
iter 34681: loss 0.6653, time 292.14ms, mfu 1.94%
iter 34682: loss 0.7920, time 250.03ms, mfu 2.03%
iter 34683: loss 0.7039, time 271.95ms, mfu 2.09%
iter 34684: loss 0.6733, time 490.68ms, mfu 2.02%
iter 34685: loss 0.7572, time 448.10ms, mfu 1.98%
iter 34686: loss 0.6463, time 461.00ms, mfu 1.93%
iter 34687: loss 0.6965, time 372.51ms, mfu 1.93%
iter 34688: loss 0.6995, time 335.52ms, mfu 1.95%
iter 34689: loss 0.6570, time 528.80ms, mfu 1.89%
iter 34690: loss 0.7131, time 378.70ms, mfu 1.89%
iter 34691: loss 0.6677, time 377.11ms, mfu 1.89%
iter 34692: loss 0.6811, time 395.89ms, mfu 1.88%
iter 34693: loss 0.6931, time 409.83ms, mfu 1.86%
iter 34694: loss 0.7223, time 252.76ms, mfu 1.96%
iter 34695: loss 0.7737, time 409.40ms, mfu 1.93%
iter 34696: loss 0.7345, time 523.58ms, mfu 1.88%
iter 34697: loss 0.6702, time 410.10ms, mfu 1.86%
iter 34698: loss 0.8403, time 392.41ms, mfu 1.86%
iter 34699: loss 0.6361, time 422.23ms, mfu 1.84%
iter 34700: loss 0.7294, time 436.60ms, mfu 1.82%
  === DIAG iter 34700 ===
  loss: 0.7294
  grads: total 1.0000, transformer 0.1723, adapter 0.9850
  <NUM> input tokens: 485/3072 (15.8%)
  lr: base 5.70e-05, adapter 2.85e-05
  SME accuracy: overall 0.432, sign 0.972, exp 0.927, digit 0.230, end 0.867 [d0 0.811 d1 0.372 d2 0.197 d3 0.153 d4 0.085 d5 0.061 d6 0.035 d7 0.100 d8 0.095 d9 0.154 d10 0.136 d11 0.238 d12 0.095 d13 0.105 d14 0.133] (1133 SME tokens)
iter 34701: loss 0.7768, time 261.98ms, mfu 1.90%
iter 34702: loss 0.7209, time 307.96ms, mfu 1.94%
iter 34703: loss 0.7327, time 331.46ms, mfu 1.96%
iter 34704: loss 0.7253, time 329.87ms, mfu 1.98%
iter 34705: loss 0.7262, time 321.35ms, mfu 2.00%
iter 34706: loss 0.7460, time 459.34ms, mfu 1.96%
iter 34707: loss 0.7073, time 389.86ms, mfu 1.94%
iter 34708: loss 0.6328, time 249.03ms, mfu 2.03%
iter 34709: loss 0.7124, time 324.50ms, mfu 2.05%
iter 34710: loss 0.6405, time 320.80ms, mfu 2.07%
iter 34711: loss 0.7955, time 338.39ms, mfu 2.07%
iter 34712: loss 0.6916, time 379.41ms, mfu 2.05%
iter 34713: loss 0.7099, time 263.13ms, mfu 2.11%
iter 34714: loss 0.6486, time 489.94ms, mfu 2.05%
iter 34715: loss 0.7023, time 413.00ms, mfu 2.01%
iter 34716: loss 0.6842, time 447.41ms, mfu 1.97%
iter 34717: loss 0.6974, time 267.69ms, mfu 2.04%
iter 34718: loss 0.6535, time 490.69ms, mfu 1.98%
iter 34719: loss 0.6936, time 358.47ms, mfu 1.98%
iter 34720: loss 0.6471, time 428.54ms, mfu 1.95%
iter 34721: loss 0.7962, time 471.51ms, mfu 1.90%
iter 34722: loss 0.7585, time 545.72ms, mfu 1.84%
iter 34723: loss 0.7739, time 328.62ms, mfu 1.87%
iter 34724: loss 0.8079, time 425.88ms, mfu 1.85%
iter 34725: loss 0.7647, time 351.73ms, mfu 1.87%
iter 34726: loss 0.7670, time 457.27ms, mfu 1.84%
iter 34727: loss 0.6551, time 431.23ms, mfu 1.82%
iter 34728: loss 0.6937, time 495.57ms, mfu 1.78%
iter 34729: loss 0.6872, time 297.72ms, mfu 1.84%
iter 34730: loss 0.6274, time 358.28ms, mfu 1.85%
iter 34731: loss 0.7687, time 436.91ms, mfu 1.83%
iter 34732: loss 0.7877, time 469.92ms, mfu 1.80%
iter 34733: loss 0.8343, time 325.89ms, mfu 1.84%
iter 34734: loss 0.6233, time 499.80ms, mfu 1.79%
iter 34735: loss 0.7902, time 353.11ms, mfu 1.81%
iter 34736: loss 0.8669, time 490.17ms, mfu 1.78%
iter 34737: loss 0.6255, time 277.80ms, mfu 1.86%
iter 34738: loss 0.7061, time 335.54ms, mfu 1.88%
iter 34739: loss 0.6653, time 385.23ms, mfu 1.88%
iter 34740: loss 0.6878, time 503.96ms, mfu 1.83%
iter 34741: loss 0.6476, time 446.59ms, mfu 1.81%
iter 34742: loss 0.6787, time 306.21ms, mfu 1.86%
iter 34743: loss 0.7231, time 504.24ms, mfu 1.81%
iter 34744: loss 0.6391, time 452.44ms, mfu 1.79%
iter 34745: loss 0.7491, time 325.96ms, mfu 1.83%
iter 34746: loss 0.6416, time 374.89ms, mfu 1.83%
iter 34747: loss 0.7588, time 363.10ms, mfu 1.84%
iter 34748: loss 0.7369, time 345.02ms, mfu 1.87%
iter 34749: loss 0.7959, time 353.57ms, mfu 1.88%
iter 34750: loss 0.6555, time 297.98ms, mfu 1.93%
iter 34751: loss 0.7355, time 297.53ms, mfu 1.97%
iter 34752: loss 0.7717, time 379.28ms, mfu 1.96%
iter 34753: loss 0.7113, time 389.78ms, mfu 1.95%
iter 34754: loss 0.7051, time 436.69ms, mfu 1.92%
iter 34755: loss 0.6729, time 363.70ms, mfu 1.92%
iter 34756: loss 0.6688, time 381.04ms, mfu 1.91%
iter 34757: loss 0.7538, time 370.98ms, mfu 1.91%
iter 34758: loss 0.7671, time 449.74ms, mfu 1.88%
iter 34759: loss 0.6833, time 403.35ms, mfu 1.87%
iter 34760: loss 0.6918, time 332.68ms, mfu 1.89%
iter 34761: loss 0.6662, time 425.69ms, mfu 1.87%
iter 34762: loss 0.7170, time 329.12ms, mfu 1.90%
iter 34763: loss 0.7174, time 385.22ms, mfu 1.89%
iter 34764: loss 0.7449, time 395.56ms, mfu 1.88%
iter 34765: loss 0.5940, time 366.41ms, mfu 1.89%
iter 34766: loss 0.6983, time 262.28ms, mfu 1.97%
iter 34767: loss 0.7490, time 326.37ms, mfu 1.99%
iter 34768: loss 0.6549, time 372.42ms, mfu 1.98%
iter 34769: loss 0.7006, time 450.81ms, mfu 1.94%
iter 34770: loss 0.7286, time 221.64ms, mfu 2.07%
iter 34771: loss 0.7215, time 356.09ms, mfu 2.06%
iter 34772: loss 0.7229, time 499.89ms, mfu 1.99%
iter 34773: loss 0.7305, time 484.32ms, mfu 1.94%
iter 34774: loss 0.7859, time 260.41ms, mfu 2.02%
iter 34775: loss 0.7413, time 448.71ms, mfu 1.98%
iter 34776: loss 0.6736, time 366.56ms, mfu 1.97%
iter 34777: loss 0.8026, time 389.09ms, mfu 1.96%
iter 34778: loss 0.6097, time 332.10ms, mfu 1.97%
iter 34779: loss 0.6369, time 350.75ms, mfu 1.98%
iter 34780: loss 0.7127, time 391.75ms, mfu 1.96%
iter 34781: loss 0.7217, time 335.38ms, mfu 1.98%
iter 34782: loss 0.7592, time 391.53ms, mfu 1.96%
iter 34783: loss 0.7367, time 389.71ms, mfu 1.95%
iter 34784: loss 0.7165, time 234.35ms, mfu 2.05%
iter 34785: loss 0.7418, time 342.33ms, mfu 2.06%
iter 34786: loss 0.6780, time 264.98ms, mfu 2.12%
iter 34787: loss 0.7051, time 500.05ms, mfu 2.05%
iter 34788: loss 0.7947, time 313.97ms, mfu 2.07%
iter 34789: loss 0.7920, time 354.33ms, mfu 2.06%
iter 34790: loss 0.6979, time 336.22ms, mfu 2.07%
iter 34791: loss 0.6523, time 378.25ms, mfu 2.05%
iter 34792: loss 0.6841, time 485.74ms, mfu 1.99%
iter 34793: loss 0.7064, time 333.17ms, mfu 2.00%
iter 34794: loss 0.6598, time 440.65ms, mfu 1.96%
iter 34795: loss 0.6706, time 372.26ms, mfu 1.96%
iter 34796: loss 0.6573, time 355.97ms, mfu 1.96%
iter 34797: loss 0.6180, time 335.97ms, mfu 1.98%
iter 34798: loss 0.6619, time 315.97ms, mfu 2.00%
iter 34799: loss 0.6946, time 266.96ms, mfu 2.07%
iter 34800: loss 0.7191, time 763.33ms, mfu 1.95%
  === DIAG iter 34800 ===
  loss: 0.7191
  grads: total 1.0000, transformer 0.1234, adapter 0.9924
  <NUM> input tokens: 482/3072 (15.7%)
  lr: base 5.64e-05, adapter 2.82e-05
  SME accuracy: overall 0.426, sign 0.991, exp 0.925, digit 0.242, end 0.846 [d0 0.873 d1 0.350 d2 0.244 d3 0.149 d4 0.129 d5 0.092 d6 0.145 d7 0.085 d8 0.073 d9 0.111 d10 0.212 d11 0.062 d12 0.080 d13 0.143 d14 0.000] (1170 SME tokens)
iter 34801: loss 0.5887, time 237.29ms, mfu 2.06%
iter 34802: loss 0.7670, time 253.19ms, mfu 2.13%
iter 34803: loss 0.7208, time 321.94ms, mfu 2.14%
iter 34804: loss 0.6955, time 405.49ms, mfu 2.10%
iter 34805: loss 0.6772, time 537.14ms, mfu 2.02%
iter 34806: loss 0.7394, time 421.68ms, mfu 1.99%
iter 34807: loss 0.7206, time 357.59ms, mfu 1.99%
iter 34808: loss 0.7612, time 367.46ms, mfu 1.98%
iter 34809: loss 0.7592, time 400.73ms, mfu 1.96%
iter 34810: loss 0.6881, time 415.35ms, mfu 1.93%
iter 34811: loss 0.6933, time 254.01ms, mfu 2.02%
iter 34812: loss 0.7241, time 529.88ms, mfu 1.95%
iter 34813: loss 0.6974, time 395.41ms, mfu 1.94%
iter 34814: loss 0.7287, time 385.39ms, mfu 1.93%
iter 34815: loss 0.6074, time 374.42ms, mfu 1.92%
iter 34816: loss 0.6821, time 479.20ms, mfu 1.88%
iter 34817: loss 0.6322, time 410.82ms, mfu 1.86%
iter 34818: loss 0.5569, time 320.04ms, mfu 1.90%
iter 34819: loss 0.7235, time 413.57ms, mfu 1.88%
iter 34820: loss 0.5741, time 387.56ms, mfu 1.87%
iter 34821: loss 0.7089, time 348.78ms, mfu 1.89%
iter 34822: loss 0.6993, time 370.41ms, mfu 1.89%
iter 34823: loss 0.7601, time 379.66ms, mfu 1.89%
iter 34824: loss 0.7160, time 323.29ms, mfu 1.92%
iter 34825: loss 0.7428, time 336.60ms, mfu 1.94%
iter 34826: loss 0.7593, time 446.25ms, mfu 1.90%
iter 34827: loss 0.7131, time 344.03ms, mfu 1.92%
iter 34828: loss 0.8122, time 276.64ms, mfu 1.98%
iter 34829: loss 0.6782, time 334.61ms, mfu 2.00%
iter 34830: loss 0.7986, time 328.33ms, mfu 2.01%
iter 34831: loss 0.6806, time 337.02ms, mfu 2.02%
iter 34832: loss 0.7164, time 474.66ms, mfu 1.97%
iter 34833: loss 0.7746, time 362.31ms, mfu 1.97%
iter 34834: loss 0.7836, time 393.48ms, mfu 1.95%
iter 34835: loss 0.7394, time 265.47ms, mfu 2.02%
iter 34836: loss 0.6353, time 479.82ms, mfu 1.97%
iter 34837: loss 0.7373, time 396.55ms, mfu 1.95%
iter 34838: loss 0.6896, time 375.64ms, mfu 1.94%
iter 34839: loss 0.7420, time 349.48ms, mfu 1.95%
iter 34840: loss 0.6739, time 405.01ms, mfu 1.93%
iter 34841: loss 0.7038, time 331.08ms, mfu 1.95%
iter 34842: loss 0.6298, time 564.61ms, mfu 1.88%
iter 34843: loss 0.7383, time 307.29ms, mfu 1.93%
iter 34844: loss 0.7495, time 436.51ms, mfu 1.90%
iter 34845: loss 0.7151, time 365.72ms, mfu 1.90%
iter 34846: loss 0.6975, time 345.38ms, mfu 1.91%
iter 34847: loss 0.6982, time 415.09ms, mfu 1.89%
iter 34848: loss 0.6834, time 422.78ms, mfu 1.87%
iter 34849: loss 0.7745, time 359.52ms, mfu 1.88%
iter 34850: loss 0.7134, time 438.46ms, mfu 1.86%
iter 34851: loss 0.6805, time 366.88ms, mfu 1.86%
iter 34852: loss 0.6645, time 515.89ms, mfu 1.81%
iter 34853: loss 0.7068, time 352.52ms, mfu 1.83%
iter 34854: loss 0.6872, time 329.19ms, mfu 1.87%
iter 34855: loss 0.7037, time 414.39ms, mfu 1.85%
iter 34856: loss 0.7151, time 370.88ms, mfu 1.86%
iter 34857: loss 0.7112, time 422.52ms, mfu 1.84%
iter 34858: loss 0.6106, time 391.69ms, mfu 1.84%
iter 34859: loss 0.6667, time 430.23ms, mfu 1.82%
iter 34860: loss 0.6914, time 378.77ms, mfu 1.82%
iter 34861: loss 0.6915, time 304.05ms, mfu 1.87%
iter 34862: loss 0.7496, time 410.52ms, mfu 1.86%
iter 34863: loss 0.6240, time 310.59ms, mfu 1.90%
iter 34864: loss 0.7036, time 386.50ms, mfu 1.89%
iter 34865: loss 0.7247, time 363.83ms, mfu 1.90%
iter 34866: loss 0.6587, time 469.98ms, mfu 1.86%
iter 34867: loss 0.6923, time 315.84ms, mfu 1.90%
iter 34868: loss 0.6486, time 252.28ms, mfu 1.99%
iter 34869: loss 0.6432, time 297.89ms, mfu 2.03%
iter 34870: loss 0.6459, time 314.90ms, mfu 2.05%
iter 34871: loss 0.7055, time 335.12ms, mfu 2.06%
iter 34872: loss 0.7568, time 552.66ms, mfu 1.98%
iter 34873: loss 0.7409, time 365.84ms, mfu 1.98%
iter 34874: loss 0.6982, time 442.05ms, mfu 1.94%
iter 34875: loss 0.7062, time 364.70ms, mfu 1.94%
iter 34876: loss 0.6722, time 224.42ms, mfu 2.06%
iter 34877: loss 0.7010, time 390.59ms, mfu 2.04%
iter 34878: loss 0.7393, time 299.40ms, mfu 2.07%
iter 34879: loss 0.7240, time 365.15ms, mfu 2.06%
iter 34880: loss 0.8018, time 502.70ms, mfu 1.99%
iter 34881: loss 0.6615, time 470.77ms, mfu 1.94%
iter 34882: loss 0.6524, time 233.63ms, mfu 2.05%
iter 34883: loss 0.7084, time 320.12ms, mfu 2.07%
iter 34884: loss 0.7218, time 351.55ms, mfu 2.06%
iter 34885: loss 0.6837, time 420.32ms, mfu 2.03%
iter 34886: loss 0.7333, time 228.14ms, mfu 2.13%
iter 34887: loss 0.7227, time 461.89ms, mfu 2.07%
iter 34888: loss 0.7610, time 245.15ms, mfu 2.16%
iter 34889: loss 0.7265, time 282.20ms, mfu 2.19%
iter 34890: loss 0.6792, time 448.55ms, mfu 2.13%
iter 34891: loss 0.7436, time 429.97ms, mfu 2.08%
iter 34892: loss 0.7429, time 428.10ms, mfu 2.04%
iter 34893: loss 0.7177, time 361.72ms, mfu 2.03%
iter 34894: loss 0.7464, time 383.17ms, mfu 2.01%
iter 34895: loss 0.8133, time 389.31ms, mfu 1.99%
iter 34896: loss 0.7172, time 451.68ms, mfu 1.95%
iter 34897: loss 0.6919, time 476.68ms, mfu 1.90%
iter 34898: loss 0.6943, time 313.73ms, mfu 1.94%
iter 34899: loss 0.7065, time 467.10ms, mfu 1.90%
iter 34900: loss 0.6344, time 611.58ms, mfu 1.82%
  === DIAG iter 34900 ===
  loss: 0.6344
  grads: total 1.0000, transformer 0.1745, adapter 0.9847
  <NUM> input tokens: 435/3072 (14.2%)
  lr: base 5.58e-05, adapter 2.79e-05
  SME accuracy: overall 0.471, sign 0.981, exp 0.876, digit 0.272, end 0.881 [d0 0.843 d1 0.415 d2 0.237 d3 0.145 d4 0.192 d5 0.163 d6 0.122 d7 0.128 d8 0.125 d9 0.103 d10 0.111 d11 0.120 d12 0.143 d13 0.167 d14 0.125] (1026 SME tokens)
iter 34901: loss 0.7274, time 235.83ms, mfu 1.94%
iter 34902: loss 0.7209, time 432.48ms, mfu 1.91%
iter 34903: loss 0.7425, time 446.20ms, mfu 1.88%
iter 34904: loss 0.7833, time 290.26ms, mfu 1.94%
iter 34905: loss 0.7339, time 452.80ms, mfu 1.90%
iter 34906: loss 0.7264, time 373.55ms, mfu 1.90%
iter 34907: loss 0.8123, time 504.38ms, mfu 1.85%
iter 34908: loss 0.6392, time 266.71ms, mfu 1.93%
iter 34909: loss 0.7191, time 415.42ms, mfu 1.91%
iter 34910: loss 0.7538, time 286.55ms, mfu 1.96%
iter 34911: loss 0.6895, time 543.88ms, mfu 1.90%
iter 34912: loss 0.7235, time 381.08ms, mfu 1.89%
iter 34913: loss 0.7779, time 319.11ms, mfu 1.93%
iter 34914: loss 0.7592, time 431.09ms, mfu 1.90%
iter 34915: loss 0.7010, time 354.67ms, mfu 1.91%
iter 34916: loss 0.7831, time 544.30ms, mfu 1.85%
iter 34917: loss 0.7325, time 482.84ms, mfu 1.81%
iter 34918: loss 0.7873, time 243.08ms, mfu 1.92%
iter 34919: loss 0.6141, time 375.56ms, mfu 1.92%
iter 34920: loss 0.6433, time 484.74ms, mfu 1.87%
iter 34921: loss 0.6907, time 484.69ms, mfu 1.83%
iter 34922: loss 0.7283, time 338.50ms, mfu 1.86%
iter 34923: loss 0.7096, time 299.83ms, mfu 1.91%
iter 34924: loss 0.6491, time 311.82ms, mfu 1.94%
iter 34925: loss 0.6804, time 477.87ms, mfu 1.90%
iter 34926: loss 0.7142, time 269.17ms, mfu 1.97%
iter 34927: loss 0.6325, time 411.13ms, mfu 1.95%
iter 34928: loss 0.6822, time 390.04ms, mfu 1.93%
iter 34929: loss 0.6458, time 238.46ms, mfu 2.04%
iter 34930: loss 0.7806, time 448.55ms, mfu 1.99%
iter 34931: loss 0.6789, time 442.05ms, mfu 1.95%
iter 34932: loss 0.6368, time 270.24ms, mfu 2.02%
iter 34933: loss 0.8426, time 442.12ms, mfu 1.98%
iter 34934: loss 0.7546, time 433.12ms, mfu 1.94%
iter 34935: loss 0.7644, time 304.02ms, mfu 1.98%
iter 34936: loss 0.6741, time 284.12ms, mfu 2.03%
iter 34937: loss 0.7995, time 553.93ms, mfu 1.96%
iter 34938: loss 0.6595, time 427.79ms, mfu 1.93%
iter 34939: loss 0.7441, time 329.71ms, mfu 1.95%
iter 34940: loss 0.7225, time 422.44ms, mfu 1.92%
iter 34941: loss 0.7823, time 389.91ms, mfu 1.91%
iter 34942: loss 0.6635, time 433.66ms, mfu 1.88%
iter 34943: loss 0.7753, time 447.38ms, mfu 1.85%
iter 34944: loss 0.6951, time 329.54ms, mfu 1.88%
iter 34945: loss 0.6729, time 432.82ms, mfu 1.86%
iter 34946: loss 0.6735, time 625.61ms, mfu 1.79%
iter 34947: loss 0.6426, time 351.54ms, mfu 1.81%
iter 34948: loss 0.7185, time 332.03ms, mfu 1.84%
iter 34949: loss 0.7069, time 429.44ms, mfu 1.82%
iter 34950: loss 0.7064, time 358.07ms, mfu 1.84%
iter 34951: loss 0.7031, time 381.05ms, mfu 1.84%
iter 34952: loss 0.7920, time 350.20ms, mfu 1.86%
iter 34953: loss 0.7726, time 460.19ms, mfu 1.83%
iter 34954: loss 0.8569, time 364.00ms, mfu 1.84%
iter 34955: loss 0.6019, time 370.95ms, mfu 1.85%
iter 34956: loss 0.7370, time 349.08ms, mfu 1.86%
iter 34957: loss 0.7631, time 619.83ms, mfu 1.79%
iter 34958: loss 0.8099, time 441.83ms, mfu 1.77%
iter 34959: loss 0.6977, time 399.66ms, mfu 1.77%
iter 34960: loss 0.7642, time 424.68ms, mfu 1.76%
iter 34961: loss 0.6934, time 432.87ms, mfu 1.75%
iter 34962: loss 0.6219, time 460.63ms, mfu 1.73%
iter 34963: loss 0.7519, time 354.80ms, mfu 1.76%
iter 34964: loss 0.6982, time 337.76ms, mfu 1.79%
iter 34965: loss 0.7410, time 395.95ms, mfu 1.79%
iter 34966: loss 0.7908, time 489.23ms, mfu 1.76%
iter 34967: loss 0.6769, time 350.20ms, mfu 1.78%
iter 34968: loss 0.7844, time 304.49ms, mfu 1.84%
iter 34969: loss 0.7375, time 447.36ms, mfu 1.81%
iter 34970: loss 0.6898, time 293.28ms, mfu 1.87%
iter 34971: loss 0.7785, time 501.27ms, mfu 1.83%
iter 34972: loss 0.7277, time 379.44ms, mfu 1.83%
iter 34973: loss 0.7682, time 264.10ms, mfu 1.92%
iter 34974: loss 0.8178, time 363.06ms, mfu 1.92%
iter 34975: loss 0.6680, time 330.44ms, mfu 1.94%
iter 34976: loss 0.6974, time 362.14ms, mfu 1.94%
iter 34977: loss 0.7281, time 500.06ms, mfu 1.89%
iter 34978: loss 0.7698, time 306.53ms, mfu 1.93%
iter 34979: loss 0.6396, time 491.37ms, mfu 1.88%
iter 34980: loss 0.7865, time 333.94ms, mfu 1.91%
iter 34981: loss 0.7521, time 451.43ms, mfu 1.87%
iter 34982: loss 0.7287, time 233.09ms, mfu 1.99%
iter 34983: loss 0.7344, time 335.37ms, mfu 2.00%
iter 34984: loss 0.6768, time 482.30ms, mfu 1.95%
iter 34985: loss 0.6924, time 422.93ms, mfu 1.92%
iter 34986: loss 0.7558, time 440.92ms, mfu 1.89%
iter 34987: loss 0.6658, time 271.32ms, mfu 1.96%
iter 34988: loss 0.6977, time 383.81ms, mfu 1.95%
iter 34989: loss 0.7124, time 423.25ms, mfu 1.92%
iter 34990: loss 0.7352, time 291.08ms, mfu 1.97%
iter 34991: loss 0.7871, time 478.70ms, mfu 1.93%
iter 34992: loss 0.6776, time 420.70ms, mfu 1.90%
iter 34993: loss 0.6945, time 356.67ms, mfu 1.91%
iter 34994: loss 0.6314, time 390.56ms, mfu 1.90%
iter 34995: loss 0.7177, time 300.40ms, mfu 1.95%
iter 34996: loss 0.7446, time 563.87ms, mfu 1.88%
iter 34997: loss 0.6456, time 436.78ms, mfu 1.85%
iter 34998: loss 0.7549, time 476.93ms, mfu 1.82%
iter 34999: loss 0.7933, time 308.61ms, mfu 1.86%
step 35000: train loss 0.7160, val loss 0.7108
saving checkpoint to /tmpdir/m24047brmn/numbers/model_checkpoints/sme_vardig_e9_numw2_curr_stage_v1/ckpt_iter35000.pt
  new best val loss: 0.7108
iter 35000: loss 0.8061, time 13695.76ms, mfu 1.68%
  === DIAG iter 35000 ===
  loss: 0.8061
  grads: total 1.0000, transformer 0.1763, adapter 0.9843
  <NUM> input tokens: 473/3072 (15.4%)
  lr: base 5.52e-05, adapter 2.76e-05
  SME accuracy: overall 0.414, sign 0.951, exp 0.806, digit 0.232, end 0.880 [d0 0.748 d1 0.341 d2 0.155 d3 0.075 d4 0.132 d5 0.083 d6 0.114 d7 0.118 d8 0.100 d9 0.222 d10 0.205 d11 0.189 d12 0.188 d13 0.185 d14 0.118] (1317 SME tokens)
  --- Sample eval (val) ---
  D7D5D8D7D3END
    target: 7.481e+08 9.471e+08
    pred:   7.151e+08 8.001e+08
    error:  32980017.00 147004317.36

  SORT: <-6.95635e-06> <0> <7.80458e+08> <-1.03081e+07> →
    target: -1.031e+07 -6.956e-06 0 7.805e+08
    pred:   -1.001e+06 -6.82e-06 0 7.121e+08
    error:  9306949.00 0.00 0.00 68347154.24

  COUNT: <-24> <-4.91015e+08> <5.981e+07> <1e+09> <7.37311e+08> <0> <-3.26876e-08> →
    target: 7
    pred:   7
    error:  0.00

  D1D8D2D8D9D1D4D6D5D2D9END
    target: 6.24e+08
    pred:   5.111e+08
    error:  112926871.00

  SORT: <0> <4.90883e+08> <-8.46478e+08> <6.65218e+08> <9.41725e+08> <7.47463e+07> <-1e+09> <40.9256> <-0.000727962> <5.28869e+08> →
    target: -1e+09 -8.465e+08 -0.000728 0 40.93 7.475e+07 4.909e+08 5.289e+08 6.652e+08 9.417e+08
    pred:   -1e+09 -8.111e+08 -0.0007291 0 40.96 7.521e+07 4.991e+08 5.851e+08 6.101e+08 9.531e+08
    error:  0.00 35366209.00 0.00 0.00 0.03 464792.00 8227688.00 56242146.00 55106724.60 11386189.66

iter 35001: loss 0.7734, time 309.03ms, mfu 1.74%
iter 35002: loss 0.8322, time 377.89ms, mfu 1.76%
iter 35003: loss 0.7060, time 304.08ms, mfu 1.81%
iter 35004: loss 0.6828, time 337.14ms, mfu 1.84%
iter 35005: loss 0.7708, time 282.23ms, mfu 1.91%
iter 35006: loss 0.7171, time 232.61ms, mfu 2.02%
iter 35007: loss 0.6996, time 386.90ms, mfu 2.00%
iter 35008: loss 0.7314, time 426.26ms, mfu 1.97%
iter 35009: loss 0.6928, time 350.71ms, mfu 1.98%
iter 35010: loss 0.6981, time 301.70ms, mfu 2.01%
iter 35011: loss 0.7248, time 337.28ms, mfu 2.02%
iter 35012: loss 0.7721, time 412.95ms, mfu 1.99%
iter 35013: loss 0.7044, time 370.18ms, mfu 1.98%
iter 35014: loss 0.8053, time 349.48ms, mfu 1.99%
iter 35015: loss 0.7083, time 311.78ms, mfu 2.02%
iter 35016: loss 0.7160, time 322.37ms, mfu 2.03%
iter 35017: loss 0.5714, time 411.26ms, mfu 2.00%
iter 35018: loss 0.7634, time 354.81ms, mfu 2.00%
iter 35019: loss 0.6817, time 398.03ms, mfu 1.98%
iter 35020: loss 0.7736, time 482.54ms, mfu 1.93%
iter 35021: loss 0.7865, time 420.42ms, mfu 1.90%
iter 35022: loss 0.7250, time 333.98ms, mfu 1.93%
iter 35023: loss 0.8089, time 321.50ms, mfu 1.95%
iter 35024: loss 0.7940, time 417.83ms, mfu 1.93%
iter 35025: loss 0.6758, time 348.97ms, mfu 1.94%
iter 35026: loss 0.7715, time 600.54ms, mfu 1.86%
iter 35027: loss 0.7963, time 350.26ms, mfu 1.88%
iter 35028: loss 0.6866, time 409.93ms, mfu 1.86%
iter 35029: loss 0.6662, time 387.12ms, mfu 1.86%
iter 35030: loss 0.7777, time 433.32ms, mfu 1.84%
iter 35031: loss 0.7753, time 353.44ms, mfu 1.85%
iter 35032: loss 0.7066, time 366.74ms, mfu 1.86%
iter 35033: loss 0.7001, time 294.86ms, mfu 1.92%
iter 35034: loss 0.7085, time 308.58ms, mfu 1.95%
iter 35035: loss 0.7253, time 374.57ms, mfu 1.95%
iter 35036: loss 0.7055, time 425.54ms, mfu 1.92%
iter 35037: loss 0.7632, time 421.12ms, mfu 1.90%
iter 35038: loss 0.6963, time 349.64ms, mfu 1.91%
iter 35039: loss 0.7181, time 421.25ms, mfu 1.89%
iter 35040: loss 0.6825, time 288.66ms, mfu 1.94%
iter 35041: loss 0.6788, time 409.87ms, mfu 1.92%
iter 35042: loss 0.7013, time 403.00ms, mfu 1.91%
iter 35043: loss 0.7226, time 439.78ms, mfu 1.88%
iter 35044: loss 0.7472, time 408.14ms, mfu 1.86%
iter 35045: loss 0.7842, time 312.79ms, mfu 1.90%
iter 35046: loss 0.7435, time 492.51ms, mfu 1.86%
iter 35047: loss 0.7197, time 491.93ms, mfu 1.81%
iter 35048: loss 0.5904, time 341.04ms, mfu 1.84%
iter 35049: loss 0.6838, time 283.94ms, mfu 1.91%
iter 35050: loss 0.6035, time 448.54ms, mfu 1.87%
iter 35051: loss 0.6639, time 378.50ms, mfu 1.87%
iter 35052: loss 0.6685, time 423.43ms, mfu 1.85%
iter 35053: loss 0.6519, time 400.66ms, mfu 1.85%
iter 35054: loss 0.6617, time 316.39ms, mfu 1.88%
iter 35055: loss 0.7545, time 370.19ms, mfu 1.89%
iter 35056: loss 0.7997, time 430.15ms, mfu 1.86%
iter 35057: loss 0.7169, time 324.12ms, mfu 1.90%
iter 35058: loss 0.8060, time 536.90ms, mfu 1.84%
iter 35059: loss 0.7407, time 412.97ms, mfu 1.83%
iter 35060: loss 0.7023, time 345.08ms, mfu 1.85%
iter 35061: loss 0.7591, time 448.94ms, mfu 1.82%
iter 35062: loss 0.6604, time 395.72ms, mfu 1.82%
iter 35063: loss 0.7109, time 520.17ms, mfu 1.77%
iter 35064: loss 0.7079, time 357.40ms, mfu 1.79%
iter 35065: loss 0.7338, time 268.10ms, mfu 1.88%
iter 35066: loss 0.6846, time 508.56ms, mfu 1.83%
iter 35067: loss 0.6675, time 256.33ms, mfu 1.92%
iter 35068: loss 0.7059, time 287.99ms, mfu 1.98%
iter 35069: loss 0.7565, time 427.57ms, mfu 1.95%
iter 35070: loss 0.7570, time 358.51ms, mfu 1.95%
iter 35071: loss 0.7088, time 293.87ms, mfu 2.00%
iter 35072: loss 0.7021, time 357.38ms, mfu 1.99%
iter 35073: loss 0.6504, time 339.82ms, mfu 2.00%
iter 35074: loss 0.6738, time 292.54ms, mfu 2.05%
iter 35075: loss 0.7142, time 412.94ms, mfu 2.01%
iter 35076: loss 0.7620, time 439.39ms, mfu 1.97%
iter 35077: loss 0.7237, time 325.43ms, mfu 1.99%
iter 35078: loss 0.7515, time 647.62ms, mfu 1.90%
iter 35079: loss 0.6514, time 400.87ms, mfu 1.89%
iter 35080: loss 0.8383, time 415.72ms, mfu 1.87%
iter 35081: loss 0.6861, time 258.67ms, mfu 1.96%
iter 35082: loss 0.6938, time 351.71ms, mfu 1.96%
iter 35083: loss 0.7332, time 421.94ms, mfu 1.94%
iter 35084: loss 0.7416, time 364.73ms, mfu 1.94%
iter 35085: loss 0.6361, time 454.01ms, mfu 1.90%
iter 35086: loss 0.7476, time 402.33ms, mfu 1.88%
iter 35087: loss 0.6690, time 380.58ms, mfu 1.88%
iter 35088: loss 0.7941, time 221.77ms, mfu 2.01%
iter 35089: loss 0.7525, time 424.64ms, mfu 1.98%
iter 35090: loss 0.7703, time 489.49ms, mfu 1.93%
iter 35091: loss 0.8052, time 407.99ms, mfu 1.91%
iter 35092: loss 0.7548, time 260.44ms, mfu 1.99%
iter 35093: loss 0.7592, time 409.20ms, mfu 1.96%
iter 35094: loss 0.7610, time 460.12ms, mfu 1.92%
iter 35095: loss 0.7523, time 385.47ms, mfu 1.91%
iter 35096: loss 0.6849, time 264.59ms, mfu 1.99%
iter 35097: loss 0.7634, time 473.19ms, mfu 1.94%
iter 35098: loss 0.7292, time 344.69ms, mfu 1.95%
iter 35099: loss 0.7900, time 433.87ms, mfu 1.92%
iter 35100: loss 0.6103, time 460.39ms, mfu 1.88%
  === DIAG iter 35100 ===
  loss: 0.6103
  grads: total 1.0000, transformer 0.1440, adapter 0.9896
  <NUM> input tokens: 403/3072 (13.1%)
  lr: base 5.46e-05, adapter 2.73e-05
  SME accuracy: overall 0.517, sign 0.973, exp 0.964, digit 0.331, end 0.833 [d0 0.840 d1 0.507 d2 0.268 d3 0.224 d4 0.169 d5 0.167 d6 0.170 d7 0.130 d8 0.081 d9 0.241 d10 0.400 d11 0.273 d12 0.333 d13 0.200 d14 0.143] (1042 SME tokens)
iter 35101: loss 0.7769, time 234.38ms, mfu 2.00%
iter 35102: loss 0.7796, time 345.83ms, mfu 2.00%
iter 35103: loss 0.7415, time 478.09ms, mfu 1.95%
iter 35104: loss 0.6419, time 478.72ms, mfu 1.90%
iter 35105: loss 0.7495, time 266.61ms, mfu 1.98%
iter 35106: loss 0.7033, time 471.33ms, mfu 1.93%
iter 35107: loss 0.7087, time 353.35ms, mfu 1.94%
iter 35108: loss 0.7627, time 373.32ms, mfu 1.93%
iter 35109: loss 0.7813, time 458.48ms, mfu 1.90%
iter 35110: loss 0.7572, time 515.94ms, mfu 1.84%
iter 35111: loss 0.7639, time 439.56ms, mfu 1.82%
iter 35112: loss 0.6953, time 307.27ms, mfu 1.87%
iter 35113: loss 0.7311, time 504.09ms, mfu 1.82%
iter 35114: loss 0.5896, time 346.46ms, mfu 1.84%
iter 35115: loss 0.7588, time 330.48ms, mfu 1.87%
iter 35116: loss 0.6524, time 321.93ms, mfu 1.91%
iter 35117: loss 0.7333, time 463.07ms, mfu 1.87%
iter 35118: loss 0.7625, time 369.50ms, mfu 1.87%
iter 35119: loss 0.7798, time 359.22ms, mfu 1.88%
iter 35120: loss 0.7474, time 270.49ms, mfu 1.96%
iter 35121: loss 0.6982, time 300.22ms, mfu 2.00%
iter 35122: loss 0.7737, time 406.60ms, mfu 1.97%
iter 35123: loss 0.6741, time 339.36ms, mfu 1.98%
iter 35124: loss 0.7103, time 354.24ms, mfu 1.99%
iter 35125: loss 0.6947, time 406.31ms, mfu 1.96%
iter 35126: loss 0.7451, time 519.79ms, mfu 1.90%
iter 35127: loss 0.7826, time 334.88ms, mfu 1.92%
iter 35128: loss 0.6955, time 460.88ms, mfu 1.88%
iter 35129: loss 0.7305, time 480.65ms, mfu 1.84%
iter 35130: loss 0.7743, time 505.01ms, mfu 1.80%
iter 35131: loss 0.6578, time 378.85ms, mfu 1.81%
iter 35132: loss 0.7800, time 287.17ms, mfu 1.87%
iter 35133: loss 0.8169, time 357.88ms, mfu 1.88%
iter 35134: loss 0.7256, time 388.11ms, mfu 1.88%
iter 35135: loss 0.6901, time 410.82ms, mfu 1.86%
iter 35136: loss 0.7182, time 352.11ms, mfu 1.88%
iter 35137: loss 0.6991, time 341.82ms, mfu 1.90%
iter 35138: loss 0.7953, time 319.69ms, mfu 1.93%
iter 35139: loss 0.6703, time 376.00ms, mfu 1.92%
iter 35140: loss 0.6994, time 306.49ms, mfu 1.96%
iter 35141: loss 0.6949, time 450.18ms, mfu 1.92%
iter 35142: loss 0.6126, time 393.47ms, mfu 1.91%
iter 35143: loss 0.6572, time 483.45ms, mfu 1.87%
iter 35144: loss 0.7498, time 431.31ms, mfu 1.85%
iter 35145: loss 0.8305, time 379.65ms, mfu 1.85%
iter 35146: loss 0.8083, time 464.96ms, mfu 1.82%
iter 35147: loss 0.7235, time 420.17ms, mfu 1.80%
iter 35148: loss 0.6627, time 359.30ms, mfu 1.82%
iter 35149: loss 0.7809, time 480.34ms, mfu 1.78%
iter 35150: loss 0.7566, time 263.20ms, mfu 1.88%
iter 35151: loss 0.7808, time 383.47ms, mfu 1.87%
iter 35152: loss 0.6727, time 407.70ms, mfu 1.86%
iter 35153: loss 0.6999, time 438.83ms, mfu 1.83%
iter 35154: loss 0.7464, time 487.28ms, mfu 1.80%
iter 35155: loss 0.6580, time 437.03ms, mfu 1.78%
iter 35156: loss 0.7342, time 346.56ms, mfu 1.81%
iter 35157: loss 0.8169, time 398.43ms, mfu 1.80%
iter 35158: loss 0.7367, time 536.70ms, mfu 1.75%
iter 35159: loss 0.7666, time 304.45ms, mfu 1.81%
iter 35160: loss 0.6313, time 511.18ms, mfu 1.77%
iter 35161: loss 0.7675, time 245.79ms, mfu 1.88%
iter 35162: loss 0.6329, time 388.90ms, mfu 1.88%
iter 35163: loss 0.7751, time 377.33ms, mfu 1.88%
iter 35164: loss 0.6570, time 412.06ms, mfu 1.86%
iter 35165: loss 0.6748, time 349.64ms, mfu 1.88%
iter 35166: loss 0.7698, time 451.43ms, mfu 1.85%
iter 35167: loss 0.6766, time 381.71ms, mfu 1.85%
iter 35168: loss 0.7178, time 297.01ms, mfu 1.90%
iter 35169: loss 0.6876, time 262.48ms, mfu 1.98%
iter 35170: loss 0.6260, time 398.38ms, mfu 1.96%
iter 35171: loss 0.7468, time 351.58ms, mfu 1.97%
iter 35172: loss 0.7973, time 569.68ms, mfu 1.89%
iter 35173: loss 0.7297, time 442.39ms, mfu 1.86%
iter 35174: loss 0.8722, time 298.89ms, mfu 1.92%
iter 35175: loss 0.6561, time 288.24ms, mfu 1.97%
iter 35176: loss 0.6923, time 356.69ms, mfu 1.97%
iter 35177: loss 0.6958, time 240.79ms, mfu 2.07%
iter 35178: loss 0.7317, time 449.11ms, mfu 2.02%
iter 35179: loss 0.6025, time 275.24ms, mfu 2.08%
iter 35180: loss 0.7318, time 330.53ms, mfu 2.08%
iter 35181: loss 0.7166, time 345.79ms, mfu 2.08%
iter 35182: loss 0.7326, time 434.72ms, mfu 2.03%
iter 35183: loss 0.6991, time 482.22ms, mfu 1.98%
iter 35184: loss 0.6922, time 362.47ms, mfu 1.98%
iter 35185: loss 0.7373, time 399.29ms, mfu 1.96%
iter 35186: loss 0.6958, time 333.98ms, mfu 1.97%
iter 35187: loss 0.7417, time 502.06ms, mfu 1.92%
iter 35188: loss 0.7714, time 423.12ms, mfu 1.89%
iter 35189: loss 0.6171, time 351.65ms, mfu 1.90%
iter 35190: loss 0.7414, time 310.14ms, mfu 1.94%
iter 35191: loss 0.7582, time 384.10ms, mfu 1.93%
iter 35192: loss 0.7075, time 333.29ms, mfu 1.95%
iter 35193: loss 0.7655, time 267.58ms, mfu 2.02%
iter 35194: loss 0.7166, time 427.11ms, mfu 1.99%
iter 35195: loss 0.7205, time 432.25ms, mfu 1.95%
iter 35196: loss 0.6689, time 436.62ms, mfu 1.92%
iter 35197: loss 0.7407, time 321.50ms, mfu 1.95%
iter 35198: loss 0.7789, time 583.07ms, mfu 1.87%
iter 35199: loss 0.6597, time 493.71ms, mfu 1.83%
iter 35200: loss 0.7583, time 477.90ms, mfu 1.80%
  === DIAG iter 35200 ===
  loss: 0.7583
  grads: total 1.0000, transformer 0.1576, adapter 0.9875
  <NUM> input tokens: 466/3072 (15.2%)
  lr: base 5.40e-05, adapter 2.70e-05
  SME accuracy: overall 0.446, sign 0.965, exp 0.939, digit 0.266, end 0.867 [d0 0.866 d1 0.438 d2 0.352 d3 0.133 d4 0.136 d5 0.135 d6 0.101 d7 0.134 d8 0.066 d9 0.143 d10 0.054 d11 0.094 d12 0.120 d13 0.188 d14 0.182] (1252 SME tokens)
iter 35201: loss 0.7705, time 252.07ms, mfu 1.90%
iter 35202: loss 0.8375, time 372.93ms, mfu 1.90%
iter 35203: loss 0.6991, time 259.72ms, mfu 1.98%
iter 35204: loss 0.7093, time 447.01ms, mfu 1.94%
iter 35205: loss 0.6660, time 313.05ms, mfu 1.97%
iter 35206: loss 0.7034, time 220.52ms, mfu 2.10%
iter 35207: loss 0.7028, time 307.50ms, mfu 2.12%
iter 35208: loss 0.7329, time 403.86ms, mfu 2.08%
iter 35209: loss 0.7073, time 323.59ms, mfu 2.09%
iter 35210: loss 0.6827, time 462.70ms, mfu 2.04%
iter 35211: loss 0.7033, time 503.60ms, mfu 1.97%
iter 35212: loss 0.6971, time 266.38ms, mfu 2.04%
iter 35213: loss 0.6306, time 383.17ms, mfu 2.02%
iter 35214: loss 0.6110, time 575.52ms, mfu 1.94%
iter 35215: loss 0.6623, time 305.51ms, mfu 1.98%
iter 35216: loss 0.7329, time 347.94ms, mfu 1.99%
iter 35217: loss 0.6715, time 321.75ms, mfu 2.01%
iter 35218: loss 0.6463, time 388.16ms, mfu 1.99%
iter 35219: loss 0.6637, time 305.27ms, mfu 2.02%
iter 35220: loss 0.7078, time 424.26ms, mfu 1.99%
iter 35221: loss 0.6786, time 479.37ms, mfu 1.94%
iter 35222: loss 0.7126, time 334.67ms, mfu 1.96%
iter 35223: loss 0.6878, time 416.01ms, mfu 1.93%
iter 35224: loss 0.8124, time 380.54ms, mfu 1.92%
iter 35225: loss 0.6747, time 533.82ms, mfu 1.86%
iter 35226: loss 0.7466, time 336.83ms, mfu 1.89%
iter 35227: loss 0.6526, time 415.37ms, mfu 1.87%
iter 35228: loss 0.7368, time 383.43ms, mfu 1.87%
iter 35229: loss 0.6896, time 394.33ms, mfu 1.86%
iter 35230: loss 0.7583, time 454.10ms, mfu 1.83%
iter 35231: loss 0.6852, time 420.86ms, mfu 1.82%
iter 35232: loss 0.6615, time 290.44ms, mfu 1.88%
iter 35233: loss 0.6900, time 344.82ms, mfu 1.90%
iter 35234: loss 0.6996, time 336.85ms, mfu 1.92%
iter 35235: loss 0.6740, time 382.69ms, mfu 1.91%
iter 35236: loss 0.7162, time 362.76ms, mfu 1.91%
iter 35237: loss 0.7438, time 295.85ms, mfu 1.96%
iter 35238: loss 0.6920, time 305.45ms, mfu 2.00%
iter 35239: loss 0.7703, time 342.70ms, mfu 2.01%
iter 35240: loss 0.6687, time 439.89ms, mfu 1.97%
iter 35241: loss 0.6007, time 322.13ms, mfu 1.99%
iter 35242: loss 0.8072, time 315.26ms, mfu 2.02%
iter 35243: loss 0.7576, time 311.86ms, mfu 2.04%
iter 35244: loss 0.7201, time 298.74ms, mfu 2.07%
iter 35245: loss 0.7761, time 394.65ms, mfu 2.05%
iter 35246: loss 0.6048, time 337.23ms, mfu 2.05%
iter 35247: loss 0.7145, time 355.10ms, mfu 2.05%
iter 35248: loss 0.5720, time 395.26ms, mfu 2.02%
iter 35249: loss 0.7483, time 387.73ms, mfu 2.00%
iter 35250: loss 0.6876, time 380.07ms, mfu 1.99%
iter 35251: loss 0.6990, time 323.96ms, mfu 2.01%
iter 35252: loss 0.7159, time 415.99ms, mfu 1.98%
iter 35253: loss 0.6823, time 467.12ms, mfu 1.93%
iter 35254: loss 0.6816, time 372.16ms, mfu 1.93%
iter 35255: loss 0.6885, time 668.47ms, mfu 1.84%
iter 35256: loss 0.7362, time 386.84ms, mfu 1.84%
iter 35257: loss 0.7142, time 377.62ms, mfu 1.84%
iter 35258: loss 0.7689, time 292.24ms, mfu 1.90%
iter 35259: loss 0.6800, time 497.47ms, mfu 1.85%
iter 35260: loss 0.7761, time 357.29ms, mfu 1.87%
iter 35261: loss 0.6720, time 303.54ms, mfu 1.91%
iter 35262: loss 0.6559, time 323.84ms, mfu 1.94%
iter 35263: loss 0.7547, time 415.24ms, mfu 1.92%
iter 35264: loss 0.7444, time 327.87ms, mfu 1.94%
iter 35265: loss 0.7828, time 344.53ms, mfu 1.95%
iter 35266: loss 0.7536, time 533.72ms, mfu 1.89%
iter 35267: loss 0.7100, time 339.11ms, mfu 1.91%
iter 35268: loss 0.6630, time 381.22ms, mfu 1.91%
iter 35269: loss 0.7506, time 495.74ms, mfu 1.86%
iter 35270: loss 0.8271, time 338.10ms, mfu 1.88%
iter 35271: loss 0.6649, time 319.02ms, mfu 1.92%
iter 35272: loss 0.7000, time 360.96ms, mfu 1.92%
iter 35273: loss 0.7124, time 351.24ms, mfu 1.93%
iter 35274: loss 0.6596, time 291.21ms, mfu 1.98%
iter 35275: loss 0.6779, time 372.58ms, mfu 1.97%
iter 35276: loss 0.7460, time 304.62ms, mfu 2.01%
iter 35277: loss 0.7374, time 526.23ms, mfu 1.94%
iter 35278: loss 0.6899, time 433.44ms, mfu 1.91%
iter 35279: loss 0.6673, time 362.79ms, mfu 1.92%
iter 35280: loss 0.7218, time 381.34ms, mfu 1.91%
iter 35281: loss 0.6371, time 466.02ms, mfu 1.87%
iter 35282: loss 0.7779, time 415.97ms, mfu 1.85%
iter 35283: loss 0.6696, time 340.14ms, mfu 1.88%
iter 35284: loss 0.7494, time 468.20ms, mfu 1.84%
iter 35285: loss 0.7242, time 388.40ms, mfu 1.84%
iter 35286: loss 0.7033, time 276.72ms, mfu 1.91%
iter 35287: loss 0.7721, time 406.52ms, mfu 1.89%
iter 35288: loss 0.7199, time 374.06ms, mfu 1.89%
iter 35289: loss 0.7061, time 491.65ms, mfu 1.85%
iter 35290: loss 0.7093, time 509.46ms, mfu 1.80%
iter 35291: loss 0.6793, time 404.40ms, mfu 1.80%
iter 35292: loss 0.7064, time 427.90ms, mfu 1.78%
iter 35293: loss 0.6928, time 362.07ms, mfu 1.80%
iter 35294: loss 0.7090, time 330.91ms, mfu 1.84%
iter 35295: loss 0.6530, time 381.96ms, mfu 1.84%
iter 35296: loss 0.6759, time 510.01ms, mfu 1.79%
iter 35297: loss 0.7786, time 367.08ms, mfu 1.81%
iter 35298: loss 0.6812, time 400.83ms, mfu 1.80%
iter 35299: loss 0.6810, time 251.38ms, mfu 1.90%
iter 35300: loss 0.6823, time 655.51ms, mfu 1.82%
  === DIAG iter 35300 ===
  loss: 0.6823
  grads: total 1.0000, transformer 0.2297, adapter 0.9733
  <NUM> input tokens: 469/3072 (15.3%)
  lr: base 5.34e-05, adapter 2.67e-05
  SME accuracy: overall 0.456, sign 0.963, exp 0.953, digit 0.262, end 0.889 [d0 0.845 d1 0.416 d2 0.271 d3 0.118 d4 0.078 d5 0.129 d6 0.086 d7 0.143 d8 0.100 d9 0.162 d10 0.156 d11 0.172 d12 0.174 d13 0.111 d14 0.182] (1117 SME tokens)
iter 35301: loss 0.7107, time 233.64ms, mfu 1.94%
iter 35302: loss 0.6523, time 263.37ms, mfu 2.02%
iter 35303: loss 0.5890, time 460.64ms, mfu 1.97%
iter 35304: loss 0.6457, time 305.64ms, mfu 2.00%
iter 35305: loss 0.6566, time 339.38ms, mfu 2.01%
iter 35306: loss 0.6901, time 390.86ms, mfu 1.99%
iter 35307: loss 0.6925, time 244.47ms, mfu 2.08%
iter 35308: loss 0.6505, time 362.27ms, mfu 2.07%
iter 35309: loss 0.6731, time 403.07ms, mfu 2.04%
iter 35310: loss 0.7495, time 329.73ms, mfu 2.05%
iter 35311: loss 0.6710, time 480.30ms, mfu 1.99%
iter 35312: loss 0.7908, time 308.63ms, mfu 2.02%
iter 35313: loss 0.7554, time 345.17ms, mfu 2.03%
iter 35314: loss 0.6964, time 370.48ms, mfu 2.02%
iter 35315: loss 0.6213, time 406.94ms, mfu 1.99%
iter 35316: loss 0.7362, time 548.86ms, mfu 1.92%
iter 35317: loss 0.6855, time 355.68ms, mfu 1.93%
iter 35318: loss 0.7243, time 397.45ms, mfu 1.91%
iter 35319: loss 0.6866, time 332.70ms, mfu 1.93%
iter 35320: loss 0.7192, time 335.16ms, mfu 1.95%
iter 35321: loss 0.7854, time 335.30ms, mfu 1.97%
iter 35322: loss 0.6905, time 425.30ms, mfu 1.94%
iter 35323: loss 0.7417, time 447.88ms, mfu 1.90%
iter 35324: loss 0.6892, time 465.44ms, mfu 1.86%
iter 35325: loss 0.7026, time 413.72ms, mfu 1.85%
iter 35326: loss 0.7931, time 283.20ms, mfu 1.91%
iter 35327: loss 0.7839, time 323.02ms, mfu 1.94%
iter 35328: loss 0.7472, time 354.51ms, mfu 1.95%
iter 35329: loss 0.7323, time 329.61ms, mfu 1.97%
iter 35330: loss 0.6627, time 406.54ms, mfu 1.95%
iter 35331: loss 0.7313, time 308.02ms, mfu 1.98%
iter 35332: loss 0.6741, time 365.64ms, mfu 1.98%
iter 35333: loss 0.7306, time 414.57ms, mfu 1.95%
iter 35334: loss 0.7347, time 373.73ms, mfu 1.94%
iter 35335: loss 0.6878, time 449.84ms, mfu 1.91%
iter 35336: loss 0.7290, time 404.24ms, mfu 1.89%
iter 35337: loss 0.6794, time 434.35ms, mfu 1.87%
iter 35338: loss 0.6988, time 507.25ms, mfu 1.82%
iter 35339: loss 0.6862, time 420.88ms, mfu 1.81%
iter 35340: loss 0.7381, time 387.47ms, mfu 1.81%
iter 35341: loss 0.6278, time 326.05ms, mfu 1.84%
iter 35342: loss 0.7070, time 414.89ms, mfu 1.83%
iter 35343: loss 0.6885, time 419.13ms, mfu 1.82%
iter 35344: loss 0.8607, time 384.16ms, mfu 1.82%
iter 35345: loss 0.7085, time 275.18ms, mfu 1.90%
iter 35346: loss 0.7400, time 447.57ms, mfu 1.86%
iter 35347: loss 0.6371, time 357.28ms, mfu 1.88%
iter 35348: loss 0.6658, time 249.76ms, mfu 1.97%
iter 35349: loss 0.6504, time 439.54ms, mfu 1.94%
iter 35350: loss 0.6940, time 507.84ms, mfu 1.88%
iter 35351: loss 0.6696, time 321.15ms, mfu 1.91%
iter 35352: loss 0.6467, time 503.45ms, mfu 1.86%
iter 35353: loss 0.7656, time 481.17ms, mfu 1.82%
iter 35354: loss 0.6917, time 372.09ms, mfu 1.83%
iter 35355: loss 0.6620, time 291.28ms, mfu 1.89%
iter 35356: loss 0.6264, time 404.13ms, mfu 1.88%
iter 35357: loss 0.7165, time 357.06ms, mfu 1.89%
iter 35358: loss 0.7069, time 220.55ms, mfu 2.02%
iter 35359: loss 0.7699, time 425.91ms, mfu 1.99%
iter 35360: loss 0.6871, time 307.98ms, mfu 2.02%
iter 35361: loss 0.7051, time 386.43ms, mfu 2.00%
iter 35362: loss 0.6042, time 395.47ms, mfu 1.98%
iter 35363: loss 0.6615, time 392.13ms, mfu 1.96%
iter 35364: loss 0.7065, time 368.89ms, mfu 1.96%
iter 35365: loss 0.6387, time 277.22ms, mfu 2.02%
iter 35366: loss 0.7246, time 471.87ms, mfu 1.97%
iter 35367: loss 0.6348, time 412.01ms, mfu 1.94%
iter 35368: loss 0.6980, time 419.51ms, mfu 1.92%
iter 35369: loss 0.7116, time 418.96ms, mfu 1.89%
iter 35370: loss 0.6406, time 459.56ms, mfu 1.86%
iter 35371: loss 0.7040, time 410.39ms, mfu 1.85%
iter 35372: loss 0.7470, time 324.04ms, mfu 1.88%
iter 35373: loss 0.5833, time 389.74ms, mfu 1.87%
iter 35374: loss 0.7616, time 532.26ms, mfu 1.82%
iter 35375: loss 0.7075, time 433.54ms, mfu 1.80%
iter 35376: loss 0.6735, time 383.00ms, mfu 1.81%
iter 35377: loss 0.7201, time 367.15ms, mfu 1.82%
iter 35378: loss 0.6598, time 270.31ms, mfu 1.90%
iter 35379: loss 0.7655, time 319.62ms, mfu 1.93%
iter 35380: loss 0.6769, time 386.56ms, mfu 1.92%
iter 35381: loss 0.6400, time 504.95ms, mfu 1.87%
iter 35382: loss 0.6929, time 348.47ms, mfu 1.89%
iter 35383: loss 0.7788, time 446.74ms, mfu 1.86%
iter 35384: loss 0.6992, time 290.17ms, mfu 1.91%
iter 35385: loss 0.7149, time 459.37ms, mfu 1.88%
iter 35386: loss 0.6825, time 355.81ms, mfu 1.89%
iter 35387: loss 0.6661, time 678.24ms, mfu 1.80%
iter 35388: loss 0.7940, time 360.54ms, mfu 1.82%
iter 35389: loss 0.6358, time 333.12ms, mfu 1.85%
iter 35390: loss 0.6492, time 326.59ms, mfu 1.88%
iter 35391: loss 0.7234, time 271.25ms, mfu 1.96%
iter 35392: loss 0.7372, time 362.13ms, mfu 1.96%
iter 35393: loss 0.6728, time 446.07ms, mfu 1.92%
iter 35394: loss 0.7005, time 315.05ms, mfu 1.95%
iter 35395: loss 0.6274, time 426.38ms, mfu 1.92%
iter 35396: loss 0.7000, time 498.23ms, mfu 1.87%
iter 35397: loss 0.7410, time 292.16ms, mfu 1.93%
iter 35398: loss 0.6821, time 361.90ms, mfu 1.93%
iter 35399: loss 0.7256, time 375.77ms, mfu 1.93%
iter 35400: loss 0.7295, time 677.46ms, mfu 1.84%
  === DIAG iter 35400 ===
  loss: 0.7295
  grads: total 1.0000, transformer 0.1606, adapter 0.9870
  <NUM> input tokens: 420/3072 (13.7%)
  lr: base 5.29e-05, adapter 2.64e-05
  SME accuracy: overall 0.459, sign 0.966, exp 0.941, digit 0.276, end 0.862 [d0 0.883 d1 0.425 d2 0.284 d3 0.182 d4 0.137 d5 0.143 d6 0.121 d7 0.102 d8 0.078 d9 0.206 d10 0.185 d11 0.185 d12 0.174 d13 0.158 d14 0.077] (1242 SME tokens)
iter 35401: loss 0.6744, time 255.67ms, mfu 1.93%
iter 35402: loss 0.7752, time 313.41ms, mfu 1.97%
iter 35403: loss 0.7090, time 300.16ms, mfu 2.00%
iter 35404: loss 0.6275, time 399.00ms, mfu 1.98%
iter 35405: loss 0.7125, time 284.01ms, mfu 2.03%
iter 35406: loss 0.7007, time 468.42ms, mfu 1.98%
iter 35407: loss 0.6954, time 322.19ms, mfu 2.00%
iter 35408: loss 0.7101, time 354.86ms, mfu 2.00%
iter 35409: loss 0.7122, time 418.03ms, mfu 1.97%
iter 35410: loss 0.6566, time 471.39ms, mfu 1.92%
iter 35411: loss 0.6607, time 302.46ms, mfu 1.97%
iter 35412: loss 0.6185, time 286.40ms, mfu 2.02%
iter 35413: loss 0.7300, time 401.21ms, mfu 1.99%
iter 35414: loss 0.6741, time 351.99ms, mfu 1.99%
iter 35415: loss 0.6999, time 497.66ms, mfu 1.94%
iter 35416: loss 0.7362, time 397.27ms, mfu 1.92%
iter 35417: loss 0.7781, time 282.78ms, mfu 1.98%
iter 35418: loss 0.7616, time 470.86ms, mfu 1.93%
iter 35419: loss 0.7519, time 580.06ms, mfu 1.86%
iter 35420: loss 0.7994, time 249.20ms, mfu 1.96%
iter 35421: loss 0.6835, time 396.25ms, mfu 1.94%
iter 35422: loss 0.7137, time 517.87ms, mfu 1.89%
iter 35423: loss 0.7457, time 200.57ms, mfu 2.05%
iter 35424: loss 0.6986, time 446.69ms, mfu 2.00%
iter 35425: loss 0.7124, time 361.15ms, mfu 2.00%
iter 35426: loss 0.7458, time 413.32ms, mfu 1.97%
iter 35427: loss 0.6828, time 351.77ms, mfu 1.98%
iter 35428: loss 0.7169, time 354.96ms, mfu 1.98%
iter 35429: loss 0.6307, time 407.57ms, mfu 1.95%
iter 35430: loss 0.7675, time 235.40ms, mfu 2.06%
iter 35431: loss 0.7586, time 396.03ms, mfu 2.03%
iter 35432: loss 0.7607, time 361.63ms, mfu 2.03%
iter 35433: loss 0.7600, time 251.65ms, mfu 2.10%
iter 35434: loss 0.6848, time 421.98ms, mfu 2.06%
iter 35435: loss 0.6887, time 355.64ms, mfu 2.05%
iter 35436: loss 0.6739, time 443.52ms, mfu 2.01%
iter 35437: loss 0.5997, time 300.39ms, mfu 2.04%
iter 35438: loss 0.7405, time 265.90ms, mfu 2.11%
iter 35439: loss 0.7482, time 231.96ms, mfu 2.20%
iter 35440: loss 0.6935, time 445.42ms, mfu 2.14%
iter 35441: loss 0.7722, time 459.66ms, mfu 2.08%
iter 35442: loss 0.6932, time 432.87ms, mfu 2.04%
iter 35443: loss 0.6983, time 357.78ms, mfu 2.03%
iter 35444: loss 0.6944, time 427.07ms, mfu 1.99%
iter 35445: loss 0.6971, time 472.59ms, mfu 1.94%
iter 35446: loss 0.7549, time 270.18ms, mfu 2.01%
iter 35447: loss 0.7543, time 358.99ms, mfu 2.01%
iter 35448: loss 0.7736, time 370.14ms, mfu 2.00%
iter 35449: loss 0.8400, time 447.31ms, mfu 1.96%
iter 35450: loss 0.7608, time 473.52ms, mfu 1.91%
iter 35451: loss 0.7063, time 304.18ms, mfu 1.95%
iter 35452: loss 0.8340, time 386.51ms, mfu 1.94%
iter 35453: loss 0.7613, time 322.87ms, mfu 1.97%
iter 35454: loss 0.6876, time 301.72ms, mfu 2.00%
iter 35455: loss 0.7540, time 379.95ms, mfu 1.99%
iter 35456: loss 0.7553, time 274.78ms, mfu 2.05%
iter 35457: loss 0.7431, time 269.81ms, mfu 2.11%
iter 35458: loss 0.6156, time 318.02ms, mfu 2.12%
iter 35459: loss 0.6859, time 507.68ms, mfu 2.05%
iter 35460: loss 0.6871, time 435.00ms, mfu 2.01%
iter 35461: loss 0.6948, time 315.14ms, mfu 2.03%
iter 35462: loss 0.7141, time 441.70ms, mfu 1.99%
iter 35463: loss 0.7974, time 401.44ms, mfu 1.97%
iter 35464: loss 0.7246, time 455.87ms, mfu 1.92%
iter 35465: loss 0.6545, time 412.12ms, mfu 1.90%
iter 35466: loss 0.7940, time 277.63ms, mfu 1.97%
iter 35467: loss 0.6665, time 327.53ms, mfu 1.99%
iter 35468: loss 0.7349, time 403.48ms, mfu 1.96%
iter 35469: loss 0.7486, time 371.49ms, mfu 1.96%
iter 35470: loss 0.6986, time 412.87ms, mfu 1.93%
iter 35471: loss 0.6609, time 392.99ms, mfu 1.92%
iter 35472: loss 0.6900, time 407.30ms, mfu 1.90%
iter 35473: loss 0.8020, time 301.19ms, mfu 1.95%
iter 35474: loss 0.7423, time 518.63ms, mfu 1.89%
iter 35475: loss 0.7997, time 356.22ms, mfu 1.90%
iter 35476: loss 0.7511, time 344.37ms, mfu 1.92%
iter 35477: loss 0.6451, time 571.00ms, mfu 1.85%
iter 35478: loss 0.6825, time 414.91ms, mfu 1.83%
iter 35479: loss 0.7575, time 371.39ms, mfu 1.84%
iter 35480: loss 0.6346, time 523.14ms, mfu 1.79%
iter 35481: loss 0.6460, time 411.32ms, mfu 1.79%
iter 35482: loss 0.7049, time 261.11ms, mfu 1.88%
iter 35483: loss 0.6933, time 294.48ms, mfu 1.93%
iter 35484: loss 0.6491, time 354.63ms, mfu 1.94%
iter 35485: loss 0.7261, time 325.43ms, mfu 1.96%
iter 35486: loss 0.6505, time 467.42ms, mfu 1.92%
iter 35487: loss 0.6726, time 439.48ms, mfu 1.89%
iter 35488: loss 0.6987, time 286.10ms, mfu 1.95%
iter 35489: loss 0.7828, time 480.96ms, mfu 1.90%
iter 35490: loss 0.7111, time 383.08ms, mfu 1.89%
iter 35491: loss 0.6188, time 345.69ms, mfu 1.91%
iter 35492: loss 0.7969, time 259.54ms, mfu 1.99%
iter 35493: loss 0.6850, time 355.50ms, mfu 1.99%
iter 35494: loss 0.7567, time 474.79ms, mfu 1.94%
iter 35495: loss 0.7512, time 439.52ms, mfu 1.91%
iter 35496: loss 0.6644, time 376.07ms, mfu 1.91%
iter 35497: loss 0.7583, time 387.62ms, mfu 1.90%
iter 35498: loss 0.6718, time 344.23ms, mfu 1.91%
iter 35499: loss 0.6918, time 400.86ms, mfu 1.90%
iter 35500: loss 0.7620, time 543.49ms, mfu 1.84%
  === DIAG iter 35500 ===
  loss: 0.7620
  grads: total 1.0000, transformer 0.1556, adapter 0.9878
  <NUM> input tokens: 524/3072 (17.1%)
  lr: base 5.23e-05, adapter 2.62e-05
  SME accuracy: overall 0.424, sign 0.972, exp 0.925, digit 0.235, end 0.900 [d0 0.838 d1 0.395 d2 0.179 d3 0.103 d4 0.093 d5 0.082 d6 0.116 d7 0.062 d8 0.089 d9 0.056 d10 0.100 d11 0.077 d12 0.091 d13 0.125 d14 0.167] (1192 SME tokens)
iter 35501: loss 0.7264, time 177.52ms, mfu 2.06%
iter 35502: loss 0.6854, time 388.28ms, mfu 2.03%
iter 35503: loss 0.7974, time 312.15ms, mfu 2.06%
iter 35504: loss 0.6505, time 381.72ms, mfu 2.04%
iter 35505: loss 0.6564, time 358.90ms, mfu 2.03%
iter 35506: loss 0.6721, time 405.77ms, mfu 2.00%
iter 35507: loss 0.7044, time 331.65ms, mfu 2.02%
iter 35508: loss 0.7218, time 369.90ms, mfu 2.01%
iter 35509: loss 0.7298, time 375.19ms, mfu 1.99%
iter 35510: loss 0.7364, time 356.81ms, mfu 1.99%
iter 35511: loss 0.6443, time 343.76ms, mfu 2.00%
iter 35512: loss 0.7110, time 413.14ms, mfu 1.97%
iter 35513: loss 0.6117, time 310.86ms, mfu 2.00%
iter 35514: loss 0.6232, time 312.54ms, mfu 2.03%
iter 35515: loss 0.7336, time 516.03ms, mfu 1.96%
iter 35516: loss 0.6515, time 393.17ms, mfu 1.95%
iter 35517: loss 0.6343, time 482.55ms, mfu 1.90%
iter 35518: loss 0.7947, time 260.66ms, mfu 1.98%
iter 35519: loss 0.6105, time 523.98ms, mfu 1.92%
iter 35520: loss 0.6824, time 320.77ms, mfu 1.95%
iter 35521: loss 0.8135, time 503.57ms, mfu 1.89%
iter 35522: loss 0.6454, time 365.34ms, mfu 1.90%
iter 35523: loss 0.7057, time 278.95ms, mfu 1.96%
iter 35524: loss 0.6505, time 403.82ms, mfu 1.94%
iter 35525: loss 0.7367, time 342.91ms, mfu 1.95%
iter 35526: loss 0.7304, time 419.47ms, mfu 1.93%
iter 35527: loss 0.7167, time 474.87ms, mfu 1.88%
iter 35528: loss 0.7680, time 204.41ms, mfu 2.04%
iter 35529: loss 0.7743, time 487.68ms, mfu 1.98%
iter 35530: loss 0.7877, time 481.78ms, mfu 1.93%
iter 35531: loss 0.6952, time 292.35ms, mfu 1.98%
iter 35532: loss 0.7158, time 492.61ms, mfu 1.93%
iter 35533: loss 0.6910, time 340.86ms, mfu 1.94%
iter 35534: loss 0.6468, time 361.99ms, mfu 1.94%
iter 35535: loss 0.6744, time 352.61ms, mfu 1.95%
iter 35536: loss 0.7107, time 360.12ms, mfu 1.95%
iter 35537: loss 0.6131, time 397.34ms, mfu 1.94%
iter 35538: loss 0.8126, time 406.80ms, mfu 1.92%
iter 35539: loss 0.7506, time 305.22ms, mfu 1.96%
iter 35540: loss 0.6758, time 409.27ms, mfu 1.93%
iter 35541: loss 0.7328, time 568.61ms, mfu 1.87%
iter 35542: loss 0.6993, time 488.60ms, mfu 1.82%
iter 35543: loss 0.7748, time 350.91ms, mfu 1.84%
iter 35544: loss 0.7844, time 347.56ms, mfu 1.86%
iter 35545: loss 0.6656, time 365.80ms, mfu 1.87%
iter 35546: loss 0.5924, time 318.59ms, mfu 1.91%
iter 35547: loss 0.7345, time 390.45ms, mfu 1.90%
iter 35548: loss 0.6367, time 492.93ms, mfu 1.85%
iter 35549: loss 0.7565, time 264.96ms, mfu 1.93%
iter 35550: loss 0.7015, time 381.97ms, mfu 1.93%
iter 35551: loss 0.6243, time 267.51ms, mfu 2.00%
iter 35552: loss 0.7555, time 414.47ms, mfu 1.97%
iter 35553: loss 0.6772, time 387.64ms, mfu 1.96%
iter 35554: loss 0.7057, time 302.46ms, mfu 1.99%
iter 35555: loss 0.7348, time 534.35ms, mfu 1.93%
iter 35556: loss 0.7765, time 345.78ms, mfu 1.94%
iter 35557: loss 0.6912, time 403.84ms, mfu 1.92%
iter 35558: loss 0.8002, time 368.71ms, mfu 1.92%
iter 35559: loss 0.6222, time 441.44ms, mfu 1.89%
iter 35560: loss 0.7632, time 395.96ms, mfu 1.88%
iter 35561: loss 0.7130, time 550.13ms, mfu 1.82%
iter 35562: loss 0.7213, time 455.45ms, mfu 1.79%
iter 35563: loss 0.6986, time 380.52ms, mfu 1.80%
iter 35564: loss 0.7548, time 547.74ms, mfu 1.75%
iter 35565: loss 0.7591, time 343.00ms, mfu 1.78%
iter 35566: loss 0.5992, time 466.04ms, mfu 1.76%
iter 35567: loss 0.6866, time 402.29ms, mfu 1.76%
iter 35568: loss 0.7129, time 365.38ms, mfu 1.77%
iter 35569: loss 0.5997, time 339.94ms, mfu 1.81%
iter 35570: loss 0.6997, time 250.45ms, mfu 1.91%
iter 35571: loss 0.7362, time 316.03ms, mfu 1.94%
iter 35572: loss 0.7044, time 271.33ms, mfu 2.01%
iter 35573: loss 0.6921, time 427.59ms, mfu 1.97%
iter 35574: loss 0.6636, time 278.35ms, mfu 2.03%
iter 35575: loss 0.6065, time 409.66ms, mfu 2.00%
iter 35576: loss 0.7148, time 324.11ms, mfu 2.02%
iter 35577: loss 0.7047, time 352.44ms, mfu 2.02%
iter 35578: loss 0.7362, time 456.02ms, mfu 1.97%
iter 35579: loss 0.6564, time 247.28ms, mfu 2.06%
iter 35580: loss 0.7534, time 393.06ms, mfu 2.04%
iter 35581: loss 0.7200, time 321.91ms, mfu 2.05%
iter 35582: loss 0.6785, time 485.64ms, mfu 1.99%
iter 35583: loss 0.7668, time 275.28ms, mfu 2.05%
iter 35584: loss 0.7893, time 323.98ms, mfu 2.06%
iter 35585: loss 0.6903, time 685.59ms, mfu 1.96%
iter 35586: loss 0.7380, time 458.46ms, mfu 1.92%
iter 35587: loss 0.6783, time 370.83ms, mfu 1.92%
iter 35588: loss 0.7670, time 229.93ms, mfu 2.04%
iter 35589: loss 0.6760, time 440.39ms, mfu 1.99%
iter 35590: loss 0.7218, time 432.72ms, mfu 1.96%
iter 35591: loss 0.7147, time 370.95ms, mfu 1.95%
iter 35592: loss 0.7205, time 411.45ms, mfu 1.93%
iter 35593: loss 0.7039, time 214.07ms, mfu 2.07%
iter 35594: loss 0.6794, time 412.88ms, mfu 2.03%
iter 35595: loss 0.6966, time 455.14ms, mfu 1.99%
iter 35596: loss 0.6800, time 327.99ms, mfu 2.00%
iter 35597: loss 0.6955, time 382.56ms, mfu 1.99%
iter 35598: loss 0.6471, time 492.28ms, mfu 1.93%
iter 35599: loss 0.7632, time 364.28ms, mfu 1.93%
iter 35600: loss 0.7519, time 548.39ms, mfu 1.87%
  === DIAG iter 35600 ===
  loss: 0.7519
  grads: total 1.0000, transformer 0.1519, adapter 0.9884
  <NUM> input tokens: 473/3072 (15.4%)
  lr: base 5.18e-05, adapter 2.59e-05
  SME accuracy: overall 0.436, sign 0.946, exp 0.828, digit 0.236, end 0.823 [d0 0.715 d1 0.303 d2 0.259 d3 0.113 d4 0.061 d5 0.100 d6 0.071 d7 0.098 d8 0.136 d9 0.107 d10 0.136 d11 0.136 d12 0.176 d13 0.214 d14 0.167] (1221 SME tokens)
iter 35601: loss 0.7166, time 232.51ms, mfu 1.99%
iter 35602: loss 0.7326, time 353.85ms, mfu 1.99%
iter 35603: loss 0.7252, time 527.90ms, mfu 1.92%
iter 35604: loss 0.7018, time 339.61ms, mfu 1.94%
iter 35605: loss 0.7293, time 318.82ms, mfu 1.97%
iter 35606: loss 0.7378, time 313.72ms, mfu 2.00%
iter 35607: loss 0.7827, time 526.05ms, mfu 1.93%
iter 35608: loss 0.7088, time 447.98ms, mfu 1.90%
iter 35609: loss 0.6652, time 394.11ms, mfu 1.89%
iter 35610: loss 0.6796, time 425.21ms, mfu 1.87%
iter 35611: loss 0.6831, time 378.32ms, mfu 1.87%
iter 35612: loss 0.6619, time 300.77ms, mfu 1.92%
iter 35613: loss 0.6525, time 408.26ms, mfu 1.90%
iter 35614: loss 0.7863, time 385.00ms, mfu 1.89%
iter 35615: loss 0.7408, time 412.29ms, mfu 1.87%
iter 35616: loss 0.7404, time 383.59ms, mfu 1.87%
iter 35617: loss 0.7218, time 216.46ms, mfu 2.01%
iter 35618: loss 0.7146, time 286.03ms, mfu 2.06%
iter 35619: loss 0.6569, time 368.61ms, mfu 2.05%
iter 35620: loss 0.7451, time 393.34ms, mfu 2.02%
iter 35621: loss 0.6657, time 275.82ms, mfu 2.08%
iter 35622: loss 0.7271, time 276.00ms, mfu 2.12%
iter 35623: loss 0.7495, time 240.13ms, mfu 2.21%
iter 35624: loss 0.6584, time 400.97ms, mfu 2.16%
iter 35625: loss 0.7029, time 445.06ms, mfu 2.11%
iter 35626: loss 0.6721, time 354.96ms, mfu 2.10%
iter 35627: loss 0.7389, time 459.80ms, mfu 2.04%
iter 35628: loss 0.5866, time 457.60ms, mfu 1.99%
iter 35629: loss 0.7299, time 342.18ms, mfu 2.00%
iter 35630: loss 0.7066, time 384.57ms, mfu 1.98%
iter 35631: loss 0.7550, time 264.12ms, mfu 2.05%
iter 35632: loss 0.7018, time 383.61ms, mfu 2.03%
iter 35633: loss 0.6149, time 585.86ms, mfu 1.95%
iter 35634: loss 0.6510, time 274.24ms, mfu 2.01%
iter 35635: loss 0.7074, time 349.33ms, mfu 2.02%
iter 35636: loss 0.7304, time 400.30ms, mfu 1.99%
iter 35637: loss 0.6599, time 240.26ms, mfu 2.09%
iter 35638: loss 0.7119, time 405.58ms, mfu 2.05%
iter 35639: loss 0.6701, time 384.82ms, mfu 2.03%
iter 35640: loss 0.6164, time 338.87ms, mfu 2.04%
iter 35641: loss 0.6356, time 430.36ms, mfu 2.00%
iter 35642: loss 0.7143, time 324.42ms, mfu 2.02%
iter 35643: loss 0.7183, time 336.30ms, mfu 2.03%
iter 35644: loss 0.7409, time 535.77ms, mfu 1.96%
iter 35645: loss 0.7025, time 416.30ms, mfu 1.93%
iter 35646: loss 0.7302, time 326.22ms, mfu 1.95%
iter 35647: loss 0.6380, time 464.14ms, mfu 1.91%
iter 35648: loss 0.6568, time 374.30ms, mfu 1.91%
iter 35649: loss 0.7881, time 444.64ms, mfu 1.88%
iter 35650: loss 0.7742, time 347.77ms, mfu 1.89%
iter 35651: loss 0.6552, time 369.45ms, mfu 1.90%
iter 35652: loss 0.8084, time 267.42ms, mfu 1.97%
iter 35653: loss 0.6795, time 363.80ms, mfu 1.97%
iter 35654: loss 0.7613, time 321.08ms, mfu 1.99%
iter 35655: loss 0.7316, time 373.73ms, mfu 1.98%
iter 35656: loss 0.7070, time 316.51ms, mfu 2.01%
iter 35657: loss 0.6829, time 306.36ms, mfu 2.04%
iter 35658: loss 0.6504, time 376.22ms, mfu 2.02%
iter 35659: loss 0.6899, time 371.27ms, mfu 2.01%
iter 35660: loss 0.6988, time 426.29ms, mfu 1.98%
iter 35661: loss 0.7362, time 327.67ms, mfu 2.00%
iter 35662: loss 0.7767, time 313.00ms, mfu 2.02%
iter 35663: loss 0.7240, time 383.05ms, mfu 2.01%
iter 35664: loss 0.6525, time 284.87ms, mfu 2.05%
iter 35665: loss 0.6742, time 435.18ms, mfu 2.01%
iter 35666: loss 0.7290, time 491.32ms, mfu 1.95%
iter 35667: loss 0.7300, time 414.63ms, mfu 1.93%
iter 35668: loss 0.7550, time 414.03ms, mfu 1.91%
iter 35669: loss 0.6783, time 413.38ms, mfu 1.89%
iter 35670: loss 0.7442, time 449.07ms, mfu 1.86%
iter 35671: loss 0.7359, time 392.82ms, mfu 1.85%
iter 35672: loss 0.7830, time 469.71ms, mfu 1.82%
iter 35673: loss 0.6569, time 308.66ms, mfu 1.87%
iter 35674: loss 0.6811, time 419.79ms, mfu 1.85%
iter 35675: loss 0.6778, time 309.79ms, mfu 1.89%
iter 35676: loss 0.7623, time 318.46ms, mfu 1.93%
iter 35677: loss 0.7343, time 404.45ms, mfu 1.91%
iter 35678: loss 0.6326, time 325.70ms, mfu 1.93%
iter 35679: loss 0.7060, time 496.78ms, mfu 1.88%
iter 35680: loss 0.7921, time 345.28ms, mfu 1.90%
iter 35681: loss 0.6763, time 336.03ms, mfu 1.92%
iter 35682: loss 0.6904, time 298.51ms, mfu 1.97%
iter 35683: loss 0.7543, time 515.29ms, mfu 1.91%
iter 35684: loss 0.6690, time 403.83ms, mfu 1.89%
iter 35685: loss 0.7397, time 385.97ms, mfu 1.89%
iter 35686: loss 0.7060, time 241.89ms, mfu 1.99%
iter 35687: loss 0.7111, time 418.16ms, mfu 1.96%
iter 35688: loss 0.7637, time 526.49ms, mfu 1.90%
iter 35689: loss 0.6932, time 222.33ms, mfu 2.03%
iter 35690: loss 0.7329, time 518.70ms, mfu 1.96%
iter 35691: loss 0.6898, time 459.76ms, mfu 1.92%
iter 35692: loss 0.7471, time 263.41ms, mfu 2.00%
iter 35693: loss 0.7391, time 400.53ms, mfu 1.97%
iter 35694: loss 0.7501, time 259.41ms, mfu 2.05%
iter 35695: loss 0.6624, time 511.97ms, mfu 1.98%
iter 35696: loss 0.7957, time 278.82ms, mfu 2.04%
iter 35697: loss 0.6555, time 314.43ms, mfu 2.06%
iter 35698: loss 0.6505, time 504.06ms, mfu 2.00%
iter 35699: loss 0.7461, time 341.50ms, mfu 2.00%
iter 35700: loss 0.6946, time 837.89ms, mfu 1.89%
  === DIAG iter 35700 ===
  loss: 0.6946
  grads: total 1.0000, transformer 0.1620, adapter 0.9868
  <NUM> input tokens: 464/3072 (15.1%)
  lr: base 5.13e-05, adapter 2.56e-05
  SME accuracy: overall 0.477, sign 0.991, exp 0.963, digit 0.298, end 0.829 [d0 0.875 d1 0.549 d2 0.342 d3 0.100 d4 0.074 d5 0.123 d6 0.115 d7 0.155 d8 0.120 d9 0.156 d10 0.207 d11 0.208 d12 0.238 d13 0.200 d14 0.100] (1152 SME tokens)
iter 35701: loss 0.6427, time 223.99ms, mfu 2.02%
iter 35702: loss 0.7069, time 343.16ms, mfu 2.02%
iter 35703: loss 0.7112, time 298.69ms, mfu 2.06%
iter 35704: loss 0.7605, time 405.39ms, mfu 2.02%
iter 35705: loss 0.6729, time 269.70ms, mfu 2.09%
iter 35706: loss 0.6667, time 591.16ms, mfu 2.00%
iter 35707: loss 0.7238, time 476.53ms, mfu 1.95%
iter 35708: loss 0.6909, time 454.73ms, mfu 1.91%
iter 35709: loss 0.6880, time 266.55ms, mfu 1.98%
iter 35710: loss 0.7202, time 308.63ms, mfu 2.01%
iter 35711: loss 0.7449, time 312.24ms, mfu 2.04%
iter 35712: loss 0.7095, time 306.36ms, mfu 2.07%
iter 35713: loss 0.6817, time 412.25ms, mfu 2.03%
iter 35714: loss 0.7437, time 417.04ms, mfu 2.00%
iter 35715: loss 0.7404, time 339.41ms, mfu 2.01%
iter 35716: loss 0.6590, time 506.17ms, mfu 1.95%
iter 35717: loss 0.6937, time 389.18ms, mfu 1.93%
iter 35718: loss 0.7422, time 470.59ms, mfu 1.89%
iter 35719: loss 0.7508, time 325.56ms, mfu 1.92%
iter 35720: loss 0.6760, time 423.22ms, mfu 1.90%
iter 35721: loss 0.6969, time 416.70ms, mfu 1.88%
iter 35722: loss 0.7389, time 302.48ms, mfu 1.92%
iter 35723: loss 0.7732, time 436.74ms, mfu 1.89%
iter 35724: loss 0.7538, time 533.31ms, mfu 1.84%
iter 35725: loss 0.7069, time 274.01ms, mfu 1.91%
iter 35726: loss 0.7676, time 346.85ms, mfu 1.92%
iter 35727: loss 0.6820, time 306.54ms, mfu 1.96%
iter 35728: loss 0.7830, time 403.98ms, mfu 1.94%
iter 35729: loss 0.7175, time 500.75ms, mfu 1.89%
iter 35730: loss 0.7077, time 449.38ms, mfu 1.86%
iter 35731: loss 0.7361, time 267.23ms, mfu 1.94%
iter 35732: loss 0.6649, time 368.39ms, mfu 1.94%
iter 35733: loss 0.7463, time 431.56ms, mfu 1.91%
iter 35734: loss 0.6795, time 252.45ms, mfu 2.00%
iter 35735: loss 0.6000, time 323.81ms, mfu 2.02%
iter 35736: loss 0.7936, time 419.72ms, mfu 1.98%
iter 35737: loss 0.8160, time 377.56ms, mfu 1.97%
iter 35738: loss 0.6846, time 506.70ms, mfu 1.92%
iter 35739: loss 0.6927, time 388.33ms, mfu 1.91%
iter 35740: loss 0.6958, time 372.22ms, mfu 1.91%
iter 35741: loss 0.7434, time 300.19ms, mfu 1.95%
iter 35742: loss 0.7290, time 509.40ms, mfu 1.90%
iter 35743: loss 0.7162, time 380.26ms, mfu 1.89%
iter 35744: loss 0.6630, time 330.35ms, mfu 1.92%
iter 35745: loss 0.7243, time 369.15ms, mfu 1.92%
iter 35746: loss 0.7422, time 481.15ms, mfu 1.87%
iter 35747: loss 0.6183, time 462.77ms, mfu 1.84%
iter 35748: loss 0.6313, time 328.80ms, mfu 1.87%
iter 35749: loss 0.7086, time 317.33ms, mfu 1.91%
iter 35750: loss 0.7881, time 398.48ms, mfu 1.89%
iter 35751: loss 0.6475, time 309.01ms, mfu 1.93%
iter 35752: loss 0.6547, time 457.60ms, mfu 1.90%
iter 35753: loss 0.6562, time 353.43ms, mfu 1.91%
iter 35754: loss 0.8669, time 287.13ms, mfu 1.96%
iter 35755: loss 0.7346, time 292.92ms, mfu 2.01%
iter 35756: loss 0.7481, time 463.80ms, mfu 1.96%
iter 35757: loss 0.7497, time 466.56ms, mfu 1.92%
iter 35758: loss 0.7084, time 430.90ms, mfu 1.89%
iter 35759: loss 0.8151, time 330.08ms, mfu 1.91%
iter 35760: loss 0.6799, time 288.43ms, mfu 1.97%
iter 35761: loss 0.6587, time 307.45ms, mfu 2.00%
iter 35762: loss 0.6983, time 372.63ms, mfu 1.99%
iter 35763: loss 0.7231, time 331.10ms, mfu 2.01%
iter 35764: loss 0.7011, time 420.49ms, mfu 1.98%
iter 35765: loss 0.8212, time 294.53ms, mfu 2.02%
iter 35766: loss 0.7672, time 533.91ms, mfu 1.95%
iter 35767: loss 0.7087, time 341.43ms, mfu 1.96%
iter 35768: loss 0.7541, time 377.50ms, mfu 1.95%
iter 35769: loss 0.7610, time 426.05ms, mfu 1.92%
iter 35770: loss 0.7704, time 370.14ms, mfu 1.92%
iter 35771: loss 0.6636, time 345.24ms, mfu 1.94%
iter 35772: loss 0.7474, time 436.20ms, mfu 1.91%
iter 35773: loss 0.7129, time 228.33ms, mfu 2.03%
iter 35774: loss 0.7801, time 380.21ms, mfu 2.01%
iter 35775: loss 0.7778, time 328.70ms, mfu 2.02%
iter 35776: loss 0.7528, time 496.26ms, mfu 1.96%
iter 35777: loss 0.7150, time 430.97ms, mfu 1.93%
iter 35778: loss 0.8186, time 395.80ms, mfu 1.92%
iter 35779: loss 0.7542, time 423.33ms, mfu 1.89%
iter 35780: loss 0.7145, time 333.64ms, mfu 1.92%
iter 35781: loss 0.7184, time 391.66ms, mfu 1.91%
iter 35782: loss 0.7467, time 311.22ms, mfu 1.94%
iter 35783: loss 0.7169, time 547.86ms, mfu 1.88%
iter 35784: loss 0.6763, time 292.53ms, mfu 1.93%
iter 35785: loss 0.8200, time 347.74ms, mfu 1.94%
iter 35786: loss 0.5922, time 258.07ms, mfu 2.02%
iter 35787: loss 0.6800, time 394.95ms, mfu 2.00%
iter 35788: loss 0.6504, time 395.25ms, mfu 1.98%
iter 35789: loss 0.7337, time 357.09ms, mfu 1.98%
iter 35790: loss 0.6774, time 373.83ms, mfu 1.97%
iter 35791: loss 0.6549, time 330.03ms, mfu 1.99%
iter 35792: loss 0.7386, time 317.53ms, mfu 2.01%
iter 35793: loss 0.7648, time 251.74ms, mfu 2.09%
iter 35794: loss 0.7020, time 373.97ms, mfu 2.07%
iter 35795: loss 0.6905, time 468.35ms, mfu 2.02%
iter 35796: loss 0.7146, time 371.91ms, mfu 2.01%
iter 35797: loss 0.6680, time 354.72ms, mfu 2.01%
iter 35798: loss 0.7149, time 299.69ms, mfu 2.04%
iter 35799: loss 0.7435, time 399.06ms, mfu 2.02%
iter 35800: loss 0.6961, time 484.35ms, mfu 1.96%
  === DIAG iter 35800 ===
  loss: 0.6961
  grads: total 1.0000, transformer 0.1482, adapter 0.9890
  <NUM> input tokens: 499/3072 (16.2%)
  lr: base 5.07e-05, adapter 2.54e-05
  SME accuracy: overall 0.464, sign 0.983, exp 0.923, digit 0.271, end 0.855 [d0 0.894 d1 0.420 d2 0.237 d3 0.125 d4 0.174 d5 0.077 d6 0.185 d7 0.071 d8 0.074 d9 0.143 d10 0.097 d11 0.115 d12 0.143 d13 0.125 d14 0.154] (1179 SME tokens)
iter 35801: loss 0.6196, time 232.35ms, mfu 2.07%
iter 35802: loss 0.7096, time 353.68ms, mfu 2.06%
iter 35803: loss 0.7079, time 415.05ms, mfu 2.03%
iter 35804: loss 0.7347, time 304.67ms, mfu 2.06%
iter 35805: loss 0.7426, time 519.38ms, mfu 1.99%
iter 35806: loss 0.6890, time 299.90ms, mfu 2.03%
iter 35807: loss 0.7303, time 381.86ms, mfu 2.01%
iter 35808: loss 0.6987, time 219.05ms, mfu 2.13%
iter 35809: loss 0.8467, time 302.00ms, mfu 2.15%
iter 35810: loss 0.8009, time 330.57ms, mfu 2.15%
iter 35811: loss 0.7297, time 494.69ms, mfu 2.08%
iter 35812: loss 0.6736, time 408.71ms, mfu 2.05%
iter 35813: loss 0.7806, time 323.33ms, mfu 2.06%
iter 35814: loss 0.6991, time 296.94ms, mfu 2.09%
iter 35815: loss 0.7889, time 483.09ms, mfu 2.03%
iter 35816: loss 0.6947, time 290.92ms, mfu 2.07%
iter 35817: loss 0.7143, time 406.16ms, mfu 2.04%
iter 35818: loss 0.7228, time 239.94ms, mfu 2.13%
iter 35819: loss 0.8278, time 348.96ms, mfu 2.12%
iter 35820: loss 0.7821, time 312.99ms, mfu 2.13%
iter 35821: loss 0.7743, time 371.68ms, mfu 2.11%
iter 35822: loss 0.7827, time 450.81ms, mfu 2.06%
iter 35823: loss 0.7417, time 440.67ms, mfu 2.01%
iter 35824: loss 0.7432, time 348.49ms, mfu 2.01%
iter 35825: loss 0.6435, time 450.48ms, mfu 1.97%
iter 35826: loss 0.7377, time 467.13ms, mfu 1.93%
iter 35827: loss 0.6792, time 416.01ms, mfu 1.90%
iter 35828: loss 0.7015, time 409.05ms, mfu 1.89%
iter 35829: loss 0.6961, time 435.59ms, mfu 1.86%
iter 35830: loss 0.7419, time 514.60ms, mfu 1.81%
iter 35831: loss 0.7299, time 329.14ms, mfu 1.85%
iter 35832: loss 0.7579, time 337.90ms, mfu 1.87%
iter 35833: loss 0.7456, time 362.52ms, mfu 1.88%
iter 35834: loss 0.7345, time 472.68ms, mfu 1.84%
iter 35835: loss 0.6544, time 278.41ms, mfu 1.91%
iter 35836: loss 0.7399, time 402.83ms, mfu 1.90%
iter 35837: loss 0.6290, time 502.20ms, mfu 1.85%
iter 35838: loss 0.7480, time 383.85ms, mfu 1.85%
iter 35839: loss 0.7078, time 414.01ms, mfu 1.83%
iter 35840: loss 0.6685, time 325.87ms, mfu 1.87%
iter 35841: loss 0.7204, time 318.23ms, mfu 1.90%
iter 35842: loss 0.7497, time 410.97ms, mfu 1.89%
iter 35843: loss 0.8010, time 283.23ms, mfu 1.95%
iter 35844: loss 0.7603, time 391.13ms, mfu 1.93%
iter 35845: loss 0.7573, time 443.47ms, mfu 1.90%
iter 35846: loss 0.7332, time 388.48ms, mfu 1.89%
iter 35847: loss 0.7076, time 352.91ms, mfu 1.90%
iter 35848: loss 0.7071, time 468.07ms, mfu 1.87%
iter 35849: loss 0.6278, time 343.62ms, mfu 1.89%
iter 35850: loss 0.6698, time 468.38ms, mfu 1.85%
iter 35851: loss 0.7739, time 369.70ms, mfu 1.85%
iter 35852: loss 0.6766, time 360.88ms, mfu 1.87%
iter 35853: loss 0.6469, time 430.76ms, mfu 1.84%
iter 35854: loss 0.7333, time 360.59ms, mfu 1.86%
iter 35855: loss 0.7115, time 227.92ms, mfu 1.98%
iter 35856: loss 0.7534, time 382.05ms, mfu 1.97%
iter 35857: loss 0.7231, time 319.81ms, mfu 1.99%
iter 35858: loss 0.6631, time 272.12ms, mfu 2.05%
iter 35859: loss 0.6770, time 315.77ms, mfu 2.07%
iter 35860: loss 0.6305, time 432.31ms, mfu 2.03%
iter 35861: loss 0.7102, time 446.45ms, mfu 1.99%
iter 35862: loss 0.7688, time 453.83ms, mfu 1.94%
iter 35863: loss 0.7150, time 358.56ms, mfu 1.95%
iter 35864: loss 0.7203, time 338.58ms, mfu 1.96%
iter 35865: loss 0.7667, time 441.93ms, mfu 1.93%
iter 35866: loss 0.7121, time 290.47ms, mfu 1.98%
iter 35867: loss 0.7753, time 486.48ms, mfu 1.93%
iter 35868: loss 0.7093, time 287.38ms, mfu 1.98%
iter 35869: loss 0.7289, time 406.60ms, mfu 1.96%
iter 35870: loss 0.7408, time 360.63ms, mfu 1.96%
iter 35871: loss 0.8233, time 421.25ms, mfu 1.93%
iter 35872: loss 0.6474, time 328.43ms, mfu 1.95%
iter 35873: loss 0.7081, time 483.11ms, mfu 1.90%
iter 35874: loss 0.6838, time 409.55ms, mfu 1.89%
iter 35875: loss 0.6958, time 484.44ms, mfu 1.84%
iter 35876: loss 0.7710, time 568.39ms, mfu 1.78%
iter 35877: loss 0.7111, time 334.62ms, mfu 1.82%
iter 35878: loss 0.6177, time 302.20ms, mfu 1.87%
iter 35879: loss 0.6911, time 417.26ms, mfu 1.85%
iter 35880: loss 0.7174, time 431.85ms, mfu 1.83%
iter 35881: loss 0.6137, time 402.48ms, mfu 1.82%
iter 35882: loss 0.7835, time 381.50ms, mfu 1.83%
iter 35883: loss 0.7386, time 312.91ms, mfu 1.87%
iter 35884: loss 0.6331, time 402.65ms, mfu 1.86%
iter 35885: loss 0.7051, time 267.53ms, mfu 1.94%
iter 35886: loss 0.8217, time 388.66ms, mfu 1.93%
iter 35887: loss 0.6756, time 323.53ms, mfu 1.95%
iter 35888: loss 0.7084, time 362.38ms, mfu 1.95%
iter 35889: loss 0.7047, time 344.99ms, mfu 1.96%
iter 35890: loss 0.6414, time 404.12ms, mfu 1.94%
iter 35891: loss 0.7643, time 390.78ms, mfu 1.93%
iter 35892: loss 0.6415, time 476.00ms, mfu 1.89%
iter 35893: loss 0.6694, time 487.69ms, mfu 1.84%
iter 35894: loss 0.7735, time 348.31ms, mfu 1.86%
iter 35895: loss 0.7312, time 334.18ms, mfu 1.89%
iter 35896: loss 0.6734, time 409.90ms, mfu 1.87%
iter 35897: loss 0.6994, time 419.60ms, mfu 1.85%
iter 35898: loss 0.7208, time 290.80ms, mfu 1.91%
iter 35899: loss 0.6798, time 359.47ms, mfu 1.92%
iter 35900: loss 0.6627, time 549.41ms, mfu 1.86%
  === DIAG iter 35900 ===
  loss: 0.6627
  grads: total 1.0000, transformer 0.1550, adapter 0.9879
  <NUM> input tokens: 456/3072 (14.8%)
  lr: base 5.02e-05, adapter 2.51e-05
  SME accuracy: overall 0.480, sign 0.955, exp 0.936, digit 0.294, end 0.881 [d0 0.832 d1 0.429 d2 0.263 d3 0.143 d4 0.138 d5 0.111 d6 0.167 d7 0.182 d8 0.113 d9 0.182 d10 0.207 d11 0.280 d12 0.286 d13 0.238 d14 0.154] (1112 SME tokens)
iter 35901: loss 0.7287, time 234.20ms, mfu 1.97%
iter 35902: loss 0.6919, time 443.89ms, mfu 1.93%
iter 35903: loss 0.6450, time 441.60ms, mfu 1.90%
iter 35904: loss 0.7520, time 331.03ms, mfu 1.93%
iter 35905: loss 0.7816, time 337.42ms, mfu 1.94%
iter 35906: loss 0.6826, time 409.13ms, mfu 1.92%
iter 35907: loss 0.6567, time 294.81ms, mfu 1.97%
iter 35908: loss 0.7375, time 372.57ms, mfu 1.96%
iter 35909: loss 0.7632, time 497.83ms, mfu 1.91%
iter 35910: loss 0.6038, time 241.39ms, mfu 2.01%
iter 35911: loss 0.6910, time 394.71ms, mfu 1.99%
iter 35912: loss 0.6855, time 398.27ms, mfu 1.97%
iter 35913: loss 0.7644, time 422.91ms, mfu 1.94%
iter 35914: loss 0.7255, time 481.35ms, mfu 1.89%
iter 35915: loss 0.6480, time 327.67ms, mfu 1.92%
iter 35916: loss 0.7156, time 390.39ms, mfu 1.91%
iter 35917: loss 0.6702, time 347.20ms, mfu 1.92%
iter 35918: loss 0.7189, time 256.41ms, mfu 2.01%
iter 35919: loss 0.7216, time 482.93ms, mfu 1.95%
iter 35920: loss 0.7968, time 424.15ms, mfu 1.92%
iter 35921: loss 0.7773, time 381.34ms, mfu 1.92%
iter 35922: loss 0.6588, time 309.82ms, mfu 1.96%
iter 35923: loss 0.7135, time 327.26ms, mfu 1.98%
iter 35924: loss 0.7288, time 376.19ms, mfu 1.97%
iter 35925: loss 0.6902, time 433.40ms, mfu 1.93%
iter 35926: loss 0.5969, time 336.68ms, mfu 1.95%
iter 35927: loss 0.6192, time 340.44ms, mfu 1.96%
iter 35928: loss 0.7205, time 381.62ms, mfu 1.95%
iter 35929: loss 0.6825, time 560.84ms, mfu 1.88%
iter 35930: loss 0.7305, time 404.22ms, mfu 1.87%
iter 35931: loss 0.7516, time 412.67ms, mfu 1.86%
iter 35932: loss 0.7006, time 522.42ms, mfu 1.81%
iter 35933: loss 0.7128, time 348.97ms, mfu 1.83%
iter 35934: loss 0.6980, time 297.49ms, mfu 1.88%
iter 35935: loss 0.8077, time 419.22ms, mfu 1.86%
iter 35936: loss 0.7789, time 364.10ms, mfu 1.87%
iter 35937: loss 0.7595, time 346.48ms, mfu 1.89%
iter 35938: loss 0.6464, time 327.94ms, mfu 1.92%
iter 35939: loss 0.7751, time 422.36ms, mfu 1.89%
iter 35940: loss 0.7254, time 373.56ms, mfu 1.89%
iter 35941: loss 0.6965, time 339.50ms, mfu 1.91%
iter 35942: loss 0.6859, time 323.68ms, mfu 1.94%
iter 35943: loss 0.7262, time 290.12ms, mfu 1.99%
iter 35944: loss 0.7256, time 316.86ms, mfu 2.02%
iter 35945: loss 0.7539, time 296.84ms, mfu 2.05%
iter 35946: loss 0.7081, time 468.12ms, mfu 2.00%
iter 35947: loss 0.7288, time 555.43ms, mfu 1.93%
iter 35948: loss 0.7218, time 312.64ms, mfu 1.96%
iter 35949: loss 0.8199, time 328.04ms, mfu 1.98%
iter 35950: loss 0.6814, time 513.83ms, mfu 1.92%
iter 35951: loss 0.7751, time 499.61ms, mfu 1.87%
iter 35952: loss 0.6829, time 261.01ms, mfu 1.95%
iter 35953: loss 0.6791, time 327.88ms, mfu 1.98%
iter 35954: loss 0.7698, time 286.98ms, mfu 2.02%
iter 35955: loss 0.7280, time 291.14ms, mfu 2.07%
iter 35956: loss 0.7925, time 312.42ms, mfu 2.09%
iter 35957: loss 0.8062, time 370.70ms, mfu 2.07%
iter 35958: loss 0.6476, time 315.06ms, mfu 2.09%
iter 35959: loss 0.6958, time 499.51ms, mfu 2.02%
iter 35960: loss 0.6557, time 348.51ms, mfu 2.02%
iter 35961: loss 0.7137, time 485.01ms, mfu 1.97%
iter 35962: loss 0.6537, time 296.12ms, mfu 2.01%
iter 35963: loss 0.8250, time 458.01ms, mfu 1.96%
iter 35964: loss 0.7103, time 295.44ms, mfu 2.01%
iter 35965: loss 0.6830, time 424.24ms, mfu 1.97%
iter 35966: loss 0.7332, time 421.46ms, mfu 1.94%
iter 35967: loss 0.6983, time 249.04ms, mfu 2.03%
iter 35968: loss 0.7413, time 385.16ms, mfu 2.01%
iter 35969: loss 0.6621, time 339.90ms, mfu 2.02%
iter 35970: loss 0.6697, time 420.49ms, mfu 1.99%
iter 35971: loss 0.7245, time 507.58ms, mfu 1.93%
iter 35972: loss 0.7096, time 226.59ms, mfu 2.05%
iter 35973: loss 0.7104, time 513.05ms, mfu 1.98%
iter 35974: loss 0.7041, time 424.22ms, mfu 1.95%
iter 35975: loss 0.7474, time 540.02ms, mfu 1.89%
iter 35976: loss 0.6322, time 330.14ms, mfu 1.91%
iter 35977: loss 0.6563, time 269.35ms, mfu 1.98%
iter 35978: loss 0.7131, time 496.84ms, mfu 1.93%
iter 35979: loss 0.7440, time 299.15ms, mfu 1.97%
iter 35980: loss 0.6965, time 298.82ms, mfu 2.01%
iter 35981: loss 0.7006, time 433.46ms, mfu 1.97%
iter 35982: loss 0.7575, time 501.47ms, mfu 1.92%
iter 35983: loss 0.5812, time 458.23ms, mfu 1.88%
iter 35984: loss 0.6815, time 426.26ms, mfu 1.86%
iter 35985: loss 0.8015, time 514.70ms, mfu 1.81%
iter 35986: loss 0.6553, time 261.89ms, mfu 1.90%
iter 35987: loss 0.7725, time 325.05ms, mfu 1.93%
iter 35988: loss 0.7624, time 339.72ms, mfu 1.94%
iter 35989: loss 0.7089, time 480.48ms, mfu 1.90%
iter 35990: loss 0.7422, time 382.14ms, mfu 1.89%
iter 35991: loss 0.7732, time 388.87ms, mfu 1.89%
iter 35992: loss 0.6130, time 413.36ms, mfu 1.87%
iter 35993: loss 0.7274, time 254.11ms, mfu 1.96%
iter 35994: loss 0.7751, time 452.81ms, mfu 1.92%
iter 35995: loss 0.7870, time 416.45ms, mfu 1.90%
iter 35996: loss 0.6709, time 364.82ms, mfu 1.90%
iter 35997: loss 0.7170, time 471.43ms, mfu 1.86%
iter 35998: loss 0.7719, time 358.95ms, mfu 1.87%
iter 35999: loss 0.7453, time 372.55ms, mfu 1.88%
iter 36000: loss 0.6577, time 607.88ms, mfu 1.81%
  === DIAG iter 36000 ===
  loss: 0.6577
  grads: total 1.0000, transformer 0.1255, adapter 0.9921
  <NUM> input tokens: 513/3072 (16.7%)
  lr: base 4.98e-05, adapter 2.49e-05
  SME accuracy: overall 0.499, sign 0.983, exp 0.916, digit 0.313, end 0.835 [d0 0.886 d1 0.386 d2 0.273 d3 0.155 d4 0.134 d5 0.258 d6 0.161 d7 0.176 d8 0.182 d9 0.194 d10 0.185 d11 0.190 d12 0.235 d13 0.429 d14 0.250] (1150 SME tokens)
  --- Sample eval (val) ---
  SUB: <3.96735e+08> - <-8.87467e+08> →
    target: 1.284e+09
    pred:   1.2e+09
    error:  83900920.00

  <8.77114e+08> →
    target: 1.558e+09
    pred:   1e+08
    error:  1458011312.95

  MIN: <-0.00963042> <1e+09> <8.0351e+08> <6.95747e-06> <-8.4318e+08> <0.93992> →
    target: -8.432e+08
    pred:   -8.194e+08
    error:  23824814.00

   →
    target: 8.981e+08
    pred:   9.991e+08
    error:  100975771.56

   <682280> + <9> →
    target: 6.823e+05
    pred:   6.8e+05
    error:  2280.38

iter 36001: loss 0.7582, time 262.51ms, mfu 1.90%
iter 36002: loss 0.6390, time 379.84ms, mfu 1.89%
iter 36003: loss 0.7557, time 366.76ms, mfu 1.90%
iter 36004: loss 0.6511, time 479.08ms, mfu 1.85%
iter 36005: loss 0.6543, time 307.82ms, mfu 1.90%
iter 36006: loss 0.7225, time 429.63ms, mfu 1.87%
iter 36007: loss 0.6889, time 453.26ms, mfu 1.84%
iter 36008: loss 0.7165, time 468.02ms, mfu 1.81%
iter 36009: loss 0.6547, time 366.35ms, mfu 1.82%
iter 36010: loss 0.7313, time 420.05ms, mfu 1.81%
iter 36011: loss 0.7260, time 368.41ms, mfu 1.82%
iter 36012: loss 0.7821, time 505.40ms, mfu 1.78%
iter 36013: loss 0.7133, time 458.21ms, mfu 1.76%
iter 36014: loss 0.6655, time 285.47ms, mfu 1.83%
iter 36015: loss 0.7391, time 418.61ms, mfu 1.81%
iter 36016: loss 0.7227, time 378.24ms, mfu 1.82%
iter 36017: loss 0.7463, time 419.02ms, mfu 1.81%
iter 36018: loss 0.6804, time 492.05ms, mfu 1.77%
iter 36019: loss 0.7466, time 435.09ms, mfu 1.76%
iter 36020: loss 0.6952, time 242.07ms, mfu 1.87%
iter 36021: loss 0.7187, time 336.47ms, mfu 1.90%
iter 36022: loss 0.6689, time 357.40ms, mfu 1.91%
iter 36023: loss 0.7086, time 331.77ms, mfu 1.93%
iter 36024: loss 0.8655, time 340.81ms, mfu 1.94%
iter 36025: loss 0.7263, time 307.36ms, mfu 1.98%
iter 36026: loss 0.7454, time 453.99ms, mfu 1.94%
iter 36027: loss 0.7240, time 454.12ms, mfu 1.90%
iter 36028: loss 0.7489, time 311.18ms, mfu 1.94%
iter 36029: loss 0.7243, time 379.75ms, mfu 1.93%
iter 36030: loss 0.6606, time 289.87ms, mfu 1.98%
iter 36031: loss 0.7076, time 452.37ms, mfu 1.94%
iter 36032: loss 0.6818, time 356.43ms, mfu 1.95%
iter 36033: loss 0.7257, time 324.92ms, mfu 1.97%
iter 36034: loss 0.7618, time 428.48ms, mfu 1.94%
iter 36035: loss 0.5964, time 298.11ms, mfu 1.98%
iter 36036: loss 0.6068, time 369.85ms, mfu 1.98%
iter 36037: loss 0.6733, time 383.26ms, mfu 1.96%
iter 36038: loss 0.7610, time 391.47ms, mfu 1.95%
iter 36039: loss 0.7727, time 516.38ms, mfu 1.89%
iter 36040: loss 0.7197, time 238.56ms, mfu 2.00%
iter 36041: loss 0.6737, time 348.76ms, mfu 2.00%
iter 36042: loss 0.7907, time 315.59ms, mfu 2.03%
iter 36043: loss 0.6860, time 359.60ms, mfu 2.02%
iter 36044: loss 0.6434, time 376.18ms, mfu 2.01%
iter 36045: loss 0.7018, time 353.39ms, mfu 2.01%
iter 36046: loss 0.7150, time 413.85ms, mfu 1.98%
iter 36047: loss 0.7415, time 320.76ms, mfu 2.00%
iter 36048: loss 0.7530, time 436.00ms, mfu 1.96%
iter 36049: loss 0.6872, time 448.74ms, mfu 1.92%
iter 36050: loss 0.6220, time 378.00ms, mfu 1.92%
iter 36051: loss 0.7423, time 538.50ms, mfu 1.86%
iter 36052: loss 0.6684, time 304.70ms, mfu 1.91%
iter 36053: loss 0.8229, time 420.83ms, mfu 1.88%
iter 36054: loss 0.6691, time 362.87ms, mfu 1.89%
iter 36055: loss 0.7829, time 441.49ms, mfu 1.86%
iter 36056: loss 0.6669, time 478.32ms, mfu 1.82%
iter 36057: loss 0.6912, time 326.03ms, mfu 1.86%
iter 36058: loss 0.7678, time 304.95ms, mfu 1.91%
iter 36059: loss 0.7280, time 328.01ms, mfu 1.93%
iter 36060: loss 0.6825, time 461.93ms, mfu 1.89%
iter 36061: loss 0.6161, time 329.44ms, mfu 1.92%
iter 36062: loss 0.6740, time 374.71ms, mfu 1.91%
iter 36063: loss 0.6984, time 319.64ms, mfu 1.95%
iter 36064: loss 0.7401, time 469.95ms, mfu 1.90%
iter 36065: loss 0.6737, time 345.92ms, mfu 1.92%
iter 36066: loss 0.7908, time 377.20ms, mfu 1.91%
iter 36067: loss 0.6381, time 500.05ms, mfu 1.86%
iter 36068: loss 0.6234, time 406.96ms, mfu 1.85%
iter 36069: loss 0.6661, time 438.03ms, mfu 1.83%
iter 36070: loss 0.7026, time 492.67ms, mfu 1.79%
iter 36071: loss 0.7384, time 270.01ms, mfu 1.87%
iter 36072: loss 0.6671, time 370.77ms, mfu 1.88%
iter 36073: loss 0.6302, time 266.41ms, mfu 1.95%
iter 36074: loss 0.7179, time 350.74ms, mfu 1.96%
iter 36075: loss 0.6875, time 387.81ms, mfu 1.95%
iter 36076: loss 0.6945, time 282.36ms, mfu 2.00%
iter 36077: loss 0.6930, time 419.90ms, mfu 1.97%
iter 36078: loss 0.7071, time 219.74ms, mfu 2.10%
iter 36079: loss 0.7221, time 414.00ms, mfu 2.06%
iter 36080: loss 0.7660, time 423.60ms, mfu 2.02%
iter 36081: loss 0.6142, time 344.59ms, mfu 2.02%
iter 36082: loss 0.7978, time 435.77ms, mfu 1.98%
iter 36083: loss 0.6886, time 379.11ms, mfu 1.97%
iter 36084: loss 0.7936, time 274.98ms, mfu 2.03%
iter 36085: loss 0.6926, time 417.99ms, mfu 2.00%
iter 36086: loss 0.6568, time 351.22ms, mfu 2.00%
iter 36087: loss 0.6933, time 376.84ms, mfu 1.99%
iter 36088: loss 0.7205, time 353.62ms, mfu 1.99%
iter 36089: loss 0.7472, time 340.00ms, mfu 2.00%
iter 36090: loss 0.7111, time 417.85ms, mfu 1.97%
iter 36091: loss 0.8157, time 340.38ms, mfu 1.98%
iter 36092: loss 0.6815, time 321.25ms, mfu 2.00%
iter 36093: loss 0.7546, time 421.93ms, mfu 1.97%
iter 36094: loss 0.7045, time 339.18ms, mfu 1.98%
iter 36095: loss 0.6599, time 406.04ms, mfu 1.96%
iter 36096: loss 0.7517, time 415.25ms, mfu 1.93%
iter 36097: loss 0.8098, time 454.43ms, mfu 1.90%
iter 36098: loss 0.7325, time 348.64ms, mfu 1.91%
iter 36099: loss 0.6578, time 417.32ms, mfu 1.89%
iter 36100: loss 0.7653, time 490.04ms, mfu 1.84%
  === DIAG iter 36100 ===
  loss: 0.7653
  grads: total 1.0000, transformer 0.1510, adapter 0.9885
  <NUM> input tokens: 438/3072 (14.3%)
  lr: base 4.93e-05, adapter 2.46e-05
  SME accuracy: overall 0.485, sign 0.978, exp 0.947, digit 0.297, end 0.866 [d0 0.843 d1 0.543 d2 0.315 d3 0.145 d4 0.179 d5 0.153 d6 0.132 d7 0.111 d8 0.074 d9 0.171 d10 0.219 d11 0.222 d12 0.273 d13 0.200 d14 0.182] (1356 SME tokens)
iter 36101: loss 0.7652, time 235.87ms, mfu 1.96%
iter 36102: loss 0.7391, time 272.82ms, mfu 2.02%
iter 36103: loss 0.9352, time 417.39ms, mfu 1.99%
iter 36104: loss 0.6961, time 298.10ms, mfu 2.03%
iter 36105: loss 0.6759, time 253.86ms, mfu 2.11%
iter 36106: loss 0.6938, time 318.53ms, mfu 2.12%
iter 36107: loss 0.7908, time 398.39ms, mfu 2.08%
iter 36108: loss 0.7269, time 400.57ms, mfu 2.05%
iter 36109: loss 0.7481, time 325.30ms, mfu 2.07%
iter 36110: loss 0.6522, time 344.25ms, mfu 2.06%
iter 36111: loss 0.7554, time 461.55ms, mfu 2.01%
iter 36112: loss 0.7147, time 397.10ms, mfu 1.99%
iter 36113: loss 0.6908, time 385.79ms, mfu 1.97%
iter 36114: loss 0.6901, time 372.37ms, mfu 1.97%
iter 36115: loss 0.6823, time 642.74ms, mfu 1.88%
iter 36116: loss 0.7008, time 273.26ms, mfu 1.95%
iter 36117: loss 0.6743, time 494.94ms, mfu 1.90%
iter 36118: loss 0.7374, time 392.83ms, mfu 1.89%
iter 36119: loss 0.6558, time 418.47ms, mfu 1.87%
iter 36120: loss 0.6587, time 293.97ms, mfu 1.92%
iter 36121: loss 0.7370, time 377.15ms, mfu 1.92%
iter 36122: loss 0.8072, time 313.13ms, mfu 1.95%
iter 36123: loss 0.6957, time 432.26ms, mfu 1.92%
iter 36124: loss 0.6931, time 210.27ms, mfu 2.07%
iter 36125: loss 0.6401, time 407.35ms, mfu 2.03%
iter 36126: loss 0.7893, time 339.65ms, mfu 2.04%
iter 36127: loss 0.6860, time 338.91ms, mfu 2.05%
iter 36128: loss 0.8166, time 240.76ms, mfu 2.14%
iter 36129: loss 0.6991, time 423.03ms, mfu 2.09%
iter 36130: loss 0.7320, time 368.08ms, mfu 2.07%
iter 36131: loss 0.6787, time 325.59ms, mfu 2.08%
iter 36132: loss 0.7196, time 431.60ms, mfu 2.04%
iter 36133: loss 0.6873, time 374.69ms, mfu 2.02%
iter 36134: loss 0.6825, time 409.30ms, mfu 1.99%
iter 36135: loss 0.7958, time 488.93ms, mfu 1.94%
iter 36136: loss 0.8236, time 321.67ms, mfu 1.97%
iter 36137: loss 0.6567, time 449.68ms, mfu 1.93%
iter 36138: loss 0.7395, time 353.31ms, mfu 1.94%
iter 36139: loss 0.7038, time 435.62ms, mfu 1.90%
iter 36140: loss 0.7348, time 518.94ms, mfu 1.85%
iter 36141: loss 0.7212, time 340.28ms, mfu 1.87%
iter 36142: loss 0.7123, time 343.30ms, mfu 1.89%
iter 36143: loss 0.7506, time 403.87ms, mfu 1.88%
iter 36144: loss 0.7879, time 276.25ms, mfu 1.95%
iter 36145: loss 0.7152, time 342.23ms, mfu 1.96%
iter 36146: loss 0.6813, time 326.81ms, mfu 1.98%
iter 36147: loss 0.6547, time 429.55ms, mfu 1.95%
iter 36148: loss 0.7180, time 457.36ms, mfu 1.91%
iter 36149: loss 0.7530, time 277.31ms, mfu 1.97%
iter 36150: loss 0.6388, time 388.70ms, mfu 1.96%
iter 36151: loss 0.6983, time 352.46ms, mfu 1.96%
iter 36152: loss 0.6857, time 316.31ms, mfu 1.99%
iter 36153: loss 0.6433, time 390.01ms, mfu 1.97%
iter 36154: loss 0.7870, time 390.96ms, mfu 1.96%
iter 36155: loss 0.7497, time 281.99ms, mfu 2.01%
iter 36156: loss 0.8074, time 498.35ms, mfu 1.95%
iter 36157: loss 0.6862, time 356.41ms, mfu 1.96%
iter 36158: loss 0.7952, time 425.41ms, mfu 1.93%
iter 36159: loss 0.7260, time 321.88ms, mfu 1.96%
iter 36160: loss 0.6600, time 468.35ms, mfu 1.91%
iter 36161: loss 0.6704, time 394.50ms, mfu 1.90%
iter 36162: loss 0.7356, time 306.25ms, mfu 1.94%
iter 36163: loss 0.7037, time 472.11ms, mfu 1.90%
iter 36164: loss 0.6360, time 438.35ms, mfu 1.87%
iter 36165: loss 0.6926, time 227.19ms, mfu 1.99%
iter 36166: loss 0.7143, time 341.44ms, mfu 2.00%
iter 36167: loss 0.7654, time 389.94ms, mfu 1.98%
iter 36168: loss 0.7002, time 265.32ms, mfu 2.05%
iter 36169: loss 0.7929, time 380.28ms, mfu 2.03%
iter 36170: loss 0.7159, time 379.58ms, mfu 2.02%
iter 36171: loss 0.7513, time 367.30ms, mfu 2.01%
iter 36172: loss 0.7650, time 419.04ms, mfu 1.98%
iter 36173: loss 0.7483, time 348.79ms, mfu 1.98%
iter 36174: loss 0.6954, time 346.72ms, mfu 1.99%
iter 36175: loss 0.6905, time 403.11ms, mfu 1.97%
iter 36176: loss 0.6937, time 438.01ms, mfu 1.93%
iter 36177: loss 0.6424, time 504.22ms, mfu 1.88%
iter 36178: loss 0.6472, time 400.75ms, mfu 1.87%
iter 36179: loss 0.6521, time 479.92ms, mfu 1.83%
iter 36180: loss 0.7063, time 286.37ms, mfu 1.89%
iter 36181: loss 0.6646, time 343.90ms, mfu 1.91%
iter 36182: loss 0.7448, time 364.21ms, mfu 1.91%
iter 36183: loss 0.7241, time 354.87ms, mfu 1.92%
iter 36184: loss 0.7150, time 341.00ms, mfu 1.94%
iter 36185: loss 0.7318, time 412.22ms, mfu 1.92%
iter 36186: loss 0.6485, time 326.60ms, mfu 1.94%
iter 36187: loss 0.6791, time 308.99ms, mfu 1.98%
iter 36188: loss 0.7286, time 350.99ms, mfu 1.98%
iter 36189: loss 0.6885, time 441.66ms, mfu 1.94%
iter 36190: loss 0.7112, time 451.35ms, mfu 1.91%
iter 36191: loss 0.7220, time 403.36ms, mfu 1.89%
iter 36192: loss 0.7244, time 356.54ms, mfu 1.90%
iter 36193: loss 0.7467, time 474.61ms, mfu 1.86%
iter 36194: loss 0.7361, time 412.86ms, mfu 1.85%
iter 36195: loss 0.6899, time 387.20ms, mfu 1.84%
iter 36196: loss 0.8164, time 370.65ms, mfu 1.85%
iter 36197: loss 0.7421, time 219.38ms, mfu 1.99%
iter 36198: loss 0.6688, time 332.56ms, mfu 2.00%
iter 36199: loss 0.7520, time 372.63ms, mfu 1.99%
iter 36200: loss 0.6599, time 430.62ms, mfu 1.96%
  === DIAG iter 36200 ===
  loss: 0.6599
  grads: total 1.0000, transformer 0.2396, adapter 0.9709
  <NUM> input tokens: 459/3072 (14.9%)
  lr: base 4.88e-05, adapter 2.44e-05
  SME accuracy: overall 0.470, sign 0.960, exp 0.930, digit 0.294, end 0.863 [d0 0.857 d1 0.438 d2 0.254 d3 0.077 d4 0.145 d5 0.196 d6 0.192 d7 0.146 d8 0.182 d9 0.200 d10 0.250 d11 0.276 d12 0.304 d13 0.273 d14 0.167] (1075 SME tokens)
iter 36201: loss 0.7150, time 177.86ms, mfu 2.16%
iter 36202: loss 0.7224, time 399.25ms, mfu 2.12%
iter 36203: loss 0.6779, time 283.11ms, mfu 2.16%
iter 36204: loss 0.7431, time 332.99ms, mfu 2.16%
iter 36205: loss 0.7672, time 309.40ms, mfu 2.17%
iter 36206: loss 0.7307, time 420.96ms, mfu 2.12%
iter 36207: loss 0.7472, time 495.50ms, mfu 2.05%
iter 36208: loss 0.6373, time 444.79ms, mfu 2.01%
iter 36209: loss 0.7272, time 360.40ms, mfu 2.00%
iter 36210: loss 0.7193, time 379.97ms, mfu 1.99%
iter 36211: loss 0.6978, time 427.65ms, mfu 1.96%
iter 36212: loss 0.6922, time 473.27ms, mfu 1.91%
iter 36213: loss 0.7493, time 389.55ms, mfu 1.90%
iter 36214: loss 0.7579, time 374.97ms, mfu 1.90%
iter 36215: loss 0.6433, time 361.95ms, mfu 1.91%
iter 36216: loss 0.5799, time 323.73ms, mfu 1.93%
iter 36217: loss 0.8157, time 508.11ms, mfu 1.88%
iter 36218: loss 0.7447, time 422.59ms, mfu 1.86%
iter 36219: loss 0.6880, time 510.20ms, mfu 1.81%
iter 36220: loss 0.6943, time 317.69ms, mfu 1.85%
iter 36221: loss 0.6661, time 298.66ms, mfu 1.91%
iter 36222: loss 0.7724, time 481.89ms, mfu 1.86%
iter 36223: loss 0.7627, time 390.13ms, mfu 1.86%
iter 36224: loss 0.7542, time 262.62ms, mfu 1.94%
iter 36225: loss 0.6841, time 418.28ms, mfu 1.92%
iter 36226: loss 0.6700, time 459.76ms, mfu 1.88%
iter 36227: loss 0.6531, time 311.65ms, mfu 1.92%
iter 36228: loss 0.6937, time 566.15ms, mfu 1.85%
iter 36229: loss 0.7108, time 347.65ms, mfu 1.87%
iter 36230: loss 0.7072, time 453.77ms, mfu 1.84%
iter 36231: loss 0.7286, time 339.20ms, mfu 1.87%
iter 36232: loss 0.6628, time 316.15ms, mfu 1.90%
iter 36233: loss 0.7233, time 248.00ms, mfu 2.00%
iter 36234: loss 0.6632, time 485.41ms, mfu 1.94%
iter 36235: loss 0.7773, time 287.12ms, mfu 2.00%
iter 36236: loss 0.7124, time 430.67ms, mfu 1.96%
iter 36237: loss 0.7269, time 565.02ms, mfu 1.89%
iter 36238: loss 0.8452, time 360.78ms, mfu 1.90%
iter 36239: loss 0.6873, time 391.19ms, mfu 1.89%
iter 36240: loss 0.7264, time 348.78ms, mfu 1.90%
iter 36241: loss 0.7892, time 460.54ms, mfu 1.87%
iter 36242: loss 0.7620, time 330.85ms, mfu 1.89%
iter 36243: loss 0.7701, time 451.08ms, mfu 1.86%
iter 36244: loss 0.7563, time 374.51ms, mfu 1.87%
iter 36245: loss 0.6647, time 427.87ms, mfu 1.84%
iter 36246: loss 0.7073, time 401.70ms, mfu 1.84%
iter 36247: loss 0.6779, time 272.39ms, mfu 1.91%
iter 36248: loss 0.7345, time 353.08ms, mfu 1.92%
iter 36249: loss 0.7184, time 303.00ms, mfu 1.96%
iter 36250: loss 0.6737, time 382.47ms, mfu 1.95%
iter 36251: loss 0.7110, time 456.21ms, mfu 1.91%
iter 36252: loss 0.7223, time 220.86ms, mfu 2.04%
iter 36253: loss 0.7197, time 540.17ms, mfu 1.97%
iter 36254: loss 0.6837, time 365.26ms, mfu 1.97%
iter 36255: loss 0.7542, time 545.76ms, mfu 1.90%
iter 36256: loss 0.6620, time 318.85ms, mfu 1.93%
iter 36257: loss 0.6498, time 521.11ms, mfu 1.87%
iter 36258: loss 0.7679, time 462.47ms, mfu 1.84%
iter 36259: loss 0.7582, time 205.30ms, mfu 2.00%
iter 36260: loss 0.7242, time 333.05ms, mfu 2.01%
iter 36261: loss 0.7325, time 433.61ms, mfu 1.98%
iter 36262: loss 0.7011, time 448.21ms, mfu 1.94%
iter 36263: loss 0.6864, time 531.27ms, mfu 1.88%
iter 36264: loss 0.6722, time 416.47ms, mfu 1.86%
iter 36265: loss 0.7179, time 303.77ms, mfu 1.91%
iter 36266: loss 0.6205, time 393.57ms, mfu 1.90%
iter 36267: loss 0.7160, time 374.06ms, mfu 1.90%
iter 36268: loss 0.8166, time 333.46ms, mfu 1.92%
iter 36269: loss 0.5990, time 388.56ms, mfu 1.91%
iter 36270: loss 0.7579, time 363.16ms, mfu 1.91%
iter 36271: loss 0.6509, time 318.67ms, mfu 1.94%
iter 36272: loss 0.6800, time 413.51ms, mfu 1.92%
iter 36273: loss 0.7068, time 390.69ms, mfu 1.91%
iter 36274: loss 0.6828, time 510.45ms, mfu 1.86%
iter 36275: loss 0.7756, time 549.72ms, mfu 1.80%
iter 36276: loss 0.7396, time 296.28ms, mfu 1.86%
iter 36277: loss 0.7044, time 308.90ms, mfu 1.90%
iter 36278: loss 0.6456, time 578.95ms, mfu 1.84%
iter 36279: loss 0.7611, time 198.98ms, mfu 2.01%
iter 36280: loss 0.7349, time 280.95ms, mfu 2.06%
iter 36281: loss 0.7079, time 379.60ms, mfu 2.04%
iter 36282: loss 0.6672, time 518.30ms, mfu 1.97%
iter 36283: loss 0.7118, time 311.39ms, mfu 2.00%
iter 36284: loss 0.7267, time 362.61ms, mfu 2.00%
iter 36285: loss 0.7356, time 265.51ms, mfu 2.07%
iter 36286: loss 0.7693, time 453.53ms, mfu 2.02%
iter 36287: loss 0.6993, time 341.31ms, mfu 2.02%
iter 36288: loss 0.6825, time 435.61ms, mfu 1.98%
iter 36289: loss 0.7517, time 370.08ms, mfu 1.98%
iter 36290: loss 0.7849, time 397.22ms, mfu 1.96%
iter 36291: loss 0.6996, time 421.45ms, mfu 1.93%
iter 36292: loss 0.7568, time 413.21ms, mfu 1.91%
iter 36293: loss 0.7866, time 526.39ms, mfu 1.85%
iter 36294: loss 0.7327, time 466.18ms, mfu 1.82%
iter 36295: loss 0.7822, time 400.86ms, mfu 1.81%
iter 36296: loss 0.8234, time 356.85ms, mfu 1.83%
iter 36297: loss 0.7052, time 526.47ms, mfu 1.78%
iter 36298: loss 0.6448, time 403.16ms, mfu 1.78%
iter 36299: loss 0.6401, time 410.56ms, mfu 1.77%
iter 36300: loss 0.7588, time 512.64ms, mfu 1.74%
  === DIAG iter 36300 ===
  loss: 0.7588
  grads: total 1.0000, transformer 0.1318, adapter 0.9913
  <NUM> input tokens: 452/3072 (14.7%)
  lr: base 4.84e-05, adapter 2.42e-05
  SME accuracy: overall 0.458, sign 0.966, exp 0.959, digit 0.281, end 0.831 [d0 0.903 d1 0.419 d2 0.287 d3 0.095 d4 0.145 d5 0.127 d6 0.104 d7 0.175 d8 0.164 d9 0.162 d10 0.200 d11 0.133 d12 0.182 d13 0.211 d14 0.154] (1287 SME tokens)
iter 36301: loss 0.6669, time 234.33ms, mfu 1.86%
iter 36302: loss 0.7398, time 362.86ms, mfu 1.87%
iter 36303: loss 0.7394, time 473.15ms, mfu 1.84%
iter 36304: loss 0.7303, time 335.27ms, mfu 1.86%
iter 36305: loss 0.7463, time 261.38ms, mfu 1.95%
iter 36306: loss 0.6596, time 506.79ms, mfu 1.89%
iter 36307: loss 0.7624, time 313.32ms, mfu 1.93%
iter 36308: loss 0.6950, time 422.38ms, mfu 1.90%
iter 36309: loss 0.7180, time 531.84ms, mfu 1.85%
iter 36310: loss 0.7958, time 447.36ms, mfu 1.82%
iter 36311: loss 0.6583, time 381.88ms, mfu 1.82%
iter 36312: loss 0.6916, time 364.31ms, mfu 1.84%
iter 36313: loss 0.6634, time 360.44ms, mfu 1.85%
iter 36314: loss 0.7366, time 334.19ms, mfu 1.88%
iter 36315: loss 0.7846, time 435.27ms, mfu 1.85%
iter 36316: loss 0.6906, time 478.96ms, mfu 1.81%
iter 36317: loss 0.7812, time 281.18ms, mfu 1.89%
iter 36318: loss 0.7579, time 392.94ms, mfu 1.88%
iter 36319: loss 0.7059, time 437.17ms, mfu 1.85%
iter 36320: loss 0.6822, time 317.88ms, mfu 1.89%
iter 36321: loss 0.6987, time 305.93ms, mfu 1.93%
iter 36322: loss 0.7614, time 512.69ms, mfu 1.88%
iter 36323: loss 0.7525, time 519.02ms, mfu 1.83%
iter 36324: loss 0.7387, time 518.36ms, mfu 1.78%
iter 36325: loss 0.7038, time 372.30ms, mfu 1.79%
iter 36326: loss 0.7287, time 396.86ms, mfu 1.79%
iter 36327: loss 0.7496, time 489.27ms, mfu 1.76%
iter 36328: loss 0.7742, time 575.45ms, mfu 1.70%
iter 36329: loss 0.7489, time 370.20ms, mfu 1.73%
iter 36330: loss 0.7136, time 352.91ms, mfu 1.75%
iter 36331: loss 0.6959, time 447.50ms, mfu 1.74%
iter 36332: loss 0.7914, time 359.63ms, mfu 1.76%
iter 36333: loss 0.6511, time 434.09ms, mfu 1.75%
iter 36334: loss 0.6828, time 459.35ms, mfu 1.73%
iter 36335: loss 0.6516, time 310.86ms, mfu 1.78%
iter 36336: loss 0.6473, time 447.52ms, mfu 1.76%
iter 36337: loss 0.7103, time 447.94ms, mfu 1.74%
iter 36338: loss 0.7711, time 336.88ms, mfu 1.78%
iter 36339: loss 0.6618, time 440.16ms, mfu 1.76%
iter 36340: loss 0.6570, time 348.42ms, mfu 1.79%
iter 36341: loss 0.6727, time 266.49ms, mfu 1.88%
iter 36342: loss 0.7047, time 302.24ms, mfu 1.92%
iter 36343: loss 0.7230, time 430.40ms, mfu 1.90%
iter 36344: loss 0.6727, time 404.67ms, mfu 1.88%
iter 36345: loss 0.7191, time 381.15ms, mfu 1.88%
iter 36346: loss 0.7404, time 281.57ms, mfu 1.94%
iter 36347: loss 0.7126, time 367.48ms, mfu 1.94%
iter 36348: loss 0.6558, time 336.03ms, mfu 1.96%
iter 36349: loss 0.7611, time 307.35ms, mfu 1.99%
iter 36350: loss 0.6577, time 367.49ms, mfu 1.99%
iter 36351: loss 0.7945, time 341.87ms, mfu 2.00%
iter 36352: loss 0.7064, time 264.35ms, mfu 2.06%
iter 36353: loss 0.6707, time 419.30ms, mfu 2.03%
iter 36354: loss 0.7298, time 384.43ms, mfu 2.01%
iter 36355: loss 0.7352, time 399.11ms, mfu 1.99%
iter 36356: loss 0.7083, time 424.59ms, mfu 1.95%
iter 36357: loss 0.6576, time 306.05ms, mfu 1.99%
iter 36358: loss 0.7574, time 444.45ms, mfu 1.95%
iter 36359: loss 0.6660, time 370.00ms, mfu 1.95%
iter 36360: loss 0.7008, time 446.22ms, mfu 1.91%
iter 36361: loss 0.6572, time 220.88ms, mfu 2.04%
iter 36362: loss 0.7366, time 401.64ms, mfu 2.01%
iter 36363: loss 0.6841, time 393.27ms, mfu 1.99%
iter 36364: loss 0.6662, time 363.93ms, mfu 1.99%
iter 36365: loss 0.7233, time 415.57ms, mfu 1.96%
iter 36366: loss 0.6622, time 437.84ms, mfu 1.93%
iter 36367: loss 0.7676, time 350.35ms, mfu 1.93%
iter 36368: loss 0.7373, time 305.55ms, mfu 1.97%
iter 36369: loss 0.6771, time 460.86ms, mfu 1.93%
iter 36370: loss 0.6600, time 307.53ms, mfu 1.97%
iter 36371: loss 0.7609, time 236.36ms, mfu 2.07%
iter 36372: loss 0.6990, time 481.19ms, mfu 2.01%
iter 36373: loss 0.7050, time 495.64ms, mfu 1.95%
iter 36374: loss 0.7705, time 470.11ms, mfu 1.91%
iter 36375: loss 0.7382, time 439.01ms, mfu 1.88%
iter 36376: loss 0.6792, time 420.70ms, mfu 1.86%
iter 36377: loss 0.6806, time 437.71ms, mfu 1.84%
iter 36378: loss 0.7034, time 246.62ms, mfu 1.94%
iter 36379: loss 0.7739, time 311.01ms, mfu 1.97%
iter 36380: loss 0.6362, time 504.02ms, mfu 1.92%
iter 36381: loss 0.7871, time 309.83ms, mfu 1.95%
iter 36382: loss 0.6702, time 400.21ms, mfu 1.94%
iter 36383: loss 0.7078, time 421.92ms, mfu 1.91%
iter 36384: loss 0.6854, time 387.85ms, mfu 1.90%
iter 36385: loss 0.7139, time 289.14ms, mfu 1.96%
iter 36386: loss 0.7486, time 421.21ms, mfu 1.93%
iter 36387: loss 0.7354, time 498.44ms, mfu 1.88%
iter 36388: loss 0.7323, time 448.56ms, mfu 1.85%
iter 36389: loss 0.7685, time 443.15ms, mfu 1.82%
iter 36390: loss 0.7624, time 309.59ms, mfu 1.87%
iter 36391: loss 0.6524, time 447.38ms, mfu 1.84%
iter 36392: loss 0.6903, time 555.23ms, mfu 1.79%
iter 36393: loss 0.7496, time 295.49ms, mfu 1.85%
iter 36394: loss 0.6849, time 468.39ms, mfu 1.81%
iter 36395: loss 0.6455, time 391.18ms, mfu 1.81%
iter 36396: loss 0.6920, time 352.28ms, mfu 1.83%
iter 36397: loss 0.7044, time 330.06ms, mfu 1.86%
iter 36398: loss 0.6606, time 398.23ms, mfu 1.86%
iter 36399: loss 0.6752, time 389.15ms, mfu 1.85%
iter 36400: loss 0.7775, time 405.86ms, mfu 1.84%
  === DIAG iter 36400 ===
  loss: 0.7775
  grads: total 1.0000, transformer 0.1557, adapter 0.9878
  <NUM> input tokens: 461/3072 (15.0%)
  lr: base 4.79e-05, adapter 2.40e-05
  SME accuracy: overall 0.473, sign 0.963, exp 0.919, digit 0.286, end 0.881 [d0 0.879 d1 0.485 d2 0.301 d3 0.136 d4 0.108 d5 0.114 d6 0.143 d7 0.134 d8 0.078 d9 0.159 d10 0.167 d11 0.226 d12 0.192 d13 0.150 d14 0.133] (1377 SME tokens)
iter 36401: loss 0.7193, time 229.06ms, mfu 1.97%
iter 36402: loss 0.7278, time 398.25ms, mfu 1.95%
iter 36403: loss 0.7068, time 423.43ms, mfu 1.92%
iter 36404: loss 0.7339, time 334.15ms, mfu 1.94%
iter 36405: loss 0.7604, time 361.61ms, mfu 1.94%
iter 36406: loss 0.6038, time 381.96ms, mfu 1.93%
iter 36407: loss 0.7234, time 357.07ms, mfu 1.94%
iter 36408: loss 0.7196, time 593.69ms, mfu 1.86%
iter 36409: loss 0.7448, time 318.72ms, mfu 1.90%
iter 36410: loss 0.8134, time 387.92ms, mfu 1.89%
iter 36411: loss 0.7294, time 342.42ms, mfu 1.91%
iter 36412: loss 0.7601, time 322.52ms, mfu 1.94%
iter 36413: loss 0.7405, time 474.91ms, mfu 1.89%
iter 36414: loss 0.8002, time 354.56ms, mfu 1.91%
iter 36415: loss 0.6411, time 230.90ms, mfu 2.02%
iter 36416: loss 0.6673, time 354.36ms, mfu 2.02%
iter 36417: loss 0.7392, time 333.62ms, mfu 2.03%
iter 36418: loss 0.6850, time 259.90ms, mfu 2.10%
iter 36419: loss 0.6670, time 487.72ms, mfu 2.03%
iter 36420: loss 0.6606, time 346.36ms, mfu 2.04%
iter 36421: loss 0.6745, time 311.22ms, mfu 2.06%
iter 36422: loss 0.6288, time 465.63ms, mfu 2.01%
iter 36423: loss 0.6863, time 478.92ms, mfu 1.95%
iter 36424: loss 0.7981, time 453.42ms, mfu 1.91%
iter 36425: loss 0.6736, time 265.13ms, mfu 1.99%
iter 36426: loss 0.7222, time 448.05ms, mfu 1.95%
iter 36427: loss 0.6710, time 334.93ms, mfu 1.97%
iter 36428: loss 0.6957, time 388.40ms, mfu 1.95%
iter 36429: loss 0.7013, time 327.46ms, mfu 1.97%
iter 36430: loss 0.7148, time 402.21ms, mfu 1.95%
iter 36431: loss 0.7405, time 305.35ms, mfu 1.99%
iter 36432: loss 0.7668, time 437.30ms, mfu 1.95%
iter 36433: loss 0.6954, time 291.31ms, mfu 2.00%
iter 36434: loss 0.6672, time 308.72ms, mfu 2.03%
iter 36435: loss 0.6578, time 376.18ms, mfu 2.02%
iter 36436: loss 0.7244, time 419.33ms, mfu 1.98%
iter 36437: loss 0.7456, time 334.65ms, mfu 2.00%
iter 36438: loss 0.7346, time 267.23ms, mfu 2.06%
iter 36439: loss 0.7103, time 249.80ms, mfu 2.14%
iter 36440: loss 0.6447, time 456.03ms, mfu 2.08%
iter 36441: loss 0.6937, time 392.34ms, mfu 2.05%
iter 36442: loss 0.6675, time 350.66ms, mfu 2.05%
iter 36443: loss 0.7830, time 305.17ms, mfu 2.08%
iter 36444: loss 0.6770, time 524.29ms, mfu 2.00%
iter 36445: loss 0.7228, time 326.23ms, mfu 2.02%
iter 36446: loss 0.7094, time 339.86ms, mfu 2.03%
iter 36447: loss 0.6920, time 383.61ms, mfu 2.01%
iter 36448: loss 0.7562, time 381.77ms, mfu 1.99%
iter 36449: loss 0.6742, time 408.44ms, mfu 1.97%
iter 36450: loss 0.6950, time 214.25ms, mfu 2.10%
iter 36451: loss 0.6754, time 320.61ms, mfu 2.11%
iter 36452: loss 0.7445, time 499.39ms, mfu 2.04%
iter 36453: loss 0.6927, time 530.10ms, mfu 1.97%
iter 36454: loss 0.7123, time 373.38ms, mfu 1.97%
iter 36455: loss 0.7735, time 293.70ms, mfu 2.01%
iter 36456: loss 0.8131, time 360.03ms, mfu 2.01%
iter 36457: loss 0.7665, time 450.42ms, mfu 1.96%
iter 36458: loss 0.7418, time 349.88ms, mfu 1.97%
iter 36459: loss 0.6361, time 429.61ms, mfu 1.94%
iter 36460: loss 0.6672, time 381.95ms, mfu 1.93%
iter 36461: loss 0.7752, time 453.23ms, mfu 1.89%
iter 36462: loss 0.6529, time 356.93ms, mfu 1.90%
iter 36463: loss 0.7681, time 274.60ms, mfu 1.97%
iter 36464: loss 0.6444, time 471.13ms, mfu 1.92%
iter 36465: loss 0.7781, time 303.23ms, mfu 1.96%
iter 36466: loss 0.6981, time 327.81ms, mfu 1.98%
iter 36467: loss 0.6739, time 245.56ms, mfu 2.07%
iter 36468: loss 0.7359, time 277.50ms, mfu 2.12%
iter 36469: loss 0.6833, time 509.18ms, mfu 2.05%
iter 36470: loss 0.6767, time 374.27ms, mfu 2.03%
iter 36471: loss 0.7761, time 398.07ms, mfu 2.01%
iter 36472: loss 0.7300, time 419.06ms, mfu 1.98%
iter 36473: loss 0.7300, time 471.94ms, mfu 1.93%
iter 36474: loss 0.6378, time 456.87ms, mfu 1.89%
iter 36475: loss 0.7329, time 496.29ms, mfu 1.85%
iter 36476: loss 0.8093, time 254.91ms, mfu 1.94%
iter 36477: loss 0.6327, time 615.94ms, mfu 1.86%
iter 36478: loss 0.6977, time 350.73ms, mfu 1.88%
iter 36479: loss 0.6893, time 231.85ms, mfu 1.99%
iter 36480: loss 0.7425, time 404.07ms, mfu 1.97%
iter 36481: loss 0.6838, time 357.27ms, mfu 1.97%
iter 36482: loss 0.6998, time 417.71ms, mfu 1.94%
iter 36483: loss 0.7862, time 325.07ms, mfu 1.97%
iter 36484: loss 0.7301, time 385.19ms, mfu 1.95%
iter 36485: loss 0.6087, time 426.92ms, mfu 1.93%
iter 36486: loss 0.7075, time 403.72ms, mfu 1.91%
iter 36487: loss 0.7510, time 478.98ms, mfu 1.87%
iter 36488: loss 0.7231, time 454.51ms, mfu 1.83%
iter 36489: loss 0.7408, time 393.94ms, mfu 1.83%
iter 36490: loss 0.6855, time 435.70ms, mfu 1.81%
iter 36491: loss 0.7830, time 331.51ms, mfu 1.84%
iter 36492: loss 0.7625, time 286.03ms, mfu 1.91%
iter 36493: loss 0.7347, time 479.21ms, mfu 1.86%
iter 36494: loss 0.7005, time 300.51ms, mfu 1.91%
iter 36495: loss 0.6961, time 505.59ms, mfu 1.86%
iter 36496: loss 0.7611, time 265.51ms, mfu 1.94%
iter 36497: loss 0.7193, time 655.64ms, mfu 1.86%
iter 36498: loss 0.6680, time 387.28ms, mfu 1.85%
iter 36499: loss 0.7849, time 441.93ms, mfu 1.83%
iter 36500: loss 0.7456, time 607.86ms, mfu 1.76%
  === DIAG iter 36500 ===
  loss: 0.7456
  grads: total 1.0000, transformer 0.1675, adapter 0.9859
  <NUM> input tokens: 434/3072 (14.1%)
  lr: base 4.75e-05, adapter 2.37e-05
  SME accuracy: overall 0.471, sign 0.983, exp 0.924, digit 0.293, end 0.853 [d0 0.882 d1 0.367 d2 0.386 d3 0.086 d4 0.171 d5 0.153 d6 0.145 d7 0.164 d8 0.140 d9 0.152 d10 0.250 d11 0.304 d12 0.222 d13 0.235 d14 0.000] (1232 SME tokens)
iter 36501: loss 0.6997, time 251.22ms, mfu 1.87%
iter 36502: loss 0.7382, time 308.47ms, mfu 1.91%
iter 36503: loss 0.7510, time 325.83ms, mfu 1.94%
iter 36504: loss 0.6878, time 400.56ms, mfu 1.92%
iter 36505: loss 0.6725, time 405.62ms, mfu 1.90%
iter 36506: loss 0.7185, time 459.79ms, mfu 1.87%
iter 36507: loss 0.7144, time 348.89ms, mfu 1.88%
iter 36508: loss 0.6628, time 446.69ms, mfu 1.85%
iter 36509: loss 0.6806, time 385.91ms, mfu 1.85%
iter 36510: loss 0.7118, time 447.51ms, mfu 1.83%
iter 36511: loss 0.6508, time 270.52ms, mfu 1.90%
iter 36512: loss 0.7582, time 486.21ms, mfu 1.86%
iter 36513: loss 0.6297, time 486.32ms, mfu 1.82%
iter 36514: loss 0.7500, time 283.08ms, mfu 1.89%
iter 36515: loss 0.6983, time 375.24ms, mfu 1.89%
iter 36516: loss 0.7661, time 427.60ms, mfu 1.87%
iter 36517: loss 0.6345, time 288.26ms, mfu 1.92%
iter 36518: loss 0.7230, time 446.23ms, mfu 1.89%
iter 36519: loss 0.7130, time 479.92ms, mfu 1.85%
iter 36520: loss 0.6989, time 335.42ms, mfu 1.88%
iter 36521: loss 0.7196, time 443.11ms, mfu 1.85%
iter 36522: loss 0.7611, time 462.59ms, mfu 1.82%
iter 36523: loss 0.6987, time 458.33ms, mfu 1.79%
iter 36524: loss 0.6772, time 401.16ms, mfu 1.79%
iter 36525: loss 0.6947, time 448.81ms, mfu 1.77%
iter 36526: loss 0.6344, time 366.04ms, mfu 1.78%
iter 36527: loss 0.6912, time 416.91ms, mfu 1.78%
iter 36528: loss 0.7740, time 304.60ms, mfu 1.83%
iter 36529: loss 0.6200, time 316.81ms, mfu 1.87%
iter 36530: loss 0.6696, time 377.47ms, mfu 1.87%
iter 36531: loss 0.7315, time 260.12ms, mfu 1.96%
iter 36532: loss 0.7722, time 388.96ms, mfu 1.94%
iter 36533: loss 0.6964, time 396.24ms, mfu 1.93%
iter 36534: loss 0.6934, time 443.09ms, mfu 1.90%
iter 36535: loss 0.7569, time 349.69ms, mfu 1.91%
iter 36536: loss 0.6844, time 274.18ms, mfu 1.98%
iter 36537: loss 0.7016, time 282.71ms, mfu 2.03%
iter 36538: loss 0.7578, time 570.06ms, mfu 1.95%
iter 36539: loss 0.7246, time 425.19ms, mfu 1.92%
iter 36540: loss 0.7385, time 311.93ms, mfu 1.96%
iter 36541: loss 0.6565, time 360.07ms, mfu 1.96%
iter 36542: loss 0.6462, time 370.70ms, mfu 1.95%
iter 36543: loss 0.7726, time 371.86ms, mfu 1.95%
iter 36544: loss 0.7869, time 426.36ms, mfu 1.92%
iter 36545: loss 0.6969, time 331.53ms, mfu 1.94%
iter 36546: loss 0.7139, time 383.00ms, mfu 1.93%
iter 36547: loss 0.7371, time 425.71ms, mfu 1.91%
iter 36548: loss 0.6989, time 245.67ms, mfu 2.00%
iter 36549: loss 0.7548, time 433.15ms, mfu 1.97%
iter 36550: loss 0.7658, time 350.16ms, mfu 1.97%
iter 36551: loss 0.7176, time 439.20ms, mfu 1.94%
iter 36552: loss 0.7230, time 312.54ms, mfu 1.97%
iter 36553: loss 0.6527, time 506.25ms, mfu 1.91%
iter 36554: loss 0.6610, time 276.17ms, mfu 1.98%
iter 36555: loss 0.7112, time 334.64ms, mfu 1.99%
iter 36556: loss 0.7254, time 288.14ms, mfu 2.04%
iter 36557: loss 0.7072, time 390.62ms, mfu 2.02%
iter 36558: loss 0.6354, time 270.83ms, mfu 2.08%
iter 36559: loss 0.7096, time 285.07ms, mfu 2.12%
iter 36560: loss 0.6568, time 346.32ms, mfu 2.11%
iter 36561: loss 0.6961, time 358.29ms, mfu 2.10%
iter 36562: loss 0.6908, time 418.89ms, mfu 2.06%
iter 36563: loss 0.7944, time 294.95ms, mfu 2.09%
iter 36564: loss 0.7406, time 522.77ms, mfu 2.02%
iter 36565: loss 0.8024, time 379.59ms, mfu 2.00%
iter 36566: loss 0.6918, time 413.66ms, mfu 1.97%
iter 36567: loss 0.6657, time 329.95ms, mfu 1.99%
iter 36568: loss 0.6904, time 322.67ms, mfu 2.01%
iter 36569: loss 0.7107, time 438.62ms, mfu 1.97%
iter 36570: loss 0.7662, time 402.16ms, mfu 1.95%
iter 36571: loss 0.6117, time 420.05ms, mfu 1.92%
iter 36572: loss 0.6932, time 244.93ms, mfu 2.02%
iter 36573: loss 0.7258, time 363.44ms, mfu 2.01%
iter 36574: loss 0.8175, time 293.24ms, mfu 2.05%
iter 36575: loss 0.6979, time 499.70ms, mfu 1.99%
iter 36576: loss 0.7087, time 395.35ms, mfu 1.97%
iter 36577: loss 0.7451, time 291.54ms, mfu 2.02%
iter 36578: loss 0.7504, time 381.40ms, mfu 2.00%
iter 36579: loss 0.7661, time 368.92ms, mfu 1.99%
iter 36580: loss 0.6806, time 304.10ms, mfu 2.03%
iter 36581: loss 0.7099, time 349.63ms, mfu 2.03%
iter 36582: loss 0.7182, time 374.59ms, mfu 2.01%
iter 36583: loss 0.7253, time 294.96ms, mfu 2.05%
iter 36584: loss 0.6567, time 398.43ms, mfu 2.03%
iter 36585: loss 0.7830, time 362.82ms, mfu 2.02%
iter 36586: loss 0.7138, time 419.55ms, mfu 1.99%
iter 36587: loss 0.6763, time 335.04ms, mfu 2.00%
iter 36588: loss 0.6717, time 354.94ms, mfu 2.00%
iter 36589: loss 0.7463, time 397.63ms, mfu 1.98%
iter 36590: loss 0.7006, time 309.91ms, mfu 2.01%
iter 36591: loss 0.7958, time 528.15ms, mfu 1.94%
iter 36592: loss 0.6930, time 283.57ms, mfu 2.00%
iter 36593: loss 0.6800, time 482.91ms, mfu 1.94%
iter 36594: loss 0.7001, time 235.59ms, mfu 2.05%
iter 36595: loss 0.7447, time 501.26ms, mfu 1.99%
iter 36596: loss 0.7444, time 402.60ms, mfu 1.96%
iter 36597: loss 0.7157, time 489.29ms, mfu 1.91%
iter 36598: loss 0.7739, time 420.05ms, mfu 1.89%
iter 36599: loss 0.7371, time 340.63ms, mfu 1.91%
iter 36600: loss 0.7993, time 583.25ms, mfu 1.84%
  === DIAG iter 36600 ===
  loss: 0.7993
  grads: total 1.0000, transformer 0.1271, adapter 0.9919
  <NUM> input tokens: 379/3072 (12.3%)
  lr: base 4.71e-05, adapter 2.35e-05
  SME accuracy: overall 0.434, sign 0.922, exp 0.829, digit 0.263, end 0.795 [d0 0.756 d1 0.374 d2 0.274 d3 0.112 d4 0.113 d5 0.120 d6 0.071 d7 0.111 d8 0.127 d9 0.150 d10 0.229 d11 0.267 d12 0.375 d13 0.353 d14 0.231] (1335 SME tokens)
iter 36601: loss 0.6763, time 228.86ms, mfu 1.97%
iter 36602: loss 0.6693, time 369.37ms, mfu 1.96%
iter 36603: loss 0.7533, time 418.34ms, mfu 1.93%
iter 36604: loss 0.6806, time 264.41ms, mfu 2.01%
iter 36605: loss 0.6691, time 411.69ms, mfu 1.98%
iter 36606: loss 0.6496, time 401.27ms, mfu 1.96%
iter 36607: loss 0.6096, time 535.45ms, mfu 1.90%
iter 36608: loss 0.7008, time 280.36ms, mfu 1.96%
iter 36609: loss 0.7024, time 403.42ms, mfu 1.94%
iter 36610: loss 0.7223, time 427.24ms, mfu 1.91%
iter 36611: loss 0.7312, time 431.49ms, mfu 1.88%
iter 36612: loss 0.7759, time 391.75ms, mfu 1.88%
iter 36613: loss 0.6908, time 545.80ms, mfu 1.82%
iter 36614: loss 0.6438, time 444.55ms, mfu 1.80%
iter 36615: loss 0.6924, time 419.03ms, mfu 1.79%
iter 36616: loss 0.7137, time 260.88ms, mfu 1.88%
iter 36617: loss 0.6833, time 544.57ms, mfu 1.82%
iter 36618: loss 0.7285, time 526.36ms, mfu 1.77%
iter 36619: loss 0.6721, time 330.39ms, mfu 1.81%
iter 36620: loss 0.7998, time 459.45ms, mfu 1.78%
iter 36621: loss 0.7056, time 345.66ms, mfu 1.81%
iter 36622: loss 0.7373, time 304.54ms, mfu 1.86%
iter 36623: loss 0.7303, time 413.78ms, mfu 1.85%
iter 36624: loss 0.7148, time 412.98ms, mfu 1.83%
iter 36625: loss 0.6590, time 406.48ms, mfu 1.83%
iter 36626: loss 0.7284, time 423.22ms, mfu 1.81%
iter 36627: loss 0.6566, time 362.97ms, mfu 1.82%
iter 36628: loss 0.6683, time 468.87ms, mfu 1.79%
iter 36629: loss 0.6682, time 358.61ms, mfu 1.81%
iter 36630: loss 0.7527, time 473.49ms, mfu 1.78%
iter 36631: loss 0.7435, time 475.74ms, mfu 1.75%
iter 36632: loss 0.7652, time 261.70ms, mfu 1.85%
iter 36633: loss 0.6667, time 321.71ms, mfu 1.88%
iter 36634: loss 0.7166, time 320.05ms, mfu 1.92%
iter 36635: loss 0.7383, time 398.11ms, mfu 1.90%
iter 36636: loss 0.7240, time 406.46ms, mfu 1.89%
iter 36637: loss 0.6099, time 330.90ms, mfu 1.91%
iter 36638: loss 0.6306, time 413.02ms, mfu 1.89%
iter 36639: loss 0.7245, time 416.67ms, mfu 1.87%
iter 36640: loss 0.7722, time 401.25ms, mfu 1.86%
iter 36641: loss 0.7343, time 441.68ms, mfu 1.84%
iter 36642: loss 0.7092, time 377.91ms, mfu 1.84%
iter 36643: loss 0.7264, time 418.55ms, mfu 1.83%
iter 36644: loss 0.6522, time 403.40ms, mfu 1.82%
iter 36645: loss 0.7409, time 301.72ms, mfu 1.87%
iter 36646: loss 0.7061, time 317.10ms, mfu 1.91%
iter 36647: loss 0.7751, time 565.49ms, mfu 1.84%
iter 36648: loss 0.6774, time 286.15ms, mfu 1.91%
iter 36649: loss 0.6809, time 359.28ms, mfu 1.91%
iter 36650: loss 0.6412, time 310.87ms, mfu 1.95%
iter 36651: loss 0.7201, time 627.25ms, mfu 1.87%
iter 36652: loss 0.6996, time 359.29ms, mfu 1.88%
iter 36653: loss 0.7551, time 441.21ms, mfu 1.85%
iter 36654: loss 0.7199, time 495.87ms, mfu 1.81%
iter 36655: loss 0.7298, time 241.50ms, mfu 1.92%
iter 36656: loss 0.7168, time 474.70ms, mfu 1.88%
iter 36657: loss 0.6313, time 484.23ms, mfu 1.84%
iter 36658: loss 0.6570, time 384.97ms, mfu 1.84%
iter 36659: loss 0.7331, time 291.02ms, mfu 1.90%
iter 36660: loss 0.6425, time 401.74ms, mfu 1.88%
iter 36661: loss 0.7314, time 368.23ms, mfu 1.89%
iter 36662: loss 0.7302, time 424.30ms, mfu 1.87%
iter 36663: loss 0.7472, time 426.30ms, mfu 1.85%
iter 36664: loss 0.7741, time 305.95ms, mfu 1.89%
iter 36665: loss 0.7276, time 293.39ms, mfu 1.95%
iter 36666: loss 0.7015, time 531.56ms, mfu 1.88%
iter 36667: loss 0.7552, time 428.57ms, mfu 1.86%
iter 36668: loss 0.5852, time 281.40ms, mfu 1.93%
iter 36669: loss 0.7545, time 425.84ms, mfu 1.90%
iter 36670: loss 0.7181, time 353.74ms, mfu 1.91%
iter 36671: loss 0.7806, time 337.91ms, mfu 1.93%
iter 36672: loss 0.7231, time 352.41ms, mfu 1.94%
iter 36673: loss 0.7526, time 310.15ms, mfu 1.97%
iter 36674: loss 0.7397, time 245.86ms, mfu 2.06%
iter 36675: loss 0.6629, time 357.77ms, mfu 2.06%
iter 36676: loss 0.7192, time 239.84ms, mfu 2.15%
iter 36677: loss 0.6995, time 459.97ms, mfu 2.08%
iter 36678: loss 0.7730, time 385.45ms, mfu 2.06%
iter 36679: loss 0.7747, time 435.43ms, mfu 2.02%
iter 36680: loss 0.7888, time 221.67ms, mfu 2.13%
iter 36681: loss 0.6919, time 420.36ms, mfu 2.09%
iter 36682: loss 0.6697, time 393.14ms, mfu 2.06%
iter 36683: loss 0.7055, time 474.16ms, mfu 2.00%
iter 36684: loss 0.7090, time 406.05ms, mfu 1.98%
iter 36685: loss 0.7225, time 346.91ms, mfu 1.99%
iter 36686: loss 0.6718, time 341.44ms, mfu 1.99%
iter 36687: loss 0.7465, time 391.58ms, mfu 1.98%
iter 36688: loss 0.6475, time 273.92ms, mfu 2.04%
iter 36689: loss 0.7085, time 384.10ms, mfu 2.02%
iter 36690: loss 0.7654, time 360.95ms, mfu 2.01%
iter 36691: loss 0.7431, time 329.59ms, mfu 2.03%
iter 36692: loss 0.7310, time 330.43ms, mfu 2.04%
iter 36693: loss 0.6909, time 489.98ms, mfu 1.98%
iter 36694: loss 0.7205, time 348.79ms, mfu 1.98%
iter 36695: loss 0.6692, time 211.02ms, mfu 2.12%
iter 36696: loss 0.7119, time 525.97ms, mfu 2.04%
iter 36697: loss 0.8143, time 273.97ms, mfu 2.10%
iter 36698: loss 0.6516, time 428.45ms, mfu 2.05%
iter 36699: loss 0.7054, time 281.79ms, mfu 2.10%
iter 36700: loss 0.7601, time 528.73ms, mfu 2.02%
  === DIAG iter 36700 ===
  loss: 0.7601
  grads: total 1.0000, transformer 0.1415, adapter 0.9899
  <NUM> input tokens: 408/3072 (13.3%)
  lr: base 4.67e-05, adapter 2.33e-05
  SME accuracy: overall 0.450, sign 0.983, exp 0.942, digit 0.264, end 0.874 [d0 0.896 d1 0.473 d2 0.330 d3 0.207 d4 0.107 d5 0.132 d6 0.083 d7 0.106 d8 0.033 d9 0.057 d10 0.062 d11 0.000 d12 0.000 d13 0.056 d14 0.167] (1301 SME tokens)
iter 36701: loss 0.7309, time 242.34ms, mfu 2.11%
iter 36702: loss 0.6979, time 276.05ms, mfu 2.16%
iter 36703: loss 0.6839, time 351.54ms, mfu 2.15%
iter 36704: loss 0.6623, time 399.04ms, mfu 2.11%
iter 36705: loss 0.7113, time 380.31ms, mfu 2.08%
iter 36706: loss 0.6436, time 384.40ms, mfu 2.06%
iter 36707: loss 0.7397, time 414.65ms, mfu 2.02%
iter 36708: loss 0.7145, time 412.97ms, mfu 1.99%
iter 36709: loss 0.7584, time 284.75ms, mfu 2.04%
iter 36710: loss 0.7719, time 385.15ms, mfu 2.02%
iter 36711: loss 0.7030, time 361.94ms, mfu 2.02%
iter 36712: loss 0.7643, time 290.15ms, mfu 2.06%
iter 36713: loss 0.7358, time 384.94ms, mfu 2.04%
iter 36714: loss 0.6951, time 359.36ms, mfu 2.03%
iter 36715: loss 0.7480, time 344.95ms, mfu 2.03%
iter 36716: loss 0.7272, time 326.77ms, mfu 2.05%
iter 36717: loss 0.6894, time 270.58ms, mfu 2.10%
iter 36718: loss 0.7444, time 484.04ms, mfu 2.04%
iter 36719: loss 0.7074, time 254.41ms, mfu 2.11%
iter 36720: loss 0.7521, time 585.82ms, mfu 2.02%
iter 36721: loss 0.7975, time 362.43ms, mfu 2.02%
iter 36722: loss 0.7676, time 352.48ms, mfu 2.02%
iter 36723: loss 0.6420, time 412.06ms, mfu 1.99%
iter 36724: loss 0.6691, time 332.30ms, mfu 2.00%
iter 36725: loss 0.7720, time 566.40ms, mfu 1.93%
iter 36726: loss 0.7706, time 307.36ms, mfu 1.96%
iter 36727: loss 0.6849, time 348.66ms, mfu 1.97%
iter 36728: loss 0.7110, time 471.53ms, mfu 1.92%
iter 36729: loss 0.7379, time 376.20ms, mfu 1.92%
iter 36730: loss 0.6541, time 266.10ms, mfu 1.99%
iter 36731: loss 0.7779, time 324.36ms, mfu 2.01%
iter 36732: loss 0.7192, time 273.74ms, mfu 2.07%
iter 36733: loss 0.6812, time 503.85ms, mfu 2.00%
iter 36734: loss 0.7240, time 237.20ms, mfu 2.10%
iter 36735: loss 0.8167, time 330.06ms, mfu 2.11%
iter 36736: loss 0.7660, time 398.11ms, mfu 2.07%
iter 36737: loss 0.6881, time 431.92ms, mfu 2.03%
iter 36738: loss 0.7250, time 489.91ms, mfu 1.97%
iter 36739: loss 0.6899, time 452.33ms, mfu 1.93%
iter 36740: loss 0.6823, time 386.62ms, mfu 1.92%
iter 36741: loss 0.6267, time 380.89ms, mfu 1.92%
iter 36742: loss 0.7366, time 340.95ms, mfu 1.93%
iter 36743: loss 0.6699, time 391.91ms, mfu 1.92%
iter 36744: loss 0.7757, time 502.92ms, mfu 1.87%
iter 36745: loss 0.7309, time 398.99ms, mfu 1.86%
iter 36746: loss 0.6834, time 568.92ms, mfu 1.80%
iter 36747: loss 0.8434, time 360.58ms, mfu 1.82%
iter 36748: loss 0.7609, time 308.06ms, mfu 1.86%
iter 36749: loss 0.6334, time 436.31ms, mfu 1.84%
iter 36750: loss 0.6600, time 385.56ms, mfu 1.84%
iter 36751: loss 0.7472, time 431.30ms, mfu 1.82%
iter 36752: loss 0.6841, time 312.09ms, mfu 1.86%
iter 36753: loss 0.7299, time 305.14ms, mfu 1.91%
iter 36754: loss 0.7255, time 448.27ms, mfu 1.88%
iter 36755: loss 0.7090, time 320.89ms, mfu 1.91%
iter 36756: loss 0.7086, time 443.36ms, mfu 1.88%
iter 36757: loss 0.6644, time 382.24ms, mfu 1.88%
iter 36758: loss 0.7412, time 381.38ms, mfu 1.88%
iter 36759: loss 0.7529, time 349.65ms, mfu 1.89%
iter 36760: loss 0.7598, time 471.87ms, mfu 1.85%
iter 36761: loss 0.7032, time 304.81ms, mfu 1.90%
iter 36762: loss 0.6454, time 553.92ms, mfu 1.84%
iter 36763: loss 0.6074, time 291.78ms, mfu 1.90%
iter 36764: loss 0.7423, time 367.84ms, mfu 1.90%
iter 36765: loss 0.6803, time 464.24ms, mfu 1.86%
iter 36766: loss 0.6921, time 340.99ms, mfu 1.88%
iter 36767: loss 0.6845, time 346.58ms, mfu 1.90%
iter 36768: loss 0.7231, time 521.82ms, mfu 1.85%
iter 36769: loss 0.7578, time 297.53ms, mfu 1.90%
iter 36770: loss 0.7438, time 404.40ms, mfu 1.88%
iter 36771: loss 0.7606, time 403.19ms, mfu 1.87%
iter 36772: loss 0.7454, time 385.32ms, mfu 1.87%
iter 36773: loss 0.7345, time 416.09ms, mfu 1.85%
iter 36774: loss 0.7723, time 311.50ms, mfu 1.89%
iter 36775: loss 0.8165, time 348.64ms, mfu 1.91%
iter 36776: loss 0.6976, time 343.12ms, mfu 1.92%
iter 36777: loss 0.7086, time 378.71ms, mfu 1.92%
iter 36778: loss 0.7544, time 311.25ms, mfu 1.95%
iter 36779: loss 0.7493, time 300.00ms, mfu 2.00%
iter 36780: loss 0.6297, time 447.45ms, mfu 1.95%
iter 36781: loss 0.8296, time 362.61ms, mfu 1.95%
iter 36782: loss 0.7263, time 354.85ms, mfu 1.96%
iter 36783: loss 0.6647, time 501.80ms, mfu 1.90%
iter 36784: loss 0.7156, time 395.83ms, mfu 1.89%
iter 36785: loss 0.7584, time 408.97ms, mfu 1.88%
iter 36786: loss 0.8013, time 319.27ms, mfu 1.91%
iter 36787: loss 0.6656, time 451.90ms, mfu 1.88%
iter 36788: loss 0.6422, time 360.26ms, mfu 1.89%
iter 36789: loss 0.6484, time 431.69ms, mfu 1.86%
iter 36790: loss 0.7563, time 387.04ms, mfu 1.86%
iter 36791: loss 0.7770, time 445.30ms, mfu 1.83%
iter 36792: loss 0.7341, time 358.49ms, mfu 1.85%
iter 36793: loss 0.6643, time 404.93ms, mfu 1.84%
iter 36794: loss 0.7508, time 210.15ms, mfu 1.99%
iter 36795: loss 0.6908, time 321.80ms, mfu 2.01%
iter 36796: loss 0.7263, time 408.75ms, mfu 1.98%
iter 36797: loss 0.7457, time 441.14ms, mfu 1.95%
iter 36798: loss 0.6225, time 415.73ms, mfu 1.92%
iter 36799: loss 0.6926, time 294.55ms, mfu 1.97%
iter 36800: loss 0.8027, time 569.40ms, mfu 1.90%
  === DIAG iter 36800 ===
  loss: 0.8027
  grads: total 1.0000, transformer 0.1840, adapter 0.9829
  <NUM> input tokens: 419/3072 (13.6%)
  lr: base 4.63e-05, adapter 2.31e-05
  SME accuracy: overall 0.475, sign 0.965, exp 0.896, digit 0.301, end 0.801 [d0 0.831 d1 0.457 d2 0.333 d3 0.178 d4 0.141 d5 0.145 d6 0.169 d7 0.161 d8 0.127 d9 0.156 d10 0.167 d11 0.226 d12 0.185 d13 0.125 d14 0.188] (1437 SME tokens)
iter 36801: loss 0.6470, time 246.61ms, mfu 2.00%
iter 36802: loss 0.7899, time 276.93ms, mfu 2.05%
iter 36803: loss 0.6863, time 287.33ms, mfu 2.09%
iter 36804: loss 0.7009, time 242.79ms, mfu 2.18%
iter 36805: loss 0.6681, time 442.97ms, mfu 2.12%
iter 36806: loss 0.6759, time 335.63ms, mfu 2.12%
iter 36807: loss 0.7225, time 358.53ms, mfu 2.10%
iter 36808: loss 0.7350, time 389.29ms, mfu 2.08%
iter 36809: loss 0.7120, time 316.16ms, mfu 2.09%
iter 36810: loss 0.6423, time 333.55ms, mfu 2.10%
iter 36811: loss 0.6932, time 383.82ms, mfu 2.07%
iter 36812: loss 0.6831, time 362.33ms, mfu 2.06%
iter 36813: loss 0.7131, time 322.45ms, mfu 2.07%
iter 36814: loss 0.7232, time 496.08ms, mfu 2.01%
iter 36815: loss 0.7788, time 360.13ms, mfu 2.00%
iter 36816: loss 0.7546, time 499.88ms, mfu 1.95%
iter 36817: loss 0.7253, time 250.19ms, mfu 2.03%
iter 36818: loss 0.7408, time 413.81ms, mfu 2.00%
iter 36819: loss 0.6756, time 230.96ms, mfu 2.11%
iter 36820: loss 0.7151, time 356.71ms, mfu 2.10%
iter 36821: loss 0.7113, time 336.88ms, mfu 2.10%
iter 36822: loss 0.6949, time 341.68ms, mfu 2.10%
iter 36823: loss 0.6847, time 485.94ms, mfu 2.03%
iter 36824: loss 0.8005, time 398.03ms, mfu 2.01%
iter 36825: loss 0.7409, time 354.65ms, mfu 2.01%
iter 36826: loss 0.6438, time 385.42ms, mfu 1.99%
iter 36827: loss 0.7261, time 299.29ms, mfu 2.03%
iter 36828: loss 0.6670, time 318.31ms, mfu 2.05%
iter 36829: loss 0.7604, time 464.50ms, mfu 1.99%
iter 36830: loss 0.6626, time 289.86ms, mfu 2.04%
iter 36831: loss 0.8090, time 283.52ms, mfu 2.09%
iter 36832: loss 0.7871, time 344.96ms, mfu 2.08%
iter 36833: loss 0.6890, time 471.57ms, mfu 2.02%
iter 36834: loss 0.6917, time 379.54ms, mfu 2.01%
iter 36835: loss 0.6866, time 270.31ms, mfu 2.07%
iter 36836: loss 0.7226, time 449.32ms, mfu 2.02%
iter 36837: loss 0.6445, time 340.17ms, mfu 2.03%
iter 36838: loss 0.6785, time 379.19ms, mfu 2.01%
iter 36839: loss 0.7021, time 518.72ms, mfu 1.95%
iter 36840: loss 0.7740, time 298.25ms, mfu 1.99%
iter 36841: loss 0.6754, time 363.19ms, mfu 1.99%
iter 36842: loss 0.7336, time 435.75ms, mfu 1.95%
iter 36843: loss 0.7160, time 409.27ms, mfu 1.93%
iter 36844: loss 0.8212, time 213.46ms, mfu 2.07%
iter 36845: loss 0.6006, time 388.57ms, mfu 2.04%
iter 36846: loss 0.6358, time 462.14ms, mfu 1.99%
iter 36847: loss 0.7368, time 404.83ms, mfu 1.97%
iter 36848: loss 0.6908, time 422.25ms, mfu 1.94%
iter 36849: loss 0.7456, time 370.16ms, mfu 1.94%
iter 36850: loss 0.6878, time 399.58ms, mfu 1.92%
iter 36851: loss 0.6699, time 419.62ms, mfu 1.90%
iter 36852: loss 0.6982, time 238.51ms, mfu 2.00%
iter 36853: loss 0.7842, time 481.17ms, mfu 1.95%
iter 36854: loss 0.7717, time 323.81ms, mfu 1.98%
iter 36855: loss 0.7071, time 463.23ms, mfu 1.93%
iter 36856: loss 0.7245, time 394.28ms, mfu 1.92%
iter 36857: loss 0.5887, time 381.99ms, mfu 1.91%
iter 36858: loss 0.7280, time 461.89ms, mfu 1.87%
iter 36859: loss 0.6550, time 296.18ms, mfu 1.93%
iter 36860: loss 0.7536, time 253.00ms, mfu 2.01%
iter 36861: loss 0.7100, time 301.25ms, mfu 2.05%
iter 36862: loss 0.6885, time 391.72ms, mfu 2.02%
iter 36863: loss 0.6535, time 483.11ms, mfu 1.97%
iter 36864: loss 0.6997, time 333.09ms, mfu 1.98%
iter 36865: loss 0.6661, time 331.90ms, mfu 2.00%
iter 36866: loss 0.6089, time 533.73ms, mfu 1.93%
iter 36867: loss 0.7027, time 301.89ms, mfu 1.97%
iter 36868: loss 0.8864, time 419.99ms, mfu 1.94%
iter 36869: loss 0.7717, time 242.88ms, mfu 2.04%
iter 36870: loss 0.6548, time 400.67ms, mfu 2.01%
iter 36871: loss 0.7008, time 448.43ms, mfu 1.97%
iter 36872: loss 0.7340, time 375.88ms, mfu 1.96%
iter 36873: loss 0.6285, time 353.37ms, mfu 1.97%
iter 36874: loss 0.7749, time 383.34ms, mfu 1.96%
iter 36875: loss 0.6716, time 331.24ms, mfu 1.97%
iter 36876: loss 0.7844, time 335.79ms, mfu 1.99%
iter 36877: loss 0.6984, time 318.66ms, mfu 2.01%
iter 36878: loss 0.7716, time 440.61ms, mfu 1.97%
iter 36879: loss 0.7388, time 409.56ms, mfu 1.95%
iter 36880: loss 0.7303, time 388.35ms, mfu 1.93%
iter 36881: loss 0.8108, time 449.49ms, mfu 1.90%
iter 36882: loss 0.7498, time 362.90ms, mfu 1.90%
iter 36883: loss 0.7790, time 387.26ms, mfu 1.90%
iter 36884: loss 0.7316, time 359.71ms, mfu 1.90%
iter 36885: loss 0.7143, time 390.46ms, mfu 1.90%
iter 36886: loss 0.7528, time 314.70ms, mfu 1.93%
iter 36887: loss 0.6919, time 450.26ms, mfu 1.90%
iter 36888: loss 0.6752, time 305.27ms, mfu 1.94%
iter 36889: loss 0.6808, time 366.98ms, mfu 1.94%
iter 36890: loss 0.7473, time 534.35ms, mfu 1.88%
iter 36891: loss 0.7053, time 427.65ms, mfu 1.85%
iter 36892: loss 0.6590, time 321.14ms, mfu 1.89%
iter 36893: loss 0.6033, time 469.69ms, mfu 1.85%
iter 36894: loss 0.6342, time 292.12ms, mfu 1.91%
iter 36895: loss 0.7531, time 512.80ms, mfu 1.86%
iter 36896: loss 0.7128, time 350.82ms, mfu 1.87%
iter 36897: loss 0.7191, time 544.51ms, mfu 1.82%
iter 36898: loss 0.7708, time 240.82ms, mfu 1.93%
iter 36899: loss 0.7325, time 439.37ms, mfu 1.90%
iter 36900: loss 0.6464, time 376.20ms, mfu 1.90%
  === DIAG iter 36900 ===
  loss: 0.6464
  grads: total 1.0000, transformer 0.1767, adapter 0.9843
  <NUM> input tokens: 414/3072 (13.5%)
  lr: base 4.59e-05, adapter 2.29e-05
  SME accuracy: overall 0.491, sign 0.961, exp 0.981, digit 0.327, end 0.790 [d0 0.931 d1 0.444 d2 0.359 d3 0.178 d4 0.162 d5 0.190 d6 0.192 d7 0.216 d8 0.200 d9 0.176 d10 0.212 d11 0.258 d12 0.148 d13 0.158 d14 0.083] (1111 SME tokens)
iter 36901: loss 0.6744, time 246.41ms, mfu 1.99%
iter 36902: loss 0.6764, time 174.05ms, mfu 2.20%
iter 36903: loss 0.6395, time 428.52ms, mfu 2.15%
iter 36904: loss 0.7722, time 380.49ms, mfu 2.12%
iter 36905: loss 0.7016, time 310.47ms, mfu 2.13%
iter 36906: loss 0.7571, time 389.85ms, mfu 2.10%
iter 36907: loss 0.8030, time 432.61ms, mfu 2.06%
iter 36908: loss 0.6635, time 356.83ms, mfu 2.05%
iter 36909: loss 0.6409, time 334.01ms, mfu 2.06%
iter 36910: loss 0.7646, time 227.93ms, mfu 2.16%
iter 36911: loss 0.6110, time 411.08ms, mfu 2.12%
iter 36912: loss 0.6907, time 373.11ms, mfu 2.10%
iter 36913: loss 0.6509, time 371.44ms, mfu 2.08%
iter 36914: loss 0.7343, time 498.58ms, mfu 2.01%
iter 36915: loss 0.6796, time 451.90ms, mfu 1.97%
iter 36916: loss 0.6633, time 412.79ms, mfu 1.94%
iter 36917: loss 0.7541, time 510.68ms, mfu 1.89%
iter 36918: loss 0.7264, time 414.07ms, mfu 1.87%
iter 36919: loss 0.6700, time 518.59ms, mfu 1.82%
iter 36920: loss 0.7227, time 244.51ms, mfu 1.93%
iter 36921: loss 0.6608, time 334.31ms, mfu 1.95%
iter 36922: loss 0.7799, time 382.69ms, mfu 1.94%
iter 36923: loss 0.8114, time 290.35ms, mfu 1.99%
iter 36924: loss 0.6994, time 383.25ms, mfu 1.97%
iter 36925: loss 0.7515, time 272.32ms, mfu 2.04%
iter 36926: loss 0.6490, time 423.26ms, mfu 2.00%
iter 36927: loss 0.7630, time 411.49ms, mfu 1.97%
iter 36928: loss 0.6976, time 464.09ms, mfu 1.93%
iter 36929: loss 0.6979, time 315.65ms, mfu 1.96%
iter 36930: loss 0.7084, time 315.50ms, mfu 1.99%
iter 36931: loss 0.7761, time 366.48ms, mfu 1.98%
iter 36932: loss 0.6799, time 297.20ms, mfu 2.02%
iter 36933: loss 0.7013, time 296.90ms, mfu 2.06%
iter 36934: loss 0.6424, time 426.58ms, mfu 2.02%
iter 36935: loss 0.7388, time 364.56ms, mfu 2.01%
iter 36936: loss 0.6923, time 266.02ms, mfu 2.08%
iter 36937: loss 0.6871, time 321.52ms, mfu 2.09%
iter 36938: loss 0.6913, time 537.41ms, mfu 2.01%
iter 36939: loss 0.6973, time 372.20ms, mfu 2.00%
iter 36940: loss 0.7366, time 299.85ms, mfu 2.04%
iter 36941: loss 0.6547, time 519.48ms, mfu 1.97%
iter 36942: loss 0.8273, time 405.05ms, mfu 1.95%
iter 36943: loss 0.7011, time 337.40ms, mfu 1.96%
iter 36944: loss 0.6464, time 435.43ms, mfu 1.93%
iter 36945: loss 0.6523, time 542.51ms, mfu 1.87%
iter 36946: loss 0.7650, time 339.07ms, mfu 1.89%
iter 36947: loss 0.7467, time 385.21ms, mfu 1.89%
iter 36948: loss 0.7415, time 478.34ms, mfu 1.84%
iter 36949: loss 0.7046, time 224.82ms, mfu 1.98%
iter 36950: loss 0.6898, time 370.32ms, mfu 1.97%
iter 36951: loss 0.7831, time 332.54ms, mfu 1.99%
iter 36952: loss 0.6802, time 419.04ms, mfu 1.96%
iter 36953: loss 0.7021, time 380.58ms, mfu 1.95%
iter 36954: loss 0.7195, time 348.09ms, mfu 1.96%
iter 36955: loss 0.7298, time 320.83ms, mfu 1.98%
iter 36956: loss 0.6938, time 406.71ms, mfu 1.96%
iter 36957: loss 0.6869, time 302.22ms, mfu 2.00%
iter 36958: loss 0.7038, time 335.13ms, mfu 2.01%
iter 36959: loss 0.6831, time 480.84ms, mfu 1.95%
iter 36960: loss 0.6832, time 341.94ms, mfu 1.97%
iter 36961: loss 0.7170, time 388.79ms, mfu 1.95%
iter 36962: loss 0.6982, time 458.05ms, mfu 1.91%
iter 36963: loss 0.5926, time 264.22ms, mfu 1.99%
iter 36964: loss 0.6260, time 452.22ms, mfu 1.95%
iter 36965: loss 0.7311, time 329.68ms, mfu 1.97%
iter 36966: loss 0.6803, time 502.41ms, mfu 1.91%
iter 36967: loss 0.8090, time 167.00ms, mfu 2.14%
iter 36968: loss 0.6983, time 408.00ms, mfu 2.10%
iter 36969: loss 0.6951, time 396.92ms, mfu 2.07%
iter 36970: loss 0.7824, time 393.44ms, mfu 2.04%
iter 36971: loss 0.6638, time 346.52ms, mfu 2.04%
iter 36972: loss 0.7234, time 280.58ms, mfu 2.09%
iter 36973: loss 0.7155, time 479.88ms, mfu 2.03%
iter 36974: loss 0.6928, time 275.46ms, mfu 2.09%
iter 36975: loss 0.7155, time 430.27ms, mfu 2.04%
iter 36976: loss 0.7329, time 493.75ms, mfu 1.98%
iter 36977: loss 0.6937, time 274.92ms, mfu 2.04%
iter 36978: loss 0.7221, time 393.85ms, mfu 2.02%
iter 36979: loss 0.7258, time 421.72ms, mfu 1.98%
iter 36980: loss 0.7357, time 293.92ms, mfu 2.03%
iter 36981: loss 0.7256, time 489.14ms, mfu 1.97%
iter 36982: loss 0.7820, time 376.09ms, mfu 1.96%
iter 36983: loss 0.6684, time 411.54ms, mfu 1.94%
iter 36984: loss 0.7315, time 455.96ms, mfu 1.90%
iter 36985: loss 0.6805, time 361.07ms, mfu 1.90%
iter 36986: loss 0.6861, time 383.05ms, mfu 1.90%
iter 36987: loss 0.7667, time 233.96ms, mfu 2.01%
iter 36988: loss 0.7007, time 419.78ms, mfu 1.98%
iter 36989: loss 0.7728, time 448.63ms, mfu 1.94%
iter 36990: loss 0.7189, time 406.77ms, mfu 1.92%
iter 36991: loss 0.6891, time 422.88ms, mfu 1.90%
iter 36992: loss 0.7738, time 345.85ms, mfu 1.91%
iter 36993: loss 0.7379, time 302.34ms, mfu 1.95%
iter 36994: loss 0.7285, time 380.19ms, mfu 1.95%
iter 36995: loss 0.7649, time 296.59ms, mfu 1.99%
iter 36996: loss 0.6705, time 376.75ms, mfu 1.98%
iter 36997: loss 0.6410, time 487.36ms, mfu 1.93%
iter 36998: loss 0.7382, time 452.13ms, mfu 1.89%
iter 36999: loss 0.7099, time 347.64ms, mfu 1.91%
iter 37000: loss 0.7562, time 511.83ms, mfu 1.85%
  === DIAG iter 37000 ===
  loss: 0.7562
  grads: total 1.0000, transformer 0.1599, adapter 0.9871
  <NUM> input tokens: 441/3072 (14.4%)
  lr: base 4.55e-05, adapter 2.28e-05
  SME accuracy: overall 0.463, sign 0.944, exp 0.935, digit 0.291, end 0.815 [d0 0.835 d1 0.476 d2 0.303 d3 0.144 d4 0.143 d5 0.139 d6 0.071 d7 0.175 d8 0.138 d9 0.150 d10 0.143 d11 0.167 d12 0.200 d13 0.286 d14 0.333] (1310 SME tokens)
  --- Sample eval (val) ---
   <-9.27938e+07> →
    target: -0.004117
    pred:   INVALID(unparseable)

  SUM: <5.49113e+08> <-9.75e+06> <108531> →
    target: 5.395e+08
    pred:   5.516e+08
    error:  12148648.63

  SORT: <1e+09> <7.49e+08> <0.000506423> <7.15619e+08> <53082.4> <1e+09> <4.5e+08> <7301.54> →
    target: 0.0005064 7302 5.308e+04 4.5e+08 7.156e+08 7.49e+08 1e+09 1e+09
    pred:   0.0005073 6304 5.182e+04 4.5e+08 7.22e+08 INVALID(unparseable) 1e+09 1e+09
    error:  0.00 997.54 1261.42 0.00 6381209.29 N/A 0.00 0.00

  
    target: -9.923e+08 -1.23e+08 0 1.729e-06 0.005697 0.8569 2.709 8.081e+07 4.497e+08 7.393e+08
    pred:   INVALID(unparseable) INVALID(unparseable) -0 2.771 1.132e-05 2.791e+08 1e+08 1.361e+08 1.121e+08 6.108e+08
    error:  N/A N/A 0.00 2.77 0.01 279109999.14 99999997.29 55308178.80 337608279.00 128494144.00

   <790949> <-6.83622e-05> <9.59672e+06> →
    target: 8.002e+08
    pred:   INVALID(unparseable)

iter 37001: loss 0.6985, time 289.78ms, mfu 1.91%
iter 37002: loss 0.7751, time 454.22ms, mfu 1.88%
iter 37003: loss 0.6707, time 415.42ms, mfu 1.86%
iter 37004: loss 0.7021, time 542.54ms, mfu 1.80%
iter 37005: loss 0.7992, time 434.57ms, mfu 1.79%
iter 37006: loss 0.7152, time 333.65ms, mfu 1.82%
iter 37007: loss 0.6801, time 401.79ms, mfu 1.82%
iter 37008: loss 0.6932, time 336.01ms, mfu 1.84%
iter 37009: loss 0.6851, time 511.22ms, mfu 1.80%
iter 37010: loss 0.7275, time 443.58ms, mfu 1.78%
iter 37011: loss 0.7352, time 284.98ms, mfu 1.85%
iter 37012: loss 0.6707, time 381.59ms, mfu 1.85%
iter 37013: loss 0.6821, time 309.30ms, mfu 1.89%
iter 37014: loss 0.7250, time 380.37ms, mfu 1.89%
iter 37015: loss 0.7108, time 375.26ms, mfu 1.89%
iter 37016: loss 0.6033, time 538.90ms, mfu 1.83%
iter 37017: loss 0.6517, time 398.04ms, mfu 1.83%
iter 37018: loss 0.7661, time 320.88ms, mfu 1.87%
iter 37019: loss 0.7978, time 395.99ms, mfu 1.86%
iter 37020: loss 0.6869, time 320.81ms, mfu 1.89%
iter 37021: loss 0.7818, time 311.87ms, mfu 1.93%
iter 37022: loss 0.7473, time 418.35ms, mfu 1.91%
iter 37023: loss 0.7269, time 484.45ms, mfu 1.86%
iter 37024: loss 0.6818, time 288.28ms, mfu 1.92%
iter 37025: loss 0.7318, time 489.41ms, mfu 1.88%
iter 37026: loss 0.7573, time 254.59ms, mfu 1.97%
iter 37027: loss 0.6895, time 349.47ms, mfu 1.97%
iter 37028: loss 0.7425, time 346.30ms, mfu 1.98%
iter 37029: loss 0.7163, time 390.87ms, mfu 1.96%
iter 37030: loss 0.6874, time 405.14ms, mfu 1.94%
iter 37031: loss 0.6818, time 239.95ms, mfu 2.04%
iter 37032: loss 0.6943, time 482.63ms, mfu 1.99%
iter 37033: loss 0.7449, time 341.54ms, mfu 1.99%
iter 37034: loss 0.7417, time 472.91ms, mfu 1.94%
iter 37035: loss 0.7082, time 458.07ms, mfu 1.91%
iter 37036: loss 0.8031, time 323.30ms, mfu 1.93%
iter 37037: loss 0.7451, time 473.89ms, mfu 1.89%
iter 37038: loss 0.7169, time 421.17ms, mfu 1.87%
iter 37039: loss 0.7211, time 415.89ms, mfu 1.85%
iter 37040: loss 0.7420, time 275.61ms, mfu 1.92%
iter 37041: loss 0.7492, time 407.66ms, mfu 1.91%
iter 37042: loss 0.7560, time 368.64ms, mfu 1.91%
iter 37043: loss 0.7010, time 431.53ms, mfu 1.88%
iter 37044: loss 0.6522, time 384.44ms, mfu 1.88%
iter 37045: loss 0.6865, time 602.41ms, mfu 1.81%
iter 37046: loss 0.7642, time 366.35ms, mfu 1.82%
iter 37047: loss 0.7484, time 310.00ms, mfu 1.87%
iter 37048: loss 0.7766, time 384.05ms, mfu 1.86%
iter 37049: loss 0.6528, time 341.39ms, mfu 1.89%
iter 37050: loss 0.7575, time 438.28ms, mfu 1.86%
iter 37051: loss 0.7603, time 382.04ms, mfu 1.86%
iter 37052: loss 0.6074, time 420.75ms, mfu 1.84%
iter 37053: loss 0.7062, time 318.87ms, mfu 1.88%
iter 37054: loss 0.6643, time 279.60ms, mfu 1.94%
iter 37055: loss 0.7387, time 443.33ms, mfu 1.91%
iter 37056: loss 0.7237, time 532.42ms, mfu 1.85%
iter 37057: loss 0.7555, time 352.79ms, mfu 1.87%
iter 37058: loss 0.6760, time 510.58ms, mfu 1.82%
iter 37059: loss 0.7332, time 443.44ms, mfu 1.80%
iter 37060: loss 0.7022, time 514.23ms, mfu 1.76%
iter 37061: loss 0.6752, time 316.74ms, mfu 1.80%
iter 37062: loss 0.7222, time 381.53ms, mfu 1.81%
iter 37063: loss 0.7611, time 361.39ms, mfu 1.82%
iter 37064: loss 0.7301, time 393.37ms, mfu 1.82%
iter 37065: loss 0.6988, time 438.85ms, mfu 1.80%
iter 37066: loss 0.6960, time 225.13ms, mfu 1.94%
iter 37067: loss 0.7324, time 452.76ms, mfu 1.90%
iter 37068: loss 0.7211, time 465.89ms, mfu 1.86%
iter 37069: loss 0.6664, time 496.97ms, mfu 1.82%
iter 37070: loss 0.7290, time 345.43ms, mfu 1.84%
iter 37071: loss 0.6624, time 387.56ms, mfu 1.84%
iter 37072: loss 0.7100, time 317.78ms, mfu 1.88%
iter 37073: loss 0.7148, time 258.75ms, mfu 1.96%
iter 37074: loss 0.7204, time 288.10ms, mfu 2.01%
iter 37075: loss 0.7562, time 379.53ms, mfu 2.00%
iter 37076: loss 0.7546, time 504.20ms, mfu 1.94%
iter 37077: loss 0.6977, time 449.72ms, mfu 1.90%
iter 37078: loss 0.7155, time 289.15ms, mfu 1.96%
iter 37079: loss 0.7171, time 443.41ms, mfu 1.92%
iter 37080: loss 0.7362, time 321.56ms, mfu 1.95%
iter 37081: loss 0.7508, time 347.39ms, mfu 1.96%
iter 37082: loss 0.7473, time 377.17ms, mfu 1.95%
iter 37083: loss 0.7249, time 356.38ms, mfu 1.96%
iter 37084: loss 0.6579, time 482.04ms, mfu 1.91%
iter 37085: loss 0.6377, time 425.28ms, mfu 1.88%
iter 37086: loss 0.6780, time 309.50ms, mfu 1.92%
iter 37087: loss 0.6905, time 336.75ms, mfu 1.94%
iter 37088: loss 0.6123, time 325.67ms, mfu 1.97%
iter 37089: loss 0.7180, time 413.99ms, mfu 1.94%
iter 37090: loss 0.6709, time 252.85ms, mfu 2.03%
iter 37091: loss 0.6687, time 347.41ms, mfu 2.03%
iter 37092: loss 0.7284, time 409.09ms, mfu 2.00%
iter 37093: loss 0.7106, time 401.80ms, mfu 1.97%
iter 37094: loss 0.6344, time 422.53ms, mfu 1.94%
iter 37095: loss 0.7530, time 329.91ms, mfu 1.97%
iter 37096: loss 0.6892, time 273.59ms, mfu 2.03%
iter 37097: loss 0.7353, time 276.30ms, mfu 2.08%
iter 37098: loss 0.8155, time 365.55ms, mfu 2.07%
iter 37099: loss 0.7124, time 492.62ms, mfu 2.00%
iter 37100: loss 0.6325, time 630.93ms, mfu 1.92%
  === DIAG iter 37100 ===
  loss: 0.6325
  grads: total 1.0000, transformer 0.1535, adapter 0.9881
  <NUM> input tokens: 470/3072 (15.3%)
  lr: base 4.51e-05, adapter 2.26e-05
  SME accuracy: overall 0.489, sign 0.963, exp 0.925, digit 0.301, end 0.896 [d0 0.874 d1 0.397 d2 0.234 d3 0.188 d4 0.115 d5 0.186 d6 0.073 d7 0.163 d8 0.178 d9 0.258 d10 0.370 d11 0.292 d12 0.273 d13 0.222 d14 0.286] (1070 SME tokens)
iter 37101: loss 0.6903, time 177.57ms, mfu 2.12%
iter 37102: loss 0.7602, time 253.66ms, mfu 2.19%
iter 37103: loss 0.7476, time 516.29ms, mfu 2.11%
iter 37104: loss 0.7279, time 303.62ms, mfu 2.13%
iter 37105: loss 0.7793, time 386.57ms, mfu 2.10%
iter 37106: loss 0.6280, time 429.63ms, mfu 2.06%
iter 37107: loss 0.6991, time 343.50ms, mfu 2.06%
iter 37108: loss 0.7350, time 446.72ms, mfu 2.01%
iter 37109: loss 0.7782, time 319.71ms, mfu 2.03%
iter 37110: loss 0.7023, time 419.95ms, mfu 2.00%
iter 37111: loss 0.7462, time 396.24ms, mfu 1.98%
iter 37112: loss 0.6182, time 377.27ms, mfu 1.97%
iter 37113: loss 0.7356, time 299.68ms, mfu 2.01%
iter 37114: loss 0.6071, time 372.95ms, mfu 2.00%
iter 37115: loss 0.6502, time 445.89ms, mfu 1.95%
iter 37116: loss 0.6849, time 338.17ms, mfu 1.97%
iter 37117: loss 0.6271, time 410.98ms, mfu 1.94%
iter 37118: loss 0.6885, time 445.57ms, mfu 1.91%
iter 37119: loss 0.7424, time 366.18ms, mfu 1.91%
iter 37120: loss 0.7556, time 525.89ms, mfu 1.86%
iter 37121: loss 0.6611, time 408.85ms, mfu 1.84%
iter 37122: loss 0.7173, time 394.88ms, mfu 1.84%
iter 37123: loss 0.7054, time 262.88ms, mfu 1.92%
iter 37124: loss 0.6967, time 301.13ms, mfu 1.97%
iter 37125: loss 0.7083, time 514.57ms, mfu 1.91%
iter 37126: loss 0.7618, time 555.58ms, mfu 1.84%
iter 37127: loss 0.6773, time 425.74ms, mfu 1.83%
iter 37128: loss 0.7482, time 299.20ms, mfu 1.88%
iter 37129: loss 0.7534, time 386.81ms, mfu 1.88%
iter 37130: loss 0.6863, time 334.78ms, mfu 1.90%
iter 37131: loss 0.6421, time 402.96ms, mfu 1.89%
iter 37132: loss 0.6871, time 345.61ms, mfu 1.90%
iter 37133: loss 0.7452, time 457.87ms, mfu 1.87%
iter 37134: loss 0.6539, time 307.38ms, mfu 1.91%
iter 37135: loss 0.6446, time 434.45ms, mfu 1.88%
iter 37136: loss 0.6890, time 272.30ms, mfu 1.95%
iter 37137: loss 0.6522, time 432.73ms, mfu 1.92%
iter 37138: loss 0.7000, time 330.72ms, mfu 1.95%
iter 37139: loss 0.7053, time 375.18ms, mfu 1.94%
iter 37140: loss 0.7424, time 274.98ms, mfu 2.00%
iter 37141: loss 0.7492, time 582.30ms, mfu 1.92%
iter 37142: loss 0.7062, time 331.94ms, mfu 1.95%
iter 37143: loss 0.7533, time 422.10ms, mfu 1.92%
iter 37144: loss 0.7544, time 419.25ms, mfu 1.90%
iter 37145: loss 0.7180, time 353.12ms, mfu 1.91%
iter 37146: loss 0.6394, time 307.76ms, mfu 1.95%
iter 37147: loss 0.7732, time 498.84ms, mfu 1.89%
iter 37148: loss 0.7390, time 438.60ms, mfu 1.87%
iter 37149: loss 0.6551, time 353.65ms, mfu 1.88%
iter 37150: loss 0.7327, time 348.76ms, mfu 1.90%
iter 37151: loss 0.6012, time 402.65ms, mfu 1.88%
iter 37152: loss 0.7182, time 385.11ms, mfu 1.88%
iter 37153: loss 0.7046, time 539.75ms, mfu 1.82%
iter 37154: loss 0.6960, time 156.41ms, mfu 2.09%
iter 37155: loss 0.8072, time 446.49ms, mfu 2.04%
iter 37156: loss 0.7200, time 267.35ms, mfu 2.10%
iter 37157: loss 0.7544, time 435.56ms, mfu 2.06%
iter 37158: loss 0.7008, time 201.99ms, mfu 2.20%
iter 37159: loss 0.7745, time 505.75ms, mfu 2.12%
iter 37160: loss 0.7451, time 280.70ms, mfu 2.16%
iter 37161: loss 0.6620, time 431.04ms, mfu 2.11%
iter 37162: loss 0.7252, time 328.56ms, mfu 2.11%
iter 37163: loss 0.7612, time 434.73ms, mfu 2.07%
iter 37164: loss 0.6648, time 363.64ms, mfu 2.05%
iter 37165: loss 0.6688, time 402.66ms, mfu 2.02%
iter 37166: loss 0.7807, time 559.53ms, mfu 1.95%
iter 37167: loss 0.7367, time 363.61ms, mfu 1.95%
iter 37168: loss 0.6657, time 379.83ms, mfu 1.94%
iter 37169: loss 0.7075, time 380.54ms, mfu 1.93%
iter 37170: loss 0.6664, time 333.46ms, mfu 1.95%
iter 37171: loss 0.6826, time 410.70ms, mfu 1.93%
iter 37172: loss 0.7002, time 312.94ms, mfu 1.96%
iter 37173: loss 0.8367, time 456.97ms, mfu 1.92%
iter 37174: loss 0.6490, time 475.26ms, mfu 1.88%
iter 37175: loss 0.7290, time 344.27ms, mfu 1.90%
iter 37176: loss 0.7613, time 318.64ms, mfu 1.93%
iter 37177: loss 0.7756, time 378.50ms, mfu 1.92%
iter 37178: loss 0.7617, time 389.61ms, mfu 1.91%
iter 37179: loss 0.7112, time 260.60ms, mfu 1.99%
iter 37180: loss 0.7111, time 340.62ms, mfu 2.00%
iter 37181: loss 0.7433, time 357.05ms, mfu 2.00%
iter 37182: loss 0.8129, time 243.66ms, mfu 2.09%
iter 37183: loss 0.6375, time 307.45ms, mfu 2.11%
iter 37184: loss 0.7339, time 269.85ms, mfu 2.16%
iter 37185: loss 0.7086, time 445.06ms, mfu 2.11%
iter 37186: loss 0.6919, time 426.07ms, mfu 2.06%
iter 37187: loss 0.6826, time 226.75ms, mfu 2.17%
iter 37188: loss 0.6701, time 315.87ms, mfu 2.18%
iter 37189: loss 0.7232, time 331.43ms, mfu 2.17%
iter 37190: loss 0.7702, time 394.49ms, mfu 2.14%
iter 37191: loss 0.7568, time 360.13ms, mfu 2.12%
iter 37192: loss 0.7780, time 458.76ms, mfu 2.06%
iter 37193: loss 0.7326, time 310.63ms, mfu 2.08%
iter 37194: loss 0.6879, time 521.56ms, mfu 2.01%
iter 37195: loss 0.7090, time 468.29ms, mfu 1.96%
iter 37196: loss 0.7194, time 370.75ms, mfu 1.96%
iter 37197: loss 0.7497, time 473.41ms, mfu 1.91%
iter 37198: loss 0.6723, time 447.73ms, mfu 1.88%
iter 37199: loss 0.6987, time 374.35ms, mfu 1.88%
iter 37200: loss 0.7743, time 610.05ms, mfu 1.81%
  === DIAG iter 37200 ===
  loss: 0.7743
  grads: total 1.0000, transformer 0.1621, adapter 0.9868
  <NUM> input tokens: 372/3072 (12.1%)
  lr: base 4.48e-05, adapter 2.24e-05
  SME accuracy: overall 0.447, sign 0.969, exp 0.883, digit 0.249, end 0.836 [d0 0.802 d1 0.423 d2 0.231 d3 0.138 d4 0.103 d5 0.055 d6 0.100 d7 0.094 d8 0.070 d9 0.061 d10 0.074 d11 0.091 d12 0.111 d13 0.182 d14 0.250] (1258 SME tokens)
iter 37201: loss 0.7141, time 177.87ms, mfu 2.02%
iter 37202: loss 0.6385, time 390.62ms, mfu 2.00%
iter 37203: loss 0.7038, time 510.94ms, mfu 1.94%
iter 37204: loss 0.6322, time 409.95ms, mfu 1.92%
iter 37205: loss 0.7348, time 517.50ms, mfu 1.87%
iter 37206: loss 0.6807, time 370.99ms, mfu 1.87%
iter 37207: loss 0.7668, time 427.94ms, mfu 1.85%
iter 37208: loss 0.6676, time 441.55ms, mfu 1.82%
iter 37209: loss 0.7314, time 332.96ms, mfu 1.85%
iter 37210: loss 0.8002, time 321.29ms, mfu 1.89%
iter 37211: loss 0.7476, time 478.71ms, mfu 1.85%
iter 37212: loss 0.6592, time 447.24ms, mfu 1.82%
iter 37213: loss 0.6995, time 374.64ms, mfu 1.83%
iter 37214: loss 0.7576, time 357.77ms, mfu 1.84%
iter 37215: loss 0.7624, time 279.17ms, mfu 1.91%
iter 37216: loss 0.7643, time 458.33ms, mfu 1.88%
iter 37217: loss 0.6170, time 368.38ms, mfu 1.88%
iter 37218: loss 0.7876, time 242.41ms, mfu 1.99%
iter 37219: loss 0.7713, time 363.04ms, mfu 1.98%
iter 37220: loss 0.6362, time 513.40ms, mfu 1.92%
iter 37221: loss 0.7187, time 426.59ms, mfu 1.90%
iter 37222: loss 0.7473, time 505.31ms, mfu 1.85%
iter 37223: loss 0.7704, time 504.21ms, mfu 1.80%
iter 37224: loss 0.7633, time 308.71ms, mfu 1.85%
iter 37225: loss 0.7349, time 377.05ms, mfu 1.85%
iter 37226: loss 0.7016, time 336.18ms, mfu 1.88%
iter 37227: loss 0.6706, time 404.53ms, mfu 1.87%
iter 37228: loss 0.7339, time 451.87ms, mfu 1.84%
iter 37229: loss 0.7478, time 381.43ms, mfu 1.84%
iter 37230: loss 0.6647, time 501.10ms, mfu 1.80%
iter 37231: loss 0.7149, time 540.90ms, mfu 1.75%
iter 37232: loss 0.7087, time 461.94ms, mfu 1.73%
iter 37233: loss 0.6628, time 327.19ms, mfu 1.77%
iter 37234: loss 0.6541, time 322.74ms, mfu 1.81%
iter 37235: loss 0.6798, time 469.19ms, mfu 1.78%
iter 37236: loss 0.7333, time 486.38ms, mfu 1.75%
iter 37237: loss 0.6599, time 371.84ms, mfu 1.77%
iter 37238: loss 0.7739, time 328.34ms, mfu 1.81%
iter 37239: loss 0.6837, time 449.02ms, mfu 1.78%
iter 37240: loss 0.6793, time 329.17ms, mfu 1.82%
iter 37241: loss 0.7625, time 329.99ms, mfu 1.85%
iter 37242: loss 0.7965, time 456.77ms, mfu 1.82%
iter 37243: loss 0.7865, time 347.28ms, mfu 1.84%
iter 37244: loss 0.7704, time 378.06ms, mfu 1.85%
iter 37245: loss 0.7149, time 467.26ms, mfu 1.81%
iter 37246: loss 0.7524, time 428.40ms, mfu 1.80%
iter 37247: loss 0.7567, time 308.29ms, mfu 1.85%
iter 37248: loss 0.6952, time 242.88ms, mfu 1.96%
iter 37249: loss 0.8040, time 438.47ms, mfu 1.92%
iter 37250: loss 0.8015, time 345.57ms, mfu 1.93%
iter 37251: loss 0.7096, time 390.23ms, mfu 1.92%
iter 37252: loss 0.6906, time 485.90ms, mfu 1.88%
iter 37253: loss 0.6640, time 347.95ms, mfu 1.89%
iter 37254: loss 0.7183, time 513.75ms, mfu 1.84%
iter 37255: loss 0.7127, time 343.12ms, mfu 1.86%
iter 37256: loss 0.6746, time 258.00ms, mfu 1.95%
iter 37257: loss 0.7117, time 481.08ms, mfu 1.90%
iter 37258: loss 0.6930, time 365.50ms, mfu 1.91%
iter 37259: loss 0.7975, time 293.14ms, mfu 1.96%
iter 37260: loss 0.6653, time 487.30ms, mfu 1.91%
iter 37261: loss 0.7271, time 437.94ms, mfu 1.88%
iter 37262: loss 0.7530, time 318.13ms, mfu 1.91%
iter 37263: loss 0.6661, time 333.33ms, mfu 1.94%
iter 37264: loss 0.6712, time 299.96ms, mfu 1.98%
iter 37265: loss 0.7285, time 442.34ms, mfu 1.94%
iter 37266: loss 0.7275, time 367.88ms, mfu 1.94%
iter 37267: loss 0.6814, time 330.12ms, mfu 1.96%
iter 37268: loss 0.7710, time 351.93ms, mfu 1.97%
iter 37269: loss 0.7316, time 340.57ms, mfu 1.98%
iter 37270: loss 0.6999, time 394.82ms, mfu 1.96%
iter 37271: loss 0.7189, time 385.76ms, mfu 1.95%
iter 37272: loss 0.7646, time 368.02ms, mfu 1.94%
iter 37273: loss 0.6814, time 513.57ms, mfu 1.89%
iter 37274: loss 0.7404, time 415.59ms, mfu 1.87%
iter 37275: loss 0.6798, time 482.92ms, mfu 1.83%
iter 37276: loss 0.7817, time 311.20ms, mfu 1.87%
iter 37277: loss 0.7761, time 403.91ms, mfu 1.86%
iter 37278: loss 0.7547, time 244.20ms, mfu 1.97%
iter 37279: loss 0.6359, time 479.16ms, mfu 1.92%
iter 37280: loss 0.6574, time 386.73ms, mfu 1.91%
iter 37281: loss 0.7439, time 365.35ms, mfu 1.91%
iter 37282: loss 0.6625, time 384.64ms, mfu 1.91%
iter 37283: loss 0.7664, time 242.22ms, mfu 2.01%
iter 37284: loss 0.6873, time 452.52ms, mfu 1.96%
iter 37285: loss 0.6638, time 477.77ms, mfu 1.92%
iter 37286: loss 0.7495, time 420.90ms, mfu 1.89%
iter 37287: loss 0.6958, time 470.63ms, mfu 1.85%
iter 37288: loss 0.6240, time 338.14ms, mfu 1.88%
iter 37289: loss 0.7427, time 402.97ms, mfu 1.87%
iter 37290: loss 0.7118, time 319.74ms, mfu 1.90%
iter 37291: loss 0.6647, time 557.35ms, mfu 1.84%
iter 37292: loss 0.7452, time 392.51ms, mfu 1.83%
iter 37293: loss 0.7921, time 351.78ms, mfu 1.85%
iter 37294: loss 0.7088, time 323.91ms, mfu 1.89%
iter 37295: loss 0.7304, time 368.40ms, mfu 1.89%
iter 37296: loss 0.7943, time 224.62ms, mfu 2.02%
iter 37297: loss 0.6368, time 434.28ms, mfu 1.98%
iter 37298: loss 0.6476, time 455.19ms, mfu 1.94%
iter 37299: loss 0.6780, time 354.72ms, mfu 1.94%
iter 37300: loss 0.6292, time 720.11ms, mfu 1.85%
  === DIAG iter 37300 ===
  loss: 0.6292
  grads: total 1.0000, transformer 0.1701, adapter 0.9854
  <NUM> input tokens: 476/3072 (15.5%)
  lr: base 4.45e-05, adapter 2.22e-05
  SME accuracy: overall 0.511, sign 0.982, exp 0.909, digit 0.325, end 0.900 [d0 0.838 d1 0.446 d2 0.250 d3 0.121 d4 0.234 d5 0.155 d6 0.148 d7 0.163 d8 0.209 d9 0.333 d10 0.276 d11 0.167 d12 0.200 d13 0.214 d14 0.000] (1081 SME tokens)
iter 37301: loss 0.7204, time 244.41ms, mfu 1.95%
iter 37302: loss 0.7639, time 271.33ms, mfu 2.02%
iter 37303: loss 0.6701, time 452.38ms, mfu 1.97%
iter 37304: loss 0.6808, time 366.38ms, mfu 1.97%
iter 37305: loss 0.6357, time 385.50ms, mfu 1.96%
iter 37306: loss 0.6767, time 511.96ms, mfu 1.90%
iter 37307: loss 0.7235, time 378.77ms, mfu 1.90%
iter 37308: loss 0.7350, time 357.06ms, mfu 1.90%
iter 37309: loss 0.7056, time 534.22ms, mfu 1.85%
iter 37310: loss 0.7044, time 336.75ms, mfu 1.87%
iter 37311: loss 0.7134, time 532.55ms, mfu 1.82%
iter 37312: loss 0.7106, time 511.35ms, mfu 1.78%
iter 37313: loss 0.6888, time 400.61ms, mfu 1.77%
iter 37314: loss 0.6516, time 264.88ms, mfu 1.86%
iter 37315: loss 0.6966, time 315.70ms, mfu 1.90%
iter 37316: loss 0.6914, time 285.11ms, mfu 1.96%
iter 37317: loss 0.6789, time 470.63ms, mfu 1.92%
iter 37318: loss 0.6569, time 399.80ms, mfu 1.90%
iter 37319: loss 0.8021, time 469.46ms, mfu 1.86%
iter 37320: loss 0.7623, time 489.57ms, mfu 1.82%
iter 37321: loss 0.7729, time 451.23ms, mfu 1.80%
iter 37322: loss 0.7416, time 418.45ms, mfu 1.79%
iter 37323: loss 0.6238, time 299.51ms, mfu 1.84%
iter 37324: loss 0.6952, time 371.10ms, mfu 1.85%
iter 37325: loss 0.6783, time 475.74ms, mfu 1.81%
iter 37326: loss 0.7660, time 428.57ms, mfu 1.80%
iter 37327: loss 0.6756, time 420.87ms, mfu 1.79%
iter 37328: loss 0.7368, time 478.79ms, mfu 1.76%
iter 37329: loss 0.7080, time 288.51ms, mfu 1.83%
iter 37330: loss 0.7126, time 444.83ms, mfu 1.80%
iter 37331: loss 0.7352, time 442.55ms, mfu 1.78%
iter 37332: loss 0.6497, time 430.40ms, mfu 1.77%
iter 37333: loss 0.8236, time 308.35ms, mfu 1.82%
iter 37334: loss 0.7242, time 324.61ms, mfu 1.86%
iter 37335: loss 0.7216, time 332.11ms, mfu 1.89%
iter 37336: loss 0.6503, time 372.18ms, mfu 1.89%
iter 37337: loss 0.7520, time 369.93ms, mfu 1.89%
iter 37338: loss 0.7277, time 485.66ms, mfu 1.85%
iter 37339: loss 0.7669, time 401.05ms, mfu 1.84%
iter 37340: loss 0.6576, time 317.41ms, mfu 1.88%
iter 37341: loss 0.7804, time 416.11ms, mfu 1.86%
iter 37342: loss 0.7334, time 426.26ms, mfu 1.84%
iter 37343: loss 0.7414, time 493.42ms, mfu 1.80%
iter 37344: loss 0.7259, time 263.09ms, mfu 1.89%
iter 37345: loss 0.7244, time 377.23ms, mfu 1.89%
iter 37346: loss 0.6210, time 407.47ms, mfu 1.87%
iter 37347: loss 0.6756, time 291.51ms, mfu 1.93%
iter 37348: loss 0.7592, time 367.24ms, mfu 1.93%
iter 37349: loss 0.6882, time 537.66ms, mfu 1.87%
iter 37350: loss 0.6865, time 274.20ms, mfu 1.94%
iter 37351: loss 0.6422, time 285.91ms, mfu 1.99%
iter 37352: loss 0.7365, time 363.37ms, mfu 1.99%
iter 37353: loss 0.6990, time 382.19ms, mfu 1.98%
iter 37354: loss 0.6880, time 425.78ms, mfu 1.94%
iter 37355: loss 0.7576, time 433.43ms, mfu 1.91%
iter 37356: loss 0.6629, time 270.73ms, mfu 1.98%
iter 37357: loss 0.7138, time 385.29ms, mfu 1.97%
iter 37358: loss 0.6856, time 417.53ms, mfu 1.94%
iter 37359: loss 0.7677, time 458.78ms, mfu 1.90%
iter 37360: loss 0.6165, time 469.86ms, mfu 1.86%
iter 37361: loss 0.7722, time 288.99ms, mfu 1.92%
iter 37362: loss 0.7487, time 269.93ms, mfu 1.99%
iter 37363: loss 0.7609, time 412.16ms, mfu 1.97%
iter 37364: loss 0.8031, time 284.90ms, mfu 2.02%
iter 37365: loss 0.6812, time 515.05ms, mfu 1.95%
iter 37366: loss 0.6802, time 428.01ms, mfu 1.92%
iter 37367: loss 0.7133, time 436.70ms, mfu 1.89%
iter 37368: loss 0.7226, time 453.74ms, mfu 1.86%
iter 37369: loss 0.8310, time 299.23ms, mfu 1.91%
iter 37370: loss 0.6441, time 518.91ms, mfu 1.86%
iter 37371: loss 0.7219, time 432.03ms, mfu 1.84%
iter 37372: loss 0.6571, time 335.92ms, mfu 1.86%
iter 37373: loss 0.6335, time 542.08ms, mfu 1.81%
iter 37374: loss 0.7722, time 300.99ms, mfu 1.86%
iter 37375: loss 0.7060, time 267.94ms, mfu 1.94%
iter 37376: loss 0.6833, time 267.52ms, mfu 2.01%
iter 37377: loss 0.7140, time 362.71ms, mfu 2.01%
iter 37378: loss 0.6770, time 482.57ms, mfu 1.95%
iter 37379: loss 0.6967, time 418.14ms, mfu 1.93%
iter 37380: loss 0.7904, time 331.73ms, mfu 1.95%
iter 37381: loss 0.8097, time 389.47ms, mfu 1.93%
iter 37382: loss 0.6567, time 316.14ms, mfu 1.97%
iter 37383: loss 0.7226, time 395.81ms, mfu 1.95%
iter 37384: loss 0.7665, time 368.20ms, mfu 1.95%
iter 37385: loss 0.6587, time 371.58ms, mfu 1.94%
iter 37386: loss 0.8098, time 439.50ms, mfu 1.91%
iter 37387: loss 0.7741, time 389.44ms, mfu 1.90%
iter 37388: loss 0.6468, time 447.67ms, mfu 1.87%
iter 37389: loss 0.6467, time 389.84ms, mfu 1.86%
iter 37390: loss 0.6212, time 409.52ms, mfu 1.85%
iter 37391: loss 0.6949, time 375.65ms, mfu 1.85%
iter 37392: loss 0.6895, time 347.38ms, mfu 1.87%
iter 37393: loss 0.7122, time 317.61ms, mfu 1.91%
iter 37394: loss 0.7003, time 322.66ms, mfu 1.94%
iter 37395: loss 0.7462, time 439.48ms, mfu 1.90%
iter 37396: loss 0.6662, time 377.36ms, mfu 1.90%
iter 37397: loss 0.6782, time 369.89ms, mfu 1.90%
iter 37398: loss 0.7966, time 401.45ms, mfu 1.89%
iter 37399: loss 0.6645, time 248.74ms, mfu 1.99%
iter 37400: loss 0.6261, time 440.19ms, mfu 1.95%
  === DIAG iter 37400 ===
  loss: 0.6261
  grads: total 1.0000, transformer 0.1608, adapter 0.9870
  <NUM> input tokens: 369/3072 (12.0%)
  lr: base 4.41e-05, adapter 2.21e-05
  SME accuracy: overall 0.504, sign 0.972, exp 0.953, digit 0.310, end 0.900 [d0 0.923 d1 0.435 d2 0.190 d3 0.150 d4 0.153 d5 0.155 d6 0.218 d7 0.216 d8 0.229 d9 0.233 d10 0.185 d11 0.143 d12 0.158 d13 0.214 d14 0.083] (1056 SME tokens)
iter 37401: loss 0.7002, time 251.44ms, mfu 2.03%
iter 37402: loss 0.7310, time 385.34ms, mfu 2.02%
iter 37403: loss 0.7338, time 415.04ms, mfu 1.98%
iter 37404: loss 0.6429, time 330.57ms, mfu 2.00%
iter 37405: loss 0.8029, time 505.88ms, mfu 1.94%
iter 37406: loss 0.7606, time 362.23ms, mfu 1.94%
iter 37407: loss 0.7357, time 389.27ms, mfu 1.93%
iter 37408: loss 0.6544, time 417.55ms, mfu 1.91%
iter 37409: loss 0.6560, time 332.12ms, mfu 1.93%
iter 37410: loss 0.7887, time 430.67ms, mfu 1.90%
iter 37411: loss 0.6861, time 371.70ms, mfu 1.90%
iter 37412: loss 0.6715, time 420.27ms, mfu 1.88%
iter 37413: loss 0.7254, time 322.37ms, mfu 1.91%
iter 37414: loss 0.7092, time 486.84ms, mfu 1.87%
iter 37415: loss 0.6487, time 349.58ms, mfu 1.88%
iter 37416: loss 0.7038, time 372.18ms, mfu 1.88%
iter 37417: loss 0.7738, time 319.71ms, mfu 1.92%
iter 37418: loss 0.7219, time 517.27ms, mfu 1.86%
iter 37419: loss 0.6797, time 310.81ms, mfu 1.90%
iter 37420: loss 0.8152, time 338.67ms, mfu 1.92%
iter 37421: loss 0.7132, time 434.57ms, mfu 1.89%
iter 37422: loss 0.7401, time 434.91ms, mfu 1.87%
iter 37423: loss 0.6423, time 423.45ms, mfu 1.85%
iter 37424: loss 0.6342, time 472.26ms, mfu 1.81%
iter 37425: loss 0.7754, time 467.37ms, mfu 1.78%
iter 37426: loss 0.7035, time 320.52ms, mfu 1.83%
iter 37427: loss 0.7133, time 366.17ms, mfu 1.84%
iter 37428: loss 0.6341, time 311.23ms, mfu 1.88%
iter 37429: loss 0.8760, time 301.54ms, mfu 1.93%
iter 37430: loss 0.7431, time 416.45ms, mfu 1.91%
iter 37431: loss 0.7026, time 328.89ms, mfu 1.93%
iter 37432: loss 0.7285, time 256.06ms, mfu 2.01%
iter 37433: loss 0.7795, time 400.88ms, mfu 1.99%
iter 37434: loss 0.6422, time 368.97ms, mfu 1.98%
iter 37435: loss 0.7350, time 500.41ms, mfu 1.93%
iter 37436: loss 0.7222, time 436.65ms, mfu 1.90%
iter 37437: loss 0.7059, time 361.70ms, mfu 1.90%
iter 37438: loss 0.7590, time 292.23ms, mfu 1.95%
iter 37439: loss 0.7330, time 396.53ms, mfu 1.94%
iter 37440: loss 0.7964, time 394.73ms, mfu 1.92%
iter 37441: loss 0.7364, time 489.53ms, mfu 1.88%
iter 37442: loss 0.6193, time 309.74ms, mfu 1.92%
iter 37443: loss 0.7126, time 446.09ms, mfu 1.88%
iter 37444: loss 0.7322, time 239.34ms, mfu 1.99%
iter 37445: loss 0.7814, time 523.74ms, mfu 1.93%
iter 37446: loss 0.7280, time 310.68ms, mfu 1.96%
iter 37447: loss 0.7172, time 373.66ms, mfu 1.96%
iter 37448: loss 0.6698, time 339.36ms, mfu 1.97%
iter 37449: loss 0.7277, time 537.24ms, mfu 1.90%
iter 37450: loss 0.6160, time 288.85ms, mfu 1.96%
iter 37451: loss 0.7831, time 421.25ms, mfu 1.93%
iter 37452: loss 0.7703, time 380.43ms, mfu 1.93%
iter 37453: loss 0.7694, time 454.83ms, mfu 1.89%
iter 37454: loss 0.7745, time 299.75ms, mfu 1.94%
iter 37455: loss 0.7016, time 327.61ms, mfu 1.96%
iter 37456: loss 0.7298, time 337.43ms, mfu 1.97%
iter 37457: loss 0.7153, time 426.02ms, mfu 1.94%
iter 37458: loss 0.6770, time 331.75ms, mfu 1.96%
iter 37459: loss 0.6410, time 402.93ms, mfu 1.94%
iter 37460: loss 0.6343, time 355.98ms, mfu 1.95%
iter 37461: loss 0.6832, time 401.95ms, mfu 1.93%
iter 37462: loss 0.7177, time 323.89ms, mfu 1.95%
iter 37463: loss 0.7255, time 320.26ms, mfu 1.98%
iter 37464: loss 0.6600, time 355.89ms, mfu 1.98%
iter 37465: loss 0.6757, time 272.12ms, mfu 2.04%
iter 37466: loss 0.8177, time 425.17ms, mfu 2.01%
iter 37467: loss 0.7638, time 398.35ms, mfu 1.98%
iter 37468: loss 0.7487, time 387.39ms, mfu 1.97%
iter 37469: loss 0.6872, time 358.39ms, mfu 1.97%
iter 37470: loss 0.6541, time 450.35ms, mfu 1.93%
iter 37471: loss 0.7047, time 347.68ms, mfu 1.94%
iter 37472: loss 0.7622, time 475.92ms, mfu 1.89%
iter 37473: loss 0.7668, time 402.64ms, mfu 1.88%
iter 37474: loss 0.7235, time 348.94ms, mfu 1.90%
iter 37475: loss 0.7422, time 477.87ms, mfu 1.86%
iter 37476: loss 0.7246, time 346.11ms, mfu 1.87%
iter 37477: loss 0.6898, time 307.50ms, mfu 1.92%
iter 37478: loss 0.7294, time 452.29ms, mfu 1.88%
iter 37479: loss 0.6971, time 308.19ms, mfu 1.92%
iter 37480: loss 0.6812, time 335.60ms, mfu 1.94%
iter 37481: loss 0.8052, time 214.11ms, mfu 2.08%
iter 37482: loss 0.6805, time 469.78ms, mfu 2.02%
iter 37483: loss 0.7401, time 397.27ms, mfu 2.00%
iter 37484: loss 0.6226, time 243.08ms, mfu 2.09%
iter 37485: loss 0.6159, time 267.83ms, mfu 2.15%
iter 37486: loss 0.7106, time 364.78ms, mfu 2.13%
iter 37487: loss 0.7664, time 349.23ms, mfu 2.12%
iter 37488: loss 0.7028, time 512.42ms, mfu 2.04%
iter 37489: loss 0.6598, time 222.89ms, mfu 2.16%
iter 37490: loss 0.6949, time 465.82ms, mfu 2.09%
iter 37491: loss 0.8137, time 359.48ms, mfu 2.08%
iter 37492: loss 0.6878, time 345.54ms, mfu 2.08%
iter 37493: loss 0.6687, time 439.73ms, mfu 2.03%
iter 37494: loss 0.6822, time 310.00ms, mfu 2.06%
iter 37495: loss 0.6821, time 518.67ms, mfu 1.99%
iter 37496: loss 0.7281, time 242.50ms, mfu 2.08%
iter 37497: loss 0.7176, time 302.99ms, mfu 2.11%
iter 37498: loss 0.6781, time 378.56ms, mfu 2.08%
iter 37499: loss 0.7316, time 463.43ms, mfu 2.03%
iter 37500: loss 0.6549, time 600.85ms, mfu 1.94%
  === DIAG iter 37500 ===
  loss: 0.6549
  grads: total 1.0000, transformer 0.1226, adapter 0.9925
  <NUM> input tokens: 483/3072 (15.7%)
  lr: base 4.38e-05, adapter 2.19e-05
  SME accuracy: overall 0.493, sign 0.983, exp 0.921, digit 0.316, end 0.796 [d0 0.862 d1 0.395 d2 0.200 d3 0.127 d4 0.167 d5 0.140 d6 0.173 d7 0.224 d8 0.111 d9 0.286 d10 0.407 d11 0.417 d12 0.261 d13 0.316 d14 0.375] (1130 SME tokens)
iter 37501: loss 0.7368, time 241.23ms, mfu 2.04%
iter 37502: loss 0.7381, time 419.18ms, mfu 2.01%
iter 37503: loss 0.6930, time 465.70ms, mfu 1.96%
iter 37504: loss 0.7953, time 310.61ms, mfu 1.99%
iter 37505: loss 0.7001, time 274.91ms, mfu 2.05%
iter 37506: loss 0.6357, time 461.66ms, mfu 2.00%
iter 37507: loss 0.6744, time 302.75ms, mfu 2.03%
iter 37508: loss 0.7956, time 478.66ms, mfu 1.98%
iter 37509: loss 0.7620, time 389.93ms, mfu 1.96%
iter 37510: loss 0.6790, time 530.61ms, mfu 1.90%
iter 37511: loss 0.7576, time 387.64ms, mfu 1.89%
iter 37512: loss 0.7670, time 414.85ms, mfu 1.87%
iter 37513: loss 0.7192, time 376.36ms, mfu 1.87%
iter 37514: loss 0.7484, time 403.14ms, mfu 1.86%
iter 37515: loss 0.7338, time 346.24ms, mfu 1.88%
iter 37516: loss 0.6806, time 290.74ms, mfu 1.94%
iter 37517: loss 0.6618, time 271.38ms, mfu 2.00%
iter 37518: loss 0.7006, time 267.41ms, mfu 2.07%
iter 37519: loss 0.6593, time 302.42ms, mfu 2.10%
iter 37520: loss 0.6722, time 352.30ms, mfu 2.09%
iter 37521: loss 0.7374, time 378.08ms, mfu 2.07%
iter 37522: loss 0.7396, time 394.23ms, mfu 2.04%
iter 37523: loss 0.6579, time 332.85ms, mfu 2.05%
iter 37524: loss 0.7186, time 345.47ms, mfu 2.05%
iter 37525: loss 0.6870, time 382.09ms, mfu 2.03%
iter 37526: loss 0.7224, time 302.56ms, mfu 2.06%
iter 37527: loss 0.7710, time 340.01ms, mfu 2.06%
iter 37528: loss 0.7807, time 366.17ms, mfu 2.05%
iter 37529: loss 0.6694, time 532.21ms, mfu 1.98%
iter 37530: loss 0.7031, time 341.75ms, mfu 1.99%
iter 37531: loss 0.8086, time 262.54ms, mfu 2.06%
iter 37532: loss 0.7388, time 370.23ms, mfu 2.04%
iter 37533: loss 0.7169, time 248.77ms, mfu 2.13%
iter 37534: loss 0.7230, time 446.88ms, mfu 2.07%
iter 37535: loss 0.6218, time 509.84ms, mfu 2.00%
iter 37536: loss 0.7834, time 414.37ms, mfu 1.97%
iter 37537: loss 0.6732, time 317.61ms, mfu 2.00%
iter 37538: loss 0.8405, time 378.19ms, mfu 1.99%
iter 37539: loss 0.7368, time 461.00ms, mfu 1.94%
iter 37540: loss 0.8326, time 450.86ms, mfu 1.91%
iter 37541: loss 0.6519, time 263.75ms, mfu 1.98%
iter 37542: loss 0.6827, time 445.56ms, mfu 1.94%
iter 37543: loss 0.7791, time 302.27ms, mfu 1.98%
iter 37544: loss 0.6946, time 506.97ms, mfu 1.93%
iter 37545: loss 0.7177, time 402.95ms, mfu 1.91%
iter 37546: loss 0.7835, time 300.58ms, mfu 1.95%
iter 37547: loss 0.7155, time 331.84ms, mfu 1.97%
iter 37548: loss 0.6909, time 302.83ms, mfu 2.01%
iter 37549: loss 0.6405, time 332.74ms, mfu 2.02%
iter 37550: loss 0.7706, time 496.68ms, mfu 1.96%
iter 37551: loss 0.6596, time 325.47ms, mfu 1.98%
iter 37552: loss 0.7830, time 480.08ms, mfu 1.93%
iter 37553: loss 0.7000, time 456.06ms, mfu 1.89%
iter 37554: loss 0.7012, time 331.64ms, mfu 1.92%
iter 37555: loss 0.7035, time 444.60ms, mfu 1.89%
iter 37556: loss 0.7471, time 375.52ms, mfu 1.89%
iter 37557: loss 0.7190, time 365.18ms, mfu 1.89%
iter 37558: loss 0.6480, time 452.46ms, mfu 1.86%
iter 37559: loss 0.6910, time 370.45ms, mfu 1.86%
iter 37560: loss 0.6937, time 311.78ms, mfu 1.91%
iter 37561: loss 0.8086, time 600.88ms, mfu 1.83%
iter 37562: loss 0.7798, time 317.71ms, mfu 1.87%
iter 37563: loss 0.6563, time 263.80ms, mfu 1.95%
iter 37564: loss 0.7779, time 447.22ms, mfu 1.92%
iter 37565: loss 0.7127, time 514.40ms, mfu 1.86%
iter 37566: loss 0.7077, time 387.34ms, mfu 1.86%
iter 37567: loss 0.6545, time 393.58ms, mfu 1.85%
iter 37568: loss 0.7159, time 244.48ms, mfu 1.96%
iter 37569: loss 0.6901, time 562.89ms, mfu 1.89%
iter 37570: loss 0.6968, time 508.91ms, mfu 1.84%
iter 37571: loss 0.6623, time 384.33ms, mfu 1.84%
iter 37572: loss 0.8085, time 355.28ms, mfu 1.85%
iter 37573: loss 0.7169, time 421.51ms, mfu 1.84%
iter 37574: loss 0.7374, time 517.75ms, mfu 1.79%
iter 37575: loss 0.7130, time 590.00ms, mfu 1.73%
iter 37576: loss 0.7203, time 199.78ms, mfu 1.91%
iter 37577: loss 0.7381, time 437.04ms, mfu 1.88%
iter 37578: loss 0.7937, time 456.07ms, mfu 1.85%
iter 37579: loss 0.7285, time 312.74ms, mfu 1.89%
iter 37580: loss 0.6830, time 256.66ms, mfu 1.98%
iter 37581: loss 0.7022, time 291.53ms, mfu 2.02%
iter 37582: loss 0.7179, time 316.56ms, mfu 2.05%
iter 37583: loss 0.7522, time 425.35ms, mfu 2.01%
iter 37584: loss 0.8273, time 550.55ms, mfu 1.94%
iter 37585: loss 0.7300, time 274.86ms, mfu 2.00%
iter 37586: loss 0.6448, time 401.13ms, mfu 1.98%
iter 37587: loss 0.6677, time 342.98ms, mfu 1.99%
iter 37588: loss 0.7254, time 397.05ms, mfu 1.97%
iter 37589: loss 0.6641, time 434.87ms, mfu 1.93%
iter 37590: loss 0.6916, time 415.63ms, mfu 1.91%
iter 37591: loss 0.5754, time 390.54ms, mfu 1.90%
iter 37592: loss 0.7688, time 415.92ms, mfu 1.88%
iter 37593: loss 0.6713, time 369.29ms, mfu 1.88%
iter 37594: loss 0.6787, time 277.84ms, mfu 1.95%
iter 37595: loss 0.7243, time 435.89ms, mfu 1.92%
iter 37596: loss 0.5890, time 289.56ms, mfu 1.97%
iter 37597: loss 0.7342, time 351.01ms, mfu 1.98%
iter 37598: loss 0.8122, time 459.49ms, mfu 1.93%
iter 37599: loss 0.6697, time 345.68ms, mfu 1.94%
iter 37600: loss 0.7086, time 726.04ms, mfu 1.85%
  === DIAG iter 37600 ===
  loss: 0.7086
  grads: total 1.0000, transformer 0.1472, adapter 0.9891
  <NUM> input tokens: 434/3072 (14.1%)
  lr: base 4.35e-05, adapter 2.18e-05
  SME accuracy: overall 0.487, sign 0.992, exp 0.915, digit 0.307, end 0.881 [d0 0.885 d1 0.481 d2 0.354 d3 0.200 d4 0.153 d5 0.090 d6 0.077 d7 0.129 d8 0.143 d9 0.175 d10 0.250 d11 0.296 d12 0.273 d13 0.312 d14 0.364] (1231 SME tokens)
iter 37601: loss 0.6847, time 235.07ms, mfu 1.96%
iter 37602: loss 0.8728, time 253.36ms, mfu 2.05%
iter 37603: loss 0.7388, time 398.14ms, mfu 2.02%
iter 37604: loss 0.7815, time 436.90ms, mfu 1.98%
iter 37605: loss 0.6766, time 568.26ms, mfu 1.91%
iter 37606: loss 0.6260, time 356.84ms, mfu 1.92%
iter 37607: loss 0.6944, time 383.27ms, mfu 1.91%
iter 37608: loss 0.6731, time 398.70ms, mfu 1.90%
iter 37609: loss 0.5951, time 321.87ms, mfu 1.93%
iter 37610: loss 0.6876, time 503.44ms, mfu 1.87%
iter 37611: loss 0.7505, time 231.72ms, mfu 1.99%
iter 37612: loss 0.7443, time 348.74ms, mfu 2.00%
iter 37613: loss 0.7025, time 256.07ms, mfu 2.07%
iter 37614: loss 0.7380, time 483.94ms, mfu 2.01%
iter 37615: loss 0.6235, time 292.15ms, mfu 2.05%
iter 37616: loss 0.6112, time 260.54ms, mfu 2.12%
iter 37617: loss 0.8136, time 410.38ms, mfu 2.08%
iter 37618: loss 0.7005, time 248.74ms, mfu 2.16%
iter 37619: loss 0.7536, time 323.16ms, mfu 2.16%
iter 37620: loss 0.8704, time 482.78ms, mfu 2.09%
iter 37621: loss 0.6672, time 590.35ms, mfu 2.00%
iter 37622: loss 0.7740, time 404.79ms, mfu 1.98%
iter 37623: loss 0.7170, time 319.00ms, mfu 2.00%
iter 37624: loss 0.7344, time 499.74ms, mfu 1.94%
iter 37625: loss 0.7967, time 347.85ms, mfu 1.95%
iter 37626: loss 0.7755, time 388.70ms, mfu 1.94%
iter 37627: loss 0.6307, time 287.70ms, mfu 1.99%
iter 37628: loss 0.7439, time 484.00ms, mfu 1.94%
iter 37629: loss 0.7552, time 438.19ms, mfu 1.91%
iter 37630: loss 0.6885, time 342.15ms, mfu 1.92%
iter 37631: loss 0.7980, time 580.23ms, mfu 1.85%
iter 37632: loss 0.6402, time 434.61ms, mfu 1.83%
iter 37633: loss 0.6606, time 279.72ms, mfu 1.90%
iter 37634: loss 0.6947, time 366.55ms, mfu 1.90%
iter 37635: loss 0.6571, time 360.58ms, mfu 1.91%
iter 37636: loss 0.7185, time 382.37ms, mfu 1.91%
iter 37637: loss 0.7887, time 398.99ms, mfu 1.89%
iter 37638: loss 0.7409, time 367.86ms, mfu 1.90%
iter 37639: loss 0.6366, time 373.91ms, mfu 1.90%
iter 37640: loss 0.7915, time 271.50ms, mfu 1.97%
iter 37641: loss 0.6926, time 287.64ms, mfu 2.02%
iter 37642: loss 0.7454, time 480.14ms, mfu 1.96%
iter 37643: loss 0.6050, time 279.39ms, mfu 2.02%
iter 37644: loss 0.8131, time 397.23ms, mfu 2.00%
iter 37645: loss 0.7204, time 370.99ms, mfu 1.99%
iter 37646: loss 0.6282, time 383.57ms, mfu 1.97%
iter 37647: loss 0.6687, time 443.00ms, mfu 1.94%
iter 37648: loss 0.7395, time 265.06ms, mfu 2.01%
iter 37649: loss 0.6813, time 359.11ms, mfu 2.01%
iter 37650: loss 0.7397, time 499.77ms, mfu 1.95%
iter 37651: loss 0.7701, time 301.84ms, mfu 1.99%
iter 37652: loss 0.6931, time 377.41ms, mfu 1.98%
iter 37653: loss 0.6426, time 330.42ms, mfu 1.99%
iter 37654: loss 0.7833, time 421.56ms, mfu 1.96%
iter 37655: loss 0.6998, time 466.30ms, mfu 1.92%
iter 37656: loss 0.5697, time 314.14ms, mfu 1.95%
iter 37657: loss 0.6503, time 275.39ms, mfu 2.01%
iter 37658: loss 0.6714, time 292.64ms, mfu 2.05%
iter 37659: loss 0.7879, time 335.20ms, mfu 2.06%
iter 37660: loss 0.7354, time 624.90ms, mfu 1.97%
iter 37661: loss 0.7370, time 290.43ms, mfu 2.02%
iter 37662: loss 0.6682, time 332.01ms, mfu 2.03%
iter 37663: loss 0.6858, time 464.83ms, mfu 1.98%
iter 37664: loss 0.6519, time 487.31ms, mfu 1.92%
iter 37665: loss 0.6594, time 453.55ms, mfu 1.89%
iter 37666: loss 0.6690, time 548.83ms, mfu 1.83%
iter 37667: loss 0.7621, time 351.10ms, mfu 1.85%
iter 37668: loss 0.6756, time 301.89ms, mfu 1.90%
iter 37669: loss 0.6893, time 498.21ms, mfu 1.85%
iter 37670: loss 0.7639, time 379.27ms, mfu 1.85%
iter 37671: loss 0.6635, time 295.92ms, mfu 1.91%
iter 37672: loss 0.7117, time 426.60ms, mfu 1.88%
iter 37673: loss 0.7050, time 412.60ms, mfu 1.87%
iter 37674: loss 0.6671, time 407.27ms, mfu 1.85%
iter 37675: loss 0.7531, time 305.43ms, mfu 1.90%
iter 37676: loss 0.6867, time 420.67ms, mfu 1.88%
iter 37677: loss 0.7011, time 347.44ms, mfu 1.89%
iter 37678: loss 0.6736, time 252.58ms, mfu 1.99%
iter 37679: loss 0.7397, time 599.87ms, mfu 1.91%
iter 37680: loss 0.7564, time 356.16ms, mfu 1.91%
iter 37681: loss 0.7268, time 321.14ms, mfu 1.94%
iter 37682: loss 0.6529, time 476.97ms, mfu 1.90%
iter 37683: loss 0.6402, time 326.80ms, mfu 1.92%
iter 37684: loss 0.6673, time 357.87ms, mfu 1.93%
iter 37685: loss 0.6669, time 440.15ms, mfu 1.90%
iter 37686: loss 0.6606, time 289.66ms, mfu 1.95%
iter 37687: loss 0.6865, time 502.14ms, mfu 1.90%
iter 37688: loss 0.6808, time 326.03ms, mfu 1.93%
iter 37689: loss 0.6174, time 244.84ms, mfu 2.02%
iter 37690: loss 0.7304, time 349.84ms, mfu 2.02%
iter 37691: loss 0.7272, time 458.55ms, mfu 1.98%
iter 37692: loss 0.7300, time 520.50ms, mfu 1.91%
iter 37693: loss 0.6844, time 335.92ms, mfu 1.93%
iter 37694: loss 0.5974, time 361.34ms, mfu 1.94%
iter 37695: loss 0.6285, time 385.76ms, mfu 1.93%
iter 37696: loss 0.6865, time 425.51ms, mfu 1.90%
iter 37697: loss 0.6725, time 334.78ms, mfu 1.92%
iter 37698: loss 0.6888, time 406.35ms, mfu 1.90%
iter 37699: loss 0.6856, time 471.70ms, mfu 1.86%
iter 37700: loss 0.6931, time 477.32ms, mfu 1.83%
  === DIAG iter 37700 ===
  loss: 0.6931
  grads: total 1.0000, transformer 0.1680, adapter 0.9858
  <NUM> input tokens: 453/3072 (14.7%)
  lr: base 4.32e-05, adapter 2.16e-05
  SME accuracy: overall 0.494, sign 0.967, exp 0.967, digit 0.302, end 0.908 [d0 0.923 d1 0.539 d2 0.369 d3 0.138 d4 0.096 d5 0.171 d6 0.075 d7 0.079 d8 0.082 d9 0.059 d10 0.133 d11 0.115 d12 0.300 d13 0.211 d14 0.333] (1209 SME tokens)
iter 37701: loss 0.6653, time 204.65ms, mfu 1.99%
iter 37702: loss 0.7585, time 357.51ms, mfu 1.99%
iter 37703: loss 0.7873, time 425.34ms, mfu 1.96%
iter 37704: loss 0.7109, time 288.88ms, mfu 2.01%
iter 37705: loss 0.6558, time 386.01ms, mfu 1.99%
iter 37706: loss 0.6374, time 370.00ms, mfu 1.98%
iter 37707: loss 0.7567, time 381.23ms, mfu 1.97%
iter 37708: loss 0.7207, time 221.13ms, mfu 2.09%
iter 37709: loss 0.6855, time 359.58ms, mfu 2.08%
iter 37710: loss 0.6830, time 444.32ms, mfu 2.03%
iter 37711: loss 0.6559, time 224.46ms, mfu 2.14%
iter 37712: loss 0.7191, time 531.73ms, mfu 2.06%
iter 37713: loss 0.6906, time 308.58ms, mfu 2.09%
iter 37714: loss 0.7191, time 360.62ms, mfu 2.07%
iter 37715: loss 0.7589, time 368.55ms, mfu 2.06%
iter 37716: loss 0.6178, time 410.14ms, mfu 2.03%
iter 37717: loss 0.6765, time 443.40ms, mfu 1.98%
iter 37718: loss 0.6845, time 370.30ms, mfu 1.98%
iter 37719: loss 0.6833, time 287.14ms, mfu 2.03%
iter 37720: loss 0.6639, time 331.08ms, mfu 2.04%
iter 37721: loss 0.7360, time 345.72ms, mfu 2.04%
iter 37722: loss 0.7148, time 366.35ms, mfu 2.03%
iter 37723: loss 0.7372, time 453.77ms, mfu 1.98%
iter 37724: loss 0.6641, time 346.35ms, mfu 1.99%
iter 37725: loss 0.7177, time 277.87ms, mfu 2.04%
iter 37726: loss 0.6725, time 376.43ms, mfu 2.03%
iter 37727: loss 0.6983, time 346.81ms, mfu 2.03%
iter 37728: loss 0.7286, time 288.77ms, mfu 2.07%
iter 37729: loss 0.7337, time 321.07ms, mfu 2.09%
iter 37730: loss 0.6246, time 513.14ms, mfu 2.02%
iter 37731: loss 0.6742, time 298.45ms, mfu 2.05%
iter 37732: loss 0.8453, time 365.18ms, mfu 2.04%
iter 37733: loss 0.7730, time 519.40ms, mfu 1.97%
iter 37734: loss 0.7103, time 389.10ms, mfu 1.96%
iter 37735: loss 0.7693, time 444.38ms, mfu 1.92%
iter 37736: loss 0.7319, time 257.08ms, mfu 2.00%
iter 37737: loss 0.7116, time 467.18ms, mfu 1.96%
iter 37738: loss 0.8136, time 359.19ms, mfu 1.96%
iter 37739: loss 0.6341, time 351.05ms, mfu 1.96%
iter 37740: loss 0.6887, time 362.79ms, mfu 1.96%
iter 37741: loss 0.7322, time 341.95ms, mfu 1.97%
iter 37742: loss 0.7446, time 196.84ms, mfu 2.14%
iter 37743: loss 0.7364, time 317.80ms, mfu 2.15%
iter 37744: loss 0.6642, time 300.72ms, mfu 2.17%
iter 37745: loss 0.7032, time 333.65ms, mfu 2.16%
iter 37746: loss 0.7623, time 512.29ms, mfu 2.08%
iter 37747: loss 0.7156, time 518.36ms, mfu 2.01%
iter 37748: loss 0.6933, time 548.36ms, mfu 1.94%
iter 37749: loss 0.7854, time 297.36ms, mfu 1.99%
iter 37750: loss 0.7298, time 421.25ms, mfu 1.95%
iter 37751: loss 0.6541, time 216.44ms, mfu 2.09%
iter 37752: loss 0.6396, time 427.65ms, mfu 2.04%
iter 37753: loss 0.7037, time 370.84ms, mfu 2.03%
iter 37754: loss 0.7698, time 431.58ms, mfu 1.99%
iter 37755: loss 0.6098, time 271.93ms, mfu 2.05%
iter 37756: loss 0.7025, time 433.42ms, mfu 2.01%
iter 37757: loss 0.7118, time 445.78ms, mfu 1.97%
iter 37758: loss 0.7125, time 241.48ms, mfu 2.07%
iter 37759: loss 0.6623, time 354.22ms, mfu 2.06%
iter 37760: loss 0.6954, time 328.20ms, mfu 2.07%
iter 37761: loss 0.6762, time 307.67ms, mfu 2.09%
iter 37762: loss 0.7484, time 309.39ms, mfu 2.11%
iter 37763: loss 0.6977, time 482.46ms, mfu 2.05%
iter 37764: loss 0.6686, time 338.07ms, mfu 2.05%
iter 37765: loss 0.6617, time 357.98ms, mfu 2.05%
iter 37766: loss 0.6756, time 231.83ms, mfu 2.15%
iter 37767: loss 0.6081, time 470.75ms, mfu 2.08%
iter 37768: loss 0.6826, time 399.07ms, mfu 2.05%
iter 37769: loss 0.6527, time 448.99ms, mfu 2.00%
iter 37770: loss 0.7529, time 453.76ms, mfu 1.96%
iter 37771: loss 0.7678, time 425.81ms, mfu 1.93%
iter 37772: loss 0.6741, time 455.98ms, mfu 1.89%
iter 37773: loss 0.6393, time 311.83ms, mfu 1.93%
iter 37774: loss 0.7621, time 342.47ms, mfu 1.94%
iter 37775: loss 0.7507, time 263.36ms, mfu 2.02%
iter 37776: loss 0.7438, time 360.45ms, mfu 2.01%
iter 37777: loss 0.6482, time 477.63ms, mfu 1.96%
iter 37778: loss 0.6344, time 324.21ms, mfu 1.98%
iter 37779: loss 0.6541, time 335.15ms, mfu 2.00%
iter 37780: loss 0.7161, time 515.01ms, mfu 1.93%
iter 37781: loss 0.8197, time 300.64ms, mfu 1.98%
iter 37782: loss 0.6780, time 456.98ms, mfu 1.93%
iter 37783: loss 0.6644, time 476.44ms, mfu 1.89%
iter 37784: loss 0.7642, time 264.00ms, mfu 1.97%
iter 37785: loss 0.7391, time 307.51ms, mfu 2.00%
iter 37786: loss 0.8039, time 502.96ms, mfu 1.94%
iter 37787: loss 0.6404, time 321.33ms, mfu 1.97%
iter 37788: loss 0.7274, time 296.66ms, mfu 2.01%
iter 37789: loss 0.7607, time 347.46ms, mfu 2.01%
iter 37790: loss 0.6647, time 387.42ms, mfu 2.00%
iter 37791: loss 0.7379, time 416.10ms, mfu 1.97%
iter 37792: loss 0.7414, time 371.74ms, mfu 1.96%
iter 37793: loss 0.7299, time 396.17ms, mfu 1.94%
iter 37794: loss 0.7301, time 340.49ms, mfu 1.96%
iter 37795: loss 0.7639, time 305.00ms, mfu 1.99%
iter 37796: loss 0.7436, time 479.72ms, mfu 1.94%
iter 37797: loss 0.7687, time 404.77ms, mfu 1.92%
iter 37798: loss 0.6788, time 354.53ms, mfu 1.93%
iter 37799: loss 0.6418, time 537.80ms, mfu 1.87%
iter 37800: loss 0.7163, time 707.53ms, mfu 1.78%
  === DIAG iter 37800 ===
  loss: 0.7163
  grads: total 1.0000, transformer 0.1498, adapter 0.9887
  <NUM> input tokens: 467/3072 (15.2%)
  lr: base 4.30e-05, adapter 2.15e-05
  SME accuracy: overall 0.459, sign 0.957, exp 0.905, digit 0.284, end 0.833 [d0 0.812 d1 0.478 d2 0.318 d3 0.134 d4 0.147 d5 0.157 d6 0.108 d7 0.180 d8 0.105 d9 0.154 d10 0.226 d11 0.179 d12 0.238 d13 0.111 d14 0.083] (1223 SME tokens)
iter 37801: loss 0.6879, time 228.62ms, mfu 1.91%
iter 37802: loss 0.7095, time 377.37ms, mfu 1.91%
iter 37803: loss 0.7996, time 504.76ms, mfu 1.86%
iter 37804: loss 0.6989, time 317.05ms, mfu 1.90%
iter 37805: loss 0.7051, time 380.04ms, mfu 1.89%
iter 37806: loss 0.7677, time 464.35ms, mfu 1.86%
iter 37807: loss 0.6818, time 287.31ms, mfu 1.92%
iter 37808: loss 0.7635, time 373.29ms, mfu 1.92%
iter 37809: loss 0.6307, time 376.17ms, mfu 1.91%
iter 37810: loss 0.7091, time 453.70ms, mfu 1.88%
iter 37811: loss 0.8251, time 416.59ms, mfu 1.86%
iter 37812: loss 0.7251, time 312.06ms, mfu 1.90%
iter 37813: loss 0.7393, time 366.94ms, mfu 1.90%
iter 37814: loss 0.6551, time 439.04ms, mfu 1.88%
iter 37815: loss 0.7500, time 340.70ms, mfu 1.90%
iter 37816: loss 0.7835, time 333.58ms, mfu 1.92%
iter 37817: loss 0.7064, time 352.07ms, mfu 1.93%
iter 37818: loss 0.6439, time 264.79ms, mfu 2.00%
iter 37819: loss 0.7224, time 364.21ms, mfu 2.00%
iter 37820: loss 0.7920, time 354.86ms, mfu 2.00%
iter 37821: loss 0.6297, time 335.54ms, mfu 2.01%
iter 37822: loss 0.7371, time 331.31ms, mfu 2.02%
iter 37823: loss 0.6866, time 415.24ms, mfu 1.99%
iter 37824: loss 0.6090, time 453.23ms, mfu 1.95%
iter 37825: loss 0.7467, time 364.99ms, mfu 1.95%
iter 37826: loss 0.7035, time 235.69ms, mfu 2.05%
iter 37827: loss 0.7646, time 384.68ms, mfu 2.03%
iter 37828: loss 0.7225, time 285.41ms, mfu 2.08%
iter 37829: loss 0.7679, time 371.84ms, mfu 2.06%
iter 37830: loss 0.7161, time 310.02ms, mfu 2.08%
iter 37831: loss 0.6538, time 366.95ms, mfu 2.07%
iter 37832: loss 0.5754, time 258.07ms, mfu 2.14%
iter 37833: loss 0.6618, time 359.55ms, mfu 2.12%
iter 37834: loss 0.7416, time 519.10ms, mfu 2.04%
iter 37835: loss 0.7408, time 385.90ms, mfu 2.02%
iter 37836: loss 0.6971, time 278.14ms, mfu 2.08%
iter 37837: loss 0.7690, time 361.52ms, mfu 2.06%
iter 37838: loss 0.7297, time 197.93ms, mfu 2.22%
iter 37839: loss 0.6594, time 356.24ms, mfu 2.19%
iter 37840: loss 0.6653, time 393.15ms, mfu 2.15%
iter 37841: loss 0.6398, time 288.45ms, mfu 2.18%
iter 37842: loss 0.7095, time 364.82ms, mfu 2.16%
iter 37843: loss 0.7167, time 180.08ms, mfu 2.34%
iter 37844: loss 0.8039, time 515.79ms, mfu 2.24%
iter 37845: loss 0.7684, time 500.46ms, mfu 2.16%
iter 37846: loss 0.7490, time 351.33ms, mfu 2.14%
iter 37847: loss 0.7214, time 464.26ms, mfu 2.08%
iter 37848: loss 0.7151, time 449.29ms, mfu 2.03%
iter 37849: loss 0.6641, time 292.70ms, mfu 2.07%
iter 37850: loss 0.7494, time 417.19ms, mfu 2.03%
iter 37851: loss 0.6665, time 454.60ms, mfu 1.99%
iter 37852: loss 0.7459, time 492.39ms, mfu 1.93%
iter 37853: loss 0.7111, time 382.39ms, mfu 1.92%
iter 37854: loss 0.7884, time 286.93ms, mfu 1.98%
iter 37855: loss 0.6215, time 362.43ms, mfu 1.98%
iter 37856: loss 0.6942, time 395.95ms, mfu 1.96%
iter 37857: loss 0.6202, time 264.29ms, mfu 2.03%
iter 37858: loss 0.7492, time 392.90ms, mfu 2.01%
iter 37859: loss 0.7924, time 261.68ms, mfu 2.08%
iter 37860: loss 0.7264, time 440.70ms, mfu 2.03%
iter 37861: loss 0.7432, time 321.98ms, mfu 2.05%
iter 37862: loss 0.6184, time 500.15ms, mfu 1.98%
iter 37863: loss 0.6554, time 438.96ms, mfu 1.95%
iter 37864: loss 0.7099, time 457.65ms, mfu 1.91%
iter 37865: loss 0.6955, time 269.45ms, mfu 1.98%
iter 37866: loss 0.6932, time 348.46ms, mfu 1.99%
iter 37867: loss 0.6817, time 346.32ms, mfu 1.99%
iter 37868: loss 0.7836, time 452.02ms, mfu 1.95%
iter 37869: loss 0.7031, time 580.54ms, mfu 1.88%
iter 37870: loss 0.7604, time 404.01ms, mfu 1.86%
iter 37871: loss 0.6798, time 433.19ms, mfu 1.84%
iter 37872: loss 0.6880, time 483.02ms, mfu 1.80%
iter 37873: loss 0.7550, time 485.95ms, mfu 1.77%
iter 37874: loss 0.6598, time 319.72ms, mfu 1.81%
iter 37875: loss 0.6891, time 385.69ms, mfu 1.82%
iter 37876: loss 0.6812, time 536.44ms, mfu 1.77%
iter 37877: loss 0.7615, time 276.04ms, mfu 1.85%
iter 37878: loss 0.6659, time 471.68ms, mfu 1.81%
iter 37879: loss 0.7749, time 487.72ms, mfu 1.78%
iter 37880: loss 0.7206, time 251.34ms, mfu 1.88%
iter 37881: loss 0.7034, time 428.37ms, mfu 1.86%
iter 37882: loss 0.7758, time 241.03ms, mfu 1.97%
iter 37883: loss 0.6877, time 294.00ms, mfu 2.01%
iter 37884: loss 0.7305, time 490.60ms, mfu 1.95%
iter 37885: loss 0.7293, time 440.53ms, mfu 1.92%
iter 37886: loss 0.6903, time 504.80ms, mfu 1.87%
iter 37887: loss 0.6216, time 475.47ms, mfu 1.83%
iter 37888: loss 0.6682, time 405.03ms, mfu 1.82%
iter 37889: loss 0.7061, time 487.69ms, mfu 1.79%
iter 37890: loss 0.6642, time 394.07ms, mfu 1.79%
iter 37891: loss 0.6380, time 387.49ms, mfu 1.79%
iter 37892: loss 0.7078, time 489.81ms, mfu 1.76%
iter 37893: loss 0.6643, time 283.19ms, mfu 1.83%
iter 37894: loss 0.7159, time 257.02ms, mfu 1.92%
iter 37895: loss 0.6939, time 428.72ms, mfu 1.90%
iter 37896: loss 0.6730, time 293.90ms, mfu 1.95%
iter 37897: loss 0.6933, time 417.40ms, mfu 1.92%
iter 37898: loss 0.6716, time 389.92ms, mfu 1.91%
iter 37899: loss 0.6425, time 439.33ms, mfu 1.88%
iter 37900: loss 0.7241, time 862.45ms, mfu 1.78%
  === DIAG iter 37900 ===
  loss: 0.7241
  grads: total 1.0000, transformer 0.1745, adapter 0.9847
  <NUM> input tokens: 469/3072 (15.3%)
  lr: base 4.27e-05, adapter 2.14e-05
  SME accuracy: overall 0.444, sign 0.991, exp 0.981, digit 0.264, end 0.852 [d0 0.854 d1 0.463 d2 0.308 d3 0.149 d4 0.083 d5 0.174 d6 0.076 d7 0.082 d8 0.145 d9 0.128 d10 0.057 d11 0.100 d12 0.261 d13 0.333 d14 0.333] (1213 SME tokens)
iter 37901: loss 0.7103, time 247.77ms, mfu 1.88%
iter 37902: loss 0.7178, time 270.86ms, mfu 1.96%
iter 37903: loss 0.8015, time 383.18ms, mfu 1.95%
iter 37904: loss 0.6623, time 319.76ms, mfu 1.97%
iter 37905: loss 0.7001, time 311.31ms, mfu 2.00%
iter 37906: loss 0.7734, time 202.95ms, mfu 2.15%
iter 37907: loss 0.7232, time 352.68ms, mfu 2.14%
iter 37908: loss 0.7135, time 321.81ms, mfu 2.15%
iter 37909: loss 0.6722, time 434.22ms, mfu 2.09%
iter 37910: loss 0.7015, time 304.65ms, mfu 2.12%
iter 37911: loss 0.6782, time 410.19ms, mfu 2.08%
iter 37912: loss 0.6955, time 379.86ms, mfu 2.06%
iter 37913: loss 0.6615, time 497.06ms, mfu 1.99%
iter 37914: loss 0.6745, time 446.71ms, mfu 1.95%
iter 37915: loss 0.7508, time 541.09ms, mfu 1.89%
iter 37916: loss 0.7347, time 362.91ms, mfu 1.90%
iter 37917: loss 0.7019, time 304.13ms, mfu 1.94%
iter 37918: loss 0.6117, time 377.70ms, mfu 1.93%
iter 37919: loss 0.7189, time 489.02ms, mfu 1.88%
iter 37920: loss 0.6657, time 365.20ms, mfu 1.89%
iter 37921: loss 0.6350, time 387.67ms, mfu 1.88%
iter 37922: loss 0.6763, time 350.07ms, mfu 1.90%
iter 37923: loss 0.7471, time 267.42ms, mfu 1.97%
iter 37924: loss 0.6221, time 412.66ms, mfu 1.95%
iter 37925: loss 0.7601, time 396.07ms, mfu 1.93%
iter 37926: loss 0.7013, time 333.25ms, mfu 1.95%
iter 37927: loss 0.7826, time 500.31ms, mfu 1.90%
iter 37928: loss 0.7639, time 347.94ms, mfu 1.91%
iter 37929: loss 0.6759, time 454.07ms, mfu 1.88%
iter 37930: loss 0.7630, time 282.99ms, mfu 1.94%
iter 37931: loss 0.6736, time 297.64ms, mfu 1.98%
iter 37932: loss 0.6848, time 397.60ms, mfu 1.96%
iter 37933: loss 0.6868, time 334.84ms, mfu 1.98%
iter 37934: loss 0.7536, time 255.37ms, mfu 2.06%
iter 37935: loss 0.6411, time 478.71ms, mfu 2.00%
iter 37936: loss 0.6889, time 296.24ms, mfu 2.04%
iter 37937: loss 0.6503, time 400.63ms, mfu 2.01%
iter 37938: loss 0.7106, time 396.05ms, mfu 1.99%
iter 37939: loss 0.7430, time 388.57ms, mfu 1.97%
iter 37940: loss 0.7038, time 441.08ms, mfu 1.94%
iter 37941: loss 0.7474, time 388.73ms, mfu 1.93%
iter 37942: loss 0.7551, time 370.78ms, mfu 1.92%
iter 37943: loss 0.7035, time 379.13ms, mfu 1.92%
iter 37944: loss 0.7021, time 425.03ms, mfu 1.89%
iter 37945: loss 0.6369, time 313.75ms, mfu 1.93%
iter 37946: loss 0.7706, time 242.16ms, mfu 2.03%
iter 37947: loss 0.8376, time 375.99ms, mfu 2.02%
iter 37948: loss 0.6941, time 388.86ms, mfu 2.00%
iter 37949: loss 0.7553, time 324.16ms, mfu 2.02%
iter 37950: loss 0.8384, time 312.59ms, mfu 2.04%
iter 37951: loss 0.7362, time 375.12ms, mfu 2.03%
iter 37952: loss 0.7488, time 518.68ms, mfu 1.96%
iter 37953: loss 0.6963, time 409.21ms, mfu 1.94%
iter 37954: loss 0.7803, time 399.36ms, mfu 1.92%
iter 37955: loss 0.6095, time 292.05ms, mfu 1.97%
iter 37956: loss 0.6527, time 390.77ms, mfu 1.96%
iter 37957: loss 0.7781, time 418.33ms, mfu 1.93%
iter 37958: loss 0.7536, time 324.45ms, mfu 1.95%
iter 37959: loss 0.6914, time 517.29ms, mfu 1.90%
iter 37960: loss 0.6430, time 411.00ms, mfu 1.88%
iter 37961: loss 0.6370, time 344.40ms, mfu 1.90%
iter 37962: loss 0.7049, time 444.62ms, mfu 1.87%
iter 37963: loss 0.7716, time 375.93ms, mfu 1.87%
iter 37964: loss 0.7937, time 453.98ms, mfu 1.84%
iter 37965: loss 0.8353, time 400.75ms, mfu 1.83%
iter 37966: loss 0.6797, time 437.48ms, mfu 1.81%
iter 37967: loss 0.7532, time 359.65ms, mfu 1.83%
iter 37968: loss 0.7359, time 414.37ms, mfu 1.81%
iter 37969: loss 0.7508, time 555.33ms, mfu 1.76%
iter 37970: loss 0.6380, time 198.58ms, mfu 1.94%
iter 37971: loss 0.6829, time 342.57ms, mfu 1.95%
iter 37972: loss 0.6972, time 351.10ms, mfu 1.96%
iter 37973: loss 0.6358, time 500.53ms, mfu 1.91%
iter 37974: loss 0.7369, time 389.85ms, mfu 1.90%
iter 37975: loss 0.6942, time 550.13ms, mfu 1.84%
iter 37976: loss 0.6902, time 468.27ms, mfu 1.80%
iter 37977: loss 0.7189, time 425.34ms, mfu 1.79%
iter 37978: loss 0.6842, time 416.27ms, mfu 1.78%
iter 37979: loss 0.7268, time 259.53ms, mfu 1.88%
iter 37980: loss 0.7276, time 349.40ms, mfu 1.89%
iter 37981: loss 0.7537, time 366.77ms, mfu 1.90%
iter 37982: loss 0.7426, time 408.90ms, mfu 1.88%
iter 37983: loss 0.7448, time 395.11ms, mfu 1.87%
iter 37984: loss 0.6789, time 534.81ms, mfu 1.82%
iter 37985: loss 0.6911, time 325.54ms, mfu 1.85%
iter 37986: loss 0.6948, time 256.07ms, mfu 1.94%
iter 37987: loss 0.7154, time 385.96ms, mfu 1.93%
iter 37988: loss 0.6343, time 388.25ms, mfu 1.92%
iter 37989: loss 0.7920, time 397.47ms, mfu 1.91%
iter 37990: loss 0.7271, time 320.01ms, mfu 1.94%
iter 37991: loss 0.7035, time 330.15ms, mfu 1.96%
iter 37992: loss 0.6637, time 440.97ms, mfu 1.92%
iter 37993: loss 0.7399, time 295.12ms, mfu 1.97%
iter 37994: loss 0.6563, time 260.66ms, mfu 2.05%
iter 37995: loss 0.5627, time 365.13ms, mfu 2.04%
iter 37996: loss 0.7167, time 322.84ms, mfu 2.05%
iter 37997: loss 0.6602, time 435.52ms, mfu 2.01%
iter 37998: loss 0.6395, time 313.71ms, mfu 2.03%
iter 37999: loss 0.7484, time 320.12ms, mfu 2.05%
iter 38000: loss 0.7105, time 526.81ms, mfu 1.98%
  === DIAG iter 38000 ===
  loss: 0.7105
  grads: total 1.0000, transformer 0.1921, adapter 0.9814
  <NUM> input tokens: 420/3072 (13.7%)
  lr: base 4.25e-05, adapter 2.12e-05
  SME accuracy: overall 0.468, sign 1.000, exp 0.990, digit 0.286, end 0.887 [d0 0.889 d1 0.532 d2 0.312 d3 0.092 d4 0.127 d5 0.147 d6 0.127 d7 0.136 d8 0.091 d9 0.189 d10 0.171 d11 0.172 d12 0.200 d13 0.333 d14 0.222] (1149 SME tokens)
  --- Sample eval (val) ---
  D1D0D4D6D8D3D5D3D8D6END
    target: 1.838e+08 2.402e+08 4.792e+08 5.706e+08 7.5e+08 8.654e+08 9e+08
    pred:   9.171e+08 2.761e+08 3.041e+08 5.117e+08 INVALID(unparseable) 8.107e+08 INVALID(unparseable)
    error:  733276882.00 35873751.63 175134694.00 58974143.89 N/A 54736382.60 N/A

  END
    target: 2.599e-09 8392 7.968e+07 5.438e+08
    pred:   9.912e+08 1.11e-08 1.111e+08 1.011e+08
    error:  991160000.00 8392.00 31430200.97 442699488.58

   <1.18846e+07> <7454> <-3.36442e-09> <5.10795e+08> <1.47715e-09> →
    target: -3.364e-09 1.477e-09 7454 7658 1.643e+05 1.188e+07 6.547e+07 5.108e+08 1e+09
    pred:   3.142e-09 3e-09 7450 7.469e+07 4.499e+07 1.136e+07 2.9e+08 4.051e+08 1e+08
    error:  0.00 0.00 4.00 74682342.00 44825699.33 523459.00 224531150.81 105728776.00 900000000.00

  SUM: <-4.9234e+08> <-21.393> <0> <0> <-5.8857e-06> <8.84187e+08> <4.6875e-09> →
    target: 3.918e+08
    pred:   3.91e+08
    error:  846080.21

  SORT: <69220.1> <-9851.12> <970800> <6.64831e-08> <1e+09> <1e+09> <-2.7151e+08> <0> <95> <-0.0179833> →
    target: -2.715e+08 -9851 -0.01798 0 6.648e-08 95 6.922e+04 9.708e+05 1e+09 1e+09
    pred:   -2.84e+08 -9859 -0.01791 0 6.601e-08 95 7.866e+04 9.511e+05 1e+09 1e+09
    error:  12465968.37 7.88 0.00 0.00 0.00 0.00 9439.91 19700.00 0.00 0.00

iter 38001: loss 0.7632, time 301.03ms, mfu 2.02%
iter 38002: loss 0.6921, time 506.82ms, mfu 1.96%
iter 38003: loss 0.7451, time 292.38ms, mfu 2.00%
iter 38004: loss 0.7707, time 370.64ms, mfu 1.99%
iter 38005: loss 0.7066, time 432.25ms, mfu 1.96%
iter 38006: loss 0.7512, time 326.91ms, mfu 1.98%
iter 38007: loss 0.6677, time 440.77ms, mfu 1.94%
iter 38008: loss 0.7409, time 445.71ms, mfu 1.91%
iter 38009: loss 0.7814, time 397.17ms, mfu 1.90%
iter 38010: loss 0.7085, time 391.44ms, mfu 1.89%
iter 38011: loss 0.7224, time 342.63ms, mfu 1.90%
iter 38012: loss 0.7321, time 423.28ms, mfu 1.88%
iter 38013: loss 0.6962, time 374.31ms, mfu 1.88%
iter 38014: loss 0.7243, time 266.30ms, mfu 1.96%
iter 38015: loss 0.7235, time 493.25ms, mfu 1.91%
iter 38016: loss 0.7701, time 297.25ms, mfu 1.96%
iter 38017: loss 0.6788, time 369.46ms, mfu 1.95%
iter 38018: loss 0.7123, time 580.52ms, mfu 1.88%
iter 38019: loss 0.7716, time 270.56ms, mfu 1.95%
iter 38020: loss 0.7889, time 394.29ms, mfu 1.94%
iter 38021: loss 0.6642, time 291.00ms, mfu 1.99%
iter 38022: loss 0.7987, time 367.19ms, mfu 1.98%
iter 38023: loss 0.7672, time 319.52ms, mfu 2.01%
iter 38024: loss 0.6631, time 386.07ms, mfu 1.99%
iter 38025: loss 0.7154, time 511.33ms, mfu 1.93%
iter 38026: loss 0.6922, time 220.86ms, mfu 2.06%
iter 38027: loss 0.6708, time 388.39ms, mfu 2.03%
iter 38028: loss 0.6710, time 440.81ms, mfu 1.99%
iter 38029: loss 0.6238, time 297.99ms, mfu 2.03%
iter 38030: loss 0.6331, time 480.14ms, mfu 1.97%
iter 38031: loss 0.7217, time 360.51ms, mfu 1.97%
iter 38032: loss 0.6803, time 370.51ms, mfu 1.97%
iter 38033: loss 0.6678, time 339.25ms, mfu 1.98%
iter 38034: loss 0.7627, time 413.17ms, mfu 1.95%
iter 38035: loss 0.6979, time 271.13ms, mfu 2.02%
iter 38036: loss 0.6759, time 507.18ms, mfu 1.96%
iter 38037: loss 0.6264, time 350.69ms, mfu 1.96%
iter 38038: loss 0.8096, time 302.48ms, mfu 2.00%
iter 38039: loss 0.6536, time 396.03ms, mfu 1.98%
iter 38040: loss 0.6933, time 338.17ms, mfu 1.99%
iter 38041: loss 0.6566, time 418.22ms, mfu 1.96%
iter 38042: loss 0.6917, time 353.69ms, mfu 1.97%
iter 38043: loss 0.6441, time 400.95ms, mfu 1.95%
iter 38044: loss 0.7320, time 311.87ms, mfu 1.98%
iter 38045: loss 0.7939, time 506.68ms, mfu 1.92%
iter 38046: loss 0.6493, time 220.11ms, mfu 2.05%
iter 38047: loss 0.7449, time 427.31ms, mfu 2.01%
iter 38048: loss 0.7759, time 344.86ms, mfu 2.02%
iter 38049: loss 0.6643, time 419.41ms, mfu 1.98%
iter 38050: loss 0.7028, time 297.53ms, mfu 2.02%
iter 38051: loss 0.6784, time 431.48ms, mfu 1.99%
iter 38052: loss 0.6987, time 411.72ms, mfu 1.96%
iter 38053: loss 0.6310, time 365.60ms, mfu 1.96%
iter 38054: loss 0.6515, time 416.33ms, mfu 1.93%
iter 38055: loss 0.7185, time 509.56ms, mfu 1.88%
iter 38056: loss 0.5949, time 426.43ms, mfu 1.86%
iter 38057: loss 0.6973, time 485.44ms, mfu 1.82%
iter 38058: loss 0.6745, time 407.49ms, mfu 1.81%
iter 38059: loss 0.7705, time 277.76ms, mfu 1.88%
iter 38060: loss 0.7333, time 321.66ms, mfu 1.91%
iter 38061: loss 0.8564, time 431.21ms, mfu 1.89%
iter 38062: loss 0.7630, time 405.24ms, mfu 1.87%
iter 38063: loss 0.6899, time 300.88ms, mfu 1.92%
iter 38064: loss 0.6714, time 368.30ms, mfu 1.92%
iter 38065: loss 0.7895, time 338.80ms, mfu 1.94%
iter 38066: loss 0.7103, time 459.63ms, mfu 1.90%
iter 38067: loss 0.6584, time 359.21ms, mfu 1.91%
iter 38068: loss 0.6363, time 249.21ms, mfu 2.00%
iter 38069: loss 0.6794, time 296.00ms, mfu 2.04%
iter 38070: loss 0.6176, time 426.13ms, mfu 2.00%
iter 38071: loss 0.7732, time 452.26ms, mfu 1.96%
iter 38072: loss 0.6982, time 449.75ms, mfu 1.92%
iter 38073: loss 0.7300, time 390.46ms, mfu 1.91%
iter 38074: loss 0.6965, time 298.83ms, mfu 1.96%
iter 38075: loss 0.7520, time 375.90ms, mfu 1.95%
iter 38076: loss 0.6808, time 277.79ms, mfu 2.01%
iter 38077: loss 0.7696, time 339.51ms, mfu 2.02%
iter 38078: loss 0.7779, time 380.24ms, mfu 2.00%
iter 38079: loss 0.6793, time 504.28ms, mfu 1.94%
iter 38080: loss 0.6946, time 255.18ms, mfu 2.03%
iter 38081: loss 0.7411, time 439.19ms, mfu 1.98%
iter 38082: loss 0.6581, time 364.45ms, mfu 1.98%
iter 38083: loss 0.6211, time 368.75ms, mfu 1.97%
iter 38084: loss 0.6668, time 491.02ms, mfu 1.92%
iter 38085: loss 0.7141, time 465.67ms, mfu 1.88%
iter 38086: loss 0.6970, time 411.84ms, mfu 1.87%
iter 38087: loss 0.6681, time 537.30ms, mfu 1.81%
iter 38088: loss 0.8063, time 306.01ms, mfu 1.86%
iter 38089: loss 0.7129, time 358.58ms, mfu 1.87%
iter 38090: loss 0.6787, time 396.58ms, mfu 1.86%
iter 38091: loss 0.7274, time 416.94ms, mfu 1.85%
iter 38092: loss 0.7110, time 482.45ms, mfu 1.81%
iter 38093: loss 0.6523, time 388.21ms, mfu 1.81%
iter 38094: loss 0.6758, time 401.81ms, mfu 1.81%
iter 38095: loss 0.6250, time 317.95ms, mfu 1.85%
iter 38096: loss 0.6815, time 420.63ms, mfu 1.83%
iter 38097: loss 0.5742, time 381.98ms, mfu 1.83%
iter 38098: loss 0.6844, time 478.23ms, mfu 1.80%
iter 38099: loss 0.5988, time 307.49ms, mfu 1.85%
iter 38100: loss 0.6200, time 741.49ms, mfu 1.76%
  === DIAG iter 38100 ===
  loss: 0.6200
  grads: total 1.0000, transformer 0.1670, adapter 0.9860
  <NUM> input tokens: 444/3072 (14.5%)
  lr: base 4.22e-05, adapter 2.11e-05
  SME accuracy: overall 0.522, sign 0.982, exp 0.936, digit 0.353, end 0.881 [d0 0.924 d1 0.487 d2 0.301 d3 0.155 d4 0.188 d5 0.183 d6 0.232 d7 0.226 d8 0.240 d9 0.394 d10 0.345 d11 0.357 d12 0.222 d13 0.292 d14 0.211] (1125 SME tokens)
iter 38101: loss 0.7278, time 248.25ms, mfu 1.87%
iter 38102: loss 0.7147, time 353.80ms, mfu 1.88%
iter 38103: loss 0.7107, time 333.47ms, mfu 1.91%
iter 38104: loss 0.7478, time 525.72ms, mfu 1.85%
iter 38105: loss 0.7202, time 283.84ms, mfu 1.92%
iter 38106: loss 0.7203, time 397.27ms, mfu 1.90%
iter 38107: loss 0.6623, time 527.74ms, mfu 1.85%
iter 38108: loss 0.7277, time 303.99ms, mfu 1.90%
iter 38109: loss 0.7784, time 391.99ms, mfu 1.89%
iter 38110: loss 0.6947, time 513.59ms, mfu 1.84%
iter 38111: loss 0.7499, time 552.12ms, mfu 1.78%
iter 38112: loss 0.6786, time 319.84ms, mfu 1.82%
iter 38113: loss 0.6808, time 450.84ms, mfu 1.80%
iter 38114: loss 0.7022, time 343.41ms, mfu 1.83%
iter 38115: loss 0.7505, time 396.13ms, mfu 1.82%
iter 38116: loss 0.7865, time 408.12ms, mfu 1.81%
iter 38117: loss 0.6563, time 294.98ms, mfu 1.87%
iter 38118: loss 0.5828, time 424.61ms, mfu 1.85%
iter 38119: loss 0.7176, time 330.92ms, mfu 1.88%
iter 38120: loss 0.7339, time 456.25ms, mfu 1.85%
iter 38121: loss 0.7587, time 496.67ms, mfu 1.81%
iter 38122: loss 0.7419, time 442.96ms, mfu 1.79%
iter 38123: loss 0.6707, time 537.88ms, mfu 1.74%
iter 38124: loss 0.7548, time 350.27ms, mfu 1.77%
iter 38125: loss 0.7139, time 435.64ms, mfu 1.75%
iter 38126: loss 0.6812, time 376.09ms, mfu 1.77%
iter 38127: loss 0.6209, time 585.88ms, mfu 1.71%
iter 38128: loss 0.7102, time 387.85ms, mfu 1.72%
iter 38129: loss 0.6566, time 363.75ms, mfu 1.74%
iter 38130: loss 0.7383, time 379.60ms, mfu 1.76%
iter 38131: loss 0.6868, time 354.46ms, mfu 1.78%
iter 38132: loss 0.6671, time 322.46ms, mfu 1.82%
iter 38133: loss 0.6849, time 395.97ms, mfu 1.82%
iter 38134: loss 0.7798, time 404.28ms, mfu 1.81%
iter 38135: loss 0.7113, time 339.62ms, mfu 1.84%
iter 38136: loss 0.6120, time 383.64ms, mfu 1.84%
iter 38137: loss 0.7092, time 366.34ms, mfu 1.85%
iter 38138: loss 0.6666, time 327.54ms, mfu 1.88%
iter 38139: loss 0.7560, time 320.48ms, mfu 1.91%
iter 38140: loss 0.8231, time 457.81ms, mfu 1.88%
iter 38141: loss 0.7471, time 389.27ms, mfu 1.87%
iter 38142: loss 0.6112, time 404.77ms, mfu 1.86%
iter 38143: loss 0.7044, time 407.22ms, mfu 1.85%
iter 38144: loss 0.7232, time 320.99ms, mfu 1.88%
iter 38145: loss 0.7280, time 350.90ms, mfu 1.90%
iter 38146: loss 0.7410, time 503.19ms, mfu 1.85%
iter 38147: loss 0.7259, time 333.96ms, mfu 1.88%
iter 38148: loss 0.8377, time 379.39ms, mfu 1.88%
iter 38149: loss 0.7736, time 442.00ms, mfu 1.85%
iter 38150: loss 0.6709, time 466.76ms, mfu 1.82%
iter 38151: loss 0.7953, time 517.77ms, mfu 1.77%
iter 38152: loss 0.7585, time 333.71ms, mfu 1.81%
iter 38153: loss 0.7452, time 370.45ms, mfu 1.82%
iter 38154: loss 0.6831, time 379.92ms, mfu 1.82%
iter 38155: loss 0.6860, time 279.86ms, mfu 1.89%
iter 38156: loss 0.6432, time 413.92ms, mfu 1.87%
iter 38157: loss 0.7765, time 456.70ms, mfu 1.84%
iter 38158: loss 0.7559, time 404.70ms, mfu 1.83%
iter 38159: loss 0.7346, time 345.35ms, mfu 1.86%
iter 38160: loss 0.6436, time 464.00ms, mfu 1.82%
iter 38161: loss 0.7624, time 406.69ms, mfu 1.81%
iter 38162: loss 0.7981, time 369.92ms, mfu 1.82%
iter 38163: loss 0.7011, time 464.93ms, mfu 1.79%
iter 38164: loss 0.7211, time 335.12ms, mfu 1.83%
iter 38165: loss 0.6355, time 372.78ms, mfu 1.83%
iter 38166: loss 0.7695, time 360.49ms, mfu 1.85%
iter 38167: loss 0.6791, time 291.34ms, mfu 1.91%
iter 38168: loss 0.7009, time 326.09ms, mfu 1.93%
iter 38169: loss 0.6461, time 362.21ms, mfu 1.93%
iter 38170: loss 0.6875, time 345.27ms, mfu 1.95%
iter 38171: loss 0.7459, time 258.39ms, mfu 2.03%
iter 38172: loss 0.6777, time 379.44ms, mfu 2.01%
iter 38173: loss 0.7042, time 377.81ms, mfu 2.00%
iter 38174: loss 0.7292, time 563.77ms, mfu 1.92%
iter 38175: loss 0.6256, time 297.08ms, mfu 1.97%
iter 38176: loss 0.7543, time 549.59ms, mfu 1.90%
iter 38177: loss 0.7174, time 303.30ms, mfu 1.94%
iter 38178: loss 0.7234, time 288.58ms, mfu 2.00%
iter 38179: loss 0.6983, time 340.53ms, mfu 2.00%
iter 38180: loss 0.6617, time 247.53ms, mfu 2.09%
iter 38181: loss 0.6295, time 512.30ms, mfu 2.02%
iter 38182: loss 0.6607, time 335.13ms, mfu 2.03%
iter 38183: loss 0.6128, time 531.93ms, mfu 1.96%
iter 38184: loss 0.6840, time 294.83ms, mfu 2.00%
iter 38185: loss 0.6561, time 461.07ms, mfu 1.96%
iter 38186: loss 0.6340, time 473.08ms, mfu 1.91%
iter 38187: loss 0.6315, time 409.92ms, mfu 1.89%
iter 38188: loss 0.6123, time 401.63ms, mfu 1.88%
iter 38189: loss 0.6990, time 432.72ms, mfu 1.86%
iter 38190: loss 0.7026, time 400.18ms, mfu 1.85%
iter 38191: loss 0.7251, time 420.54ms, mfu 1.83%
iter 38192: loss 0.7436, time 366.96ms, mfu 1.84%
iter 38193: loss 0.7322, time 420.84ms, mfu 1.83%
iter 38194: loss 0.6968, time 329.44ms, mfu 1.86%
iter 38195: loss 0.7607, time 200.64ms, mfu 2.03%
iter 38196: loss 0.6539, time 441.07ms, mfu 1.98%
iter 38197: loss 0.7875, time 327.17ms, mfu 2.00%
iter 38198: loss 0.6649, time 379.78ms, mfu 1.99%
iter 38199: loss 0.6907, time 404.44ms, mfu 1.96%
iter 38200: loss 0.7308, time 640.60ms, mfu 1.88%
  === DIAG iter 38200 ===
  loss: 0.7308
  grads: total 1.0000, transformer 0.1701, adapter 0.9854
  <NUM> input tokens: 410/3072 (13.3%)
  lr: base 4.20e-05, adapter 2.10e-05
  SME accuracy: overall 0.465, sign 0.976, exp 0.911, digit 0.263, end 0.889 [d0 0.867 d1 0.369 d2 0.247 d3 0.171 d4 0.083 d5 0.090 d6 0.097 d7 0.102 d8 0.020 d9 0.103 d10 0.148 d11 0.167 d12 0.263 d13 0.154 d14 0.143] (1229 SME tokens)
iter 38201: loss 0.7210, time 177.73ms, mfu 2.09%
iter 38202: loss 0.7677, time 345.80ms, mfu 2.09%
iter 38203: loss 0.7557, time 290.40ms, mfu 2.12%
iter 38204: loss 0.7398, time 541.91ms, mfu 2.04%
iter 38205: loss 0.6566, time 363.54ms, mfu 2.03%
iter 38206: loss 0.7356, time 320.14ms, mfu 2.05%
iter 38207: loss 0.6195, time 326.74ms, mfu 2.06%
iter 38208: loss 0.6277, time 432.04ms, mfu 2.02%
iter 38209: loss 0.8237, time 404.08ms, mfu 1.99%
iter 38210: loss 0.6007, time 315.32ms, mfu 2.02%
iter 38211: loss 0.7249, time 539.58ms, mfu 1.95%
iter 38212: loss 0.6309, time 251.03ms, mfu 2.04%
iter 38213: loss 0.6729, time 505.87ms, mfu 1.97%
iter 38214: loss 0.6613, time 394.11ms, mfu 1.95%
iter 38215: loss 0.7029, time 305.25ms, mfu 1.99%
iter 38216: loss 0.6681, time 503.06ms, mfu 1.93%
iter 38217: loss 0.7121, time 518.37ms, mfu 1.88%
iter 38218: loss 0.8212, time 330.85ms, mfu 1.90%
iter 38219: loss 0.6692, time 476.33ms, mfu 1.86%
iter 38220: loss 0.6999, time 309.26ms, mfu 1.90%
iter 38221: loss 0.6320, time 434.77ms, mfu 1.88%
iter 38222: loss 0.6957, time 315.64ms, mfu 1.91%
iter 38223: loss 0.6450, time 514.31ms, mfu 1.86%
iter 38224: loss 0.7493, time 662.62ms, mfu 1.78%
iter 38225: loss 0.7423, time 336.51ms, mfu 1.81%
iter 38226: loss 0.7743, time 412.87ms, mfu 1.80%
iter 38227: loss 0.6488, time 428.70ms, mfu 1.79%
iter 38228: loss 0.7165, time 318.61ms, mfu 1.83%
iter 38229: loss 0.5541, time 410.32ms, mfu 1.82%
iter 38230: loss 0.7342, time 377.49ms, mfu 1.83%
iter 38231: loss 0.7150, time 306.97ms, mfu 1.88%
iter 38232: loss 0.7038, time 296.27ms, mfu 1.93%
iter 38233: loss 0.6782, time 486.91ms, mfu 1.88%
iter 38234: loss 0.6655, time 377.05ms, mfu 1.88%
iter 38235: loss 0.6623, time 453.58ms, mfu 1.85%
iter 38236: loss 0.7309, time 351.92ms, mfu 1.86%
iter 38237: loss 0.7269, time 558.80ms, mfu 1.81%
iter 38238: loss 0.6786, time 311.06ms, mfu 1.85%
iter 38239: loss 0.7208, time 358.82ms, mfu 1.86%
iter 38240: loss 0.6989, time 314.36ms, mfu 1.90%
iter 38241: loss 0.6303, time 379.48ms, mfu 1.90%
iter 38242: loss 0.7482, time 539.16ms, mfu 1.84%
iter 38243: loss 0.7405, time 409.71ms, mfu 1.83%
iter 38244: loss 0.7132, time 450.64ms, mfu 1.80%
iter 38245: loss 0.6115, time 288.41ms, mfu 1.87%
iter 38246: loss 0.7197, time 218.58ms, mfu 2.01%
iter 38247: loss 0.6250, time 381.96ms, mfu 1.99%
iter 38248: loss 0.7475, time 419.45ms, mfu 1.96%
iter 38249: loss 0.7302, time 439.96ms, mfu 1.93%
iter 38250: loss 0.7457, time 340.08ms, mfu 1.94%
iter 38251: loss 0.7395, time 242.87ms, mfu 2.04%
iter 38252: loss 0.7493, time 370.27ms, mfu 2.03%
iter 38253: loss 0.5989, time 288.78ms, mfu 2.07%
iter 38254: loss 0.7017, time 492.79ms, mfu 2.01%
iter 38255: loss 0.7266, time 425.42ms, mfu 1.97%
iter 38256: loss 0.7892, time 428.77ms, mfu 1.94%
iter 38257: loss 0.7174, time 288.97ms, mfu 1.99%
iter 38258: loss 0.7590, time 403.74ms, mfu 1.97%
iter 38259: loss 0.6883, time 418.63ms, mfu 1.94%
iter 38260: loss 0.7538, time 371.38ms, mfu 1.94%
iter 38261: loss 0.7153, time 398.12ms, mfu 1.92%
iter 38262: loss 0.6946, time 431.85ms, mfu 1.89%
iter 38263: loss 0.7373, time 271.31ms, mfu 1.97%
iter 38264: loss 0.7317, time 413.56ms, mfu 1.94%
iter 38265: loss 0.7700, time 306.50ms, mfu 1.98%
iter 38266: loss 0.7603, time 398.70ms, mfu 1.96%
iter 38267: loss 0.7678, time 257.36ms, mfu 2.04%
iter 38268: loss 0.7793, time 305.67ms, mfu 2.07%
iter 38269: loss 0.7625, time 370.16ms, mfu 2.05%
iter 38270: loss 0.7641, time 459.75ms, mfu 2.00%
iter 38271: loss 0.6741, time 285.46ms, mfu 2.05%
iter 38272: loss 0.6531, time 414.55ms, mfu 2.01%
iter 38273: loss 0.6977, time 348.40ms, mfu 2.02%
iter 38274: loss 0.8038, time 421.05ms, mfu 1.98%
iter 38275: loss 0.6838, time 379.42ms, mfu 1.97%
iter 38276: loss 0.5710, time 324.92ms, mfu 1.99%
iter 38277: loss 0.6782, time 290.98ms, mfu 2.04%
iter 38278: loss 0.7679, time 439.25ms, mfu 1.99%
iter 38279: loss 0.7082, time 293.80ms, mfu 2.04%
iter 38280: loss 0.7198, time 389.40ms, mfu 2.01%
iter 38281: loss 0.7140, time 354.14ms, mfu 2.01%
iter 38282: loss 0.6588, time 430.50ms, mfu 1.98%
iter 38283: loss 0.7891, time 393.25ms, mfu 1.96%
iter 38284: loss 0.7183, time 362.28ms, mfu 1.96%
iter 38285: loss 0.6926, time 422.98ms, mfu 1.93%
iter 38286: loss 0.7274, time 414.73ms, mfu 1.91%
iter 38287: loss 0.7222, time 299.29ms, mfu 1.95%
iter 38288: loss 0.7720, time 311.83ms, mfu 1.99%
iter 38289: loss 0.7648, time 270.86ms, mfu 2.05%
iter 38290: loss 0.6851, time 267.24ms, mfu 2.11%
iter 38291: loss 0.6393, time 388.46ms, mfu 2.08%
iter 38292: loss 0.8254, time 412.82ms, mfu 2.04%
iter 38293: loss 0.7495, time 427.83ms, mfu 2.01%
iter 38294: loss 0.5893, time 404.97ms, mfu 1.98%
iter 38295: loss 0.7136, time 551.23ms, mfu 1.91%
iter 38296: loss 0.7753, time 371.21ms, mfu 1.91%
iter 38297: loss 0.7489, time 328.46ms, mfu 1.94%
iter 38298: loss 0.5977, time 320.62ms, mfu 1.96%
iter 38299: loss 0.7106, time 382.41ms, mfu 1.95%
iter 38300: loss 0.6938, time 515.46ms, mfu 1.89%
  === DIAG iter 38300 ===
  loss: 0.6938
  grads: total 1.0000, transformer 0.1611, adapter 0.9869
  <NUM> input tokens: 481/3072 (15.7%)
  lr: base 4.18e-05, adapter 2.09e-05
  SME accuracy: overall 0.503, sign 0.949, exp 0.975, digit 0.333, end 0.863 [d0 0.938 d1 0.571 d2 0.360 d3 0.183 d4 0.200 d5 0.056 d6 0.172 d7 0.193 d8 0.130 d9 0.147 d10 0.172 d11 0.185 d12 0.240 d13 0.158 d14 0.125] (1241 SME tokens)
iter 38301: loss 0.7018, time 248.00ms, mfu 1.99%
iter 38302: loss 0.8041, time 446.45ms, mfu 1.95%
iter 38303: loss 0.7500, time 435.06ms, mfu 1.92%
iter 38304: loss 0.7240, time 460.28ms, mfu 1.88%
iter 38305: loss 0.7209, time 525.32ms, mfu 1.83%
iter 38306: loss 0.7513, time 466.03ms, mfu 1.80%
iter 38307: loss 0.7756, time 396.06ms, mfu 1.80%
iter 38308: loss 0.7302, time 371.22ms, mfu 1.81%
iter 38309: loss 0.7160, time 407.30ms, mfu 1.80%
iter 38310: loss 0.7181, time 379.61ms, mfu 1.81%
iter 38311: loss 0.6170, time 314.75ms, mfu 1.85%
iter 38312: loss 0.7032, time 405.75ms, mfu 1.84%
iter 38313: loss 0.7001, time 316.58ms, mfu 1.88%
iter 38314: loss 0.6604, time 515.16ms, mfu 1.83%
iter 38315: loss 0.7944, time 371.96ms, mfu 1.84%
iter 38316: loss 0.7068, time 440.15ms, mfu 1.82%
iter 38317: loss 0.7604, time 405.38ms, mfu 1.81%
iter 38318: loss 0.7344, time 336.39ms, mfu 1.84%
iter 38319: loss 0.7402, time 460.57ms, mfu 1.81%
iter 38320: loss 0.7033, time 473.37ms, mfu 1.78%
iter 38321: loss 0.6504, time 372.40ms, mfu 1.79%
iter 38322: loss 0.6516, time 407.62ms, mfu 1.78%
iter 38323: loss 0.6933, time 420.41ms, mfu 1.77%
iter 38324: loss 0.7193, time 500.51ms, mfu 1.74%
iter 38325: loss 0.6776, time 332.01ms, mfu 1.78%
iter 38326: loss 0.7197, time 384.74ms, mfu 1.78%
iter 38327: loss 0.7260, time 439.64ms, mfu 1.77%
iter 38328: loss 0.7523, time 440.63ms, mfu 1.75%
iter 38329: loss 0.6018, time 452.03ms, mfu 1.73%
iter 38330: loss 0.7318, time 391.55ms, mfu 1.74%
iter 38331: loss 0.6915, time 275.70ms, mfu 1.82%
iter 38332: loss 0.6686, time 379.56ms, mfu 1.83%
iter 38333: loss 0.6929, time 402.02ms, mfu 1.82%
iter 38334: loss 0.6801, time 393.50ms, mfu 1.82%
iter 38335: loss 0.7055, time 372.20ms, mfu 1.83%
iter 38336: loss 0.7098, time 296.66ms, mfu 1.88%
iter 38337: loss 0.6270, time 522.90ms, mfu 1.83%
iter 38338: loss 0.6133, time 348.26ms, mfu 1.85%
iter 38339: loss 0.5817, time 369.63ms, mfu 1.86%
iter 38340: loss 0.6869, time 348.25ms, mfu 1.88%
iter 38341: loss 0.7746, time 383.67ms, mfu 1.87%
iter 38342: loss 0.6905, time 357.80ms, mfu 1.88%
iter 38343: loss 0.6715, time 561.84ms, mfu 1.82%
iter 38344: loss 0.6534, time 361.79ms, mfu 1.84%
iter 38345: loss 0.7122, time 335.62ms, mfu 1.86%
iter 38346: loss 0.7000, time 354.33ms, mfu 1.88%
iter 38347: loss 0.6774, time 336.17ms, mfu 1.90%
iter 38348: loss 0.7180, time 358.33ms, mfu 1.91%
iter 38349: loss 0.6896, time 281.85ms, mfu 1.97%
iter 38350: loss 0.6032, time 474.46ms, mfu 1.92%
iter 38351: loss 0.7524, time 592.80ms, mfu 1.85%
iter 38352: loss 0.7467, time 455.06ms, mfu 1.82%
iter 38353: loss 0.6924, time 312.90ms, mfu 1.86%
iter 38354: loss 0.6791, time 455.19ms, mfu 1.83%
iter 38355: loss 0.6911, time 336.04ms, mfu 1.86%
iter 38356: loss 0.7135, time 612.21ms, mfu 1.79%
iter 38357: loss 0.6781, time 463.48ms, mfu 1.76%
iter 38358: loss 0.6076, time 375.22ms, mfu 1.78%
iter 38359: loss 0.7493, time 326.33ms, mfu 1.82%
iter 38360: loss 0.7573, time 350.42ms, mfu 1.84%
iter 38361: loss 0.7858, time 380.29ms, mfu 1.84%
iter 38362: loss 0.6928, time 380.75ms, mfu 1.84%
iter 38363: loss 0.7027, time 289.91ms, mfu 1.90%
iter 38364: loss 0.7164, time 399.94ms, mfu 1.89%
iter 38365: loss 0.7244, time 322.41ms, mfu 1.92%
iter 38366: loss 0.7159, time 342.31ms, mfu 1.93%
iter 38367: loss 0.7406, time 441.08ms, mfu 1.90%
iter 38368: loss 0.7239, time 266.67ms, mfu 1.98%
iter 38369: loss 0.6790, time 378.69ms, mfu 1.97%
iter 38370: loss 0.6900, time 473.67ms, mfu 1.92%
iter 38371: loss 0.7310, time 330.08ms, mfu 1.94%
iter 38372: loss 0.5838, time 370.39ms, mfu 1.94%
iter 38373: loss 0.7027, time 358.43ms, mfu 1.94%
iter 38374: loss 0.7779, time 478.99ms, mfu 1.90%
iter 38375: loss 0.6719, time 545.19ms, mfu 1.84%
iter 38376: loss 0.6496, time 312.00ms, mfu 1.88%
iter 38377: loss 0.7239, time 396.02ms, mfu 1.87%
iter 38378: loss 0.6682, time 302.72ms, mfu 1.92%
iter 38379: loss 0.7467, time 561.25ms, mfu 1.85%
iter 38380: loss 0.8085, time 367.58ms, mfu 1.86%
iter 38381: loss 0.7599, time 251.63ms, mfu 1.96%
iter 38382: loss 0.7346, time 367.75ms, mfu 1.95%
iter 38383: loss 0.7475, time 249.69ms, mfu 2.04%
iter 38384: loss 0.6506, time 484.64ms, mfu 1.98%
iter 38385: loss 0.7642, time 288.29ms, mfu 2.03%
iter 38386: loss 0.6879, time 506.86ms, mfu 1.97%
iter 38387: loss 0.6734, time 351.31ms, mfu 1.97%
iter 38388: loss 0.7323, time 358.69ms, mfu 1.97%
iter 38389: loss 0.7174, time 482.89ms, mfu 1.92%
iter 38390: loss 0.6716, time 298.29ms, mfu 1.97%
iter 38391: loss 0.6592, time 337.14ms, mfu 1.98%
iter 38392: loss 0.6601, time 300.32ms, mfu 2.02%
iter 38393: loss 0.7172, time 264.35ms, mfu 2.09%
iter 38394: loss 0.7222, time 451.92ms, mfu 2.03%
iter 38395: loss 0.6612, time 307.46ms, mfu 2.06%
iter 38396: loss 0.6498, time 363.85ms, mfu 2.05%
iter 38397: loss 0.6872, time 333.53ms, mfu 2.06%
iter 38398: loss 0.6681, time 281.32ms, mfu 2.10%
iter 38399: loss 0.6317, time 412.05ms, mfu 2.06%
iter 38400: loss 0.6229, time 711.25ms, mfu 1.96%
  === DIAG iter 38400 ===
  loss: 0.6229
  grads: total 1.0000, transformer 0.1399, adapter 0.9902
  <NUM> input tokens: 454/3072 (14.8%)
  lr: base 4.16e-05, adapter 2.08e-05
  SME accuracy: overall 0.485, sign 0.989, exp 0.978, digit 0.306, end 0.891 [d0 0.906 d1 0.322 d2 0.241 d3 0.125 d4 0.094 d5 0.120 d6 0.163 d7 0.083 d8 0.167 d9 0.241 d10 0.250 d11 0.280 d12 0.476 d13 0.562 d14 0.308] (972 SME tokens)
iter 38401: loss 0.7400, time 244.54ms, mfu 2.05%
iter 38402: loss 0.6593, time 289.37ms, mfu 2.09%
iter 38403: loss 0.6686, time 270.74ms, mfu 2.14%
iter 38404: loss 0.6629, time 526.51ms, mfu 2.06%
iter 38405: loss 0.6723, time 358.71ms, mfu 2.06%
iter 38406: loss 0.6092, time 344.58ms, mfu 2.06%
iter 38407: loss 0.7337, time 477.33ms, mfu 2.00%
iter 38408: loss 0.7297, time 462.70ms, mfu 1.95%
iter 38409: loss 0.6849, time 293.71ms, mfu 2.00%
iter 38410: loss 0.7705, time 440.08ms, mfu 1.96%
iter 38411: loss 0.7084, time 325.93ms, mfu 1.98%
iter 38412: loss 0.6249, time 517.72ms, mfu 1.92%
iter 38413: loss 0.7010, time 214.24ms, mfu 2.06%
iter 38414: loss 0.7113, time 410.41ms, mfu 2.03%
iter 38415: loss 0.6415, time 392.09ms, mfu 2.00%
iter 38416: loss 0.7293, time 420.00ms, mfu 1.97%
iter 38417: loss 0.7614, time 375.06ms, mfu 1.96%
iter 38418: loss 0.7717, time 328.98ms, mfu 1.98%
iter 38419: loss 0.7731, time 469.92ms, mfu 1.94%
iter 38420: loss 0.7261, time 303.00ms, mfu 1.98%
iter 38421: loss 0.6625, time 409.43ms, mfu 1.95%
iter 38422: loss 0.6837, time 428.16ms, mfu 1.92%
iter 38423: loss 0.6682, time 291.35ms, mfu 1.97%
iter 38424: loss 0.6378, time 305.43ms, mfu 2.01%
iter 38425: loss 0.6609, time 432.64ms, mfu 1.97%
iter 38426: loss 0.6631, time 366.49ms, mfu 1.97%
iter 38427: loss 0.6544, time 437.27ms, mfu 1.93%
iter 38428: loss 0.6344, time 429.05ms, mfu 1.90%
iter 38429: loss 0.7009, time 391.33ms, mfu 1.89%
iter 38430: loss 0.6418, time 399.20ms, mfu 1.88%
iter 38431: loss 0.7004, time 350.86ms, mfu 1.90%
iter 38432: loss 0.7545, time 319.53ms, mfu 1.93%
iter 38433: loss 0.6589, time 518.21ms, mfu 1.87%
iter 38434: loss 0.5889, time 585.05ms, mfu 1.81%
iter 38435: loss 0.6987, time 370.62ms, mfu 1.82%
iter 38436: loss 0.6195, time 500.49ms, mfu 1.78%
iter 38437: loss 0.7775, time 300.06ms, mfu 1.84%
iter 38438: loss 0.6654, time 439.55ms, mfu 1.81%
iter 38439: loss 0.6075, time 285.35ms, mfu 1.88%
iter 38440: loss 0.7077, time 454.17ms, mfu 1.85%
iter 38441: loss 0.5844, time 426.80ms, mfu 1.83%
iter 38442: loss 0.6559, time 434.99ms, mfu 1.81%
iter 38443: loss 0.7350, time 501.09ms, mfu 1.77%
iter 38444: loss 0.6206, time 447.76ms, mfu 1.75%
iter 38445: loss 0.6684, time 328.46ms, mfu 1.79%
iter 38446: loss 0.7433, time 434.12ms, mfu 1.78%
iter 38447: loss 0.7681, time 328.70ms, mfu 1.81%
iter 38448: loss 0.6306, time 439.60ms, mfu 1.79%
iter 38449: loss 0.6736, time 431.02ms, mfu 1.78%
iter 38450: loss 0.7011, time 284.59ms, mfu 1.85%
iter 38451: loss 0.8028, time 349.49ms, mfu 1.87%
iter 38452: loss 0.7040, time 445.38ms, mfu 1.84%
iter 38453: loss 0.8056, time 412.70ms, mfu 1.83%
iter 38454: loss 0.6780, time 335.15ms, mfu 1.86%
iter 38455: loss 0.7299, time 407.09ms, mfu 1.84%
iter 38456: loss 0.6838, time 422.55ms, mfu 1.83%
iter 38457: loss 0.8455, time 418.74ms, mfu 1.81%
iter 38458: loss 0.6987, time 488.74ms, mfu 1.78%
iter 38459: loss 0.6520, time 317.21ms, mfu 1.82%
iter 38460: loss 0.6818, time 310.33ms, mfu 1.87%
iter 38461: loss 0.6725, time 574.20ms, mfu 1.81%
iter 38462: loss 0.7513, time 295.95ms, mfu 1.87%
iter 38463: loss 0.6652, time 322.96ms, mfu 1.90%
iter 38464: loss 0.7816, time 442.82ms, mfu 1.87%
iter 38465: loss 0.7681, time 343.77ms, mfu 1.89%
iter 38466: loss 0.6738, time 365.78ms, mfu 1.89%
iter 38467: loss 0.7482, time 429.39ms, mfu 1.87%
iter 38468: loss 0.7130, time 398.33ms, mfu 1.86%
iter 38469: loss 0.7416, time 385.76ms, mfu 1.86%
iter 38470: loss 0.6662, time 341.11ms, mfu 1.88%
iter 38471: loss 0.7795, time 319.68ms, mfu 1.91%
iter 38472: loss 0.7835, time 414.35ms, mfu 1.89%
iter 38473: loss 0.6842, time 363.19ms, mfu 1.90%
iter 38474: loss 0.6547, time 371.06ms, mfu 1.90%
iter 38475: loss 0.6784, time 424.78ms, mfu 1.88%
iter 38476: loss 0.6776, time 336.78ms, mfu 1.90%
iter 38477: loss 0.7007, time 375.21ms, mfu 1.90%
iter 38478: loss 0.6802, time 292.37ms, mfu 1.95%
iter 38479: loss 0.6798, time 548.08ms, mfu 1.89%
iter 38480: loss 0.6751, time 304.39ms, mfu 1.93%
iter 38481: loss 0.7975, time 352.02ms, mfu 1.94%
iter 38482: loss 0.6587, time 326.43ms, mfu 1.96%
iter 38483: loss 0.6340, time 424.17ms, mfu 1.93%
iter 38484: loss 0.6320, time 301.51ms, mfu 1.97%
iter 38485: loss 0.7103, time 313.42ms, mfu 2.00%
iter 38486: loss 0.7269, time 591.10ms, mfu 1.92%
iter 38487: loss 0.7440, time 341.71ms, mfu 1.94%
iter 38488: loss 0.6819, time 505.96ms, mfu 1.88%
iter 38489: loss 0.7728, time 381.59ms, mfu 1.88%
iter 38490: loss 0.7524, time 390.15ms, mfu 1.87%
iter 38491: loss 0.7932, time 370.31ms, mfu 1.88%
iter 38492: loss 0.7313, time 449.91ms, mfu 1.85%
iter 38493: loss 0.6907, time 289.88ms, mfu 1.91%
iter 38494: loss 0.7068, time 325.99ms, mfu 1.93%
iter 38495: loss 0.7109, time 468.12ms, mfu 1.89%
iter 38496: loss 0.6903, time 466.21ms, mfu 1.86%
iter 38497: loss 0.7002, time 292.62ms, mfu 1.91%
iter 38498: loss 0.7022, time 264.32ms, mfu 1.99%
iter 38499: loss 0.7031, time 505.14ms, mfu 1.93%
iter 38500: loss 0.7465, time 573.73ms, mfu 1.86%
  === DIAG iter 38500 ===
  loss: 0.7465
  grads: total 1.0000, transformer 0.1796, adapter 0.9837
  <NUM> input tokens: 466/3072 (15.2%)
  lr: base 4.14e-05, adapter 2.07e-05
  SME accuracy: overall 0.445, sign 0.963, exp 0.881, digit 0.269, end 0.865 [d0 0.832 d1 0.329 d2 0.211 d3 0.139 d4 0.132 d5 0.091 d6 0.190 d7 0.150 d8 0.111 d9 0.200 d10 0.303 d11 0.312 d12 0.310 d13 0.240 d14 0.136] (1187 SME tokens)
iter 38501: loss 0.7094, time 234.24ms, mfu 1.98%
iter 38502: loss 0.7878, time 278.84ms, mfu 2.03%
iter 38503: loss 0.6844, time 520.77ms, mfu 1.97%
iter 38504: loss 0.7033, time 336.09ms, mfu 1.98%
iter 38505: loss 0.7875, time 321.92ms, mfu 2.00%
iter 38506: loss 0.6933, time 277.09ms, mfu 2.06%
iter 38507: loss 0.7880, time 408.63ms, mfu 2.03%
iter 38508: loss 0.7257, time 338.90ms, mfu 2.03%
iter 38509: loss 0.7397, time 370.74ms, mfu 2.02%
iter 38510: loss 0.6837, time 452.55ms, mfu 1.97%
iter 38511: loss 0.7142, time 304.21ms, mfu 2.01%
iter 38512: loss 0.7602, time 454.74ms, mfu 1.97%
iter 38513: loss 0.6767, time 387.06ms, mfu 1.95%
iter 38514: loss 0.6350, time 394.63ms, mfu 1.94%
iter 38515: loss 0.6788, time 197.68ms, mfu 2.10%
iter 38516: loss 0.7540, time 310.61ms, mfu 2.12%
iter 38517: loss 0.6782, time 321.11ms, mfu 2.13%
iter 38518: loss 0.7584, time 408.59ms, mfu 2.09%
iter 38519: loss 0.8906, time 354.82ms, mfu 2.08%
iter 38520: loss 0.7235, time 512.42ms, mfu 2.01%
iter 38521: loss 0.6979, time 344.38ms, mfu 2.01%
iter 38522: loss 0.8204, time 382.78ms, mfu 2.00%
iter 38523: loss 0.7212, time 396.19ms, mfu 1.98%
iter 38524: loss 0.7074, time 256.33ms, mfu 2.06%
iter 38525: loss 0.7036, time 327.97ms, mfu 2.07%
iter 38526: loss 0.6376, time 424.80ms, mfu 2.03%
iter 38527: loss 0.7770, time 253.88ms, mfu 2.10%
iter 38528: loss 0.8141, time 356.73ms, mfu 2.09%
iter 38529: loss 0.7077, time 487.85ms, mfu 2.03%
iter 38530: loss 0.7176, time 437.68ms, mfu 1.99%
iter 38531: loss 0.7109, time 496.17ms, mfu 1.93%
iter 38532: loss 0.7173, time 421.15ms, mfu 1.91%
iter 38533: loss 0.6041, time 304.30ms, mfu 1.95%
iter 38534: loss 0.7024, time 534.83ms, mfu 1.89%
iter 38535: loss 0.6733, time 647.11ms, mfu 1.81%
iter 38536: loss 0.6489, time 316.84ms, mfu 1.85%
iter 38537: loss 0.7299, time 361.35ms, mfu 1.86%
iter 38538: loss 0.6438, time 442.89ms, mfu 1.84%
iter 38539: loss 0.6434, time 400.99ms, mfu 1.83%
iter 38540: loss 0.6984, time 333.23ms, mfu 1.86%
iter 38541: loss 0.6725, time 397.34ms, mfu 1.85%
iter 38542: loss 0.7663, time 329.05ms, mfu 1.88%
iter 38543: loss 0.7652, time 451.14ms, mfu 1.85%
iter 38544: loss 0.6052, time 390.47ms, mfu 1.85%
iter 38545: loss 0.7186, time 362.06ms, mfu 1.86%
iter 38546: loss 0.7988, time 429.85ms, mfu 1.84%
iter 38547: loss 0.7146, time 451.16ms, mfu 1.81%
iter 38548: loss 0.6640, time 363.76ms, mfu 1.82%
iter 38549: loss 0.7188, time 326.82ms, mfu 1.86%
iter 38550: loss 0.6543, time 240.27ms, mfu 1.97%
iter 38551: loss 0.6743, time 345.22ms, mfu 1.98%
iter 38552: loss 0.6780, time 285.25ms, mfu 2.03%
iter 38553: loss 0.7339, time 416.07ms, mfu 1.99%
iter 38554: loss 0.6844, time 404.94ms, mfu 1.97%
iter 38555: loss 0.7336, time 259.32ms, mfu 2.05%
iter 38556: loss 0.7493, time 314.73ms, mfu 2.07%
iter 38557: loss 0.7958, time 398.01ms, mfu 2.04%
iter 38558: loss 0.6133, time 395.81ms, mfu 2.01%
iter 38559: loss 0.7494, time 317.50ms, mfu 2.04%
iter 38560: loss 0.7526, time 363.75ms, mfu 2.03%
iter 38561: loss 0.7494, time 344.36ms, mfu 2.03%
iter 38562: loss 0.6986, time 299.56ms, mfu 2.06%
iter 38563: loss 0.7662, time 448.45ms, mfu 2.02%
iter 38564: loss 0.7383, time 463.48ms, mfu 1.97%
iter 38565: loss 0.7598, time 298.87ms, mfu 2.01%
iter 38566: loss 0.7201, time 250.68ms, mfu 2.09%
iter 38567: loss 0.6816, time 367.23ms, mfu 2.07%
iter 38568: loss 0.7499, time 492.89ms, mfu 2.01%
iter 38569: loss 0.7280, time 346.79ms, mfu 2.01%
iter 38570: loss 0.7238, time 466.23ms, mfu 1.96%
iter 38571: loss 0.6489, time 233.62ms, mfu 2.07%
iter 38572: loss 0.7013, time 290.10ms, mfu 2.11%
iter 38573: loss 0.6976, time 468.14ms, mfu 2.05%
iter 38574: loss 0.7370, time 261.86ms, mfu 2.11%
iter 38575: loss 0.6600, time 566.63ms, mfu 2.03%
iter 38576: loss 0.7055, time 321.32ms, mfu 2.05%
iter 38577: loss 0.7132, time 535.47ms, mfu 1.97%
iter 38578: loss 0.7855, time 384.12ms, mfu 1.96%
iter 38579: loss 0.6742, time 407.00ms, mfu 1.94%
iter 38580: loss 0.6878, time 496.70ms, mfu 1.89%
iter 38581: loss 0.7191, time 457.86ms, mfu 1.85%
iter 38582: loss 0.8828, time 420.31ms, mfu 1.84%
iter 38583: loss 0.6441, time 374.97ms, mfu 1.84%
iter 38584: loss 0.7223, time 323.36ms, mfu 1.88%
iter 38585: loss 0.6857, time 525.16ms, mfu 1.82%
iter 38586: loss 0.7602, time 472.25ms, mfu 1.79%
iter 38587: loss 0.6561, time 322.52ms, mfu 1.83%
iter 38588: loss 0.7506, time 446.33ms, mfu 1.81%
iter 38589: loss 0.6953, time 303.59ms, mfu 1.86%
iter 38590: loss 0.7536, time 398.77ms, mfu 1.85%
iter 38591: loss 0.7348, time 318.92ms, mfu 1.89%
iter 38592: loss 0.6829, time 399.49ms, mfu 1.88%
iter 38593: loss 0.7029, time 348.38ms, mfu 1.89%
iter 38594: loss 0.8000, time 337.02ms, mfu 1.91%
iter 38595: loss 0.6621, time 431.24ms, mfu 1.89%
iter 38596: loss 0.6365, time 461.16ms, mfu 1.85%
iter 38597: loss 0.7365, time 545.60ms, mfu 1.80%
iter 38598: loss 0.7807, time 431.30ms, mfu 1.78%
iter 38599: loss 0.6283, time 393.15ms, mfu 1.78%
iter 38600: loss 0.7389, time 634.60ms, mfu 1.72%
  === DIAG iter 38600 ===
  loss: 0.7389
  grads: total 1.0000, transformer 0.2940, adapter 0.9558
  <NUM> input tokens: 456/3072 (14.8%)
  lr: base 4.12e-05, adapter 2.06e-05
  SME accuracy: overall 0.490, sign 0.976, exp 0.913, digit 0.300, end 0.892 [d0 0.855 d1 0.477 d2 0.354 d3 0.230 d4 0.151 d5 0.113 d6 0.134 d7 0.133 d8 0.094 d9 0.073 d10 0.167 d11 0.161 d12 0.273 d13 0.105 d14 0.083] (1270 SME tokens)
iter 38601: loss 0.6382, time 259.72ms, mfu 1.82%
iter 38602: loss 0.7114, time 281.37ms, mfu 1.89%
iter 38603: loss 0.6849, time 422.74ms, mfu 1.87%
iter 38604: loss 0.7212, time 521.23ms, mfu 1.82%
iter 38605: loss 0.6729, time 424.10ms, mfu 1.80%
iter 38606: loss 0.7623, time 411.33ms, mfu 1.79%
iter 38607: loss 0.7127, time 350.15ms, mfu 1.82%
iter 38608: loss 0.6790, time 398.29ms, mfu 1.81%
iter 38609: loss 0.7080, time 470.67ms, mfu 1.78%
iter 38610: loss 0.6479, time 414.82ms, mfu 1.78%
iter 38611: loss 0.6451, time 299.49ms, mfu 1.83%
iter 38612: loss 0.7083, time 411.08ms, mfu 1.82%
iter 38613: loss 0.7132, time 444.32ms, mfu 1.80%
iter 38614: loss 0.6845, time 325.42ms, mfu 1.84%
iter 38615: loss 0.7235, time 504.49ms, mfu 1.79%
iter 38616: loss 0.8122, time 413.88ms, mfu 1.79%
iter 38617: loss 0.6791, time 306.76ms, mfu 1.84%
iter 38618: loss 0.7165, time 379.41ms, mfu 1.84%
iter 38619: loss 0.7262, time 263.74ms, mfu 1.93%
iter 38620: loss 0.7369, time 480.36ms, mfu 1.88%
iter 38621: loss 0.7608, time 437.67ms, mfu 1.86%
iter 38622: loss 0.7239, time 448.18ms, mfu 1.83%
iter 38623: loss 0.6863, time 333.85ms, mfu 1.86%
iter 38624: loss 0.7827, time 298.19ms, mfu 1.91%
iter 38625: loss 0.7306, time 372.62ms, mfu 1.91%
iter 38626: loss 0.6840, time 342.26ms, mfu 1.92%
iter 38627: loss 0.6835, time 394.01ms, mfu 1.91%
iter 38628: loss 0.7028, time 341.05ms, mfu 1.93%
iter 38629: loss 0.7126, time 352.24ms, mfu 1.94%
iter 38630: loss 0.7839, time 457.50ms, mfu 1.90%
iter 38631: loss 0.6837, time 397.06ms, mfu 1.89%
iter 38632: loss 0.7980, time 365.23ms, mfu 1.89%
iter 38633: loss 0.7274, time 348.11ms, mfu 1.91%
iter 38634: loss 0.7371, time 347.65ms, mfu 1.92%
iter 38635: loss 0.7101, time 357.14ms, mfu 1.93%
iter 38636: loss 0.7809, time 413.10ms, mfu 1.91%
iter 38637: loss 0.6781, time 326.56ms, mfu 1.93%
iter 38638: loss 0.6914, time 415.08ms, mfu 1.91%
iter 38639: loss 0.6583, time 428.66ms, mfu 1.88%
iter 38640: loss 0.6495, time 303.51ms, mfu 1.93%
iter 38641: loss 0.7652, time 370.29ms, mfu 1.93%
iter 38642: loss 0.7177, time 316.92ms, mfu 1.96%
iter 38643: loss 0.7574, time 345.14ms, mfu 1.97%
iter 38644: loss 0.7683, time 296.37ms, mfu 2.01%
iter 38645: loss 0.6981, time 350.97ms, mfu 2.01%
iter 38646: loss 0.6296, time 268.02ms, mfu 2.07%
iter 38647: loss 0.7547, time 337.27ms, mfu 2.08%
iter 38648: loss 0.7239, time 500.17ms, mfu 2.01%
iter 38649: loss 0.6915, time 380.96ms, mfu 2.00%
iter 38650: loss 0.6840, time 338.42ms, mfu 2.01%
iter 38651: loss 0.7725, time 351.16ms, mfu 2.01%
iter 38652: loss 0.7211, time 363.55ms, mfu 2.00%
iter 38653: loss 0.6502, time 397.76ms, mfu 1.98%
iter 38654: loss 0.6654, time 437.72ms, mfu 1.94%
iter 38655: loss 0.7086, time 377.02ms, mfu 1.94%
iter 38656: loss 0.6432, time 423.05ms, mfu 1.91%
iter 38657: loss 0.7018, time 370.97ms, mfu 1.91%
iter 38658: loss 0.6453, time 381.39ms, mfu 1.91%
iter 38659: loss 0.6158, time 370.08ms, mfu 1.91%
iter 38660: loss 0.8164, time 432.81ms, mfu 1.88%
iter 38661: loss 0.6692, time 269.22ms, mfu 1.95%
iter 38662: loss 0.7620, time 304.60ms, mfu 1.99%
iter 38663: loss 0.6723, time 424.77ms, mfu 1.96%
iter 38664: loss 0.6538, time 459.06ms, mfu 1.92%
iter 38665: loss 0.6983, time 394.78ms, mfu 1.91%
iter 38666: loss 0.7253, time 339.54ms, mfu 1.92%
iter 38667: loss 0.6073, time 408.39ms, mfu 1.91%
iter 38668: loss 0.6165, time 276.12ms, mfu 1.97%
iter 38669: loss 0.6182, time 374.99ms, mfu 1.96%
iter 38670: loss 0.7004, time 509.46ms, mfu 1.91%
iter 38671: loss 0.7536, time 554.69ms, mfu 1.84%
iter 38672: loss 0.7613, time 421.92ms, mfu 1.83%
iter 38673: loss 0.6448, time 495.03ms, mfu 1.79%
iter 38674: loss 0.6478, time 378.68ms, mfu 1.80%
iter 38675: loss 0.6491, time 388.79ms, mfu 1.80%
iter 38676: loss 0.7636, time 379.90ms, mfu 1.81%
iter 38677: loss 0.6287, time 539.64ms, mfu 1.76%
iter 38678: loss 0.8199, time 359.26ms, mfu 1.78%
iter 38679: loss 0.7537, time 330.49ms, mfu 1.81%
iter 38680: loss 0.7217, time 394.88ms, mfu 1.81%
iter 38681: loss 0.6660, time 476.38ms, mfu 1.78%
iter 38682: loss 0.6597, time 369.35ms, mfu 1.79%
iter 38683: loss 0.7643, time 356.62ms, mfu 1.81%
iter 38684: loss 0.6626, time 261.88ms, mfu 1.90%
iter 38685: loss 0.7446, time 401.70ms, mfu 1.89%
iter 38686: loss 0.6772, time 285.62ms, mfu 1.95%
iter 38687: loss 0.7324, time 424.07ms, mfu 1.92%
iter 38688: loss 0.6199, time 357.50ms, mfu 1.93%
iter 38689: loss 0.7163, time 388.53ms, mfu 1.92%
iter 38690: loss 0.7154, time 546.35ms, mfu 1.85%
iter 38691: loss 0.6806, time 252.80ms, mfu 1.95%
iter 38692: loss 0.8087, time 346.90ms, mfu 1.96%
iter 38693: loss 0.7390, time 302.92ms, mfu 2.00%
iter 38694: loss 0.6662, time 564.96ms, mfu 1.92%
iter 38695: loss 0.6156, time 217.54ms, mfu 2.06%
iter 38696: loss 0.6759, time 446.74ms, mfu 2.01%
iter 38697: loss 0.7636, time 294.94ms, mfu 2.05%
iter 38698: loss 0.7473, time 338.10ms, mfu 2.05%
iter 38699: loss 0.7834, time 391.24ms, mfu 2.03%
iter 38700: loss 0.6659, time 591.00ms, mfu 1.95%
  === DIAG iter 38700 ===
  loss: 0.6659
  grads: total 1.0000, transformer 0.1481, adapter 0.9890
  <NUM> input tokens: 473/3072 (15.4%)
  lr: base 4.10e-05, adapter 2.05e-05
  SME accuracy: overall 0.507, sign 1.000, exp 0.964, digit 0.322, end 0.868 [d0 0.883 d1 0.494 d2 0.273 d3 0.147 d4 0.085 d5 0.147 d6 0.145 d7 0.164 d8 0.114 d9 0.241 d10 0.500 d11 0.385 d12 0.360 d13 0.261 d14 0.158] (1138 SME tokens)
iter 38701: loss 0.6939, time 238.84ms, mfu 2.05%
iter 38702: loss 0.6693, time 272.03ms, mfu 2.10%
iter 38703: loss 0.7617, time 494.18ms, mfu 2.04%
iter 38704: loss 0.7424, time 500.39ms, mfu 1.97%
iter 38705: loss 0.6715, time 388.36ms, mfu 1.96%
iter 38706: loss 0.6546, time 396.59ms, mfu 1.94%
iter 38707: loss 0.6962, time 307.28ms, mfu 1.98%
iter 38708: loss 0.6690, time 259.07ms, mfu 2.05%
iter 38709: loss 0.7174, time 459.91ms, mfu 2.00%
iter 38710: loss 0.6261, time 435.38ms, mfu 1.97%
iter 38711: loss 0.6143, time 450.69ms, mfu 1.93%
iter 38712: loss 0.6837, time 359.65ms, mfu 1.93%
iter 38713: loss 0.6742, time 369.22ms, mfu 1.93%
iter 38714: loss 0.7441, time 449.65ms, mfu 1.89%
iter 38715: loss 0.6956, time 259.22ms, mfu 1.98%
iter 38716: loss 0.6879, time 250.94ms, mfu 2.06%
iter 38717: loss 0.6513, time 320.04ms, mfu 2.08%
iter 38718: loss 0.8132, time 319.71ms, mfu 2.09%
iter 38719: loss 0.7587, time 430.25ms, mfu 2.05%
iter 38720: loss 0.6283, time 516.31ms, mfu 1.98%
iter 38721: loss 0.6933, time 302.29ms, mfu 2.02%
iter 38722: loss 0.7924, time 349.74ms, mfu 2.02%
iter 38723: loss 0.6327, time 331.86ms, mfu 2.03%
iter 38724: loss 0.6822, time 408.86ms, mfu 2.00%
iter 38725: loss 0.7481, time 359.65ms, mfu 2.00%
iter 38726: loss 0.7479, time 251.11ms, mfu 2.08%
iter 38727: loss 0.6682, time 398.49ms, mfu 2.05%
iter 38728: loss 0.7276, time 290.80ms, mfu 2.09%
iter 38729: loss 0.7135, time 472.75ms, mfu 2.03%
iter 38730: loss 0.8179, time 414.23ms, mfu 2.00%
iter 38731: loss 0.6887, time 398.25ms, mfu 1.98%
iter 38732: loss 0.6216, time 407.36ms, mfu 1.95%
iter 38733: loss 0.7583, time 326.37ms, mfu 1.97%
iter 38734: loss 0.7625, time 358.69ms, mfu 1.97%
iter 38735: loss 0.6520, time 363.25ms, mfu 1.97%
iter 38736: loss 0.7113, time 413.51ms, mfu 1.95%
iter 38737: loss 0.7821, time 383.29ms, mfu 1.94%
iter 38738: loss 0.6093, time 444.46ms, mfu 1.90%
iter 38739: loss 0.7104, time 339.34ms, mfu 1.92%
iter 38740: loss 0.7133, time 251.21ms, mfu 2.01%
iter 38741: loss 0.7173, time 318.21ms, mfu 2.03%
iter 38742: loss 0.7856, time 375.15ms, mfu 2.02%
iter 38743: loss 0.7790, time 390.92ms, mfu 2.00%
iter 38744: loss 0.6894, time 320.14ms, mfu 2.02%
iter 38745: loss 0.7020, time 314.43ms, mfu 2.04%
iter 38746: loss 0.5732, time 464.53ms, mfu 1.99%
iter 38747: loss 0.6755, time 290.26ms, mfu 2.04%
iter 38748: loss 0.7377, time 365.68ms, mfu 2.03%
iter 38749: loss 0.7274, time 541.10ms, mfu 1.95%
iter 38750: loss 0.7498, time 286.51ms, mfu 2.01%
iter 38751: loss 0.7223, time 385.11ms, mfu 1.99%
iter 38752: loss 0.6795, time 406.08ms, mfu 1.97%
iter 38753: loss 0.7203, time 412.18ms, mfu 1.94%
iter 38754: loss 0.7002, time 355.29ms, mfu 1.95%
iter 38755: loss 0.6147, time 450.29ms, mfu 1.91%
iter 38756: loss 0.7069, time 368.97ms, mfu 1.91%
iter 38757: loss 0.7061, time 517.63ms, mfu 1.86%
iter 38758: loss 0.6778, time 351.49ms, mfu 1.87%
iter 38759: loss 0.7330, time 409.36ms, mfu 1.86%
iter 38760: loss 0.7335, time 334.25ms, mfu 1.88%
iter 38761: loss 0.6800, time 485.43ms, mfu 1.84%
iter 38762: loss 0.7378, time 304.98ms, mfu 1.89%
iter 38763: loss 0.7483, time 469.69ms, mfu 1.85%
iter 38764: loss 0.7050, time 427.89ms, mfu 1.83%
iter 38765: loss 0.6655, time 286.36ms, mfu 1.90%
iter 38766: loss 0.6877, time 297.14ms, mfu 1.95%
iter 38767: loss 0.7043, time 487.03ms, mfu 1.90%
iter 38768: loss 0.6505, time 366.08ms, mfu 1.90%
iter 38769: loss 0.7021, time 355.15ms, mfu 1.91%
iter 38770: loss 0.6724, time 290.87ms, mfu 1.96%
iter 38771: loss 0.7089, time 477.78ms, mfu 1.91%
iter 38772: loss 0.6947, time 446.00ms, mfu 1.88%
iter 38773: loss 0.6085, time 328.62ms, mfu 1.91%
iter 38774: loss 0.6576, time 443.30ms, mfu 1.88%
iter 38775: loss 0.7494, time 343.59ms, mfu 1.90%
iter 38776: loss 0.7075, time 376.45ms, mfu 1.90%
iter 38777: loss 0.6757, time 299.56ms, mfu 1.94%
iter 38778: loss 0.8544, time 356.60ms, mfu 1.95%
iter 38779: loss 0.7044, time 374.16ms, mfu 1.94%
iter 38780: loss 0.7199, time 305.77ms, mfu 1.98%
iter 38781: loss 0.7404, time 673.82ms, mfu 1.89%
iter 38782: loss 0.7675, time 242.95ms, mfu 1.99%
iter 38783: loss 0.6588, time 506.00ms, mfu 1.93%
iter 38784: loss 0.6904, time 451.03ms, mfu 1.89%
iter 38785: loss 0.6995, time 248.03ms, mfu 1.99%
iter 38786: loss 0.7161, time 473.39ms, mfu 1.94%
iter 38787: loss 0.7263, time 429.96ms, mfu 1.91%
iter 38788: loss 0.6698, time 261.26ms, mfu 1.99%
iter 38789: loss 0.6898, time 366.93ms, mfu 1.99%
iter 38790: loss 0.7990, time 401.81ms, mfu 1.96%
iter 38791: loss 0.7007, time 444.31ms, mfu 1.93%
iter 38792: loss 0.5688, time 324.16ms, mfu 1.95%
iter 38793: loss 0.7833, time 333.75ms, mfu 1.97%
iter 38794: loss 0.5972, time 418.17ms, mfu 1.94%
iter 38795: loss 0.7524, time 460.66ms, mfu 1.90%
iter 38796: loss 0.6813, time 416.85ms, mfu 1.88%
iter 38797: loss 0.5795, time 229.70ms, mfu 2.00%
iter 38798: loss 0.7629, time 447.72ms, mfu 1.96%
iter 38799: loss 0.7131, time 382.86ms, mfu 1.95%
iter 38800: loss 0.8265, time 582.74ms, mfu 1.88%
  === DIAG iter 38800 ===
  loss: 0.8265
  grads: total 1.0000, transformer 0.1617, adapter 0.9868
  <NUM> input tokens: 420/3072 (13.7%)
  lr: base 4.09e-05, adapter 2.04e-05
  SME accuracy: overall 0.420, sign 0.948, exp 0.894, digit 0.248, end 0.868 [d0 0.836 d1 0.451 d2 0.279 d3 0.082 d4 0.111 d5 0.095 d6 0.127 d7 0.076 d8 0.032 d9 0.180 d10 0.196 d11 0.122 d12 0.152 d13 0.250 d14 0.231] (1313 SME tokens)
iter 38801: loss 0.6578, time 224.24ms, mfu 2.00%
iter 38802: loss 0.6906, time 291.07ms, mfu 2.05%
iter 38803: loss 0.6639, time 347.55ms, mfu 2.05%
iter 38804: loss 0.7399, time 315.60ms, mfu 2.07%
iter 38805: loss 0.6517, time 344.48ms, mfu 2.07%
iter 38806: loss 0.6506, time 433.84ms, mfu 2.02%
iter 38807: loss 0.6952, time 388.93ms, mfu 2.00%
iter 38808: loss 0.6803, time 255.86ms, mfu 2.08%
iter 38809: loss 0.7430, time 334.64ms, mfu 2.08%
iter 38810: loss 0.7223, time 382.07ms, mfu 2.06%
iter 38811: loss 0.6332, time 409.12ms, mfu 2.03%
iter 38812: loss 0.7690, time 423.62ms, mfu 1.99%
iter 38813: loss 0.7160, time 499.04ms, mfu 1.93%
iter 38814: loss 0.6755, time 280.93ms, mfu 1.99%
iter 38815: loss 0.6995, time 240.35ms, mfu 2.09%
iter 38816: loss 0.7450, time 241.25ms, mfu 2.17%
iter 38817: loss 0.6054, time 358.50ms, mfu 2.15%
iter 38818: loss 0.6742, time 402.00ms, mfu 2.12%
iter 38819: loss 0.6217, time 296.28ms, mfu 2.14%
iter 38820: loss 0.6979, time 438.73ms, mfu 2.09%
iter 38821: loss 0.7045, time 340.46ms, mfu 2.09%
iter 38822: loss 0.7285, time 407.93ms, mfu 2.05%
iter 38823: loss 0.7801, time 387.94ms, mfu 2.03%
iter 38824: loss 0.7254, time 394.91ms, mfu 2.01%
iter 38825: loss 0.7171, time 344.01ms, mfu 2.01%
iter 38826: loss 0.6444, time 390.66ms, mfu 1.99%
iter 38827: loss 0.6534, time 389.11ms, mfu 1.98%
iter 38828: loss 0.7329, time 345.72ms, mfu 1.98%
iter 38829: loss 0.6890, time 432.54ms, mfu 1.95%
iter 38830: loss 0.6841, time 338.98ms, mfu 1.96%
iter 38831: loss 0.6368, time 339.07ms, mfu 1.98%
iter 38832: loss 0.6845, time 302.57ms, mfu 2.01%
iter 38833: loss 0.7011, time 369.38ms, mfu 2.00%
iter 38834: loss 0.6490, time 417.27ms, mfu 1.97%
iter 38835: loss 0.7458, time 484.88ms, mfu 1.92%
iter 38836: loss 0.7050, time 487.91ms, mfu 1.87%
iter 38837: loss 0.6461, time 354.59ms, mfu 1.89%
iter 38838: loss 0.7206, time 467.31ms, mfu 1.85%
iter 38839: loss 0.6250, time 354.28ms, mfu 1.87%
iter 38840: loss 0.6935, time 343.47ms, mfu 1.88%
iter 38841: loss 0.6783, time 562.68ms, mfu 1.82%
iter 38842: loss 0.7030, time 264.74ms, mfu 1.91%
iter 38843: loss 0.7540, time 434.03ms, mfu 1.88%
iter 38844: loss 0.7113, time 407.20ms, mfu 1.87%
iter 38845: loss 0.6979, time 470.77ms, mfu 1.83%
iter 38846: loss 0.8086, time 333.41ms, mfu 1.86%
iter 38847: loss 0.7803, time 397.99ms, mfu 1.85%
iter 38848: loss 0.7456, time 345.12ms, mfu 1.87%
iter 38849: loss 0.8036, time 290.32ms, mfu 1.93%
iter 38850: loss 0.7233, time 320.90ms, mfu 1.96%
iter 38851: loss 0.7666, time 513.96ms, mfu 1.90%
iter 38852: loss 0.7009, time 285.22ms, mfu 1.96%
iter 38853: loss 0.6619, time 427.71ms, mfu 1.93%
iter 38854: loss 0.7854, time 345.85ms, mfu 1.94%
iter 38855: loss 0.7236, time 317.77ms, mfu 1.97%
iter 38856: loss 0.7231, time 466.52ms, mfu 1.92%
iter 38857: loss 0.6380, time 380.18ms, mfu 1.92%
iter 38858: loss 0.7113, time 482.22ms, mfu 1.87%
iter 38859: loss 0.7272, time 319.13ms, mfu 1.91%
iter 38860: loss 0.7190, time 426.04ms, mfu 1.88%
iter 38861: loss 0.6931, time 457.89ms, mfu 1.85%
iter 38862: loss 0.7280, time 340.66ms, mfu 1.87%
iter 38863: loss 0.6748, time 352.81ms, mfu 1.89%
iter 38864: loss 0.7776, time 459.20ms, mfu 1.85%
iter 38865: loss 0.7280, time 433.94ms, mfu 1.83%
iter 38866: loss 0.7468, time 315.30ms, mfu 1.87%
iter 38867: loss 0.7813, time 432.18ms, mfu 1.85%
iter 38868: loss 0.7429, time 572.59ms, mfu 1.79%
iter 38869: loss 0.7461, time 220.55ms, mfu 1.93%
iter 38870: loss 0.6852, time 453.99ms, mfu 1.89%
iter 38871: loss 0.7254, time 494.24ms, mfu 1.85%
iter 38872: loss 0.7772, time 523.00ms, mfu 1.80%
iter 38873: loss 0.7676, time 397.16ms, mfu 1.80%
iter 38874: loss 0.6481, time 391.15ms, mfu 1.80%
iter 38875: loss 0.7259, time 396.50ms, mfu 1.80%
iter 38876: loss 0.7432, time 398.30ms, mfu 1.80%
iter 38877: loss 0.7331, time 367.47ms, mfu 1.81%
iter 38878: loss 0.7111, time 343.28ms, mfu 1.83%
iter 38879: loss 0.7934, time 484.43ms, mfu 1.80%
iter 38880: loss 0.7309, time 294.61ms, mfu 1.86%
iter 38881: loss 0.6936, time 378.66ms, mfu 1.86%
iter 38882: loss 0.6732, time 307.38ms, mfu 1.90%
iter 38883: loss 0.7191, time 392.40ms, mfu 1.89%
iter 38884: loss 0.7406, time 383.05ms, mfu 1.89%
iter 38885: loss 0.6560, time 456.20ms, mfu 1.86%
iter 38886: loss 0.7262, time 308.18ms, mfu 1.90%
iter 38887: loss 0.7770, time 340.91ms, mfu 1.92%
iter 38888: loss 0.6788, time 458.91ms, mfu 1.88%
iter 38889: loss 0.7070, time 337.73ms, mfu 1.90%
iter 38890: loss 0.7186, time 405.71ms, mfu 1.89%
iter 38891: loss 0.6768, time 451.83ms, mfu 1.86%
iter 38892: loss 0.7462, time 334.17ms, mfu 1.88%
iter 38893: loss 0.6706, time 466.92ms, mfu 1.85%
iter 38894: loss 0.8048, time 352.90ms, mfu 1.86%
iter 38895: loss 0.6598, time 291.89ms, mfu 1.92%
iter 38896: loss 0.6684, time 375.62ms, mfu 1.92%
iter 38897: loss 0.6111, time 492.05ms, mfu 1.87%
iter 38898: loss 0.6892, time 295.14ms, mfu 1.92%
iter 38899: loss 0.7184, time 434.17ms, mfu 1.89%
iter 38900: loss 0.6371, time 566.16ms, mfu 1.83%
  === DIAG iter 38900 ===
  loss: 0.6371
  grads: total 1.0000, transformer 0.1694, adapter 0.9855
  <NUM> input tokens: 461/3072 (15.0%)
  lr: base 4.07e-05, adapter 2.04e-05
  SME accuracy: overall 0.469, sign 0.970, exp 0.960, digit 0.268, end 0.949 [d0 0.916 d1 0.443 d2 0.339 d3 0.153 d4 0.155 d5 0.089 d6 0.091 d7 0.100 d8 0.106 d9 0.171 d10 0.156 d11 0.107 d12 0.087 d13 0.222 d14 0.154] (1033 SME tokens)
iter 38901: loss 0.6681, time 233.55ms, mfu 1.95%
iter 38902: loss 0.7816, time 174.06ms, mfu 2.16%
iter 38903: loss 0.7035, time 403.59ms, mfu 2.12%
iter 38904: loss 0.6179, time 395.60ms, mfu 2.09%
iter 38905: loss 0.8031, time 279.16ms, mfu 2.13%
iter 38906: loss 0.6281, time 359.79ms, mfu 2.12%
iter 38907: loss 0.6698, time 340.78ms, mfu 2.11%
iter 38908: loss 0.6740, time 343.54ms, mfu 2.11%
iter 38909: loss 0.7417, time 407.26ms, mfu 2.07%
iter 38910: loss 0.5505, time 301.51ms, mfu 2.10%
iter 38911: loss 0.7816, time 416.76ms, mfu 2.06%
iter 38912: loss 0.7823, time 484.01ms, mfu 2.00%
iter 38913: loss 0.5603, time 418.15ms, mfu 1.97%
iter 38914: loss 0.6975, time 374.24ms, mfu 1.96%
iter 38915: loss 0.7239, time 508.93ms, mfu 1.90%
iter 38916: loss 0.7618, time 371.30ms, mfu 1.91%
iter 38917: loss 0.7199, time 329.44ms, mfu 1.93%
iter 38918: loss 0.6978, time 282.47ms, mfu 1.99%
iter 38919: loss 0.7459, time 317.08ms, mfu 2.01%
iter 38920: loss 0.8440, time 433.72ms, mfu 1.97%
iter 38921: loss 0.7531, time 356.24ms, mfu 1.98%
iter 38922: loss 0.7777, time 456.34ms, mfu 1.93%
iter 38923: loss 0.6447, time 231.58ms, mfu 2.05%
iter 38924: loss 0.7336, time 603.57ms, mfu 1.96%
iter 38925: loss 0.7847, time 299.66ms, mfu 2.00%
iter 38926: loss 0.7223, time 586.35ms, mfu 1.92%
iter 38927: loss 0.7462, time 400.18ms, mfu 1.91%
iter 38928: loss 0.7152, time 461.66ms, mfu 1.87%
iter 38929: loss 0.7437, time 309.53ms, mfu 1.91%
iter 38930: loss 0.7316, time 390.62ms, mfu 1.90%
iter 38931: loss 0.6975, time 382.83ms, mfu 1.90%
iter 38932: loss 0.7612, time 480.55ms, mfu 1.85%
iter 38933: loss 0.6815, time 420.29ms, mfu 1.84%
iter 38934: loss 0.7091, time 430.13ms, mfu 1.82%
iter 38935: loss 0.7294, time 545.19ms, mfu 1.77%
iter 38936: loss 0.6843, time 343.42ms, mfu 1.80%
iter 38937: loss 0.6921, time 316.81ms, mfu 1.84%
iter 38938: loss 0.6010, time 432.68ms, mfu 1.82%
iter 38939: loss 0.7793, time 374.03ms, mfu 1.83%
iter 38940: loss 0.6949, time 477.64ms, mfu 1.79%
iter 38941: loss 0.7415, time 563.44ms, mfu 1.74%
iter 38942: loss 0.7502, time 365.48ms, mfu 1.76%
iter 38943: loss 0.6562, time 550.98ms, mfu 1.71%
iter 38944: loss 0.6605, time 275.15ms, mfu 1.80%
iter 38945: loss 0.6642, time 292.20ms, mfu 1.86%
iter 38946: loss 0.6616, time 470.24ms, mfu 1.83%
iter 38947: loss 0.6421, time 348.87ms, mfu 1.85%
iter 38948: loss 0.6127, time 235.38ms, mfu 1.96%
iter 38949: loss 0.6951, time 325.03ms, mfu 1.98%
iter 38950: loss 0.8098, time 333.34ms, mfu 2.00%
iter 38951: loss 0.7263, time 493.29ms, mfu 1.94%
iter 38952: loss 0.7008, time 380.92ms, mfu 1.93%
iter 38953: loss 0.6930, time 400.99ms, mfu 1.92%
iter 38954: loss 0.7168, time 374.49ms, mfu 1.92%
iter 38955: loss 0.7736, time 495.08ms, mfu 1.87%
iter 38956: loss 0.7831, time 425.99ms, mfu 1.85%
iter 38957: loss 0.7583, time 316.52ms, mfu 1.89%
iter 38958: loss 0.7355, time 307.16ms, mfu 1.93%
iter 38959: loss 0.7116, time 358.31ms, mfu 1.93%
iter 38960: loss 0.6638, time 378.14ms, mfu 1.93%
iter 38961: loss 0.6896, time 356.26ms, mfu 1.93%
iter 38962: loss 0.7789, time 485.08ms, mfu 1.89%
iter 38963: loss 0.6263, time 297.18ms, mfu 1.94%
iter 38964: loss 0.6762, time 256.39ms, mfu 2.02%
iter 38965: loss 0.7588, time 531.87ms, mfu 1.95%
iter 38966: loss 0.6202, time 302.57ms, mfu 1.99%
iter 38967: loss 0.7083, time 412.11ms, mfu 1.96%
iter 38968: loss 0.6906, time 401.51ms, mfu 1.94%
iter 38969: loss 0.6840, time 418.61ms, mfu 1.92%
iter 38970: loss 0.7268, time 411.19ms, mfu 1.90%
iter 38971: loss 0.6908, time 309.59ms, mfu 1.94%
iter 38972: loss 0.6695, time 391.34ms, mfu 1.92%
iter 38973: loss 0.7214, time 436.48ms, mfu 1.89%
iter 38974: loss 0.7144, time 203.49ms, mfu 2.05%
iter 38975: loss 0.7517, time 513.76ms, mfu 1.99%
iter 38976: loss 0.7247, time 495.46ms, mfu 1.93%
iter 38977: loss 0.7022, time 357.31ms, mfu 1.94%
iter 38978: loss 0.7268, time 382.21ms, mfu 1.93%
iter 38979: loss 0.6171, time 393.93ms, mfu 1.91%
iter 38980: loss 0.7008, time 537.40ms, mfu 1.86%
iter 38981: loss 0.6450, time 446.22ms, mfu 1.83%
iter 38982: loss 0.6178, time 314.06ms, mfu 1.87%
iter 38983: loss 0.7450, time 376.15ms, mfu 1.87%
iter 38984: loss 0.7189, time 443.80ms, mfu 1.85%
iter 38985: loss 0.6645, time 439.57ms, mfu 1.82%
iter 38986: loss 0.7127, time 210.57ms, mfu 1.98%
iter 38987: loss 0.7117, time 377.59ms, mfu 1.97%
iter 38988: loss 0.7162, time 349.33ms, mfu 1.97%
iter 38989: loss 0.6837, time 315.81ms, mfu 2.00%
iter 38990: loss 0.6984, time 467.79ms, mfu 1.95%
iter 38991: loss 0.7061, time 432.39ms, mfu 1.92%
iter 38992: loss 0.6671, time 439.99ms, mfu 1.89%
iter 38993: loss 0.6905, time 422.89ms, mfu 1.87%
iter 38994: loss 0.6979, time 291.65ms, mfu 1.92%
iter 38995: loss 0.7312, time 486.57ms, mfu 1.88%
iter 38996: loss 0.6691, time 379.34ms, mfu 1.88%
iter 38997: loss 0.6827, time 308.75ms, mfu 1.92%
iter 38998: loss 0.7294, time 490.84ms, mfu 1.87%
iter 38999: loss 0.7225, time 419.04ms, mfu 1.85%
iter 39000: loss 0.6583, time 508.88ms, mfu 1.81%
  === DIAG iter 39000 ===
  loss: 0.6583
  grads: total 1.0000, transformer 0.1576, adapter 0.9875
  <NUM> input tokens: 495/3072 (16.1%)
  lr: base 4.06e-05, adapter 2.03e-05
  SME accuracy: overall 0.477, sign 0.982, exp 0.991, digit 0.288, end 0.847 [d0 0.925 d1 0.524 d2 0.382 d3 0.114 d4 0.141 d5 0.033 d6 0.093 d7 0.122 d8 0.106 d9 0.121 d10 0.172 d11 0.083 d12 0.045 d13 0.000 d14 0.000] (1149 SME tokens)
  --- Sample eval (val) ---
  
    target: 5.841e+08
    pred:   INVALID(unparseable)

  MAX: <87183> <1e+09> <-8.0765e+08> <0.0072> <1.05197e+08> <9.96345e-08> <4.93628e+08> <4.96675e-06> <-2.77267e+08> <-5.64766e-05> →
    target: 1e+09
    pred:   1e+09
    error:  0.00

  MIN: <3.79437e+08> <424> →
    target: 424
    pred:   424
    error:  0.00

  
    target: 5.272e+08
    pred:   INVALID(unparseable)

  SORT: <5.53223e+08> <9.08254e+08> <1480> <3.80265e+08> <4.69023e+06> <0.4538> <9.94439e+08> →
    target: 0.4538 1480 4.69e+06 3.803e+08 5.532e+08 9.083e+08 9.944e+08
    pred:   INVALID(unparseable) INVALID(unparseable) 4.6e+06 3.741e+08 5.27e+08 8.277e+08 9.832e+08
    error:  N/A N/A 90232.52 6153815.69 26212186.00 80542367.00 11227998.61

iter 39001: loss 0.6187, time 350.11ms, mfu 1.83%
iter 39002: loss 0.7643, time 426.31ms, mfu 1.81%
iter 39003: loss 0.7122, time 254.36ms, mfu 1.91%
iter 39004: loss 0.6141, time 334.38ms, mfu 1.93%
iter 39005: loss 0.6286, time 313.56ms, mfu 1.96%
iter 39006: loss 0.6898, time 411.91ms, mfu 1.94%
iter 39007: loss 0.7203, time 298.99ms, mfu 1.98%
iter 39008: loss 0.6687, time 462.26ms, mfu 1.94%
iter 39009: loss 0.6369, time 414.25ms, mfu 1.91%
iter 39010: loss 0.7242, time 468.66ms, mfu 1.87%
iter 39011: loss 0.6527, time 286.23ms, mfu 1.93%
iter 39012: loss 0.7173, time 448.49ms, mfu 1.90%
iter 39013: loss 0.6818, time 328.56ms, mfu 1.92%
iter 39014: loss 0.7413, time 281.17ms, mfu 1.98%
iter 39015: loss 0.7088, time 269.08ms, mfu 2.05%
iter 39016: loss 0.7416, time 301.13ms, mfu 2.08%
iter 39017: loss 0.7542, time 437.57ms, mfu 2.03%
iter 39018: loss 0.7158, time 367.86ms, mfu 2.02%
iter 39019: loss 0.7535, time 420.19ms, mfu 1.99%
iter 39020: loss 0.6573, time 471.43ms, mfu 1.94%
iter 39021: loss 0.7075, time 308.14ms, mfu 1.98%
iter 39022: loss 0.6023, time 277.51ms, mfu 2.03%
iter 39023: loss 0.8030, time 316.33ms, mfu 2.06%
iter 39024: loss 0.6788, time 313.00ms, mfu 2.08%
iter 39025: loss 0.6968, time 436.91ms, mfu 2.03%
iter 39026: loss 0.6881, time 410.59ms, mfu 2.00%
iter 39027: loss 0.7700, time 365.59ms, mfu 1.99%
iter 39028: loss 0.6922, time 428.38ms, mfu 1.96%
iter 39029: loss 0.7012, time 324.12ms, mfu 1.98%
iter 39030: loss 0.7057, time 376.58ms, mfu 1.97%
iter 39031: loss 0.6904, time 476.48ms, mfu 1.92%
iter 39032: loss 0.7592, time 395.62ms, mfu 1.91%
iter 39033: loss 0.6540, time 340.20ms, mfu 1.93%
iter 39034: loss 0.7069, time 215.62ms, mfu 2.06%
iter 39035: loss 0.6915, time 324.43ms, mfu 2.08%
iter 39036: loss 0.6619, time 456.36ms, mfu 2.02%
iter 39037: loss 0.6897, time 354.56ms, mfu 2.02%
iter 39038: loss 0.6593, time 341.35ms, mfu 2.03%
iter 39039: loss 0.7588, time 330.53ms, mfu 2.04%
iter 39040: loss 0.7452, time 436.70ms, mfu 2.00%
iter 39041: loss 0.6379, time 384.10ms, mfu 1.98%
iter 39042: loss 0.5709, time 330.86ms, mfu 2.00%
iter 39043: loss 0.7365, time 321.68ms, mfu 2.02%
iter 39044: loss 0.7146, time 464.40ms, mfu 1.97%
iter 39045: loss 0.6378, time 422.57ms, mfu 1.94%
iter 39046: loss 0.7866, time 427.29ms, mfu 1.91%
iter 39047: loss 0.7491, time 376.01ms, mfu 1.91%
iter 39048: loss 0.6816, time 427.48ms, mfu 1.88%
iter 39049: loss 0.6513, time 342.87ms, mfu 1.90%
iter 39050: loss 0.6678, time 444.04ms, mfu 1.87%
iter 39051: loss 0.6556, time 434.51ms, mfu 1.85%
iter 39052: loss 0.8062, time 483.27ms, mfu 1.81%
iter 39053: loss 0.6925, time 371.52ms, mfu 1.82%
iter 39054: loss 0.7274, time 437.47ms, mfu 1.80%
iter 39055: loss 0.7081, time 305.69ms, mfu 1.85%
iter 39056: loss 0.6768, time 380.27ms, mfu 1.85%
iter 39057: loss 0.7313, time 372.89ms, mfu 1.86%
iter 39058: loss 0.7019, time 425.57ms, mfu 1.84%
iter 39059: loss 0.8343, time 333.30ms, mfu 1.87%
iter 39060: loss 0.6928, time 418.84ms, mfu 1.85%
iter 39061: loss 0.6989, time 363.57ms, mfu 1.86%
iter 39062: loss 0.7125, time 385.60ms, mfu 1.86%
iter 39063: loss 0.6545, time 390.49ms, mfu 1.85%
iter 39064: loss 0.7900, time 337.27ms, mfu 1.88%
iter 39065: loss 0.6996, time 319.23ms, mfu 1.91%
iter 39066: loss 0.7082, time 432.74ms, mfu 1.88%
iter 39067: loss 0.7403, time 462.76ms, mfu 1.85%
iter 39068: loss 0.6649, time 375.53ms, mfu 1.85%
iter 39069: loss 0.6502, time 403.56ms, mfu 1.84%
iter 39070: loss 0.8133, time 406.10ms, mfu 1.83%
iter 39071: loss 0.6531, time 357.81ms, mfu 1.85%
iter 39072: loss 0.6585, time 381.05ms, mfu 1.85%
iter 39073: loss 0.7190, time 355.58ms, mfu 1.86%
iter 39074: loss 0.6962, time 429.76ms, mfu 1.84%
iter 39075: loss 0.6696, time 317.52ms, mfu 1.88%
iter 39076: loss 0.6972, time 426.23ms, mfu 1.86%
iter 39077: loss 0.7213, time 351.34ms, mfu 1.88%
iter 39078: loss 0.6775, time 369.79ms, mfu 1.88%
iter 39079: loss 0.7421, time 356.10ms, mfu 1.89%
iter 39080: loss 0.6634, time 465.03ms, mfu 1.85%
iter 39081: loss 0.7359, time 477.43ms, mfu 1.82%
iter 39082: loss 0.6376, time 407.52ms, mfu 1.81%
iter 39083: loss 0.7593, time 286.72ms, mfu 1.88%
iter 39084: loss 0.7711, time 260.59ms, mfu 1.96%
iter 39085: loss 0.6932, time 468.66ms, mfu 1.92%
iter 39086: loss 0.6392, time 468.83ms, mfu 1.87%
iter 39087: loss 0.6662, time 484.43ms, mfu 1.83%
iter 39088: loss 0.7222, time 391.40ms, mfu 1.83%
iter 39089: loss 0.6805, time 356.88ms, mfu 1.85%
iter 39090: loss 0.6970, time 389.51ms, mfu 1.84%
iter 39091: loss 0.6527, time 309.73ms, mfu 1.89%
iter 39092: loss 0.6996, time 408.31ms, mfu 1.87%
iter 39093: loss 0.7056, time 504.82ms, mfu 1.83%
iter 39094: loss 0.7097, time 363.82ms, mfu 1.84%
iter 39095: loss 0.7312, time 234.84ms, mfu 1.96%
iter 39096: loss 0.7786, time 290.35ms, mfu 2.00%
iter 39097: loss 0.6833, time 455.55ms, mfu 1.96%
iter 39098: loss 0.6544, time 407.27ms, mfu 1.94%
iter 39099: loss 0.7181, time 441.70ms, mfu 1.90%
iter 39100: loss 0.6799, time 501.89ms, mfu 1.86%
  === DIAG iter 39100 ===
  loss: 0.6799
  grads: total 1.0000, transformer 0.1555, adapter 0.9878
  <NUM> input tokens: 430/3072 (14.0%)
  lr: base 4.05e-05, adapter 2.02e-05
  SME accuracy: overall 0.472, sign 0.966, exp 0.949, digit 0.278, end 0.842 [d0 0.918 d1 0.444 d2 0.267 d3 0.183 d4 0.119 d5 0.119 d6 0.136 d7 0.161 d8 0.096 d9 0.111 d10 0.125 d11 0.042 d12 0.062 d13 0.100 d14 0.200] (1157 SME tokens)
iter 39101: loss 0.7391, time 234.79ms, mfu 1.97%
iter 39102: loss 0.7166, time 405.30ms, mfu 1.95%
iter 39103: loss 0.7442, time 484.56ms, mfu 1.90%
iter 39104: loss 0.7003, time 252.11ms, mfu 1.99%
iter 39105: loss 0.6394, time 403.71ms, mfu 1.97%
iter 39106: loss 0.7807, time 483.71ms, mfu 1.92%
iter 39107: loss 0.8406, time 323.35ms, mfu 1.95%
iter 39108: loss 0.6833, time 350.33ms, mfu 1.95%
iter 39109: loss 0.6467, time 263.50ms, mfu 2.03%
iter 39110: loss 0.6842, time 404.67ms, mfu 2.00%
iter 39111: loss 0.7453, time 412.04ms, mfu 1.97%
iter 39112: loss 0.7975, time 455.51ms, mfu 1.93%
iter 39113: loss 0.6859, time 427.72ms, mfu 1.90%
iter 39114: loss 0.6839, time 380.31ms, mfu 1.90%
iter 39115: loss 0.6910, time 506.32ms, mfu 1.85%
iter 39116: loss 0.6807, time 343.57ms, mfu 1.87%
iter 39117: loss 0.6776, time 210.05ms, mfu 2.02%
iter 39118: loss 0.7415, time 375.85ms, mfu 2.01%
iter 39119: loss 0.7430, time 330.47ms, mfu 2.02%
iter 39120: loss 0.7381, time 417.51ms, mfu 1.99%
iter 39121: loss 0.6880, time 347.65ms, mfu 1.99%
iter 39122: loss 0.6899, time 424.72ms, mfu 1.96%
iter 39123: loss 0.7485, time 343.13ms, mfu 1.97%
iter 39124: loss 0.7109, time 299.38ms, mfu 2.01%
iter 39125: loss 0.7016, time 405.32ms, mfu 1.98%
iter 39126: loss 0.6699, time 285.31ms, mfu 2.03%
iter 39127: loss 0.5952, time 479.51ms, mfu 1.98%
iter 39128: loss 0.6741, time 286.91ms, mfu 2.03%
iter 39129: loss 0.7137, time 233.93ms, mfu 2.13%
iter 39130: loss 0.7084, time 291.70ms, mfu 2.16%
iter 39131: loss 0.6612, time 371.90ms, mfu 2.13%
iter 39132: loss 0.7087, time 489.14ms, mfu 2.06%
iter 39133: loss 0.6738, time 291.07ms, mfu 2.10%
iter 39134: loss 0.7019, time 378.73ms, mfu 2.08%
iter 39135: loss 0.7333, time 375.55ms, mfu 2.06%
iter 39136: loss 0.7842, time 461.54ms, mfu 2.01%
iter 39137: loss 0.7492, time 346.78ms, mfu 2.01%
iter 39138: loss 0.7155, time 339.59ms, mfu 2.02%
iter 39139: loss 0.7268, time 363.07ms, mfu 2.01%
iter 39140: loss 0.6519, time 298.62ms, mfu 2.05%
iter 39141: loss 0.6447, time 388.98ms, mfu 2.03%
iter 39142: loss 0.8150, time 351.04ms, mfu 2.02%
iter 39143: loss 0.7729, time 376.22ms, mfu 2.01%
iter 39144: loss 0.6755, time 562.49ms, mfu 1.94%
iter 39145: loss 0.7419, time 436.15ms, mfu 1.90%
iter 39146: loss 0.6364, time 305.56ms, mfu 1.95%
iter 39147: loss 0.7530, time 478.53ms, mfu 1.90%
iter 39148: loss 0.6716, time 393.54ms, mfu 1.89%
iter 39149: loss 0.7505, time 458.18ms, mfu 1.86%
iter 39150: loss 0.7532, time 212.95ms, mfu 2.00%
iter 39151: loss 0.6886, time 440.46ms, mfu 1.96%
iter 39152: loss 0.7055, time 264.41ms, mfu 2.03%
iter 39153: loss 0.6127, time 493.89ms, mfu 1.97%
iter 39154: loss 0.7495, time 376.33ms, mfu 1.97%
iter 39155: loss 0.6340, time 351.52ms, mfu 1.97%
iter 39156: loss 0.6484, time 363.65ms, mfu 1.97%
iter 39157: loss 0.6539, time 270.53ms, mfu 2.03%
iter 39158: loss 0.6804, time 364.65ms, mfu 2.02%
iter 39159: loss 0.7040, time 350.75ms, mfu 2.02%
iter 39160: loss 0.7148, time 413.75ms, mfu 1.99%
iter 39161: loss 0.7193, time 400.35ms, mfu 1.97%
iter 39162: loss 0.7016, time 313.29ms, mfu 2.00%
iter 39163: loss 0.7190, time 415.93ms, mfu 1.97%
iter 39164: loss 0.7012, time 347.15ms, mfu 1.98%
iter 39165: loss 0.7043, time 307.23ms, mfu 2.01%
iter 39166: loss 0.6917, time 405.00ms, mfu 1.98%
iter 39167: loss 0.7034, time 304.70ms, mfu 2.02%
iter 39168: loss 0.6616, time 325.68ms, mfu 2.03%
iter 39169: loss 0.7111, time 446.85ms, mfu 1.99%
iter 39170: loss 0.6807, time 390.66ms, mfu 1.97%
iter 39171: loss 0.7575, time 322.19ms, mfu 1.99%
iter 39172: loss 0.7044, time 379.62ms, mfu 1.98%
iter 39173: loss 0.6753, time 486.73ms, mfu 1.93%
iter 39174: loss 0.7430, time 378.32ms, mfu 1.92%
iter 39175: loss 0.6455, time 337.00ms, mfu 1.94%
iter 39176: loss 0.6601, time 312.95ms, mfu 1.97%
iter 39177: loss 0.6976, time 486.59ms, mfu 1.92%
iter 39178: loss 0.7500, time 269.01ms, mfu 1.99%
iter 39179: loss 0.7159, time 390.32ms, mfu 1.98%
iter 39180: loss 0.7633, time 330.45ms, mfu 1.99%
iter 39181: loss 0.7892, time 487.82ms, mfu 1.94%
iter 39182: loss 0.7188, time 341.93ms, mfu 1.95%
iter 39183: loss 0.7317, time 321.73ms, mfu 1.98%
iter 39184: loss 0.6752, time 505.70ms, mfu 1.92%
iter 39185: loss 0.6490, time 278.34ms, mfu 1.98%
iter 39186: loss 0.7020, time 473.53ms, mfu 1.93%
iter 39187: loss 0.7148, time 460.03ms, mfu 1.89%
iter 39188: loss 0.8029, time 319.64ms, mfu 1.93%
iter 39189: loss 0.7096, time 473.50ms, mfu 1.88%
iter 39190: loss 0.7448, time 456.86ms, mfu 1.85%
iter 39191: loss 0.7225, time 487.27ms, mfu 1.81%
iter 39192: loss 0.7077, time 378.57ms, mfu 1.82%
iter 39193: loss 0.7016, time 221.24ms, mfu 1.96%
iter 39194: loss 0.7299, time 393.07ms, mfu 1.94%
iter 39195: loss 0.7181, time 408.79ms, mfu 1.92%
iter 39196: loss 0.7034, time 311.18ms, mfu 1.96%
iter 39197: loss 0.6215, time 360.93ms, mfu 1.96%
iter 39198: loss 0.7804, time 386.56ms, mfu 1.94%
iter 39199: loss 0.6802, time 368.58ms, mfu 1.94%
iter 39200: loss 0.7675, time 525.64ms, mfu 1.88%
  === DIAG iter 39200 ===
  loss: 0.7675
  grads: total 1.0000, transformer 0.2037, adapter 0.9790
  <NUM> input tokens: 466/3072 (15.2%)
  lr: base 4.04e-05, adapter 2.02e-05
  SME accuracy: overall 0.465, sign 0.960, exp 0.905, digit 0.283, end 0.893 [d0 0.790 d1 0.400 d2 0.264 d3 0.095 d4 0.100 d5 0.154 d6 0.229 d7 0.152 d8 0.167 d9 0.150 d10 0.265 d11 0.276 d12 0.280 d13 0.261 d14 0.167] (1313 SME tokens)
iter 39201: loss 0.7059, time 226.20ms, mfu 2.01%
iter 39202: loss 0.6992, time 314.20ms, mfu 2.03%
iter 39203: loss 0.6464, time 503.99ms, mfu 1.97%
iter 39204: loss 0.7195, time 405.69ms, mfu 1.95%
iter 39205: loss 0.7177, time 460.00ms, mfu 1.91%
iter 39206: loss 0.7874, time 458.02ms, mfu 1.87%
iter 39207: loss 0.8048, time 429.83ms, mfu 1.85%
iter 39208: loss 0.6532, time 417.34ms, mfu 1.83%
iter 39209: loss 0.6489, time 337.30ms, mfu 1.86%
iter 39210: loss 0.7033, time 428.48ms, mfu 1.84%
iter 39211: loss 0.7037, time 354.28ms, mfu 1.86%
iter 39212: loss 0.6806, time 288.88ms, mfu 1.92%
iter 39213: loss 0.6461, time 411.90ms, mfu 1.90%
iter 39214: loss 0.7559, time 301.82ms, mfu 1.94%
iter 39215: loss 0.7707, time 263.68ms, mfu 2.02%
iter 39216: loss 0.6258, time 431.66ms, mfu 1.98%
iter 39217: loss 0.7045, time 519.82ms, mfu 1.92%
iter 39218: loss 0.7034, time 197.33ms, mfu 2.08%
iter 39219: loss 0.7068, time 525.58ms, mfu 2.01%
iter 39220: loss 0.7201, time 287.32ms, mfu 2.06%
iter 39221: loss 0.5742, time 382.38ms, mfu 2.04%
iter 39222: loss 0.7401, time 334.24ms, mfu 2.04%
iter 39223: loss 0.7058, time 399.72ms, mfu 2.02%
iter 39224: loss 0.7466, time 489.00ms, mfu 1.96%
iter 39225: loss 0.7104, time 367.38ms, mfu 1.96%
iter 39226: loss 0.6871, time 315.20ms, mfu 1.99%
iter 39227: loss 0.7070, time 539.86ms, mfu 1.92%
iter 39228: loss 0.6939, time 306.93ms, mfu 1.96%
iter 39229: loss 0.7548, time 361.01ms, mfu 1.96%
iter 39230: loss 0.6984, time 398.56ms, mfu 1.94%
iter 39231: loss 0.7497, time 366.54ms, mfu 1.94%
iter 39232: loss 0.6946, time 316.55ms, mfu 1.97%
iter 39233: loss 0.6895, time 394.38ms, mfu 1.95%
iter 39234: loss 0.7346, time 354.94ms, mfu 1.96%
iter 39235: loss 0.7041, time 320.43ms, mfu 1.98%
iter 39236: loss 0.7311, time 279.16ms, mfu 2.04%
iter 39237: loss 0.7312, time 396.82ms, mfu 2.01%
iter 39238: loss 0.6860, time 447.77ms, mfu 1.97%
iter 39239: loss 0.7142, time 334.06ms, mfu 1.99%
iter 39240: loss 0.6904, time 407.55ms, mfu 1.96%
iter 39241: loss 0.7175, time 202.17ms, mfu 2.11%
iter 39242: loss 0.6972, time 267.16ms, mfu 2.17%
iter 39243: loss 0.8031, time 314.05ms, mfu 2.18%
iter 39244: loss 0.7385, time 353.64ms, mfu 2.16%
iter 39245: loss 0.7202, time 428.51ms, mfu 2.11%
iter 39246: loss 0.7400, time 345.82ms, mfu 2.10%
iter 39247: loss 0.6545, time 306.29ms, mfu 2.12%
iter 39248: loss 0.6880, time 373.65ms, mfu 2.10%
iter 39249: loss 0.6877, time 313.46ms, mfu 2.12%
iter 39250: loss 0.6931, time 377.35ms, mfu 2.09%
iter 39251: loss 0.7721, time 390.81ms, mfu 2.07%
iter 39252: loss 0.7668, time 559.15ms, mfu 1.99%
iter 39253: loss 0.7235, time 312.55ms, mfu 2.01%
iter 39254: loss 0.7000, time 408.67ms, mfu 1.99%
iter 39255: loss 0.6724, time 444.90ms, mfu 1.95%
iter 39256: loss 0.6509, time 434.00ms, mfu 1.92%
iter 39257: loss 0.7287, time 378.18ms, mfu 1.91%
iter 39258: loss 0.6633, time 339.74ms, mfu 1.93%
iter 39259: loss 0.8248, time 407.70ms, mfu 1.91%
iter 39260: loss 0.7138, time 444.51ms, mfu 1.88%
iter 39261: loss 0.7153, time 275.14ms, mfu 1.95%
iter 39262: loss 0.6698, time 345.19ms, mfu 1.96%
iter 39263: loss 0.7201, time 317.76ms, mfu 1.99%
iter 39264: loss 0.7897, time 572.06ms, mfu 1.91%
iter 39265: loss 0.6990, time 356.66ms, mfu 1.92%
iter 39266: loss 0.6459, time 360.08ms, mfu 1.92%
iter 39267: loss 0.8041, time 484.80ms, mfu 1.88%
iter 39268: loss 0.8004, time 293.92ms, mfu 1.93%
iter 39269: loss 0.7075, time 385.89ms, mfu 1.92%
iter 39270: loss 0.7120, time 476.89ms, mfu 1.88%
iter 39271: loss 0.7941, time 404.81ms, mfu 1.87%
iter 39272: loss 0.6490, time 330.09ms, mfu 1.89%
iter 39273: loss 0.7091, time 356.34ms, mfu 1.90%
iter 39274: loss 0.7366, time 360.55ms, mfu 1.91%
iter 39275: loss 0.5976, time 362.09ms, mfu 1.91%
iter 39276: loss 0.7797, time 538.38ms, mfu 1.85%
iter 39277: loss 0.7864, time 480.33ms, mfu 1.82%
iter 39278: loss 0.7272, time 309.68ms, mfu 1.86%
iter 39279: loss 0.6993, time 380.52ms, mfu 1.86%
iter 39280: loss 0.6741, time 386.55ms, mfu 1.86%
iter 39281: loss 0.7339, time 403.77ms, mfu 1.85%
iter 39282: loss 0.6732, time 373.60ms, mfu 1.85%
iter 39283: loss 0.6483, time 355.86ms, mfu 1.87%
iter 39284: loss 0.6480, time 432.10ms, mfu 1.85%
iter 39285: loss 0.6510, time 445.20ms, mfu 1.82%
iter 39286: loss 0.6735, time 311.86ms, mfu 1.87%
iter 39287: loss 0.7405, time 502.51ms, mfu 1.82%
iter 39288: loss 0.7548, time 296.33ms, mfu 1.88%
iter 39289: loss 0.7444, time 461.83ms, mfu 1.84%
iter 39290: loss 0.7141, time 283.19ms, mfu 1.91%
iter 39291: loss 0.6107, time 476.16ms, mfu 1.87%
iter 39292: loss 0.6368, time 396.14ms, mfu 1.86%
iter 39293: loss 0.5952, time 293.20ms, mfu 1.91%
iter 39294: loss 0.7867, time 319.94ms, mfu 1.94%
iter 39295: loss 0.7209, time 442.28ms, mfu 1.91%
iter 39296: loss 0.6482, time 482.81ms, mfu 1.87%
iter 39297: loss 0.6598, time 237.65ms, mfu 1.98%
iter 39298: loss 0.7178, time 400.54ms, mfu 1.96%
iter 39299: loss 0.6864, time 455.18ms, mfu 1.92%
iter 39300: loss 0.6854, time 590.96ms, mfu 1.85%
  === DIAG iter 39300 ===
  loss: 0.6854
  grads: total 1.0000, transformer 0.0991, adapter 0.9951
  <NUM> input tokens: 407/3072 (13.2%)
  lr: base 4.03e-05, adapter 2.02e-05
  SME accuracy: overall 0.490, sign 0.975, exp 0.917, digit 0.299, end 0.863 [d0 0.912 d1 0.477 d2 0.333 d3 0.167 d4 0.068 d5 0.095 d6 0.034 d7 0.056 d8 0.152 d9 0.107 d10 0.192 d11 0.211 d12 0.200 d13 0.167 d14 0.000] (1161 SME tokens)
iter 39301: loss 0.6947, time 237.39ms, mfu 1.96%
iter 39302: loss 0.6848, time 452.04ms, mfu 1.92%
iter 39303: loss 0.7306, time 299.05ms, mfu 1.97%
iter 39304: loss 0.8088, time 312.64ms, mfu 2.00%
iter 39305: loss 0.6799, time 422.21ms, mfu 1.96%
iter 39306: loss 0.8049, time 308.19ms, mfu 2.00%
iter 39307: loss 0.7342, time 381.27ms, mfu 1.98%
iter 39308: loss 0.8231, time 396.25ms, mfu 1.96%
iter 39309: loss 0.7367, time 401.67ms, mfu 1.94%
iter 39310: loss 0.7225, time 432.53ms, mfu 1.91%
iter 39311: loss 0.7186, time 370.34ms, mfu 1.91%
iter 39312: loss 0.7479, time 390.51ms, mfu 1.90%
iter 39313: loss 0.6968, time 445.79ms, mfu 1.87%
iter 39314: loss 0.7231, time 395.06ms, mfu 1.86%
iter 39315: loss 0.7393, time 243.28ms, mfu 1.97%
iter 39316: loss 0.7543, time 348.78ms, mfu 1.98%
iter 39317: loss 0.6189, time 329.91ms, mfu 1.99%
iter 39318: loss 0.6930, time 328.89ms, mfu 2.01%
iter 39319: loss 0.6326, time 293.19ms, mfu 2.05%
iter 39320: loss 0.7649, time 381.07ms, mfu 2.03%
iter 39321: loss 0.6720, time 358.36ms, mfu 2.03%
iter 39322: loss 0.8078, time 303.79ms, mfu 2.06%
iter 39323: loss 0.7720, time 450.65ms, mfu 2.01%
iter 39324: loss 0.7534, time 453.59ms, mfu 1.96%
iter 39325: loss 0.6970, time 340.60ms, mfu 1.98%
iter 39326: loss 0.7663, time 518.00ms, mfu 1.91%
iter 39327: loss 0.7935, time 425.73ms, mfu 1.89%
iter 39328: loss 0.7406, time 362.49ms, mfu 1.90%
iter 39329: loss 0.7123, time 455.86ms, mfu 1.86%
iter 39330: loss 0.6763, time 421.96ms, mfu 1.84%
iter 39331: loss 0.7528, time 362.42ms, mfu 1.85%
iter 39332: loss 0.7420, time 337.71ms, mfu 1.88%
iter 39333: loss 0.6825, time 312.84ms, mfu 1.92%
iter 39334: loss 0.7333, time 364.80ms, mfu 1.92%
iter 39335: loss 0.6658, time 348.31ms, mfu 1.93%
iter 39336: loss 0.6945, time 328.99ms, mfu 1.95%
iter 39337: loss 0.7062, time 284.92ms, mfu 2.01%
iter 39338: loss 0.7097, time 362.80ms, mfu 2.00%
iter 39339: loss 0.7279, time 305.37ms, mfu 2.03%
iter 39340: loss 0.7453, time 462.23ms, mfu 1.98%
iter 39341: loss 0.7059, time 441.12ms, mfu 1.95%
iter 39342: loss 0.7441, time 446.36ms, mfu 1.91%
iter 39343: loss 0.7091, time 385.80ms, mfu 1.90%
iter 39344: loss 0.6553, time 447.72ms, mfu 1.87%
iter 39345: loss 0.7151, time 522.05ms, mfu 1.82%
iter 39346: loss 0.6627, time 311.62ms, mfu 1.87%
iter 39347: loss 0.6978, time 277.97ms, mfu 1.93%
iter 39348: loss 0.7798, time 485.54ms, mfu 1.89%
iter 39349: loss 0.7569, time 330.40ms, mfu 1.91%
iter 39350: loss 0.6392, time 261.06ms, mfu 1.99%
iter 39351: loss 0.6682, time 398.48ms, mfu 1.97%
iter 39352: loss 0.7098, time 442.58ms, mfu 1.93%
iter 39353: loss 0.6260, time 457.40ms, mfu 1.90%
iter 39354: loss 0.6287, time 471.38ms, mfu 1.86%
iter 39355: loss 0.7384, time 293.60ms, mfu 1.91%
iter 39356: loss 0.6816, time 540.04ms, mfu 1.85%
iter 39357: loss 0.6020, time 255.94ms, mfu 1.94%
iter 39358: loss 0.6316, time 410.80ms, mfu 1.92%
iter 39359: loss 0.6368, time 482.19ms, mfu 1.88%
iter 39360: loss 0.6537, time 295.61ms, mfu 1.93%
iter 39361: loss 0.7007, time 284.42ms, mfu 1.99%
iter 39362: loss 0.7468, time 359.70ms, mfu 1.98%
iter 39363: loss 0.7052, time 491.23ms, mfu 1.93%
iter 39364: loss 0.6333, time 389.09ms, mfu 1.92%
iter 39365: loss 0.7276, time 387.34ms, mfu 1.91%
iter 39366: loss 0.7456, time 374.25ms, mfu 1.91%
iter 39367: loss 0.7426, time 419.19ms, mfu 1.89%
iter 39368: loss 0.6841, time 264.29ms, mfu 1.97%
iter 39369: loss 0.7525, time 292.59ms, mfu 2.01%
iter 39370: loss 0.6810, time 488.64ms, mfu 1.96%
iter 39371: loss 0.6825, time 418.62ms, mfu 1.93%
iter 39372: loss 0.7419, time 327.49ms, mfu 1.95%
iter 39373: loss 0.6731, time 296.55ms, mfu 2.00%
iter 39374: loss 0.7213, time 478.43ms, mfu 1.94%
iter 39375: loss 0.6783, time 466.35ms, mfu 1.90%
iter 39376: loss 0.7159, time 362.28ms, mfu 1.91%
iter 39377: loss 0.7097, time 317.35ms, mfu 1.94%
iter 39378: loss 0.7912, time 378.47ms, mfu 1.93%
iter 39379: loss 0.7155, time 475.19ms, mfu 1.89%
iter 39380: loss 0.7201, time 378.04ms, mfu 1.89%
iter 39381: loss 0.7602, time 478.95ms, mfu 1.85%
iter 39382: loss 0.7610, time 321.22ms, mfu 1.88%
iter 39383: loss 0.7084, time 422.53ms, mfu 1.86%
iter 39384: loss 0.6674, time 356.01ms, mfu 1.88%
iter 39385: loss 0.6720, time 414.74ms, mfu 1.86%
iter 39386: loss 0.7386, time 440.23ms, mfu 1.83%
iter 39387: loss 0.7183, time 426.58ms, mfu 1.82%
iter 39388: loss 0.7290, time 360.19ms, mfu 1.83%
iter 39389: loss 0.7329, time 417.22ms, mfu 1.82%
iter 39390: loss 0.7725, time 436.59ms, mfu 1.80%
iter 39391: loss 0.7206, time 302.87ms, mfu 1.85%
iter 39392: loss 0.6538, time 392.06ms, mfu 1.85%
iter 39393: loss 0.7339, time 173.31ms, mfu 2.07%
iter 39394: loss 0.7069, time 380.20ms, mfu 2.05%
iter 39395: loss 0.6106, time 427.57ms, mfu 2.01%
iter 39396: loss 0.7452, time 357.22ms, mfu 2.01%
iter 39397: loss 0.6289, time 460.69ms, mfu 1.96%
iter 39398: loss 0.6956, time 352.86ms, mfu 1.97%
iter 39399: loss 0.7135, time 431.85ms, mfu 1.93%
iter 39400: loss 0.6703, time 598.35ms, mfu 1.86%
  === DIAG iter 39400 ===
  loss: 0.6703
  grads: total 1.0000, transformer 0.1485, adapter 0.9889
  <NUM> input tokens: 539/3072 (17.5%)
  lr: base 4.02e-05, adapter 2.01e-05
  SME accuracy: overall 0.475, sign 0.976, exp 0.911, digit 0.272, end 0.867 [d0 0.849 d1 0.425 d2 0.351 d3 0.071 d4 0.060 d5 0.095 d6 0.164 d7 0.040 d8 0.043 d9 0.059 d10 0.103 d11 0.160 d12 0.238 d13 0.267 d14 0.100] (1165 SME tokens)
iter 39401: loss 0.6559, time 228.74ms, mfu 1.98%
iter 39402: loss 0.7910, time 350.78ms, mfu 1.99%
iter 39403: loss 0.7325, time 353.51ms, mfu 1.99%
iter 39404: loss 0.7824, time 347.24ms, mfu 1.99%
iter 39405: loss 0.7205, time 543.23ms, mfu 1.93%
iter 39406: loss 0.7210, time 369.22ms, mfu 1.92%
iter 39407: loss 0.7711, time 344.82ms, mfu 1.94%
iter 39408: loss 0.7373, time 412.73ms, mfu 1.92%
iter 39409: loss 0.8180, time 408.68ms, mfu 1.90%
iter 39410: loss 0.7018, time 352.35ms, mfu 1.91%
iter 39411: loss 0.8029, time 309.81ms, mfu 1.95%
iter 39412: loss 0.6915, time 427.96ms, mfu 1.92%
iter 39413: loss 0.6445, time 518.11ms, mfu 1.86%
iter 39414: loss 0.7652, time 301.20ms, mfu 1.91%
iter 39415: loss 0.8030, time 318.04ms, mfu 1.94%
iter 39416: loss 0.6495, time 406.16ms, mfu 1.92%
iter 39417: loss 0.6749, time 370.72ms, mfu 1.92%
iter 39418: loss 0.6186, time 469.08ms, mfu 1.88%
iter 39419: loss 0.7001, time 338.70ms, mfu 1.90%
iter 39420: loss 0.7396, time 366.26ms, mfu 1.91%
iter 39421: loss 0.7528, time 484.00ms, mfu 1.86%
iter 39422: loss 0.6339, time 427.59ms, mfu 1.84%
iter 39423: loss 0.7790, time 420.81ms, mfu 1.83%
iter 39424: loss 0.6569, time 249.38ms, mfu 1.93%
iter 39425: loss 0.6663, time 507.05ms, mfu 1.87%
iter 39426: loss 0.7184, time 471.76ms, mfu 1.84%
iter 39427: loss 0.6947, time 298.32ms, mfu 1.89%
iter 39428: loss 0.6566, time 490.95ms, mfu 1.85%
iter 39429: loss 0.6726, time 288.34ms, mfu 1.91%
iter 39430: loss 0.7025, time 570.44ms, mfu 1.84%
iter 39431: loss 0.7360, time 240.31ms, mfu 1.95%
iter 39432: loss 0.7111, time 371.61ms, mfu 1.95%
iter 39433: loss 0.7919, time 333.23ms, mfu 1.97%
iter 39434: loss 0.6819, time 402.84ms, mfu 1.94%
iter 39435: loss 0.6863, time 430.95ms, mfu 1.91%
iter 39436: loss 0.7009, time 235.79ms, mfu 2.02%
iter 39437: loss 0.7035, time 481.60ms, mfu 1.97%
iter 39438: loss 0.7210, time 279.50ms, mfu 2.03%
iter 39439: loss 0.7509, time 413.09ms, mfu 1.99%
iter 39440: loss 0.7354, time 351.47ms, mfu 2.00%
iter 39441: loss 0.7397, time 432.62ms, mfu 1.96%
iter 39442: loss 0.7033, time 468.61ms, mfu 1.92%
iter 39443: loss 0.7370, time 264.57ms, mfu 1.99%
iter 39444: loss 0.7624, time 386.82ms, mfu 1.98%
iter 39445: loss 0.7064, time 265.53ms, mfu 2.05%
iter 39446: loss 0.7524, time 303.20ms, mfu 2.07%
iter 39447: loss 0.7178, time 449.68ms, mfu 2.02%
iter 39448: loss 0.7156, time 350.80ms, mfu 2.02%
iter 39449: loss 0.6734, time 283.41ms, mfu 2.07%
iter 39450: loss 0.7004, time 319.64ms, mfu 2.09%
iter 39451: loss 0.6658, time 394.54ms, mfu 2.06%
iter 39452: loss 0.8184, time 235.47ms, mfu 2.15%
iter 39453: loss 0.6772, time 336.72ms, mfu 2.15%
iter 39454: loss 0.7130, time 395.30ms, mfu 2.11%
iter 39455: loss 0.6703, time 298.92ms, mfu 2.14%
iter 39456: loss 0.7177, time 323.73ms, mfu 2.14%
iter 39457: loss 0.6991, time 383.14ms, mfu 2.11%
iter 39458: loss 0.7585, time 395.23ms, mfu 2.08%
iter 39459: loss 0.6653, time 459.93ms, mfu 2.03%
iter 39460: loss 0.7023, time 391.26ms, mfu 2.01%
iter 39461: loss 0.6846, time 340.49ms, mfu 2.01%
iter 39462: loss 0.6316, time 502.36ms, mfu 1.95%
iter 39463: loss 0.6754, time 326.80ms, mfu 1.97%
iter 39464: loss 0.6629, time 372.29ms, mfu 1.97%
iter 39465: loss 0.7552, time 343.89ms, mfu 1.98%
iter 39466: loss 0.7256, time 385.97ms, mfu 1.96%
iter 39467: loss 0.7393, time 268.91ms, mfu 2.03%
iter 39468: loss 0.6623, time 400.63ms, mfu 2.00%
iter 39469: loss 0.7880, time 352.30ms, mfu 2.00%
iter 39470: loss 0.7326, time 510.72ms, mfu 1.94%
iter 39471: loss 0.6765, time 308.53ms, mfu 1.98%
iter 39472: loss 0.7492, time 508.44ms, mfu 1.92%
iter 39473: loss 0.6167, time 414.53ms, mfu 1.90%
iter 39474: loss 0.6886, time 364.10ms, mfu 1.90%
iter 39475: loss 0.8645, time 373.30ms, mfu 1.90%
iter 39476: loss 0.7408, time 434.45ms, mfu 1.88%
iter 39477: loss 0.7819, time 284.88ms, mfu 1.94%
iter 39478: loss 0.7161, time 450.51ms, mfu 1.90%
iter 39479: loss 0.6643, time 338.78ms, mfu 1.92%
iter 39480: loss 0.7808, time 325.41ms, mfu 1.95%
iter 39481: loss 0.6908, time 396.24ms, mfu 1.93%
iter 39482: loss 0.7478, time 400.02ms, mfu 1.91%
iter 39483: loss 0.6186, time 448.77ms, mfu 1.88%
iter 39484: loss 0.7715, time 333.89ms, mfu 1.90%
iter 39485: loss 0.6656, time 512.99ms, mfu 1.85%
iter 39486: loss 0.6810, time 521.97ms, mfu 1.80%
iter 39487: loss 0.6856, time 375.87ms, mfu 1.81%
iter 39488: loss 0.7243, time 523.03ms, mfu 1.77%
iter 39489: loss 0.6634, time 352.72ms, mfu 1.79%
iter 39490: loss 0.6067, time 287.96ms, mfu 1.86%
iter 39491: loss 0.7369, time 535.67ms, mfu 1.80%
iter 39492: loss 0.6586, time 355.07ms, mfu 1.82%
iter 39493: loss 0.7280, time 391.52ms, mfu 1.82%
iter 39494: loss 0.6652, time 417.86ms, mfu 1.81%
iter 39495: loss 0.6658, time 516.26ms, mfu 1.77%
iter 39496: loss 0.7708, time 409.60ms, mfu 1.76%
iter 39497: loss 0.7594, time 444.85ms, mfu 1.75%
iter 39498: loss 0.6729, time 336.07ms, mfu 1.78%
iter 39499: loss 0.7268, time 405.97ms, mfu 1.78%
iter 39500: loss 0.6805, time 608.34ms, mfu 1.72%
  === DIAG iter 39500 ===
  loss: 0.6805
  grads: total 1.0000, transformer 0.2082, adapter 0.9781
  <NUM> input tokens: 534/3072 (17.4%)
  lr: base 4.02e-05, adapter 2.01e-05
  SME accuracy: overall 0.508, sign 0.969, exp 0.984, digit 0.317, end 0.876 [d0 0.927 d1 0.528 d2 0.349 d3 0.105 d4 0.110 d5 0.108 d6 0.169 d7 0.088 d8 0.157 d9 0.194 d10 0.194 d11 0.269 d12 0.364 d13 0.353 d14 0.385] (1265 SME tokens)
iter 39501: loss 0.7142, time 229.74ms, mfu 1.85%
iter 39502: loss 0.6760, time 268.50ms, mfu 1.93%
iter 39503: loss 0.7121, time 331.99ms, mfu 1.95%
iter 39504: loss 0.6179, time 395.01ms, mfu 1.94%
iter 39505: loss 0.6351, time 276.00ms, mfu 2.00%
iter 39506: loss 0.6623, time 418.54ms, mfu 1.97%
iter 39507: loss 0.6739, time 345.71ms, mfu 1.98%
iter 39508: loss 0.7296, time 264.33ms, mfu 2.05%
iter 39509: loss 0.6958, time 411.47ms, mfu 2.02%
iter 39510: loss 0.6625, time 325.42ms, mfu 2.03%
iter 39511: loss 0.7271, time 392.80ms, mfu 2.01%
iter 39512: loss 0.6757, time 267.12ms, mfu 2.07%
iter 39513: loss 0.6250, time 530.76ms, mfu 2.00%
iter 39514: loss 0.6959, time 463.49ms, mfu 1.95%
iter 39515: loss 0.7292, time 230.28ms, mfu 2.06%
iter 39516: loss 0.7025, time 376.00ms, mfu 2.05%
iter 39517: loss 0.6317, time 371.71ms, mfu 2.03%
iter 39518: loss 0.7337, time 426.36ms, mfu 2.00%
iter 39519: loss 0.7889, time 345.20ms, mfu 2.00%
iter 39520: loss 0.7676, time 455.38ms, mfu 1.96%
iter 39521: loss 0.6674, time 416.84ms, mfu 1.93%
iter 39522: loss 0.7047, time 493.74ms, mfu 1.88%
iter 39523: loss 0.7703, time 416.79ms, mfu 1.86%
iter 39524: loss 0.7131, time 269.22ms, mfu 1.94%
iter 39525: loss 0.7223, time 422.24ms, mfu 1.91%
iter 39526: loss 0.7047, time 405.20ms, mfu 1.90%
iter 39527: loss 0.6950, time 383.94ms, mfu 1.89%
iter 39528: loss 0.6502, time 482.74ms, mfu 1.85%
iter 39529: loss 0.6864, time 257.36ms, mfu 1.94%
iter 39530: loss 0.6820, time 511.73ms, mfu 1.88%
iter 39531: loss 0.6680, time 450.37ms, mfu 1.85%
iter 39532: loss 0.7882, time 524.51ms, mfu 1.80%
iter 39533: loss 0.6885, time 328.12ms, mfu 1.84%
iter 39534: loss 0.7069, time 320.08ms, mfu 1.88%
iter 39535: loss 0.6569, time 500.16ms, mfu 1.83%
iter 39536: loss 0.6877, time 390.93ms, mfu 1.83%
iter 39537: loss 0.7798, time 274.56ms, mfu 1.90%
iter 39538: loss 0.7642, time 354.55ms, mfu 1.91%
iter 39539: loss 0.7257, time 404.89ms, mfu 1.90%
iter 39540: loss 0.7412, time 469.68ms, mfu 1.86%
iter 39541: loss 0.7224, time 455.39ms, mfu 1.83%
iter 39542: loss 0.7729, time 353.80ms, mfu 1.85%
iter 39543: loss 0.7725, time 312.34ms, mfu 1.89%
iter 39544: loss 0.7558, time 325.94ms, mfu 1.92%
iter 39545: loss 0.6260, time 459.17ms, mfu 1.88%
iter 39546: loss 0.7186, time 313.06ms, mfu 1.92%
iter 39547: loss 0.6892, time 369.70ms, mfu 1.92%
iter 39548: loss 0.6062, time 355.82ms, mfu 1.93%
iter 39549: loss 0.7260, time 364.93ms, mfu 1.93%
iter 39550: loss 0.6771, time 475.59ms, mfu 1.88%
iter 39551: loss 0.7676, time 398.50ms, mfu 1.87%
iter 39552: loss 0.7697, time 410.12ms, mfu 1.86%
iter 39553: loss 0.6682, time 407.93ms, mfu 1.85%
iter 39554: loss 0.6566, time 399.27ms, mfu 1.84%
iter 39555: loss 0.7215, time 380.88ms, mfu 1.84%
iter 39556: loss 0.6790, time 336.36ms, mfu 1.87%
iter 39557: loss 0.6504, time 296.66ms, mfu 1.92%
iter 39558: loss 0.6901, time 467.35ms, mfu 1.88%
iter 39559: loss 0.6855, time 461.32ms, mfu 1.85%
iter 39560: loss 0.7341, time 304.76ms, mfu 1.89%
iter 39561: loss 0.7761, time 527.87ms, mfu 1.84%
iter 39562: loss 0.6586, time 388.73ms, mfu 1.84%
iter 39563: loss 0.7128, time 408.48ms, mfu 1.83%
iter 39564: loss 0.6663, time 422.62ms, mfu 1.81%
iter 39565: loss 0.7426, time 223.15ms, mfu 1.95%
iter 39566: loss 0.7530, time 321.24ms, mfu 1.97%
iter 39567: loss 0.7384, time 447.12ms, mfu 1.93%
iter 39568: loss 0.7195, time 282.30ms, mfu 1.99%
iter 39569: loss 0.7533, time 347.29ms, mfu 2.00%
iter 39570: loss 0.7223, time 350.48ms, mfu 2.00%
iter 39571: loss 0.7657, time 463.35ms, mfu 1.95%
iter 39572: loss 0.7112, time 280.90ms, mfu 2.01%
iter 39573: loss 0.6703, time 405.48ms, mfu 1.98%
iter 39574: loss 0.7085, time 272.72ms, mfu 2.05%
iter 39575: loss 0.7390, time 385.74ms, mfu 2.02%
iter 39576: loss 0.6477, time 389.90ms, mfu 2.00%
iter 39577: loss 0.7487, time 286.93ms, mfu 2.05%
iter 39578: loss 0.6231, time 383.03ms, mfu 2.03%
iter 39579: loss 0.7341, time 275.75ms, mfu 2.08%
iter 39580: loss 0.6514, time 415.68ms, mfu 2.05%
iter 39581: loss 0.7121, time 452.65ms, mfu 2.00%
iter 39582: loss 0.7006, time 311.27ms, mfu 2.03%
iter 39583: loss 0.6104, time 493.12ms, mfu 1.97%
iter 39584: loss 0.7202, time 315.88ms, mfu 1.99%
iter 39585: loss 0.7463, time 472.68ms, mfu 1.95%
iter 39586: loss 0.6606, time 481.82ms, mfu 1.90%
iter 39587: loss 0.6887, time 504.91ms, mfu 1.85%
iter 39588: loss 0.7593, time 489.07ms, mfu 1.81%
iter 39589: loss 0.6881, time 393.95ms, mfu 1.81%
iter 39590: loss 0.7122, time 338.51ms, mfu 1.84%
iter 39591: loss 0.6876, time 344.83ms, mfu 1.86%
iter 39592: loss 0.6538, time 489.67ms, mfu 1.82%
iter 39593: loss 0.6444, time 341.83ms, mfu 1.84%
iter 39594: loss 0.6105, time 344.93ms, mfu 1.86%
iter 39595: loss 0.7598, time 417.36ms, mfu 1.85%
iter 39596: loss 0.8032, time 419.14ms, mfu 1.83%
iter 39597: loss 0.6712, time 480.54ms, mfu 1.80%
iter 39598: loss 0.7297, time 422.92ms, mfu 1.78%
iter 39599: loss 0.7001, time 318.08ms, mfu 1.83%
iter 39600: loss 0.8531, time 548.84ms, mfu 1.77%
  === DIAG iter 39600 ===
  loss: 0.8531
  grads: total 1.0000, transformer 0.1405, adapter 0.9901
  <NUM> input tokens: 421/3072 (13.7%)
  lr: base 4.01e-05, adapter 2.00e-05
  SME accuracy: overall 0.450, sign 0.985, exp 0.963, digit 0.265, end 0.848 [d0 0.784 d1 0.405 d2 0.315 d3 0.126 d4 0.143 d5 0.126 d6 0.076 d7 0.105 d8 0.048 d9 0.109 d10 0.220 d11 0.216 d12 0.308 d13 0.273 d14 0.286] (1472 SME tokens)
iter 39601: loss 0.6802, time 219.62ms, mfu 1.92%
iter 39602: loss 0.6793, time 358.51ms, mfu 1.93%
iter 39603: loss 0.7960, time 499.80ms, mfu 1.87%
iter 39604: loss 0.6522, time 412.02ms, mfu 1.86%
iter 39605: loss 0.6790, time 459.94ms, mfu 1.83%
iter 39606: loss 0.7776, time 426.31ms, mfu 1.81%
iter 39607: loss 0.7029, time 536.81ms, mfu 1.76%
iter 39608: loss 0.8705, time 322.35ms, mfu 1.81%
iter 39609: loss 0.7187, time 363.13ms, mfu 1.82%
iter 39610: loss 0.7068, time 468.49ms, mfu 1.79%
iter 39611: loss 0.6467, time 359.93ms, mfu 1.81%
iter 39612: loss 0.7626, time 434.66ms, mfu 1.79%
iter 39613: loss 0.7733, time 484.35ms, mfu 1.76%
iter 39614: loss 0.7608, time 334.98ms, mfu 1.79%
iter 39615: loss 0.6787, time 351.20ms, mfu 1.82%
iter 39616: loss 0.6969, time 442.18ms, mfu 1.79%
iter 39617: loss 0.6267, time 336.10ms, mfu 1.83%
iter 39618: loss 0.7629, time 425.44ms, mfu 1.81%
iter 39619: loss 0.7145, time 519.03ms, mfu 1.77%
iter 39620: loss 0.6860, time 347.99ms, mfu 1.79%
iter 39621: loss 0.7413, time 270.43ms, mfu 1.88%
iter 39622: loss 0.6740, time 377.00ms, mfu 1.88%
iter 39623: loss 0.6862, time 518.72ms, mfu 1.82%
iter 39624: loss 0.6137, time 548.41ms, mfu 1.77%
iter 39625: loss 0.6833, time 353.01ms, mfu 1.80%
iter 39626: loss 0.6825, time 400.66ms, mfu 1.79%
iter 39627: loss 0.8319, time 349.39ms, mfu 1.82%
iter 39628: loss 0.7792, time 306.57ms, mfu 1.87%
iter 39629: loss 0.6872, time 400.12ms, mfu 1.86%
iter 39630: loss 0.7182, time 341.04ms, mfu 1.88%
iter 39631: loss 0.6914, time 330.82ms, mfu 1.90%
iter 39632: loss 0.7600, time 280.84ms, mfu 1.97%
iter 39633: loss 0.7392, time 401.58ms, mfu 1.95%
iter 39634: loss 0.7348, time 454.09ms, mfu 1.91%
iter 39635: loss 0.6835, time 239.89ms, mfu 2.01%
iter 39636: loss 0.6546, time 332.49ms, mfu 2.02%
iter 39637: loss 0.7407, time 450.97ms, mfu 1.98%
iter 39638: loss 0.7158, time 331.21ms, mfu 2.00%
iter 39639: loss 0.7956, time 508.63ms, mfu 1.94%
iter 39640: loss 0.6408, time 453.74ms, mfu 1.90%
iter 39641: loss 0.6433, time 375.98ms, mfu 1.90%
iter 39642: loss 0.6254, time 578.30ms, mfu 1.83%
iter 39643: loss 0.6619, time 300.24ms, mfu 1.88%
iter 39644: loss 0.6983, time 355.41ms, mfu 1.89%
iter 39645: loss 0.6863, time 221.48ms, mfu 2.02%
iter 39646: loss 0.6549, time 450.82ms, mfu 1.98%
iter 39647: loss 0.7466, time 208.68ms, mfu 2.12%
iter 39648: loss 0.6776, time 368.03ms, mfu 2.10%
iter 39649: loss 0.7830, time 435.05ms, mfu 2.05%
iter 39650: loss 0.7753, time 395.85ms, mfu 2.03%
iter 39651: loss 0.7193, time 246.69ms, mfu 2.11%
iter 39652: loss 0.7136, time 458.09ms, mfu 2.06%
iter 39653: loss 0.7323, time 360.20ms, mfu 2.05%
iter 39654: loss 0.7263, time 293.91ms, mfu 2.08%
iter 39655: loss 0.7002, time 434.79ms, mfu 2.04%
iter 39656: loss 0.7201, time 324.31ms, mfu 2.05%
iter 39657: loss 0.7161, time 417.81ms, mfu 2.02%
iter 39658: loss 0.6744, time 251.03ms, mfu 2.10%
iter 39659: loss 0.6785, time 363.55ms, mfu 2.08%
iter 39660: loss 0.6854, time 507.60ms, mfu 2.01%
iter 39661: loss 0.7798, time 244.85ms, mfu 2.10%
iter 39662: loss 0.7190, time 441.81ms, mfu 2.05%
iter 39663: loss 0.7283, time 242.32ms, mfu 2.14%
iter 39664: loss 0.6565, time 501.24ms, mfu 2.07%
iter 39665: loss 0.5922, time 463.46ms, mfu 2.01%
iter 39666: loss 0.6952, time 404.37ms, mfu 1.99%
iter 39667: loss 0.8174, time 261.23ms, mfu 2.06%
iter 39668: loss 0.7635, time 515.87ms, mfu 1.99%
iter 39669: loss 0.6151, time 531.45ms, mfu 1.93%
iter 39670: loss 0.7592, time 311.52ms, mfu 1.96%
iter 39671: loss 0.7224, time 279.20ms, mfu 2.02%
iter 39672: loss 0.6532, time 301.11ms, mfu 2.05%
iter 39673: loss 0.7215, time 286.12ms, mfu 2.09%
iter 39674: loss 0.6928, time 443.45ms, mfu 2.04%
iter 39675: loss 0.5961, time 445.81ms, mfu 2.00%
iter 39676: loss 0.6364, time 259.65ms, mfu 2.07%
iter 39677: loss 0.7559, time 486.79ms, mfu 2.01%
iter 39678: loss 0.7543, time 376.35ms, mfu 2.00%
iter 39679: loss 0.7182, time 365.19ms, mfu 1.99%
iter 39680: loss 0.6763, time 439.42ms, mfu 1.95%
iter 39681: loss 0.8342, time 399.10ms, mfu 1.94%
iter 39682: loss 0.6860, time 452.54ms, mfu 1.90%
iter 39683: loss 0.7667, time 439.45ms, mfu 1.87%
iter 39684: loss 0.6907, time 416.31ms, mfu 1.85%
iter 39685: loss 0.7085, time 407.26ms, mfu 1.84%
iter 39686: loss 0.7194, time 414.47ms, mfu 1.83%
iter 39687: loss 0.7549, time 434.68ms, mfu 1.81%
iter 39688: loss 0.6730, time 395.73ms, mfu 1.81%
iter 39689: loss 0.7384, time 303.76ms, mfu 1.86%
iter 39690: loss 0.6746, time 313.72ms, mfu 1.90%
iter 39691: loss 0.7493, time 291.86ms, mfu 1.95%
iter 39692: loss 0.6102, time 337.66ms, mfu 1.97%
iter 39693: loss 0.7533, time 483.16ms, mfu 1.92%
iter 39694: loss 0.6565, time 384.81ms, mfu 1.91%
iter 39695: loss 0.6299, time 271.40ms, mfu 1.98%
iter 39696: loss 0.6517, time 353.58ms, mfu 1.98%
iter 39697: loss 0.7676, time 512.79ms, mfu 1.92%
iter 39698: loss 0.6029, time 204.42ms, mfu 2.08%
iter 39699: loss 0.6595, time 336.24ms, mfu 2.08%
iter 39700: loss 0.7348, time 625.47ms, mfu 1.99%
  === DIAG iter 39700 ===
  loss: 0.7348
  grads: total 1.0000, transformer 0.1556, adapter 0.9878
  <NUM> input tokens: 477/3072 (15.5%)
  lr: base 4.01e-05, adapter 2.00e-05
  SME accuracy: overall 0.467, sign 0.975, exp 0.899, digit 0.298, end 0.772 [d0 0.831 d1 0.427 d2 0.262 d3 0.138 d4 0.227 d5 0.141 d6 0.145 d7 0.193 d8 0.120 d9 0.175 d10 0.222 d11 0.267 d12 0.320 d13 0.158 d14 0.118] (1241 SME tokens)
iter 39701: loss 0.6625, time 254.43ms, mfu 2.07%
iter 39702: loss 0.7462, time 251.24ms, mfu 2.14%
iter 39703: loss 0.7356, time 310.16ms, mfu 2.16%
iter 39704: loss 0.6876, time 312.32ms, mfu 2.17%
iter 39705: loss 0.7678, time 411.47ms, mfu 2.12%
iter 39706: loss 0.6711, time 220.72ms, mfu 2.23%
iter 39707: loss 0.6841, time 396.53ms, mfu 2.19%
iter 39708: loss 0.6966, time 292.27ms, mfu 2.21%
iter 39709: loss 0.7487, time 323.20ms, mfu 2.21%
iter 39710: loss 0.6009, time 394.17ms, mfu 2.17%
iter 39711: loss 0.8154, time 451.18ms, mfu 2.11%
iter 39712: loss 0.7155, time 357.52ms, mfu 2.10%
iter 39713: loss 0.7732, time 413.59ms, mfu 2.06%
iter 39714: loss 0.7370, time 305.19ms, mfu 2.08%
iter 39715: loss 0.6686, time 278.00ms, mfu 2.13%
iter 39716: loss 0.6299, time 368.21ms, mfu 2.11%
iter 39717: loss 0.6768, time 448.29ms, mfu 2.06%
iter 39718: loss 0.6007, time 292.96ms, mfu 2.09%
iter 39719: loss 0.7855, time 247.19ms, mfu 2.17%
iter 39720: loss 0.7118, time 421.46ms, mfu 2.12%
iter 39721: loss 0.7069, time 267.49ms, mfu 2.17%
iter 39722: loss 0.6939, time 292.08ms, mfu 2.20%
iter 39723: loss 0.6914, time 371.67ms, mfu 2.17%
iter 39724: loss 0.7428, time 387.70ms, mfu 2.14%
iter 39725: loss 0.6380, time 330.56ms, mfu 2.14%
iter 39726: loss 0.6072, time 479.50ms, mfu 2.07%
iter 39727: loss 0.7482, time 410.13ms, mfu 2.04%
iter 39728: loss 0.6286, time 343.79ms, mfu 2.04%
iter 39729: loss 0.7000, time 339.01ms, mfu 2.04%
iter 39730: loss 0.7610, time 460.64ms, mfu 1.99%
iter 39731: loss 0.6106, time 591.21ms, mfu 1.91%
iter 39732: loss 0.6235, time 241.94ms, mfu 2.02%
iter 39733: loss 0.5895, time 466.89ms, mfu 1.97%
iter 39734: loss 0.7195, time 270.27ms, mfu 2.03%
iter 39735: loss 0.6167, time 360.95ms, mfu 2.02%
iter 39736: loss 0.7395, time 387.41ms, mfu 2.01%
iter 39737: loss 0.7293, time 439.28ms, mfu 1.97%
iter 39738: loss 0.6726, time 349.90ms, mfu 1.97%
iter 39739: loss 0.7381, time 352.97ms, mfu 1.98%
iter 39740: loss 0.7103, time 468.21ms, mfu 1.93%
iter 39741: loss 0.7027, time 436.46ms, mfu 1.90%
iter 39742: loss 0.6211, time 354.56ms, mfu 1.91%
iter 39743: loss 0.7259, time 478.87ms, mfu 1.87%
iter 39744: loss 0.6690, time 259.09ms, mfu 1.95%
iter 39745: loss 0.6753, time 308.23ms, mfu 1.99%
iter 39746: loss 0.7206, time 402.22ms, mfu 1.96%
iter 39747: loss 0.7162, time 341.28ms, mfu 1.98%
iter 39748: loss 0.7054, time 384.24ms, mfu 1.96%
iter 39749: loss 0.7955, time 450.56ms, mfu 1.92%
iter 39750: loss 0.5980, time 393.99ms, mfu 1.91%
iter 39751: loss 0.6677, time 397.56ms, mfu 1.90%
iter 39752: loss 0.7303, time 367.82ms, mfu 1.90%
iter 39753: loss 0.7138, time 334.71ms, mfu 1.92%
iter 39754: loss 0.6816, time 491.17ms, mfu 1.88%
iter 39755: loss 0.7101, time 364.05ms, mfu 1.88%
iter 39756: loss 0.6693, time 282.90ms, mfu 1.94%
iter 39757: loss 0.7335, time 549.57ms, mfu 1.88%
iter 39758: loss 0.6679, time 326.30ms, mfu 1.91%
iter 39759: loss 0.6543, time 440.60ms, mfu 1.88%
iter 39760: loss 0.6572, time 326.41ms, mfu 1.91%
iter 39761: loss 0.7409, time 383.85ms, mfu 1.90%
iter 39762: loss 0.6614, time 387.29ms, mfu 1.89%
iter 39763: loss 0.7428, time 533.68ms, mfu 1.84%
iter 39764: loss 0.7002, time 294.98ms, mfu 1.89%
iter 39765: loss 0.6783, time 454.79ms, mfu 1.86%
iter 39766: loss 0.6586, time 390.43ms, mfu 1.86%
iter 39767: loss 0.6374, time 426.99ms, mfu 1.84%
iter 39768: loss 0.6875, time 372.14ms, mfu 1.84%
iter 39769: loss 0.6924, time 305.27ms, mfu 1.89%
iter 39770: loss 0.6878, time 414.84ms, mfu 1.87%
iter 39771: loss 0.7177, time 498.10ms, mfu 1.83%
iter 39772: loss 0.6855, time 268.92ms, mfu 1.91%
iter 39773: loss 0.7802, time 443.13ms, mfu 1.88%
iter 39774: loss 0.6748, time 499.97ms, mfu 1.83%
iter 39775: loss 0.6950, time 417.17ms, mfu 1.82%
iter 39776: loss 0.6359, time 365.53ms, mfu 1.83%
iter 39777: loss 0.6557, time 392.78ms, mfu 1.83%
iter 39778: loss 0.7474, time 358.44ms, mfu 1.84%
iter 39779: loss 0.6601, time 577.93ms, mfu 1.78%
iter 39780: loss 0.6775, time 383.94ms, mfu 1.79%
iter 39781: loss 0.7870, time 319.29ms, mfu 1.83%
iter 39782: loss 0.7185, time 466.24ms, mfu 1.80%
iter 39783: loss 0.7419, time 424.51ms, mfu 1.79%
iter 39784: loss 0.7746, time 449.64ms, mfu 1.77%
iter 39785: loss 0.6656, time 403.91ms, mfu 1.76%
iter 39786: loss 0.6786, time 344.49ms, mfu 1.79%
iter 39787: loss 0.6695, time 326.78ms, mfu 1.83%
iter 39788: loss 0.6626, time 449.29ms, mfu 1.81%
iter 39789: loss 0.7291, time 443.50ms, mfu 1.79%
iter 39790: loss 0.6592, time 452.09ms, mfu 1.76%
iter 39791: loss 0.6777, time 425.52ms, mfu 1.75%
iter 39792: loss 0.7360, time 360.56ms, mfu 1.77%
iter 39793: loss 0.7770, time 432.09ms, mfu 1.76%
iter 39794: loss 0.7095, time 442.59ms, mfu 1.75%
iter 39795: loss 0.6198, time 373.12ms, mfu 1.76%
iter 39796: loss 0.6393, time 316.84ms, mfu 1.81%
iter 39797: loss 0.6973, time 307.92ms, mfu 1.86%
iter 39798: loss 0.6974, time 444.91ms, mfu 1.83%
iter 39799: loss 0.6543, time 239.90ms, mfu 1.94%
iter 39800: loss 0.7272, time 599.63ms, mfu 1.87%
  === DIAG iter 39800 ===
  loss: 0.7272
  grads: total 1.0000, transformer 0.1878, adapter 0.9822
  <NUM> input tokens: 486/3072 (15.8%)
  lr: base 4.00e-05, adapter 2.00e-05
  SME accuracy: overall 0.465, sign 0.925, exp 0.858, digit 0.287, end 0.858 [d0 0.800 d1 0.430 d2 0.244 d3 0.135 d4 0.186 d5 0.156 d6 0.211 d7 0.170 d8 0.146 d9 0.206 d10 0.194 d11 0.071 d12 0.190 d13 0.200 d14 0.125] (1199 SME tokens)
iter 39801: loss 0.6920, time 243.42ms, mfu 1.97%
iter 39802: loss 0.7489, time 478.44ms, mfu 1.92%
iter 39803: loss 0.7139, time 271.29ms, mfu 1.99%
iter 39804: loss 0.7855, time 337.24ms, mfu 2.00%
iter 39805: loss 0.7120, time 385.28ms, mfu 1.99%
iter 39806: loss 0.6308, time 526.07ms, mfu 1.92%
iter 39807: loss 0.7404, time 307.43ms, mfu 1.96%
iter 39808: loss 0.7373, time 360.43ms, mfu 1.96%
iter 39809: loss 0.7224, time 500.04ms, mfu 1.91%
iter 39810: loss 0.7832, time 545.89ms, mfu 1.85%
iter 39811: loss 0.7664, time 361.95ms, mfu 1.86%
iter 39812: loss 0.7702, time 298.95ms, mfu 1.91%
iter 39813: loss 0.7019, time 479.68ms, mfu 1.87%
iter 39814: loss 0.7428, time 368.02ms, mfu 1.87%
iter 39815: loss 0.7138, time 512.87ms, mfu 1.82%
iter 39816: loss 0.6800, time 380.90ms, mfu 1.83%
iter 39817: loss 0.7483, time 365.43ms, mfu 1.84%
iter 39818: loss 0.6273, time 475.00ms, mfu 1.80%
iter 39819: loss 0.6888, time 361.94ms, mfu 1.82%
iter 39820: loss 0.6182, time 364.73ms, mfu 1.83%
iter 39821: loss 0.5791, time 249.76ms, mfu 1.93%
iter 39822: loss 0.6616, time 426.57ms, mfu 1.90%
iter 39823: loss 0.7469, time 385.53ms, mfu 1.90%
iter 39824: loss 0.7048, time 393.51ms, mfu 1.89%
iter 39825: loss 0.7215, time 426.69ms, mfu 1.87%
iter 39826: loss 0.8194, time 258.31ms, mfu 1.95%
iter 39827: loss 0.7386, time 563.57ms, mfu 1.88%
iter 39828: loss 0.7737, time 353.09ms, mfu 1.90%
iter 39829: loss 0.7468, time 413.19ms, mfu 1.88%
iter 39830: loss 0.6916, time 537.70ms, mfu 1.82%
iter 39831: loss 0.6887, time 270.39ms, mfu 1.90%
iter 39832: loss 0.7685, time 463.42ms, mfu 1.86%
iter 39833: loss 0.6722, time 320.94ms, mfu 1.90%
iter 39834: loss 0.7880, time 383.46ms, mfu 1.89%
iter 39835: loss 0.7510, time 244.44ms, mfu 1.99%
iter 39836: loss 0.7444, time 581.36ms, mfu 1.92%
iter 39837: loss 0.7969, time 336.07ms, mfu 1.94%
iter 39838: loss 0.7693, time 372.32ms, mfu 1.93%
iter 39839: loss 0.6932, time 351.99ms, mfu 1.94%
iter 39840: loss 0.7551, time 488.97ms, mfu 1.89%
iter 39841: loss 0.7562, time 367.38ms, mfu 1.90%
iter 39842: loss 0.7181, time 337.52ms, mfu 1.92%
iter 39843: loss 0.7850, time 485.25ms, mfu 1.87%
iter 39844: loss 0.7629, time 355.03ms, mfu 1.88%
iter 39845: loss 0.7634, time 440.17ms, mfu 1.86%
iter 39846: loss 0.6595, time 274.66ms, mfu 1.93%
iter 39847: loss 0.6438, time 302.83ms, mfu 1.97%
iter 39848: loss 0.7156, time 478.74ms, mfu 1.92%
iter 39849: loss 0.7335, time 290.89ms, mfu 1.97%
iter 39850: loss 0.7648, time 270.64ms, mfu 2.04%
iter 39851: loss 0.6987, time 388.04ms, mfu 2.02%
iter 39852: loss 0.6793, time 415.79ms, mfu 1.98%
iter 39853: loss 0.7659, time 397.12ms, mfu 1.96%
iter 39854: loss 0.6932, time 337.82ms, mfu 1.98%
iter 39855: loss 0.7404, time 314.70ms, mfu 2.01%
iter 39856: loss 0.7477, time 383.24ms, mfu 1.99%
iter 39857: loss 0.6793, time 491.22ms, mfu 1.94%
iter 39858: loss 0.7936, time 304.11ms, mfu 1.97%
iter 39859: loss 0.6934, time 333.80ms, mfu 1.99%
iter 39860: loss 0.7098, time 368.50ms, mfu 1.98%
iter 39861: loss 0.6825, time 351.63ms, mfu 1.99%
iter 39862: loss 0.6679, time 511.72ms, mfu 1.93%
iter 39863: loss 0.7829, time 361.32ms, mfu 1.93%
iter 39864: loss 0.7768, time 287.44ms, mfu 1.98%
iter 39865: loss 0.6630, time 437.03ms, mfu 1.95%
iter 39866: loss 0.6416, time 409.16ms, mfu 1.93%
iter 39867: loss 0.7134, time 373.08ms, mfu 1.92%
iter 39868: loss 0.7097, time 358.15ms, mfu 1.93%
iter 39869: loss 0.7205, time 378.62ms, mfu 1.92%
iter 39870: loss 0.6385, time 231.51ms, mfu 2.04%
iter 39871: loss 0.7421, time 343.76ms, mfu 2.04%
iter 39872: loss 0.6187, time 544.13ms, mfu 1.97%
iter 39873: loss 0.6539, time 233.01ms, mfu 2.07%
iter 39874: loss 0.7031, time 364.83ms, mfu 2.06%
iter 39875: loss 0.6888, time 305.26ms, mfu 2.09%
iter 39876: loss 0.6664, time 412.57ms, mfu 2.05%
iter 39877: loss 0.6705, time 288.25ms, mfu 2.09%
iter 39878: loss 0.6678, time 378.19ms, mfu 2.07%
iter 39879: loss 0.7123, time 380.57ms, mfu 2.05%
iter 39880: loss 0.6269, time 388.29ms, mfu 2.03%
iter 39881: loss 0.5975, time 224.01ms, mfu 2.14%
iter 39882: loss 0.6771, time 452.55ms, mfu 2.08%
iter 39883: loss 0.7627, time 477.54ms, mfu 2.02%
iter 39884: loss 0.7042, time 402.21ms, mfu 2.00%
iter 39885: loss 0.6726, time 358.62ms, mfu 1.99%
iter 39886: loss 0.7673, time 423.04ms, mfu 1.96%
iter 39887: loss 0.6116, time 371.33ms, mfu 1.96%
iter 39888: loss 0.6950, time 398.27ms, mfu 1.94%
iter 39889: loss 0.6956, time 401.44ms, mfu 1.92%
iter 39890: loss 0.7358, time 304.56ms, mfu 1.96%
iter 39891: loss 0.6228, time 337.63ms, mfu 1.98%
iter 39892: loss 0.7473, time 452.85ms, mfu 1.93%
iter 39893: loss 0.6548, time 482.36ms, mfu 1.89%
iter 39894: loss 0.7379, time 434.49ms, mfu 1.86%
iter 39895: loss 0.7408, time 341.87ms, mfu 1.88%
iter 39896: loss 0.6772, time 328.08ms, mfu 1.91%
iter 39897: loss 0.7513, time 381.31ms, mfu 1.91%
iter 39898: loss 0.6814, time 382.94ms, mfu 1.90%
iter 39899: loss 0.6141, time 408.41ms, mfu 1.88%
iter 39900: loss 0.6973, time 558.47ms, mfu 1.82%
  === DIAG iter 39900 ===
  loss: 0.6973
  grads: total 1.0000, transformer 0.1414, adapter 0.9900
  <NUM> input tokens: 412/3072 (13.4%)
  lr: base 4.00e-05, adapter 2.00e-05
  SME accuracy: overall 0.439, sign 0.925, exp 0.896, digit 0.249, end 0.868 [d0 0.817 d1 0.430 d2 0.274 d3 0.125 d4 0.060 d5 0.154 d6 0.145 d7 0.055 d8 0.061 d9 0.125 d10 0.036 d11 0.160 d12 0.053 d13 0.067 d14 0.000] (1085 SME tokens)
iter 39901: loss 0.7303, time 199.44ms, mfu 2.00%
iter 39902: loss 0.6561, time 323.50ms, mfu 2.02%
iter 39903: loss 0.7748, time 444.25ms, mfu 1.97%
iter 39904: loss 0.7324, time 323.70ms, mfu 1.99%
iter 39905: loss 0.7340, time 518.01ms, mfu 1.93%
iter 39906: loss 0.7943, time 303.72ms, mfu 1.97%
iter 39907: loss 0.7545, time 503.12ms, mfu 1.92%
iter 39908: loss 0.6683, time 265.23ms, mfu 1.99%
iter 39909: loss 0.8018, time 338.91ms, mfu 2.00%
iter 39910: loss 0.8473, time 459.36ms, mfu 1.96%
iter 39911: loss 0.6511, time 313.94ms, mfu 1.99%
iter 39912: loss 0.7292, time 356.35ms, mfu 1.99%
iter 39913: loss 0.5940, time 388.01ms, mfu 1.97%
iter 39914: loss 0.7555, time 233.27ms, mfu 2.08%
iter 39915: loss 0.6830, time 417.60ms, mfu 2.04%
iter 39916: loss 0.7602, time 401.56ms, mfu 2.01%
iter 39917: loss 0.6815, time 254.12ms, mfu 2.09%
iter 39918: loss 0.6821, time 520.84ms, mfu 2.02%
iter 39919: loss 0.7417, time 354.31ms, mfu 2.01%
iter 39920: loss 0.7028, time 268.21ms, mfu 2.08%
iter 39921: loss 0.7871, time 521.01ms, mfu 2.01%
iter 39922: loss 0.6391, time 320.18ms, mfu 2.03%
iter 39923: loss 0.7891, time 301.00ms, mfu 2.06%
iter 39924: loss 0.6913, time 269.40ms, mfu 2.12%
iter 39925: loss 0.7758, time 528.44ms, mfu 2.04%
iter 39926: loss 0.6467, time 284.32ms, mfu 2.08%
iter 39927: loss 0.6040, time 382.65ms, mfu 2.06%
iter 39928: loss 0.7205, time 462.82ms, mfu 2.01%
iter 39929: loss 0.7135, time 345.78ms, mfu 2.01%
iter 39930: loss 0.6877, time 430.68ms, mfu 1.98%
iter 39931: loss 0.7191, time 460.94ms, mfu 1.93%
iter 39932: loss 0.6486, time 353.95ms, mfu 1.94%
iter 39933: loss 0.7207, time 353.34ms, mfu 1.95%
iter 39934: loss 0.7305, time 480.56ms, mfu 1.90%
iter 39935: loss 0.7568, time 331.06ms, mfu 1.92%
iter 39936: loss 0.7631, time 533.75ms, mfu 1.86%
iter 39937: loss 0.7512, time 301.74ms, mfu 1.91%
iter 39938: loss 0.7580, time 498.90ms, mfu 1.86%
iter 39939: loss 0.6476, time 407.58ms, mfu 1.85%
iter 39940: loss 0.6629, time 334.30ms, mfu 1.88%
iter 39941: loss 0.7281, time 418.42ms, mfu 1.86%
iter 39942: loss 0.6611, time 428.63ms, mfu 1.84%
iter 39943: loss 0.6169, time 363.39ms, mfu 1.85%
iter 39944: loss 0.7740, time 343.90ms, mfu 1.87%
iter 39945: loss 0.7568, time 354.13ms, mfu 1.88%
iter 39946: loss 0.7571, time 370.47ms, mfu 1.89%
iter 39947: loss 0.7455, time 381.41ms, mfu 1.88%
iter 39948: loss 0.5979, time 436.80ms, mfu 1.86%
iter 39949: loss 0.7277, time 364.33ms, mfu 1.87%
iter 39950: loss 0.7005, time 351.05ms, mfu 1.88%
iter 39951: loss 0.6691, time 288.69ms, mfu 1.94%
iter 39952: loss 0.7403, time 470.25ms, mfu 1.90%
iter 39953: loss 0.6291, time 309.92ms, mfu 1.93%
iter 39954: loss 0.6693, time 387.34ms, mfu 1.92%
iter 39955: loss 0.7067, time 252.47ms, mfu 2.01%
iter 39956: loss 0.6730, time 442.24ms, mfu 1.97%
iter 39957: loss 0.6796, time 267.68ms, mfu 2.04%
iter 39958: loss 0.6616, time 372.48ms, mfu 2.03%
iter 39959: loss 0.7055, time 473.38ms, mfu 1.97%
iter 39960: loss 0.7358, time 357.37ms, mfu 1.97%
iter 39961: loss 0.6635, time 405.38ms, mfu 1.95%
iter 39962: loss 0.7940, time 496.14ms, mfu 1.90%
iter 39963: loss 0.6777, time 275.05ms, mfu 1.97%
iter 39964: loss 0.7458, time 380.53ms, mfu 1.96%
iter 39965: loss 0.8032, time 381.98ms, mfu 1.95%
iter 39966: loss 0.7092, time 313.99ms, mfu 1.98%
iter 39967: loss 0.7426, time 413.96ms, mfu 1.95%
iter 39968: loss 0.7411, time 301.50ms, mfu 1.99%
iter 39969: loss 0.7000, time 421.52ms, mfu 1.96%
iter 39970: loss 0.6785, time 514.74ms, mfu 1.90%
iter 39971: loss 0.7046, time 462.14ms, mfu 1.86%
iter 39972: loss 0.7534, time 513.57ms, mfu 1.82%
iter 39973: loss 0.7233, time 524.89ms, mfu 1.77%
iter 39974: loss 0.7252, time 373.32ms, mfu 1.78%
iter 39975: loss 0.7391, time 379.68ms, mfu 1.79%
iter 39976: loss 0.6864, time 495.35ms, mfu 1.75%
iter 39977: loss 0.7189, time 338.90ms, mfu 1.79%
iter 39978: loss 0.5889, time 374.20ms, mfu 1.80%
iter 39979: loss 0.6179, time 436.23ms, mfu 1.78%
iter 39980: loss 0.7071, time 443.21ms, mfu 1.76%
iter 39981: loss 0.6158, time 304.79ms, mfu 1.82%
iter 39982: loss 0.6740, time 363.39ms, mfu 1.83%
iter 39983: loss 0.7515, time 420.53ms, mfu 1.82%
iter 39984: loss 0.6418, time 420.79ms, mfu 1.80%
iter 39985: loss 0.7310, time 363.89ms, mfu 1.82%
iter 39986: loss 0.7073, time 377.83ms, mfu 1.82%
iter 39987: loss 0.6573, time 320.64ms, mfu 1.86%
iter 39988: loss 0.7837, time 239.81ms, mfu 1.97%
iter 39989: loss 0.6115, time 365.15ms, mfu 1.97%
iter 39990: loss 0.6521, time 371.07ms, mfu 1.96%
iter 39991: loss 0.6317, time 432.76ms, mfu 1.93%
iter 39992: loss 0.6886, time 407.70ms, mfu 1.91%
iter 39993: loss 0.7402, time 410.28ms, mfu 1.89%
iter 39994: loss 0.7046, time 351.75ms, mfu 1.91%
iter 39995: loss 0.7444, time 272.51ms, mfu 1.97%
iter 39996: loss 0.7253, time 390.08ms, mfu 1.96%
iter 39997: loss 0.6360, time 253.60ms, mfu 2.04%
iter 39998: loss 0.7814, time 399.61ms, mfu 2.02%
iter 39999: loss 0.7305, time 284.88ms, mfu 2.06%
step 40000: train loss 0.7079, val loss 0.7157
saving checkpoint to /tmpdir/m24047brmn/numbers/model_checkpoints/sme_vardig_e9_numw2_curr_stage_v1/ckpt_iter40000.pt
iter 40000: loss 0.7628, time 12878.42ms, mfu 1.86%
  === DIAG iter 40000 ===
  loss: 0.7628
  grads: total 1.0000, transformer 0.1192, adapter 0.9929
  <NUM> input tokens: 467/3072 (15.2%)
  lr: base 4.00e-05, adapter 2.00e-05
  SME accuracy: overall 0.438, sign 0.968, exp 0.879, digit 0.247, end 0.848 [d0 0.851 d1 0.367 d2 0.291 d3 0.131 d4 0.123 d5 0.095 d6 0.043 d7 0.092 d8 0.075 d9 0.056 d10 0.061 d11 0.034 d12 0.080 d13 0.067 d14 0.100] (1272 SME tokens)
  --- Sample eval (val) ---
  S-E5D9D3D9D0D9D3END
    target: -5.043e-05 -6.523e-07 5.187e-09 3235 4.708e+05 4.438e+08
    pred:   -1.233e+05 1.214e-08 3.132 1.41e-07 1.258e+08 1.111e+08
    error:  123312.00 0.00 3.13 3235.14 125309247.36 332671554.00

   →
    target: -2.425e+08 -4.687e+07 -3e-09 8.067e-05 0.0009681 5.466e+07 6.883e+08
    pred:   9.01e+08 -1.511e+07 INVALID(unparseable) 1.111 4.221e+08 INVALID(unparseable) 1.041e+08
    error:  1143499288.22 31757662.03 N/A 1.11 422100000.00 N/A 584248832.98

  MAX: <5.95618e+06> <3.6e+08> <-1.61716e+08> →
    target: 3.6e+08
    pred:   3.6e+08
    error:  0.00

  <4.387e+08> <3.38e+08> <1e+09> →
    target: 4
    pred:   9e+09
    error:  8999999996.00

  MIN: <0.00143331> <2.9635e+07> →
    target: 0.001433
    pred:   0.001434
    error:  0.00

==========================================
Training finished with status 0
==========================================
