Loading gnu/11.2.0
  Loading requirement: binutils/11.2.0
==========================================
GPT-2 FE Training (Number Embeddings)
  Nodes:          4
  GPUs/node:      2
  Total GPUs:     8
  Dataset:        numtasks_reasoning_1k
  Data dir:       /tmpdir/m24047brmn/numbers/data/numtasks_reasoning_1k
  Checkpoint:     /tmpdir/m24047brmn/numbers/checkpoints/np_emb_v8_500k_model.pt
  Max iters:      50000
  Lambda:         5.0
  Out dir:        /tmpdir/m24047brmn/numbers/model_checkpoints
  Master:         10.158.1.100:37751
==========================================
Error in cpuinfo: prctl(PR_SVE_GET_VL) failed
Error in cpuinfo: prctl(PR_SVE_GET_VL) failed
Error in cpuinfo: prctl(PR_SVE_GET_VL) failed
Error in cpuinfo: prctl(PR_SVE_GET_VL) failed
W0221 15:14:00.923000 3874067 torch/distributed/run.py:793] 
W0221 15:14:00.923000 3874067 torch/distributed/run.py:793] *****************************************
W0221 15:14:00.923000 3874067 torch/distributed/run.py:793] Setting OMP_NUM_THREADS environment variable for each process to be 1 in default, to avoid your system being overloaded, please further tune the variable for optimal performance in your application as needed. 
W0221 15:14:00.923000 3874067 torch/distributed/run.py:793] *****************************************
W0221 15:14:01.065000 1218678 torch/distributed/run.py:793] 
W0221 15:14:01.065000 1218678 torch/distributed/run.py:793] *****************************************
W0221 15:14:01.065000 1218678 torch/distributed/run.py:793] Setting OMP_NUM_THREADS environment variable for each process to be 1 in default, to avoid your system being overloaded, please further tune the variable for optimal performance in your application as needed. 
W0221 15:14:01.065000 1218678 torch/distributed/run.py:793] *****************************************
W0221 15:14:01.092000 1937543 torch/distributed/run.py:793] 
W0221 15:14:01.092000 1937543 torch/distributed/run.py:793] *****************************************
W0221 15:14:01.092000 1937543 torch/distributed/run.py:793] Setting OMP_NUM_THREADS environment variable for each process to be 1 in default, to avoid your system being overloaded, please further tune the variable for optimal performance in your application as needed. 
W0221 15:14:01.092000 1937543 torch/distributed/run.py:793] *****************************************
W0221 15:14:01.125000 2193985 torch/distributed/run.py:793] 
W0221 15:14:01.125000 2193985 torch/distributed/run.py:793] *****************************************
W0221 15:14:01.125000 2193985 torch/distributed/run.py:793] Setting OMP_NUM_THREADS environment variable for each process to be 1 in default, to avoid your system being overloaded, please further tune the variable for optimal performance in your application as needed. 
W0221 15:14:01.125000 2193985 torch/distributed/run.py:793] *****************************************
tokens per iteration will be: 122,880
tokens per iteration will be: 122,880
data directory: /tmpdir/m24047brmn/numbers/data/numtasks_reasoning_1k
tokens per iteration will be: 122,880
tokens per iteration will be: 122,880
data directory: /tmpdir/m24047brmn/numbers/data/numtasks_reasoning_1k
data directory: /tmpdir/m24047brmn/numbers/data/numtasks_reasoning_1k
data directory: /tmpdir/m24047brmn/numbers/data/numtasks_reasoning_1k
found vocab_size = 50304 (inside /tmpdir/m24047brmn/numbers/data/numtasks_reasoning_1k/meta.pkl)
Initializing a new model from scratch
found vocab_size = 50304 (inside /tmpdir/m24047brmn/numbers/data/numtasks_reasoning_1k/meta.pkl)
Initializing a new model from scratch
Error in cpuinfo: prctl(PR_SVE_GET_VL) failed
found vocab_size = 50304 (inside /tmpdir/m24047brmn/numbers/data/numtasks_reasoning_1k/meta.pkl)
Initializing a new model from scratch
found vocab_size = 50304 (inside /tmpdir/m24047brmn/numbers/data/numtasks_reasoning_1k/meta.pkl)
Initializing a new model from scratch
Error in cpuinfo: prctl(PR_SVE_GET_VL) failed
Error in cpuinfo: prctl(PR_SVE_GET_VL) failed
Error in cpuinfo: prctl(PR_SVE_GET_VL) failed
tokens per iteration will be: 122,880
tokens per iteration will be: 122,880
data directory: /tmpdir/m24047brmn/numbers/data/numtasks_reasoning_1k
data directory: /tmpdir/m24047brmn/numbers/data/numtasks_reasoning_1k
tokens per iteration will be: 122,880
data directory: /tmpdir/m24047brmn/numbers/data/numtasks_reasoning_1k
found vocab_size = 50304 (inside /tmpdir/m24047brmn/numbers/data/numtasks_reasoning_1k/meta.pkl)
Initializing a new model from scratch
Error in cpuinfo: prctl(PR_SVE_GET_VL) failed
found vocab_size = 50304 (inside /tmpdir/m24047brmn/numbers/data/numtasks_reasoning_1k/meta.pkl)
Initializing a new model from scratch
Error in cpuinfo: prctl(PR_SVE_GET_VL) failed
found vocab_size = 50304 (inside /tmpdir/m24047brmn/numbers/data/numtasks_reasoning_1k/meta.pkl)
Initializing a new model from scratch
Error in cpuinfo: prctl(PR_SVE_GET_VL) failed
tokens per iteration will be: 122,880
data directory: /tmpdir/m24047brmn/numbers/data/numtasks_reasoning_1k
found vocab_size = 50304 (inside /tmpdir/m24047brmn/numbers/data/numtasks_reasoning_1k/meta.pkl)
Initializing a new model from scratch
Error in cpuinfo: prctl(PR_SVE_GET_VL) failed
number of parameters: 22.55M
number of parameters: 22.55M
number of parameters: 22.55M
number of parameters: 22.55M
number of parameters: 22.55M
number of parameters: 22.55M
number of parameters: 22.55M
/work/m24047/m24047brmn/numbers/GPT2/fe/train.py:234: FutureWarning: `torch.cuda.amp.GradScaler(args...)` is deprecated. Please use `torch.amp.GradScaler('cuda', args...)` instead.
  scaler = torch.cuda.amp.GradScaler(enabled=(dtype == 'float16'))
num decayed parameter tensors: 55, with 22,610,176 parameters
num non-decayed parameter tensors: 31, with 7,437 parameters
/work/m24047/m24047brmn/numbers/GPT2/fe/train.py:234: FutureWarning: `torch.cuda.amp.GradScaler(args...)` is deprecated. Please use `torch.amp.GradScaler('cuda', args...)` instead.
  scaler = torch.cuda.amp.GradScaler(enabled=(dtype == 'float16'))
num decayed parameter tensors: 55, with 22,610,176 parameters
num non-decayed parameter tensors: 31, with 7,437 parameters
number of parameters: 22.55M
/work/m24047/m24047brmn/numbers/GPT2/fe/train.py:234: FutureWarning: `torch.cuda.amp.GradScaler(args...)` is deprecated. Please use `torch.amp.GradScaler('cuda', args...)` instead.
  scaler = torch.cuda.amp.GradScaler(enabled=(dtype == 'float16'))
num decayed parameter tensors: 55, with 22,610,176 parameters
num non-decayed parameter tensors: 31, with 7,437 parameters
/work/m24047/m24047brmn/numbers/GPT2/fe/train.py:234: FutureWarning: `torch.cuda.amp.GradScaler(args...)` is deprecated. Please use `torch.amp.GradScaler('cuda', args...)` instead.
  scaler = torch.cuda.amp.GradScaler(enabled=(dtype == 'float16'))
num decayed parameter tensors: 55, with 22,610,176 parameters
num non-decayed parameter tensors: 31, with 7,437 parameters
/work/m24047/m24047brmn/numbers/GPT2/fe/train.py:234: FutureWarning: `torch.cuda.amp.GradScaler(args...)` is deprecated. Please use `torch.amp.GradScaler('cuda', args...)` instead.
  scaler = torch.cuda.amp.GradScaler(enabled=(dtype == 'float16'))
num decayed parameter tensors: 55, with 22,610,176 parameters
num non-decayed parameter tensors: 31, with 7,437 parameters
/work/m24047/m24047brmn/numbers/GPT2/fe/train.py:234: FutureWarning: `torch.cuda.amp.GradScaler(args...)` is deprecated. Please use `torch.amp.GradScaler('cuda', args...)` instead.
  scaler = torch.cuda.amp.GradScaler(enabled=(dtype == 'float16'))
num decayed parameter tensors: 55, with 22,610,176 parameters
num non-decayed parameter tensors: 31, with 7,437 parameters
/work/m24047/m24047brmn/numbers/GPT2/fe/train.py:234: FutureWarning: `torch.cuda.amp.GradScaler(args...)` is deprecated. Please use `torch.amp.GradScaler('cuda', args...)` instead.
  scaler = torch.cuda.amp.GradScaler(enabled=(dtype == 'float16'))
num decayed parameter tensors: 55, with 22,610,176 parameters
num non-decayed parameter tensors: 31, with 7,437 parameters
/work/m24047/m24047brmn/numbers/GPT2/fe/train.py:234: FutureWarning: `torch.cuda.amp.GradScaler(args...)` is deprecated. Please use `torch.amp.GradScaler('cuda', args...)` instead.
  scaler = torch.cuda.amp.GradScaler(enabled=(dtype == 'float16'))
num decayed parameter tensors: 55, with 22,610,176 parameters
num non-decayed parameter tensors: 31, with 7,437 parameters
using fused AdamW: True
compiling the model... (takes a ~minute)
using fused AdamW: True
compiling the model... (takes a ~minute)
using fused AdamW: True
compiling the model... (takes a ~minute)
using fused AdamW: True
compiling the model... (takes a ~minute)
using fused AdamW: True
compiling the model... (takes a ~minute)
using fused AdamW: True
compiling the model... (takes a ~minute)
using fused AdamW: True
compiling the model... (takes a ~minute)
using fused AdamW: True
compiling the model... (takes a ~minute)
[rank0]:W0221 15:14:59.453000 3874136 torch/_dynamo/variables/tensor.py:776] [5/0] Graph break from `Tensor.item()`, consider setting:
[rank0]:W0221 15:14:59.453000 3874136 torch/_dynamo/variables/tensor.py:776] [5/0]     torch._dynamo.config.capture_scalar_outputs = True
[rank0]:W0221 15:14:59.453000 3874136 torch/_dynamo/variables/tensor.py:776] [5/0] or:
[rank0]:W0221 15:14:59.453000 3874136 torch/_dynamo/variables/tensor.py:776] [5/0]     env TORCHDYNAMO_CAPTURE_SCALAR_OUTPUTS=1
[rank0]:W0221 15:14:59.453000 3874136 torch/_dynamo/variables/tensor.py:776] [5/0] to include these operations in the captured graph.
[rank0]:W0221 15:14:59.453000 3874136 torch/_dynamo/variables/tensor.py:776] [5/0] 
[rank0]:W0221 15:14:59.453000 3874136 torch/_dynamo/variables/tensor.py:776] [5/0] Graph break: from user code at:
[rank0]:W0221 15:14:59.453000 3874136 torch/_dynamo/variables/tensor.py:776] [5/0]   File "/work/m24047/m24047brmn/numbers/GPT2/fe/model.py", line 323, in torch_dynamo_resume_in_forward_at_316
[rank0]:W0221 15:14:59.453000 3874136 torch/_dynamo/variables/tensor.py:776] [5/0]     self._last_text_loss = text_loss.item()
[rank0]:W0221 15:14:59.453000 3874136 torch/_dynamo/variables/tensor.py:776] [5/0] 
[rank0]:W0221 15:14:59.453000 3874136 torch/_dynamo/variables/tensor.py:776] [5/0] 
[rank2]:W0221 15:15:08.096000 1937611 torch/_dynamo/variables/tensor.py:776] [6/0] Graph break from `Tensor.item()`, consider setting:
[rank2]:W0221 15:15:08.096000 1937611 torch/_dynamo/variables/tensor.py:776] [6/0]     torch._dynamo.config.capture_scalar_outputs = True
[rank2]:W0221 15:15:08.096000 1937611 torch/_dynamo/variables/tensor.py:776] [6/0] or:
[rank2]:W0221 15:15:08.096000 1937611 torch/_dynamo/variables/tensor.py:776] [6/0]     env TORCHDYNAMO_CAPTURE_SCALAR_OUTPUTS=1
[rank2]:W0221 15:15:08.096000 1937611 torch/_dynamo/variables/tensor.py:776] [6/0] to include these operations in the captured graph.
[rank2]:W0221 15:15:08.096000 1937611 torch/_dynamo/variables/tensor.py:776] [6/0] 
[rank2]:W0221 15:15:08.096000 1937611 torch/_dynamo/variables/tensor.py:776] [6/0] Graph break: from user code at:
[rank2]:W0221 15:15:08.096000 1937611 torch/_dynamo/variables/tensor.py:776] [6/0]   File "/work/m24047/m24047brmn/numbers/GPT2/fe/model.py", line 323, in torch_dynamo_resume_in_forward_at_316
[rank2]:W0221 15:15:08.096000 1937611 torch/_dynamo/variables/tensor.py:776] [6/0]     self._last_text_loss = text_loss.item()
[rank2]:W0221 15:15:08.096000 1937611 torch/_dynamo/variables/tensor.py:776] [6/0] 
[rank2]:W0221 15:15:08.096000 1937611 torch/_dynamo/variables/tensor.py:776] [6/0] 
[rank3]:W0221 15:15:08.299000 1937612 torch/_dynamo/variables/tensor.py:776] [6/0] Graph break from `Tensor.item()`, consider setting:
[rank3]:W0221 15:15:08.299000 1937612 torch/_dynamo/variables/tensor.py:776] [6/0]     torch._dynamo.config.capture_scalar_outputs = True
[rank3]:W0221 15:15:08.299000 1937612 torch/_dynamo/variables/tensor.py:776] [6/0] or:
[rank3]:W0221 15:15:08.299000 1937612 torch/_dynamo/variables/tensor.py:776] [6/0]     env TORCHDYNAMO_CAPTURE_SCALAR_OUTPUTS=1
[rank3]:W0221 15:15:08.299000 1937612 torch/_dynamo/variables/tensor.py:776] [6/0] to include these operations in the captured graph.
[rank3]:W0221 15:15:08.299000 1937612 torch/_dynamo/variables/tensor.py:776] [6/0] 
[rank3]:W0221 15:15:08.299000 1937612 torch/_dynamo/variables/tensor.py:776] [6/0] Graph break: from user code at:
[rank3]:W0221 15:15:08.299000 1937612 torch/_dynamo/variables/tensor.py:776] [6/0]   File "/work/m24047/m24047brmn/numbers/GPT2/fe/model.py", line 323, in torch_dynamo_resume_in_forward_at_316
[rank3]:W0221 15:15:08.299000 1937612 torch/_dynamo/variables/tensor.py:776] [6/0]     self._last_text_loss = text_loss.item()
[rank3]:W0221 15:15:08.299000 1937612 torch/_dynamo/variables/tensor.py:776] [6/0] 
[rank3]:W0221 15:15:08.299000 1937612 torch/_dynamo/variables/tensor.py:776] [6/0] 
[rank7]:W0221 15:15:08.836000 1218747 torch/_dynamo/variables/tensor.py:776] [6/0] Graph break from `Tensor.item()`, consider setting:
[rank7]:W0221 15:15:08.836000 1218747 torch/_dynamo/variables/tensor.py:776] [6/0]     torch._dynamo.config.capture_scalar_outputs = True
[rank7]:W0221 15:15:08.836000 1218747 torch/_dynamo/variables/tensor.py:776] [6/0] or:
[rank7]:W0221 15:15:08.836000 1218747 torch/_dynamo/variables/tensor.py:776] [6/0]     env TORCHDYNAMO_CAPTURE_SCALAR_OUTPUTS=1
[rank7]:W0221 15:15:08.836000 1218747 torch/_dynamo/variables/tensor.py:776] [6/0] to include these operations in the captured graph.
[rank7]:W0221 15:15:08.836000 1218747 torch/_dynamo/variables/tensor.py:776] [6/0] 
[rank7]:W0221 15:15:08.836000 1218747 torch/_dynamo/variables/tensor.py:776] [6/0] Graph break: from user code at:
[rank7]:W0221 15:15:08.836000 1218747 torch/_dynamo/variables/tensor.py:776] [6/0]   File "/work/m24047/m24047brmn/numbers/GPT2/fe/model.py", line 323, in torch_dynamo_resume_in_forward_at_316
[rank7]:W0221 15:15:08.836000 1218747 torch/_dynamo/variables/tensor.py:776] [6/0]     self._last_text_loss = text_loss.item()
[rank7]:W0221 15:15:08.836000 1218747 torch/_dynamo/variables/tensor.py:776] [6/0] 
[rank7]:W0221 15:15:08.836000 1218747 torch/_dynamo/variables/tensor.py:776] [6/0] 
[rank5]:W0221 15:15:09.315000 2194054 torch/_dynamo/variables/tensor.py:776] [6/0] Graph break from `Tensor.item()`, consider setting:
[rank5]:W0221 15:15:09.315000 2194054 torch/_dynamo/variables/tensor.py:776] [6/0]     torch._dynamo.config.capture_scalar_outputs = True
[rank5]:W0221 15:15:09.315000 2194054 torch/_dynamo/variables/tensor.py:776] [6/0] or:
[rank5]:W0221 15:15:09.315000 2194054 torch/_dynamo/variables/tensor.py:776] [6/0]     env TORCHDYNAMO_CAPTURE_SCALAR_OUTPUTS=1
[rank5]:W0221 15:15:09.315000 2194054 torch/_dynamo/variables/tensor.py:776] [6/0] to include these operations in the captured graph.
[rank5]:W0221 15:15:09.315000 2194054 torch/_dynamo/variables/tensor.py:776] [6/0] 
[rank5]:W0221 15:15:09.315000 2194054 torch/_dynamo/variables/tensor.py:776] [6/0] Graph break: from user code at:
[rank5]:W0221 15:15:09.315000 2194054 torch/_dynamo/variables/tensor.py:776] [6/0]   File "/work/m24047/m24047brmn/numbers/GPT2/fe/model.py", line 323, in torch_dynamo_resume_in_forward_at_316
[rank5]:W0221 15:15:09.315000 2194054 torch/_dynamo/variables/tensor.py:776] [6/0]     self._last_text_loss = text_loss.item()
[rank5]:W0221 15:15:09.315000 2194054 torch/_dynamo/variables/tensor.py:776] [6/0] 
[rank5]:W0221 15:15:09.315000 2194054 torch/_dynamo/variables/tensor.py:776] [6/0] 
[rank6]:W0221 15:15:09.876000 1218746 torch/_dynamo/variables/tensor.py:776] [6/0] Graph break from `Tensor.item()`, consider setting:
[rank6]:W0221 15:15:09.876000 1218746 torch/_dynamo/variables/tensor.py:776] [6/0]     torch._dynamo.config.capture_scalar_outputs = True
[rank6]:W0221 15:15:09.876000 1218746 torch/_dynamo/variables/tensor.py:776] [6/0] or:
[rank6]:W0221 15:15:09.876000 1218746 torch/_dynamo/variables/tensor.py:776] [6/0]     env TORCHDYNAMO_CAPTURE_SCALAR_OUTPUTS=1
[rank6]:W0221 15:15:09.876000 1218746 torch/_dynamo/variables/tensor.py:776] [6/0] to include these operations in the captured graph.
[rank6]:W0221 15:15:09.876000 1218746 torch/_dynamo/variables/tensor.py:776] [6/0] 
[rank6]:W0221 15:15:09.876000 1218746 torch/_dynamo/variables/tensor.py:776] [6/0] Graph break: from user code at:
[rank6]:W0221 15:15:09.876000 1218746 torch/_dynamo/variables/tensor.py:776] [6/0]   File "/work/m24047/m24047brmn/numbers/GPT2/fe/model.py", line 323, in torch_dynamo_resume_in_forward_at_316
[rank6]:W0221 15:15:09.876000 1218746 torch/_dynamo/variables/tensor.py:776] [6/0]     self._last_text_loss = text_loss.item()
[rank6]:W0221 15:15:09.876000 1218746 torch/_dynamo/variables/tensor.py:776] [6/0] 
[rank6]:W0221 15:15:09.876000 1218746 torch/_dynamo/variables/tensor.py:776] [6/0] 
[rank1]:W0221 15:15:10.224000 3874137 torch/_dynamo/variables/tensor.py:776] [6/0] Graph break from `Tensor.item()`, consider setting:
[rank1]:W0221 15:15:10.224000 3874137 torch/_dynamo/variables/tensor.py:776] [6/0]     torch._dynamo.config.capture_scalar_outputs = True
[rank1]:W0221 15:15:10.224000 3874137 torch/_dynamo/variables/tensor.py:776] [6/0] or:
[rank1]:W0221 15:15:10.224000 3874137 torch/_dynamo/variables/tensor.py:776] [6/0]     env TORCHDYNAMO_CAPTURE_SCALAR_OUTPUTS=1
[rank1]:W0221 15:15:10.224000 3874137 torch/_dynamo/variables/tensor.py:776] [6/0] to include these operations in the captured graph.
[rank1]:W0221 15:15:10.224000 3874137 torch/_dynamo/variables/tensor.py:776] [6/0] 
[rank1]:W0221 15:15:10.224000 3874137 torch/_dynamo/variables/tensor.py:776] [6/0] Graph break: from user code at:
[rank1]:W0221 15:15:10.224000 3874137 torch/_dynamo/variables/tensor.py:776] [6/0]   File "/work/m24047/m24047brmn/numbers/GPT2/fe/model.py", line 323, in torch_dynamo_resume_in_forward_at_316
[rank1]:W0221 15:15:10.224000 3874137 torch/_dynamo/variables/tensor.py:776] [6/0]     self._last_text_loss = text_loss.item()
[rank1]:W0221 15:15:10.224000 3874137 torch/_dynamo/variables/tensor.py:776] [6/0] 
[rank1]:W0221 15:15:10.224000 3874137 torch/_dynamo/variables/tensor.py:776] [6/0] 
[rank4]:W0221 15:15:10.335000 2194053 torch/_dynamo/variables/tensor.py:776] [6/0] Graph break from `Tensor.item()`, consider setting:
[rank4]:W0221 15:15:10.335000 2194053 torch/_dynamo/variables/tensor.py:776] [6/0]     torch._dynamo.config.capture_scalar_outputs = True
[rank4]:W0221 15:15:10.335000 2194053 torch/_dynamo/variables/tensor.py:776] [6/0] or:
[rank4]:W0221 15:15:10.335000 2194053 torch/_dynamo/variables/tensor.py:776] [6/0]     env TORCHDYNAMO_CAPTURE_SCALAR_OUTPUTS=1
[rank4]:W0221 15:15:10.335000 2194053 torch/_dynamo/variables/tensor.py:776] [6/0] to include these operations in the captured graph.
[rank4]:W0221 15:15:10.335000 2194053 torch/_dynamo/variables/tensor.py:776] [6/0] 
[rank4]:W0221 15:15:10.335000 2194053 torch/_dynamo/variables/tensor.py:776] [6/0] Graph break: from user code at:
[rank4]:W0221 15:15:10.335000 2194053 torch/_dynamo/variables/tensor.py:776] [6/0]   File "/work/m24047/m24047brmn/numbers/GPT2/fe/model.py", line 323, in torch_dynamo_resume_in_forward_at_316
[rank4]:W0221 15:15:10.335000 2194053 torch/_dynamo/variables/tensor.py:776] [6/0]     self._last_text_loss = text_loss.item()
[rank4]:W0221 15:15:10.335000 2194053 torch/_dynamo/variables/tensor.py:776] [6/0] 
[rank4]:W0221 15:15:10.335000 2194053 torch/_dynamo/variables/tensor.py:776] [6/0] 
[rank0]:W0221 15:15:20.485000 3874136 torch/_dynamo/convert_frame.py:841] [6/8] torch._dynamo hit config.cache_size_limit (8)
[rank0]:W0221 15:15:20.485000 3874136 torch/_dynamo/convert_frame.py:841] [6/8]    function: 'torch_dynamo_resume_in_forward_at_323' (/work/m24047/m24047brmn/numbers/GPT2/fe/model.py:323)
[rank0]:W0221 15:15:20.485000 3874136 torch/_dynamo/convert_frame.py:841] [6/8]    last reason: 6/0: L['___stack0'] == 10.868072509765625                        
[rank0]:W0221 15:15:20.485000 3874136 torch/_dynamo/convert_frame.py:841] [6/8] To log all recompilation reasons, use TORCH_LOGS="recompiles".
[rank0]:W0221 15:15:20.485000 3874136 torch/_dynamo/convert_frame.py:841] [6/8] To diagnose recompilation issues, see https://pytorch.org/docs/main/torch.compiler_troubleshooting.html.
step 0: train loss 143.7544, val loss 144.6113
iter 0: loss 142.4157, time 161657.22ms, mfu -100.00%
  === DIAG iter 0 ===
  loss breakdown: text 10.9060 | num 26.3019 (lambda=5.0)
  grads: total 1.0000, transformer 0.8955, adapter 0.0820, num_head 0.4375
  nums: 867/3072 tokens (28.2%)
  lr: 3.00e-07
  layer_weights: [L0:0.083 L1:0.083 L2:0.083 L3:0.083 L4:0.083 L5:0.083 L6:0.083 L7:0.083 L8:0.083 L9:0.083 L10:0.083 L11:0.083]
[rank2]:W0221 15:16:57.010000 1937611 torch/_dynamo/convert_frame.py:841] [7/8] torch._dynamo hit config.cache_size_limit (8)
[rank2]:W0221 15:16:57.010000 1937611 torch/_dynamo/convert_frame.py:841] [7/8]    function: 'torch_dynamo_resume_in_forward_at_323' (/work/m24047/m24047brmn/numbers/GPT2/fe/model.py:323)
[rank2]:W0221 15:16:57.010000 1937611 torch/_dynamo/convert_frame.py:841] [7/8]    last reason: 7/0: L['___stack0'] == 10.876765251159668                        
[rank2]:W0221 15:16:57.010000 1937611 torch/_dynamo/convert_frame.py:841] [7/8] To log all recompilation reasons, use TORCH_LOGS="recompiles".
[rank2]:W0221 15:16:57.010000 1937611 torch/_dynamo/convert_frame.py:841] [7/8] To diagnose recompilation issues, see https://pytorch.org/docs/main/torch.compiler_troubleshooting.html.
[rank5]:W0221 15:16:57.030000 2194054 torch/_dynamo/convert_frame.py:841] [7/8] torch._dynamo hit config.cache_size_limit (8)
[rank5]:W0221 15:16:57.030000 2194054 torch/_dynamo/convert_frame.py:841] [7/8]    function: 'torch_dynamo_resume_in_forward_at_323' (/work/m24047/m24047brmn/numbers/GPT2/fe/model.py:323)
[rank5]:W0221 15:16:57.030000 2194054 torch/_dynamo/convert_frame.py:841] [7/8]    last reason: 7/0: L['___stack0'] == 10.871587753295898                        
[rank5]:W0221 15:16:57.030000 2194054 torch/_dynamo/convert_frame.py:841] [7/8] To log all recompilation reasons, use TORCH_LOGS="recompiles".
[rank5]:W0221 15:16:57.030000 2194054 torch/_dynamo/convert_frame.py:841] [7/8] To diagnose recompilation issues, see https://pytorch.org/docs/main/torch.compiler_troubleshooting.html.
[rank3]:W0221 15:16:57.033000 1937612 torch/_dynamo/convert_frame.py:841] [7/8] torch._dynamo hit config.cache_size_limit (8)
[rank3]:W0221 15:16:57.033000 1937612 torch/_dynamo/convert_frame.py:841] [7/8]    function: 'torch_dynamo_resume_in_forward_at_323' (/work/m24047/m24047brmn/numbers/GPT2/fe/model.py:323)
[rank3]:W0221 15:16:57.033000 1937612 torch/_dynamo/convert_frame.py:841] [7/8]    last reason: 7/0: L['___stack0'] == 10.861379623413086                        
[rank3]:W0221 15:16:57.033000 1937612 torch/_dynamo/convert_frame.py:841] [7/8] To log all recompilation reasons, use TORCH_LOGS="recompiles".
[rank3]:W0221 15:16:57.033000 1937612 torch/_dynamo/convert_frame.py:841] [7/8] To diagnose recompilation issues, see https://pytorch.org/docs/main/torch.compiler_troubleshooting.html.
[rank6]:W0221 15:16:57.053000 1218746 torch/_dynamo/convert_frame.py:841] [7/8] torch._dynamo hit config.cache_size_limit (8)
[rank6]:W0221 15:16:57.053000 1218746 torch/_dynamo/convert_frame.py:841] [7/8]    function: 'torch_dynamo_resume_in_forward_at_323' (/work/m24047/m24047brmn/numbers/GPT2/fe/model.py:323)
[rank6]:W0221 15:16:57.053000 1218746 torch/_dynamo/convert_frame.py:841] [7/8]    last reason: 7/0: L['___stack0'] == 10.868680953979492                        
[rank6]:W0221 15:16:57.053000 1218746 torch/_dynamo/convert_frame.py:841] [7/8] To log all recompilation reasons, use TORCH_LOGS="recompiles".
[rank6]:W0221 15:16:57.053000 1218746 torch/_dynamo/convert_frame.py:841] [7/8] To diagnose recompilation issues, see https://pytorch.org/docs/main/torch.compiler_troubleshooting.html.
[rank4]:W0221 15:16:57.060000 2194053 torch/_dynamo/convert_frame.py:841] [7/8] torch._dynamo hit config.cache_size_limit (8)
[rank4]:W0221 15:16:57.060000 2194053 torch/_dynamo/convert_frame.py:841] [7/8]    function: 'torch_dynamo_resume_in_forward_at_323' (/work/m24047/m24047brmn/numbers/GPT2/fe/model.py:323)
[rank4]:W0221 15:16:57.060000 2194053 torch/_dynamo/convert_frame.py:841] [7/8]    last reason: 7/0: L['___stack0'] == 10.864288330078125                        
[rank4]:W0221 15:16:57.060000 2194053 torch/_dynamo/convert_frame.py:841] [7/8] To log all recompilation reasons, use TORCH_LOGS="recompiles".
[rank4]:W0221 15:16:57.060000 2194053 torch/_dynamo/convert_frame.py:841] [7/8] To diagnose recompilation issues, see https://pytorch.org/docs/main/torch.compiler_troubleshooting.html.
[rank7]:W0221 15:16:57.087000 1218747 torch/_dynamo/convert_frame.py:841] [7/8] torch._dynamo hit config.cache_size_limit (8)
[rank7]:W0221 15:16:57.087000 1218747 torch/_dynamo/convert_frame.py:841] [7/8]    function: 'torch_dynamo_resume_in_forward_at_323' (/work/m24047/m24047brmn/numbers/GPT2/fe/model.py:323)
[rank7]:W0221 15:16:57.087000 1218747 torch/_dynamo/convert_frame.py:841] [7/8]    last reason: 7/0: L['___stack0'] == 10.888679504394531                        
[rank7]:W0221 15:16:57.087000 1218747 torch/_dynamo/convert_frame.py:841] [7/8] To log all recompilation reasons, use TORCH_LOGS="recompiles".
[rank7]:W0221 15:16:57.087000 1218747 torch/_dynamo/convert_frame.py:841] [7/8] To diagnose recompilation issues, see https://pytorch.org/docs/main/torch.compiler_troubleshooting.html.
[rank1]:W0221 15:16:57.121000 3874137 torch/_dynamo/convert_frame.py:841] [7/8] torch._dynamo hit config.cache_size_limit (8)
[rank1]:W0221 15:16:57.121000 3874137 torch/_dynamo/convert_frame.py:841] [7/8]    function: 'torch_dynamo_resume_in_forward_at_323' (/work/m24047/m24047brmn/numbers/GPT2/fe/model.py:323)
[rank1]:W0221 15:16:57.121000 3874137 torch/_dynamo/convert_frame.py:841] [7/8]    last reason: 7/0: L['___stack0'] == 10.86429500579834                         
[rank1]:W0221 15:16:57.121000 3874137 torch/_dynamo/convert_frame.py:841] [7/8] To log all recompilation reasons, use TORCH_LOGS="recompiles".
[rank1]:W0221 15:16:57.121000 3874137 torch/_dynamo/convert_frame.py:841] [7/8] To diagnose recompilation issues, see https://pytorch.org/docs/main/torch.compiler_troubleshooting.html.
iter 1: loss 142.2620, time 225.98ms, mfu -100.00%
iter 2: loss 142.1249, time 905.87ms, mfu -100.00%
iter 3: loss 142.0424, time 322.35ms, mfu -100.00%
iter 4: loss 137.8426, time 459.02ms, mfu -100.00%
iter 5: loss 145.5578, time 435.23ms, mfu 1.64%
iter 6: loss 151.1237, time 422.63ms, mfu 1.64%
iter 7: loss 141.4067, time 472.05ms, mfu 1.63%
iter 8: loss 141.3271, time 355.20ms, mfu 1.67%
iter 9: loss 145.1055, time 547.51ms, mfu 1.63%
iter 10: loss 141.4657, time 475.70ms, mfu 1.62%
iter 11: loss 147.5080, time 376.51ms, mfu 1.64%
iter 12: loss 146.1151, time 525.54ms, mfu 1.62%
iter 13: loss 138.2525, time 451.19ms, mfu 1.61%
iter 14: loss 138.6852, time 362.74ms, mfu 1.65%
iter 15: loss 145.9520, time 281.31ms, mfu 1.74%
iter 16: loss 141.2322, time 542.72ms, mfu 1.69%
iter 17: loss 136.5842, time 452.60ms, mfu 1.68%
iter 18: loss 146.1504, time 389.29ms, mfu 1.70%
iter 19: loss 142.5659, time 490.75ms, mfu 1.67%
iter 20: loss 140.3405, time 395.84ms, mfu 1.68%
iter 21: loss 134.5091, time 521.27ms, mfu 1.65%
iter 22: loss 141.1393, time 729.52ms, mfu 1.59%
iter 23: loss 138.4083, time 382.61ms, mfu 1.61%
iter 24: loss 144.5471, time 488.92ms, mfu 1.60%
iter 25: loss 140.9800, time 482.87ms, mfu 1.59%
iter 26: loss 146.6318, time 444.43ms, mfu 1.59%
iter 27: loss 144.2488, time 363.04ms, mfu 1.62%
iter 28: loss 146.1556, time 403.40ms, mfu 1.64%
iter 29: loss 143.9007, time 591.17ms, mfu 1.60%
iter 30: loss 138.6984, time 544.92ms, mfu 1.57%
iter 31: loss 144.2731, time 320.47ms, mfu 1.63%
iter 32: loss 135.6006, time 518.38ms, mfu 1.61%
iter 33: loss 140.7164, time 391.25ms, mfu 1.63%
iter 34: loss 142.9594, time 356.94ms, mfu 1.67%
iter 35: loss 138.6261, time 569.73ms, mfu 1.62%
iter 36: loss 142.8523, time 362.15ms, mfu 1.66%
iter 37: loss 139.2907, time 394.76ms, mfu 1.67%
iter 38: loss 142.6294, time 507.53ms, mfu 1.65%
iter 39: loss 137.7510, time 405.01ms, mfu 1.66%
iter 40: loss 147.9514, time 458.81ms, mfu 1.65%
iter 41: loss 138.8231, time 389.12ms, mfu 1.67%
iter 42: loss 141.3565, time 467.44ms, mfu 1.65%
iter 43: loss 134.8278, time 442.18ms, mfu 1.65%
iter 44: loss 138.8349, time 402.80ms, mfu 1.66%
iter 45: loss 137.5493, time 520.77ms, mfu 1.63%
iter 46: loss 133.8291, time 575.97ms, mfu 1.59%
iter 47: loss 140.9577, time 383.49ms, mfu 1.62%
iter 48: loss 144.8450, time 423.13ms, mfu 1.62%
iter 49: loss 139.2041, time 395.21ms, mfu 1.64%
iter 50: loss 144.8460, time 578.54ms, mfu 1.60%
iter 51: loss 140.0893, time 335.34ms, mfu 1.65%
iter 52: loss 137.3289, time 459.24ms, mfu 1.64%
iter 53: loss 138.9201, time 456.74ms, mfu 1.64%
iter 54: loss 145.6078, time 375.36ms, mfu 1.66%
iter 55: loss 144.9130, time 500.87ms, mfu 1.64%
iter 56: loss 141.1802, time 353.11ms, mfu 1.68%
iter 57: loss 134.4973, time 425.87ms, mfu 1.68%
iter 58: loss 149.5510, time 498.11ms, mfu 1.65%
iter 59: loss 144.1293, time 296.51ms, mfu 1.73%
iter 60: loss 139.7166, time 520.42ms, mfu 1.69%
iter 61: loss 139.4502, time 458.09ms, mfu 1.68%
iter 62: loss 137.4349, time 481.05ms, mfu 1.66%
iter 63: loss 142.6046, time 564.81ms, mfu 1.62%
iter 64: loss 133.1494, time 523.02ms, mfu 1.59%
iter 65: loss 146.7934, time 411.09ms, mfu 1.61%
iter 66: loss 138.4351, time 450.34ms, mfu 1.60%
iter 67: loss 143.2583, time 411.38ms, mfu 1.62%
iter 68: loss 141.3518, time 463.93ms, mfu 1.61%
iter 69: loss 135.2359, time 437.25ms, mfu 1.61%
iter 70: loss 136.6830, time 340.29ms, mfu 1.66%
iter 71: loss 137.8564, time 386.10ms, mfu 1.68%
iter 72: loss 134.4668, time 570.72ms, mfu 1.63%
iter 73: loss 140.3098, time 373.26ms, mfu 1.66%
iter 74: loss 144.3015, time 430.85ms, mfu 1.66%
iter 75: loss 137.8313, time 525.12ms, mfu 1.63%
iter 76: loss 138.7826, time 367.18ms, mfu 1.66%
iter 77: loss 140.4314, time 318.41ms, mfu 1.72%
iter 78: loss 134.1956, time 488.27ms, mfu 1.69%
iter 79: loss 132.1847, time 372.83ms, mfu 1.72%
iter 80: loss 139.5361, time 326.08ms, mfu 1.76%
iter 81: loss 143.2966, time 548.46ms, mfu 1.72%
iter 82: loss 134.4582, time 386.98ms, mfu 1.73%
iter 83: loss 139.9275, time 342.68ms, mfu 1.76%
iter 84: loss 136.4924, time 378.00ms, mfu 1.78%
iter 85: loss 138.9828, time 342.61ms, mfu 1.81%
iter 86: loss 141.8243, time 479.93ms, mfu 1.77%
iter 87: loss 138.9612, time 437.12ms, mfu 1.76%
iter 88: loss 137.7141, time 380.24ms, mfu 1.77%
iter 89: loss 142.6503, time 457.69ms, mfu 1.75%
iter 90: loss 145.7094, time 463.47ms, mfu 1.73%
iter 91: loss 140.0321, time 584.22ms, mfu 1.68%
iter 92: loss 131.0794, time 329.08ms, mfu 1.73%
iter 93: loss 137.3249, time 339.66ms, mfu 1.76%
iter 94: loss 135.6301, time 525.50ms, mfu 1.72%
iter 95: loss 136.2539, time 498.69ms, mfu 1.69%
iter 96: loss 126.3396, time 346.78ms, mfu 1.73%
iter 97: loss 133.4478, time 401.85ms, mfu 1.73%
iter 98: loss 135.3798, time 391.58ms, mfu 1.74%
iter 99: loss 137.4252, time 363.81ms, mfu 1.76%
iter 100: loss 135.2115, time 627.79ms, mfu 1.70%
  === DIAG iter 100 ===
  loss breakdown: text 6.8478 | num 25.6727 (lambda=5.0)
  grads: total 1.0000, transformer 0.8084, adapter 0.1578, num_head 0.5671
  nums: 876/3072 tokens (28.5%)
  lr: 3.03e-05
  layer_weights: [L0:0.083 L1:0.083 L2:0.083 L3:0.083 L4:0.083 L5:0.083 L6:0.083 L7:0.083 L8:0.083 L9:0.083 L10:0.083 L11:0.083]
iter 101: loss 132.9397, time 276.81ms, mfu 1.79%
iter 102: loss 135.8722, time 350.90ms, mfu 1.81%
iter 103: loss 132.6650, time 580.14ms, mfu 1.75%
iter 104: loss 133.8507, time 389.15ms, mfu 1.76%
iter 105: loss 133.6029, time 352.28ms, mfu 1.79%
iter 106: loss 130.7382, time 433.43ms, mfu 1.77%
iter 107: loss 132.5299, time 396.84ms, mfu 1.78%
iter 108: loss 139.8054, time 392.20ms, mfu 1.78%
iter 109: loss 129.6857, time 514.42ms, mfu 1.74%
iter 110: loss 129.3363, time 461.43ms, mfu 1.72%
iter 111: loss 132.3839, time 511.35ms, mfu 1.69%
iter 112: loss 128.6364, time 362.04ms, mfu 1.72%
iter 113: loss 129.6987, time 608.93ms, mfu 1.66%
iter 114: loss 128.2421, time 208.51ms, mfu 1.84%
iter 115: loss 129.8985, time 429.46ms, mfu 1.82%
iter 116: loss 126.2338, time 515.32ms, mfu 1.78%
iter 117: loss 128.6596, time 534.79ms, mfu 1.73%
iter 118: loss 132.3953, time 398.71ms, mfu 1.74%
iter 119: loss 130.2361, time 276.95ms, mfu 1.82%
iter 120: loss 133.4066, time 669.22ms, mfu 1.75%
iter 121: loss 124.3332, time 465.88ms, mfu 1.72%
iter 122: loss 133.9578, time 322.37ms, mfu 1.77%
iter 123: loss 124.3838, time 482.13ms, mfu 1.74%
iter 124: loss 128.6862, time 250.23ms, mfu 1.85%
iter 125: loss 125.3716, time 457.80ms, mfu 1.82%
iter 126: loss 124.7654, time 485.39ms, mfu 1.79%
iter 127: loss 125.8849, time 412.22ms, mfu 1.78%
iter 128: loss 119.8284, time 316.09ms, mfu 1.83%
iter 129: loss 126.0812, time 456.71ms, mfu 1.80%
iter 130: loss 123.0190, time 443.06ms, mfu 1.78%
iter 131: loss 121.7164, time 401.03ms, mfu 1.78%
iter 132: loss 119.4208, time 451.86ms, mfu 1.76%
iter 133: loss 121.7950, time 429.69ms, mfu 1.75%
iter 134: loss 124.3080, time 453.24ms, mfu 1.73%
iter 135: loss 118.0422, time 391.35ms, mfu 1.74%
iter 136: loss 116.6162, time 413.39ms, mfu 1.74%
iter 137: loss 131.2337, time 439.25ms, mfu 1.73%
iter 138: loss 127.2532, time 432.88ms, mfu 1.72%
iter 139: loss 127.8165, time 314.22ms, mfu 1.78%
iter 140: loss 114.0729, time 389.79ms, mfu 1.78%
iter 141: loss 120.4335, time 480.41ms, mfu 1.75%
iter 142: loss 132.5194, time 367.75ms, mfu 1.77%
iter 143: loss 128.2699, time 482.30ms, mfu 1.74%
iter 144: loss 124.3531, time 449.61ms, mfu 1.72%
iter 145: loss 125.9022, time 565.94ms, mfu 1.68%
iter 146: loss 127.6872, time 387.12ms, mfu 1.69%
iter 147: loss 122.9664, time 414.46ms, mfu 1.70%
iter 148: loss 132.3843, time 472.62ms, mfu 1.68%
iter 149: loss 123.8781, time 379.39ms, mfu 1.70%
iter 150: loss 127.5005, time 420.83ms, mfu 1.70%
iter 151: loss 116.0077, time 589.04ms, mfu 1.65%
iter 152: loss 126.2057, time 315.88ms, mfu 1.71%
iter 153: loss 116.8853, time 430.94ms, mfu 1.70%
iter 154: loss 123.1332, time 420.02ms, mfu 1.70%
iter 155: loss 114.8024, time 454.49ms, mfu 1.69%
iter 156: loss 127.1008, time 351.81ms, mfu 1.72%
iter 157: loss 120.9103, time 452.03ms, mfu 1.71%
iter 158: loss 127.0041, time 326.70ms, mfu 1.76%
iter 159: loss 122.3926, time 355.50ms, mfu 1.78%
iter 160: loss 125.2069, time 622.24ms, mfu 1.72%
iter 161: loss 117.5682, time 507.14ms, mfu 1.69%
iter 162: loss 123.1565, time 425.12ms, mfu 1.68%
iter 163: loss 118.8165, time 304.47ms, mfu 1.75%
iter 164: loss 123.2647, time 480.63ms, mfu 1.72%
iter 165: loss 124.9461, time 314.14ms, mfu 1.78%
iter 166: loss 123.8293, time 526.35ms, mfu 1.74%
iter 167: loss 121.6899, time 268.94ms, mfu 1.83%
iter 168: loss 124.3038, time 476.11ms, mfu 1.79%
iter 169: loss 115.8162, time 461.44ms, mfu 1.77%
iter 170: loss 126.1724, time 477.05ms, mfu 1.74%
iter 171: loss 122.8394, time 596.74ms, mfu 1.69%
iter 172: loss 117.1711, time 378.53ms, mfu 1.71%
iter 173: loss 124.7358, time 498.74ms, mfu 1.68%
iter 174: loss 129.0089, time 317.18ms, mfu 1.74%
iter 175: loss 122.0152, time 476.29ms, mfu 1.71%
iter 176: loss 121.7871, time 452.18ms, mfu 1.70%
iter 177: loss 128.0350, time 459.03ms, mfu 1.68%
iter 178: loss 125.9373, time 460.95ms, mfu 1.67%
iter 179: loss 120.4285, time 333.66ms, mfu 1.72%
iter 180: loss 123.0741, time 604.32ms, mfu 1.66%
iter 181: loss 124.9278, time 438.11ms, mfu 1.66%
iter 182: loss 123.5354, time 311.65ms, mfu 1.72%
iter 183: loss 126.4576, time 424.94ms, mfu 1.72%
iter 184: loss 110.8617, time 409.81ms, mfu 1.72%
iter 185: loss 117.0939, time 465.25ms, mfu 1.70%
iter 186: loss 127.6743, time 520.00ms, mfu 1.67%
iter 187: loss 124.5552, time 395.50ms, mfu 1.68%
iter 188: loss 122.9630, time 565.50ms, mfu 1.64%
iter 189: loss 121.0322, time 517.97ms, mfu 1.61%
iter 190: loss 112.3832, time 500.42ms, mfu 1.59%
iter 191: loss 130.0389, time 415.63ms, mfu 1.61%
iter 192: loss 121.4452, time 452.51ms, mfu 1.60%
iter 193: loss 119.1347, time 410.66ms, mfu 1.62%
iter 194: loss 128.0231, time 448.05ms, mfu 1.61%
iter 195: loss 119.6862, time 485.48ms, mfu 1.60%
iter 196: loss 127.6286, time 339.29ms, mfu 1.65%
iter 197: loss 120.3969, time 509.95ms, mfu 1.62%
iter 198: loss 109.8428, time 447.31ms, mfu 1.62%
iter 199: loss 115.0615, time 307.11ms, mfu 1.69%
iter 200: loss 114.0728, time 561.40ms, mfu 1.65%
  === DIAG iter 200 ===
  loss breakdown: text 5.2060 | num 21.7734 (lambda=5.0)
  grads: total 1.0000, transformer 0.8914, adapter 0.0716, num_head 0.4475
  nums: 896/3072 tokens (29.2%)
  lr: 6.03e-05
  layer_weights: [L0:0.083 L1:0.083 L2:0.083 L3:0.083 L4:0.083 L5:0.084 L6:0.084 L7:0.084 L8:0.084 L9:0.084 L10:0.084 L11:0.084]
iter 201: loss 125.3685, time 208.02ms, mfu 1.83%
iter 202: loss 114.7895, time 500.64ms, mfu 1.79%
iter 203: loss 116.7213, time 428.37ms, mfu 1.77%
iter 204: loss 125.3892, time 596.51ms, mfu 1.72%
iter 205: loss 124.8947, time 490.23ms, mfu 1.69%
iter 206: loss 114.7092, time 353.91ms, mfu 1.72%
iter 207: loss 111.3608, time 491.02ms, mfu 1.69%
iter 208: loss 130.0830, time 419.88ms, mfu 1.70%
iter 209: loss 120.8576, time 308.74ms, mfu 1.76%
iter 210: loss 115.6429, time 474.68ms, mfu 1.73%
iter 211: loss 118.6590, time 401.28ms, mfu 1.74%
iter 212: loss 118.8965, time 384.28ms, mfu 1.75%
iter 213: loss 120.1231, time 575.87ms, mfu 1.70%
iter 214: loss 124.6477, time 311.72ms, mfu 1.76%
iter 215: loss 119.5461, time 479.39ms, mfu 1.73%
iter 216: loss 120.2345, time 430.26ms, mfu 1.72%
iter 217: loss 122.4029, time 320.15ms, mfu 1.77%
iter 218: loss 117.2489, time 393.36ms, mfu 1.78%
iter 219: loss 118.2567, time 464.51ms, mfu 1.75%
iter 220: loss 125.3797, time 408.25ms, mfu 1.75%
iter 221: loss 123.4358, time 305.91ms, mfu 1.81%
iter 222: loss 114.3844, time 430.88ms, mfu 1.79%
iter 223: loss 122.7888, time 539.26ms, mfu 1.75%
iter 224: loss 121.2877, time 502.25ms, mfu 1.71%
iter 225: loss 119.5409, time 376.36ms, mfu 1.73%
iter 226: loss 116.1832, time 616.65ms, mfu 1.67%
iter 227: loss 116.7231, time 383.04ms, mfu 1.69%
iter 228: loss 118.8725, time 407.36ms, mfu 1.70%
iter 229: loss 117.5737, time 383.71ms, mfu 1.71%
iter 230: loss 118.3566, time 401.84ms, mfu 1.72%
iter 231: loss 111.5434, time 524.02ms, mfu 1.68%
iter 232: loss 123.4590, time 435.20ms, mfu 1.68%
iter 233: loss 115.0628, time 599.05ms, mfu 1.63%
iter 234: loss 120.0566, time 418.91ms, mfu 1.64%
iter 235: loss 119.9761, time 436.15ms, mfu 1.64%
iter 236: loss 115.0509, time 393.03ms, mfu 1.65%
iter 237: loss 115.9739, time 423.79ms, mfu 1.66%
iter 238: loss 113.4378, time 522.17ms, mfu 1.63%
iter 239: loss 118.7302, time 384.25ms, mfu 1.65%
iter 240: loss 125.8346, time 408.45ms, mfu 1.66%
iter 241: loss 118.1303, time 341.65ms, mfu 1.70%
iter 242: loss 127.1893, time 391.09ms, mfu 1.71%
iter 243: loss 111.9295, time 359.27ms, mfu 1.74%
iter 244: loss 121.0248, time 422.55ms, mfu 1.74%
iter 245: loss 113.9554, time 397.81ms, mfu 1.74%
iter 246: loss 114.9338, time 429.07ms, mfu 1.73%
iter 247: loss 118.2955, time 260.02ms, mfu 1.83%
iter 248: loss 119.6031, time 445.58ms, mfu 1.81%
iter 249: loss 118.3367, time 364.78ms, mfu 1.82%
iter 250: loss 120.0740, time 433.52ms, mfu 1.81%
iter 251: loss 111.0912, time 393.50ms, mfu 1.81%
iter 252: loss 121.9611, time 492.15ms, mfu 1.77%
iter 253: loss 116.6331, time 322.70ms, mfu 1.82%
iter 254: loss 122.2343, time 478.66ms, mfu 1.78%
iter 255: loss 122.6858, time 567.38ms, mfu 1.73%
iter 256: loss 115.1061, time 511.14ms, mfu 1.70%
iter 257: loss 115.4838, time 397.48ms, mfu 1.71%
iter 258: loss 113.5719, time 315.97ms, mfu 1.76%
iter 259: loss 119.8068, time 423.93ms, mfu 1.75%
iter 260: loss 113.8879, time 580.86ms, mfu 1.70%
iter 261: loss 118.3196, time 471.24ms, mfu 1.68%
iter 262: loss 113.5131, time 497.65ms, mfu 1.66%
iter 263: loss 116.5229, time 444.18ms, mfu 1.65%
iter 264: loss 113.6669, time 497.50ms, mfu 1.63%
iter 265: loss 110.0557, time 489.24ms, mfu 1.61%
iter 266: loss 121.3798, time 335.17ms, mfu 1.66%
iter 267: loss 118.9323, time 361.41ms, mfu 1.69%
iter 268: loss 116.2265, time 400.68ms, mfu 1.70%
iter 269: loss 114.7325, time 402.90ms, mfu 1.71%
iter 270: loss 115.9240, time 394.02ms, mfu 1.72%
iter 271: loss 114.2052, time 602.66ms, mfu 1.67%
iter 272: loss 114.7035, time 553.22ms, mfu 1.63%
iter 273: loss 118.6125, time 501.03ms, mfu 1.61%
iter 274: loss 117.3920, time 409.74ms, mfu 1.62%
iter 275: loss 116.7903, time 255.36ms, mfu 1.74%
iter 276: loss 113.6644, time 381.34ms, mfu 1.75%
iter 277: loss 111.1897, time 355.49ms, mfu 1.78%
iter 278: loss 116.5391, time 494.80ms, mfu 1.74%
iter 279: loss 121.9009, time 333.90ms, mfu 1.78%
iter 280: loss 116.1455, time 543.86ms, mfu 1.73%
iter 281: loss 128.5253, time 574.05ms, mfu 1.69%
iter 282: loss 124.1112, time 499.63ms, mfu 1.66%
iter 283: loss 111.6030, time 386.56ms, mfu 1.68%
iter 284: loss 119.2805, time 444.70ms, mfu 1.67%
iter 285: loss 110.5002, time 383.59ms, mfu 1.69%
iter 286: loss 112.2569, time 439.29ms, mfu 1.68%
iter 287: loss 127.1516, time 366.02ms, mfu 1.71%
iter 288: loss 122.4511, time 422.51ms, mfu 1.71%
iter 289: loss 116.2259, time 473.13ms, mfu 1.69%
iter 290: loss 110.1547, time 542.78ms, mfu 1.65%
iter 291: loss 110.5795, time 481.20ms, mfu 1.63%
iter 292: loss 116.1042, time 353.54ms, mfu 1.67%
iter 293: loss 112.9189, time 417.95ms, mfu 1.67%
iter 294: loss 117.4797, time 441.00ms, mfu 1.67%
iter 295: loss 115.4647, time 326.75ms, mfu 1.72%
iter 296: loss 120.6280, time 467.01ms, mfu 1.70%
iter 297: loss 116.8126, time 377.67ms, mfu 1.72%
iter 298: loss 114.3409, time 407.95ms, mfu 1.72%
iter 299: loss 116.3005, time 322.27ms, mfu 1.77%
iter 300: loss 116.2436, time 797.73ms, mfu 1.68%
  === DIAG iter 300 ===
  loss breakdown: text 3.3345 | num 22.5818 (lambda=5.0)
  grads: total 1.0000, transformer 0.8968, adapter 0.3115, num_head 0.3143
  nums: 842/3072 tokens (27.4%)
  lr: 9.03e-05
  layer_weights: [L0:0.083 L1:0.083 L2:0.083 L3:0.083 L4:0.083 L5:0.084 L6:0.084 L7:0.084 L8:0.084 L9:0.084 L10:0.084 L11:0.084]
iter 301: loss 120.7432, time 210.29ms, mfu 1.85%
iter 302: loss 113.1463, time 352.32ms, mfu 1.87%
iter 303: loss 118.4850, time 494.07ms, mfu 1.83%
iter 304: loss 127.2678, time 485.26ms, mfu 1.79%
iter 305: loss 118.2920, time 347.87ms, mfu 1.82%
iter 306: loss 119.9321, time 371.44ms, mfu 1.83%
iter 307: loss 109.1754, time 511.85ms, mfu 1.78%
iter 308: loss 121.5613, time 429.62ms, mfu 1.77%
iter 309: loss 119.4187, time 391.18ms, mfu 1.78%
iter 310: loss 117.2142, time 408.44ms, mfu 1.77%
iter 311: loss 123.0448, time 403.56ms, mfu 1.77%
iter 312: loss 118.6083, time 492.39ms, mfu 1.74%
iter 313: loss 116.9276, time 502.15ms, mfu 1.71%
iter 314: loss 113.6623, time 305.02ms, mfu 1.77%
iter 315: loss 123.0460, time 584.40ms, mfu 1.72%
iter 316: loss 108.2686, time 423.30ms, mfu 1.71%
iter 317: loss 117.6495, time 375.58ms, mfu 1.73%
iter 318: loss 115.5830, time 540.93ms, mfu 1.69%
iter 319: loss 119.0662, time 286.67ms, mfu 1.77%
iter 320: loss 111.1851, time 432.79ms, mfu 1.76%
iter 321: loss 122.8000, time 317.55ms, mfu 1.81%
iter 322: loss 116.5208, time 453.09ms, mfu 1.78%
iter 323: loss 107.4213, time 311.15ms, mfu 1.83%
iter 324: loss 112.3179, time 517.78ms, mfu 1.79%
iter 325: loss 121.3303, time 380.33ms, mfu 1.80%
iter 326: loss 122.5550, time 325.35ms, mfu 1.84%
iter 327: loss 120.4657, time 494.76ms, mfu 1.80%
iter 328: loss 112.6224, time 424.60ms, mfu 1.78%
iter 329: loss 117.6579, time 464.70ms, mfu 1.76%
iter 330: loss 110.8639, time 502.56ms, mfu 1.73%
iter 331: loss 115.9362, time 259.11ms, mfu 1.83%
iter 332: loss 118.7087, time 435.03ms, mfu 1.81%
iter 333: loss 112.6503, time 504.55ms, mfu 1.77%
iter 334: loss 111.3627, time 445.40ms, mfu 1.75%
iter 335: loss 125.2635, time 554.06ms, mfu 1.71%
iter 336: loss 114.6045, time 438.27ms, mfu 1.70%
iter 337: loss 113.4244, time 346.89ms, mfu 1.73%
iter 338: loss 120.5237, time 467.96ms, mfu 1.71%
iter 339: loss 116.5182, time 466.80ms, mfu 1.69%
iter 340: loss 115.0414, time 405.80ms, mfu 1.70%
iter 341: loss 118.8858, time 351.87ms, mfu 1.73%
iter 342: loss 114.5068, time 435.56ms, mfu 1.72%
iter 343: loss 108.1661, time 559.19ms, mfu 1.68%
iter 344: loss 113.0383, time 533.38ms, mfu 1.64%
iter 345: loss 120.1802, time 282.10ms, mfu 1.73%
iter 346: loss 115.9398, time 428.02ms, mfu 1.73%
iter 347: loss 124.3705, time 438.96ms, mfu 1.72%
iter 348: loss 111.6643, time 469.98ms, mfu 1.70%
iter 349: loss 120.5720, time 453.93ms, mfu 1.68%
iter 350: loss 108.5008, time 413.23ms, mfu 1.69%
iter 351: loss 110.3114, time 300.83ms, mfu 1.76%
iter 352: loss 121.9497, time 553.72ms, mfu 1.71%
iter 353: loss 111.8815, time 235.49ms, mfu 1.84%
iter 354: loss 106.0461, time 527.19ms, mfu 1.79%
iter 355: loss 107.6645, time 476.15ms, mfu 1.76%
iter 356: loss 115.7443, time 381.77ms, mfu 1.77%
iter 357: loss 119.5105, time 486.00ms, mfu 1.74%
iter 358: loss 119.3159, time 399.48ms, mfu 1.75%
iter 359: loss 123.0585, time 346.83ms, mfu 1.78%
iter 360: loss 111.5301, time 429.96ms, mfu 1.76%
iter 361: loss 114.2530, time 436.61ms, mfu 1.75%
iter 362: loss 113.1176, time 494.26ms, mfu 1.72%
iter 363: loss 114.6137, time 342.37ms, mfu 1.76%
iter 364: loss 105.7474, time 408.97ms, mfu 1.76%
iter 365: loss 112.4404, time 580.71ms, mfu 1.70%
iter 366: loss 128.8280, time 330.72ms, mfu 1.75%
iter 367: loss 106.0782, time 499.74ms, mfu 1.72%
iter 368: loss 110.1936, time 416.34ms, mfu 1.72%
iter 369: loss 104.1123, time 382.65ms, mfu 1.73%
iter 370: loss 109.8717, time 490.51ms, mfu 1.70%
iter 371: loss 107.6454, time 348.03ms, mfu 1.74%
iter 372: loss 111.3439, time 330.49ms, mfu 1.78%
iter 373: loss 112.6364, time 454.11ms, mfu 1.76%
iter 374: loss 120.0561, time 387.15ms, mfu 1.77%
iter 375: loss 115.7924, time 529.22ms, mfu 1.72%
iter 376: loss 110.3666, time 329.87ms, mfu 1.77%
iter 377: loss 109.9051, time 417.43ms, mfu 1.76%
iter 378: loss 114.7289, time 469.84ms, mfu 1.74%
iter 379: loss 117.1532, time 483.62ms, mfu 1.71%
iter 380: loss 116.4372, time 207.28ms, mfu 1.88%
iter 381: loss 115.1929, time 404.25ms, mfu 1.87%
iter 382: loss 123.0235, time 496.69ms, mfu 1.83%
iter 383: loss 118.5648, time 252.50ms, mfu 1.93%
iter 384: loss 105.8276, time 564.36ms, mfu 1.86%
iter 385: loss 110.8567, time 581.40ms, mfu 1.80%
iter 386: loss 114.7991, time 332.79ms, mfu 1.83%
iter 387: loss 111.6410, time 461.71ms, mfu 1.80%
iter 388: loss 109.5358, time 313.28ms, mfu 1.85%
iter 389: loss 105.5036, time 336.80ms, mfu 1.88%
iter 390: loss 119.1327, time 333.05ms, mfu 1.90%
iter 391: loss 116.6920, time 364.78ms, mfu 1.91%
iter 392: loss 115.8687, time 370.87ms, mfu 1.91%
iter 393: loss 118.0541, time 496.02ms, mfu 1.86%
iter 394: loss 118.1542, time 308.43ms, mfu 1.91%
iter 395: loss 111.0166, time 427.49ms, mfu 1.88%
iter 396: loss 103.6255, time 418.39ms, mfu 1.86%
iter 397: loss 111.5267, time 461.10ms, mfu 1.83%
iter 398: loss 102.6748, time 384.68ms, mfu 1.83%
iter 399: loss 106.9590, time 432.63ms, mfu 1.82%
iter 400: loss 124.2828, time 588.84ms, mfu 1.76%
  === DIAG iter 400 ===
  loss breakdown: text 1.8909 | num 24.4784 (lambda=5.0)
  grads: total 1.0000, transformer 0.8838, adapter 0.4642, num_head 0.0582
  nums: 821/3072 tokens (26.7%)
  lr: 1.20e-04
  layer_weights: [L0:0.083 L1:0.083 L2:0.083 L3:0.083 L4:0.083 L5:0.083 L6:0.084 L7:0.084 L8:0.084 L9:0.084 L10:0.084 L11:0.084]
iter 401: loss 107.9444, time 259.91ms, mfu 1.85%
iter 402: loss 114.3702, time 413.82ms, mfu 1.84%
iter 403: loss 114.3325, time 408.94ms, mfu 1.83%
iter 404: loss 110.1832, time 558.49ms, mfu 1.78%
iter 405: loss 112.5576, time 291.54ms, mfu 1.84%
iter 406: loss 109.5027, time 447.24ms, mfu 1.82%
iter 407: loss 109.5013, time 488.97ms, mfu 1.78%
iter 408: loss 105.0733, time 550.32ms, mfu 1.73%
iter 409: loss 113.5817, time 304.66ms, mfu 1.79%
iter 410: loss 106.0900, time 353.73ms, mfu 1.82%
iter 411: loss 111.8708, time 537.98ms, mfu 1.77%
iter 412: loss 107.9369, time 484.35ms, mfu 1.74%
iter 413: loss 111.3534, time 385.82ms, mfu 1.75%
iter 414: loss 103.9972, time 409.04ms, mfu 1.75%
iter 415: loss 108.5175, time 517.82ms, mfu 1.71%
iter 416: loss 99.5738, time 322.88ms, mfu 1.76%
iter 417: loss 106.7280, time 439.81ms, mfu 1.75%
iter 418: loss 108.7764, time 442.20ms, mfu 1.73%
iter 419: loss 108.9167, time 337.88ms, mfu 1.77%
iter 420: loss 101.3517, time 517.04ms, mfu 1.73%
iter 421: loss 103.9948, time 334.09ms, mfu 1.77%
iter 422: loss 109.3121, time 543.32ms, mfu 1.73%
iter 423: loss 106.5116, time 333.53ms, mfu 1.77%
iter 424: loss 107.1634, time 560.56ms, mfu 1.72%
iter 425: loss 101.5307, time 483.59ms, mfu 1.69%
iter 426: loss 107.0275, time 308.95ms, mfu 1.75%
iter 427: loss 108.9171, time 487.04ms, mfu 1.72%
iter 428: loss 120.6548, time 342.80ms, mfu 1.76%
iter 429: loss 105.3321, time 416.64ms, mfu 1.76%
iter 430: loss 110.8672, time 481.70ms, mfu 1.73%
iter 431: loss 108.5809, time 454.03ms, mfu 1.71%
iter 432: loss 104.6356, time 448.13ms, mfu 1.70%
iter 433: loss 107.7002, time 377.14ms, mfu 1.72%
iter 434: loss 107.9813, time 589.14ms, mfu 1.67%
iter 435: loss 108.4225, time 491.82ms, mfu 1.65%
iter 436: loss 108.0493, time 301.08ms, mfu 1.72%
iter 437: loss 108.7649, time 384.75ms, mfu 1.73%
iter 438: loss 105.9151, time 440.53ms, mfu 1.72%
iter 439: loss 97.9463, time 467.90ms, mfu 1.70%
iter 440: loss 95.6747, time 501.45ms, mfu 1.67%
iter 441: loss 97.4824, time 404.85ms, mfu 1.68%
iter 442: loss 113.5604, time 338.11ms, mfu 1.72%
iter 443: loss 102.2347, time 419.71ms, mfu 1.72%
iter 444: loss 107.6978, time 420.37ms, mfu 1.72%
iter 445: loss 112.0064, time 412.03ms, mfu 1.72%
iter 446: loss 100.7735, time 447.55ms, mfu 1.71%
iter 447: loss 97.8233, time 486.67ms, mfu 1.68%
iter 448: loss 103.6007, time 440.02ms, mfu 1.68%
iter 449: loss 103.6027, time 263.60ms, mfu 1.78%
iter 450: loss 113.9628, time 346.60ms, mfu 1.81%
iter 451: loss 107.1275, time 355.93ms, mfu 1.83%
iter 452: loss 102.0523, time 429.38ms, mfu 1.81%
iter 453: loss 110.3660, time 525.24ms, mfu 1.76%
iter 454: loss 106.7670, time 334.77ms, mfu 1.80%
iter 455: loss 102.8317, time 563.57ms, mfu 1.75%
iter 456: loss 105.3150, time 434.70ms, mfu 1.74%
iter 457: loss 112.2613, time 560.36ms, mfu 1.69%
iter 458: loss 106.4476, time 446.97ms, mfu 1.68%
iter 459: loss 108.6466, time 392.59ms, mfu 1.69%
iter 460: loss 106.9704, time 477.39ms, mfu 1.67%
iter 461: loss 99.2750, time 499.30ms, mfu 1.65%
iter 462: loss 113.1697, time 423.24ms, mfu 1.65%
iter 463: loss 107.4488, time 454.40ms, mfu 1.64%
iter 464: loss 105.3202, time 471.30ms, mfu 1.63%
iter 465: loss 102.4569, time 277.96ms, mfu 1.72%
iter 466: loss 104.6887, time 476.95ms, mfu 1.70%
iter 467: loss 110.8633, time 466.32ms, mfu 1.68%
iter 468: loss 105.7926, time 294.02ms, mfu 1.76%
iter 469: loss 106.0449, time 328.34ms, mfu 1.80%
iter 470: loss 102.1628, time 517.19ms, mfu 1.76%
iter 471: loss 104.6576, time 392.72ms, mfu 1.76%
iter 472: loss 107.4300, time 349.74ms, mfu 1.79%
iter 473: loss 96.1283, time 346.50ms, mfu 1.82%
iter 474: loss 101.7456, time 505.30ms, mfu 1.78%
iter 475: loss 100.7531, time 381.57ms, mfu 1.79%
iter 476: loss 107.3276, time 393.09ms, mfu 1.79%
iter 477: loss 99.5049, time 423.59ms, mfu 1.78%
iter 478: loss 100.7951, time 516.03ms, mfu 1.74%
iter 479: loss 109.6415, time 298.08ms, mfu 1.80%
iter 480: loss 106.5334, time 432.20ms, mfu 1.79%
iter 481: loss 95.9416, time 375.73ms, mfu 1.80%
iter 482: loss 91.1504, time 359.88ms, mfu 1.82%
iter 483: loss 100.9543, time 460.65ms, mfu 1.79%
iter 484: loss 99.8899, time 460.27ms, mfu 1.77%
iter 485: loss 107.4360, time 444.43ms, mfu 1.75%
iter 486: loss 107.2392, time 472.20ms, mfu 1.73%
iter 487: loss 98.0858, time 347.31ms, mfu 1.76%
iter 488: loss 104.7681, time 417.19ms, mfu 1.75%
iter 489: loss 108.0123, time 430.21ms, mfu 1.74%
iter 490: loss 103.1627, time 474.93ms, mfu 1.72%
iter 491: loss 105.7856, time 374.22ms, mfu 1.74%
iter 492: loss 98.8562, time 337.82ms, mfu 1.77%
iter 493: loss 104.4473, time 573.44ms, mfu 1.72%
iter 494: loss 92.2223, time 276.35ms, mfu 1.81%
iter 495: loss 116.4506, time 510.55ms, mfu 1.77%
iter 496: loss 99.3940, time 249.98ms, mfu 1.87%
iter 497: loss 106.3745, time 357.11ms, mfu 1.89%
iter 498: loss 101.6800, time 348.82ms, mfu 1.90%
iter 499: loss 106.5278, time 459.87ms, mfu 1.87%
iter 500: loss 100.2719, time 523.32ms, mfu 1.82%
  === DIAG iter 500 ===
  loss breakdown: text 1.1828 | num 19.8178 (lambda=5.0)
  grads: total 1.0000, transformer 0.9010, adapter 0.3587, num_head 0.2441
  nums: 900/3072 tokens (29.3%)
  lr: 1.50e-04
  layer_weights: [L0:0.083 L1:0.083 L2:0.083 L3:0.083 L4:0.083 L5:0.083 L6:0.084 L7:0.084 L8:0.084 L9:0.084 L10:0.084 L11:0.084]
iter 501: loss 102.2823, time 281.60ms, mfu 1.89%
iter 502: loss 107.0022, time 388.80ms, mfu 1.88%
iter 503: loss 105.2985, time 466.41ms, mfu 1.85%
iter 504: loss 109.2190, time 360.01ms, mfu 1.86%
iter 505: loss 96.1681, time 363.70ms, mfu 1.87%
iter 506: loss 103.6873, time 512.90ms, mfu 1.82%
iter 507: loss 102.1186, time 392.07ms, mfu 1.82%
iter 508: loss 94.6477, time 413.35ms, mfu 1.81%
iter 509: loss 106.6792, time 373.16ms, mfu 1.82%
iter 510: loss 94.9832, time 534.94ms, mfu 1.77%
iter 511: loss 98.1857, time 293.30ms, mfu 1.84%
iter 512: loss 106.9880, time 497.18ms, mfu 1.80%
iter 513: loss 104.7985, time 384.76ms, mfu 1.80%
iter 514: loss 94.6916, time 443.94ms, mfu 1.78%
iter 515: loss 105.1006, time 490.62ms, mfu 1.75%
iter 516: loss 94.5252, time 354.01ms, mfu 1.78%
iter 517: loss 101.0788, time 429.54ms, mfu 1.76%
iter 518: loss 103.8946, time 312.94ms, mfu 1.82%
iter 519: loss 98.3348, time 276.99ms, mfu 1.89%
iter 520: loss 106.3652, time 382.05ms, mfu 1.89%
iter 521: loss 103.8111, time 538.97ms, mfu 1.83%
iter 522: loss 98.7123, time 333.44ms, mfu 1.86%
iter 523: loss 100.9574, time 560.72ms, mfu 1.80%
iter 524: loss 98.8914, time 507.93ms, mfu 1.76%
iter 525: loss 105.9212, time 333.55ms, mfu 1.80%
iter 526: loss 94.9417, time 414.80ms, mfu 1.79%
iter 527: loss 113.1005, time 488.22ms, mfu 1.76%
iter 528: loss 101.6358, time 438.80ms, mfu 1.75%
iter 529: loss 102.4070, time 502.22ms, mfu 1.71%
iter 530: loss 95.1031, time 280.53ms, mfu 1.80%
iter 531: loss 91.2410, time 465.13ms, mfu 1.77%
iter 532: loss 95.9255, time 398.22ms, mfu 1.77%
iter 533: loss 97.9975, time 511.30ms, mfu 1.73%
iter 534: loss 101.3454, time 207.72ms, mfu 1.90%
iter 535: loss 95.5994, time 359.87ms, mfu 1.91%
iter 536: loss 105.0595, time 379.02ms, mfu 1.91%
iter 537: loss 102.7378, time 370.74ms, mfu 1.91%
iter 538: loss 102.6116, time 413.40ms, mfu 1.89%
iter 539: loss 106.9468, time 359.94ms, mfu 1.90%
iter 540: loss 99.9320, time 347.14ms, mfu 1.92%
iter 541: loss 93.1415, time 380.70ms, mfu 1.91%
iter 542: loss 98.9814, time 426.50ms, mfu 1.89%
iter 543: loss 94.7802, time 382.64ms, mfu 1.88%
iter 544: loss 101.9039, time 465.22ms, mfu 1.85%
iter 545: loss 103.1497, time 393.99ms, mfu 1.84%
iter 546: loss 98.3484, time 517.96ms, mfu 1.80%
iter 547: loss 102.5316, time 466.38ms, mfu 1.77%
iter 548: loss 97.7489, time 342.30ms, mfu 1.80%
iter 549: loss 107.5414, time 490.76ms, mfu 1.77%
iter 550: loss 104.9618, time 361.09ms, mfu 1.79%
iter 551: loss 104.7021, time 459.82ms, mfu 1.76%
iter 552: loss 94.0980, time 378.64ms, mfu 1.78%
iter 553: loss 105.1808, time 388.87ms, mfu 1.78%
iter 554: loss 102.8048, time 529.09ms, mfu 1.74%
iter 555: loss 105.1444, time 304.51ms, mfu 1.80%
iter 556: loss 102.2616, time 512.26ms, mfu 1.76%
iter 557: loss 94.8841, time 408.01ms, mfu 1.76%
iter 558: loss 106.6318, time 554.35ms, mfu 1.71%
iter 559: loss 99.2279, time 351.87ms, mfu 1.74%
iter 560: loss 96.4756, time 441.48ms, mfu 1.73%
iter 561: loss 100.4814, time 349.83ms, mfu 1.76%
iter 562: loss 103.2852, time 359.59ms, mfu 1.78%
iter 563: loss 96.2927, time 426.87ms, mfu 1.77%
iter 564: loss 90.9615, time 414.87ms, mfu 1.76%
iter 565: loss 87.8259, time 354.33ms, mfu 1.79%
iter 566: loss 102.6467, time 491.66ms, mfu 1.76%
iter 567: loss 95.8692, time 457.11ms, mfu 1.74%
iter 568: loss 103.9261, time 450.48ms, mfu 1.72%
iter 569: loss 95.9312, time 360.73ms, mfu 1.75%
iter 570: loss 107.8236, time 307.39ms, mfu 1.80%
iter 571: loss 105.9450, time 447.53ms, mfu 1.78%
iter 572: loss 102.6749, time 578.86ms, mfu 1.73%
iter 573: loss 97.3664, time 410.60ms, mfu 1.73%
iter 574: loss 93.5743, time 293.45ms, mfu 1.80%
iter 575: loss 101.0722, time 378.99ms, mfu 1.81%
iter 576: loss 93.7060, time 372.73ms, mfu 1.82%
iter 577: loss 99.7760, time 442.67ms, mfu 1.80%
iter 578: loss 92.3425, time 527.27ms, mfu 1.75%
iter 579: loss 104.9251, time 446.34ms, mfu 1.74%
iter 580: loss 98.0529, time 299.68ms, mfu 1.80%
iter 581: loss 94.6987, time 497.67ms, mfu 1.76%
iter 582: loss 99.4983, time 444.35ms, mfu 1.75%
iter 583: loss 100.1325, time 625.08ms, mfu 1.69%
iter 584: loss 102.5687, time 500.55ms, mfu 1.66%
iter 585: loss 103.0497, time 389.67ms, mfu 1.68%
iter 586: loss 92.8029, time 400.02ms, mfu 1.69%
iter 587: loss 97.5260, time 358.09ms, mfu 1.72%
iter 588: loss 100.8419, time 353.97ms, mfu 1.75%
iter 589: loss 98.4713, time 452.02ms, mfu 1.73%
iter 590: loss 110.0219, time 417.75ms, mfu 1.73%
iter 591: loss 95.0781, time 420.35ms, mfu 1.72%
iter 592: loss 102.1432, time 598.26ms, mfu 1.67%
iter 593: loss 94.9672, time 507.78ms, mfu 1.64%
iter 594: loss 94.5468, time 395.90ms, mfu 1.66%
iter 595: loss 96.5943, time 492.46ms, mfu 1.64%
iter 596: loss 96.6395, time 492.15ms, mfu 1.62%
iter 597: loss 93.6351, time 503.09ms, mfu 1.60%
iter 598: loss 95.5999, time 466.55ms, mfu 1.59%
iter 599: loss 100.1640, time 389.59ms, mfu 1.62%
iter 600: loss 95.5807, time 517.92ms, mfu 1.59%
  === DIAG iter 600 ===
  loss breakdown: text 0.9698 | num 18.9222 (lambda=5.0)
  grads: total 1.0000, transformer 0.9693, adapter 0.2363, num_head 0.0679
  nums: 887/3072 tokens (28.9%)
  lr: 1.80e-04
  layer_weights: [L0:0.083 L1:0.083 L2:0.083 L3:0.083 L4:0.083 L5:0.083 L6:0.084 L7:0.084 L8:0.084 L9:0.084 L10:0.084 L11:0.084]
iter 601: loss 97.4539, time 262.06ms, mfu 1.70%
iter 602: loss 96.5103, time 412.56ms, mfu 1.71%
iter 603: loss 104.6035, time 293.74ms, mfu 1.78%
iter 604: loss 90.6677, time 600.04ms, mfu 1.72%
iter 605: loss 102.0605, time 346.65ms, mfu 1.75%
iter 606: loss 100.6257, time 423.98ms, mfu 1.75%
iter 607: loss 98.8070, time 396.61ms, mfu 1.75%
iter 608: loss 89.8372, time 536.30ms, mfu 1.71%
iter 609: loss 97.8037, time 406.40ms, mfu 1.71%
iter 610: loss 103.5322, time 412.40ms, mfu 1.71%
iter 611: loss 96.0132, time 484.88ms, mfu 1.69%
iter 612: loss 100.3503, time 427.69ms, mfu 1.69%
iter 613: loss 94.0300, time 342.65ms, mfu 1.73%
iter 614: loss 95.1366, time 449.79ms, mfu 1.71%
iter 615: loss 97.0174, time 435.41ms, mfu 1.71%
iter 616: loss 98.1946, time 357.35ms, mfu 1.73%
iter 617: loss 97.3530, time 463.85ms, mfu 1.71%
iter 618: loss 103.2158, time 385.43ms, mfu 1.73%
iter 619: loss 106.8817, time 445.53ms, mfu 1.71%
iter 620: loss 91.2816, time 382.53ms, mfu 1.73%
iter 621: loss 92.3245, time 456.52ms, mfu 1.71%
iter 622: loss 102.9855, time 426.32ms, mfu 1.71%
iter 623: loss 107.0138, time 424.68ms, mfu 1.71%
iter 624: loss 97.1129, time 409.14ms, mfu 1.71%
iter 625: loss 91.4386, time 345.96ms, mfu 1.74%
iter 626: loss 103.1766, time 433.32ms, mfu 1.73%
iter 627: loss 98.0313, time 475.73ms, mfu 1.71%
iter 628: loss 95.8837, time 384.83ms, mfu 1.72%
iter 629: loss 94.4366, time 360.09ms, mfu 1.75%
iter 630: loss 102.8378, time 403.85ms, mfu 1.75%
iter 631: loss 101.7391, time 476.07ms, mfu 1.73%
iter 632: loss 98.7223, time 306.21ms, mfu 1.79%
iter 633: loss 96.6482, time 474.98ms, mfu 1.76%
iter 634: loss 101.0174, time 344.15ms, mfu 1.79%
iter 635: loss 99.8766, time 500.69ms, mfu 1.75%
iter 636: loss 93.8050, time 350.53ms, mfu 1.78%
iter 637: loss 97.4826, time 313.62ms, mfu 1.83%
iter 638: loss 94.7120, time 491.55ms, mfu 1.79%
iter 639: loss 95.2318, time 395.99ms, mfu 1.79%
iter 640: loss 99.0597, time 457.15ms, mfu 1.77%
iter 641: loss 92.2258, time 466.31ms, mfu 1.74%
iter 642: loss 93.5995, time 374.30ms, mfu 1.76%
iter 643: loss 104.5300, time 411.18ms, mfu 1.76%
iter 644: loss 101.7169, time 354.56ms, mfu 1.78%
iter 645: loss 96.8379, time 302.85ms, mfu 1.84%
iter 646: loss 99.6221, time 455.72ms, mfu 1.81%
iter 647: loss 94.6820, time 303.05ms, mfu 1.87%
iter 648: loss 93.2677, time 379.95ms, mfu 1.87%
iter 649: loss 93.6611, time 411.49ms, mfu 1.85%
iter 650: loss 96.6918, time 386.83ms, mfu 1.85%
iter 651: loss 93.2480, time 589.46ms, mfu 1.79%
iter 652: loss 93.6593, time 444.83ms, mfu 1.77%
iter 653: loss 91.0362, time 277.57ms, mfu 1.85%
iter 654: loss 95.9465, time 587.70ms, mfu 1.79%
iter 655: loss 95.6757, time 569.30ms, mfu 1.73%
iter 656: loss 96.7758, time 433.53ms, mfu 1.72%
iter 657: loss 108.5036, time 528.42ms, mfu 1.69%
iter 658: loss 97.8098, time 385.25ms, mfu 1.70%
iter 659: loss 96.6821, time 404.03ms, mfu 1.71%
iter 660: loss 95.0925, time 473.97ms, mfu 1.69%
iter 661: loss 93.4859, time 288.42ms, mfu 1.77%
iter 662: loss 95.3615, time 381.66ms, mfu 1.78%
iter 663: loss 93.6478, time 500.36ms, mfu 1.74%
iter 664: loss 92.6085, time 425.80ms, mfu 1.73%
iter 665: loss 90.2704, time 584.29ms, mfu 1.68%
iter 666: loss 90.1407, time 673.30ms, mfu 1.62%
iter 667: loss 101.4757, time 344.88ms, mfu 1.67%
iter 668: loss 90.9331, time 418.05ms, mfu 1.67%
iter 669: loss 97.0749, time 411.86ms, mfu 1.68%
iter 670: loss 87.8044, time 445.21ms, mfu 1.67%
iter 671: loss 94.9588, time 518.16ms, mfu 1.64%
iter 672: loss 91.2807, time 398.75ms, mfu 1.65%
iter 673: loss 95.6441, time 447.71ms, mfu 1.65%
iter 674: loss 99.7972, time 492.71ms, mfu 1.63%
iter 675: loss 105.4691, time 448.17ms, mfu 1.62%
iter 676: loss 101.2445, time 479.13ms, mfu 1.61%
iter 677: loss 99.8111, time 336.29ms, mfu 1.66%
iter 678: loss 95.1150, time 404.40ms, mfu 1.67%
iter 679: loss 99.7766, time 399.29ms, mfu 1.68%
iter 680: loss 95.2558, time 598.46ms, mfu 1.63%
iter 681: loss 96.4957, time 599.08ms, mfu 1.59%
iter 682: loss 96.3781, time 494.04ms, mfu 1.57%
iter 683: loss 104.6624, time 410.18ms, mfu 1.59%
iter 684: loss 99.4590, time 410.56ms, mfu 1.60%
iter 685: loss 95.6806, time 292.54ms, mfu 1.69%
iter 686: loss 100.2324, time 426.33ms, mfu 1.69%
iter 687: loss 96.0312, time 391.37ms, mfu 1.70%
iter 688: loss 96.1236, time 439.31ms, mfu 1.69%
iter 689: loss 95.2884, time 408.09ms, mfu 1.70%
iter 690: loss 99.2710, time 577.73ms, mfu 1.65%
iter 691: loss 96.4404, time 418.96ms, mfu 1.66%
iter 692: loss 96.2786, time 276.85ms, mfu 1.75%
iter 693: loss 88.9418, time 336.73ms, mfu 1.78%
iter 694: loss 99.3617, time 532.98ms, mfu 1.74%
iter 695: loss 97.2138, time 520.57ms, mfu 1.70%
iter 696: loss 97.1930, time 436.49ms, mfu 1.70%
iter 697: loss 100.8650, time 438.83ms, mfu 1.69%
iter 698: loss 97.1976, time 533.35ms, mfu 1.65%
iter 699: loss 98.0610, time 624.74ms, mfu 1.60%
iter 700: loss 87.3656, time 622.34ms, mfu 1.56%
  === DIAG iter 700 ===
  loss breakdown: text 0.7818 | num 17.3168 (lambda=5.0)
  grads: total 1.0000, transformer 0.9378, adapter 0.2989, num_head 0.1766
  nums: 942/3072 tokens (30.7%)
  lr: 2.10e-04
  layer_weights: [L0:0.083 L1:0.083 L2:0.083 L3:0.083 L4:0.083 L5:0.083 L6:0.084 L7:0.084 L8:0.084 L9:0.084 L10:0.084 L11:0.085]
iter 701: loss 94.0626, time 214.22ms, mfu 1.73%
iter 702: loss 86.3846, time 568.32ms, mfu 1.69%
iter 703: loss 97.0123, time 403.31ms, mfu 1.69%
iter 704: loss 90.8400, time 423.89ms, mfu 1.69%
iter 705: loss 92.0445, time 322.79ms, mfu 1.74%
iter 706: loss 95.0054, time 377.10ms, mfu 1.76%
iter 707: loss 95.9549, time 467.03ms, mfu 1.74%
iter 708: loss 102.8015, time 336.73ms, mfu 1.77%
iter 709: loss 108.1916, time 577.03ms, mfu 1.72%
iter 710: loss 85.1353, time 407.33ms, mfu 1.72%
iter 711: loss 94.3061, time 441.21ms, mfu 1.71%
iter 712: loss 100.4452, time 447.68ms, mfu 1.70%
iter 713: loss 103.0092, time 395.90ms, mfu 1.71%
iter 714: loss 96.7619, time 502.70ms, mfu 1.68%
iter 715: loss 100.0606, time 408.67ms, mfu 1.69%
iter 716: loss 100.1424, time 446.99ms, mfu 1.68%
iter 717: loss 92.7820, time 396.80ms, mfu 1.69%
iter 718: loss 100.7397, time 366.64ms, mfu 1.71%
iter 719: loss 92.0434, time 399.67ms, mfu 1.72%
iter 720: loss 104.4142, time 326.66ms, mfu 1.77%
iter 721: loss 90.3977, time 546.95ms, mfu 1.72%
iter 722: loss 102.3256, time 468.10ms, mfu 1.70%
iter 723: loss 91.3960, time 441.52ms, mfu 1.69%
iter 724: loss 97.0385, time 344.29ms, mfu 1.73%
iter 725: loss 93.6361, time 495.19ms, mfu 1.70%
iter 726: loss 95.9791, time 375.97ms, mfu 1.72%
iter 727: loss 105.5292, time 496.03ms, mfu 1.69%
iter 728: loss 98.0688, time 555.19ms, mfu 1.65%
iter 729: loss 88.2853, time 408.41ms, mfu 1.66%
iter 730: loss 89.5815, time 475.20ms, mfu 1.64%
iter 731: loss 93.2162, time 396.80ms, mfu 1.66%
iter 732: loss 102.6707, time 600.87ms, mfu 1.61%
iter 733: loss 98.7392, time 302.97ms, mfu 1.69%
iter 734: loss 96.6420, time 475.48ms, mfu 1.67%
iter 735: loss 90.1063, time 475.35ms, mfu 1.65%
iter 736: loss 95.2003, time 375.91ms, mfu 1.68%
iter 737: loss 87.4015, time 495.30ms, mfu 1.65%
iter 738: loss 90.4218, time 440.41ms, mfu 1.65%
iter 739: loss 90.5846, time 394.29ms, mfu 1.66%
iter 740: loss 95.3065, time 314.43ms, mfu 1.72%
iter 741: loss 90.0644, time 409.64ms, mfu 1.73%
iter 742: loss 96.9317, time 402.02ms, mfu 1.73%
iter 743: loss 96.2934, time 503.82ms, mfu 1.70%
iter 744: loss 94.6467, time 446.71ms, mfu 1.69%
iter 745: loss 90.4890, time 569.55ms, mfu 1.64%
iter 746: loss 93.6803, time 468.48ms, mfu 1.63%
iter 747: loss 93.6450, time 330.56ms, mfu 1.68%
iter 748: loss 100.5213, time 422.10ms, mfu 1.69%
iter 749: loss 95.3577, time 501.56ms, mfu 1.66%
iter 750: loss 102.9778, time 384.00ms, mfu 1.68%
iter 751: loss 98.3994, time 367.90ms, mfu 1.70%
iter 752: loss 92.4908, time 314.30ms, mfu 1.76%
iter 753: loss 87.8578, time 606.68ms, mfu 1.70%
iter 754: loss 96.1468, time 429.47ms, mfu 1.70%
iter 755: loss 95.2042, time 272.88ms, mfu 1.79%
iter 756: loss 95.8818, time 596.32ms, mfu 1.73%
iter 757: loss 84.7411, time 486.59ms, mfu 1.70%
iter 758: loss 97.4626, time 251.38ms, mfu 1.82%
iter 759: loss 93.8461, time 406.82ms, mfu 1.81%
iter 760: loss 98.9667, time 529.85ms, mfu 1.76%
iter 761: loss 100.5067, time 237.58ms, mfu 1.89%
iter 762: loss 89.9254, time 456.19ms, mfu 1.85%
iter 763: loss 98.3318, time 419.39ms, mfu 1.84%
iter 764: loss 97.1190, time 423.05ms, mfu 1.82%
iter 765: loss 104.1987, time 352.93ms, mfu 1.84%
iter 766: loss 82.9170, time 577.61ms, mfu 1.78%
iter 767: loss 87.6371, time 382.34ms, mfu 1.79%
iter 768: loss 87.9538, time 428.30ms, mfu 1.78%
iter 769: loss 99.0757, time 400.58ms, mfu 1.78%
iter 770: loss 92.1661, time 630.03ms, mfu 1.71%
iter 771: loss 93.4662, time 525.37ms, mfu 1.68%
iter 772: loss 90.9225, time 496.41ms, mfu 1.65%
iter 773: loss 92.2815, time 437.32ms, mfu 1.65%
iter 774: loss 101.9491, time 373.04ms, mfu 1.68%
iter 775: loss 93.7268, time 363.24ms, mfu 1.71%
iter 776: loss 92.4781, time 408.27ms, mfu 1.71%
iter 777: loss 99.7600, time 485.42ms, mfu 1.69%
iter 778: loss 96.6063, time 342.65ms, mfu 1.72%
iter 779: loss 99.9790, time 327.72ms, mfu 1.77%
iter 780: loss 95.0029, time 320.50ms, mfu 1.82%
iter 781: loss 90.7368, time 342.69ms, mfu 1.84%
iter 782: loss 94.9758, time 508.68ms, mfu 1.80%
iter 783: loss 93.9984, time 475.96ms, mfu 1.77%
iter 784: loss 92.0229, time 454.61ms, mfu 1.75%
iter 785: loss 91.1664, time 332.65ms, mfu 1.79%
iter 786: loss 89.2855, time 404.17ms, mfu 1.78%
iter 787: loss 90.1590, time 383.11ms, mfu 1.79%
iter 788: loss 93.3561, time 304.11ms, mfu 1.85%
iter 789: loss 100.8233, time 450.52ms, mfu 1.82%
iter 790: loss 90.0279, time 409.62ms, mfu 1.81%
iter 791: loss 94.6010, time 451.82ms, mfu 1.79%
iter 792: loss 94.7182, time 408.36ms, mfu 1.78%
iter 793: loss 96.7742, time 506.32ms, mfu 1.75%
iter 794: loss 102.1279, time 361.56ms, mfu 1.77%
iter 795: loss 96.7610, time 625.01ms, mfu 1.71%
iter 796: loss 92.9339, time 470.60ms, mfu 1.69%
iter 797: loss 89.4425, time 437.29ms, mfu 1.68%
iter 798: loss 93.4223, time 402.22ms, mfu 1.69%
iter 799: loss 94.8428, time 380.40ms, mfu 1.71%
iter 800: loss 99.1883, time 639.68ms, mfu 1.65%
  === DIAG iter 800 ===
  loss breakdown: text 0.7689 | num 19.6839 (lambda=5.0)
  grads: total 1.0000, transformer 0.8015, adapter 0.5898, num_head 0.0985
  nums: 851/3072 tokens (27.7%)
  lr: 2.40e-04
  layer_weights: [L0:0.083 L1:0.083 L2:0.083 L3:0.082 L4:0.082 L5:0.083 L6:0.084 L7:0.084 L8:0.084 L9:0.084 L10:0.084 L11:0.085]
iter 801: loss 88.0401, time 271.88ms, mfu 1.75%
iter 802: loss 96.4933, time 379.97ms, mfu 1.76%
iter 803: loss 97.1395, time 329.39ms, mfu 1.80%
iter 804: loss 93.4392, time 431.86ms, mfu 1.78%
iter 805: loss 92.5133, time 460.41ms, mfu 1.76%
iter 806: loss 94.1993, time 372.36ms, mfu 1.78%
iter 807: loss 84.9713, time 436.18ms, mfu 1.76%
iter 808: loss 98.8691, time 465.73ms, mfu 1.74%
iter 809: loss 81.0236, time 460.27ms, mfu 1.72%
iter 810: loss 93.5372, time 314.15ms, mfu 1.77%
iter 811: loss 97.5380, time 474.90ms, mfu 1.75%
iter 812: loss 97.2229, time 453.02ms, mfu 1.73%
iter 813: loss 98.6094, time 323.00ms, mfu 1.78%
iter 814: loss 102.1395, time 440.14ms, mfu 1.76%
iter 815: loss 93.1394, time 309.23ms, mfu 1.82%
iter 816: loss 99.4611, time 389.25ms, mfu 1.82%
iter 817: loss 101.1775, time 501.10ms, mfu 1.78%
iter 818: loss 90.0740, time 447.83ms, mfu 1.76%
iter 819: loss 95.0446, time 479.10ms, mfu 1.73%
iter 820: loss 96.6545, time 358.14ms, mfu 1.76%
iter 821: loss 93.1125, time 352.79ms, mfu 1.78%
iter 822: loss 86.4251, time 468.53ms, mfu 1.76%
iter 823: loss 93.7691, time 272.10ms, mfu 1.84%
iter 824: loss 96.1892, time 414.07ms, mfu 1.83%
iter 825: loss 95.4754, time 408.60ms, mfu 1.82%
iter 826: loss 91.3767, time 346.53ms, mfu 1.85%
iter 827: loss 97.7870, time 335.57ms, mfu 1.87%
iter 828: loss 93.6461, time 477.43ms, mfu 1.84%
iter 829: loss 98.5203, time 446.50ms, mfu 1.81%
iter 830: loss 98.4821, time 489.65ms, mfu 1.78%
iter 831: loss 88.1755, time 247.72ms, mfu 1.89%
iter 832: loss 91.3111, time 484.57ms, mfu 1.84%
iter 833: loss 86.9965, time 530.02ms, mfu 1.79%
iter 834: loss 91.9651, time 422.04ms, mfu 1.78%
iter 835: loss 93.9685, time 466.85ms, mfu 1.76%
iter 836: loss 95.4282, time 404.47ms, mfu 1.76%
iter 837: loss 92.7924, time 614.90ms, mfu 1.70%
iter 838: loss 94.4872, time 346.53ms, mfu 1.73%
iter 839: loss 97.6958, time 387.60ms, mfu 1.74%
iter 840: loss 100.7903, time 360.64ms, mfu 1.77%
iter 841: loss 96.1556, time 437.50ms, mfu 1.75%
iter 842: loss 108.8620, time 400.73ms, mfu 1.76%
iter 843: loss 90.9661, time 400.03ms, mfu 1.76%
iter 844: loss 99.6372, time 382.85ms, mfu 1.77%
iter 845: loss 96.8426, time 492.18ms, mfu 1.74%
iter 846: loss 97.8912, time 257.80ms, mfu 1.84%
iter 847: loss 95.4090, time 447.78ms, mfu 1.81%
iter 848: loss 89.2570, time 483.58ms, mfu 1.78%
iter 849: loss 93.7606, time 387.09ms, mfu 1.79%
iter 850: loss 94.0932, time 507.81ms, mfu 1.75%
iter 851: loss 82.6431, time 453.15ms, mfu 1.73%
iter 852: loss 86.1870, time 426.63ms, mfu 1.72%
iter 853: loss 94.5423, time 250.79ms, mfu 1.84%
iter 854: loss 86.7669, time 292.93ms, mfu 1.90%
iter 855: loss 97.8978, time 291.18ms, mfu 1.95%
iter 856: loss 90.3376, time 418.43ms, mfu 1.93%
iter 857: loss 92.5168, time 459.71ms, mfu 1.89%
iter 858: loss 94.6208, time 298.42ms, mfu 1.94%
iter 859: loss 92.6295, time 478.96ms, mfu 1.89%
iter 860: loss 99.5584, time 337.64ms, mfu 1.92%
iter 861: loss 89.0829, time 434.11ms, mfu 1.89%
iter 862: loss 99.3166, time 555.53ms, mfu 1.83%
iter 863: loss 94.2219, time 340.21ms, mfu 1.85%
iter 864: loss 94.1937, time 470.96ms, mfu 1.82%
iter 865: loss 88.2322, time 283.60ms, mfu 1.89%
iter 866: loss 99.8059, time 354.20ms, mfu 1.90%
iter 867: loss 100.9418, time 460.26ms, mfu 1.87%
iter 868: loss 98.2497, time 450.19ms, mfu 1.84%
iter 869: loss 92.7642, time 288.22ms, mfu 1.90%
iter 870: loss 88.9328, time 619.38ms, mfu 1.83%
iter 871: loss 91.2199, time 462.55ms, mfu 1.80%
iter 872: loss 98.5535, time 423.63ms, mfu 1.79%
iter 873: loss 89.5363, time 598.45ms, mfu 1.73%
iter 874: loss 94.0662, time 455.53ms, mfu 1.71%
iter 875: loss 87.4419, time 404.59ms, mfu 1.72%
iter 876: loss 88.6516, time 387.82ms, mfu 1.73%
iter 877: loss 94.4874, time 370.37ms, mfu 1.75%
iter 878: loss 91.9368, time 442.53ms, mfu 1.73%
iter 879: loss 91.9801, time 312.16ms, mfu 1.79%
iter 880: loss 84.0532, time 471.42ms, mfu 1.76%
iter 881: loss 90.8142, time 525.37ms, mfu 1.72%
iter 882: loss 92.0380, time 571.92ms, mfu 1.67%
iter 883: loss 100.9536, time 463.27ms, mfu 1.66%
iter 884: loss 92.3852, time 463.17ms, mfu 1.65%
iter 885: loss 94.2273, time 359.68ms, mfu 1.68%
iter 886: loss 96.5853, time 356.31ms, mfu 1.71%
iter 887: loss 90.0347, time 455.35ms, mfu 1.70%
iter 888: loss 92.6095, time 275.12ms, mfu 1.79%
iter 889: loss 93.9253, time 510.47ms, mfu 1.75%
iter 890: loss 85.2695, time 370.58ms, mfu 1.77%
iter 891: loss 88.5208, time 346.71ms, mfu 1.79%
iter 892: loss 97.3073, time 416.02ms, mfu 1.79%
iter 893: loss 97.9661, time 454.58ms, mfu 1.76%
iter 894: loss 90.8280, time 463.12ms, mfu 1.74%
iter 895: loss 86.6169, time 450.06ms, mfu 1.73%
iter 896: loss 94.3173, time 398.00ms, mfu 1.73%
iter 897: loss 91.3937, time 433.59ms, mfu 1.72%
iter 898: loss 96.4277, time 348.74ms, mfu 1.76%
iter 899: loss 91.1843, time 255.06ms, mfu 1.86%
iter 900: loss 97.6272, time 687.94ms, mfu 1.78%
  === DIAG iter 900 ===
  loss breakdown: text 0.7145 | num 19.3825 (lambda=5.0)
  grads: total 1.0000, transformer 0.9002, adapter 0.4186, num_head 0.1200
  nums: 847/3072 tokens (27.6%)
  lr: 2.70e-04
  layer_weights: [L0:0.083 L1:0.083 L2:0.083 L3:0.082 L4:0.082 L5:0.083 L6:0.084 L7:0.084 L8:0.084 L9:0.084 L10:0.084 L11:0.085]
iter 901: loss 95.1340, time 237.26ms, mfu 1.90%
iter 902: loss 91.1831, time 511.93ms, mfu 1.85%
iter 903: loss 107.6494, time 452.95ms, mfu 1.82%
iter 904: loss 97.1055, time 536.89ms, mfu 1.77%
iter 905: loss 96.6432, time 332.96ms, mfu 1.81%
iter 906: loss 91.1137, time 459.42ms, mfu 1.78%
iter 907: loss 104.0481, time 531.56ms, mfu 1.74%
iter 908: loss 91.2310, time 635.60ms, mfu 1.68%
iter 909: loss 87.8084, time 335.82ms, mfu 1.72%
iter 910: loss 99.3692, time 520.79ms, mfu 1.69%
iter 911: loss 81.5394, time 449.29ms, mfu 1.68%
iter 912: loss 92.3126, time 372.62ms, mfu 1.70%
iter 913: loss 94.4401, time 450.86ms, mfu 1.69%
iter 914: loss 91.9821, time 435.12ms, mfu 1.68%
iter 915: loss 92.8864, time 445.70ms, mfu 1.67%
iter 916: loss 94.8979, time 313.18ms, mfu 1.73%
iter 917: loss 96.0432, time 472.49ms, mfu 1.71%
iter 918: loss 89.5559, time 480.86ms, mfu 1.69%
iter 919: loss 96.4549, time 406.98ms, mfu 1.70%
iter 920: loss 90.8393, time 456.18ms, mfu 1.68%
iter 921: loss 89.9442, time 421.45ms, mfu 1.68%
iter 922: loss 91.7251, time 335.92ms, mfu 1.73%
iter 923: loss 94.6403, time 512.37ms, mfu 1.69%
iter 924: loss 97.7612, time 346.15ms, mfu 1.73%
iter 925: loss 96.6968, time 420.19ms, mfu 1.73%
iter 926: loss 100.3880, time 259.56ms, mfu 1.83%
iter 927: loss 88.0423, time 483.16ms, mfu 1.79%
iter 928: loss 89.8348, time 450.69ms, mfu 1.77%
iter 929: loss 96.3394, time 358.58ms, mfu 1.79%
iter 930: loss 93.9139, time 591.03ms, mfu 1.73%
iter 931: loss 86.0551, time 392.49ms, mfu 1.74%
iter 932: loss 93.3722, time 371.24ms, mfu 1.76%
iter 933: loss 96.6985, time 300.95ms, mfu 1.82%
iter 934: loss 92.5650, time 586.57ms, mfu 1.76%
iter 935: loss 87.6954, time 363.95ms, mfu 1.78%
iter 936: loss 90.9660, time 375.63ms, mfu 1.79%
iter 937: loss 99.0002, time 440.00ms, mfu 1.77%
iter 938: loss 90.4298, time 324.23ms, mfu 1.82%
iter 939: loss 88.8177, time 485.92ms, mfu 1.78%
iter 940: loss 88.1798, time 425.00ms, mfu 1.77%
iter 941: loss 98.2485, time 410.24ms, mfu 1.77%
iter 942: loss 105.9597, time 469.29ms, mfu 1.74%
iter 943: loss 88.3453, time 399.53ms, mfu 1.75%
iter 944: loss 92.0374, time 300.09ms, mfu 1.81%
iter 945: loss 83.7986, time 364.37ms, mfu 1.82%
iter 946: loss 92.4444, time 377.81ms, mfu 1.83%
iter 947: loss 88.9417, time 470.47ms, mfu 1.80%
iter 948: loss 100.3081, time 386.87ms, mfu 1.80%
iter 949: loss 88.4899, time 649.66ms, mfu 1.73%
iter 950: loss 87.6187, time 397.29ms, mfu 1.74%
iter 951: loss 94.3472, time 352.88ms, mfu 1.77%
iter 952: loss 102.8527, time 517.85ms, mfu 1.73%
iter 953: loss 88.7933, time 369.75ms, mfu 1.75%
iter 954: loss 99.7624, time 480.37ms, mfu 1.72%
iter 955: loss 92.4067, time 377.39ms, mfu 1.74%
iter 956: loss 88.4255, time 310.36ms, mfu 1.79%
iter 957: loss 96.1494, time 394.34ms, mfu 1.80%
iter 958: loss 91.5008, time 583.58ms, mfu 1.74%
iter 959: loss 90.6494, time 408.52ms, mfu 1.74%
iter 960: loss 94.2255, time 465.05ms, mfu 1.72%
iter 961: loss 94.6264, time 431.89ms, mfu 1.71%
iter 962: loss 88.8197, time 432.94ms, mfu 1.70%
iter 963: loss 94.8503, time 468.39ms, mfu 1.69%
iter 964: loss 104.1065, time 302.93ms, mfu 1.75%
iter 965: loss 86.0760, time 404.19ms, mfu 1.75%
iter 966: loss 96.1056, time 373.43ms, mfu 1.77%
iter 967: loss 97.1002, time 359.09ms, mfu 1.79%
iter 968: loss 92.1799, time 395.31ms, mfu 1.79%
iter 969: loss 94.5938, time 354.64ms, mfu 1.81%
iter 970: loss 92.3730, time 279.54ms, mfu 1.89%
iter 971: loss 97.7479, time 386.79ms, mfu 1.88%
iter 972: loss 90.9103, time 354.44ms, mfu 1.90%
iter 973: loss 89.1075, time 481.36ms, mfu 1.85%
iter 974: loss 98.8844, time 504.35ms, mfu 1.81%
iter 975: loss 103.4121, time 432.34ms, mfu 1.79%
iter 976: loss 88.6671, time 321.22ms, mfu 1.84%
iter 977: loss 94.9435, time 399.34ms, mfu 1.83%
iter 978: loss 96.8290, time 470.05ms, mfu 1.80%
iter 979: loss 89.9735, time 356.20ms, mfu 1.82%
iter 980: loss 87.1833, time 394.40ms, mfu 1.82%
iter 981: loss 91.2293, time 369.86ms, mfu 1.83%
iter 982: loss 93.2096, time 456.63ms, mfu 1.80%
iter 983: loss 91.4730, time 489.85ms, mfu 1.77%
iter 984: loss 93.3213, time 354.48ms, mfu 1.79%
iter 985: loss 90.8724, time 374.69ms, mfu 1.80%
iter 986: loss 90.9183, time 475.61ms, mfu 1.77%
iter 987: loss 93.2062, time 376.83ms, mfu 1.78%
iter 988: loss 94.5789, time 492.90ms, mfu 1.75%
iter 989: loss 91.1671, time 485.48ms, mfu 1.72%
iter 990: loss 84.2679, time 544.59ms, mfu 1.68%
iter 991: loss 95.5552, time 207.40ms, mfu 1.86%
iter 992: loss 103.2350, time 506.88ms, mfu 1.81%
iter 993: loss 91.9483, time 420.33ms, mfu 1.80%
iter 994: loss 92.8824, time 491.66ms, mfu 1.76%
iter 995: loss 90.1608, time 459.01ms, mfu 1.74%
iter 996: loss 90.6894, time 376.35ms, mfu 1.76%
iter 997: loss 99.0420, time 476.21ms, mfu 1.73%
iter 998: loss 84.7582, time 528.98ms, mfu 1.69%
iter 999: loss 88.8052, time 324.70ms, mfu 1.74%
iter 1000: loss 94.3015, time 866.99ms, mfu 1.65%
  === DIAG iter 1000 ===
  loss breakdown: text 0.5951 | num 18.7413 (lambda=5.0)
  grads: total 1.0000, transformer 0.7395, adapter 0.6232, num_head 0.2546
  nums: 914/3072 tokens (29.8%)
  lr: 3.00e-04
  layer_weights: [L0:0.083 L1:0.083 L2:0.082 L3:0.082 L4:0.082 L5:0.083 L6:0.084 L7:0.084 L8:0.084 L9:0.084 L10:0.084 L11:0.085]
iter 1001: loss 89.6677, time 277.29ms, mfu 1.74%
iter 1002: loss 95.0884, time 468.48ms, mfu 1.72%
iter 1003: loss 93.1005, time 271.02ms, mfu 1.81%
iter 1004: loss 86.1389, time 381.10ms, mfu 1.82%
iter 1005: loss 105.7023, time 467.77ms, mfu 1.79%
iter 1006: loss 87.4931, time 476.31ms, mfu 1.76%
iter 1007: loss 96.4990, time 418.50ms, mfu 1.75%
iter 1008: loss 91.5422, time 470.67ms, mfu 1.73%
iter 1009: loss 91.5067, time 490.71ms, mfu 1.70%
iter 1010: loss 97.6300, time 359.26ms, mfu 1.73%
iter 1011: loss 95.7484, time 359.99ms, mfu 1.75%
iter 1012: loss 89.5628, time 621.70ms, mfu 1.69%
iter 1013: loss 84.2772, time 453.99ms, mfu 1.68%
iter 1014: loss 95.6112, time 411.18ms, mfu 1.69%
iter 1015: loss 101.1162, time 430.20ms, mfu 1.68%
iter 1016: loss 93.7932, time 367.40ms, mfu 1.71%
iter 1017: loss 81.2172, time 254.91ms, mfu 1.82%
iter 1018: loss 95.3621, time 340.31ms, mfu 1.85%
iter 1019: loss 97.5568, time 537.25ms, mfu 1.79%
iter 1020: loss 92.7944, time 481.72ms, mfu 1.76%
iter 1021: loss 87.4470, time 300.98ms, mfu 1.82%
iter 1022: loss 89.4851, time 443.26ms, mfu 1.80%
iter 1023: loss 85.2823, time 428.77ms, mfu 1.79%
iter 1024: loss 84.8009, time 440.21ms, mfu 1.77%
iter 1025: loss 85.3446, time 347.90ms, mfu 1.80%
iter 1026: loss 88.0054, time 409.41ms, mfu 1.79%
iter 1027: loss 87.5863, time 345.48ms, mfu 1.82%
iter 1028: loss 89.0678, time 510.91ms, mfu 1.78%
iter 1029: loss 94.6085, time 552.11ms, mfu 1.73%
iter 1030: loss 88.2711, time 362.05ms, mfu 1.75%
iter 1031: loss 91.6079, time 472.97ms, mfu 1.73%
iter 1032: loss 93.6882, time 529.15ms, mfu 1.69%
iter 1033: loss 84.1838, time 349.19ms, mfu 1.72%
iter 1034: loss 95.8766, time 400.70ms, mfu 1.73%
iter 1035: loss 88.0132, time 484.50ms, mfu 1.70%
iter 1036: loss 88.0351, time 306.74ms, mfu 1.77%
iter 1037: loss 96.2255, time 548.12ms, mfu 1.72%
iter 1038: loss 91.3250, time 361.92ms, mfu 1.74%
iter 1039: loss 88.3319, time 479.82ms, mfu 1.72%
iter 1040: loss 90.1127, time 392.59ms, mfu 1.73%
iter 1041: loss 89.4485, time 531.93ms, mfu 1.69%
iter 1042: loss 94.0244, time 346.59ms, mfu 1.73%
iter 1043: loss 89.8718, time 433.91ms, mfu 1.72%
iter 1044: loss 89.5040, time 454.50ms, mfu 1.70%
iter 1045: loss 91.0329, time 557.55ms, mfu 1.66%
iter 1046: loss 89.1501, time 490.83ms, mfu 1.64%
iter 1047: loss 84.5346, time 369.48ms, mfu 1.67%
iter 1048: loss 94.5251, time 369.04ms, mfu 1.69%
iter 1049: loss 96.8284, time 364.32ms, mfu 1.72%
iter 1050: loss 94.7038, time 480.25ms, mfu 1.70%
iter 1051: loss 83.6853, time 324.03ms, mfu 1.75%
iter 1052: loss 94.7254, time 397.11ms, mfu 1.75%
iter 1053: loss 87.4761, time 451.81ms, mfu 1.73%
iter 1054: loss 96.2540, time 335.76ms, mfu 1.77%
iter 1055: loss 92.6643, time 500.70ms, mfu 1.74%
iter 1056: loss 88.0099, time 311.77ms, mfu 1.79%
iter 1057: loss 92.8800, time 472.80ms, mfu 1.76%
iter 1058: loss 98.8279, time 297.75ms, mfu 1.83%
iter 1059: loss 99.7560, time 303.10ms, mfu 1.88%
iter 1060: loss 94.8286, time 452.13ms, mfu 1.85%
iter 1061: loss 92.1307, time 387.74ms, mfu 1.85%
iter 1062: loss 91.5968, time 511.21ms, mfu 1.80%
iter 1063: loss 90.7888, time 415.46ms, mfu 1.79%
iter 1064: loss 89.5991, time 354.64ms, mfu 1.82%
iter 1065: loss 86.0582, time 492.50ms, mfu 1.78%
iter 1066: loss 93.4057, time 368.85ms, mfu 1.79%
iter 1067: loss 96.7461, time 548.85ms, mfu 1.74%
iter 1068: loss 93.2652, time 417.07ms, mfu 1.74%
iter 1069: loss 88.5206, time 405.60ms, mfu 1.74%
iter 1070: loss 92.9034, time 561.51ms, mfu 1.70%
iter 1071: loss 88.0007, time 365.31ms, mfu 1.72%
iter 1072: loss 90.3279, time 421.79ms, mfu 1.72%
iter 1073: loss 88.2487, time 424.48ms, mfu 1.71%
iter 1074: loss 85.8947, time 264.00ms, mfu 1.81%
iter 1075: loss 88.3566, time 404.92ms, mfu 1.81%
iter 1076: loss 83.3700, time 214.22ms, mfu 1.96%
iter 1077: loss 86.6065, time 439.53ms, mfu 1.93%
iter 1078: loss 89.3322, time 559.11ms, mfu 1.86%
iter 1079: loss 85.8398, time 355.07ms, mfu 1.87%
iter 1080: loss 90.2344, time 534.94ms, mfu 1.82%
iter 1081: loss 88.9000, time 470.60ms, mfu 1.79%
iter 1082: loss 86.9469, time 403.89ms, mfu 1.79%
iter 1083: loss 88.9935, time 440.98ms, mfu 1.77%
iter 1084: loss 82.1959, time 326.22ms, mfu 1.81%
iter 1085: loss 92.9619, time 359.17ms, mfu 1.83%
iter 1086: loss 91.6570, time 378.95ms, mfu 1.83%
iter 1087: loss 95.6810, time 340.96ms, mfu 1.86%
iter 1088: loss 88.2273, time 485.36ms, mfu 1.82%
iter 1089: loss 90.1339, time 275.13ms, mfu 1.90%
iter 1090: loss 94.3920, time 504.36ms, mfu 1.85%
iter 1091: loss 91.1448, time 488.00ms, mfu 1.81%
iter 1092: loss 90.9895, time 451.52ms, mfu 1.79%
iter 1093: loss 88.1586, time 424.29ms, mfu 1.78%
iter 1094: loss 88.0321, time 459.45ms, mfu 1.75%
iter 1095: loss 92.9959, time 345.30ms, mfu 1.78%
iter 1096: loss 88.8012, time 509.87ms, mfu 1.75%
iter 1097: loss 98.8917, time 357.84ms, mfu 1.77%
iter 1098: loss 98.6203, time 577.15ms, mfu 1.72%
iter 1099: loss 87.8841, time 489.01ms, mfu 1.69%
iter 1100: loss 99.8931, time 823.36ms, mfu 1.61%
  === DIAG iter 1100 ===
  loss breakdown: text 0.5484 | num 19.8689 (lambda=5.0)
  grads: total 1.0000, transformer 0.7051, adapter 0.5692, num_head 0.4230
  nums: 901/3072 tokens (29.3%)
  lr: 3.30e-04
  layer_weights: [L0:0.083 L1:0.083 L2:0.082 L3:0.082 L4:0.082 L5:0.083 L6:0.084 L7:0.084 L8:0.084 L9:0.084 L10:0.084 L11:0.085]
iter 1101: loss 85.0954, time 277.78ms, mfu 1.70%
iter 1102: loss 89.8324, time 345.99ms, mfu 1.74%
iter 1103: loss 88.4269, time 663.48ms, mfu 1.67%
iter 1104: loss 86.6291, time 311.90ms, mfu 1.73%
iter 1105: loss 88.7433, time 424.51ms, mfu 1.73%
iter 1106: loss 92.5357, time 499.02ms, mfu 1.70%
iter 1107: loss 101.2325, time 532.07ms, mfu 1.66%
iter 1108: loss 92.2556, time 461.03ms, mfu 1.65%
iter 1109: loss 84.4057, time 374.74ms, mfu 1.68%
iter 1110: loss 85.4658, time 426.61ms, mfu 1.68%
iter 1111: loss 90.1626, time 487.93ms, mfu 1.65%
iter 1112: loss 91.7967, time 342.31ms, mfu 1.70%
iter 1113: loss 95.7057, time 463.42ms, mfu 1.68%
iter 1114: loss 89.4432, time 485.69ms, mfu 1.66%
iter 1115: loss 90.2768, time 347.82ms, mfu 1.70%
iter 1116: loss 81.3120, time 413.48ms, mfu 1.70%
iter 1117: loss 93.6791, time 342.42ms, mfu 1.74%
iter 1118: loss 86.6115, time 292.88ms, mfu 1.81%
iter 1119: loss 93.1259, time 568.49ms, mfu 1.75%
iter 1120: loss 91.4631, time 270.46ms, mfu 1.84%
iter 1121: loss 92.1392, time 457.97ms, mfu 1.81%
iter 1122: loss 100.2635, time 470.68ms, mfu 1.78%
iter 1123: loss 93.4311, time 555.86ms, mfu 1.73%
iter 1124: loss 88.2935, time 493.59ms, mfu 1.70%
iter 1125: loss 95.9870, time 489.83ms, mfu 1.68%
iter 1126: loss 87.6910, time 377.67ms, mfu 1.70%
iter 1127: loss 87.7844, time 516.39ms, mfu 1.67%
iter 1128: loss 85.1694, time 339.43ms, mfu 1.71%
iter 1129: loss 89.1478, time 504.03ms, mfu 1.68%
iter 1130: loss 85.6660, time 313.18ms, mfu 1.74%
iter 1131: loss 91.0138, time 381.67ms, mfu 1.75%
iter 1132: loss 89.2879, time 467.18ms, mfu 1.73%
iter 1133: loss 89.5539, time 377.86ms, mfu 1.75%
iter 1134: loss 80.7933, time 314.06ms, mfu 1.80%
iter 1135: loss 90.9475, time 540.77ms, mfu 1.75%
iter 1136: loss 87.5649, time 376.49ms, mfu 1.76%
iter 1137: loss 90.1406, time 404.14ms, mfu 1.76%
iter 1138: loss 89.0461, time 463.45ms, mfu 1.74%
iter 1139: loss 92.7554, time 457.27ms, mfu 1.72%
iter 1140: loss 94.1969, time 246.93ms, mfu 1.84%
iter 1141: loss 94.9243, time 289.70ms, mfu 1.90%
iter 1142: loss 88.5097, time 354.14ms, mfu 1.91%
iter 1143: loss 91.4996, time 383.23ms, mfu 1.91%
iter 1144: loss 85.4028, time 323.03ms, mfu 1.94%
iter 1145: loss 88.5245, time 279.66ms, mfu 2.00%
iter 1146: loss 89.5352, time 356.45ms, mfu 2.00%
iter 1147: loss 83.8543, time 504.14ms, mfu 1.94%
iter 1148: loss 88.5622, time 347.39ms, mfu 1.95%
iter 1149: loss 91.7078, time 422.72ms, mfu 1.92%
iter 1150: loss 86.8815, time 404.43ms, mfu 1.91%
iter 1151: loss 82.4866, time 412.44ms, mfu 1.89%
iter 1152: loss 89.5435, time 403.15ms, mfu 1.88%
iter 1153: loss 83.8594, time 363.30ms, mfu 1.89%
iter 1154: loss 91.1178, time 478.57ms, mfu 1.85%
iter 1155: loss 87.9409, time 422.34ms, mfu 1.83%
iter 1156: loss 84.5613, time 423.37ms, mfu 1.82%
iter 1157: loss 92.0522, time 594.07ms, mfu 1.75%
iter 1158: loss 84.8466, time 547.89ms, mfu 1.71%
iter 1159: loss 97.0026, time 480.53ms, mfu 1.69%
iter 1160: loss 86.2069, time 430.83ms, mfu 1.68%
iter 1161: loss 84.2477, time 359.78ms, mfu 1.71%
iter 1162: loss 74.5761, time 493.98ms, mfu 1.69%
iter 1163: loss 94.4195, time 405.69ms, mfu 1.69%
iter 1164: loss 93.4149, time 309.24ms, mfu 1.75%
iter 1165: loss 87.7895, time 515.34ms, mfu 1.72%
iter 1166: loss 91.8235, time 357.81ms, mfu 1.74%
iter 1167: loss 81.3647, time 504.92ms, mfu 1.71%
iter 1168: loss 91.0899, time 587.31ms, mfu 1.66%
iter 1169: loss 84.6242, time 567.78ms, mfu 1.62%
iter 1170: loss 90.5220, time 286.94ms, mfu 1.71%
iter 1171: loss 91.9276, time 498.18ms, mfu 1.68%
iter 1172: loss 84.8451, time 464.36ms, mfu 1.66%
iter 1173: loss 89.3467, time 437.25ms, mfu 1.66%
iter 1174: loss 97.0904, time 329.10ms, mfu 1.71%
iter 1175: loss 87.6454, time 386.37ms, mfu 1.73%
iter 1176: loss 88.5384, time 465.02ms, mfu 1.71%
iter 1177: loss 92.9927, time 405.85ms, mfu 1.71%
iter 1178: loss 85.6664, time 425.40ms, mfu 1.71%
iter 1179: loss 84.0201, time 380.12ms, mfu 1.72%
iter 1180: loss 90.9955, time 431.39ms, mfu 1.72%
iter 1181: loss 86.8067, time 510.84ms, mfu 1.68%
iter 1182: loss 86.6136, time 402.45ms, mfu 1.69%
iter 1183: loss 83.3996, time 282.98ms, mfu 1.78%
iter 1184: loss 91.6081, time 494.81ms, mfu 1.74%
iter 1185: loss 88.8431, time 610.02ms, mfu 1.68%
iter 1186: loss 88.8021, time 510.37ms, mfu 1.66%
iter 1187: loss 86.2028, time 323.85ms, mfu 1.71%
iter 1188: loss 97.0172, time 420.69ms, mfu 1.71%
iter 1189: loss 81.4785, time 426.13ms, mfu 1.71%
iter 1190: loss 93.4965, time 500.45ms, mfu 1.68%
iter 1191: loss 89.0811, time 422.83ms, mfu 1.68%
iter 1192: loss 94.2688, time 336.23ms, mfu 1.72%
iter 1193: loss 86.9913, time 495.21ms, mfu 1.69%
iter 1194: loss 89.8728, time 408.18ms, mfu 1.70%
iter 1195: loss 89.6159, time 488.29ms, mfu 1.67%
iter 1196: loss 86.0701, time 525.66ms, mfu 1.64%
iter 1197: loss 86.2106, time 406.75ms, mfu 1.65%
iter 1198: loss 94.5407, time 312.37ms, mfu 1.72%
iter 1199: loss 87.1099, time 646.72ms, mfu 1.66%
iter 1200: loss 85.0969, time 509.76ms, mfu 1.63%
  === DIAG iter 1200 ===
  loss breakdown: text 0.5561 | num 16.9082 (lambda=5.0)
  grads: total 1.0000, transformer 0.6035, adapter 0.7889, num_head 0.1159
  nums: 865/3072 tokens (28.2%)
  lr: 3.60e-04
  layer_weights: [L0:0.083 L1:0.083 L2:0.082 L3:0.082 L4:0.082 L5:0.083 L6:0.084 L7:0.084 L8:0.084 L9:0.084 L10:0.084 L11:0.085]
iter 1201: loss 89.2393, time 209.01ms, mfu 1.81%
iter 1202: loss 85.6093, time 502.84ms, mfu 1.77%
iter 1203: loss 92.2056, time 516.86ms, mfu 1.73%
iter 1204: loss 85.0144, time 374.28ms, mfu 1.75%
iter 1205: loss 88.3389, time 427.45ms, mfu 1.74%
iter 1206: loss 86.9159, time 401.71ms, mfu 1.74%
iter 1207: loss 88.0009, time 499.14ms, mfu 1.71%
iter 1208: loss 95.2791, time 390.90ms, mfu 1.72%
iter 1209: loss 88.0689, time 339.97ms, mfu 1.76%
iter 1210: loss 85.2023, time 441.66ms, mfu 1.74%
iter 1211: loss 90.3278, time 544.52ms, mfu 1.70%
iter 1212: loss 95.1611, time 436.36ms, mfu 1.69%
iter 1213: loss 93.2123, time 297.91ms, mfu 1.76%
iter 1214: loss 85.7245, time 338.29ms, mfu 1.80%
iter 1215: loss 89.3865, time 482.51ms, mfu 1.77%
iter 1216: loss 92.0618, time 574.95ms, mfu 1.71%
iter 1217: loss 87.9689, time 281.01ms, mfu 1.80%
iter 1218: loss 88.8533, time 342.40ms, mfu 1.82%
iter 1219: loss 80.1611, time 413.42ms, mfu 1.81%
iter 1220: loss 95.3122, time 448.60ms, mfu 1.79%
iter 1221: loss 91.2494, time 371.69ms, mfu 1.80%
iter 1222: loss 83.6052, time 599.87ms, mfu 1.74%
iter 1223: loss 96.4738, time 442.84ms, mfu 1.73%
iter 1224: loss 87.5393, time 390.05ms, mfu 1.74%
iter 1225: loss 95.1172, time 441.94ms, mfu 1.73%
iter 1226: loss 94.9950, time 433.62ms, mfu 1.72%
iter 1227: loss 87.5608, time 501.01ms, mfu 1.69%
iter 1228: loss 90.4329, time 433.60ms, mfu 1.68%
iter 1229: loss 95.1821, time 356.19ms, mfu 1.72%
iter 1230: loss 87.9821, time 425.72ms, mfu 1.71%
iter 1231: loss 83.4000, time 513.32ms, mfu 1.68%
iter 1232: loss 94.0749, time 476.56ms, mfu 1.66%
iter 1233: loss 95.1383, time 333.69ms, mfu 1.71%
iter 1234: loss 92.8489, time 455.56ms, mfu 1.69%
iter 1235: loss 93.3598, time 563.99ms, mfu 1.65%
iter 1236: loss 97.0155, time 359.82ms, mfu 1.68%
iter 1237: loss 92.9446, time 522.52ms, mfu 1.65%
iter 1238: loss 85.9622, time 486.51ms, mfu 1.63%
iter 1239: loss 86.8874, time 477.92ms, mfu 1.62%
iter 1240: loss 90.3330, time 325.47ms, mfu 1.68%
iter 1241: loss 91.3552, time 467.07ms, mfu 1.66%
iter 1242: loss 88.5603, time 427.78ms, mfu 1.66%
iter 1243: loss 88.6435, time 441.68ms, mfu 1.66%
iter 1244: loss 95.9076, time 397.59ms, mfu 1.67%
iter 1245: loss 76.4128, time 489.57ms, mfu 1.65%
iter 1246: loss 104.3267, time 425.39ms, mfu 1.65%
iter 1247: loss 89.3656, time 591.68ms, mfu 1.61%
iter 1248: loss 89.7651, time 198.82ms, mfu 1.80%
iter 1249: loss 91.5492, time 459.88ms, mfu 1.78%
iter 1250: loss 84.7865, time 444.58ms, mfu 1.76%
iter 1251: loss 85.9910, time 341.49ms, mfu 1.79%
iter 1252: loss 93.7645, time 577.22ms, mfu 1.74%
iter 1253: loss 91.3127, time 354.21ms, mfu 1.77%
iter 1254: loss 86.2941, time 427.70ms, mfu 1.76%
iter 1255: loss 89.6308, time 466.20ms, mfu 1.73%
iter 1256: loss 98.2850, time 450.64ms, mfu 1.72%
iter 1257: loss 93.6842, time 592.99ms, mfu 1.67%
iter 1258: loss 82.4237, time 414.46ms, mfu 1.67%
iter 1259: loss 94.5319, time 573.65ms, mfu 1.63%
iter 1260: loss 90.1581, time 370.94ms, mfu 1.66%
iter 1261: loss 91.1967, time 313.25ms, mfu 1.72%
iter 1262: loss 89.6823, time 406.67ms, mfu 1.72%
iter 1263: loss 87.4210, time 399.62ms, mfu 1.73%
iter 1264: loss 87.7352, time 360.75ms, mfu 1.75%
iter 1265: loss 98.0328, time 419.95ms, mfu 1.75%
iter 1266: loss 87.3109, time 356.35ms, mfu 1.77%
iter 1267: loss 92.3123, time 537.86ms, mfu 1.73%
iter 1268: loss 100.3203, time 606.49ms, mfu 1.67%
iter 1269: loss 85.1682, time 538.10ms, mfu 1.64%
iter 1270: loss 91.0147, time 329.96ms, mfu 1.69%
iter 1271: loss 93.6216, time 383.77ms, mfu 1.71%
iter 1272: loss 98.3123, time 292.74ms, mfu 1.78%
iter 1273: loss 95.7635, time 338.91ms, mfu 1.81%
iter 1274: loss 91.0493, time 494.73ms, mfu 1.77%
iter 1275: loss 87.2385, time 420.85ms, mfu 1.77%
iter 1276: loss 88.1606, time 567.23ms, mfu 1.72%
iter 1277: loss 93.6528, time 282.96ms, mfu 1.80%
iter 1278: loss 86.3325, time 500.84ms, mfu 1.76%
iter 1279: loss 97.3855, time 303.06ms, mfu 1.82%
iter 1280: loss 94.3118, time 620.73ms, mfu 1.75%
iter 1281: loss 89.2409, time 397.55ms, mfu 1.76%
iter 1282: loss 87.8683, time 365.91ms, mfu 1.77%
iter 1283: loss 84.5942, time 511.10ms, mfu 1.74%
iter 1284: loss 91.3343, time 376.58ms, mfu 1.75%
iter 1285: loss 93.2133, time 493.07ms, mfu 1.72%
iter 1286: loss 89.2320, time 609.87ms, mfu 1.67%
iter 1287: loss 80.8051, time 383.58ms, mfu 1.69%
iter 1288: loss 93.7993, time 436.28ms, mfu 1.68%
iter 1289: loss 86.6918, time 394.53ms, mfu 1.69%
iter 1290: loss 86.9507, time 569.42ms, mfu 1.65%
iter 1291: loss 87.2307, time 253.24ms, mfu 1.77%
iter 1292: loss 95.2860, time 386.04ms, mfu 1.77%
iter 1293: loss 91.3182, time 411.98ms, mfu 1.77%
iter 1294: loss 91.6010, time 439.67ms, mfu 1.75%
iter 1295: loss 85.0958, time 430.14ms, mfu 1.74%
iter 1296: loss 86.6109, time 562.09ms, mfu 1.70%
iter 1297: loss 87.7854, time 490.69ms, mfu 1.67%
iter 1298: loss 83.0965, time 457.10ms, mfu 1.66%
iter 1299: loss 94.2723, time 596.31ms, mfu 1.61%
iter 1300: loss 94.6787, time 470.76ms, mfu 1.60%
  === DIAG iter 1300 ===
  loss breakdown: text 0.5209 | num 18.8316 (lambda=5.0)
  grads: total 1.0000, transformer 0.9271, adapter 0.3479, num_head 0.1391
  nums: 861/3072 tokens (28.0%)
  lr: 3.90e-04
  layer_weights: [L0:0.083 L1:0.083 L2:0.082 L3:0.082 L4:0.082 L5:0.083 L6:0.084 L7:0.084 L8:0.084 L9:0.084 L10:0.084 L11:0.085]
iter 1301: loss 81.0054, time 249.90ms, mfu 1.73%
iter 1302: loss 81.9079, time 358.39ms, mfu 1.75%
iter 1303: loss 92.0224, time 501.83ms, mfu 1.72%
iter 1304: loss 84.3492, time 462.90ms, mfu 1.70%
iter 1305: loss 84.3047, time 590.25ms, mfu 1.65%
iter 1306: loss 88.4942, time 401.93ms, mfu 1.67%
iter 1307: loss 92.2195, time 515.73ms, mfu 1.64%
iter 1308: loss 85.6746, time 357.28ms, mfu 1.67%
iter 1309: loss 97.3815, time 383.84ms, mfu 1.69%
iter 1310: loss 91.9157, time 280.28ms, mfu 1.78%
iter 1311: loss 94.9968, time 379.83ms, mfu 1.79%
iter 1312: loss 85.3974, time 411.30ms, mfu 1.78%
iter 1313: loss 85.9048, time 488.42ms, mfu 1.75%
iter 1314: loss 91.8094, time 553.80ms, mfu 1.70%
iter 1315: loss 84.6101, time 323.25ms, mfu 1.75%
iter 1316: loss 92.1825, time 479.51ms, mfu 1.73%
iter 1317: loss 92.9127, time 371.87ms, mfu 1.75%
iter 1318: loss 87.1985, time 297.15ms, mfu 1.81%
iter 1319: loss 85.1283, time 323.05ms, mfu 1.85%
iter 1320: loss 92.0132, time 352.44ms, mfu 1.87%
iter 1321: loss 89.5380, time 399.17ms, mfu 1.86%
iter 1322: loss 92.4196, time 596.29ms, mfu 1.79%
iter 1323: loss 90.5450, time 489.62ms, mfu 1.76%
iter 1324: loss 88.4053, time 439.84ms, mfu 1.75%
iter 1325: loss 93.6438, time 473.05ms, mfu 1.72%
iter 1326: loss 91.0003, time 555.72ms, mfu 1.68%
iter 1327: loss 85.5302, time 412.03ms, mfu 1.68%
iter 1328: loss 94.4456, time 503.42ms, mfu 1.66%
iter 1329: loss 83.0785, time 437.77ms, mfu 1.65%
iter 1330: loss 84.6370, time 589.95ms, mfu 1.61%
iter 1331: loss 96.1058, time 626.00ms, mfu 1.56%
iter 1332: loss 85.1367, time 475.65ms, mfu 1.56%
iter 1333: loss 84.2408, time 373.74ms, mfu 1.59%
iter 1334: loss 96.9146, time 371.23ms, mfu 1.62%
iter 1335: loss 89.1135, time 504.21ms, mfu 1.60%
iter 1336: loss 90.2242, time 440.29ms, mfu 1.60%
iter 1337: loss 90.9900, time 412.16ms, mfu 1.62%
iter 1338: loss 93.0346, time 271.24ms, mfu 1.72%
iter 1339: loss 94.8274, time 666.85ms, mfu 1.65%
iter 1340: loss 84.4528, time 424.61ms, mfu 1.66%
iter 1341: loss 89.9513, time 452.56ms, mfu 1.65%
iter 1342: loss 96.2531, time 323.99ms, mfu 1.70%
iter 1343: loss 94.9322, time 478.66ms, mfu 1.68%
iter 1344: loss 90.0077, time 397.67ms, mfu 1.69%
iter 1345: loss 87.7542, time 496.43ms, mfu 1.67%
iter 1346: loss 88.2862, time 450.25ms, mfu 1.66%
iter 1347: loss 83.5665, time 430.26ms, mfu 1.66%
iter 1348: loss 87.3171, time 379.65ms, mfu 1.68%
iter 1349: loss 100.2424, time 447.83ms, mfu 1.67%
iter 1350: loss 87.3092, time 525.42ms, mfu 1.64%
iter 1351: loss 87.6131, time 285.63ms, mfu 1.73%
iter 1352: loss 91.2070, time 500.45ms, mfu 1.69%
iter 1353: loss 85.6625, time 371.14ms, mfu 1.72%
iter 1354: loss 94.1492, time 385.21ms, mfu 1.73%
iter 1355: loss 90.9454, time 320.50ms, mfu 1.78%
iter 1356: loss 91.3742, time 412.31ms, mfu 1.77%
iter 1357: loss 85.1173, time 429.12ms, mfu 1.76%
iter 1358: loss 92.4655, time 520.28ms, mfu 1.72%
iter 1359: loss 85.0669, time 269.28ms, mfu 1.82%
iter 1360: loss 99.2444, time 357.80ms, mfu 1.83%
iter 1361: loss 88.8453, time 583.60ms, mfu 1.77%
iter 1362: loss 87.6558, time 368.92ms, mfu 1.79%
iter 1363: loss 86.5304, time 367.63ms, mfu 1.80%
iter 1364: loss 96.4883, time 515.49ms, mfu 1.76%
iter 1365: loss 86.4276, time 465.30ms, mfu 1.74%
iter 1366: loss 81.9454, time 487.12ms, mfu 1.71%
iter 1367: loss 93.7760, time 439.60ms, mfu 1.70%
iter 1368: loss 81.5517, time 396.13ms, mfu 1.71%
iter 1369: loss 87.1632, time 376.81ms, mfu 1.73%
iter 1370: loss 86.1809, time 438.75ms, mfu 1.72%
iter 1371: loss 84.7490, time 405.40ms, mfu 1.72%
iter 1372: loss 97.3003, time 529.89ms, mfu 1.69%
iter 1373: loss 93.5587, time 470.66ms, mfu 1.67%
iter 1374: loss 92.5645, time 462.92ms, mfu 1.66%
iter 1375: loss 82.2660, time 360.57ms, mfu 1.69%
iter 1376: loss 80.8285, time 440.49ms, mfu 1.68%
iter 1377: loss 87.0206, time 461.30ms, mfu 1.67%
iter 1378: loss 86.6359, time 403.50ms, mfu 1.68%
iter 1379: loss 81.5393, time 343.77ms, mfu 1.72%
iter 1380: loss 95.1320, time 501.66ms, mfu 1.69%
iter 1381: loss 93.5086, time 466.04ms, mfu 1.67%
iter 1382: loss 92.5046, time 543.17ms, mfu 1.64%
iter 1383: loss 89.3499, time 350.03ms, mfu 1.68%
iter 1384: loss 87.0361, time 326.62ms, mfu 1.73%
iter 1385: loss 93.6728, time 516.98ms, mfu 1.69%
iter 1386: loss 92.0627, time 397.95ms, mfu 1.70%
iter 1387: loss 89.9761, time 490.01ms, mfu 1.68%
iter 1388: loss 91.3492, time 470.54ms, mfu 1.66%
iter 1389: loss 91.5845, time 401.40ms, mfu 1.67%
iter 1390: loss 86.3270, time 375.56ms, mfu 1.69%
iter 1391: loss 84.4926, time 436.33ms, mfu 1.69%
iter 1392: loss 81.9413, time 414.13ms, mfu 1.69%
iter 1393: loss 86.0687, time 556.55ms, mfu 1.65%
iter 1394: loss 86.2263, time 477.90ms, mfu 1.63%
iter 1395: loss 93.8304, time 292.34ms, mfu 1.71%
iter 1396: loss 90.7673, time 486.05ms, mfu 1.69%
iter 1397: loss 98.1427, time 409.55ms, mfu 1.69%
iter 1398: loss 89.3819, time 478.48ms, mfu 1.67%
iter 1399: loss 90.5300, time 381.22ms, mfu 1.69%
iter 1400: loss 86.6126, time 674.28ms, mfu 1.63%
  === DIAG iter 1400 ===
  loss breakdown: text 0.4725 | num 17.2280 (lambda=5.0)
  grads: total 1.0000, transformer 0.4778, adapter 0.8389, num_head 0.2608
  nums: 905/3072 tokens (29.5%)
  lr: 4.20e-04
  layer_weights: [L0:0.083 L1:0.083 L2:0.082 L3:0.082 L4:0.082 L5:0.083 L6:0.084 L7:0.084 L8:0.084 L9:0.084 L10:0.084 L11:0.085]
iter 1401: loss 88.6066, time 263.83ms, mfu 1.74%
iter 1402: loss 87.2543, time 405.60ms, mfu 1.74%
iter 1403: loss 86.2917, time 534.36ms, mfu 1.70%
iter 1404: loss 95.3661, time 343.51ms, mfu 1.74%
iter 1405: loss 87.9680, time 460.89ms, mfu 1.72%
iter 1406: loss 93.6164, time 469.38ms, mfu 1.70%
iter 1407: loss 88.2377, time 398.72ms, mfu 1.71%
iter 1408: loss 97.4037, time 375.75ms, mfu 1.73%
iter 1409: loss 86.2817, time 335.13ms, mfu 1.77%
iter 1410: loss 91.9143, time 424.87ms, mfu 1.76%
iter 1411: loss 91.2231, time 327.97ms, mfu 1.80%
iter 1412: loss 87.4739, time 363.84ms, mfu 1.81%
iter 1413: loss 81.7174, time 423.13ms, mfu 1.80%
iter 1414: loss 86.2745, time 371.47ms, mfu 1.81%
iter 1415: loss 84.2470, time 478.86ms, mfu 1.78%
iter 1416: loss 98.2138, time 509.34ms, mfu 1.74%
iter 1417: loss 93.2601, time 400.69ms, mfu 1.75%
iter 1418: loss 85.6545, time 317.71ms, mfu 1.80%
iter 1419: loss 86.6335, time 415.49ms, mfu 1.79%
iter 1420: loss 87.0469, time 459.82ms, mfu 1.76%
iter 1421: loss 82.3989, time 491.21ms, mfu 1.73%
iter 1422: loss 96.6767, time 412.03ms, mfu 1.73%
iter 1423: loss 85.1906, time 464.10ms, mfu 1.71%
iter 1424: loss 88.3473, time 529.16ms, mfu 1.68%
iter 1425: loss 94.9613, time 263.35ms, mfu 1.78%
iter 1426: loss 91.6476, time 382.55ms, mfu 1.79%
iter 1427: loss 90.2084, time 434.38ms, mfu 1.77%
iter 1428: loss 88.5250, time 386.14ms, mfu 1.78%
iter 1429: loss 91.8195, time 400.18ms, mfu 1.78%
iter 1430: loss 86.5802, time 304.17ms, mfu 1.84%
iter 1431: loss 84.2011, time 400.09ms, mfu 1.83%
iter 1432: loss 92.5291, time 608.96ms, mfu 1.76%
iter 1433: loss 91.4699, time 324.82ms, mfu 1.81%
iter 1434: loss 85.5508, time 438.77ms, mfu 1.79%
iter 1435: loss 89.1775, time 356.29ms, mfu 1.81%
iter 1436: loss 85.6960, time 337.34ms, mfu 1.84%
iter 1437: loss 83.7043, time 460.93ms, mfu 1.81%
iter 1438: loss 93.2951, time 394.89ms, mfu 1.81%
iter 1439: loss 84.5469, time 435.72ms, mfu 1.79%
iter 1440: loss 92.0172, time 274.98ms, mfu 1.87%
iter 1441: loss 82.5499, time 443.33ms, mfu 1.85%
iter 1442: loss 86.6581, time 397.45ms, mfu 1.84%
iter 1443: loss 85.2002, time 464.78ms, mfu 1.81%
iter 1444: loss 90.4769, time 413.25ms, mfu 1.80%
iter 1445: loss 90.8248, time 498.48ms, mfu 1.76%
iter 1446: loss 91.0037, time 506.90ms, mfu 1.73%
iter 1447: loss 95.0160, time 310.74ms, mfu 1.79%
iter 1448: loss 93.9008, time 514.22ms, mfu 1.75%
iter 1449: loss 87.3855, time 587.42ms, mfu 1.69%
iter 1450: loss 83.5414, time 487.81ms, mfu 1.67%
iter 1451: loss 94.9348, time 392.93ms, mfu 1.68%
iter 1452: loss 86.5994, time 531.17ms, mfu 1.65%
iter 1453: loss 86.0409, time 447.70ms, mfu 1.64%
iter 1454: loss 101.8408, time 518.65ms, mfu 1.62%
iter 1455: loss 80.0704, time 373.01ms, mfu 1.65%
iter 1456: loss 83.8349, time 513.64ms, mfu 1.62%
iter 1457: loss 88.7253, time 520.42ms, mfu 1.59%
iter 1458: loss 89.4433, time 421.38ms, mfu 1.60%
iter 1459: loss 89.2821, time 362.06ms, mfu 1.64%
iter 1460: loss 93.4399, time 594.03ms, mfu 1.60%
iter 1461: loss 87.4451, time 316.86ms, mfu 1.66%
iter 1462: loss 84.6739, time 601.00ms, mfu 1.61%
iter 1463: loss 86.5329, time 437.41ms, mfu 1.62%
iter 1464: loss 84.8113, time 408.04ms, mfu 1.63%
iter 1465: loss 88.4893, time 424.06ms, mfu 1.63%
iter 1466: loss 92.3227, time 401.12ms, mfu 1.65%
iter 1467: loss 90.4702, time 424.57ms, mfu 1.65%
iter 1468: loss 88.7856, time 274.09ms, mfu 1.75%
iter 1469: loss 89.5851, time 461.04ms, mfu 1.73%
iter 1470: loss 94.2561, time 398.46ms, mfu 1.73%
iter 1471: loss 86.5139, time 637.96ms, mfu 1.67%
iter 1472: loss 92.8850, time 311.30ms, mfu 1.73%
iter 1473: loss 84.5987, time 372.39ms, mfu 1.75%
iter 1474: loss 91.0001, time 475.93ms, mfu 1.73%
iter 1475: loss 82.0813, time 519.41ms, mfu 1.69%
iter 1476: loss 89.6164, time 416.15ms, mfu 1.69%
iter 1477: loss 92.1421, time 503.81ms, mfu 1.66%
iter 1478: loss 82.3611, time 419.21ms, mfu 1.67%
iter 1479: loss 88.1271, time 487.11ms, mfu 1.65%
iter 1480: loss 83.7849, time 418.05ms, mfu 1.65%
iter 1481: loss 82.7630, time 345.81ms, mfu 1.69%
iter 1482: loss 90.6345, time 314.04ms, mfu 1.75%
iter 1483: loss 96.3883, time 509.86ms, mfu 1.72%
iter 1484: loss 90.2106, time 434.70ms, mfu 1.71%
iter 1485: loss 81.5809, time 254.96ms, mfu 1.82%
iter 1486: loss 89.4370, time 382.84ms, mfu 1.82%
iter 1487: loss 84.6787, time 446.02ms, mfu 1.80%
iter 1488: loss 84.2376, time 453.57ms, mfu 1.78%
iter 1489: loss 92.0600, time 446.88ms, mfu 1.76%
iter 1490: loss 85.6113, time 471.07ms, mfu 1.73%
iter 1491: loss 86.3748, time 482.77ms, mfu 1.71%
iter 1492: loss 85.9259, time 321.77ms, mfu 1.76%
iter 1493: loss 91.4443, time 369.65ms, mfu 1.78%
iter 1494: loss 89.4201, time 427.43ms, mfu 1.76%
iter 1495: loss 87.9126, time 404.94ms, mfu 1.76%
iter 1496: loss 88.8002, time 253.12ms, mfu 1.87%
iter 1497: loss 92.9772, time 419.74ms, mfu 1.85%
iter 1498: loss 91.9721, time 436.51ms, mfu 1.83%
iter 1499: loss 90.4700, time 437.14ms, mfu 1.81%
iter 1500: loss 81.1612, time 580.37ms, mfu 1.75%
  === DIAG iter 1500 ===
  loss breakdown: text 0.3976 | num 16.1527 (lambda=5.0)
  grads: total 1.0000, transformer 0.5630, adapter 0.8162, num_head 0.1298
  nums: 904/3072 tokens (29.4%)
  lr: 4.50e-04
  layer_weights: [L0:0.083 L1:0.083 L2:0.082 L3:0.082 L4:0.082 L5:0.083 L6:0.084 L7:0.083 L8:0.084 L9:0.084 L10:0.084 L11:0.085]
iter 1501: loss 82.6394, time 274.45ms, mfu 1.84%
iter 1502: loss 82.4887, time 301.72ms, mfu 1.89%
iter 1503: loss 81.4839, time 445.91ms, mfu 1.86%
iter 1504: loss 91.5624, time 427.60ms, mfu 1.84%
iter 1505: loss 91.1783, time 416.75ms, mfu 1.83%
iter 1506: loss 86.1034, time 510.83ms, mfu 1.78%
iter 1507: loss 90.0297, time 491.42ms, mfu 1.75%
iter 1508: loss 86.1773, time 435.31ms, mfu 1.74%
iter 1509: loss 91.6413, time 362.53ms, mfu 1.76%
iter 1510: loss 99.6065, time 488.83ms, mfu 1.73%
iter 1511: loss 96.4295, time 497.42ms, mfu 1.70%
iter 1512: loss 85.1943, time 351.53ms, mfu 1.73%
iter 1513: loss 85.0082, time 386.32ms, mfu 1.75%
iter 1514: loss 91.6349, time 467.28ms, mfu 1.72%
iter 1515: loss 89.9500, time 447.43ms, mfu 1.71%
iter 1516: loss 89.3398, time 347.04ms, mfu 1.74%
iter 1517: loss 96.9887, time 415.75ms, mfu 1.74%
iter 1518: loss 88.9861, time 464.61ms, mfu 1.72%
iter 1519: loss 84.2224, time 404.81ms, mfu 1.72%
iter 1520: loss 86.3594, time 401.73ms, mfu 1.73%
iter 1521: loss 90.6772, time 519.03ms, mfu 1.69%
iter 1522: loss 90.3090, time 394.45ms, mfu 1.71%
iter 1523: loss 88.0852, time 393.51ms, mfu 1.72%
iter 1524: loss 88.0783, time 667.51ms, mfu 1.65%
iter 1525: loss 84.9754, time 434.39ms, mfu 1.65%
iter 1526: loss 86.7818, time 445.41ms, mfu 1.64%
iter 1527: loss 94.6263, time 393.93ms, mfu 1.66%
iter 1528: loss 85.6377, time 599.34ms, mfu 1.61%
iter 1529: loss 86.3531, time 392.24ms, mfu 1.63%
iter 1530: loss 88.8771, time 548.31ms, mfu 1.60%
iter 1531: loss 83.2865, time 460.75ms, mfu 1.60%
iter 1532: loss 82.3096, time 354.58ms, mfu 1.64%
iter 1533: loss 90.4808, time 492.90ms, mfu 1.62%
iter 1534: loss 81.9125, time 380.26ms, mfu 1.64%
iter 1535: loss 86.4523, time 520.81ms, mfu 1.62%
iter 1536: loss 89.5239, time 345.01ms, mfu 1.66%
iter 1537: loss 89.8137, time 435.51ms, mfu 1.66%
iter 1538: loss 97.7743, time 453.46ms, mfu 1.65%
iter 1539: loss 82.6680, time 432.54ms, mfu 1.65%
iter 1540: loss 83.0181, time 373.10ms, mfu 1.68%
iter 1541: loss 82.5974, time 338.11ms, mfu 1.72%
iter 1542: loss 86.5634, time 377.26ms, mfu 1.74%
iter 1543: loss 89.0501, time 267.59ms, mfu 1.83%
iter 1544: loss 89.2871, time 457.56ms, mfu 1.80%
iter 1545: loss 79.8678, time 412.56ms, mfu 1.79%
iter 1546: loss 89.9211, time 360.32ms, mfu 1.81%
iter 1547: loss 83.4347, time 396.72ms, mfu 1.81%
iter 1548: loss 92.5492, time 351.35ms, mfu 1.83%
iter 1549: loss 92.3289, time 419.75ms, mfu 1.82%
iter 1550: loss 94.9238, time 348.90ms, mfu 1.84%
iter 1551: loss 84.7020, time 429.27ms, mfu 1.82%
iter 1552: loss 91.3248, time 575.19ms, mfu 1.76%
iter 1553: loss 90.2194, time 355.61ms, mfu 1.79%
iter 1554: loss 94.0723, time 606.19ms, mfu 1.73%
iter 1555: loss 86.0678, time 389.03ms, mfu 1.74%
iter 1556: loss 86.3239, time 553.06ms, mfu 1.69%
iter 1557: loss 88.9821, time 453.12ms, mfu 1.68%
iter 1558: loss 89.6883, time 441.85ms, mfu 1.67%
iter 1559: loss 94.7282, time 430.70ms, mfu 1.67%
iter 1560: loss 84.8902, time 449.55ms, mfu 1.66%
iter 1561: loss 84.9605, time 277.41ms, mfu 1.75%
iter 1562: loss 90.8080, time 488.53ms, mfu 1.72%
iter 1563: loss 91.4249, time 410.26ms, mfu 1.73%
iter 1564: loss 86.0533, time 458.88ms, mfu 1.71%
iter 1565: loss 89.6240, time 350.70ms, mfu 1.74%
iter 1566: loss 92.0613, time 448.69ms, mfu 1.73%
iter 1567: loss 91.4978, time 430.51ms, mfu 1.72%
iter 1568: loss 96.0787, time 626.27ms, mfu 1.66%
iter 1569: loss 88.2742, time 373.53ms, mfu 1.69%
iter 1570: loss 87.9135, time 283.50ms, mfu 1.77%
iter 1571: loss 93.0499, time 546.85ms, mfu 1.72%
iter 1572: loss 83.7525, time 364.38ms, mfu 1.74%
iter 1573: loss 92.0855, time 506.59ms, mfu 1.71%
iter 1574: loss 88.9065, time 322.42ms, mfu 1.76%
iter 1575: loss 93.4238, time 410.66ms, mfu 1.76%
iter 1576: loss 87.0984, time 446.51ms, mfu 1.74%
iter 1577: loss 83.0754, time 247.99ms, mfu 1.86%
iter 1578: loss 93.2396, time 512.79ms, mfu 1.81%
iter 1579: loss 88.8608, time 332.91ms, mfu 1.84%
iter 1580: loss 88.1008, time 511.68ms, mfu 1.80%
iter 1581: loss 96.6565, time 435.65ms, mfu 1.78%
iter 1582: loss 82.5989, time 449.53ms, mfu 1.76%
iter 1583: loss 95.1326, time 400.23ms, mfu 1.76%
iter 1584: loss 88.1574, time 457.68ms, mfu 1.74%
iter 1585: loss 85.7169, time 347.70ms, mfu 1.77%
iter 1586: loss 89.5867, time 565.93ms, mfu 1.72%
iter 1587: loss 89.4000, time 318.91ms, mfu 1.77%
iter 1588: loss 98.0042, time 451.75ms, mfu 1.75%
iter 1589: loss 88.2694, time 391.34ms, mfu 1.76%
iter 1590: loss 81.3714, time 396.85ms, mfu 1.76%
iter 1591: loss 84.1200, time 433.08ms, mfu 1.75%
iter 1592: loss 91.5238, time 528.09ms, mfu 1.71%
iter 1593: loss 88.8080, time 251.93ms, mfu 1.82%
iter 1594: loss 84.1852, time 530.02ms, mfu 1.78%
iter 1595: loss 88.5978, time 358.46ms, mfu 1.80%
iter 1596: loss 89.6831, time 515.13ms, mfu 1.76%
iter 1597: loss 89.9116, time 341.68ms, mfu 1.79%
iter 1598: loss 82.9416, time 463.27ms, mfu 1.76%
iter 1599: loss 88.0033, time 516.14ms, mfu 1.73%
iter 1600: loss 84.1179, time 620.73ms, mfu 1.67%
  === DIAG iter 1600 ===
  loss breakdown: text 0.3772 | num 16.7481 (lambda=5.0)
  grads: total 1.0000, transformer 0.8781, adapter 0.3656, num_head 0.3088
  nums: 875/3072 tokens (28.5%)
  lr: 4.80e-04
  layer_weights: [L0:0.083 L1:0.083 L2:0.082 L3:0.082 L4:0.082 L5:0.083 L6:0.083 L7:0.083 L8:0.084 L9:0.084 L10:0.084 L11:0.085]
iter 1601: loss 99.3066, time 267.53ms, mfu 1.77%
iter 1602: loss 90.5028, time 562.81ms, mfu 1.72%
iter 1603: loss 91.8929, time 687.56ms, mfu 1.65%
iter 1604: loss 99.2742, time 382.25ms, mfu 1.67%
iter 1605: loss 89.0575, time 478.22ms, mfu 1.65%
iter 1606: loss 80.6554, time 407.55ms, mfu 1.66%
iter 1607: loss 87.5020, time 389.03ms, mfu 1.68%
iter 1608: loss 90.1778, time 315.40ms, mfu 1.74%
iter 1609: loss 92.1012, time 487.83ms, mfu 1.71%
iter 1610: loss 86.9608, time 279.67ms, mfu 1.79%
iter 1611: loss 86.7668, time 375.24ms, mfu 1.80%
iter 1612: loss 82.0047, time 425.55ms, mfu 1.79%
iter 1613: loss 88.7654, time 450.04ms, mfu 1.77%
iter 1614: loss 89.1736, time 363.83ms, mfu 1.79%
iter 1615: loss 84.7786, time 556.08ms, mfu 1.74%
iter 1616: loss 98.9793, time 417.36ms, mfu 1.74%
iter 1617: loss 94.5582, time 510.43ms, mfu 1.70%
iter 1618: loss 90.8770, time 378.20ms, mfu 1.72%
iter 1619: loss 82.0627, time 429.65ms, mfu 1.71%
iter 1620: loss 90.9399, time 314.59ms, mfu 1.77%
iter 1621: loss 86.7062, time 411.04ms, mfu 1.77%
iter 1622: loss 85.4809, time 281.45ms, mfu 1.84%
iter 1623: loss 94.2301, time 476.88ms, mfu 1.81%
iter 1624: loss 91.7766, time 311.46ms, mfu 1.86%
iter 1625: loss 91.2582, time 471.08ms, mfu 1.82%
iter 1626: loss 81.6024, time 404.36ms, mfu 1.82%
iter 1627: loss 83.0374, time 457.59ms, mfu 1.79%
iter 1628: loss 88.2141, time 285.34ms, mfu 1.86%
iter 1629: loss 91.5121, time 425.02ms, mfu 1.84%
iter 1630: loss 89.1107, time 479.79ms, mfu 1.81%
iter 1631: loss 87.3904, time 342.33ms, mfu 1.83%
iter 1632: loss 87.9847, time 542.65ms, mfu 1.78%
iter 1633: loss 88.2278, time 405.85ms, mfu 1.78%
iter 1634: loss 95.8099, time 454.07ms, mfu 1.76%
iter 1635: loss 89.2173, time 492.73ms, mfu 1.73%
iter 1636: loss 92.6645, time 363.25ms, mfu 1.75%
iter 1637: loss 88.1607, time 348.88ms, mfu 1.78%
iter 1638: loss 86.3525, time 352.84ms, mfu 1.80%
iter 1639: loss 84.2869, time 477.94ms, mfu 1.77%
iter 1640: loss 74.6479, time 416.27ms, mfu 1.77%
iter 1641: loss 89.7442, time 519.71ms, mfu 1.73%
iter 1642: loss 86.0213, time 518.84ms, mfu 1.69%
iter 1643: loss 90.1722, time 445.76ms, mfu 1.68%
iter 1644: loss 88.0679, time 322.25ms, mfu 1.74%
iter 1645: loss 79.7064, time 297.53ms, mfu 1.80%
iter 1646: loss 86.3228, time 340.96ms, mfu 1.83%
iter 1647: loss 87.1141, time 468.73ms, mfu 1.80%
iter 1648: loss 93.0401, time 503.69ms, mfu 1.76%
iter 1649: loss 94.3267, time 486.21ms, mfu 1.73%
iter 1650: loss 88.6541, time 348.71ms, mfu 1.76%
iter 1651: loss 95.6954, time 596.24ms, mfu 1.71%
iter 1652: loss 95.9830, time 421.03ms, mfu 1.70%
iter 1653: loss 91.6457, time 301.03ms, mfu 1.77%
iter 1654: loss 94.2040, time 542.16ms, mfu 1.72%
iter 1655: loss 97.5151, time 453.37ms, mfu 1.71%
iter 1656: loss 78.0411, time 362.63ms, mfu 1.74%
iter 1657: loss 91.8215, time 458.92ms, mfu 1.72%
iter 1658: loss 86.1459, time 540.49ms, mfu 1.68%
iter 1659: loss 95.3688, time 440.50ms, mfu 1.67%
iter 1660: loss 87.6727, time 579.09ms, mfu 1.63%
iter 1661: loss 89.9432, time 330.81ms, mfu 1.68%
iter 1662: loss 88.9324, time 448.04ms, mfu 1.67%
iter 1663: loss 95.0581, time 335.20ms, mfu 1.72%
iter 1664: loss 91.8753, time 482.23ms, mfu 1.69%
iter 1665: loss 84.7649, time 608.87ms, mfu 1.64%
iter 1666: loss 88.4414, time 544.63ms, mfu 1.61%
iter 1667: loss 81.7200, time 292.22ms, mfu 1.69%
iter 1668: loss 81.3968, time 360.36ms, mfu 1.72%
iter 1669: loss 83.0396, time 461.72ms, mfu 1.70%
iter 1670: loss 81.7840, time 428.35ms, mfu 1.70%
iter 1671: loss 77.5822, time 423.53ms, mfu 1.70%
iter 1672: loss 89.1682, time 466.85ms, mfu 1.68%
iter 1673: loss 91.4822, time 426.25ms, mfu 1.68%
iter 1674: loss 88.7706, time 502.66ms, mfu 1.65%
iter 1675: loss 86.1896, time 402.15ms, mfu 1.66%
iter 1676: loss 86.6275, time 443.00ms, mfu 1.66%
iter 1677: loss 80.0170, time 345.80ms, mfu 1.70%
iter 1678: loss 86.5735, time 609.57ms, mfu 1.65%
iter 1679: loss 93.3809, time 322.40ms, mfu 1.70%
iter 1680: loss 94.7478, time 485.49ms, mfu 1.68%
iter 1681: loss 90.4643, time 348.86ms, mfu 1.72%
iter 1682: loss 98.2656, time 403.09ms, mfu 1.72%
iter 1683: loss 86.7612, time 458.26ms, mfu 1.70%
iter 1684: loss 93.4709, time 389.24ms, mfu 1.72%
iter 1685: loss 85.6216, time 388.14ms, mfu 1.73%
iter 1686: loss 83.6380, time 572.83ms, mfu 1.68%
iter 1687: loss 86.7448, time 325.90ms, mfu 1.73%
iter 1688: loss 99.7830, time 399.18ms, mfu 1.74%
iter 1689: loss 93.4237, time 327.86ms, mfu 1.78%
iter 1690: loss 86.1993, time 448.68ms, mfu 1.76%
iter 1691: loss 87.7099, time 481.78ms, mfu 1.73%
iter 1692: loss 87.6146, time 489.52ms, mfu 1.70%
iter 1693: loss 84.4182, time 250.24ms, mfu 1.82%
iter 1694: loss 91.0662, time 423.36ms, mfu 1.81%
iter 1695: loss 81.2729, time 431.08ms, mfu 1.79%
iter 1696: loss 81.3414, time 422.84ms, mfu 1.78%
iter 1697: loss 83.9734, time 293.56ms, mfu 1.84%
iter 1698: loss 81.8316, time 330.18ms, mfu 1.88%
iter 1699: loss 92.3676, time 468.19ms, mfu 1.84%
iter 1700: loss 95.0756, time 370.18ms, mfu 1.85%
  === DIAG iter 1700 ===
  loss breakdown: text 0.3734 | num 18.9404 (lambda=5.0)
  grads: total 1.0000, transformer 0.5134, adapter 0.8501, num_head 0.1172
  nums: 832/3072 tokens (27.1%)
  lr: 5.10e-04
  layer_weights: [L0:0.083 L1:0.083 L2:0.082 L3:0.082 L4:0.082 L5:0.083 L6:0.083 L7:0.083 L8:0.084 L9:0.084 L10:0.084 L11:0.085]
iter 1701: loss 90.8299, time 237.86ms, mfu 1.96%
iter 1702: loss 79.7538, time 464.03ms, mfu 1.92%
iter 1703: loss 86.9116, time 407.08ms, mfu 1.90%
iter 1704: loss 83.6789, time 394.64ms, mfu 1.89%
iter 1705: loss 89.3511, time 324.33ms, mfu 1.92%
iter 1706: loss 86.8576, time 497.40ms, mfu 1.88%
iter 1707: loss 95.3850, time 407.38ms, mfu 1.86%
iter 1708: loss 91.0444, time 417.44ms, mfu 1.85%
iter 1709: loss 89.6653, time 513.62ms, mfu 1.80%
iter 1710: loss 86.3874, time 453.74ms, mfu 1.78%
iter 1711: loss 92.3285, time 321.31ms, mfu 1.82%
iter 1712: loss 86.8859, time 495.60ms, mfu 1.78%
iter 1713: loss 88.7780, time 415.79ms, mfu 1.78%
iter 1714: loss 88.4481, time 635.62ms, mfu 1.71%
iter 1715: loss 89.2628, time 370.86ms, mfu 1.73%
iter 1716: loss 84.9024, time 297.94ms, mfu 1.80%
iter 1717: loss 91.6010, time 398.41ms, mfu 1.80%
iter 1718: loss 93.4577, time 329.74ms, mfu 1.83%
iter 1719: loss 88.9911, time 548.59ms, mfu 1.78%
iter 1720: loss 83.7903, time 487.77ms, mfu 1.75%
iter 1721: loss 86.0825, time 341.03ms, mfu 1.78%
iter 1722: loss 93.7629, time 280.29ms, mfu 1.86%
iter 1723: loss 84.9288, time 488.36ms, mfu 1.82%
iter 1724: loss 87.2698, time 378.44ms, mfu 1.82%
iter 1725: loss 86.5001, time 429.57ms, mfu 1.81%
iter 1726: loss 89.7989, time 445.23ms, mfu 1.79%
iter 1727: loss 85.0646, time 458.00ms, mfu 1.76%
iter 1728: loss 86.8153, time 330.63ms, mfu 1.80%
iter 1729: loss 83.5078, time 375.97ms, mfu 1.81%
iter 1730: loss 88.3598, time 483.18ms, mfu 1.78%
iter 1731: loss 92.9793, time 374.36ms, mfu 1.79%
iter 1732: loss 84.9821, time 422.98ms, mfu 1.78%
iter 1733: loss 96.1680, time 508.12ms, mfu 1.74%
iter 1734: loss 92.6895, time 382.87ms, mfu 1.75%
iter 1735: loss 86.6366, time 511.38ms, mfu 1.72%
iter 1736: loss 89.4625, time 439.50ms, mfu 1.71%
iter 1737: loss 88.2218, time 573.40ms, mfu 1.66%
iter 1738: loss 86.3931, time 322.22ms, mfu 1.72%
iter 1739: loss 89.1867, time 432.00ms, mfu 1.71%
iter 1740: loss 85.6895, time 511.96ms, mfu 1.68%
iter 1741: loss 93.2765, time 264.45ms, mfu 1.78%
iter 1742: loss 93.5645, time 487.28ms, mfu 1.75%
iter 1743: loss 86.6530, time 298.34ms, mfu 1.81%
iter 1744: loss 92.2616, time 472.58ms, mfu 1.78%
iter 1745: loss 84.5277, time 539.27ms, mfu 1.74%
iter 1746: loss 79.7117, time 561.98ms, mfu 1.69%
iter 1747: loss 85.0615, time 521.13ms, mfu 1.66%
iter 1748: loss 83.7727, time 561.16ms, mfu 1.62%
iter 1749: loss 92.9002, time 502.47ms, mfu 1.60%
iter 1750: loss 97.8039, time 385.90ms, mfu 1.62%
iter 1751: loss 91.5733, time 545.56ms, mfu 1.59%
iter 1752: loss 92.7674, time 372.90ms, mfu 1.62%
iter 1753: loss 89.6123, time 432.47ms, mfu 1.63%
iter 1754: loss 89.5966, time 478.96ms, mfu 1.61%
iter 1755: loss 94.3363, time 473.74ms, mfu 1.60%
iter 1756: loss 96.2341, time 378.28ms, mfu 1.63%
iter 1757: loss 94.7826, time 393.09ms, mfu 1.65%
iter 1758: loss 90.5555, time 557.75ms, mfu 1.61%
iter 1759: loss 86.3674, time 325.13ms, mfu 1.67%
iter 1760: loss 88.1037, time 552.97ms, mfu 1.63%
iter 1761: loss 80.6683, time 324.00ms, mfu 1.69%
iter 1762: loss 89.0871, time 594.58ms, mfu 1.64%
iter 1763: loss 87.6853, time 594.20ms, mfu 1.59%
iter 1764: loss 85.5266, time 312.15ms, mfu 1.66%
iter 1765: loss 86.9577, time 457.80ms, mfu 1.65%
iter 1766: loss 91.0599, time 512.65ms, mfu 1.63%
iter 1767: loss 93.1561, time 367.20ms, mfu 1.66%
iter 1768: loss 90.0078, time 356.90ms, mfu 1.69%
iter 1769: loss 77.4150, time 521.62ms, mfu 1.66%
iter 1770: loss 83.5716, time 385.42ms, mfu 1.68%
iter 1771: loss 89.6934, time 358.49ms, mfu 1.71%
iter 1772: loss 88.4677, time 492.02ms, mfu 1.68%
iter 1773: loss 88.0927, time 530.41ms, mfu 1.65%
iter 1774: loss 93.8155, time 385.33ms, mfu 1.67%
iter 1775: loss 88.9263, time 415.69ms, mfu 1.67%
iter 1776: loss 89.7169, time 517.72ms, mfu 1.64%
iter 1777: loss 87.3780, time 566.56ms, mfu 1.61%
iter 1778: loss 88.5619, time 382.32ms, mfu 1.63%
iter 1779: loss 89.9811, time 338.80ms, mfu 1.68%
iter 1780: loss 84.5270, time 308.91ms, mfu 1.74%
iter 1781: loss 92.7244, time 336.51ms, mfu 1.78%
iter 1782: loss 83.8455, time 381.07ms, mfu 1.79%
iter 1783: loss 79.7974, time 393.00ms, mfu 1.79%
iter 1784: loss 87.8889, time 373.28ms, mfu 1.80%
iter 1785: loss 82.8204, time 457.22ms, mfu 1.78%
iter 1786: loss 86.3879, time 388.64ms, mfu 1.78%
iter 1787: loss 90.1650, time 398.20ms, mfu 1.78%
iter 1788: loss 81.9469, time 415.24ms, mfu 1.78%
iter 1789: loss 79.5823, time 365.91ms, mfu 1.79%
iter 1790: loss 77.2549, time 506.81ms, mfu 1.76%
iter 1791: loss 89.9048, time 516.44ms, mfu 1.72%
iter 1792: loss 91.9111, time 404.04ms, mfu 1.72%
iter 1793: loss 89.2698, time 475.66ms, mfu 1.70%
iter 1794: loss 86.7523, time 337.75ms, mfu 1.74%
iter 1795: loss 92.6983, time 507.07ms, mfu 1.71%
iter 1796: loss 102.0676, time 495.06ms, mfu 1.68%
iter 1797: loss 78.3003, time 521.70ms, mfu 1.65%
iter 1798: loss 86.6509, time 305.54ms, mfu 1.72%
iter 1799: loss 88.6102, time 267.66ms, mfu 1.81%
iter 1800: loss 95.0818, time 836.43ms, mfu 1.72%
  === DIAG iter 1800 ===
  loss breakdown: text 0.3603 | num 18.9443 (lambda=5.0)
  grads: total 1.0000, transformer 0.3413, adapter 0.9395, num_head 0.0293
  nums: 880/3072 tokens (28.6%)
  lr: 5.40e-04
  layer_weights: [L0:0.083 L1:0.083 L2:0.082 L3:0.082 L4:0.082 L5:0.083 L6:0.083 L7:0.083 L8:0.083 L9:0.084 L10:0.085 L11:0.085]
iter 1801: loss 95.7815, time 237.59ms, mfu 1.84%
iter 1802: loss 85.2195, time 487.41ms, mfu 1.81%
iter 1803: loss 87.6485, time 500.23ms, mfu 1.77%
iter 1804: loss 90.0456, time 442.65ms, mfu 1.75%
iter 1805: loss 90.6498, time 489.81ms, mfu 1.72%
iter 1806: loss 91.8317, time 422.89ms, mfu 1.72%
iter 1807: loss 84.5295, time 402.86ms, mfu 1.72%
iter 1808: loss 89.5228, time 491.44ms, mfu 1.70%
iter 1809: loss 86.4937, time 366.64ms, mfu 1.72%
iter 1810: loss 90.1870, time 582.25ms, mfu 1.67%
iter 1811: loss 87.3166, time 544.06ms, mfu 1.64%
iter 1812: loss 91.7456, time 316.69ms, mfu 1.70%
iter 1813: loss 89.7802, time 334.76ms, mfu 1.74%
iter 1814: loss 89.6796, time 474.44ms, mfu 1.72%
iter 1815: loss 93.6402, time 340.12ms, mfu 1.75%
iter 1816: loss 90.1198, time 524.33ms, mfu 1.71%
iter 1817: loss 91.4174, time 402.49ms, mfu 1.72%
iter 1818: loss 89.7484, time 279.80ms, mfu 1.80%
iter 1819: loss 85.2703, time 433.18ms, mfu 1.79%
iter 1820: loss 83.5368, time 410.05ms, mfu 1.78%
iter 1821: loss 87.2529, time 442.92ms, mfu 1.76%
iter 1822: loss 87.7650, time 369.37ms, mfu 1.78%
iter 1823: loss 83.8337, time 346.37ms, mfu 1.81%
iter 1824: loss 88.3760, time 500.39ms, mfu 1.77%
iter 1825: loss 81.7944, time 510.88ms, mfu 1.73%
iter 1826: loss 82.7609, time 520.52ms, mfu 1.70%
iter 1827: loss 84.6184, time 492.70ms, mfu 1.67%
iter 1828: loss 86.1210, time 319.59ms, mfu 1.73%
iter 1829: loss 90.8358, time 480.31ms, mfu 1.70%
iter 1830: loss 93.1702, time 395.00ms, mfu 1.71%
iter 1831: loss 89.8228, time 395.20ms, mfu 1.72%
iter 1832: loss 87.7509, time 309.98ms, mfu 1.78%
iter 1833: loss 86.2584, time 400.70ms, mfu 1.78%
iter 1834: loss 82.3067, time 485.98ms, mfu 1.75%
iter 1835: loss 97.2932, time 356.72ms, mfu 1.77%
iter 1836: loss 84.6585, time 432.64ms, mfu 1.76%
iter 1837: loss 87.3716, time 470.89ms, mfu 1.74%
iter 1838: loss 85.2281, time 285.53ms, mfu 1.81%
iter 1839: loss 83.6284, time 293.51ms, mfu 1.87%
iter 1840: loss 88.4214, time 510.71ms, mfu 1.83%
iter 1841: loss 90.4893, time 427.44ms, mfu 1.81%
iter 1842: loss 86.1322, time 427.40ms, mfu 1.80%
iter 1843: loss 86.9978, time 338.51ms, mfu 1.83%
iter 1844: loss 94.0317, time 716.75ms, mfu 1.74%
iter 1845: loss 78.6629, time 439.04ms, mfu 1.73%
iter 1846: loss 91.1357, time 358.19ms, mfu 1.76%
iter 1847: loss 88.5916, time 455.97ms, mfu 1.74%
iter 1848: loss 89.8690, time 364.50ms, mfu 1.76%
iter 1849: loss 86.2401, time 281.96ms, mfu 1.84%
iter 1850: loss 92.8357, time 376.18ms, mfu 1.84%
iter 1851: loss 89.0104, time 389.22ms, mfu 1.84%
iter 1852: loss 88.6408, time 488.13ms, mfu 1.80%
iter 1853: loss 84.0313, time 379.04ms, mfu 1.81%
iter 1854: loss 87.6258, time 356.12ms, mfu 1.83%
iter 1855: loss 95.0725, time 404.54ms, mfu 1.82%
iter 1856: loss 80.7170, time 403.76ms, mfu 1.82%
iter 1857: loss 86.6272, time 436.35ms, mfu 1.80%
iter 1858: loss 85.4082, time 551.14ms, mfu 1.75%
iter 1859: loss 88.9368, time 511.89ms, mfu 1.71%
iter 1860: loss 92.8448, time 472.30ms, mfu 1.69%
iter 1861: loss 84.8130, time 375.25ms, mfu 1.71%
iter 1862: loss 87.9229, time 537.27ms, mfu 1.67%
iter 1863: loss 93.4745, time 400.78ms, mfu 1.68%
iter 1864: loss 83.1849, time 486.51ms, mfu 1.66%
iter 1865: loss 84.9235, time 415.36ms, mfu 1.67%
iter 1866: loss 92.0839, time 336.70ms, mfu 1.71%
iter 1867: loss 83.0170, time 561.44ms, mfu 1.67%
iter 1868: loss 96.7251, time 390.80ms, mfu 1.68%
iter 1869: loss 87.3421, time 321.57ms, mfu 1.74%
iter 1870: loss 82.8086, time 324.31ms, mfu 1.78%
iter 1871: loss 85.5062, time 499.59ms, mfu 1.75%
iter 1872: loss 94.5735, time 485.93ms, mfu 1.72%
iter 1873: loss 88.8780, time 459.17ms, mfu 1.70%
iter 1874: loss 84.8964, time 420.56ms, mfu 1.70%
iter 1875: loss 83.8286, time 366.10ms, mfu 1.73%
iter 1876: loss 88.4608, time 491.45ms, mfu 1.70%
iter 1877: loss 89.4432, time 583.74ms, mfu 1.65%
iter 1878: loss 88.2019, time 472.74ms, mfu 1.64%
iter 1879: loss 82.0825, time 492.67ms, mfu 1.62%
iter 1880: loss 96.6331, time 509.56ms, mfu 1.60%
iter 1881: loss 95.1145, time 453.07ms, mfu 1.59%
iter 1882: loss 90.3253, time 327.44ms, mfu 1.65%
iter 1883: loss 92.9756, time 356.42ms, mfu 1.69%
iter 1884: loss 93.2292, time 405.85ms, mfu 1.69%
iter 1885: loss 91.0015, time 249.03ms, mfu 1.81%
iter 1886: loss 86.4478, time 451.32ms, mfu 1.79%
iter 1887: loss 83.7439, time 428.79ms, mfu 1.77%
iter 1888: loss 86.6413, time 396.11ms, mfu 1.78%
iter 1889: loss 90.4056, time 357.00ms, mfu 1.80%
iter 1890: loss 81.7033, time 442.04ms, mfu 1.78%
iter 1891: loss 85.7034, time 429.82ms, mfu 1.77%
iter 1892: loss 91.0365, time 452.95ms, mfu 1.75%
iter 1893: loss 86.7123, time 493.48ms, mfu 1.72%
iter 1894: loss 88.3691, time 490.96ms, mfu 1.69%
iter 1895: loss 88.5444, time 491.76ms, mfu 1.67%
iter 1896: loss 85.8566, time 455.46ms, mfu 1.66%
iter 1897: loss 83.8937, time 335.77ms, mfu 1.70%
iter 1898: loss 86.7966, time 402.23ms, mfu 1.71%
iter 1899: loss 81.9307, time 449.85ms, mfu 1.70%
iter 1900: loss 98.1408, time 535.42ms, mfu 1.66%
  === DIAG iter 1900 ===
  loss breakdown: text 0.3522 | num 19.5577 (lambda=5.0)
  grads: total 1.0000, transformer 0.7809, adapter 0.4725, num_head 0.4085
  nums: 874/3072 tokens (28.5%)
  lr: 5.70e-04
  layer_weights: [L0:0.083 L1:0.083 L2:0.083 L3:0.082 L4:0.082 L5:0.083 L6:0.083 L7:0.083 L8:0.083 L9:0.084 L10:0.085 L11:0.086]
iter 1901: loss 84.7399, time 286.59ms, mfu 1.74%
iter 1902: loss 86.3524, time 339.15ms, mfu 1.78%
iter 1903: loss 82.3752, time 424.23ms, mfu 1.77%
iter 1904: loss 86.0933, time 382.41ms, mfu 1.78%
iter 1905: loss 93.0848, time 421.78ms, mfu 1.77%
iter 1906: loss 91.6324, time 478.95ms, mfu 1.74%
iter 1907: loss 89.4211, time 482.48ms, mfu 1.72%
iter 1908: loss 90.0476, time 572.42ms, mfu 1.67%
iter 1909: loss 86.6148, time 388.40ms, mfu 1.68%
iter 1910: loss 76.7596, time 399.13ms, mfu 1.69%
iter 1911: loss 92.1165, time 475.43ms, mfu 1.68%
iter 1912: loss 86.0577, time 358.66ms, mfu 1.71%
iter 1913: loss 90.9434, time 362.74ms, mfu 1.73%
iter 1914: loss 85.4777, time 427.72ms, mfu 1.73%
iter 1915: loss 94.7539, time 367.24ms, mfu 1.75%
iter 1916: loss 83.3798, time 577.19ms, mfu 1.70%
iter 1917: loss 87.0478, time 347.75ms, mfu 1.73%
iter 1918: loss 90.7800, time 468.61ms, mfu 1.71%
iter 1919: loss 85.4713, time 358.29ms, mfu 1.74%
iter 1920: loss 95.3261, time 335.84ms, mfu 1.78%
iter 1921: loss 94.0009, time 395.51ms, mfu 1.78%
iter 1922: loss 86.5774, time 486.47ms, mfu 1.75%
iter 1923: loss 86.7697, time 324.72ms, mfu 1.79%
iter 1924: loss 90.3896, time 462.08ms, mfu 1.77%
iter 1925: loss 87.2027, time 364.88ms, mfu 1.79%
iter 1926: loss 90.1216, time 423.54ms, mfu 1.78%
iter 1927: loss 86.5836, time 546.55ms, mfu 1.73%
iter 1928: loss 91.8576, time 479.50ms, mfu 1.70%
iter 1929: loss 90.0650, time 348.03ms, mfu 1.74%
iter 1930: loss 89.3061, time 465.55ms, mfu 1.72%
iter 1931: loss 90.8517, time 495.52ms, mfu 1.69%
iter 1932: loss 87.2487, time 553.41ms, mfu 1.65%
iter 1933: loss 92.2717, time 409.77ms, mfu 1.66%
iter 1934: loss 84.7379, time 460.95ms, mfu 1.65%
iter 1935: loss 84.6125, time 525.03ms, mfu 1.62%
iter 1936: loss 90.5580, time 516.68ms, mfu 1.59%
iter 1937: loss 86.7899, time 474.24ms, mfu 1.59%
iter 1938: loss 95.1510, time 267.53ms, mfu 1.69%
iter 1939: loss 86.7832, time 434.00ms, mfu 1.69%
iter 1940: loss 84.1522, time 349.87ms, mfu 1.72%
iter 1941: loss 83.1411, time 335.64ms, mfu 1.76%
iter 1942: loss 92.3279, time 289.21ms, mfu 1.83%
iter 1943: loss 85.4881, time 419.54ms, mfu 1.82%
iter 1944: loss 83.8427, time 516.85ms, mfu 1.78%
iter 1945: loss 92.5091, time 312.23ms, mfu 1.83%
iter 1946: loss 81.9907, time 383.94ms, mfu 1.83%
iter 1947: loss 83.9551, time 364.90ms, mfu 1.84%
iter 1948: loss 89.5915, time 383.18ms, mfu 1.84%
iter 1949: loss 99.2314, time 323.35ms, mfu 1.88%
iter 1950: loss 88.2982, time 565.80ms, mfu 1.82%
iter 1951: loss 87.8480, time 401.61ms, mfu 1.81%
iter 1952: loss 86.3392, time 297.53ms, mfu 1.87%
iter 1953: loss 85.7413, time 447.09ms, mfu 1.84%
iter 1954: loss 79.1255, time 354.71ms, mfu 1.86%
iter 1955: loss 85.2723, time 478.45ms, mfu 1.82%
iter 1956: loss 87.9175, time 349.40ms, mfu 1.84%
iter 1957: loss 85.2827, time 341.03ms, mfu 1.87%
iter 1958: loss 89.3807, time 388.51ms, mfu 1.87%
iter 1959: loss 86.7476, time 370.40ms, mfu 1.87%
iter 1960: loss 89.5836, time 329.69ms, mfu 1.90%
iter 1961: loss 85.2751, time 363.33ms, mfu 1.91%
iter 1962: loss 88.7913, time 542.78ms, mfu 1.85%
iter 1963: loss 90.7366, time 423.48ms, mfu 1.83%
iter 1964: loss 83.2497, time 416.90ms, mfu 1.82%
iter 1965: loss 93.2411, time 454.78ms, mfu 1.79%
iter 1966: loss 81.3141, time 325.98ms, mfu 1.83%
iter 1967: loss 91.6441, time 600.19ms, mfu 1.77%
iter 1968: loss 82.5731, time 336.56ms, mfu 1.80%
iter 1969: loss 88.6383, time 533.43ms, mfu 1.76%
iter 1970: loss 89.4653, time 501.84ms, mfu 1.72%
iter 1971: loss 95.0378, time 433.31ms, mfu 1.71%
iter 1972: loss 90.5685, time 506.85ms, mfu 1.68%
iter 1973: loss 83.5492, time 393.37ms, mfu 1.70%
iter 1974: loss 89.2651, time 527.96ms, mfu 1.66%
iter 1975: loss 83.3750, time 397.82ms, mfu 1.67%
iter 1976: loss 83.0080, time 357.70ms, mfu 1.71%
iter 1977: loss 89.8813, time 495.61ms, mfu 1.68%
iter 1978: loss 87.6485, time 331.21ms, mfu 1.73%
iter 1979: loss 93.4960, time 408.67ms, mfu 1.73%
iter 1980: loss 84.7876, time 397.97ms, mfu 1.73%
iter 1981: loss 78.5278, time 363.41ms, mfu 1.76%
iter 1982: loss 85.0054, time 487.65ms, mfu 1.73%
iter 1983: loss 91.3009, time 413.59ms, mfu 1.73%
iter 1984: loss 90.3618, time 437.99ms, mfu 1.72%
iter 1985: loss 88.3165, time 352.94ms, mfu 1.75%
iter 1986: loss 92.9246, time 314.09ms, mfu 1.80%
iter 1987: loss 85.5706, time 422.72ms, mfu 1.79%
iter 1988: loss 89.3115, time 443.11ms, mfu 1.77%
iter 1989: loss 85.5590, time 367.71ms, mfu 1.79%
iter 1990: loss 88.7785, time 342.20ms, mfu 1.82%
iter 1991: loss 90.3503, time 465.73ms, mfu 1.79%
iter 1992: loss 84.1024, time 386.53ms, mfu 1.79%
iter 1993: loss 88.5443, time 438.23ms, mfu 1.78%
iter 1994: loss 86.7677, time 363.45ms, mfu 1.80%
iter 1995: loss 89.7385, time 548.41ms, mfu 1.75%
iter 1996: loss 82.5187, time 360.29ms, mfu 1.77%
iter 1997: loss 85.2583, time 501.19ms, mfu 1.73%
iter 1998: loss 86.9140, time 443.84ms, mfu 1.72%
iter 1999: loss 89.3192, time 327.50ms, mfu 1.77%
iter 2000: loss 85.5488, time 657.77ms, mfu 1.70%
  === DIAG iter 2000 ===
  loss breakdown: text 0.3435 | num 17.0411 (lambda=5.0)
  grads: total 1.0000, transformer 0.8956, adapter 0.3854, num_head 0.2221
  nums: 838/3072 tokens (27.3%)
  lr: 6.00e-04
  layer_weights: [L0:0.083 L1:0.083 L2:0.083 L3:0.083 L4:0.082 L5:0.083 L6:0.083 L7:0.083 L8:0.083 L9:0.084 L10:0.085 L11:0.086]
iter 2001: loss 90.8884, time 247.59ms, mfu 1.82%
iter 2002: loss 88.5930, time 581.59ms, mfu 1.76%
iter 2003: loss 88.3078, time 400.62ms, mfu 1.76%
iter 2004: loss 92.4835, time 393.62ms, mfu 1.76%
iter 2005: loss 91.2103, time 415.25ms, mfu 1.76%
iter 2006: loss 87.6540, time 381.77ms, mfu 1.77%
iter 2007: loss 83.3196, time 409.71ms, mfu 1.77%
iter 2008: loss 86.6191, time 492.59ms, mfu 1.74%
iter 2009: loss 91.8944, time 408.62ms, mfu 1.74%
iter 2010: loss 80.7429, time 440.33ms, mfu 1.72%
iter 2011: loss 88.0513, time 346.01ms, mfu 1.76%
iter 2012: loss 92.2686, time 496.31ms, mfu 1.73%
iter 2013: loss 90.2053, time 438.36ms, mfu 1.72%
iter 2014: loss 95.6291, time 421.23ms, mfu 1.71%
iter 2015: loss 88.1707, time 409.41ms, mfu 1.72%
iter 2016: loss 84.4046, time 502.26ms, mfu 1.69%
iter 2017: loss 87.5049, time 553.09ms, mfu 1.65%
iter 2018: loss 80.2416, time 272.70ms, mfu 1.74%
iter 2019: loss 85.7180, time 493.89ms, mfu 1.71%
iter 2020: loss 82.3408, time 414.71ms, mfu 1.71%
iter 2021: loss 92.1673, time 378.67ms, mfu 1.73%
iter 2022: loss 91.6344, time 528.90ms, mfu 1.69%
iter 2023: loss 87.1311, time 415.00ms, mfu 1.69%
iter 2024: loss 84.1205, time 346.23ms, mfu 1.73%
iter 2025: loss 88.8868, time 523.21ms, mfu 1.69%
iter 2026: loss 87.2578, time 450.95ms, mfu 1.68%
iter 2027: loss 94.9607, time 412.56ms, mfu 1.69%
iter 2028: loss 86.0218, time 466.42ms, mfu 1.67%
iter 2029: loss 96.9085, time 471.06ms, mfu 1.66%
iter 2030: loss 86.3940, time 423.72ms, mfu 1.66%
iter 2031: loss 89.8729, time 410.57ms, mfu 1.67%
iter 2032: loss 72.7952, time 413.14ms, mfu 1.67%
iter 2033: loss 88.9831, time 499.51ms, mfu 1.65%
iter 2034: loss 87.6629, time 359.51ms, mfu 1.68%
iter 2035: loss 89.2963, time 349.39ms, mfu 1.72%
iter 2036: loss 92.1368, time 304.19ms, mfu 1.78%
iter 2037: loss 84.8184, time 464.58ms, mfu 1.75%
iter 2038: loss 91.1245, time 335.13ms, mfu 1.79%
iter 2039: loss 80.3978, time 553.18ms, mfu 1.74%
iter 2040: loss 93.7273, time 461.37ms, mfu 1.72%
iter 2041: loss 85.5242, time 466.33ms, mfu 1.70%
iter 2042: loss 85.5351, time 486.04ms, mfu 1.68%
iter 2043: loss 87.7684, time 374.71ms, mfu 1.70%
iter 2044: loss 89.9077, time 545.86ms, mfu 1.66%
iter 2045: loss 84.0820, time 426.29ms, mfu 1.66%
iter 2046: loss 89.2578, time 415.54ms, mfu 1.67%
iter 2047: loss 88.4409, time 481.80ms, mfu 1.65%
iter 2048: loss 94.2286, time 332.31ms, mfu 1.70%
iter 2049: loss 85.7890, time 509.26ms, mfu 1.67%
iter 2050: loss 82.6965, time 494.75ms, mfu 1.65%
iter 2051: loss 86.0647, time 392.64ms, mfu 1.66%
iter 2052: loss 91.9372, time 472.05ms, mfu 1.65%
iter 2053: loss 85.6618, time 453.85ms, mfu 1.64%
iter 2054: loss 92.3299, time 530.48ms, mfu 1.61%
iter 2055: loss 78.1792, time 443.82ms, mfu 1.61%
iter 2056: loss 87.2520, time 329.37ms, mfu 1.66%
iter 2057: loss 89.3690, time 503.60ms, mfu 1.64%
iter 2058: loss 86.2336, time 316.26ms, mfu 1.70%
iter 2059: loss 89.6982, time 506.45ms, mfu 1.67%
iter 2060: loss 89.7045, time 392.49ms, mfu 1.69%
iter 2061: loss 80.9683, time 430.94ms, mfu 1.68%
iter 2062: loss 89.9918, time 549.38ms, mfu 1.64%
iter 2063: loss 85.3977, time 384.14ms, mfu 1.67%
iter 2064: loss 93.3044, time 473.58ms, mfu 1.65%
iter 2065: loss 83.8926, time 362.47ms, mfu 1.68%
iter 2066: loss 85.7462, time 440.09ms, mfu 1.67%
iter 2067: loss 91.7733, time 261.04ms, mfu 1.78%
iter 2068: loss 82.5909, time 510.76ms, mfu 1.74%
iter 2069: loss 91.8838, time 575.68ms, mfu 1.69%
iter 2070: loss 87.3427, time 344.19ms, mfu 1.73%
iter 2071: loss 87.6958, time 479.05ms, mfu 1.71%
iter 2072: loss 89.4996, time 279.33ms, mfu 1.79%
iter 2073: loss 87.6409, time 450.26ms, mfu 1.77%
iter 2074: loss 86.2914, time 380.07ms, mfu 1.78%
iter 2075: loss 90.8632, time 506.69ms, mfu 1.74%
iter 2076: loss 90.6957, time 448.53ms, mfu 1.73%
iter 2077: loss 89.5977, time 365.04ms, mfu 1.75%
iter 2078: loss 100.6464, time 528.60ms, mfu 1.71%
iter 2079: loss 89.7221, time 351.95ms, mfu 1.74%
iter 2080: loss 87.1873, time 447.61ms, mfu 1.73%
iter 2081: loss 86.5778, time 439.76ms, mfu 1.72%
iter 2082: loss 84.6660, time 463.70ms, mfu 1.70%
iter 2083: loss 87.3485, time 535.99ms, mfu 1.66%
iter 2084: loss 92.1452, time 531.61ms, mfu 1.63%
iter 2085: loss 86.6671, time 414.16ms, mfu 1.64%
iter 2086: loss 91.1882, time 490.35ms, mfu 1.62%
iter 2087: loss 95.0179, time 443.32ms, mfu 1.62%
iter 2088: loss 81.9845, time 386.27ms, mfu 1.64%
iter 2089: loss 84.1600, time 514.92ms, mfu 1.62%
iter 2090: loss 84.4932, time 329.20ms, mfu 1.67%
iter 2091: loss 86.2297, time 369.23ms, mfu 1.70%
iter 2092: loss 80.7480, time 333.78ms, mfu 1.74%
iter 2093: loss 85.6178, time 588.81ms, mfu 1.69%
iter 2094: loss 90.2608, time 418.56ms, mfu 1.69%
iter 2095: loss 90.0097, time 459.90ms, mfu 1.67%
iter 2096: loss 75.3360, time 415.20ms, mfu 1.68%
iter 2097: loss 88.4862, time 416.30ms, mfu 1.68%
iter 2098: loss 90.0741, time 467.18ms, mfu 1.67%
iter 2099: loss 90.9393, time 552.12ms, mfu 1.63%
iter 2100: loss 84.1683, time 538.03ms, mfu 1.60%
  === DIAG iter 2100 ===
  loss breakdown: text 0.3173 | num 16.7702 (lambda=5.0)
  grads: total 1.0000, transformer 0.4207, adapter 0.8649, num_head 0.2737
  nums: 891/3072 tokens (29.0%)
  lr: 6.00e-04
  layer_weights: [L0:0.083 L1:0.083 L2:0.083 L3:0.083 L4:0.083 L5:0.083 L6:0.083 L7:0.083 L8:0.083 L9:0.084 L10:0.085 L11:0.086]
iter 2101: loss 91.0476, time 262.58ms, mfu 1.71%
iter 2102: loss 88.2450, time 421.38ms, mfu 1.71%
iter 2103: loss 80.9108, time 547.58ms, mfu 1.67%
iter 2104: loss 89.4741, time 269.45ms, mfu 1.77%
iter 2105: loss 90.1503, time 512.03ms, mfu 1.73%
iter 2106: loss 81.3921, time 377.43ms, mfu 1.74%
iter 2107: loss 90.1487, time 339.87ms, mfu 1.78%
iter 2108: loss 94.2151, time 451.99ms, mfu 1.76%
iter 2109: loss 82.2463, time 447.25ms, mfu 1.74%
iter 2110: loss 90.7899, time 512.50ms, mfu 1.71%
iter 2111: loss 85.1355, time 466.22ms, mfu 1.69%
iter 2112: loss 87.0121, time 395.33ms, mfu 1.70%
iter 2113: loss 83.6803, time 353.63ms, mfu 1.73%
iter 2114: loss 92.2118, time 327.92ms, mfu 1.78%
iter 2115: loss 88.4281, time 368.08ms, mfu 1.79%
iter 2116: loss 89.5896, time 342.51ms, mfu 1.82%
iter 2117: loss 84.2842, time 546.64ms, mfu 1.77%
iter 2118: loss 93.2525, time 542.96ms, mfu 1.72%
iter 2119: loss 85.0247, time 540.20ms, mfu 1.68%
iter 2120: loss 92.5442, time 516.91ms, mfu 1.65%
iter 2121: loss 85.4751, time 491.53ms, mfu 1.63%
iter 2122: loss 88.2284, time 355.73ms, mfu 1.67%
iter 2123: loss 82.4628, time 428.25ms, mfu 1.67%
iter 2124: loss 81.3502, time 392.81ms, mfu 1.68%
iter 2125: loss 80.7079, time 383.40ms, mfu 1.70%
iter 2126: loss 85.9665, time 410.38ms, mfu 1.70%
iter 2127: loss 84.7427, time 289.30ms, mfu 1.78%
iter 2128: loss 92.3804, time 421.74ms, mfu 1.77%
iter 2129: loss 82.9067, time 372.59ms, mfu 1.79%
iter 2130: loss 88.8803, time 363.84ms, mfu 1.80%
iter 2131: loss 83.9421, time 491.69ms, mfu 1.77%
iter 2132: loss 89.7050, time 495.23ms, mfu 1.73%
iter 2133: loss 85.8082, time 431.98ms, mfu 1.73%
iter 2134: loss 86.9666, time 459.16ms, mfu 1.71%
iter 2135: loss 87.0316, time 368.61ms, mfu 1.73%
iter 2136: loss 86.4807, time 405.78ms, mfu 1.73%
iter 2137: loss 88.3922, time 514.21ms, mfu 1.70%
iter 2138: loss 85.6398, time 374.39ms, mfu 1.72%
iter 2139: loss 87.1744, time 483.73ms, mfu 1.69%
iter 2140: loss 89.2355, time 489.26ms, mfu 1.67%
iter 2141: loss 87.5488, time 407.62ms, mfu 1.68%
iter 2142: loss 87.8749, time 454.21ms, mfu 1.67%
iter 2143: loss 82.3340, time 520.09ms, mfu 1.64%
iter 2144: loss 79.2875, time 296.73ms, mfu 1.71%
iter 2145: loss 84.1747, time 460.98ms, mfu 1.70%
iter 2146: loss 85.1171, time 434.43ms, mfu 1.69%
iter 2147: loss 97.1720, time 383.43ms, mfu 1.71%
iter 2148: loss 87.1401, time 579.55ms, mfu 1.66%
iter 2149: loss 86.5554, time 337.51ms, mfu 1.71%
iter 2150: loss 85.2317, time 489.18ms, mfu 1.68%
iter 2151: loss 83.7954, time 370.99ms, mfu 1.70%
iter 2152: loss 95.2193, time 498.25ms, mfu 1.68%
iter 2153: loss 81.0378, time 352.09ms, mfu 1.71%
iter 2154: loss 85.1470, time 386.75ms, mfu 1.73%
iter 2155: loss 93.8900, time 460.96ms, mfu 1.71%
iter 2156: loss 86.5009, time 404.26ms, mfu 1.71%
iter 2157: loss 81.9417, time 333.43ms, mfu 1.76%
iter 2158: loss 83.2568, time 476.30ms, mfu 1.73%
iter 2159: loss 84.1722, time 301.32ms, mfu 1.79%
iter 2160: loss 92.1095, time 473.74ms, mfu 1.76%
iter 2161: loss 84.2478, time 384.99ms, mfu 1.77%
iter 2162: loss 85.5492, time 435.53ms, mfu 1.76%
iter 2163: loss 88.2239, time 398.25ms, mfu 1.76%
iter 2164: loss 85.5723, time 406.97ms, mfu 1.76%
iter 2165: loss 93.8313, time 618.97ms, mfu 1.70%
iter 2166: loss 92.1090, time 398.87ms, mfu 1.71%
iter 2167: loss 88.6787, time 548.80ms, mfu 1.67%
iter 2168: loss 87.1387, time 400.10ms, mfu 1.68%
iter 2169: loss 97.8724, time 390.23ms, mfu 1.69%
iter 2170: loss 84.3254, time 285.76ms, mfu 1.77%
iter 2171: loss 89.2694, time 587.21ms, mfu 1.72%
iter 2172: loss 84.6912, time 440.09ms, mfu 1.71%
iter 2173: loss 89.0600, time 497.05ms, mfu 1.68%
iter 2174: loss 90.0495, time 395.14ms, mfu 1.69%
iter 2175: loss 88.0830, time 375.93ms, mfu 1.71%
iter 2176: loss 86.0599, time 472.65ms, mfu 1.69%
iter 2177: loss 89.5134, time 347.78ms, mfu 1.73%
iter 2178: loss 92.5440, time 334.48ms, mfu 1.77%
iter 2179: loss 87.6902, time 286.22ms, mfu 1.84%
iter 2180: loss 84.4257, time 516.69ms, mfu 1.79%
iter 2181: loss 94.0889, time 277.13ms, mfu 1.87%
iter 2182: loss 83.6726, time 403.12ms, mfu 1.86%
iter 2183: loss 93.3454, time 456.67ms, mfu 1.83%
iter 2184: loss 94.1447, time 566.38ms, mfu 1.77%
iter 2185: loss 81.9774, time 207.88ms, mfu 1.94%
iter 2186: loss 85.0883, time 530.33ms, mfu 1.88%
iter 2187: loss 92.8717, time 442.10ms, mfu 1.85%
iter 2188: loss 81.8617, time 496.72ms, mfu 1.81%
iter 2189: loss 92.9718, time 439.09ms, mfu 1.79%
iter 2190: loss 82.9793, time 293.41ms, mfu 1.86%
iter 2191: loss 87.3531, time 535.99ms, mfu 1.80%
iter 2192: loss 82.5223, time 580.13ms, mfu 1.75%
iter 2193: loss 86.5753, time 321.51ms, mfu 1.79%
iter 2194: loss 83.5194, time 360.29ms, mfu 1.81%
iter 2195: loss 90.9097, time 318.48ms, mfu 1.85%
iter 2196: loss 92.5990, time 414.64ms, mfu 1.84%
iter 2197: loss 89.0724, time 493.17ms, mfu 1.80%
iter 2198: loss 90.8852, time 511.35ms, mfu 1.76%
iter 2199: loss 90.8031, time 396.32ms, mfu 1.76%
iter 2200: loss 85.0367, time 490.68ms, mfu 1.73%
  === DIAG iter 2200 ===
  loss breakdown: text 0.3025 | num 16.9468 (lambda=5.0)
  grads: total 1.0000, transformer 0.5918, adapter 0.6643, num_head 0.4567
  nums: 916/3072 tokens (29.8%)
  lr: 6.00e-04
  layer_weights: [L0:0.083 L1:0.083 L2:0.083 L3:0.083 L4:0.083 L5:0.083 L6:0.083 L7:0.082 L8:0.083 L9:0.084 L10:0.085 L11:0.086]
iter 2201: loss 86.8124, time 245.09ms, mfu 1.85%
iter 2202: loss 93.1300, time 411.02ms, mfu 1.84%
iter 2203: loss 83.8371, time 481.11ms, mfu 1.80%
iter 2204: loss 93.3702, time 383.63ms, mfu 1.81%
iter 2205: loss 85.0728, time 505.15ms, mfu 1.77%
iter 2206: loss 81.4115, time 498.57ms, mfu 1.73%
iter 2207: loss 88.8800, time 533.31ms, mfu 1.69%
iter 2208: loss 85.8309, time 292.15ms, mfu 1.77%
iter 2209: loss 96.8321, time 414.78ms, mfu 1.76%
iter 2210: loss 97.4274, time 470.56ms, mfu 1.74%
iter 2211: loss 79.9741, time 400.60ms, mfu 1.74%
iter 2212: loss 98.5256, time 262.76ms, mfu 1.84%
iter 2213: loss 87.3664, time 506.06ms, mfu 1.80%
iter 2214: loss 93.1180, time 420.31ms, mfu 1.79%
iter 2215: loss 82.2406, time 407.97ms, mfu 1.78%
iter 2216: loss 93.1097, time 397.90ms, mfu 1.78%
iter 2217: loss 89.7586, time 381.16ms, mfu 1.79%
iter 2218: loss 88.5012, time 535.23ms, mfu 1.75%
iter 2219: loss 95.3890, time 291.76ms, mfu 1.82%
iter 2220: loss 97.6332, time 508.48ms, mfu 1.77%
iter 2221: loss 88.5832, time 396.74ms, mfu 1.78%
iter 2222: loss 84.0387, time 495.40ms, mfu 1.74%
iter 2223: loss 81.9207, time 411.41ms, mfu 1.74%
iter 2224: loss 85.8025, time 367.30ms, mfu 1.76%
iter 2225: loss 85.0446, time 413.28ms, mfu 1.76%
iter 2226: loss 95.2179, time 431.05ms, mfu 1.75%
iter 2227: loss 86.7546, time 396.16ms, mfu 1.75%
iter 2228: loss 79.0649, time 372.73ms, mfu 1.77%
iter 2229: loss 85.4491, time 444.63ms, mfu 1.75%
iter 2230: loss 92.1843, time 429.54ms, mfu 1.74%
iter 2231: loss 86.7785, time 448.06ms, mfu 1.73%
iter 2232: loss 91.1094, time 428.62ms, mfu 1.72%
iter 2233: loss 81.4844, time 541.87ms, mfu 1.68%
iter 2234: loss 87.2344, time 380.47ms, mfu 1.70%
iter 2235: loss 90.5850, time 336.37ms, mfu 1.74%
iter 2236: loss 79.5423, time 417.20ms, mfu 1.74%
iter 2237: loss 95.1876, time 430.15ms, mfu 1.73%
iter 2238: loss 82.8747, time 385.41ms, mfu 1.74%
iter 2239: loss 82.8092, time 484.83ms, mfu 1.71%
iter 2240: loss 97.9109, time 319.39ms, mfu 1.77%
iter 2241: loss 85.8984, time 471.59ms, mfu 1.74%
iter 2242: loss 90.3710, time 479.61ms, mfu 1.72%
iter 2243: loss 91.4854, time 542.72ms, mfu 1.68%
iter 2244: loss 78.9258, time 387.62ms, mfu 1.69%
iter 2245: loss 92.1355, time 385.15ms, mfu 1.71%
iter 2246: loss 83.6930, time 308.95ms, mfu 1.77%
iter 2247: loss 84.1469, time 399.48ms, mfu 1.77%
iter 2248: loss 88.6840, time 368.16ms, mfu 1.79%
iter 2249: loss 87.1671, time 501.70ms, mfu 1.75%
iter 2250: loss 90.6544, time 528.68ms, mfu 1.71%
iter 2251: loss 86.4964, time 592.97ms, mfu 1.66%
iter 2252: loss 92.4991, time 384.49ms, mfu 1.68%
iter 2253: loss 77.8886, time 415.32ms, mfu 1.68%
iter 2254: loss 73.6715, time 546.95ms, mfu 1.64%
iter 2255: loss 83.4505, time 502.41ms, mfu 1.62%
iter 2256: loss 85.8933, time 468.78ms, mfu 1.61%
iter 2257: loss 90.7974, time 335.63ms, mfu 1.66%
iter 2258: loss 79.1005, time 382.67ms, mfu 1.68%
iter 2259: loss 91.2277, time 501.08ms, mfu 1.66%
iter 2260: loss 89.9920, time 406.20ms, mfu 1.67%
iter 2261: loss 82.8532, time 410.05ms, mfu 1.67%
iter 2262: loss 94.4951, time 469.99ms, mfu 1.66%
iter 2263: loss 91.8924, time 506.42ms, mfu 1.63%
iter 2264: loss 79.1892, time 380.98ms, mfu 1.66%
iter 2265: loss 82.1077, time 370.17ms, mfu 1.68%
iter 2266: loss 80.3752, time 306.98ms, mfu 1.75%
iter 2267: loss 91.6877, time 423.37ms, mfu 1.74%
iter 2268: loss 73.7277, time 444.35ms, mfu 1.73%
iter 2269: loss 96.4719, time 484.81ms, mfu 1.70%
iter 2270: loss 94.5724, time 299.60ms, mfu 1.77%
iter 2271: loss 84.6023, time 406.14ms, mfu 1.77%
iter 2272: loss 94.7699, time 238.81ms, mfu 1.89%
iter 2273: loss 80.8686, time 465.79ms, mfu 1.85%
iter 2274: loss 91.5664, time 438.30ms, mfu 1.83%
iter 2275: loss 89.6628, time 477.15ms, mfu 1.80%
iter 2276: loss 78.9777, time 292.63ms, mfu 1.86%
iter 2277: loss 81.2838, time 486.12ms, mfu 1.82%
iter 2278: loss 98.1267, time 508.61ms, mfu 1.78%
iter 2279: loss 83.6045, time 450.46ms, mfu 1.76%
iter 2280: loss 92.2641, time 405.54ms, mfu 1.76%
iter 2281: loss 82.3804, time 395.73ms, mfu 1.76%
iter 2282: loss 84.3646, time 347.63ms, mfu 1.79%
iter 2283: loss 102.6298, time 460.75ms, mfu 1.77%
iter 2284: loss 83.7560, time 327.32ms, mfu 1.81%
iter 2285: loss 94.5370, time 478.73ms, mfu 1.78%
iter 2286: loss 91.1782, time 446.89ms, mfu 1.76%
iter 2287: loss 84.9829, time 515.53ms, mfu 1.72%
iter 2288: loss 83.5784, time 538.61ms, mfu 1.68%
iter 2289: loss 85.9839, time 326.50ms, mfu 1.73%
iter 2290: loss 78.3606, time 550.61ms, mfu 1.69%
iter 2291: loss 82.0569, time 438.95ms, mfu 1.68%
iter 2292: loss 91.7115, time 608.01ms, mfu 1.63%
iter 2293: loss 81.0200, time 557.72ms, mfu 1.59%
iter 2294: loss 81.8538, time 437.67ms, mfu 1.60%
iter 2295: loss 87.7165, time 384.28ms, mfu 1.62%
iter 2296: loss 84.7783, time 360.54ms, mfu 1.66%
iter 2297: loss 86.3187, time 346.90ms, mfu 1.70%
iter 2298: loss 87.5304, time 518.67ms, mfu 1.67%
iter 2299: loss 99.9088, time 423.36ms, mfu 1.67%
iter 2300: loss 93.8649, time 648.63ms, mfu 1.61%
  === DIAG iter 2300 ===
  loss breakdown: text 0.2670 | num 18.7196 (lambda=5.0)
  grads: total 1.0000, transformer 0.4100, adapter 0.8984, num_head 0.1571
  nums: 924/3072 tokens (30.1%)
  lr: 6.00e-04
  layer_weights: [L0:0.083 L1:0.083 L2:0.083 L3:0.083 L4:0.083 L5:0.083 L6:0.082 L7:0.082 L8:0.083 L9:0.084 L10:0.085 L11:0.086]
iter 2301: loss 82.4781, time 266.91ms, mfu 1.72%
iter 2302: loss 100.4933, time 317.80ms, mfu 1.77%
iter 2303: loss 93.5100, time 471.21ms, mfu 1.74%
iter 2304: loss 78.9075, time 387.91ms, mfu 1.75%
iter 2305: loss 86.0299, time 426.77ms, mfu 1.74%
iter 2306: loss 94.0873, time 296.72ms, mfu 1.81%
iter 2307: loss 94.2792, time 320.04ms, mfu 1.85%
iter 2308: loss 85.7427, time 336.24ms, mfu 1.88%
iter 2309: loss 91.6766, time 411.91ms, mfu 1.86%
iter 2310: loss 86.0262, time 387.16ms, mfu 1.86%
iter 2311: loss 84.4973, time 418.03ms, mfu 1.85%
iter 2312: loss 86.7883, time 369.57ms, mfu 1.85%
iter 2313: loss 87.1690, time 371.75ms, mfu 1.86%
iter 2314: loss 86.9292, time 481.05ms, mfu 1.82%
iter 2315: loss 88.3283, time 526.65ms, mfu 1.78%
iter 2316: loss 93.2895, time 287.79ms, mfu 1.85%
iter 2317: loss 83.4624, time 709.69ms, mfu 1.76%
iter 2318: loss 85.7471, time 328.54ms, mfu 1.80%
iter 2319: loss 91.9269, time 543.03ms, mfu 1.75%
iter 2320: loss 78.6754, time 339.86ms, mfu 1.79%
iter 2321: loss 83.4938, time 516.24ms, mfu 1.75%
iter 2322: loss 84.8813, time 414.71ms, mfu 1.74%
iter 2323: loss 96.0267, time 514.49ms, mfu 1.71%
iter 2324: loss 89.4463, time 470.81ms, mfu 1.69%
iter 2325: loss 92.8710, time 476.71ms, mfu 1.67%
iter 2326: loss 88.9385, time 285.65ms, mfu 1.75%
iter 2327: loss 94.2095, time 392.60ms, mfu 1.76%
iter 2328: loss 93.8894, time 331.58ms, mfu 1.80%
iter 2329: loss 88.4554, time 423.72ms, mfu 1.79%
iter 2330: loss 84.0913, time 473.38ms, mfu 1.76%
iter 2331: loss 84.5369, time 340.54ms, mfu 1.79%
iter 2332: loss 88.4756, time 447.20ms, mfu 1.77%
iter 2333: loss 79.9295, time 365.46ms, mfu 1.79%
iter 2334: loss 92.9607, time 432.03ms, mfu 1.78%
iter 2335: loss 90.3237, time 429.09ms, mfu 1.76%
iter 2336: loss 87.7242, time 376.96ms, mfu 1.78%
iter 2337: loss 87.8987, time 481.41ms, mfu 1.75%
iter 2338: loss 90.2383, time 347.67ms, mfu 1.78%
iter 2339: loss 87.1356, time 403.36ms, mfu 1.78%
iter 2340: loss 86.8220, time 345.14ms, mfu 1.80%
iter 2341: loss 89.3352, time 405.36ms, mfu 1.80%
iter 2342: loss 86.7368, time 524.54ms, mfu 1.76%
iter 2343: loss 83.2948, time 546.55ms, mfu 1.71%
iter 2344: loss 81.5595, time 468.59ms, mfu 1.69%
iter 2345: loss 95.1567, time 338.40ms, mfu 1.73%
iter 2346: loss 92.9614, time 436.22ms, mfu 1.72%
iter 2347: loss 89.7251, time 346.55ms, mfu 1.76%
iter 2348: loss 87.9409, time 477.59ms, mfu 1.73%
iter 2349: loss 89.7479, time 453.29ms, mfu 1.71%
iter 2350: loss 83.6446, time 444.09ms, mfu 1.70%
iter 2351: loss 86.3689, time 412.57ms, mfu 1.71%
iter 2352: loss 85.1447, time 456.99ms, mfu 1.69%
iter 2353: loss 80.5779, time 406.68ms, mfu 1.70%
iter 2354: loss 88.0548, time 436.32ms, mfu 1.69%
iter 2355: loss 92.0935, time 379.89ms, mfu 1.71%
iter 2356: loss 91.5492, time 314.44ms, mfu 1.77%
iter 2357: loss 87.2134, time 386.47ms, mfu 1.77%
iter 2358: loss 83.4262, time 347.65ms, mfu 1.80%
iter 2359: loss 82.6689, time 430.03ms, mfu 1.79%
iter 2360: loss 93.8919, time 465.28ms, mfu 1.76%
iter 2361: loss 84.2841, time 607.04ms, mfu 1.70%
iter 2362: loss 88.4200, time 459.76ms, mfu 1.69%
iter 2363: loss 83.6735, time 532.54ms, mfu 1.65%
iter 2364: loss 86.6493, time 529.76ms, mfu 1.62%
iter 2365: loss 89.8484, time 489.48ms, mfu 1.60%
iter 2366: loss 90.9352, time 388.59ms, mfu 1.63%
iter 2367: loss 81.4919, time 461.65ms, mfu 1.62%
iter 2368: loss 83.4251, time 345.82ms, mfu 1.66%
iter 2369: loss 93.7156, time 499.26ms, mfu 1.64%
iter 2370: loss 84.7373, time 400.75ms, mfu 1.65%
iter 2371: loss 90.4116, time 308.02ms, mfu 1.72%
iter 2372: loss 77.8034, time 396.33ms, mfu 1.73%
iter 2373: loss 71.3632, time 507.33ms, mfu 1.70%
iter 2374: loss 89.5872, time 378.32ms, mfu 1.71%
iter 2375: loss 87.2416, time 427.65ms, mfu 1.71%
iter 2376: loss 95.3344, time 337.70ms, mfu 1.75%
iter 2377: loss 87.3513, time 392.25ms, mfu 1.76%
iter 2378: loss 86.3376, time 479.65ms, mfu 1.73%
iter 2379: loss 81.2538, time 420.50ms, mfu 1.73%
iter 2380: loss 91.7055, time 520.45ms, mfu 1.69%
iter 2381: loss 86.9062, time 315.53ms, mfu 1.75%
iter 2382: loss 97.1059, time 458.27ms, mfu 1.73%
iter 2383: loss 94.2035, time 442.41ms, mfu 1.72%
iter 2384: loss 94.2053, time 554.78ms, mfu 1.67%
iter 2385: loss 88.9536, time 398.60ms, mfu 1.68%
iter 2386: loss 87.9992, time 446.82ms, mfu 1.68%
iter 2387: loss 96.6629, time 449.86ms, mfu 1.67%
iter 2388: loss 90.3103, time 553.27ms, mfu 1.63%
iter 2389: loss 82.6248, time 392.20ms, mfu 1.65%
iter 2390: loss 91.7012, time 383.57ms, mfu 1.67%
iter 2391: loss 91.7606, time 341.39ms, mfu 1.71%
iter 2392: loss 84.5395, time 540.67ms, mfu 1.67%
iter 2393: loss 85.0351, time 298.03ms, mfu 1.74%
iter 2394: loss 95.1912, time 534.49ms, mfu 1.70%
iter 2395: loss 94.5362, time 531.38ms, mfu 1.67%
iter 2396: loss 87.6465, time 358.19ms, mfu 1.70%
iter 2397: loss 86.1108, time 457.88ms, mfu 1.68%
iter 2398: loss 89.3335, time 346.84ms, mfu 1.72%
iter 2399: loss 89.7994, time 357.05ms, mfu 1.75%
iter 2400: loss 90.4723, time 578.29ms, mfu 1.70%
  === DIAG iter 2400 ===
  loss breakdown: text 0.2908 | num 18.0363 (lambda=5.0)
  grads: total 1.0000, transformer 0.6673, adapter 0.7278, num_head 0.1581
  nums: 818/3072 tokens (26.6%)
  lr: 6.00e-04
  layer_weights: [L0:0.083 L1:0.083 L2:0.083 L3:0.083 L4:0.083 L5:0.083 L6:0.082 L7:0.082 L8:0.083 L9:0.084 L10:0.085 L11:0.086]
iter 2401: loss 87.4442, time 273.47ms, mfu 1.79%
iter 2402: loss 91.4913, time 356.48ms, mfu 1.81%
iter 2403: loss 97.0759, time 358.56ms, mfu 1.83%
iter 2404: loss 94.9831, time 512.99ms, mfu 1.78%
iter 2405: loss 92.7367, time 409.51ms, mfu 1.78%
iter 2406: loss 88.2580, time 479.01ms, mfu 1.75%
iter 2407: loss 80.5663, time 416.45ms, mfu 1.75%
iter 2408: loss 81.5736, time 400.82ms, mfu 1.75%
iter 2409: loss 84.5758, time 370.85ms, mfu 1.77%
iter 2410: loss 91.1164, time 379.68ms, mfu 1.78%
iter 2411: loss 84.1262, time 346.56ms, mfu 1.81%
iter 2412: loss 88.4172, time 391.46ms, mfu 1.81%
iter 2413: loss 84.6395, time 470.11ms, mfu 1.78%
iter 2414: loss 84.0107, time 575.13ms, mfu 1.72%
iter 2415: loss 84.1560, time 324.79ms, mfu 1.77%
iter 2416: loss 90.3736, time 390.70ms, mfu 1.78%
iter 2417: loss 87.0572, time 445.03ms, mfu 1.76%
iter 2418: loss 86.1511, time 385.35ms, mfu 1.77%
iter 2419: loss 90.2219, time 455.77ms, mfu 1.75%
iter 2420: loss 83.0169, time 456.77ms, mfu 1.73%
iter 2421: loss 87.8273, time 364.15ms, mfu 1.75%
iter 2422: loss 79.6573, time 376.22ms, mfu 1.77%
iter 2423: loss 85.1462, time 385.87ms, mfu 1.77%
iter 2424: loss 85.3125, time 454.25ms, mfu 1.75%
iter 2425: loss 82.2464, time 347.46ms, mfu 1.78%
iter 2426: loss 90.7536, time 490.38ms, mfu 1.75%
iter 2427: loss 84.6619, time 318.65ms, mfu 1.80%
iter 2428: loss 93.1177, time 527.78ms, mfu 1.75%
iter 2429: loss 87.1451, time 566.93ms, mfu 1.70%
iter 2430: loss 87.0064, time 460.29ms, mfu 1.69%
iter 2431: loss 84.9885, time 557.37ms, mfu 1.65%
iter 2432: loss 90.3063, time 377.50ms, mfu 1.67%
iter 2433: loss 80.9739, time 422.03ms, mfu 1.67%
iter 2434: loss 88.0564, time 327.74ms, mfu 1.72%
iter 2435: loss 92.5996, time 398.47ms, mfu 1.73%
iter 2436: loss 82.6964, time 487.97ms, mfu 1.70%
iter 2437: loss 87.2192, time 622.97ms, mfu 1.65%
iter 2438: loss 85.5401, time 344.34ms, mfu 1.69%
iter 2439: loss 85.4293, time 468.48ms, mfu 1.67%
iter 2440: loss 80.7309, time 322.26ms, mfu 1.73%
iter 2441: loss 87.4395, time 298.13ms, mfu 1.79%
iter 2442: loss 86.1674, time 486.66ms, mfu 1.76%
iter 2443: loss 90.0805, time 441.77ms, mfu 1.75%
iter 2444: loss 86.6931, time 442.74ms, mfu 1.73%
iter 2445: loss 92.2630, time 360.48ms, mfu 1.76%
iter 2446: loss 89.6049, time 306.54ms, mfu 1.81%
iter 2447: loss 93.5857, time 513.18ms, mfu 1.77%
iter 2448: loss 78.9191, time 535.93ms, mfu 1.73%
iter 2449: loss 86.2309, time 367.60ms, mfu 1.75%
iter 2450: loss 82.8382, time 660.64ms, mfu 1.68%
iter 2451: loss 89.4187, time 410.22ms, mfu 1.69%
iter 2452: loss 85.4129, time 432.52ms, mfu 1.68%
iter 2453: loss 92.8237, time 288.46ms, mfu 1.76%
iter 2454: loss 97.2448, time 484.56ms, mfu 1.73%
iter 2455: loss 80.6728, time 415.83ms, mfu 1.73%
iter 2456: loss 92.9179, time 249.97ms, mfu 1.84%
iter 2457: loss 82.9482, time 497.95ms, mfu 1.80%
iter 2458: loss 78.9493, time 361.39ms, mfu 1.82%
iter 2459: loss 82.5517, time 479.18ms, mfu 1.79%
iter 2460: loss 88.9222, time 345.55ms, mfu 1.81%
iter 2461: loss 80.0692, time 407.31ms, mfu 1.81%
iter 2462: loss 84.8150, time 377.41ms, mfu 1.81%
iter 2463: loss 88.0579, time 498.56ms, mfu 1.78%
iter 2464: loss 77.4109, time 392.95ms, mfu 1.78%
iter 2465: loss 85.1189, time 439.13ms, mfu 1.76%
iter 2466: loss 89.5831, time 346.98ms, mfu 1.79%
iter 2467: loss 83.3168, time 623.96ms, mfu 1.73%
iter 2468: loss 91.7691, time 465.88ms, mfu 1.71%
iter 2469: loss 92.0461, time 438.42ms, mfu 1.70%
iter 2470: loss 81.6807, time 252.47ms, mfu 1.81%
iter 2471: loss 90.3434, time 439.80ms, mfu 1.79%
iter 2472: loss 86.9631, time 457.25ms, mfu 1.77%
iter 2473: loss 92.2647, time 376.79ms, mfu 1.78%
iter 2474: loss 89.5249, time 596.04ms, mfu 1.72%
iter 2475: loss 90.2352, time 576.94ms, mfu 1.67%
iter 2476: loss 87.5932, time 484.45ms, mfu 1.65%
iter 2477: loss 93.7791, time 565.59ms, mfu 1.61%
iter 2478: loss 88.0658, time 324.14ms, mfu 1.67%
iter 2479: loss 91.8423, time 446.19ms, mfu 1.67%
iter 2480: loss 88.5209, time 501.15ms, mfu 1.64%
iter 2481: loss 83.2409, time 388.31ms, mfu 1.66%
iter 2482: loss 89.0079, time 317.40ms, mfu 1.72%
iter 2483: loss 93.6532, time 372.74ms, mfu 1.74%
iter 2484: loss 84.3231, time 442.69ms, mfu 1.73%
iter 2485: loss 91.7704, time 301.60ms, mfu 1.79%
iter 2486: loss 81.2152, time 410.76ms, mfu 1.78%
iter 2487: loss 87.5593, time 475.42ms, mfu 1.76%
iter 2488: loss 83.4452, time 534.02ms, mfu 1.71%
iter 2489: loss 82.1799, time 378.63ms, mfu 1.73%
iter 2490: loss 89.6871, time 401.13ms, mfu 1.73%
iter 2491: loss 86.3184, time 407.91ms, mfu 1.74%
iter 2492: loss 95.1355, time 403.91ms, mfu 1.74%
iter 2493: loss 85.8359, time 368.86ms, mfu 1.76%
iter 2494: loss 91.5345, time 536.95ms, mfu 1.71%
iter 2495: loss 86.2880, time 409.22ms, mfu 1.72%
iter 2496: loss 92.2199, time 596.73ms, mfu 1.67%
iter 2497: loss 84.9400, time 346.15ms, mfu 1.70%
iter 2498: loss 94.8761, time 407.19ms, mfu 1.71%
iter 2499: loss 77.3921, time 354.96ms, mfu 1.74%
iter 2500: loss 82.0304, time 707.43ms, mfu 1.67%
  === DIAG iter 2500 ===
  loss breakdown: text 0.2613 | num 16.3538 (lambda=5.0)
  grads: total 1.0000, transformer 0.2786, adapter 0.9589, num_head 0.0537
  nums: 879/3072 tokens (28.6%)
  lr: 6.00e-04
  layer_weights: [L0:0.083 L1:0.083 L2:0.083 L3:0.083 L4:0.083 L5:0.083 L6:0.082 L7:0.082 L8:0.082 L9:0.084 L10:0.085 L11:0.086]
iter 2501: loss 86.1084, time 207.87ms, mfu 1.84%
iter 2502: loss 90.6106, time 624.88ms, mfu 1.77%
iter 2503: loss 102.0311, time 250.50ms, mfu 1.88%
iter 2504: loss 91.4239, time 506.38ms, mfu 1.83%
iter 2505: loss 83.1156, time 436.78ms, mfu 1.81%
iter 2506: loss 83.3446, time 454.31ms, mfu 1.79%
iter 2507: loss 90.8786, time 419.74ms, mfu 1.78%
iter 2508: loss 89.6618, time 381.70ms, mfu 1.79%
iter 2509: loss 87.6448, time 393.07ms, mfu 1.79%
iter 2510: loss 87.1519, time 582.31ms, mfu 1.73%
iter 2511: loss 86.0132, time 421.11ms, mfu 1.73%
iter 2512: loss 80.8272, time 542.36ms, mfu 1.69%
iter 2513: loss 84.0523, time 401.04ms, mfu 1.70%
iter 2514: loss 88.8959, time 434.45ms, mfu 1.69%
iter 2515: loss 88.7200, time 326.13ms, mfu 1.74%
iter 2516: loss 87.6132, time 562.60ms, mfu 1.69%
iter 2517: loss 89.8622, time 316.82ms, mfu 1.75%
iter 2518: loss 85.3576, time 524.68ms, mfu 1.71%
iter 2519: loss 91.1874, time 352.77ms, mfu 1.74%
iter 2520: loss 98.0371, time 541.49ms, mfu 1.70%
iter 2521: loss 87.0319, time 375.56ms, mfu 1.72%
iter 2522: loss 90.1884, time 423.66ms, mfu 1.71%
iter 2523: loss 91.4090, time 356.79ms, mfu 1.74%
iter 2524: loss 86.5093, time 405.40ms, mfu 1.74%
iter 2525: loss 98.8481, time 505.06ms, mfu 1.71%
iter 2526: loss 89.0910, time 310.76ms, mfu 1.77%
iter 2527: loss 92.2268, time 528.41ms, mfu 1.73%
iter 2528: loss 87.2181, time 420.18ms, mfu 1.72%
iter 2529: loss 81.1475, time 485.87ms, mfu 1.70%
iter 2530: loss 95.9234, time 359.22ms, mfu 1.73%
iter 2531: loss 87.4977, time 453.59ms, mfu 1.71%
iter 2532: loss 89.6244, time 417.55ms, mfu 1.71%
iter 2533: loss 94.7719, time 633.96ms, mfu 1.65%
iter 2534: loss 90.2468, time 383.38ms, mfu 1.67%
iter 2535: loss 85.9861, time 358.44ms, mfu 1.70%
iter 2536: loss 90.3045, time 392.41ms, mfu 1.72%
iter 2537: loss 84.7208, time 417.56ms, mfu 1.71%
iter 2538: loss 86.2302, time 371.41ms, mfu 1.73%
iter 2539: loss 79.9140, time 376.86ms, mfu 1.75%
iter 2540: loss 89.9619, time 453.64ms, mfu 1.73%
iter 2541: loss 90.1864, time 453.90ms, mfu 1.72%
iter 2542: loss 84.2337, time 411.34ms, mfu 1.72%
iter 2543: loss 88.5535, time 452.94ms, mfu 1.70%
iter 2544: loss 88.2843, time 423.15ms, mfu 1.70%
iter 2545: loss 86.7261, time 559.55ms, mfu 1.66%
iter 2546: loss 88.7156, time 628.58ms, mfu 1.61%
iter 2547: loss 91.1443, time 343.78ms, mfu 1.65%
iter 2548: loss 84.8006, time 475.99ms, mfu 1.64%
iter 2549: loss 90.8498, time 353.28ms, mfu 1.68%
iter 2550: loss 86.0737, time 510.08ms, mfu 1.65%
iter 2551: loss 90.6166, time 431.37ms, mfu 1.65%
iter 2552: loss 91.7601, time 420.57ms, mfu 1.65%
iter 2553: loss 84.8228, time 482.76ms, mfu 1.63%
iter 2554: loss 84.4054, time 386.86ms, mfu 1.66%
iter 2555: loss 90.2986, time 361.56ms, mfu 1.69%
iter 2556: loss 89.8196, time 368.08ms, mfu 1.71%
iter 2557: loss 87.4758, time 409.00ms, mfu 1.72%
iter 2558: loss 75.5519, time 524.32ms, mfu 1.68%
iter 2559: loss 85.7042, time 484.26ms, mfu 1.66%
iter 2560: loss 91.0690, time 514.79ms, mfu 1.63%
iter 2561: loss 87.0515, time 253.68ms, mfu 1.75%
iter 2562: loss 85.0632, time 421.39ms, mfu 1.74%
iter 2563: loss 75.9098, time 404.87ms, mfu 1.74%
iter 2564: loss 82.7205, time 501.97ms, mfu 1.71%
iter 2565: loss 89.5837, time 370.25ms, mfu 1.73%
iter 2566: loss 89.7911, time 420.04ms, mfu 1.73%
iter 2567: loss 96.4604, time 436.47ms, mfu 1.72%
iter 2568: loss 91.4550, time 372.42ms, mfu 1.74%
iter 2569: loss 78.9509, time 408.67ms, mfu 1.74%
iter 2570: loss 87.6430, time 434.37ms, mfu 1.73%
iter 2571: loss 82.3160, time 445.80ms, mfu 1.72%
iter 2572: loss 81.0911, time 449.74ms, mfu 1.70%
iter 2573: loss 91.1954, time 324.28ms, mfu 1.75%
iter 2574: loss 85.1830, time 349.58ms, mfu 1.78%
iter 2575: loss 91.0959, time 452.11ms, mfu 1.76%
iter 2576: loss 87.3885, time 278.10ms, mfu 1.84%
iter 2577: loss 96.7538, time 542.54ms, mfu 1.79%
iter 2578: loss 85.6641, time 480.44ms, mfu 1.76%
iter 2579: loss 80.3392, time 594.23ms, mfu 1.70%
iter 2580: loss 86.1764, time 529.95ms, mfu 1.67%
iter 2581: loss 84.2223, time 405.83ms, mfu 1.68%
iter 2582: loss 85.0801, time 393.45ms, mfu 1.69%
iter 2583: loss 82.9697, time 484.53ms, mfu 1.67%
iter 2584: loss 89.5808, time 411.37ms, mfu 1.67%
iter 2585: loss 87.2902, time 483.80ms, mfu 1.65%
iter 2586: loss 86.4604, time 444.11ms, mfu 1.65%
iter 2587: loss 89.6422, time 375.95ms, mfu 1.67%
iter 2588: loss 89.5281, time 468.09ms, mfu 1.66%
iter 2589: loss 85.8793, time 391.72ms, mfu 1.67%
iter 2590: loss 87.5411, time 375.13ms, mfu 1.70%
iter 2591: loss 92.6835, time 573.71ms, mfu 1.65%
iter 2592: loss 83.6578, time 275.54ms, mfu 1.74%
iter 2593: loss 82.3766, time 476.49ms, mfu 1.72%
iter 2594: loss 85.9375, time 455.70ms, mfu 1.70%
iter 2595: loss 81.8893, time 378.06ms, mfu 1.72%
iter 2596: loss 89.5032, time 443.76ms, mfu 1.71%
iter 2597: loss 88.2983, time 377.86ms, mfu 1.73%
iter 2598: loss 90.1363, time 532.63ms, mfu 1.69%
iter 2599: loss 87.7368, time 391.50ms, mfu 1.70%
iter 2600: loss 86.0546, time 554.75ms, mfu 1.66%
  === DIAG iter 2600 ===
  loss breakdown: text 0.2962 | num 17.1517 (lambda=5.0)
  grads: total 1.0000, transformer 0.6351, adapter 0.5879, num_head 0.5011
  nums: 862/3072 tokens (28.1%)
  lr: 6.00e-04
  layer_weights: [L0:0.084 L1:0.083 L2:0.083 L3:0.083 L4:0.083 L5:0.084 L6:0.082 L7:0.081 L8:0.082 L9:0.085 L10:0.085 L11:0.086]
iter 2601: loss 90.9298, time 207.94ms, mfu 1.84%
iter 2602: loss 87.0860, time 480.25ms, mfu 1.80%
iter 2603: loss 88.5729, time 516.74ms, mfu 1.76%
iter 2604: loss 89.4217, time 451.07ms, mfu 1.74%
iter 2605: loss 91.7102, time 485.88ms, mfu 1.71%
iter 2606: loss 87.2286, time 396.66ms, mfu 1.72%
iter 2607: loss 91.8554, time 360.61ms, mfu 1.75%
iter 2608: loss 94.7309, time 475.95ms, mfu 1.72%
iter 2609: loss 85.7427, time 499.81ms, mfu 1.69%
iter 2610: loss 84.6873, time 356.09ms, mfu 1.72%
iter 2611: loss 88.1734, time 534.62ms, mfu 1.68%
iter 2612: loss 89.2379, time 516.07ms, mfu 1.65%
iter 2613: loss 95.1710, time 445.64ms, mfu 1.65%
iter 2614: loss 87.2300, time 323.85ms, mfu 1.70%
iter 2615: loss 90.0915, time 399.63ms, mfu 1.71%
iter 2616: loss 80.4559, time 521.27ms, mfu 1.68%
iter 2617: loss 93.9343, time 424.48ms, mfu 1.68%
iter 2618: loss 83.0783, time 646.43ms, mfu 1.62%
iter 2619: loss 86.0378, time 340.62ms, mfu 1.67%
iter 2620: loss 86.2525, time 579.73ms, mfu 1.62%
iter 2621: loss 89.8528, time 348.36ms, mfu 1.67%
iter 2622: loss 94.7954, time 536.23ms, mfu 1.63%
iter 2623: loss 83.0101, time 608.51ms, mfu 1.59%
iter 2624: loss 88.0526, time 437.76ms, mfu 1.59%
iter 2625: loss 86.7896, time 473.01ms, mfu 1.58%
iter 2626: loss 87.0463, time 373.42ms, mfu 1.61%
iter 2627: loss 86.4336, time 429.39ms, mfu 1.62%
iter 2628: loss 95.5310, time 368.40ms, mfu 1.65%
iter 2629: loss 82.0175, time 406.60ms, mfu 1.66%
iter 2630: loss 88.1182, time 438.76ms, mfu 1.66%
iter 2631: loss 77.0810, time 468.43ms, mfu 1.64%
iter 2632: loss 85.8900, time 402.94ms, mfu 1.66%
iter 2633: loss 89.5087, time 420.74ms, mfu 1.66%
iter 2634: loss 86.9911, time 518.11ms, mfu 1.63%
iter 2635: loss 91.8780, time 436.11ms, mfu 1.63%
iter 2636: loss 85.7364, time 390.41ms, mfu 1.65%
iter 2637: loss 81.5375, time 573.42ms, mfu 1.61%
iter 2638: loss 86.5510, time 411.35ms, mfu 1.62%
iter 2639: loss 91.8457, time 539.70ms, mfu 1.59%
iter 2640: loss 91.9340, time 376.73ms, mfu 1.62%
iter 2641: loss 72.1279, time 454.61ms, mfu 1.62%
iter 2642: loss 81.2693, time 412.85ms, mfu 1.63%
iter 2643: loss 92.4876, time 449.42ms, mfu 1.62%
iter 2644: loss 83.3893, time 361.95ms, mfu 1.66%
iter 2645: loss 90.9930, time 500.21ms, mfu 1.63%
iter 2646: loss 85.3611, time 388.22ms, mfu 1.65%
iter 2647: loss 91.1101, time 413.17ms, mfu 1.66%
iter 2648: loss 87.7923, time 360.64ms, mfu 1.69%
iter 2649: loss 93.7390, time 486.48ms, mfu 1.67%
iter 2650: loss 93.6156, time 389.96ms, mfu 1.69%
iter 2651: loss 92.1700, time 408.23ms, mfu 1.69%
iter 2652: loss 80.1773, time 469.29ms, mfu 1.67%
iter 2653: loss 81.4329, time 317.40ms, mfu 1.73%
iter 2654: loss 85.7626, time 327.41ms, mfu 1.78%
iter 2655: loss 92.3152, time 516.15ms, mfu 1.74%
iter 2656: loss 87.9688, time 308.06ms, mfu 1.79%
iter 2657: loss 87.5980, time 461.84ms, mfu 1.77%
iter 2658: loss 88.2896, time 481.75ms, mfu 1.74%
iter 2659: loss 88.2718, time 462.05ms, mfu 1.72%
iter 2660: loss 86.6994, time 208.14ms, mfu 1.89%
iter 2661: loss 82.7970, time 392.79ms, mfu 1.88%
iter 2662: loss 86.0476, time 400.53ms, mfu 1.87%
iter 2663: loss 86.9082, time 437.94ms, mfu 1.85%
iter 2664: loss 93.2462, time 462.68ms, mfu 1.82%
iter 2665: loss 89.4028, time 544.98ms, mfu 1.77%
iter 2666: loss 87.2869, time 349.71ms, mfu 1.79%
iter 2667: loss 87.4524, time 478.89ms, mfu 1.76%
iter 2668: loss 86.5197, time 404.23ms, mfu 1.76%
iter 2669: loss 85.5088, time 359.31ms, mfu 1.78%
iter 2670: loss 90.3642, time 612.59ms, mfu 1.72%
iter 2671: loss 84.4140, time 300.03ms, mfu 1.79%
iter 2672: loss 87.4725, time 334.30ms, mfu 1.82%
iter 2673: loss 88.7768, time 438.69ms, mfu 1.80%
iter 2674: loss 86.2894, time 448.84ms, mfu 1.78%
iter 2675: loss 87.8314, time 422.65ms, mfu 1.77%
iter 2676: loss 87.7326, time 607.06ms, mfu 1.71%
iter 2677: loss 87.4352, time 453.89ms, mfu 1.70%
iter 2678: loss 84.8237, time 416.13ms, mfu 1.70%
iter 2679: loss 88.9461, time 506.68ms, mfu 1.67%
iter 2680: loss 89.8158, time 458.60ms, mfu 1.66%
iter 2681: loss 93.0514, time 499.05ms, mfu 1.64%
iter 2682: loss 89.9762, time 341.58ms, mfu 1.68%
iter 2683: loss 91.6512, time 545.42ms, mfu 1.64%
iter 2684: loss 81.5654, time 459.54ms, mfu 1.63%
iter 2685: loss 92.3760, time 461.54ms, mfu 1.62%
iter 2686: loss 87.3864, time 497.98ms, mfu 1.61%
iter 2687: loss 85.1570, time 503.40ms, mfu 1.59%
iter 2688: loss 92.0176, time 419.93ms, mfu 1.60%
iter 2689: loss 83.6931, time 366.90ms, mfu 1.63%
iter 2690: loss 88.9391, time 436.34ms, mfu 1.63%
iter 2691: loss 101.4756, time 400.53ms, mfu 1.65%
iter 2692: loss 91.0191, time 476.05ms, mfu 1.63%
iter 2693: loss 80.7040, time 252.57ms, mfu 1.75%
iter 2694: loss 85.1735, time 529.29ms, mfu 1.71%
iter 2695: loss 85.6478, time 398.88ms, mfu 1.72%
iter 2696: loss 86.1853, time 523.59ms, mfu 1.68%
iter 2697: loss 86.7264, time 456.85ms, mfu 1.67%
iter 2698: loss 94.1573, time 539.53ms, mfu 1.64%
iter 2699: loss 91.5953, time 605.94ms, mfu 1.59%
iter 2700: loss 98.5348, time 577.08ms, mfu 1.55%
  === DIAG iter 2700 ===
  loss breakdown: text 0.2738 | num 19.6522 (lambda=5.0)
  grads: total 1.0000, transformer 0.3537, adapter 0.8912, num_head 0.2840
  nums: 892/3072 tokens (29.0%)
  lr: 6.00e-04
  layer_weights: [L0:0.084 L1:0.083 L2:0.083 L3:0.083 L4:0.083 L5:0.084 L6:0.082 L7:0.081 L8:0.082 L9:0.085 L10:0.085 L11:0.086]
iter 2701: loss 86.2803, time 262.76ms, mfu 1.67%
iter 2702: loss 84.8332, time 426.91ms, mfu 1.67%
iter 2703: loss 86.0528, time 365.39ms, mfu 1.70%
iter 2704: loss 89.0565, time 464.03ms, mfu 1.68%
iter 2705: loss 83.1496, time 475.68ms, mfu 1.66%
iter 2706: loss 89.3318, time 425.20ms, mfu 1.66%
iter 2707: loss 83.1745, time 528.02ms, mfu 1.63%
iter 2708: loss 82.8966, time 383.81ms, mfu 1.66%
iter 2709: loss 81.0413, time 531.67ms, mfu 1.62%
iter 2710: loss 93.4838, time 470.31ms, mfu 1.61%
iter 2711: loss 80.3750, time 489.04ms, mfu 1.60%
iter 2712: loss 76.9012, time 330.82ms, mfu 1.65%
iter 2713: loss 88.5704, time 401.07ms, mfu 1.67%
iter 2714: loss 91.9043, time 405.46ms, mfu 1.67%
iter 2715: loss 86.1096, time 473.63ms, mfu 1.66%
iter 2716: loss 85.9045, time 323.36ms, mfu 1.71%
iter 2717: loss 91.1667, time 445.22ms, mfu 1.70%
iter 2718: loss 94.7654, time 380.08ms, mfu 1.72%
iter 2719: loss 89.8212, time 433.95ms, mfu 1.71%
iter 2720: loss 81.7644, time 373.21ms, mfu 1.73%
iter 2721: loss 90.7100, time 409.21ms, mfu 1.73%
iter 2722: loss 88.8991, time 344.44ms, mfu 1.77%
iter 2723: loss 87.7907, time 591.54ms, mfu 1.71%
iter 2724: loss 87.9254, time 339.41ms, mfu 1.75%
iter 2725: loss 95.7370, time 435.06ms, mfu 1.74%
iter 2726: loss 91.1302, time 316.48ms, mfu 1.79%
iter 2727: loss 89.0533, time 371.58ms, mfu 1.80%
iter 2728: loss 85.5774, time 584.69ms, mfu 1.74%
iter 2729: loss 84.3258, time 443.23ms, mfu 1.73%
iter 2730: loss 87.2740, time 517.44ms, mfu 1.69%
iter 2731: loss 86.1385, time 380.21ms, mfu 1.71%
iter 2732: loss 86.9705, time 381.10ms, mfu 1.73%
iter 2733: loss 87.8743, time 428.19ms, mfu 1.72%
iter 2734: loss 91.3537, time 398.50ms, mfu 1.73%
iter 2735: loss 84.2828, time 474.95ms, mfu 1.71%
iter 2736: loss 88.2076, time 350.85ms, mfu 1.74%
iter 2737: loss 96.7450, time 369.97ms, mfu 1.76%
iter 2738: loss 97.6372, time 352.97ms, mfu 1.78%
iter 2739: loss 90.9811, time 366.02ms, mfu 1.80%
iter 2740: loss 88.7837, time 373.49ms, mfu 1.81%
iter 2741: loss 83.2228, time 542.49ms, mfu 1.76%
iter 2742: loss 86.9735, time 362.92ms, mfu 1.78%
iter 2743: loss 85.0970, time 303.25ms, mfu 1.84%
iter 2744: loss 83.9723, time 367.50ms, mfu 1.85%
iter 2745: loss 84.6889, time 619.02ms, mfu 1.78%
iter 2746: loss 95.5646, time 445.54ms, mfu 1.76%
iter 2747: loss 85.9588, time 386.67ms, mfu 1.77%
iter 2748: loss 92.6676, time 556.50ms, mfu 1.72%
iter 2749: loss 88.9955, time 617.76ms, mfu 1.66%
iter 2750: loss 87.2349, time 452.55ms, mfu 1.65%
iter 2751: loss 91.6474, time 410.66ms, mfu 1.66%
iter 2752: loss 86.2724, time 520.70ms, mfu 1.63%
iter 2753: loss 90.0356, time 240.46ms, mfu 1.77%
iter 2754: loss 79.9651, time 564.26ms, mfu 1.72%
iter 2755: loss 87.3306, time 397.44ms, mfu 1.72%
iter 2756: loss 87.4660, time 402.37ms, mfu 1.73%
iter 2757: loss 91.2370, time 517.95ms, mfu 1.69%
iter 2758: loss 81.2397, time 458.04ms, mfu 1.68%
iter 2759: loss 80.8117, time 501.52ms, mfu 1.65%
iter 2760: loss 93.0559, time 358.35ms, mfu 1.69%
iter 2761: loss 91.3002, time 437.93ms, mfu 1.68%
iter 2762: loss 90.2124, time 429.83ms, mfu 1.68%
iter 2763: loss 81.5657, time 409.91ms, mfu 1.68%
iter 2764: loss 89.2964, time 425.20ms, mfu 1.68%
iter 2765: loss 86.1387, time 242.51ms, mfu 1.81%
iter 2766: loss 86.5295, time 676.52ms, mfu 1.73%
iter 2767: loss 83.5779, time 579.44ms, mfu 1.68%
iter 2768: loss 94.9856, time 513.12ms, mfu 1.65%
iter 2769: loss 94.2422, time 498.27ms, mfu 1.63%
iter 2770: loss 85.0784, time 389.10ms, mfu 1.65%
iter 2771: loss 86.9889, time 468.77ms, mfu 1.64%
iter 2772: loss 78.6379, time 383.41ms, mfu 1.66%
iter 2773: loss 82.4605, time 292.21ms, mfu 1.74%
iter 2774: loss 85.6100, time 495.99ms, mfu 1.71%
iter 2775: loss 82.4214, time 477.13ms, mfu 1.69%
iter 2776: loss 92.9689, time 478.84ms, mfu 1.67%
iter 2777: loss 92.5843, time 253.93ms, mfu 1.78%
iter 2778: loss 84.7332, time 596.25ms, mfu 1.72%
iter 2779: loss 75.5962, time 403.63ms, mfu 1.73%
iter 2780: loss 85.9452, time 413.95ms, mfu 1.73%
iter 2781: loss 92.2121, time 433.42ms, mfu 1.72%
iter 2782: loss 91.1155, time 480.56ms, mfu 1.69%
iter 2783: loss 90.3315, time 440.74ms, mfu 1.69%
iter 2784: loss 87.8612, time 423.60ms, mfu 1.69%
iter 2785: loss 82.7584, time 404.04ms, mfu 1.69%
iter 2786: loss 80.6859, time 329.39ms, mfu 1.74%
iter 2787: loss 83.5970, time 422.48ms, mfu 1.74%
iter 2788: loss 81.7687, time 321.16ms, mfu 1.78%
iter 2789: loss 86.6821, time 510.60ms, mfu 1.74%
iter 2790: loss 88.3344, time 427.15ms, mfu 1.74%
iter 2791: loss 88.7145, time 476.53ms, mfu 1.71%
iter 2792: loss 84.4718, time 370.81ms, mfu 1.73%
iter 2793: loss 85.2567, time 411.10ms, mfu 1.73%
iter 2794: loss 94.3512, time 395.39ms, mfu 1.74%
iter 2795: loss 81.0205, time 460.38ms, mfu 1.72%
iter 2796: loss 82.9055, time 368.02ms, mfu 1.74%
iter 2797: loss 89.9251, time 424.52ms, mfu 1.74%
iter 2798: loss 95.7760, time 368.71ms, mfu 1.76%
iter 2799: loss 87.5787, time 376.30ms, mfu 1.77%
iter 2800: loss 90.7138, time 581.48ms, mfu 1.72%
  === DIAG iter 2800 ===
  loss breakdown: text 0.2460 | num 18.0935 (lambda=5.0)
  grads: total 1.0000, transformer 0.8278, adapter 0.3965, num_head 0.3969
  nums: 903/3072 tokens (29.4%)
  lr: 6.00e-04
  layer_weights: [L0:0.084 L1:0.083 L2:0.083 L3:0.083 L4:0.083 L5:0.084 L6:0.081 L7:0.081 L8:0.082 L9:0.085 L10:0.085 L11:0.086]
iter 2801: loss 87.5922, time 280.52ms, mfu 1.80%
iter 2802: loss 89.6053, time 387.14ms, mfu 1.80%
iter 2803: loss 90.4688, time 478.83ms, mfu 1.77%
iter 2804: loss 88.0737, time 439.93ms, mfu 1.76%
iter 2805: loss 93.2401, time 479.74ms, mfu 1.73%
iter 2806: loss 86.5244, time 513.46ms, mfu 1.69%
iter 2807: loss 91.1922, time 537.37ms, mfu 1.66%
iter 2808: loss 87.5627, time 556.83ms, mfu 1.62%
iter 2809: loss 92.3695, time 446.32ms, mfu 1.62%
iter 2810: loss 83.6878, time 410.84ms, mfu 1.63%
iter 2811: loss 84.4675, time 462.37ms, mfu 1.62%
iter 2812: loss 87.1242, time 446.92ms, mfu 1.62%
iter 2813: loss 90.5728, time 348.92ms, mfu 1.66%
iter 2814: loss 91.8079, time 391.61ms, mfu 1.68%
iter 2815: loss 87.2054, time 438.56ms, mfu 1.67%
iter 2816: loss 84.6528, time 470.33ms, mfu 1.66%
iter 2817: loss 87.5740, time 399.83ms, mfu 1.67%
iter 2818: loss 88.6500, time 504.20ms, mfu 1.64%
iter 2819: loss 91.0949, time 481.90ms, mfu 1.63%
iter 2820: loss 96.8149, time 426.77ms, mfu 1.63%
iter 2821: loss 85.4530, time 452.92ms, mfu 1.62%
iter 2822: loss 92.4535, time 333.82ms, mfu 1.68%
iter 2823: loss 84.9854, time 575.68ms, mfu 1.63%
iter 2824: loss 86.2503, time 510.60ms, mfu 1.61%
iter 2825: loss 89.4131, time 546.71ms, mfu 1.58%
iter 2826: loss 82.7859, time 621.80ms, mfu 1.53%
iter 2827: loss 83.9016, time 353.20ms, mfu 1.58%
iter 2828: loss 84.9023, time 454.11ms, mfu 1.58%
iter 2829: loss 86.4740, time 365.19ms, mfu 1.62%
iter 2830: loss 94.8991, time 460.49ms, mfu 1.61%
iter 2831: loss 94.4355, time 474.89ms, mfu 1.60%
iter 2832: loss 86.1889, time 327.59ms, mfu 1.66%
iter 2833: loss 94.0068, time 432.84ms, mfu 1.66%
iter 2834: loss 88.9307, time 443.89ms, mfu 1.65%
iter 2835: loss 88.0473, time 270.01ms, mfu 1.75%
iter 2836: loss 91.5419, time 449.26ms, mfu 1.73%
iter 2837: loss 81.7377, time 560.86ms, mfu 1.69%
iter 2838: loss 84.8411, time 430.31ms, mfu 1.68%
iter 2839: loss 88.3496, time 338.92ms, mfu 1.73%
iter 2840: loss 91.0971, time 382.61ms, mfu 1.74%
iter 2841: loss 82.0955, time 516.65ms, mfu 1.70%
iter 2842: loss 88.6360, time 378.82ms, mfu 1.72%
iter 2843: loss 84.0557, time 400.32ms, mfu 1.73%
iter 2844: loss 83.2045, time 514.34ms, mfu 1.69%
iter 2845: loss 85.2436, time 340.64ms, mfu 1.73%
iter 2846: loss 87.8610, time 502.13ms, mfu 1.70%
iter 2847: loss 91.6433, time 337.91ms, mfu 1.74%
iter 2848: loss 82.6070, time 404.50ms, mfu 1.74%
iter 2849: loss 91.7781, time 463.77ms, mfu 1.72%
iter 2850: loss 86.6720, time 469.38ms, mfu 1.70%
iter 2851: loss 90.6433, time 418.15ms, mfu 1.70%
iter 2852: loss 85.8342, time 337.54ms, mfu 1.74%
iter 2853: loss 92.7106, time 537.82ms, mfu 1.70%
iter 2854: loss 92.7019, time 519.71ms, mfu 1.67%
iter 2855: loss 84.7073, time 293.01ms, mfu 1.75%
iter 2856: loss 89.9610, time 460.37ms, mfu 1.73%
iter 2857: loss 88.5769, time 388.18ms, mfu 1.74%
iter 2858: loss 84.3155, time 411.20ms, mfu 1.74%
iter 2859: loss 92.9553, time 414.97ms, mfu 1.73%
iter 2860: loss 92.9788, time 450.75ms, mfu 1.72%
iter 2861: loss 84.7215, time 491.39ms, mfu 1.69%
iter 2862: loss 88.5461, time 495.86ms, mfu 1.67%
iter 2863: loss 86.9361, time 333.28ms, mfu 1.71%
iter 2864: loss 85.5319, time 441.11ms, mfu 1.70%
iter 2865: loss 87.9778, time 457.81ms, mfu 1.69%
iter 2866: loss 85.0525, time 495.69ms, mfu 1.66%
iter 2867: loss 93.3642, time 408.96ms, mfu 1.67%
iter 2868: loss 86.1995, time 398.94ms, mfu 1.68%
iter 2869: loss 84.3563, time 402.86ms, mfu 1.69%
iter 2870: loss 95.6756, time 442.02ms, mfu 1.68%
iter 2871: loss 88.2618, time 380.87ms, mfu 1.70%
iter 2872: loss 89.8438, time 320.21ms, mfu 1.75%
iter 2873: loss 84.5092, time 505.89ms, mfu 1.72%
iter 2874: loss 88.2068, time 297.45ms, mfu 1.79%
iter 2875: loss 85.7416, time 445.10ms, mfu 1.77%
iter 2876: loss 86.7283, time 371.68ms, mfu 1.78%
iter 2877: loss 93.3499, time 361.20ms, mfu 1.80%
iter 2878: loss 87.3483, time 590.34ms, mfu 1.74%
iter 2879: loss 83.2102, time 519.84ms, mfu 1.71%
iter 2880: loss 80.8943, time 426.86ms, mfu 1.70%
iter 2881: loss 85.7856, time 419.77ms, mfu 1.70%
iter 2882: loss 84.2682, time 336.68ms, mfu 1.74%
iter 2883: loss 88.9029, time 541.94ms, mfu 1.70%
iter 2884: loss 88.0856, time 317.46ms, mfu 1.75%
iter 2885: loss 83.5117, time 531.12ms, mfu 1.71%
iter 2886: loss 90.7458, time 463.63ms, mfu 1.70%
iter 2887: loss 81.0880, time 251.85ms, mfu 1.81%
iter 2888: loss 89.7095, time 481.25ms, mfu 1.78%
iter 2889: loss 78.6426, time 389.61ms, mfu 1.78%
iter 2890: loss 83.0047, time 420.08ms, mfu 1.77%
iter 2891: loss 83.0076, time 408.07ms, mfu 1.77%
iter 2892: loss 89.8469, time 478.65ms, mfu 1.74%
iter 2893: loss 92.9499, time 346.18ms, mfu 1.77%
iter 2894: loss 80.0488, time 455.44ms, mfu 1.75%
iter 2895: loss 88.0570, time 493.30ms, mfu 1.72%
iter 2896: loss 91.3684, time 451.16ms, mfu 1.71%
iter 2897: loss 85.9032, time 334.19ms, mfu 1.75%
iter 2898: loss 94.3296, time 529.87ms, mfu 1.71%
iter 2899: loss 84.4573, time 403.64ms, mfu 1.72%
iter 2900: loss 85.4861, time 514.02ms, mfu 1.68%
  === DIAG iter 2900 ===
  loss breakdown: text 0.2656 | num 17.0441 (lambda=5.0)
  grads: total 1.0000, transformer 0.3444, adapter 0.9259, num_head 0.1555
  nums: 884/3072 tokens (28.8%)
  lr: 6.00e-04
  layer_weights: [L0:0.084 L1:0.084 L2:0.083 L3:0.083 L4:0.083 L5:0.084 L6:0.081 L7:0.081 L8:0.082 L9:0.085 L10:0.085 L11:0.086]
iter 2901: loss 92.9055, time 207.15ms, mfu 1.86%
iter 2902: loss 85.5753, time 481.32ms, mfu 1.82%
iter 2903: loss 96.9601, time 442.57ms, mfu 1.80%
iter 2904: loss 89.7480, time 506.54ms, mfu 1.76%
iter 2905: loss 85.9889, time 505.63ms, mfu 1.73%
iter 2906: loss 89.9943, time 559.82ms, mfu 1.68%
iter 2907: loss 84.0427, time 565.47ms, mfu 1.64%
iter 2908: loss 81.4577, time 400.37ms, mfu 1.65%
iter 2909: loss 83.8143, time 546.93ms, mfu 1.62%
iter 2910: loss 92.2826, time 446.29ms, mfu 1.62%
iter 2911: loss 91.0634, time 338.02ms, mfu 1.66%
iter 2912: loss 87.0190, time 376.05ms, mfu 1.69%
iter 2913: loss 87.1636, time 289.49ms, mfu 1.76%
iter 2914: loss 81.2087, time 372.25ms, mfu 1.78%
iter 2915: loss 78.9854, time 458.22ms, mfu 1.76%
iter 2916: loss 84.4209, time 435.53ms, mfu 1.75%
iter 2917: loss 83.2529, time 440.34ms, mfu 1.73%
iter 2918: loss 86.1749, time 499.19ms, mfu 1.70%
iter 2919: loss 88.6680, time 412.26ms, mfu 1.70%
iter 2920: loss 90.6429, time 531.17ms, mfu 1.67%
iter 2921: loss 87.4382, time 384.38ms, mfu 1.69%
iter 2922: loss 87.7395, time 636.59ms, mfu 1.63%
iter 2923: loss 87.0586, time 471.94ms, mfu 1.62%
iter 2924: loss 94.1272, time 346.50ms, mfu 1.66%
iter 2925: loss 87.3043, time 382.90ms, mfu 1.68%
iter 2926: loss 90.6524, time 357.04ms, mfu 1.71%
iter 2927: loss 87.4646, time 449.16ms, mfu 1.70%
iter 2928: loss 85.9409, time 309.82ms, mfu 1.76%
iter 2929: loss 87.2566, time 426.39ms, mfu 1.75%
iter 2930: loss 92.4679, time 466.19ms, mfu 1.73%
iter 2931: loss 79.9983, time 286.35ms, mfu 1.81%
iter 2932: loss 84.1669, time 430.56ms, mfu 1.79%
iter 2933: loss 89.0539, time 336.28ms, mfu 1.82%
iter 2934: loss 86.1166, time 327.32ms, mfu 1.86%
iter 2935: loss 86.0685, time 520.32ms, mfu 1.81%
iter 2936: loss 86.7426, time 535.33ms, mfu 1.76%
iter 2937: loss 89.4246, time 439.44ms, mfu 1.75%
iter 2938: loss 80.5961, time 442.79ms, mfu 1.73%
iter 2939: loss 89.1373, time 548.28ms, mfu 1.69%
iter 2940: loss 88.0812, time 450.37ms, mfu 1.68%
iter 2941: loss 87.4222, time 433.41ms, mfu 1.68%
iter 2942: loss 91.4229, time 535.38ms, mfu 1.64%
iter 2943: loss 91.2215, time 435.51ms, mfu 1.64%
iter 2944: loss 97.2187, time 440.99ms, mfu 1.64%
iter 2945: loss 87.6935, time 554.82ms, mfu 1.60%
iter 2946: loss 89.8620, time 274.56ms, mfu 1.70%
iter 2947: loss 94.4746, time 365.49ms, mfu 1.73%
iter 2948: loss 89.3760, time 390.84ms, mfu 1.74%
iter 2949: loss 91.5660, time 417.53ms, mfu 1.73%
iter 2950: loss 92.3203, time 487.46ms, mfu 1.71%
iter 2951: loss 76.6853, time 405.55ms, mfu 1.71%
iter 2952: loss 86.1914, time 302.88ms, mfu 1.78%
iter 2953: loss 83.7607, time 524.96ms, mfu 1.73%
iter 2954: loss 77.1716, time 354.66ms, mfu 1.76%
iter 2955: loss 90.8211, time 380.50ms, mfu 1.77%
iter 2956: loss 91.6486, time 348.15ms, mfu 1.80%
iter 2957: loss 81.3425, time 442.39ms, mfu 1.78%
iter 2958: loss 86.7196, time 413.90ms, mfu 1.78%
iter 2959: loss 92.5955, time 310.35ms, mfu 1.83%
iter 2960: loss 93.6176, time 404.81ms, mfu 1.82%
iter 2961: loss 93.5508, time 397.11ms, mfu 1.82%
iter 2962: loss 86.7762, time 469.73ms, mfu 1.79%
iter 2963: loss 85.6330, time 440.57ms, mfu 1.77%
iter 2964: loss 83.1041, time 448.07ms, mfu 1.75%
iter 2965: loss 86.1542, time 471.56ms, mfu 1.73%
iter 2966: loss 81.1863, time 468.22ms, mfu 1.71%
iter 2967: loss 94.1761, time 320.24ms, mfu 1.76%
iter 2968: loss 87.1578, time 464.18ms, mfu 1.74%
iter 2969: loss 82.4490, time 475.79ms, mfu 1.71%
iter 2970: loss 85.6567, time 379.91ms, mfu 1.73%
iter 2971: loss 83.3073, time 422.36ms, mfu 1.73%
iter 2972: loss 88.8159, time 440.77ms, mfu 1.71%
iter 2973: loss 93.5461, time 280.52ms, mfu 1.80%
iter 2974: loss 84.8923, time 678.80ms, mfu 1.72%
iter 2975: loss 78.5484, time 399.79ms, mfu 1.73%
iter 2976: loss 90.4564, time 356.71ms, mfu 1.76%
iter 2977: loss 92.0063, time 299.87ms, mfu 1.82%
iter 2978: loss 87.8651, time 542.78ms, mfu 1.77%
iter 2979: loss 78.4313, time 478.61ms, mfu 1.74%
iter 2980: loss 96.2744, time 485.64ms, mfu 1.71%
iter 2981: loss 86.3673, time 517.83ms, mfu 1.68%
iter 2982: loss 88.9579, time 427.35ms, mfu 1.68%
iter 2983: loss 92.9830, time 328.95ms, mfu 1.73%
iter 2984: loss 83.2580, time 426.60ms, mfu 1.72%
iter 2985: loss 93.5562, time 434.33ms, mfu 1.71%
iter 2986: loss 86.7444, time 486.21ms, mfu 1.69%
iter 2987: loss 92.2253, time 336.66ms, mfu 1.73%
iter 2988: loss 92.9331, time 381.25ms, mfu 1.74%
iter 2989: loss 92.0853, time 515.73ms, mfu 1.71%
iter 2990: loss 88.2517, time 506.65ms, mfu 1.68%
iter 2991: loss 88.2789, time 442.77ms, mfu 1.67%
iter 2992: loss 85.4718, time 333.40ms, mfu 1.72%
iter 2993: loss 86.4564, time 518.44ms, mfu 1.68%
iter 2994: loss 89.4146, time 351.54ms, mfu 1.72%
iter 2995: loss 89.1514, time 400.83ms, mfu 1.72%
iter 2996: loss 91.2362, time 435.36ms, mfu 1.72%
iter 2997: loss 99.8133, time 488.13ms, mfu 1.69%
iter 2998: loss 85.7242, time 453.06ms, mfu 1.68%
iter 2999: loss 88.5377, time 256.93ms, mfu 1.79%
iter 3000: loss 89.1829, time 773.74ms, mfu 1.70%
  === DIAG iter 3000 ===
  loss breakdown: text 0.2514 | num 17.7863 (lambda=5.0)
  grads: total 1.0000, transformer 0.4142, adapter 0.8645, num_head 0.2847
  nums: 873/3072 tokens (28.4%)
  lr: 5.99e-04
  layer_weights: [L0:0.084 L1:0.084 L2:0.083 L3:0.084 L4:0.083 L5:0.084 L6:0.081 L7:0.080 L8:0.081 L9:0.085 L10:0.085 L11:0.086]
iter 3001: loss 85.6737, time 247.32ms, mfu 1.82%
iter 3002: loss 92.5704, time 501.29ms, mfu 1.78%
iter 3003: loss 85.4451, time 447.61ms, mfu 1.76%
iter 3004: loss 82.2762, time 351.37ms, mfu 1.79%
iter 3005: loss 81.7544, time 403.72ms, mfu 1.79%
iter 3006: loss 80.1488, time 516.81ms, mfu 1.74%
iter 3007: loss 90.3898, time 385.78ms, mfu 1.75%
iter 3008: loss 78.3671, time 468.32ms, mfu 1.73%
iter 3009: loss 87.7100, time 403.39ms, mfu 1.73%
iter 3010: loss 81.6707, time 276.54ms, mfu 1.82%
iter 3011: loss 91.1175, time 362.83ms, mfu 1.83%
iter 3012: loss 80.0799, time 484.42ms, mfu 1.80%
iter 3013: loss 86.0094, time 308.89ms, mfu 1.85%
iter 3014: loss 87.5134, time 472.22ms, mfu 1.81%
iter 3015: loss 85.9750, time 324.30ms, mfu 1.85%
iter 3016: loss 89.9809, time 435.71ms, mfu 1.83%
iter 3017: loss 85.7584, time 446.23ms, mfu 1.81%
iter 3018: loss 81.4847, time 373.07ms, mfu 1.82%
iter 3019: loss 87.3842, time 417.45ms, mfu 1.81%
iter 3020: loss 86.4690, time 410.28ms, mfu 1.80%
iter 3021: loss 93.1804, time 307.31ms, mfu 1.85%
iter 3022: loss 91.5829, time 479.58ms, mfu 1.82%
iter 3023: loss 82.6259, time 503.02ms, mfu 1.78%
iter 3024: loss 92.1483, time 346.71ms, mfu 1.80%
iter 3025: loss 84.1220, time 408.64ms, mfu 1.80%
iter 3026: loss 87.7443, time 412.26ms, mfu 1.79%
iter 3027: loss 85.5359, time 432.81ms, mfu 1.78%
iter 3028: loss 93.6030, time 367.02ms, mfu 1.79%
iter 3029: loss 82.9551, time 468.35ms, mfu 1.77%
iter 3030: loss 88.4045, time 401.80ms, mfu 1.77%
iter 3031: loss 88.4740, time 392.32ms, mfu 1.77%
iter 3032: loss 91.9355, time 395.27ms, mfu 1.77%
iter 3033: loss 80.8501, time 349.58ms, mfu 1.80%
iter 3034: loss 86.2516, time 524.44ms, mfu 1.76%
iter 3035: loss 88.1822, time 338.13ms, mfu 1.79%
iter 3036: loss 84.2240, time 462.22ms, mfu 1.77%
iter 3037: loss 90.6260, time 392.78ms, mfu 1.77%
iter 3038: loss 95.0587, time 383.62ms, mfu 1.78%
iter 3039: loss 82.8415, time 623.02ms, mfu 1.72%
iter 3040: loss 93.3381, time 325.80ms, mfu 1.76%
iter 3041: loss 94.2755, time 431.10ms, mfu 1.75%
iter 3042: loss 84.1412, time 479.10ms, mfu 1.73%
iter 3043: loss 91.2266, time 320.34ms, mfu 1.78%
iter 3044: loss 80.0055, time 427.02ms, mfu 1.77%
iter 3045: loss 87.7523, time 558.35ms, mfu 1.72%
iter 3046: loss 86.9293, time 360.83ms, mfu 1.74%
iter 3047: loss 77.3427, time 439.57ms, mfu 1.73%
iter 3048: loss 91.1166, time 504.67ms, mfu 1.70%
iter 3049: loss 86.1608, time 520.72ms, mfu 1.67%
iter 3050: loss 86.2131, time 331.38ms, mfu 1.71%
iter 3051: loss 82.3034, time 399.52ms, mfu 1.72%
iter 3052: loss 95.5964, time 383.26ms, mfu 1.73%
iter 3053: loss 90.9915, time 390.52ms, mfu 1.74%
iter 3054: loss 83.7456, time 412.96ms, mfu 1.74%
iter 3055: loss 91.4367, time 422.71ms, mfu 1.74%
iter 3056: loss 82.6257, time 486.39ms, mfu 1.71%
iter 3057: loss 92.6049, time 378.62ms, mfu 1.73%
iter 3058: loss 81.4770, time 560.88ms, mfu 1.68%
iter 3059: loss 89.2839, time 418.21ms, mfu 1.68%
iter 3060: loss 80.1818, time 436.58ms, mfu 1.68%
iter 3061: loss 87.7521, time 368.85ms, mfu 1.70%
iter 3062: loss 85.8309, time 478.69ms, mfu 1.68%
iter 3063: loss 82.4166, time 472.72ms, mfu 1.66%
iter 3064: loss 86.1578, time 414.97ms, mfu 1.67%
iter 3065: loss 91.6358, time 511.12ms, mfu 1.64%
iter 3066: loss 83.5433, time 343.70ms, mfu 1.69%
iter 3067: loss 90.4809, time 487.14ms, mfu 1.66%
iter 3068: loss 86.4137, time 448.59ms, mfu 1.66%
iter 3069: loss 86.9635, time 442.66ms, mfu 1.65%
iter 3070: loss 86.4414, time 486.30ms, mfu 1.63%
iter 3071: loss 86.3425, time 345.19ms, mfu 1.68%
iter 3072: loss 79.0827, time 364.58ms, mfu 1.70%
iter 3073: loss 94.3504, time 390.49ms, mfu 1.72%
iter 3074: loss 80.2963, time 368.23ms, mfu 1.74%
iter 3075: loss 89.7998, time 411.90ms, mfu 1.74%
iter 3076: loss 78.5363, time 331.66ms, mfu 1.78%
iter 3077: loss 88.0582, time 449.15ms, mfu 1.76%
iter 3078: loss 87.8540, time 612.44ms, mfu 1.70%
iter 3079: loss 76.2322, time 268.72ms, mfu 1.79%
iter 3080: loss 80.6286, time 521.65ms, mfu 1.75%
iter 3081: loss 86.1704, time 291.75ms, mfu 1.82%
iter 3082: loss 80.1353, time 417.96ms, mfu 1.81%
iter 3083: loss 89.6801, time 279.12ms, mfu 1.88%
iter 3084: loss 94.0874, time 433.66ms, mfu 1.86%
iter 3085: loss 77.0731, time 465.08ms, mfu 1.83%
iter 3086: loss 84.6265, time 290.03ms, mfu 1.89%
iter 3087: loss 78.6602, time 560.81ms, mfu 1.83%
iter 3088: loss 88.7606, time 314.41ms, mfu 1.87%
iter 3089: loss 80.7000, time 404.23ms, mfu 1.86%
iter 3090: loss 88.2196, time 321.85ms, mfu 1.90%
iter 3091: loss 90.2705, time 584.05ms, mfu 1.83%
iter 3092: loss 88.5958, time 336.99ms, mfu 1.86%
iter 3093: loss 81.3797, time 410.16ms, mfu 1.85%
iter 3094: loss 87.4938, time 622.31ms, mfu 1.78%
iter 3095: loss 81.8783, time 379.54ms, mfu 1.79%
iter 3096: loss 85.2258, time 376.96ms, mfu 1.80%
iter 3097: loss 92.1006, time 388.73ms, mfu 1.80%
iter 3098: loss 82.8926, time 234.01ms, mfu 1.92%
iter 3099: loss 88.9878, time 539.33ms, mfu 1.86%
iter 3100: loss 88.3253, time 654.86ms, mfu 1.79%
  === DIAG iter 3100 ===
  loss breakdown: text 0.2404 | num 17.6170 (lambda=5.0)
  grads: total 1.0000, transformer 0.2491, adapter 0.9461, num_head 0.2070
  nums: 916/3072 tokens (29.8%)
  lr: 5.99e-04
  layer_weights: [L0:0.084 L1:0.084 L2:0.083 L3:0.084 L4:0.083 L5:0.084 L6:0.081 L7:0.080 L8:0.081 L9:0.085 L10:0.085 L11:0.086]
iter 3101: loss 89.8853, time 260.10ms, mfu 1.88%
iter 3102: loss 92.5084, time 261.37ms, mfu 1.97%
iter 3103: loss 93.2331, time 518.50ms, mfu 1.91%
iter 3104: loss 81.6379, time 272.97ms, mfu 1.98%
iter 3105: loss 94.0765, time 480.78ms, mfu 1.93%
iter 3106: loss 86.3461, time 291.12ms, mfu 1.98%
iter 3107: loss 81.1266, time 450.98ms, mfu 1.94%
iter 3108: loss 85.6776, time 500.53ms, mfu 1.89%
iter 3109: loss 87.4879, time 472.50ms, mfu 1.85%
iter 3110: loss 79.7330, time 471.22ms, mfu 1.82%
iter 3111: loss 85.8825, time 369.87ms, mfu 1.83%
iter 3112: loss 86.5684, time 540.92ms, mfu 1.78%
iter 3113: loss 86.1466, time 378.07ms, mfu 1.79%
iter 3114: loss 88.0905, time 419.75ms, mfu 1.78%
iter 3115: loss 83.9424, time 459.91ms, mfu 1.76%
iter 3116: loss 85.1499, time 366.34ms, mfu 1.77%
iter 3117: loss 87.4234, time 514.99ms, mfu 1.74%
iter 3118: loss 85.2605, time 426.51ms, mfu 1.73%
iter 3119: loss 78.4073, time 520.36ms, mfu 1.69%
iter 3120: loss 87.0812, time 403.49ms, mfu 1.70%
iter 3121: loss 85.1320, time 388.23ms, mfu 1.71%
iter 3122: loss 88.4906, time 503.64ms, mfu 1.68%
iter 3123: loss 90.0606, time 423.93ms, mfu 1.68%
iter 3124: loss 88.0155, time 385.29ms, mfu 1.70%
iter 3125: loss 82.1726, time 448.24ms, mfu 1.69%
iter 3126: loss 88.3005, time 358.83ms, mfu 1.72%
iter 3127: loss 83.5252, time 463.31ms, mfu 1.70%
iter 3128: loss 83.9870, time 497.06ms, mfu 1.67%
iter 3129: loss 91.0279, time 395.09ms, mfu 1.69%
iter 3130: loss 93.9315, time 322.46ms, mfu 1.74%
iter 3131: loss 80.3059, time 416.26ms, mfu 1.74%
iter 3132: loss 93.3932, time 402.83ms, mfu 1.74%
iter 3133: loss 91.0802, time 509.16ms, mfu 1.71%
iter 3134: loss 90.1802, time 364.42ms, mfu 1.73%
iter 3135: loss 82.1580, time 514.01ms, mfu 1.70%
iter 3136: loss 85.8617, time 688.43ms, mfu 1.63%
iter 3137: loss 91.6987, time 331.31ms, mfu 1.68%
iter 3138: loss 84.5019, time 396.60ms, mfu 1.69%
iter 3139: loss 87.1325, time 342.23ms, mfu 1.73%
iter 3140: loss 88.3159, time 509.46ms, mfu 1.70%
iter 3141: loss 87.4726, time 556.82ms, mfu 1.66%
iter 3142: loss 87.0457, time 375.93ms, mfu 1.68%
iter 3143: loss 92.9107, time 399.62ms, mfu 1.69%
iter 3144: loss 77.8818, time 351.38ms, mfu 1.72%
iter 3145: loss 92.6456, time 436.96ms, mfu 1.72%
iter 3146: loss 85.3226, time 531.25ms, mfu 1.68%
iter 3147: loss 86.7384, time 321.90ms, mfu 1.73%
iter 3148: loss 81.4125, time 409.82ms, mfu 1.73%
iter 3149: loss 91.8066, time 526.28ms, mfu 1.69%
iter 3150: loss 91.8943, time 542.40ms, mfu 1.66%
iter 3151: loss 85.0848, time 642.00ms, mfu 1.60%
iter 3152: loss 85.2906, time 387.27ms, mfu 1.63%
iter 3153: loss 84.2026, time 357.19ms, mfu 1.66%
iter 3154: loss 77.2832, time 322.78ms, mfu 1.72%
iter 3155: loss 85.4369, time 389.86ms, mfu 1.73%
iter 3156: loss 91.8892, time 323.54ms, mfu 1.78%
iter 3157: loss 87.3728, time 621.71ms, mfu 1.71%
iter 3158: loss 87.2398, time 521.31ms, mfu 1.68%
iter 3159: loss 82.4621, time 314.15ms, mfu 1.74%
iter 3160: loss 89.7302, time 449.87ms, mfu 1.72%
iter 3161: loss 92.1637, time 326.18ms, mfu 1.77%
iter 3162: loss 85.4357, time 336.75ms, mfu 1.80%
iter 3163: loss 85.5127, time 408.44ms, mfu 1.80%
iter 3164: loss 87.4955, time 455.59ms, mfu 1.77%
iter 3165: loss 88.5542, time 448.91ms, mfu 1.76%
iter 3166: loss 90.0164, time 253.51ms, mfu 1.86%
iter 3167: loss 91.3647, time 486.20ms, mfu 1.82%
iter 3168: loss 94.3085, time 302.09ms, mfu 1.88%
iter 3169: loss 75.2313, time 344.69ms, mfu 1.89%
iter 3170: loss 90.2989, time 553.84ms, mfu 1.83%
iter 3171: loss 82.6783, time 433.60ms, mfu 1.81%
iter 3172: loss 86.9420, time 584.68ms, mfu 1.75%
iter 3173: loss 81.5193, time 479.13ms, mfu 1.73%
iter 3174: loss 88.7545, time 482.78ms, mfu 1.70%
iter 3175: loss 92.7294, time 332.59ms, mfu 1.75%
iter 3176: loss 93.3674, time 449.58ms, mfu 1.73%
iter 3177: loss 90.3526, time 341.13ms, mfu 1.77%
iter 3178: loss 87.0976, time 328.71ms, mfu 1.81%
iter 3179: loss 76.9966, time 493.48ms, mfu 1.77%
iter 3180: loss 91.4027, time 308.41ms, mfu 1.82%
iter 3181: loss 93.2582, time 348.87ms, mfu 1.85%
iter 3182: loss 77.8525, time 579.98ms, mfu 1.78%
iter 3183: loss 81.6394, time 400.29ms, mfu 1.78%
iter 3184: loss 94.6802, time 453.27ms, mfu 1.76%
iter 3185: loss 80.6116, time 480.21ms, mfu 1.73%
iter 3186: loss 94.7419, time 387.41ms, mfu 1.75%
iter 3187: loss 83.3226, time 494.79ms, mfu 1.71%
iter 3188: loss 88.8585, time 302.73ms, mfu 1.78%
iter 3189: loss 89.5296, time 567.12ms, mfu 1.73%
iter 3190: loss 80.5236, time 460.80ms, mfu 1.71%
iter 3191: loss 80.1674, time 399.01ms, mfu 1.72%
iter 3192: loss 84.1693, time 384.37ms, mfu 1.73%
iter 3193: loss 80.2391, time 336.56ms, mfu 1.77%
iter 3194: loss 92.0591, time 423.15ms, mfu 1.76%
iter 3195: loss 84.7894, time 468.53ms, mfu 1.74%
iter 3196: loss 87.7638, time 361.61ms, mfu 1.76%
iter 3197: loss 82.7742, time 448.08ms, mfu 1.74%
iter 3198: loss 91.6463, time 534.62ms, mfu 1.70%
iter 3199: loss 91.1024, time 481.95ms, mfu 1.68%
iter 3200: loss 84.0526, time 563.68ms, mfu 1.64%
  === DIAG iter 3200 ===
  loss breakdown: text 0.2347 | num 16.7636 (lambda=5.0)
  grads: total 1.0000, transformer 0.3509, adapter 0.9324, num_head 0.0862
  nums: 871/3072 tokens (28.4%)
  lr: 5.99e-04
  layer_weights: [L0:0.084 L1:0.084 L2:0.084 L3:0.084 L4:0.083 L5:0.084 L6:0.081 L7:0.080 L8:0.081 L9:0.085 L10:0.085 L11:0.086]
iter 3201: loss 85.6868, time 221.21ms, mfu 1.80%
iter 3202: loss 89.4538, time 481.04ms, mfu 1.76%
iter 3203: loss 80.6384, time 478.06ms, mfu 1.74%
iter 3204: loss 79.5791, time 590.63ms, mfu 1.68%
iter 3205: loss 86.4478, time 354.48ms, mfu 1.72%
iter 3206: loss 83.7747, time 545.88ms, mfu 1.68%
iter 3207: loss 83.7696, time 371.02ms, mfu 1.70%
iter 3208: loss 90.0581, time 410.81ms, mfu 1.70%
iter 3209: loss 82.6212, time 495.46ms, mfu 1.68%
iter 3210: loss 86.9340, time 455.07ms, mfu 1.67%
iter 3211: loss 86.4679, time 361.93ms, mfu 1.70%
iter 3212: loss 96.0139, time 539.84ms, mfu 1.66%
iter 3213: loss 89.6807, time 468.46ms, mfu 1.64%
iter 3214: loss 84.5697, time 423.03ms, mfu 1.65%
iter 3215: loss 90.2101, time 354.94ms, mfu 1.68%
iter 3216: loss 90.6182, time 386.62ms, mfu 1.70%
iter 3217: loss 90.0767, time 342.31ms, mfu 1.74%
iter 3218: loss 88.9075, time 549.95ms, mfu 1.69%
iter 3219: loss 92.9435, time 415.74ms, mfu 1.70%
iter 3220: loss 87.4922, time 439.47ms, mfu 1.69%
iter 3221: loss 96.2484, time 399.30ms, mfu 1.70%
iter 3222: loss 86.1318, time 338.57ms, mfu 1.74%
iter 3223: loss 92.6443, time 317.22ms, mfu 1.79%
iter 3224: loss 83.4894, time 457.33ms, mfu 1.77%
iter 3225: loss 91.2815, time 313.26ms, mfu 1.82%
iter 3226: loss 84.2313, time 558.36ms, mfu 1.76%
iter 3227: loss 86.8682, time 421.58ms, mfu 1.76%
iter 3228: loss 93.0354, time 464.21ms, mfu 1.73%
iter 3229: loss 90.0803, time 336.56ms, mfu 1.77%
iter 3230: loss 87.1885, time 523.71ms, mfu 1.73%
iter 3231: loss 84.8324, time 491.90ms, mfu 1.70%
iter 3232: loss 91.3787, time 326.10ms, mfu 1.75%
iter 3233: loss 87.3972, time 443.39ms, mfu 1.74%
iter 3234: loss 95.1430, time 397.35ms, mfu 1.74%
iter 3235: loss 88.5197, time 473.24ms, mfu 1.72%
iter 3236: loss 91.1970, time 401.97ms, mfu 1.72%
iter 3237: loss 85.3445, time 344.07ms, mfu 1.76%
iter 3238: loss 91.5425, time 527.20ms, mfu 1.72%
iter 3239: loss 87.0920, time 270.13ms, mfu 1.81%
iter 3240: loss 87.0553, time 408.29ms, mfu 1.80%
iter 3241: loss 89.6048, time 452.29ms, mfu 1.78%
iter 3242: loss 89.3648, time 514.36ms, mfu 1.74%
iter 3243: loss 94.2597, time 404.18ms, mfu 1.74%
iter 3244: loss 82.2458, time 285.93ms, mfu 1.82%
iter 3245: loss 86.8507, time 418.22ms, mfu 1.81%
iter 3246: loss 84.8149, time 361.80ms, mfu 1.82%
iter 3247: loss 83.4928, time 595.06ms, mfu 1.76%
iter 3248: loss 89.2105, time 485.81ms, mfu 1.73%
iter 3249: loss 92.6166, time 366.12ms, mfu 1.75%
iter 3250: loss 91.5668, time 541.46ms, mfu 1.71%
iter 3251: loss 87.5749, time 474.32ms, mfu 1.69%
iter 3252: loss 92.1803, time 264.10ms, mfu 1.79%
iter 3253: loss 86.4238, time 515.16ms, mfu 1.75%
iter 3254: loss 84.8524, time 355.67ms, mfu 1.77%
iter 3255: loss 91.8155, time 455.10ms, mfu 1.75%
iter 3256: loss 87.0088, time 442.12ms, mfu 1.74%
iter 3257: loss 89.0999, time 307.20ms, mfu 1.80%
iter 3258: loss 91.2352, time 452.83ms, mfu 1.77%
iter 3259: loss 78.8957, time 549.11ms, mfu 1.73%
iter 3260: loss 86.8734, time 344.83ms, mfu 1.76%
iter 3261: loss 83.8289, time 488.36ms, mfu 1.73%
iter 3262: loss 84.8791, time 360.63ms, mfu 1.76%
iter 3263: loss 87.3507, time 494.06ms, mfu 1.72%
iter 3264: loss 103.1213, time 389.00ms, mfu 1.73%
iter 3265: loss 81.7059, time 534.81ms, mfu 1.69%
iter 3266: loss 90.4010, time 579.07ms, mfu 1.65%
iter 3267: loss 85.9357, time 367.63ms, mfu 1.68%
iter 3268: loss 91.1503, time 579.68ms, mfu 1.63%
iter 3269: loss 88.5306, time 351.59ms, mfu 1.67%
iter 3270: loss 85.9741, time 490.38ms, mfu 1.65%
iter 3271: loss 91.8178, time 460.60ms, mfu 1.64%
iter 3272: loss 91.6333, time 351.42ms, mfu 1.68%
iter 3273: loss 79.5223, time 348.64ms, mfu 1.72%
iter 3274: loss 83.3139, time 326.31ms, mfu 1.76%
iter 3275: loss 98.2131, time 510.01ms, mfu 1.73%
iter 3276: loss 85.9534, time 394.37ms, mfu 1.73%
iter 3277: loss 85.2015, time 323.02ms, mfu 1.78%
iter 3278: loss 87.5645, time 461.61ms, mfu 1.76%
iter 3279: loss 81.5349, time 352.20ms, mfu 1.78%
iter 3280: loss 82.4327, time 473.20ms, mfu 1.76%
iter 3281: loss 84.0763, time 380.79ms, mfu 1.77%
iter 3282: loss 87.4875, time 421.62ms, mfu 1.76%
iter 3283: loss 84.0357, time 454.91ms, mfu 1.74%
iter 3284: loss 85.0975, time 479.77ms, mfu 1.71%
iter 3285: loss 87.6147, time 467.53ms, mfu 1.70%
iter 3286: loss 85.7424, time 524.90ms, mfu 1.66%
iter 3287: loss 80.8912, time 475.82ms, mfu 1.65%
iter 3288: loss 82.1716, time 384.77ms, mfu 1.67%
iter 3289: loss 84.7199, time 447.24ms, mfu 1.66%
iter 3290: loss 87.1503, time 615.72ms, mfu 1.61%
iter 3291: loss 85.7693, time 508.23ms, mfu 1.59%
iter 3292: loss 85.3437, time 315.31ms, mfu 1.66%
iter 3293: loss 84.8688, time 339.77ms, mfu 1.70%
iter 3294: loss 86.7514, time 487.72ms, mfu 1.68%
iter 3295: loss 86.1916, time 416.06ms, mfu 1.68%
iter 3296: loss 86.7738, time 486.52ms, mfu 1.66%
iter 3297: loss 85.0548, time 482.06ms, mfu 1.64%
iter 3298: loss 90.1451, time 450.68ms, mfu 1.63%
iter 3299: loss 92.0726, time 392.32ms, mfu 1.65%
iter 3300: loss 88.9827, time 536.32ms, mfu 1.62%
  === DIAG iter 3300 ===
  loss breakdown: text 0.2330 | num 17.7499 (lambda=5.0)
  grads: total 1.0000, transformer 0.2907, adapter 0.8909, num_head 0.3490
  nums: 886/3072 tokens (28.8%)
  lr: 5.99e-04
  layer_weights: [L0:0.085 L1:0.084 L2:0.084 L3:0.084 L4:0.083 L5:0.084 L6:0.081 L7:0.080 L8:0.081 L9:0.085 L10:0.085 L11:0.086]
iter 3301: loss 82.4391, time 270.63ms, mfu 1.72%
iter 3302: loss 90.7622, time 444.41ms, mfu 1.71%
iter 3303: loss 95.4669, time 397.54ms, mfu 1.72%
iter 3304: loss 83.6428, time 566.25ms, mfu 1.67%
iter 3305: loss 88.9776, time 349.55ms, mfu 1.71%
iter 3306: loss 95.0099, time 333.06ms, mfu 1.75%
iter 3307: loss 93.0235, time 527.87ms, mfu 1.71%
iter 3308: loss 85.9111, time 393.00ms, mfu 1.72%
iter 3309: loss 91.9200, time 551.92ms, mfu 1.68%
iter 3310: loss 85.5513, time 594.76ms, mfu 1.63%
iter 3311: loss 81.6984, time 419.56ms, mfu 1.64%
iter 3312: loss 82.6869, time 391.96ms, mfu 1.66%
iter 3313: loss 83.6647, time 324.39ms, mfu 1.71%
iter 3314: loss 78.8131, time 508.74ms, mfu 1.68%
iter 3315: loss 90.0289, time 278.45ms, mfu 1.77%
iter 3316: loss 89.8970, time 417.85ms, mfu 1.76%
iter 3317: loss 82.7588, time 397.93ms, mfu 1.76%
iter 3318: loss 83.5166, time 447.88ms, mfu 1.75%
iter 3319: loss 89.8274, time 374.26ms, mfu 1.76%
iter 3320: loss 82.0593, time 408.96ms, mfu 1.76%
iter 3321: loss 88.4819, time 428.99ms, mfu 1.75%
iter 3322: loss 85.4171, time 561.64ms, mfu 1.70%
iter 3323: loss 92.6503, time 341.67ms, mfu 1.74%
iter 3324: loss 85.6594, time 453.92ms, mfu 1.72%
iter 3325: loss 82.7183, time 373.30ms, mfu 1.74%
iter 3326: loss 84.8164, time 489.63ms, mfu 1.71%
iter 3327: loss 86.7667, time 427.66ms, mfu 1.71%
iter 3328: loss 79.1551, time 405.31ms, mfu 1.71%
iter 3329: loss 81.3557, time 400.26ms, mfu 1.72%
iter 3330: loss 91.8568, time 564.04ms, mfu 1.67%
iter 3331: loss 92.7402, time 380.38ms, mfu 1.69%
iter 3332: loss 87.7254, time 402.57ms, mfu 1.70%
iter 3333: loss 86.3234, time 294.24ms, mfu 1.77%
iter 3334: loss 90.6878, time 400.22ms, mfu 1.77%
iter 3335: loss 80.7475, time 481.66ms, mfu 1.75%
iter 3336: loss 94.0215, time 476.53ms, mfu 1.72%
iter 3337: loss 83.3133, time 497.90ms, mfu 1.69%
iter 3338: loss 86.9588, time 381.01ms, mfu 1.71%
iter 3339: loss 83.9074, time 338.70ms, mfu 1.75%
iter 3340: loss 90.3933, time 475.19ms, mfu 1.72%
iter 3341: loss 81.0545, time 370.03ms, mfu 1.74%
iter 3342: loss 81.1971, time 333.73ms, mfu 1.78%
iter 3343: loss 93.3153, time 465.39ms, mfu 1.76%
iter 3344: loss 80.5249, time 471.57ms, mfu 1.73%
iter 3345: loss 87.2969, time 280.34ms, mfu 1.81%
iter 3346: loss 90.1178, time 326.27ms, mfu 1.85%
iter 3347: loss 89.0383, time 456.55ms, mfu 1.82%
iter 3348: loss 81.1236, time 340.53ms, mfu 1.85%
iter 3349: loss 89.5134, time 443.94ms, mfu 1.82%
iter 3350: loss 84.7714, time 513.52ms, mfu 1.78%
iter 3351: loss 93.1870, time 429.08ms, mfu 1.77%
iter 3352: loss 81.0286, time 435.34ms, mfu 1.76%
iter 3353: loss 85.1195, time 442.79ms, mfu 1.74%
iter 3354: loss 97.1974, time 548.07ms, mfu 1.70%
iter 3355: loss 87.0594, time 383.77ms, mfu 1.71%
iter 3356: loss 79.8932, time 478.03ms, mfu 1.69%
iter 3357: loss 84.1433, time 467.11ms, mfu 1.67%
iter 3358: loss 80.3835, time 551.74ms, mfu 1.64%
iter 3359: loss 90.6315, time 407.47ms, mfu 1.65%
iter 3360: loss 78.6712, time 339.92ms, mfu 1.69%
iter 3361: loss 92.7880, time 424.68ms, mfu 1.69%
iter 3362: loss 84.6609, time 412.86ms, mfu 1.69%
iter 3363: loss 88.3857, time 449.63ms, mfu 1.68%
iter 3364: loss 85.5359, time 444.43ms, mfu 1.68%
iter 3365: loss 85.8733, time 335.19ms, mfu 1.72%
iter 3366: loss 86.2533, time 533.15ms, mfu 1.68%
iter 3367: loss 88.6433, time 243.11ms, mfu 1.81%
iter 3368: loss 85.9448, time 582.74ms, mfu 1.75%
iter 3369: loss 87.9688, time 364.76ms, mfu 1.77%
iter 3370: loss 87.2777, time 475.12ms, mfu 1.74%
iter 3371: loss 74.7029, time 497.91ms, mfu 1.71%
iter 3372: loss 85.5130, time 369.40ms, mfu 1.73%
iter 3373: loss 93.5318, time 396.63ms, mfu 1.74%
iter 3374: loss 91.4409, time 354.04ms, mfu 1.77%
iter 3375: loss 87.3751, time 575.91ms, mfu 1.71%
iter 3376: loss 91.8190, time 393.40ms, mfu 1.72%
iter 3377: loss 89.8605, time 468.29ms, mfu 1.70%
iter 3378: loss 81.7988, time 364.43ms, mfu 1.73%
iter 3379: loss 82.7954, time 590.19ms, mfu 1.68%
iter 3380: loss 80.6920, time 308.20ms, mfu 1.74%
iter 3381: loss 94.8909, time 291.81ms, mfu 1.81%
iter 3382: loss 79.9246, time 290.12ms, mfu 1.87%
iter 3383: loss 95.7233, time 393.19ms, mfu 1.87%
iter 3384: loss 85.9926, time 404.04ms, mfu 1.86%
iter 3385: loss 92.0949, time 369.35ms, mfu 1.87%
iter 3386: loss 82.3367, time 381.23ms, mfu 1.87%
iter 3387: loss 93.3119, time 361.20ms, mfu 1.88%
iter 3388: loss 84.3283, time 494.50ms, mfu 1.83%
iter 3389: loss 87.6850, time 531.03ms, mfu 1.78%
iter 3390: loss 88.4215, time 393.82ms, mfu 1.79%
iter 3391: loss 83.3269, time 396.10ms, mfu 1.79%
iter 3392: loss 85.8443, time 330.10ms, mfu 1.82%
iter 3393: loss 88.7415, time 265.61ms, mfu 1.91%
iter 3394: loss 86.7090, time 580.60ms, mfu 1.84%
iter 3395: loss 93.8577, time 502.27ms, mfu 1.80%
iter 3396: loss 85.6404, time 564.99ms, mfu 1.75%
iter 3397: loss 93.2098, time 420.15ms, mfu 1.74%
iter 3398: loss 85.2350, time 506.05ms, mfu 1.71%
iter 3399: loss 94.7496, time 430.37ms, mfu 1.70%
iter 3400: loss 86.7942, time 451.84ms, mfu 1.69%
  === DIAG iter 3400 ===
  loss breakdown: text 0.2401 | num 17.3108 (lambda=5.0)
  grads: total 1.0000, transformer 0.4654, adapter 0.5354, num_head 0.7048
  nums: 860/3072 tokens (28.0%)
  lr: 5.99e-04
  layer_weights: [L0:0.085 L1:0.084 L2:0.084 L3:0.084 L4:0.083 L5:0.084 L6:0.081 L7:0.079 L8:0.080 L9:0.085 L10:0.085 L11:0.086]
iter 3401: loss 90.2965, time 268.16ms, mfu 1.79%
iter 3402: loss 92.8405, time 551.52ms, mfu 1.74%
iter 3403: loss 83.0473, time 350.93ms, mfu 1.77%
iter 3404: loss 91.6315, time 427.68ms, mfu 1.76%
iter 3405: loss 87.9519, time 390.86ms, mfu 1.76%
iter 3406: loss 84.3723, time 476.43ms, mfu 1.74%
iter 3407: loss 83.4963, time 386.99ms, mfu 1.75%
iter 3408: loss 76.9357, time 497.40ms, mfu 1.72%
iter 3409: loss 92.6050, time 375.21ms, mfu 1.73%
iter 3410: loss 90.4882, time 291.56ms, mfu 1.80%
iter 3411: loss 79.7715, time 410.40ms, mfu 1.80%
iter 3412: loss 93.6552, time 392.07ms, mfu 1.80%
iter 3413: loss 86.7287, time 461.16ms, mfu 1.77%
iter 3414: loss 86.1901, time 387.08ms, mfu 1.78%
iter 3415: loss 83.7341, time 263.83ms, mfu 1.87%
iter 3416: loss 82.7665, time 500.25ms, mfu 1.83%
iter 3417: loss 81.1226, time 499.10ms, mfu 1.79%
iter 3418: loss 86.8957, time 417.28ms, mfu 1.78%
iter 3419: loss 85.7390, time 530.20ms, mfu 1.74%
iter 3420: loss 80.1834, time 421.14ms, mfu 1.73%
iter 3421: loss 78.2811, time 384.22ms, mfu 1.74%
iter 3422: loss 81.4178, time 294.99ms, mfu 1.81%
iter 3423: loss 87.0837, time 551.16ms, mfu 1.76%
iter 3424: loss 85.9693, time 480.22ms, mfu 1.73%
iter 3425: loss 84.6902, time 442.76ms, mfu 1.72%
iter 3426: loss 88.2866, time 423.70ms, mfu 1.72%
iter 3427: loss 94.3855, time 373.53ms, mfu 1.74%
iter 3428: loss 84.3481, time 372.60ms, mfu 1.75%
iter 3429: loss 86.6695, time 380.14ms, mfu 1.77%
iter 3430: loss 90.6974, time 431.35ms, mfu 1.75%
iter 3431: loss 83.4288, time 403.73ms, mfu 1.75%
iter 3432: loss 90.4494, time 342.29ms, mfu 1.79%
iter 3433: loss 92.1374, time 351.33ms, mfu 1.81%
iter 3434: loss 84.0537, time 465.48ms, mfu 1.78%
iter 3435: loss 90.3393, time 361.50ms, mfu 1.80%
iter 3436: loss 87.0837, time 361.35ms, mfu 1.82%
iter 3437: loss 84.5969, time 316.07ms, mfu 1.86%
iter 3438: loss 85.7613, time 511.94ms, mfu 1.82%
iter 3439: loss 86.7002, time 468.46ms, mfu 1.79%
iter 3440: loss 93.3230, time 445.77ms, mfu 1.77%
iter 3441: loss 86.3942, time 441.76ms, mfu 1.75%
iter 3442: loss 84.1666, time 428.05ms, mfu 1.74%
iter 3443: loss 79.3305, time 367.74ms, mfu 1.76%
iter 3444: loss 81.1635, time 520.25ms, mfu 1.72%
iter 3445: loss 88.6949, time 450.01ms, mfu 1.71%
iter 3446: loss 90.4578, time 617.85ms, mfu 1.65%
iter 3447: loss 80.5171, time 549.71ms, mfu 1.62%
iter 3448: loss 95.0035, time 487.64ms, mfu 1.60%
iter 3449: loss 90.9861, time 423.40ms, mfu 1.61%
iter 3450: loss 87.0897, time 365.23ms, mfu 1.64%
iter 3451: loss 86.2105, time 401.37ms, mfu 1.66%
iter 3452: loss 86.8956, time 442.33ms, mfu 1.65%
iter 3453: loss 90.0147, time 303.88ms, mfu 1.72%
iter 3454: loss 84.3374, time 412.74ms, mfu 1.72%
iter 3455: loss 80.5003, time 420.21ms, mfu 1.72%
iter 3456: loss 88.5301, time 388.47ms, mfu 1.73%
iter 3457: loss 86.0743, time 446.37ms, mfu 1.72%
iter 3458: loss 81.9314, time 351.00ms, mfu 1.75%
iter 3459: loss 84.8677, time 488.36ms, mfu 1.72%
iter 3460: loss 77.7471, time 319.41ms, mfu 1.77%
iter 3461: loss 83.2852, time 399.26ms, mfu 1.77%
iter 3462: loss 90.2328, time 433.53ms, mfu 1.76%
iter 3463: loss 91.7052, time 482.61ms, mfu 1.73%
iter 3464: loss 87.0366, time 443.96ms, mfu 1.72%
iter 3465: loss 94.2288, time 383.99ms, mfu 1.73%
iter 3466: loss 90.6783, time 480.15ms, mfu 1.71%
iter 3467: loss 84.3262, time 399.91ms, mfu 1.72%
iter 3468: loss 88.8256, time 515.05ms, mfu 1.68%
iter 3469: loss 87.6060, time 422.40ms, mfu 1.68%
iter 3470: loss 87.4819, time 327.42ms, mfu 1.73%
iter 3471: loss 97.7761, time 440.11ms, mfu 1.72%
iter 3472: loss 93.4480, time 377.56ms, mfu 1.74%
iter 3473: loss 79.6292, time 621.93ms, mfu 1.68%
iter 3474: loss 90.7692, time 452.08ms, mfu 1.67%
iter 3475: loss 85.9340, time 479.50ms, mfu 1.65%
iter 3476: loss 84.1675, time 396.09ms, mfu 1.66%
iter 3477: loss 90.4309, time 543.82ms, mfu 1.63%
iter 3478: loss 94.3093, time 414.35ms, mfu 1.64%
iter 3479: loss 82.2282, time 412.44ms, mfu 1.65%
iter 3480: loss 76.4260, time 541.70ms, mfu 1.61%
iter 3481: loss 96.2621, time 495.84ms, mfu 1.60%
iter 3482: loss 84.6648, time 339.83ms, mfu 1.65%
iter 3483: loss 84.0440, time 586.17ms, mfu 1.60%
iter 3484: loss 89.2356, time 402.99ms, mfu 1.62%
iter 3485: loss 85.4374, time 501.39ms, mfu 1.60%
iter 3486: loss 81.8674, time 379.60ms, mfu 1.63%
iter 3487: loss 93.1368, time 330.91ms, mfu 1.68%
iter 3488: loss 89.7686, time 545.01ms, mfu 1.64%
iter 3489: loss 84.3550, time 441.50ms, mfu 1.64%
iter 3490: loss 88.3822, time 489.21ms, mfu 1.62%
iter 3491: loss 96.7178, time 413.89ms, mfu 1.63%
iter 3492: loss 89.3787, time 417.97ms, mfu 1.64%
iter 3493: loss 85.3672, time 511.53ms, mfu 1.61%
iter 3494: loss 80.9724, time 376.44ms, mfu 1.64%
iter 3495: loss 78.2179, time 487.08ms, mfu 1.62%
iter 3496: loss 87.8439, time 296.36ms, mfu 1.70%
iter 3497: loss 90.6321, time 495.62ms, mfu 1.68%
iter 3498: loss 81.0602, time 324.22ms, mfu 1.73%
iter 3499: loss 90.4411, time 503.56ms, mfu 1.70%
iter 3500: loss 84.9030, time 660.73ms, mfu 1.64%
  === DIAG iter 3500 ===
  loss breakdown: text 0.2355 | num 16.9335 (lambda=5.0)
  grads: total 1.0000, transformer 0.9092, adapter 0.2874, num_head 0.3013
  nums: 898/3072 tokens (29.2%)
  lr: 5.99e-04
  layer_weights: [L0:0.085 L1:0.084 L2:0.084 L3:0.084 L4:0.083 L5:0.084 L6:0.081 L7:0.079 L8:0.080 L9:0.085 L10:0.085 L11:0.086]
iter 3501: loss 89.8221, time 260.37ms, mfu 1.75%
iter 3502: loss 82.6033, time 514.43ms, mfu 1.71%
iter 3503: loss 86.0544, time 496.03ms, mfu 1.68%
iter 3504: loss 86.8040, time 411.59ms, mfu 1.69%
iter 3505: loss 81.9187, time 430.90ms, mfu 1.68%
iter 3506: loss 88.5931, time 415.23ms, mfu 1.69%
iter 3507: loss 91.0364, time 443.63ms, mfu 1.68%
iter 3508: loss 91.6889, time 390.91ms, mfu 1.69%
iter 3509: loss 88.5868, time 363.57ms, mfu 1.72%
iter 3510: loss 90.3235, time 429.03ms, mfu 1.71%
iter 3511: loss 87.0647, time 356.75ms, mfu 1.74%
iter 3512: loss 84.2095, time 403.81ms, mfu 1.74%
iter 3513: loss 91.9549, time 346.72ms, mfu 1.78%
iter 3514: loss 85.1643, time 343.48ms, mfu 1.81%
iter 3515: loss 81.5306, time 430.88ms, mfu 1.79%
iter 3516: loss 91.4199, time 414.65ms, mfu 1.78%
iter 3517: loss 81.0054, time 427.87ms, mfu 1.77%
iter 3518: loss 89.1235, time 447.78ms, mfu 1.75%
iter 3519: loss 81.8562, time 388.13ms, mfu 1.76%
iter 3520: loss 84.7398, time 538.86ms, mfu 1.72%
iter 3521: loss 84.7747, time 544.75ms, mfu 1.68%
iter 3522: loss 87.3435, time 328.91ms, mfu 1.73%
iter 3523: loss 75.7381, time 382.76ms, mfu 1.74%
iter 3524: loss 85.8077, time 347.62ms, mfu 1.77%
iter 3525: loss 76.3913, time 487.62ms, mfu 1.74%
iter 3526: loss 83.5098, time 365.14ms, mfu 1.76%
iter 3527: loss 81.0945, time 397.43ms, mfu 1.76%
iter 3528: loss 89.7350, time 521.37ms, mfu 1.72%
iter 3529: loss 82.3178, time 297.97ms, mfu 1.79%
iter 3530: loss 83.0257, time 681.78ms, mfu 1.72%
iter 3531: loss 83.0026, time 294.72ms, mfu 1.79%
iter 3532: loss 93.3201, time 480.26ms, mfu 1.76%
iter 3533: loss 88.7215, time 509.99ms, mfu 1.72%
iter 3534: loss 83.5380, time 369.38ms, mfu 1.74%
iter 3535: loss 84.3322, time 423.22ms, mfu 1.74%
iter 3536: loss 81.8332, time 661.18ms, mfu 1.67%
iter 3537: loss 78.0095, time 399.35ms, mfu 1.68%
iter 3538: loss 89.6711, time 542.89ms, mfu 1.64%
iter 3539: loss 78.6723, time 416.99ms, mfu 1.65%
iter 3540: loss 90.1817, time 410.03ms, mfu 1.66%
iter 3541: loss 83.3195, time 516.32ms, mfu 1.63%
iter 3542: loss 86.3368, time 355.61ms, mfu 1.67%
iter 3543: loss 83.5719, time 343.73ms, mfu 1.71%
iter 3544: loss 84.2089, time 470.94ms, mfu 1.69%
iter 3545: loss 81.7079, time 451.62ms, mfu 1.68%
iter 3546: loss 85.1545, time 438.30ms, mfu 1.67%
iter 3547: loss 87.3232, time 537.20ms, mfu 1.64%
iter 3548: loss 85.3500, time 499.29ms, mfu 1.62%
iter 3549: loss 92.4440, time 394.60ms, mfu 1.64%
iter 3550: loss 85.0540, time 340.04ms, mfu 1.68%
iter 3551: loss 94.1444, time 576.69ms, mfu 1.64%
iter 3552: loss 84.3800, time 317.44ms, mfu 1.70%
iter 3553: loss 87.5651, time 557.72ms, mfu 1.66%
iter 3554: loss 88.1195, time 437.02ms, mfu 1.65%
iter 3555: loss 82.1764, time 547.23ms, mfu 1.62%
iter 3556: loss 93.7776, time 427.64ms, mfu 1.62%
iter 3557: loss 85.4650, time 419.57ms, mfu 1.63%
iter 3558: loss 81.1293, time 447.82ms, mfu 1.63%
iter 3559: loss 86.5081, time 335.95ms, mfu 1.68%
iter 3560: loss 89.6548, time 461.14ms, mfu 1.66%
iter 3561: loss 83.2114, time 381.91ms, mfu 1.68%
iter 3562: loss 87.0161, time 514.33ms, mfu 1.65%
iter 3563: loss 81.5158, time 296.01ms, mfu 1.73%
iter 3564: loss 86.1956, time 502.07ms, mfu 1.70%
iter 3565: loss 84.7172, time 503.46ms, mfu 1.67%
iter 3566: loss 85.9644, time 425.47ms, mfu 1.67%
iter 3567: loss 94.0097, time 542.68ms, mfu 1.63%
iter 3568: loss 84.3484, time 449.54ms, mfu 1.63%
iter 3569: loss 88.1886, time 349.10ms, mfu 1.67%
iter 3570: loss 79.6567, time 575.20ms, mfu 1.63%
iter 3571: loss 83.9444, time 357.09ms, mfu 1.66%
iter 3572: loss 87.2656, time 389.85ms, mfu 1.68%
iter 3573: loss 84.7680, time 510.51ms, mfu 1.65%
iter 3574: loss 86.6416, time 384.49ms, mfu 1.67%
iter 3575: loss 89.7731, time 379.62ms, mfu 1.69%
iter 3576: loss 83.0345, time 657.15ms, mfu 1.63%
iter 3577: loss 88.8495, time 315.80ms, mfu 1.69%
iter 3578: loss 87.1033, time 410.07ms, mfu 1.70%
iter 3579: loss 91.4130, time 344.06ms, mfu 1.74%
iter 3580: loss 84.8309, time 342.96ms, mfu 1.77%
iter 3581: loss 90.0776, time 442.76ms, mfu 1.75%
iter 3582: loss 87.8450, time 364.72ms, mfu 1.77%
iter 3583: loss 75.3957, time 420.30ms, mfu 1.77%
iter 3584: loss 79.1611, time 350.60ms, mfu 1.79%
iter 3585: loss 85.5096, time 301.21ms, mfu 1.85%
iter 3586: loss 85.2822, time 446.33ms, mfu 1.82%
iter 3587: loss 92.4872, time 386.65ms, mfu 1.83%
iter 3588: loss 85.2704, time 418.68ms, mfu 1.81%
iter 3589: loss 90.1114, time 506.65ms, mfu 1.77%
iter 3590: loss 92.1078, time 235.02ms, mfu 1.90%
iter 3591: loss 90.0965, time 451.63ms, mfu 1.87%
iter 3592: loss 88.5151, time 474.73ms, mfu 1.83%
iter 3593: loss 95.9883, time 472.00ms, mfu 1.80%
iter 3594: loss 90.6810, time 527.33ms, mfu 1.75%
iter 3595: loss 86.2280, time 550.01ms, mfu 1.71%
iter 3596: loss 80.3044, time 372.50ms, mfu 1.73%
iter 3597: loss 90.2377, time 546.77ms, mfu 1.69%
iter 3598: loss 87.4144, time 319.03ms, mfu 1.74%
iter 3599: loss 88.3709, time 564.38ms, mfu 1.69%
iter 3600: loss 89.9877, time 537.79ms, mfu 1.66%
  === DIAG iter 3600 ===
  loss breakdown: text 0.2370 | num 17.9502 (lambda=5.0)
  grads: total 1.0000, transformer 0.3636, adapter 0.8742, num_head 0.3219
  nums: 865/3072 tokens (28.2%)
  lr: 5.99e-04
  layer_weights: [L0:0.085 L1:0.084 L2:0.084 L3:0.084 L4:0.083 L5:0.084 L6:0.080 L7:0.079 L8:0.080 L9:0.085 L10:0.085 L11:0.086]
iter 3601: loss 84.5982, time 264.62ms, mfu 1.76%
iter 3602: loss 91.6632, time 439.76ms, mfu 1.75%
iter 3603: loss 87.4608, time 336.91ms, mfu 1.78%
iter 3604: loss 86.3185, time 371.63ms, mfu 1.80%
iter 3605: loss 91.3738, time 298.75ms, mfu 1.86%
iter 3606: loss 78.3409, time 565.64ms, mfu 1.80%
iter 3607: loss 86.0533, time 373.09ms, mfu 1.81%
iter 3608: loss 82.8469, time 442.15ms, mfu 1.79%
iter 3609: loss 90.1398, time 454.88ms, mfu 1.77%
iter 3610: loss 95.1517, time 539.74ms, mfu 1.72%
iter 3611: loss 79.3325, time 411.61ms, mfu 1.72%
iter 3612: loss 98.8002, time 282.38ms, mfu 1.80%
iter 3613: loss 82.8530, time 520.66ms, mfu 1.76%
iter 3614: loss 82.6274, time 402.31ms, mfu 1.76%
iter 3615: loss 86.5987, time 444.98ms, mfu 1.74%
iter 3616: loss 86.8287, time 483.26ms, mfu 1.72%
iter 3617: loss 78.1815, time 441.32ms, mfu 1.71%
iter 3618: loss 86.4774, time 594.67ms, mfu 1.66%
iter 3619: loss 88.6037, time 621.19ms, mfu 1.61%
iter 3620: loss 83.2746, time 498.62ms, mfu 1.59%
iter 3621: loss 95.4574, time 366.66ms, mfu 1.62%
iter 3622: loss 79.6301, time 406.45ms, mfu 1.64%
iter 3623: loss 96.0513, time 387.40ms, mfu 1.66%
iter 3624: loss 89.4976, time 419.26ms, mfu 1.66%
iter 3625: loss 78.2208, time 353.37ms, mfu 1.70%
iter 3626: loss 87.8070, time 487.81ms, mfu 1.67%
iter 3627: loss 90.1731, time 280.54ms, mfu 1.76%
iter 3628: loss 94.7313, time 477.94ms, mfu 1.73%
iter 3629: loss 81.0615, time 367.52ms, mfu 1.75%
iter 3630: loss 86.5730, time 330.14ms, mfu 1.79%
iter 3631: loss 84.9769, time 472.86ms, mfu 1.77%
iter 3632: loss 83.5031, time 389.31ms, mfu 1.77%
iter 3633: loss 84.6523, time 367.83ms, mfu 1.79%
iter 3634: loss 84.5560, time 458.60ms, mfu 1.76%
iter 3635: loss 87.7071, time 436.48ms, mfu 1.75%
iter 3636: loss 89.9664, time 499.19ms, mfu 1.72%
iter 3637: loss 94.5191, time 390.33ms, mfu 1.73%
iter 3638: loss 82.7889, time 488.69ms, mfu 1.70%
iter 3639: loss 86.8527, time 527.86ms, mfu 1.67%
iter 3640: loss 92.2482, time 482.39ms, mfu 1.65%
iter 3641: loss 82.4126, time 305.96ms, mfu 1.72%
iter 3642: loss 91.4860, time 545.40ms, mfu 1.68%
iter 3643: loss 83.5733, time 488.38ms, mfu 1.65%
iter 3644: loss 81.2006, time 504.17ms, mfu 1.63%
iter 3645: loss 91.5758, time 459.89ms, mfu 1.62%
iter 3646: loss 81.3886, time 465.07ms, mfu 1.61%
iter 3647: loss 84.7942, time 486.39ms, mfu 1.60%
iter 3648: loss 89.2100, time 289.14ms, mfu 1.68%
iter 3649: loss 88.4909, time 654.31ms, mfu 1.63%
iter 3650: loss 83.5686, time 313.99ms, mfu 1.69%
iter 3651: loss 90.8842, time 517.54ms, mfu 1.66%
iter 3652: loss 85.8926, time 343.02ms, mfu 1.70%
iter 3653: loss 79.8802, time 412.55ms, mfu 1.70%
iter 3654: loss 84.4138, time 518.46ms, mfu 1.67%
iter 3655: loss 77.3031, time 371.53ms, mfu 1.69%
iter 3656: loss 77.8201, time 597.70ms, mfu 1.64%
iter 3657: loss 86.8289, time 475.99ms, mfu 1.63%
iter 3658: loss 89.8270, time 573.07ms, mfu 1.59%
iter 3659: loss 87.2874, time 607.14ms, mfu 1.55%
iter 3660: loss 84.4866, time 445.56ms, mfu 1.55%
iter 3661: loss 89.9145, time 497.69ms, mfu 1.54%
iter 3662: loss 83.1379, time 495.71ms, mfu 1.53%
iter 3663: loss 89.9632, time 390.74ms, mfu 1.56%
iter 3664: loss 90.3230, time 488.76ms, mfu 1.55%
iter 3665: loss 85.4396, time 286.94ms, mfu 1.64%
iter 3666: loss 86.5850, time 497.56ms, mfu 1.62%
iter 3667: loss 84.5253, time 412.76ms, mfu 1.63%
iter 3668: loss 97.6508, time 436.47ms, mfu 1.63%
iter 3669: loss 79.3337, time 414.80ms, mfu 1.64%
iter 3670: loss 93.2674, time 474.19ms, mfu 1.63%
iter 3671: loss 91.3883, time 547.91ms, mfu 1.59%
iter 3672: loss 87.6830, time 324.12ms, mfu 1.66%
iter 3673: loss 90.3632, time 548.13ms, mfu 1.62%
iter 3674: loss 86.9797, time 423.59ms, mfu 1.63%
iter 3675: loss 90.7990, time 400.50ms, mfu 1.64%
iter 3676: loss 88.5341, time 459.45ms, mfu 1.63%
iter 3677: loss 96.0021, time 350.80ms, mfu 1.67%
iter 3678: loss 82.3092, time 390.01ms, mfu 1.69%
iter 3679: loss 77.8195, time 426.92ms, mfu 1.69%
iter 3680: loss 89.9281, time 418.98ms, mfu 1.69%
iter 3681: loss 91.5791, time 514.31ms, mfu 1.66%
iter 3682: loss 87.8766, time 303.12ms, mfu 1.73%
iter 3683: loss 91.4406, time 457.10ms, mfu 1.71%
iter 3684: loss 88.8109, time 408.86ms, mfu 1.71%
iter 3685: loss 89.5459, time 546.38ms, mfu 1.67%
iter 3686: loss 89.0429, time 362.13ms, mfu 1.70%
iter 3687: loss 88.8531, time 318.61ms, mfu 1.76%
iter 3688: loss 82.1399, time 358.02ms, mfu 1.78%
iter 3689: loss 82.8928, time 365.08ms, mfu 1.80%
iter 3690: loss 81.6887, time 400.56ms, mfu 1.79%
iter 3691: loss 81.7726, time 505.49ms, mfu 1.76%
iter 3692: loss 87.8313, time 260.98ms, mfu 1.85%
iter 3693: loss 87.6974, time 412.56ms, mfu 1.84%
iter 3694: loss 95.4247, time 493.09ms, mfu 1.80%
iter 3695: loss 87.8417, time 416.31ms, mfu 1.79%
iter 3696: loss 79.3721, time 451.14ms, mfu 1.77%
iter 3697: loss 81.5085, time 381.83ms, mfu 1.78%
iter 3698: loss 90.8891, time 591.75ms, mfu 1.72%
iter 3699: loss 85.3332, time 440.68ms, mfu 1.71%
iter 3700: loss 85.0535, time 690.94ms, mfu 1.64%
  === DIAG iter 3700 ===
  loss breakdown: text 0.2279 | num 16.9651 (lambda=5.0)
  grads: total 1.0000, transformer 0.5572, adapter 0.7510, num_head 0.3542
  nums: 868/3072 tokens (28.3%)
  lr: 5.98e-04
  layer_weights: [L0:0.085 L1:0.084 L2:0.084 L3:0.084 L4:0.083 L5:0.084 L6:0.080 L7:0.079 L8:0.080 L9:0.085 L10:0.085 L11:0.086]
iter 3701: loss 90.4361, time 238.94ms, mfu 1.78%
iter 3702: loss 85.6954, time 413.22ms, mfu 1.77%
iter 3703: loss 86.0936, time 469.71ms, mfu 1.75%
iter 3704: loss 89.0013, time 430.02ms, mfu 1.74%
iter 3705: loss 87.2114, time 510.36ms, mfu 1.70%
iter 3706: loss 88.8371, time 343.71ms, mfu 1.74%
iter 3707: loss 89.4590, time 415.18ms, mfu 1.74%
iter 3708: loss 82.6206, time 380.43ms, mfu 1.75%
iter 3709: loss 90.5762, time 438.94ms, mfu 1.74%
iter 3710: loss 90.1053, time 367.06ms, mfu 1.76%
iter 3711: loss 86.3780, time 376.53ms, mfu 1.77%
iter 3712: loss 87.3628, time 648.03ms, mfu 1.71%
iter 3713: loss 86.2340, time 508.38ms, mfu 1.67%
iter 3714: loss 82.2472, time 372.27ms, mfu 1.70%
iter 3715: loss 84.0283, time 397.10ms, mfu 1.71%
iter 3716: loss 85.0352, time 419.62ms, mfu 1.71%
iter 3717: loss 86.8060, time 382.27ms, mfu 1.72%
iter 3718: loss 88.7395, time 412.77ms, mfu 1.72%
iter 3719: loss 87.6023, time 562.90ms, mfu 1.68%
iter 3720: loss 88.1590, time 415.64ms, mfu 1.68%
iter 3721: loss 85.7753, time 505.90ms, mfu 1.65%
iter 3722: loss 83.6025, time 402.80ms, mfu 1.67%
iter 3723: loss 89.4924, time 444.90ms, mfu 1.66%
iter 3724: loss 87.4333, time 515.32ms, mfu 1.63%
iter 3725: loss 87.3937, time 598.68ms, mfu 1.59%
iter 3726: loss 87.1177, time 499.71ms, mfu 1.57%
iter 3727: loss 84.3766, time 445.63ms, mfu 1.57%
iter 3728: loss 84.2775, time 396.82ms, mfu 1.60%
iter 3729: loss 84.9468, time 541.12ms, mfu 1.57%
iter 3730: loss 91.0333, time 398.69ms, mfu 1.59%
iter 3731: loss 91.7572, time 571.23ms, mfu 1.56%
iter 3732: loss 82.4086, time 408.67ms, mfu 1.57%
iter 3733: loss 87.9995, time 339.17ms, mfu 1.63%
iter 3734: loss 91.3771, time 530.36ms, mfu 1.60%
iter 3735: loss 90.2186, time 469.76ms, mfu 1.59%
iter 3736: loss 87.4397, time 277.28ms, mfu 1.69%
iter 3737: loss 85.9412, time 320.89ms, mfu 1.74%
iter 3738: loss 87.8573, time 425.46ms, mfu 1.74%
iter 3739: loss 88.3328, time 453.72ms, mfu 1.72%
iter 3740: loss 85.8064, time 468.26ms, mfu 1.70%
iter 3741: loss 84.9193, time 558.23ms, mfu 1.66%
iter 3742: loss 81.3016, time 441.35ms, mfu 1.65%
iter 3743: loss 77.0816, time 463.52ms, mfu 1.64%
iter 3744: loss 76.4821, time 483.85ms, mfu 1.62%
iter 3745: loss 83.7697, time 568.42ms, mfu 1.59%
iter 3746: loss 85.6657, time 495.01ms, mfu 1.57%
iter 3747: loss 87.1716, time 356.42ms, mfu 1.62%
iter 3748: loss 90.0988, time 404.06ms, mfu 1.63%
iter 3749: loss 94.9337, time 444.19ms, mfu 1.63%
iter 3750: loss 88.0199, time 411.26ms, mfu 1.64%
iter 3751: loss 86.7784, time 478.70ms, mfu 1.62%
iter 3752: loss 94.2171, time 551.81ms, mfu 1.59%
iter 3753: loss 92.5239, time 375.98ms, mfu 1.62%
iter 3754: loss 84.2891, time 463.06ms, mfu 1.61%
iter 3755: loss 78.6704, time 398.24ms, mfu 1.63%
iter 3756: loss 84.7899, time 372.95ms, mfu 1.66%
iter 3757: loss 92.1916, time 519.28ms, mfu 1.63%
iter 3758: loss 82.1548, time 456.27ms, mfu 1.62%
iter 3759: loss 89.0742, time 467.75ms, mfu 1.61%
iter 3760: loss 90.8674, time 498.83ms, mfu 1.59%
iter 3761: loss 88.7291, time 371.69ms, mfu 1.63%
iter 3762: loss 90.4670, time 343.37ms, mfu 1.67%
iter 3763: loss 90.6255, time 715.33ms, mfu 1.60%
iter 3764: loss 84.0429, time 372.14ms, mfu 1.64%
iter 3765: loss 82.7663, time 713.80ms, mfu 1.57%
iter 3766: loss 93.7047, time 357.52ms, mfu 1.61%
iter 3767: loss 84.1346, time 570.64ms, mfu 1.58%
iter 3768: loss 74.4898, time 546.99ms, mfu 1.55%
iter 3769: loss 89.5679, time 569.78ms, mfu 1.52%
iter 3770: loss 84.9182, time 279.89ms, mfu 1.62%
iter 3771: loss 87.6367, time 425.24ms, mfu 1.63%
iter 3772: loss 86.7742, time 292.62ms, mfu 1.71%
iter 3773: loss 92.0594, time 399.83ms, mfu 1.72%
iter 3774: loss 87.4194, time 371.90ms, mfu 1.74%
iter 3775: loss 82.7268, time 360.65ms, mfu 1.76%
iter 3776: loss 86.5882, time 371.34ms, mfu 1.78%
iter 3777: loss 81.9721, time 433.43ms, mfu 1.76%
iter 3778: loss 79.9692, time 349.89ms, mfu 1.79%
iter 3779: loss 91.3872, time 457.29ms, mfu 1.77%
iter 3780: loss 100.2902, time 402.61ms, mfu 1.77%
iter 3781: loss 90.7152, time 279.21ms, mfu 1.85%
iter 3782: loss 91.5036, time 450.98ms, mfu 1.82%
iter 3783: loss 77.6654, time 489.04ms, mfu 1.78%
iter 3784: loss 86.1489, time 353.93ms, mfu 1.81%
iter 3785: loss 92.3933, time 540.96ms, mfu 1.76%
iter 3786: loss 83.8434, time 284.54ms, mfu 1.83%
iter 3787: loss 95.7496, time 340.99ms, mfu 1.86%
iter 3788: loss 85.4986, time 493.07ms, mfu 1.82%
iter 3789: loss 86.2584, time 278.80ms, mfu 1.89%
iter 3790: loss 85.0802, time 396.37ms, mfu 1.88%
iter 3791: loss 83.1724, time 449.07ms, mfu 1.85%
iter 3792: loss 87.8927, time 539.10ms, mfu 1.80%
iter 3793: loss 84.2972, time 474.36ms, mfu 1.77%
iter 3794: loss 85.0528, time 505.35ms, mfu 1.73%
iter 3795: loss 82.2899, time 527.89ms, mfu 1.69%
iter 3796: loss 85.2914, time 455.58ms, mfu 1.68%
iter 3797: loss 91.4224, time 341.38ms, mfu 1.72%
iter 3798: loss 78.9446, time 455.28ms, mfu 1.71%
iter 3799: loss 84.4148, time 436.20ms, mfu 1.70%
iter 3800: loss 94.6119, time 758.11ms, mfu 1.62%
  === DIAG iter 3800 ===
  loss breakdown: text 0.2403 | num 18.8743 (lambda=5.0)
  grads: total 1.0000, transformer 0.2623, adapter 0.8862, num_head 0.3820
  nums: 852/3072 tokens (27.7%)
  lr: 5.98e-04
  layer_weights: [L0:0.085 L1:0.084 L2:0.084 L3:0.084 L4:0.083 L5:0.084 L6:0.080 L7:0.078 L8:0.080 L9:0.085 L10:0.085 L11:0.087]
iter 3801: loss 84.0143, time 208.02ms, mfu 1.80%
iter 3802: loss 89.7775, time 336.51ms, mfu 1.84%
iter 3803: loss 86.2305, time 441.53ms, mfu 1.81%
iter 3804: loss 87.9260, time 270.20ms, mfu 1.90%
iter 3805: loss 92.8442, time 590.36ms, mfu 1.83%
iter 3806: loss 87.6686, time 309.61ms, mfu 1.87%
iter 3807: loss 83.2800, time 452.40ms, mfu 1.84%
iter 3808: loss 79.0388, time 415.87ms, mfu 1.83%
iter 3809: loss 77.1631, time 367.25ms, mfu 1.84%
iter 3810: loss 93.3677, time 423.55ms, mfu 1.83%
iter 3811: loss 86.2800, time 390.13ms, mfu 1.83%
iter 3812: loss 90.3839, time 484.29ms, mfu 1.79%
iter 3813: loss 88.3105, time 435.68ms, mfu 1.78%
iter 3814: loss 85.8952, time 524.41ms, mfu 1.73%
iter 3815: loss 82.9088, time 442.77ms, mfu 1.72%
iter 3816: loss 89.7641, time 355.20ms, mfu 1.75%
iter 3817: loss 83.0207, time 348.45ms, mfu 1.78%
iter 3818: loss 89.0299, time 494.31ms, mfu 1.75%
iter 3819: loss 83.0238, time 426.60ms, mfu 1.74%
iter 3820: loss 83.8556, time 478.32ms, mfu 1.71%
iter 3821: loss 84.8248, time 320.69ms, mfu 1.76%
iter 3822: loss 88.1746, time 393.97ms, mfu 1.77%
iter 3823: loss 90.4375, time 355.04ms, mfu 1.79%
iter 3824: loss 88.1440, time 352.54ms, mfu 1.82%
iter 3825: loss 85.1251, time 520.59ms, mfu 1.77%
iter 3826: loss 84.6432, time 471.64ms, mfu 1.74%
iter 3827: loss 86.5588, time 290.55ms, mfu 1.82%
iter 3828: loss 81.4449, time 583.03ms, mfu 1.76%
iter 3829: loss 87.4023, time 413.06ms, mfu 1.75%
iter 3830: loss 82.6481, time 419.52ms, mfu 1.75%
iter 3831: loss 87.2538, time 433.75ms, mfu 1.74%
iter 3832: loss 83.0004, time 585.59ms, mfu 1.69%
iter 3833: loss 81.2088, time 311.74ms, mfu 1.75%
iter 3834: loss 87.9947, time 332.13ms, mfu 1.79%
iter 3835: loss 84.6035, time 413.04ms, mfu 1.78%
iter 3836: loss 91.2515, time 492.10ms, mfu 1.75%
iter 3837: loss 89.2447, time 357.89ms, mfu 1.77%
iter 3838: loss 88.4336, time 434.61ms, mfu 1.76%
iter 3839: loss 85.8903, time 410.54ms, mfu 1.76%
iter 3840: loss 82.7568, time 445.30ms, mfu 1.74%
iter 3841: loss 95.9243, time 492.68ms, mfu 1.71%
iter 3842: loss 93.7712, time 350.03ms, mfu 1.74%
iter 3843: loss 83.8198, time 504.68ms, mfu 1.71%
iter 3844: loss 82.7775, time 407.63ms, mfu 1.71%
iter 3845: loss 88.5091, time 331.97ms, mfu 1.76%
iter 3846: loss 95.6142, time 439.50ms, mfu 1.74%
iter 3847: loss 83.8047, time 464.79ms, mfu 1.72%
iter 3848: loss 90.3468, time 492.45ms, mfu 1.69%
iter 3849: loss 88.2526, time 436.95ms, mfu 1.69%
iter 3850: loss 91.3682, time 453.79ms, mfu 1.68%
iter 3851: loss 81.5270, time 351.95ms, mfu 1.71%
iter 3852: loss 83.5107, time 499.76ms, mfu 1.68%
iter 3853: loss 85.4131, time 427.61ms, mfu 1.68%
iter 3854: loss 84.0774, time 519.90ms, mfu 1.65%
iter 3855: loss 85.8738, time 424.07ms, mfu 1.65%
iter 3856: loss 81.2556, time 445.50ms, mfu 1.65%
iter 3857: loss 86.7012, time 437.96ms, mfu 1.65%
iter 3858: loss 85.9463, time 494.85ms, mfu 1.63%
iter 3859: loss 82.3203, time 446.77ms, mfu 1.62%
iter 3860: loss 78.6922, time 480.85ms, mfu 1.61%
iter 3861: loss 85.5882, time 499.12ms, mfu 1.59%
iter 3862: loss 93.4025, time 374.25ms, mfu 1.62%
iter 3863: loss 88.0971, time 406.67ms, mfu 1.63%
iter 3864: loss 83.1418, time 455.84ms, mfu 1.63%
iter 3865: loss 85.6739, time 463.16ms, mfu 1.62%
iter 3866: loss 88.9987, time 396.84ms, mfu 1.64%
iter 3867: loss 84.1267, time 467.86ms, mfu 1.62%
iter 3868: loss 90.1041, time 378.54ms, mfu 1.65%
iter 3869: loss 89.4703, time 436.74ms, mfu 1.65%
iter 3870: loss 96.4748, time 293.04ms, mfu 1.73%
iter 3871: loss 89.2011, time 581.61ms, mfu 1.68%
iter 3872: loss 86.9970, time 313.20ms, mfu 1.74%
iter 3873: loss 87.1241, time 289.52ms, mfu 1.81%
iter 3874: loss 86.7306, time 405.72ms, mfu 1.80%
iter 3875: loss 89.3855, time 380.23ms, mfu 1.81%
iter 3876: loss 91.9530, time 609.36ms, mfu 1.75%
iter 3877: loss 89.3251, time 414.31ms, mfu 1.74%
iter 3878: loss 90.8553, time 482.71ms, mfu 1.72%
iter 3879: loss 89.3872, time 480.19ms, mfu 1.69%
iter 3880: loss 88.2737, time 360.03ms, mfu 1.72%
iter 3881: loss 88.0894, time 506.98ms, mfu 1.69%
iter 3882: loss 93.2623, time 277.18ms, mfu 1.78%
iter 3883: loss 84.3330, time 467.95ms, mfu 1.75%
iter 3884: loss 80.1812, time 462.39ms, mfu 1.73%
iter 3885: loss 78.6667, time 321.24ms, mfu 1.78%
iter 3886: loss 90.6723, time 650.27ms, mfu 1.71%
iter 3887: loss 84.4341, time 254.96ms, mfu 1.82%
iter 3888: loss 91.6772, time 335.60ms, mfu 1.85%
iter 3889: loss 78.3794, time 394.08ms, mfu 1.85%
iter 3890: loss 84.1838, time 434.07ms, mfu 1.83%
iter 3891: loss 82.5426, time 378.57ms, mfu 1.83%
iter 3892: loss 86.9397, time 446.05ms, mfu 1.81%
iter 3893: loss 91.1672, time 405.49ms, mfu 1.80%
iter 3894: loss 83.8156, time 413.16ms, mfu 1.80%
iter 3895: loss 84.6347, time 604.76ms, mfu 1.73%
iter 3896: loss 83.6819, time 337.26ms, mfu 1.77%
iter 3897: loss 78.1047, time 430.16ms, mfu 1.76%
iter 3898: loss 87.2206, time 435.33ms, mfu 1.75%
iter 3899: loss 84.0158, time 509.38ms, mfu 1.71%
iter 3900: loss 92.9306, time 746.88ms, mfu 1.64%
  === DIAG iter 3900 ===
  loss breakdown: text 0.2306 | num 18.5400 (lambda=5.0)
  grads: total 1.0000, transformer 0.5282, adapter 0.5983, num_head 0.6026
  nums: 928/3072 tokens (30.2%)
  lr: 5.98e-04
  layer_weights: [L0:0.086 L1:0.085 L2:0.084 L3:0.084 L4:0.083 L5:0.084 L6:0.080 L7:0.078 L8:0.079 L9:0.085 L10:0.085 L11:0.087]
iter 3901: loss 88.7388, time 266.33ms, mfu 1.74%
iter 3902: loss 87.0262, time 463.11ms, mfu 1.72%
iter 3903: loss 89.2509, time 385.23ms, mfu 1.73%
iter 3904: loss 89.7045, time 454.80ms, mfu 1.72%
iter 3905: loss 85.2377, time 441.02ms, mfu 1.71%
iter 3906: loss 89.9350, time 414.91ms, mfu 1.71%
iter 3907: loss 91.6561, time 400.33ms, mfu 1.72%
iter 3908: loss 85.5880, time 415.49ms, mfu 1.72%
iter 3909: loss 79.6056, time 282.79ms, mfu 1.80%
iter 3910: loss 87.0594, time 512.17ms, mfu 1.76%
iter 3911: loss 88.0582, time 286.87ms, mfu 1.83%
iter 3912: loss 86.7099, time 427.95ms, mfu 1.81%
iter 3913: loss 84.5310, time 341.58ms, mfu 1.84%
iter 3914: loss 85.9854, time 629.59ms, mfu 1.77%
iter 3915: loss 85.6102, time 432.11ms, mfu 1.76%
iter 3916: loss 89.3331, time 438.92ms, mfu 1.74%
iter 3917: loss 90.7458, time 496.12ms, mfu 1.71%
iter 3918: loss 85.9343, time 486.52ms, mfu 1.69%
iter 3919: loss 89.0648, time 539.82ms, mfu 1.65%
iter 3920: loss 82.2071, time 337.11ms, mfu 1.70%
iter 3921: loss 85.1238, time 508.59ms, mfu 1.67%
iter 3922: loss 89.6467, time 323.07ms, mfu 1.72%
iter 3923: loss 82.9770, time 433.87ms, mfu 1.71%
iter 3924: loss 90.9816, time 467.24ms, mfu 1.69%
iter 3925: loss 86.2204, time 357.70ms, mfu 1.72%
iter 3926: loss 85.2436, time 536.18ms, mfu 1.68%
iter 3927: loss 82.1536, time 418.06ms, mfu 1.69%
iter 3928: loss 83.5072, time 474.18ms, mfu 1.67%
iter 3929: loss 81.5364, time 522.53ms, mfu 1.64%
iter 3930: loss 87.3185, time 418.11ms, mfu 1.64%
iter 3931: loss 85.5259, time 452.31ms, mfu 1.64%
iter 3932: loss 90.1125, time 337.00ms, mfu 1.69%
iter 3933: loss 87.3192, time 521.15ms, mfu 1.65%
iter 3934: loss 85.8247, time 470.25ms, mfu 1.64%
iter 3935: loss 87.9392, time 298.28ms, mfu 1.71%
iter 3936: loss 92.2405, time 477.91ms, mfu 1.69%
iter 3937: loss 92.4219, time 492.91ms, mfu 1.67%
iter 3938: loss 89.9361, time 402.55ms, mfu 1.68%
iter 3939: loss 82.7650, time 357.80ms, mfu 1.71%
iter 3940: loss 87.3958, time 540.70ms, mfu 1.67%
iter 3941: loss 76.7349, time 460.52ms, mfu 1.66%
iter 3942: loss 85.1522, time 515.05ms, mfu 1.63%
iter 3943: loss 89.2379, time 480.51ms, mfu 1.62%
iter 3944: loss 87.9854, time 433.20ms, mfu 1.62%
iter 3945: loss 85.3833, time 352.14ms, mfu 1.66%
iter 3946: loss 91.4515, time 383.10ms, mfu 1.68%
iter 3947: loss 80.3202, time 334.64ms, mfu 1.72%
iter 3948: loss 90.5452, time 438.14ms, mfu 1.71%
iter 3949: loss 84.8545, time 290.87ms, mfu 1.79%
iter 3950: loss 92.9249, time 484.13ms, mfu 1.76%
iter 3951: loss 85.0907, time 409.67ms, mfu 1.75%
iter 3952: loss 87.8435, time 391.43ms, mfu 1.76%
iter 3953: loss 85.8076, time 491.07ms, mfu 1.73%
iter 3954: loss 79.7163, time 370.74ms, mfu 1.75%
iter 3955: loss 90.1568, time 274.96ms, mfu 1.83%
iter 3956: loss 82.7043, time 432.10ms, mfu 1.82%
iter 3957: loss 92.6818, time 445.41ms, mfu 1.79%
iter 3958: loss 88.0139, time 420.90ms, mfu 1.78%
iter 3959: loss 86.1796, time 554.36ms, mfu 1.73%
iter 3960: loss 80.2952, time 321.90ms, mfu 1.78%
iter 3961: loss 83.3872, time 368.07ms, mfu 1.80%
iter 3962: loss 84.1488, time 526.70ms, mfu 1.75%
iter 3963: loss 94.0397, time 483.06ms, mfu 1.73%
iter 3964: loss 88.7047, time 289.59ms, mfu 1.80%
iter 3965: loss 81.9285, time 504.39ms, mfu 1.76%
iter 3966: loss 83.1660, time 352.65ms, mfu 1.79%
iter 3967: loss 83.7198, time 468.37ms, mfu 1.76%
iter 3968: loss 89.6386, time 383.87ms, mfu 1.77%
iter 3969: loss 83.5328, time 341.21ms, mfu 1.80%
iter 3970: loss 83.8911, time 466.39ms, mfu 1.77%
iter 3971: loss 88.8555, time 421.67ms, mfu 1.77%
iter 3972: loss 84.6132, time 455.94ms, mfu 1.75%
iter 3973: loss 87.2262, time 388.44ms, mfu 1.75%
iter 3974: loss 77.2250, time 517.65ms, mfu 1.72%
iter 3975: loss 88.9685, time 532.69ms, mfu 1.68%
iter 3976: loss 84.4573, time 312.91ms, mfu 1.74%
iter 3977: loss 77.3278, time 471.72ms, mfu 1.72%
iter 3978: loss 86.1597, time 430.73ms, mfu 1.71%
iter 3979: loss 89.3274, time 598.73ms, mfu 1.66%
iter 3980: loss 85.5861, time 545.16ms, mfu 1.62%
iter 3981: loss 83.0930, time 326.61ms, mfu 1.68%
iter 3982: loss 88.1419, time 554.81ms, mfu 1.64%
iter 3983: loss 79.2778, time 312.27ms, mfu 1.70%
iter 3984: loss 87.0755, time 487.62ms, mfu 1.68%
iter 3985: loss 85.1806, time 496.59ms, mfu 1.65%
iter 3986: loss 90.7720, time 389.99ms, mfu 1.67%
iter 3987: loss 88.7707, time 552.28ms, mfu 1.63%
iter 3988: loss 81.7470, time 477.56ms, mfu 1.62%
iter 3989: loss 80.0694, time 389.02ms, mfu 1.64%
iter 3990: loss 89.0667, time 328.39ms, mfu 1.69%
iter 3991: loss 81.5174, time 530.02ms, mfu 1.66%
iter 3992: loss 85.9233, time 395.16ms, mfu 1.67%
iter 3993: loss 79.8853, time 492.33ms, mfu 1.65%
iter 3994: loss 90.3932, time 417.87ms, mfu 1.66%
iter 3995: loss 85.3192, time 452.98ms, mfu 1.65%
iter 3996: loss 89.6879, time 371.07ms, mfu 1.68%
iter 3997: loss 93.4114, time 463.14ms, mfu 1.66%
iter 3998: loss 90.5296, time 629.49ms, mfu 1.61%
iter 3999: loss 88.4198, time 483.62ms, mfu 1.60%
iter 4000: loss 86.8034, time 487.28ms, mfu 1.58%
  === DIAG iter 4000 ===
  loss breakdown: text 0.2364 | num 17.3134 (lambda=5.0)
  grads: total 1.0000, transformer 0.2433, adapter 0.9466, num_head 0.2115
  nums: 888/3072 tokens (28.9%)
  lr: 5.98e-04
  layer_weights: [L0:0.086 L1:0.085 L2:0.084 L3:0.084 L4:0.084 L5:0.084 L6:0.080 L7:0.078 L8:0.079 L9:0.085 L10:0.085 L11:0.087]
iter 4001: loss 89.4343, time 255.99ms, mfu 1.70%
iter 4002: loss 86.4663, time 462.48ms, mfu 1.69%
iter 4003: loss 87.8040, time 549.78ms, mfu 1.65%
iter 4004: loss 86.6880, time 338.70ms, mfu 1.69%
iter 4005: loss 82.7413, time 521.28ms, mfu 1.66%
iter 4006: loss 85.4914, time 331.32ms, mfu 1.71%
iter 4007: loss 87.2044, time 397.04ms, mfu 1.72%
iter 4008: loss 86.2111, time 291.87ms, mfu 1.79%
iter 4009: loss 79.8406, time 499.67ms, mfu 1.75%
iter 4010: loss 93.7480, time 364.61ms, mfu 1.77%
iter 4011: loss 81.8570, time 317.49ms, mfu 1.82%
iter 4012: loss 84.4610, time 522.08ms, mfu 1.78%
iter 4013: loss 87.3183, time 466.40ms, mfu 1.75%
iter 4014: loss 86.7110, time 367.52ms, mfu 1.77%
iter 4015: loss 89.5988, time 477.23ms, mfu 1.74%
iter 4016: loss 88.3565, time 448.12ms, mfu 1.73%
iter 4017: loss 88.2480, time 429.89ms, mfu 1.72%
iter 4018: loss 92.5608, time 254.13ms, mfu 1.83%
iter 4019: loss 92.9092, time 363.81ms, mfu 1.84%
iter 4020: loss 85.6359, time 480.04ms, mfu 1.81%
iter 4021: loss 82.4092, time 395.14ms, mfu 1.81%
iter 4022: loss 87.9776, time 308.73ms, mfu 1.86%
iter 4023: loss 85.4242, time 483.86ms, mfu 1.82%
iter 4024: loss 87.1507, time 416.85ms, mfu 1.81%
iter 4025: loss 90.4904, time 404.36ms, mfu 1.80%
iter 4026: loss 84.0975, time 445.19ms, mfu 1.78%
iter 4027: loss 90.5773, time 475.26ms, mfu 1.75%
iter 4028: loss 92.4014, time 491.37ms, mfu 1.72%
iter 4029: loss 93.2962, time 449.28ms, mfu 1.71%
iter 4030: loss 89.0856, time 307.05ms, mfu 1.77%
iter 4031: loss 88.3110, time 374.03ms, mfu 1.78%
iter 4032: loss 83.2385, time 391.68ms, mfu 1.79%
iter 4033: loss 80.0397, time 510.15ms, mfu 1.75%
iter 4034: loss 78.3557, time 528.49ms, mfu 1.71%
iter 4035: loss 81.4400, time 435.97ms, mfu 1.70%
iter 4036: loss 86.7653, time 597.13ms, mfu 1.65%
iter 4037: loss 87.5604, time 380.77ms, mfu 1.67%
iter 4038: loss 88.1349, time 367.56ms, mfu 1.70%
iter 4039: loss 87.4529, time 582.96ms, mfu 1.65%
iter 4040: loss 90.2397, time 320.67ms, mfu 1.71%
iter 4041: loss 90.6392, time 506.26ms, mfu 1.68%
iter 4042: loss 87.1452, time 487.70ms, mfu 1.66%
iter 4043: loss 88.2215, time 375.75ms, mfu 1.68%
iter 4044: loss 80.2189, time 492.73ms, mfu 1.66%
iter 4045: loss 83.5559, time 427.99ms, mfu 1.66%
iter 4046: loss 92.0199, time 363.45ms, mfu 1.69%
iter 4047: loss 89.2002, time 405.81ms, mfu 1.70%
iter 4048: loss 85.7390, time 310.28ms, mfu 1.76%
iter 4049: loss 91.1521, time 369.45ms, mfu 1.77%
iter 4050: loss 81.1274, time 397.26ms, mfu 1.77%
iter 4051: loss 79.6938, time 263.83ms, mfu 1.87%
iter 4052: loss 80.4914, time 490.04ms, mfu 1.83%
iter 4053: loss 93.7862, time 381.37ms, mfu 1.83%
iter 4054: loss 91.5890, time 463.38ms, mfu 1.80%
iter 4055: loss 86.2249, time 318.48ms, mfu 1.84%
iter 4056: loss 87.0389, time 384.62ms, mfu 1.85%
iter 4057: loss 88.3746, time 300.38ms, mfu 1.90%
iter 4058: loss 84.8865, time 374.95ms, mfu 1.90%
iter 4059: loss 92.9265, time 528.18ms, mfu 1.84%
iter 4060: loss 89.4134, time 467.59ms, mfu 1.81%
iter 4061: loss 85.4317, time 386.89ms, mfu 1.81%
iter 4062: loss 85.4112, time 430.91ms, mfu 1.80%
iter 4063: loss 91.4863, time 398.71ms, mfu 1.80%
iter 4064: loss 84.0710, time 363.69ms, mfu 1.81%
iter 4065: loss 87.7782, time 483.32ms, mfu 1.78%
iter 4066: loss 96.9566, time 320.35ms, mfu 1.82%
iter 4067: loss 90.0816, time 466.41ms, mfu 1.79%
iter 4068: loss 86.4516, time 497.23ms, mfu 1.76%
iter 4069: loss 77.7593, time 490.64ms, mfu 1.73%
iter 4070: loss 92.2584, time 464.47ms, mfu 1.71%
iter 4071: loss 90.5785, time 410.56ms, mfu 1.71%
iter 4072: loss 87.5319, time 494.90ms, mfu 1.68%
srun: Job step aborted: Waiting up to 32 seconds for job step to finish.
slurmstepd: error: *** STEP 77750.0 ON turpancomp0 CANCELLED AT 2026-02-21T15:46:04 ***
W0221 15:46:04.606000 1218678 torch/distributed/elastic/agent/server/api.py:704] Received Signals.SIGTERM death signal, shutting down workers
W0221 15:46:04.606000 1218678 torch/distributed/elastic/multiprocessing/api.py:890] Sending process 1218746 closing signal SIGTERM
W0221 15:46:04.606000 3874067 torch/distributed/elastic/agent/server/api.py:704] Received Signals.SIGTERM death signal, shutting down workers
W0221 15:46:04.606000 1218678 torch/distributed/elastic/multiprocessing/api.py:890] Sending process 1218747 closing signal SIGTERM
slurmstepd: error: *** JOB 77750 ON turpancomp0 CANCELLED AT 2026-02-21T15:46:04 ***
W0221 15:46:04.606000 3874067 torch/distributed/elastic/multiprocessing/api.py:890] Sending process 3874136 closing signal SIGTERM
W0221 15:46:04.606000 3874067 torch/distributed/elastic/multiprocessing/api.py:890] Sending process 3874137 closing signal SIGTERM
