Loading gnu/11.2.0
  Loading requirement: binutils/11.2.0
==========================================
GPT-2 SME Training (Number Embeddings)
  Nodes:          4
  GPUs/node:      2
  Total GPUs:     8
  Dataset:        numtasks_sme_1k
  Data dir:       /tmpdir/m24047brmn/numbers/data/numtasks_sme_1k
  Checkpoint:     /tmpdir/m24047brmn/numbers/checkpoints/np_emb_v8_500k_model.pt
  Max iters:      15000
  Init from:      scratch
  Out dir:        /tmpdir/m24047brmn/numbers/model_checkpoints/sme
  Master:         10.158.1.100:37766
==========================================
Error in cpuinfo: prctl(PR_SVE_GET_VL) failed
Error in cpuinfo: prctl(PR_SVE_GET_VL) failed
Error in cpuinfo: prctl(PR_SVE_GET_VL) failed
Error in cpuinfo: prctl(PR_SVE_GET_VL) failed
W0221 19:44:25.673000 4075723 torch/distributed/run.py:793] 
W0221 19:44:25.673000 4075723 torch/distributed/run.py:793] *****************************************
W0221 19:44:25.673000 4075723 torch/distributed/run.py:793] Setting OMP_NUM_THREADS environment variable for each process to be 1 in default, to avoid your system being overloaded, please further tune the variable for optimal performance in your application as needed. 
W0221 19:44:25.673000 4075723 torch/distributed/run.py:793] *****************************************
W0221 19:44:25.799000 1249229 torch/distributed/run.py:793] 
W0221 19:44:25.799000 1249229 torch/distributed/run.py:793] *****************************************
W0221 19:44:25.799000 1249229 torch/distributed/run.py:793] Setting OMP_NUM_THREADS environment variable for each process to be 1 in default, to avoid your system being overloaded, please further tune the variable for optimal performance in your application as needed. 
W0221 19:44:25.799000 1249229 torch/distributed/run.py:793] *****************************************
W0221 19:44:25.830000 2224678 torch/distributed/run.py:793] 
W0221 19:44:25.830000 2224678 torch/distributed/run.py:793] *****************************************
W0221 19:44:25.830000 2224678 torch/distributed/run.py:793] Setting OMP_NUM_THREADS environment variable for each process to be 1 in default, to avoid your system being overloaded, please further tune the variable for optimal performance in your application as needed. 
W0221 19:44:25.830000 2224678 torch/distributed/run.py:793] *****************************************
W0221 19:44:25.884000 1997936 torch/distributed/run.py:793] 
W0221 19:44:25.884000 1997936 torch/distributed/run.py:793] *****************************************
W0221 19:44:25.884000 1997936 torch/distributed/run.py:793] Setting OMP_NUM_THREADS environment variable for each process to be 1 in default, to avoid your system being overloaded, please further tune the variable for optimal performance in your application as needed. 
W0221 19:44:25.884000 1997936 torch/distributed/run.py:793] *****************************************
tokens per iteration will be: 122,880
data directory: /tmpdir/m24047brmn/numbers/data/numtasks_sme_1k
tokens per iteration will be: 122,880
tokens per iteration will be: 122,880
data directory: /tmpdir/m24047brmn/numbers/data/numtasks_sme_1k
data directory: /tmpdir/m24047brmn/numbers/data/numtasks_sme_1k
found vocab_size = 50304 (inside /tmpdir/m24047brmn/numbers/data/numtasks_sme_1k/meta.pkl)
Initializing a new model from scratch
found vocab_size = 50304 (inside /tmpdir/m24047brmn/numbers/data/numtasks_sme_1k/meta.pkl)
Initializing a new model from scratch
tokens per iteration will be: 122,880
found vocab_size = 50304 (inside /tmpdir/m24047brmn/numbers/data/numtasks_sme_1k/meta.pkl)
Initializing a new model from scratch
Error in cpuinfo: prctl(PR_SVE_GET_VL) failed
data directory: /tmpdir/m24047brmn/numbers/data/numtasks_sme_1k
Error in cpuinfo: prctl(PR_SVE_GET_VL) failed
found vocab_size = 50304 (inside /tmpdir/m24047brmn/numbers/data/numtasks_sme_1k/meta.pkl)
Initializing a new model from scratch
Error in cpuinfo: prctl(PR_SVE_GET_VL) failed
Error in cpuinfo: prctl(PR_SVE_GET_VL) failed
tokens per iteration will be: 122,880
data directory: /tmpdir/m24047brmn/numbers/data/numtasks_sme_1k
tokens per iteration will be: 122,880
data directory: /tmpdir/m24047brmn/numbers/data/numtasks_sme_1k
found vocab_size = 50304 (inside /tmpdir/m24047brmn/numbers/data/numtasks_sme_1k/meta.pkl)
Initializing a new model from scratch
Error in cpuinfo: prctl(PR_SVE_GET_VL) failed
found vocab_size = 50304 (inside /tmpdir/m24047brmn/numbers/data/numtasks_sme_1k/meta.pkl)
Initializing a new model from scratch
Error in cpuinfo: prctl(PR_SVE_GET_VL) failed
tokens per iteration will be: 122,880
data directory: /tmpdir/m24047brmn/numbers/data/numtasks_sme_1k
tokens per iteration will be: 122,880
data directory: /tmpdir/m24047brmn/numbers/data/numtasks_sme_1k
found vocab_size = 50304 (inside /tmpdir/m24047brmn/numbers/data/numtasks_sme_1k/meta.pkl)
Initializing a new model from scratch
Error in cpuinfo: prctl(PR_SVE_GET_VL) failed
found vocab_size = 50304 (inside /tmpdir/m24047brmn/numbers/data/numtasks_sme_1k/meta.pkl)
Initializing a new model from scratch
Error in cpuinfo: prctl(PR_SVE_GET_VL) failed
number of parameters: 22.42M
number of parameters: 22.42M
number of parameters: 22.42M
number of parameters: 22.42M
number of parameters: 22.42M
number of parameters: 22.42M
number of parameters: 22.42M
/work/m24047/m24047brmn/numbers/GPT2/fe/train.py:239: FutureWarning: `torch.cuda.amp.GradScaler(args...)` is deprecated. Please use `torch.amp.GradScaler('cuda', args...)` instead.
  scaler = torch.cuda.amp.GradScaler(enabled=(dtype == 'float16'))
num decayed parameter tensors: 52, with 22,478,848 parameters
num non-decayed parameter tensors: 27, with 6,912 parameters
/work/m24047/m24047brmn/numbers/GPT2/fe/train.py:239: FutureWarning: `torch.cuda.amp.GradScaler(args...)` is deprecated. Please use `torch.amp.GradScaler('cuda', args...)` instead.
  scaler = torch.cuda.amp.GradScaler(enabled=(dtype == 'float16'))
num decayed parameter tensors: 52, with 22,478,848 parameters
num non-decayed parameter tensors: 27, with 6,912 parameters
number of parameters: 22.42M
/work/m24047/m24047brmn/numbers/GPT2/fe/train.py:239: FutureWarning: `torch.cuda.amp.GradScaler(args...)` is deprecated. Please use `torch.amp.GradScaler('cuda', args...)` instead.
  scaler = torch.cuda.amp.GradScaler(enabled=(dtype == 'float16'))
num decayed parameter tensors: 52, with 22,478,848 parameters
num non-decayed parameter tensors: 27, with 6,912 parameters
/work/m24047/m24047brmn/numbers/GPT2/fe/train.py:239: FutureWarning: `torch.cuda.amp.GradScaler(args...)` is deprecated. Please use `torch.amp.GradScaler('cuda', args...)` instead.
  scaler = torch.cuda.amp.GradScaler(enabled=(dtype == 'float16'))
num decayed parameter tensors: 52, with 22,478,848 parameters
num non-decayed parameter tensors: 27, with 6,912 parameters
/work/m24047/m24047brmn/numbers/GPT2/fe/train.py:239: FutureWarning: `torch.cuda.amp.GradScaler(args...)` is deprecated. Please use `torch.amp.GradScaler('cuda', args...)` instead.
  scaler = torch.cuda.amp.GradScaler(enabled=(dtype == 'float16'))
num decayed parameter tensors: 52, with 22,478,848 parameters
num non-decayed parameter tensors: 27, with 6,912 parameters
/work/m24047/m24047brmn/numbers/GPT2/fe/train.py:239: FutureWarning: `torch.cuda.amp.GradScaler(args...)` is deprecated. Please use `torch.amp.GradScaler('cuda', args...)` instead.
  scaler = torch.cuda.amp.GradScaler(enabled=(dtype == 'float16'))
num decayed parameter tensors: 52, with 22,478,848 parameters
num non-decayed parameter tensors: 27, with 6,912 parameters
/work/m24047/m24047brmn/numbers/GPT2/fe/train.py:239: FutureWarning: `torch.cuda.amp.GradScaler(args...)` is deprecated. Please use `torch.amp.GradScaler('cuda', args...)` instead.
  scaler = torch.cuda.amp.GradScaler(enabled=(dtype == 'float16'))
num decayed parameter tensors: 52, with 22,478,848 parameters
num non-decayed parameter tensors: 27, with 6,912 parameters
/work/m24047/m24047brmn/numbers/GPT2/fe/train.py:239: FutureWarning: `torch.cuda.amp.GradScaler(args...)` is deprecated. Please use `torch.amp.GradScaler('cuda', args...)` instead.
  scaler = torch.cuda.amp.GradScaler(enabled=(dtype == 'float16'))
num decayed parameter tensors: 52, with 22,478,848 parameters
num non-decayed parameter tensors: 27, with 6,912 parameters
using fused AdamW: True
compiling the model... (takes a ~minute)
using fused AdamW: True
compiling the model... (takes a ~minute)
using fused AdamW: True
compiling the model... (takes a ~minute)
using fused AdamW: True
compiling the model... (takes a ~minute)
using fused AdamW: True
compiling the model... (takes a ~minute)
using fused AdamW: True
compiling the model... (takes a ~minute)
using fused AdamW: True
compiling the model... (takes a ~minute)
using fused AdamW: True
compiling the model... (takes a ~minute)
step 0: train loss 10.8180, val loss 10.8102
iter 0: loss 10.8356, time 138745.15ms, mfu -100.00%
  === DIAG iter 0 ===
  loss: 10.8356
  grads: total 1.0000, transformer 0.9971, adapter 0.0765
  <NUM> input tokens: 625/3072 (20.3%)
  lr: 3.00e-07
  SME accuracy: overall 0.011, sign 0.000, exp 0.000, digit 0.018 [d0 0.000 d1 0.027 d2 0.027] (363 SME tokens)
iter 1: loss 10.8022, time 390.01ms, mfu -100.00%
iter 2: loss 10.7650, time 443.70ms, mfu -100.00%
iter 3: loss 10.7199, time 386.00ms, mfu -100.00%
iter 4: loss 10.6929, time 462.83ms, mfu -100.00%
iter 5: loss 10.6138, time 367.23ms, mfu 1.93%
iter 6: loss 10.5423, time 388.32ms, mfu 1.92%
iter 7: loss 10.4385, time 255.93ms, mfu 2.00%
iter 8: loss 10.3205, time 369.13ms, mfu 2.00%
iter 9: loss 10.1443, time 425.75ms, mfu 1.96%
iter 10: loss 10.1636, time 414.00ms, mfu 1.94%
iter 11: loss 10.0489, time 501.22ms, mfu 1.89%
iter 12: loss 9.8936, time 396.75ms, mfu 1.88%
iter 13: loss 9.7844, time 437.83ms, mfu 1.85%
iter 14: loss 9.6786, time 317.68ms, mfu 1.89%
iter 15: loss 9.5366, time 365.04ms, mfu 1.89%
iter 16: loss 9.6155, time 380.29ms, mfu 1.89%
iter 17: loss 9.4260, time 356.82ms, mfu 1.90%
iter 18: loss 9.2847, time 381.18ms, mfu 1.90%
iter 19: loss 9.1907, time 324.77ms, mfu 1.92%
iter 20: loss 9.2477, time 337.01ms, mfu 1.94%
iter 21: loss 9.1458, time 372.49ms, mfu 1.94%
iter 22: loss 9.0249, time 489.15ms, mfu 1.89%
iter 23: loss 8.9466, time 397.40ms, mfu 1.88%
iter 24: loss 8.8638, time 375.61ms, mfu 1.88%
iter 25: loss 8.7613, time 424.09ms, mfu 1.86%
iter 26: loss 8.7264, time 398.89ms, mfu 1.85%
iter 27: loss 8.6508, time 366.28ms, mfu 1.86%
iter 28: loss 8.4660, time 332.99ms, mfu 1.89%
iter 29: loss 8.5447, time 318.11ms, mfu 1.92%
iter 30: loss 8.4855, time 238.08ms, mfu 2.03%
iter 31: loss 8.3181, time 285.33ms, mfu 2.07%
iter 32: loss 8.2331, time 292.53ms, mfu 2.11%
iter 33: loss 8.2122, time 362.29ms, mfu 2.09%
iter 34: loss 8.3120, time 497.20ms, mfu 2.03%
iter 35: loss 8.0459, time 377.90ms, mfu 2.01%
iter 36: loss 8.1143, time 422.22ms, mfu 1.98%
iter 37: loss 7.9093, time 479.43ms, mfu 1.93%
iter 38: loss 8.1301, time 429.00ms, mfu 1.90%
iter 39: loss 7.8794, time 337.32ms, mfu 1.92%
iter 40: loss 7.9255, time 424.28ms, mfu 1.89%
iter 41: loss 7.8242, time 482.67ms, mfu 1.85%
iter 42: loss 7.8592, time 318.98ms, mfu 1.89%
iter 43: loss 7.7861, time 397.45ms, mfu 1.88%
iter 44: loss 7.8988, time 367.60ms, mfu 1.88%
iter 45: loss 7.5418, time 453.01ms, mfu 1.85%
iter 46: loss 7.6827, time 338.92ms, mfu 1.88%
iter 47: loss 7.5808, time 379.53ms, mfu 1.87%
iter 48: loss 7.7382, time 401.44ms, mfu 1.86%
iter 49: loss 7.6083, time 349.74ms, mfu 1.88%
iter 50: loss 7.4830, time 331.61ms, mfu 1.91%
iter 51: loss 7.5402, time 357.57ms, mfu 1.91%
iter 52: loss 7.5325, time 339.22ms, mfu 1.93%
iter 53: loss 7.5516, time 359.77ms, mfu 1.93%
iter 54: loss 7.5875, time 250.94ms, mfu 2.02%
iter 55: loss 7.4580, time 354.21ms, mfu 2.02%
iter 56: loss 7.2880, time 421.86ms, mfu 1.99%
iter 57: loss 7.5328, time 323.15ms, mfu 2.01%
iter 58: loss 7.3571, time 428.30ms, mfu 1.97%
iter 59: loss 7.4366, time 260.90ms, mfu 2.05%
iter 60: loss 7.2486, time 324.48ms, mfu 2.06%
iter 61: loss 7.1669, time 393.97ms, mfu 2.03%
iter 62: loss 7.3742, time 345.45ms, mfu 2.04%
iter 63: loss 7.1944, time 387.15ms, mfu 2.02%
iter 64: loss 7.1003, time 431.34ms, mfu 1.98%
iter 65: loss 7.1472, time 515.89ms, mfu 1.92%
iter 66: loss 7.0906, time 325.01ms, mfu 1.94%
iter 67: loss 6.9790, time 509.49ms, mfu 1.89%
iter 68: loss 7.2285, time 348.14ms, mfu 1.90%
iter 69: loss 7.1274, time 273.51ms, mfu 1.97%
iter 70: loss 7.0900, time 461.51ms, mfu 1.93%
iter 71: loss 7.0963, time 382.00ms, mfu 1.92%
iter 72: loss 6.9350, time 224.83ms, mfu 2.04%
iter 73: loss 7.0120, time 367.71ms, mfu 2.03%
iter 74: loss 6.9284, time 462.90ms, mfu 1.98%
iter 75: loss 6.9988, time 276.71ms, mfu 2.04%
iter 76: loss 6.9940, time 380.31ms, mfu 2.02%
iter 77: loss 6.9522, time 280.38ms, mfu 2.07%
iter 78: loss 6.9594, time 378.71ms, mfu 2.05%
iter 79: loss 7.1602, time 352.69ms, mfu 2.05%
iter 80: loss 6.9238, time 398.86ms, mfu 2.02%
iter 81: loss 6.9396, time 437.19ms, mfu 1.98%
iter 82: loss 6.7759, time 442.20ms, mfu 1.94%
iter 83: loss 6.8658, time 330.00ms, mfu 1.96%
iter 84: loss 6.8290, time 297.81ms, mfu 2.01%
iter 85: loss 6.8244, time 251.32ms, mfu 2.09%
iter 86: loss 6.7920, time 415.44ms, mfu 2.05%
iter 87: loss 6.7928, time 333.45ms, mfu 2.06%
iter 88: loss 6.7637, time 377.34ms, mfu 2.04%
iter 89: loss 6.7027, time 299.73ms, mfu 2.07%
iter 90: loss 6.8765, time 481.92ms, mfu 2.01%
iter 91: loss 6.6901, time 353.82ms, mfu 2.01%
iter 92: loss 6.6888, time 284.64ms, mfu 2.06%
iter 93: loss 6.7554, time 355.91ms, mfu 2.05%
iter 94: loss 6.6099, time 328.20ms, mfu 2.06%
iter 95: loss 6.7919, time 300.65ms, mfu 2.09%
iter 96: loss 6.6881, time 405.73ms, mfu 2.06%
iter 97: loss 6.6582, time 473.32ms, mfu 2.00%
iter 98: loss 6.5334, time 373.14ms, mfu 1.99%
iter 99: loss 6.4871, time 280.00ms, mfu 2.05%
iter 100: loss 6.5063, time 616.59ms, mfu 1.96%
  === DIAG iter 100 ===
  loss: 6.5063
  grads: total 1.0000, transformer 1.0000, adapter 0.0069
  <NUM> input tokens: 688/3072 (22.4%)
  lr: 3.03e-05
  SME accuracy: overall 0.179, sign 0.000, exp 0.688, digit 0.068 [d0 0.200 d1 0.000 d2 0.013] (397 SME tokens)
iter 101: loss 6.6074, time 176.04ms, mfu 2.16%
iter 102: loss 6.5553, time 343.27ms, mfu 2.15%
iter 103: loss 6.5803, time 319.88ms, mfu 2.16%
iter 104: loss 6.6266, time 354.68ms, mfu 2.14%
iter 105: loss 6.5794, time 313.11ms, mfu 2.16%
iter 106: loss 6.5684, time 303.73ms, mfu 2.17%
iter 107: loss 6.5058, time 379.97ms, mfu 2.14%
iter 108: loss 6.6072, time 280.59ms, mfu 2.18%
iter 109: loss 6.4235, time 345.19ms, mfu 2.17%
iter 110: loss 6.5449, time 392.66ms, mfu 2.13%
iter 111: loss 6.4700, time 391.06ms, mfu 2.10%
iter 112: loss 6.4985, time 256.69ms, mfu 2.17%
iter 113: loss 6.5665, time 394.27ms, mfu 2.13%
iter 114: loss 6.3539, time 479.30ms, mfu 2.06%
iter 115: loss 6.5076, time 284.97ms, mfu 2.11%
iter 116: loss 6.2801, time 396.26ms, mfu 2.07%
iter 117: loss 6.3583, time 313.31ms, mfu 2.09%
iter 118: loss 6.4650, time 422.59ms, mfu 2.05%
iter 119: loss 6.2642, time 253.83ms, mfu 2.13%
iter 120: loss 6.2919, time 247.64ms, mfu 2.20%
iter 121: loss 6.3707, time 330.89ms, mfu 2.19%
iter 122: loss 6.1321, time 413.73ms, mfu 2.15%
iter 123: loss 6.3498, time 306.74ms, mfu 2.16%
iter 124: loss 6.3450, time 248.03ms, mfu 2.23%
iter 125: loss 6.2453, time 410.85ms, mfu 2.18%
iter 126: loss 6.2560, time 437.72ms, mfu 2.12%
iter 127: loss 6.1977, time 364.98ms, mfu 2.11%
iter 128: loss 6.2946, time 439.22ms, mfu 2.06%
iter 129: loss 6.1585, time 333.45ms, mfu 2.06%
iter 130: loss 6.2074, time 396.99ms, mfu 2.04%
iter 131: loss 6.1420, time 291.31ms, mfu 2.08%
iter 132: loss 6.2574, time 377.83ms, mfu 2.06%
iter 133: loss 6.1550, time 424.41ms, mfu 2.02%
iter 134: loss 6.1255, time 383.26ms, mfu 2.00%
iter 135: loss 6.1752, time 216.38ms, mfu 2.13%
iter 136: loss 6.1940, time 391.29ms, mfu 2.10%
iter 137: loss 6.0244, time 442.64ms, mfu 2.05%
iter 138: loss 6.1152, time 537.33ms, mfu 1.97%
iter 139: loss 6.3123, time 447.86ms, mfu 1.93%
iter 140: loss 5.9780, time 301.18ms, mfu 1.98%
iter 141: loss 6.1010, time 486.82ms, mfu 1.92%
iter 142: loss 6.0797, time 407.76ms, mfu 1.91%
iter 143: loss 6.0680, time 307.45ms, mfu 1.95%
iter 144: loss 5.9324, time 341.52ms, mfu 1.96%
iter 145: loss 6.0328, time 362.98ms, mfu 1.96%
iter 146: loss 5.8256, time 423.97ms, mfu 1.93%
iter 147: loss 5.9517, time 379.40ms, mfu 1.92%
iter 148: loss 5.9551, time 384.54ms, mfu 1.92%
iter 149: loss 5.7787, time 325.83ms, mfu 1.94%
iter 150: loss 6.0688, time 333.32ms, mfu 1.96%
iter 151: loss 5.8310, time 580.69ms, mfu 1.89%
iter 152: loss 5.9221, time 478.79ms, mfu 1.85%
iter 153: loss 5.8586, time 297.72ms, mfu 1.90%
iter 154: loss 5.9948, time 321.18ms, mfu 1.93%
iter 155: loss 5.8421, time 283.04ms, mfu 1.99%
iter 156: loss 5.7478, time 440.43ms, mfu 1.95%
iter 157: loss 5.6941, time 445.26ms, mfu 1.91%
iter 158: loss 5.7357, time 241.56ms, mfu 2.02%
iter 159: loss 5.7667, time 348.63ms, mfu 2.02%
iter 160: loss 5.7035, time 399.68ms, mfu 1.99%
iter 161: loss 5.6939, time 361.62ms, mfu 1.99%
iter 162: loss 5.6941, time 354.80ms, mfu 1.99%
iter 163: loss 5.6152, time 366.88ms, mfu 1.98%
iter 164: loss 5.7625, time 302.30ms, mfu 2.02%
iter 165: loss 5.7940, time 506.16ms, mfu 1.96%
iter 166: loss 5.7163, time 357.17ms, mfu 1.96%
iter 167: loss 5.5356, time 338.92ms, mfu 1.97%
iter 168: loss 5.5687, time 308.83ms, mfu 2.01%
iter 169: loss 5.5419, time 341.49ms, mfu 2.01%
iter 170: loss 5.4623, time 245.79ms, mfu 2.10%
iter 171: loss 5.5892, time 554.37ms, mfu 2.02%
iter 172: loss 5.4246, time 335.70ms, mfu 2.03%
iter 173: loss 5.3833, time 203.55ms, mfu 2.17%
iter 174: loss 5.4217, time 357.66ms, mfu 2.15%
iter 175: loss 5.3276, time 459.24ms, mfu 2.09%
iter 176: loss 5.3871, time 312.83ms, mfu 2.11%
iter 177: loss 5.4701, time 497.96ms, mfu 2.04%
iter 178: loss 5.3898, time 355.19ms, mfu 2.04%
iter 179: loss 5.3922, time 421.70ms, mfu 2.00%
iter 180: loss 5.3361, time 365.67ms, mfu 1.99%
iter 181: loss 5.2127, time 478.12ms, mfu 1.94%
iter 182: loss 5.1848, time 406.00ms, mfu 1.92%
iter 183: loss 5.2461, time 447.60ms, mfu 1.89%
iter 184: loss 5.2220, time 388.86ms, mfu 1.88%
iter 185: loss 5.2620, time 404.62ms, mfu 1.87%
iter 186: loss 5.1910, time 299.94ms, mfu 1.92%
iter 187: loss 5.2265, time 413.39ms, mfu 1.90%
iter 188: loss 5.1418, time 456.22ms, mfu 1.86%
iter 189: loss 5.0326, time 432.92ms, mfu 1.84%
iter 190: loss 5.2017, time 425.51ms, mfu 1.82%
iter 191: loss 5.1517, time 274.29ms, mfu 1.90%
iter 192: loss 5.0946, time 331.60ms, mfu 1.92%
iter 193: loss 4.9730, time 303.08ms, mfu 1.97%
iter 194: loss 5.0191, time 346.26ms, mfu 1.97%
iter 195: loss 4.9613, time 248.79ms, mfu 2.06%
iter 196: loss 4.8570, time 395.16ms, mfu 2.03%
iter 197: loss 4.9637, time 440.21ms, mfu 1.99%
iter 198: loss 4.9890, time 338.10ms, mfu 2.00%
iter 199: loss 4.9913, time 336.28ms, mfu 2.01%
iter 200: loss 4.8828, time 380.81ms, mfu 2.00%
  === DIAG iter 200 ===
  loss: 4.8828
  grads: total 1.0000, transformer 0.9995, adapter 0.0312
  <NUM> input tokens: 649/3072 (21.1%)
  lr: 6.03e-05
  SME accuracy: overall 0.159, sign 0.000, exp 0.593, digit 0.066 [d0 0.176 d1 0.011 d2 0.044] (453 SME tokens)
iter 201: loss 4.9045, time 213.39ms, mfu 2.13%
iter 202: loss 4.9385, time 328.72ms, mfu 2.13%
iter 203: loss 4.8100, time 425.81ms, mfu 2.09%
iter 204: loss 4.8160, time 437.31ms, mfu 2.04%
iter 205: loss 4.9123, time 361.69ms, mfu 2.03%
iter 206: loss 4.9222, time 355.43ms, mfu 2.03%
iter 207: loss 4.7307, time 499.17ms, mfu 1.97%
iter 208: loss 4.7758, time 396.88ms, mfu 1.95%
iter 209: loss 4.6608, time 428.44ms, mfu 1.92%
iter 210: loss 4.8004, time 282.49ms, mfu 1.98%
iter 211: loss 4.7019, time 342.44ms, mfu 1.99%
iter 212: loss 4.5342, time 373.30ms, mfu 1.98%
iter 213: loss 4.6264, time 323.03ms, mfu 2.00%
iter 214: loss 4.6416, time 445.00ms, mfu 1.96%
iter 215: loss 4.5807, time 389.93ms, mfu 1.95%
iter 216: loss 4.5016, time 412.37ms, mfu 1.92%
iter 217: loss 4.5086, time 244.99ms, mfu 2.02%
iter 218: loss 4.6748, time 426.65ms, mfu 1.98%
iter 219: loss 4.5569, time 475.50ms, mfu 1.93%
iter 220: loss 4.3846, time 398.29ms, mfu 1.92%
iter 221: loss 4.4867, time 381.16ms, mfu 1.91%
iter 222: loss 4.4337, time 371.23ms, mfu 1.91%
iter 223: loss 4.2926, time 407.64ms, mfu 1.90%
iter 224: loss 4.2899, time 483.53ms, mfu 1.85%
iter 225: loss 4.2690, time 364.75ms, mfu 1.86%
iter 226: loss 4.2058, time 410.17ms, mfu 1.85%
iter 227: loss 4.1722, time 435.69ms, mfu 1.83%
iter 228: loss 4.3240, time 371.63ms, mfu 1.83%
iter 229: loss 4.1701, time 454.37ms, mfu 1.81%
iter 230: loss 4.1468, time 489.84ms, mfu 1.77%
iter 231: loss 4.1651, time 380.99ms, mfu 1.78%
iter 232: loss 4.2243, time 336.35ms, mfu 1.81%
iter 233: loss 4.0458, time 345.32ms, mfu 1.84%
iter 234: loss 4.0706, time 273.92ms, mfu 1.91%
iter 235: loss 4.1392, time 510.05ms, mfu 1.86%
iter 236: loss 4.0533, time 384.21ms, mfu 1.86%
iter 237: loss 4.0309, time 282.88ms, mfu 1.92%
iter 238: loss 3.9920, time 499.88ms, mfu 1.87%
iter 239: loss 3.9749, time 266.24ms, mfu 1.95%
iter 240: loss 3.8103, time 515.91ms, mfu 1.89%
iter 241: loss 3.7361, time 372.14ms, mfu 1.89%
iter 242: loss 3.9071, time 313.21ms, mfu 1.93%
iter 243: loss 3.8361, time 319.79ms, mfu 1.96%
iter 244: loss 3.7830, time 376.28ms, mfu 1.95%
iter 245: loss 3.8099, time 308.69ms, mfu 1.99%
iter 246: loss 3.7947, time 410.82ms, mfu 1.96%
iter 247: loss 3.7518, time 401.40ms, mfu 1.94%
iter 248: loss 3.6331, time 360.10ms, mfu 1.94%
iter 249: loss 3.6218, time 367.26ms, mfu 1.94%
iter 250: loss 3.5709, time 416.67ms, mfu 1.92%
iter 251: loss 3.7154, time 458.23ms, mfu 1.88%
iter 252: loss 3.5851, time 298.93ms, mfu 1.93%
iter 253: loss 3.6034, time 461.29ms, mfu 1.89%
iter 254: loss 3.5017, time 461.81ms, mfu 1.85%
iter 255: loss 3.6018, time 365.95ms, mfu 1.86%
iter 256: loss 3.5178, time 472.12ms, mfu 1.83%
iter 257: loss 3.5778, time 494.94ms, mfu 1.79%
iter 258: loss 3.4362, time 391.01ms, mfu 1.79%
iter 259: loss 3.5459, time 301.18ms, mfu 1.85%
iter 260: loss 3.4397, time 390.39ms, mfu 1.84%
iter 261: loss 3.4419, time 215.42ms, mfu 1.99%
iter 262: loss 3.4467, time 325.82ms, mfu 2.01%
iter 263: loss 3.2709, time 241.41ms, mfu 2.10%
iter 264: loss 3.3401, time 330.88ms, mfu 2.10%
iter 265: loss 3.3091, time 428.08ms, mfu 2.06%
iter 266: loss 3.1830, time 420.15ms, mfu 2.02%
iter 267: loss 3.2498, time 373.72ms, mfu 2.01%
iter 268: loss 3.0794, time 474.06ms, mfu 1.96%
iter 269: loss 3.2112, time 322.28ms, mfu 1.98%
iter 270: loss 3.0812, time 447.69ms, mfu 1.94%
iter 271: loss 3.0572, time 479.28ms, mfu 1.90%
iter 272: loss 3.0874, time 317.01ms, mfu 1.93%
iter 273: loss 3.0553, time 373.61ms, mfu 1.93%
iter 274: loss 3.0185, time 369.87ms, mfu 1.93%
iter 275: loss 3.0177, time 485.24ms, mfu 1.88%
iter 276: loss 2.9963, time 307.73ms, mfu 1.92%
iter 277: loss 2.9149, time 300.63ms, mfu 1.96%
iter 278: loss 2.8527, time 325.11ms, mfu 1.99%
iter 279: loss 2.8790, time 348.75ms, mfu 1.99%
iter 280: loss 2.7852, time 328.53ms, mfu 2.01%
iter 281: loss 2.8288, time 445.27ms, mfu 1.97%
iter 282: loss 2.7783, time 359.31ms, mfu 1.97%
iter 283: loss 2.8730, time 461.29ms, mfu 1.92%
iter 284: loss 2.8182, time 442.67ms, mfu 1.89%
iter 285: loss 2.7214, time 310.13ms, mfu 1.93%
iter 286: loss 2.6503, time 351.18ms, mfu 1.94%
iter 287: loss 2.7742, time 408.30ms, mfu 1.92%
iter 288: loss 2.7254, time 421.25ms, mfu 1.90%
iter 289: loss 2.6576, time 320.30ms, mfu 1.93%
iter 290: loss 2.5515, time 441.46ms, mfu 1.89%
iter 291: loss 2.4748, time 287.20ms, mfu 1.95%
iter 292: loss 2.5154, time 397.96ms, mfu 1.94%
iter 293: loss 2.5625, time 412.76ms, mfu 1.91%
iter 294: loss 2.5366, time 387.98ms, mfu 1.90%
iter 295: loss 2.3782, time 536.38ms, mfu 1.85%
iter 296: loss 2.4614, time 468.41ms, mfu 1.81%
iter 297: loss 2.4072, time 261.13ms, mfu 1.90%
iter 298: loss 2.3833, time 360.11ms, mfu 1.91%
iter 299: loss 2.4014, time 441.35ms, mfu 1.88%
iter 300: loss 2.3688, time 486.58ms, mfu 1.84%
  === DIAG iter 300 ===
  loss: 2.3688
  grads: total 1.0000, transformer 0.9923, adapter 0.1239
  <NUM> input tokens: 590/3072 (19.2%)
  lr: 9.03e-05
  SME accuracy: overall 0.227, sign 0.143, exp 0.683, digit 0.101 [d0 0.086 d1 0.105 d2 0.171] (516 SME tokens)
iter 301: loss 2.2609, time 175.32ms, mfu 2.06%
iter 302: loss 2.3060, time 397.32ms, mfu 2.03%
iter 303: loss 2.3332, time 416.12ms, mfu 2.00%
iter 304: loss 2.1444, time 419.61ms, mfu 1.97%
iter 305: loss 2.2110, time 390.58ms, mfu 1.95%
iter 306: loss 2.1729, time 425.50ms, mfu 1.92%
iter 307: loss 2.1580, time 456.42ms, mfu 1.89%
iter 308: loss 2.0409, time 425.07ms, mfu 1.86%
iter 309: loss 2.0960, time 410.73ms, mfu 1.85%
iter 310: loss 2.0708, time 316.37ms, mfu 1.89%
iter 311: loss 1.9635, time 320.10ms, mfu 1.92%
iter 312: loss 2.0677, time 299.20ms, mfu 1.97%
iter 313: loss 2.1022, time 343.33ms, mfu 1.98%
iter 314: loss 1.9996, time 314.83ms, mfu 2.00%
iter 315: loss 2.0174, time 439.12ms, mfu 1.96%
iter 316: loss 1.9712, time 316.38ms, mfu 1.99%
iter 317: loss 2.0728, time 300.72ms, mfu 2.03%
iter 318: loss 1.9500, time 366.27ms, mfu 2.02%
iter 319: loss 1.8715, time 351.13ms, mfu 2.02%
iter 320: loss 1.9890, time 309.70ms, mfu 2.05%
iter 321: loss 1.8918, time 394.45ms, mfu 2.02%
iter 322: loss 1.8729, time 397.00ms, mfu 2.00%
iter 323: loss 1.8175, time 305.49ms, mfu 2.03%
iter 324: loss 1.6829, time 287.25ms, mfu 2.07%
iter 325: loss 1.7110, time 381.67ms, mfu 2.05%
iter 326: loss 1.8432, time 380.50ms, mfu 2.03%
iter 327: loss 1.6893, time 236.42ms, mfu 2.13%
iter 328: loss 1.6480, time 471.67ms, mfu 2.07%
iter 329: loss 1.7081, time 429.75ms, mfu 2.02%
iter 330: loss 1.5884, time 387.96ms, mfu 2.01%
iter 331: loss 1.7571, time 324.80ms, mfu 2.02%
iter 332: loss 1.6690, time 372.47ms, mfu 2.01%
iter 333: loss 1.7127, time 348.10ms, mfu 2.01%
iter 334: loss 1.5784, time 444.49ms, mfu 1.97%
iter 335: loss 1.6901, time 341.17ms, mfu 1.98%
iter 336: loss 1.5862, time 356.66ms, mfu 1.98%
iter 337: loss 1.5431, time 405.60ms, mfu 1.96%
iter 338: loss 1.5037, time 261.25ms, mfu 2.03%
iter 339: loss 1.6028, time 495.08ms, mfu 1.97%
iter 340: loss 1.4528, time 523.53ms, mfu 1.91%
iter 341: loss 1.4751, time 498.88ms, mfu 1.86%
iter 342: loss 1.4344, time 390.71ms, mfu 1.86%
iter 343: loss 1.3849, time 283.68ms, mfu 1.92%
iter 344: loss 1.5428, time 244.02ms, mfu 2.02%
iter 345: loss 1.4158, time 494.09ms, mfu 1.96%
iter 346: loss 1.4478, time 292.56ms, mfu 2.01%
iter 347: loss 1.3586, time 442.28ms, mfu 1.97%
iter 348: loss 1.3944, time 498.63ms, mfu 1.91%
iter 349: loss 1.3010, time 318.07ms, mfu 1.94%
iter 350: loss 1.3119, time 322.79ms, mfu 1.97%
iter 351: loss 1.2636, time 423.69ms, mfu 1.94%
iter 352: loss 1.3404, time 480.08ms, mfu 1.89%
iter 353: loss 1.3071, time 317.99ms, mfu 1.93%
iter 354: loss 1.3100, time 317.37ms, mfu 1.96%
iter 355: loss 1.2869, time 240.25ms, mfu 2.06%
iter 356: loss 1.2848, time 464.61ms, mfu 2.00%
iter 357: loss 1.3180, time 364.38ms, mfu 2.00%
iter 358: loss 1.3283, time 421.77ms, mfu 1.97%
iter 359: loss 1.2960, time 440.53ms, mfu 1.93%
iter 360: loss 1.2673, time 238.64ms, mfu 2.03%
iter 361: loss 1.3044, time 432.93ms, mfu 1.99%
iter 362: loss 1.2131, time 284.65ms, mfu 2.04%
iter 363: loss 1.2302, time 351.05ms, mfu 2.04%
iter 364: loss 1.1830, time 240.44ms, mfu 2.13%
iter 365: loss 1.2042, time 324.75ms, mfu 2.14%
iter 366: loss 1.1605, time 526.58ms, mfu 2.06%
iter 367: loss 1.1633, time 381.16ms, mfu 2.04%
iter 368: loss 1.1631, time 328.34ms, mfu 2.05%
iter 369: loss 1.1022, time 344.51ms, mfu 2.05%
iter 370: loss 1.0952, time 513.61ms, mfu 1.98%
iter 371: loss 1.1046, time 346.65ms, mfu 1.99%
iter 372: loss 1.1131, time 279.18ms, mfu 2.04%
iter 373: loss 1.1009, time 304.24ms, mfu 2.07%
iter 374: loss 1.0571, time 458.04ms, mfu 2.02%
iter 375: loss 1.1235, time 370.87ms, mfu 2.01%
iter 376: loss 1.0760, time 433.79ms, mfu 1.97%
iter 377: loss 1.0399, time 246.95ms, mfu 2.06%
iter 378: loss 0.9312, time 380.03ms, mfu 2.04%
iter 379: loss 1.0255, time 493.92ms, mfu 1.98%
iter 380: loss 1.1173, time 274.01ms, mfu 2.04%
iter 381: loss 1.0265, time 454.51ms, mfu 1.99%
iter 382: loss 1.0481, time 248.05ms, mfu 2.08%
iter 383: loss 1.0148, time 441.67ms, mfu 2.03%
iter 384: loss 1.0421, time 409.90ms, mfu 2.00%
iter 385: loss 0.9511, time 354.54ms, mfu 2.00%
iter 386: loss 0.9594, time 415.78ms, mfu 1.97%
iter 387: loss 0.9688, time 418.35ms, mfu 1.94%
iter 388: loss 0.9593, time 427.49ms, mfu 1.92%
iter 389: loss 0.9706, time 423.88ms, mfu 1.89%
iter 390: loss 0.9265, time 363.83ms, mfu 1.90%
iter 391: loss 0.9135, time 294.64ms, mfu 1.95%
iter 392: loss 0.9104, time 379.64ms, mfu 1.94%
iter 393: loss 0.9319, time 265.69ms, mfu 2.01%
iter 394: loss 0.9357, time 337.46ms, mfu 2.02%
iter 395: loss 0.9723, time 371.40ms, mfu 2.01%
iter 396: loss 0.9559, time 490.28ms, mfu 1.95%
iter 397: loss 0.9248, time 462.53ms, mfu 1.91%
iter 398: loss 0.9407, time 373.09ms, mfu 1.91%
iter 399: loss 0.9698, time 428.99ms, mfu 1.88%
iter 400: loss 0.8733, time 561.87ms, mfu 1.82%
  === DIAG iter 400 ===
  loss: 0.8733
  grads: total 1.0000, transformer 0.9897, adapter 0.1430
  <NUM> input tokens: 658/3072 (21.4%)
  lr: 1.20e-04
  SME accuracy: overall 0.334, sign 0.526, exp 0.590, digit 0.190 [d0 0.167 d1 0.218 d2 0.192] (398 SME tokens)
iter 401: loss 0.8765, time 218.01ms, mfu 1.96%
iter 402: loss 0.8488, time 388.30ms, mfu 1.95%
iter 403: loss 0.9131, time 309.12ms, mfu 1.99%
iter 404: loss 0.8656, time 367.34ms, mfu 1.98%
iter 405: loss 0.8881, time 333.92ms, mfu 1.99%
iter 406: loss 0.8087, time 201.27ms, mfu 2.15%
iter 407: loss 0.9381, time 531.10ms, mfu 2.07%
iter 408: loss 0.8021, time 426.54ms, mfu 2.02%
iter 409: loss 0.7913, time 428.09ms, mfu 1.99%
iter 410: loss 0.8728, time 603.06ms, mfu 1.91%
iter 411: loss 0.8277, time 297.16ms, mfu 1.95%
iter 412: loss 0.9147, time 529.29ms, mfu 1.89%
iter 413: loss 0.7162, time 402.37ms, mfu 1.88%
iter 414: loss 0.8653, time 371.20ms, mfu 1.88%
iter 415: loss 0.8082, time 444.07ms, mfu 1.85%
iter 416: loss 0.8069, time 273.96ms, mfu 1.93%
iter 417: loss 0.8143, time 513.06ms, mfu 1.87%
iter 418: loss 0.8413, time 348.93ms, mfu 1.89%
iter 419: loss 0.7793, time 283.34ms, mfu 1.95%
iter 420: loss 0.7987, time 355.07ms, mfu 1.95%
iter 421: loss 0.7873, time 482.94ms, mfu 1.91%
iter 422: loss 0.7408, time 282.11ms, mfu 1.97%
iter 423: loss 0.8127, time 310.94ms, mfu 2.00%
iter 424: loss 0.8209, time 407.68ms, mfu 1.97%
iter 425: loss 0.7672, time 380.73ms, mfu 1.96%
iter 426: loss 0.7204, time 303.12ms, mfu 2.00%
iter 427: loss 0.8716, time 263.93ms, mfu 2.07%
iter 428: loss 0.7574, time 319.98ms, mfu 2.08%
iter 429: loss 0.7959, time 301.77ms, mfu 2.11%
iter 430: loss 0.7186, time 431.78ms, mfu 2.06%
iter 431: loss 0.7455, time 542.55ms, mfu 1.99%
iter 432: loss 0.7454, time 247.95ms, mfu 2.07%
iter 433: loss 0.7641, time 378.70ms, mfu 2.05%
iter 434: loss 0.7022, time 323.63ms, mfu 2.07%
iter 435: loss 0.7223, time 356.19ms, mfu 2.06%
iter 436: loss 0.6701, time 458.00ms, mfu 2.01%
iter 437: loss 0.7312, time 386.06ms, mfu 1.99%
iter 438: loss 0.6664, time 365.66ms, mfu 1.99%
iter 439: loss 0.7094, time 405.18ms, mfu 1.96%
iter 440: loss 0.7919, time 391.47ms, mfu 1.95%
iter 441: loss 0.7354, time 473.78ms, mfu 1.90%
iter 442: loss 0.6660, time 479.13ms, mfu 1.86%
iter 443: loss 0.7299, time 302.11ms, mfu 1.91%
iter 444: loss 0.6476, time 247.91ms, mfu 2.00%
iter 445: loss 0.7094, time 360.55ms, mfu 2.00%
iter 446: loss 0.7138, time 271.93ms, mfu 2.06%
iter 447: loss 0.7712, time 481.68ms, mfu 2.00%
iter 448: loss 0.7058, time 350.07ms, mfu 2.00%
iter 449: loss 0.6653, time 362.14ms, mfu 2.00%
iter 450: loss 0.6974, time 475.32ms, mfu 1.95%
iter 451: loss 0.6594, time 287.49ms, mfu 2.00%
iter 452: loss 0.6733, time 434.23ms, mfu 1.96%
iter 453: loss 0.6559, time 410.79ms, mfu 1.94%
iter 454: loss 0.6782, time 316.53ms, mfu 1.97%
iter 455: loss 0.6948, time 280.45ms, mfu 2.03%
iter 456: loss 0.6167, time 479.58ms, mfu 1.97%
iter 457: loss 0.6716, time 409.38ms, mfu 1.95%
iter 458: loss 0.6472, time 470.51ms, mfu 1.90%
iter 459: loss 0.6951, time 430.02ms, mfu 1.88%
iter 460: loss 0.6386, time 323.86ms, mfu 1.91%
iter 461: loss 0.6075, time 371.17ms, mfu 1.91%
iter 462: loss 0.6490, time 349.18ms, mfu 1.92%
iter 463: loss 0.6361, time 407.23ms, mfu 1.90%
iter 464: loss 0.7206, time 488.22ms, mfu 1.86%
iter 465: loss 0.6055, time 386.35ms, mfu 1.86%
iter 466: loss 0.5949, time 506.14ms, mfu 1.81%
iter 467: loss 0.7406, time 441.69ms, mfu 1.79%
iter 468: loss 0.6576, time 232.63ms, mfu 1.91%
iter 469: loss 0.6902, time 378.19ms, mfu 1.91%
iter 470: loss 0.5937, time 474.55ms, mfu 1.87%
iter 471: loss 0.6450, time 303.15ms, mfu 1.92%
iter 472: loss 0.6438, time 432.84ms, mfu 1.89%
iter 473: loss 0.6683, time 237.16ms, mfu 2.00%
iter 474: loss 0.6003, time 404.08ms, mfu 1.97%
iter 475: loss 0.6832, time 250.43ms, mfu 2.06%
iter 476: loss 0.6020, time 501.77ms, mfu 1.99%
iter 477: loss 0.6267, time 414.72ms, mfu 1.97%
iter 478: loss 0.6049, time 225.99ms, mfu 2.08%
iter 479: loss 0.6380, time 365.73ms, mfu 2.07%
iter 480: loss 0.5999, time 300.03ms, mfu 2.10%
iter 481: loss 0.6549, time 349.87ms, mfu 2.09%
iter 482: loss 0.5814, time 356.58ms, mfu 2.08%
iter 483: loss 0.7204, time 363.15ms, mfu 2.07%
iter 484: loss 0.6678, time 282.45ms, mfu 2.11%
iter 485: loss 0.5494, time 304.44ms, mfu 2.13%
iter 486: loss 0.6361, time 397.94ms, mfu 2.10%
iter 487: loss 0.7265, time 350.23ms, mfu 2.09%
iter 488: loss 0.6442, time 365.40ms, mfu 2.08%
iter 489: loss 0.6512, time 320.08ms, mfu 2.09%
iter 490: loss 0.6283, time 440.54ms, mfu 2.04%
iter 491: loss 0.5729, time 425.51ms, mfu 2.00%
iter 492: loss 0.6084, time 448.56ms, mfu 1.96%
iter 493: loss 0.5677, time 375.88ms, mfu 1.95%
iter 494: loss 0.5517, time 354.73ms, mfu 1.96%
iter 495: loss 0.5407, time 359.18ms, mfu 1.96%
iter 496: loss 0.5520, time 371.83ms, mfu 1.95%
iter 497: loss 0.5692, time 266.12ms, mfu 2.03%
iter 498: loss 0.6463, time 401.01ms, mfu 2.00%
iter 499: loss 0.5419, time 480.03ms, mfu 1.95%
iter 500: loss 0.6146, time 392.02ms, mfu 1.93%
  === DIAG iter 500 ===
  loss: 0.6146
  grads: total 1.0000, transformer 0.9824, adapter 0.1868
  <NUM> input tokens: 675/3072 (22.0%)
  lr: 1.50e-04
  SME accuracy: overall 0.396, sign 0.690, exp 0.628, digit 0.217 [d0 0.142 d1 0.265 d2 0.292] (558 SME tokens)
iter 501: loss 0.6182, time 229.33ms, mfu 2.05%
iter 502: loss 0.6300, time 220.32ms, mfu 2.17%
iter 503: loss 0.6262, time 316.33ms, mfu 2.17%
iter 504: loss 0.5464, time 502.34ms, mfu 2.10%
iter 505: loss 0.5673, time 310.71ms, mfu 2.12%
iter 506: loss 0.5814, time 340.31ms, mfu 2.11%
iter 507: loss 0.5942, time 363.49ms, mfu 2.10%
iter 508: loss 0.6870, time 398.43ms, mfu 2.06%
iter 509: loss 0.5926, time 397.01ms, mfu 2.04%
iter 510: loss 0.6063, time 339.39ms, mfu 2.04%
iter 511: loss 0.5607, time 324.67ms, mfu 2.06%
iter 512: loss 0.5825, time 357.94ms, mfu 2.05%
iter 513: loss 0.6180, time 241.22ms, mfu 2.14%
iter 514: loss 0.5847, time 304.39ms, mfu 2.16%
iter 515: loss 0.5363, time 376.94ms, mfu 2.13%
iter 516: loss 0.5798, time 296.74ms, mfu 2.15%
iter 517: loss 0.5808, time 304.84ms, mfu 2.17%
iter 518: loss 0.5590, time 339.33ms, mfu 2.16%
iter 519: loss 0.5928, time 427.95ms, mfu 2.11%
iter 520: loss 0.5264, time 390.44ms, mfu 2.08%
iter 521: loss 0.5402, time 415.25ms, mfu 2.05%
iter 522: loss 0.5185, time 332.44ms, mfu 2.05%
iter 523: loss 0.6410, time 370.98ms, mfu 2.04%
iter 524: loss 0.5696, time 488.16ms, mfu 1.98%
iter 525: loss 0.6185, time 315.60ms, mfu 2.01%
iter 526: loss 0.5914, time 296.79ms, mfu 2.05%
iter 527: loss 0.5999, time 474.58ms, mfu 1.99%
iter 528: loss 0.5770, time 274.48ms, mfu 2.05%
iter 529: loss 0.5813, time 360.38ms, mfu 2.04%
iter 530: loss 0.6124, time 248.36ms, mfu 2.12%
iter 531: loss 0.5647, time 494.83ms, mfu 2.05%
iter 532: loss 0.5235, time 464.93ms, mfu 2.00%
iter 533: loss 0.5661, time 342.32ms, mfu 2.01%
iter 534: loss 0.5820, time 360.22ms, mfu 2.00%
iter 535: loss 0.6004, time 307.79ms, mfu 2.03%
iter 536: loss 0.5860, time 341.48ms, mfu 2.04%
iter 537: loss 0.5430, time 543.07ms, mfu 1.96%
iter 538: loss 0.5852, time 442.50ms, mfu 1.93%
iter 539: loss 0.5574, time 416.69ms, mfu 1.91%
iter 540: loss 0.5516, time 288.42ms, mfu 1.96%
iter 541: loss 0.4883, time 349.98ms, mfu 1.97%
iter 542: loss 0.4820, time 361.31ms, mfu 1.97%
iter 543: loss 0.5819, time 509.42ms, mfu 1.91%
iter 544: loss 0.5017, time 491.98ms, mfu 1.86%
iter 545: loss 0.5737, time 406.99ms, mfu 1.85%
iter 546: loss 0.4468, time 311.79ms, mfu 1.89%
iter 547: loss 0.5417, time 430.86ms, mfu 1.87%
iter 548: loss 0.5401, time 375.25ms, mfu 1.87%
iter 549: loss 0.6045, time 261.67ms, mfu 1.95%
iter 550: loss 0.4811, time 366.02ms, mfu 1.95%
iter 551: loss 0.5044, time 396.55ms, mfu 1.94%
iter 552: loss 0.5218, time 482.03ms, mfu 1.89%
iter 553: loss 0.5219, time 427.91ms, mfu 1.87%
iter 554: loss 0.5893, time 397.26ms, mfu 1.86%
iter 555: loss 0.5552, time 369.03ms, mfu 1.86%
iter 556: loss 0.5683, time 383.42ms, mfu 1.86%
iter 557: loss 0.5225, time 371.73ms, mfu 1.87%
iter 558: loss 0.5102, time 287.11ms, mfu 1.93%
iter 559: loss 0.5486, time 473.34ms, mfu 1.88%
iter 560: loss 0.5475, time 354.33ms, mfu 1.90%
iter 561: loss 0.4880, time 436.48ms, mfu 1.87%
iter 562: loss 0.5462, time 418.03ms, mfu 1.85%
iter 563: loss 0.4837, time 468.37ms, mfu 1.82%
iter 564: loss 0.4669, time 444.25ms, mfu 1.80%
iter 565: loss 0.5665, time 313.18ms, mfu 1.84%
iter 566: loss 0.4557, time 517.76ms, mfu 1.79%
iter 567: loss 0.4884, time 356.80ms, mfu 1.81%
iter 568: loss 0.5378, time 396.39ms, mfu 1.81%
iter 569: loss 0.5113, time 431.61ms, mfu 1.79%
iter 570: loss 0.4442, time 417.78ms, mfu 1.78%
iter 571: loss 0.5396, time 370.34ms, mfu 1.80%
iter 572: loss 0.5139, time 375.50ms, mfu 1.81%
iter 573: loss 0.4771, time 357.88ms, mfu 1.82%
iter 574: loss 0.4660, time 287.24ms, mfu 1.89%
iter 575: loss 0.5075, time 287.23ms, mfu 1.95%
iter 576: loss 0.5032, time 302.88ms, mfu 1.99%
iter 577: loss 0.5001, time 334.12ms, mfu 2.00%
iter 578: loss 0.4836, time 474.13ms, mfu 1.95%
iter 579: loss 0.4646, time 373.19ms, mfu 1.94%
iter 580: loss 0.5685, time 398.92ms, mfu 1.93%
iter 581: loss 0.5275, time 355.48ms, mfu 1.93%
iter 582: loss 0.5828, time 462.97ms, mfu 1.89%
iter 583: loss 0.5062, time 369.05ms, mfu 1.90%
iter 584: loss 0.5042, time 417.52ms, mfu 1.88%
iter 585: loss 0.5159, time 255.59ms, mfu 1.97%
iter 586: loss 0.5097, time 437.34ms, mfu 1.93%
iter 587: loss 0.5171, time 360.72ms, mfu 1.93%
iter 588: loss 0.4945, time 377.35ms, mfu 1.93%
iter 589: loss 0.4960, time 466.19ms, mfu 1.89%
iter 590: loss 0.4734, time 305.24ms, mfu 1.93%
iter 591: loss 0.4927, time 412.39ms, mfu 1.91%
iter 592: loss 0.5231, time 399.50ms, mfu 1.90%
iter 593: loss 0.5620, time 404.91ms, mfu 1.88%
iter 594: loss 0.5365, time 443.75ms, mfu 1.85%
iter 595: loss 0.5432, time 311.67ms, mfu 1.90%
iter 596: loss 0.5235, time 300.46ms, mfu 1.94%
iter 597: loss 0.5458, time 336.77ms, mfu 1.96%
iter 598: loss 0.4806, time 502.43ms, mfu 1.90%
iter 599: loss 0.4985, time 348.76ms, mfu 1.92%
iter 600: loss 0.5309, time 514.59ms, mfu 1.86%
  === DIAG iter 600 ===
  loss: 0.5309
  grads: total 1.0000, transformer 0.9782, adapter 0.2078
  <NUM> input tokens: 632/3072 (20.6%)
  lr: 1.80e-04
  SME accuracy: overall 0.433, sign 0.884, exp 0.705, digit 0.188 [d0 0.135 d1 0.225 d2 0.243] (554 SME tokens)
iter 601: loss 0.5507, time 231.45ms, mfu 1.98%
iter 602: loss 0.5035, time 304.10ms, mfu 2.02%
iter 603: loss 0.5671, time 426.68ms, mfu 1.98%
iter 604: loss 0.5228, time 335.79ms, mfu 1.99%
iter 605: loss 0.5010, time 299.87ms, mfu 2.03%
iter 606: loss 0.5153, time 357.19ms, mfu 2.03%
iter 607: loss 0.4853, time 461.98ms, mfu 1.98%
iter 608: loss 0.4764, time 463.67ms, mfu 1.93%
iter 609: loss 0.4731, time 391.32ms, mfu 1.92%
iter 610: loss 0.4918, time 361.96ms, mfu 1.92%
iter 611: loss 0.4480, time 357.00ms, mfu 1.93%
iter 612: loss 0.5867, time 359.70ms, mfu 1.93%
iter 613: loss 0.5433, time 303.23ms, mfu 1.97%
iter 614: loss 0.5420, time 404.44ms, mfu 1.95%
iter 615: loss 0.4922, time 346.60ms, mfu 1.96%
iter 616: loss 0.5467, time 257.67ms, mfu 2.04%
iter 617: loss 0.4157, time 358.43ms, mfu 2.03%
iter 618: loss 0.4814, time 450.43ms, mfu 1.99%
iter 619: loss 0.5336, time 325.82ms, mfu 2.01%
iter 620: loss 0.5069, time 239.24ms, mfu 2.10%
iter 621: loss 0.5165, time 322.08ms, mfu 2.11%
iter 622: loss 0.4755, time 367.57ms, mfu 2.09%
iter 623: loss 0.4773, time 412.01ms, mfu 2.06%
iter 624: loss 0.4356, time 381.74ms, mfu 2.04%
iter 625: loss 0.4764, time 298.02ms, mfu 2.07%
iter 626: loss 0.5522, time 267.29ms, mfu 2.13%
iter 627: loss 0.4452, time 444.30ms, mfu 2.08%
iter 628: loss 0.4600, time 340.14ms, mfu 2.08%
iter 629: loss 0.4583, time 408.29ms, mfu 2.04%
iter 630: loss 0.4866, time 343.48ms, mfu 2.04%
iter 631: loss 0.5407, time 373.79ms, mfu 2.03%
iter 632: loss 0.5588, time 419.05ms, mfu 2.00%
iter 633: loss 0.5152, time 368.49ms, mfu 1.99%
iter 634: loss 0.5165, time 421.56ms, mfu 1.96%
iter 635: loss 0.4618, time 487.05ms, mfu 1.91%
iter 636: loss 0.4532, time 314.01ms, mfu 1.94%
iter 637: loss 0.5807, time 371.87ms, mfu 1.94%
iter 638: loss 0.4710, time 427.92ms, mfu 1.91%
iter 639: loss 0.4654, time 438.58ms, mfu 1.88%
iter 640: loss 0.5242, time 268.25ms, mfu 1.96%
iter 641: loss 0.4454, time 374.99ms, mfu 1.95%
iter 642: loss 0.4464, time 392.94ms, mfu 1.94%
iter 643: loss 0.5087, time 292.33ms, mfu 1.98%
iter 644: loss 0.4914, time 365.70ms, mfu 1.98%
iter 645: loss 0.5260, time 226.80ms, mfu 2.09%
iter 646: loss 0.5041, time 360.19ms, mfu 2.08%
iter 647: loss 0.5155, time 323.55ms, mfu 2.09%
iter 648: loss 0.4507, time 337.79ms, mfu 2.09%
iter 649: loss 0.4836, time 490.48ms, mfu 2.03%
iter 650: loss 0.4238, time 420.55ms, mfu 1.99%
iter 651: loss 0.4774, time 380.80ms, mfu 1.98%
iter 652: loss 0.5276, time 311.19ms, mfu 2.01%
iter 653: loss 0.5294, time 392.08ms, mfu 1.99%
iter 654: loss 0.4851, time 465.28ms, mfu 1.94%
iter 655: loss 0.4618, time 312.24ms, mfu 1.98%
iter 656: loss 0.4449, time 330.24ms, mfu 1.99%
iter 657: loss 0.4966, time 395.80ms, mfu 1.97%
iter 658: loss 0.4224, time 455.84ms, mfu 1.93%
iter 659: loss 0.4581, time 309.87ms, mfu 1.97%
iter 660: loss 0.5210, time 408.78ms, mfu 1.94%
iter 661: loss 0.4910, time 378.65ms, mfu 1.94%
iter 662: loss 0.4480, time 414.43ms, mfu 1.91%
iter 663: loss 0.5008, time 544.97ms, mfu 1.85%
iter 664: loss 0.4312, time 515.01ms, mfu 1.80%
iter 665: loss 0.4920, time 463.82ms, mfu 1.78%
iter 666: loss 0.4716, time 239.66ms, mfu 1.90%
iter 667: loss 0.4991, time 420.67ms, mfu 1.87%
iter 668: loss 0.4493, time 429.61ms, mfu 1.85%
iter 669: loss 0.4456, time 237.83ms, mfu 1.96%
iter 670: loss 0.5248, time 357.43ms, mfu 1.97%
iter 671: loss 0.4903, time 290.97ms, mfu 2.01%
iter 672: loss 0.4467, time 395.65ms, mfu 1.99%
iter 673: loss 0.4520, time 384.44ms, mfu 1.98%
iter 674: loss 0.5009, time 403.34ms, mfu 1.95%
iter 675: loss 0.4552, time 216.24ms, mfu 2.09%
iter 676: loss 0.4697, time 257.47ms, mfu 2.15%
iter 677: loss 0.4551, time 357.33ms, mfu 2.14%
iter 678: loss 0.4990, time 400.04ms, mfu 2.10%
iter 679: loss 0.4819, time 516.08ms, mfu 2.03%
iter 680: loss 0.4502, time 368.47ms, mfu 2.02%
iter 681: loss 0.4602, time 379.50ms, mfu 2.00%
iter 682: loss 0.5370, time 365.32ms, mfu 2.00%
iter 683: loss 0.4550, time 263.75ms, mfu 2.06%
iter 684: loss 0.5016, time 368.39ms, mfu 2.05%
iter 685: loss 0.4546, time 432.84ms, mfu 2.01%
iter 686: loss 0.5050, time 377.98ms, mfu 2.00%
iter 687: loss 0.4193, time 289.45ms, mfu 2.04%
iter 688: loss 0.5100, time 382.29ms, mfu 2.02%
iter 689: loss 0.4640, time 340.95ms, mfu 2.03%
iter 690: loss 0.4928, time 293.77ms, mfu 2.07%
iter 691: loss 0.4715, time 376.46ms, mfu 2.05%
iter 692: loss 0.4970, time 423.74ms, mfu 2.01%
iter 693: loss 0.4773, time 328.99ms, mfu 2.02%
iter 694: loss 0.4775, time 342.29ms, mfu 2.03%
iter 695: loss 0.4456, time 419.56ms, mfu 2.00%
iter 696: loss 0.4458, time 454.01ms, mfu 1.95%
iter 697: loss 0.4290, time 371.07ms, mfu 1.95%
iter 698: loss 0.4974, time 468.85ms, mfu 1.90%
iter 699: loss 0.5065, time 454.16ms, mfu 1.87%
iter 700: loss 0.5100, time 546.49ms, mfu 1.81%
  === DIAG iter 700 ===
  loss: 0.5100
  grads: total 1.0000, transformer 0.9747, adapter 0.2236
  <NUM> input tokens: 674/3072 (21.9%)
  lr: 2.10e-04
  SME accuracy: overall 0.435, sign 0.860, exp 0.719, digit 0.197 [d0 0.140 d1 0.211 d2 0.254] (568 SME tokens)
iter 701: loss 0.4300, time 183.35ms, mfu 2.02%
iter 702: loss 0.4917, time 352.59ms, mfu 2.02%
iter 703: loss 0.4891, time 272.18ms, mfu 2.08%
iter 704: loss 0.4664, time 295.12ms, mfu 2.11%
iter 705: loss 0.4378, time 373.01ms, mfu 2.09%
iter 706: loss 0.4312, time 412.64ms, mfu 2.05%
iter 707: loss 0.4619, time 386.52ms, mfu 2.03%
iter 708: loss 0.5167, time 427.03ms, mfu 1.99%
iter 709: loss 0.3987, time 332.37ms, mfu 2.01%
iter 710: loss 0.4077, time 410.82ms, mfu 1.98%
iter 711: loss 0.5092, time 385.74ms, mfu 1.96%
iter 712: loss 0.4833, time 277.27ms, mfu 2.02%
iter 713: loss 0.4637, time 457.46ms, mfu 1.98%
iter 714: loss 0.4647, time 400.15ms, mfu 1.96%
iter 715: loss 0.4241, time 381.21ms, mfu 1.95%
iter 716: loss 0.4605, time 295.43ms, mfu 1.99%
iter 717: loss 0.5064, time 211.90ms, mfu 2.13%
iter 718: loss 0.4236, time 292.72ms, mfu 2.16%
iter 719: loss 0.4412, time 388.92ms, mfu 2.12%
iter 720: loss 0.4011, time 367.19ms, mfu 2.10%
iter 721: loss 0.5201, time 413.02ms, mfu 2.06%
iter 722: loss 0.4456, time 525.87ms, mfu 1.99%
iter 723: loss 0.4727, time 405.35ms, mfu 1.97%
iter 724: loss 0.4587, time 313.78ms, mfu 2.00%
iter 725: loss 0.4407, time 354.98ms, mfu 2.00%
iter 726: loss 0.4444, time 358.97ms, mfu 1.99%
iter 727: loss 0.4559, time 288.11ms, mfu 2.04%
iter 728: loss 0.4476, time 324.54ms, mfu 2.06%
iter 729: loss 0.4834, time 239.75ms, mfu 2.15%
iter 730: loss 0.4416, time 428.07ms, mfu 2.10%
iter 731: loss 0.4361, time 416.09ms, mfu 2.06%
iter 732: loss 0.4726, time 307.06ms, mfu 2.08%
iter 733: loss 0.4479, time 236.36ms, mfu 2.17%
iter 734: loss 0.4564, time 377.77ms, mfu 2.14%
iter 735: loss 0.4615, time 389.44ms, mfu 2.11%
iter 736: loss 0.4551, time 262.60ms, mfu 2.17%
iter 737: loss 0.4557, time 350.18ms, mfu 2.16%
iter 738: loss 0.4240, time 398.29ms, mfu 2.12%
iter 739: loss 0.5015, time 232.07ms, mfu 2.21%
iter 740: loss 0.4471, time 324.91ms, mfu 2.21%
iter 741: loss 0.4985, time 417.91ms, mfu 2.16%
iter 742: loss 0.3740, time 417.10ms, mfu 2.11%
iter 743: loss 0.4906, time 269.35ms, mfu 2.16%
iter 744: loss 0.4861, time 345.74ms, mfu 2.15%
iter 745: loss 0.4948, time 398.02ms, mfu 2.12%
iter 746: loss 0.4867, time 314.78ms, mfu 2.13%
iter 747: loss 0.4363, time 383.75ms, mfu 2.10%
iter 748: loss 0.4700, time 465.20ms, mfu 2.04%
iter 749: loss 0.4554, time 362.79ms, mfu 2.03%
iter 750: loss 0.4974, time 335.66ms, mfu 2.04%
iter 751: loss 0.4186, time 334.06ms, mfu 2.05%
iter 752: loss 0.4546, time 287.38ms, mfu 2.09%
iter 753: loss 0.5221, time 325.71ms, mfu 2.10%
iter 754: loss 0.4743, time 398.12ms, mfu 2.07%
iter 755: loss 0.4987, time 252.92ms, mfu 2.14%
iter 756: loss 0.4741, time 350.91ms, mfu 2.13%
iter 757: loss 0.4993, time 402.45ms, mfu 2.09%
iter 758: loss 0.4585, time 331.50ms, mfu 2.10%
iter 759: loss 0.4509, time 252.62ms, mfu 2.17%
iter 760: loss 0.4305, time 394.57ms, mfu 2.13%
iter 761: loss 0.3867, time 363.99ms, mfu 2.11%
iter 762: loss 0.4227, time 401.11ms, mfu 2.08%
iter 763: loss 0.4554, time 319.05ms, mfu 2.09%
iter 764: loss 0.4336, time 319.98ms, mfu 2.10%
iter 765: loss 0.4607, time 406.50ms, mfu 2.07%
iter 766: loss 0.4382, time 298.62ms, mfu 2.10%
iter 767: loss 0.4629, time 302.71ms, mfu 2.12%
iter 768: loss 0.4675, time 479.91ms, mfu 2.06%
iter 769: loss 0.4808, time 340.20ms, mfu 2.06%
iter 770: loss 0.4996, time 453.23ms, mfu 2.01%
iter 771: loss 0.4329, time 296.99ms, mfu 2.05%
iter 772: loss 0.4044, time 354.90ms, mfu 2.04%
iter 773: loss 0.4655, time 522.34ms, mfu 1.97%
iter 774: loss 0.4524, time 333.39ms, mfu 1.99%
iter 775: loss 0.4228, time 512.06ms, mfu 1.93%
iter 776: loss 0.4366, time 358.08ms, mfu 1.93%
iter 777: loss 0.4693, time 533.93ms, mfu 1.87%
iter 778: loss 0.4452, time 432.35ms, mfu 1.85%
iter 779: loss 0.3923, time 344.47ms, mfu 1.87%
iter 780: loss 0.4667, time 380.93ms, mfu 1.87%
iter 781: loss 0.4584, time 251.68ms, mfu 1.96%
iter 782: loss 0.4272, time 299.95ms, mfu 2.00%
iter 783: loss 0.4131, time 480.63ms, mfu 1.95%
iter 784: loss 0.4229, time 409.46ms, mfu 1.93%
iter 785: loss 0.3953, time 338.53ms, mfu 1.95%
iter 786: loss 0.4971, time 258.56ms, mfu 2.03%
iter 787: loss 0.4313, time 369.97ms, mfu 2.01%
iter 788: loss 0.4290, time 477.69ms, mfu 1.96%
iter 789: loss 0.4571, time 340.05ms, mfu 1.97%
iter 790: loss 0.4154, time 362.38ms, mfu 1.97%
iter 791: loss 0.4365, time 319.73ms, mfu 2.00%
iter 792: loss 0.3938, time 515.35ms, mfu 1.93%
iter 793: loss 0.4309, time 274.66ms, mfu 2.00%
iter 794: loss 0.4154, time 453.44ms, mfu 1.96%
iter 795: loss 0.3644, time 301.16ms, mfu 1.99%
iter 796: loss 0.4418, time 409.42ms, mfu 1.97%
iter 797: loss 0.3986, time 462.15ms, mfu 1.93%
iter 798: loss 0.3891, time 300.38ms, mfu 1.97%
iter 799: loss 0.4562, time 314.48ms, mfu 2.00%
iter 800: loss 0.4726, time 578.24ms, mfu 1.92%
  === DIAG iter 800 ===
  loss: 0.4726
  grads: total 0.4914, transformer 0.4762, adapter 0.1216
  <NUM> input tokens: 596/3072 (19.4%)
  lr: 2.40e-04
  SME accuracy: overall 0.464, sign 0.886, exp 0.745, digit 0.232 [d0 0.229 d1 0.238 d2 0.219] (530 SME tokens)
iter 801: loss 0.4484, time 175.46ms, mfu 2.13%
iter 802: loss 0.5166, time 457.28ms, mfu 2.07%
iter 803: loss 0.3915, time 584.26ms, mfu 1.99%
iter 804: loss 0.4184, time 329.96ms, mfu 2.00%
iter 805: loss 0.5029, time 407.14ms, mfu 1.98%
iter 806: loss 0.5325, time 332.65ms, mfu 1.99%
iter 807: loss 0.4285, time 352.83ms, mfu 1.99%
iter 808: loss 0.3928, time 427.02ms, mfu 1.96%
iter 809: loss 0.4241, time 332.56ms, mfu 1.98%
iter 810: loss 0.4154, time 250.97ms, mfu 2.06%
iter 811: loss 0.4334, time 368.97ms, mfu 2.05%
iter 812: loss 0.4111, time 366.86ms, mfu 2.04%
iter 813: loss 0.4898, time 309.68ms, mfu 2.06%
iter 814: loss 0.5022, time 503.36ms, mfu 2.00%
iter 815: loss 0.5263, time 301.65ms, mfu 2.03%
iter 816: loss 0.4149, time 352.08ms, mfu 2.03%
iter 817: loss 0.4930, time 427.11ms, mfu 1.99%
iter 818: loss 0.4690, time 348.20ms, mfu 2.00%
iter 819: loss 0.4865, time 350.50ms, mfu 2.00%
iter 820: loss 0.3901, time 329.51ms, mfu 2.01%
iter 821: loss 0.4592, time 341.59ms, mfu 2.02%
iter 822: loss 0.4188, time 404.58ms, mfu 1.99%
iter 823: loss 0.4722, time 339.09ms, mfu 2.00%
iter 824: loss 0.5008, time 442.35ms, mfu 1.96%
iter 825: loss 0.4215, time 401.26ms, mfu 1.94%
iter 826: loss 0.4729, time 421.08ms, mfu 1.92%
iter 827: loss 0.4200, time 422.95ms, mfu 1.89%
iter 828: loss 0.4981, time 479.93ms, mfu 1.85%
iter 829: loss 0.4354, time 331.07ms, mfu 1.88%
iter 830: loss 0.4591, time 364.72ms, mfu 1.89%
iter 831: loss 0.4564, time 476.97ms, mfu 1.85%
iter 832: loss 0.4457, time 355.62ms, mfu 1.86%
iter 833: loss 0.4374, time 368.83ms, mfu 1.87%
iter 834: loss 0.4747, time 350.40ms, mfu 1.88%
iter 835: loss 0.4367, time 413.79ms, mfu 1.87%
iter 836: loss 0.5008, time 451.50ms, mfu 1.84%
iter 837: loss 0.4821, time 371.46ms, mfu 1.84%
iter 838: loss 0.4843, time 367.22ms, mfu 1.85%
iter 839: loss 0.4680, time 327.83ms, mfu 1.88%
iter 840: loss 0.4409, time 428.65ms, mfu 1.86%
iter 841: loss 0.4658, time 298.75ms, mfu 1.91%
iter 842: loss 0.4616, time 369.32ms, mfu 1.91%
iter 843: loss 0.4374, time 271.96ms, mfu 1.98%
iter 844: loss 0.3905, time 359.04ms, mfu 1.98%
iter 845: loss 0.4682, time 439.30ms, mfu 1.94%
iter 846: loss 0.4691, time 422.32ms, mfu 1.92%
iter 847: loss 0.4175, time 302.61ms, mfu 1.96%
iter 848: loss 0.4191, time 404.54ms, mfu 1.94%
iter 849: loss 0.4357, time 439.52ms, mfu 1.91%
iter 850: loss 0.3923, time 441.65ms, mfu 1.88%
iter 851: loss 0.4874, time 243.48ms, mfu 1.98%
iter 852: loss 0.4473, time 388.97ms, mfu 1.96%
iter 853: loss 0.4779, time 252.17ms, mfu 2.05%
iter 854: loss 0.3765, time 388.00ms, mfu 2.03%
iter 855: loss 0.4250, time 266.57ms, mfu 2.09%
iter 856: loss 0.4003, time 235.95ms, mfu 2.18%
iter 857: loss 0.4306, time 356.30ms, mfu 2.16%
iter 858: loss 0.4220, time 278.29ms, mfu 2.20%
iter 859: loss 0.4531, time 241.93ms, mfu 2.27%
iter 860: loss 0.4214, time 448.54ms, mfu 2.20%
iter 861: loss 0.4140, time 406.30ms, mfu 2.16%
iter 862: loss 0.4125, time 444.66ms, mfu 2.10%
iter 863: loss 0.4055, time 377.62ms, mfu 2.08%
iter 864: loss 0.4769, time 316.21ms, mfu 2.10%
iter 865: loss 0.4687, time 448.14ms, mfu 2.04%
iter 866: loss 0.4400, time 290.72ms, mfu 2.08%
iter 867: loss 0.4708, time 371.94ms, mfu 2.07%
iter 868: loss 0.4683, time 237.07ms, mfu 2.16%
iter 869: loss 0.4794, time 293.73ms, mfu 2.18%
iter 870: loss 0.4057, time 244.75ms, mfu 2.25%
iter 871: loss 0.4243, time 415.97ms, mfu 2.20%
iter 872: loss 0.4150, time 244.71ms, mfu 2.27%
iter 873: loss 0.4162, time 414.12ms, mfu 2.21%
iter 874: loss 0.3947, time 335.40ms, mfu 2.20%
iter 875: loss 0.4646, time 346.95ms, mfu 2.19%
iter 876: loss 0.4223, time 302.86ms, mfu 2.20%
iter 877: loss 0.3767, time 408.18ms, mfu 2.16%
iter 878: loss 0.4848, time 465.11ms, mfu 2.09%
iter 879: loss 0.4775, time 418.79ms, mfu 2.05%
iter 880: loss 0.4769, time 298.16ms, mfu 2.09%
iter 881: loss 0.3995, time 425.67ms, mfu 2.04%
iter 882: loss 0.4525, time 370.81ms, mfu 2.03%
iter 883: loss 0.4222, time 347.51ms, mfu 2.03%
iter 884: loss 0.4859, time 442.15ms, mfu 1.99%
iter 885: loss 0.4196, time 519.48ms, mfu 1.93%
iter 886: loss 0.4655, time 265.00ms, mfu 2.00%
iter 887: loss 0.4332, time 457.30ms, mfu 1.96%
iter 888: loss 0.4702, time 326.86ms, mfu 1.98%
iter 889: loss 0.4198, time 318.92ms, mfu 2.00%
iter 890: loss 0.4125, time 347.45ms, mfu 2.01%
iter 891: loss 0.4305, time 402.67ms, mfu 1.98%
iter 892: loss 0.4131, time 320.01ms, mfu 2.00%
iter 893: loss 0.4467, time 459.57ms, mfu 1.96%
iter 894: loss 0.4242, time 508.65ms, mfu 1.90%
iter 895: loss 0.4777, time 363.59ms, mfu 1.91%
iter 896: loss 0.4275, time 454.94ms, mfu 1.87%
iter 897: loss 0.5332, time 427.47ms, mfu 1.85%
iter 898: loss 0.4939, time 420.83ms, mfu 1.83%
iter 899: loss 0.4200, time 287.99ms, mfu 1.90%
iter 900: loss 0.4070, time 722.63ms, mfu 1.80%
  === DIAG iter 900 ===
  loss: 0.4070
  grads: total 0.7572, transformer 0.7204, adapter 0.2334
  <NUM> input tokens: 652/3072 (21.2%)
  lr: 2.70e-04
  SME accuracy: overall 0.480, sign 0.838, exp 0.784, digit 0.262 [d0 0.311 d1 0.216 d2 0.270] (373 SME tokens)
iter 901: loss 0.4743, time 156.98ms, mfu 2.08%
iter 902: loss 0.4864, time 288.96ms, mfu 2.11%
iter 903: loss 0.4408, time 415.63ms, mfu 2.07%
iter 904: loss 0.4123, time 292.40ms, mfu 2.11%
iter 905: loss 0.4809, time 343.16ms, mfu 2.10%
iter 906: loss 0.4107, time 488.06ms, mfu 2.04%
iter 907: loss 0.4896, time 340.58ms, mfu 2.04%
iter 908: loss 0.5125, time 533.52ms, mfu 1.97%
iter 909: loss 0.4490, time 414.18ms, mfu 1.95%
iter 910: loss 0.3807, time 419.87ms, mfu 1.92%
iter 911: loss 0.4551, time 402.51ms, mfu 1.90%
iter 912: loss 0.4796, time 434.57ms, mfu 1.88%
iter 913: loss 0.4125, time 571.72ms, mfu 1.81%
iter 914: loss 0.4621, time 348.86ms, mfu 1.83%
iter 915: loss 0.4324, time 301.25ms, mfu 1.89%
iter 916: loss 0.4459, time 335.39ms, mfu 1.91%
iter 917: loss 0.4069, time 283.77ms, mfu 1.97%
iter 918: loss 0.4983, time 242.82ms, mfu 2.06%
iter 919: loss 0.4213, time 357.23ms, mfu 2.06%
iter 920: loss 0.4338, time 384.73ms, mfu 2.03%
iter 921: loss 0.4520, time 392.19ms, mfu 2.01%
iter 922: loss 0.4268, time 402.16ms, mfu 1.99%
iter 923: loss 0.4372, time 274.90ms, mfu 2.05%
iter 924: loss 0.4082, time 429.85ms, mfu 2.01%
iter 925: loss 0.3969, time 355.21ms, mfu 2.00%
iter 926: loss 0.4074, time 355.25ms, mfu 2.00%
iter 927: loss 0.4399, time 282.32ms, mfu 2.05%
iter 928: loss 0.4077, time 312.52ms, mfu 2.08%
iter 929: loss 0.3756, time 256.63ms, mfu 2.14%
iter 930: loss 0.4640, time 398.97ms, mfu 2.11%
iter 931: loss 0.4540, time 410.87ms, mfu 2.07%
iter 932: loss 0.4268, time 356.45ms, mfu 2.06%
iter 933: loss 0.4306, time 407.03ms, mfu 2.03%
iter 934: loss 0.4387, time 363.99ms, mfu 2.02%
iter 935: loss 0.4196, time 297.67ms, mfu 2.06%
iter 936: loss 0.3865, time 367.83ms, mfu 2.04%
iter 937: loss 0.4575, time 402.69ms, mfu 2.02%
iter 938: loss 0.3650, time 278.29ms, mfu 2.07%
iter 939: loss 0.3954, time 420.46ms, mfu 2.03%
iter 940: loss 0.4183, time 339.33ms, mfu 2.04%
iter 941: loss 0.4515, time 374.07ms, mfu 2.02%
iter 942: loss 0.3859, time 395.87ms, mfu 2.00%
iter 943: loss 0.4492, time 384.38ms, mfu 1.98%
iter 944: loss 0.4478, time 336.81ms, mfu 2.00%
iter 945: loss 0.4474, time 461.07ms, mfu 1.95%
iter 946: loss 0.4416, time 469.66ms, mfu 1.91%
iter 947: loss 0.4026, time 597.51ms, mfu 1.83%
iter 948: loss 0.4373, time 332.92ms, mfu 1.86%
iter 949: loss 0.3748, time 420.76ms, mfu 1.85%
iter 950: loss 0.4067, time 401.82ms, mfu 1.84%
iter 951: loss 0.4518, time 505.40ms, mfu 1.79%
iter 952: loss 0.4132, time 369.89ms, mfu 1.81%
iter 953: loss 0.4234, time 325.51ms, mfu 1.84%
iter 954: loss 0.5091, time 412.21ms, mfu 1.83%
iter 955: loss 0.3905, time 320.64ms, mfu 1.87%
iter 956: loss 0.4278, time 284.76ms, mfu 1.93%
iter 957: loss 0.4449, time 337.96ms, mfu 1.95%
iter 958: loss 0.4451, time 357.22ms, mfu 1.95%
iter 959: loss 0.4789, time 431.73ms, mfu 1.92%
iter 960: loss 0.4105, time 268.98ms, mfu 1.99%
iter 961: loss 0.4633, time 311.11ms, mfu 2.02%
iter 962: loss 0.4308, time 349.13ms, mfu 2.02%
iter 963: loss 0.4136, time 430.94ms, mfu 1.98%
iter 964: loss 0.3961, time 288.96ms, mfu 2.03%
iter 965: loss 0.4606, time 302.80ms, mfu 2.06%
iter 966: loss 0.4324, time 324.33ms, mfu 2.07%
iter 967: loss 0.4964, time 432.01ms, mfu 2.03%
iter 968: loss 0.4578, time 379.63ms, mfu 2.01%
iter 969: loss 0.4523, time 281.66ms, mfu 2.06%
iter 970: loss 0.4611, time 466.34ms, mfu 2.01%
iter 971: loss 0.4522, time 367.02ms, mfu 2.00%
iter 972: loss 0.4432, time 340.86ms, mfu 2.01%
iter 973: loss 0.4851, time 355.88ms, mfu 2.01%
iter 974: loss 0.4015, time 313.25ms, mfu 2.03%
iter 975: loss 0.3721, time 277.13ms, mfu 2.09%
iter 976: loss 0.3605, time 315.21ms, mfu 2.10%
iter 977: loss 0.4260, time 454.12ms, mfu 2.05%
iter 978: loss 0.4337, time 401.43ms, mfu 2.02%
iter 979: loss 0.4122, time 395.52ms, mfu 2.00%
iter 980: loss 0.4069, time 437.02ms, mfu 1.96%
iter 981: loss 0.4009, time 430.13ms, mfu 1.93%
iter 982: loss 0.4199, time 392.67ms, mfu 1.92%
iter 983: loss 0.4116, time 412.54ms, mfu 1.90%
iter 984: loss 0.3670, time 368.97ms, mfu 1.90%
iter 985: loss 0.4327, time 292.82ms, mfu 1.95%
iter 986: loss 0.4004, time 412.59ms, mfu 1.93%
iter 987: loss 0.4339, time 469.30ms, mfu 1.89%
iter 988: loss 0.4824, time 444.81ms, mfu 1.86%
iter 989: loss 0.4284, time 341.55ms, mfu 1.88%
iter 990: loss 0.4159, time 301.51ms, mfu 1.93%
iter 991: loss 0.4604, time 421.78ms, mfu 1.90%
iter 992: loss 0.4552, time 388.03ms, mfu 1.89%
iter 993: loss 0.4185, time 512.64ms, mfu 1.84%
iter 994: loss 0.3635, time 528.34ms, mfu 1.79%
iter 995: loss 0.4269, time 330.60ms, mfu 1.83%
iter 996: loss 0.3723, time 415.13ms, mfu 1.82%
iter 997: loss 0.3783, time 384.43ms, mfu 1.82%
iter 998: loss 0.4640, time 388.14ms, mfu 1.82%
iter 999: loss 0.4008, time 292.76ms, mfu 1.88%
iter 1000: loss 0.3904, time 506.11ms, mfu 1.83%
  === DIAG iter 1000 ===
  loss: 0.3904
  grads: total 0.3519, transformer 0.3358, adapter 0.1051
  <NUM> input tokens: 591/3072 (19.2%)
  lr: 3.00e-04
  SME accuracy: overall 0.512, sign 0.952, exp 0.798, digit 0.270 [d0 0.345 d1 0.202 d2 0.286] (420 SME tokens)
  --- Sample eval (val) ---
  D5D0D0
    target: 5.09 6.37 195 266 463 684 729
    pred:   200 800 110 325 455 625 850
    error:  194.91 793.63 85.00 59.00 8.00 59.00 121.00

  COUNT: <285> <-662.623> <762> →
    target: 3
    pred:   3
    error:  0.00

  SUM: <683> <6.9807> <727.84> <-950> <901.4> →
    target: 1360
    pred:   1100
    error:  260.00

   →
    target: -204
    pred:   800
    error:  1004.00

   <70> <673.5> <-866.77> <840> →
    target: 11
    pred:   110
    error:  99.00

iter 1001: loss 0.4141, time 822.48ms, mfu 1.73%
iter 1002: loss 0.3669, time 235.81ms, mfu 1.86%
iter 1003: loss 0.3966, time 353.41ms, mfu 1.88%
iter 1004: loss 0.4861, time 325.13ms, mfu 1.91%
iter 1005: loss 0.3942, time 417.43ms, mfu 1.89%
iter 1006: loss 0.4116, time 417.40ms, mfu 1.87%
iter 1007: loss 0.3982, time 251.08ms, mfu 1.96%
iter 1008: loss 0.3249, time 260.68ms, mfu 2.04%
iter 1009: loss 0.4312, time 314.31ms, mfu 2.06%
iter 1010: loss 0.4318, time 444.06ms, mfu 2.01%
iter 1011: loss 0.4211, time 329.27ms, mfu 2.03%
iter 1012: loss 0.4628, time 441.08ms, mfu 1.99%
iter 1013: loss 0.4055, time 220.66ms, mfu 2.11%
iter 1014: loss 0.4263, time 248.19ms, mfu 2.18%
iter 1015: loss 0.4361, time 341.31ms, mfu 2.17%
iter 1016: loss 0.4004, time 408.13ms, mfu 2.13%
iter 1017: loss 0.4306, time 313.97ms, mfu 2.14%
iter 1018: loss 0.4435, time 447.14ms, mfu 2.09%
iter 1019: loss 0.3465, time 361.17ms, mfu 2.07%
iter 1020: loss 0.4216, time 239.21ms, mfu 2.16%
iter 1021: loss 0.3943, time 453.11ms, mfu 2.10%
iter 1022: loss 0.4037, time 357.53ms, mfu 2.09%
iter 1023: loss 0.3910, time 262.85ms, mfu 2.15%
iter 1024: loss 0.4970, time 331.49ms, mfu 2.15%
iter 1025: loss 0.4906, time 420.17ms, mfu 2.10%
iter 1026: loss 0.3979, time 408.93ms, mfu 2.07%
iter 1027: loss 0.4006, time 228.99ms, mfu 2.17%
iter 1028: loss 0.4387, time 422.90ms, mfu 2.12%
iter 1029: loss 0.4090, time 304.97ms, mfu 2.14%
iter 1030: loss 0.3909, time 249.38ms, mfu 2.21%
iter 1031: loss 0.3648, time 430.61ms, mfu 2.15%
iter 1032: loss 0.4334, time 262.37ms, mfu 2.21%
iter 1033: loss 0.4374, time 345.57ms, mfu 2.19%
iter 1034: loss 0.4096, time 251.50ms, mfu 2.26%
iter 1035: loss 0.3512, time 425.85ms, mfu 2.20%
iter 1036: loss 0.4032, time 332.81ms, mfu 2.19%
iter 1037: loss 0.3430, time 411.32ms, mfu 2.14%
iter 1038: loss 0.3937, time 402.88ms, mfu 2.10%
iter 1039: loss 0.4259, time 548.76ms, mfu 2.02%
iter 1040: loss 0.3471, time 365.01ms, mfu 2.02%
iter 1041: loss 0.4816, time 288.45ms, mfu 2.06%
iter 1042: loss 0.3708, time 364.70ms, mfu 2.05%
iter 1043: loss 0.4443, time 542.64ms, mfu 1.97%
iter 1044: loss 0.4116, time 356.17ms, mfu 1.98%
iter 1045: loss 0.4269, time 374.64ms, mfu 1.97%
iter 1046: loss 0.3827, time 299.19ms, mfu 2.01%
iter 1047: loss 0.4319, time 357.74ms, mfu 2.00%
iter 1048: loss 0.4618, time 346.37ms, mfu 2.01%
iter 1049: loss 0.4507, time 297.63ms, mfu 2.05%
iter 1050: loss 0.4692, time 497.59ms, mfu 1.98%
iter 1051: loss 0.4781, time 437.33ms, mfu 1.95%
iter 1052: loss 0.4010, time 342.22ms, mfu 1.96%
iter 1053: loss 0.4626, time 258.03ms, mfu 2.04%
iter 1054: loss 0.4439, time 300.85ms, mfu 2.07%
iter 1055: loss 0.4519, time 294.02ms, mfu 2.10%
iter 1056: loss 0.4297, time 412.55ms, mfu 2.07%
iter 1057: loss 0.4252, time 320.12ms, mfu 2.08%
iter 1058: loss 0.3992, time 353.71ms, mfu 2.07%
iter 1059: loss 0.4346, time 237.81ms, mfu 2.16%
iter 1060: loss 0.4520, time 467.83ms, mfu 2.10%
iter 1061: loss 0.3824, time 429.78ms, mfu 2.05%
iter 1062: loss 0.3887, time 252.44ms, mfu 2.13%
iter 1063: loss 0.3739, time 361.36ms, mfu 2.11%
iter 1064: loss 0.4132, time 490.15ms, mfu 2.05%
iter 1065: loss 0.4227, time 439.31ms, mfu 2.00%
iter 1066: loss 0.3937, time 340.65ms, mfu 2.01%
iter 1067: loss 0.4031, time 452.08ms, mfu 1.97%
iter 1068: loss 0.3651, time 503.61ms, mfu 1.91%
iter 1069: loss 0.3901, time 270.05ms, mfu 1.98%
iter 1070: loss 0.4130, time 452.09ms, mfu 1.94%
iter 1071: loss 0.4091, time 300.13ms, mfu 1.98%
iter 1072: loss 0.4151, time 335.30ms, mfu 2.00%
iter 1073: loss 0.3754, time 494.65ms, mfu 1.94%
iter 1074: loss 0.4217, time 316.52ms, mfu 1.97%
iter 1075: loss 0.4101, time 468.47ms, mfu 1.92%
iter 1076: loss 0.3785, time 369.47ms, mfu 1.92%
iter 1077: loss 0.3753, time 561.70ms, mfu 1.86%
iter 1078: loss 0.4041, time 274.72ms, mfu 1.93%
iter 1079: loss 0.4348, time 311.49ms, mfu 1.96%
iter 1080: loss 0.4385, time 449.75ms, mfu 1.92%
iter 1081: loss 0.3866, time 382.17ms, mfu 1.92%
iter 1082: loss 0.4136, time 387.11ms, mfu 1.91%
iter 1083: loss 0.4179, time 310.09ms, mfu 1.95%
iter 1084: loss 0.4418, time 404.81ms, mfu 1.93%
iter 1085: loss 0.4241, time 267.68ms, mfu 2.00%
iter 1086: loss 0.4027, time 402.02ms, mfu 1.98%
iter 1087: loss 0.4140, time 300.63ms, mfu 2.01%
iter 1088: loss 0.4837, time 444.93ms, mfu 1.97%
iter 1089: loss 0.4095, time 270.56ms, mfu 2.04%
iter 1090: loss 0.4061, time 352.15ms, mfu 2.03%
iter 1091: loss 0.4019, time 378.52ms, mfu 2.02%
iter 1092: loss 0.4002, time 354.27ms, mfu 2.02%
iter 1093: loss 0.4456, time 394.62ms, mfu 1.99%
iter 1094: loss 0.4294, time 401.87ms, mfu 1.97%
iter 1095: loss 0.3594, time 317.97ms, mfu 2.00%
iter 1096: loss 0.4273, time 399.47ms, mfu 1.97%
iter 1097: loss 0.4109, time 373.25ms, mfu 1.97%
iter 1098: loss 0.3993, time 481.87ms, mfu 1.92%
iter 1099: loss 0.3722, time 373.87ms, mfu 1.92%
iter 1100: loss 0.4071, time 492.56ms, mfu 1.87%
  === DIAG iter 1100 ===
  loss: 0.4071
  grads: total 0.9621, transformer 0.7997, adapter 0.5349
  <NUM> input tokens: 687/3072 (22.4%)
  lr: 3.30e-04
  SME accuracy: overall 0.508, sign 0.889, exp 0.844, digit 0.273 [d0 0.344 d1 0.256 d2 0.211] (455 SME tokens)
iter 1101: loss 0.3782, time 247.31ms, mfu 1.97%
iter 1102: loss 0.3488, time 314.61ms, mfu 2.00%
iter 1103: loss 0.4446, time 520.47ms, mfu 1.93%
iter 1104: loss 0.4557, time 251.43ms, mfu 2.02%
iter 1105: loss 0.3934, time 373.83ms, mfu 2.01%
iter 1106: loss 0.4013, time 427.02ms, mfu 1.97%
iter 1107: loss 0.3860, time 328.24ms, mfu 1.99%
iter 1108: loss 0.4602, time 327.96ms, mfu 2.01%
iter 1109: loss 0.4035, time 427.87ms, mfu 1.97%
iter 1110: loss 0.3848, time 368.70ms, mfu 1.97%
iter 1111: loss 0.3711, time 388.50ms, mfu 1.95%
iter 1112: loss 0.3800, time 384.74ms, mfu 1.94%
iter 1113: loss 0.3738, time 249.31ms, mfu 2.03%
iter 1114: loss 0.4241, time 298.43ms, mfu 2.07%
iter 1115: loss 0.4383, time 340.30ms, mfu 2.07%
iter 1116: loss 0.3899, time 417.72ms, mfu 2.03%
iter 1117: loss 0.4010, time 382.27ms, mfu 2.01%
iter 1118: loss 0.3566, time 261.20ms, mfu 2.08%
iter 1119: loss 0.3864, time 330.13ms, mfu 2.09%
iter 1120: loss 0.4081, time 353.83ms, mfu 2.08%
iter 1121: loss 0.5214, time 396.57ms, mfu 2.05%
iter 1122: loss 0.4163, time 367.27ms, mfu 2.04%
iter 1123: loss 0.4497, time 350.55ms, mfu 2.04%
iter 1124: loss 0.3821, time 343.54ms, mfu 2.04%
iter 1125: loss 0.4180, time 406.16ms, mfu 2.01%
iter 1126: loss 0.4400, time 446.83ms, mfu 1.97%
iter 1127: loss 0.4023, time 287.04ms, mfu 2.02%
iter 1128: loss 0.4624, time 378.36ms, mfu 2.00%
iter 1129: loss 0.3586, time 310.82ms, mfu 2.03%
iter 1130: loss 0.4599, time 278.17ms, mfu 2.08%
iter 1131: loss 0.4362, time 419.94ms, mfu 2.04%
iter 1132: loss 0.3886, time 319.73ms, mfu 2.06%
iter 1133: loss 0.4505, time 254.99ms, mfu 2.13%
iter 1134: loss 0.3855, time 304.84ms, mfu 2.15%
iter 1135: loss 0.3752, time 350.38ms, mfu 2.14%
iter 1136: loss 0.4301, time 272.00ms, mfu 2.19%
iter 1137: loss 0.3893, time 308.84ms, mfu 2.20%
iter 1138: loss 0.4415, time 404.22ms, mfu 2.15%
iter 1139: loss 0.3580, time 478.74ms, mfu 2.09%
iter 1140: loss 0.3793, time 437.79ms, mfu 2.04%
iter 1141: loss 0.3696, time 359.99ms, mfu 2.03%
iter 1142: loss 0.3982, time 350.09ms, mfu 2.03%
iter 1143: loss 0.3994, time 311.82ms, mfu 2.05%
iter 1144: loss 0.3568, time 265.01ms, mfu 2.12%
iter 1145: loss 0.3994, time 298.83ms, mfu 2.14%
iter 1146: loss 0.4317, time 336.49ms, mfu 2.14%
iter 1147: loss 0.3506, time 415.89ms, mfu 2.10%
iter 1148: loss 0.3972, time 341.86ms, mfu 2.09%
iter 1149: loss 0.3503, time 292.29ms, mfu 2.13%
iter 1150: loss 0.3901, time 325.34ms, mfu 2.13%
iter 1151: loss 0.3927, time 413.78ms, mfu 2.09%
iter 1152: loss 0.3789, time 359.58ms, mfu 2.08%
iter 1153: loss 0.4335, time 524.27ms, mfu 2.01%
iter 1154: loss 0.4356, time 404.84ms, mfu 1.98%
iter 1155: loss 0.3764, time 262.09ms, mfu 2.05%
iter 1156: loss 0.4086, time 287.71ms, mfu 2.09%
iter 1157: loss 0.3788, time 329.48ms, mfu 2.10%
iter 1158: loss 0.3750, time 365.04ms, mfu 2.08%
iter 1159: loss 0.3852, time 282.33ms, mfu 2.13%
iter 1160: loss 0.3451, time 343.30ms, mfu 2.12%
iter 1161: loss 0.3907, time 313.65ms, mfu 2.13%
iter 1162: loss 0.4198, time 437.44ms, mfu 2.08%
iter 1163: loss 0.3226, time 298.06ms, mfu 2.11%
iter 1164: loss 0.4345, time 470.99ms, mfu 2.05%
iter 1165: loss 0.4160, time 368.75ms, mfu 2.04%
iter 1166: loss 0.3685, time 333.12ms, mfu 2.05%
iter 1167: loss 0.4479, time 349.26ms, mfu 2.05%
iter 1168: loss 0.4058, time 372.07ms, mfu 2.03%
iter 1169: loss 0.3813, time 309.16ms, mfu 2.06%
iter 1170: loss 0.4063, time 421.74ms, mfu 2.02%
iter 1171: loss 0.4108, time 258.49ms, mfu 2.09%
iter 1172: loss 0.3977, time 384.27ms, mfu 2.07%
iter 1173: loss 0.3929, time 420.22ms, mfu 2.03%
iter 1174: loss 0.3971, time 274.14ms, mfu 2.08%
iter 1175: loss 0.3816, time 418.42ms, mfu 2.05%
iter 1176: loss 0.4144, time 394.97ms, mfu 2.02%
iter 1177: loss 0.4252, time 481.68ms, mfu 1.97%
iter 1178: loss 0.3836, time 300.98ms, mfu 2.00%
iter 1179: loss 0.4314, time 276.81ms, mfu 2.06%
iter 1180: loss 0.4065, time 337.38ms, mfu 2.06%
iter 1181: loss 0.3948, time 359.93ms, mfu 2.05%
iter 1182: loss 0.3966, time 352.06ms, mfu 2.05%
iter 1183: loss 0.3947, time 345.14ms, mfu 2.05%
iter 1184: loss 0.3599, time 288.91ms, mfu 2.09%
iter 1185: loss 0.4161, time 389.03ms, mfu 2.06%
iter 1186: loss 0.4426, time 233.16ms, mfu 2.16%
iter 1187: loss 0.4193, time 462.34ms, mfu 2.10%
iter 1188: loss 0.3691, time 253.54ms, mfu 2.17%
iter 1189: loss 0.3961, time 472.50ms, mfu 2.10%
iter 1190: loss 0.4043, time 403.71ms, mfu 2.07%
iter 1191: loss 0.3795, time 365.99ms, mfu 2.05%
iter 1192: loss 0.4047, time 385.63ms, mfu 2.03%
iter 1193: loss 0.3479, time 251.01ms, mfu 2.11%
iter 1194: loss 0.3532, time 453.03ms, mfu 2.06%
iter 1195: loss 0.3757, time 305.04ms, mfu 2.08%
iter 1196: loss 0.3891, time 288.15ms, mfu 2.12%
iter 1197: loss 0.3932, time 297.06ms, mfu 2.15%
iter 1198: loss 0.4496, time 467.45ms, mfu 2.08%
iter 1199: loss 0.3883, time 449.13ms, mfu 2.03%
iter 1200: loss 0.3460, time 627.73ms, mfu 1.94%
  === DIAG iter 1200 ===
  loss: 0.3460
  grads: total 0.4478, transformer 0.3593, adapter 0.2672
  <NUM> input tokens: 671/3072 (21.8%)
  lr: 3.60e-04
  SME accuracy: overall 0.504, sign 0.928, exp 0.768, digit 0.273 [d0 0.493 d1 0.174 d2 0.203] (343 SME tokens)
iter 1201: loss 0.4210, time 232.66ms, mfu 2.05%
iter 1202: loss 0.4166, time 435.18ms, mfu 2.01%
iter 1203: loss 0.3623, time 430.32ms, mfu 1.97%
iter 1204: loss 0.3989, time 365.43ms, mfu 1.97%
iter 1205: loss 0.4245, time 398.74ms, mfu 1.95%
iter 1206: loss 0.3915, time 353.79ms, mfu 1.96%
iter 1207: loss 0.4130, time 411.45ms, mfu 1.93%
iter 1208: loss 0.3913, time 280.33ms, mfu 1.99%
iter 1209: loss 0.3250, time 544.97ms, mfu 1.92%
iter 1210: loss 0.3635, time 324.50ms, mfu 1.95%
iter 1211: loss 0.4152, time 513.05ms, mfu 1.89%
iter 1212: loss 0.3926, time 498.45ms, mfu 1.85%
iter 1213: loss 0.4668, time 449.01ms, mfu 1.82%
iter 1214: loss 0.4038, time 494.56ms, mfu 1.78%
iter 1215: loss 0.3740, time 353.90ms, mfu 1.80%
iter 1216: loss 0.4043, time 503.56ms, mfu 1.76%
iter 1217: loss 0.4086, time 405.33ms, mfu 1.76%
iter 1218: loss 0.4137, time 253.10ms, mfu 1.87%
iter 1219: loss 0.4100, time 373.70ms, mfu 1.87%
iter 1220: loss 0.3972, time 420.08ms, mfu 1.85%
iter 1221: loss 0.4240, time 416.22ms, mfu 1.84%
iter 1222: loss 0.4036, time 401.79ms, mfu 1.83%
iter 1223: loss 0.4195, time 450.30ms, mfu 1.80%
iter 1224: loss 0.3676, time 323.20ms, mfu 1.84%
iter 1225: loss 0.3972, time 243.79ms, mfu 1.95%
iter 1226: loss 0.3533, time 462.62ms, mfu 1.91%
iter 1227: loss 0.3702, time 403.35ms, mfu 1.89%
iter 1228: loss 0.3761, time 402.09ms, mfu 1.88%
iter 1229: loss 0.3783, time 327.82ms, mfu 1.91%
iter 1230: loss 0.3984, time 283.79ms, mfu 1.97%
iter 1231: loss 0.4465, time 344.52ms, mfu 1.98%
iter 1232: loss 0.4045, time 464.79ms, mfu 1.93%
iter 1233: loss 0.4148, time 423.62ms, mfu 1.90%
iter 1234: loss 0.3956, time 390.06ms, mfu 1.90%
iter 1235: loss 0.3811, time 417.68ms, mfu 1.88%
iter 1236: loss 0.3460, time 309.19ms, mfu 1.92%
iter 1237: loss 0.3575, time 461.25ms, mfu 1.88%
iter 1238: loss 0.3922, time 343.76ms, mfu 1.90%
iter 1239: loss 0.3641, time 498.77ms, mfu 1.85%
iter 1240: loss 0.3917, time 357.90ms, mfu 1.86%
iter 1241: loss 0.3555, time 369.27ms, mfu 1.87%
iter 1242: loss 0.4197, time 295.34ms, mfu 1.92%
iter 1243: loss 0.4002, time 573.44ms, mfu 1.85%
iter 1244: loss 0.3818, time 243.99ms, mfu 1.96%
iter 1245: loss 0.3822, time 253.52ms, mfu 2.04%
iter 1246: loss 0.3870, time 399.32ms, mfu 2.02%
iter 1247: loss 0.4041, time 312.02ms, mfu 2.04%
iter 1248: loss 0.3465, time 558.42ms, mfu 1.96%
iter 1249: loss 0.3666, time 255.23ms, mfu 2.05%
iter 1250: loss 0.3534, time 352.60ms, mfu 2.04%
iter 1251: loss 0.4165, time 280.24ms, mfu 2.09%
iter 1252: loss 0.3720, time 480.03ms, mfu 2.03%
iter 1253: loss 0.4075, time 251.80ms, mfu 2.11%
iter 1254: loss 0.3905, time 365.85ms, mfu 2.09%
iter 1255: loss 0.3804, time 226.09ms, mfu 2.19%
iter 1256: loss 0.3770, time 508.07ms, mfu 2.11%
iter 1257: loss 0.3715, time 337.47ms, mfu 2.11%
iter 1258: loss 0.3676, time 335.27ms, mfu 2.11%
iter 1259: loss 0.3442, time 395.26ms, mfu 2.08%
iter 1260: loss 0.3552, time 393.68ms, mfu 2.05%
iter 1261: loss 0.3758, time 404.95ms, mfu 2.02%
iter 1262: loss 0.3561, time 380.65ms, mfu 2.01%
iter 1263: loss 0.3546, time 390.17ms, mfu 1.99%
iter 1264: loss 0.3844, time 312.42ms, mfu 2.02%
iter 1265: loss 0.3730, time 284.10ms, mfu 2.06%
iter 1266: loss 0.4020, time 535.60ms, mfu 1.99%
iter 1267: loss 0.4424, time 353.85ms, mfu 1.99%
iter 1268: loss 0.3711, time 407.68ms, mfu 1.97%
iter 1269: loss 0.3613, time 284.51ms, mfu 2.02%
iter 1270: loss 0.4357, time 387.83ms, mfu 2.00%
iter 1271: loss 0.3898, time 401.46ms, mfu 1.98%
iter 1272: loss 0.3406, time 289.37ms, mfu 2.02%
iter 1273: loss 0.3149, time 533.38ms, mfu 1.95%
iter 1274: loss 0.4170, time 289.04ms, mfu 2.00%
iter 1275: loss 0.3776, time 464.30ms, mfu 1.96%
iter 1276: loss 0.4830, time 353.73ms, mfu 1.96%
iter 1277: loss 0.4279, time 454.28ms, mfu 1.92%
iter 1278: loss 0.3402, time 366.43ms, mfu 1.92%
iter 1279: loss 0.3707, time 348.13ms, mfu 1.93%
iter 1280: loss 0.4102, time 441.37ms, mfu 1.90%
iter 1281: loss 0.3678, time 345.83ms, mfu 1.92%
iter 1282: loss 0.3848, time 263.97ms, mfu 1.99%
iter 1283: loss 0.4363, time 497.43ms, mfu 1.94%
iter 1284: loss 0.4127, time 242.51ms, mfu 2.03%
iter 1285: loss 0.3897, time 390.15ms, mfu 2.01%
iter 1286: loss 0.3880, time 289.99ms, mfu 2.06%
iter 1287: loss 0.4226, time 462.61ms, mfu 2.00%
iter 1288: loss 0.3925, time 448.09ms, mfu 1.96%
iter 1289: loss 0.3268, time 418.83ms, mfu 1.93%
iter 1290: loss 0.3778, time 388.07ms, mfu 1.92%
iter 1291: loss 0.4236, time 287.86ms, mfu 1.98%
iter 1292: loss 0.4105, time 353.85ms, mfu 1.98%
iter 1293: loss 0.3904, time 373.76ms, mfu 1.97%
iter 1294: loss 0.3452, time 260.96ms, mfu 2.05%
iter 1295: loss 0.3728, time 402.06ms, mfu 2.02%
iter 1296: loss 0.3884, time 313.05ms, mfu 2.04%
iter 1297: loss 0.3471, time 322.01ms, mfu 2.06%
iter 1298: loss 0.4290, time 241.51ms, mfu 2.15%
iter 1299: loss 0.4585, time 358.45ms, mfu 2.13%
iter 1300: loss 0.4573, time 518.67ms, mfu 2.05%
  === DIAG iter 1300 ===
  loss: 0.4573
  grads: total 0.5609, transformer 0.4623, adapter 0.3176
  <NUM> input tokens: 689/3072 (22.4%)
  lr: 3.90e-04
  SME accuracy: overall 0.533, sign 0.908, exp 0.800, digit 0.321 [d0 0.392 d1 0.277 d2 0.315] (653 SME tokens)
iter 1301: loss 0.3633, time 183.64ms, mfu 2.23%
iter 1302: loss 0.3694, time 366.01ms, mfu 2.20%
iter 1303: loss 0.4711, time 480.01ms, mfu 2.13%
iter 1304: loss 0.4256, time 399.59ms, mfu 2.10%
iter 1305: loss 0.3780, time 319.48ms, mfu 2.11%
iter 1306: loss 0.3770, time 302.38ms, mfu 2.13%
iter 1307: loss 0.3365, time 297.08ms, mfu 2.16%
iter 1308: loss 0.3488, time 252.02ms, mfu 2.22%
iter 1309: loss 0.3970, time 401.07ms, mfu 2.18%
iter 1310: loss 0.3798, time 233.72ms, mfu 2.26%
iter 1311: loss 0.3531, time 323.43ms, mfu 2.26%
iter 1312: loss 0.3581, time 382.01ms, mfu 2.22%
iter 1313: loss 0.4193, time 375.97ms, mfu 2.18%
iter 1314: loss 0.4204, time 271.40ms, mfu 2.23%
iter 1315: loss 0.3658, time 483.78ms, mfu 2.15%
iter 1316: loss 0.4226, time 281.65ms, mfu 2.19%
iter 1317: loss 0.4013, time 465.66ms, mfu 2.12%
iter 1318: loss 0.3789, time 395.80ms, mfu 2.09%
iter 1319: loss 0.4015, time 511.67ms, mfu 2.02%
iter 1320: loss 0.3772, time 254.03ms, mfu 2.09%
iter 1321: loss 0.3894, time 349.00ms, mfu 2.09%
iter 1322: loss 0.3743, time 432.73ms, mfu 2.04%
iter 1323: loss 0.3588, time 542.45ms, mfu 1.97%
iter 1324: loss 0.4780, time 336.22ms, mfu 1.98%
iter 1325: loss 0.3854, time 324.54ms, mfu 2.00%
iter 1326: loss 0.3207, time 509.76ms, mfu 1.94%
iter 1327: loss 0.3882, time 399.77ms, mfu 1.92%
iter 1328: loss 0.3905, time 392.35ms, mfu 1.91%
iter 1329: loss 0.4027, time 431.03ms, mfu 1.89%
iter 1330: loss 0.3332, time 264.03ms, mfu 1.97%
iter 1331: loss 0.3306, time 445.04ms, mfu 1.93%
iter 1332: loss 0.4018, time 311.41ms, mfu 1.96%
iter 1333: loss 0.4282, time 371.39ms, mfu 1.96%
iter 1334: loss 0.4631, time 517.18ms, mfu 1.90%
iter 1335: loss 0.3943, time 191.51ms, mfu 2.08%
iter 1336: loss 0.3770, time 540.16ms, mfu 2.00%
iter 1337: loss 0.4206, time 308.32ms, mfu 2.03%
iter 1338: loss 0.5119, time 507.55ms, mfu 1.97%
iter 1339: loss 0.4264, time 350.20ms, mfu 1.97%
iter 1340: loss 0.4573, time 361.13ms, mfu 1.97%
iter 1341: loss 0.4109, time 333.69ms, mfu 1.99%
iter 1342: loss 0.5043, time 466.56ms, mfu 1.94%
iter 1343: loss 0.4410, time 386.17ms, mfu 1.93%
iter 1344: loss 0.3986, time 398.70ms, mfu 1.92%
iter 1345: loss 0.4193, time 438.58ms, mfu 1.89%
iter 1346: loss 0.4280, time 458.72ms, mfu 1.85%
iter 1347: loss 0.4196, time 230.01ms, mfu 1.97%
iter 1348: loss 0.4233, time 408.45ms, mfu 1.95%
iter 1349: loss 0.4719, time 396.90ms, mfu 1.93%
iter 1350: loss 0.3389, time 423.47ms, mfu 1.91%
iter 1351: loss 0.4836, time 306.32ms, mfu 1.95%
iter 1352: loss 0.3852, time 387.78ms, mfu 1.94%
iter 1353: loss 0.4067, time 562.20ms, mfu 1.87%
iter 1354: loss 0.4288, time 343.78ms, mfu 1.89%
iter 1355: loss 0.4208, time 233.21ms, mfu 2.00%
iter 1356: loss 0.3811, time 404.70ms, mfu 1.98%
iter 1357: loss 0.4764, time 354.02ms, mfu 1.98%
iter 1358: loss 0.3814, time 429.40ms, mfu 1.95%
iter 1359: loss 0.3577, time 380.95ms, mfu 1.94%
iter 1360: loss 0.3587, time 363.62ms, mfu 1.94%
iter 1361: loss 0.4359, time 373.20ms, mfu 1.94%
iter 1362: loss 0.4033, time 300.72ms, mfu 1.98%
iter 1363: loss 0.3711, time 460.77ms, mfu 1.93%
iter 1364: loss 0.4205, time 303.12ms, mfu 1.97%
iter 1365: loss 0.3852, time 275.96ms, mfu 2.03%
iter 1366: loss 0.3772, time 326.60ms, mfu 2.05%
iter 1367: loss 0.4040, time 314.60ms, mfu 2.07%
iter 1368: loss 0.4125, time 440.16ms, mfu 2.02%
iter 1369: loss 0.4696, time 366.36ms, mfu 2.01%
iter 1370: loss 0.4325, time 448.80ms, mfu 1.97%
iter 1371: loss 0.3851, time 339.63ms, mfu 1.98%
iter 1372: loss 0.3309, time 348.93ms, mfu 1.99%
iter 1373: loss 0.3618, time 347.59ms, mfu 1.99%
iter 1374: loss 0.3822, time 588.68ms, mfu 1.91%
iter 1375: loss 0.4157, time 402.66ms, mfu 1.90%
iter 1376: loss 0.3486, time 543.02ms, mfu 1.84%
iter 1377: loss 0.3496, time 310.74ms, mfu 1.88%
iter 1378: loss 0.3593, time 460.23ms, mfu 1.85%
iter 1379: loss 0.3494, time 314.60ms, mfu 1.89%
iter 1380: loss 0.4211, time 340.33ms, mfu 1.91%
iter 1381: loss 0.3687, time 452.11ms, mfu 1.87%
iter 1382: loss 0.3819, time 280.79ms, mfu 1.94%
iter 1383: loss 0.3541, time 409.18ms, mfu 1.92%
iter 1384: loss 0.3361, time 310.02ms, mfu 1.96%
iter 1385: loss 0.3565, time 439.11ms, mfu 1.92%
iter 1386: loss 0.3933, time 452.35ms, mfu 1.89%
iter 1387: loss 0.4055, time 295.25ms, mfu 1.94%
iter 1388: loss 0.4021, time 382.88ms, mfu 1.93%
iter 1389: loss 0.4123, time 423.27ms, mfu 1.90%
iter 1390: loss 0.3818, time 285.03ms, mfu 1.96%
iter 1391: loss 0.3271, time 418.56ms, mfu 1.93%
iter 1392: loss 0.3926, time 460.53ms, mfu 1.90%
iter 1393: loss 0.3398, time 455.02ms, mfu 1.86%
iter 1394: loss 0.3921, time 248.97ms, mfu 1.96%
iter 1395: loss 0.3520, time 425.25ms, mfu 1.93%
iter 1396: loss 0.3393, time 407.08ms, mfu 1.91%
iter 1397: loss 0.3910, time 281.98ms, mfu 1.97%
iter 1398: loss 0.3670, time 367.69ms, mfu 1.97%
iter 1399: loss 0.3797, time 433.96ms, mfu 1.93%
iter 1400: loss 0.4227, time 592.93ms, mfu 1.86%
  === DIAG iter 1400 ===
  loss: 0.4227
  grads: total 0.3997, transformer 0.2606, adapter 0.3031
  <NUM> input tokens: 648/3072 (21.1%)
  lr: 4.20e-04
  SME accuracy: overall 0.525, sign 0.982, exp 0.876, digit 0.261 [d0 0.409 d1 0.182 d2 0.227] (564 SME tokens)
iter 1401: loss 0.3833, time 174.94ms, mfu 2.08%
iter 1402: loss 0.4006, time 631.02ms, mfu 1.98%
iter 1403: loss 0.4028, time 538.16ms, mfu 1.92%
iter 1404: loss 0.3581, time 371.56ms, mfu 1.92%
iter 1405: loss 0.3616, time 409.51ms, mfu 1.90%
iter 1406: loss 0.3871, time 394.96ms, mfu 1.89%
iter 1407: loss 0.3519, time 390.29ms, mfu 1.88%
iter 1408: loss 0.3596, time 253.03ms, mfu 1.97%
iter 1409: loss 0.3568, time 265.75ms, mfu 2.04%
iter 1410: loss 0.4171, time 309.15ms, mfu 2.07%
iter 1411: loss 0.3476, time 390.67ms, mfu 2.04%
iter 1412: loss 0.4355, time 310.66ms, mfu 2.07%
iter 1413: loss 0.3822, time 429.08ms, mfu 2.02%
iter 1414: loss 0.3855, time 413.77ms, mfu 1.99%
iter 1415: loss 0.4149, time 292.68ms, mfu 2.04%
iter 1416: loss 0.3843, time 240.21ms, mfu 2.13%
iter 1417: loss 0.3942, time 377.22ms, mfu 2.10%
iter 1418: loss 0.3542, time 315.46ms, mfu 2.12%
iter 1419: loss 0.3571, time 447.64ms, mfu 2.06%
iter 1420: loss 0.3813, time 269.63ms, mfu 2.12%
iter 1421: loss 0.3267, time 538.41ms, mfu 2.04%
iter 1422: loss 0.3499, time 498.55ms, mfu 1.98%
iter 1423: loss 0.4154, time 387.26ms, mfu 1.96%
iter 1424: loss 0.3736, time 345.46ms, mfu 1.97%
iter 1425: loss 0.3884, time 272.01ms, mfu 2.04%
iter 1426: loss 0.3742, time 388.84ms, mfu 2.01%
iter 1427: loss 0.3872, time 432.32ms, mfu 1.98%
iter 1428: loss 0.3866, time 378.18ms, mfu 1.97%
iter 1429: loss 0.4008, time 251.50ms, mfu 2.05%
iter 1430: loss 0.3982, time 285.50ms, mfu 2.09%
iter 1431: loss 0.3512, time 403.26ms, mfu 2.06%
iter 1432: loss 0.3671, time 371.47ms, mfu 2.05%
iter 1433: loss 0.4737, time 371.21ms, mfu 2.03%
iter 1434: loss 0.3744, time 399.34ms, mfu 2.01%
iter 1435: loss 0.3408, time 394.40ms, mfu 1.99%
iter 1436: loss 0.3277, time 487.20ms, mfu 1.93%
iter 1437: loss 0.4066, time 344.70ms, mfu 1.94%
iter 1438: loss 0.3252, time 360.28ms, mfu 1.95%
iter 1439: loss 0.3644, time 268.71ms, mfu 2.02%
iter 1440: loss 0.3715, time 356.84ms, mfu 2.01%
iter 1441: loss 0.3804, time 232.54ms, mfu 2.12%
iter 1442: loss 0.3138, time 226.33ms, mfu 2.22%
iter 1443: loss 0.4089, time 366.93ms, mfu 2.19%
iter 1444: loss 0.3538, time 324.32ms, mfu 2.19%
iter 1445: loss 0.3677, time 332.15ms, mfu 2.18%
iter 1446: loss 0.3971, time 474.09ms, mfu 2.11%
iter 1447: loss 0.3946, time 404.79ms, mfu 2.08%
iter 1448: loss 0.3836, time 334.01ms, mfu 2.08%
iter 1449: loss 0.3604, time 379.22ms, mfu 2.06%
iter 1450: loss 0.3487, time 480.22ms, mfu 2.00%
iter 1451: loss 0.3545, time 262.94ms, mfu 2.07%
iter 1452: loss 0.3714, time 431.20ms, mfu 2.03%
iter 1453: loss 0.4201, time 294.51ms, mfu 2.07%
iter 1454: loss 0.4043, time 393.03ms, mfu 2.04%
iter 1455: loss 0.3815, time 325.13ms, mfu 2.05%
iter 1456: loss 0.3366, time 347.18ms, mfu 2.05%
iter 1457: loss 0.3801, time 243.78ms, mfu 2.14%
iter 1458: loss 0.3433, time 449.49ms, mfu 2.08%
iter 1459: loss 0.4295, time 285.10ms, mfu 2.12%
iter 1460: loss 0.3727, time 395.23ms, mfu 2.09%
iter 1461: loss 0.3810, time 336.28ms, mfu 2.09%
iter 1462: loss 0.3558, time 327.69ms, mfu 2.10%
iter 1463: loss 0.3370, time 402.08ms, mfu 2.07%
iter 1464: loss 0.3202, time 379.87ms, mfu 2.05%
iter 1465: loss 0.4091, time 300.87ms, mfu 2.08%
iter 1466: loss 0.4014, time 406.36ms, mfu 2.04%
iter 1467: loss 0.3476, time 339.85ms, mfu 2.05%
iter 1468: loss 0.3351, time 381.74ms, mfu 2.03%
iter 1469: loss 0.4046, time 448.18ms, mfu 1.98%
iter 1470: loss 0.3587, time 425.48ms, mfu 1.95%
iter 1471: loss 0.3540, time 313.64ms, mfu 1.98%
iter 1472: loss 0.3172, time 307.82ms, mfu 2.01%
iter 1473: loss 0.3819, time 397.76ms, mfu 1.99%
iter 1474: loss 0.4200, time 424.95ms, mfu 1.96%
iter 1475: loss 0.3578, time 546.07ms, mfu 1.89%
iter 1476: loss 0.3452, time 424.33ms, mfu 1.87%
iter 1477: loss 0.3684, time 488.90ms, mfu 1.83%
iter 1478: loss 0.3616, time 306.69ms, mfu 1.88%
iter 1479: loss 0.4217, time 302.88ms, mfu 1.92%
iter 1480: loss 0.3564, time 393.26ms, mfu 1.91%
iter 1481: loss 0.3954, time 435.32ms, mfu 1.88%
iter 1482: loss 0.3810, time 330.17ms, mfu 1.91%
iter 1483: loss 0.4067, time 385.76ms, mfu 1.90%
iter 1484: loss 0.3677, time 446.14ms, mfu 1.87%
iter 1485: loss 0.3570, time 380.45ms, mfu 1.87%
iter 1486: loss 0.3360, time 417.08ms, mfu 1.85%
iter 1487: loss 0.3324, time 430.42ms, mfu 1.83%
iter 1488: loss 0.4083, time 378.15ms, mfu 1.84%
iter 1489: loss 0.4075, time 388.87ms, mfu 1.83%
iter 1490: loss 0.4082, time 395.13ms, mfu 1.83%
iter 1491: loss 0.4094, time 388.83ms, mfu 1.83%
iter 1492: loss 0.3272, time 347.42ms, mfu 1.85%
iter 1493: loss 0.3646, time 421.99ms, mfu 1.83%
iter 1494: loss 0.3962, time 285.64ms, mfu 1.90%
iter 1495: loss 0.3561, time 279.74ms, mfu 1.96%
iter 1496: loss 0.3848, time 346.22ms, mfu 1.97%
iter 1497: loss 0.3577, time 370.50ms, mfu 1.96%
iter 1498: loss 0.3675, time 431.30ms, mfu 1.93%
iter 1499: loss 0.3854, time 257.97ms, mfu 2.01%
iter 1500: loss 0.3861, time 652.86ms, mfu 1.92%
  === DIAG iter 1500 ===
  loss: 0.3861
  grads: total 1.0000, transformer 0.3437, adapter 0.9391
  <NUM> input tokens: 695/3072 (22.6%)
  lr: 4.50e-04
  SME accuracy: overall 0.593, sign 0.960, exp 0.950, digit 0.353 [d0 0.495 d1 0.277 d2 0.297] (508 SME tokens)
iter 1501: loss 0.4045, time 174.74ms, mfu 2.13%
iter 1502: loss 0.3654, time 338.40ms, mfu 2.13%
iter 1503: loss 0.4176, time 375.48ms, mfu 2.11%
iter 1504: loss 0.3246, time 441.83ms, mfu 2.06%
iter 1505: loss 0.3555, time 354.92ms, mfu 2.05%
iter 1506: loss 0.4260, time 298.92ms, mfu 2.08%
iter 1507: loss 0.3891, time 343.48ms, mfu 2.08%
iter 1508: loss 0.3563, time 434.55ms, mfu 2.04%
iter 1509: loss 0.4197, time 346.68ms, mfu 2.04%
iter 1510: loss 0.3433, time 294.06ms, mfu 2.07%
iter 1511: loss 0.3433, time 288.51ms, mfu 2.11%
iter 1512: loss 0.3619, time 390.05ms, mfu 2.08%
iter 1513: loss 0.3875, time 327.75ms, mfu 2.09%
iter 1514: loss 0.3510, time 408.05ms, mfu 2.06%
iter 1515: loss 0.3936, time 317.06ms, mfu 2.07%
iter 1516: loss 0.3597, time 347.33ms, mfu 2.07%
iter 1517: loss 0.3747, time 325.89ms, mfu 2.08%
iter 1518: loss 0.3293, time 277.39ms, mfu 2.13%
iter 1519: loss 0.3532, time 357.34ms, mfu 2.11%
iter 1520: loss 0.3861, time 437.91ms, mfu 2.06%
iter 1521: loss 0.3893, time 315.18ms, mfu 2.08%
iter 1522: loss 0.4287, time 364.40ms, mfu 2.07%
iter 1523: loss 0.3628, time 281.36ms, mfu 2.11%
iter 1524: loss 0.3594, time 428.84ms, mfu 2.07%
iter 1525: loss 0.3816, time 475.56ms, mfu 2.01%
iter 1526: loss 0.3887, time 453.02ms, mfu 1.97%
iter 1527: loss 0.4357, time 298.81ms, mfu 2.01%
iter 1528: loss 0.3676, time 332.79ms, mfu 2.02%
iter 1529: loss 0.4121, time 467.22ms, mfu 1.97%
iter 1530: loss 0.3665, time 383.06ms, mfu 1.96%
iter 1531: loss 0.4169, time 289.44ms, mfu 2.01%
iter 1532: loss 0.4117, time 383.53ms, mfu 1.99%
iter 1533: loss 0.3933, time 333.75ms, mfu 2.00%
iter 1534: loss 0.3924, time 302.55ms, mfu 2.04%
iter 1535: loss 0.4234, time 482.96ms, mfu 1.98%
iter 1536: loss 0.3915, time 401.85ms, mfu 1.96%
iter 1537: loss 0.4323, time 361.14ms, mfu 1.96%
iter 1538: loss 0.4660, time 401.59ms, mfu 1.94%
iter 1539: loss 0.3628, time 333.86ms, mfu 1.96%
iter 1540: loss 0.3544, time 503.39ms, mfu 1.90%
iter 1541: loss 0.4211, time 336.84ms, mfu 1.92%
iter 1542: loss 0.3939, time 446.00ms, mfu 1.89%
iter 1543: loss 0.3872, time 254.98ms, mfu 1.98%
iter 1544: loss 0.3352, time 327.67ms, mfu 2.00%
iter 1545: loss 0.3747, time 340.08ms, mfu 2.01%
iter 1546: loss 0.4004, time 400.74ms, mfu 1.98%
iter 1547: loss 0.3790, time 284.26ms, mfu 2.03%
iter 1548: loss 0.3251, time 304.16ms, mfu 2.06%
iter 1549: loss 0.3752, time 453.17ms, mfu 2.01%
iter 1550: loss 0.3764, time 418.74ms, mfu 1.98%
iter 1551: loss 0.3396, time 460.68ms, mfu 1.94%
iter 1552: loss 0.3436, time 337.93ms, mfu 1.95%
iter 1553: loss 0.3420, time 300.36ms, mfu 1.99%
iter 1554: loss 0.3546, time 291.32ms, mfu 2.04%
iter 1555: loss 0.3704, time 491.75ms, mfu 1.98%
iter 1556: loss 0.3690, time 537.48ms, mfu 1.91%
iter 1557: loss 0.3977, time 362.95ms, mfu 1.92%
iter 1558: loss 0.3654, time 425.13ms, mfu 1.89%
iter 1559: loss 0.3670, time 333.40ms, mfu 1.91%
iter 1560: loss 0.4019, time 506.81ms, mfu 1.86%
iter 1561: loss 0.3220, time 325.72ms, mfu 1.89%
iter 1562: loss 0.4137, time 390.55ms, mfu 1.89%
iter 1563: loss 0.3996, time 372.15ms, mfu 1.89%
iter 1564: loss 0.3524, time 320.49ms, mfu 1.92%
iter 1565: loss 0.3081, time 315.03ms, mfu 1.95%
iter 1566: loss 0.3891, time 314.20ms, mfu 1.98%
iter 1567: loss 0.3620, time 445.49ms, mfu 1.94%
iter 1568: loss 0.3789, time 447.47ms, mfu 1.91%
iter 1569: loss 0.3572, time 301.84ms, mfu 1.95%
iter 1570: loss 0.3646, time 480.04ms, mfu 1.90%
iter 1571: loss 0.3079, time 255.44ms, mfu 1.99%
iter 1572: loss 0.3212, time 345.33ms, mfu 2.00%
iter 1573: loss 0.3222, time 336.19ms, mfu 2.01%
iter 1574: loss 0.4095, time 350.10ms, mfu 2.01%
iter 1575: loss 0.3662, time 374.85ms, mfu 2.00%
iter 1576: loss 0.3723, time 371.25ms, mfu 1.99%
iter 1577: loss 0.3967, time 379.82ms, mfu 1.98%
iter 1578: loss 0.4019, time 474.62ms, mfu 1.93%
iter 1579: loss 0.3769, time 381.12ms, mfu 1.92%
iter 1580: loss 0.3627, time 473.32ms, mfu 1.88%
iter 1581: loss 0.3322, time 270.16ms, mfu 1.95%
iter 1582: loss 0.3321, time 340.72ms, mfu 1.97%
iter 1583: loss 0.3525, time 462.55ms, mfu 1.92%
iter 1584: loss 0.4127, time 303.72ms, mfu 1.96%
iter 1585: loss 0.3610, time 440.80ms, mfu 1.93%
iter 1586: loss 0.3713, time 463.36ms, mfu 1.89%
iter 1587: loss 0.3710, time 273.25ms, mfu 1.96%
iter 1588: loss 0.3954, time 477.82ms, mfu 1.91%
iter 1589: loss 0.3770, time 445.78ms, mfu 1.88%
iter 1590: loss 0.3412, time 305.72ms, mfu 1.92%
iter 1591: loss 0.3096, time 392.89ms, mfu 1.91%
iter 1592: loss 0.3507, time 480.39ms, mfu 1.87%
iter 1593: loss 0.3546, time 396.26ms, mfu 1.86%
iter 1594: loss 0.3823, time 345.99ms, mfu 1.88%
iter 1595: loss 0.3833, time 374.83ms, mfu 1.88%
iter 1596: loss 0.3900, time 350.52ms, mfu 1.89%
iter 1597: loss 0.3755, time 500.73ms, mfu 1.85%
iter 1598: loss 0.4024, time 372.12ms, mfu 1.85%
iter 1599: loss 0.3973, time 459.41ms, mfu 1.82%
iter 1600: loss 0.4220, time 638.96ms, mfu 1.75%
  === DIAG iter 1600 ===
  loss: 0.4220
  grads: total 0.6718, transformer 0.3088, adapter 0.5966
  <NUM> input tokens: 662/3072 (21.5%)
  lr: 4.80e-04
  SME accuracy: overall 0.565, sign 0.984, exp 0.881, digit 0.319 [d0 0.419 d1 0.266 d2 0.298] (623 SME tokens)
iter 1601: loss 0.4106, time 212.67ms, mfu 1.91%
iter 1602: loss 0.3726, time 257.88ms, mfu 1.99%
iter 1603: loss 0.3748, time 388.89ms, mfu 1.98%
iter 1604: loss 0.3974, time 405.79ms, mfu 1.95%
iter 1605: loss 0.4125, time 404.14ms, mfu 1.93%
iter 1606: loss 0.4466, time 353.69ms, mfu 1.94%
iter 1607: loss 0.3749, time 502.34ms, mfu 1.89%
iter 1608: loss 0.3859, time 355.73ms, mfu 1.90%
iter 1609: loss 0.3290, time 351.10ms, mfu 1.91%
iter 1610: loss 0.3939, time 451.69ms, mfu 1.88%
iter 1611: loss 0.3317, time 394.43ms, mfu 1.87%
iter 1612: loss 0.3894, time 351.69ms, mfu 1.88%
iter 1613: loss 0.3804, time 456.59ms, mfu 1.85%
iter 1614: loss 0.3834, time 312.15ms, mfu 1.89%
iter 1615: loss 0.3964, time 274.45ms, mfu 1.96%
iter 1616: loss 0.4266, time 307.91ms, mfu 1.99%
iter 1617: loss 0.3583, time 309.56ms, mfu 2.02%
iter 1618: loss 0.3867, time 295.64ms, mfu 2.06%
iter 1619: loss 0.3360, time 357.52ms, mfu 2.05%
iter 1620: loss 0.4121, time 236.52ms, mfu 2.15%
iter 1621: loss 0.3886, time 468.32ms, mfu 2.08%
iter 1622: loss 0.3622, time 278.53ms, mfu 2.13%
iter 1623: loss 0.3837, time 512.90ms, mfu 2.06%
iter 1624: loss 0.3714, time 506.31ms, mfu 1.99%
iter 1625: loss 0.4167, time 350.00ms, mfu 1.99%
iter 1626: loss 0.3917, time 368.08ms, mfu 1.99%
iter 1627: loss 0.3737, time 367.33ms, mfu 1.98%
iter 1628: loss 0.4174, time 340.17ms, mfu 1.99%
iter 1629: loss 0.3733, time 278.54ms, mfu 2.05%
iter 1630: loss 0.4029, time 337.05ms, mfu 2.05%
iter 1631: loss 0.3857, time 402.55ms, mfu 2.02%
iter 1632: loss 0.3687, time 294.94ms, mfu 2.06%
iter 1633: loss 0.4108, time 376.58ms, mfu 2.04%
iter 1634: loss 0.3935, time 328.99ms, mfu 2.05%
iter 1635: loss 0.3626, time 252.00ms, mfu 2.13%
iter 1636: loss 0.4028, time 280.41ms, mfu 2.17%
iter 1637: loss 0.3849, time 355.45ms, mfu 2.15%
iter 1638: loss 0.3816, time 495.12ms, mfu 2.08%
iter 1639: loss 0.3935, time 449.40ms, mfu 2.03%
iter 1640: loss 0.3586, time 314.37ms, mfu 2.05%
iter 1641: loss 0.3610, time 391.50ms, mfu 2.03%
iter 1642: loss 0.3840, time 249.40ms, mfu 2.11%
iter 1643: loss 0.3381, time 370.17ms, mfu 2.09%
iter 1644: loss 0.3421, time 242.61ms, mfu 2.17%
iter 1645: loss 0.3490, time 472.27ms, mfu 2.11%
iter 1646: loss 0.3904, time 223.07ms, mfu 2.21%
iter 1647: loss 0.4105, time 566.66ms, mfu 2.12%
iter 1648: loss 0.3351, time 391.35ms, mfu 2.09%
iter 1649: loss 0.3782, time 476.66ms, mfu 2.03%
iter 1650: loss 0.3355, time 245.50ms, mfu 2.11%
iter 1651: loss 0.3722, time 220.73ms, mfu 2.22%
iter 1652: loss 0.3948, time 262.33ms, mfu 2.27%
iter 1653: loss 0.3459, time 499.48ms, mfu 2.18%
iter 1654: loss 0.3621, time 310.43ms, mfu 2.19%
iter 1655: loss 0.3949, time 303.58ms, mfu 2.21%
iter 1656: loss 0.3396, time 327.00ms, mfu 2.20%
iter 1657: loss 0.3761, time 301.31ms, mfu 2.22%
iter 1658: loss 0.3838, time 390.11ms, mfu 2.18%
iter 1659: loss 0.3826, time 431.90ms, mfu 2.13%
iter 1660: loss 0.3636, time 338.83ms, mfu 2.12%
iter 1661: loss 0.3834, time 364.59ms, mfu 2.10%
iter 1662: loss 0.3686, time 360.55ms, mfu 2.09%
iter 1663: loss 0.3631, time 291.43ms, mfu 2.12%
iter 1664: loss 0.3686, time 442.11ms, mfu 2.07%
iter 1665: loss 0.3660, time 398.58ms, mfu 2.04%
iter 1666: loss 0.3496, time 419.68ms, mfu 2.01%
iter 1667: loss 0.3657, time 446.93ms, mfu 1.97%
iter 1668: loss 0.3932, time 263.80ms, mfu 2.04%
iter 1669: loss 0.3826, time 302.10ms, mfu 2.07%
iter 1670: loss 0.3445, time 295.25ms, mfu 2.10%
iter 1671: loss 0.3636, time 546.82ms, mfu 2.02%
iter 1672: loss 0.3363, time 397.64ms, mfu 2.00%
iter 1673: loss 0.3973, time 381.94ms, mfu 1.98%
iter 1674: loss 0.3530, time 251.49ms, mfu 2.07%
iter 1675: loss 0.3669, time 294.37ms, mfu 2.10%
iter 1676: loss 0.3870, time 267.61ms, mfu 2.16%
iter 1677: loss 0.3623, time 306.78ms, mfu 2.17%
iter 1678: loss 0.4357, time 407.18ms, mfu 2.13%
iter 1679: loss 0.3318, time 438.44ms, mfu 2.08%
iter 1680: loss 0.3915, time 440.49ms, mfu 2.03%
iter 1681: loss 0.3873, time 423.55ms, mfu 1.99%
iter 1682: loss 0.3403, time 283.35ms, mfu 2.04%
iter 1683: loss 0.3515, time 391.40ms, mfu 2.02%
iter 1684: loss 0.3437, time 300.60ms, mfu 2.06%
iter 1685: loss 0.3596, time 351.19ms, mfu 2.05%
iter 1686: loss 0.3742, time 384.14ms, mfu 2.03%
iter 1687: loss 0.3658, time 432.03ms, mfu 1.99%
iter 1688: loss 0.3223, time 334.30ms, mfu 2.00%
iter 1689: loss 0.3897, time 388.32ms, mfu 1.99%
iter 1690: loss 0.3628, time 278.83ms, mfu 2.04%
iter 1691: loss 0.3967, time 313.60ms, mfu 2.06%
iter 1692: loss 0.3843, time 484.62ms, mfu 2.00%
iter 1693: loss 0.3624, time 364.80ms, mfu 2.00%
iter 1694: loss 0.4568, time 270.42ms, mfu 2.06%
iter 1695: loss 0.3795, time 324.92ms, mfu 2.07%
iter 1696: loss 0.3516, time 258.15ms, mfu 2.14%
iter 1697: loss 0.3702, time 472.95ms, mfu 2.08%
iter 1698: loss 0.3420, time 332.16ms, mfu 2.08%
iter 1699: loss 0.3430, time 479.26ms, mfu 2.02%
iter 1700: loss 0.3900, time 631.14ms, mfu 1.93%
  === DIAG iter 1700 ===
  loss: 0.3900
  grads: total 0.7548, transformer 0.2492, adapter 0.7125
  <NUM> input tokens: 551/3072 (17.9%)
  lr: 5.10e-04
  SME accuracy: overall 0.582, sign 0.973, exp 0.946, digit 0.329 [d0 0.532 d1 0.198 d2 0.279] (553 SME tokens)
iter 1701: loss 0.3255, time 175.31ms, mfu 2.14%
iter 1702: loss 0.3794, time 258.17ms, mfu 2.20%
iter 1703: loss 0.3583, time 364.54ms, mfu 2.18%
iter 1704: loss 0.3425, time 478.29ms, mfu 2.11%
iter 1705: loss 0.3837, time 401.82ms, mfu 2.07%
iter 1706: loss 0.3842, time 245.39ms, mfu 2.15%
iter 1707: loss 0.3982, time 508.65ms, mfu 2.08%
iter 1708: loss 0.3618, time 226.99ms, mfu 2.18%
iter 1709: loss 0.3752, time 376.98ms, mfu 2.15%
iter 1710: loss 0.3491, time 383.80ms, mfu 2.12%
iter 1711: loss 0.3280, time 368.56ms, mfu 2.10%
iter 1712: loss 0.3994, time 466.45ms, mfu 2.04%
iter 1713: loss 0.3648, time 282.36ms, mfu 2.09%
iter 1714: loss 0.3581, time 363.42ms, mfu 2.08%
iter 1715: loss 0.3650, time 426.06ms, mfu 2.04%
iter 1716: loss 0.3655, time 375.41ms, mfu 2.02%
iter 1717: loss 0.3880, time 368.72ms, mfu 2.01%
iter 1718: loss 0.3529, time 350.87ms, mfu 2.01%
iter 1719: loss 0.4029, time 313.62ms, mfu 2.04%
iter 1720: loss 0.3606, time 466.34ms, mfu 1.98%
iter 1721: loss 0.3880, time 367.03ms, mfu 1.98%
iter 1722: loss 0.3849, time 381.31ms, mfu 1.97%
iter 1723: loss 0.4005, time 353.47ms, mfu 1.97%
iter 1724: loss 0.3010, time 390.06ms, mfu 1.96%
iter 1725: loss 0.3783, time 429.52ms, mfu 1.93%
iter 1726: loss 0.3888, time 475.51ms, mfu 1.88%
iter 1727: loss 0.2919, time 374.56ms, mfu 1.88%
iter 1728: loss 0.3301, time 407.20ms, mfu 1.87%
iter 1729: loss 0.3261, time 356.26ms, mfu 1.88%
iter 1730: loss 0.3267, time 357.43ms, mfu 1.89%
iter 1731: loss 0.3959, time 429.82ms, mfu 1.87%
iter 1732: loss 0.3376, time 313.39ms, mfu 1.91%
iter 1733: loss 0.3344, time 472.09ms, mfu 1.87%
iter 1734: loss 0.3485, time 464.03ms, mfu 1.83%
iter 1735: loss 0.3723, time 326.68ms, mfu 1.87%
iter 1736: loss 0.3462, time 382.02ms, mfu 1.86%
iter 1737: loss 0.3245, time 359.06ms, mfu 1.88%
iter 1738: loss 0.4077, time 432.56ms, mfu 1.85%
iter 1739: loss 0.3782, time 456.13ms, mfu 1.82%
iter 1740: loss 0.3304, time 400.89ms, mfu 1.82%
iter 1741: loss 0.3455, time 442.36ms, mfu 1.80%
iter 1742: loss 0.3674, time 211.52ms, mfu 1.95%
iter 1743: loss 0.3455, time 416.64ms, mfu 1.93%
iter 1744: loss 0.3900, time 358.05ms, mfu 1.93%
iter 1745: loss 0.3805, time 354.25ms, mfu 1.94%
iter 1746: loss 0.3692, time 317.48ms, mfu 1.97%
iter 1747: loss 0.3381, time 421.19ms, mfu 1.94%
iter 1748: loss 0.3687, time 339.89ms, mfu 1.95%
iter 1749: loss 0.3718, time 316.02ms, mfu 1.98%
iter 1750: loss 0.4505, time 347.94ms, mfu 1.99%
iter 1751: loss 0.3395, time 372.89ms, mfu 1.98%
iter 1752: loss 0.3823, time 366.45ms, mfu 1.97%
iter 1753: loss 0.3728, time 374.73ms, mfu 1.97%
iter 1754: loss 0.3821, time 261.94ms, mfu 2.04%
iter 1755: loss 0.3672, time 436.12ms, mfu 2.00%
iter 1756: loss 0.3518, time 463.84ms, mfu 1.95%
iter 1757: loss 0.3810, time 327.08ms, mfu 1.97%
iter 1758: loss 0.4406, time 369.08ms, mfu 1.97%
iter 1759: loss 0.4874, time 302.45ms, mfu 2.01%
iter 1760: loss 0.5275, time 278.79ms, mfu 2.06%
iter 1761: loss 0.4246, time 401.29ms, mfu 2.03%
iter 1762: loss 0.3486, time 224.63ms, mfu 2.14%
iter 1763: loss 0.4523, time 359.17ms, mfu 2.13%
iter 1764: loss 0.4227, time 304.64ms, mfu 2.15%
iter 1765: loss 0.4937, time 269.24ms, mfu 2.19%
iter 1766: loss 0.4463, time 361.00ms, mfu 2.17%
iter 1767: loss 0.4083, time 348.00ms, mfu 2.16%
iter 1768: loss 0.4279, time 294.47ms, mfu 2.18%
iter 1769: loss 0.4330, time 314.58ms, mfu 2.19%
iter 1770: loss 0.4142, time 458.90ms, mfu 2.13%
iter 1771: loss 0.3777, time 435.61ms, mfu 2.08%
iter 1772: loss 0.3708, time 328.88ms, mfu 2.08%
iter 1773: loss 0.3705, time 377.29ms, mfu 2.06%
iter 1774: loss 0.4182, time 274.50ms, mfu 2.11%
iter 1775: loss 0.4145, time 368.82ms, mfu 2.10%
iter 1776: loss 0.4058, time 258.42ms, mfu 2.16%
iter 1777: loss 0.3582, time 282.64ms, mfu 2.19%
iter 1778: loss 0.3548, time 361.06ms, mfu 2.17%
iter 1779: loss 0.3818, time 481.06ms, mfu 2.10%
iter 1780: loss 0.3967, time 455.70ms, mfu 2.05%
iter 1781: loss 0.4147, time 336.73ms, mfu 2.05%
iter 1782: loss 0.3480, time 401.54ms, mfu 2.02%
iter 1783: loss 0.3970, time 381.58ms, mfu 2.01%
iter 1784: loss 0.3389, time 315.32ms, mfu 2.03%
iter 1785: loss 0.3988, time 291.05ms, mfu 2.07%
iter 1786: loss 0.3444, time 397.04ms, mfu 2.04%
iter 1787: loss 0.4008, time 437.14ms, mfu 2.00%
iter 1788: loss 0.3755, time 479.75ms, mfu 1.95%
iter 1789: loss 0.3887, time 475.70ms, mfu 1.90%
iter 1790: loss 0.3694, time 358.16ms, mfu 1.91%
iter 1791: loss 0.4377, time 290.42ms, mfu 1.96%
iter 1792: loss 0.4042, time 450.84ms, mfu 1.92%
iter 1793: loss 0.3953, time 286.88ms, mfu 1.98%
iter 1794: loss 0.3941, time 285.95ms, mfu 2.03%
iter 1795: loss 0.4019, time 481.66ms, mfu 1.97%
iter 1796: loss 0.3968, time 378.14ms, mfu 1.96%
iter 1797: loss 0.3671, time 252.57ms, mfu 2.05%
iter 1798: loss 0.3816, time 264.58ms, mfu 2.11%
iter 1799: loss 0.3500, time 352.87ms, mfu 2.10%
iter 1800: loss 0.3482, time 636.48ms, mfu 2.00%
  === DIAG iter 1800 ===
  loss: 0.3482
  grads: total 0.9941, transformer 0.2604, adapter 0.9594
  <NUM> input tokens: 630/3072 (20.5%)
  lr: 5.40e-04
  SME accuracy: overall 0.565, sign 0.974, exp 0.899, digit 0.321 [d0 0.532 d1 0.195 d2 0.208] (393 SME tokens)
iter 1801: loss 0.3456, time 222.10ms, mfu 2.12%
iter 1802: loss 0.3516, time 410.45ms, mfu 2.08%
iter 1803: loss 0.3413, time 358.39ms, mfu 2.07%
iter 1804: loss 0.3823, time 394.91ms, mfu 2.04%
iter 1805: loss 0.3785, time 519.39ms, mfu 1.98%
iter 1806: loss 0.3462, time 342.24ms, mfu 1.98%
iter 1807: loss 0.3620, time 401.68ms, mfu 1.96%
iter 1808: loss 0.4202, time 379.35ms, mfu 1.95%
iter 1809: loss 0.3381, time 332.18ms, mfu 1.97%
iter 1810: loss 0.3219, time 451.47ms, mfu 1.93%
iter 1811: loss 0.4092, time 424.70ms, mfu 1.90%
iter 1812: loss 0.3549, time 206.61ms, mfu 2.06%
iter 1813: loss 0.3902, time 295.19ms, mfu 2.09%
iter 1814: loss 0.3723, time 484.23ms, mfu 2.03%
iter 1815: loss 0.3612, time 448.64ms, mfu 1.98%
iter 1816: loss 0.3742, time 369.52ms, mfu 1.98%
iter 1817: loss 0.3987, time 477.31ms, mfu 1.93%
iter 1818: loss 0.3187, time 323.50ms, mfu 1.95%
iter 1819: loss 0.3387, time 442.31ms, mfu 1.92%
iter 1820: loss 0.3607, time 388.50ms, mfu 1.91%
iter 1821: loss 0.3646, time 305.04ms, mfu 1.95%
iter 1822: loss 0.4079, time 365.77ms, mfu 1.95%
iter 1823: loss 0.4130, time 403.35ms, mfu 1.93%
iter 1824: loss 0.3590, time 433.88ms, mfu 1.90%
iter 1825: loss 0.3793, time 377.64ms, mfu 1.90%
iter 1826: loss 0.4045, time 379.59ms, mfu 1.90%
iter 1827: loss 0.3523, time 327.35ms, mfu 1.92%
iter 1828: loss 0.3764, time 429.06ms, mfu 1.90%
iter 1829: loss 0.3917, time 235.23ms, mfu 2.01%
iter 1830: loss 0.3591, time 307.50ms, mfu 2.04%
iter 1831: loss 0.3319, time 262.22ms, mfu 2.10%
iter 1832: loss 0.3214, time 237.84ms, mfu 2.19%
iter 1833: loss 0.3250, time 478.24ms, mfu 2.12%
iter 1834: loss 0.3059, time 328.21ms, mfu 2.12%
iter 1835: loss 0.3221, time 457.64ms, mfu 2.07%
iter 1836: loss 0.3537, time 422.45ms, mfu 2.03%
iter 1837: loss 0.3639, time 324.73ms, mfu 2.04%
iter 1838: loss 0.3655, time 277.23ms, mfu 2.09%
iter 1839: loss 0.3116, time 310.36ms, mfu 2.11%
iter 1840: loss 0.3443, time 350.77ms, mfu 2.10%
iter 1841: loss 0.4136, time 350.63ms, mfu 2.10%
iter 1842: loss 0.3853, time 364.47ms, mfu 2.08%
iter 1843: loss 0.4146, time 325.72ms, mfu 2.09%
iter 1844: loss 0.3542, time 419.77ms, mfu 2.05%
iter 1845: loss 0.3383, time 342.04ms, mfu 2.05%
iter 1846: loss 0.3559, time 359.97ms, mfu 2.04%
iter 1847: loss 0.3637, time 369.21ms, mfu 2.03%
iter 1848: loss 0.3654, time 340.34ms, mfu 2.04%
iter 1849: loss 0.3944, time 296.72ms, mfu 2.07%
iter 1850: loss 0.3141, time 248.14ms, mfu 2.15%
iter 1851: loss 0.3806, time 342.91ms, mfu 2.14%
iter 1852: loss 0.3448, time 449.02ms, mfu 2.09%
iter 1853: loss 0.3532, time 386.03ms, mfu 2.06%
iter 1854: loss 0.3337, time 352.37ms, mfu 2.06%
iter 1855: loss 0.3555, time 324.51ms, mfu 2.07%
iter 1856: loss 0.3848, time 418.34ms, mfu 2.03%
iter 1857: loss 0.3743, time 402.54ms, mfu 2.00%
iter 1858: loss 0.3658, time 501.50ms, mfu 1.94%
iter 1859: loss 0.3848, time 484.60ms, mfu 1.90%
iter 1860: loss 0.3318, time 500.12ms, mfu 1.85%
iter 1861: loss 0.3878, time 442.02ms, mfu 1.82%
iter 1862: loss 0.3739, time 338.91ms, mfu 1.85%
iter 1863: loss 0.3816, time 360.36ms, mfu 1.86%
iter 1864: loss 0.3739, time 452.04ms, mfu 1.83%
iter 1865: loss 0.3650, time 346.79ms, mfu 1.85%
iter 1866: loss 0.3800, time 379.17ms, mfu 1.86%
iter 1867: loss 0.3217, time 408.62ms, mfu 1.84%
iter 1868: loss 0.3413, time 259.69ms, mfu 1.93%
iter 1869: loss 0.3840, time 367.27ms, mfu 1.93%
iter 1870: loss 0.3587, time 397.61ms, mfu 1.92%
iter 1871: loss 0.3537, time 355.50ms, mfu 1.92%
iter 1872: loss 0.3695, time 328.91ms, mfu 1.95%
iter 1873: loss 0.3568, time 288.99ms, mfu 2.00%
iter 1874: loss 0.3740, time 502.05ms, mfu 1.94%
iter 1875: loss 0.3691, time 277.77ms, mfu 2.00%
iter 1876: loss 0.3432, time 398.26ms, mfu 1.98%
iter 1877: loss 0.3291, time 405.23ms, mfu 1.96%
iter 1878: loss 0.3807, time 413.96ms, mfu 1.93%
iter 1879: loss 0.3548, time 441.51ms, mfu 1.90%
iter 1880: loss 0.3602, time 273.18ms, mfu 1.97%
iter 1881: loss 0.3796, time 271.74ms, mfu 2.03%
iter 1882: loss 0.3948, time 373.93ms, mfu 2.02%
iter 1883: loss 0.3588, time 498.20ms, mfu 1.96%
iter 1884: loss 0.3435, time 301.21ms, mfu 2.00%
iter 1885: loss 0.4099, time 509.84ms, mfu 1.94%
iter 1886: loss 0.3079, time 364.71ms, mfu 1.94%
iter 1887: loss 0.3150, time 374.00ms, mfu 1.93%
iter 1888: loss 0.3782, time 442.77ms, mfu 1.90%
iter 1889: loss 0.4022, time 425.26ms, mfu 1.88%
iter 1890: loss 0.3570, time 617.75ms, mfu 1.80%
iter 1891: loss 0.3679, time 323.95ms, mfu 1.84%
iter 1892: loss 0.3532, time 327.14ms, mfu 1.87%
iter 1893: loss 0.3705, time 485.98ms, mfu 1.83%
iter 1894: loss 0.3965, time 371.76ms, mfu 1.84%
iter 1895: loss 0.3650, time 414.20ms, mfu 1.83%
iter 1896: loss 0.3297, time 335.58ms, mfu 1.86%
iter 1897: loss 0.3276, time 337.30ms, mfu 1.88%
iter 1898: loss 0.3634, time 427.59ms, mfu 1.86%
iter 1899: loss 0.3455, time 404.49ms, mfu 1.85%
iter 1900: loss 0.3368, time 613.40ms, mfu 1.78%
  === DIAG iter 1900 ===
  loss: 0.3368
  grads: total 0.3937, transformer 0.2319, adapter 0.3181
  <NUM> input tokens: 705/3072 (22.9%)
  lr: 5.70e-04
  SME accuracy: overall 0.600, sign 0.956, exp 0.956, digit 0.364 [d0 0.556 d1 0.233 d2 0.311] (452 SME tokens)
iter 1901: loss 0.3400, time 202.98ms, mfu 1.95%
iter 1902: loss 0.3886, time 279.09ms, mfu 2.01%
iter 1903: loss 0.3238, time 381.55ms, mfu 1.99%
iter 1904: loss 0.3303, time 425.57ms, mfu 1.96%
iter 1905: loss 0.3698, time 315.02ms, mfu 1.99%
iter 1906: loss 0.4001, time 477.30ms, mfu 1.94%
iter 1907: loss 0.3518, time 337.63ms, mfu 1.96%
iter 1908: loss 0.3961, time 421.48ms, mfu 1.93%
iter 1909: loss 0.3397, time 270.28ms, mfu 2.00%
iter 1910: loss 0.4309, time 345.91ms, mfu 2.00%
iter 1911: loss 0.3413, time 370.88ms, mfu 1.99%
iter 1912: loss 0.3916, time 336.58ms, mfu 2.00%
iter 1913: loss 0.3966, time 456.97ms, mfu 1.96%
iter 1914: loss 0.3576, time 283.91ms, mfu 2.01%
iter 1915: loss 0.3558, time 387.37ms, mfu 1.99%
iter 1916: loss 0.3339, time 462.50ms, mfu 1.95%
iter 1917: loss 0.3865, time 378.45ms, mfu 1.94%
iter 1918: loss 0.3294, time 438.38ms, mfu 1.91%
iter 1919: loss 0.3691, time 366.35ms, mfu 1.91%
iter 1920: loss 0.3557, time 386.65ms, mfu 1.90%
iter 1921: loss 0.3780, time 306.93ms, mfu 1.94%
iter 1922: loss 0.3943, time 299.39ms, mfu 1.99%
iter 1923: loss 0.3879, time 555.61ms, mfu 1.92%
iter 1924: loss 0.3202, time 390.32ms, mfu 1.91%
iter 1925: loss 0.3894, time 521.35ms, mfu 1.85%
iter 1926: loss 0.3565, time 311.36ms, mfu 1.89%
iter 1927: loss 0.3972, time 367.61ms, mfu 1.90%
iter 1928: loss 0.3524, time 351.92ms, mfu 1.91%
iter 1929: loss 0.3616, time 268.14ms, mfu 1.98%
iter 1930: loss 0.3589, time 281.67ms, mfu 2.04%
iter 1931: loss 0.3411, time 314.03ms, mfu 2.06%
iter 1932: loss 0.4016, time 419.67ms, mfu 2.02%
iter 1933: loss 0.3222, time 370.01ms, mfu 2.01%
iter 1934: loss 0.3739, time 367.64ms, mfu 2.00%
iter 1935: loss 0.3576, time 344.54ms, mfu 2.01%
iter 1936: loss 0.4413, time 492.61ms, mfu 1.95%
iter 1937: loss 0.3763, time 279.58ms, mfu 2.01%
iter 1938: loss 0.3579, time 434.68ms, mfu 1.97%
iter 1939: loss 0.4028, time 253.48ms, mfu 2.05%
iter 1940: loss 0.3570, time 349.80ms, mfu 2.05%
iter 1941: loss 0.3262, time 449.91ms, mfu 2.00%
iter 1942: loss 0.3616, time 274.22ms, mfu 2.06%
iter 1943: loss 0.3622, time 240.61ms, mfu 2.15%
iter 1944: loss 0.3561, time 389.95ms, mfu 2.12%
iter 1945: loss 0.3144, time 253.54ms, mfu 2.18%
iter 1946: loss 0.3907, time 468.81ms, mfu 2.12%
iter 1947: loss 0.3381, time 273.06ms, mfu 2.16%
iter 1948: loss 0.3564, time 440.32ms, mfu 2.11%
iter 1949: loss 0.3459, time 406.96ms, mfu 2.07%
iter 1950: loss 0.3744, time 444.24ms, mfu 2.02%
iter 1951: loss 0.3800, time 361.13ms, mfu 2.02%
iter 1952: loss 0.3526, time 490.19ms, mfu 1.96%
iter 1953: loss 0.3625, time 311.17ms, mfu 1.99%
iter 1954: loss 0.4049, time 330.31ms, mfu 2.01%
iter 1955: loss 0.3594, time 381.75ms, mfu 1.99%
iter 1956: loss 0.3927, time 297.39ms, mfu 2.03%
iter 1957: loss 0.3941, time 525.09ms, mfu 1.96%
iter 1958: loss 0.3373, time 418.95ms, mfu 1.94%
iter 1959: loss 0.4119, time 368.79ms, mfu 1.94%
iter 1960: loss 0.3137, time 425.69ms, mfu 1.91%
iter 1961: loss 0.3586, time 453.56ms, mfu 1.87%
iter 1962: loss 0.3335, time 355.21ms, mfu 1.89%
iter 1963: loss 0.3922, time 415.65ms, mfu 1.87%
iter 1964: loss 0.3621, time 529.64ms, mfu 1.81%
iter 1965: loss 0.3682, time 308.75ms, mfu 1.86%
iter 1966: loss 0.3308, time 441.58ms, mfu 1.84%
iter 1967: loss 0.3172, time 370.43ms, mfu 1.84%
iter 1968: loss 0.3722, time 349.02ms, mfu 1.86%
iter 1969: loss 0.3758, time 335.77ms, mfu 1.89%
iter 1970: loss 0.3255, time 293.25ms, mfu 1.94%
iter 1971: loss 0.3289, time 416.65ms, mfu 1.92%
iter 1972: loss 0.3502, time 353.32ms, mfu 1.93%
iter 1973: loss 0.3800, time 437.04ms, mfu 1.90%
iter 1974: loss 0.3596, time 379.81ms, mfu 1.89%
iter 1975: loss 0.3655, time 302.39ms, mfu 1.94%
iter 1976: loss 0.3192, time 382.83ms, mfu 1.93%
iter 1977: loss 0.3524, time 303.84ms, mfu 1.97%
iter 1978: loss 0.3388, time 381.23ms, mfu 1.96%
iter 1979: loss 0.3216, time 402.45ms, mfu 1.94%
iter 1980: loss 0.3286, time 351.96ms, mfu 1.95%
iter 1981: loss 0.3394, time 458.18ms, mfu 1.91%
iter 1982: loss 0.3473, time 445.43ms, mfu 1.87%
iter 1983: loss 0.3368, time 506.23ms, mfu 1.83%
iter 1984: loss 0.3633, time 419.26ms, mfu 1.81%
iter 1985: loss 0.3659, time 373.22ms, mfu 1.82%
iter 1986: loss 0.3550, time 299.26ms, mfu 1.88%
iter 1987: loss 0.4110, time 384.07ms, mfu 1.87%
iter 1988: loss 0.3164, time 385.92ms, mfu 1.87%
iter 1989: loss 0.3599, time 506.45ms, mfu 1.82%
iter 1990: loss 0.3995, time 303.20ms, mfu 1.87%
iter 1991: loss 0.3732, time 447.25ms, mfu 1.85%
iter 1992: loss 0.4205, time 417.02ms, mfu 1.83%
iter 1993: loss 0.3792, time 281.99ms, mfu 1.90%
iter 1994: loss 0.3797, time 442.34ms, mfu 1.87%
iter 1995: loss 0.4031, time 530.03ms, mfu 1.82%
iter 1996: loss 0.3356, time 441.64ms, mfu 1.79%
iter 1997: loss 0.3292, time 316.32ms, mfu 1.84%
iter 1998: loss 0.3429, time 244.44ms, mfu 1.95%
iter 1999: loss 0.3491, time 380.53ms, mfu 1.94%
iter 2000: loss 0.3933, time 566.20ms, mfu 1.87%
  === DIAG iter 2000 ===
  loss: 0.3933
  grads: total 0.6426, transformer 0.2168, adapter 0.6049
  <NUM> input tokens: 647/3072 (21.1%)
  lr: 6.00e-04
  SME accuracy: overall 0.597, sign 0.991, exp 0.954, digit 0.347 [d0 0.578 d1 0.183 d2 0.303] (548 SME tokens)
  --- Sample eval (val) ---
  MIN: <-484> <496.525> <2> <3.8> <4.651> <-658> <774> <-816> <574> <593> <792.584> <-640.6> →
    target: -816
    pred:   -886
    error:  70.00

  ADD: <0> + <148> →
    target: 147
    pred:   104
    error:  43.00

  ADD: <6> + <7.467> →
    target: 13.4
    pred:   10
    error:  3.40

  ADD: <91> + <771.766> →
    target: 862
    pred:   946
    error:  84.00

   <-261.684> <314.5> <-719> <-8.0253> →
    target: -265
    pred:   888
    error:  1153.00

iter 2001: loss 0.3729, time 255.88ms, mfu 1.96%
iter 2002: loss 0.3809, time 283.40ms, mfu 2.01%
iter 2003: loss 0.4041, time 252.27ms, mfu 2.09%
iter 2004: loss 0.3834, time 399.38ms, mfu 2.06%
iter 2005: loss 0.3642, time 338.26ms, mfu 2.06%
iter 2006: loss 0.3673, time 339.45ms, mfu 2.07%
iter 2007: loss 0.3562, time 351.70ms, mfu 2.06%
iter 2008: loss 0.3716, time 342.13ms, mfu 2.06%
iter 2009: loss 0.3711, time 297.40ms, mfu 2.09%
iter 2010: loss 0.3673, time 511.27ms, mfu 2.02%
iter 2011: loss 0.3813, time 302.79ms, mfu 2.06%
iter 2012: loss 0.3560, time 297.77ms, mfu 2.09%
iter 2013: loss 0.3618, time 424.18ms, mfu 2.05%
iter 2014: loss 0.3841, time 480.30ms, mfu 1.99%
iter 2015: loss 0.3758, time 369.71ms, mfu 1.98%
iter 2016: loss 0.3153, time 323.90ms, mfu 2.00%
iter 2017: loss 0.3351, time 490.57ms, mfu 1.95%
iter 2018: loss 0.3414, time 303.48ms, mfu 1.99%
iter 2019: loss 0.3602, time 388.53ms, mfu 1.97%
iter 2020: loss 0.3441, time 358.98ms, mfu 1.97%
iter 2021: loss 0.3433, time 458.75ms, mfu 1.93%
iter 2022: loss 0.3296, time 333.56ms, mfu 1.95%
iter 2023: loss 0.3784, time 422.24ms, mfu 1.92%
iter 2024: loss 0.3514, time 364.33ms, mfu 1.92%
iter 2025: loss 0.3823, time 309.60ms, mfu 1.96%
iter 2026: loss 0.4131, time 352.46ms, mfu 1.96%
iter 2027: loss 0.3131, time 427.19ms, mfu 1.93%
iter 2028: loss 0.3230, time 373.26ms, mfu 1.93%
iter 2029: loss 0.3526, time 378.98ms, mfu 1.92%
iter 2030: loss 0.3503, time 398.42ms, mfu 1.91%
iter 2031: loss 0.3482, time 429.98ms, mfu 1.88%
iter 2032: loss 0.4005, time 320.89ms, mfu 1.92%
iter 2033: loss 0.3175, time 407.88ms, mfu 1.90%
iter 2034: loss 0.4129, time 241.72ms, mfu 2.00%
iter 2035: loss 0.3960, time 506.19ms, mfu 1.94%
iter 2036: loss 0.3626, time 396.84ms, mfu 1.93%
iter 2037: loss 0.3631, time 437.09ms, mfu 1.90%
iter 2038: loss 0.3551, time 411.48ms, mfu 1.88%
iter 2039: loss 0.3872, time 382.84ms, mfu 1.88%
iter 2040: loss 0.3395, time 511.66ms, mfu 1.83%
iter 2041: loss 0.3476, time 392.91ms, mfu 1.82%
iter 2042: loss 0.3463, time 379.17ms, mfu 1.83%
iter 2043: loss 0.3367, time 250.00ms, mfu 1.93%
iter 2044: loss 0.4104, time 384.50ms, mfu 1.92%
iter 2045: loss 0.4097, time 316.68ms, mfu 1.95%
iter 2046: loss 0.3336, time 458.61ms, mfu 1.91%
iter 2047: loss 0.3620, time 333.83ms, mfu 1.93%
iter 2048: loss 0.3518, time 257.04ms, mfu 2.02%
iter 2049: loss 0.3582, time 380.07ms, mfu 2.00%
iter 2050: loss 0.3594, time 351.06ms, mfu 2.00%
iter 2051: loss 0.3314, time 393.48ms, mfu 1.98%
iter 2052: loss 0.3758, time 321.10ms, mfu 2.00%
iter 2053: loss 0.3490, time 423.43ms, mfu 1.97%
iter 2054: loss 0.3403, time 279.65ms, mfu 2.03%
iter 2055: loss 0.3648, time 360.92ms, mfu 2.02%
iter 2056: loss 0.3492, time 390.04ms, mfu 2.00%
iter 2057: loss 0.3734, time 391.10ms, mfu 1.98%
iter 2058: loss 0.3695, time 249.87ms, mfu 2.07%
iter 2059: loss 0.4261, time 412.84ms, mfu 2.03%
iter 2060: loss 0.3842, time 357.79ms, mfu 2.03%
iter 2061: loss 0.3653, time 471.35ms, mfu 1.97%
iter 2062: loss 0.3984, time 406.98ms, mfu 1.95%
iter 2063: loss 0.3616, time 296.35ms, mfu 2.00%
iter 2064: loss 0.3587, time 384.01ms, mfu 1.98%
iter 2065: loss 0.3415, time 416.89ms, mfu 1.95%
iter 2066: loss 0.3821, time 320.39ms, mfu 1.98%
iter 2067: loss 0.3660, time 326.19ms, mfu 2.00%
iter 2068: loss 0.3202, time 375.49ms, mfu 1.99%
iter 2069: loss 0.3601, time 393.01ms, mfu 1.97%
iter 2070: loss 0.4114, time 452.57ms, mfu 1.93%
iter 2071: loss 0.4081, time 334.44ms, mfu 1.95%
iter 2072: loss 0.3475, time 370.96ms, mfu 1.94%
iter 2073: loss 0.3577, time 569.08ms, mfu 1.87%
iter 2074: loss 0.3740, time 367.19ms, mfu 1.88%
iter 2075: loss 0.4664, time 363.81ms, mfu 1.89%
iter 2076: loss 0.4910, time 287.68ms, mfu 1.94%
iter 2077: loss 0.3810, time 422.09ms, mfu 1.92%
iter 2078: loss 0.3246, time 369.78ms, mfu 1.92%
iter 2079: loss 0.3464, time 251.56ms, mfu 2.01%
iter 2080: loss 0.4000, time 359.23ms, mfu 2.00%
iter 2081: loss 0.3585, time 258.30ms, mfu 2.08%
iter 2082: loss 0.3357, time 316.92ms, mfu 2.09%
iter 2083: loss 0.3802, time 584.98ms, mfu 2.01%
iter 2084: loss 0.3535, time 279.92ms, mfu 2.06%
iter 2085: loss 0.3740, time 364.10ms, mfu 2.05%
iter 2086: loss 0.3674, time 429.32ms, mfu 2.01%
iter 2087: loss 0.3116, time 419.03ms, mfu 1.98%
iter 2088: loss 0.3567, time 346.24ms, mfu 1.98%
iter 2089: loss 0.3914, time 465.92ms, mfu 1.94%
iter 2090: loss 0.3193, time 406.34ms, mfu 1.92%
iter 2091: loss 0.3719, time 367.59ms, mfu 1.92%
iter 2092: loss 0.3610, time 407.95ms, mfu 1.90%
iter 2093: loss 0.3219, time 282.76ms, mfu 1.96%
iter 2094: loss 0.3796, time 289.27ms, mfu 2.01%
iter 2095: loss 0.3808, time 324.46ms, mfu 2.03%
iter 2096: loss 0.3661, time 248.35ms, mfu 2.11%
iter 2097: loss 0.3678, time 437.79ms, mfu 2.06%
iter 2098: loss 0.3936, time 344.67ms, mfu 2.06%
iter 2099: loss 0.3449, time 361.95ms, mfu 2.05%
iter 2100: loss 0.3314, time 516.94ms, mfu 1.98%
  === DIAG iter 2100 ===
  loss: 0.3314
  grads: total 0.3636, transformer 0.2456, adapter 0.2681
  <NUM> input tokens: 698/3072 (22.7%)
  lr: 6.00e-04
  SME accuracy: overall 0.637, sign 0.961, exp 0.961, digit 0.419 [d0 0.610 d1 0.286 d2 0.377] (383 SME tokens)
iter 2101: loss 0.4145, time 168.33ms, mfu 2.21%
iter 2102: loss 0.3735, time 458.96ms, mfu 2.14%
iter 2103: loss 0.3471, time 261.12ms, mfu 2.20%
iter 2104: loss 0.3697, time 440.98ms, mfu 2.14%
iter 2105: loss 0.3195, time 316.57ms, mfu 2.15%
iter 2106: loss 0.3405, time 441.55ms, mfu 2.09%
iter 2107: loss 0.3936, time 360.05ms, mfu 2.08%
iter 2108: loss 0.3846, time 329.06ms, mfu 2.09%
iter 2109: loss 0.3515, time 618.25ms, mfu 1.99%
iter 2110: loss 0.3549, time 361.78ms, mfu 1.99%
iter 2111: loss 0.3937, time 414.52ms, mfu 1.96%
iter 2112: loss 0.3397, time 489.80ms, mfu 1.91%
iter 2113: loss 0.3265, time 316.25ms, mfu 1.94%
iter 2114: loss 0.3531, time 472.74ms, mfu 1.90%
iter 2115: loss 0.3583, time 397.08ms, mfu 1.89%
iter 2116: loss 0.3345, time 313.99ms, mfu 1.92%
iter 2117: loss 0.3703, time 558.52ms, mfu 1.86%
iter 2118: loss 0.3797, time 246.70ms, mfu 1.96%
iter 2119: loss 0.3994, time 322.16ms, mfu 1.98%
iter 2120: loss 0.3391, time 417.16ms, mfu 1.96%
iter 2121: loss 0.3476, time 402.07ms, mfu 1.94%
iter 2122: loss 0.3517, time 433.32ms, mfu 1.91%
iter 2123: loss 0.3486, time 520.30ms, mfu 1.85%
iter 2124: loss 0.3414, time 496.44ms, mfu 1.81%
iter 2125: loss 0.3851, time 338.28ms, mfu 1.84%
iter 2126: loss 0.3532, time 349.73ms, mfu 1.86%
iter 2127: loss 0.3735, time 376.07ms, mfu 1.86%
iter 2128: loss 0.3508, time 333.93ms, mfu 1.89%
iter 2129: loss 0.3391, time 301.13ms, mfu 1.93%
iter 2130: loss 0.3584, time 355.27ms, mfu 1.94%
iter 2131: loss 0.3619, time 444.62ms, mfu 1.90%
iter 2132: loss 0.3611, time 303.86ms, mfu 1.95%
iter 2133: loss 0.3680, time 484.56ms, mfu 1.90%
iter 2134: loss 0.3519, time 328.55ms, mfu 1.92%
iter 2135: loss 0.3281, time 323.61ms, mfu 1.95%
iter 2136: loss 0.3485, time 386.74ms, mfu 1.94%
iter 2137: loss 0.3410, time 423.17ms, mfu 1.91%
iter 2138: loss 0.3342, time 472.16ms, mfu 1.87%
iter 2139: loss 0.3648, time 368.91ms, mfu 1.88%
iter 2140: loss 0.3585, time 294.68ms, mfu 1.93%
iter 2141: loss 0.3974, time 418.70ms, mfu 1.91%
iter 2142: loss 0.3376, time 291.27ms, mfu 1.96%
iter 2143: loss 0.3542, time 383.87ms, mfu 1.95%
iter 2144: loss 0.3762, time 380.28ms, mfu 1.94%
iter 2145: loss 0.3652, time 361.98ms, mfu 1.94%
iter 2146: loss 0.3913, time 349.39ms, mfu 1.95%
iter 2147: loss 0.3750, time 357.92ms, mfu 1.95%
iter 2148: loss 0.3501, time 460.23ms, mfu 1.91%
iter 2149: loss 0.3146, time 434.42ms, mfu 1.88%
iter 2150: loss 0.3236, time 340.67ms, mfu 1.90%
iter 2151: loss 0.3435, time 336.62ms, mfu 1.92%
iter 2152: loss 0.3573, time 408.00ms, mfu 1.90%
iter 2153: loss 0.3872, time 331.48ms, mfu 1.93%
iter 2154: loss 0.3018, time 408.30ms, mfu 1.91%
iter 2155: loss 0.3165, time 392.28ms, mfu 1.90%
iter 2156: loss 0.3483, time 299.46ms, mfu 1.95%
iter 2157: loss 0.3777, time 312.83ms, mfu 1.98%
iter 2158: loss 0.3326, time 431.55ms, mfu 1.94%
iter 2159: loss 0.3783, time 443.97ms, mfu 1.91%
iter 2160: loss 0.3521, time 463.49ms, mfu 1.87%
iter 2161: loss 0.3454, time 348.89ms, mfu 1.89%
iter 2162: loss 0.3885, time 304.12ms, mfu 1.93%
iter 2163: loss 0.3743, time 447.99ms, mfu 1.90%
iter 2164: loss 0.3390, time 235.45ms, mfu 2.01%
iter 2165: loss 0.3765, time 350.89ms, mfu 2.01%
iter 2166: loss 0.3420, time 306.98ms, mfu 2.04%
iter 2167: loss 0.3807, time 405.95ms, mfu 2.01%
iter 2168: loss 0.3613, time 314.80ms, mfu 2.03%
iter 2169: loss 0.3804, time 363.39ms, mfu 2.03%
iter 2170: loss 0.4012, time 369.45ms, mfu 2.01%
iter 2171: loss 0.3643, time 327.22ms, mfu 2.03%
iter 2172: loss 0.3895, time 278.02ms, mfu 2.08%
iter 2173: loss 0.3244, time 439.76ms, mfu 2.03%
iter 2174: loss 0.3526, time 277.38ms, mfu 2.09%
iter 2175: loss 0.3312, time 474.67ms, mfu 2.03%
iter 2176: loss 0.3678, time 338.31ms, mfu 2.03%
iter 2177: loss 0.3647, time 304.48ms, mfu 2.06%
iter 2178: loss 0.3689, time 448.58ms, mfu 2.02%
iter 2179: loss 0.3166, time 371.21ms, mfu 2.00%
iter 2180: loss 0.3863, time 363.53ms, mfu 2.00%
iter 2181: loss 0.3274, time 489.83ms, mfu 1.94%
iter 2182: loss 0.3353, time 373.61ms, mfu 1.94%
iter 2183: loss 0.3226, time 292.24ms, mfu 1.99%
iter 2184: loss 0.3448, time 382.65ms, mfu 1.97%
iter 2185: loss 0.3854, time 307.30ms, mfu 2.01%
iter 2186: loss 0.3906, time 403.65ms, mfu 1.98%
iter 2187: loss 0.3775, time 320.68ms, mfu 2.01%
iter 2188: loss 0.3202, time 504.24ms, mfu 1.95%
iter 2189: loss 0.3677, time 344.67ms, mfu 1.96%
iter 2190: loss 0.3826, time 326.23ms, mfu 1.98%
iter 2191: loss 0.3728, time 336.39ms, mfu 1.99%
iter 2192: loss 0.3867, time 384.93ms, mfu 1.98%
iter 2193: loss 0.3455, time 426.61ms, mfu 1.94%
iter 2194: loss 0.3993, time 314.24ms, mfu 1.98%
iter 2195: loss 0.3793, time 287.86ms, mfu 2.02%
iter 2196: loss 0.3496, time 417.66ms, mfu 1.99%
iter 2197: loss 0.3703, time 404.36ms, mfu 1.97%
iter 2198: loss 0.3689, time 329.31ms, mfu 1.99%
iter 2199: loss 0.3639, time 325.11ms, mfu 2.01%
iter 2200: loss 0.4136, time 757.64ms, mfu 1.90%
  === DIAG iter 2200 ===
  loss: 0.4136
  grads: total 0.5987, transformer 0.4013, adapter 0.4442
  <NUM> input tokens: 726/3072 (23.6%)
  lr: 6.00e-04
  SME accuracy: overall 0.572, sign 0.939, exp 0.921, digit 0.336 [d0 0.465 d1 0.254 d2 0.307] (573 SME tokens)
iter 2201: loss 0.3662, time 177.78ms, mfu 2.11%
iter 2202: loss 0.3512, time 459.93ms, mfu 2.05%
iter 2203: loss 0.3102, time 372.66ms, mfu 2.04%
iter 2204: loss 0.3660, time 386.38ms, mfu 2.02%
iter 2205: loss 0.3524, time 332.08ms, mfu 2.03%
iter 2206: loss 0.3203, time 355.42ms, mfu 2.02%
iter 2207: loss 0.3603, time 232.56ms, mfu 2.13%
iter 2208: loss 0.3619, time 360.04ms, mfu 2.11%
iter 2209: loss 0.3313, time 447.45ms, mfu 2.06%
iter 2210: loss 0.3545, time 340.06ms, mfu 2.06%
iter 2211: loss 0.3963, time 409.58ms, mfu 2.03%
iter 2212: loss 0.3574, time 352.53ms, mfu 2.03%
iter 2213: loss 0.3450, time 242.53ms, mfu 2.12%
iter 2214: loss 0.3677, time 332.23ms, mfu 2.12%
iter 2215: loss 0.3592, time 328.12ms, mfu 2.12%
iter 2216: loss 0.3310, time 460.28ms, mfu 2.06%
iter 2217: loss 0.3923, time 321.16ms, mfu 2.08%
iter 2218: loss 0.3715, time 481.57ms, mfu 2.02%
iter 2219: loss 0.3722, time 486.11ms, mfu 1.96%
iter 2220: loss 0.3790, time 239.13ms, mfu 2.06%
iter 2221: loss 0.3666, time 416.99ms, mfu 2.03%
iter 2222: loss 0.3850, time 331.14ms, mfu 2.04%
iter 2223: loss 0.3712, time 284.60ms, mfu 2.08%
iter 2224: loss 0.3224, time 479.23ms, mfu 2.02%
iter 2225: loss 0.3492, time 346.89ms, mfu 2.02%
iter 2226: loss 0.3779, time 259.59ms, mfu 2.09%
iter 2227: loss 0.3479, time 321.57ms, mfu 2.11%
iter 2228: loss 0.3901, time 452.02ms, mfu 2.05%
iter 2229: loss 0.3663, time 427.14ms, mfu 2.01%
iter 2230: loss 0.3354, time 429.76ms, mfu 1.98%
iter 2231: loss 0.3613, time 300.40ms, mfu 2.01%
iter 2232: loss 0.3769, time 378.64ms, mfu 2.00%
iter 2233: loss 0.3593, time 410.90ms, mfu 1.97%
iter 2234: loss 0.3384, time 436.18ms, mfu 1.94%
iter 2235: loss 0.3441, time 467.67ms, mfu 1.90%
iter 2236: loss 0.4159, time 348.24ms, mfu 1.91%
iter 2237: loss 0.3456, time 413.41ms, mfu 1.89%
iter 2238: loss 0.3830, time 273.57ms, mfu 1.96%
iter 2239: loss 0.3851, time 411.97ms, mfu 1.94%
iter 2240: loss 0.3801, time 426.27ms, mfu 1.91%
iter 2241: loss 0.3569, time 324.37ms, mfu 1.94%
iter 2242: loss 0.3830, time 360.17ms, mfu 1.94%
iter 2243: loss 0.3615, time 385.91ms, mfu 1.93%
iter 2244: loss 0.3690, time 340.33ms, mfu 1.94%
iter 2245: loss 0.3693, time 351.61ms, mfu 1.95%
iter 2246: loss 0.3295, time 492.81ms, mfu 1.90%
iter 2247: loss 0.3345, time 214.05ms, mfu 2.04%
iter 2248: loss 0.3656, time 439.49ms, mfu 2.00%
iter 2249: loss 0.3585, time 532.02ms, mfu 1.93%
iter 2250: loss 0.3516, time 279.11ms, mfu 1.99%
iter 2251: loss 0.3685, time 346.40ms, mfu 2.00%
iter 2252: loss 0.4072, time 504.95ms, mfu 1.94%
iter 2253: loss 0.3327, time 340.14ms, mfu 1.95%
iter 2254: loss 0.3595, time 473.41ms, mfu 1.91%
iter 2255: loss 0.3340, time 386.44ms, mfu 1.90%
iter 2256: loss 0.3708, time 410.51ms, mfu 1.88%
iter 2257: loss 0.3207, time 331.21ms, mfu 1.91%
iter 2258: loss 0.3407, time 402.25ms, mfu 1.89%
iter 2259: loss 0.3466, time 279.97ms, mfu 1.96%
iter 2260: loss 0.3705, time 413.15ms, mfu 1.93%
iter 2261: loss 0.3200, time 300.72ms, mfu 1.98%
iter 2262: loss 0.3529, time 452.84ms, mfu 1.93%
iter 2263: loss 0.3737, time 376.59ms, mfu 1.93%
iter 2264: loss 0.3382, time 381.54ms, mfu 1.92%
iter 2265: loss 0.3295, time 282.55ms, mfu 1.98%
iter 2266: loss 0.3291, time 404.24ms, mfu 1.96%
iter 2267: loss 0.4128, time 496.07ms, mfu 1.91%
iter 2268: loss 0.4052, time 370.27ms, mfu 1.91%
iter 2269: loss 0.3870, time 455.92ms, mfu 1.87%
iter 2270: loss 0.4145, time 391.89ms, mfu 1.86%
iter 2271: loss 0.3499, time 366.69ms, mfu 1.87%
iter 2272: loss 0.3864, time 224.43ms, mfu 2.00%
iter 2273: loss 0.3843, time 539.57ms, mfu 1.93%
iter 2274: loss 0.3752, time 484.42ms, mfu 1.88%
iter 2275: loss 0.3299, time 345.01ms, mfu 1.90%
iter 2276: loss 0.3529, time 358.92ms, mfu 1.91%
iter 2277: loss 0.3953, time 448.45ms, mfu 1.88%
iter 2278: loss 0.2882, time 448.84ms, mfu 1.85%
iter 2279: loss 0.3534, time 405.07ms, mfu 1.84%
iter 2280: loss 0.3485, time 396.60ms, mfu 1.83%
iter 2281: loss 0.4301, time 351.25ms, mfu 1.85%
iter 2282: loss 0.3299, time 535.84ms, mfu 1.80%
iter 2283: loss 0.3832, time 311.82ms, mfu 1.85%
iter 2284: loss 0.4044, time 511.10ms, mfu 1.80%
iter 2285: loss 0.3437, time 378.66ms, mfu 1.81%
iter 2286: loss 0.3504, time 463.80ms, mfu 1.78%
iter 2287: loss 0.3351, time 401.60ms, mfu 1.78%
iter 2288: loss 0.3433, time 381.84ms, mfu 1.79%
iter 2289: loss 0.3365, time 338.86ms, mfu 1.82%
iter 2290: loss 0.3068, time 448.55ms, mfu 1.79%
iter 2291: loss 0.3474, time 286.40ms, mfu 1.86%
iter 2292: loss 0.3832, time 390.02ms, mfu 1.86%
iter 2293: loss 0.3081, time 436.27ms, mfu 1.83%
iter 2294: loss 0.3359, time 301.68ms, mfu 1.88%
iter 2295: loss 0.3439, time 295.80ms, mfu 1.94%
iter 2296: loss 0.4025, time 384.75ms, mfu 1.93%
iter 2297: loss 0.3453, time 468.67ms, mfu 1.88%
iter 2298: loss 0.3418, time 357.88ms, mfu 1.89%
iter 2299: loss 0.3535, time 329.57ms, mfu 1.92%
iter 2300: loss 0.3291, time 578.60ms, mfu 1.85%
  === DIAG iter 2300 ===
  loss: 0.3291
  grads: total 0.9701, transformer 0.2135, adapter 0.9464
  <NUM> input tokens: 666/3072 (21.7%)
  lr: 5.99e-04
  SME accuracy: overall 0.664, sign 1.000, exp 0.978, digit 0.447 [d0 0.663 d1 0.359 d2 0.337] (456 SME tokens)
iter 2301: loss 0.3257, time 174.91ms, mfu 2.07%
iter 2302: loss 0.3557, time 457.46ms, mfu 2.02%
iter 2303: loss 0.2987, time 295.76ms, mfu 2.06%
iter 2304: loss 0.3776, time 353.07ms, mfu 2.05%
iter 2305: loss 0.3321, time 393.52ms, mfu 2.03%
iter 2306: loss 0.3412, time 302.82ms, mfu 2.06%
iter 2307: loss 0.3576, time 316.11ms, mfu 2.08%
iter 2308: loss 0.3121, time 378.21ms, mfu 2.06%
iter 2309: loss 0.3546, time 349.78ms, mfu 2.05%
iter 2310: loss 0.3577, time 339.53ms, mfu 2.06%
iter 2311: loss 0.3882, time 249.24ms, mfu 2.14%
iter 2312: loss 0.3522, time 261.16ms, mfu 2.19%
iter 2313: loss 0.3795, time 293.89ms, mfu 2.21%
iter 2314: loss 0.3966, time 337.54ms, mfu 2.20%
iter 2315: loss 0.3889, time 365.71ms, mfu 2.18%
iter 2316: loss 0.4366, time 340.47ms, mfu 2.17%
iter 2317: loss 0.3376, time 452.81ms, mfu 2.11%
iter 2318: loss 0.3509, time 466.56ms, mfu 2.05%
iter 2319: loss 0.3667, time 267.22ms, mfu 2.11%
iter 2320: loss 0.3371, time 368.80ms, mfu 2.09%
iter 2321: loss 0.3316, time 347.47ms, mfu 2.08%
iter 2322: loss 0.3780, time 428.32ms, mfu 2.04%
iter 2323: loss 0.3416, time 369.98ms, mfu 2.03%
iter 2324: loss 0.3154, time 318.69ms, mfu 2.05%
iter 2325: loss 0.3686, time 359.16ms, mfu 2.04%
iter 2326: loss 0.3302, time 304.51ms, mfu 2.07%
iter 2327: loss 0.3637, time 396.51ms, mfu 2.04%
iter 2328: loss 0.3779, time 332.50ms, mfu 2.05%
iter 2329: loss 0.3526, time 432.26ms, mfu 2.01%
iter 2330: loss 0.3884, time 390.99ms, mfu 1.99%
iter 2331: loss 0.3430, time 388.89ms, mfu 1.97%
iter 2332: loss 0.3446, time 453.58ms, mfu 1.93%
iter 2333: loss 0.3267, time 574.43ms, mfu 1.86%
iter 2334: loss 0.3649, time 278.37ms, mfu 1.93%
iter 2335: loss 0.3107, time 402.06ms, mfu 1.91%
iter 2336: loss 0.3066, time 528.19ms, mfu 1.86%
iter 2337: loss 0.3670, time 309.40ms, mfu 1.90%
iter 2338: loss 0.3550, time 262.14ms, mfu 1.98%
iter 2339: loss 0.4315, time 418.62ms, mfu 1.95%
iter 2340: loss 0.4150, time 334.46ms, mfu 1.97%
iter 2341: loss 0.3247, time 445.82ms, mfu 1.93%
iter 2342: loss 0.4084, time 498.49ms, mfu 1.88%
iter 2343: loss 0.3787, time 283.81ms, mfu 1.94%
iter 2344: loss 0.3676, time 238.61ms, mfu 2.04%
iter 2345: loss 0.4124, time 526.78ms, mfu 1.97%
iter 2346: loss 0.3833, time 483.88ms, mfu 1.92%
iter 2347: loss 0.3448, time 494.93ms, mfu 1.87%
iter 2348: loss 0.3795, time 404.99ms, mfu 1.86%
iter 2349: loss 0.4205, time 411.64ms, mfu 1.85%
iter 2350: loss 0.4545, time 389.86ms, mfu 1.84%
iter 2351: loss 0.4049, time 339.48ms, mfu 1.87%
iter 2352: loss 0.3747, time 458.57ms, mfu 1.84%
iter 2353: loss 0.3301, time 486.19ms, mfu 1.80%
iter 2354: loss 0.4326, time 346.62ms, mfu 1.82%
iter 2355: loss 0.3660, time 452.35ms, mfu 1.80%
iter 2356: loss 0.3973, time 373.12ms, mfu 1.81%
iter 2357: loss 0.3234, time 346.00ms, mfu 1.83%
iter 2358: loss 0.4010, time 334.07ms, mfu 1.86%
iter 2359: loss 0.3364, time 434.78ms, mfu 1.84%
iter 2360: loss 0.3667, time 352.34ms, mfu 1.86%
iter 2361: loss 0.3414, time 313.21ms, mfu 1.90%
iter 2362: loss 0.3156, time 361.76ms, mfu 1.90%
iter 2363: loss 0.3391, time 444.79ms, mfu 1.87%
iter 2364: loss 0.3778, time 260.73ms, mfu 1.96%
iter 2365: loss 0.3330, time 371.88ms, mfu 1.95%
iter 2366: loss 0.3518, time 284.59ms, mfu 2.00%
iter 2367: loss 0.3866, time 428.73ms, mfu 1.97%
iter 2368: loss 0.3536, time 476.61ms, mfu 1.92%
iter 2369: loss 0.3562, time 312.11ms, mfu 1.96%
iter 2370: loss 0.3704, time 473.45ms, mfu 1.91%
iter 2371: loss 0.3729, time 409.62ms, mfu 1.89%
iter 2372: loss 0.3651, time 413.66ms, mfu 1.87%
iter 2373: loss 0.3821, time 292.01ms, mfu 1.93%
iter 2374: loss 0.3580, time 322.68ms, mfu 1.96%
iter 2375: loss 0.2909, time 346.83ms, mfu 1.97%
iter 2376: loss 0.3380, time 371.11ms, mfu 1.96%
iter 2377: loss 0.3345, time 363.33ms, mfu 1.96%
iter 2378: loss 0.3371, time 361.86ms, mfu 1.96%
iter 2379: loss 0.3517, time 295.15ms, mfu 2.00%
iter 2380: loss 0.3116, time 309.33ms, mfu 2.03%
iter 2381: loss 0.3703, time 371.92ms, mfu 2.02%
iter 2382: loss 0.4012, time 555.93ms, mfu 1.94%
iter 2383: loss 0.3942, time 345.38ms, mfu 1.96%
iter 2384: loss 0.3778, time 552.47ms, mfu 1.89%
iter 2385: loss 0.3678, time 382.06ms, mfu 1.88%
iter 2386: loss 0.3459, time 353.57ms, mfu 1.90%
iter 2387: loss 0.3487, time 328.30ms, mfu 1.92%
iter 2388: loss 0.3936, time 260.28ms, mfu 2.00%
iter 2389: loss 0.3591, time 370.63ms, mfu 1.99%
iter 2390: loss 0.3346, time 429.38ms, mfu 1.96%
iter 2391: loss 0.3343, time 443.41ms, mfu 1.92%
iter 2392: loss 0.3120, time 412.02ms, mfu 1.90%
iter 2393: loss 0.3268, time 377.22ms, mfu 1.90%
iter 2394: loss 0.3513, time 445.44ms, mfu 1.87%
iter 2395: loss 0.3390, time 271.51ms, mfu 1.94%
iter 2396: loss 0.3963, time 377.30ms, mfu 1.94%
iter 2397: loss 0.3365, time 302.54ms, mfu 1.98%
iter 2398: loss 0.3738, time 321.75ms, mfu 2.00%
iter 2399: loss 0.3659, time 450.55ms, mfu 1.96%
iter 2400: loss 0.3205, time 671.69ms, mfu 1.87%
  === DIAG iter 2400 ===
  loss: 0.3205
  grads: total 1.0000, transformer 0.2026, adapter 0.9793
  <NUM> input tokens: 639/3072 (20.8%)
  lr: 5.99e-04
  SME accuracy: overall 0.689, sign 0.949, exp 0.975, digit 0.504 [d0 0.785 d1 0.443 d2 0.304] (392 SME tokens)
iter 2401: loss 0.3635, time 202.48ms, mfu 2.03%
iter 2402: loss 0.3388, time 489.97ms, mfu 1.97%
iter 2403: loss 0.3759, time 416.89ms, mfu 1.94%
iter 2404: loss 0.4039, time 370.62ms, mfu 1.94%
iter 2405: loss 0.3274, time 353.53ms, mfu 1.95%
iter 2406: loss 0.3487, time 460.42ms, mfu 1.91%
iter 2407: loss 0.3830, time 233.01ms, mfu 2.02%
iter 2408: loss 0.3597, time 429.19ms, mfu 1.98%
iter 2409: loss 0.3834, time 257.80ms, mfu 2.06%
iter 2410: loss 0.3572, time 519.24ms, mfu 1.99%
iter 2411: loss 0.3534, time 327.72ms, mfu 2.01%
iter 2412: loss 0.3337, time 401.25ms, mfu 1.98%
iter 2413: loss 0.3158, time 459.54ms, mfu 1.94%
iter 2414: loss 0.3211, time 415.83ms, mfu 1.92%
iter 2415: loss 0.3178, time 555.17ms, mfu 1.85%
iter 2416: loss 0.3652, time 413.44ms, mfu 1.84%
iter 2417: loss 0.3538, time 343.57ms, mfu 1.86%
iter 2418: loss 0.3348, time 246.14ms, mfu 1.96%
iter 2419: loss 0.3316, time 383.57ms, mfu 1.95%
iter 2420: loss 0.3387, time 385.47ms, mfu 1.94%
iter 2421: loss 0.3413, time 503.66ms, mfu 1.89%
iter 2422: loss 0.3591, time 388.77ms, mfu 1.88%
iter 2423: loss 0.3461, time 395.15ms, mfu 1.87%
iter 2424: loss 0.3435, time 461.25ms, mfu 1.84%
iter 2425: loss 0.3735, time 313.71ms, mfu 1.88%
iter 2426: loss 0.3319, time 423.20ms, mfu 1.86%
iter 2427: loss 0.3510, time 474.59ms, mfu 1.82%
iter 2428: loss 0.3181, time 282.56ms, mfu 1.89%
iter 2429: loss 0.3871, time 328.47ms, mfu 1.92%
iter 2430: loss 0.3764, time 411.55ms, mfu 1.90%
iter 2431: loss 0.3321, time 367.27ms, mfu 1.90%
iter 2432: loss 0.3358, time 461.86ms, mfu 1.86%
iter 2433: loss 0.3461, time 459.88ms, mfu 1.83%
iter 2434: loss 0.3297, time 349.71ms, mfu 1.85%
iter 2435: loss 0.4159, time 380.18ms, mfu 1.85%
iter 2436: loss 0.3928, time 368.09ms, mfu 1.86%
iter 2437: loss 0.3439, time 385.84ms, mfu 1.86%
iter 2438: loss 0.3369, time 411.60ms, mfu 1.84%
iter 2439: loss 0.3419, time 243.84ms, mfu 1.95%
iter 2440: loss 0.3427, time 392.56ms, mfu 1.94%
iter 2441: loss 0.3792, time 404.66ms, mfu 1.92%
iter 2442: loss 0.3474, time 574.97ms, mfu 1.85%
iter 2443: loss 0.3667, time 496.44ms, mfu 1.81%
iter 2444: loss 0.3610, time 498.14ms, mfu 1.77%
iter 2445: loss 0.3682, time 313.31ms, mfu 1.82%
iter 2446: loss 0.3290, time 436.43ms, mfu 1.80%
iter 2447: loss 0.4103, time 376.33ms, mfu 1.81%
iter 2448: loss 0.3405, time 459.33ms, mfu 1.78%
iter 2449: loss 0.4097, time 416.15ms, mfu 1.77%
iter 2450: loss 0.3835, time 252.90ms, mfu 1.88%
iter 2451: loss 0.3162, time 532.84ms, mfu 1.82%
iter 2452: loss 0.3426, time 297.79ms, mfu 1.88%
iter 2453: loss 0.3531, time 371.10ms, mfu 1.88%
iter 2454: loss 0.3720, time 347.78ms, mfu 1.90%
iter 2455: loss 0.3688, time 250.29ms, mfu 1.99%
iter 2456: loss 0.3530, time 355.20ms, mfu 1.99%
iter 2457: loss 0.3016, time 386.17ms, mfu 1.97%
iter 2458: loss 0.3508, time 492.46ms, mfu 1.92%
iter 2459: loss 0.3593, time 395.45ms, mfu 1.91%
iter 2460: loss 0.3537, time 267.96ms, mfu 1.98%
iter 2461: loss 0.2902, time 371.71ms, mfu 1.97%
iter 2462: loss 0.3385, time 378.63ms, mfu 1.96%
iter 2463: loss 0.3350, time 453.61ms, mfu 1.92%
iter 2464: loss 0.3878, time 219.40ms, mfu 2.05%
iter 2465: loss 0.3805, time 440.96ms, mfu 2.01%
iter 2466: loss 0.3161, time 471.26ms, mfu 1.96%
iter 2467: loss 0.3367, time 389.47ms, mfu 1.95%
iter 2468: loss 0.3776, time 342.07ms, mfu 1.96%
iter 2469: loss 0.3575, time 342.83ms, mfu 1.97%
iter 2470: loss 0.3585, time 463.20ms, mfu 1.92%
iter 2471: loss 0.3548, time 297.43ms, mfu 1.97%
iter 2472: loss 0.3360, time 397.90ms, mfu 1.95%
iter 2473: loss 0.3149, time 388.47ms, mfu 1.94%
iter 2474: loss 0.3421, time 380.74ms, mfu 1.93%
iter 2475: loss 0.3349, time 337.39ms, mfu 1.95%
iter 2476: loss 0.3478, time 410.26ms, mfu 1.93%
iter 2477: loss 0.3484, time 303.16ms, mfu 1.97%
iter 2478: loss 0.3968, time 408.32ms, mfu 1.94%
iter 2479: loss 0.3691, time 346.65ms, mfu 1.95%
iter 2480: loss 0.4221, time 274.65ms, mfu 2.02%
iter 2481: loss 0.3842, time 311.79ms, mfu 2.04%
iter 2482: loss 0.4020, time 223.66ms, mfu 2.16%
iter 2483: loss 0.3701, time 303.80ms, mfu 2.17%
iter 2484: loss 0.3502, time 330.90ms, mfu 2.17%
iter 2485: loss 0.3549, time 425.41ms, mfu 2.12%
iter 2486: loss 0.3280, time 395.04ms, mfu 2.09%
iter 2487: loss 0.3685, time 410.38ms, mfu 2.05%
iter 2488: loss 0.3798, time 476.95ms, mfu 1.99%
iter 2489: loss 0.3750, time 367.58ms, mfu 1.99%
iter 2490: loss 0.3927, time 374.23ms, mfu 1.98%
iter 2491: loss 0.3407, time 245.52ms, mfu 2.07%
iter 2492: loss 0.3600, time 452.57ms, mfu 2.02%
iter 2493: loss 0.3362, time 365.74ms, mfu 2.01%
iter 2494: loss 0.3478, time 337.11ms, mfu 2.02%
iter 2495: loss 0.3443, time 363.31ms, mfu 2.01%
iter 2496: loss 0.3515, time 400.02ms, mfu 1.99%
iter 2497: loss 0.3792, time 343.17ms, mfu 2.00%
iter 2498: loss 0.3164, time 389.59ms, mfu 1.98%
iter 2499: loss 0.3239, time 479.52ms, mfu 1.93%
iter 2500: loss 0.3525, time 640.74ms, mfu 1.85%
  === DIAG iter 2500 ===
  loss: 0.3525
  grads: total 1.0000, transformer 0.2016, adapter 0.9795
  <NUM> input tokens: 626/3072 (20.4%)
  lr: 5.98e-04
  SME accuracy: overall 0.636, sign 1.000, exp 0.978, digit 0.399 [d0 0.609 d1 0.272 d2 0.359] (456 SME tokens)
iter 2501: loss 0.3780, time 203.24ms, mfu 2.01%
iter 2502: loss 0.4111, time 333.75ms, mfu 2.02%
iter 2503: loss 0.3162, time 309.25ms, mfu 2.05%
iter 2504: loss 0.3483, time 361.85ms, mfu 2.04%
iter 2505: loss 0.3286, time 382.32ms, mfu 2.02%
iter 2506: loss 0.4021, time 247.98ms, mfu 2.10%
iter 2507: loss 0.3334, time 461.64ms, mfu 2.05%
iter 2508: loss 0.3920, time 264.12ms, mfu 2.11%
iter 2509: loss 0.3227, time 499.77ms, mfu 2.04%
iter 2510: loss 0.3753, time 241.00ms, mfu 2.13%
iter 2511: loss 0.3571, time 376.20ms, mfu 2.11%
iter 2512: loss 0.3623, time 315.48ms, mfu 2.12%
iter 2513: loss 0.3431, time 378.13ms, mfu 2.10%
iter 2514: loss 0.3350, time 258.28ms, mfu 2.16%
iter 2515: loss 0.3682, time 488.77ms, mfu 2.09%
iter 2516: loss 0.3595, time 238.97ms, mfu 2.18%
iter 2517: loss 0.3275, time 335.99ms, mfu 2.17%
iter 2518: loss 0.3333, time 366.58ms, mfu 2.15%
iter 2519: loss 0.3475, time 332.21ms, mfu 2.15%
iter 2520: loss 0.3604, time 346.92ms, mfu 2.14%
iter 2521: loss 0.3781, time 352.20ms, mfu 2.12%
iter 2522: loss 0.3075, time 376.03ms, mfu 2.10%
iter 2523: loss 0.3592, time 478.89ms, mfu 2.04%
iter 2524: loss 0.3252, time 385.03ms, mfu 2.02%
iter 2525: loss 0.3377, time 305.64ms, mfu 2.05%
iter 2526: loss 0.3639, time 314.21ms, mfu 2.07%
iter 2527: loss 0.3056, time 406.15ms, mfu 2.04%
iter 2528: loss 0.3832, time 297.86ms, mfu 2.07%
iter 2529: loss 0.3382, time 375.31ms, mfu 2.05%
iter 2530: loss 0.3531, time 246.07ms, mfu 2.14%
iter 2531: loss 0.3545, time 415.06ms, mfu 2.09%
iter 2532: loss 0.3725, time 332.95ms, mfu 2.10%
iter 2533: loss 0.3419, time 331.23ms, mfu 2.10%
iter 2534: loss 0.3843, time 415.47ms, mfu 2.06%
iter 2535: loss 0.3509, time 319.13ms, mfu 2.08%
iter 2536: loss 0.3858, time 355.94ms, mfu 2.07%
iter 2537: loss 0.3749, time 320.88ms, mfu 2.08%
iter 2538: loss 0.3541, time 543.61ms, mfu 2.00%
iter 2539: loss 0.3310, time 275.40ms, mfu 2.06%
iter 2540: loss 0.3492, time 348.00ms, mfu 2.06%
iter 2541: loss 0.3152, time 521.36ms, mfu 1.99%
iter 2542: loss 0.3655, time 453.76ms, mfu 1.95%
iter 2543: loss 0.3052, time 382.33ms, mfu 1.94%
iter 2544: loss 0.3540, time 543.55ms, mfu 1.87%
iter 2545: loss 0.3730, time 332.01ms, mfu 1.90%
iter 2546: loss 0.3532, time 443.32ms, mfu 1.87%
iter 2547: loss 0.3496, time 413.61ms, mfu 1.85%
iter 2548: loss 0.3589, time 391.49ms, mfu 1.85%
iter 2549: loss 0.3657, time 344.26ms, mfu 1.87%
iter 2550: loss 0.3523, time 333.02ms, mfu 1.90%
iter 2551: loss 0.3241, time 449.62ms, mfu 1.86%
iter 2552: loss 0.3352, time 258.93ms, mfu 1.95%
iter 2553: loss 0.3724, time 415.98ms, mfu 1.93%
iter 2554: loss 0.3472, time 332.22ms, mfu 1.95%
iter 2555: loss 0.3328, time 468.91ms, mfu 1.90%
iter 2556: loss 0.3306, time 294.01ms, mfu 1.95%
iter 2557: loss 0.3636, time 397.64ms, mfu 1.94%
iter 2558: loss 0.3249, time 450.36ms, mfu 1.90%
iter 2559: loss 0.3269, time 364.25ms, mfu 1.91%
iter 2560: loss 0.3273, time 321.34ms, mfu 1.94%
iter 2561: loss 0.3527, time 392.19ms, mfu 1.92%
iter 2562: loss 0.3355, time 317.75ms, mfu 1.95%
iter 2563: loss 0.3635, time 407.96ms, mfu 1.93%
iter 2564: loss 0.3198, time 381.46ms, mfu 1.92%
iter 2565: loss 0.3503, time 393.26ms, mfu 1.91%
iter 2566: loss 0.3573, time 378.48ms, mfu 1.91%
iter 2567: loss 0.3969, time 378.98ms, mfu 1.90%
iter 2568: loss 0.3710, time 314.20ms, mfu 1.94%
iter 2569: loss 0.3551, time 568.19ms, mfu 1.87%
iter 2570: loss 0.3651, time 306.29ms, mfu 1.91%
iter 2571: loss 0.3611, time 495.20ms, mfu 1.87%
iter 2572: loss 0.3657, time 266.08ms, mfu 1.95%
iter 2573: loss 0.3640, time 332.51ms, mfu 1.96%
iter 2574: loss 0.3319, time 254.82ms, mfu 2.05%
iter 2575: loss 0.3730, time 422.88ms, mfu 2.01%
iter 2576: loss 0.3395, time 369.76ms, mfu 2.00%
iter 2577: loss 0.3596, time 385.44ms, mfu 1.98%
iter 2578: loss 0.3361, time 307.89ms, mfu 2.02%
iter 2579: loss 0.3377, time 385.27ms, mfu 2.00%
iter 2580: loss 0.3505, time 306.72ms, mfu 2.03%
iter 2581: loss 0.3334, time 383.07ms, mfu 2.01%
iter 2582: loss 0.3832, time 398.54ms, mfu 1.99%
iter 2583: loss 0.3330, time 246.47ms, mfu 2.08%
iter 2584: loss 0.3549, time 358.23ms, mfu 2.07%
iter 2585: loss 0.3691, time 305.71ms, mfu 2.09%
iter 2586: loss 0.3614, time 505.54ms, mfu 2.02%
iter 2587: loss 0.3265, time 301.13ms, mfu 2.06%
iter 2588: loss 0.3486, time 423.61ms, mfu 2.02%
iter 2589: loss 0.3603, time 439.92ms, mfu 1.98%
iter 2590: loss 0.3283, time 397.13ms, mfu 1.96%
iter 2591: loss 0.3299, time 517.29ms, mfu 1.90%
iter 2592: loss 0.3213, time 378.65ms, mfu 1.90%
iter 2593: loss 0.3397, time 459.06ms, mfu 1.86%
iter 2594: loss 0.3498, time 394.48ms, mfu 1.85%
iter 2595: loss 0.2990, time 384.31ms, mfu 1.85%
iter 2596: loss 0.3470, time 266.22ms, mfu 1.93%
iter 2597: loss 0.3738, time 297.82ms, mfu 1.98%
iter 2598: loss 0.3365, time 436.74ms, mfu 1.94%
iter 2599: loss 0.3879, time 412.26ms, mfu 1.92%
iter 2600: loss 0.3307, time 760.41ms, mfu 1.82%
  === DIAG iter 2600 ===
  loss: 0.3307
  grads: total 0.6341, transformer 0.1377, adapter 0.6190
  <NUM> input tokens: 662/3072 (21.5%)
  lr: 5.97e-04
  SME accuracy: overall 0.655, sign 0.987, exp 0.949, digit 0.445 [d0 0.709 d1 0.291 d2 0.329] (394 SME tokens)
iter 2601: loss 0.3686, time 191.01ms, mfu 2.01%
iter 2602: loss 0.3386, time 368.43ms, mfu 2.00%
iter 2603: loss 0.3271, time 338.56ms, mfu 2.01%
iter 2604: loss 0.3669, time 440.79ms, mfu 1.97%
iter 2605: loss 0.3801, time 338.79ms, mfu 1.98%
iter 2606: loss 0.3223, time 310.86ms, mfu 2.01%
iter 2607: loss 0.3518, time 398.88ms, mfu 1.99%
iter 2608: loss 0.2901, time 364.17ms, mfu 1.98%
iter 2609: loss 0.3283, time 416.54ms, mfu 1.96%
iter 2610: loss 0.3232, time 348.64ms, mfu 1.96%
iter 2611: loss 0.3478, time 346.80ms, mfu 1.97%
iter 2612: loss 0.3228, time 382.89ms, mfu 1.96%
iter 2613: loss 0.3000, time 461.34ms, mfu 1.92%
iter 2614: loss 0.3035, time 405.51ms, mfu 1.90%
iter 2615: loss 0.3629, time 353.06ms, mfu 1.91%
iter 2616: loss 0.3537, time 441.26ms, mfu 1.88%
iter 2617: loss 0.3554, time 268.35ms, mfu 1.96%
iter 2618: loss 0.3522, time 439.32ms, mfu 1.92%
iter 2619: loss 0.3635, time 264.15ms, mfu 2.00%
iter 2620: loss 0.3513, time 546.74ms, mfu 1.93%
iter 2621: loss 0.3492, time 396.63ms, mfu 1.91%
iter 2622: loss 0.3633, time 245.64ms, mfu 2.01%
iter 2623: loss 0.3634, time 422.67ms, mfu 1.98%
iter 2624: loss 0.3797, time 285.56ms, mfu 2.03%
iter 2625: loss 0.3349, time 411.10ms, mfu 2.00%
iter 2626: loss 0.3014, time 483.55ms, mfu 1.94%
iter 2627: loss 0.3261, time 391.89ms, mfu 1.93%
iter 2628: loss 0.3695, time 233.90ms, mfu 2.04%
iter 2629: loss 0.3529, time 341.68ms, mfu 2.04%
iter 2630: loss 0.3527, time 307.19ms, mfu 2.07%
iter 2631: loss 0.3597, time 503.49ms, mfu 2.00%
iter 2632: loss 0.3400, time 436.56ms, mfu 1.97%
iter 2633: loss 0.3292, time 454.98ms, mfu 1.93%
iter 2634: loss 0.3296, time 254.55ms, mfu 2.01%
iter 2635: loss 0.3459, time 380.07ms, mfu 2.00%
iter 2636: loss 0.3112, time 437.33ms, mfu 1.96%
iter 2637: loss 0.3592, time 421.80ms, mfu 1.93%
iter 2638: loss 0.3243, time 431.28ms, mfu 1.90%
iter 2639: loss 0.3034, time 362.33ms, mfu 1.91%
iter 2640: loss 0.3645, time 487.18ms, mfu 1.86%
iter 2641: loss 0.2997, time 404.36ms, mfu 1.85%
iter 2642: loss 0.3646, time 365.64ms, mfu 1.86%
iter 2643: loss 0.4099, time 319.25ms, mfu 1.90%
iter 2644: loss 0.3503, time 396.39ms, mfu 1.89%
iter 2645: loss 0.3788, time 364.34ms, mfu 1.89%
iter 2646: loss 0.3260, time 362.21ms, mfu 1.90%
iter 2647: loss 0.3184, time 304.25ms, mfu 1.94%
iter 2648: loss 0.2971, time 300.36ms, mfu 1.98%
iter 2649: loss 0.3767, time 373.18ms, mfu 1.97%
iter 2650: loss 0.3151, time 429.27ms, mfu 1.94%
iter 2651: loss 0.3618, time 356.22ms, mfu 1.95%
iter 2652: loss 0.3443, time 434.25ms, mfu 1.92%
iter 2653: loss 0.3409, time 451.17ms, mfu 1.88%
iter 2654: loss 0.3413, time 224.54ms, mfu 2.01%
iter 2655: loss 0.3426, time 340.30ms, mfu 2.02%
iter 2656: loss 0.3366, time 487.77ms, mfu 1.96%
iter 2657: loss 0.3648, time 515.56ms, mfu 1.90%
iter 2658: loss 0.3410, time 478.15ms, mfu 1.86%
iter 2659: loss 0.3480, time 182.97ms, mfu 2.06%
iter 2660: loss 0.3869, time 373.61ms, mfu 2.04%
iter 2661: loss 0.3569, time 304.08ms, mfu 2.07%
iter 2662: loss 0.3471, time 301.64ms, mfu 2.10%
iter 2663: loss 0.3342, time 288.18ms, mfu 2.14%
iter 2664: loss 0.3245, time 349.57ms, mfu 2.13%
iter 2665: loss 0.3812, time 447.70ms, mfu 2.07%
iter 2666: loss 0.3171, time 335.85ms, mfu 2.08%
iter 2667: loss 0.3401, time 328.61ms, mfu 2.08%
iter 2668: loss 0.3165, time 347.71ms, mfu 2.08%
iter 2669: loss 0.3198, time 271.89ms, mfu 2.13%
iter 2670: loss 0.3433, time 204.99ms, mfu 2.26%
iter 2671: loss 0.3724, time 300.11ms, mfu 2.27%
iter 2672: loss 0.4065, time 327.34ms, mfu 2.26%
iter 2673: loss 0.3579, time 382.71ms, mfu 2.22%
iter 2674: loss 0.3738, time 408.01ms, mfu 2.17%
iter 2675: loss 0.3577, time 502.41ms, mfu 2.10%
iter 2676: loss 0.3555, time 410.40ms, mfu 2.06%
iter 2677: loss 0.3475, time 480.06ms, mfu 2.00%
iter 2678: loss 0.3235, time 445.99ms, mfu 1.96%
iter 2679: loss 0.3442, time 382.95ms, mfu 1.95%
iter 2680: loss 0.3672, time 323.05ms, mfu 1.97%
iter 2681: loss 0.4666, time 398.07ms, mfu 1.95%
iter 2682: loss 0.3651, time 447.89ms, mfu 1.92%
iter 2683: loss 0.3518, time 293.73ms, mfu 1.97%
iter 2684: loss 0.3466, time 351.93ms, mfu 1.97%
iter 2685: loss 0.3622, time 280.57ms, mfu 2.03%
iter 2686: loss 0.3410, time 375.36ms, mfu 2.01%
iter 2687: loss 0.3355, time 315.67ms, mfu 2.04%
iter 2688: loss 0.3484, time 236.13ms, mfu 2.13%
iter 2689: loss 0.3709, time 383.53ms, mfu 2.10%
iter 2690: loss 0.3645, time 450.79ms, mfu 2.05%
iter 2691: loss 0.3455, time 309.29ms, mfu 2.08%
iter 2692: loss 0.3382, time 395.99ms, mfu 2.05%
iter 2693: loss 0.3881, time 295.60ms, mfu 2.08%
iter 2694: loss 0.2827, time 518.50ms, mfu 2.01%
iter 2695: loss 0.3311, time 242.25ms, mfu 2.10%
iter 2696: loss 0.3712, time 503.16ms, mfu 2.03%
iter 2697: loss 0.3438, time 458.25ms, mfu 1.98%
iter 2698: loss 0.3415, time 444.03ms, mfu 1.95%
iter 2699: loss 0.3873, time 549.58ms, mfu 1.88%
iter 2700: loss 0.3238, time 567.38ms, mfu 1.82%
  === DIAG iter 2700 ===
  loss: 0.3238
  grads: total 0.4591, transformer 0.2350, adapter 0.3943
  <NUM> input tokens: 637/3072 (20.7%)
  lr: 5.96e-04
  SME accuracy: overall 0.678, sign 0.978, exp 0.967, digit 0.485 [d0 0.787 d1 0.360 d2 0.348] (451 SME tokens)
iter 2701: loss 0.3388, time 232.74ms, mfu 1.94%
iter 2702: loss 0.3504, time 409.36ms, mfu 1.92%
iter 2703: loss 0.3675, time 236.66ms, mfu 2.03%
iter 2704: loss 0.3292, time 445.07ms, mfu 1.98%
iter 2705: loss 0.3530, time 305.13ms, mfu 2.02%
iter 2706: loss 0.3212, time 444.04ms, mfu 1.97%
iter 2707: loss 0.3811, time 455.95ms, mfu 1.93%
iter 2708: loss 0.3665, time 349.84ms, mfu 1.94%
iter 2709: loss 0.3497, time 396.61ms, mfu 1.93%
iter 2710: loss 0.3350, time 475.79ms, mfu 1.88%
iter 2711: loss 0.3463, time 271.48ms, mfu 1.96%
iter 2712: loss 0.3581, time 245.69ms, mfu 2.05%
iter 2713: loss 0.3426, time 390.71ms, mfu 2.03%
iter 2714: loss 0.2998, time 424.92ms, mfu 1.99%
iter 2715: loss 0.3653, time 365.02ms, mfu 1.98%
iter 2716: loss 0.3292, time 307.51ms, mfu 2.02%
iter 2717: loss 0.3416, time 418.35ms, mfu 1.98%
iter 2718: loss 0.3711, time 456.17ms, mfu 1.94%
iter 2719: loss 0.3504, time 294.11ms, mfu 1.99%
iter 2720: loss 0.3142, time 359.45ms, mfu 1.99%
iter 2721: loss 0.3341, time 240.56ms, mfu 2.08%
iter 2722: loss 0.3280, time 545.95ms, mfu 2.00%
iter 2723: loss 0.3112, time 311.14ms, mfu 2.03%
iter 2724: loss 0.3294, time 491.22ms, mfu 1.97%
iter 2725: loss 0.3414, time 350.13ms, mfu 1.98%
iter 2726: loss 0.4032, time 252.84ms, mfu 2.06%
iter 2727: loss 0.3278, time 353.97ms, mfu 2.05%
iter 2728: loss 0.3267, time 269.36ms, mfu 2.11%
iter 2729: loss 0.2972, time 311.87ms, mfu 2.13%
iter 2730: loss 0.3490, time 277.28ms, mfu 2.17%
iter 2731: loss 0.3258, time 340.39ms, mfu 2.16%
iter 2732: loss 0.3459, time 293.55ms, mfu 2.19%
iter 2733: loss 0.3615, time 473.29ms, mfu 2.12%
iter 2734: loss 0.3482, time 421.12ms, mfu 2.07%
iter 2735: loss 0.3761, time 503.00ms, mfu 2.01%
iter 2736: loss 0.3018, time 317.24ms, mfu 2.03%
iter 2737: loss 0.3820, time 352.73ms, mfu 2.03%
iter 2738: loss 0.3821, time 356.21ms, mfu 2.02%
iter 2739: loss 0.3341, time 414.23ms, mfu 1.99%
iter 2740: loss 0.3341, time 263.18ms, mfu 2.06%
iter 2741: loss 0.3335, time 287.35ms, mfu 2.10%
iter 2742: loss 0.3756, time 425.96ms, mfu 2.06%
iter 2743: loss 0.3424, time 345.79ms, mfu 2.06%
iter 2744: loss 0.3055, time 333.69ms, mfu 2.07%
iter 2745: loss 0.3587, time 372.62ms, mfu 2.05%
iter 2746: loss 0.3300, time 296.25ms, mfu 2.08%
iter 2747: loss 0.3509, time 315.33ms, mfu 2.10%
iter 2748: loss 0.4166, time 318.92ms, mfu 2.11%
iter 2749: loss 0.3344, time 367.39ms, mfu 2.09%
iter 2750: loss 0.3554, time 430.97ms, mfu 2.05%
iter 2751: loss 0.3253, time 352.38ms, mfu 2.04%
iter 2752: loss 0.3856, time 383.69ms, mfu 2.03%
iter 2753: loss 0.3101, time 460.33ms, mfu 1.98%
iter 2754: loss 0.3529, time 334.54ms, mfu 1.99%
iter 2755: loss 0.2962, time 316.09ms, mfu 2.02%
iter 2756: loss 0.2814, time 353.41ms, mfu 2.01%
iter 2757: loss 0.3125, time 373.49ms, mfu 2.00%
iter 2758: loss 0.3792, time 333.08ms, mfu 2.02%
iter 2759: loss 0.3284, time 369.85ms, mfu 2.01%
iter 2760: loss 0.3435, time 316.23ms, mfu 2.03%
iter 2761: loss 0.3590, time 315.50ms, mfu 2.05%
iter 2762: loss 0.3155, time 391.60ms, mfu 2.03%
iter 2763: loss 0.3702, time 404.59ms, mfu 2.00%
iter 2764: loss 0.3448, time 373.01ms, mfu 1.99%
iter 2765: loss 0.3584, time 335.35ms, mfu 2.00%
iter 2766: loss 0.2868, time 557.86ms, mfu 1.93%
iter 2767: loss 0.3338, time 247.11ms, mfu 2.02%
iter 2768: loss 0.3130, time 294.21ms, mfu 2.06%
iter 2769: loss 0.3552, time 304.99ms, mfu 2.09%
iter 2770: loss 0.3608, time 471.54ms, mfu 2.03%
iter 2771: loss 0.3640, time 359.99ms, mfu 2.02%
iter 2772: loss 0.3274, time 310.45ms, mfu 2.05%
iter 2773: loss 0.3066, time 307.65ms, mfu 2.07%
iter 2774: loss 0.3452, time 475.50ms, mfu 2.02%
iter 2775: loss 0.3357, time 336.26ms, mfu 2.03%
iter 2776: loss 0.3510, time 571.11ms, mfu 1.95%
iter 2777: loss 0.3304, time 308.86ms, mfu 1.98%
iter 2778: loss 0.3616, time 524.39ms, mfu 1.92%
iter 2779: loss 0.3537, time 314.64ms, mfu 1.95%
iter 2780: loss 0.3525, time 394.05ms, mfu 1.94%
iter 2781: loss 0.3587, time 295.37ms, mfu 1.98%
iter 2782: loss 0.3621, time 596.75ms, mfu 1.90%
iter 2783: loss 0.2986, time 442.93ms, mfu 1.87%
iter 2784: loss 0.3654, time 371.74ms, mfu 1.88%
iter 2785: loss 0.3117, time 273.98ms, mfu 1.95%
iter 2786: loss 0.3373, time 469.14ms, mfu 1.90%
iter 2787: loss 0.3577, time 366.46ms, mfu 1.91%
iter 2788: loss 0.3338, time 343.41ms, mfu 1.92%
iter 2789: loss 0.3945, time 382.38ms, mfu 1.92%
iter 2790: loss 0.3404, time 356.22ms, mfu 1.92%
iter 2791: loss 0.3325, time 389.82ms, mfu 1.91%
iter 2792: loss 0.3615, time 362.03ms, mfu 1.92%
iter 2793: loss 0.3186, time 419.60ms, mfu 1.89%
iter 2794: loss 0.3871, time 390.20ms, mfu 1.89%
iter 2795: loss 0.3628, time 452.92ms, mfu 1.85%
iter 2796: loss 0.2793, time 475.77ms, mfu 1.82%
iter 2797: loss 0.3226, time 298.12ms, mfu 1.87%
iter 2798: loss 0.3599, time 501.38ms, mfu 1.83%
iter 2799: loss 0.3323, time 498.11ms, mfu 1.79%
iter 2800: loss 0.3588, time 623.50ms, mfu 1.72%
  === DIAG iter 2800 ===
  loss: 0.3588
  grads: total 1.0000, transformer 0.1402, adapter 0.9901
  <NUM> input tokens: 667/3072 (21.7%)
  lr: 5.95e-04
  SME accuracy: overall 0.628, sign 0.991, exp 0.982, digit 0.398 [d0 0.615 d1 0.284 d2 0.330] (557 SME tokens)
iter 2801: loss 0.3588, time 213.41ms, mfu 1.88%
iter 2802: loss 0.3896, time 289.86ms, mfu 1.94%
iter 2803: loss 0.3554, time 307.90ms, mfu 1.97%
iter 2804: loss 0.3557, time 329.71ms, mfu 1.99%
iter 2805: loss 0.3233, time 344.49ms, mfu 2.00%
iter 2806: loss 0.3420, time 371.19ms, mfu 1.99%
iter 2807: loss 0.3301, time 365.72ms, mfu 1.98%
iter 2808: loss 0.3370, time 374.92ms, mfu 1.98%
iter 2809: loss 0.3529, time 273.13ms, mfu 2.04%
iter 2810: loss 0.3081, time 544.55ms, mfu 1.96%
iter 2811: loss 0.2963, time 461.51ms, mfu 1.92%
iter 2812: loss 0.3042, time 388.10ms, mfu 1.91%
iter 2813: loss 0.3237, time 364.82ms, mfu 1.91%
iter 2814: loss 0.3434, time 291.82ms, mfu 1.97%
iter 2815: loss 0.2871, time 240.39ms, mfu 2.06%
iter 2816: loss 0.3316, time 528.00ms, mfu 1.99%
iter 2817: loss 0.3504, time 417.00ms, mfu 1.96%
iter 2818: loss 0.3672, time 377.15ms, mfu 1.95%
iter 2819: loss 0.3043, time 267.18ms, mfu 2.02%
iter 2820: loss 0.3924, time 406.79ms, mfu 2.00%
iter 2821: loss 0.3304, time 347.15ms, mfu 2.00%
iter 2822: loss 0.3176, time 234.51ms, mfu 2.10%
iter 2823: loss 0.3091, time 459.49ms, mfu 2.05%
iter 2824: loss 0.3493, time 317.99ms, mfu 2.06%
iter 2825: loss 0.3291, time 328.38ms, mfu 2.07%
iter 2826: loss 0.3731, time 472.01ms, mfu 2.02%
iter 2827: loss 0.3359, time 391.16ms, mfu 2.00%
iter 2828: loss 0.3716, time 233.23ms, mfu 2.10%
iter 2829: loss 0.3094, time 362.29ms, mfu 2.09%
iter 2830: loss 0.3520, time 411.74ms, mfu 2.05%
iter 2831: loss 0.3526, time 419.68ms, mfu 2.01%
iter 2832: loss 0.3385, time 367.86ms, mfu 2.00%
iter 2833: loss 0.3391, time 412.98ms, mfu 1.98%
iter 2834: loss 0.3682, time 437.89ms, mfu 1.94%
iter 2835: loss 0.3593, time 453.11ms, mfu 1.90%
iter 2836: loss 0.3419, time 318.58ms, mfu 1.93%
iter 2837: loss 0.3067, time 334.63ms, mfu 1.95%
iter 2838: loss 0.3498, time 454.75ms, mfu 1.91%
iter 2839: loss 0.3689, time 402.22ms, mfu 1.90%
iter 2840: loss 0.3193, time 487.12ms, mfu 1.85%
iter 2841: loss 0.3035, time 292.90ms, mfu 1.91%
iter 2842: loss 0.3034, time 343.19ms, mfu 1.93%
iter 2843: loss 0.3590, time 284.92ms, mfu 1.98%
iter 2844: loss 0.3504, time 440.84ms, mfu 1.94%
iter 2845: loss 0.3232, time 612.05ms, mfu 1.87%
iter 2846: loss 0.3486, time 248.50ms, mfu 1.96%
iter 2847: loss 0.3781, time 360.97ms, mfu 1.96%
iter 2848: loss 0.3329, time 357.63ms, mfu 1.97%
iter 2849: loss 0.3450, time 292.53ms, mfu 2.01%
iter 2850: loss 0.3369, time 372.66ms, mfu 2.00%
iter 2851: loss 0.3547, time 417.57ms, mfu 1.97%
iter 2852: loss 0.3618, time 245.52ms, mfu 2.06%
iter 2853: loss 0.3318, time 435.71ms, mfu 2.02%
iter 2854: loss 0.3248, time 384.18ms, mfu 2.00%
iter 2855: loss 0.3361, time 341.19ms, mfu 2.01%
iter 2856: loss 0.3418, time 401.49ms, mfu 1.98%
iter 2857: loss 0.3477, time 349.37ms, mfu 1.99%
iter 2858: loss 0.3211, time 291.26ms, mfu 2.03%
iter 2859: loss 0.3514, time 375.26ms, mfu 2.02%
iter 2860: loss 0.3547, time 298.37ms, mfu 2.05%
iter 2861: loss 0.3755, time 400.70ms, mfu 2.03%
iter 2862: loss 0.3189, time 465.96ms, mfu 1.98%
iter 2863: loss 0.3342, time 498.49ms, mfu 1.92%
iter 2864: loss 0.3799, time 270.82ms, mfu 1.99%
iter 2865: loss 0.3545, time 512.00ms, mfu 1.93%
iter 2866: loss 0.3202, time 316.01ms, mfu 1.96%
iter 2867: loss 0.3427, time 366.72ms, mfu 1.96%
iter 2868: loss 0.3787, time 379.14ms, mfu 1.95%
iter 2869: loss 0.3300, time 487.56ms, mfu 1.90%
iter 2870: loss 0.3688, time 301.89ms, mfu 1.94%
iter 2871: loss 0.3334, time 237.12ms, mfu 2.05%
iter 2872: loss 0.3618, time 587.70ms, mfu 1.96%
iter 2873: loss 0.3711, time 242.42ms, mfu 2.06%
iter 2874: loss 0.3425, time 345.65ms, mfu 2.06%
iter 2875: loss 0.3463, time 402.95ms, mfu 2.03%
iter 2876: loss 0.3079, time 372.20ms, mfu 2.02%
iter 2877: loss 0.3275, time 431.45ms, mfu 1.98%
iter 2878: loss 0.3663, time 340.86ms, mfu 1.99%
iter 2879: loss 0.3429, time 377.81ms, mfu 1.98%
iter 2880: loss 0.3502, time 363.92ms, mfu 1.97%
iter 2881: loss 0.3270, time 425.85ms, mfu 1.94%
iter 2882: loss 0.3042, time 492.64ms, mfu 1.89%
iter 2883: loss 0.3381, time 283.19ms, mfu 1.95%
iter 2884: loss 0.3340, time 594.18ms, mfu 1.88%
iter 2885: loss 0.3696, time 391.20ms, mfu 1.87%
iter 2886: loss 0.3223, time 395.35ms, mfu 1.86%
iter 2887: loss 0.3413, time 289.03ms, mfu 1.92%
iter 2888: loss 0.3277, time 396.94ms, mfu 1.91%
iter 2889: loss 0.3505, time 386.45ms, mfu 1.90%
iter 2890: loss 0.3390, time 360.32ms, mfu 1.91%
iter 2891: loss 0.3241, time 348.71ms, mfu 1.92%
iter 2892: loss 0.3232, time 350.08ms, mfu 1.93%
iter 2893: loss 0.3756, time 413.20ms, mfu 1.91%
iter 2894: loss 0.3428, time 468.22ms, mfu 1.87%
iter 2895: loss 0.3371, time 328.96ms, mfu 1.90%
iter 2896: loss 0.3612, time 372.98ms, mfu 1.90%
iter 2897: loss 0.3379, time 436.53ms, mfu 1.87%
iter 2898: loss 0.3272, time 370.07ms, mfu 1.88%
iter 2899: loss 0.3261, time 374.86ms, mfu 1.88%
iter 2900: loss 0.3683, time 796.27ms, mfu 1.78%
  === DIAG iter 2900 ===
  loss: 0.3683
  grads: total 0.4763, transformer 0.1472, adapter 0.4530
  <NUM> input tokens: 675/3072 (22.0%)
  lr: 5.94e-04
  SME accuracy: overall 0.645, sign 0.991, exp 0.957, digit 0.429 [d0 0.704 d1 0.304 d2 0.313] (583 SME tokens)
iter 2901: loss 0.3126, time 225.55ms, mfu 1.91%
iter 2902: loss 0.3152, time 354.01ms, mfu 1.92%
iter 2903: loss 0.3956, time 408.73ms, mfu 1.90%
iter 2904: loss 0.3188, time 428.20ms, mfu 1.88%
iter 2905: loss 0.3455, time 450.11ms, mfu 1.85%
iter 2906: loss 0.3420, time 241.94ms, mfu 1.96%
iter 2907: loss 0.3396, time 493.95ms, mfu 1.90%
iter 2908: loss 0.3289, time 438.25ms, mfu 1.88%
iter 2909: loss 0.3308, time 329.58ms, mfu 1.90%
iter 2910: loss 0.3363, time 357.79ms, mfu 1.91%
iter 2911: loss 0.3223, time 239.26ms, mfu 2.02%
iter 2912: loss 0.2793, time 232.79ms, mfu 2.12%
iter 2913: loss 0.3166, time 386.23ms, mfu 2.09%
iter 2914: loss 0.3101, time 313.36ms, mfu 2.11%
iter 2915: loss 0.3442, time 485.12ms, mfu 2.04%
iter 2916: loss 0.3272, time 488.78ms, mfu 1.98%
iter 2917: loss 0.3233, time 173.50ms, mfu 2.19%
iter 2918: loss 0.3474, time 367.34ms, mfu 2.17%
iter 2919: loss 0.2979, time 377.07ms, mfu 2.14%
iter 2920: loss 0.3212, time 450.24ms, mfu 2.08%
iter 2921: loss 0.3154, time 357.22ms, mfu 2.07%
iter 2922: loss 0.3561, time 418.15ms, mfu 2.03%
iter 2923: loss 0.3818, time 482.53ms, mfu 1.98%
iter 2924: loss 0.3336, time 405.68ms, mfu 1.95%
iter 2925: loss 0.3816, time 305.06ms, mfu 1.99%
iter 2926: loss 0.3088, time 351.24ms, mfu 1.99%
iter 2927: loss 0.3662, time 522.12ms, mfu 1.93%
iter 2928: loss 0.3365, time 276.05ms, mfu 1.99%
iter 2929: loss 0.3544, time 389.11ms, mfu 1.98%
iter 2930: loss 0.3495, time 345.32ms, mfu 1.98%
iter 2931: loss 0.3119, time 404.81ms, mfu 1.96%
iter 2932: loss 0.3359, time 469.30ms, mfu 1.92%
iter 2933: loss 0.3307, time 296.66ms, mfu 1.96%
iter 2934: loss 0.3403, time 387.79ms, mfu 1.95%
iter 2935: loss 0.3317, time 457.98ms, mfu 1.91%
iter 2936: loss 0.3401, time 365.48ms, mfu 1.91%
iter 2937: loss 0.3461, time 279.14ms, mfu 1.98%
iter 2938: loss 0.3228, time 407.21ms, mfu 1.95%
iter 2939: loss 0.2884, time 480.74ms, mfu 1.90%
iter 2940: loss 0.3208, time 400.13ms, mfu 1.89%
iter 2941: loss 0.3155, time 297.48ms, mfu 1.94%
iter 2942: loss 0.3278, time 381.65ms, mfu 1.93%
iter 2943: loss 0.3591, time 318.86ms, mfu 1.96%
iter 2944: loss 0.3366, time 319.81ms, mfu 1.99%
iter 2945: loss 0.3397, time 412.38ms, mfu 1.96%
iter 2946: loss 0.3619, time 380.65ms, mfu 1.95%
iter 2947: loss 0.3616, time 279.17ms, mfu 2.01%
iter 2948: loss 0.3460, time 292.50ms, mfu 2.05%
iter 2949: loss 0.3399, time 499.23ms, mfu 1.99%
iter 2950: loss 0.3290, time 379.40ms, mfu 1.98%
iter 2951: loss 0.3025, time 291.26ms, mfu 2.02%
iter 2952: loss 0.3316, time 347.16ms, mfu 2.02%
iter 2953: loss 0.3027, time 501.24ms, mfu 1.96%
iter 2954: loss 0.3136, time 444.93ms, mfu 1.93%
iter 2955: loss 0.3984, time 380.08ms, mfu 1.92%
iter 2956: loss 0.3670, time 418.84ms, mfu 1.90%
iter 2957: loss 0.3258, time 417.50ms, mfu 1.88%
iter 2958: loss 0.3603, time 436.82ms, mfu 1.85%
iter 2959: loss 0.3413, time 331.75ms, mfu 1.88%
iter 2960: loss 0.3447, time 399.21ms, mfu 1.87%
iter 2961: loss 0.3506, time 332.36ms, mfu 1.90%
iter 2962: loss 0.3379, time 482.21ms, mfu 1.85%
iter 2963: loss 0.3142, time 474.94ms, mfu 1.82%
iter 2964: loss 0.3536, time 335.28ms, mfu 1.85%
iter 2965: loss 0.3360, time 294.05ms, mfu 1.90%
iter 2966: loss 0.3510, time 361.21ms, mfu 1.91%
iter 2967: loss 0.3205, time 427.64ms, mfu 1.88%
iter 2968: loss 0.3252, time 490.44ms, mfu 1.84%
iter 2969: loss 0.3696, time 350.26ms, mfu 1.86%
iter 2970: loss 0.3229, time 422.48ms, mfu 1.84%
iter 2971: loss 0.3489, time 540.82ms, mfu 1.79%
iter 2972: loss 0.3445, time 300.10ms, mfu 1.84%
iter 2973: loss 0.3099, time 277.59ms, mfu 1.92%
iter 2974: loss 0.3227, time 319.78ms, mfu 1.95%
iter 2975: loss 0.3421, time 440.15ms, mfu 1.91%
iter 2976: loss 0.3257, time 403.17ms, mfu 1.90%
iter 2977: loss 0.3307, time 444.43ms, mfu 1.87%
iter 2978: loss 0.3300, time 313.36ms, mfu 1.91%
iter 2979: loss 0.3411, time 237.26ms, mfu 2.01%
iter 2980: loss 0.3466, time 326.67ms, mfu 2.03%
iter 2981: loss 0.2875, time 387.84ms, mfu 2.01%
iter 2982: loss 0.3251, time 360.32ms, mfu 2.01%
iter 2983: loss 0.3336, time 409.50ms, mfu 1.98%
iter 2984: loss 0.3459, time 404.06ms, mfu 1.96%
iter 2985: loss 0.3251, time 299.39ms, mfu 2.00%
iter 2986: loss 0.3643, time 253.06ms, mfu 2.08%
iter 2987: loss 0.3229, time 316.31ms, mfu 2.09%
iter 2988: loss 0.3329, time 311.49ms, mfu 2.11%
iter 2989: loss 0.3378, time 340.49ms, mfu 2.11%
iter 2990: loss 0.3484, time 489.52ms, mfu 2.04%
iter 2991: loss 0.3377, time 396.51ms, mfu 2.02%
iter 2992: loss 0.3297, time 394.69ms, mfu 1.99%
iter 2993: loss 0.3186, time 335.62ms, mfu 2.01%
iter 2994: loss 0.3664, time 358.14ms, mfu 2.00%
iter 2995: loss 0.2694, time 415.24ms, mfu 1.97%
iter 2996: loss 0.3172, time 344.65ms, mfu 1.98%
iter 2997: loss 0.3409, time 356.01ms, mfu 1.98%
iter 2998: loss 0.3134, time 399.57ms, mfu 1.96%
iter 2999: loss 0.3456, time 453.73ms, mfu 1.92%
iter 3000: loss 0.3621, time 579.74ms, mfu 1.85%
  === DIAG iter 3000 ===
  loss: 0.3621
  grads: total 0.8936, transformer 0.1886, adapter 0.8735
  <NUM> input tokens: 622/3072 (20.2%)
  lr: 5.92e-04
  SME accuracy: overall 0.625, sign 0.933, exp 0.904, digit 0.430 [d0 0.587 d1 0.433 d2 0.298] (522 SME tokens)
  --- Sample eval (val) ---
  MIN: <405> <-168.758> <-119> <636.4> <8.307> <-5.98> <-610.92> <4> <4.4416> →
    target: -610
    pred:   -512
    error:  98.00

  <-586> <309.9> <634> <-828> <277> <93.63> <386> <240> <2.3> →
    target: 10
    pred:   130
    error:  120.00

  MIN: <2.3927> <6> →
    target: 2.39
    pred:   2.29
    error:  0.10

  <-599> <581> →
    target: -684 -599 -411 6 6 308 484 580 679 698 808
    pred:   943 -525 -352 -0 7 1.9 453 593 605 794 800
    error:  1627.00 74.00 59.00 6.00 1.00 306.10 31.00 13.00 74.00 96.00 8.00

  : <7> + <109> →
    target: 115
    pred:   140
    error:  25.00

iter 3001: loss 0.3554, time 254.40ms, mfu 1.95%
iter 3002: loss 0.3131, time 281.90ms, mfu 2.00%
iter 3003: loss 0.3739, time 345.90ms, mfu 2.01%
iter 3004: loss 0.3430, time 435.18ms, mfu 1.97%
iter 3005: loss 0.3311, time 428.17ms, mfu 1.94%
iter 3006: loss 0.3296, time 339.36ms, mfu 1.95%
iter 3007: loss 0.3198, time 417.00ms, mfu 1.93%
iter 3008: loss 0.3395, time 545.96ms, mfu 1.86%
iter 3009: loss 0.3855, time 391.06ms, mfu 1.86%
iter 3010: loss 0.3370, time 333.78ms, mfu 1.89%
iter 3011: loss 0.3513, time 253.69ms, mfu 1.98%
iter 3012: loss 0.3345, time 403.52ms, mfu 1.95%
iter 3013: loss 0.3527, time 225.48ms, mfu 2.07%
iter 3014: loss 0.3229, time 482.83ms, mfu 2.01%
iter 3015: loss 0.3283, time 338.47ms, mfu 2.02%
iter 3016: loss 0.3383, time 430.86ms, mfu 1.98%
iter 3017: loss 0.3475, time 430.58ms, mfu 1.95%
iter 3018: loss 0.3098, time 368.93ms, mfu 1.95%
iter 3019: loss 0.3272, time 372.89ms, mfu 1.94%
iter 3020: loss 0.3335, time 422.62ms, mfu 1.92%
iter 3021: loss 0.3202, time 264.16ms, mfu 1.99%
iter 3022: loss 0.3212, time 544.88ms, mfu 1.92%
iter 3023: loss 0.3287, time 345.58ms, mfu 1.94%
iter 3024: loss 0.2921, time 269.56ms, mfu 2.01%
iter 3025: loss 0.3720, time 452.53ms, mfu 1.96%
iter 3026: loss 0.3417, time 303.28ms, mfu 2.00%
iter 3027: loss 0.3246, time 379.65ms, mfu 1.99%
iter 3028: loss 0.3282, time 537.17ms, mfu 1.92%
iter 3029: loss 0.3524, time 382.50ms, mfu 1.91%
iter 3030: loss 0.3520, time 310.09ms, mfu 1.95%
iter 3031: loss 0.3478, time 415.49ms, mfu 1.93%
iter 3032: loss 0.3007, time 358.90ms, mfu 1.93%
iter 3033: loss 0.3428, time 457.65ms, mfu 1.89%
iter 3034: loss 0.3653, time 318.15ms, mfu 1.93%
iter 3035: loss 0.3036, time 424.38ms, mfu 1.90%
iter 3036: loss 0.3185, time 406.08ms, mfu 1.88%
iter 3037: loss 0.3284, time 384.03ms, mfu 1.88%
iter 3038: loss 0.3308, time 301.59ms, mfu 1.93%
iter 3039: loss 0.2948, time 442.30ms, mfu 1.90%
iter 3040: loss 0.3478, time 473.46ms, mfu 1.86%
iter 3041: loss 0.3031, time 279.41ms, mfu 1.92%
iter 3042: loss 0.2956, time 366.17ms, mfu 1.92%
iter 3043: loss 0.3493, time 330.51ms, mfu 1.95%
iter 3044: loss 0.3070, time 454.88ms, mfu 1.91%
iter 3045: loss 0.3145, time 300.19ms, mfu 1.95%
iter 3046: loss 0.3397, time 410.37ms, mfu 1.93%
iter 3047: loss 0.3347, time 399.23ms, mfu 1.91%
iter 3048: loss 0.3482, time 270.48ms, mfu 1.99%
iter 3049: loss 0.3005, time 351.42ms, mfu 1.99%
iter 3050: loss 0.3914, time 390.87ms, mfu 1.97%
iter 3051: loss 0.3340, time 352.34ms, mfu 1.98%
iter 3052: loss 0.3206, time 416.03ms, mfu 1.95%
iter 3053: loss 0.2912, time 336.25ms, mfu 1.96%
iter 3054: loss 0.3393, time 351.97ms, mfu 1.97%
iter 3055: loss 0.3117, time 519.06ms, mfu 1.91%
iter 3056: loss 0.3384, time 332.55ms, mfu 1.93%
iter 3057: loss 0.3343, time 416.74ms, mfu 1.91%
iter 3058: loss 0.3287, time 328.57ms, mfu 1.93%
iter 3059: loss 0.2906, time 440.02ms, mfu 1.90%
iter 3060: loss 0.3308, time 318.30ms, mfu 1.93%
iter 3061: loss 0.3555, time 508.66ms, mfu 1.88%
iter 3062: loss 0.3306, time 329.78ms, mfu 1.91%
iter 3063: loss 0.3156, time 389.28ms, mfu 1.90%
iter 3064: loss 0.3346, time 409.32ms, mfu 1.88%
iter 3065: loss 0.3361, time 418.94ms, mfu 1.86%
iter 3066: loss 0.3404, time 423.74ms, mfu 1.84%
iter 3067: loss 0.3637, time 316.99ms, mfu 1.88%
iter 3068: loss 0.3233, time 363.53ms, mfu 1.89%
iter 3069: loss 0.3278, time 221.79ms, mfu 2.02%
iter 3070: loss 0.3052, time 365.95ms, mfu 2.01%
iter 3071: loss 0.3447, time 372.46ms, mfu 2.00%
iter 3072: loss 0.3172, time 434.86ms, mfu 1.96%
iter 3073: loss 0.3286, time 409.26ms, mfu 1.94%
iter 3074: loss 0.3164, time 369.56ms, mfu 1.94%
iter 3075: loss 0.3482, time 345.22ms, mfu 1.95%
iter 3076: loss 0.3404, time 445.69ms, mfu 1.91%
iter 3077: loss 0.3269, time 426.90ms, mfu 1.89%
iter 3078: loss 0.3297, time 305.31ms, mfu 1.93%
iter 3079: loss 0.3028, time 579.42ms, mfu 1.86%
iter 3080: loss 0.3737, time 340.25ms, mfu 1.88%
iter 3081: loss 0.3279, time 391.36ms, mfu 1.88%
iter 3082: loss 0.3157, time 398.40ms, mfu 1.87%
iter 3083: loss 0.3164, time 409.29ms, mfu 1.85%
iter 3084: loss 0.3700, time 403.20ms, mfu 1.84%
iter 3085: loss 0.2939, time 408.28ms, mfu 1.83%
iter 3086: loss 0.3247, time 321.96ms, mfu 1.87%
iter 3087: loss 0.3027, time 296.52ms, mfu 1.92%
iter 3088: loss 0.3209, time 395.04ms, mfu 1.91%
iter 3089: loss 0.3309, time 408.79ms, mfu 1.89%
iter 3090: loss 0.3410, time 322.02ms, mfu 1.92%
iter 3091: loss 0.3243, time 387.92ms, mfu 1.91%
iter 3092: loss 0.3210, time 307.39ms, mfu 1.95%
iter 3093: loss 0.3626, time 416.66ms, mfu 1.93%
iter 3094: loss 0.3362, time 333.80ms, mfu 1.95%
iter 3095: loss 0.3566, time 400.44ms, mfu 1.93%
iter 3096: loss 0.3088, time 422.68ms, mfu 1.90%
iter 3097: loss 0.3357, time 410.88ms, mfu 1.89%
iter 3098: loss 0.3554, time 451.82ms, mfu 1.85%
iter 3099: loss 0.3445, time 364.78ms, mfu 1.86%
iter 3100: loss 0.2897, time 454.43ms, mfu 1.83%
  === DIAG iter 3100 ===
  loss: 0.2897
  grads: total 1.0000, transformer 0.1395, adapter 0.9902
  <NUM> input tokens: 642/3072 (20.9%)
  lr: 5.91e-04
  SME accuracy: overall 0.715, sign 0.988, exp 0.964, digit 0.541 [d0 0.805 d1 0.537 d2 0.280] (411 SME tokens)
iter 3101: loss 0.3059, time 172.16ms, mfu 2.06%
iter 3102: loss 0.3547, time 261.90ms, mfu 2.13%
iter 3103: loss 0.3058, time 530.59ms, mfu 2.05%
iter 3104: loss 0.3541, time 426.60ms, mfu 2.01%
iter 3105: loss 0.3428, time 285.40ms, mfu 2.06%
iter 3106: loss 0.3166, time 444.84ms, mfu 2.01%
iter 3107: loss 0.2968, time 403.60ms, mfu 1.98%
iter 3108: loss 0.3070, time 486.92ms, mfu 1.93%
iter 3109: loss 0.3202, time 280.99ms, mfu 1.99%
iter 3110: loss 0.3131, time 403.25ms, mfu 1.97%
iter 3111: loss 0.3141, time 444.13ms, mfu 1.93%
iter 3112: loss 0.3042, time 275.26ms, mfu 1.99%
iter 3113: loss 0.2864, time 329.22ms, mfu 2.01%
iter 3114: loss 0.3088, time 342.86ms, mfu 2.02%
iter 3115: loss 0.3062, time 386.79ms, mfu 2.00%
iter 3116: loss 0.3519, time 329.74ms, mfu 2.01%
iter 3117: loss 0.2939, time 303.37ms, mfu 2.05%
iter 3118: loss 0.3381, time 358.84ms, mfu 2.04%
iter 3119: loss 0.2991, time 408.53ms, mfu 2.01%
iter 3120: loss 0.3135, time 446.15ms, mfu 1.97%
iter 3121: loss 0.3730, time 311.60ms, mfu 2.00%
iter 3122: loss 0.3369, time 363.73ms, mfu 1.99%
iter 3123: loss 0.3228, time 380.73ms, mfu 1.98%
iter 3124: loss 0.3057, time 327.92ms, mfu 2.00%
iter 3125: loss 0.3232, time 372.58ms, mfu 1.99%
iter 3126: loss 0.3165, time 329.16ms, mfu 2.00%
iter 3127: loss 0.3519, time 328.47ms, mfu 2.02%
iter 3128: loss 0.4254, time 386.24ms, mfu 2.00%
iter 3129: loss 0.3226, time 232.55ms, mfu 2.11%
iter 3130: loss 0.2887, time 274.52ms, mfu 2.15%
iter 3131: loss 0.4137, time 393.67ms, mfu 2.12%
iter 3132: loss 0.3524, time 324.68ms, mfu 2.12%
iter 3133: loss 0.3574, time 337.78ms, mfu 2.12%
iter 3134: loss 0.3183, time 344.17ms, mfu 2.12%
iter 3135: loss 0.3596, time 273.96ms, mfu 2.16%
iter 3136: loss 0.3255, time 352.86ms, mfu 2.15%
iter 3137: loss 0.3234, time 320.72ms, mfu 2.15%
iter 3138: loss 0.2885, time 332.42ms, mfu 2.15%
iter 3139: loss 0.3079, time 406.10ms, mfu 2.11%
iter 3140: loss 0.3413, time 379.95ms, mfu 2.09%
iter 3141: loss 0.3264, time 430.40ms, mfu 2.04%
iter 3142: loss 0.3066, time 460.46ms, mfu 1.99%
iter 3143: loss 0.3196, time 421.93ms, mfu 1.96%
iter 3144: loss 0.3437, time 346.44ms, mfu 1.97%
iter 3145: loss 0.2990, time 450.31ms, mfu 1.93%
iter 3146: loss 0.3399, time 346.80ms, mfu 1.94%
iter 3147: loss 0.2931, time 348.36ms, mfu 1.95%
iter 3148: loss 0.3141, time 404.15ms, mfu 1.93%
iter 3149: loss 0.3255, time 485.76ms, mfu 1.88%
iter 3150: loss 0.3093, time 491.08ms, mfu 1.84%
iter 3151: loss 0.3091, time 192.51ms, mfu 2.02%
iter 3152: loss 0.3221, time 458.74ms, mfu 1.98%
iter 3153: loss 0.3286, time 325.32ms, mfu 2.00%
iter 3154: loss 0.3284, time 316.83ms, mfu 2.02%
iter 3155: loss 0.3560, time 579.48ms, mfu 1.94%
iter 3156: loss 0.3249, time 426.48ms, mfu 1.91%
iter 3157: loss 0.3189, time 250.19ms, mfu 2.00%
iter 3158: loss 0.3590, time 543.14ms, mfu 1.93%
iter 3159: loss 0.3392, time 446.12ms, mfu 1.90%
iter 3160: loss 0.3142, time 375.29ms, mfu 1.90%
iter 3161: loss 0.3152, time 519.08ms, mfu 1.85%
iter 3162: loss 0.3170, time 401.30ms, mfu 1.84%
iter 3163: loss 0.3689, time 441.61ms, mfu 1.81%
iter 3164: loss 0.3091, time 367.36ms, mfu 1.83%
iter 3165: loss 0.3305, time 310.96ms, mfu 1.87%
iter 3166: loss 0.3096, time 313.93ms, mfu 1.91%
iter 3167: loss 0.3208, time 491.17ms, mfu 1.86%
iter 3168: loss 0.3702, time 402.62ms, mfu 1.85%
iter 3169: loss 0.3034, time 399.72ms, mfu 1.84%
iter 3170: loss 0.3327, time 340.48ms, mfu 1.87%
iter 3171: loss 0.3132, time 382.38ms, mfu 1.87%
iter 3172: loss 0.3234, time 317.08ms, mfu 1.90%
iter 3173: loss 0.2974, time 240.42ms, mfu 2.01%
iter 3174: loss 0.3722, time 240.31ms, mfu 2.10%
iter 3175: loss 0.3385, time 365.81ms, mfu 2.09%
iter 3176: loss 0.3123, time 303.78ms, mfu 2.11%
iter 3177: loss 0.2848, time 354.59ms, mfu 2.10%
iter 3178: loss 0.3453, time 338.19ms, mfu 2.10%
iter 3179: loss 0.2858, time 469.89ms, mfu 2.04%
iter 3180: loss 0.3267, time 456.19ms, mfu 1.99%
iter 3181: loss 0.2722, time 222.45ms, mfu 2.11%
iter 3182: loss 0.3414, time 349.20ms, mfu 2.10%
iter 3183: loss 0.3328, time 364.45ms, mfu 2.09%
iter 3184: loss 0.3294, time 362.24ms, mfu 2.07%
iter 3185: loss 0.3166, time 308.82ms, mfu 2.10%
iter 3186: loss 0.3136, time 369.81ms, mfu 2.08%
iter 3187: loss 0.3311, time 499.22ms, mfu 2.01%
iter 3188: loss 0.2951, time 433.46ms, mfu 1.97%
iter 3189: loss 0.3122, time 355.61ms, mfu 1.98%
iter 3190: loss 0.3410, time 510.96ms, mfu 1.92%
iter 3191: loss 0.3337, time 400.86ms, mfu 1.90%
iter 3192: loss 0.3096, time 386.67ms, mfu 1.90%
iter 3193: loss 0.3481, time 229.75ms, mfu 2.01%
iter 3194: loss 0.3319, time 411.94ms, mfu 1.98%
iter 3195: loss 0.3498, time 246.20ms, mfu 2.07%
iter 3196: loss 0.2992, time 267.99ms, mfu 2.13%
iter 3197: loss 0.3025, time 259.69ms, mfu 2.19%
iter 3198: loss 0.2775, time 389.97ms, mfu 2.15%
iter 3199: loss 0.3335, time 242.18ms, mfu 2.23%
iter 3200: loss 0.3040, time 442.21ms, mfu 2.17%
  === DIAG iter 3200 ===
  loss: 0.3040
  grads: total 1.0000, transformer 0.1414, adapter 0.9899
  <NUM> input tokens: 688/3072 (22.4%)
  lr: 5.89e-04
  SME accuracy: overall 0.745, sign 0.981, exp 0.971, digit 0.592 [d0 0.790 d1 0.619 d2 0.352] (525 SME tokens)
iter 3201: loss 0.3548, time 212.01ms, mfu 2.29%
iter 3202: loss 0.3082, time 360.25ms, mfu 2.25%
iter 3203: loss 0.3350, time 399.50ms, mfu 2.21%
iter 3204: loss 0.3101, time 464.16ms, mfu 2.14%
iter 3205: loss 0.3608, time 323.18ms, mfu 2.14%
iter 3206: loss 0.2851, time 380.06ms, mfu 2.12%
iter 3207: loss 0.3145, time 372.61ms, mfu 2.09%
iter 3208: loss 0.3434, time 244.03ms, mfu 2.18%
iter 3209: loss 0.3974, time 251.35ms, mfu 2.24%
iter 3210: loss 0.3018, time 243.74ms, mfu 2.31%
iter 3211: loss 0.3266, time 551.69ms, mfu 2.20%
iter 3212: loss 0.3491, time 306.26ms, mfu 2.22%
iter 3213: loss 0.2800, time 291.82ms, mfu 2.24%
iter 3214: loss 0.3273, time 310.38ms, mfu 2.24%
iter 3215: loss 0.3492, time 348.11ms, mfu 2.22%
iter 3216: loss 0.3029, time 332.53ms, mfu 2.21%
iter 3217: loss 0.3218, time 244.73ms, mfu 2.28%
iter 3218: loss 0.3137, time 417.49ms, mfu 2.22%
iter 3219: loss 0.3201, time 291.98ms, mfu 2.24%
iter 3220: loss 0.2972, time 333.63ms, mfu 2.23%
iter 3221: loss 0.3302, time 391.33ms, mfu 2.19%
iter 3222: loss 0.3501, time 454.08ms, mfu 2.13%
iter 3223: loss 0.3060, time 299.62ms, mfu 2.15%
iter 3224: loss 0.2976, time 472.39ms, mfu 2.08%
iter 3225: loss 0.2903, time 304.54ms, mfu 2.11%
iter 3226: loss 0.2838, time 246.58ms, mfu 2.19%
iter 3227: loss 0.2866, time 239.65ms, mfu 2.26%
iter 3228: loss 0.3085, time 418.11ms, mfu 2.21%
iter 3229: loss 0.3250, time 345.76ms, mfu 2.19%
iter 3230: loss 0.2928, time 332.12ms, mfu 2.18%
iter 3231: loss 0.2827, time 261.10ms, mfu 2.24%
iter 3232: loss 0.3050, time 336.53ms, mfu 2.22%
iter 3233: loss 0.3093, time 354.63ms, mfu 2.20%
iter 3234: loss 0.3330, time 365.13ms, mfu 2.18%
iter 3235: loss 0.2891, time 261.35ms, mfu 2.23%
iter 3236: loss 0.2972, time 496.48ms, mfu 2.15%
iter 3237: loss 0.2821, time 375.08ms, mfu 2.12%
iter 3238: loss 0.2877, time 475.28ms, mfu 2.06%
iter 3239: loss 0.3090, time 399.60ms, mfu 2.03%
iter 3240: loss 0.3134, time 282.75ms, mfu 2.08%
iter 3241: loss 0.3272, time 293.76ms, mfu 2.11%
iter 3242: loss 0.3090, time 303.60ms, mfu 2.13%
iter 3243: loss 0.2876, time 323.16ms, mfu 2.14%
iter 3244: loss 0.2778, time 291.33ms, mfu 2.17%
iter 3245: loss 0.2912, time 420.10ms, mfu 2.12%
iter 3246: loss 0.2699, time 433.59ms, mfu 2.07%
iter 3247: loss 0.3206, time 274.07ms, mfu 2.12%
iter 3248: loss 0.3198, time 288.59ms, mfu 2.16%
iter 3249: loss 0.3242, time 312.66ms, mfu 2.17%
iter 3250: loss 0.2996, time 302.05ms, mfu 2.19%
iter 3251: loss 0.3382, time 288.36ms, mfu 2.21%
iter 3252: loss 0.3536, time 346.59ms, mfu 2.20%
iter 3253: loss 0.3494, time 498.11ms, mfu 2.12%
iter 3254: loss 0.3292, time 260.02ms, mfu 2.18%
iter 3255: loss 0.3401, time 355.89ms, mfu 2.16%
iter 3256: loss 0.3111, time 454.28ms, mfu 2.10%
iter 3257: loss 0.3085, time 472.18ms, mfu 2.04%
iter 3258: loss 0.3399, time 382.98ms, mfu 2.02%
iter 3259: loss 0.3050, time 436.64ms, mfu 1.98%
iter 3260: loss 0.2988, time 369.67ms, mfu 1.98%
iter 3261: loss 0.3189, time 394.43ms, mfu 1.96%
iter 3262: loss 0.4111, time 295.73ms, mfu 2.00%
iter 3263: loss 0.2704, time 413.40ms, mfu 1.97%
iter 3264: loss 0.3209, time 271.46ms, mfu 2.04%
iter 3265: loss 0.3089, time 426.56ms, mfu 2.00%
iter 3266: loss 0.2920, time 275.23ms, mfu 2.06%
iter 3267: loss 0.3195, time 333.08ms, mfu 2.06%
iter 3268: loss 0.3020, time 372.73ms, mfu 2.05%
iter 3269: loss 0.2863, time 405.95ms, mfu 2.02%
iter 3270: loss 0.3127, time 242.32ms, mfu 2.11%
iter 3271: loss 0.3008, time 404.23ms, mfu 2.07%
iter 3272: loss 0.3082, time 243.42ms, mfu 2.16%
iter 3273: loss 0.3437, time 377.37ms, mfu 2.13%
iter 3274: loss 0.3171, time 384.81ms, mfu 2.10%
iter 3275: loss 0.2844, time 390.10ms, mfu 2.07%
iter 3276: loss 0.3012, time 340.11ms, mfu 2.07%
iter 3277: loss 0.3094, time 341.10ms, mfu 2.07%
iter 3278: loss 0.3200, time 337.00ms, mfu 2.08%
iter 3279: loss 0.3523, time 391.92ms, mfu 2.05%
iter 3280: loss 0.3254, time 413.74ms, mfu 2.02%
iter 3281: loss 0.2987, time 351.45ms, mfu 2.02%
iter 3282: loss 0.3547, time 393.60ms, mfu 1.99%
iter 3283: loss 0.3707, time 420.64ms, mfu 1.96%
iter 3284: loss 0.3459, time 197.98ms, mfu 2.13%
iter 3285: loss 0.3300, time 411.06ms, mfu 2.08%
iter 3286: loss 0.3264, time 395.14ms, mfu 2.06%
iter 3287: loss 0.2994, time 366.81ms, mfu 2.04%
iter 3288: loss 0.3200, time 257.78ms, mfu 2.11%
iter 3289: loss 0.3416, time 359.98ms, mfu 2.10%
iter 3290: loss 0.3171, time 271.65ms, mfu 2.15%
iter 3291: loss 0.3197, time 358.27ms, mfu 2.13%
iter 3292: loss 0.3180, time 252.39ms, mfu 2.20%
iter 3293: loss 0.3168, time 432.80ms, mfu 2.14%
iter 3294: loss 0.2961, time 389.27ms, mfu 2.11%
iter 3295: loss 0.3016, time 347.87ms, mfu 2.10%
iter 3296: loss 0.3017, time 337.53ms, mfu 2.10%
iter 3297: loss 0.3041, time 475.77ms, mfu 2.04%
iter 3298: loss 0.3289, time 337.85ms, mfu 2.05%
iter 3299: loss 0.3185, time 344.34ms, mfu 2.05%
iter 3300: loss 0.3181, time 614.28ms, mfu 1.96%
  === DIAG iter 3300 ===
  loss: 0.3181
  grads: total 0.8409, transformer 0.1486, adapter 0.8277
  <NUM> input tokens: 604/3072 (19.7%)
  lr: 5.87e-04
  SME accuracy: overall 0.746, sign 0.973, exp 0.982, digit 0.588 [d0 0.786 d1 0.652 d2 0.312] (552 SME tokens)
iter 3301: loss 0.2991, time 202.68ms, mfu 2.11%
iter 3302: loss 0.3320, time 352.29ms, mfu 2.10%
iter 3303: loss 0.3077, time 329.05ms, mfu 2.11%
iter 3304: loss 0.2992, time 404.01ms, mfu 2.07%
iter 3305: loss 0.2650, time 311.44ms, mfu 2.09%
iter 3306: loss 0.3814, time 454.34ms, mfu 2.04%
iter 3307: loss 0.3019, time 345.01ms, mfu 2.04%
iter 3308: loss 0.3142, time 302.60ms, mfu 2.07%
iter 3309: loss 0.2954, time 475.39ms, mfu 2.01%
iter 3310: loss 0.3218, time 319.02ms, mfu 2.03%
iter 3311: loss 0.3277, time 311.49ms, mfu 2.06%
iter 3312: loss 0.3418, time 360.31ms, mfu 2.05%
iter 3313: loss 0.3196, time 475.11ms, mfu 1.99%
iter 3314: loss 0.2743, time 319.13ms, mfu 2.02%
iter 3315: loss 0.3215, time 350.79ms, mfu 2.02%
iter 3316: loss 0.2987, time 412.41ms, mfu 1.99%
iter 3317: loss 0.3224, time 492.05ms, mfu 1.93%
iter 3318: loss 0.3715, time 196.30ms, mfu 2.10%
iter 3319: loss 0.3299, time 351.36ms, mfu 2.09%
iter 3320: loss 0.2916, time 380.80ms, mfu 2.07%
iter 3321: loss 0.3049, time 383.42ms, mfu 2.05%
iter 3322: loss 0.3261, time 412.49ms, mfu 2.01%
iter 3323: loss 0.3017, time 395.08ms, mfu 1.99%
iter 3324: loss 0.2989, time 362.62ms, mfu 1.99%
iter 3325: loss 0.3486, time 305.78ms, mfu 2.02%
iter 3326: loss 0.3262, time 339.34ms, mfu 2.03%
iter 3327: loss 0.3168, time 521.39ms, mfu 1.96%
iter 3328: loss 0.3111, time 393.25ms, mfu 1.95%
iter 3329: loss 0.3006, time 438.44ms, mfu 1.91%
iter 3330: loss 0.3213, time 261.02ms, mfu 1.99%
iter 3331: loss 0.3210, time 338.45ms, mfu 2.00%
iter 3332: loss 0.3093, time 398.47ms, mfu 1.98%
iter 3333: loss 0.3221, time 371.82ms, mfu 1.97%
iter 3334: loss 0.2872, time 270.09ms, mfu 2.04%
iter 3335: loss 0.2711, time 254.96ms, mfu 2.11%
iter 3336: loss 0.2788, time 319.84ms, mfu 2.12%
iter 3337: loss 0.3303, time 435.66ms, mfu 2.07%
iter 3338: loss 0.2817, time 358.08ms, mfu 2.06%
iter 3339: loss 0.3494, time 459.94ms, mfu 2.01%
iter 3340: loss 0.2737, time 228.28ms, mfu 2.12%
iter 3341: loss 0.2861, time 477.82ms, mfu 2.06%
iter 3342: loss 0.2762, time 545.90ms, mfu 1.98%
iter 3343: loss 0.3250, time 310.61ms, mfu 2.01%
iter 3344: loss 0.2790, time 440.87ms, mfu 1.97%
iter 3345: loss 0.3195, time 355.90ms, mfu 1.97%
iter 3346: loss 0.3351, time 397.85ms, mfu 1.95%
iter 3347: loss 0.3131, time 259.58ms, mfu 2.03%
iter 3348: loss 0.3303, time 376.19ms, mfu 2.02%
iter 3349: loss 0.2965, time 356.27ms, mfu 2.01%
iter 3350: loss 0.3165, time 411.59ms, mfu 1.98%
iter 3351: loss 0.3170, time 332.80ms, mfu 2.00%
iter 3352: loss 0.3301, time 319.29ms, mfu 2.02%
iter 3353: loss 0.3029, time 310.31ms, mfu 2.05%
iter 3354: loss 0.3321, time 246.60ms, mfu 2.13%
iter 3355: loss 0.3105, time 338.65ms, mfu 2.13%
iter 3356: loss 0.3113, time 360.60ms, mfu 2.11%
iter 3357: loss 0.3027, time 349.86ms, mfu 2.10%
iter 3358: loss 0.3515, time 392.47ms, mfu 2.07%
iter 3359: loss 0.3057, time 155.14ms, mfu 2.32%
iter 3360: loss 0.3039, time 431.94ms, mfu 2.25%
iter 3361: loss 0.3325, time 316.94ms, mfu 2.25%
iter 3362: loss 0.2870, time 280.22ms, mfu 2.28%
iter 3363: loss 0.3043, time 352.13ms, mfu 2.25%
iter 3364: loss 0.2903, time 510.05ms, mfu 2.17%
iter 3365: loss 0.2969, time 417.50ms, mfu 2.12%
iter 3366: loss 0.2996, time 364.41ms, mfu 2.10%
iter 3367: loss 0.2989, time 340.02ms, mfu 2.10%
iter 3368: loss 0.3201, time 313.34ms, mfu 2.12%
iter 3369: loss 0.2947, time 511.24ms, mfu 2.04%
iter 3370: loss 0.3246, time 404.06ms, mfu 2.01%
iter 3371: loss 0.2780, time 421.47ms, mfu 1.98%
iter 3372: loss 0.3322, time 382.96ms, mfu 1.97%
iter 3373: loss 0.3074, time 329.06ms, mfu 1.99%
iter 3374: loss 0.3201, time 294.63ms, mfu 2.03%
iter 3375: loss 0.3070, time 436.05ms, mfu 1.99%
iter 3376: loss 0.3118, time 302.49ms, mfu 2.02%
iter 3377: loss 0.3428, time 371.68ms, mfu 2.01%
iter 3378: loss 0.3230, time 400.74ms, mfu 1.99%
iter 3379: loss 0.3208, time 426.44ms, mfu 1.96%
iter 3380: loss 0.3068, time 471.43ms, mfu 1.91%
iter 3381: loss 0.3497, time 394.14ms, mfu 1.90%
iter 3382: loss 0.3311, time 224.43ms, mfu 2.02%
iter 3383: loss 0.3045, time 486.68ms, mfu 1.97%
iter 3384: loss 0.3158, time 305.37ms, mfu 2.00%
iter 3385: loss 0.3233, time 245.48ms, mfu 2.09%
iter 3386: loss 0.2935, time 391.81ms, mfu 2.06%
iter 3387: loss 0.3246, time 355.73ms, mfu 2.06%
iter 3388: loss 0.3432, time 638.24ms, mfu 1.96%
iter 3389: loss 0.3291, time 310.36ms, mfu 1.99%
iter 3390: loss 0.3202, time 409.55ms, mfu 1.97%
iter 3391: loss 0.2841, time 325.24ms, mfu 1.99%
iter 3392: loss 0.3029, time 265.42ms, mfu 2.06%
iter 3393: loss 0.3265, time 410.37ms, mfu 2.02%
iter 3394: loss 0.2970, time 389.08ms, mfu 2.00%
iter 3395: loss 0.3038, time 342.73ms, mfu 2.01%
iter 3396: loss 0.3004, time 426.52ms, mfu 1.98%
iter 3397: loss 0.3264, time 304.77ms, mfu 2.01%
iter 3398: loss 0.2942, time 399.47ms, mfu 1.99%
iter 3399: loss 0.3010, time 410.55ms, mfu 1.96%
iter 3400: loss 0.3053, time 536.83ms, mfu 1.90%
  === DIAG iter 3400 ===
  loss: 0.3053
  grads: total 0.9186, transformer 0.1784, adapter 0.9011
  <NUM> input tokens: 601/3072 (19.6%)
  lr: 5.85e-04
  SME accuracy: overall 0.736, sign 0.981, exp 0.922, digit 0.594 [d0 0.835 d1 0.563 d2 0.398] (519 SME tokens)
iter 3401: loss 0.3140, time 230.69ms, mfu 2.01%
iter 3402: loss 0.2917, time 288.00ms, mfu 2.06%
iter 3403: loss 0.3283, time 441.64ms, mfu 2.01%
iter 3404: loss 0.2788, time 427.49ms, mfu 1.98%
iter 3405: loss 0.3440, time 392.85ms, mfu 1.96%
iter 3406: loss 0.2892, time 279.71ms, mfu 2.02%
iter 3407: loss 0.3244, time 445.05ms, mfu 1.98%
iter 3408: loss 0.3134, time 457.63ms, mfu 1.93%
iter 3409: loss 0.2964, time 302.56ms, mfu 1.97%
iter 3410: loss 0.2958, time 417.16ms, mfu 1.95%
iter 3411: loss 0.3073, time 330.72ms, mfu 1.97%
iter 3412: loss 0.3153, time 465.39ms, mfu 1.92%
iter 3413: loss 0.2906, time 405.18ms, mfu 1.90%
iter 3414: loss 0.3504, time 294.01ms, mfu 1.95%
iter 3415: loss 0.3332, time 270.31ms, mfu 2.02%
iter 3416: loss 0.3042, time 376.99ms, mfu 2.01%
iter 3417: loss 0.2882, time 341.18ms, mfu 2.01%
iter 3418: loss 0.3038, time 301.35ms, mfu 2.05%
iter 3419: loss 0.2910, time 251.64ms, mfu 2.12%
iter 3420: loss 0.3042, time 275.50ms, mfu 2.17%
iter 3421: loss 0.3302, time 348.91ms, mfu 2.16%
iter 3422: loss 0.3015, time 533.74ms, mfu 2.07%
iter 3423: loss 0.2964, time 296.54ms, mfu 2.10%
iter 3424: loss 0.3134, time 364.84ms, mfu 2.09%
iter 3425: loss 0.2767, time 400.24ms, mfu 2.06%
iter 3426: loss 0.3221, time 419.68ms, mfu 2.02%
iter 3427: loss 0.2897, time 322.29ms, mfu 2.04%
iter 3428: loss 0.3081, time 412.10ms, mfu 2.01%
iter 3429: loss 0.3444, time 322.41ms, mfu 2.03%
iter 3430: loss 0.3069, time 306.02ms, mfu 2.05%
iter 3431: loss 0.3136, time 392.45ms, mfu 2.03%
iter 3432: loss 0.3174, time 311.03ms, mfu 2.05%
iter 3433: loss 0.2956, time 338.77ms, mfu 2.06%
iter 3434: loss 0.2735, time 310.49ms, mfu 2.08%
iter 3435: loss 0.2793, time 526.28ms, mfu 2.01%
iter 3436: loss 0.3165, time 378.89ms, mfu 1.99%
iter 3437: loss 0.2848, time 430.36ms, mfu 1.96%
iter 3438: loss 0.3409, time 378.47ms, mfu 1.95%
iter 3439: loss 0.2870, time 443.11ms, mfu 1.92%
iter 3440: loss 0.2780, time 316.57ms, mfu 1.95%
iter 3441: loss 0.3141, time 350.39ms, mfu 1.96%
iter 3442: loss 0.2806, time 345.53ms, mfu 1.96%
iter 3443: loss 0.3241, time 370.54ms, mfu 1.96%
iter 3444: loss 0.3008, time 300.12ms, mfu 2.00%
iter 3445: loss 0.3095, time 405.62ms, mfu 1.97%
iter 3446: loss 0.2882, time 366.97ms, mfu 1.97%
iter 3447: loss 0.3060, time 460.09ms, mfu 1.93%
iter 3448: loss 0.3022, time 435.91ms, mfu 1.90%
iter 3449: loss 0.2983, time 354.51ms, mfu 1.91%
iter 3450: loss 0.3147, time 418.72ms, mfu 1.89%
iter 3451: loss 0.2914, time 476.10ms, mfu 1.85%
iter 3452: loss 0.2974, time 297.76ms, mfu 1.90%
iter 3453: loss 0.3049, time 472.98ms, mfu 1.86%
iter 3454: loss 0.3339, time 335.25ms, mfu 1.88%
iter 3455: loss 0.3166, time 296.70ms, mfu 1.94%
iter 3456: loss 0.3156, time 433.47ms, mfu 1.91%
iter 3457: loss 0.3006, time 304.05ms, mfu 1.95%
iter 3458: loss 0.3067, time 306.94ms, mfu 1.98%
iter 3459: loss 0.3209, time 376.43ms, mfu 1.97%
iter 3460: loss 0.2783, time 353.32ms, mfu 1.98%
iter 3461: loss 0.2723, time 304.04ms, mfu 2.01%
iter 3462: loss 0.3112, time 295.80ms, mfu 2.05%
iter 3463: loss 0.2963, time 395.27ms, mfu 2.02%
iter 3464: loss 0.3025, time 376.33ms, mfu 2.01%
iter 3465: loss 0.3303, time 313.54ms, mfu 2.04%
iter 3466: loss 0.3192, time 324.98ms, mfu 2.05%
iter 3467: loss 0.3404, time 307.63ms, mfu 2.08%
iter 3468: loss 0.3165, time 290.97ms, mfu 2.11%
iter 3469: loss 0.2966, time 477.98ms, mfu 2.05%
iter 3470: loss 0.3561, time 425.55ms, mfu 2.01%
iter 3471: loss 0.3347, time 304.59ms, mfu 2.04%
iter 3472: loss 0.2778, time 446.67ms, mfu 2.00%
iter 3473: loss 0.2887, time 338.66ms, mfu 2.01%
iter 3474: loss 0.3241, time 489.46ms, mfu 1.95%
iter 3475: loss 0.3558, time 459.30ms, mfu 1.91%
iter 3476: loss 0.3292, time 363.57ms, mfu 1.91%
iter 3477: loss 0.2962, time 289.28ms, mfu 1.97%
iter 3478: loss 0.2840, time 309.33ms, mfu 2.00%
iter 3479: loss 0.2757, time 351.78ms, mfu 2.00%
iter 3480: loss 0.2977, time 482.39ms, mfu 1.95%
iter 3481: loss 0.2840, time 311.61ms, mfu 1.98%
iter 3482: loss 0.2955, time 348.70ms, mfu 1.99%
iter 3483: loss 0.2966, time 360.29ms, mfu 1.98%
iter 3484: loss 0.2992, time 487.87ms, mfu 1.93%
iter 3485: loss 0.3104, time 316.64ms, mfu 1.96%
iter 3486: loss 0.2868, time 366.33ms, mfu 1.96%
iter 3487: loss 0.3299, time 295.28ms, mfu 2.00%
iter 3488: loss 0.3080, time 250.87ms, mfu 2.09%
iter 3489: loss 0.2846, time 320.19ms, mfu 2.10%
iter 3490: loss 0.3243, time 330.47ms, mfu 2.10%
iter 3491: loss 0.2493, time 308.30ms, mfu 2.12%
iter 3492: loss 0.3101, time 579.17ms, mfu 2.03%
iter 3493: loss 0.2869, time 261.04ms, mfu 2.10%
iter 3494: loss 0.2939, time 494.64ms, mfu 2.03%
iter 3495: loss 0.2781, time 377.92ms, mfu 2.02%
iter 3496: loss 0.2858, time 368.18ms, mfu 2.01%
iter 3497: loss 0.2737, time 354.96ms, mfu 2.01%
iter 3498: loss 0.3163, time 543.57ms, mfu 1.94%
iter 3499: loss 0.2864, time 315.22ms, mfu 1.97%
iter 3500: loss 0.2981, time 610.00ms, mfu 1.89%
  === DIAG iter 3500 ===
  loss: 0.2981
  grads: total 0.8200, transformer 0.2769, adapter 0.7719
  <NUM> input tokens: 722/3072 (23.5%)
  lr: 5.82e-04
  SME accuracy: overall 0.743, sign 0.978, exp 0.944, digit 0.600 [d0 0.764 d1 0.652 d2 0.404] (448 SME tokens)
iter 3501: loss 0.2909, time 202.11ms, mfu 2.05%
iter 3502: loss 0.2790, time 348.02ms, mfu 2.05%
iter 3503: loss 0.2817, time 360.09ms, mfu 2.04%
iter 3504: loss 0.2722, time 421.73ms, mfu 2.00%
iter 3505: loss 0.2934, time 361.99ms, mfu 2.00%
iter 3506: loss 0.2888, time 315.58ms, mfu 2.02%
iter 3507: loss 0.3153, time 456.38ms, mfu 1.98%
iter 3508: loss 0.3121, time 381.78ms, mfu 1.97%
iter 3509: loss 0.3049, time 422.96ms, mfu 1.94%
iter 3510: loss 0.3289, time 303.48ms, mfu 1.98%
iter 3511: loss 0.3311, time 388.44ms, mfu 1.96%
iter 3512: loss 0.3052, time 330.51ms, mfu 1.98%
iter 3513: loss 0.2978, time 401.85ms, mfu 1.96%
iter 3514: loss 0.2775, time 398.07ms, mfu 1.94%
iter 3515: loss 0.2871, time 325.68ms, mfu 1.96%
iter 3516: loss 0.2992, time 258.28ms, mfu 2.04%
iter 3517: loss 0.3425, time 305.64ms, mfu 2.07%
iter 3518: loss 0.3138, time 399.31ms, mfu 2.04%
iter 3519: loss 0.3000, time 463.71ms, mfu 1.99%
iter 3520: loss 0.3158, time 339.43ms, mfu 2.00%
iter 3521: loss 0.2834, time 563.79ms, mfu 1.92%
iter 3522: loss 0.2998, time 341.49ms, mfu 1.94%
iter 3523: loss 0.2842, time 367.81ms, mfu 1.94%
iter 3524: loss 0.3691, time 366.56ms, mfu 1.94%
iter 3525: loss 0.2830, time 386.22ms, mfu 1.93%
iter 3526: loss 0.3179, time 460.38ms, mfu 1.89%
iter 3527: loss 0.2954, time 361.87ms, mfu 1.90%
iter 3528: loss 0.2987, time 247.52ms, mfu 1.99%
iter 3529: loss 0.2818, time 265.92ms, mfu 2.06%
iter 3530: loss 0.3068, time 380.47ms, mfu 2.04%
iter 3531: loss 0.2750, time 408.53ms, mfu 2.01%
iter 3532: loss 0.3232, time 334.36ms, mfu 2.02%
iter 3533: loss 0.3050, time 403.70ms, mfu 1.99%
iter 3534: loss 0.2926, time 292.93ms, mfu 2.04%
iter 3535: loss 0.2968, time 469.19ms, mfu 1.98%
iter 3536: loss 0.2975, time 485.09ms, mfu 1.93%
iter 3537: loss 0.2870, time 291.35ms, mfu 1.98%
iter 3538: loss 0.2848, time 335.49ms, mfu 1.99%
iter 3539: loss 0.2884, time 387.35ms, mfu 1.98%
iter 3540: loss 0.2830, time 385.05ms, mfu 1.96%
iter 3541: loss 0.2888, time 339.02ms, mfu 1.98%
iter 3542: loss 0.3161, time 448.48ms, mfu 1.94%
iter 3543: loss 0.3121, time 409.64ms, mfu 1.92%
iter 3544: loss 0.3230, time 366.65ms, mfu 1.92%
iter 3545: loss 0.2932, time 359.19ms, mfu 1.92%
iter 3546: loss 0.2826, time 387.37ms, mfu 1.91%
iter 3547: loss 0.3084, time 305.53ms, mfu 1.95%
iter 3548: loss 0.2618, time 327.23ms, mfu 1.98%
iter 3549: loss 0.2660, time 368.57ms, mfu 1.97%
iter 3550: loss 0.2904, time 343.67ms, mfu 1.98%
iter 3551: loss 0.2962, time 263.72ms, mfu 2.05%
iter 3552: loss 0.2938, time 323.50ms, mfu 2.06%
iter 3553: loss 0.3100, time 432.17ms, mfu 2.02%
iter 3554: loss 0.3219, time 395.56ms, mfu 2.00%
iter 3555: loss 0.2731, time 355.77ms, mfu 2.00%
iter 3556: loss 0.2873, time 301.88ms, mfu 2.03%
iter 3557: loss 0.3169, time 436.67ms, mfu 1.99%
iter 3558: loss 0.3440, time 395.69ms, mfu 1.97%
iter 3559: loss 0.2911, time 377.67ms, mfu 1.96%
iter 3560: loss 0.2878, time 303.54ms, mfu 2.00%
iter 3561: loss 0.2745, time 514.64ms, mfu 1.94%
iter 3562: loss 0.3060, time 561.35ms, mfu 1.87%
iter 3563: loss 0.2798, time 264.73ms, mfu 1.95%
iter 3564: loss 0.2937, time 634.92ms, mfu 1.87%
iter 3565: loss 0.3005, time 331.68ms, mfu 1.89%
iter 3566: loss 0.3028, time 357.75ms, mfu 1.90%
iter 3567: loss 0.2777, time 307.23ms, mfu 1.94%
iter 3568: loss 0.2806, time 283.43ms, mfu 2.00%
iter 3569: loss 0.2802, time 459.17ms, mfu 1.95%
iter 3570: loss 0.3019, time 350.27ms, mfu 1.96%
iter 3571: loss 0.2917, time 300.88ms, mfu 2.00%
iter 3572: loss 0.2949, time 351.23ms, mfu 2.00%
iter 3573: loss 0.2789, time 381.29ms, mfu 1.99%
iter 3574: loss 0.2786, time 410.75ms, mfu 1.96%
iter 3575: loss 0.2945, time 362.10ms, mfu 1.96%
iter 3576: loss 0.3037, time 413.29ms, mfu 1.94%
iter 3577: loss 0.3034, time 300.74ms, mfu 1.98%
iter 3578: loss 0.3390, time 303.60ms, mfu 2.01%
iter 3579: loss 0.2933, time 406.12ms, mfu 1.99%
iter 3580: loss 0.2621, time 406.09ms, mfu 1.96%
iter 3581: loss 0.2688, time 359.07ms, mfu 1.96%
iter 3582: loss 0.2821, time 336.81ms, mfu 1.98%
iter 3583: loss 0.2744, time 417.54ms, mfu 1.95%
iter 3584: loss 0.2739, time 261.60ms, mfu 2.03%
iter 3585: loss 0.2899, time 462.50ms, mfu 1.98%
iter 3586: loss 0.2960, time 464.21ms, mfu 1.93%
iter 3587: loss 0.2932, time 261.15ms, mfu 2.01%
iter 3588: loss 0.2556, time 310.72ms, mfu 2.04%
iter 3589: loss 0.2557, time 330.84ms, mfu 2.05%
iter 3590: loss 0.2686, time 327.65ms, mfu 2.06%
iter 3591: loss 0.3129, time 401.64ms, mfu 2.03%
iter 3592: loss 0.2952, time 403.74ms, mfu 2.00%
iter 3593: loss 0.2896, time 359.96ms, mfu 2.00%
iter 3594: loss 0.3109, time 252.75ms, mfu 2.08%
iter 3595: loss 0.2981, time 443.53ms, mfu 2.03%
iter 3596: loss 0.3039, time 404.49ms, mfu 2.00%
iter 3597: loss 0.2952, time 440.34ms, mfu 1.96%
iter 3598: loss 0.2846, time 307.58ms, mfu 2.00%
iter 3599: loss 0.2883, time 558.64ms, mfu 1.92%
iter 3600: loss 0.3043, time 599.37ms, mfu 1.85%
  === DIAG iter 3600 ===
  loss: 0.3043
  grads: total 1.0000, transformer 0.1808, adapter 0.9835
  <NUM> input tokens: 688/3072 (22.4%)
  lr: 5.80e-04
  SME accuracy: overall 0.721, sign 0.970, exp 0.931, digit 0.568 [d0 0.790 d1 0.580 d2 0.380] (502 SME tokens)
iter 3601: loss 0.2563, time 156.75ms, mfu 2.12%
iter 3602: loss 0.2915, time 302.17ms, mfu 2.14%
iter 3603: loss 0.2936, time 249.46ms, mfu 2.21%
iter 3604: loss 0.3210, time 452.25ms, mfu 2.15%
iter 3605: loss 0.2765, time 373.86ms, mfu 2.12%
iter 3606: loss 0.2498, time 421.39ms, mfu 2.08%
iter 3607: loss 0.2601, time 348.00ms, mfu 2.07%
iter 3608: loss 0.3255, time 480.11ms, mfu 2.01%
iter 3609: loss 0.2652, time 453.54ms, mfu 1.97%
iter 3610: loss 0.2999, time 411.14ms, mfu 1.94%
iter 3611: loss 0.2867, time 370.73ms, mfu 1.94%
iter 3612: loss 0.3075, time 336.91ms, mfu 1.96%
iter 3613: loss 0.2840, time 463.65ms, mfu 1.91%
iter 3614: loss 0.2685, time 397.42ms, mfu 1.90%
iter 3615: loss 0.2777, time 381.77ms, mfu 1.90%
iter 3616: loss 0.2970, time 451.80ms, mfu 1.86%
iter 3617: loss 0.2894, time 445.88ms, mfu 1.84%
iter 3618: loss 0.2950, time 321.65ms, mfu 1.87%
iter 3619: loss 0.2662, time 356.30ms, mfu 1.88%
iter 3620: loss 0.3016, time 522.89ms, mfu 1.83%
iter 3621: loss 0.3389, time 338.67ms, mfu 1.86%
iter 3622: loss 0.3238, time 366.61ms, mfu 1.87%
iter 3623: loss 0.3297, time 395.77ms, mfu 1.86%
iter 3624: loss 0.3029, time 559.74ms, mfu 1.80%
iter 3625: loss 0.3310, time 378.35ms, mfu 1.81%
iter 3626: loss 0.3107, time 492.49ms, mfu 1.77%
iter 3627: loss 0.2998, time 371.76ms, mfu 1.78%
iter 3628: loss 0.3088, time 308.74ms, mfu 1.83%
iter 3629: loss 0.2608, time 412.36ms, mfu 1.82%
iter 3630: loss 0.3289, time 348.71ms, mfu 1.84%
iter 3631: loss 0.2950, time 318.58ms, mfu 1.88%
iter 3632: loss 0.3407, time 403.08ms, mfu 1.87%
iter 3633: loss 0.2967, time 321.10ms, mfu 1.90%
iter 3634: loss 0.3027, time 428.94ms, mfu 1.88%
iter 3635: loss 0.3468, time 280.35ms, mfu 1.94%
iter 3636: loss 0.2766, time 328.46ms, mfu 1.96%
iter 3637: loss 0.3075, time 403.87ms, mfu 1.94%
iter 3638: loss 0.2733, time 265.49ms, mfu 2.02%
iter 3639: loss 0.2664, time 420.50ms, mfu 1.98%
iter 3640: loss 0.3159, time 349.98ms, mfu 1.99%
iter 3641: loss 0.2883, time 414.22ms, mfu 1.96%
iter 3642: loss 0.3346, time 287.71ms, mfu 2.01%
iter 3643: loss 0.2750, time 378.56ms, mfu 2.00%
iter 3644: loss 0.3323, time 297.49ms, mfu 2.03%
iter 3645: loss 0.3008, time 424.30ms, mfu 2.00%
iter 3646: loss 0.2850, time 395.83ms, mfu 1.98%
iter 3647: loss 0.2798, time 493.72ms, mfu 1.92%
iter 3648: loss 0.2854, time 225.87ms, mfu 2.04%
iter 3649: loss 0.2856, time 462.35ms, mfu 1.99%
iter 3650: loss 0.2920, time 308.65ms, mfu 2.02%
iter 3651: loss 0.2641, time 484.19ms, mfu 1.97%
iter 3652: loss 0.2713, time 412.78ms, mfu 1.94%
iter 3653: loss 0.2887, time 302.46ms, mfu 1.98%
iter 3654: loss 0.2766, time 460.53ms, mfu 1.94%
iter 3655: loss 0.2521, time 252.00ms, mfu 2.03%
iter 3656: loss 0.2785, time 416.47ms, mfu 1.99%
iter 3657: loss 0.2614, time 333.08ms, mfu 2.01%
iter 3658: loss 0.2610, time 440.82ms, mfu 1.97%
iter 3659: loss 0.2701, time 331.00ms, mfu 1.98%
iter 3660: loss 0.2722, time 392.91ms, mfu 1.97%
iter 3661: loss 0.2982, time 307.91ms, mfu 2.00%
iter 3662: loss 0.2939, time 382.46ms, mfu 1.99%
iter 3663: loss 0.2481, time 560.84ms, mfu 1.91%
iter 3664: loss 0.2674, time 237.71ms, mfu 2.02%
iter 3665: loss 0.3136, time 403.49ms, mfu 1.99%
iter 3666: loss 0.2699, time 340.26ms, mfu 2.00%
iter 3667: loss 0.3014, time 420.83ms, mfu 1.97%
iter 3668: loss 0.3043, time 246.64ms, mfu 2.06%
iter 3669: loss 0.2726, time 473.14ms, mfu 2.00%
iter 3670: loss 0.3123, time 478.40ms, mfu 1.95%
iter 3671: loss 0.2941, time 402.81ms, mfu 1.93%
iter 3672: loss 0.2924, time 327.74ms, mfu 1.96%
iter 3673: loss 0.2507, time 280.00ms, mfu 2.01%
iter 3674: loss 0.2811, time 502.70ms, mfu 1.95%
iter 3675: loss 0.3019, time 363.50ms, mfu 1.95%
iter 3676: loss 0.2648, time 364.77ms, mfu 1.95%
iter 3677: loss 0.2880, time 410.01ms, mfu 1.93%
iter 3678: loss 0.2750, time 369.95ms, mfu 1.93%
iter 3679: loss 0.3157, time 316.91ms, mfu 1.96%
iter 3680: loss 0.3239, time 433.77ms, mfu 1.93%
iter 3681: loss 0.2882, time 392.00ms, mfu 1.91%
iter 3682: loss 0.3098, time 364.78ms, mfu 1.92%
iter 3683: loss 0.2696, time 293.43ms, mfu 1.97%
iter 3684: loss 0.2807, time 285.14ms, mfu 2.02%
iter 3685: loss 0.2767, time 404.61ms, mfu 1.99%
iter 3686: loss 0.3218, time 261.58ms, mfu 2.06%
iter 3687: loss 0.3321, time 262.98ms, mfu 2.13%
iter 3688: loss 0.2603, time 464.43ms, mfu 2.07%
iter 3689: loss 0.2979, time 330.89ms, mfu 2.07%
iter 3690: loss 0.3020, time 364.92ms, mfu 2.06%
iter 3691: loss 0.3285, time 343.94ms, mfu 2.06%
iter 3692: loss 0.2751, time 329.94ms, mfu 2.07%
iter 3693: loss 0.2740, time 289.94ms, mfu 2.11%
iter 3694: loss 0.2868, time 326.94ms, mfu 2.11%
iter 3695: loss 0.2821, time 586.97ms, mfu 2.02%
iter 3696: loss 0.2704, time 469.49ms, mfu 1.97%
iter 3697: loss 0.2751, time 388.55ms, mfu 1.96%
iter 3698: loss 0.2662, time 345.62ms, mfu 1.97%
iter 3699: loss 0.2744, time 292.49ms, mfu 2.01%
iter 3700: loss 0.3058, time 661.73ms, mfu 1.92%
  === DIAG iter 3700 ===
  loss: 0.3058
  grads: total 1.0000, transformer 0.1519, adapter 0.9884
  <NUM> input tokens: 680/3072 (22.1%)
  lr: 5.78e-04
  SME accuracy: overall 0.698, sign 0.951, exp 0.938, digit 0.533 [d0 0.642 d1 0.543 d2 0.407] (404 SME tokens)
iter 3701: loss 0.3124, time 174.83ms, mfu 2.13%
iter 3702: loss 0.3249, time 375.09ms, mfu 2.11%
iter 3703: loss 0.2771, time 385.60ms, mfu 2.08%
iter 3704: loss 0.2724, time 385.52ms, mfu 2.06%
iter 3705: loss 0.2751, time 371.87ms, mfu 2.04%
iter 3706: loss 0.2928, time 295.80ms, mfu 2.08%
iter 3707: loss 0.2883, time 499.92ms, mfu 2.01%
iter 3708: loss 0.2824, time 289.68ms, mfu 2.05%
iter 3709: loss 0.2639, time 441.40ms, mfu 2.01%
iter 3710: loss 0.3257, time 381.16ms, mfu 1.99%
iter 3711: loss 0.2812, time 420.07ms, mfu 1.96%
iter 3712: loss 0.2823, time 218.36ms, mfu 2.09%
iter 3713: loss 0.2760, time 383.72ms, mfu 2.07%
iter 3714: loss 0.2728, time 309.82ms, mfu 2.09%
iter 3715: loss 0.2671, time 401.93ms, mfu 2.06%
iter 3716: loss 0.2723, time 370.92ms, mfu 2.04%
iter 3717: loss 0.2627, time 522.52ms, mfu 1.97%
iter 3718: loss 0.2742, time 312.70ms, mfu 2.00%
iter 3719: loss 0.2548, time 328.52ms, mfu 2.02%
iter 3720: loss 0.2642, time 452.36ms, mfu 1.97%
iter 3721: loss 0.2834, time 566.85ms, mfu 1.90%
iter 3722: loss 0.3108, time 375.91ms, mfu 1.90%
iter 3723: loss 0.2906, time 324.49ms, mfu 1.93%
iter 3724: loss 0.2896, time 397.32ms, mfu 1.91%
iter 3725: loss 0.2919, time 322.64ms, mfu 1.94%
iter 3726: loss 0.2888, time 481.64ms, mfu 1.89%
iter 3727: loss 0.3054, time 403.74ms, mfu 1.88%
iter 3728: loss 0.2900, time 445.46ms, mfu 1.85%
iter 3729: loss 0.3080, time 365.86ms, mfu 1.86%
iter 3730: loss 0.3090, time 398.78ms, mfu 1.85%
iter 3731: loss 0.2969, time 487.94ms, mfu 1.81%
iter 3732: loss 0.3042, time 483.46ms, mfu 1.78%
iter 3733: loss 0.2615, time 288.63ms, mfu 1.85%
iter 3734: loss 0.2864, time 361.55ms, mfu 1.86%
iter 3735: loss 0.2842, time 433.42ms, mfu 1.83%
iter 3736: loss 0.3224, time 409.76ms, mfu 1.82%
iter 3737: loss 0.3043, time 382.51ms, mfu 1.83%
iter 3738: loss 0.2724, time 322.68ms, mfu 1.86%
iter 3739: loss 0.2795, time 346.23ms, mfu 1.88%
iter 3740: loss 0.2990, time 378.25ms, mfu 1.88%
iter 3741: loss 0.2816, time 382.51ms, mfu 1.88%
iter 3742: loss 0.3203, time 334.79ms, mfu 1.90%
iter 3743: loss 0.2706, time 383.81ms, mfu 1.90%
iter 3744: loss 0.2636, time 251.89ms, mfu 1.99%
iter 3745: loss 0.2704, time 352.60ms, mfu 1.99%
iter 3746: loss 0.2707, time 456.59ms, mfu 1.95%
iter 3747: loss 0.3120, time 404.43ms, mfu 1.93%
iter 3748: loss 0.2876, time 445.75ms, mfu 1.89%
iter 3749: loss 0.3033, time 284.45ms, mfu 1.95%
iter 3750: loss 0.2734, time 296.55ms, mfu 2.00%
iter 3751: loss 0.3165, time 415.17ms, mfu 1.97%
iter 3752: loss 0.2918, time 306.12ms, mfu 2.00%
iter 3753: loss 0.2810, time 429.21ms, mfu 1.97%
iter 3754: loss 0.3358, time 439.70ms, mfu 1.93%
iter 3755: loss 0.2673, time 347.31ms, mfu 1.94%
iter 3756: loss 0.2748, time 369.96ms, mfu 1.94%
iter 3757: loss 0.2682, time 378.99ms, mfu 1.93%
iter 3758: loss 0.3009, time 293.85ms, mfu 1.98%
iter 3759: loss 0.2807, time 410.76ms, mfu 1.96%
iter 3760: loss 0.2747, time 456.59ms, mfu 1.92%
iter 3761: loss 0.2649, time 292.03ms, mfu 1.97%
iter 3762: loss 0.2741, time 331.65ms, mfu 1.98%
iter 3763: loss 0.2713, time 414.77ms, mfu 1.96%
iter 3764: loss 0.2827, time 339.75ms, mfu 1.97%
iter 3765: loss 0.2895, time 252.94ms, mfu 2.05%
iter 3766: loss 0.2802, time 437.25ms, mfu 2.01%
iter 3767: loss 0.2948, time 325.49ms, mfu 2.03%
iter 3768: loss 0.3029, time 368.30ms, mfu 2.02%
iter 3769: loss 0.2964, time 350.99ms, mfu 2.02%
iter 3770: loss 0.3126, time 533.50ms, mfu 1.95%
iter 3771: loss 0.3089, time 242.68ms, mfu 2.04%
iter 3772: loss 0.3072, time 322.77ms, mfu 2.06%
iter 3773: loss 0.2904, time 450.42ms, mfu 2.01%
iter 3774: loss 0.2770, time 427.26ms, mfu 1.98%
iter 3775: loss 0.2836, time 380.38ms, mfu 1.96%
iter 3776: loss 0.2880, time 418.83ms, mfu 1.94%
iter 3777: loss 0.2828, time 280.71ms, mfu 2.00%
iter 3778: loss 0.3078, time 367.52ms, mfu 1.99%
iter 3779: loss 0.3211, time 318.17ms, mfu 2.01%
iter 3780: loss 0.3170, time 258.97ms, mfu 2.09%
iter 3781: loss 0.3014, time 231.16ms, mfu 2.18%
iter 3782: loss 0.2620, time 428.78ms, mfu 2.13%
iter 3783: loss 0.2898, time 386.94ms, mfu 2.10%
iter 3784: loss 0.2737, time 461.47ms, mfu 2.04%
iter 3785: loss 0.2622, time 311.58ms, mfu 2.07%
iter 3786: loss 0.2936, time 476.29ms, mfu 2.01%
iter 3787: loss 0.2767, time 462.09ms, mfu 1.96%
iter 3788: loss 0.2597, time 329.86ms, mfu 1.98%
iter 3789: loss 0.2761, time 385.23ms, mfu 1.97%
iter 3790: loss 0.2700, time 332.28ms, mfu 1.98%
iter 3791: loss 0.2750, time 332.76ms, mfu 2.00%
iter 3792: loss 0.2576, time 455.87ms, mfu 1.95%
iter 3793: loss 0.2566, time 424.52ms, mfu 1.92%
iter 3794: loss 0.2659, time 338.16ms, mfu 1.94%
iter 3795: loss 0.2569, time 505.18ms, mfu 1.89%
iter 3796: loss 0.3239, time 554.56ms, mfu 1.83%
iter 3797: loss 0.2676, time 369.08ms, mfu 1.84%
iter 3798: loss 0.2689, time 342.90ms, mfu 1.86%
iter 3799: loss 0.2592, time 367.34ms, mfu 1.87%
iter 3800: loss 0.2354, time 714.97ms, mfu 1.78%
  === DIAG iter 3800 ===
  loss: 0.2354
  grads: total 0.7769, transformer 0.1668, adapter 0.7587
  <NUM> input tokens: 689/3072 (22.4%)
  lr: 5.75e-04
  SME accuracy: overall 0.845, sign 0.985, exp 0.939, digit 0.768 [d0 0.877 d1 0.831 d2 0.631] (329 SME tokens)
iter 3801: loss 0.2515, time 174.71ms, mfu 2.01%
iter 3802: loss 0.2655, time 321.34ms, mfu 2.03%
iter 3803: loss 0.2719, time 444.65ms, mfu 1.98%
iter 3804: loss 0.2866, time 213.80ms, mfu 2.12%
iter 3805: loss 0.2805, time 329.46ms, mfu 2.12%
iter 3806: loss 0.2892, time 229.52ms, mfu 2.22%
iter 3807: loss 0.2896, time 250.32ms, mfu 2.28%
iter 3808: loss 0.2831, time 352.03ms, mfu 2.25%
iter 3809: loss 0.2849, time 428.43ms, mfu 2.19%
iter 3810: loss 0.3082, time 321.69ms, mfu 2.19%
iter 3811: loss 0.2854, time 352.77ms, mfu 2.17%
iter 3812: loss 0.2783, time 262.14ms, mfu 2.23%
iter 3813: loss 0.2830, time 386.69ms, mfu 2.19%
iter 3814: loss 0.2541, time 325.65ms, mfu 2.19%
iter 3815: loss 0.2858, time 324.18ms, mfu 2.19%
iter 3816: loss 0.2625, time 381.98ms, mfu 2.15%
iter 3817: loss 0.2882, time 452.40ms, mfu 2.09%
iter 3818: loss 0.2623, time 352.37ms, mfu 2.09%
iter 3819: loss 0.2755, time 297.10ms, mfu 2.12%
iter 3820: loss 0.2772, time 500.94ms, mfu 2.05%
iter 3821: loss 0.3332, time 379.08ms, mfu 2.03%
iter 3822: loss 0.3071, time 352.58ms, mfu 2.03%
iter 3823: loss 0.2885, time 366.46ms, mfu 2.02%
iter 3824: loss 0.2730, time 450.68ms, mfu 1.97%
iter 3825: loss 0.2601, time 364.40ms, mfu 1.97%
iter 3826: loss 0.2730, time 277.75ms, mfu 2.03%
iter 3827: loss 0.2777, time 445.88ms, mfu 1.98%
iter 3828: loss 0.2865, time 439.77ms, mfu 1.95%
iter 3829: loss 0.2548, time 337.02ms, mfu 1.96%
iter 3830: loss 0.2917, time 311.47ms, mfu 1.99%
iter 3831: loss 0.2673, time 347.45ms, mfu 2.00%
iter 3832: loss 0.2725, time 442.08ms, mfu 1.96%
iter 3833: loss 0.2866, time 440.45ms, mfu 1.92%
iter 3834: loss 0.2843, time 481.32ms, mfu 1.88%
iter 3835: loss 0.2800, time 382.06ms, mfu 1.88%
iter 3836: loss 0.2683, time 304.44ms, mfu 1.92%
iter 3837: loss 0.2884, time 374.24ms, mfu 1.92%
iter 3838: loss 0.2639, time 634.53ms, mfu 1.84%
iter 3839: loss 0.2534, time 199.21ms, mfu 2.01%
iter 3840: loss 0.2657, time 317.69ms, mfu 2.03%
iter 3841: loss 0.2937, time 246.57ms, mfu 2.12%
iter 3842: loss 0.2908, time 428.71ms, mfu 2.07%
iter 3843: loss 0.2932, time 344.70ms, mfu 2.07%
iter 3844: loss 0.2726, time 361.03ms, mfu 2.06%
iter 3845: loss 0.2702, time 341.01ms, mfu 2.06%
iter 3846: loss 0.2881, time 391.68ms, mfu 2.04%
iter 3847: loss 0.2702, time 519.09ms, mfu 1.97%
iter 3848: loss 0.2706, time 385.48ms, mfu 1.96%
iter 3849: loss 0.2686, time 396.56ms, mfu 1.94%
iter 3850: loss 0.2657, time 369.19ms, mfu 1.94%
iter 3851: loss 0.2560, time 372.90ms, mfu 1.93%
iter 3852: loss 0.2773, time 485.92ms, mfu 1.89%
iter 3853: loss 0.2702, time 301.97ms, mfu 1.93%
iter 3854: loss 0.2477, time 408.70ms, mfu 1.91%
iter 3855: loss 0.2609, time 384.65ms, mfu 1.90%
iter 3856: loss 0.2667, time 437.96ms, mfu 1.88%
iter 3857: loss 0.2754, time 369.26ms, mfu 1.88%
iter 3858: loss 0.2695, time 291.95ms, mfu 1.94%
iter 3859: loss 0.3018, time 415.78ms, mfu 1.91%
iter 3860: loss 0.2906, time 495.49ms, mfu 1.86%
iter 3861: loss 0.2720, time 278.56ms, mfu 1.93%
iter 3862: loss 0.2778, time 336.60ms, mfu 1.95%
iter 3863: loss 0.2626, time 467.43ms, mfu 1.91%
iter 3864: loss 0.2459, time 267.67ms, mfu 1.98%
iter 3865: loss 0.2572, time 346.46ms, mfu 1.99%
iter 3866: loss 0.2702, time 351.35ms, mfu 1.99%
iter 3867: loss 0.2677, time 388.22ms, mfu 1.97%
iter 3868: loss 0.2613, time 329.81ms, mfu 1.99%
iter 3869: loss 0.2628, time 481.75ms, mfu 1.94%
iter 3870: loss 0.2761, time 365.65ms, mfu 1.94%
iter 3871: loss 0.3206, time 396.68ms, mfu 1.92%
iter 3872: loss 0.2622, time 303.73ms, mfu 1.96%
iter 3873: loss 0.2718, time 311.25ms, mfu 2.00%
iter 3874: loss 0.2866, time 499.17ms, mfu 1.94%
iter 3875: loss 0.3076, time 526.21ms, mfu 1.88%
iter 3876: loss 0.2804, time 273.17ms, mfu 1.95%
iter 3877: loss 0.2551, time 477.93ms, mfu 1.90%
iter 3878: loss 0.2868, time 404.12ms, mfu 1.89%
iter 3879: loss 0.2487, time 303.41ms, mfu 1.93%
iter 3880: loss 0.2874, time 546.03ms, mfu 1.87%
iter 3881: loss 0.2831, time 246.13ms, mfu 1.97%
iter 3882: loss 0.2583, time 437.68ms, mfu 1.94%
iter 3883: loss 0.2877, time 449.48ms, mfu 1.90%
iter 3884: loss 0.3063, time 398.43ms, mfu 1.89%
iter 3885: loss 0.2665, time 360.76ms, mfu 1.90%
iter 3886: loss 0.2666, time 360.04ms, mfu 1.90%
iter 3887: loss 0.2604, time 442.52ms, mfu 1.87%
iter 3888: loss 0.2801, time 297.40ms, mfu 1.92%
iter 3889: loss 0.2693, time 391.58ms, mfu 1.91%
iter 3890: loss 0.2654, time 362.54ms, mfu 1.92%
iter 3891: loss 0.2830, time 361.86ms, mfu 1.92%
iter 3892: loss 0.2898, time 266.33ms, mfu 1.99%
iter 3893: loss 0.2707, time 415.75ms, mfu 1.97%
iter 3894: loss 0.2586, time 348.68ms, mfu 1.97%
iter 3895: loss 0.2831, time 269.71ms, mfu 2.04%
iter 3896: loss 0.2876, time 417.90ms, mfu 2.00%
iter 3897: loss 0.3099, time 368.59ms, mfu 2.00%
iter 3898: loss 0.3232, time 344.01ms, mfu 2.00%
iter 3899: loss 0.2629, time 402.07ms, mfu 1.98%
iter 3900: loss 0.2728, time 748.05ms, mfu 1.88%
  === DIAG iter 3900 ===
  loss: 0.2728
  grads: total 0.4610, transformer 0.1771, adapter 0.4256
  <NUM> input tokens: 630/3072 (20.5%)
  lr: 5.72e-04
  SME accuracy: overall 0.728, sign 0.932, exp 0.914, digit 0.595 [d0 0.746 d1 0.593 d2 0.508] (290 SME tokens)
iter 3901: loss 0.3286, time 175.09ms, mfu 2.09%
iter 3902: loss 0.2954, time 354.91ms, mfu 2.08%
iter 3903: loss 0.2567, time 338.70ms, mfu 2.08%
iter 3904: loss 0.2705, time 422.41ms, mfu 2.04%
iter 3905: loss 0.3101, time 305.27ms, mfu 2.07%
iter 3906: loss 0.2898, time 396.30ms, mfu 2.04%
iter 3907: loss 0.2416, time 429.99ms, mfu 2.00%
iter 3908: loss 0.3164, time 290.09ms, mfu 2.05%
iter 3909: loss 0.2623, time 464.14ms, mfu 2.00%
iter 3910: loss 0.2835, time 334.54ms, mfu 2.01%
iter 3911: loss 0.2631, time 320.62ms, mfu 2.03%
iter 3912: loss 0.2818, time 413.64ms, mfu 2.00%
iter 3913: loss 0.2752, time 378.06ms, mfu 1.98%
iter 3914: loss 0.2594, time 236.24ms, mfu 2.09%
iter 3915: loss 0.2525, time 433.54ms, mfu 2.04%
iter 3916: loss 0.2893, time 387.95ms, mfu 2.02%
iter 3917: loss 0.2491, time 396.72ms, mfu 2.00%
iter 3918: loss 0.2619, time 311.61ms, mfu 2.02%
iter 3919: loss 0.2447, time 298.89ms, mfu 2.06%
iter 3920: loss 0.2745, time 354.68ms, mfu 2.05%
iter 3921: loss 0.2611, time 437.90ms, mfu 2.01%
iter 3922: loss 0.3000, time 437.51ms, mfu 1.97%
iter 3923: loss 0.2802, time 426.13ms, mfu 1.94%
iter 3924: loss 0.2447, time 326.73ms, mfu 1.96%
iter 3925: loss 0.2899, time 265.43ms, mfu 2.03%
iter 3926: loss 0.2689, time 323.60ms, mfu 2.05%
iter 3927: loss 0.2552, time 278.14ms, mfu 2.10%
iter 3928: loss 0.2708, time 454.08ms, mfu 2.05%
iter 3929: loss 0.2775, time 289.37ms, mfu 2.09%
iter 3930: loss 0.2442, time 381.58ms, mfu 2.06%
iter 3931: loss 0.3120, time 395.57ms, mfu 2.04%
iter 3932: loss 0.2867, time 279.24ms, mfu 2.09%
iter 3933: loss 0.2676, time 344.02ms, mfu 2.08%
iter 3934: loss 0.3060, time 315.38ms, mfu 2.10%
iter 3935: loss 0.3232, time 397.69ms, mfu 2.07%
iter 3936: loss 0.2934, time 475.22ms, mfu 2.01%
iter 3937: loss 0.3224, time 440.46ms, mfu 1.97%
iter 3938: loss 0.3583, time 357.71ms, mfu 1.97%
iter 3939: loss 0.3015, time 354.45ms, mfu 1.97%
iter 3940: loss 0.2840, time 481.89ms, mfu 1.92%
iter 3941: loss 0.3189, time 359.13ms, mfu 1.93%
iter 3942: loss 0.3032, time 256.00ms, mfu 2.01%
iter 3943: loss 0.3029, time 379.94ms, mfu 2.00%
iter 3944: loss 0.2990, time 379.91ms, mfu 1.98%
iter 3945: loss 0.2990, time 499.36ms, mfu 1.93%
iter 3946: loss 0.3049, time 324.84ms, mfu 1.95%
iter 3947: loss 0.2953, time 418.47ms, mfu 1.93%
iter 3948: loss 0.2633, time 238.90ms, mfu 2.03%
iter 3949: loss 0.2844, time 455.87ms, mfu 1.98%
iter 3950: loss 0.2847, time 238.53ms, mfu 2.08%
iter 3951: loss 0.2640, time 460.28ms, mfu 2.03%
iter 3952: loss 0.2878, time 378.18ms, mfu 2.01%
iter 3953: loss 0.2722, time 366.34ms, mfu 2.00%
iter 3954: loss 0.2700, time 467.00ms, mfu 1.96%
iter 3955: loss 0.2600, time 250.63ms, mfu 2.04%
iter 3956: loss 0.2754, time 333.73ms, mfu 2.05%
iter 3957: loss 0.2949, time 399.41ms, mfu 2.02%
iter 3958: loss 0.2550, time 367.61ms, mfu 2.01%
iter 3959: loss 0.2721, time 366.44ms, mfu 2.01%
iter 3960: loss 0.2737, time 346.11ms, mfu 2.01%
iter 3961: loss 0.2974, time 362.43ms, mfu 2.00%
iter 3962: loss 0.2864, time 446.11ms, mfu 1.96%
iter 3963: loss 0.2720, time 269.87ms, mfu 2.03%
iter 3964: loss 0.2748, time 587.41ms, mfu 1.95%
iter 3965: loss 0.2669, time 332.74ms, mfu 1.97%
iter 3966: loss 0.2537, time 356.03ms, mfu 1.97%
iter 3967: loss 0.2929, time 378.31ms, mfu 1.96%
iter 3968: loss 0.2652, time 419.97ms, mfu 1.93%
iter 3969: loss 0.2806, time 404.38ms, mfu 1.91%
iter 3970: loss 0.2763, time 361.06ms, mfu 1.92%
iter 3971: loss 0.2733, time 421.05ms, mfu 1.89%
iter 3972: loss 0.2636, time 368.10ms, mfu 1.90%
iter 3973: loss 0.2787, time 233.31ms, mfu 2.01%
iter 3974: loss 0.2897, time 485.86ms, mfu 1.96%
iter 3975: loss 0.2954, time 344.05ms, mfu 1.97%
iter 3976: loss 0.2647, time 421.44ms, mfu 1.94%
iter 3977: loss 0.2612, time 340.55ms, mfu 1.95%
iter 3978: loss 0.2762, time 348.79ms, mfu 1.96%
iter 3979: loss 0.2764, time 271.70ms, mfu 2.03%
iter 3980: loss 0.2607, time 440.83ms, mfu 1.98%
iter 3981: loss 0.2858, time 447.44ms, mfu 1.94%
iter 3982: loss 0.2448, time 326.89ms, mfu 1.97%
iter 3983: loss 0.2654, time 259.30ms, mfu 2.04%
iter 3984: loss 0.2696, time 299.60ms, mfu 2.08%
iter 3985: loss 0.2584, time 251.11ms, mfu 2.15%
iter 3986: loss 0.2834, time 341.77ms, mfu 2.14%
iter 3987: loss 0.3113, time 337.49ms, mfu 2.14%
iter 3988: loss 0.2928, time 255.86ms, mfu 2.20%
iter 3989: loss 0.3096, time 437.96ms, mfu 2.14%
iter 3990: loss 0.2588, time 348.81ms, mfu 2.13%
iter 3991: loss 0.2865, time 415.36ms, mfu 2.09%
iter 3992: loss 0.2617, time 385.45ms, mfu 2.06%
iter 3993: loss 0.2903, time 373.14ms, mfu 2.05%
iter 3994: loss 0.2819, time 332.48ms, mfu 2.06%
iter 3995: loss 0.2669, time 305.49ms, mfu 2.08%
iter 3996: loss 0.2786, time 502.82ms, mfu 2.02%
iter 3997: loss 0.2586, time 483.51ms, mfu 1.96%
iter 3998: loss 0.2685, time 332.46ms, mfu 1.98%
iter 3999: loss 0.2573, time 262.09ms, mfu 2.05%
iter 4000: loss 0.2358, time 559.59ms, mfu 1.97%
  === DIAG iter 4000 ===
  loss: 0.2358
  grads: total 0.5971, transformer 0.1874, adapter 0.5670
  <NUM> input tokens: 642/3072 (20.9%)
  lr: 5.69e-04
  SME accuracy: overall 0.847, sign 0.984, exp 0.976, digit 0.758 [d0 0.906 d1 0.803 d2 0.575] (633 SME tokens)
  --- Sample eval (val) ---
  MIN: <-972> <223.24> <2> <799> <852.23> <3> <346> <184.9> <694> <147.78> <-910> <0.63> <268> <596> <-358.11> →
    target: -972
    pred:   -972
    error:  0.00

   <-489.951> →
    target: -725
    pred:   -450
    error:  275.00

  SUM: <882> <-991> <-953> <7> <294.529> <-2> <-519> →
    target: -1280
    pred:   -1050
    error:  230.00

  <511.155> <125.502> <723> →
    target: 2030
    pred:   100
    error:  1930.00

  D0D0
    target: 341 480 555 799
    pred:   1.55 407 504 605
    error:  339.45 73.00 51.00 194.00

iter 4001: loss 0.2496, time 260.76ms, mfu 2.05%
iter 4002: loss 0.2896, time 370.92ms, mfu 2.03%
iter 4003: loss 0.2838, time 391.59ms, mfu 2.01%
iter 4004: loss 0.3159, time 343.01ms, mfu 2.02%
iter 4005: loss 0.2929, time 323.90ms, mfu 2.03%
iter 4006: loss 0.2610, time 361.20ms, mfu 2.03%
iter 4007: loss 0.2634, time 476.43ms, mfu 1.97%
iter 4008: loss 0.2627, time 408.85ms, mfu 1.95%
iter 4009: loss 0.2828, time 582.38ms, mfu 1.88%
iter 4010: loss 0.2692, time 469.15ms, mfu 1.84%
iter 4011: loss 0.2532, time 325.91ms, mfu 1.87%
iter 4012: loss 0.2660, time 375.84ms, mfu 1.87%
iter 4013: loss 0.2474, time 456.03ms, mfu 1.84%
iter 4014: loss 0.2700, time 320.14ms, mfu 1.88%
iter 4015: loss 0.2865, time 518.41ms, mfu 1.83%
iter 4016: loss 0.2706, time 380.71ms, mfu 1.83%
iter 4017: loss 0.2649, time 450.93ms, mfu 1.81%
iter 4018: loss 0.2341, time 439.17ms, mfu 1.79%
iter 4019: loss 0.2651, time 239.10ms, mfu 1.90%
iter 4020: loss 0.2662, time 261.33ms, mfu 1.98%
iter 4021: loss 0.3118, time 369.95ms, mfu 1.98%
iter 4022: loss 0.2921, time 433.14ms, mfu 1.94%
iter 4023: loss 0.2514, time 407.80ms, mfu 1.92%
iter 4024: loss 0.2865, time 346.56ms, mfu 1.94%
iter 4025: loss 0.2940, time 399.16ms, mfu 1.92%
iter 4026: loss 0.2719, time 417.67ms, mfu 1.90%
iter 4027: loss 0.2680, time 314.33ms, mfu 1.93%
iter 4028: loss 0.2774, time 446.29ms, mfu 1.90%
iter 4029: loss 0.2773, time 334.08ms, mfu 1.92%
iter 4030: loss 0.2747, time 359.64ms, mfu 1.93%
iter 4031: loss 0.2788, time 351.35ms, mfu 1.93%
iter 4032: loss 0.2730, time 493.18ms, mfu 1.89%
iter 4033: loss 0.2884, time 362.85ms, mfu 1.89%
iter 4034: loss 0.2890, time 439.11ms, mfu 1.86%
iter 4035: loss 0.2516, time 304.52ms, mfu 1.91%
iter 4036: loss 0.2545, time 398.96ms, mfu 1.90%
iter 4037: loss 0.3124, time 320.92ms, mfu 1.93%
iter 4038: loss 0.3137, time 389.07ms, mfu 1.92%
iter 4039: loss 0.2624, time 305.09ms, mfu 1.96%
iter 4040: loss 0.2976, time 387.08ms, mfu 1.95%
iter 4041: loss 0.2852, time 340.33ms, mfu 1.96%
iter 4042: loss 0.2683, time 315.39ms, mfu 1.99%
iter 4043: loss 0.2701, time 390.76ms, mfu 1.97%
iter 4044: loss 0.2817, time 402.18ms, mfu 1.95%
iter 4045: loss 0.2677, time 519.87ms, mfu 1.89%
iter 4046: loss 0.2869, time 419.10ms, mfu 1.87%
iter 4047: loss 0.2721, time 357.19ms, mfu 1.88%
iter 4048: loss 0.2749, time 331.01ms, mfu 1.91%
iter 4049: loss 0.2561, time 394.58ms, mfu 1.90%
iter 4050: loss 0.2813, time 421.16ms, mfu 1.88%
iter 4051: loss 0.2606, time 384.45ms, mfu 1.87%
iter 4052: loss 0.3118, time 501.53ms, mfu 1.83%
iter 4053: loss 0.2654, time 345.84ms, mfu 1.85%
iter 4054: loss 0.2572, time 298.93ms, mfu 1.90%
iter 4055: loss 0.2858, time 480.68ms, mfu 1.86%
iter 4056: loss 0.2795, time 436.33ms, mfu 1.83%
iter 4057: loss 0.2592, time 410.16ms, mfu 1.82%
iter 4058: loss 0.2367, time 335.08ms, mfu 1.85%
iter 4059: loss 0.2573, time 454.17ms, mfu 1.82%
iter 4060: loss 0.2628, time 274.45ms, mfu 1.90%
iter 4061: loss 0.2627, time 326.39ms, mfu 1.93%
iter 4062: loss 0.2352, time 474.96ms, mfu 1.88%
iter 4063: loss 0.2622, time 287.36ms, mfu 1.94%
iter 4064: loss 0.2681, time 387.19ms, mfu 1.93%
iter 4065: loss 0.2632, time 393.67ms, mfu 1.92%
iter 4066: loss 0.2471, time 345.87ms, mfu 1.93%
iter 4067: loss 0.2961, time 516.12ms, mfu 1.87%
iter 4068: loss 0.2749, time 378.14ms, mfu 1.87%
iter 4069: loss 0.2949, time 271.79ms, mfu 1.95%
iter 4070: loss 0.2755, time 374.86ms, mfu 1.94%
iter 4071: loss 0.2598, time 431.04ms, mfu 1.91%
iter 4072: loss 0.2909, time 201.08ms, mfu 2.07%
iter 4073: loss 0.2747, time 296.17ms, mfu 2.11%
iter 4074: loss 0.2719, time 511.03ms, mfu 2.03%
iter 4075: loss 0.2798, time 216.25ms, mfu 2.16%
iter 4076: loss 0.2621, time 367.39ms, mfu 2.14%
iter 4077: loss 0.2534, time 379.25ms, mfu 2.11%
iter 4078: loss 0.2504, time 234.37ms, mfu 2.20%
iter 4079: loss 0.2703, time 273.45ms, mfu 2.24%
iter 4080: loss 0.2861, time 493.08ms, mfu 2.16%
iter 4081: loss 0.2479, time 358.57ms, mfu 2.14%
iter 4082: loss 0.2565, time 247.84ms, mfu 2.21%
iter 4083: loss 0.2551, time 401.70ms, mfu 2.17%
iter 4084: loss 0.2663, time 320.10ms, mfu 2.17%
iter 4085: loss 0.2780, time 292.96ms, mfu 2.20%
iter 4086: loss 0.2783, time 245.31ms, mfu 2.27%
iter 4087: loss 0.2942, time 365.81ms, mfu 2.23%
iter 4088: loss 0.3017, time 352.65ms, mfu 2.21%
iter 4089: loss 0.2569, time 525.42ms, mfu 2.12%
iter 4090: loss 0.2694, time 236.38ms, mfu 2.21%
iter 4091: loss 0.3183, time 547.43ms, mfu 2.12%
iter 4092: loss 0.2481, time 256.75ms, mfu 2.18%
iter 4093: loss 0.2631, time 539.42ms, mfu 2.10%
iter 4094: loss 0.2799, time 324.60ms, mfu 2.11%
iter 4095: loss 0.2642, time 332.15ms, mfu 2.11%
iter 4096: loss 0.2436, time 427.82ms, mfu 2.06%
iter 4097: loss 0.2724, time 371.55ms, mfu 2.05%
iter 4098: loss 0.2867, time 466.26ms, mfu 2.00%
iter 4099: loss 0.3029, time 392.42ms, mfu 1.98%
iter 4100: loss 0.2762, time 626.89ms, mfu 1.89%
  === DIAG iter 4100 ===
  loss: 0.2762
  grads: total 1.0000, transformer 0.2652, adapter 0.9642
  <NUM> input tokens: 574/3072 (18.7%)
  lr: 5.66e-04
  SME accuracy: overall 0.796, sign 0.977, exp 0.955, digit 0.684 [d0 0.830 d1 0.739 d2 0.489] (442 SME tokens)
iter 4101: loss 0.2655, time 156.67ms, mfu 2.15%
iter 4102: loss 0.2891, time 299.48ms, mfu 2.18%
iter 4103: loss 0.2825, time 513.85ms, mfu 2.10%
iter 4104: loss 0.3074, time 291.17ms, mfu 2.13%
iter 4105: loss 0.2849, time 425.01ms, mfu 2.08%
iter 4106: loss 0.2880, time 484.43ms, mfu 2.02%
iter 4107: loss 0.2975, time 370.50ms, mfu 2.01%
iter 4108: loss 0.2946, time 415.06ms, mfu 1.98%
iter 4109: loss 0.2633, time 413.13ms, mfu 1.95%
iter 4110: loss 0.2558, time 408.01ms, mfu 1.93%
iter 4111: loss 0.3065, time 369.37ms, mfu 1.93%
iter 4112: loss 0.2578, time 371.64ms, mfu 1.93%
iter 4113: loss 0.2708, time 265.74ms, mfu 2.00%
iter 4114: loss 0.2789, time 330.35ms, mfu 2.02%
iter 4115: loss 0.2534, time 361.13ms, mfu 2.01%
iter 4116: loss 0.2413, time 372.14ms, mfu 2.00%
iter 4117: loss 0.2533, time 368.02ms, mfu 1.99%
iter 4118: loss 0.3075, time 359.49ms, mfu 1.99%
iter 4119: loss 0.2955, time 521.38ms, mfu 1.93%
iter 4120: loss 0.2497, time 256.98ms, mfu 2.01%
iter 4121: loss 0.2552, time 520.18ms, mfu 1.95%
iter 4122: loss 0.2434, time 297.35ms, mfu 1.99%
iter 4123: loss 0.2806, time 347.13ms, mfu 1.99%
iter 4124: loss 0.2473, time 237.22ms, mfu 2.09%
iter 4125: loss 0.2504, time 456.06ms, mfu 2.04%
iter 4126: loss 0.2708, time 338.05ms, mfu 2.05%
iter 4127: loss 0.2553, time 343.62ms, mfu 2.05%
iter 4128: loss 0.2890, time 390.37ms, mfu 2.02%
iter 4129: loss 0.3100, time 267.00ms, mfu 2.09%
iter 4130: loss 0.2648, time 355.37ms, mfu 2.08%
iter 4131: loss 0.2844, time 249.57ms, mfu 2.15%
iter 4132: loss 0.2512, time 385.51ms, mfu 2.12%
iter 4133: loss 0.3018, time 454.20ms, mfu 2.07%
iter 4134: loss 0.2711, time 412.60ms, mfu 2.03%
iter 4135: loss 0.3002, time 298.64ms, mfu 2.07%
iter 4136: loss 0.2527, time 414.84ms, mfu 2.03%
iter 4137: loss 0.2687, time 359.59ms, mfu 2.02%
iter 4138: loss 0.2504, time 344.02ms, mfu 2.03%
iter 4139: loss 0.2976, time 375.92ms, mfu 2.01%
iter 4140: loss 0.2568, time 441.89ms, mfu 1.97%
iter 4141: loss 0.2674, time 316.21ms, mfu 2.00%
iter 4142: loss 0.2799, time 314.38ms, mfu 2.02%
iter 4143: loss 0.2621, time 501.65ms, mfu 1.96%
iter 4144: loss 0.2533, time 438.07ms, mfu 1.93%
iter 4145: loss 0.2799, time 441.14ms, mfu 1.90%
iter 4146: loss 0.2705, time 241.17ms, mfu 2.00%
iter 4147: loss 0.2764, time 325.29ms, mfu 2.02%
iter 4148: loss 0.2661, time 343.86ms, mfu 2.02%
iter 4149: loss 0.2647, time 371.17ms, mfu 2.01%
iter 4150: loss 0.2645, time 421.77ms, mfu 1.98%
iter 4151: loss 0.2473, time 326.19ms, mfu 2.00%
iter 4152: loss 0.2617, time 336.44ms, mfu 2.01%
iter 4153: loss 0.2599, time 440.43ms, mfu 1.97%
iter 4154: loss 0.2538, time 315.41ms, mfu 2.00%
iter 4155: loss 0.2486, time 506.28ms, mfu 1.94%
iter 4156: loss 0.2517, time 368.29ms, mfu 1.94%
iter 4157: loss 0.2944, time 349.07ms, mfu 1.95%
iter 4158: loss 0.2649, time 321.38ms, mfu 1.97%
iter 4159: loss 0.2639, time 417.30ms, mfu 1.94%
iter 4160: loss 0.3404, time 274.59ms, mfu 2.01%
iter 4161: loss 0.3031, time 310.28ms, mfu 2.04%
iter 4162: loss 0.2563, time 261.86ms, mfu 2.10%
iter 4163: loss 0.2734, time 347.07ms, mfu 2.10%
iter 4164: loss 0.2796, time 483.37ms, mfu 2.03%
iter 4165: loss 0.2827, time 405.12ms, mfu 2.00%
iter 4166: loss 0.2882, time 437.01ms, mfu 1.97%
iter 4167: loss 0.2637, time 325.87ms, mfu 1.99%
iter 4168: loss 0.2815, time 287.57ms, mfu 2.04%
iter 4169: loss 0.2489, time 303.49ms, mfu 2.07%
iter 4170: loss 0.2766, time 390.91ms, mfu 2.04%
iter 4171: loss 0.2809, time 242.38ms, mfu 2.13%
iter 4172: loss 0.2745, time 403.69ms, mfu 2.09%
iter 4173: loss 0.3021, time 448.11ms, mfu 2.04%
iter 4174: loss 0.2659, time 413.86ms, mfu 2.01%
iter 4175: loss 0.2579, time 451.24ms, mfu 1.96%
iter 4176: loss 0.2779, time 453.42ms, mfu 1.92%
iter 4177: loss 0.2650, time 417.37ms, mfu 1.90%
iter 4178: loss 0.2524, time 450.17ms, mfu 1.87%
iter 4179: loss 0.2334, time 360.92ms, mfu 1.88%
iter 4180: loss 0.2590, time 315.01ms, mfu 1.92%
iter 4181: loss 0.2432, time 327.45ms, mfu 1.94%
iter 4182: loss 0.2795, time 423.18ms, mfu 1.91%
iter 4183: loss 0.2504, time 346.50ms, mfu 1.93%
iter 4184: loss 0.2491, time 359.09ms, mfu 1.93%
iter 4185: loss 0.2764, time 457.58ms, mfu 1.89%
iter 4186: loss 0.2580, time 309.32ms, mfu 1.93%
iter 4187: loss 0.2576, time 453.19ms, mfu 1.90%
iter 4188: loss 0.2527, time 528.63ms, mfu 1.84%
iter 4189: loss 0.2767, time 321.12ms, mfu 1.88%
iter 4190: loss 0.2532, time 326.74ms, mfu 1.91%
iter 4191: loss 0.2958, time 443.07ms, mfu 1.88%
iter 4192: loss 0.2476, time 476.67ms, mfu 1.84%
iter 4193: loss 0.2519, time 350.09ms, mfu 1.86%
iter 4194: loss 0.2464, time 348.53ms, mfu 1.87%
iter 4195: loss 0.2746, time 380.64ms, mfu 1.87%
iter 4196: loss 0.2725, time 350.59ms, mfu 1.89%
iter 4197: loss 0.2772, time 429.07ms, mfu 1.86%
iter 4198: loss 0.2905, time 491.97ms, mfu 1.82%
iter 4199: loss 0.2593, time 448.08ms, mfu 1.80%
iter 4200: loss 0.2721, time 532.14ms, mfu 1.75%
  === DIAG iter 4200 ===
  loss: 0.2721
  grads: total 1.0000, transformer 0.1966, adapter 0.9805
  <NUM> input tokens: 637/3072 (20.7%)
  lr: 5.63e-04
  SME accuracy: overall 0.818, sign 0.978, exp 0.947, digit 0.723 [d0 0.849 d1 0.763 d2 0.602] (472 SME tokens)
iter 4201: loss 0.2751, time 175.39ms, mfu 1.98%
iter 4202: loss 0.2783, time 325.37ms, mfu 2.00%
iter 4203: loss 0.3074, time 349.75ms, mfu 2.00%
iter 4204: loss 0.2672, time 378.66ms, mfu 1.99%
iter 4205: loss 0.2713, time 450.24ms, mfu 1.95%
iter 4206: loss 0.3164, time 250.83ms, mfu 2.04%
iter 4207: loss 0.2589, time 361.30ms, mfu 2.03%
iter 4208: loss 0.2665, time 395.36ms, mfu 2.00%
iter 4209: loss 0.2731, time 386.49ms, mfu 1.99%
iter 4210: loss 0.2799, time 359.47ms, mfu 1.99%
iter 4211: loss 0.2584, time 430.52ms, mfu 1.95%
iter 4212: loss 0.2649, time 408.52ms, mfu 1.93%
iter 4213: loss 0.2864, time 327.37ms, mfu 1.95%
iter 4214: loss 0.3187, time 362.37ms, mfu 1.95%
iter 4215: loss 0.2597, time 333.90ms, mfu 1.97%
iter 4216: loss 0.2931, time 356.37ms, mfu 1.97%
iter 4217: loss 0.2656, time 366.10ms, mfu 1.97%
iter 4218: loss 0.3303, time 354.25ms, mfu 1.97%
iter 4219: loss 0.2777, time 489.33ms, mfu 1.92%
iter 4220: loss 0.2906, time 291.55ms, mfu 1.97%
iter 4221: loss 0.2513, time 416.81ms, mfu 1.94%
iter 4222: loss 0.2698, time 427.93ms, mfu 1.91%
iter 4223: loss 0.2517, time 321.75ms, mfu 1.94%
iter 4224: loss 0.2700, time 329.56ms, mfu 1.96%
iter 4225: loss 0.2644, time 403.40ms, mfu 1.94%
iter 4226: loss 0.2556, time 399.04ms, mfu 1.93%
iter 4227: loss 0.2930, time 440.81ms, mfu 1.89%
iter 4228: loss 0.2692, time 475.78ms, mfu 1.85%
iter 4229: loss 0.2685, time 476.28ms, mfu 1.82%
iter 4230: loss 0.2326, time 434.45ms, mfu 1.80%
iter 4231: loss 0.2718, time 382.59ms, mfu 1.80%
iter 4232: loss 0.2596, time 255.53ms, mfu 1.90%
iter 4233: loss 0.2662, time 446.22ms, mfu 1.87%
iter 4234: loss 0.2482, time 410.91ms, mfu 1.86%
iter 4235: loss 0.2588, time 416.30ms, mfu 1.84%
iter 4236: loss 0.2571, time 384.63ms, mfu 1.84%
iter 4237: loss 0.2990, time 224.63ms, mfu 1.97%
iter 4238: loss 0.2788, time 502.76ms, mfu 1.92%
iter 4239: loss 0.2291, time 479.79ms, mfu 1.87%
iter 4240: loss 0.2570, time 369.60ms, mfu 1.88%
iter 4241: loss 0.2681, time 406.42ms, mfu 1.86%
iter 4242: loss 0.2740, time 414.50ms, mfu 1.85%
iter 4243: loss 0.2707, time 277.61ms, mfu 1.92%
iter 4244: loss 0.2802, time 347.32ms, mfu 1.93%
iter 4245: loss 0.2679, time 341.11ms, mfu 1.95%
iter 4246: loss 0.2540, time 411.69ms, mfu 1.92%
iter 4247: loss 0.2864, time 393.90ms, mfu 1.91%
iter 4248: loss 0.2943, time 376.10ms, mfu 1.91%
iter 4249: loss 0.2923, time 371.14ms, mfu 1.91%
iter 4250: loss 0.2549, time 473.49ms, mfu 1.87%
iter 4251: loss 0.2869, time 459.59ms, mfu 1.83%
iter 4252: loss 0.2870, time 394.08ms, mfu 1.83%
iter 4253: loss 0.2374, time 333.23ms, mfu 1.86%
iter 4254: loss 0.2852, time 345.32ms, mfu 1.88%
iter 4255: loss 0.2289, time 495.85ms, mfu 1.83%
iter 4256: loss 0.2553, time 320.57ms, mfu 1.87%
iter 4257: loss 0.2407, time 241.96ms, mfu 1.98%
iter 4258: loss 0.2799, time 512.40ms, mfu 1.92%
iter 4259: loss 0.2364, time 314.89ms, mfu 1.95%
iter 4260: loss 0.2596, time 408.27ms, mfu 1.93%
iter 4261: loss 0.2430, time 328.74ms, mfu 1.95%
iter 4262: loss 0.2485, time 458.80ms, mfu 1.91%
iter 4263: loss 0.2537, time 288.91ms, mfu 1.97%
iter 4264: loss 0.2790, time 562.60ms, mfu 1.90%
iter 4265: loss 0.2402, time 391.87ms, mfu 1.89%
iter 4266: loss 0.2418, time 468.44ms, mfu 1.85%
iter 4267: loss 0.2486, time 318.75ms, mfu 1.89%
iter 4268: loss 0.2826, time 365.40ms, mfu 1.89%
iter 4269: loss 0.2750, time 323.05ms, mfu 1.92%
iter 4270: loss 0.3006, time 325.63ms, mfu 1.95%
iter 4271: loss 0.2697, time 424.50ms, mfu 1.92%
iter 4272: loss 0.2551, time 350.75ms, mfu 1.93%
iter 4273: loss 0.2589, time 428.97ms, mfu 1.90%
iter 4274: loss 0.3021, time 357.86ms, mfu 1.91%
iter 4275: loss 0.2685, time 492.91ms, mfu 1.86%
iter 4276: loss 0.2984, time 475.86ms, mfu 1.83%
iter 4277: loss 0.2783, time 307.47ms, mfu 1.87%
iter 4278: loss 0.2603, time 288.86ms, mfu 1.93%
iter 4279: loss 0.2551, time 351.11ms, mfu 1.94%
iter 4280: loss 0.2211, time 343.24ms, mfu 1.95%
iter 4281: loss 0.2647, time 332.83ms, mfu 1.97%
iter 4282: loss 0.2898, time 388.09ms, mfu 1.96%
iter 4283: loss 0.2531, time 312.94ms, mfu 1.99%
iter 4284: loss 0.2922, time 321.70ms, mfu 2.01%
iter 4285: loss 0.2877, time 381.98ms, mfu 1.99%
iter 4286: loss 0.2931, time 322.69ms, mfu 2.01%
iter 4287: loss 0.2952, time 298.41ms, mfu 2.05%
iter 4288: loss 0.2645, time 401.61ms, mfu 2.02%
iter 4289: loss 0.2425, time 440.01ms, mfu 1.98%
iter 4290: loss 0.2663, time 457.42ms, mfu 1.94%
iter 4291: loss 0.2763, time 297.79ms, mfu 1.98%
iter 4292: loss 0.2419, time 383.92ms, mfu 1.97%
iter 4293: loss 0.2666, time 355.38ms, mfu 1.97%
iter 4294: loss 0.2635, time 425.33ms, mfu 1.94%
iter 4295: loss 0.2439, time 258.32ms, mfu 2.02%
iter 4296: loss 0.2603, time 285.85ms, mfu 2.07%
iter 4297: loss 0.2520, time 427.20ms, mfu 2.03%
iter 4298: loss 0.2529, time 316.14ms, mfu 2.05%
iter 4299: loss 0.2273, time 369.57ms, mfu 2.03%
iter 4300: loss 0.2740, time 522.37ms, mfu 1.97%
  === DIAG iter 4300 ===
  loss: 0.2740
  grads: total 0.3991, transformer 0.1457, adapter 0.3716
  <NUM> input tokens: 654/3072 (21.3%)
  lr: 5.59e-04
  SME accuracy: overall 0.786, sign 0.951, exp 0.988, digit 0.668 [d0 0.827 d1 0.704 d2 0.519] (416 SME tokens)
iter 4301: loss 0.2320, time 174.91ms, mfu 2.17%
iter 4302: loss 0.2407, time 379.82ms, mfu 2.14%
iter 4303: loss 0.2523, time 398.39ms, mfu 2.11%
iter 4304: loss 0.2578, time 232.86ms, mfu 2.20%
iter 4305: loss 0.2269, time 321.10ms, mfu 2.20%
iter 4306: loss 0.2769, time 456.76ms, mfu 2.14%
iter 4307: loss 0.2873, time 303.46ms, mfu 2.16%
iter 4308: loss 0.2664, time 243.90ms, mfu 2.23%
iter 4309: loss 0.2466, time 511.11ms, mfu 2.15%
iter 4310: loss 0.2524, time 291.15ms, mfu 2.18%
iter 4311: loss 0.2507, time 371.35ms, mfu 2.15%
iter 4312: loss 0.2878, time 369.21ms, mfu 2.13%
iter 4313: loss 0.2616, time 504.01ms, mfu 2.05%
iter 4314: loss 0.2544, time 418.35ms, mfu 2.02%
iter 4315: loss 0.2819, time 350.80ms, mfu 2.02%
iter 4316: loss 0.2570, time 388.26ms, mfu 2.00%
iter 4317: loss 0.2610, time 464.31ms, mfu 1.95%
iter 4318: loss 0.2903, time 406.08ms, mfu 1.93%
iter 4319: loss 0.2640, time 461.34ms, mfu 1.89%
iter 4320: loss 0.2713, time 387.58ms, mfu 1.89%
iter 4321: loss 0.2868, time 449.15ms, mfu 1.85%
iter 4322: loss 0.2784, time 367.98ms, mfu 1.86%
iter 4323: loss 0.2531, time 385.42ms, mfu 1.86%
iter 4324: loss 0.2659, time 297.57ms, mfu 1.91%
iter 4325: loss 0.2547, time 393.10ms, mfu 1.90%
iter 4326: loss 0.2601, time 275.31ms, mfu 1.97%
iter 4327: loss 0.2609, time 392.48ms, mfu 1.95%
iter 4328: loss 0.2843, time 506.41ms, mfu 1.90%
iter 4329: loss 0.2777, time 255.25ms, mfu 1.98%
iter 4330: loss 0.2709, time 307.01ms, mfu 2.02%
iter 4331: loss 0.2604, time 251.94ms, mfu 2.10%
iter 4332: loss 0.2638, time 475.42ms, mfu 2.04%
iter 4333: loss 0.2704, time 362.31ms, mfu 2.03%
iter 4334: loss 0.2510, time 309.95ms, mfu 2.05%
iter 4335: loss 0.2543, time 387.29ms, mfu 2.03%
iter 4336: loss 0.2945, time 332.19ms, mfu 2.04%
iter 4337: loss 0.2517, time 321.61ms, mfu 2.06%
iter 4338: loss 0.2849, time 384.47ms, mfu 2.04%
iter 4339: loss 0.2573, time 443.01ms, mfu 1.99%
iter 4340: loss 0.2736, time 261.72ms, mfu 2.06%
iter 4341: loss 0.2705, time 524.30ms, mfu 1.99%
iter 4342: loss 0.2485, time 410.05ms, mfu 1.97%
iter 4343: loss 0.2435, time 370.72ms, mfu 1.96%
iter 4344: loss 0.2904, time 441.06ms, mfu 1.93%
iter 4345: loss 0.2786, time 485.38ms, mfu 1.88%
iter 4346: loss 0.2587, time 347.44ms, mfu 1.90%
iter 4347: loss 0.2668, time 301.41ms, mfu 1.94%
iter 4348: loss 0.2857, time 315.87ms, mfu 1.97%
iter 4349: loss 0.2914, time 385.90ms, mfu 1.96%
iter 4350: loss 0.2821, time 336.17ms, mfu 1.97%
iter 4351: loss 0.2872, time 422.14ms, mfu 1.94%
iter 4352: loss 0.2747, time 453.54ms, mfu 1.91%
iter 4353: loss 0.2947, time 436.79ms, mfu 1.88%
iter 4354: loss 0.3110, time 362.19ms, mfu 1.88%
iter 4355: loss 0.2645, time 437.22ms, mfu 1.86%
iter 4356: loss 0.2584, time 257.07ms, mfu 1.95%
iter 4357: loss 0.2462, time 412.56ms, mfu 1.93%
iter 4358: loss 0.2601, time 308.33ms, mfu 1.96%
iter 4359: loss 0.2494, time 271.88ms, mfu 2.03%
iter 4360: loss 0.2616, time 396.52ms, mfu 2.00%
iter 4361: loss 0.2650, time 296.73ms, mfu 2.04%
iter 4362: loss 0.2533, time 433.42ms, mfu 2.00%
iter 4363: loss 0.2738, time 468.32ms, mfu 1.95%
iter 4364: loss 0.2829, time 279.24ms, mfu 2.01%
iter 4365: loss 0.2531, time 258.12ms, mfu 2.08%
iter 4366: loss 0.2933, time 464.47ms, mfu 2.03%
iter 4367: loss 0.2865, time 353.49ms, mfu 2.03%
iter 4368: loss 0.2573, time 329.04ms, mfu 2.04%
iter 4369: loss 0.2647, time 399.75ms, mfu 2.01%
iter 4370: loss 0.2544, time 249.56ms, mfu 2.10%
iter 4371: loss 0.2528, time 443.00ms, mfu 2.05%
iter 4372: loss 0.2542, time 255.65ms, mfu 2.12%
iter 4373: loss 0.2892, time 282.53ms, mfu 2.16%
iter 4374: loss 0.2623, time 313.51ms, mfu 2.17%
iter 4375: loss 0.2679, time 302.83ms, mfu 2.18%
iter 4376: loss 0.2893, time 420.00ms, mfu 2.14%
iter 4377: loss 0.2945, time 336.84ms, mfu 2.13%
iter 4378: loss 0.2865, time 264.90ms, mfu 2.19%
iter 4379: loss 0.2561, time 427.42ms, mfu 2.13%
iter 4380: loss 0.2666, time 381.04ms, mfu 2.11%
iter 4381: loss 0.2871, time 373.56ms, mfu 2.09%
iter 4382: loss 0.2375, time 280.92ms, mfu 2.13%
iter 4383: loss 0.2561, time 431.53ms, mfu 2.08%
iter 4384: loss 0.2521, time 373.61ms, mfu 2.06%
iter 4385: loss 0.2443, time 391.71ms, mfu 2.04%
iter 4386: loss 0.2497, time 377.01ms, mfu 2.02%
iter 4387: loss 0.2440, time 499.23ms, mfu 1.96%
iter 4388: loss 0.2805, time 405.47ms, mfu 1.94%
iter 4389: loss 0.2577, time 393.99ms, mfu 1.93%
iter 4390: loss 0.2385, time 346.45ms, mfu 1.94%
iter 4391: loss 0.2460, time 374.85ms, mfu 1.93%
iter 4392: loss 0.2239, time 302.18ms, mfu 1.97%
iter 4393: loss 0.2461, time 338.21ms, mfu 1.99%
iter 4394: loss 0.2808, time 366.13ms, mfu 1.98%
iter 4395: loss 0.2654, time 238.73ms, mfu 2.08%
iter 4396: loss 0.2647, time 408.68ms, mfu 2.05%
iter 4397: loss 0.2538, time 449.87ms, mfu 2.00%
iter 4398: loss 0.2841, time 347.48ms, mfu 2.00%
iter 4399: loss 0.2817, time 491.65ms, mfu 1.95%
iter 4400: loss 0.2588, time 523.37ms, mfu 1.89%
  === DIAG iter 4400 ===
  loss: 0.2588
  grads: total 1.0000, transformer 0.1463, adapter 0.9892
  <NUM> input tokens: 637/3072 (20.7%)
  lr: 5.56e-04
  SME accuracy: overall 0.836, sign 0.988, exp 0.988, digit 0.737 [d0 0.877 d1 0.815 d2 0.568] (409 SME tokens)
iter 4401: loss 0.2793, time 205.98ms, mfu 2.04%
iter 4402: loss 0.2807, time 366.56ms, mfu 2.03%
iter 4403: loss 0.2831, time 523.67ms, mfu 1.96%
iter 4404: loss 0.2962, time 387.46ms, mfu 1.95%
iter 4405: loss 0.2689, time 331.99ms, mfu 1.97%
iter 4406: loss 0.2478, time 393.08ms, mfu 1.95%
iter 4407: loss 0.2587, time 517.93ms, mfu 1.89%
iter 4408: loss 0.2772, time 413.39ms, mfu 1.88%
iter 4409: loss 0.2458, time 455.34ms, mfu 1.84%
iter 4410: loss 0.2407, time 272.81ms, mfu 1.92%
iter 4411: loss 0.2627, time 469.35ms, mfu 1.88%
iter 4412: loss 0.2823, time 310.17ms, mfu 1.92%
iter 4413: loss 0.2779, time 415.33ms, mfu 1.90%
iter 4414: loss 0.2553, time 399.11ms, mfu 1.89%
iter 4415: loss 0.2424, time 463.54ms, mfu 1.85%
iter 4416: loss 0.2612, time 384.45ms, mfu 1.85%
iter 4417: loss 0.2436, time 484.19ms, mfu 1.81%
iter 4418: loss 0.2554, time 458.56ms, mfu 1.78%
iter 4419: loss 0.2454, time 361.01ms, mfu 1.80%
iter 4420: loss 0.2888, time 308.26ms, mfu 1.85%
iter 4421: loss 0.2565, time 467.06ms, mfu 1.82%
iter 4422: loss 0.2710, time 450.67ms, mfu 1.79%
iter 4423: loss 0.2622, time 411.01ms, mfu 1.79%
iter 4424: loss 0.2771, time 391.86ms, mfu 1.79%
iter 4425: loss 0.2553, time 473.92ms, mfu 1.76%
iter 4426: loss 0.2673, time 484.16ms, mfu 1.73%
iter 4427: loss 0.2683, time 351.59ms, mfu 1.76%
iter 4428: loss 0.2778, time 582.35ms, mfu 1.70%
iter 4429: loss 0.2666, time 378.52ms, mfu 1.72%
iter 4430: loss 0.2814, time 420.39ms, mfu 1.72%
iter 4431: loss 0.2646, time 350.40ms, mfu 1.75%
iter 4432: loss 0.2504, time 380.19ms, mfu 1.76%
iter 4433: loss 0.2780, time 387.37ms, mfu 1.77%
iter 4434: loss 0.2477, time 430.71ms, mfu 1.75%
iter 4435: loss 0.2623, time 408.55ms, mfu 1.75%
iter 4436: loss 0.2555, time 351.06ms, mfu 1.78%
iter 4437: loss 0.2491, time 420.31ms, mfu 1.77%
iter 4438: loss 0.2713, time 463.16ms, mfu 1.75%
iter 4439: loss 0.2301, time 364.84ms, mfu 1.77%
iter 4440: loss 0.2807, time 318.87ms, mfu 1.81%
iter 4441: loss 0.2609, time 380.99ms, mfu 1.82%
iter 4442: loss 0.2348, time 255.71ms, mfu 1.91%
iter 4443: loss 0.2315, time 266.60ms, mfu 1.99%
iter 4444: loss 0.2484, time 407.19ms, mfu 1.96%
iter 4445: loss 0.2717, time 258.74ms, mfu 2.04%
iter 4446: loss 0.2861, time 447.53ms, mfu 1.99%
iter 4447: loss 0.2466, time 344.96ms, mfu 2.00%
iter 4448: loss 0.2980, time 470.27ms, mfu 1.95%
iter 4449: loss 0.2608, time 438.32ms, mfu 1.92%
iter 4450: loss 0.2780, time 303.97ms, mfu 1.96%
iter 4451: loss 0.2254, time 300.59ms, mfu 2.00%
iter 4452: loss 0.2752, time 451.74ms, mfu 1.96%
iter 4453: loss 0.2292, time 413.41ms, mfu 1.93%
iter 4454: loss 0.2457, time 323.22ms, mfu 1.96%
iter 4455: loss 0.2426, time 395.14ms, mfu 1.94%
iter 4456: loss 0.2691, time 299.97ms, mfu 1.98%
iter 4457: loss 0.2574, time 372.36ms, mfu 1.98%
iter 4458: loss 0.2625, time 350.21ms, mfu 1.98%
iter 4459: loss 0.2910, time 340.97ms, mfu 1.99%
iter 4460: loss 0.2595, time 314.08ms, mfu 2.02%
iter 4461: loss 0.2584, time 333.40ms, mfu 2.03%
iter 4462: loss 0.2612, time 417.26ms, mfu 1.99%
iter 4463: loss 0.2572, time 384.35ms, mfu 1.98%
iter 4464: loss 0.2430, time 515.93ms, mfu 1.92%
iter 4465: loss 0.2320, time 364.39ms, mfu 1.92%
iter 4466: loss 0.2853, time 423.73ms, mfu 1.90%
iter 4467: loss 0.2364, time 444.09ms, mfu 1.87%
iter 4468: loss 0.2494, time 420.22ms, mfu 1.85%
iter 4469: loss 0.2893, time 401.83ms, mfu 1.84%
iter 4470: loss 0.2611, time 288.98ms, mfu 1.90%
iter 4471: loss 0.2687, time 392.32ms, mfu 1.89%
iter 4472: loss 0.2699, time 442.34ms, mfu 1.86%
iter 4473: loss 0.2779, time 328.95ms, mfu 1.89%
iter 4474: loss 0.2819, time 371.75ms, mfu 1.89%
iter 4475: loss 0.2816, time 271.69ms, mfu 1.97%
iter 4476: loss 0.2712, time 448.64ms, mfu 1.93%
iter 4477: loss 0.2488, time 434.39ms, mfu 1.90%
iter 4478: loss 0.2867, time 354.12ms, mfu 1.91%
iter 4479: loss 0.2384, time 404.75ms, mfu 1.89%
iter 4480: loss 0.2392, time 396.08ms, mfu 1.88%
iter 4481: loss 0.2511, time 427.84ms, mfu 1.86%
iter 4482: loss 0.2666, time 426.36ms, mfu 1.84%
iter 4483: loss 0.2611, time 341.70ms, mfu 1.86%
iter 4484: loss 0.2514, time 312.85ms, mfu 1.90%
iter 4485: loss 0.2751, time 364.06ms, mfu 1.91%
iter 4486: loss 0.2958, time 408.35ms, mfu 1.89%
iter 4487: loss 0.2409, time 415.63ms, mfu 1.87%
iter 4488: loss 0.2425, time 434.17ms, mfu 1.85%
iter 4489: loss 0.2653, time 302.26ms, mfu 1.90%
iter 4490: loss 0.2481, time 431.71ms, mfu 1.87%
iter 4491: loss 0.2578, time 259.54ms, mfu 1.96%
iter 4492: loss 0.2662, time 449.61ms, mfu 1.92%
iter 4493: loss 0.2585, time 374.99ms, mfu 1.92%
iter 4494: loss 0.2467, time 345.20ms, mfu 1.93%
iter 4495: loss 0.2591, time 251.24ms, mfu 2.02%
iter 4496: loss 0.2473, time 363.04ms, mfu 2.01%
iter 4497: loss 0.2575, time 310.17ms, mfu 2.04%
iter 4498: loss 0.2541, time 378.73ms, mfu 2.02%
iter 4499: loss 0.2711, time 403.11ms, mfu 2.00%
iter 4500: loss 0.2877, time 603.00ms, mfu 1.91%
  === DIAG iter 4500 ===
  loss: 0.2877
  grads: total 0.9269, transformer 0.2114, adapter 0.9025
  <NUM> input tokens: 643/3072 (20.9%)
  lr: 5.52e-04
  SME accuracy: overall 0.811, sign 0.972, exp 0.972, digit 0.704 [d0 0.841 d1 0.701 d2 0.579] (534 SME tokens)
iter 4501: loss 0.2651, time 229.10ms, mfu 2.03%
iter 4502: loss 0.2863, time 313.89ms, mfu 2.05%
iter 4503: loss 0.2409, time 400.13ms, mfu 2.03%
iter 4504: loss 0.2595, time 360.91ms, mfu 2.02%
iter 4505: loss 0.2360, time 408.28ms, mfu 1.99%
iter 4506: loss 0.2237, time 549.25ms, mfu 1.92%
iter 4507: loss 0.2383, time 418.56ms, mfu 1.90%
iter 4508: loss 0.2845, time 451.15ms, mfu 1.87%
iter 4509: loss 0.2571, time 357.71ms, mfu 1.88%
iter 4510: loss 0.2696, time 372.17ms, mfu 1.88%
iter 4511: loss 0.2638, time 316.68ms, mfu 1.92%
iter 4512: loss 0.2434, time 442.17ms, mfu 1.88%
iter 4513: loss 0.2773, time 346.00ms, mfu 1.90%
iter 4514: loss 0.2595, time 408.20ms, mfu 1.88%
iter 4515: loss 0.2246, time 257.24ms, mfu 1.97%
iter 4516: loss 0.2706, time 380.88ms, mfu 1.96%
iter 4517: loss 0.2864, time 473.55ms, mfu 1.91%
iter 4518: loss 0.2543, time 283.90ms, mfu 1.97%
iter 4519: loss 0.2837, time 356.07ms, mfu 1.97%
iter 4520: loss 0.2497, time 329.28ms, mfu 1.99%
iter 4521: loss 0.2448, time 347.99ms, mfu 2.00%
iter 4522: loss 0.2594, time 287.10ms, mfu 2.04%
iter 4523: loss 0.2948, time 371.88ms, mfu 2.03%
iter 4524: loss 0.2765, time 331.40ms, mfu 2.04%
iter 4525: loss 0.2610, time 483.10ms, mfu 1.98%
iter 4526: loss 0.2545, time 363.40ms, mfu 1.98%
iter 4527: loss 0.2569, time 319.24ms, mfu 2.00%
iter 4528: loss 0.2482, time 318.29ms, mfu 2.03%
iter 4529: loss 0.2222, time 342.12ms, mfu 2.03%
iter 4530: loss 0.2513, time 329.24ms, mfu 2.04%
iter 4531: loss 0.2421, time 441.32ms, mfu 2.00%
iter 4532: loss 0.2557, time 299.89ms, mfu 2.04%
iter 4533: loss 0.2626, time 323.48ms, mfu 2.05%
iter 4534: loss 0.2561, time 316.41ms, mfu 2.07%
iter 4535: loss 0.2439, time 278.33ms, mfu 2.12%
iter 4536: loss 0.2764, time 277.73ms, mfu 2.16%
iter 4537: loss 0.2500, time 521.95ms, mfu 2.08%
iter 4538: loss 0.2607, time 345.06ms, mfu 2.08%
iter 4539: loss 0.2400, time 434.75ms, mfu 2.03%
iter 4540: loss 0.2505, time 404.04ms, mfu 2.01%
iter 4541: loss 0.2755, time 345.27ms, mfu 2.01%
iter 4542: loss 0.2574, time 580.20ms, mfu 1.93%
iter 4543: loss 0.2186, time 331.44ms, mfu 1.95%
iter 4544: loss 0.2526, time 315.87ms, mfu 1.98%
iter 4545: loss 0.2694, time 312.88ms, mfu 2.01%
iter 4546: loss 0.2409, time 382.25ms, mfu 1.99%
iter 4547: loss 0.2466, time 355.43ms, mfu 1.99%
iter 4548: loss 0.2357, time 351.80ms, mfu 2.00%
iter 4549: loss 0.2525, time 415.30ms, mfu 1.97%
iter 4550: loss 0.2859, time 301.08ms, mfu 2.01%
iter 4551: loss 0.2647, time 388.85ms, mfu 1.99%
iter 4552: loss 0.2433, time 420.29ms, mfu 1.96%
iter 4553: loss 0.2748, time 281.55ms, mfu 2.01%
iter 4554: loss 0.2681, time 426.77ms, mfu 1.98%
iter 4555: loss 0.2467, time 330.68ms, mfu 1.99%
iter 4556: loss 0.2692, time 450.02ms, mfu 1.95%
iter 4557: loss 0.2694, time 365.26ms, mfu 1.95%
iter 4558: loss 0.2197, time 478.08ms, mfu 1.90%
iter 4559: loss 0.2487, time 423.67ms, mfu 1.88%
iter 4560: loss 0.2396, time 333.71ms, mfu 1.91%
iter 4561: loss 0.2304, time 482.13ms, mfu 1.86%
iter 4562: loss 0.2430, time 172.56ms, mfu 2.09%
iter 4563: loss 0.2420, time 335.24ms, mfu 2.09%
iter 4564: loss 0.2858, time 347.46ms, mfu 2.08%
iter 4565: loss 0.2639, time 292.01ms, mfu 2.12%
iter 4566: loss 0.2528, time 370.87ms, mfu 2.10%
iter 4567: loss 0.2415, time 495.47ms, mfu 2.03%
iter 4568: loss 0.2520, time 362.48ms, mfu 2.02%
iter 4569: loss 0.2546, time 350.71ms, mfu 2.02%
iter 4570: loss 0.2677, time 341.93ms, mfu 2.03%
iter 4571: loss 0.2596, time 522.29ms, mfu 1.96%
iter 4572: loss 0.2604, time 368.34ms, mfu 1.96%
iter 4573: loss 0.2779, time 467.10ms, mfu 1.91%
iter 4574: loss 0.2469, time 331.69ms, mfu 1.94%
iter 4575: loss 0.2304, time 331.06ms, mfu 1.96%
iter 4576: loss 0.2968, time 443.45ms, mfu 1.92%
iter 4577: loss 0.2949, time 454.16ms, mfu 1.88%
iter 4578: loss 0.2448, time 298.48ms, mfu 1.93%
iter 4579: loss 0.2745, time 352.52ms, mfu 1.94%
iter 4580: loss 0.2849, time 488.57ms, mfu 1.89%
iter 4581: loss 0.2987, time 361.12ms, mfu 1.90%
iter 4582: loss 0.2766, time 589.39ms, mfu 1.83%
iter 4583: loss 0.2666, time 298.98ms, mfu 1.88%
iter 4584: loss 0.2716, time 401.00ms, mfu 1.87%
iter 4585: loss 0.2461, time 372.12ms, mfu 1.88%
iter 4586: loss 0.2744, time 307.09ms, mfu 1.92%
iter 4587: loss 0.2783, time 446.36ms, mfu 1.89%
iter 4588: loss 0.2480, time 325.33ms, mfu 1.91%
iter 4589: loss 0.2606, time 453.63ms, mfu 1.88%
iter 4590: loss 0.2613, time 370.62ms, mfu 1.88%
iter 4591: loss 0.2826, time 374.86ms, mfu 1.88%
iter 4592: loss 0.2869, time 485.02ms, mfu 1.84%
iter 4593: loss 0.2843, time 484.34ms, mfu 1.80%
iter 4594: loss 0.2604, time 391.64ms, mfu 1.80%
iter 4595: loss 0.2765, time 387.99ms, mfu 1.81%
iter 4596: loss 0.3017, time 322.44ms, mfu 1.85%
iter 4597: loss 0.2675, time 431.92ms, mfu 1.83%
iter 4598: loss 0.3031, time 473.20ms, mfu 1.79%
iter 4599: loss 0.2282, time 323.49ms, mfu 1.83%
iter 4600: loss 0.2730, time 696.46ms, mfu 1.75%
  === DIAG iter 4600 ===
  loss: 0.2730
  grads: total 0.7835, transformer 0.1553, adapter 0.7679
  <NUM> input tokens: 581/3072 (18.9%)
  lr: 5.48e-04
  SME accuracy: overall 0.854, sign 0.975, exp 0.975, digit 0.771 [d0 0.917 d1 0.800 d2 0.583] (596 SME tokens)
iter 4601: loss 0.2443, time 224.99ms, mfu 1.89%
iter 4602: loss 0.2671, time 154.27ms, mfu 2.16%
iter 4603: loss 0.2735, time 486.73ms, mfu 2.09%
iter 4604: loss 0.2721, time 277.29ms, mfu 2.14%
iter 4605: loss 0.3016, time 504.11ms, mfu 2.06%
iter 4606: loss 0.2669, time 398.13ms, mfu 2.04%
iter 4607: loss 0.2613, time 359.20ms, mfu 2.03%
iter 4608: loss 0.2433, time 343.99ms, mfu 2.03%
iter 4609: loss 0.2745, time 393.47ms, mfu 2.01%
iter 4610: loss 0.2501, time 356.46ms, mfu 2.01%
iter 4611: loss 0.2761, time 326.70ms, mfu 2.02%
iter 4612: loss 0.2513, time 498.49ms, mfu 1.96%
iter 4613: loss 0.2907, time 344.97ms, mfu 1.97%
iter 4614: loss 0.2367, time 393.57ms, mfu 1.96%
iter 4615: loss 0.2510, time 372.89ms, mfu 1.95%
iter 4616: loss 0.2414, time 502.27ms, mfu 1.90%
iter 4617: loss 0.2505, time 429.54ms, mfu 1.87%
iter 4618: loss 0.2581, time 489.53ms, mfu 1.83%
iter 4619: loss 0.2363, time 436.95ms, mfu 1.81%
iter 4620: loss 0.2844, time 398.10ms, mfu 1.81%
iter 4621: loss 0.2833, time 435.12ms, mfu 1.79%
iter 4622: loss 0.2611, time 373.47ms, mfu 1.80%
iter 4623: loss 0.2556, time 293.24ms, mfu 1.86%
iter 4624: loss 0.2447, time 360.68ms, mfu 1.87%
iter 4625: loss 0.2523, time 444.36ms, mfu 1.84%
iter 4626: loss 0.2429, time 322.78ms, mfu 1.88%
iter 4627: loss 0.2436, time 252.32ms, mfu 1.97%
iter 4628: loss 0.2865, time 464.72ms, mfu 1.93%
iter 4629: loss 0.2541, time 286.34ms, mfu 1.98%
iter 4630: loss 0.2377, time 386.88ms, mfu 1.97%
iter 4631: loss 0.2642, time 201.36ms, mfu 2.12%
iter 4632: loss 0.2648, time 506.80ms, mfu 2.05%
iter 4633: loss 0.2345, time 324.68ms, mfu 2.06%
iter 4634: loss 0.2889, time 335.06ms, mfu 2.07%
iter 4635: loss 0.2361, time 521.71ms, mfu 2.00%
iter 4636: loss 0.2499, time 402.91ms, mfu 1.97%
iter 4637: loss 0.2314, time 369.41ms, mfu 1.97%
iter 4638: loss 0.2174, time 395.12ms, mfu 1.95%
iter 4639: loss 0.2397, time 283.64ms, mfu 2.01%
iter 4640: loss 0.2553, time 374.39ms, mfu 1.99%
iter 4641: loss 0.2344, time 446.56ms, mfu 1.95%
iter 4642: loss 0.2346, time 384.69ms, mfu 1.94%
iter 4643: loss 0.2328, time 494.66ms, mfu 1.89%
iter 4644: loss 0.2526, time 406.99ms, mfu 1.88%
iter 4645: loss 0.2567, time 350.32ms, mfu 1.89%
iter 4646: loss 0.2544, time 415.46ms, mfu 1.87%
iter 4647: loss 0.2745, time 352.11ms, mfu 1.89%
iter 4648: loss 0.2480, time 382.57ms, mfu 1.88%
iter 4649: loss 0.2847, time 296.81ms, mfu 1.93%
iter 4650: loss 0.2371, time 367.07ms, mfu 1.93%
iter 4651: loss 0.2585, time 388.86ms, mfu 1.92%
iter 4652: loss 0.2560, time 366.68ms, mfu 1.92%
iter 4653: loss 0.2862, time 347.19ms, mfu 1.94%
iter 4654: loss 0.2781, time 391.80ms, mfu 1.92%
iter 4655: loss 0.2421, time 408.72ms, mfu 1.90%
iter 4656: loss 0.2613, time 440.36ms, mfu 1.87%
iter 4657: loss 0.2390, time 391.97ms, mfu 1.87%
iter 4658: loss 0.2563, time 348.82ms, mfu 1.88%
iter 4659: loss 0.2790, time 394.21ms, mfu 1.88%
iter 4660: loss 0.2586, time 380.87ms, mfu 1.87%
iter 4661: loss 0.2550, time 352.29ms, mfu 1.89%
iter 4662: loss 0.2922, time 422.53ms, mfu 1.87%
iter 4663: loss 0.2596, time 298.23ms, mfu 1.92%
iter 4664: loss 0.2556, time 415.18ms, mfu 1.90%
iter 4665: loss 0.2571, time 433.44ms, mfu 1.87%
iter 4666: loss 0.2567, time 537.75ms, mfu 1.82%
iter 4667: loss 0.2488, time 283.16ms, mfu 1.88%
iter 4668: loss 0.2680, time 413.06ms, mfu 1.87%
iter 4669: loss 0.2588, time 519.14ms, mfu 1.82%
iter 4670: loss 0.2551, time 398.23ms, mfu 1.81%
iter 4671: loss 0.2639, time 418.27ms, mfu 1.80%
iter 4672: loss 0.2726, time 473.67ms, mfu 1.77%
iter 4673: loss 0.2471, time 295.78ms, mfu 1.83%
iter 4674: loss 0.2656, time 316.24ms, mfu 1.87%
iter 4675: loss 0.2355, time 392.49ms, mfu 1.87%
iter 4676: loss 0.2727, time 268.56ms, mfu 1.94%
iter 4677: loss 0.2583, time 327.62ms, mfu 1.97%
iter 4678: loss 0.2484, time 343.22ms, mfu 1.98%
iter 4679: loss 0.2654, time 300.31ms, mfu 2.01%
iter 4680: loss 0.2672, time 363.22ms, mfu 2.01%
iter 4681: loss 0.2432, time 247.96ms, mfu 2.09%
iter 4682: loss 0.2522, time 396.40ms, mfu 2.06%
iter 4683: loss 0.2636, time 369.85ms, mfu 2.05%
iter 4684: loss 0.3012, time 498.75ms, mfu 1.99%
iter 4685: loss 0.2583, time 404.62ms, mfu 1.96%
iter 4686: loss 0.2350, time 310.25ms, mfu 1.99%
iter 4687: loss 0.2408, time 301.06ms, mfu 2.03%
iter 4688: loss 0.2430, time 327.42ms, mfu 2.04%
iter 4689: loss 0.2465, time 436.52ms, mfu 2.00%
iter 4690: loss 0.2263, time 358.51ms, mfu 2.00%
iter 4691: loss 0.2558, time 423.34ms, mfu 1.97%
iter 4692: loss 0.2329, time 300.53ms, mfu 2.01%
iter 4693: loss 0.2762, time 360.19ms, mfu 2.00%
iter 4694: loss 0.2548, time 348.07ms, mfu 2.01%
iter 4695: loss 0.2596, time 450.81ms, mfu 1.96%
iter 4696: loss 0.2496, time 359.29ms, mfu 1.96%
iter 4697: loss 0.2651, time 296.17ms, mfu 2.01%
iter 4698: loss 0.2913, time 606.73ms, mfu 1.92%
iter 4699: loss 0.2655, time 400.28ms, mfu 1.91%
iter 4700: loss 0.2460, time 541.07ms, mfu 1.85%
  === DIAG iter 4700 ===
  loss: 0.2460
  grads: total 0.4222, transformer 0.1289, adapter 0.4020
  <NUM> input tokens: 661/3072 (21.5%)
  lr: 5.45e-04
  SME accuracy: overall 0.844, sign 0.978, exp 0.978, digit 0.754 [d0 0.882 d1 0.828 d2 0.538] (461 SME tokens)
iter 4701: loss 0.2650, time 156.57ms, mfu 2.12%
iter 4702: loss 0.2541, time 342.63ms, mfu 2.11%
iter 4703: loss 0.2562, time 279.27ms, mfu 2.15%
iter 4704: loss 0.2527, time 330.32ms, mfu 2.15%
iter 4705: loss 0.2263, time 457.92ms, mfu 2.09%
iter 4706: loss 0.3097, time 275.35ms, mfu 2.14%
iter 4707: loss 0.2464, time 443.24ms, mfu 2.09%
iter 4708: loss 0.2741, time 434.11ms, mfu 2.04%
iter 4709: loss 0.2548, time 460.60ms, mfu 1.99%
iter 4710: loss 0.2433, time 238.44ms, mfu 2.09%
iter 4711: loss 0.2547, time 359.93ms, mfu 2.08%
iter 4712: loss 0.2562, time 361.42ms, mfu 2.07%
iter 4713: loss 0.2910, time 477.95ms, mfu 2.01%
iter 4714: loss 0.2554, time 311.20ms, mfu 2.03%
iter 4715: loss 0.2689, time 362.06ms, mfu 2.03%
iter 4716: loss 0.2559, time 302.66ms, mfu 2.06%
iter 4717: loss 0.2696, time 346.78ms, mfu 2.06%
iter 4718: loss 0.2642, time 418.70ms, mfu 2.02%
iter 4719: loss 0.2640, time 289.46ms, mfu 2.06%
iter 4720: loss 0.2589, time 494.12ms, mfu 2.00%
iter 4721: loss 0.2517, time 486.50ms, mfu 1.95%
iter 4722: loss 0.2537, time 257.39ms, mfu 2.03%
iter 4723: loss 0.2577, time 475.29ms, mfu 1.97%
iter 4724: loss 0.2796, time 384.00ms, mfu 1.96%
iter 4725: loss 0.2534, time 331.06ms, mfu 1.98%
iter 4726: loss 0.2647, time 405.55ms, mfu 1.96%
iter 4727: loss 0.2661, time 347.38ms, mfu 1.96%
iter 4728: loss 0.2372, time 441.59ms, mfu 1.93%
iter 4729: loss 0.2655, time 316.67ms, mfu 1.96%
iter 4730: loss 0.2371, time 287.65ms, mfu 2.01%
iter 4731: loss 0.2690, time 374.21ms, mfu 2.00%
iter 4732: loss 0.2471, time 363.71ms, mfu 1.99%
iter 4733: loss 0.2529, time 426.84ms, mfu 1.96%
iter 4734: loss 0.2210, time 579.26ms, mfu 1.89%
iter 4735: loss 0.2365, time 348.76ms, mfu 1.90%
iter 4736: loss 0.2420, time 391.25ms, mfu 1.89%
iter 4737: loss 0.2649, time 369.90ms, mfu 1.89%
iter 4738: loss 0.2474, time 302.62ms, mfu 1.94%
iter 4739: loss 0.2390, time 434.56ms, mfu 1.91%
iter 4740: loss 0.2556, time 279.54ms, mfu 1.97%
iter 4741: loss 0.2330, time 426.84ms, mfu 1.94%
iter 4742: loss 0.2728, time 375.93ms, mfu 1.93%
iter 4743: loss 0.2447, time 367.35ms, mfu 1.93%
iter 4744: loss 0.2418, time 342.37ms, mfu 1.95%
iter 4745: loss 0.2640, time 345.66ms, mfu 1.96%
iter 4746: loss 0.2573, time 432.73ms, mfu 1.93%
iter 4747: loss 0.2425, time 368.47ms, mfu 1.93%
iter 4748: loss 0.2662, time 294.13ms, mfu 1.97%
iter 4749: loss 0.2558, time 418.84ms, mfu 1.95%
iter 4750: loss 0.2635, time 376.66ms, mfu 1.94%
iter 4751: loss 0.3000, time 371.61ms, mfu 1.94%
iter 4752: loss 0.2777, time 413.45ms, mfu 1.91%
iter 4753: loss 0.2430, time 339.58ms, mfu 1.93%
iter 4754: loss 0.2281, time 373.14ms, mfu 1.93%
iter 4755: loss 0.2527, time 555.62ms, mfu 1.86%
iter 4756: loss 0.2826, time 233.19ms, mfu 1.98%
iter 4757: loss 0.2533, time 381.73ms, mfu 1.97%
iter 4758: loss 0.2848, time 432.93ms, mfu 1.93%
iter 4759: loss 0.2535, time 377.84ms, mfu 1.93%
iter 4760: loss 0.2483, time 291.62ms, mfu 1.98%
iter 4761: loss 0.2440, time 304.99ms, mfu 2.01%
iter 4762: loss 0.2456, time 471.94ms, mfu 1.96%
iter 4763: loss 0.2634, time 485.09ms, mfu 1.91%
iter 4764: loss 0.2755, time 282.56ms, mfu 1.97%
iter 4765: loss 0.2432, time 404.57ms, mfu 1.95%
iter 4766: loss 0.2508, time 425.11ms, mfu 1.92%
iter 4767: loss 0.2445, time 441.27ms, mfu 1.89%
iter 4768: loss 0.2552, time 265.23ms, mfu 1.97%
iter 4769: loss 0.2502, time 416.00ms, mfu 1.94%
iter 4770: loss 0.2758, time 268.15ms, mfu 2.01%
iter 4771: loss 0.2298, time 547.85ms, mfu 1.94%
iter 4772: loss 0.2394, time 330.39ms, mfu 1.96%
iter 4773: loss 0.2548, time 384.58ms, mfu 1.95%
iter 4774: loss 0.2995, time 350.99ms, mfu 1.96%
iter 4775: loss 0.2489, time 314.75ms, mfu 1.99%
iter 4776: loss 0.2709, time 320.71ms, mfu 2.01%
iter 4777: loss 0.2545, time 360.01ms, mfu 2.00%
iter 4778: loss 0.2563, time 259.10ms, mfu 2.08%
iter 4779: loss 0.2593, time 359.19ms, mfu 2.07%
iter 4780: loss 0.2781, time 528.04ms, mfu 1.99%
iter 4781: loss 0.2568, time 211.58ms, mfu 2.13%
iter 4782: loss 0.2409, time 457.62ms, mfu 2.07%
iter 4783: loss 0.2720, time 338.57ms, mfu 2.07%
iter 4784: loss 0.2334, time 559.87ms, mfu 1.99%
iter 4785: loss 0.2220, time 463.94ms, mfu 1.95%
iter 4786: loss 0.2350, time 503.11ms, mfu 1.89%
iter 4787: loss 0.2778, time 413.77ms, mfu 1.87%
iter 4788: loss 0.2514, time 408.62ms, mfu 1.86%
iter 4789: loss 0.2757, time 496.41ms, mfu 1.82%
iter 4790: loss 0.2319, time 452.99ms, mfu 1.79%
iter 4791: loss 0.2761, time 331.65ms, mfu 1.83%
iter 4792: loss 0.2452, time 353.76ms, mfu 1.84%
iter 4793: loss 0.2302, time 324.04ms, mfu 1.88%
iter 4794: loss 0.2337, time 452.43ms, mfu 1.85%
iter 4795: loss 0.2707, time 407.43ms, mfu 1.84%
iter 4796: loss 0.2521, time 298.91ms, mfu 1.89%
iter 4797: loss 0.2390, time 384.34ms, mfu 1.89%
iter 4798: loss 0.2878, time 404.59ms, mfu 1.87%
iter 4799: loss 0.2519, time 298.44ms, mfu 1.92%
iter 4800: loss 0.2420, time 686.75ms, mfu 1.83%
  === DIAG iter 4800 ===
  loss: 0.2420
  grads: total 0.2644, transformer 0.1091, adapter 0.2409
  <NUM> input tokens: 646/3072 (21.0%)
  lr: 5.41e-04
  SME accuracy: overall 0.900, sign 1.000, exp 0.973, digit 0.842 [d0 0.945 d1 0.855 d2 0.727] (550 SME tokens)
iter 4801: loss 0.2270, time 229.59ms, mfu 1.96%
iter 4802: loss 0.2396, time 361.49ms, mfu 1.96%
iter 4803: loss 0.2518, time 319.74ms, mfu 1.98%
iter 4804: loss 0.2759, time 434.03ms, mfu 1.95%
iter 4805: loss 0.2187, time 367.63ms, mfu 1.95%
iter 4806: loss 0.2557, time 250.72ms, mfu 2.04%
iter 4807: loss 0.2770, time 307.63ms, mfu 2.06%
iter 4808: loss 0.2511, time 366.07ms, mfu 2.05%
iter 4809: loss 0.2384, time 531.93ms, mfu 1.98%
iter 4810: loss 0.2455, time 306.29ms, mfu 2.01%
iter 4811: loss 0.2497, time 456.92ms, mfu 1.97%
iter 4812: loss 0.2557, time 362.24ms, mfu 1.96%
iter 4813: loss 0.2253, time 385.15ms, mfu 1.95%
iter 4814: loss 0.2804, time 405.75ms, mfu 1.93%
iter 4815: loss 0.2248, time 308.20ms, mfu 1.97%
iter 4816: loss 0.2536, time 267.10ms, mfu 2.04%
iter 4817: loss 0.2516, time 547.48ms, mfu 1.96%
iter 4818: loss 0.2469, time 509.12ms, mfu 1.91%
iter 4819: loss 0.2480, time 457.28ms, mfu 1.87%
iter 4820: loss 0.2463, time 358.93ms, mfu 1.88%
iter 4821: loss 0.2622, time 353.30ms, mfu 1.89%
iter 4822: loss 0.2557, time 309.62ms, mfu 1.93%
iter 4823: loss 0.2590, time 366.38ms, mfu 1.93%
iter 4824: loss 0.2675, time 391.96ms, mfu 1.92%
iter 4825: loss 0.2695, time 329.84ms, mfu 1.94%
iter 4826: loss 0.2423, time 439.19ms, mfu 1.91%
iter 4827: loss 0.3042, time 325.36ms, mfu 1.94%
iter 4828: loss 0.2699, time 444.60ms, mfu 1.90%
iter 4829: loss 0.2789, time 292.97ms, mfu 1.95%
iter 4830: loss 0.2603, time 546.04ms, mfu 1.89%
iter 4831: loss 0.2850, time 415.76ms, mfu 1.87%
iter 4832: loss 0.2676, time 353.11ms, mfu 1.88%
iter 4833: loss 0.2529, time 516.57ms, mfu 1.83%
iter 4834: loss 0.2575, time 456.89ms, mfu 1.80%
iter 4835: loss 0.2802, time 253.00ms, mfu 1.90%
iter 4836: loss 0.2560, time 380.13ms, mfu 1.90%
iter 4837: loss 0.2566, time 425.16ms, mfu 1.88%
iter 4838: loss 0.2817, time 422.78ms, mfu 1.86%
iter 4839: loss 0.2860, time 390.22ms, mfu 1.85%
iter 4840: loss 0.2494, time 425.09ms, mfu 1.83%
iter 4841: loss 0.2641, time 441.82ms, mfu 1.81%
iter 4842: loss 0.2876, time 498.73ms, mfu 1.77%
iter 4843: loss 0.2529, time 348.17ms, mfu 1.80%
iter 4844: loss 0.2446, time 474.22ms, mfu 1.77%
iter 4845: loss 0.2393, time 446.04ms, mfu 1.75%
iter 4846: loss 0.2352, time 265.38ms, mfu 1.84%
iter 4847: loss 0.2516, time 367.34ms, mfu 1.85%
iter 4848: loss 0.2681, time 488.61ms, mfu 1.81%
iter 4849: loss 0.2660, time 401.72ms, mfu 1.81%
iter 4850: loss 0.2467, time 407.88ms, mfu 1.80%
iter 4851: loss 0.2397, time 263.62ms, mfu 1.89%
iter 4852: loss 0.2708, time 393.43ms, mfu 1.88%
iter 4853: loss 0.2436, time 346.33ms, mfu 1.90%
iter 4854: loss 0.2455, time 382.05ms, mfu 1.89%
iter 4855: loss 0.2399, time 413.23ms, mfu 1.87%
iter 4856: loss 0.2642, time 341.20ms, mfu 1.89%
iter 4857: loss 0.2584, time 272.92ms, mfu 1.96%
iter 4858: loss 0.2417, time 243.21ms, mfu 2.06%
iter 4859: loss 0.2455, time 486.79ms, mfu 2.00%
iter 4860: loss 0.2372, time 334.64ms, mfu 2.01%
iter 4861: loss 0.2391, time 456.19ms, mfu 1.97%
iter 4862: loss 0.2362, time 396.37ms, mfu 1.95%
iter 4863: loss 0.2518, time 402.06ms, mfu 1.93%
iter 4864: loss 0.2490, time 294.75ms, mfu 1.98%
iter 4865: loss 0.2673, time 359.77ms, mfu 1.98%
iter 4866: loss 0.2399, time 400.16ms, mfu 1.96%
iter 4867: loss 0.2408, time 395.44ms, mfu 1.94%
iter 4868: loss 0.2598, time 351.03ms, mfu 1.95%
iter 4869: loss 0.3128, time 400.42ms, mfu 1.93%
iter 4870: loss 0.2455, time 400.35ms, mfu 1.91%
iter 4871: loss 0.2594, time 382.73ms, mfu 1.91%
iter 4872: loss 0.2676, time 333.09ms, mfu 1.93%
iter 4873: loss 0.2437, time 328.57ms, mfu 1.95%
iter 4874: loss 0.2421, time 400.20ms, mfu 1.93%
iter 4875: loss 0.2835, time 353.36ms, mfu 1.94%
iter 4876: loss 0.2922, time 438.53ms, mfu 1.91%
iter 4877: loss 0.2700, time 449.82ms, mfu 1.88%
iter 4878: loss 0.2439, time 285.33ms, mfu 1.94%
iter 4879: loss 0.2648, time 304.08ms, mfu 1.98%
iter 4880: loss 0.2771, time 275.51ms, mfu 2.04%
iter 4881: loss 0.2450, time 457.72ms, mfu 1.99%
iter 4882: loss 0.2556, time 298.96ms, mfu 2.03%
iter 4883: loss 0.2332, time 447.72ms, mfu 1.98%
iter 4884: loss 0.2515, time 346.04ms, mfu 1.99%
iter 4885: loss 0.2444, time 381.78ms, mfu 1.97%
iter 4886: loss 0.2797, time 224.37ms, mfu 2.09%
iter 4887: loss 0.2730, time 312.35ms, mfu 2.11%
iter 4888: loss 0.2573, time 516.99ms, mfu 2.04%
iter 4889: loss 0.2555, time 271.38ms, mfu 2.09%
iter 4890: loss 0.2655, time 533.11ms, mfu 2.02%
iter 4891: loss 0.2799, time 353.04ms, mfu 2.02%
iter 4892: loss 0.2783, time 397.45ms, mfu 1.99%
iter 4893: loss 0.2752, time 424.56ms, mfu 1.96%
iter 4894: loss 0.2811, time 373.73ms, mfu 1.95%
iter 4895: loss 0.2330, time 451.03ms, mfu 1.92%
iter 4896: loss 0.2656, time 542.65ms, mfu 1.86%
iter 4897: loss 0.2445, time 426.48ms, mfu 1.84%
iter 4898: loss 0.2683, time 397.91ms, mfu 1.83%
iter 4899: loss 0.2747, time 397.22ms, mfu 1.83%
iter 4900: loss 0.2334, time 789.51ms, mfu 1.73%
  === DIAG iter 4900 ===
  loss: 0.2334
  grads: total 0.7556, transformer 0.1402, adapter 0.7425
  <NUM> input tokens: 673/3072 (21.9%)
  lr: 5.36e-04
  SME accuracy: overall 0.881, sign 1.000, exp 0.968, digit 0.813 [d0 0.914 d1 0.806 d2 0.731] (469 SME tokens)
iter 4901: loss 0.2469, time 190.54ms, mfu 1.93%
iter 4902: loss 0.2412, time 348.57ms, mfu 1.94%
iter 4903: loss 0.2590, time 497.81ms, mfu 1.89%
iter 4904: loss 0.2627, time 344.34ms, mfu 1.91%
iter 4905: loss 0.2799, time 381.36ms, mfu 1.90%
iter 4906: loss 0.2568, time 443.91ms, mfu 1.87%
iter 4907: loss 0.2359, time 395.49ms, mfu 1.86%
iter 4908: loss 0.2866, time 374.05ms, mfu 1.87%
iter 4909: loss 0.2365, time 416.09ms, mfu 1.85%
iter 4910: loss 0.2689, time 314.37ms, mfu 1.89%
iter 4911: loss 0.2856, time 434.50ms, mfu 1.86%
iter 4912: loss 0.2696, time 341.68ms, mfu 1.89%
iter 4913: loss 0.2444, time 370.95ms, mfu 1.89%
iter 4914: loss 0.2353, time 429.24ms, mfu 1.86%
iter 4915: loss 0.2559, time 355.99ms, mfu 1.88%
iter 4916: loss 0.2378, time 396.11ms, mfu 1.87%
iter 4917: loss 0.2384, time 391.72ms, mfu 1.86%
iter 4918: loss 0.2713, time 300.59ms, mfu 1.91%
iter 4919: loss 0.2494, time 393.92ms, mfu 1.90%
iter 4920: loss 0.2921, time 501.35ms, mfu 1.85%
iter 4921: loss 0.2823, time 473.82ms, mfu 1.82%
iter 4922: loss 0.2626, time 410.75ms, mfu 1.81%
iter 4923: loss 0.2576, time 237.61ms, mfu 1.92%
iter 4924: loss 0.2356, time 499.52ms, mfu 1.87%
iter 4925: loss 0.2950, time 320.84ms, mfu 1.91%
iter 4926: loss 0.3193, time 421.61ms, mfu 1.88%
iter 4927: loss 0.2531, time 427.47ms, mfu 1.86%
iter 4928: loss 0.2850, time 275.42ms, mfu 1.93%
iter 4929: loss 0.3568, time 405.51ms, mfu 1.91%
iter 4930: loss 0.3153, time 392.64ms, mfu 1.90%
iter 4931: loss 0.2881, time 389.37ms, mfu 1.90%
iter 4932: loss 0.2587, time 373.68ms, mfu 1.90%
iter 4933: loss 0.2787, time 391.38ms, mfu 1.89%
iter 4934: loss 0.2982, time 365.36ms, mfu 1.89%
iter 4935: loss 0.2477, time 367.19ms, mfu 1.90%
iter 4936: loss 0.2435, time 388.35ms, mfu 1.89%
iter 4937: loss 0.2537, time 370.69ms, mfu 1.89%
iter 4938: loss 0.2727, time 250.24ms, mfu 1.99%
iter 4939: loss 0.2617, time 390.60ms, mfu 1.97%
iter 4940: loss 0.2607, time 369.35ms, mfu 1.96%
iter 4941: loss 0.2665, time 320.43ms, mfu 1.99%
iter 4942: loss 0.2516, time 348.55ms, mfu 1.99%
iter 4943: loss 0.2352, time 387.31ms, mfu 1.98%
iter 4944: loss 0.2671, time 379.34ms, mfu 1.97%
iter 4945: loss 0.2593, time 489.80ms, mfu 1.91%
iter 4946: loss 0.2768, time 376.92ms, mfu 1.91%
iter 4947: loss 0.2558, time 364.04ms, mfu 1.91%
iter 4948: loss 0.2495, time 454.45ms, mfu 1.88%
iter 4949: loss 0.2333, time 462.29ms, mfu 1.84%
iter 4950: loss 0.2622, time 366.67ms, mfu 1.85%
iter 4951: loss 0.2911, time 319.89ms, mfu 1.89%
iter 4952: loss 0.2530, time 440.44ms, mfu 1.86%
iter 4953: loss 0.2394, time 400.49ms, mfu 1.85%
iter 4954: loss 0.2825, time 433.52ms, mfu 1.83%
iter 4955: loss 0.2444, time 286.70ms, mfu 1.89%
iter 4956: loss 0.2858, time 414.65ms, mfu 1.88%
iter 4957: loss 0.2435, time 351.13ms, mfu 1.89%
iter 4958: loss 0.2524, time 239.06ms, mfu 2.00%
iter 4959: loss 0.2260, time 401.20ms, mfu 1.97%
iter 4960: loss 0.2582, time 243.31ms, mfu 2.07%
iter 4961: loss 0.2607, time 316.19ms, mfu 2.09%
iter 4962: loss 0.2589, time 423.13ms, mfu 2.04%
iter 4963: loss 0.2344, time 249.01ms, mfu 2.12%
iter 4964: loss 0.2341, time 286.49ms, mfu 2.16%
iter 4965: loss 0.2424, time 570.14ms, mfu 2.07%
iter 4966: loss 0.2552, time 329.55ms, mfu 2.08%
iter 4967: loss 0.2774, time 374.49ms, mfu 2.06%
iter 4968: loss 0.2768, time 312.73ms, mfu 2.08%
iter 4969: loss 0.2687, time 373.52ms, mfu 2.06%
iter 4970: loss 0.2513, time 346.95ms, mfu 2.06%
iter 4971: loss 0.2378, time 456.18ms, mfu 2.01%
iter 4972: loss 0.2563, time 423.14ms, mfu 1.97%
iter 4973: loss 0.2701, time 377.32ms, mfu 1.97%
iter 4974: loss 0.2394, time 339.78ms, mfu 1.98%
iter 4975: loss 0.2514, time 410.88ms, mfu 1.95%
iter 4976: loss 0.2464, time 538.83ms, mfu 1.89%
iter 4977: loss 0.2407, time 366.03ms, mfu 1.89%
iter 4978: loss 0.2589, time 349.56ms, mfu 1.91%
iter 4979: loss 0.2621, time 411.49ms, mfu 1.89%
iter 4980: loss 0.2594, time 389.70ms, mfu 1.88%
iter 4981: loss 0.2486, time 304.33ms, mfu 1.93%
iter 4982: loss 0.2758, time 540.35ms, mfu 1.86%
iter 4983: loss 0.2531, time 341.47ms, mfu 1.89%
iter 4984: loss 0.2520, time 464.16ms, mfu 1.85%
iter 4985: loss 0.2275, time 344.35ms, mfu 1.87%
iter 4986: loss 0.2465, time 462.96ms, mfu 1.84%
iter 4987: loss 0.2277, time 359.01ms, mfu 1.85%
iter 4988: loss 0.2316, time 412.45ms, mfu 1.84%
iter 4989: loss 0.2453, time 285.93ms, mfu 1.90%
iter 4990: loss 0.2639, time 439.70ms, mfu 1.87%
iter 4991: loss 0.2299, time 407.65ms, mfu 1.86%
iter 4992: loss 0.2749, time 433.69ms, mfu 1.84%
iter 4993: loss 0.2503, time 257.03ms, mfu 1.93%
iter 4994: loss 0.2625, time 507.85ms, mfu 1.88%
iter 4995: loss 0.2510, time 372.83ms, mfu 1.88%
iter 4996: loss 0.2788, time 329.44ms, mfu 1.91%
iter 4997: loss 0.2503, time 405.82ms, mfu 1.89%
iter 4998: loss 0.2380, time 483.43ms, mfu 1.85%
iter 4999: loss 0.2433, time 514.34ms, mfu 1.80%
step 5000: train loss 0.2491, val loss 0.2492
saving checkpoint to /tmpdir/m24047brmn/numbers/model_checkpoints/sme/ckpt_iter5000.pt
  new best val loss: 0.2492
iter 5000: loss 0.2446, time 11100.49ms, mfu 1.63%
  === DIAG iter 5000 ===
  loss: 0.2446
  grads: total 0.4273, transformer 0.1042, adapter 0.4145
  <NUM> input tokens: 708/3072 (23.0%)
  lr: 5.32e-04
  SME accuracy: overall 0.860, sign 0.981, exp 0.971, digit 0.783 [d0 0.894 d1 0.817 d2 0.663] (521 SME tokens)
  --- Sample eval (val) ---
  <169> <-4.9346> →
    target: 974
    pred:   135
    error:  839.00

  SORT: <-331.16> <600.4> <379> <713> <293> <795> →
    target: -331 293 379 600 712 795
    pred:   -331 293 379 600 712 794
    error:  0.00 0.00 0.00 0.00 0.00 1.00

  D0
    target: 4.13 5 193 399 830
    pred:   2.02 5 1.3 213 413
    error:  2.11 0.00 191.70 186.00 417.00

  COUNT: <8> <-880> <899> <861> <883.64> <-367> <629.4> <595.719> <272> <474> <-606.5> <508> <-630> →
    target: 13
    pred:   13
    error:  0.00

  ADD: <-795> + <162> →
    target: -633
    pred:   -632
    error:  1.00

iter 5001: loss 0.2269, time 233.23ms, mfu 1.77%
iter 5002: loss 0.2591, time 378.52ms, mfu 1.78%
iter 5003: loss 0.2339, time 502.43ms, mfu 1.74%
iter 5004: loss 0.2278, time 444.08ms, mfu 1.73%
iter 5005: loss 0.2548, time 369.79ms, mfu 1.75%
iter 5006: loss 0.2495, time 296.14ms, mfu 1.81%
iter 5007: loss 0.2437, time 327.71ms, mfu 1.85%
iter 5008: loss 0.2689, time 330.33ms, mfu 1.88%
iter 5009: loss 0.2404, time 350.57ms, mfu 1.89%
iter 5010: loss 0.2779, time 461.91ms, mfu 1.85%
iter 5011: loss 0.2692, time 331.60ms, mfu 1.88%
iter 5012: loss 0.2367, time 354.76ms, mfu 1.89%
iter 5013: loss 0.2489, time 340.89ms, mfu 1.91%
iter 5014: loss 0.2743, time 397.54ms, mfu 1.90%
iter 5015: loss 0.2440, time 396.16ms, mfu 1.89%
iter 5016: loss 0.2677, time 344.08ms, mfu 1.91%
iter 5017: loss 0.2308, time 369.03ms, mfu 1.91%
iter 5018: loss 0.2491, time 424.79ms, mfu 1.88%
iter 5019: loss 0.2938, time 242.72ms, mfu 1.99%
iter 5020: loss 0.2607, time 293.05ms, mfu 2.03%
iter 5021: loss 0.2561, time 369.93ms, mfu 2.02%
iter 5022: loss 0.2187, time 246.92ms, mfu 2.10%
iter 5023: loss 0.2568, time 454.15ms, mfu 2.05%
iter 5024: loss 0.2383, time 233.01ms, mfu 2.15%
iter 5025: loss 0.2586, time 272.85ms, mfu 2.19%
iter 5026: loss 0.2544, time 329.74ms, mfu 2.19%
iter 5027: loss 0.2604, time 360.35ms, mfu 2.17%
iter 5028: loss 0.2637, time 401.06ms, mfu 2.13%
iter 5029: loss 0.2460, time 300.21ms, mfu 2.15%
iter 5030: loss 0.2364, time 392.37ms, mfu 2.12%
iter 5031: loss 0.2618, time 364.82ms, mfu 2.10%
iter 5032: loss 0.2353, time 464.96ms, mfu 2.04%
iter 5033: loss 0.2880, time 327.48ms, mfu 2.05%
iter 5034: loss 0.2373, time 455.14ms, mfu 2.00%
iter 5035: loss 0.2175, time 477.38ms, mfu 1.95%
iter 5036: loss 0.2326, time 386.15ms, mfu 1.94%
iter 5037: loss 0.2540, time 330.65ms, mfu 1.96%
iter 5038: loss 0.2702, time 282.74ms, mfu 2.02%
iter 5039: loss 0.2393, time 408.38ms, mfu 1.99%
iter 5040: loss 0.2567, time 390.51ms, mfu 1.97%
iter 5041: loss 0.2414, time 296.35ms, mfu 2.01%
iter 5042: loss 0.2681, time 296.65ms, mfu 2.05%
iter 5043: loss 0.2774, time 246.15ms, mfu 2.13%
iter 5044: loss 0.2390, time 445.32ms, mfu 2.08%
iter 5045: loss 0.2580, time 355.27ms, mfu 2.07%
iter 5046: loss 0.2801, time 464.53ms, mfu 2.02%
iter 5047: loss 0.2451, time 370.00ms, mfu 2.01%
iter 5048: loss 0.2344, time 409.18ms, mfu 1.98%
iter 5049: loss 0.2479, time 301.34ms, mfu 2.02%
iter 5050: loss 0.2547, time 423.92ms, mfu 1.98%
iter 5051: loss 0.2841, time 457.93ms, mfu 1.94%
iter 5052: loss 0.2175, time 288.22ms, mfu 1.99%
iter 5053: loss 0.2421, time 340.80ms, mfu 2.00%
iter 5054: loss 0.2397, time 435.03ms, mfu 1.96%
iter 5055: loss 0.2594, time 319.04ms, mfu 1.99%
iter 5056: loss 0.2369, time 403.96ms, mfu 1.96%
iter 5057: loss 0.2520, time 359.90ms, mfu 1.97%
iter 5058: loss 0.2703, time 489.65ms, mfu 1.91%
iter 5059: loss 0.2354, time 350.86ms, mfu 1.92%
iter 5060: loss 0.2346, time 435.78ms, mfu 1.89%
iter 5061: loss 0.2550, time 411.42ms, mfu 1.88%
iter 5062: loss 0.2562, time 249.58ms, mfu 1.97%
iter 5063: loss 0.2828, time 355.39ms, mfu 1.98%
iter 5064: loss 0.2872, time 292.52ms, mfu 2.02%
iter 5065: loss 0.2480, time 379.61ms, mfu 2.00%
iter 5066: loss 0.2719, time 453.30ms, mfu 1.96%
iter 5067: loss 0.2609, time 233.81ms, mfu 2.07%
iter 5068: loss 0.2544, time 456.69ms, mfu 2.02%
iter 5069: loss 0.2596, time 229.56ms, mfu 2.12%
iter 5070: loss 0.2808, time 417.77ms, mfu 2.08%
iter 5071: loss 0.2506, time 368.86ms, mfu 2.06%
iter 5072: loss 0.2602, time 378.68ms, mfu 2.05%
iter 5073: loss 0.2589, time 326.26ms, mfu 2.06%
iter 5074: loss 0.2559, time 454.32ms, mfu 2.01%
iter 5075: loss 0.2772, time 442.47ms, mfu 1.97%
iter 5076: loss 0.2482, time 477.78ms, mfu 1.92%
iter 5077: loss 0.2500, time 253.33ms, mfu 2.01%
iter 5078: loss 0.2465, time 545.64ms, mfu 1.94%
iter 5079: loss 0.2466, time 404.55ms, mfu 1.92%
iter 5080: loss 0.2711, time 548.92ms, mfu 1.86%
iter 5081: loss 0.2281, time 397.63ms, mfu 1.85%
iter 5082: loss 0.2415, time 376.72ms, mfu 1.85%
iter 5083: loss 0.2504, time 295.13ms, mfu 1.91%
iter 5084: loss 0.2667, time 423.23ms, mfu 1.88%
iter 5085: loss 0.2850, time 315.94ms, mfu 1.92%
iter 5086: loss 0.2451, time 392.46ms, mfu 1.91%
iter 5087: loss 0.2658, time 391.63ms, mfu 1.90%
iter 5088: loss 0.2328, time 325.20ms, mfu 1.93%
iter 5089: loss 0.2476, time 350.98ms, mfu 1.94%
iter 5090: loss 0.2921, time 395.98ms, mfu 1.92%
iter 5091: loss 0.2607, time 444.39ms, mfu 1.89%
iter 5092: loss 0.2654, time 340.38ms, mfu 1.91%
iter 5093: loss 0.2803, time 440.46ms, mfu 1.88%
iter 5094: loss 0.2422, time 364.10ms, mfu 1.88%
iter 5095: loss 0.2732, time 355.59ms, mfu 1.90%
iter 5096: loss 0.2808, time 248.03ms, mfu 1.99%
iter 5097: loss 0.2775, time 360.51ms, mfu 1.99%
iter 5098: loss 0.2152, time 252.86ms, mfu 2.07%
iter 5099: loss 0.2330, time 414.96ms, mfu 2.03%
iter 5100: loss 0.2376, time 574.09ms, mfu 1.95%
  === DIAG iter 5100 ===
  loss: 0.2376
  grads: total 0.4122, transformer 0.1262, adapter 0.3924
  <NUM> input tokens: 660/3072 (21.5%)
  lr: 5.28e-04
  SME accuracy: overall 0.896, sign 0.989, exp 1.000, digit 0.831 [d0 0.912 d1 0.890 d2 0.769] (460 SME tokens)
iter 5101: loss 0.2388, time 174.85ms, mfu 2.16%
iter 5102: loss 0.2196, time 345.99ms, mfu 2.15%
iter 5103: loss 0.2629, time 366.66ms, mfu 2.13%
iter 5104: loss 0.2710, time 314.52ms, mfu 2.14%
iter 5105: loss 0.2382, time 478.16ms, mfu 2.08%
iter 5106: loss 0.2436, time 515.65ms, mfu 2.01%
iter 5107: loss 0.2580, time 368.36ms, mfu 2.00%
iter 5108: loss 0.2230, time 354.35ms, mfu 2.00%
iter 5109: loss 0.2323, time 318.67ms, mfu 2.02%
iter 5110: loss 0.2530, time 408.00ms, mfu 1.99%
iter 5111: loss 0.2662, time 308.61ms, mfu 2.02%
iter 5112: loss 0.2363, time 225.22ms, mfu 2.14%
iter 5113: loss 0.2445, time 333.48ms, mfu 2.13%
iter 5114: loss 0.2428, time 385.08ms, mfu 2.10%
iter 5115: loss 0.2412, time 274.08ms, mfu 2.15%
iter 5116: loss 0.2356, time 286.00ms, mfu 2.19%
iter 5117: loss 0.2372, time 614.59ms, mfu 2.08%
iter 5118: loss 0.2623, time 329.96ms, mfu 2.09%
iter 5119: loss 0.2249, time 409.72ms, mfu 2.05%
iter 5120: loss 0.2441, time 413.81ms, mfu 2.02%
iter 5121: loss 0.2605, time 448.26ms, mfu 1.98%
iter 5122: loss 0.2609, time 349.65ms, mfu 1.98%
iter 5123: loss 0.2926, time 447.78ms, mfu 1.94%
iter 5124: loss 0.2771, time 395.23ms, mfu 1.93%
iter 5125: loss 0.2398, time 325.73ms, mfu 1.95%
iter 5126: loss 0.2348, time 358.04ms, mfu 1.95%
iter 5127: loss 0.2816, time 289.54ms, mfu 2.00%
iter 5128: loss 0.2610, time 461.46ms, mfu 1.96%
iter 5129: loss 0.2267, time 424.18ms, mfu 1.93%
iter 5130: loss 0.2775, time 443.87ms, mfu 1.89%
iter 5131: loss 0.2608, time 458.38ms, mfu 1.86%
iter 5132: loss 0.2113, time 498.41ms, mfu 1.82%
iter 5133: loss 0.2646, time 508.84ms, mfu 1.77%
iter 5134: loss 0.2526, time 267.68ms, mfu 1.86%
iter 5135: loss 0.2574, time 394.82ms, mfu 1.85%
iter 5136: loss 0.2647, time 251.24ms, mfu 1.95%
iter 5137: loss 0.2585, time 248.22ms, mfu 2.04%
iter 5138: loss 0.2092, time 332.99ms, mfu 2.05%
iter 5139: loss 0.2593, time 284.10ms, mfu 2.09%
iter 5140: loss 0.2573, time 394.29ms, mfu 2.06%
iter 5141: loss 0.2553, time 405.37ms, mfu 2.03%
iter 5142: loss 0.2379, time 409.80ms, mfu 2.00%
iter 5143: loss 0.2377, time 348.33ms, mfu 2.01%
iter 5144: loss 0.2548, time 479.77ms, mfu 1.95%
iter 5145: loss 0.2306, time 435.34ms, mfu 1.92%
iter 5146: loss 0.2252, time 292.01ms, mfu 1.97%
iter 5147: loss 0.2540, time 339.93ms, mfu 1.98%
iter 5148: loss 0.2380, time 275.39ms, mfu 2.04%
iter 5149: loss 0.2669, time 483.04ms, mfu 1.98%
iter 5150: loss 0.2299, time 478.39ms, mfu 1.93%
iter 5151: loss 0.2231, time 409.50ms, mfu 1.91%
iter 5152: loss 0.2365, time 451.03ms, mfu 1.88%
iter 5153: loss 0.2276, time 208.11ms, mfu 2.03%
iter 5154: loss 0.2402, time 416.10ms, mfu 2.00%
iter 5155: loss 0.2758, time 439.47ms, mfu 1.96%
iter 5156: loss 0.2277, time 453.66ms, mfu 1.92%
iter 5157: loss 0.2681, time 405.45ms, mfu 1.90%
iter 5158: loss 0.2333, time 503.35ms, mfu 1.85%
iter 5159: loss 0.2639, time 501.26ms, mfu 1.81%
iter 5160: loss 0.2547, time 337.97ms, mfu 1.84%
iter 5161: loss 0.2861, time 385.18ms, mfu 1.84%
iter 5162: loss 0.2632, time 257.32ms, mfu 1.93%
iter 5163: loss 0.2544, time 364.00ms, mfu 1.93%
iter 5164: loss 0.2229, time 310.38ms, mfu 1.97%
iter 5165: loss 0.2498, time 405.56ms, mfu 1.95%
iter 5166: loss 0.2343, time 220.94ms, mfu 2.07%
iter 5167: loss 0.2318, time 423.12ms, mfu 2.03%
iter 5168: loss 0.2340, time 500.27ms, mfu 1.97%
iter 5169: loss 0.2508, time 315.68ms, mfu 2.00%
iter 5170: loss 0.2428, time 293.33ms, mfu 2.04%
iter 5171: loss 0.2445, time 426.01ms, mfu 2.00%
iter 5172: loss 0.2510, time 448.03ms, mfu 1.96%
iter 5173: loss 0.2419, time 327.78ms, mfu 1.98%
iter 5174: loss 0.2428, time 350.62ms, mfu 1.98%
iter 5175: loss 0.2728, time 441.24ms, mfu 1.95%
iter 5176: loss 0.2394, time 347.87ms, mfu 1.96%
iter 5177: loss 0.2621, time 387.70ms, mfu 1.94%
iter 5178: loss 0.2312, time 371.11ms, mfu 1.94%
iter 5179: loss 0.2615, time 271.31ms, mfu 2.01%
iter 5180: loss 0.2386, time 250.40ms, mfu 2.09%
iter 5181: loss 0.2462, time 365.25ms, mfu 2.07%
iter 5182: loss 0.2599, time 360.27ms, mfu 2.06%
iter 5183: loss 0.2778, time 458.96ms, mfu 2.01%
iter 5184: loss 0.2379, time 415.56ms, mfu 1.98%
iter 5185: loss 0.2391, time 371.58ms, mfu 1.97%
iter 5186: loss 0.3102, time 324.08ms, mfu 1.99%
iter 5187: loss 0.2427, time 370.23ms, mfu 1.99%
iter 5188: loss 0.2459, time 464.05ms, mfu 1.94%
iter 5189: loss 0.2306, time 301.33ms, mfu 1.98%
iter 5190: loss 0.2429, time 343.27ms, mfu 1.99%
iter 5191: loss 0.2562, time 486.80ms, mfu 1.94%
iter 5192: loss 0.2386, time 434.05ms, mfu 1.91%
iter 5193: loss 0.2257, time 360.74ms, mfu 1.91%
iter 5194: loss 0.2372, time 281.87ms, mfu 1.97%
iter 5195: loss 0.3141, time 301.43ms, mfu 2.01%
iter 5196: loss 0.2546, time 365.28ms, mfu 2.00%
iter 5197: loss 0.2307, time 349.73ms, mfu 2.01%
iter 5198: loss 0.2493, time 371.22ms, mfu 2.00%
iter 5199: loss 0.2756, time 373.71ms, mfu 1.99%
iter 5200: loss 0.2217, time 605.08ms, mfu 1.90%
  === DIAG iter 5200 ===
  loss: 0.2217
  grads: total 0.7910, transformer 0.1733, adapter 0.7718
  <NUM> input tokens: 683/3072 (22.2%)
  lr: 5.23e-04
  SME accuracy: overall 0.906, sign 0.982, exp 0.982, digit 0.856 [d0 0.964 d1 0.902 d2 0.741] (565 SME tokens)
iter 5201: loss 0.2579, time 175.16ms, mfu 2.12%
iter 5202: loss 0.2639, time 322.78ms, mfu 2.13%
iter 5203: loss 0.2241, time 374.79ms, mfu 2.10%
iter 5204: loss 0.2490, time 377.73ms, mfu 2.08%
iter 5205: loss 0.2737, time 273.73ms, mfu 2.13%
iter 5206: loss 0.2517, time 463.84ms, mfu 2.07%
iter 5207: loss 0.2534, time 448.11ms, mfu 2.02%
iter 5208: loss 0.2682, time 377.77ms, mfu 2.01%
iter 5209: loss 0.2409, time 345.04ms, mfu 2.01%
iter 5210: loss 0.2792, time 377.34ms, mfu 2.00%
iter 5211: loss 0.2368, time 421.29ms, mfu 1.97%
iter 5212: loss 0.2314, time 348.43ms, mfu 1.97%
iter 5213: loss 0.2430, time 458.96ms, mfu 1.93%
iter 5214: loss 0.2408, time 298.39ms, mfu 1.98%
iter 5215: loss 0.2466, time 321.69ms, mfu 2.00%
iter 5216: loss 0.2433, time 364.00ms, mfu 1.99%
iter 5217: loss 0.2335, time 557.19ms, mfu 1.92%
iter 5218: loss 0.2479, time 338.10ms, mfu 1.94%
iter 5219: loss 0.2470, time 301.25ms, mfu 1.98%
iter 5220: loss 0.2755, time 509.92ms, mfu 1.92%
iter 5221: loss 0.2351, time 355.56ms, mfu 1.93%
iter 5222: loss 0.2483, time 365.07ms, mfu 1.93%
iter 5223: loss 0.2463, time 302.32ms, mfu 1.97%
iter 5224: loss 0.2789, time 456.53ms, mfu 1.93%
iter 5225: loss 0.2545, time 413.74ms, mfu 1.91%
iter 5226: loss 0.2308, time 473.14ms, mfu 1.87%
iter 5227: loss 0.2334, time 341.43ms, mfu 1.89%
iter 5228: loss 0.2456, time 459.85ms, mfu 1.85%
iter 5229: loss 0.2275, time 307.00ms, mfu 1.90%
iter 5230: loss 0.2276, time 457.95ms, mfu 1.86%
iter 5231: loss 0.2387, time 371.69ms, mfu 1.87%
iter 5232: loss 0.2265, time 295.13ms, mfu 1.92%
iter 5233: loss 0.2311, time 402.91ms, mfu 1.90%
iter 5234: loss 0.2701, time 406.87ms, mfu 1.89%
iter 5235: loss 0.2585, time 344.49ms, mfu 1.91%
iter 5236: loss 0.2204, time 416.04ms, mfu 1.89%
iter 5237: loss 0.2365, time 437.41ms, mfu 1.86%
iter 5238: loss 0.2345, time 252.96ms, mfu 1.95%
iter 5239: loss 0.2816, time 300.14ms, mfu 1.99%
iter 5240: loss 0.2389, time 368.41ms, mfu 1.99%
iter 5241: loss 0.2423, time 379.63ms, mfu 1.97%
iter 5242: loss 0.2592, time 349.49ms, mfu 1.98%
iter 5243: loss 0.2720, time 335.45ms, mfu 1.99%
iter 5244: loss 0.2340, time 432.86ms, mfu 1.96%
iter 5245: loss 0.2464, time 284.47ms, mfu 2.01%
iter 5246: loss 0.2153, time 425.73ms, mfu 1.98%
iter 5247: loss 0.2407, time 383.58ms, mfu 1.96%
iter 5248: loss 0.2463, time 467.24ms, mfu 1.92%
iter 5249: loss 0.2397, time 363.50ms, mfu 1.92%
iter 5250: loss 0.3115, time 328.99ms, mfu 1.95%
iter 5251: loss 0.2603, time 472.61ms, mfu 1.90%
iter 5252: loss 0.2428, time 348.50ms, mfu 1.91%
iter 5253: loss 0.2325, time 445.03ms, mfu 1.88%
iter 5254: loss 0.2181, time 364.85ms, mfu 1.89%
iter 5255: loss 0.2593, time 450.37ms, mfu 1.86%
iter 5256: loss 0.2572, time 347.18ms, mfu 1.87%
iter 5257: loss 0.2475, time 481.61ms, mfu 1.83%
iter 5258: loss 0.2564, time 492.06ms, mfu 1.80%
iter 5259: loss 0.2652, time 383.17ms, mfu 1.80%
iter 5260: loss 0.2439, time 479.79ms, mfu 1.77%
iter 5261: loss 0.2274, time 344.95ms, mfu 1.80%
iter 5262: loss 0.2227, time 350.15ms, mfu 1.82%
iter 5263: loss 0.2429, time 346.53ms, mfu 1.84%
iter 5264: loss 0.2312, time 310.46ms, mfu 1.89%
iter 5265: loss 0.2718, time 373.46ms, mfu 1.89%
iter 5266: loss 0.2631, time 390.79ms, mfu 1.88%
iter 5267: loss 0.2554, time 403.99ms, mfu 1.87%
iter 5268: loss 0.2389, time 250.27ms, mfu 1.96%
iter 5269: loss 0.2623, time 380.61ms, mfu 1.95%
iter 5270: loss 0.2349, time 323.86ms, mfu 1.98%
iter 5271: loss 0.2408, time 295.58ms, mfu 2.02%
iter 5272: loss 0.2615, time 367.88ms, mfu 2.01%
iter 5273: loss 0.2527, time 326.71ms, mfu 2.03%
iter 5274: loss 0.2984, time 374.97ms, mfu 2.01%
iter 5275: loss 0.2359, time 334.80ms, mfu 2.02%
iter 5276: loss 0.2255, time 245.75ms, mfu 2.11%
iter 5277: loss 0.2411, time 413.37ms, mfu 2.07%
iter 5278: loss 0.2313, time 321.67ms, mfu 2.08%
iter 5279: loss 0.3096, time 562.00ms, mfu 2.00%
iter 5280: loss 0.2777, time 309.75ms, mfu 2.03%
iter 5281: loss 0.2568, time 398.04ms, mfu 2.00%
iter 5282: loss 0.2605, time 379.89ms, mfu 1.99%
iter 5283: loss 0.2318, time 370.91ms, mfu 1.98%
iter 5284: loss 0.2521, time 426.82ms, mfu 1.95%
iter 5285: loss 0.2432, time 426.51ms, mfu 1.92%
iter 5286: loss 0.2280, time 384.00ms, mfu 1.91%
iter 5287: loss 0.2393, time 315.89ms, mfu 1.95%
iter 5288: loss 0.2424, time 416.51ms, mfu 1.92%
iter 5289: loss 0.2403, time 293.78ms, mfu 1.97%
iter 5290: loss 0.2341, time 477.29ms, mfu 1.92%
iter 5291: loss 0.2595, time 456.68ms, mfu 1.89%
iter 5292: loss 0.2931, time 301.10ms, mfu 1.93%
iter 5293: loss 0.2645, time 341.37ms, mfu 1.95%
iter 5294: loss 0.2697, time 350.81ms, mfu 1.95%
iter 5295: loss 0.2766, time 321.09ms, mfu 1.98%
iter 5296: loss 0.2586, time 435.09ms, mfu 1.94%
iter 5297: loss 0.2428, time 321.90ms, mfu 1.97%
iter 5298: loss 0.2495, time 280.66ms, mfu 2.03%
iter 5299: loss 0.2425, time 374.72ms, mfu 2.01%
iter 5300: loss 0.2460, time 612.77ms, mfu 1.93%
  === DIAG iter 5300 ===
  loss: 0.2460
  grads: total 0.9733, transformer 0.2021, adapter 0.9521
  <NUM> input tokens: 648/3072 (21.1%)
  lr: 5.19e-04
  SME accuracy: overall 0.878, sign 0.974, exp 0.974, digit 0.813 [d0 0.896 d1 0.857 d2 0.701] (384 SME tokens)
iter 5301: loss 0.2483, time 203.86ms, mfu 2.08%
iter 5302: loss 0.2621, time 385.80ms, mfu 2.06%
iter 5303: loss 0.2362, time 230.11ms, mfu 2.16%
iter 5304: loss 0.2857, time 452.41ms, mfu 2.10%
iter 5305: loss 0.2813, time 381.28ms, mfu 2.08%
iter 5306: loss 0.2213, time 241.60ms, mfu 2.16%
iter 5307: loss 0.2215, time 372.78ms, mfu 2.14%
iter 5308: loss 0.2125, time 403.42ms, mfu 2.10%
iter 5309: loss 0.2346, time 479.25ms, mfu 2.04%
iter 5310: loss 0.2617, time 221.09ms, mfu 2.15%
iter 5311: loss 0.2721, time 315.87ms, mfu 2.16%
iter 5312: loss 0.2431, time 284.14ms, mfu 2.20%
iter 5313: loss 0.2344, time 498.67ms, mfu 2.12%
iter 5314: loss 0.2445, time 403.04ms, mfu 2.08%
iter 5315: loss 0.2433, time 353.83ms, mfu 2.07%
iter 5316: loss 0.2370, time 377.73ms, mfu 2.05%
iter 5317: loss 0.2601, time 356.65ms, mfu 2.05%
iter 5318: loss 0.2382, time 482.30ms, mfu 1.99%
iter 5319: loss 0.2463, time 429.11ms, mfu 1.96%
iter 5320: loss 0.2374, time 417.76ms, mfu 1.93%
iter 5321: loss 0.2531, time 325.33ms, mfu 1.95%
iter 5322: loss 0.2433, time 371.19ms, mfu 1.95%
iter 5323: loss 0.2241, time 355.39ms, mfu 1.95%
iter 5324: loss 0.2434, time 334.56ms, mfu 1.97%
iter 5325: loss 0.2393, time 404.36ms, mfu 1.95%
iter 5326: loss 0.2623, time 395.39ms, mfu 1.93%
iter 5327: loss 0.2612, time 430.90ms, mfu 1.90%
iter 5328: loss 0.2200, time 363.50ms, mfu 1.91%
iter 5329: loss 0.2640, time 473.90ms, mfu 1.87%
iter 5330: loss 0.2799, time 524.63ms, mfu 1.82%
iter 5331: loss 0.2324, time 300.94ms, mfu 1.87%
iter 5332: loss 0.2573, time 345.25ms, mfu 1.89%
iter 5333: loss 0.2456, time 305.25ms, mfu 1.93%
iter 5334: loss 0.2450, time 346.48ms, mfu 1.94%
iter 5335: loss 0.2486, time 337.29ms, mfu 1.96%
iter 5336: loss 0.2365, time 506.40ms, mfu 1.90%
iter 5337: loss 0.2284, time 420.67ms, mfu 1.88%
iter 5338: loss 0.2455, time 348.48ms, mfu 1.90%
iter 5339: loss 0.2652, time 370.35ms, mfu 1.90%
iter 5340: loss 0.2396, time 511.71ms, mfu 1.85%
iter 5341: loss 0.2421, time 415.03ms, mfu 1.83%
iter 5342: loss 0.2651, time 394.60ms, mfu 1.83%
iter 5343: loss 0.2590, time 367.12ms, mfu 1.84%
iter 5344: loss 0.2826, time 411.14ms, mfu 1.83%
iter 5345: loss 0.2677, time 395.19ms, mfu 1.82%
iter 5346: loss 0.2263, time 539.26ms, mfu 1.77%
iter 5347: loss 0.2329, time 195.61ms, mfu 1.96%
iter 5348: loss 0.2382, time 321.81ms, mfu 1.98%
iter 5349: loss 0.2405, time 423.82ms, mfu 1.95%
iter 5350: loss 0.2502, time 347.72ms, mfu 1.96%
iter 5351: loss 0.3131, time 383.53ms, mfu 1.95%
iter 5352: loss 0.2369, time 363.32ms, mfu 1.95%
iter 5353: loss 0.2392, time 359.27ms, mfu 1.95%
iter 5354: loss 0.2529, time 267.82ms, mfu 2.02%
iter 5355: loss 0.2468, time 289.39ms, mfu 2.06%
iter 5356: loss 0.2327, time 377.13ms, mfu 2.05%
iter 5357: loss 0.2488, time 341.58ms, mfu 2.05%
iter 5358: loss 0.2706, time 452.99ms, mfu 2.00%
iter 5359: loss 0.2537, time 285.25ms, mfu 2.05%
iter 5360: loss 0.2710, time 362.24ms, mfu 2.04%
iter 5361: loss 0.2362, time 504.70ms, mfu 1.98%
iter 5362: loss 0.2377, time 280.07ms, mfu 2.03%
iter 5363: loss 0.2558, time 373.61ms, mfu 2.02%
iter 5364: loss 0.2580, time 511.80ms, mfu 1.95%
iter 5365: loss 0.2446, time 373.79ms, mfu 1.95%
iter 5366: loss 0.2710, time 369.59ms, mfu 1.95%
iter 5367: loss 0.2457, time 391.17ms, mfu 1.93%
iter 5368: loss 0.2393, time 372.92ms, mfu 1.93%
iter 5369: loss 0.2448, time 343.60ms, mfu 1.94%
iter 5370: loss 0.2334, time 384.94ms, mfu 1.93%
iter 5371: loss 0.2673, time 371.01ms, mfu 1.93%
iter 5372: loss 0.2407, time 340.26ms, mfu 1.95%
iter 5373: loss 0.2461, time 579.56ms, mfu 1.87%
iter 5374: loss 0.2431, time 425.46ms, mfu 1.85%
iter 5375: loss 0.2445, time 407.41ms, mfu 1.84%
iter 5376: loss 0.2424, time 434.42ms, mfu 1.82%
iter 5377: loss 0.2414, time 364.00ms, mfu 1.83%
iter 5378: loss 0.2582, time 293.49ms, mfu 1.89%
iter 5379: loss 0.3004, time 285.39ms, mfu 1.95%
iter 5380: loss 0.2543, time 354.82ms, mfu 1.95%
iter 5381: loss 0.2693, time 277.72ms, mfu 2.01%
iter 5382: loss 0.2479, time 299.42ms, mfu 2.05%
iter 5383: loss 0.2595, time 408.43ms, mfu 2.02%
iter 5384: loss 0.2539, time 299.59ms, mfu 2.05%
iter 5385: loss 0.2625, time 357.29ms, mfu 2.05%
iter 5386: loss 0.2462, time 460.27ms, mfu 2.00%
iter 5387: loss 0.2294, time 403.40ms, mfu 1.97%
iter 5388: loss 0.2682, time 415.59ms, mfu 1.95%
iter 5389: loss 0.2319, time 471.11ms, mfu 1.90%
iter 5390: loss 0.2359, time 449.11ms, mfu 1.87%
iter 5391: loss 0.2303, time 283.60ms, mfu 1.93%
iter 5392: loss 0.2747, time 435.79ms, mfu 1.90%
iter 5393: loss 0.2272, time 352.64ms, mfu 1.91%
iter 5394: loss 0.2393, time 294.56ms, mfu 1.96%
iter 5395: loss 0.2275, time 394.57ms, mfu 1.94%
iter 5396: loss 0.2786, time 294.75ms, mfu 1.99%
iter 5397: loss 0.2508, time 485.80ms, mfu 1.94%
iter 5398: loss 0.2497, time 317.12ms, mfu 1.97%
iter 5399: loss 0.2379, time 366.33ms, mfu 1.96%
iter 5400: loss 0.2586, time 665.45ms, mfu 1.87%
  === DIAG iter 5400 ===
  loss: 0.2586
  grads: total 0.7134, transformer 0.1251, adapter 0.7023
  <NUM> input tokens: 599/3072 (19.5%)
  lr: 5.14e-04
  SME accuracy: overall 0.865, sign 1.000, exp 0.977, digit 0.785 [d0 0.929 d1 0.824 d2 0.635] (431 SME tokens)
iter 5401: loss 0.2228, time 232.41ms, mfu 1.99%
iter 5402: loss 0.2626, time 317.84ms, mfu 2.02%
iter 5403: loss 0.2985, time 343.85ms, mfu 2.02%
iter 5404: loss 0.2270, time 341.81ms, mfu 2.03%
iter 5405: loss 0.2606, time 417.24ms, mfu 1.99%
iter 5406: loss 0.2992, time 472.80ms, mfu 1.94%
iter 5407: loss 0.2297, time 282.29ms, mfu 2.00%
iter 5408: loss 0.2512, time 285.61ms, mfu 2.05%
iter 5409: loss 0.2666, time 473.56ms, mfu 1.99%
iter 5410: loss 0.2318, time 393.80ms, mfu 1.97%
iter 5411: loss 0.2601, time 311.36ms, mfu 2.00%
iter 5412: loss 0.2368, time 336.37ms, mfu 2.01%
iter 5413: loss 0.2261, time 383.74ms, mfu 2.00%
iter 5414: loss 0.2546, time 400.53ms, mfu 1.97%
iter 5415: loss 0.2412, time 517.10ms, mfu 1.91%
iter 5416: loss 0.2426, time 451.27ms, mfu 1.88%
iter 5417: loss 0.2787, time 437.01ms, mfu 1.85%
iter 5418: loss 0.2479, time 491.87ms, mfu 1.81%
iter 5419: loss 0.2326, time 240.33ms, mfu 1.93%
iter 5420: loss 0.2651, time 499.39ms, mfu 1.88%
iter 5421: loss 0.2621, time 409.61ms, mfu 1.86%
iter 5422: loss 0.2696, time 365.00ms, mfu 1.87%
iter 5423: loss 0.2483, time 308.39ms, mfu 1.91%
iter 5424: loss 0.2375, time 448.11ms, mfu 1.88%
iter 5425: loss 0.2837, time 322.20ms, mfu 1.91%
iter 5426: loss 0.2586, time 443.45ms, mfu 1.88%
iter 5427: loss 0.2454, time 379.77ms, mfu 1.88%
iter 5428: loss 0.2380, time 259.40ms, mfu 1.96%
iter 5429: loss 0.2632, time 358.79ms, mfu 1.96%
iter 5430: loss 0.2776, time 266.31ms, mfu 2.03%
iter 5431: loss 0.2395, time 355.64ms, mfu 2.03%
iter 5432: loss 0.2400, time 264.05ms, mfu 2.10%
iter 5433: loss 0.2621, time 538.57ms, mfu 2.02%
iter 5434: loss 0.2589, time 295.01ms, mfu 2.06%
iter 5435: loss 0.2487, time 466.87ms, mfu 2.00%
iter 5436: loss 0.3029, time 367.48ms, mfu 2.00%
iter 5437: loss 0.2279, time 352.66ms, mfu 2.00%
iter 5438: loss 0.2490, time 317.04ms, mfu 2.02%
iter 5439: loss 0.2460, time 340.75ms, mfu 2.03%
iter 5440: loss 0.2303, time 297.44ms, mfu 2.06%
iter 5441: loss 0.2499, time 292.17ms, mfu 2.10%
iter 5442: loss 0.2277, time 374.90ms, mfu 2.08%
iter 5443: loss 0.2529, time 391.76ms, mfu 2.05%
iter 5444: loss 0.2285, time 353.83ms, mfu 2.05%
iter 5445: loss 0.2466, time 380.93ms, mfu 2.03%
iter 5446: loss 0.2419, time 460.70ms, mfu 1.98%
iter 5447: loss 0.2554, time 388.44ms, mfu 1.96%
iter 5448: loss 0.2183, time 299.11ms, mfu 2.00%
iter 5449: loss 0.2494, time 310.78ms, mfu 2.03%
iter 5450: loss 0.2785, time 476.19ms, mfu 1.98%
iter 5451: loss 0.2402, time 471.33ms, mfu 1.93%
iter 5452: loss 0.2552, time 433.67ms, mfu 1.90%
iter 5453: loss 0.2370, time 318.82ms, mfu 1.93%
iter 5454: loss 0.2481, time 332.31ms, mfu 1.95%
iter 5455: loss 0.2185, time 367.52ms, mfu 1.95%
iter 5456: loss 0.2238, time 404.36ms, mfu 1.93%
iter 5457: loss 0.2290, time 455.60ms, mfu 1.89%
iter 5458: loss 0.2459, time 366.36ms, mfu 1.90%
iter 5459: loss 0.2443, time 442.93ms, mfu 1.87%
iter 5460: loss 0.2352, time 344.60ms, mfu 1.89%
iter 5461: loss 0.2587, time 342.29ms, mfu 1.90%
iter 5462: loss 0.2540, time 301.17ms, mfu 1.95%
iter 5463: loss 0.2522, time 524.65ms, mfu 1.89%
iter 5464: loss 0.2026, time 455.79ms, mfu 1.86%
iter 5465: loss 0.2251, time 447.90ms, mfu 1.83%
iter 5466: loss 0.2086, time 461.79ms, mfu 1.80%
iter 5467: loss 0.2717, time 375.28ms, mfu 1.81%
iter 5468: loss 0.2175, time 459.51ms, mfu 1.78%
iter 5469: loss 0.2349, time 392.84ms, mfu 1.78%
iter 5470: loss 0.2386, time 452.24ms, mfu 1.76%
iter 5471: loss 0.2368, time 478.77ms, mfu 1.73%
iter 5472: loss 0.2451, time 354.67ms, mfu 1.76%
iter 5473: loss 0.2425, time 314.78ms, mfu 1.81%
iter 5474: loss 0.2311, time 368.46ms, mfu 1.82%
iter 5475: loss 0.2391, time 467.51ms, mfu 1.79%
iter 5476: loss 0.2591, time 369.35ms, mfu 1.80%
iter 5477: loss 0.2212, time 501.09ms, mfu 1.76%
iter 5478: loss 0.2263, time 354.86ms, mfu 1.79%
iter 5479: loss 0.2368, time 376.07ms, mfu 1.80%
iter 5480: loss 0.2382, time 316.62ms, mfu 1.84%
iter 5481: loss 0.2674, time 245.55ms, mfu 1.95%
iter 5482: loss 0.2813, time 340.62ms, mfu 1.96%
iter 5483: loss 0.2337, time 418.56ms, mfu 1.93%
iter 5484: loss 0.2479, time 363.13ms, mfu 1.93%
iter 5485: loss 0.2538, time 453.33ms, mfu 1.90%
iter 5486: loss 0.2483, time 321.86ms, mfu 1.93%
iter 5487: loss 0.2390, time 477.58ms, mfu 1.88%
iter 5488: loss 0.2369, time 310.09ms, mfu 1.92%
iter 5489: loss 0.2460, time 354.70ms, mfu 1.93%
iter 5490: loss 0.2384, time 247.60ms, mfu 2.02%
iter 5491: loss 0.2656, time 428.05ms, mfu 1.99%
iter 5492: loss 0.2578, time 385.38ms, mfu 1.97%
iter 5493: loss 0.2829, time 416.62ms, mfu 1.95%
iter 5494: loss 0.2229, time 392.93ms, mfu 1.93%
iter 5495: loss 0.2234, time 377.94ms, mfu 1.93%
iter 5496: loss 0.2548, time 446.33ms, mfu 1.89%
iter 5497: loss 0.2282, time 408.22ms, mfu 1.88%
iter 5498: loss 0.2313, time 491.37ms, mfu 1.83%
iter 5499: loss 0.2353, time 472.04ms, mfu 1.80%
iter 5500: loss 0.2329, time 443.31ms, mfu 1.78%
  === DIAG iter 5500 ===
  loss: 0.2329
  grads: total 0.4676, transformer 0.1339, adapter 0.4480
  <NUM> input tokens: 684/3072 (22.3%)
  lr: 5.09e-04
  SME accuracy: overall 0.923, sign 0.987, exp 1.000, digit 0.877 [d0 0.961 d1 0.934 d2 0.724] (379 SME tokens)
iter 5501: loss 0.2424, time 179.16ms, mfu 2.00%
iter 5502: loss 0.2249, time 317.77ms, mfu 2.02%
iter 5503: loss 0.2591, time 348.69ms, mfu 2.02%
iter 5504: loss 0.2304, time 362.68ms, mfu 2.02%
iter 5505: loss 0.2498, time 337.79ms, mfu 2.02%
iter 5506: loss 0.2479, time 381.98ms, mfu 2.01%
iter 5507: loss 0.2874, time 343.09ms, mfu 2.01%
iter 5508: loss 0.2524, time 356.12ms, mfu 2.01%
iter 5509: loss 0.2325, time 251.01ms, mfu 2.09%
iter 5510: loss 0.2321, time 258.10ms, mfu 2.16%
iter 5511: loss 0.2730, time 246.41ms, mfu 2.23%
iter 5512: loss 0.2521, time 312.40ms, mfu 2.23%
iter 5513: loss 0.2431, time 516.41ms, mfu 2.15%
iter 5514: loss 0.2559, time 337.61ms, mfu 2.14%
iter 5515: loss 0.2155, time 355.87ms, mfu 2.13%
iter 5516: loss 0.2458, time 382.39ms, mfu 2.10%
iter 5517: loss 0.2345, time 359.63ms, mfu 2.09%
iter 5518: loss 0.2130, time 250.52ms, mfu 2.16%
iter 5519: loss 0.2141, time 360.49ms, mfu 2.14%
iter 5520: loss 0.2282, time 419.73ms, mfu 2.10%
iter 5521: loss 0.2257, time 429.10ms, mfu 2.05%
iter 5522: loss 0.2719, time 384.00ms, mfu 2.03%
iter 5523: loss 0.2235, time 412.34ms, mfu 2.00%
iter 5524: loss 0.2287, time 376.20ms, mfu 1.99%
iter 5525: loss 0.2541, time 305.11ms, mfu 2.02%
iter 5526: loss 0.2261, time 366.03ms, mfu 2.01%
iter 5527: loss 0.2270, time 425.63ms, mfu 1.98%
iter 5528: loss 0.2571, time 288.94ms, mfu 2.03%
iter 5529: loss 0.2350, time 303.38ms, mfu 2.06%
iter 5530: loss 0.2451, time 315.18ms, mfu 2.08%
iter 5531: loss 0.2382, time 371.82ms, mfu 2.06%
iter 5532: loss 0.2214, time 374.45ms, mfu 2.04%
iter 5533: loss 0.2800, time 421.33ms, mfu 2.01%
iter 5534: loss 0.2764, time 464.82ms, mfu 1.96%
iter 5535: loss 0.2449, time 506.86ms, mfu 1.90%
iter 5536: loss 0.2153, time 405.49ms, mfu 1.89%
iter 5537: loss 0.2433, time 357.81ms, mfu 1.90%
iter 5538: loss 0.2487, time 415.27ms, mfu 1.88%
iter 5539: loss 0.2386, time 226.09ms, mfu 2.00%
iter 5540: loss 0.2376, time 458.02ms, mfu 1.96%
iter 5541: loss 0.2626, time 399.57ms, mfu 1.94%
iter 5542: loss 0.2608, time 285.24ms, mfu 1.99%
iter 5543: loss 0.2471, time 422.40ms, mfu 1.96%
iter 5544: loss 0.2255, time 485.42ms, mfu 1.91%
iter 5545: loss 0.2259, time 368.08ms, mfu 1.91%
iter 5546: loss 0.2633, time 394.67ms, mfu 1.90%
iter 5547: loss 0.2324, time 441.51ms, mfu 1.87%
iter 5548: loss 0.2572, time 459.13ms, mfu 1.84%
iter 5549: loss 0.2407, time 502.61ms, mfu 1.80%
iter 5550: loss 0.2522, time 308.34ms, mfu 1.85%
iter 5551: loss 0.2240, time 379.47ms, mfu 1.85%
iter 5552: loss 0.2732, time 364.17ms, mfu 1.86%
iter 5553: loss 0.2539, time 358.30ms, mfu 1.87%
iter 5554: loss 0.2394, time 370.58ms, mfu 1.87%
iter 5555: loss 0.2314, time 483.21ms, mfu 1.83%
iter 5556: loss 0.2520, time 320.47ms, mfu 1.87%
iter 5557: loss 0.2523, time 366.08ms, mfu 1.88%
iter 5558: loss 0.2425, time 342.22ms, mfu 1.90%
iter 5559: loss 0.2283, time 328.83ms, mfu 1.92%
iter 5560: loss 0.2433, time 273.47ms, mfu 1.99%
iter 5561: loss 0.2683, time 387.32ms, mfu 1.97%
iter 5562: loss 0.2078, time 260.55ms, mfu 2.05%
iter 5563: loss 0.2246, time 364.51ms, mfu 2.04%
iter 5564: loss 0.2671, time 404.81ms, mfu 2.01%
iter 5565: loss 0.2229, time 381.20ms, mfu 1.99%
iter 5566: loss 0.2589, time 320.60ms, mfu 2.02%
iter 5567: loss 0.2724, time 459.59ms, mfu 1.97%
iter 5568: loss 0.2199, time 363.23ms, mfu 1.97%
iter 5569: loss 0.2672, time 346.59ms, mfu 1.97%
iter 5570: loss 0.2161, time 366.69ms, mfu 1.97%
iter 5571: loss 0.2341, time 401.06ms, mfu 1.95%
iter 5572: loss 0.2362, time 349.14ms, mfu 1.96%
iter 5573: loss 0.2547, time 463.06ms, mfu 1.92%
iter 5574: loss 0.2512, time 374.31ms, mfu 1.91%
iter 5575: loss 0.2707, time 377.51ms, mfu 1.91%
iter 5576: loss 0.2657, time 305.30ms, mfu 1.95%
iter 5577: loss 0.2392, time 453.69ms, mfu 1.91%
iter 5578: loss 0.2462, time 348.45ms, mfu 1.92%
iter 5579: loss 0.2426, time 255.08ms, mfu 2.01%
iter 5580: loss 0.2480, time 366.57ms, mfu 2.00%
iter 5581: loss 0.2114, time 374.00ms, mfu 1.99%
iter 5582: loss 0.2499, time 395.41ms, mfu 1.97%
iter 5583: loss 0.2309, time 354.53ms, mfu 1.97%
iter 5584: loss 0.2425, time 338.98ms, mfu 1.99%
iter 5585: loss 0.2572, time 414.73ms, mfu 1.96%
iter 5586: loss 0.2232, time 389.31ms, mfu 1.94%
iter 5587: loss 0.2298, time 425.45ms, mfu 1.92%
iter 5588: loss 0.2694, time 326.00ms, mfu 1.94%
iter 5589: loss 0.2790, time 331.91ms, mfu 1.96%
iter 5590: loss 0.2751, time 359.67ms, mfu 1.96%
iter 5591: loss 0.2389, time 301.66ms, mfu 2.00%
iter 5592: loss 0.2848, time 457.28ms, mfu 1.96%
iter 5593: loss 0.2512, time 402.91ms, mfu 1.94%
iter 5594: loss 0.2487, time 297.06ms, mfu 1.98%
iter 5595: loss 0.2228, time 440.76ms, mfu 1.94%
iter 5596: loss 0.2376, time 418.19ms, mfu 1.92%
iter 5597: loss 0.2462, time 371.01ms, mfu 1.92%
iter 5598: loss 0.2366, time 344.61ms, mfu 1.93%
iter 5599: loss 0.2506, time 304.09ms, mfu 1.97%
iter 5600: loss 0.2482, time 540.81ms, mfu 1.91%
  === DIAG iter 5600 ===
  loss: 0.2482
  grads: total 0.6331, transformer 0.2198, adapter 0.5938
  <NUM> input tokens: 699/3072 (22.8%)
  lr: 5.04e-04
  SME accuracy: overall 0.829, sign 1.000, exp 0.940, digit 0.735 [d0 0.845 d1 0.798 d2 0.571] (421 SME tokens)
iter 5601: loss 0.2593, time 204.35ms, mfu 2.06%
iter 5602: loss 0.2218, time 323.27ms, mfu 2.07%
iter 5603: loss 0.2239, time 362.62ms, mfu 2.06%
iter 5604: loss 0.2722, time 578.07ms, mfu 1.98%
iter 5605: loss 0.3082, time 360.96ms, mfu 1.98%
iter 5606: loss 0.2424, time 240.24ms, mfu 2.07%
iter 5607: loss 0.2402, time 385.52ms, mfu 2.05%
iter 5608: loss 0.2379, time 296.79ms, mfu 2.08%
iter 5609: loss 0.2529, time 287.82ms, mfu 2.12%
iter 5610: loss 0.2119, time 429.82ms, mfu 2.08%
iter 5611: loss 0.2622, time 412.23ms, mfu 2.04%
iter 5612: loss 0.2517, time 351.30ms, mfu 2.04%
iter 5613: loss 0.2349, time 396.32ms, mfu 2.01%
iter 5614: loss 0.2772, time 447.40ms, mfu 1.97%
iter 5615: loss 0.2241, time 362.27ms, mfu 1.97%
iter 5616: loss 0.2264, time 377.24ms, mfu 1.96%
iter 5617: loss 0.2248, time 387.30ms, mfu 1.95%
iter 5618: loss 0.2697, time 480.66ms, mfu 1.90%
iter 5619: loss 0.2441, time 275.63ms, mfu 1.97%
iter 5620: loss 0.2200, time 369.46ms, mfu 1.96%
iter 5621: loss 0.2363, time 544.19ms, mfu 1.90%
iter 5622: loss 0.2429, time 389.08ms, mfu 1.89%
iter 5623: loss 0.2381, time 531.88ms, mfu 1.83%
iter 5624: loss 0.2900, time 424.17ms, mfu 1.82%
iter 5625: loss 0.2397, time 297.47ms, mfu 1.87%
iter 5626: loss 0.2295, time 408.49ms, mfu 1.86%
iter 5627: loss 0.2293, time 376.20ms, mfu 1.86%
iter 5628: loss 0.2461, time 342.27ms, mfu 1.88%
iter 5629: loss 0.2272, time 482.91ms, mfu 1.84%
iter 5630: loss 0.2469, time 389.68ms, mfu 1.84%
iter 5631: loss 0.2318, time 383.34ms, mfu 1.84%
iter 5632: loss 0.2697, time 247.15ms, mfu 1.94%
iter 5633: loss 0.2353, time 456.39ms, mfu 1.90%
iter 5634: loss 0.2175, time 485.86ms, mfu 1.86%
iter 5635: loss 0.2684, time 397.48ms, mfu 1.85%
iter 5636: loss 0.2703, time 254.60ms, mfu 1.94%
iter 5637: loss 0.2481, time 450.64ms, mfu 1.91%
iter 5638: loss 0.2567, time 424.31ms, mfu 1.88%
iter 5639: loss 0.2592, time 337.93ms, mfu 1.91%
iter 5640: loss 0.2337, time 370.41ms, mfu 1.91%
iter 5641: loss 0.2951, time 294.14ms, mfu 1.96%
iter 5642: loss 0.2554, time 363.27ms, mfu 1.96%
iter 5643: loss 0.2381, time 431.47ms, mfu 1.92%
iter 5644: loss 0.2377, time 352.32ms, mfu 1.93%
iter 5645: loss 0.2643, time 308.54ms, mfu 1.97%
iter 5646: loss 0.2397, time 385.23ms, mfu 1.96%
iter 5647: loss 0.2455, time 337.01ms, mfu 1.97%
iter 5648: loss 0.2611, time 447.23ms, mfu 1.93%
iter 5649: loss 0.2621, time 310.22ms, mfu 1.97%
iter 5650: loss 0.2630, time 321.43ms, mfu 1.99%
iter 5651: loss 0.2535, time 453.33ms, mfu 1.95%
iter 5652: loss 0.2742, time 388.98ms, mfu 1.94%
iter 5653: loss 0.2525, time 321.05ms, mfu 1.96%
iter 5654: loss 0.2339, time 429.98ms, mfu 1.93%
iter 5655: loss 0.2461, time 310.63ms, mfu 1.97%
iter 5656: loss 0.2399, time 262.13ms, mfu 2.04%
iter 5657: loss 0.2084, time 323.93ms, mfu 2.06%
iter 5658: loss 0.2439, time 380.44ms, mfu 2.04%
iter 5659: loss 0.2257, time 452.57ms, mfu 1.99%
iter 5660: loss 0.2173, time 395.34ms, mfu 1.97%
iter 5661: loss 0.2275, time 438.90ms, mfu 1.93%
iter 5662: loss 0.2276, time 381.13ms, mfu 1.93%
iter 5663: loss 0.2548, time 427.98ms, mfu 1.90%
iter 5664: loss 0.2521, time 292.21ms, mfu 1.95%
iter 5665: loss 0.2291, time 495.65ms, mfu 1.90%
iter 5666: loss 0.2220, time 339.05ms, mfu 1.92%
iter 5667: loss 0.2402, time 430.20ms, mfu 1.89%
iter 5668: loss 0.2214, time 316.00ms, mfu 1.93%
iter 5669: loss 0.2347, time 362.08ms, mfu 1.93%
iter 5670: loss 0.2483, time 361.28ms, mfu 1.93%
iter 5671: loss 0.2644, time 528.36ms, mfu 1.87%
iter 5672: loss 0.2560, time 406.52ms, mfu 1.86%
iter 5673: loss 0.2302, time 315.40ms, mfu 1.90%
iter 5674: loss 0.2637, time 502.41ms, mfu 1.85%
iter 5675: loss 0.2307, time 237.46ms, mfu 1.96%
iter 5676: loss 0.2419, time 357.64ms, mfu 1.97%
iter 5677: loss 0.2404, time 397.69ms, mfu 1.95%
iter 5678: loss 0.2576, time 478.88ms, mfu 1.90%
iter 5679: loss 0.2392, time 387.03ms, mfu 1.89%
iter 5680: loss 0.2459, time 242.87ms, mfu 2.00%
iter 5681: loss 0.2430, time 452.53ms, mfu 1.95%
iter 5682: loss 0.2268, time 339.22ms, mfu 1.97%
iter 5683: loss 0.2763, time 428.56ms, mfu 1.94%
iter 5684: loss 0.2261, time 326.93ms, mfu 1.96%
iter 5685: loss 0.2446, time 490.35ms, mfu 1.91%
iter 5686: loss 0.2501, time 409.11ms, mfu 1.89%
iter 5687: loss 0.2304, time 382.32ms, mfu 1.89%
iter 5688: loss 0.2626, time 418.17ms, mfu 1.87%
iter 5689: loss 0.2630, time 377.09ms, mfu 1.87%
iter 5690: loss 0.2352, time 284.20ms, mfu 1.93%
iter 5691: loss 0.2520, time 289.87ms, mfu 1.98%
iter 5692: loss 0.2425, time 437.05ms, mfu 1.95%
iter 5693: loss 0.2661, time 260.82ms, mfu 2.02%
iter 5694: loss 0.2335, time 291.89ms, mfu 2.06%
iter 5695: loss 0.2446, time 485.09ms, mfu 2.00%
iter 5696: loss 0.2813, time 468.99ms, mfu 1.95%
iter 5697: loss 0.2287, time 334.09ms, mfu 1.97%
iter 5698: loss 0.2618, time 349.39ms, mfu 1.98%
iter 5699: loss 0.2178, time 536.27ms, mfu 1.91%
iter 5700: loss 0.2250, time 555.25ms, mfu 1.85%
  === DIAG iter 5700 ===
  loss: 0.2250
  grads: total 0.2733, transformer 0.1430, adapter 0.2329
  <NUM> input tokens: 710/3072 (23.1%)
  lr: 4.99e-04
  SME accuracy: overall 0.908, sign 0.988, exp 0.989, digit 0.854 [d0 0.907 d1 0.907 d2 0.767] (434 SME tokens)
iter 5701: loss 0.2268, time 176.72ms, mfu 2.06%
iter 5702: loss 0.2219, time 291.99ms, mfu 2.10%
iter 5703: loss 0.2311, time 314.44ms, mfu 2.12%
iter 5704: loss 0.2301, time 360.71ms, mfu 2.10%
iter 5705: loss 0.2259, time 344.76ms, mfu 2.10%
iter 5706: loss 0.2542, time 416.61ms, mfu 2.06%
iter 5707: loss 0.2480, time 414.91ms, mfu 2.02%
iter 5708: loss 0.2292, time 344.41ms, mfu 2.03%
iter 5709: loss 0.2383, time 308.39ms, mfu 2.05%
iter 5710: loss 0.2396, time 367.21ms, mfu 2.04%
iter 5711: loss 0.2278, time 488.20ms, mfu 1.98%
iter 5712: loss 0.2530, time 358.03ms, mfu 1.98%
iter 5713: loss 0.2512, time 408.28ms, mfu 1.96%
iter 5714: loss 0.2423, time 398.31ms, mfu 1.94%
iter 5715: loss 0.2592, time 468.00ms, mfu 1.90%
iter 5716: loss 0.2602, time 328.14ms, mfu 1.92%
iter 5717: loss 0.2468, time 447.13ms, mfu 1.89%
iter 5718: loss 0.2269, time 335.80ms, mfu 1.91%
iter 5719: loss 0.2368, time 434.22ms, mfu 1.88%
iter 5720: loss 0.2188, time 340.22ms, mfu 1.90%
iter 5721: loss 0.2611, time 461.90ms, mfu 1.87%
iter 5722: loss 0.2795, time 352.61ms, mfu 1.88%
iter 5723: loss 0.2284, time 415.91ms, mfu 1.86%
iter 5724: loss 0.2384, time 285.00ms, mfu 1.93%
iter 5725: loss 0.2475, time 396.64ms, mfu 1.91%
iter 5726: loss 0.2572, time 257.42ms, mfu 2.00%
iter 5727: loss 0.2515, time 516.92ms, mfu 1.93%
iter 5728: loss 0.2513, time 415.55ms, mfu 1.91%
iter 5729: loss 0.2391, time 357.91ms, mfu 1.92%
iter 5730: loss 0.2559, time 440.15ms, mfu 1.89%
iter 5731: loss 0.2185, time 400.83ms, mfu 1.87%
iter 5732: loss 0.2756, time 315.22ms, mfu 1.91%
iter 5733: loss 0.2656, time 279.39ms, mfu 1.97%
iter 5734: loss 0.2276, time 306.05ms, mfu 2.01%
iter 5735: loss 0.2595, time 422.05ms, mfu 1.98%
iter 5736: loss 0.2461, time 307.69ms, mfu 2.01%
iter 5737: loss 0.2584, time 355.44ms, mfu 2.01%
iter 5738: loss 0.2439, time 385.89ms, mfu 1.99%
iter 5739: loss 0.2457, time 303.80ms, mfu 2.02%
iter 5740: loss 0.2365, time 346.58ms, mfu 2.03%
iter 5741: loss 0.2611, time 361.47ms, mfu 2.02%
iter 5742: loss 0.2444, time 499.67ms, mfu 1.96%
iter 5743: loss 0.2511, time 509.06ms, mfu 1.90%
iter 5744: loss 0.2492, time 288.82ms, mfu 1.96%
iter 5745: loss 0.2541, time 491.55ms, mfu 1.91%
iter 5746: loss 0.2574, time 379.91ms, mfu 1.90%
iter 5747: loss 0.2497, time 304.08ms, mfu 1.95%
iter 5748: loss 0.2549, time 397.71ms, mfu 1.93%
iter 5749: loss 0.2650, time 496.38ms, mfu 1.88%
iter 5750: loss 0.2519, time 343.85ms, mfu 1.90%
iter 5751: loss 0.2547, time 348.23ms, mfu 1.91%
iter 5752: loss 0.2233, time 300.61ms, mfu 1.96%
iter 5753: loss 0.2462, time 410.12ms, mfu 1.93%
iter 5754: loss 0.2574, time 251.90ms, mfu 2.02%
iter 5755: loss 0.2500, time 422.82ms, mfu 1.99%
iter 5756: loss 0.2340, time 343.25ms, mfu 1.99%
iter 5757: loss 0.2719, time 402.78ms, mfu 1.97%
iter 5758: loss 0.2418, time 388.71ms, mfu 1.96%
iter 5759: loss 0.2137, time 324.77ms, mfu 1.98%
iter 5760: loss 0.2198, time 231.67ms, mfu 2.09%
iter 5761: loss 0.2292, time 575.55ms, mfu 2.00%
iter 5762: loss 0.2455, time 316.66ms, mfu 2.02%
iter 5763: loss 0.2646, time 273.34ms, mfu 2.08%
iter 5764: loss 0.2442, time 296.58ms, mfu 2.11%
iter 5765: loss 0.2226, time 389.30ms, mfu 2.08%
iter 5766: loss 0.2600, time 258.29ms, mfu 2.15%
iter 5767: loss 0.2319, time 399.90ms, mfu 2.11%
iter 5768: loss 0.2183, time 541.54ms, mfu 2.03%
iter 5769: loss 0.2303, time 344.37ms, mfu 2.03%
iter 5770: loss 0.2174, time 327.96ms, mfu 2.05%
iter 5771: loss 0.2282, time 452.77ms, mfu 2.00%
iter 5772: loss 0.2576, time 307.18ms, mfu 2.03%
iter 5773: loss 0.2382, time 242.16ms, mfu 2.12%
iter 5774: loss 0.2688, time 237.40ms, mfu 2.21%
iter 5775: loss 0.2333, time 346.99ms, mfu 2.19%
iter 5776: loss 0.2332, time 343.21ms, mfu 2.18%
iter 5777: loss 0.2502, time 332.12ms, mfu 2.17%
iter 5778: loss 0.2546, time 367.97ms, mfu 2.15%
iter 5779: loss 0.2380, time 419.80ms, mfu 2.10%
iter 5780: loss 0.2384, time 267.06ms, mfu 2.16%
iter 5781: loss 0.2344, time 486.80ms, mfu 2.09%
iter 5782: loss 0.2393, time 467.22ms, mfu 2.03%
iter 5783: loss 0.2125, time 476.04ms, mfu 1.98%
iter 5784: loss 0.2657, time 326.51ms, mfu 2.00%
iter 5785: loss 0.2291, time 434.98ms, mfu 1.96%
iter 5786: loss 0.2469, time 251.87ms, mfu 2.04%
iter 5787: loss 0.2170, time 383.37ms, mfu 2.02%
iter 5788: loss 0.2429, time 276.45ms, mfu 2.08%
iter 5789: loss 0.2712, time 456.45ms, mfu 2.03%
iter 5790: loss 0.2377, time 233.27ms, mfu 2.13%
iter 5791: loss 0.2520, time 416.13ms, mfu 2.08%
iter 5792: loss 0.2499, time 332.81ms, mfu 2.09%
iter 5793: loss 0.2441, time 540.52ms, mfu 2.01%
iter 5794: loss 0.2404, time 555.68ms, mfu 1.94%
iter 5795: loss 0.2598, time 286.18ms, mfu 1.99%
iter 5796: loss 0.2374, time 405.38ms, mfu 1.97%
iter 5797: loss 0.2468, time 394.59ms, mfu 1.95%
iter 5798: loss 0.2261, time 264.81ms, mfu 2.02%
iter 5799: loss 0.2492, time 273.48ms, mfu 2.08%
iter 5800: loss 0.2744, time 820.22ms, mfu 1.96%
  === DIAG iter 5800 ===
  loss: 0.2744
  grads: total 0.6717, transformer 0.1404, adapter 0.6568
  <NUM> input tokens: 655/3072 (21.3%)
  lr: 4.94e-04
  SME accuracy: overall 0.792, sign 0.990, exp 0.878, digit 0.699 [d0 0.778 d1 0.717 d2 0.636] (496 SME tokens)
iter 5801: loss 0.2367, time 174.71ms, mfu 2.17%
iter 5802: loss 0.2272, time 304.43ms, mfu 2.18%
iter 5803: loss 0.2178, time 330.91ms, mfu 2.18%
iter 5804: loss 0.2326, time 270.39ms, mfu 2.22%
iter 5805: loss 0.2356, time 341.63ms, mfu 2.21%
iter 5806: loss 0.2280, time 357.92ms, mfu 2.19%
iter 5807: loss 0.2433, time 247.01ms, mfu 2.25%
iter 5808: loss 0.2424, time 395.18ms, mfu 2.21%
iter 5809: loss 0.2236, time 302.74ms, mfu 2.22%
iter 5810: loss 0.2495, time 297.97ms, mfu 2.24%
iter 5811: loss 0.2495, time 454.45ms, mfu 2.17%
iter 5812: loss 0.2568, time 352.06ms, mfu 2.15%
iter 5813: loss 0.2386, time 404.49ms, mfu 2.11%
iter 5814: loss 0.2825, time 398.95ms, mfu 2.08%
iter 5815: loss 0.2311, time 341.41ms, mfu 2.08%
iter 5816: loss 0.2290, time 402.68ms, mfu 2.05%
iter 5817: loss 0.2557, time 262.13ms, mfu 2.11%
iter 5818: loss 0.2510, time 307.30ms, mfu 2.13%
iter 5819: loss 0.2310, time 352.72ms, mfu 2.12%
iter 5820: loss 0.2524, time 452.66ms, mfu 2.06%
iter 5821: loss 0.2298, time 457.95ms, mfu 2.01%
iter 5822: loss 0.2417, time 388.01ms, mfu 1.99%
iter 5823: loss 0.2525, time 314.77ms, mfu 2.02%
iter 5824: loss 0.2611, time 381.72ms, mfu 2.00%
iter 5825: loss 0.2370, time 375.34ms, mfu 1.99%
iter 5826: loss 0.2351, time 341.32ms, mfu 2.00%
iter 5827: loss 0.2826, time 381.90ms, mfu 1.99%
iter 5828: loss 0.2196, time 438.10ms, mfu 1.95%
iter 5829: loss 0.2418, time 501.21ms, mfu 1.90%
iter 5830: loss 0.2434, time 313.50ms, mfu 1.93%
iter 5831: loss 0.2239, time 354.60ms, mfu 1.94%
iter 5832: loss 0.2327, time 341.44ms, mfu 1.95%
iter 5833: loss 0.2416, time 429.97ms, mfu 1.92%
iter 5834: loss 0.2374, time 383.47ms, mfu 1.91%
iter 5835: loss 0.2314, time 367.15ms, mfu 1.92%
iter 5836: loss 0.2425, time 291.20ms, mfu 1.97%
iter 5837: loss 0.2032, time 399.76ms, mfu 1.95%
iter 5838: loss 0.2219, time 357.76ms, mfu 1.95%
iter 5839: loss 0.2232, time 260.73ms, mfu 2.03%
iter 5840: loss 0.2327, time 399.75ms, mfu 2.00%
iter 5841: loss 0.2588, time 375.92ms, mfu 1.99%
iter 5842: loss 0.2510, time 338.74ms, mfu 2.00%
iter 5843: loss 0.2747, time 455.56ms, mfu 1.96%
iter 5844: loss 0.2391, time 510.07ms, mfu 1.90%
iter 5845: loss 0.2743, time 442.26ms, mfu 1.87%
iter 5846: loss 0.2198, time 354.48ms, mfu 1.88%
iter 5847: loss 0.2418, time 333.46ms, mfu 1.91%
iter 5848: loss 0.2334, time 303.65ms, mfu 1.95%
iter 5849: loss 0.2325, time 342.44ms, mfu 1.96%
iter 5850: loss 0.2416, time 444.94ms, mfu 1.93%
iter 5851: loss 0.2630, time 344.31ms, mfu 1.94%
iter 5852: loss 0.2286, time 403.99ms, mfu 1.92%
iter 5853: loss 0.2421, time 318.58ms, mfu 1.95%
iter 5854: loss 0.2799, time 291.61ms, mfu 2.00%
iter 5855: loss 0.2561, time 329.18ms, mfu 2.01%
iter 5856: loss 0.2730, time 239.90ms, mfu 2.11%
iter 5857: loss 0.2473, time 334.53ms, mfu 2.11%
iter 5858: loss 0.2637, time 285.85ms, mfu 2.15%
iter 5859: loss 0.2674, time 376.86ms, mfu 2.12%
iter 5860: loss 0.2539, time 386.74ms, mfu 2.09%
iter 5861: loss 0.2596, time 454.82ms, mfu 2.04%
iter 5862: loss 0.2679, time 429.11ms, mfu 2.00%
iter 5863: loss 0.2400, time 323.25ms, mfu 2.02%
iter 5864: loss 0.2664, time 411.72ms, mfu 1.99%
iter 5865: loss 0.2410, time 461.56ms, mfu 1.94%
iter 5866: loss 0.2815, time 371.32ms, mfu 1.94%
iter 5867: loss 0.2229, time 394.80ms, mfu 1.93%
iter 5868: loss 0.2274, time 339.70ms, mfu 1.94%
iter 5869: loss 0.2372, time 330.82ms, mfu 1.96%
iter 5870: loss 0.2309, time 425.63ms, mfu 1.93%
iter 5871: loss 0.2575, time 404.06ms, mfu 1.91%
iter 5872: loss 0.2248, time 395.92ms, mfu 1.90%
iter 5873: loss 0.2435, time 252.06ms, mfu 1.99%
iter 5874: loss 0.2639, time 303.09ms, mfu 2.03%
iter 5875: loss 0.2591, time 397.58ms, mfu 2.00%
iter 5876: loss 0.2633, time 263.85ms, mfu 2.07%
iter 5877: loss 0.2401, time 412.68ms, mfu 2.04%
iter 5878: loss 0.2356, time 288.50ms, mfu 2.08%
iter 5879: loss 0.2495, time 481.05ms, mfu 2.02%
iter 5880: loss 0.2267, time 367.60ms, mfu 2.01%
iter 5881: loss 0.2460, time 530.79ms, mfu 1.94%
iter 5882: loss 0.2500, time 395.43ms, mfu 1.93%
iter 5883: loss 0.2200, time 375.45ms, mfu 1.92%
iter 5884: loss 0.2252, time 295.65ms, mfu 1.97%
iter 5885: loss 0.2325, time 320.53ms, mfu 1.99%
iter 5886: loss 0.2416, time 394.18ms, mfu 1.97%
iter 5887: loss 0.2206, time 385.37ms, mfu 1.96%
iter 5888: loss 0.2671, time 248.45ms, mfu 2.05%
iter 5889: loss 0.2430, time 388.80ms, mfu 2.03%
iter 5890: loss 0.2257, time 320.49ms, mfu 2.05%
iter 5891: loss 0.2362, time 237.19ms, mfu 2.14%
iter 5892: loss 0.2102, time 397.02ms, mfu 2.10%
iter 5893: loss 0.2281, time 336.93ms, mfu 2.10%
iter 5894: loss 0.2696, time 464.53ms, mfu 2.05%
iter 5895: loss 0.2515, time 384.25ms, mfu 2.03%
iter 5896: loss 0.2441, time 392.72ms, mfu 2.00%
iter 5897: loss 0.2402, time 357.02ms, mfu 2.00%
iter 5898: loss 0.2392, time 288.20ms, mfu 2.05%
iter 5899: loss 0.2334, time 308.23ms, mfu 2.07%
iter 5900: loss 0.2249, time 643.08ms, mfu 1.98%
  === DIAG iter 5900 ===
  loss: 0.2249
  grads: total 0.4666, transformer 0.1629, adapter 0.4373
  <NUM> input tokens: 683/3072 (22.2%)
  lr: 4.89e-04
  SME accuracy: overall 0.932, sign 0.988, exp 0.976, digit 0.899 [d0 0.963 d1 0.915 d2 0.829] (411 SME tokens)
iter 5901: loss 0.2342, time 174.88ms, mfu 2.18%
iter 5902: loss 0.2258, time 364.58ms, mfu 2.16%
iter 5903: loss 0.2493, time 242.48ms, mfu 2.24%
iter 5904: loss 0.2466, time 338.99ms, mfu 2.22%
iter 5905: loss 0.2370, time 495.02ms, mfu 2.14%
iter 5906: loss 0.2537, time 238.50ms, mfu 2.23%
iter 5907: loss 0.2213, time 420.44ms, mfu 2.17%
iter 5908: loss 0.2242, time 454.70ms, mfu 2.11%
iter 5909: loss 0.2355, time 231.93ms, mfu 2.20%
iter 5910: loss 0.2394, time 578.03ms, mfu 2.11%
iter 5911: loss 0.3067, time 279.38ms, mfu 2.15%
iter 5912: loss 0.2538, time 390.18ms, mfu 2.12%
iter 5913: loss 0.2608, time 283.80ms, mfu 2.15%
iter 5914: loss 0.2575, time 363.15ms, mfu 2.13%
iter 5915: loss 0.2320, time 348.69ms, mfu 2.12%
iter 5916: loss 0.2329, time 427.19ms, mfu 2.08%
iter 5917: loss 0.2657, time 398.55ms, mfu 2.05%
iter 5918: loss 0.2557, time 411.25ms, mfu 2.02%
iter 5919: loss 0.2748, time 344.53ms, mfu 2.02%
iter 5920: loss 0.2777, time 356.15ms, mfu 2.02%
iter 5921: loss 0.2377, time 344.92ms, mfu 2.02%
iter 5922: loss 0.2828, time 419.08ms, mfu 1.99%
iter 5923: loss 0.2499, time 321.04ms, mfu 2.01%
iter 5924: loss 0.2362, time 418.64ms, mfu 1.98%
iter 5925: loss 0.2129, time 307.35ms, mfu 2.01%
iter 5926: loss 0.2436, time 322.26ms, mfu 2.03%
iter 5927: loss 0.2625, time 306.71ms, mfu 2.06%
iter 5928: loss 0.2221, time 500.04ms, mfu 1.99%
iter 5929: loss 0.2229, time 345.09ms, mfu 2.00%
iter 5930: loss 0.2158, time 443.78ms, mfu 1.96%
iter 5931: loss 0.2433, time 310.18ms, mfu 1.99%
iter 5932: loss 0.2322, time 432.21ms, mfu 1.96%
iter 5933: loss 0.2459, time 418.25ms, mfu 1.93%
iter 5934: loss 0.2273, time 375.15ms, mfu 1.93%
iter 5935: loss 0.2114, time 464.85ms, mfu 1.89%
iter 5936: loss 0.2251, time 340.55ms, mfu 1.91%
iter 5937: loss 0.2357, time 299.54ms, mfu 1.95%
iter 5938: loss 0.2020, time 332.53ms, mfu 1.97%
iter 5939: loss 0.2467, time 416.46ms, mfu 1.94%
iter 5940: loss 0.2301, time 378.45ms, mfu 1.94%
iter 5941: loss 0.2138, time 399.32ms, mfu 1.92%
iter 5942: loss 0.2381, time 265.29ms, mfu 1.99%
iter 5943: loss 0.2738, time 451.05ms, mfu 1.95%
iter 5944: loss 0.2398, time 247.50ms, mfu 2.04%
iter 5945: loss 0.2279, time 406.21ms, mfu 2.01%
iter 5946: loss 0.2329, time 458.53ms, mfu 1.97%
iter 5947: loss 0.2722, time 374.74ms, mfu 1.96%
iter 5948: loss 0.2176, time 340.21ms, mfu 1.97%
iter 5949: loss 0.2470, time 435.73ms, mfu 1.94%
iter 5950: loss 0.2840, time 343.44ms, mfu 1.95%
iter 5951: loss 0.2413, time 381.41ms, mfu 1.94%
iter 5952: loss 0.2549, time 325.89ms, mfu 1.96%
iter 5953: loss 0.2750, time 448.61ms, mfu 1.93%
iter 5954: loss 0.2321, time 275.90ms, mfu 1.99%
iter 5955: loss 0.2278, time 407.87ms, mfu 1.96%
iter 5956: loss 0.2374, time 336.71ms, mfu 1.98%
iter 5957: loss 0.2739, time 334.58ms, mfu 1.99%
iter 5958: loss 0.2482, time 381.40ms, mfu 1.98%
iter 5959: loss 0.2085, time 473.62ms, mfu 1.93%
iter 5960: loss 0.2553, time 307.06ms, mfu 1.97%
iter 5961: loss 0.2600, time 278.39ms, mfu 2.03%
iter 5962: loss 0.2406, time 372.38ms, mfu 2.01%
iter 5963: loss 0.2655, time 338.46ms, mfu 2.02%
iter 5964: loss 0.2472, time 467.89ms, mfu 1.97%
iter 5965: loss 0.2410, time 250.52ms, mfu 2.06%
iter 5966: loss 0.2081, time 401.52ms, mfu 2.03%
iter 5967: loss 0.2265, time 353.03ms, mfu 2.03%
iter 5968: loss 0.2620, time 337.67ms, mfu 2.03%
iter 5969: loss 0.2188, time 259.51ms, mfu 2.10%
iter 5970: loss 0.2609, time 494.57ms, mfu 2.04%
iter 5971: loss 0.2694, time 522.35ms, mfu 1.97%
iter 5972: loss 0.2563, time 414.91ms, mfu 1.94%
iter 5973: loss 0.2325, time 433.90ms, mfu 1.91%
iter 5974: loss 0.2468, time 423.42ms, mfu 1.89%
iter 5975: loss 0.2239, time 415.98ms, mfu 1.87%
iter 5976: loss 0.2473, time 403.03ms, mfu 1.86%
iter 5977: loss 0.2500, time 290.79ms, mfu 1.92%
iter 5978: loss 0.2376, time 296.42ms, mfu 1.96%
iter 5979: loss 0.2457, time 492.03ms, mfu 1.91%
iter 5980: loss 0.2697, time 459.92ms, mfu 1.87%
iter 5981: loss 0.2130, time 383.45ms, mfu 1.87%
iter 5982: loss 0.2647, time 401.65ms, mfu 1.86%
iter 5983: loss 0.2498, time 358.09ms, mfu 1.87%
iter 5984: loss 0.2239, time 534.32ms, mfu 1.82%
iter 5985: loss 0.2242, time 335.83ms, mfu 1.85%
iter 5986: loss 0.2238, time 437.13ms, mfu 1.82%
iter 5987: loss 0.2364, time 369.52ms, mfu 1.83%
iter 5988: loss 0.2438, time 459.25ms, mfu 1.80%
iter 5989: loss 0.2316, time 417.05ms, mfu 1.79%
iter 5990: loss 0.2741, time 372.24ms, mfu 1.81%
iter 5991: loss 0.2584, time 258.37ms, mfu 1.90%
iter 5992: loss 0.2471, time 334.53ms, mfu 1.92%
iter 5993: loss 0.2458, time 336.85ms, mfu 1.94%
iter 5994: loss 0.2395, time 222.21ms, mfu 2.06%
iter 5995: loss 0.2156, time 432.45ms, mfu 2.02%
iter 5996: loss 0.2368, time 436.67ms, mfu 1.98%
iter 5997: loss 0.2790, time 588.98ms, mfu 1.90%
iter 5998: loss 0.2541, time 291.08ms, mfu 1.96%
iter 5999: loss 0.2184, time 371.99ms, mfu 1.95%
iter 6000: loss 0.2096, time 629.95ms, mfu 1.87%
  === DIAG iter 6000 ===
  loss: 0.2096
  grads: total 0.3843, transformer 0.1046, adapter 0.3698
  <NUM> input tokens: 714/3072 (23.2%)
  lr: 4.83e-04
  SME accuracy: overall 0.902, sign 0.966, exp 0.974, digit 0.856 [d0 0.888 d1 0.862 d2 0.819] (580 SME tokens)
  --- Sample eval (val) ---
  SORT: <854> <307> <46> <-800> <946> <261.242> <0> <-132.82> <202> <562.277> <-550.41> <-398> <251.1> →
    target: -800 -550 -398 -132 0 45.9 202 251 261 306 562 853 946
    pred:   -800 -550 -398 -132 0 45.9 202 242 261 306 562 853 946
    error:  0.00 0.00 0.00 0.00 0.00 0.00 0.00 9.00 0.00 0.00 0.00 0.00 0.00

  SORT: <428> <241.881> <-820.57> <797.782> <407> <874> <-552> <2.311> <858> <453> <826.06> <-0.694> <776.66> <-3.25> →
    target: -820 -551 -3.25 -0.693 2.31 241 407 428 453 776 797 826 858 874
    pred:   -820 -551 -3.27 -0.699 2.31 241 407 428 453 776 797 826 858 874
    error:  0.00 0.00 0.02 0.01 0.00 0.00 0.00 0.00 0.00 0.00 0.00 0.00 0.00 0.00

  D5
    target: 844 914
    pred:   700 906
    error:  144.00 8.00

  ADD: <154> + <-662> →
    target: -508
    pred:   -507
    error:  1.00

  MAX: <-912.908> <580> <622> <-787> <5> <927.48> <803.503> <34> <183.1> <-9> <159> <125.714> <9.2> →
    target: 927
    pred:   927
    error:  0.00

iter 6001: loss 0.2469, time 300.09ms, mfu 1.92%
iter 6002: loss 0.2443, time 207.49ms, mfu 2.07%
iter 6003: loss 0.2174, time 441.65ms, mfu 2.02%
iter 6004: loss 0.2149, time 230.74ms, mfu 2.13%
iter 6005: loss 0.2561, time 272.80ms, mfu 2.17%
iter 6006: loss 0.2292, time 516.12ms, mfu 2.09%
iter 6007: loss 0.2438, time 251.19ms, mfu 2.17%
iter 6008: loss 0.2319, time 288.51ms, mfu 2.20%
iter 6009: loss 0.2397, time 464.68ms, mfu 2.13%
iter 6010: loss 0.2778, time 318.86ms, mfu 2.14%
iter 6011: loss 0.2325, time 389.97ms, mfu 2.11%
iter 6012: loss 0.2242, time 530.26ms, mfu 2.03%
iter 6013: loss 0.2341, time 289.98ms, mfu 2.07%
iter 6014: loss 0.2325, time 396.54ms, mfu 2.04%
iter 6015: loss 0.2615, time 538.58ms, mfu 1.97%
iter 6016: loss 0.2247, time 392.26ms, mfu 1.95%
iter 6017: loss 0.2630, time 366.69ms, mfu 1.95%
iter 6018: loss 0.2667, time 259.20ms, mfu 2.03%
iter 6019: loss 0.2372, time 320.99ms, mfu 2.05%
iter 6020: loss 0.2531, time 366.23ms, mfu 2.04%
iter 6021: loss 0.2124, time 389.41ms, mfu 2.01%
iter 6022: loss 0.2265, time 354.58ms, mfu 2.01%
iter 6023: loss 0.2527, time 381.18ms, mfu 2.00%
iter 6024: loss 0.2808, time 253.68ms, mfu 2.08%
iter 6025: loss 0.2295, time 463.98ms, mfu 2.02%
iter 6026: loss 0.2636, time 423.33ms, mfu 1.99%
iter 6027: loss 0.2205, time 363.74ms, mfu 1.98%
iter 6028: loss 0.2240, time 460.58ms, mfu 1.94%
iter 6029: loss 0.2134, time 457.61ms, mfu 1.90%
iter 6030: loss 0.2634, time 395.69ms, mfu 1.89%
iter 6031: loss 0.2275, time 432.37ms, mfu 1.86%
iter 6032: loss 0.2193, time 502.93ms, mfu 1.82%
iter 6033: loss 0.2374, time 314.67ms, mfu 1.86%
iter 6034: loss 0.2553, time 337.93ms, mfu 1.89%
iter 6035: loss 0.2498, time 415.17ms, mfu 1.87%
iter 6036: loss 0.2112, time 259.67ms, mfu 1.95%
iter 6037: loss 0.2559, time 326.54ms, mfu 1.98%
iter 6038: loss 0.2219, time 563.95ms, mfu 1.90%
iter 6039: loss 0.2528, time 198.29ms, mfu 2.07%
iter 6040: loss 0.2523, time 445.18ms, mfu 2.02%
iter 6041: loss 0.2602, time 334.17ms, mfu 2.03%
iter 6042: loss 0.2354, time 285.15ms, mfu 2.08%
iter 6043: loss 0.2086, time 269.68ms, mfu 2.13%
iter 6044: loss 0.2212, time 436.33ms, mfu 2.08%
iter 6045: loss 0.2240, time 330.79ms, mfu 2.09%
iter 6046: loss 0.2286, time 339.11ms, mfu 2.09%
iter 6047: loss 0.2694, time 299.74ms, mfu 2.12%
iter 6048: loss 0.2178, time 452.18ms, mfu 2.06%
iter 6049: loss 0.2731, time 378.64ms, mfu 2.04%
iter 6050: loss 0.2312, time 414.70ms, mfu 2.01%
iter 6051: loss 0.2834, time 383.92ms, mfu 1.99%
iter 6052: loss 0.2507, time 309.32ms, mfu 2.02%
iter 6053: loss 0.2072, time 369.50ms, mfu 2.01%
iter 6054: loss 0.2217, time 414.56ms, mfu 1.98%
iter 6055: loss 0.2436, time 466.34ms, mfu 1.94%
iter 6056: loss 0.2348, time 302.34ms, mfu 1.98%
iter 6057: loss 0.2561, time 391.34ms, mfu 1.96%
iter 6058: loss 0.2324, time 349.11ms, mfu 1.97%
iter 6059: loss 0.2418, time 268.30ms, mfu 2.03%
iter 6060: loss 0.2782, time 596.90ms, mfu 1.95%
iter 6061: loss 0.2398, time 274.98ms, mfu 2.01%
iter 6062: loss 0.2653, time 379.92ms, mfu 2.00%
iter 6063: loss 0.2352, time 318.45ms, mfu 2.02%
iter 6064: loss 0.2496, time 391.94ms, mfu 2.00%
iter 6065: loss 0.2235, time 284.28ms, mfu 2.05%
iter 6066: loss 0.2215, time 369.42ms, mfu 2.04%
iter 6067: loss 0.2439, time 448.20ms, mfu 1.99%
iter 6068: loss 0.2688, time 265.55ms, mfu 2.06%
iter 6069: loss 0.2323, time 391.47ms, mfu 2.03%
iter 6070: loss 0.2402, time 345.77ms, mfu 2.03%
iter 6071: loss 0.2353, time 365.63ms, mfu 2.03%
iter 6072: loss 0.2253, time 417.98ms, mfu 1.99%
iter 6073: loss 0.2396, time 209.65ms, mfu 2.13%
iter 6074: loss 0.1901, time 464.32ms, mfu 2.07%
iter 6075: loss 0.2366, time 500.97ms, mfu 2.01%
iter 6076: loss 0.2478, time 396.82ms, mfu 1.98%
iter 6077: loss 0.2263, time 403.24ms, mfu 1.96%
iter 6078: loss 0.2401, time 291.63ms, mfu 2.01%
iter 6079: loss 0.2426, time 272.57ms, mfu 2.07%
iter 6080: loss 0.2603, time 385.08ms, mfu 2.04%
iter 6081: loss 0.2566, time 446.35ms, mfu 2.00%
iter 6082: loss 0.2332, time 259.75ms, mfu 2.07%
iter 6083: loss 0.2177, time 418.48ms, mfu 2.03%
iter 6084: loss 0.2412, time 367.23ms, mfu 2.02%
iter 6085: loss 0.2521, time 323.81ms, mfu 2.04%
iter 6086: loss 0.2137, time 469.95ms, mfu 1.99%
iter 6087: loss 0.2553, time 460.82ms, mfu 1.94%
iter 6088: loss 0.2561, time 358.58ms, mfu 1.95%
iter 6089: loss 0.2201, time 382.55ms, mfu 1.94%
iter 6090: loss 0.2374, time 295.23ms, mfu 1.98%
iter 6091: loss 0.2342, time 281.21ms, mfu 2.04%
iter 6092: loss 0.2330, time 525.01ms, mfu 1.97%
iter 6093: loss 0.2595, time 296.33ms, mfu 2.01%
iter 6094: loss 0.2720, time 433.65ms, mfu 1.97%
iter 6095: loss 0.2056, time 503.61ms, mfu 1.92%
iter 6096: loss 0.2519, time 322.38ms, mfu 1.94%
iter 6097: loss 0.2243, time 371.01ms, mfu 1.94%
iter 6098: loss 0.2219, time 370.65ms, mfu 1.94%
iter 6099: loss 0.2344, time 264.00ms, mfu 2.01%
iter 6100: loss 0.2136, time 486.23ms, mfu 1.96%
  === DIAG iter 6100 ===
  loss: 0.2136
  grads: total 0.3524, transformer 0.1123, adapter 0.3340
  <NUM> input tokens: 683/3072 (22.2%)
  lr: 4.78e-04
  SME accuracy: overall 0.872, sign 1.000, exp 1.000, digit 0.787 [d0 0.882 d1 0.824 d2 0.691] (344 SME tokens)
iter 6101: loss 0.2775, time 212.57ms, mfu 2.09%
iter 6102: loss 0.2391, time 283.46ms, mfu 2.14%
iter 6103: loss 0.2345, time 429.72ms, mfu 2.09%
iter 6104: loss 0.2384, time 404.59ms, mfu 2.05%
iter 6105: loss 0.2755, time 455.53ms, mfu 2.00%
iter 6106: loss 0.2666, time 424.84ms, mfu 1.97%
iter 6107: loss 0.2218, time 377.99ms, mfu 1.96%
iter 6108: loss 0.2348, time 349.34ms, mfu 1.97%
iter 6109: loss 0.1997, time 263.26ms, mfu 2.04%
iter 6110: loss 0.2196, time 322.29ms, mfu 2.06%
iter 6111: loss 0.2527, time 386.76ms, mfu 2.03%
iter 6112: loss 0.2352, time 395.67ms, mfu 2.01%
iter 6113: loss 0.2427, time 369.30ms, mfu 2.00%
iter 6114: loss 0.2467, time 521.13ms, mfu 1.94%
iter 6115: loss 0.2441, time 478.44ms, mfu 1.89%
iter 6116: loss 0.2164, time 323.66ms, mfu 1.92%
iter 6117: loss 0.2157, time 341.15ms, mfu 1.94%
iter 6118: loss 0.2312, time 424.05ms, mfu 1.91%
iter 6119: loss 0.2561, time 460.94ms, mfu 1.87%
iter 6120: loss 0.2642, time 385.71ms, mfu 1.87%
iter 6121: loss 0.2512, time 258.06ms, mfu 1.96%
iter 6122: loss 0.2817, time 326.82ms, mfu 1.98%
iter 6123: loss 0.2304, time 284.35ms, mfu 2.03%
iter 6124: loss 0.2477, time 434.20ms, mfu 1.99%
iter 6125: loss 0.2413, time 367.05ms, mfu 1.98%
iter 6126: loss 0.2649, time 377.08ms, mfu 1.97%
iter 6127: loss 0.2274, time 397.09ms, mfu 1.95%
iter 6128: loss 0.2168, time 481.86ms, mfu 1.91%
iter 6129: loss 0.2305, time 333.43ms, mfu 1.93%
iter 6130: loss 0.2397, time 293.67ms, mfu 1.98%
iter 6131: loss 0.2358, time 245.78ms, mfu 2.07%
iter 6132: loss 0.2391, time 530.14ms, mfu 1.99%
iter 6133: loss 0.2367, time 415.80ms, mfu 1.97%
iter 6134: loss 0.2467, time 344.16ms, mfu 1.97%
iter 6135: loss 0.2393, time 512.35ms, mfu 1.92%
iter 6136: loss 0.2492, time 437.81ms, mfu 1.89%
iter 6137: loss 0.2177, time 369.61ms, mfu 1.89%
iter 6138: loss 0.2380, time 324.52ms, mfu 1.92%
iter 6139: loss 0.2440, time 448.35ms, mfu 1.88%
iter 6140: loss 0.2562, time 377.20ms, mfu 1.88%
iter 6141: loss 0.2508, time 352.33ms, mfu 1.90%
iter 6142: loss 0.2409, time 448.37ms, mfu 1.87%
iter 6143: loss 0.2304, time 378.56ms, mfu 1.87%
iter 6144: loss 0.2231, time 381.55ms, mfu 1.87%
iter 6145: loss 0.2509, time 440.02ms, mfu 1.84%
iter 6146: loss 0.2585, time 329.25ms, mfu 1.87%
iter 6147: loss 0.2429, time 465.49ms, mfu 1.84%
iter 6148: loss 0.2440, time 317.33ms, mfu 1.88%
iter 6149: loss 0.2240, time 242.90ms, mfu 1.98%
iter 6150: loss 0.2193, time 374.35ms, mfu 1.97%
iter 6151: loss 0.2369, time 317.54ms, mfu 2.00%
iter 6152: loss 0.2096, time 460.32ms, mfu 1.95%
iter 6153: loss 0.2267, time 363.57ms, mfu 1.95%
iter 6154: loss 0.2487, time 464.80ms, mfu 1.91%
iter 6155: loss 0.2597, time 358.15ms, mfu 1.92%
iter 6156: loss 0.2367, time 340.41ms, mfu 1.93%
iter 6157: loss 0.2178, time 337.20ms, mfu 1.95%
iter 6158: loss 0.2526, time 346.75ms, mfu 1.96%
iter 6159: loss 0.2746, time 309.73ms, mfu 1.99%
iter 6160: loss 0.2954, time 342.48ms, mfu 2.00%
iter 6161: loss 0.2369, time 324.38ms, mfu 2.02%
iter 6162: loss 0.2568, time 451.99ms, mfu 1.97%
iter 6163: loss 0.2451, time 292.25ms, mfu 2.02%
iter 6164: loss 0.2393, time 304.03ms, mfu 2.05%
iter 6165: loss 0.2291, time 327.83ms, mfu 2.06%
iter 6166: loss 0.2124, time 446.32ms, mfu 2.01%
iter 6167: loss 0.2631, time 383.58ms, mfu 2.00%
iter 6168: loss 0.2154, time 331.98ms, mfu 2.01%
iter 6169: loss 0.2617, time 497.39ms, mfu 1.95%
iter 6170: loss 0.2318, time 548.14ms, mfu 1.89%
iter 6171: loss 0.2375, time 327.52ms, mfu 1.91%
iter 6172: loss 0.2268, time 353.50ms, mfu 1.92%
iter 6173: loss 0.2375, time 325.09ms, mfu 1.95%
iter 6174: loss 0.2377, time 359.03ms, mfu 1.95%
iter 6175: loss 0.2410, time 366.86ms, mfu 1.95%
iter 6176: loss 0.2333, time 507.61ms, mfu 1.89%
iter 6177: loss 0.2517, time 299.82ms, mfu 1.94%
iter 6178: loss 0.2485, time 310.76ms, mfu 1.97%
iter 6179: loss 0.2309, time 399.85ms, mfu 1.95%
iter 6180: loss 0.2026, time 257.52ms, mfu 2.03%
iter 6181: loss 0.2433, time 345.21ms, mfu 2.04%
iter 6182: loss 0.2478, time 364.70ms, mfu 2.03%
iter 6183: loss 0.2172, time 233.62ms, mfu 2.13%
iter 6184: loss 0.2489, time 441.03ms, mfu 2.08%
iter 6185: loss 0.2378, time 515.00ms, mfu 2.01%
iter 6186: loss 0.2343, time 444.46ms, mfu 1.96%
iter 6187: loss 0.2209, time 386.93ms, mfu 1.95%
iter 6188: loss 0.2396, time 510.90ms, mfu 1.89%
iter 6189: loss 0.2348, time 310.90ms, mfu 1.93%
iter 6190: loss 0.2625, time 447.25ms, mfu 1.90%
iter 6191: loss 0.1946, time 257.79ms, mfu 1.98%
iter 6192: loss 0.2187, time 224.38ms, mfu 2.10%
iter 6193: loss 0.2142, time 403.54ms, mfu 2.07%
iter 6194: loss 0.2700, time 400.27ms, mfu 2.04%
iter 6195: loss 0.2749, time 349.03ms, mfu 2.04%
iter 6196: loss 0.2290, time 454.92ms, mfu 1.99%
iter 6197: loss 0.2276, time 356.55ms, mfu 1.99%
iter 6198: loss 0.2109, time 426.50ms, mfu 1.96%
iter 6199: loss 0.2807, time 300.44ms, mfu 2.00%
iter 6200: loss 0.2326, time 410.78ms, mfu 1.97%
  === DIAG iter 6200 ===
  loss: 0.2326
  grads: total 0.5670, transformer 0.1181, adapter 0.5545
  <NUM> input tokens: 708/3072 (23.0%)
  lr: 4.72e-04
  SME accuracy: overall 0.881, sign 0.975, exp 0.974, digit 0.819 [d0 0.863 d1 0.838 d2 0.775] (396 SME tokens)
iter 6201: loss 0.1982, time 175.09ms, mfu 2.18%
iter 6202: loss 0.2302, time 273.10ms, mfu 2.22%
iter 6203: loss 0.2815, time 364.08ms, mfu 2.19%
iter 6204: loss 0.2486, time 405.52ms, mfu 2.15%
iter 6205: loss 0.2487, time 411.66ms, mfu 2.10%
iter 6206: loss 0.2345, time 353.23ms, mfu 2.09%
iter 6207: loss 0.2252, time 328.04ms, mfu 2.10%
iter 6208: loss 0.2225, time 460.98ms, mfu 2.04%
iter 6209: loss 0.2881, time 285.88ms, mfu 2.09%
iter 6210: loss 0.2793, time 330.11ms, mfu 2.09%
iter 6211: loss 0.2205, time 258.89ms, mfu 2.16%
iter 6212: loss 0.2113, time 408.86ms, mfu 2.12%
iter 6213: loss 0.2502, time 487.80ms, mfu 2.05%
iter 6214: loss 0.2600, time 395.83ms, mfu 2.02%
iter 6215: loss 0.2513, time 452.77ms, mfu 1.98%
iter 6216: loss 0.2609, time 278.74ms, mfu 2.03%
iter 6217: loss 0.2362, time 227.01ms, mfu 2.14%
iter 6218: loss 0.2371, time 297.25ms, mfu 2.17%
iter 6219: loss 0.2339, time 537.76ms, mfu 2.08%
iter 6220: loss 0.2619, time 331.83ms, mfu 2.09%
iter 6221: loss 0.2528, time 333.88ms, mfu 2.09%
iter 6222: loss 0.2005, time 420.95ms, mfu 2.05%
iter 6223: loss 0.2255, time 364.76ms, mfu 2.04%
iter 6224: loss 0.2354, time 298.22ms, mfu 2.07%
iter 6225: loss 0.2357, time 377.94ms, mfu 2.05%
iter 6226: loss 0.2664, time 416.76ms, mfu 2.02%
iter 6227: loss 0.2628, time 271.02ms, mfu 2.08%
iter 6228: loss 0.2326, time 259.91ms, mfu 2.14%
iter 6229: loss 0.2280, time 368.08ms, mfu 2.12%
iter 6230: loss 0.2305, time 461.99ms, mfu 2.06%
iter 6231: loss 0.2575, time 276.45ms, mfu 2.11%
iter 6232: loss 0.1989, time 487.09ms, mfu 2.05%
iter 6233: loss 0.2423, time 475.03ms, mfu 1.99%
iter 6234: loss 0.2285, time 212.62ms, mfu 2.13%
iter 6235: loss 0.2391, time 431.34ms, mfu 2.08%
iter 6236: loss 0.2122, time 336.50ms, mfu 2.08%
iter 6237: loss 0.2404, time 281.63ms, mfu 2.12%
iter 6238: loss 0.2397, time 350.98ms, mfu 2.11%
iter 6239: loss 0.2198, time 265.16ms, mfu 2.17%
iter 6240: loss 0.2292, time 354.08ms, mfu 2.15%
iter 6241: loss 0.2527, time 366.29ms, mfu 2.13%
iter 6242: loss 0.2397, time 463.22ms, mfu 2.07%
iter 6243: loss 0.2023, time 381.90ms, mfu 2.05%
iter 6244: loss 0.2246, time 360.06ms, mfu 2.04%
iter 6245: loss 0.2288, time 403.84ms, mfu 2.01%
iter 6246: loss 0.2225, time 409.97ms, mfu 1.98%
iter 6247: loss 0.2457, time 310.77ms, mfu 2.01%
iter 6248: loss 0.2350, time 483.86ms, mfu 1.96%
iter 6249: loss 0.2320, time 428.82ms, mfu 1.93%
iter 6250: loss 0.2802, time 286.99ms, mfu 1.98%
iter 6251: loss 0.2129, time 364.90ms, mfu 1.98%
iter 6252: loss 0.2220, time 301.41ms, mfu 2.02%
iter 6253: loss 0.2219, time 329.47ms, mfu 2.03%
iter 6254: loss 0.2620, time 463.64ms, mfu 1.98%
iter 6255: loss 0.2648, time 454.53ms, mfu 1.94%
iter 6256: loss 0.2218, time 301.78ms, mfu 1.98%
iter 6257: loss 0.2403, time 421.64ms, mfu 1.95%
iter 6258: loss 0.2408, time 276.04ms, mfu 2.01%
iter 6259: loss 0.2200, time 450.86ms, mfu 1.97%
iter 6260: loss 0.2465, time 359.83ms, mfu 1.97%
iter 6261: loss 0.2388, time 391.29ms, mfu 1.95%
iter 6262: loss 0.2387, time 352.91ms, mfu 1.96%
iter 6263: loss 0.2208, time 365.89ms, mfu 1.95%
iter 6264: loss 0.2940, time 447.29ms, mfu 1.92%
iter 6265: loss 0.2347, time 437.68ms, mfu 1.89%
iter 6266: loss 0.2592, time 293.70ms, mfu 1.94%
iter 6267: loss 0.2310, time 432.80ms, mfu 1.91%
iter 6268: loss 0.2204, time 382.42ms, mfu 1.90%
iter 6269: loss 0.2458, time 408.09ms, mfu 1.89%
iter 6270: loss 0.2125, time 300.85ms, mfu 1.93%
iter 6271: loss 0.2545, time 430.03ms, mfu 1.91%
iter 6272: loss 0.2033, time 485.70ms, mfu 1.86%
iter 6273: loss 0.2482, time 301.91ms, mfu 1.91%
iter 6274: loss 0.2670, time 410.80ms, mfu 1.89%
iter 6275: loss 0.2635, time 449.76ms, mfu 1.86%
iter 6276: loss 0.2233, time 398.95ms, mfu 1.85%
iter 6277: loss 0.2641, time 369.47ms, mfu 1.86%
iter 6278: loss 0.2375, time 261.80ms, mfu 1.94%
iter 6279: loss 0.2462, time 476.91ms, mfu 1.90%
iter 6280: loss 0.2516, time 361.43ms, mfu 1.90%
iter 6281: loss 0.2503, time 389.58ms, mfu 1.90%
iter 6282: loss 0.2153, time 269.78ms, mfu 1.97%
iter 6283: loss 0.2325, time 503.56ms, mfu 1.91%
iter 6284: loss 0.2261, time 400.17ms, mfu 1.90%
iter 6285: loss 0.2287, time 292.82ms, mfu 1.95%
iter 6286: loss 0.2470, time 367.31ms, mfu 1.95%
iter 6287: loss 0.2228, time 407.25ms, mfu 1.93%
iter 6288: loss 0.2191, time 389.12ms, mfu 1.92%
iter 6289: loss 0.2474, time 401.51ms, mfu 1.90%
iter 6290: loss 0.2377, time 395.13ms, mfu 1.89%
iter 6291: loss 0.2414, time 339.63ms, mfu 1.91%
iter 6292: loss 0.2435, time 389.27ms, mfu 1.90%
iter 6293: loss 0.2408, time 468.11ms, mfu 1.86%
iter 6294: loss 0.2175, time 422.31ms, mfu 1.84%
iter 6295: loss 0.2459, time 234.82ms, mfu 1.96%
iter 6296: loss 0.2059, time 349.62ms, mfu 1.97%
iter 6297: loss 0.2163, time 454.66ms, mfu 1.93%
iter 6298: loss 0.2560, time 435.74ms, mfu 1.90%
iter 6299: loss 0.2549, time 479.21ms, mfu 1.86%
iter 6300: loss 0.2195, time 511.04ms, mfu 1.81%
  === DIAG iter 6300 ===
  loss: 0.2195
  grads: total 0.4895, transformer 0.1099, adapter 0.4770
  <NUM> input tokens: 634/3072 (20.6%)
  lr: 4.67e-04
  SME accuracy: overall 0.922, sign 1.000, exp 0.966, digit 0.882 [d0 0.978 d1 0.888 d2 0.809] (450 SME tokens)
iter 6301: loss 0.2261, time 206.57ms, mfu 1.97%
iter 6302: loss 0.2339, time 306.29ms, mfu 2.01%
iter 6303: loss 0.2364, time 453.53ms, mfu 1.96%
iter 6304: loss 0.2440, time 312.26ms, mfu 1.99%
iter 6305: loss 0.2430, time 428.09ms, mfu 1.96%
iter 6306: loss 0.2358, time 506.43ms, mfu 1.90%
iter 6307: loss 0.2286, time 364.59ms, mfu 1.91%
iter 6308: loss 0.2376, time 304.46ms, mfu 1.95%
iter 6309: loss 0.2373, time 369.08ms, mfu 1.95%
iter 6310: loss 0.2569, time 466.87ms, mfu 1.90%
iter 6311: loss 0.2151, time 196.96ms, mfu 2.07%
iter 6312: loss 0.2355, time 410.47ms, mfu 2.04%
iter 6313: loss 0.2014, time 347.27ms, mfu 2.04%
iter 6314: loss 0.2356, time 414.94ms, mfu 2.01%
iter 6315: loss 0.2515, time 376.66ms, mfu 1.99%
iter 6316: loss 0.2559, time 389.23ms, mfu 1.98%
iter 6317: loss 0.2527, time 309.68ms, mfu 2.01%
iter 6318: loss 0.2391, time 298.16ms, mfu 2.04%
iter 6319: loss 0.2254, time 420.09ms, mfu 2.01%
iter 6320: loss 0.2184, time 406.18ms, mfu 1.98%
iter 6321: loss 0.2140, time 423.40ms, mfu 1.95%
iter 6322: loss 0.2264, time 591.69ms, mfu 1.88%
iter 6323: loss 0.2259, time 382.37ms, mfu 1.87%
iter 6324: loss 0.2489, time 431.82ms, mfu 1.85%
iter 6325: loss 0.2816, time 368.04ms, mfu 1.86%
iter 6326: loss 0.2196, time 398.65ms, mfu 1.85%
iter 6327: loss 0.2272, time 358.04ms, mfu 1.86%
iter 6328: loss 0.2870, time 480.83ms, mfu 1.82%
iter 6329: loss 0.2251, time 348.92ms, mfu 1.84%
iter 6330: loss 0.2583, time 348.67ms, mfu 1.86%
iter 6331: loss 0.2446, time 308.11ms, mfu 1.91%
iter 6332: loss 0.2591, time 382.10ms, mfu 1.90%
iter 6333: loss 0.2299, time 426.66ms, mfu 1.88%
iter 6334: loss 0.2184, time 460.72ms, mfu 1.84%
iter 6335: loss 0.2328, time 452.57ms, mfu 1.82%
iter 6336: loss 0.2384, time 341.33ms, mfu 1.84%
iter 6337: loss 0.2219, time 398.58ms, mfu 1.84%
iter 6338: loss 0.2529, time 342.23ms, mfu 1.86%
iter 6339: loss 0.2487, time 389.27ms, mfu 1.86%
iter 6340: loss 0.2342, time 392.68ms, mfu 1.85%
iter 6341: loss 0.2706, time 259.78ms, mfu 1.94%
iter 6342: loss 0.2368, time 507.74ms, mfu 1.88%
iter 6343: loss 0.2522, time 377.71ms, mfu 1.88%
iter 6344: loss 0.2554, time 419.16ms, mfu 1.86%
iter 6345: loss 0.2309, time 404.00ms, mfu 1.85%
iter 6346: loss 0.2103, time 291.24ms, mfu 1.91%
iter 6347: loss 0.2412, time 341.41ms, mfu 1.93%
iter 6348: loss 0.2424, time 417.80ms, mfu 1.90%
iter 6349: loss 0.2457, time 339.57ms, mfu 1.92%
iter 6350: loss 0.2648, time 421.70ms, mfu 1.90%
iter 6351: loss 0.2388, time 475.05ms, mfu 1.86%
iter 6352: loss 0.2316, time 320.85ms, mfu 1.89%
iter 6353: loss 0.2233, time 450.94ms, mfu 1.86%
iter 6354: loss 0.2453, time 385.51ms, mfu 1.86%
iter 6355: loss 0.2513, time 353.19ms, mfu 1.87%
iter 6356: loss 0.2755, time 525.23ms, mfu 1.82%
iter 6357: loss 0.2066, time 354.63ms, mfu 1.84%
iter 6358: loss 0.2353, time 513.05ms, mfu 1.79%
iter 6359: loss 0.2422, time 516.64ms, mfu 1.75%
iter 6360: loss 0.2452, time 382.82ms, mfu 1.76%
iter 6361: loss 0.2231, time 329.11ms, mfu 1.80%
iter 6362: loss 0.2419, time 484.82ms, mfu 1.77%
iter 6363: loss 0.2350, time 380.12ms, mfu 1.78%
iter 6364: loss 0.2214, time 430.50ms, mfu 1.76%
iter 6365: loss 0.2333, time 448.41ms, mfu 1.74%
iter 6366: loss 0.2273, time 295.32ms, mfu 1.81%
iter 6367: loss 0.2049, time 359.59ms, mfu 1.83%
iter 6368: loss 0.2495, time 374.05ms, mfu 1.83%
iter 6369: loss 0.2748, time 398.63ms, mfu 1.83%
iter 6370: loss 0.2205, time 386.63ms, mfu 1.83%
iter 6371: loss 0.2638, time 333.37ms, mfu 1.86%
iter 6372: loss 0.2387, time 261.36ms, mfu 1.94%
iter 6373: loss 0.2267, time 304.33ms, mfu 1.98%
iter 6374: loss 0.2289, time 373.61ms, mfu 1.97%
iter 6375: loss 0.2158, time 478.74ms, mfu 1.92%
iter 6376: loss 0.2336, time 473.66ms, mfu 1.88%
iter 6377: loss 0.2556, time 304.43ms, mfu 1.93%
iter 6378: loss 0.2442, time 466.32ms, mfu 1.89%
iter 6379: loss 0.2256, time 344.42ms, mfu 1.90%
iter 6380: loss 0.2412, time 433.69ms, mfu 1.88%
iter 6381: loss 0.2505, time 441.98ms, mfu 1.85%
iter 6382: loss 0.2801, time 411.20ms, mfu 1.84%
iter 6383: loss 0.2542, time 451.15ms, mfu 1.81%
iter 6384: loss 0.2315, time 351.37ms, mfu 1.83%
iter 6385: loss 0.2367, time 332.91ms, mfu 1.86%
iter 6386: loss 0.2318, time 324.58ms, mfu 1.89%
iter 6387: loss 0.2818, time 399.58ms, mfu 1.88%
iter 6388: loss 0.2720, time 440.80ms, mfu 1.85%
iter 6389: loss 0.2219, time 423.99ms, mfu 1.84%
iter 6390: loss 0.2393, time 241.95ms, mfu 1.94%
iter 6391: loss 0.2369, time 359.37ms, mfu 1.95%
iter 6392: loss 0.2390, time 283.34ms, mfu 2.00%
iter 6393: loss 0.2249, time 337.28ms, mfu 2.01%
iter 6394: loss 0.2461, time 466.53ms, mfu 1.96%
iter 6395: loss 0.2198, time 370.53ms, mfu 1.96%
iter 6396: loss 0.2224, time 373.85ms, mfu 1.95%
iter 6397: loss 0.2328, time 354.63ms, mfu 1.96%
iter 6398: loss 0.2527, time 378.37ms, mfu 1.95%
iter 6399: loss 0.2124, time 305.68ms, mfu 1.99%
iter 6400: loss 0.2737, time 460.34ms, mfu 1.94%
  === DIAG iter 6400 ===
  loss: 0.2737
  grads: total 0.4371, transformer 0.1192, adapter 0.4205
  <NUM> input tokens: 621/3072 (20.2%)
  lr: 4.61e-04
  SME accuracy: overall 0.830, sign 0.968, exp 0.948, digit 0.745 [d0 0.884 d1 0.726 d2 0.642] (477 SME tokens)
iter 6401: loss 0.2595, time 204.95ms, mfu 2.09%
iter 6402: loss 0.2104, time 357.01ms, mfu 2.08%
iter 6403: loss 0.2458, time 403.98ms, mfu 2.05%
iter 6404: loss 0.2609, time 299.78ms, mfu 2.08%
iter 6405: loss 0.2231, time 374.84ms, mfu 2.06%
iter 6406: loss 0.2312, time 315.61ms, mfu 2.08%
iter 6407: loss 0.2217, time 357.19ms, mfu 2.07%
iter 6408: loss 0.2461, time 444.21ms, mfu 2.02%
iter 6409: loss 0.2386, time 446.53ms, mfu 1.98%
iter 6410: loss 0.2497, time 404.54ms, mfu 1.96%
iter 6411: loss 0.2551, time 393.74ms, mfu 1.94%
iter 6412: loss 0.2295, time 344.92ms, mfu 1.95%
iter 6413: loss 0.2736, time 316.22ms, mfu 1.98%
iter 6414: loss 0.2383, time 288.00ms, mfu 2.03%
iter 6415: loss 0.2468, time 391.04ms, mfu 2.01%
iter 6416: loss 0.2395, time 273.03ms, mfu 2.07%
iter 6417: loss 0.2622, time 421.55ms, mfu 2.03%
iter 6418: loss 0.2768, time 487.20ms, mfu 1.97%
iter 6419: loss 0.2684, time 314.22ms, mfu 2.00%
iter 6420: loss 0.2284, time 352.03ms, mfu 2.00%
iter 6421: loss 0.2326, time 304.42ms, mfu 2.03%
iter 6422: loss 0.2250, time 283.85ms, mfu 2.08%
iter 6423: loss 0.2777, time 490.95ms, mfu 2.02%
iter 6424: loss 0.2528, time 328.04ms, mfu 2.03%
iter 6425: loss 0.2234, time 450.10ms, mfu 1.98%
iter 6426: loss 0.2296, time 353.89ms, mfu 1.99%
iter 6427: loss 0.2431, time 355.93ms, mfu 1.99%
iter 6428: loss 0.2385, time 299.13ms, mfu 2.03%
iter 6429: loss 0.2908, time 637.87ms, mfu 1.93%
iter 6430: loss 0.2276, time 349.42ms, mfu 1.94%
iter 6431: loss 0.2064, time 487.39ms, mfu 1.89%
iter 6432: loss 0.2701, time 388.09ms, mfu 1.89%
iter 6433: loss 0.2232, time 297.31ms, mfu 1.94%
iter 6434: loss 0.2508, time 418.16ms, mfu 1.91%
iter 6435: loss 0.2111, time 438.37ms, mfu 1.88%
iter 6436: loss 0.2108, time 411.55ms, mfu 1.87%
iter 6437: loss 0.2368, time 290.67ms, mfu 1.92%
iter 6438: loss 0.2437, time 335.55ms, mfu 1.94%
iter 6439: loss 0.2588, time 331.22ms, mfu 1.96%
iter 6440: loss 0.2647, time 407.49ms, mfu 1.94%
iter 6441: loss 0.2499, time 416.50ms, mfu 1.92%
iter 6442: loss 0.2441, time 403.39ms, mfu 1.90%
iter 6443: loss 0.2802, time 271.42ms, mfu 1.97%
iter 6444: loss 0.2266, time 306.28ms, mfu 2.01%
iter 6445: loss 0.2725, time 248.16ms, mfu 2.09%
iter 6446: loss 0.2266, time 423.83ms, mfu 2.05%
iter 6447: loss 0.2380, time 254.18ms, mfu 2.12%
iter 6448: loss 0.2225, time 277.07ms, mfu 2.17%
iter 6449: loss 0.2222, time 315.46ms, mfu 2.17%
iter 6450: loss 0.2432, time 331.11ms, mfu 2.17%
iter 6451: loss 0.2378, time 499.03ms, mfu 2.10%
iter 6452: loss 0.1928, time 520.40ms, mfu 2.02%
iter 6453: loss 0.2149, time 300.81ms, mfu 2.06%
iter 6454: loss 0.2284, time 400.57ms, mfu 2.03%
iter 6455: loss 0.2486, time 365.04ms, mfu 2.02%
iter 6456: loss 0.2521, time 420.93ms, mfu 1.99%
iter 6457: loss 0.2416, time 231.96ms, mfu 2.09%
iter 6458: loss 0.2496, time 469.36ms, mfu 2.03%
iter 6459: loss 0.2166, time 444.02ms, mfu 1.99%
iter 6460: loss 0.2399, time 435.49ms, mfu 1.95%
iter 6461: loss 0.1947, time 362.03ms, mfu 1.95%
iter 6462: loss 0.2566, time 419.91ms, mfu 1.93%
iter 6463: loss 0.2250, time 304.82ms, mfu 1.97%
iter 6464: loss 0.2340, time 295.54ms, mfu 2.01%
iter 6465: loss 0.2152, time 301.56ms, mfu 2.04%
iter 6466: loss 0.2451, time 393.62ms, mfu 2.02%
iter 6467: loss 0.2179, time 453.11ms, mfu 1.97%
iter 6468: loss 0.2279, time 322.80ms, mfu 2.00%
iter 6469: loss 0.2320, time 248.64ms, mfu 2.08%
iter 6470: loss 0.2461, time 395.83ms, mfu 2.05%
iter 6471: loss 0.2480, time 322.81ms, mfu 2.07%
iter 6472: loss 0.2292, time 249.83ms, mfu 2.14%
iter 6473: loss 0.2712, time 514.85ms, mfu 2.07%
iter 6474: loss 0.2518, time 357.82ms, mfu 2.06%
iter 6475: loss 0.2119, time 481.35ms, mfu 2.00%
iter 6476: loss 0.2203, time 417.84ms, mfu 1.97%
iter 6477: loss 0.2145, time 362.10ms, mfu 1.97%
iter 6478: loss 0.2697, time 414.03ms, mfu 1.94%
iter 6479: loss 0.2681, time 435.30ms, mfu 1.91%
iter 6480: loss 0.2335, time 427.98ms, mfu 1.89%
iter 6481: loss 0.2519, time 506.94ms, mfu 1.84%
iter 6482: loss 0.1875, time 424.49ms, mfu 1.82%
iter 6483: loss 0.2374, time 394.98ms, mfu 1.82%
iter 6484: loss 0.2299, time 404.24ms, mfu 1.81%
iter 6485: loss 0.2540, time 325.17ms, mfu 1.85%
iter 6486: loss 0.2236, time 274.73ms, mfu 1.92%
iter 6487: loss 0.2463, time 406.32ms, mfu 1.90%
iter 6488: loss 0.2311, time 337.06ms, mfu 1.92%
iter 6489: loss 0.2215, time 430.34ms, mfu 1.90%
iter 6490: loss 0.2404, time 398.02ms, mfu 1.88%
iter 6491: loss 0.2577, time 368.08ms, mfu 1.89%
iter 6492: loss 0.2641, time 406.37ms, mfu 1.87%
iter 6493: loss 0.2293, time 496.65ms, mfu 1.83%
iter 6494: loss 0.2535, time 496.75ms, mfu 1.79%
iter 6495: loss 0.2333, time 328.21ms, mfu 1.83%
iter 6496: loss 0.2503, time 351.82ms, mfu 1.84%
iter 6497: loss 0.2284, time 350.83ms, mfu 1.86%
iter 6498: loss 0.2355, time 295.73ms, mfu 1.92%
iter 6499: loss 0.2137, time 416.32ms, mfu 1.89%
iter 6500: loss 0.2457, time 467.15ms, mfu 1.86%
  === DIAG iter 6500 ===
  loss: 0.2457
  grads: total 0.4240, transformer 0.1142, adapter 0.4083
  <NUM> input tokens: 669/3072 (21.8%)
  lr: 4.55e-04
  SME accuracy: overall 0.868, sign 0.988, exp 0.965, digit 0.797 [d0 0.872 d1 0.814 d2 0.744] (433 SME tokens)
iter 6501: loss 0.2432, time 174.95ms, mfu 2.08%
iter 6502: loss 0.2310, time 356.63ms, mfu 2.07%
iter 6503: loss 0.2422, time 434.78ms, mfu 2.02%
iter 6504: loss 0.1954, time 269.88ms, mfu 2.08%
iter 6505: loss 0.2225, time 360.53ms, mfu 2.07%
iter 6506: loss 0.2323, time 304.67ms, mfu 2.10%
iter 6507: loss 0.2251, time 395.39ms, mfu 2.07%
iter 6508: loss 0.2429, time 299.25ms, mfu 2.10%
iter 6509: loss 0.2415, time 378.93ms, mfu 2.07%
iter 6510: loss 0.2567, time 335.42ms, mfu 2.08%
iter 6511: loss 0.2583, time 252.54ms, mfu 2.15%
iter 6512: loss 0.2527, time 368.28ms, mfu 2.13%
iter 6513: loss 0.2163, time 360.24ms, mfu 2.11%
iter 6514: loss 0.2775, time 285.13ms, mfu 2.15%
iter 6515: loss 0.2313, time 316.40ms, mfu 2.16%
iter 6516: loss 0.2214, time 379.43ms, mfu 2.13%
iter 6517: loss 0.2241, time 422.38ms, mfu 2.08%
iter 6518: loss 0.2489, time 295.33ms, mfu 2.12%
iter 6519: loss 0.2519, time 450.49ms, mfu 2.06%
iter 6520: loss 0.2301, time 342.72ms, mfu 2.06%
iter 6521: loss 0.2400, time 289.61ms, mfu 2.10%
iter 6522: loss 0.2682, time 372.97ms, mfu 2.08%
iter 6523: loss 0.2340, time 314.20ms, mfu 2.10%
iter 6524: loss 0.2138, time 325.31ms, mfu 2.11%
iter 6525: loss 0.2269, time 419.27ms, mfu 2.06%
iter 6526: loss 0.2453, time 479.01ms, mfu 2.01%
iter 6527: loss 0.2492, time 433.23ms, mfu 1.97%
iter 6528: loss 0.2350, time 433.73ms, mfu 1.94%
iter 6529: loss 0.2250, time 308.87ms, mfu 1.97%
iter 6530: loss 0.2196, time 470.62ms, mfu 1.92%
iter 6531: loss 0.2410, time 289.45ms, mfu 1.98%
iter 6532: loss 0.2280, time 460.31ms, mfu 1.93%
iter 6533: loss 0.2303, time 352.96ms, mfu 1.94%
iter 6534: loss 0.2178, time 575.94ms, mfu 1.87%
iter 6535: loss 0.2388, time 354.58ms, mfu 1.88%
iter 6536: loss 0.2177, time 309.80ms, mfu 1.92%
iter 6537: loss 0.2335, time 279.26ms, mfu 1.98%
iter 6538: loss 0.2494, time 350.83ms, mfu 1.99%
iter 6539: loss 0.2482, time 416.14ms, mfu 1.96%
iter 6540: loss 0.2245, time 413.59ms, mfu 1.94%
iter 6541: loss 0.2311, time 440.65ms, mfu 1.90%
iter 6542: loss 0.2271, time 299.16ms, mfu 1.95%
iter 6543: loss 0.2627, time 365.68ms, mfu 1.95%
iter 6544: loss 0.2230, time 383.22ms, mfu 1.94%
iter 6545: loss 0.2553, time 256.63ms, mfu 2.02%
iter 6546: loss 0.2137, time 411.38ms, mfu 1.99%
iter 6547: loss 0.2381, time 410.51ms, mfu 1.96%
iter 6548: loss 0.2264, time 436.30ms, mfu 1.93%
iter 6549: loss 0.2634, time 273.67ms, mfu 2.00%
iter 6550: loss 0.2262, time 348.92ms, mfu 2.00%
iter 6551: loss 0.2465, time 510.32ms, mfu 1.94%
iter 6552: loss 0.2294, time 213.38ms, mfu 2.08%
iter 6553: loss 0.2151, time 386.11ms, mfu 2.05%
iter 6554: loss 0.2204, time 460.30ms, mfu 2.00%
iter 6555: loss 0.2190, time 291.01ms, mfu 2.04%
iter 6556: loss 0.2528, time 353.84ms, mfu 2.04%
iter 6557: loss 0.2598, time 288.14ms, mfu 2.08%
iter 6558: loss 0.2371, time 300.33ms, mfu 2.11%
iter 6559: loss 0.2572, time 472.74ms, mfu 2.05%
iter 6560: loss 0.2435, time 332.98ms, mfu 2.06%
iter 6561: loss 0.2428, time 313.32ms, mfu 2.08%
iter 6562: loss 0.2304, time 419.10ms, mfu 2.04%
iter 6563: loss 0.2406, time 439.36ms, mfu 2.00%
iter 6564: loss 0.2344, time 480.56ms, mfu 1.94%
iter 6565: loss 0.2434, time 289.96ms, mfu 1.99%
iter 6566: loss 0.2405, time 464.05ms, mfu 1.95%
iter 6567: loss 0.2269, time 443.76ms, mfu 1.91%
iter 6568: loss 0.2146, time 269.42ms, mfu 1.98%
iter 6569: loss 0.2886, time 366.34ms, mfu 1.98%
iter 6570: loss 0.2274, time 286.95ms, mfu 2.03%
iter 6571: loss 0.2249, time 397.75ms, mfu 2.00%
iter 6572: loss 0.2567, time 271.49ms, mfu 2.06%
iter 6573: loss 0.2518, time 385.66ms, mfu 2.04%
iter 6574: loss 0.2397, time 402.67ms, mfu 2.01%
iter 6575: loss 0.2307, time 339.40ms, mfu 2.02%
iter 6576: loss 0.2265, time 346.69ms, mfu 2.02%
iter 6577: loss 0.2508, time 352.82ms, mfu 2.02%
iter 6578: loss 0.2375, time 366.46ms, mfu 2.01%
iter 6579: loss 0.2213, time 354.34ms, mfu 2.01%
iter 6580: loss 0.2845, time 553.77ms, mfu 1.94%
iter 6581: loss 0.2548, time 312.76ms, mfu 1.97%
iter 6582: loss 0.2324, time 300.06ms, mfu 2.01%
iter 6583: loss 0.2388, time 496.73ms, mfu 1.95%
iter 6584: loss 0.2212, time 360.82ms, mfu 1.95%
iter 6585: loss 0.2183, time 218.72ms, mfu 2.08%
iter 6586: loss 0.2416, time 469.78ms, mfu 2.02%
iter 6587: loss 0.2348, time 288.28ms, mfu 2.07%
iter 6588: loss 0.2428, time 380.20ms, mfu 2.05%
iter 6589: loss 0.2506, time 340.34ms, mfu 2.05%
iter 6590: loss 0.2388, time 348.94ms, mfu 2.05%
iter 6591: loss 0.2409, time 440.40ms, mfu 2.01%
iter 6592: loss 0.2554, time 444.57ms, mfu 1.96%
iter 6593: loss 0.2498, time 355.65ms, mfu 1.97%
iter 6594: loss 0.2245, time 363.87ms, mfu 1.96%
iter 6595: loss 0.2081, time 357.03ms, mfu 1.97%
iter 6596: loss 0.2675, time 469.65ms, mfu 1.92%
iter 6597: loss 0.2266, time 334.96ms, mfu 1.94%
iter 6598: loss 0.2399, time 421.37ms, mfu 1.91%
iter 6599: loss 0.2345, time 541.98ms, mfu 1.85%
iter 6600: loss 0.2208, time 475.87ms, mfu 1.82%
  === DIAG iter 6600 ===
  loss: 0.2208
  grads: total 0.4422, transformer 0.1736, adapter 0.4067
  <NUM> input tokens: 668/3072 (21.7%)
  lr: 4.50e-04
  SME accuracy: overall 0.923, sign 0.991, exp 0.991, digit 0.877 [d0 0.963 d1 0.916 d2 0.757] (531 SME tokens)
iter 6601: loss 0.2297, time 224.95ms, mfu 1.95%
iter 6602: loss 0.2545, time 468.49ms, mfu 1.91%
iter 6603: loss 0.2443, time 419.13ms, mfu 1.89%
iter 6604: loss 0.2370, time 343.90ms, mfu 1.90%
iter 6605: loss 0.2404, time 305.23ms, mfu 1.94%
iter 6606: loss 0.2476, time 405.32ms, mfu 1.93%
iter 6607: loss 0.2409, time 401.19ms, mfu 1.91%
iter 6608: loss 0.2785, time 320.64ms, mfu 1.94%
iter 6609: loss 0.2329, time 420.45ms, mfu 1.91%
iter 6610: loss 0.2380, time 245.20ms, mfu 2.01%
iter 6611: loss 0.2229, time 435.94ms, mfu 1.97%
iter 6612: loss 0.2225, time 376.23ms, mfu 1.96%
iter 6613: loss 0.2402, time 517.99ms, mfu 1.90%
iter 6614: loss 0.2274, time 385.28ms, mfu 1.90%
iter 6615: loss 0.2383, time 333.48ms, mfu 1.92%
iter 6616: loss 0.2240, time 364.25ms, mfu 1.92%
iter 6617: loss 0.2255, time 438.41ms, mfu 1.89%
iter 6618: loss 0.2606, time 339.22ms, mfu 1.91%
iter 6619: loss 0.2057, time 407.92ms, mfu 1.89%
iter 6620: loss 0.2465, time 415.94ms, mfu 1.88%
iter 6621: loss 0.2448, time 326.04ms, mfu 1.91%
iter 6622: loss 0.2502, time 310.42ms, mfu 1.94%
iter 6623: loss 0.2181, time 258.83ms, mfu 2.02%
iter 6624: loss 0.2348, time 531.72ms, mfu 1.95%
iter 6625: loss 0.2372, time 308.49ms, mfu 1.99%
iter 6626: loss 0.2290, time 435.75ms, mfu 1.95%
iter 6627: loss 0.2304, time 398.44ms, mfu 1.93%
iter 6628: loss 0.2563, time 347.15ms, mfu 1.95%
iter 6629: loss 0.2336, time 349.41ms, mfu 1.95%
iter 6630: loss 0.2530, time 386.17ms, mfu 1.94%
iter 6631: loss 0.2182, time 421.79ms, mfu 1.92%
iter 6632: loss 0.2369, time 366.56ms, mfu 1.92%
iter 6633: loss 0.2136, time 304.61ms, mfu 1.96%
iter 6634: loss 0.2224, time 377.70ms, mfu 1.95%
iter 6635: loss 0.2308, time 333.36ms, mfu 1.97%
iter 6636: loss 0.2558, time 419.52ms, mfu 1.94%
iter 6637: loss 0.2432, time 361.62ms, mfu 1.94%
iter 6638: loss 0.2572, time 386.33ms, mfu 1.93%
iter 6639: loss 0.2437, time 451.35ms, mfu 1.90%
iter 6640: loss 0.2045, time 365.28ms, mfu 1.90%
iter 6641: loss 0.2130, time 358.73ms, mfu 1.91%
iter 6642: loss 0.2591, time 481.65ms, mfu 1.86%
iter 6643: loss 0.2391, time 447.28ms, mfu 1.84%
iter 6644: loss 0.2218, time 236.14ms, mfu 1.95%
iter 6645: loss 0.2473, time 465.07ms, mfu 1.91%
iter 6646: loss 0.2480, time 378.76ms, mfu 1.91%
iter 6647: loss 0.2349, time 332.47ms, mfu 1.93%
iter 6648: loss 0.2603, time 389.24ms, mfu 1.92%
iter 6649: loss 0.2375, time 360.64ms, mfu 1.92%
iter 6650: loss 0.2450, time 345.21ms, mfu 1.94%
iter 6651: loss 0.2584, time 349.72ms, mfu 1.94%
iter 6652: loss 0.2633, time 339.44ms, mfu 1.96%
iter 6653: loss 0.2181, time 345.09ms, mfu 1.97%
iter 6654: loss 0.3110, time 503.16ms, mfu 1.91%
iter 6655: loss 0.2900, time 362.23ms, mfu 1.92%
iter 6656: loss 0.2062, time 351.53ms, mfu 1.93%
iter 6657: loss 0.2497, time 374.94ms, mfu 1.92%
iter 6658: loss 0.2635, time 365.03ms, mfu 1.92%
iter 6659: loss 0.2651, time 383.42ms, mfu 1.92%
iter 6660: loss 0.2278, time 388.37ms, mfu 1.91%
iter 6661: loss 0.2128, time 251.51ms, mfu 2.00%
iter 6662: loss 0.2411, time 350.09ms, mfu 2.00%
iter 6663: loss 0.2054, time 414.93ms, mfu 1.97%
iter 6664: loss 0.2295, time 424.78ms, mfu 1.94%
iter 6665: loss 0.2352, time 311.31ms, mfu 1.98%
iter 6666: loss 0.2467, time 402.24ms, mfu 1.95%
iter 6667: loss 0.2438, time 222.43ms, mfu 2.08%
iter 6668: loss 0.2416, time 394.11ms, mfu 2.05%
iter 6669: loss 0.2622, time 301.20ms, mfu 2.08%
iter 6670: loss 0.2565, time 348.50ms, mfu 2.08%
iter 6671: loss 0.2397, time 356.96ms, mfu 2.07%
iter 6672: loss 0.2318, time 477.77ms, mfu 2.01%
iter 6673: loss 0.2580, time 285.90ms, mfu 2.05%
iter 6674: loss 0.2434, time 379.63ms, mfu 2.04%
iter 6675: loss 0.2539, time 416.36ms, mfu 2.00%
iter 6676: loss 0.2416, time 440.26ms, mfu 1.96%
iter 6677: loss 0.2367, time 419.69ms, mfu 1.94%
iter 6678: loss 0.2634, time 320.37ms, mfu 1.96%
iter 6679: loss 0.2379, time 401.79ms, mfu 1.94%
iter 6680: loss 0.2155, time 451.94ms, mfu 1.91%
iter 6681: loss 0.2207, time 478.25ms, mfu 1.86%
iter 6682: loss 0.2439, time 379.32ms, mfu 1.86%
iter 6683: loss 0.2502, time 473.30ms, mfu 1.83%
iter 6684: loss 0.2126, time 346.99ms, mfu 1.85%
iter 6685: loss 0.2137, time 331.34ms, mfu 1.88%
iter 6686: loss 0.2035, time 377.15ms, mfu 1.88%
iter 6687: loss 0.2510, time 400.89ms, mfu 1.87%
iter 6688: loss 0.2682, time 464.02ms, mfu 1.83%
iter 6689: loss 0.2706, time 357.47ms, mfu 1.85%
iter 6690: loss 0.2299, time 446.24ms, mfu 1.82%
iter 6691: loss 0.2503, time 230.02ms, mfu 1.95%
iter 6692: loss 0.2264, time 452.07ms, mfu 1.91%
iter 6693: loss 0.2342, time 418.39ms, mfu 1.89%
iter 6694: loss 0.2352, time 423.28ms, mfu 1.87%
iter 6695: loss 0.2132, time 367.24ms, mfu 1.87%
iter 6696: loss 0.2260, time 311.46ms, mfu 1.91%
iter 6697: loss 0.2420, time 372.83ms, mfu 1.91%
iter 6698: loss 0.2289, time 264.98ms, mfu 1.99%
iter 6699: loss 0.2405, time 221.29ms, mfu 2.11%
iter 6700: loss 0.2051, time 680.05ms, mfu 2.00%
  === DIAG iter 6700 ===
  loss: 0.2051
  grads: total 0.3009, transformer 0.0872, adapter 0.2880
  <NUM> input tokens: 617/3072 (20.1%)
  lr: 4.44e-04
  SME accuracy: overall 0.918, sign 0.984, exp 0.992, digit 0.871 [d0 0.922 d1 0.875 d2 0.811] (637 SME tokens)
iter 6701: loss 0.2162, time 175.85ms, mfu 2.21%
iter 6702: loss 0.2690, time 357.13ms, mfu 2.18%
iter 6703: loss 0.2196, time 464.29ms, mfu 2.12%
iter 6704: loss 0.2396, time 434.32ms, mfu 2.07%
iter 6705: loss 0.2315, time 486.52ms, mfu 2.01%
iter 6706: loss 0.2151, time 375.96ms, mfu 2.00%
iter 6707: loss 0.2226, time 406.15ms, mfu 1.97%
iter 6708: loss 0.2547, time 454.21ms, mfu 1.93%
iter 6709: loss 0.2572, time 392.40ms, mfu 1.92%
iter 6710: loss 0.2250, time 500.06ms, mfu 1.87%
iter 6711: loss 0.2387, time 321.78ms, mfu 1.90%
iter 6712: loss 0.2307, time 443.44ms, mfu 1.87%
iter 6713: loss 0.2403, time 463.42ms, mfu 1.84%
iter 6714: loss 0.2612, time 239.60ms, mfu 1.95%
iter 6715: loss 0.2325, time 422.42ms, mfu 1.92%
iter 6716: loss 0.2132, time 341.06ms, mfu 1.94%
iter 6717: loss 0.2343, time 430.81ms, mfu 1.91%
iter 6718: loss 0.2422, time 440.19ms, mfu 1.88%
iter 6719: loss 0.2293, time 344.01ms, mfu 1.90%
iter 6720: loss 0.2152, time 479.29ms, mfu 1.85%
iter 6721: loss 0.2418, time 447.42ms, mfu 1.83%
iter 6722: loss 0.2668, time 372.19ms, mfu 1.84%
iter 6723: loss 0.2213, time 331.83ms, mfu 1.87%
iter 6724: loss 0.2298, time 403.23ms, mfu 1.85%
iter 6725: loss 0.2716, time 280.82ms, mfu 1.92%
iter 6726: loss 0.2275, time 341.89ms, mfu 1.94%
iter 6727: loss 0.2209, time 323.48ms, mfu 1.96%
iter 6728: loss 0.2201, time 421.14ms, mfu 1.93%
iter 6729: loss 0.2003, time 337.98ms, mfu 1.95%
iter 6730: loss 0.2208, time 257.48ms, mfu 2.03%
iter 6731: loss 0.2306, time 289.28ms, mfu 2.07%
iter 6732: loss 0.2353, time 423.09ms, mfu 2.03%
iter 6733: loss 0.2482, time 496.28ms, mfu 1.97%
iter 6734: loss 0.2359, time 422.04ms, mfu 1.94%
iter 6735: loss 0.2171, time 248.82ms, mfu 2.03%
iter 6736: loss 0.2774, time 351.41ms, mfu 2.03%
iter 6737: loss 0.2170, time 301.26ms, mfu 2.06%
iter 6738: loss 0.2553, time 399.18ms, mfu 2.04%
iter 6739: loss 0.2190, time 347.45ms, mfu 2.04%
iter 6740: loss 0.2464, time 349.28ms, mfu 2.03%
iter 6741: loss 0.2352, time 284.55ms, mfu 2.08%
iter 6742: loss 0.2172, time 375.10ms, mfu 2.06%
iter 6743: loss 0.2342, time 429.45ms, mfu 2.02%
iter 6744: loss 0.2439, time 275.90ms, mfu 2.08%
iter 6745: loss 0.2107, time 461.67ms, mfu 2.02%
iter 6746: loss 0.2192, time 319.49ms, mfu 2.04%
iter 6747: loss 0.2762, time 434.23ms, mfu 2.00%
iter 6748: loss 0.2129, time 249.41ms, mfu 2.08%
iter 6749: loss 0.2653, time 373.75ms, mfu 2.07%
iter 6750: loss 0.2294, time 503.23ms, mfu 2.00%
iter 6751: loss 0.2559, time 400.48ms, mfu 1.98%
iter 6752: loss 0.2213, time 485.49ms, mfu 1.92%
iter 6753: loss 0.2161, time 261.02ms, mfu 2.00%
iter 6754: loss 0.2233, time 321.60ms, mfu 2.02%
iter 6755: loss 0.2483, time 286.03ms, mfu 2.07%
iter 6756: loss 0.2375, time 397.94ms, mfu 2.04%
iter 6757: loss 0.2739, time 400.85ms, mfu 2.01%
iter 6758: loss 0.2084, time 411.17ms, mfu 1.98%
iter 6759: loss 0.2562, time 474.60ms, mfu 1.94%
iter 6760: loss 0.2498, time 423.66ms, mfu 1.91%
iter 6761: loss 0.2444, time 307.36ms, mfu 1.95%
iter 6762: loss 0.2118, time 412.10ms, mfu 1.93%
iter 6763: loss 0.2274, time 330.76ms, mfu 1.95%
iter 6764: loss 0.2430, time 408.21ms, mfu 1.93%
iter 6765: loss 0.2043, time 421.43ms, mfu 1.90%
iter 6766: loss 0.2551, time 353.98ms, mfu 1.91%
iter 6767: loss 0.2511, time 332.55ms, mfu 1.93%
iter 6768: loss 0.1958, time 308.21ms, mfu 1.97%
iter 6769: loss 0.2622, time 458.54ms, mfu 1.93%
iter 6770: loss 0.2549, time 336.42ms, mfu 1.95%
iter 6771: loss 0.2956, time 283.33ms, mfu 2.00%
iter 6772: loss 0.2599, time 452.90ms, mfu 1.96%
iter 6773: loss 0.2507, time 411.65ms, mfu 1.93%
iter 6774: loss 0.2396, time 434.17ms, mfu 1.90%
iter 6775: loss 0.2559, time 405.41ms, mfu 1.89%
iter 6776: loss 0.2380, time 243.12ms, mfu 1.99%
iter 6777: loss 0.2492, time 496.23ms, mfu 1.93%
iter 6778: loss 0.2435, time 381.94ms, mfu 1.93%
iter 6779: loss 0.2479, time 349.93ms, mfu 1.94%
iter 6780: loss 0.2535, time 311.88ms, mfu 1.97%
iter 6781: loss 0.2054, time 518.20ms, mfu 1.91%
iter 6782: loss 0.2180, time 274.13ms, mfu 1.98%
iter 6783: loss 0.2454, time 418.25ms, mfu 1.95%
iter 6784: loss 0.2376, time 438.12ms, mfu 1.92%
iter 6785: loss 0.2168, time 273.25ms, mfu 1.98%
iter 6786: loss 0.2310, time 438.83ms, mfu 1.95%
iter 6787: loss 0.1975, time 320.49ms, mfu 1.97%
iter 6788: loss 0.1923, time 352.96ms, mfu 1.98%
iter 6789: loss 0.1948, time 369.70ms, mfu 1.97%
iter 6790: loss 0.2536, time 496.66ms, mfu 1.92%
iter 6791: loss 0.2233, time 394.60ms, mfu 1.90%
iter 6792: loss 0.2372, time 408.67ms, mfu 1.89%
iter 6793: loss 0.2285, time 545.28ms, mfu 1.83%
iter 6794: loss 0.2542, time 390.69ms, mfu 1.83%
iter 6795: loss 0.2466, time 320.68ms, mfu 1.87%
iter 6796: loss 0.2261, time 427.71ms, mfu 1.84%
iter 6797: loss 0.2329, time 413.22ms, mfu 1.83%
iter 6798: loss 0.2416, time 326.01ms, mfu 1.87%
iter 6799: loss 0.2286, time 433.86ms, mfu 1.84%
iter 6800: loss 0.2211, time 725.47ms, mfu 1.76%
  === DIAG iter 6800 ===
  loss: 0.2211
  grads: total 0.5544, transformer 0.0979, adapter 0.5457
  <NUM> input tokens: 637/3072 (20.7%)
  lr: 4.38e-04
  SME accuracy: overall 0.932, sign 0.988, exp 0.976, digit 0.898 [d0 0.941 d1 0.941 d2 0.821] (424 SME tokens)
iter 6801: loss 0.2334, time 230.75ms, mfu 1.89%
iter 6802: loss 0.2558, time 321.62ms, mfu 1.92%
iter 6803: loss 0.2505, time 262.17ms, mfu 2.00%
iter 6804: loss 0.2279, time 277.94ms, mfu 2.05%
iter 6805: loss 0.2435, time 349.74ms, mfu 2.05%
iter 6806: loss 0.2143, time 332.96ms, mfu 2.06%
iter 6807: loss 0.2348, time 393.20ms, mfu 2.03%
iter 6808: loss 0.2506, time 424.89ms, mfu 2.00%
iter 6809: loss 0.2235, time 306.10ms, mfu 2.03%
iter 6810: loss 0.2213, time 387.24ms, mfu 2.01%
iter 6811: loss 0.2264, time 361.87ms, mfu 2.00%
iter 6812: loss 0.2390, time 481.79ms, mfu 1.95%
iter 6813: loss 0.2992, time 325.21ms, mfu 1.97%
iter 6814: loss 0.2235, time 449.49ms, mfu 1.93%
iter 6815: loss 0.2660, time 470.41ms, mfu 1.89%
iter 6816: loss 0.2474, time 400.70ms, mfu 1.88%
iter 6817: loss 0.2388, time 321.52ms, mfu 1.91%
iter 6818: loss 0.2290, time 442.69ms, mfu 1.88%
iter 6819: loss 0.2181, time 298.30ms, mfu 1.93%
iter 6820: loss 0.2104, time 369.66ms, mfu 1.93%
iter 6821: loss 0.2303, time 435.16ms, mfu 1.90%
iter 6822: loss 0.2116, time 267.84ms, mfu 1.97%
iter 6823: loss 0.2265, time 564.28ms, mfu 1.90%
iter 6824: loss 0.2657, time 311.37ms, mfu 1.94%
iter 6825: loss 0.2500, time 407.71ms, mfu 1.92%
iter 6826: loss 0.2325, time 452.53ms, mfu 1.88%
iter 6827: loss 0.2431, time 435.40ms, mfu 1.86%
iter 6828: loss 0.2268, time 620.45ms, mfu 1.79%
iter 6829: loss 0.2809, time 297.82ms, mfu 1.85%
iter 6830: loss 0.2336, time 342.80ms, mfu 1.87%
iter 6831: loss 0.2275, time 400.61ms, mfu 1.86%
iter 6832: loss 0.2329, time 308.89ms, mfu 1.90%
iter 6833: loss 0.2174, time 299.86ms, mfu 1.95%
iter 6834: loss 0.2479, time 347.50ms, mfu 1.96%
iter 6835: loss 0.2478, time 277.35ms, mfu 2.02%
iter 6836: loss 0.2255, time 286.53ms, mfu 2.06%
iter 6837: loss 0.2302, time 401.95ms, mfu 2.03%
iter 6838: loss 0.2253, time 427.71ms, mfu 2.00%
iter 6839: loss 0.2419, time 289.94ms, mfu 2.04%
iter 6840: loss 0.2533, time 260.97ms, mfu 2.11%
iter 6841: loss 0.2347, time 409.84ms, mfu 2.07%
iter 6842: loss 0.2327, time 406.53ms, mfu 2.04%
iter 6843: loss 0.2047, time 282.53ms, mfu 2.08%
iter 6844: loss 0.2433, time 502.66ms, mfu 2.02%
iter 6845: loss 0.2095, time 405.99ms, mfu 1.99%
iter 6846: loss 0.2281, time 320.50ms, mfu 2.01%
iter 6847: loss 0.2524, time 417.20ms, mfu 1.98%
iter 6848: loss 0.2237, time 261.34ms, mfu 2.05%
iter 6849: loss 0.2410, time 258.61ms, mfu 2.12%
iter 6850: loss 0.2427, time 383.53ms, mfu 2.09%
iter 6851: loss 0.2367, time 371.54ms, mfu 2.08%
iter 6852: loss 0.2073, time 438.28ms, mfu 2.03%
iter 6853: loss 0.2438, time 472.50ms, mfu 1.98%
iter 6854: loss 0.2468, time 378.52ms, mfu 1.97%
iter 6855: loss 0.2246, time 371.57ms, mfu 1.96%
iter 6856: loss 0.2198, time 257.95ms, mfu 2.04%
iter 6857: loss 0.2426, time 277.91ms, mfu 2.09%
iter 6858: loss 0.2404, time 360.20ms, mfu 2.08%
iter 6859: loss 0.2153, time 294.46ms, mfu 2.11%
iter 6860: loss 0.2424, time 426.37ms, mfu 2.07%
iter 6861: loss 0.2323, time 377.76ms, mfu 2.05%
iter 6862: loss 0.2919, time 385.08ms, mfu 2.03%
iter 6863: loss 0.2498, time 350.31ms, mfu 2.03%
iter 6864: loss 0.2336, time 322.14ms, mfu 2.04%
iter 6865: loss 0.2393, time 502.89ms, mfu 1.98%
iter 6866: loss 0.2448, time 370.44ms, mfu 1.97%
iter 6867: loss 0.2137, time 354.14ms, mfu 1.98%
iter 6868: loss 0.2400, time 401.85ms, mfu 1.95%
iter 6869: loss 0.2229, time 393.85ms, mfu 1.94%
iter 6870: loss 0.2364, time 263.75ms, mfu 2.01%
iter 6871: loss 0.2405, time 394.84ms, mfu 1.99%
iter 6872: loss 0.2316, time 286.26ms, mfu 2.04%
iter 6873: loss 0.2319, time 438.40ms, mfu 2.00%
iter 6874: loss 0.2292, time 370.15ms, mfu 1.99%
iter 6875: loss 0.2248, time 330.55ms, mfu 2.01%
iter 6876: loss 0.2523, time 561.76ms, mfu 1.93%
iter 6877: loss 0.2311, time 447.66ms, mfu 1.90%
iter 6878: loss 0.2204, time 382.40ms, mfu 1.89%
iter 6879: loss 0.2321, time 471.17ms, mfu 1.85%
iter 6880: loss 0.2498, time 286.05ms, mfu 1.92%
iter 6881: loss 0.2258, time 318.88ms, mfu 1.95%
iter 6882: loss 0.2432, time 446.90ms, mfu 1.91%
iter 6883: loss 0.2336, time 263.21ms, mfu 1.99%
iter 6884: loss 0.2407, time 403.51ms, mfu 1.97%
iter 6885: loss 0.2204, time 380.53ms, mfu 1.95%
iter 6886: loss 0.2606, time 498.84ms, mfu 1.90%
iter 6887: loss 0.2375, time 462.83ms, mfu 1.86%
iter 6888: loss 0.2065, time 404.44ms, mfu 1.85%
iter 6889: loss 0.2369, time 441.19ms, mfu 1.83%
iter 6890: loss 0.2179, time 443.82ms, mfu 1.81%
iter 6891: loss 0.2363, time 305.26ms, mfu 1.86%
iter 6892: loss 0.2383, time 494.46ms, mfu 1.81%
iter 6893: loss 0.2407, time 343.45ms, mfu 1.84%
iter 6894: loss 0.2201, time 371.72ms, mfu 1.85%
iter 6895: loss 0.2083, time 508.98ms, mfu 1.80%
iter 6896: loss 0.2594, time 255.92ms, mfu 1.90%
iter 6897: loss 0.2427, time 397.04ms, mfu 1.89%
iter 6898: loss 0.2060, time 362.96ms, mfu 1.89%
iter 6899: loss 0.2455, time 392.80ms, mfu 1.88%
iter 6900: loss 0.2491, time 590.33ms, mfu 1.82%
  === DIAG iter 6900 ===
  loss: 0.2491
  grads: total 0.5602, transformer 0.1078, adapter 0.5498
  <NUM> input tokens: 655/3072 (21.3%)
  lr: 4.32e-04
  SME accuracy: overall 0.874, sign 1.000, exp 0.976, digit 0.802 [d0 0.963 d1 0.805 d2 0.732] (422 SME tokens)
iter 6901: loss 0.2272, time 184.40ms, mfu 2.02%
iter 6902: loss 0.2478, time 292.06ms, mfu 2.06%
iter 6903: loss 0.1972, time 256.32ms, mfu 2.13%
iter 6904: loss 0.2335, time 298.46ms, mfu 2.15%
iter 6905: loss 0.2152, time 341.82ms, mfu 2.15%
iter 6906: loss 0.2557, time 361.19ms, mfu 2.13%
iter 6907: loss 0.2199, time 255.67ms, mfu 2.19%
iter 6908: loss 0.2350, time 417.57ms, mfu 2.14%
iter 6909: loss 0.2436, time 352.09ms, mfu 2.13%
iter 6910: loss 0.2417, time 549.12ms, mfu 2.05%
iter 6911: loss 0.2290, time 324.77ms, mfu 2.06%
iter 6912: loss 0.2194, time 412.25ms, mfu 2.03%
iter 6913: loss 0.2307, time 405.19ms, mfu 2.00%
iter 6914: loss 0.2604, time 331.97ms, mfu 2.01%
iter 6915: loss 0.2192, time 380.21ms, mfu 2.00%
iter 6916: loss 0.2333, time 328.42ms, mfu 2.01%
iter 6917: loss 0.2381, time 350.20ms, mfu 2.01%
iter 6918: loss 0.2458, time 467.22ms, mfu 1.96%
iter 6919: loss 0.2243, time 296.49ms, mfu 2.01%
iter 6920: loss 0.2323, time 412.51ms, mfu 1.98%
iter 6921: loss 0.2279, time 231.85ms, mfu 2.09%
iter 6922: loss 0.2416, time 351.39ms, mfu 2.08%
iter 6923: loss 0.2235, time 450.64ms, mfu 2.03%
iter 6924: loss 0.2640, time 341.70ms, mfu 2.03%
iter 6925: loss 0.2452, time 487.50ms, mfu 1.98%
iter 6926: loss 0.2109, time 385.19ms, mfu 1.96%
iter 6927: loss 0.2418, time 368.72ms, mfu 1.96%
iter 6928: loss 0.2506, time 357.56ms, mfu 1.96%
iter 6929: loss 0.2609, time 251.00ms, mfu 2.05%
iter 6930: loss 0.2228, time 287.73ms, mfu 2.09%
iter 6931: loss 0.2370, time 277.46ms, mfu 2.13%
iter 6932: loss 0.2071, time 481.68ms, mfu 2.07%
iter 6933: loss 0.2274, time 351.76ms, mfu 2.06%
iter 6934: loss 0.2109, time 420.89ms, mfu 2.03%
iter 6935: loss 0.2341, time 292.22ms, mfu 2.07%
iter 6936: loss 0.2354, time 335.88ms, mfu 2.07%
iter 6937: loss 0.2070, time 345.45ms, mfu 2.07%
iter 6938: loss 0.2418, time 279.98ms, mfu 2.11%
iter 6939: loss 0.2800, time 332.78ms, mfu 2.12%
iter 6940: loss 0.2247, time 396.64ms, mfu 2.08%
iter 6941: loss 0.2364, time 437.02ms, mfu 2.04%
iter 6942: loss 0.2270, time 438.99ms, mfu 1.99%
iter 6943: loss 0.2236, time 458.69ms, mfu 1.95%
iter 6944: loss 0.2438, time 476.98ms, mfu 1.90%
iter 6945: loss 0.2208, time 315.26ms, mfu 1.94%
iter 6946: loss 0.2291, time 439.84ms, mfu 1.91%
iter 6947: loss 0.2274, time 399.65ms, mfu 1.89%
iter 6948: loss 0.2373, time 398.99ms, mfu 1.88%
iter 6949: loss 0.2244, time 344.00ms, mfu 1.90%
iter 6950: loss 0.2486, time 422.93ms, mfu 1.88%
iter 6951: loss 0.2305, time 402.61ms, mfu 1.86%
iter 6952: loss 0.2064, time 343.28ms, mfu 1.88%
iter 6953: loss 0.2374, time 472.64ms, mfu 1.85%
iter 6954: loss 0.2271, time 335.04ms, mfu 1.87%
iter 6955: loss 0.2097, time 336.12ms, mfu 1.90%
iter 6956: loss 0.1884, time 374.40ms, mfu 1.90%
iter 6957: loss 0.2444, time 303.13ms, mfu 1.94%
iter 6958: loss 0.2308, time 429.88ms, mfu 1.91%
iter 6959: loss 0.2181, time 343.36ms, mfu 1.93%
iter 6960: loss 0.2332, time 318.98ms, mfu 1.96%
iter 6961: loss 0.2573, time 401.08ms, mfu 1.94%
iter 6962: loss 0.2512, time 466.68ms, mfu 1.90%
iter 6963: loss 0.2508, time 410.35ms, mfu 1.88%
iter 6964: loss 0.2296, time 296.69ms, mfu 1.93%
iter 6965: loss 0.2634, time 560.09ms, mfu 1.86%
iter 6966: loss 0.2339, time 444.45ms, mfu 1.84%
iter 6967: loss 0.2249, time 226.11ms, mfu 1.97%
iter 6968: loss 0.2352, time 318.07ms, mfu 1.99%
iter 6969: loss 0.2133, time 331.14ms, mfu 2.01%
iter 6970: loss 0.2554, time 371.16ms, mfu 2.00%
iter 6971: loss 0.2197, time 390.57ms, mfu 1.98%
iter 6972: loss 0.2566, time 402.06ms, mfu 1.96%
iter 6973: loss 0.2327, time 407.39ms, mfu 1.94%
iter 6974: loss 0.2124, time 516.68ms, mfu 1.88%
iter 6975: loss 0.2389, time 311.66ms, mfu 1.92%
iter 6976: loss 0.2557, time 410.47ms, mfu 1.90%
iter 6977: loss 0.2258, time 311.06ms, mfu 1.94%
iter 6978: loss 0.2357, time 412.47ms, mfu 1.92%
iter 6979: loss 0.2589, time 340.52ms, mfu 1.93%
iter 6980: loss 0.2320, time 543.54ms, mfu 1.87%
iter 6981: loss 0.2342, time 428.49ms, mfu 1.85%
iter 6982: loss 0.2131, time 542.40ms, mfu 1.79%
iter 6983: loss 0.2157, time 262.47ms, mfu 1.88%
iter 6984: loss 0.2500, time 265.69ms, mfu 1.96%
iter 6985: loss 0.2334, time 533.45ms, mfu 1.90%
iter 6986: loss 0.2367, time 399.71ms, mfu 1.89%
iter 6987: loss 0.2268, time 419.13ms, mfu 1.87%
iter 6988: loss 0.2683, time 375.80ms, mfu 1.87%
iter 6989: loss 0.2497, time 441.54ms, mfu 1.84%
iter 6990: loss 0.2211, time 337.94ms, mfu 1.87%
iter 6991: loss 0.2345, time 490.41ms, mfu 1.83%
iter 6992: loss 0.2494, time 555.89ms, mfu 1.77%
iter 6993: loss 0.2235, time 272.11ms, mfu 1.85%
iter 6994: loss 0.2095, time 442.84ms, mfu 1.83%
iter 6995: loss 0.2557, time 295.42ms, mfu 1.89%
iter 6996: loss 0.2210, time 374.93ms, mfu 1.89%
iter 6997: loss 0.2233, time 255.26ms, mfu 1.98%
iter 6998: loss 0.2250, time 563.22ms, mfu 1.90%
iter 6999: loss 0.2353, time 364.52ms, mfu 1.91%
iter 7000: loss 0.2378, time 503.08ms, mfu 1.86%
  === DIAG iter 7000 ===
  loss: 0.2378
  grads: total 0.5225, transformer 0.1153, adapter 0.5097
  <NUM> input tokens: 632/3072 (20.6%)
  lr: 4.26e-04
  SME accuracy: overall 0.881, sign 0.976, exp 0.976, digit 0.817 [d0 0.906 d1 0.847 d2 0.694] (421 SME tokens)
  --- Sample eval (val) ---
   <830> →
    target: -778
    pred:   840
    error:  1618.00

  COUNT: <6.4> <797> <1> <-846> <-2> <-3> <-321.9> <8> <186.6> <-48> <-952.9> <4.6> <-339.822> <-68.8> <0.3> →
    target: 15
    pred:   15
    error:  0.00

  SUM: <-110.94> <764.896> <122.9> <-389> →
    target: 387
    pred:   483
    error:  96.00

   <3.35> →
    target: 1020
    pred:   111
    error:  909.00

  MAX: <61> <35> <135> <-635.7> <8.4643> <837> <-500.852> <207.313> <5.01> →
    target: 836
    pred:   836
    error:  0.00

iter 7001: loss 0.2330, time 254.12ms, mfu 1.95%
iter 7002: loss 0.2250, time 257.40ms, mfu 2.03%
iter 7003: loss 0.2182, time 384.85ms, mfu 2.01%
iter 7004: loss 0.2644, time 489.94ms, mfu 1.96%
iter 7005: loss 0.2254, time 398.36ms, mfu 1.94%
iter 7006: loss 0.2762, time 245.84ms, mfu 2.03%
iter 7007: loss 0.2511, time 415.59ms, mfu 2.00%
iter 7008: loss 0.2306, time 239.14ms, mfu 2.10%
iter 7009: loss 0.2425, time 427.56ms, mfu 2.05%
iter 7010: loss 0.1989, time 339.40ms, mfu 2.06%
iter 7011: loss 0.2152, time 354.55ms, mfu 2.05%
iter 7012: loss 0.1937, time 373.03ms, mfu 2.04%
iter 7013: loss 0.2515, time 418.54ms, mfu 2.00%
iter 7014: loss 0.2233, time 473.82ms, mfu 1.95%
iter 7015: loss 0.2258, time 432.78ms, mfu 1.92%
iter 7016: loss 0.2409, time 372.89ms, mfu 1.92%
iter 7017: loss 0.2392, time 315.85ms, mfu 1.95%
iter 7018: loss 0.2182, time 486.37ms, mfu 1.90%
iter 7019: loss 0.2246, time 441.79ms, mfu 1.87%
iter 7020: loss 0.2477, time 313.64ms, mfu 1.91%
iter 7021: loss 0.2672, time 435.23ms, mfu 1.88%
iter 7022: loss 0.2506, time 440.10ms, mfu 1.85%
iter 7023: loss 0.2310, time 251.05ms, mfu 1.95%
iter 7024: loss 0.2385, time 461.43ms, mfu 1.91%
iter 7025: loss 0.2081, time 274.35ms, mfu 1.98%
iter 7026: loss 0.2468, time 401.37ms, mfu 1.96%
iter 7027: loss 0.2348, time 419.75ms, mfu 1.93%
iter 7028: loss 0.2603, time 386.56ms, mfu 1.92%
iter 7029: loss 0.2259, time 461.75ms, mfu 1.88%
iter 7030: loss 0.2535, time 381.61ms, mfu 1.88%
iter 7031: loss 0.2293, time 365.35ms, mfu 1.88%
iter 7032: loss 0.2274, time 298.52ms, mfu 1.93%
iter 7033: loss 0.2307, time 278.90ms, mfu 1.99%
iter 7034: loss 0.2383, time 264.12ms, mfu 2.06%
iter 7035: loss 0.2256, time 394.09ms, mfu 2.04%
iter 7036: loss 0.2269, time 401.00ms, mfu 2.01%
iter 7037: loss 0.2295, time 401.16ms, mfu 1.99%
iter 7038: loss 0.2277, time 335.00ms, mfu 2.00%
iter 7039: loss 0.2585, time 253.18ms, mfu 2.08%
iter 7040: loss 0.2333, time 301.00ms, mfu 2.11%
iter 7041: loss 0.2568, time 286.07ms, mfu 2.14%
iter 7042: loss 0.2289, time 228.19ms, mfu 2.24%
iter 7043: loss 0.2225, time 378.16ms, mfu 2.20%
iter 7044: loss 0.2412, time 473.17ms, mfu 2.13%
iter 7045: loss 0.2239, time 442.06ms, mfu 2.08%
iter 7046: loss 0.2613, time 366.14ms, mfu 2.07%
iter 7047: loss 0.2579, time 435.26ms, mfu 2.02%
iter 7048: loss 0.2242, time 561.53ms, mfu 1.95%
iter 7049: loss 0.2331, time 213.08ms, mfu 2.08%
iter 7050: loss 0.2601, time 447.71ms, mfu 2.03%
iter 7051: loss 0.2610, time 311.03ms, mfu 2.06%
iter 7052: loss 0.2403, time 381.71ms, mfu 2.04%
iter 7053: loss 0.2279, time 289.17ms, mfu 2.08%
iter 7054: loss 0.2219, time 405.80ms, mfu 2.05%
iter 7055: loss 0.2568, time 419.55ms, mfu 2.01%
iter 7056: loss 0.2477, time 394.20ms, mfu 1.99%
iter 7057: loss 0.2440, time 531.46ms, mfu 1.92%
iter 7058: loss 0.2509, time 405.75ms, mfu 1.91%
iter 7059: loss 0.2449, time 327.66ms, mfu 1.93%
iter 7060: loss 0.2544, time 249.17ms, mfu 2.02%
iter 7061: loss 0.2324, time 427.55ms, mfu 1.99%
iter 7062: loss 0.2457, time 343.53ms, mfu 1.99%
iter 7063: loss 0.2342, time 415.77ms, mfu 1.97%
iter 7064: loss 0.2436, time 464.69ms, mfu 1.92%
iter 7065: loss 0.2268, time 284.67ms, mfu 1.98%
iter 7066: loss 0.2562, time 393.32ms, mfu 1.96%
iter 7067: loss 0.2350, time 362.85ms, mfu 1.96%
iter 7068: loss 0.2397, time 358.82ms, mfu 1.96%
iter 7069: loss 0.2398, time 443.22ms, mfu 1.92%
iter 7070: loss 0.2686, time 368.08ms, mfu 1.92%
iter 7071: loss 0.2398, time 379.96ms, mfu 1.92%
iter 7072: loss 0.2104, time 430.13ms, mfu 1.89%
iter 7073: loss 0.2473, time 405.21ms, mfu 1.88%
iter 7074: loss 0.2173, time 470.29ms, mfu 1.84%
iter 7075: loss 0.2461, time 361.71ms, mfu 1.85%
iter 7076: loss 0.2503, time 240.29ms, mfu 1.96%
iter 7077: loss 0.2518, time 397.23ms, mfu 1.94%
iter 7078: loss 0.2335, time 488.75ms, mfu 1.89%
iter 7079: loss 0.2104, time 384.54ms, mfu 1.89%
iter 7080: loss 0.2215, time 472.14ms, mfu 1.85%
iter 7081: loss 0.2408, time 417.03ms, mfu 1.84%
iter 7082: loss 0.2418, time 417.73ms, mfu 1.82%
iter 7083: loss 0.2240, time 341.50ms, mfu 1.85%
iter 7084: loss 0.2338, time 356.03ms, mfu 1.86%
iter 7085: loss 0.2338, time 334.43ms, mfu 1.89%
iter 7086: loss 0.2232, time 422.99ms, mfu 1.87%
iter 7087: loss 0.2381, time 349.77ms, mfu 1.88%
iter 7088: loss 0.2026, time 387.23ms, mfu 1.88%
iter 7089: loss 0.2294, time 351.37ms, mfu 1.89%
iter 7090: loss 0.2351, time 408.31ms, mfu 1.88%
iter 7091: loss 0.2222, time 378.91ms, mfu 1.87%
iter 7092: loss 0.2274, time 363.96ms, mfu 1.88%
iter 7093: loss 0.2182, time 377.56ms, mfu 1.88%
iter 7094: loss 0.2208, time 407.41ms, mfu 1.87%
iter 7095: loss 0.2157, time 491.75ms, mfu 1.82%
iter 7096: loss 0.2206, time 305.06ms, mfu 1.87%
iter 7097: loss 0.2165, time 442.37ms, mfu 1.85%
iter 7098: loss 0.2232, time 287.62ms, mfu 1.91%
iter 7099: loss 0.2376, time 386.99ms, mfu 1.90%
iter 7100: loss 0.2436, time 510.86ms, mfu 1.85%
  === DIAG iter 7100 ===
  loss: 0.2436
  grads: total 0.3664, transformer 0.1117, adapter 0.3490
  <NUM> input tokens: 698/3072 (22.7%)
  lr: 4.20e-04
  SME accuracy: overall 0.881, sign 0.982, exp 0.991, digit 0.811 [d0 0.857 d1 0.830 d2 0.786] (562 SME tokens)
iter 7101: loss 0.2313, time 224.44ms, mfu 1.98%
iter 7102: loss 0.2394, time 384.87ms, mfu 1.97%
iter 7103: loss 0.2583, time 481.35ms, mfu 1.92%
iter 7104: loss 0.2241, time 397.70ms, mfu 1.90%
iter 7105: loss 0.2530, time 494.23ms, mfu 1.86%
iter 7106: loss 0.2401, time 537.70ms, mfu 1.80%
iter 7107: loss 0.2183, time 293.27ms, mfu 1.86%
iter 7108: loss 0.2501, time 413.99ms, mfu 1.85%
iter 7109: loss 0.2193, time 321.63ms, mfu 1.88%
iter 7110: loss 0.2330, time 324.15ms, mfu 1.91%
iter 7111: loss 0.2309, time 405.96ms, mfu 1.90%
iter 7112: loss 0.2195, time 264.71ms, mfu 1.98%
iter 7113: loss 0.2681, time 348.25ms, mfu 1.98%
iter 7114: loss 0.2078, time 435.85ms, mfu 1.95%
iter 7115: loss 0.2110, time 489.43ms, mfu 1.90%
iter 7116: loss 0.2674, time 321.96ms, mfu 1.93%
iter 7117: loss 0.2390, time 404.16ms, mfu 1.91%
iter 7118: loss 0.2120, time 374.20ms, mfu 1.91%
iter 7119: loss 0.2154, time 377.65ms, mfu 1.90%
iter 7120: loss 0.2313, time 341.24ms, mfu 1.92%
iter 7121: loss 0.2140, time 342.66ms, mfu 1.94%
iter 7122: loss 0.2276, time 351.05ms, mfu 1.94%
iter 7123: loss 0.2290, time 538.78ms, mfu 1.88%
iter 7124: loss 0.2304, time 259.42ms, mfu 1.97%
iter 7125: loss 0.2298, time 381.53ms, mfu 1.96%
iter 7126: loss 0.2357, time 454.18ms, mfu 1.92%
iter 7127: loss 0.2097, time 453.56ms, mfu 1.88%
iter 7128: loss 0.2366, time 322.11ms, mfu 1.91%
iter 7129: loss 0.2337, time 337.80ms, mfu 1.93%
iter 7130: loss 0.2445, time 332.72ms, mfu 1.95%
iter 7131: loss 0.2574, time 357.77ms, mfu 1.95%
iter 7132: loss 0.2490, time 406.01ms, mfu 1.93%
iter 7133: loss 0.2118, time 451.07ms, mfu 1.90%
iter 7134: loss 0.2203, time 394.38ms, mfu 1.89%
iter 7135: loss 0.2294, time 302.69ms, mfu 1.93%
iter 7136: loss 0.2171, time 369.09ms, mfu 1.93%
iter 7137: loss 0.2173, time 380.15ms, mfu 1.92%
iter 7138: loss 0.2057, time 420.97ms, mfu 1.90%
iter 7139: loss 0.2194, time 413.44ms, mfu 1.88%
iter 7140: loss 0.2069, time 254.10ms, mfu 1.97%
iter 7141: loss 0.2528, time 528.70ms, mfu 1.91%
iter 7142: loss 0.2058, time 296.95ms, mfu 1.96%
iter 7143: loss 0.2326, time 405.04ms, mfu 1.94%
iter 7144: loss 0.2525, time 289.51ms, mfu 1.99%
iter 7145: loss 0.2096, time 273.43ms, mfu 2.05%
iter 7146: loss 0.2827, time 465.88ms, mfu 2.00%
iter 7147: loss 0.2484, time 369.69ms, mfu 1.99%
iter 7148: loss 0.2257, time 402.12ms, mfu 1.96%
iter 7149: loss 0.2304, time 505.31ms, mfu 1.91%
iter 7150: loss 0.2471, time 377.65ms, mfu 1.91%
iter 7151: loss 0.2291, time 223.55ms, mfu 2.03%
iter 7152: loss 0.2619, time 483.99ms, mfu 1.98%
iter 7153: loss 0.2621, time 379.66ms, mfu 1.96%
iter 7154: loss 0.2466, time 320.50ms, mfu 1.99%
iter 7155: loss 0.2470, time 370.20ms, mfu 1.98%
iter 7156: loss 0.2326, time 401.56ms, mfu 1.96%
iter 7157: loss 0.2457, time 295.87ms, mfu 2.00%
iter 7158: loss 0.2399, time 406.19ms, mfu 1.98%
iter 7159: loss 0.2159, time 479.89ms, mfu 1.93%
iter 7160: loss 0.2293, time 353.69ms, mfu 1.94%
iter 7161: loss 0.2178, time 229.36ms, mfu 2.05%
iter 7162: loss 0.2334, time 263.09ms, mfu 2.11%
iter 7163: loss 0.2412, time 264.16ms, mfu 2.17%
iter 7164: loss 0.2508, time 411.73ms, mfu 2.13%
iter 7165: loss 0.2336, time 254.15ms, mfu 2.19%
iter 7166: loss 0.2385, time 356.73ms, mfu 2.17%
iter 7167: loss 0.2194, time 254.05ms, mfu 2.23%
iter 7168: loss 0.2074, time 367.01ms, mfu 2.20%
iter 7169: loss 0.2567, time 296.27ms, mfu 2.22%
iter 7170: loss 0.2209, time 357.88ms, mfu 2.20%
iter 7171: loss 0.2552, time 360.40ms, mfu 2.18%
iter 7172: loss 0.2526, time 304.85ms, mfu 2.19%
iter 7173: loss 0.2478, time 399.04ms, mfu 2.15%
iter 7174: loss 0.2348, time 380.54ms, mfu 2.12%
iter 7175: loss 0.2395, time 376.08ms, mfu 2.10%
iter 7176: loss 0.2416, time 419.27ms, mfu 2.06%
iter 7177: loss 0.2156, time 412.63ms, mfu 2.02%
iter 7178: loss 0.2331, time 180.07ms, mfu 2.21%
iter 7179: loss 0.2383, time 351.97ms, mfu 2.19%
iter 7180: loss 0.2459, time 230.47ms, mfu 2.28%
iter 7181: loss 0.2380, time 363.04ms, mfu 2.25%
iter 7182: loss 0.2114, time 328.21ms, mfu 2.24%
iter 7183: loss 0.2315, time 453.25ms, mfu 2.17%
iter 7184: loss 0.2198, time 392.66ms, mfu 2.14%
iter 7185: loss 0.2223, time 447.07ms, mfu 2.08%
iter 7186: loss 0.2511, time 339.60ms, mfu 2.08%
iter 7187: loss 0.2377, time 444.51ms, mfu 2.03%
iter 7188: loss 0.2129, time 311.19ms, mfu 2.06%
iter 7189: loss 0.2275, time 259.43ms, mfu 2.12%
iter 7190: loss 0.2664, time 358.23ms, mfu 2.11%
iter 7191: loss 0.2631, time 229.54ms, mfu 2.21%
iter 7192: loss 0.2834, time 294.16ms, mfu 2.23%
iter 7193: loss 0.2638, time 371.00ms, mfu 2.20%
iter 7194: loss 0.2498, time 369.71ms, mfu 2.17%
iter 7195: loss 0.2591, time 438.68ms, mfu 2.11%
iter 7196: loss 0.2319, time 301.95ms, mfu 2.14%
iter 7197: loss 0.2319, time 423.93ms, mfu 2.09%
iter 7198: loss 0.2360, time 275.64ms, mfu 2.14%
iter 7199: loss 0.2221, time 428.05ms, mfu 2.09%
iter 7200: loss 0.2432, time 575.17ms, mfu 2.00%
  === DIAG iter 7200 ===
  loss: 0.2432
  grads: total 0.3436, transformer 0.1107, adapter 0.3253
  <NUM> input tokens: 638/3072 (20.8%)
  lr: 4.13e-04
  SME accuracy: overall 0.863, sign 0.965, exp 0.956, digit 0.798 [d0 0.841 d1 0.823 d2 0.743] (569 SME tokens)
iter 7201: loss 0.2264, time 241.25ms, mfu 2.10%
iter 7202: loss 0.2578, time 360.59ms, mfu 2.08%
iter 7203: loss 0.2262, time 372.07ms, mfu 2.07%
iter 7204: loss 0.2262, time 364.07ms, mfu 2.05%
iter 7205: loss 0.2384, time 305.95ms, mfu 2.08%
iter 7206: loss 0.2670, time 346.06ms, mfu 2.08%
iter 7207: loss 0.2365, time 329.33ms, mfu 2.08%
iter 7208: loss 0.2360, time 480.05ms, mfu 2.02%
iter 7209: loss 0.2198, time 267.30ms, mfu 2.09%
iter 7210: loss 0.2392, time 500.43ms, mfu 2.02%
iter 7211: loss 0.2545, time 520.10ms, mfu 1.95%
iter 7212: loss 0.2346, time 396.22ms, mfu 1.94%
iter 7213: loss 0.2460, time 351.59ms, mfu 1.95%
iter 7214: loss 0.2112, time 315.85ms, mfu 1.98%
iter 7215: loss 0.2376, time 476.42ms, mfu 1.93%
iter 7216: loss 0.2365, time 496.16ms, mfu 1.88%
iter 7217: loss 0.2167, time 220.42ms, mfu 2.01%
iter 7218: loss 0.2203, time 447.17ms, mfu 1.97%
iter 7219: loss 0.2515, time 249.00ms, mfu 2.06%
iter 7220: loss 0.2372, time 276.60ms, mfu 2.11%
iter 7221: loss 0.2635, time 448.85ms, mfu 2.05%
iter 7222: loss 0.2136, time 381.14ms, mfu 2.03%
iter 7223: loss 0.2106, time 461.57ms, mfu 1.98%
iter 7224: loss 0.2517, time 275.46ms, mfu 2.04%
iter 7225: loss 0.2548, time 469.50ms, mfu 1.99%
iter 7226: loss 0.2205, time 394.37ms, mfu 1.97%
iter 7227: loss 0.2461, time 497.85ms, mfu 1.92%
iter 7228: loss 0.2478, time 298.17ms, mfu 1.96%
iter 7229: loss 0.2880, time 323.55ms, mfu 1.98%
iter 7230: loss 0.2533, time 430.36ms, mfu 1.95%
iter 7231: loss 0.2446, time 366.20ms, mfu 1.95%
iter 7232: loss 0.2231, time 449.89ms, mfu 1.91%
iter 7233: loss 0.2213, time 451.66ms, mfu 1.88%
iter 7234: loss 0.2052, time 377.53ms, mfu 1.88%
iter 7235: loss 0.2276, time 383.23ms, mfu 1.87%
iter 7236: loss 0.2096, time 459.67ms, mfu 1.84%
iter 7237: loss 0.2279, time 428.91ms, mfu 1.82%
iter 7238: loss 0.2562, time 329.41ms, mfu 1.86%
iter 7239: loss 0.2446, time 434.27ms, mfu 1.83%
iter 7240: loss 0.2351, time 332.15ms, mfu 1.86%
iter 7241: loss 0.2162, time 278.06ms, mfu 1.93%
iter 7242: loss 0.2352, time 341.46ms, mfu 1.95%
iter 7243: loss 0.2095, time 333.88ms, mfu 1.96%
iter 7244: loss 0.2602, time 319.82ms, mfu 1.99%
iter 7245: loss 0.2241, time 251.82ms, mfu 2.07%
iter 7246: loss 0.2303, time 461.01ms, mfu 2.02%
iter 7247: loss 0.2697, time 429.43ms, mfu 1.98%
iter 7248: loss 0.2762, time 358.58ms, mfu 1.98%
iter 7249: loss 0.2283, time 481.85ms, mfu 1.93%
iter 7250: loss 0.2358, time 359.25ms, mfu 1.93%
iter 7251: loss 0.2380, time 309.30ms, mfu 1.97%
iter 7252: loss 0.2129, time 525.43ms, mfu 1.91%
iter 7253: loss 0.2122, time 512.37ms, mfu 1.86%
iter 7254: loss 0.1988, time 242.87ms, mfu 1.96%
iter 7255: loss 0.2651, time 433.64ms, mfu 1.93%
iter 7256: loss 0.2180, time 454.31ms, mfu 1.89%
iter 7257: loss 0.2454, time 250.11ms, mfu 1.99%
iter 7258: loss 0.2302, time 414.87ms, mfu 1.96%
iter 7259: loss 0.2166, time 397.83ms, mfu 1.94%
iter 7260: loss 0.2439, time 481.18ms, mfu 1.89%
iter 7261: loss 0.2124, time 415.85ms, mfu 1.87%
iter 7262: loss 0.2300, time 223.86ms, mfu 2.00%
iter 7263: loss 0.2118, time 297.18ms, mfu 2.04%
iter 7264: loss 0.2266, time 468.75ms, mfu 1.99%
iter 7265: loss 0.2179, time 322.80ms, mfu 2.01%
iter 7266: loss 0.2528, time 331.74ms, mfu 2.02%
iter 7267: loss 0.2433, time 475.39ms, mfu 1.97%
iter 7268: loss 0.2391, time 344.17ms, mfu 1.98%
iter 7269: loss 0.2379, time 299.95ms, mfu 2.02%
iter 7270: loss 0.2348, time 402.33ms, mfu 1.99%
iter 7271: loss 0.2220, time 418.19ms, mfu 1.96%
iter 7272: loss 0.2473, time 333.73ms, mfu 1.98%
iter 7273: loss 0.2533, time 241.72ms, mfu 2.07%
iter 7274: loss 0.2382, time 376.42ms, mfu 2.05%
iter 7275: loss 0.2196, time 328.94ms, mfu 2.06%
iter 7276: loss 0.2303, time 357.67ms, mfu 2.06%
iter 7277: loss 0.2238, time 378.41ms, mfu 2.04%
iter 7278: loss 0.2635, time 330.18ms, mfu 2.05%
iter 7279: loss 0.2462, time 385.84ms, mfu 2.03%
iter 7280: loss 0.2045, time 333.05ms, mfu 2.04%
iter 7281: loss 0.2153, time 337.57ms, mfu 2.04%
iter 7282: loss 0.2332, time 475.89ms, mfu 1.99%
iter 7283: loss 0.2140, time 339.61ms, mfu 2.00%
iter 7284: loss 0.2177, time 407.66ms, mfu 1.97%
iter 7285: loss 0.2920, time 445.02ms, mfu 1.93%
iter 7286: loss 0.2246, time 302.40ms, mfu 1.98%
iter 7287: loss 0.2184, time 295.21ms, mfu 2.02%
iter 7288: loss 0.2552, time 346.61ms, mfu 2.02%
iter 7289: loss 0.2037, time 420.77ms, mfu 1.99%
iter 7290: loss 0.2304, time 492.47ms, mfu 1.93%
iter 7291: loss 0.2458, time 314.18ms, mfu 1.96%
iter 7292: loss 0.2068, time 453.43ms, mfu 1.92%
iter 7293: loss 0.2318, time 333.86ms, mfu 1.94%
iter 7294: loss 0.2476, time 393.58ms, mfu 1.93%
iter 7295: loss 0.2492, time 409.14ms, mfu 1.91%
iter 7296: loss 0.2153, time 398.33ms, mfu 1.90%
iter 7297: loss 0.2517, time 426.69ms, mfu 1.87%
iter 7298: loss 0.2687, time 394.08ms, mfu 1.87%
iter 7299: loss 0.2250, time 395.29ms, mfu 1.86%
iter 7300: loss 0.2237, time 597.05ms, mfu 1.79%
  === DIAG iter 7300 ===
  loss: 0.2237
  grads: total 0.3740, transformer 0.0946, adapter 0.3618
  <NUM> input tokens: 574/3072 (18.7%)
  lr: 4.07e-04
  SME accuracy: overall 0.901, sign 0.959, exp 0.973, digit 0.857 [d0 0.959 d1 0.892 d2 0.716] (364 SME tokens)
iter 7301: loss 0.2337, time 230.09ms, mfu 1.92%
iter 7302: loss 0.2152, time 312.41ms, mfu 1.96%
iter 7303: loss 0.2223, time 252.73ms, mfu 2.04%
iter 7304: loss 0.2691, time 512.33ms, mfu 1.97%
iter 7305: loss 0.2469, time 313.27ms, mfu 2.00%
iter 7306: loss 0.2366, time 356.91ms, mfu 2.00%
iter 7307: loss 0.2221, time 429.21ms, mfu 1.97%
iter 7308: loss 0.2533, time 252.39ms, mfu 2.05%
iter 7309: loss 0.2100, time 337.08ms, mfu 2.06%
iter 7310: loss 0.2127, time 316.24ms, mfu 2.07%
iter 7311: loss 0.2368, time 349.69ms, mfu 2.07%
iter 7312: loss 0.2331, time 344.23ms, mfu 2.07%
iter 7313: loss 0.2233, time 288.21ms, mfu 2.11%
iter 7314: loss 0.2604, time 450.02ms, mfu 2.05%
iter 7315: loss 0.2370, time 378.90ms, mfu 2.04%
iter 7316: loss 0.2219, time 324.54ms, mfu 2.05%
iter 7317: loss 0.2356, time 308.46ms, mfu 2.08%
iter 7318: loss 0.2361, time 315.99ms, mfu 2.09%
iter 7319: loss 0.2209, time 299.99ms, mfu 2.12%
iter 7320: loss 0.2532, time 379.33ms, mfu 2.09%
iter 7321: loss 0.2301, time 260.60ms, mfu 2.16%
iter 7322: loss 0.2257, time 360.59ms, mfu 2.14%
iter 7323: loss 0.2697, time 371.79ms, mfu 2.11%
iter 7324: loss 0.2246, time 348.26ms, mfu 2.11%
iter 7325: loss 0.2673, time 445.48ms, mfu 2.05%
iter 7326: loss 0.2398, time 416.55ms, mfu 2.02%
iter 7327: loss 0.2462, time 339.60ms, mfu 2.03%
iter 7328: loss 0.2478, time 319.93ms, mfu 2.05%
iter 7329: loss 0.2580, time 401.84ms, mfu 2.02%
iter 7330: loss 0.2176, time 455.56ms, mfu 1.97%
iter 7331: loss 0.2162, time 381.22ms, mfu 1.96%
iter 7332: loss 0.2094, time 435.75ms, mfu 1.93%
iter 7333: loss 0.2363, time 197.06ms, mfu 2.09%
iter 7334: loss 0.2265, time 345.89ms, mfu 2.09%
iter 7335: loss 0.2100, time 444.54ms, mfu 2.04%
iter 7336: loss 0.2102, time 318.44ms, mfu 2.06%
iter 7337: loss 0.2524, time 313.53ms, mfu 2.08%
iter 7338: loss 0.2328, time 322.59ms, mfu 2.09%
iter 7339: loss 0.2446, time 310.53ms, mfu 2.11%
iter 7340: loss 0.2133, time 410.33ms, mfu 2.07%
iter 7341: loss 0.2499, time 351.61ms, mfu 2.07%
iter 7342: loss 0.2315, time 388.65ms, mfu 2.04%
iter 7343: loss 0.2182, time 351.33ms, mfu 2.04%
iter 7344: loss 0.2184, time 340.36ms, mfu 2.04%
iter 7345: loss 0.2233, time 441.89ms, mfu 2.00%
iter 7346: loss 0.2459, time 335.11ms, mfu 2.01%
iter 7347: loss 0.2346, time 438.74ms, mfu 1.97%
iter 7348: loss 0.2735, time 326.59ms, mfu 1.99%
iter 7349: loss 0.2033, time 428.41ms, mfu 1.96%
iter 7350: loss 0.2258, time 434.97ms, mfu 1.92%
iter 7351: loss 0.2224, time 276.76ms, mfu 1.99%
iter 7352: loss 0.2341, time 471.71ms, mfu 1.94%
iter 7353: loss 0.2381, time 521.95ms, mfu 1.88%
iter 7354: loss 0.2359, time 337.13ms, mfu 1.90%
iter 7355: loss 0.2380, time 398.80ms, mfu 1.89%
iter 7356: loss 0.2190, time 459.11ms, mfu 1.86%
iter 7357: loss 0.2168, time 257.55ms, mfu 1.95%
iter 7358: loss 0.2162, time 457.94ms, mfu 1.91%
iter 7359: loss 0.2278, time 323.43ms, mfu 1.93%
iter 7360: loss 0.2556, time 386.51ms, mfu 1.92%
iter 7361: loss 0.2466, time 393.98ms, mfu 1.91%
iter 7362: loss 0.2347, time 378.99ms, mfu 1.91%
iter 7363: loss 0.2438, time 437.58ms, mfu 1.88%
iter 7364: loss 0.2524, time 332.49ms, mfu 1.90%
iter 7365: loss 0.2111, time 527.66ms, mfu 1.85%
iter 7366: loss 0.2488, time 315.05ms, mfu 1.89%
iter 7367: loss 0.2405, time 294.80ms, mfu 1.94%
iter 7368: loss 0.2175, time 387.91ms, mfu 1.93%
iter 7369: loss 0.2472, time 232.75ms, mfu 2.04%
iter 7370: loss 0.2645, time 502.62ms, mfu 1.98%
iter 7371: loss 0.2325, time 257.41ms, mfu 2.05%
iter 7372: loss 0.2287, time 451.98ms, mfu 2.01%
iter 7373: loss 0.2373, time 367.96ms, mfu 2.00%
iter 7374: loss 0.2309, time 395.51ms, mfu 1.98%
iter 7375: loss 0.2755, time 457.94ms, mfu 1.93%
iter 7376: loss 0.2324, time 420.76ms, mfu 1.91%
iter 7377: loss 0.2181, time 295.91ms, mfu 1.96%
iter 7378: loss 0.2482, time 432.61ms, mfu 1.93%
iter 7379: loss 0.2072, time 313.84ms, mfu 1.96%
iter 7380: loss 0.2710, time 280.82ms, mfu 2.02%
iter 7381: loss 0.2125, time 477.12ms, mfu 1.96%
iter 7382: loss 0.2472, time 367.47ms, mfu 1.96%
iter 7383: loss 0.2388, time 412.25ms, mfu 1.94%
iter 7384: loss 0.2200, time 283.33ms, mfu 1.99%
iter 7385: loss 0.2409, time 302.95ms, mfu 2.03%
iter 7386: loss 0.3017, time 421.36ms, mfu 1.99%
iter 7387: loss 0.2143, time 452.28ms, mfu 1.95%
iter 7388: loss 0.2504, time 337.71ms, mfu 1.96%
iter 7389: loss 0.2138, time 389.70ms, mfu 1.95%
iter 7390: loss 0.2484, time 420.99ms, mfu 1.92%
iter 7391: loss 0.2244, time 329.23ms, mfu 1.95%
iter 7392: loss 0.2552, time 399.48ms, mfu 1.93%
iter 7393: loss 0.2196, time 306.97ms, mfu 1.97%
iter 7394: loss 0.2395, time 403.49ms, mfu 1.95%
iter 7395: loss 0.2369, time 373.85ms, mfu 1.94%
iter 7396: loss 0.2160, time 434.10ms, mfu 1.91%
iter 7397: loss 0.2545, time 401.75ms, mfu 1.90%
iter 7398: loss 0.2289, time 313.06ms, mfu 1.93%
iter 7399: loss 0.2238, time 437.16ms, mfu 1.90%
iter 7400: loss 0.2559, time 632.74ms, mfu 1.82%
  === DIAG iter 7400 ===
  loss: 0.2559
  grads: total 0.3877, transformer 0.1013, adapter 0.3743
  <NUM> input tokens: 671/3072 (21.8%)
  lr: 4.01e-04
  SME accuracy: overall 0.820, sign 0.940, exp 0.952, digit 0.737 [d0 0.869 d1 0.750 d2 0.631] (427 SME tokens)
iter 7401: loss 0.2228, time 234.97ms, mfu 1.94%
iter 7402: loss 0.2404, time 261.59ms, mfu 2.02%
iter 7403: loss 0.2333, time 239.11ms, mfu 2.11%
iter 7404: loss 0.2424, time 488.27ms, mfu 2.05%
iter 7405: loss 0.2436, time 351.13ms, mfu 2.04%
iter 7406: loss 0.2351, time 472.24ms, mfu 1.99%
iter 7407: loss 0.2617, time 409.04ms, mfu 1.96%
iter 7408: loss 0.2268, time 242.13ms, mfu 2.06%
iter 7409: loss 0.2173, time 312.23ms, mfu 2.08%
iter 7410: loss 0.2405, time 406.00ms, mfu 2.05%
iter 7411: loss 0.2404, time 487.31ms, mfu 1.99%
iter 7412: loss 0.2455, time 434.97ms, mfu 1.95%
iter 7413: loss 0.2273, time 361.89ms, mfu 1.95%
iter 7414: loss 0.2360, time 242.75ms, mfu 2.05%
iter 7415: loss 0.2183, time 293.24ms, mfu 2.09%
iter 7416: loss 0.2444, time 460.45ms, mfu 2.03%
iter 7417: loss 0.2543, time 370.82ms, mfu 2.02%
iter 7418: loss 0.2276, time 254.36ms, mfu 2.10%
iter 7419: loss 0.2613, time 417.24ms, mfu 2.06%
iter 7420: loss 0.2271, time 458.22ms, mfu 2.01%
iter 7421: loss 0.2110, time 495.21ms, mfu 1.95%
iter 7422: loss 0.2338, time 333.11ms, mfu 1.97%
iter 7423: loss 0.2384, time 416.27ms, mfu 1.94%
iter 7424: loss 0.2147, time 254.45ms, mfu 2.02%
iter 7425: loss 0.2332, time 574.26ms, mfu 1.95%
iter 7426: loss 0.2561, time 388.65ms, mfu 1.93%
iter 7427: loss 0.2220, time 512.64ms, mfu 1.88%
iter 7428: loss 0.2457, time 517.29ms, mfu 1.83%
iter 7429: loss 0.2005, time 380.00ms, mfu 1.83%
iter 7430: loss 0.2161, time 416.06ms, mfu 1.82%
iter 7431: loss 0.2098, time 387.69ms, mfu 1.82%
iter 7432: loss 0.2197, time 332.81ms, mfu 1.85%
iter 7433: loss 0.2416, time 396.82ms, mfu 1.84%
iter 7434: loss 0.2316, time 512.20ms, mfu 1.80%
iter 7435: loss 0.2422, time 438.74ms, mfu 1.78%
iter 7436: loss 0.2553, time 235.23ms, mfu 1.90%
iter 7437: loss 0.2339, time 469.64ms, mfu 1.86%
iter 7438: loss 0.2518, time 380.62ms, mfu 1.86%
iter 7439: loss 0.2226, time 359.52ms, mfu 1.87%
iter 7440: loss 0.2520, time 277.61ms, mfu 1.94%
iter 7441: loss 0.2134, time 443.28ms, mfu 1.91%
iter 7442: loss 0.2467, time 334.59ms, mfu 1.93%
iter 7443: loss 0.2219, time 282.54ms, mfu 1.99%
iter 7444: loss 0.2214, time 454.17ms, mfu 1.94%
iter 7445: loss 0.2684, time 232.37ms, mfu 2.05%
iter 7446: loss 0.2219, time 506.77ms, mfu 1.99%
iter 7447: loss 0.2351, time 346.60ms, mfu 1.99%
iter 7448: loss 0.2174, time 349.80ms, mfu 2.00%
iter 7449: loss 0.2485, time 313.55ms, mfu 2.02%
iter 7450: loss 0.2637, time 256.11ms, mfu 2.10%
iter 7451: loss 0.2187, time 348.35ms, mfu 2.09%
iter 7452: loss 0.2053, time 498.06ms, mfu 2.03%
iter 7453: loss 0.2575, time 370.20ms, mfu 2.01%
iter 7454: loss 0.2223, time 379.59ms, mfu 2.00%
iter 7455: loss 0.2641, time 272.19ms, mfu 2.06%
iter 7456: loss 0.2249, time 311.64ms, mfu 2.08%
iter 7457: loss 0.2264, time 438.78ms, mfu 2.03%
iter 7458: loss 0.2275, time 290.23ms, mfu 2.08%
iter 7459: loss 0.2099, time 250.64ms, mfu 2.15%
iter 7460: loss 0.2352, time 259.96ms, mfu 2.21%
iter 7461: loss 0.2006, time 448.94ms, mfu 2.15%
iter 7462: loss 0.2292, time 361.84ms, mfu 2.13%
iter 7463: loss 0.2430, time 209.71ms, mfu 2.25%
iter 7464: loss 0.2179, time 461.51ms, mfu 2.18%
iter 7465: loss 0.2211, time 413.15ms, mfu 2.13%
iter 7466: loss 0.2439, time 334.20ms, mfu 2.13%
iter 7467: loss 0.2220, time 336.05ms, mfu 2.13%
iter 7468: loss 0.2500, time 368.74ms, mfu 2.11%
iter 7469: loss 0.2451, time 442.66ms, mfu 2.06%
iter 7470: loss 0.2309, time 390.05ms, mfu 2.03%
iter 7471: loss 0.2667, time 292.75ms, mfu 2.07%
iter 7472: loss 0.2021, time 409.69ms, mfu 2.04%
iter 7473: loss 0.2335, time 381.54ms, mfu 2.02%
iter 7474: loss 0.2156, time 495.33ms, mfu 1.96%
iter 7475: loss 0.2504, time 509.76ms, mfu 1.90%
iter 7476: loss 0.2429, time 289.73ms, mfu 1.96%
iter 7477: loss 0.2276, time 373.04ms, mfu 1.95%
iter 7478: loss 0.2645, time 495.95ms, mfu 1.90%
iter 7479: loss 0.2469, time 397.55ms, mfu 1.89%
iter 7480: loss 0.2307, time 257.56ms, mfu 1.97%
iter 7481: loss 0.2298, time 324.24ms, mfu 2.00%
iter 7482: loss 0.2498, time 379.82ms, mfu 1.98%
iter 7483: loss 0.2351, time 286.83ms, mfu 2.03%
iter 7484: loss 0.2047, time 384.18ms, mfu 2.01%
iter 7485: loss 0.2716, time 403.93ms, mfu 1.99%
iter 7486: loss 0.2370, time 243.82ms, mfu 2.08%
iter 7487: loss 0.2102, time 302.76ms, mfu 2.11%
iter 7488: loss 0.2650, time 523.79ms, mfu 2.03%
iter 7489: loss 0.2449, time 331.52ms, mfu 2.04%
iter 7490: loss 0.2308, time 423.34ms, mfu 2.00%
iter 7491: loss 0.2427, time 289.44ms, mfu 2.05%
iter 7492: loss 0.2143, time 511.85ms, mfu 1.98%
iter 7493: loss 0.2419, time 367.11ms, mfu 1.98%
iter 7494: loss 0.2309, time 279.51ms, mfu 2.03%
iter 7495: loss 0.2455, time 475.01ms, mfu 1.98%
iter 7496: loss 0.2346, time 323.51ms, mfu 2.00%
iter 7497: loss 0.2294, time 384.45ms, mfu 1.98%
iter 7498: loss 0.2365, time 433.80ms, mfu 1.95%
iter 7499: loss 0.2359, time 486.61ms, mfu 1.90%
iter 7500: loss 0.2524, time 588.33ms, mfu 1.83%
  === DIAG iter 7500 ===
  loss: 0.2524
  grads: total 0.2686, transformer 0.1135, adapter 0.2434
  <NUM> input tokens: 595/3072 (19.4%)
  lr: 3.95e-04
  SME accuracy: overall 0.828, sign 1.000, exp 0.944, digit 0.734 [d0 0.836 d1 0.781 d2 0.644] (367 SME tokens)
iter 7501: loss 0.2457, time 213.73ms, mfu 1.98%
iter 7502: loss 0.2135, time 302.54ms, mfu 2.02%
iter 7503: loss 0.2570, time 289.07ms, mfu 2.06%
iter 7504: loss 0.2327, time 422.08ms, mfu 2.02%
iter 7505: loss 0.2153, time 395.64ms, mfu 2.00%
iter 7506: loss 0.2266, time 293.62ms, mfu 2.04%
iter 7507: loss 0.2474, time 379.21ms, mfu 2.02%
iter 7508: loss 0.2238, time 299.31ms, mfu 2.06%
iter 7509: loss 0.2399, time 349.72ms, mfu 2.05%
iter 7510: loss 0.2166, time 351.97ms, mfu 2.05%
iter 7511: loss 0.2120, time 324.97ms, mfu 2.06%
iter 7512: loss 0.2354, time 524.82ms, mfu 1.99%
iter 7513: loss 0.2133, time 416.35ms, mfu 1.96%
iter 7514: loss 0.2431, time 318.91ms, mfu 1.99%
iter 7515: loss 0.2059, time 356.79ms, mfu 1.99%
iter 7516: loss 0.2171, time 334.36ms, mfu 2.00%
iter 7517: loss 0.2510, time 337.09ms, mfu 2.01%
iter 7518: loss 0.2114, time 439.51ms, mfu 1.97%
iter 7519: loss 0.2082, time 379.69ms, mfu 1.96%
iter 7520: loss 0.2465, time 315.91ms, mfu 1.99%
iter 7521: loss 0.2367, time 470.81ms, mfu 1.94%
iter 7522: loss 0.2558, time 409.21ms, mfu 1.92%
iter 7523: loss 0.2466, time 337.19ms, mfu 1.94%
iter 7524: loss 0.2024, time 364.31ms, mfu 1.94%
iter 7525: loss 0.2166, time 390.89ms, mfu 1.93%
iter 7526: loss 0.2244, time 360.14ms, mfu 1.93%
iter 7527: loss 0.2405, time 304.09ms, mfu 1.97%
iter 7528: loss 0.2094, time 440.36ms, mfu 1.93%
iter 7529: loss 0.2143, time 350.15ms, mfu 1.94%
iter 7530: loss 0.2455, time 253.87ms, mfu 2.03%
iter 7531: loss 0.2191, time 453.95ms, mfu 1.98%
iter 7532: loss 0.2302, time 374.93ms, mfu 1.97%
iter 7533: loss 0.2128, time 395.00ms, mfu 1.95%
iter 7534: loss 0.2434, time 382.10ms, mfu 1.94%
iter 7535: loss 0.2309, time 433.67ms, mfu 1.91%
iter 7536: loss 0.2145, time 309.19ms, mfu 1.95%
iter 7537: loss 0.2369, time 420.33ms, mfu 1.92%
iter 7538: loss 0.2361, time 447.33ms, mfu 1.89%
iter 7539: loss 0.2205, time 305.80ms, mfu 1.93%
iter 7540: loss 0.2614, time 337.65ms, mfu 1.95%
iter 7541: loss 0.2417, time 447.55ms, mfu 1.91%
iter 7542: loss 0.2208, time 321.42ms, mfu 1.94%
iter 7543: loss 0.2170, time 362.71ms, mfu 1.94%
iter 7544: loss 0.2596, time 446.45ms, mfu 1.91%
iter 7545: loss 0.2295, time 303.55ms, mfu 1.95%
iter 7546: loss 0.2365, time 356.41ms, mfu 1.95%
iter 7547: loss 0.2287, time 299.52ms, mfu 2.00%
iter 7548: loss 0.2496, time 382.81ms, mfu 1.98%
iter 7549: loss 0.2153, time 307.84ms, mfu 2.01%
iter 7550: loss 0.2668, time 391.57ms, mfu 1.99%
iter 7551: loss 0.2289, time 249.15ms, mfu 2.08%
iter 7552: loss 0.2554, time 378.41ms, mfu 2.06%
iter 7553: loss 0.2728, time 377.26ms, mfu 2.04%
iter 7554: loss 0.2107, time 424.61ms, mfu 2.00%
iter 7555: loss 0.2248, time 357.19ms, mfu 2.00%
iter 7556: loss 0.2688, time 462.75ms, mfu 1.95%
iter 7557: loss 0.2185, time 466.62ms, mfu 1.91%
iter 7558: loss 0.2612, time 384.57ms, mfu 1.90%
iter 7559: loss 0.2246, time 399.77ms, mfu 1.89%
iter 7560: loss 0.2238, time 380.51ms, mfu 1.89%
iter 7561: loss 0.2293, time 373.50ms, mfu 1.89%
iter 7562: loss 0.2366, time 466.40ms, mfu 1.85%
iter 7563: loss 0.2269, time 321.66ms, mfu 1.89%
iter 7564: loss 0.2522, time 447.02ms, mfu 1.86%
iter 7565: loss 0.2526, time 469.21ms, mfu 1.82%
iter 7566: loss 0.2110, time 372.00ms, mfu 1.83%
iter 7567: loss 0.2283, time 298.59ms, mfu 1.88%
iter 7568: loss 0.2465, time 531.30ms, mfu 1.83%
iter 7569: loss 0.2264, time 466.00ms, mfu 1.80%
iter 7570: loss 0.2385, time 394.47ms, mfu 1.80%
iter 7571: loss 0.2100, time 395.98ms, mfu 1.80%
iter 7572: loss 0.2218, time 384.69ms, mfu 1.80%
iter 7573: loss 0.2264, time 346.50ms, mfu 1.83%
iter 7574: loss 0.2432, time 252.86ms, mfu 1.92%
iter 7575: loss 0.2400, time 460.32ms, mfu 1.89%
iter 7576: loss 0.2271, time 299.18ms, mfu 1.93%
iter 7577: loss 0.2018, time 434.72ms, mfu 1.90%
iter 7578: loss 0.2108, time 323.88ms, mfu 1.93%
iter 7579: loss 0.2376, time 402.09ms, mfu 1.92%
iter 7580: loss 0.2004, time 319.53ms, mfu 1.95%
iter 7581: loss 0.2224, time 362.83ms, mfu 1.95%
iter 7582: loss 0.2491, time 480.24ms, mfu 1.90%
iter 7583: loss 0.2180, time 307.85ms, mfu 1.94%
iter 7584: loss 0.2261, time 320.67ms, mfu 1.97%
iter 7585: loss 0.2306, time 457.11ms, mfu 1.92%
iter 7586: loss 0.2274, time 443.59ms, mfu 1.89%
iter 7587: loss 0.2687, time 317.94ms, mfu 1.93%
iter 7588: loss 0.2322, time 394.18ms, mfu 1.91%
iter 7589: loss 0.2353, time 386.97ms, mfu 1.90%
iter 7590: loss 0.2222, time 320.63ms, mfu 1.94%
iter 7591: loss 0.2132, time 523.85ms, mfu 1.88%
iter 7592: loss 0.2324, time 343.95ms, mfu 1.90%
iter 7593: loss 0.2387, time 303.42ms, mfu 1.94%
iter 7594: loss 0.2254, time 356.83ms, mfu 1.94%
iter 7595: loss 0.2336, time 280.58ms, mfu 2.00%
iter 7596: loss 0.2309, time 449.61ms, mfu 1.96%
iter 7597: loss 0.2207, time 368.39ms, mfu 1.96%
iter 7598: loss 0.2498, time 326.04ms, mfu 1.98%
iter 7599: loss 0.2549, time 526.09ms, mfu 1.91%
iter 7600: loss 0.2272, time 450.22ms, mfu 1.88%
  === DIAG iter 7600 ===
  loss: 0.2272
  grads: total 0.2602, transformer 0.1300, adapter 0.2255
  <NUM> input tokens: 542/3072 (17.6%)
  lr: 3.88e-04
  SME accuracy: overall 0.932, sign 0.982, exp 0.982, digit 0.899 [d0 0.964 d1 0.927 d2 0.817] (548 SME tokens)
iter 7601: loss 0.2263, time 233.34ms, mfu 2.00%
iter 7602: loss 0.2413, time 277.93ms, mfu 2.05%
iter 7603: loss 0.2194, time 361.16ms, mfu 2.04%
iter 7604: loss 0.2387, time 288.40ms, mfu 2.08%
iter 7605: loss 0.2207, time 448.96ms, mfu 2.03%
iter 7606: loss 0.2120, time 361.80ms, mfu 2.03%
iter 7607: loss 0.2374, time 391.27ms, mfu 2.00%
iter 7608: loss 0.2471, time 349.42ms, mfu 2.01%
iter 7609: loss 0.2284, time 225.49ms, mfu 2.12%
iter 7610: loss 0.2426, time 393.92ms, mfu 2.09%
iter 7611: loss 0.2217, time 323.52ms, mfu 2.10%
iter 7612: loss 0.2371, time 361.60ms, mfu 2.08%
iter 7613: loss 0.2179, time 458.04ms, mfu 2.03%
iter 7614: loss 0.2498, time 472.35ms, mfu 1.98%
iter 7615: loss 0.2248, time 499.66ms, mfu 1.92%
iter 7616: loss 0.2170, time 331.46ms, mfu 1.94%
iter 7617: loss 0.2272, time 270.43ms, mfu 2.01%
iter 7618: loss 0.2411, time 379.26ms, mfu 2.00%
iter 7619: loss 0.2249, time 344.32ms, mfu 2.00%
iter 7620: loss 0.2227, time 396.74ms, mfu 1.98%
iter 7621: loss 0.2295, time 470.90ms, mfu 1.93%
iter 7622: loss 0.2561, time 419.83ms, mfu 1.91%
iter 7623: loss 0.2613, time 358.35ms, mfu 1.92%
iter 7624: loss 0.2504, time 309.07ms, mfu 1.95%
iter 7625: loss 0.2484, time 404.75ms, mfu 1.93%
iter 7626: loss 0.2173, time 273.42ms, mfu 2.00%
iter 7627: loss 0.2369, time 298.92ms, mfu 2.04%
iter 7628: loss 0.1867, time 542.41ms, mfu 1.96%
iter 7629: loss 0.2180, time 230.97ms, mfu 2.07%
iter 7630: loss 0.2357, time 367.28ms, mfu 2.06%
iter 7631: loss 0.2154, time 299.78ms, mfu 2.09%
iter 7632: loss 0.2161, time 459.34ms, mfu 2.04%
iter 7633: loss 0.2161, time 459.85ms, mfu 1.99%
iter 7634: loss 0.2466, time 401.12ms, mfu 1.96%
iter 7635: loss 0.2394, time 349.87ms, mfu 1.97%
iter 7636: loss 0.2401, time 475.96ms, mfu 1.92%
iter 7637: loss 0.2314, time 318.81ms, mfu 1.95%
iter 7638: loss 0.2215, time 397.72ms, mfu 1.94%
iter 7639: loss 0.2400, time 312.90ms, mfu 1.97%
iter 7640: loss 0.2214, time 338.63ms, mfu 1.98%
iter 7641: loss 0.2214, time 257.16ms, mfu 2.06%
iter 7642: loss 0.2629, time 442.32ms, mfu 2.01%
iter 7643: loss 0.2050, time 397.40ms, mfu 1.99%
iter 7644: loss 0.2297, time 382.87ms, mfu 1.98%
iter 7645: loss 0.2262, time 498.24ms, mfu 1.92%
iter 7646: loss 0.2493, time 435.48ms, mfu 1.89%
iter 7647: loss 0.2146, time 369.02ms, mfu 1.89%
iter 7648: loss 0.2292, time 366.15ms, mfu 1.90%
iter 7649: loss 0.2161, time 454.39ms, mfu 1.86%
iter 7650: loss 0.2354, time 315.16ms, mfu 1.90%
iter 7651: loss 0.2393, time 376.27ms, mfu 1.90%
iter 7652: loss 0.2191, time 325.28ms, mfu 1.93%
iter 7653: loss 0.2441, time 389.22ms, mfu 1.92%
iter 7654: loss 0.2377, time 359.31ms, mfu 1.92%
iter 7655: loss 0.2377, time 317.26ms, mfu 1.95%
iter 7656: loss 0.2542, time 319.90ms, mfu 1.98%
iter 7657: loss 0.2453, time 317.30ms, mfu 2.01%
iter 7658: loss 0.2322, time 345.61ms, mfu 2.01%
iter 7659: loss 0.2413, time 299.94ms, mfu 2.05%
iter 7660: loss 0.2424, time 487.01ms, mfu 1.99%
iter 7661: loss 0.2456, time 333.48ms, mfu 2.00%
iter 7662: loss 0.2256, time 452.57ms, mfu 1.96%
iter 7663: loss 0.2054, time 452.72ms, mfu 1.92%
iter 7664: loss 0.2317, time 350.78ms, mfu 1.93%
iter 7665: loss 0.2303, time 408.21ms, mfu 1.91%
iter 7666: loss 0.2271, time 313.57ms, mfu 1.94%
iter 7667: loss 0.2364, time 373.01ms, mfu 1.94%
iter 7668: loss 0.2030, time 518.17ms, mfu 1.88%
iter 7669: loss 0.2419, time 590.02ms, mfu 1.81%
iter 7670: loss 0.2285, time 301.37ms, mfu 1.87%
iter 7671: loss 0.2060, time 347.20ms, mfu 1.89%
iter 7672: loss 0.2202, time 257.87ms, mfu 1.97%
iter 7673: loss 0.2137, time 353.48ms, mfu 1.97%
iter 7674: loss 0.2199, time 389.37ms, mfu 1.96%
iter 7675: loss 0.2507, time 525.85ms, mfu 1.90%
iter 7676: loss 0.2161, time 353.39ms, mfu 1.91%
iter 7677: loss 0.2173, time 462.21ms, mfu 1.87%
iter 7678: loss 0.2019, time 398.43ms, mfu 1.86%
iter 7679: loss 0.2174, time 314.87ms, mfu 1.90%
iter 7680: loss 0.2237, time 351.96ms, mfu 1.91%
iter 7681: loss 0.2463, time 310.26ms, mfu 1.95%
iter 7682: loss 0.2290, time 561.14ms, mfu 1.88%
iter 7683: loss 0.2197, time 285.87ms, mfu 1.94%
iter 7684: loss 0.2565, time 390.91ms, mfu 1.93%
iter 7685: loss 0.2096, time 434.06ms, mfu 1.90%
iter 7686: loss 0.2331, time 352.65ms, mfu 1.91%
iter 7687: loss 0.2531, time 422.88ms, mfu 1.89%
iter 7688: loss 0.2278, time 468.69ms, mfu 1.85%
iter 7689: loss 0.2280, time 408.53ms, mfu 1.84%
iter 7690: loss 0.2039, time 371.11ms, mfu 1.84%
iter 7691: loss 0.2154, time 386.90ms, mfu 1.84%
iter 7692: loss 0.2158, time 344.40ms, mfu 1.86%
iter 7693: loss 0.2149, time 410.79ms, mfu 1.85%
iter 7694: loss 0.2508, time 441.44ms, mfu 1.83%
iter 7695: loss 0.2369, time 361.37ms, mfu 1.84%
iter 7696: loss 0.2606, time 291.42ms, mfu 1.90%
iter 7697: loss 0.2654, time 386.23ms, mfu 1.89%
iter 7698: loss 0.2444, time 397.86ms, mfu 1.88%
iter 7699: loss 0.2429, time 361.99ms, mfu 1.89%
iter 7700: loss 0.2143, time 611.37ms, mfu 1.82%
  === DIAG iter 7700 ===
  loss: 0.2143
  grads: total 0.7577, transformer 0.1504, adapter 0.7426
  <NUM> input tokens: 682/3072 (22.2%)
  lr: 3.82e-04
  SME accuracy: overall 0.940, sign 0.970, exp 0.990, digit 0.913 [d0 0.960 d1 0.910 d2 0.870] (500 SME tokens)
iter 7701: loss 0.1839, time 231.07ms, mfu 1.94%
iter 7702: loss 0.2401, time 376.10ms, mfu 1.94%
iter 7703: loss 0.2248, time 432.57ms, mfu 1.91%
iter 7704: loss 0.2108, time 262.13ms, mfu 1.99%
iter 7705: loss 0.2085, time 365.97ms, mfu 1.98%
iter 7706: loss 0.2294, time 426.94ms, mfu 1.95%
iter 7707: loss 0.2282, time 442.76ms, mfu 1.91%
iter 7708: loss 0.2599, time 305.10ms, mfu 1.95%
iter 7709: loss 0.2194, time 361.23ms, mfu 1.96%
iter 7710: loss 0.2202, time 388.34ms, mfu 1.94%
iter 7711: loss 0.2404, time 301.00ms, mfu 1.98%
iter 7712: loss 0.2235, time 225.79ms, mfu 2.10%
iter 7713: loss 0.2121, time 300.52ms, mfu 2.13%
iter 7714: loss 0.2159, time 357.29ms, mfu 2.11%
iter 7715: loss 0.2080, time 268.66ms, mfu 2.16%
iter 7716: loss 0.2380, time 361.78ms, mfu 2.14%
iter 7717: loss 0.2450, time 346.28ms, mfu 2.13%
iter 7718: loss 0.2368, time 301.01ms, mfu 2.16%
iter 7719: loss 0.2482, time 387.60ms, mfu 2.12%
iter 7720: loss 0.2245, time 365.93ms, mfu 2.10%
iter 7721: loss 0.2513, time 277.50ms, mfu 2.15%
iter 7722: loss 0.2192, time 470.69ms, mfu 2.08%
iter 7723: loss 0.2352, time 440.96ms, mfu 2.04%
iter 7724: loss 0.2170, time 444.91ms, mfu 1.99%
iter 7725: loss 0.2005, time 385.22ms, mfu 1.98%
iter 7726: loss 0.2603, time 413.92ms, mfu 1.95%
iter 7727: loss 0.2309, time 376.14ms, mfu 1.94%
iter 7728: loss 0.2306, time 390.12ms, mfu 1.93%
iter 7729: loss 0.2248, time 368.60ms, mfu 1.93%
iter 7730: loss 0.2596, time 385.06ms, mfu 1.92%
iter 7731: loss 0.2416, time 250.80ms, mfu 2.01%
iter 7732: loss 0.2323, time 470.51ms, mfu 1.96%
iter 7733: loss 0.2519, time 294.27ms, mfu 2.01%
iter 7734: loss 0.2270, time 368.07ms, mfu 2.00%
iter 7735: loss 0.2503, time 268.25ms, mfu 2.06%
iter 7736: loss 0.2200, time 445.47ms, mfu 2.02%
iter 7737: loss 0.2383, time 252.95ms, mfu 2.09%
iter 7738: loss 0.2320, time 404.46ms, mfu 2.06%
iter 7739: loss 0.2592, time 493.06ms, mfu 2.00%
iter 7740: loss 0.2478, time 378.53ms, mfu 1.99%
iter 7741: loss 0.2413, time 492.25ms, mfu 1.93%
iter 7742: loss 0.2446, time 301.41ms, mfu 1.97%
iter 7743: loss 0.2374, time 422.47ms, mfu 1.94%
iter 7744: loss 0.2103, time 327.22ms, mfu 1.97%
iter 7745: loss 0.2316, time 476.84ms, mfu 1.92%
iter 7746: loss 0.2345, time 356.08ms, mfu 1.92%
iter 7747: loss 0.2365, time 234.95ms, mfu 2.03%
iter 7748: loss 0.2098, time 408.25ms, mfu 2.00%
iter 7749: loss 0.2032, time 277.66ms, mfu 2.06%
iter 7750: loss 0.2238, time 502.27ms, mfu 1.99%
iter 7751: loss 0.2505, time 434.58ms, mfu 1.96%
iter 7752: loss 0.2268, time 394.23ms, mfu 1.94%
iter 7753: loss 0.2332, time 528.72ms, mfu 1.88%
iter 7754: loss 0.2425, time 305.81ms, mfu 1.93%
iter 7755: loss 0.2172, time 371.73ms, mfu 1.92%
iter 7756: loss 0.2124, time 353.21ms, mfu 1.93%
iter 7757: loss 0.2503, time 439.51ms, mfu 1.90%
iter 7758: loss 0.2325, time 281.14ms, mfu 1.96%
iter 7759: loss 0.2204, time 270.01ms, mfu 2.03%
iter 7760: loss 0.2123, time 402.05ms, mfu 2.00%
iter 7761: loss 0.2522, time 307.38ms, mfu 2.03%
iter 7762: loss 0.2431, time 330.02ms, mfu 2.04%
iter 7763: loss 0.2198, time 276.31ms, mfu 2.10%
iter 7764: loss 0.2280, time 319.73ms, mfu 2.11%
iter 7765: loss 0.2132, time 337.92ms, mfu 2.11%
iter 7766: loss 0.2380, time 376.51ms, mfu 2.08%
iter 7767: loss 0.2355, time 356.27ms, mfu 2.07%
iter 7768: loss 0.2257, time 358.98ms, mfu 2.06%
iter 7769: loss 0.2409, time 309.90ms, mfu 2.09%
iter 7770: loss 0.2459, time 345.78ms, mfu 2.08%
iter 7771: loss 0.2522, time 430.93ms, mfu 2.04%
iter 7772: loss 0.2502, time 447.83ms, mfu 1.99%
iter 7773: loss 0.2052, time 412.26ms, mfu 1.97%
iter 7774: loss 0.2289, time 366.84ms, mfu 1.96%
iter 7775: loss 0.1992, time 329.88ms, mfu 1.98%
iter 7776: loss 0.2530, time 355.87ms, mfu 1.98%
iter 7777: loss 0.2398, time 314.44ms, mfu 2.01%
iter 7778: loss 0.2047, time 449.82ms, mfu 1.97%
iter 7779: loss 0.2648, time 341.43ms, mfu 1.98%
iter 7780: loss 0.2111, time 275.39ms, mfu 2.04%
iter 7781: loss 0.2201, time 271.65ms, mfu 2.09%
iter 7782: loss 0.2757, time 389.22ms, mfu 2.07%
iter 7783: loss 0.2628, time 338.24ms, mfu 2.07%
iter 7784: loss 0.2278, time 283.84ms, mfu 2.11%
iter 7785: loss 0.2197, time 430.43ms, mfu 2.07%
iter 7786: loss 0.2788, time 412.55ms, mfu 2.03%
iter 7787: loss 0.2229, time 590.62ms, mfu 1.95%
iter 7788: loss 0.2338, time 312.39ms, mfu 1.98%
iter 7789: loss 0.2455, time 424.87ms, mfu 1.95%
iter 7790: loss 0.2538, time 454.09ms, mfu 1.91%
iter 7791: loss 0.2162, time 426.21ms, mfu 1.89%
iter 7792: loss 0.2685, time 366.93ms, mfu 1.89%
iter 7793: loss 0.2403, time 313.72ms, mfu 1.93%
iter 7794: loss 0.2106, time 458.85ms, mfu 1.89%
iter 7795: loss 0.2602, time 314.96ms, mfu 1.92%
iter 7796: loss 0.2059, time 531.15ms, mfu 1.87%
iter 7797: loss 0.2403, time 404.56ms, mfu 1.85%
iter 7798: loss 0.2170, time 338.71ms, mfu 1.88%
iter 7799: loss 0.2073, time 300.11ms, mfu 1.93%
iter 7800: loss 0.2338, time 692.35ms, mfu 1.84%
  === DIAG iter 7800 ===
  loss: 0.2338
  grads: total 0.6533, transformer 0.1335, adapter 0.6395
  <NUM> input tokens: 671/3072 (21.8%)
  lr: 3.75e-04
  SME accuracy: overall 0.898, sign 0.958, exp 0.968, digit 0.854 [d0 0.905 d1 0.884 d2 0.811] (471 SME tokens)
iter 7801: loss 0.2330, time 225.28ms, mfu 1.97%
iter 7802: loss 0.2239, time 312.21ms, mfu 2.00%
iter 7803: loss 0.2163, time 412.96ms, mfu 1.97%
iter 7804: loss 0.2540, time 412.10ms, mfu 1.94%
iter 7805: loss 0.2201, time 359.31ms, mfu 1.95%
iter 7806: loss 0.2287, time 246.57ms, mfu 2.04%
iter 7807: loss 0.2357, time 244.62ms, mfu 2.13%
iter 7808: loss 0.2254, time 314.67ms, mfu 2.14%
iter 7809: loss 0.2469, time 370.44ms, mfu 2.12%
iter 7810: loss 0.2100, time 267.00ms, mfu 2.17%
iter 7811: loss 0.2246, time 333.30ms, mfu 2.17%
iter 7812: loss 0.2232, time 408.75ms, mfu 2.12%
iter 7813: loss 0.2004, time 367.61ms, mfu 2.10%
iter 7814: loss 0.2323, time 461.78ms, mfu 2.05%
iter 7815: loss 0.2137, time 356.28ms, mfu 2.04%
iter 7816: loss 0.2252, time 411.31ms, mfu 2.01%
iter 7817: loss 0.2419, time 245.32ms, mfu 2.10%
iter 7818: loss 0.2512, time 360.02ms, mfu 2.08%
iter 7819: loss 0.2676, time 391.28ms, mfu 2.06%
iter 7820: loss 0.2378, time 326.62ms, mfu 2.07%
iter 7821: loss 0.2243, time 294.49ms, mfu 2.10%
iter 7822: loss 0.2413, time 415.50ms, mfu 2.06%
iter 7823: loss 0.2662, time 389.68ms, mfu 2.04%
iter 7824: loss 0.2291, time 502.27ms, mfu 1.98%
iter 7825: loss 0.2270, time 387.72ms, mfu 1.96%
iter 7826: loss 0.2287, time 324.40ms, mfu 1.98%
iter 7827: loss 0.2357, time 299.26ms, mfu 2.02%
iter 7828: loss 0.2598, time 373.47ms, mfu 2.01%
iter 7829: loss 0.2281, time 420.85ms, mfu 1.98%
iter 7830: loss 0.2463, time 350.34ms, mfu 1.98%
iter 7831: loss 0.2570, time 373.34ms, mfu 1.97%
iter 7832: loss 0.2601, time 372.58ms, mfu 1.97%
iter 7833: loss 0.2217, time 428.97ms, mfu 1.93%
iter 7834: loss 0.2304, time 503.24ms, mfu 1.88%
iter 7835: loss 0.2614, time 301.14ms, mfu 1.93%
iter 7836: loss 0.2524, time 293.05ms, mfu 1.98%
iter 7837: loss 0.2303, time 423.50ms, mfu 1.95%
iter 7838: loss 0.2246, time 353.88ms, mfu 1.95%
iter 7839: loss 0.1990, time 392.93ms, mfu 1.94%
iter 7840: loss 0.2628, time 221.26ms, mfu 2.06%
iter 7841: loss 0.2388, time 409.49ms, mfu 2.03%
iter 7842: loss 0.2737, time 456.81ms, mfu 1.98%
iter 7843: loss 0.2454, time 299.70ms, mfu 2.02%
iter 7844: loss 0.2586, time 446.76ms, mfu 1.98%
iter 7845: loss 0.2533, time 377.98ms, mfu 1.97%
iter 7846: loss 0.2396, time 303.34ms, mfu 2.00%
iter 7847: loss 0.2327, time 395.64ms, mfu 1.98%
iter 7848: loss 0.2514, time 340.13ms, mfu 1.99%
iter 7849: loss 0.2293, time 382.66ms, mfu 1.98%
iter 7850: loss 0.2456, time 370.84ms, mfu 1.97%
iter 7851: loss 0.1854, time 437.69ms, mfu 1.94%
iter 7852: loss 0.2263, time 511.76ms, mfu 1.88%
iter 7853: loss 0.2318, time 373.79ms, mfu 1.88%
iter 7854: loss 0.2549, time 381.77ms, mfu 1.88%
iter 7855: loss 0.2288, time 277.41ms, mfu 1.95%
iter 7856: loss 0.2230, time 365.99ms, mfu 1.95%
iter 7857: loss 0.2183, time 349.12ms, mfu 1.96%
iter 7858: loss 0.2066, time 462.42ms, mfu 1.91%
iter 7859: loss 0.2083, time 273.03ms, mfu 1.98%
iter 7860: loss 0.2501, time 352.83ms, mfu 1.98%
iter 7861: loss 0.2191, time 448.22ms, mfu 1.94%
iter 7862: loss 0.2188, time 458.60ms, mfu 1.90%
iter 7863: loss 0.2424, time 370.59ms, mfu 1.90%
iter 7864: loss 0.2089, time 361.29ms, mfu 1.91%
iter 7865: loss 0.2112, time 309.48ms, mfu 1.95%
iter 7866: loss 0.2231, time 321.56ms, mfu 1.97%
iter 7867: loss 0.2325, time 391.59ms, mfu 1.96%
iter 7868: loss 0.2302, time 278.68ms, mfu 2.02%
iter 7869: loss 0.2114, time 339.88ms, mfu 2.02%
iter 7870: loss 0.2301, time 506.92ms, mfu 1.96%
iter 7871: loss 0.2097, time 517.55ms, mfu 1.90%
iter 7872: loss 0.2416, time 371.34ms, mfu 1.90%
iter 7873: loss 0.2318, time 405.13ms, mfu 1.89%
iter 7874: loss 0.2357, time 435.18ms, mfu 1.86%
iter 7875: loss 0.2374, time 403.90ms, mfu 1.85%
iter 7876: loss 0.2214, time 321.18ms, mfu 1.89%
iter 7877: loss 0.2426, time 340.27ms, mfu 1.91%
iter 7878: loss 0.2364, time 429.89ms, mfu 1.88%
iter 7879: loss 0.2242, time 279.49ms, mfu 1.95%
iter 7880: loss 0.2291, time 348.40ms, mfu 1.95%
iter 7881: loss 0.2496, time 398.34ms, mfu 1.94%
iter 7882: loss 0.2302, time 306.70ms, mfu 1.97%
iter 7883: loss 0.2370, time 300.34ms, mfu 2.01%
iter 7884: loss 0.2246, time 300.03ms, mfu 2.05%
iter 7885: loss 0.2379, time 300.83ms, mfu 2.08%
iter 7886: loss 0.2525, time 388.75ms, mfu 2.05%
iter 7887: loss 0.2361, time 356.32ms, mfu 2.05%
iter 7888: loss 0.2148, time 384.66ms, mfu 2.03%
iter 7889: loss 0.2506, time 342.24ms, mfu 2.03%
iter 7890: loss 0.2562, time 425.76ms, mfu 1.99%
iter 7891: loss 0.2149, time 319.80ms, mfu 2.02%
iter 7892: loss 0.2259, time 443.83ms, mfu 1.97%
iter 7893: loss 0.2356, time 382.59ms, mfu 1.96%
iter 7894: loss 0.2126, time 319.93ms, mfu 1.99%
iter 7895: loss 0.2357, time 378.78ms, mfu 1.98%
iter 7896: loss 0.2472, time 368.88ms, mfu 1.97%
iter 7897: loss 0.2316, time 302.02ms, mfu 2.01%
iter 7898: loss 0.2262, time 282.33ms, mfu 2.06%
iter 7899: loss 0.2421, time 245.36ms, mfu 2.14%
iter 7900: loss 0.2389, time 651.09ms, mfu 2.04%
  === DIAG iter 7900 ===
  loss: 0.2389
  grads: total 0.1781, transformer 0.0820, adapter 0.1581
  <NUM> input tokens: 655/3072 (21.3%)
  lr: 3.69e-04
  SME accuracy: overall 0.850, sign 0.986, exp 0.973, digit 0.762 [d0 0.875 d1 0.764 d2 0.681] (359 SME tokens)
iter 7901: loss 0.2141, time 156.53ms, mfu 2.29%
iter 7902: loss 0.2139, time 251.50ms, mfu 2.34%
iter 7903: loss 0.2297, time 355.10ms, mfu 2.30%
iter 7904: loss 0.2532, time 321.77ms, mfu 2.29%
iter 7905: loss 0.2062, time 334.41ms, mfu 2.28%
iter 7906: loss 0.2232, time 342.50ms, mfu 2.26%
iter 7907: loss 0.2397, time 384.77ms, mfu 2.21%
iter 7908: loss 0.2310, time 371.60ms, mfu 2.18%
iter 7909: loss 0.2023, time 331.17ms, mfu 2.18%
iter 7910: loss 0.2411, time 342.13ms, mfu 2.17%
iter 7911: loss 0.2129, time 487.97ms, mfu 2.10%
iter 7912: loss 0.2506, time 348.44ms, mfu 2.09%
iter 7913: loss 0.2276, time 348.91ms, mfu 2.08%
iter 7914: loss 0.2378, time 325.81ms, mfu 2.09%
iter 7915: loss 0.2344, time 363.50ms, mfu 2.08%
iter 7916: loss 0.2442, time 280.35ms, mfu 2.12%
iter 7917: loss 0.2424, time 438.55ms, mfu 2.07%
iter 7918: loss 0.2220, time 475.90ms, mfu 2.01%
iter 7919: loss 0.2454, time 331.69ms, mfu 2.03%
iter 7920: loss 0.2392, time 507.12ms, mfu 1.96%
iter 7921: loss 0.2164, time 344.32ms, mfu 1.97%
iter 7922: loss 0.2195, time 329.75ms, mfu 1.99%
iter 7923: loss 0.2425, time 241.75ms, mfu 2.09%
iter 7924: loss 0.2411, time 247.72ms, mfu 2.16%
iter 7925: loss 0.2242, time 316.38ms, mfu 2.17%
iter 7926: loss 0.2217, time 374.92ms, mfu 2.14%
iter 7927: loss 0.2213, time 421.82ms, mfu 2.10%
iter 7928: loss 0.2054, time 506.40ms, mfu 2.03%
iter 7929: loss 0.2226, time 373.74ms, mfu 2.01%
iter 7930: loss 0.2227, time 380.73ms, mfu 2.00%
iter 7931: loss 0.2337, time 423.23ms, mfu 1.97%
iter 7932: loss 0.2235, time 324.45ms, mfu 1.99%
iter 7933: loss 0.2093, time 459.03ms, mfu 1.94%
iter 7934: loss 0.2077, time 390.82ms, mfu 1.93%
iter 7935: loss 0.2354, time 506.36ms, mfu 1.88%
iter 7936: loss 0.2214, time 301.74ms, mfu 1.92%
iter 7937: loss 0.2427, time 321.92ms, mfu 1.95%
iter 7938: loss 0.2645, time 501.37ms, mfu 1.90%
iter 7939: loss 0.2360, time 441.97ms, mfu 1.87%
iter 7940: loss 0.2452, time 278.42ms, mfu 1.94%
iter 7941: loss 0.2188, time 386.79ms, mfu 1.93%
iter 7942: loss 0.2308, time 401.04ms, mfu 1.91%
iter 7943: loss 0.2361, time 396.95ms, mfu 1.90%
iter 7944: loss 0.2423, time 343.13ms, mfu 1.91%
iter 7945: loss 0.2183, time 407.15ms, mfu 1.90%
iter 7946: loss 0.2314, time 246.27ms, mfu 2.00%
iter 7947: loss 0.2169, time 348.09ms, mfu 2.00%
iter 7948: loss 0.2349, time 529.90ms, mfu 1.93%
iter 7949: loss 0.2824, time 345.31ms, mfu 1.95%
iter 7950: loss 0.2127, time 272.68ms, mfu 2.01%
iter 7951: loss 0.2107, time 377.80ms, mfu 2.00%
iter 7952: loss 0.2455, time 393.76ms, mfu 1.98%
iter 7953: loss 0.2418, time 377.19ms, mfu 1.97%
iter 7954: loss 0.2303, time 433.25ms, mfu 1.93%
iter 7955: loss 0.2141, time 515.81ms, mfu 1.88%
iter 7956: loss 0.2382, time 294.27ms, mfu 1.93%
iter 7957: loss 0.2251, time 226.81ms, mfu 2.05%
iter 7958: loss 0.2261, time 300.68ms, mfu 2.08%
iter 7959: loss 0.2752, time 501.50ms, mfu 2.01%
iter 7960: loss 0.2333, time 451.12ms, mfu 1.97%
iter 7961: loss 0.2094, time 378.00ms, mfu 1.96%
iter 7962: loss 0.2413, time 476.25ms, mfu 1.91%
iter 7963: loss 0.2543, time 391.78ms, mfu 1.90%
iter 7964: loss 0.2386, time 412.27ms, mfu 1.88%
iter 7965: loss 0.2476, time 427.30ms, mfu 1.86%
iter 7966: loss 0.2488, time 430.04ms, mfu 1.84%
iter 7967: loss 0.2323, time 394.70ms, mfu 1.84%
iter 7968: loss 0.2118, time 486.06ms, mfu 1.80%
iter 7969: loss 0.2295, time 413.14ms, mfu 1.79%
iter 7970: loss 0.2344, time 469.78ms, mfu 1.76%
iter 7971: loss 0.2403, time 414.60ms, mfu 1.76%
iter 7972: loss 0.2302, time 399.99ms, mfu 1.76%
iter 7973: loss 0.2421, time 382.98ms, mfu 1.77%
iter 7974: loss 0.2546, time 364.07ms, mfu 1.79%
iter 7975: loss 0.2266, time 381.09ms, mfu 1.79%
iter 7976: loss 0.2204, time 445.33ms, mfu 1.77%
iter 7977: loss 0.2249, time 242.23ms, mfu 1.89%
iter 7978: loss 0.2366, time 417.31ms, mfu 1.87%
iter 7979: loss 0.2375, time 229.32ms, mfu 1.99%
iter 7980: loss 0.2284, time 476.96ms, mfu 1.94%
iter 7981: loss 0.2435, time 466.07ms, mfu 1.90%
iter 7982: loss 0.2096, time 277.70ms, mfu 1.96%
iter 7983: loss 0.2168, time 242.13ms, mfu 2.06%
iter 7984: loss 0.2673, time 341.18ms, mfu 2.06%
iter 7985: loss 0.2217, time 429.83ms, mfu 2.02%
iter 7986: loss 0.2101, time 370.25ms, mfu 2.01%
iter 7987: loss 0.2278, time 369.08ms, mfu 2.00%
iter 7988: loss 0.2565, time 317.60ms, mfu 2.02%
iter 7989: loss 0.2319, time 364.38ms, mfu 2.02%
iter 7990: loss 0.2509, time 318.19ms, mfu 2.04%
iter 7991: loss 0.2118, time 406.09ms, mfu 2.01%
iter 7992: loss 0.2643, time 438.92ms, mfu 1.97%
iter 7993: loss 0.2467, time 256.36ms, mfu 2.05%
iter 7994: loss 0.2063, time 462.14ms, mfu 2.00%
iter 7995: loss 0.1774, time 299.07ms, mfu 2.03%
iter 7996: loss 0.2155, time 467.22ms, mfu 1.98%
iter 7997: loss 0.2172, time 437.59ms, mfu 1.95%
iter 7998: loss 0.2236, time 362.93ms, mfu 1.95%
iter 7999: loss 0.2364, time 394.84ms, mfu 1.93%
iter 8000: loss 0.2379, time 570.59ms, mfu 1.86%
  === DIAG iter 8000 ===
  loss: 0.2379
  grads: total 0.1832, transformer 0.0765, adapter 0.1665
  <NUM> input tokens: 696/3072 (22.7%)
  lr: 3.63e-04
  SME accuracy: overall 0.926, sign 0.989, exp 0.978, digit 0.888 [d0 0.978 d1 0.889 d2 0.856] (458 SME tokens)
  --- Sample eval (val) ---
  
    target: 931
    pred:   INVALID(?50257 E2 D9 D0 D3)

  SUB: <789> - <628> →
    target: 161
    pred:   161
    error:  0.00

  SUM: <-791.75> <243.5> →
    target: -548
    pred:   -547
    error:  1.00

  D6D5
    target: 441 491
    pred:   721 551
    error:  280.00 60.00

   <350> <-0.6818> <915.384> <3> <161.9> →
    target: 709
    pred:   990
    error:  281.00

iter 8001: loss 0.2370, time 252.95ms, mfu 1.96%
iter 8002: loss 0.2180, time 369.86ms, mfu 1.95%
iter 8003: loss 0.2357, time 387.62ms, mfu 1.94%
iter 8004: loss 0.2478, time 361.91ms, mfu 1.94%
iter 8005: loss 0.2656, time 441.70ms, mfu 1.91%
iter 8006: loss 0.1961, time 519.25ms, mfu 1.85%
iter 8007: loss 0.2304, time 317.45ms, mfu 1.89%
iter 8008: loss 0.2007, time 329.31ms, mfu 1.92%
iter 8009: loss 0.2414, time 375.84ms, mfu 1.91%
iter 8010: loss 0.2299, time 514.97ms, mfu 1.86%
iter 8011: loss 0.2317, time 473.30ms, mfu 1.82%
iter 8012: loss 0.2152, time 256.77ms, mfu 1.92%
iter 8013: loss 0.2165, time 416.27ms, mfu 1.90%
iter 8014: loss 0.2252, time 399.30ms, mfu 1.88%
iter 8015: loss 0.2265, time 329.76ms, mfu 1.91%
iter 8016: loss 0.2102, time 435.78ms, mfu 1.88%
iter 8017: loss 0.2147, time 412.50ms, mfu 1.87%
iter 8018: loss 0.2305, time 295.48ms, mfu 1.92%
iter 8019: loss 0.2175, time 483.28ms, mfu 1.87%
iter 8020: loss 0.2557, time 280.79ms, mfu 1.94%
iter 8021: loss 0.2368, time 488.69ms, mfu 1.89%
iter 8022: loss 0.2231, time 284.63ms, mfu 1.95%
iter 8023: loss 0.2238, time 262.64ms, mfu 2.02%
iter 8024: loss 0.2258, time 358.11ms, mfu 2.02%
iter 8025: loss 0.2246, time 270.06ms, mfu 2.08%
iter 8026: loss 0.2248, time 337.80ms, mfu 2.08%
iter 8027: loss 0.2483, time 373.78ms, mfu 2.06%
iter 8028: loss 0.2256, time 385.12ms, mfu 2.04%
iter 8029: loss 0.2460, time 488.48ms, mfu 1.98%
iter 8030: loss 0.2208, time 358.70ms, mfu 1.98%
iter 8031: loss 0.2440, time 340.54ms, mfu 1.99%
iter 8032: loss 0.2271, time 289.15ms, mfu 2.04%
iter 8033: loss 0.2448, time 273.12ms, mfu 2.09%
iter 8034: loss 0.2346, time 460.06ms, mfu 2.04%
iter 8035: loss 0.2073, time 301.35ms, mfu 2.07%
iter 8036: loss 0.2714, time 452.30ms, mfu 2.02%
iter 8037: loss 0.2241, time 323.22ms, mfu 2.04%
iter 8038: loss 0.2372, time 345.83ms, mfu 2.04%
iter 8039: loss 0.2269, time 347.27ms, mfu 2.04%
iter 8040: loss 0.2008, time 352.35ms, mfu 2.04%
iter 8041: loss 0.2315, time 492.93ms, mfu 1.98%
iter 8042: loss 0.2300, time 280.05ms, mfu 2.03%
iter 8043: loss 0.2601, time 364.11ms, mfu 2.02%
iter 8044: loss 0.2280, time 238.22ms, mfu 2.12%
iter 8045: loss 0.2164, time 314.39ms, mfu 2.13%
iter 8046: loss 0.2532, time 422.73ms, mfu 2.09%
iter 8047: loss 0.2050, time 415.93ms, mfu 2.05%
iter 8048: loss 0.2231, time 338.18ms, mfu 2.05%
iter 8049: loss 0.2237, time 288.79ms, mfu 2.09%
iter 8050: loss 0.2279, time 303.97ms, mfu 2.12%
iter 8051: loss 0.2265, time 415.50ms, mfu 2.08%
iter 8052: loss 0.2690, time 322.63ms, mfu 2.09%
iter 8053: loss 0.2268, time 436.14ms, mfu 2.04%
iter 8054: loss 0.2429, time 400.70ms, mfu 2.01%
iter 8055: loss 0.2141, time 422.07ms, mfu 1.98%
iter 8056: loss 0.2266, time 446.27ms, mfu 1.94%
iter 8057: loss 0.2325, time 261.68ms, mfu 2.02%
iter 8058: loss 0.2478, time 363.56ms, mfu 2.01%
iter 8059: loss 0.2146, time 322.85ms, mfu 2.03%
iter 8060: loss 0.2651, time 283.81ms, mfu 2.08%
iter 8061: loss 0.2525, time 483.67ms, mfu 2.02%
iter 8062: loss 0.2266, time 411.79ms, mfu 1.99%
iter 8063: loss 0.2169, time 426.36ms, mfu 1.95%
iter 8064: loss 0.2133, time 349.46ms, mfu 1.96%
iter 8065: loss 0.2262, time 327.02ms, mfu 1.98%
iter 8066: loss 0.2306, time 314.17ms, mfu 2.01%
iter 8067: loss 0.2312, time 288.47ms, mfu 2.05%
iter 8068: loss 0.2207, time 359.67ms, mfu 2.05%
iter 8069: loss 0.2418, time 299.06ms, mfu 2.08%
iter 8070: loss 0.2181, time 428.94ms, mfu 2.04%
iter 8071: loss 0.2382, time 251.31ms, mfu 2.11%
iter 8072: loss 0.2086, time 517.66ms, mfu 2.04%
iter 8073: loss 0.2202, time 388.95ms, mfu 2.02%
iter 8074: loss 0.2141, time 429.37ms, mfu 1.98%
iter 8075: loss 0.2372, time 294.39ms, mfu 2.02%
iter 8076: loss 0.2109, time 384.55ms, mfu 2.01%
iter 8077: loss 0.2188, time 310.26ms, mfu 2.03%
iter 8078: loss 0.2057, time 365.13ms, mfu 2.02%
iter 8079: loss 0.2084, time 425.16ms, mfu 1.99%
iter 8080: loss 0.2189, time 305.71ms, mfu 2.02%
iter 8081: loss 0.2122, time 419.56ms, mfu 1.99%
iter 8082: loss 0.2119, time 292.14ms, mfu 2.03%
iter 8083: loss 0.2184, time 349.09ms, mfu 2.03%
iter 8084: loss 0.2181, time 381.69ms, mfu 2.01%
iter 8085: loss 0.2436, time 306.42ms, mfu 2.04%
iter 8086: loss 0.2465, time 288.21ms, mfu 2.09%
iter 8087: loss 0.2177, time 460.16ms, mfu 2.03%
iter 8088: loss 0.2448, time 435.44ms, mfu 1.99%
iter 8089: loss 0.2128, time 291.56ms, mfu 2.03%
iter 8090: loss 0.2559, time 313.13ms, mfu 2.06%
iter 8091: loss 0.2078, time 362.88ms, mfu 2.05%
iter 8092: loss 0.2321, time 391.10ms, mfu 2.02%
iter 8093: loss 0.2452, time 449.13ms, mfu 1.98%
iter 8094: loss 0.2226, time 265.23ms, mfu 2.05%
iter 8095: loss 0.2401, time 294.72ms, mfu 2.08%
iter 8096: loss 0.1960, time 431.30ms, mfu 2.04%
iter 8097: loss 0.2304, time 272.16ms, mfu 2.10%
iter 8098: loss 0.1986, time 383.40ms, mfu 2.07%
iter 8099: loss 0.2167, time 345.03ms, mfu 2.07%
iter 8100: loss 0.2281, time 624.44ms, mfu 1.98%
  === DIAG iter 8100 ===
  loss: 0.2281
  grads: total 0.2896, transformer 0.0922, adapter 0.2745
  <NUM> input tokens: 660/3072 (21.5%)
  lr: 3.56e-04
  SME accuracy: overall 0.917, sign 1.000, exp 0.960, digit 0.875 [d0 0.980 d1 0.931 d2 0.733] (507 SME tokens)
iter 8101: loss 0.2070, time 241.24ms, mfu 2.07%
iter 8102: loss 0.2365, time 199.76ms, mfu 2.22%
iter 8103: loss 0.1965, time 490.54ms, mfu 2.14%
iter 8104: loss 0.2272, time 344.85ms, mfu 2.13%
iter 8105: loss 0.2144, time 271.07ms, mfu 2.18%
iter 8106: loss 0.2278, time 437.80ms, mfu 2.13%
iter 8107: loss 0.2329, time 345.15ms, mfu 2.12%
iter 8108: loss 0.2557, time 375.87ms, mfu 2.10%
iter 8109: loss 0.2114, time 316.97ms, mfu 2.11%
iter 8110: loss 0.2096, time 379.90ms, mfu 2.08%
iter 8111: loss 0.2101, time 495.09ms, mfu 2.02%
iter 8112: loss 0.2288, time 462.87ms, mfu 1.97%
iter 8113: loss 0.2039, time 357.65ms, mfu 1.97%
iter 8114: loss 0.2350, time 243.19ms, mfu 2.07%
iter 8115: loss 0.1998, time 420.65ms, mfu 2.03%
iter 8116: loss 0.2648, time 328.47ms, mfu 2.04%
iter 8117: loss 0.2072, time 355.08ms, mfu 2.04%
iter 8118: loss 0.2372, time 411.33ms, mfu 2.01%
iter 8119: loss 0.2022, time 279.68ms, mfu 2.06%
iter 8120: loss 0.2316, time 430.14ms, mfu 2.02%
iter 8121: loss 0.2306, time 283.00ms, mfu 2.07%
iter 8122: loss 0.2214, time 503.10ms, mfu 2.00%
iter 8123: loss 0.2719, time 447.89ms, mfu 1.96%
iter 8124: loss 0.2471, time 413.60ms, mfu 1.93%
iter 8125: loss 0.2266, time 446.86ms, mfu 1.90%
iter 8126: loss 0.2310, time 340.88ms, mfu 1.92%
iter 8127: loss 0.2386, time 583.22ms, mfu 1.85%
iter 8128: loss 0.2021, time 395.83ms, mfu 1.84%
iter 8129: loss 0.2135, time 422.55ms, mfu 1.82%
iter 8130: loss 0.2426, time 436.65ms, mfu 1.80%
iter 8131: loss 0.2054, time 402.37ms, mfu 1.80%
iter 8132: loss 0.2521, time 492.26ms, mfu 1.76%
iter 8133: loss 0.2220, time 353.51ms, mfu 1.79%
iter 8134: loss 0.2400, time 509.46ms, mfu 1.75%
iter 8135: loss 0.2359, time 312.67ms, mfu 1.80%
iter 8136: loss 0.2064, time 435.19ms, mfu 1.78%
iter 8137: loss 0.2308, time 417.66ms, mfu 1.77%
iter 8138: loss 0.2377, time 422.76ms, mfu 1.76%
iter 8139: loss 0.2197, time 390.12ms, mfu 1.77%
iter 8140: loss 0.2206, time 416.49ms, mfu 1.76%
iter 8141: loss 0.2609, time 330.57ms, mfu 1.80%
iter 8142: loss 0.2479, time 487.45ms, mfu 1.77%
iter 8143: loss 0.2203, time 438.43ms, mfu 1.75%
iter 8144: loss 0.2747, time 322.71ms, mfu 1.80%
iter 8145: loss 0.1907, time 525.06ms, mfu 1.75%
iter 8146: loss 0.2361, time 386.49ms, mfu 1.76%
iter 8147: loss 0.2179, time 331.23ms, mfu 1.80%
iter 8148: loss 0.2402, time 316.55ms, mfu 1.84%
iter 8149: loss 0.2389, time 463.76ms, mfu 1.81%
iter 8150: loss 0.2261, time 282.82ms, mfu 1.88%
iter 8151: loss 0.2383, time 451.18ms, mfu 1.85%
iter 8152: loss 0.2460, time 234.41ms, mfu 1.97%
iter 8153: loss 0.2166, time 381.14ms, mfu 1.96%
iter 8154: loss 0.2293, time 376.24ms, mfu 1.95%
iter 8155: loss 0.2411, time 312.33ms, mfu 1.98%
iter 8156: loss 0.2292, time 301.29ms, mfu 2.02%
iter 8157: loss 0.2241, time 470.89ms, mfu 1.97%
iter 8158: loss 0.1956, time 279.26ms, mfu 2.02%
iter 8159: loss 0.2421, time 312.33ms, mfu 2.05%
iter 8160: loss 0.2214, time 274.56ms, mfu 2.10%
iter 8161: loss 0.2723, time 386.18ms, mfu 2.07%
iter 8162: loss 0.2212, time 265.85ms, mfu 2.13%
iter 8163: loss 0.2342, time 572.79ms, mfu 2.04%
iter 8164: loss 0.2087, time 476.53ms, mfu 1.99%
iter 8165: loss 0.2455, time 336.57ms, mfu 2.00%
iter 8166: loss 0.2163, time 381.66ms, mfu 1.99%
iter 8167: loss 0.2214, time 380.40ms, mfu 1.97%
iter 8168: loss 0.2116, time 269.41ms, mfu 2.04%
iter 8169: loss 0.2305, time 260.59ms, mfu 2.11%
iter 8170: loss 0.2310, time 358.16ms, mfu 2.09%
iter 8171: loss 0.2193, time 384.05ms, mfu 2.07%
iter 8172: loss 0.2148, time 391.23ms, mfu 2.04%
iter 8173: loss 0.1995, time 381.29ms, mfu 2.03%
iter 8174: loss 0.2277, time 416.86ms, mfu 1.99%
iter 8175: loss 0.2461, time 346.72ms, mfu 2.00%
iter 8176: loss 0.2129, time 271.14ms, mfu 2.06%
iter 8177: loss 0.2492, time 369.81ms, mfu 2.05%
iter 8178: loss 0.2218, time 500.65ms, mfu 1.98%
iter 8179: loss 0.1949, time 327.17ms, mfu 2.00%
iter 8180: loss 0.2496, time 461.52ms, mfu 1.95%
iter 8181: loss 0.2431, time 338.15ms, mfu 1.97%
iter 8182: loss 0.2400, time 428.06ms, mfu 1.94%
iter 8183: loss 0.2320, time 285.21ms, mfu 1.99%
iter 8184: loss 0.2365, time 336.24ms, mfu 2.00%
iter 8185: loss 0.2308, time 374.05ms, mfu 1.99%
iter 8186: loss 0.2429, time 416.14ms, mfu 1.96%
iter 8187: loss 0.1938, time 323.91ms, mfu 1.99%
iter 8188: loss 0.1978, time 480.17ms, mfu 1.94%
iter 8189: loss 0.2202, time 251.57ms, mfu 2.02%
iter 8190: loss 0.1991, time 462.62ms, mfu 1.97%
iter 8191: loss 0.2559, time 408.90ms, mfu 1.95%
iter 8192: loss 0.2285, time 344.93ms, mfu 1.96%
iter 8193: loss 0.2130, time 423.10ms, mfu 1.93%
iter 8194: loss 0.2237, time 418.99ms, mfu 1.91%
iter 8195: loss 0.2423, time 434.61ms, mfu 1.88%
iter 8196: loss 0.2341, time 299.58ms, mfu 1.93%
iter 8197: loss 0.2194, time 417.68ms, mfu 1.91%
iter 8198: loss 0.2268, time 456.28ms, mfu 1.87%
iter 8199: loss 0.2346, time 418.36ms, mfu 1.85%
iter 8200: loss 0.2244, time 442.61ms, mfu 1.83%
  === DIAG iter 8200 ===
  loss: 0.2244
  grads: total 0.4715, transformer 0.1010, adapter 0.4606
  <NUM> input tokens: 690/3072 (22.5%)
  lr: 3.50e-04
  SME accuracy: overall 0.893, sign 0.975, exp 0.974, digit 0.838 [d0 0.911 d1 0.848 d2 0.734] (391 SME tokens)
iter 8201: loss 0.2393, time 174.83ms, mfu 2.05%
iter 8202: loss 0.2420, time 307.44ms, mfu 2.08%
iter 8203: loss 0.2230, time 396.52ms, mfu 2.05%
iter 8204: loss 0.2143, time 305.65ms, mfu 2.07%
iter 8205: loss 0.2241, time 414.74ms, mfu 2.04%
iter 8206: loss 0.2104, time 330.74ms, mfu 2.05%
iter 8207: loss 0.2301, time 317.18ms, mfu 2.07%
iter 8208: loss 0.2833, time 382.40ms, mfu 2.05%
iter 8209: loss 0.2110, time 451.05ms, mfu 2.00%
iter 8210: loss 0.2164, time 359.99ms, mfu 2.00%
iter 8211: loss 0.2392, time 372.55ms, mfu 1.99%
iter 8212: loss 0.2309, time 445.19ms, mfu 1.95%
iter 8213: loss 0.1986, time 324.89ms, mfu 1.97%
iter 8214: loss 0.2101, time 336.14ms, mfu 1.98%
iter 8215: loss 0.1989, time 466.49ms, mfu 1.94%
iter 8216: loss 0.2602, time 343.90ms, mfu 1.95%
iter 8217: loss 0.2106, time 414.01ms, mfu 1.93%
iter 8218: loss 0.2432, time 272.18ms, mfu 1.99%
iter 8219: loss 0.2208, time 313.22ms, mfu 2.02%
iter 8220: loss 0.2803, time 317.93ms, mfu 2.04%
iter 8221: loss 0.2382, time 303.23ms, mfu 2.07%
iter 8222: loss 0.2396, time 320.64ms, mfu 2.08%
iter 8223: loss 0.2509, time 335.00ms, mfu 2.09%
iter 8224: loss 0.2277, time 308.37ms, mfu 2.11%
iter 8225: loss 0.2418, time 369.06ms, mfu 2.09%
iter 8226: loss 0.2008, time 366.14ms, mfu 2.07%
iter 8227: loss 0.2186, time 370.61ms, mfu 2.06%
iter 8228: loss 0.2474, time 371.23ms, mfu 2.04%
iter 8229: loss 0.2071, time 393.13ms, mfu 2.02%
iter 8230: loss 0.2221, time 455.62ms, mfu 1.97%
iter 8231: loss 0.1899, time 451.70ms, mfu 1.93%
iter 8232: loss 0.2551, time 371.42ms, mfu 1.93%
iter 8233: loss 0.2327, time 417.64ms, mfu 1.91%
iter 8234: loss 0.2418, time 339.78ms, mfu 1.92%
iter 8235: loss 0.2341, time 432.80ms, mfu 1.90%
iter 8236: loss 0.2293, time 371.72ms, mfu 1.90%
iter 8237: loss 0.2402, time 326.22ms, mfu 1.92%
iter 8238: loss 0.2411, time 387.50ms, mfu 1.92%
iter 8239: loss 0.2355, time 420.09ms, mfu 1.89%
iter 8240: loss 0.2385, time 330.77ms, mfu 1.92%
iter 8241: loss 0.2174, time 269.07ms, mfu 1.99%
iter 8242: loss 0.2231, time 430.70ms, mfu 1.95%
iter 8243: loss 0.2549, time 322.00ms, mfu 1.98%
iter 8244: loss 0.2321, time 319.48ms, mfu 2.00%
iter 8245: loss 0.2477, time 337.77ms, mfu 2.01%
iter 8246: loss 0.2390, time 438.13ms, mfu 1.97%
iter 8247: loss 0.2077, time 411.28ms, mfu 1.95%
iter 8248: loss 0.2074, time 346.03ms, mfu 1.96%
iter 8249: loss 0.2381, time 393.45ms, mfu 1.94%
iter 8250: loss 0.2309, time 559.36ms, mfu 1.87%
iter 8251: loss 0.2221, time 233.25ms, mfu 1.99%
iter 8252: loss 0.2201, time 264.99ms, mfu 2.06%
iter 8253: loss 0.2268, time 363.36ms, mfu 2.05%
iter 8254: loss 0.2041, time 294.36ms, mfu 2.08%
iter 8255: loss 0.2450, time 378.16ms, mfu 2.06%
iter 8256: loss 0.2567, time 374.38ms, mfu 2.05%
iter 8257: loss 0.2298, time 383.87ms, mfu 2.03%
iter 8258: loss 0.2752, time 435.60ms, mfu 1.99%
iter 8259: loss 0.2370, time 269.83ms, mfu 2.05%
iter 8260: loss 0.2441, time 466.40ms, mfu 2.00%
iter 8261: loss 0.2410, time 523.99ms, mfu 1.93%
iter 8262: loss 0.2710, time 333.96ms, mfu 1.95%
iter 8263: loss 0.1910, time 239.52ms, mfu 2.05%
iter 8264: loss 0.2104, time 426.12ms, mfu 2.01%
iter 8265: loss 0.2247, time 447.09ms, mfu 1.97%
iter 8266: loss 0.2072, time 317.48ms, mfu 2.00%
iter 8267: loss 0.2129, time 345.38ms, mfu 2.00%
iter 8268: loss 0.2410, time 509.93ms, mfu 1.94%
iter 8269: loss 0.2277, time 412.32ms, mfu 1.92%
iter 8270: loss 0.2139, time 487.27ms, mfu 1.87%
iter 8271: loss 0.2276, time 346.80ms, mfu 1.89%
iter 8272: loss 0.2319, time 266.67ms, mfu 1.97%
iter 8273: loss 0.2462, time 435.19ms, mfu 1.93%
iter 8274: loss 0.2586, time 339.07ms, mfu 1.95%
iter 8275: loss 0.2089, time 327.01ms, mfu 1.97%
iter 8276: loss 0.2461, time 274.21ms, mfu 2.03%
iter 8277: loss 0.2344, time 281.05ms, mfu 2.08%
iter 8278: loss 0.2118, time 351.47ms, mfu 2.07%
iter 8279: loss 0.1950, time 450.12ms, mfu 2.02%
iter 8280: loss 0.2017, time 363.53ms, mfu 2.02%
iter 8281: loss 0.2369, time 351.39ms, mfu 2.02%
iter 8282: loss 0.2332, time 230.22ms, mfu 2.12%
iter 8283: loss 0.2165, time 464.28ms, mfu 2.06%
iter 8284: loss 0.2140, time 409.08ms, mfu 2.03%
iter 8285: loss 0.2147, time 410.79ms, mfu 2.00%
iter 8286: loss 0.2190, time 335.18ms, mfu 2.01%
iter 8287: loss 0.2073, time 353.22ms, mfu 2.01%
iter 8288: loss 0.2439, time 383.05ms, mfu 1.99%
iter 8289: loss 0.2248, time 298.44ms, mfu 2.03%
iter 8290: loss 0.2312, time 410.86ms, mfu 2.00%
iter 8291: loss 0.2307, time 401.27ms, mfu 1.98%
iter 8292: loss 0.2208, time 340.78ms, mfu 1.99%
iter 8293: loss 0.2553, time 429.06ms, mfu 1.95%
iter 8294: loss 0.2512, time 409.23ms, mfu 1.93%
iter 8295: loss 0.2152, time 321.18ms, mfu 1.96%
iter 8296: loss 0.2329, time 397.67ms, mfu 1.94%
iter 8297: loss 0.2409, time 327.04ms, mfu 1.96%
iter 8298: loss 0.2425, time 382.93ms, mfu 1.95%
iter 8299: loss 0.2565, time 452.60ms, mfu 1.91%
iter 8300: loss 0.2351, time 660.64ms, mfu 1.83%
  === DIAG iter 8300 ===
  loss: 0.2351
  grads: total 0.4150, transformer 0.0932, adapter 0.4045
  <NUM> input tokens: 677/3072 (22.0%)
  lr: 3.43e-04
  SME accuracy: overall 0.898, sign 0.987, exp 0.963, digit 0.848 [d0 0.873 d1 0.886 d2 0.848] (403 SME tokens)
iter 8301: loss 0.2410, time 236.63ms, mfu 1.95%
iter 8302: loss 0.1924, time 276.02ms, mfu 2.01%
iter 8303: loss 0.2167, time 438.66ms, mfu 1.97%
iter 8304: loss 0.2187, time 421.02ms, mfu 1.94%
iter 8305: loss 0.2174, time 414.70ms, mfu 1.92%
iter 8306: loss 0.2359, time 275.19ms, mfu 1.98%
iter 8307: loss 0.2204, time 315.37ms, mfu 2.01%
iter 8308: loss 0.2298, time 367.40ms, mfu 2.00%
iter 8309: loss 0.2266, time 396.44ms, mfu 1.98%
iter 8310: loss 0.2669, time 360.12ms, mfu 1.98%
iter 8311: loss 0.2728, time 419.62ms, mfu 1.95%
iter 8312: loss 0.2202, time 424.67ms, mfu 1.92%
iter 8313: loss 0.2588, time 336.71ms, mfu 1.94%
iter 8314: loss 0.2401, time 492.71ms, mfu 1.89%
iter 8315: loss 0.2468, time 366.83ms, mfu 1.89%
iter 8316: loss 0.2110, time 363.76ms, mfu 1.90%
iter 8317: loss 0.2419, time 372.54ms, mfu 1.90%
iter 8318: loss 0.2202, time 397.84ms, mfu 1.89%
iter 8319: loss 0.2287, time 366.20ms, mfu 1.89%
iter 8320: loss 0.2164, time 322.08ms, mfu 1.92%
iter 8321: loss 0.2182, time 401.42ms, mfu 1.91%
iter 8322: loss 0.2237, time 346.48ms, mfu 1.92%
iter 8323: loss 0.2155, time 352.03ms, mfu 1.93%
iter 8324: loss 0.2589, time 339.57ms, mfu 1.95%
iter 8325: loss 0.2323, time 347.41ms, mfu 1.96%
iter 8326: loss 0.2477, time 441.09ms, mfu 1.92%
iter 8327: loss 0.2109, time 392.10ms, mfu 1.91%
iter 8328: loss 0.2601, time 447.71ms, mfu 1.88%
iter 8329: loss 0.2271, time 448.87ms, mfu 1.85%
iter 8330: loss 0.2212, time 382.23ms, mfu 1.85%
iter 8331: loss 0.2253, time 356.18ms, mfu 1.86%
iter 8332: loss 0.2301, time 423.05ms, mfu 1.84%
iter 8333: loss 0.1945, time 258.08ms, mfu 1.93%
iter 8334: loss 0.2249, time 274.74ms, mfu 2.00%
iter 8335: loss 0.2434, time 435.54ms, mfu 1.96%
iter 8336: loss 0.2202, time 289.32ms, mfu 2.01%
iter 8337: loss 0.2564, time 364.76ms, mfu 2.00%
iter 8338: loss 0.2002, time 433.08ms, mfu 1.97%
iter 8339: loss 0.2145, time 303.16ms, mfu 2.00%
iter 8340: loss 0.2202, time 410.79ms, mfu 1.98%
iter 8341: loss 0.2643, time 399.91ms, mfu 1.96%
iter 8342: loss 0.2297, time 274.72ms, mfu 2.02%
iter 8343: loss 0.2281, time 290.18ms, mfu 2.06%
iter 8344: loss 0.2355, time 369.26ms, mfu 2.05%
iter 8345: loss 0.2411, time 230.77ms, mfu 2.15%
iter 8346: loss 0.2410, time 444.41ms, mfu 2.09%
iter 8347: loss 0.2137, time 399.37ms, mfu 2.06%
iter 8348: loss 0.2270, time 347.61ms, mfu 2.06%
iter 8349: loss 0.2204, time 410.19ms, mfu 2.03%
iter 8350: loss 0.2302, time 304.36ms, mfu 2.06%
iter 8351: loss 0.2754, time 412.57ms, mfu 2.02%
iter 8352: loss 0.2210, time 450.37ms, mfu 1.98%
iter 8353: loss 0.2496, time 399.94ms, mfu 1.96%
iter 8354: loss 0.2208, time 308.25ms, mfu 1.99%
iter 8355: loss 0.2459, time 411.85ms, mfu 1.96%
iter 8356: loss 0.2145, time 452.40ms, mfu 1.92%
iter 8357: loss 0.2277, time 313.28ms, mfu 1.96%
iter 8358: loss 0.2237, time 249.79ms, mfu 2.05%
iter 8359: loss 0.2287, time 441.72ms, mfu 2.00%
iter 8360: loss 0.2426, time 301.00ms, mfu 2.04%
iter 8361: loss 0.2088, time 309.86ms, mfu 2.06%
iter 8362: loss 0.2058, time 369.11ms, mfu 2.05%
iter 8363: loss 0.2740, time 399.39ms, mfu 2.02%
iter 8364: loss 0.2522, time 359.60ms, mfu 2.02%
iter 8365: loss 0.2172, time 332.79ms, mfu 2.03%
iter 8366: loss 0.2329, time 333.63ms, mfu 2.04%
iter 8367: loss 0.2283, time 342.33ms, mfu 2.04%
iter 8368: loss 0.2482, time 311.73ms, mfu 2.06%
iter 8369: loss 0.2054, time 366.82ms, mfu 2.05%
iter 8370: loss 0.2271, time 272.69ms, mfu 2.11%
iter 8371: loss 0.2421, time 321.07ms, mfu 2.12%
iter 8372: loss 0.2484, time 324.99ms, mfu 2.12%
iter 8373: loss 0.2177, time 267.97ms, mfu 2.17%
iter 8374: loss 0.2328, time 351.88ms, mfu 2.16%
iter 8375: loss 0.1991, time 382.68ms, mfu 2.13%
iter 8376: loss 0.2445, time 380.99ms, mfu 2.10%
iter 8377: loss 0.2564, time 300.56ms, mfu 2.13%
iter 8378: loss 0.2083, time 293.56ms, mfu 2.16%
iter 8379: loss 0.2046, time 477.66ms, mfu 2.09%
iter 8380: loss 0.2437, time 427.76ms, mfu 2.05%
iter 8381: loss 0.2140, time 330.66ms, mfu 2.05%
iter 8382: loss 0.2341, time 464.25ms, mfu 2.00%
iter 8383: loss 0.2384, time 398.37ms, mfu 1.98%
iter 8384: loss 0.2277, time 329.20ms, mfu 2.00%
iter 8385: loss 0.2157, time 362.35ms, mfu 1.99%
iter 8386: loss 0.2122, time 367.84ms, mfu 1.99%
iter 8387: loss 0.2143, time 338.21ms, mfu 2.00%
iter 8388: loss 0.2144, time 283.19ms, mfu 2.05%
iter 8389: loss 0.2260, time 330.50ms, mfu 2.06%
iter 8390: loss 0.2333, time 242.96ms, mfu 2.14%
iter 8391: loss 0.2361, time 383.65ms, mfu 2.11%
iter 8392: loss 0.2099, time 422.51ms, mfu 2.07%
iter 8393: loss 0.2328, time 336.10ms, mfu 2.07%
iter 8394: loss 0.2240, time 249.46ms, mfu 2.15%
iter 8395: loss 0.2346, time 416.90ms, mfu 2.11%
iter 8396: loss 0.2395, time 412.32ms, mfu 2.07%
iter 8397: loss 0.2267, time 220.51ms, mfu 2.18%
iter 8398: loss 0.2407, time 348.23ms, mfu 2.17%
iter 8399: loss 0.2077, time 343.88ms, mfu 2.16%
iter 8400: loss 0.2449, time 829.46ms, mfu 2.03%
  === DIAG iter 8400 ===
  loss: 0.2449
  grads: total 0.7489, transformer 0.1151, adapter 0.7400
  <NUM> input tokens: 617/3072 (20.1%)
  lr: 3.37e-04
  SME accuracy: overall 0.848, sign 0.964, exp 0.917, digit 0.787 [d0 0.905 d1 0.774 d2 0.679] (421 SME tokens)
iter 8401: loss 0.2104, time 192.69ms, mfu 2.19%
iter 8402: loss 0.2135, time 370.62ms, mfu 2.16%
iter 8403: loss 0.2059, time 422.75ms, mfu 2.11%
iter 8404: loss 0.2189, time 403.73ms, mfu 2.08%
iter 8405: loss 0.2110, time 299.71ms, mfu 2.11%
iter 8406: loss 0.2245, time 399.59ms, mfu 2.07%
iter 8407: loss 0.2133, time 440.78ms, mfu 2.03%
iter 8408: loss 0.2305, time 335.10ms, mfu 2.04%
iter 8409: loss 0.2234, time 308.27ms, mfu 2.06%
iter 8410: loss 0.2151, time 409.91ms, mfu 2.03%
iter 8411: loss 0.2478, time 331.41ms, mfu 2.04%
iter 8412: loss 0.2222, time 346.54ms, mfu 2.04%
iter 8413: loss 0.2379, time 418.65ms, mfu 2.01%
iter 8414: loss 0.2076, time 432.79ms, mfu 1.97%
iter 8415: loss 0.2512, time 388.66ms, mfu 1.95%
iter 8416: loss 0.2266, time 381.06ms, mfu 1.94%
iter 8417: loss 0.2067, time 466.58ms, mfu 1.90%
iter 8418: loss 0.2193, time 397.33ms, mfu 1.89%
iter 8419: loss 0.2217, time 303.99ms, mfu 1.93%
iter 8420: loss 0.2894, time 301.46ms, mfu 1.98%
iter 8421: loss 0.2758, time 380.68ms, mfu 1.96%
iter 8422: loss 0.2473, time 306.20ms, mfu 2.00%
iter 8423: loss 0.2457, time 330.32ms, mfu 2.01%
iter 8424: loss 0.2107, time 372.41ms, mfu 2.00%
iter 8425: loss 0.2231, time 341.56ms, mfu 2.01%
iter 8426: loss 0.2113, time 238.08ms, mfu 2.11%
iter 8427: loss 0.2120, time 448.58ms, mfu 2.05%
iter 8428: loss 0.1967, time 381.69ms, mfu 2.03%
iter 8429: loss 0.2162, time 375.16ms, mfu 2.02%
iter 8430: loss 0.2037, time 249.70ms, mfu 2.10%
iter 8431: loss 0.2340, time 288.53ms, mfu 2.14%
iter 8432: loss 0.2222, time 357.34ms, mfu 2.12%
iter 8433: loss 0.2281, time 393.17ms, mfu 2.09%
iter 8434: loss 0.2122, time 450.01ms, mfu 2.04%
iter 8435: loss 0.2516, time 313.75ms, mfu 2.06%
iter 8436: loss 0.2341, time 376.93ms, mfu 2.04%
iter 8437: loss 0.1979, time 459.89ms, mfu 1.99%
iter 8438: loss 0.2105, time 401.19ms, mfu 1.97%
iter 8439: loss 0.2194, time 342.42ms, mfu 1.98%
iter 8440: loss 0.2267, time 392.01ms, mfu 1.96%
iter 8441: loss 0.2019, time 368.04ms, mfu 1.96%
iter 8442: loss 0.2179, time 299.29ms, mfu 2.00%
iter 8443: loss 0.2307, time 345.63ms, mfu 2.00%
iter 8444: loss 0.2613, time 366.99ms, mfu 2.00%
iter 8445: loss 0.2411, time 465.88ms, mfu 1.95%
iter 8446: loss 0.2279, time 235.50ms, mfu 2.06%
iter 8447: loss 0.2713, time 367.81ms, mfu 2.04%
iter 8448: loss 0.2503, time 319.83ms, mfu 2.06%
iter 8449: loss 0.2162, time 443.21ms, mfu 2.01%
iter 8450: loss 0.2054, time 456.22ms, mfu 1.97%
iter 8451: loss 0.2113, time 261.40ms, mfu 2.04%
iter 8452: loss 0.2172, time 455.91ms, mfu 1.99%
iter 8453: loss 0.2183, time 331.79ms, mfu 2.01%
iter 8454: loss 0.2277, time 358.66ms, mfu 2.00%
iter 8455: loss 0.2208, time 401.30ms, mfu 1.98%
iter 8456: loss 0.2028, time 384.91ms, mfu 1.97%
iter 8457: loss 0.2276, time 415.03ms, mfu 1.94%
iter 8458: loss 0.2158, time 366.41ms, mfu 1.94%
iter 8459: loss 0.2159, time 522.37ms, mfu 1.88%
iter 8460: loss 0.2396, time 381.62ms, mfu 1.88%
iter 8461: loss 0.2593, time 481.58ms, mfu 1.84%
iter 8462: loss 0.2153, time 349.17ms, mfu 1.86%
iter 8463: loss 0.2712, time 440.04ms, mfu 1.83%
iter 8464: loss 0.2246, time 357.93ms, mfu 1.85%
iter 8465: loss 0.2264, time 301.41ms, mfu 1.90%
iter 8466: loss 0.2070, time 344.81ms, mfu 1.91%
iter 8467: loss 0.2259, time 337.74ms, mfu 1.93%
iter 8468: loss 0.2238, time 349.49ms, mfu 1.94%
iter 8469: loss 0.2776, time 396.34ms, mfu 1.93%
iter 8470: loss 0.2430, time 312.20ms, mfu 1.96%
iter 8471: loss 0.2062, time 480.34ms, mfu 1.91%
iter 8472: loss 0.2596, time 301.31ms, mfu 1.96%
iter 8473: loss 0.2407, time 333.20ms, mfu 1.97%
iter 8474: loss 0.2117, time 451.47ms, mfu 1.93%
iter 8475: loss 0.2319, time 320.81ms, mfu 1.96%
iter 8476: loss 0.2444, time 311.78ms, mfu 1.99%
iter 8477: loss 0.2570, time 254.01ms, mfu 2.07%
iter 8478: loss 0.2292, time 364.45ms, mfu 2.06%
iter 8479: loss 0.2367, time 406.08ms, mfu 2.03%
iter 8480: loss 0.2392, time 371.85ms, mfu 2.02%
iter 8481: loss 0.2562, time 280.41ms, mfu 2.07%
iter 8482: loss 0.2177, time 508.57ms, mfu 2.00%
iter 8483: loss 0.2328, time 342.50ms, mfu 2.01%
iter 8484: loss 0.2034, time 432.63ms, mfu 1.97%
iter 8485: loss 0.2263, time 452.66ms, mfu 1.93%
iter 8486: loss 0.2432, time 470.66ms, mfu 1.89%
iter 8487: loss 0.2499, time 436.40ms, mfu 1.86%
iter 8488: loss 0.2351, time 331.77ms, mfu 1.89%
iter 8489: loss 0.2286, time 285.24ms, mfu 1.95%
iter 8490: loss 0.2222, time 376.79ms, mfu 1.94%
iter 8491: loss 0.2070, time 247.40ms, mfu 2.03%
iter 8492: loss 0.2466, time 476.49ms, mfu 1.98%
iter 8493: loss 0.2029, time 383.48ms, mfu 1.97%
iter 8494: loss 0.2155, time 239.70ms, mfu 2.06%
iter 8495: loss 0.2353, time 412.19ms, mfu 2.03%
iter 8496: loss 0.2281, time 412.65ms, mfu 2.00%
iter 8497: loss 0.2234, time 391.37ms, mfu 1.98%
iter 8498: loss 0.2132, time 417.09ms, mfu 1.95%
iter 8499: loss 0.2068, time 349.66ms, mfu 1.96%
iter 8500: loss 0.2442, time 546.33ms, mfu 1.89%
  === DIAG iter 8500 ===
  loss: 0.2442
  grads: total 0.3913, transformer 0.1642, adapter 0.3552
  <NUM> input tokens: 691/3072 (22.5%)
  lr: 3.30e-04
  SME accuracy: overall 0.862, sign 1.000, exp 0.988, digit 0.777 [d0 0.882 d1 0.824 d2 0.706] (435 SME tokens)
iter 8501: loss 0.2194, time 214.25ms, mfu 2.03%
iter 8502: loss 0.2182, time 481.68ms, mfu 1.98%
iter 8503: loss 0.2403, time 386.11ms, mfu 1.96%
iter 8504: loss 0.2266, time 383.72ms, mfu 1.95%
iter 8505: loss 0.2362, time 294.61ms, mfu 2.00%
iter 8506: loss 0.2522, time 417.25ms, mfu 1.97%
iter 8507: loss 0.2183, time 345.52ms, mfu 1.98%
iter 8508: loss 0.2153, time 406.44ms, mfu 1.95%
iter 8509: loss 0.2130, time 328.71ms, mfu 1.97%
iter 8510: loss 0.2308, time 315.04ms, mfu 2.00%
iter 8511: loss 0.2075, time 323.77ms, mfu 2.02%
iter 8512: loss 0.2424, time 389.38ms, mfu 2.00%
iter 8513: loss 0.2173, time 314.99ms, mfu 2.02%
iter 8514: loss 0.2075, time 358.07ms, mfu 2.02%
iter 8515: loss 0.2330, time 561.14ms, mfu 1.94%
iter 8516: loss 0.2126, time 359.81ms, mfu 1.95%
iter 8517: loss 0.2313, time 432.22ms, mfu 1.92%
iter 8518: loss 0.2339, time 291.99ms, mfu 1.97%
iter 8519: loss 0.2464, time 300.61ms, mfu 2.01%
iter 8520: loss 0.2604, time 368.17ms, mfu 2.00%
iter 8521: loss 0.2125, time 263.74ms, mfu 2.07%
iter 8522: loss 0.2665, time 285.87ms, mfu 2.11%
iter 8523: loss 0.2417, time 376.03ms, mfu 2.09%
iter 8524: loss 0.2349, time 503.77ms, mfu 2.02%
iter 8525: loss 0.2106, time 458.12ms, mfu 1.97%
iter 8526: loss 0.2402, time 398.09ms, mfu 1.95%
iter 8527: loss 0.2263, time 445.00ms, mfu 1.92%
iter 8528: loss 0.2288, time 239.55ms, mfu 2.02%
iter 8529: loss 0.2246, time 398.62ms, mfu 2.00%
iter 8530: loss 0.2703, time 441.30ms, mfu 1.96%
iter 8531: loss 0.2247, time 357.62ms, mfu 1.96%
iter 8532: loss 0.2338, time 373.25ms, mfu 1.95%
iter 8533: loss 0.1870, time 243.30ms, mfu 2.05%
iter 8534: loss 0.2014, time 302.05ms, mfu 2.08%
iter 8535: loss 0.2120, time 324.29ms, mfu 2.09%
iter 8536: loss 0.2109, time 383.89ms, mfu 2.07%
iter 8537: loss 0.2274, time 460.76ms, mfu 2.01%
iter 8538: loss 0.2317, time 315.37ms, mfu 2.04%
iter 8539: loss 0.2433, time 381.10ms, mfu 2.02%
iter 8540: loss 0.2371, time 456.73ms, mfu 1.97%
iter 8541: loss 0.2416, time 314.32ms, mfu 2.00%
iter 8542: loss 0.2380, time 500.76ms, mfu 1.94%
iter 8543: loss 0.2322, time 433.73ms, mfu 1.91%
iter 8544: loss 0.2058, time 220.67ms, mfu 2.04%
iter 8545: loss 0.2273, time 424.47ms, mfu 2.00%
iter 8546: loss 0.2341, time 295.60ms, mfu 2.04%
iter 8547: loss 0.2069, time 508.74ms, mfu 1.98%
iter 8548: loss 0.2233, time 353.77ms, mfu 1.98%
iter 8549: loss 0.2246, time 380.52ms, mfu 1.97%
iter 8550: loss 0.2494, time 446.05ms, mfu 1.93%
iter 8551: loss 0.2261, time 279.80ms, mfu 1.99%
iter 8552: loss 0.2326, time 390.16ms, mfu 1.97%
iter 8553: loss 0.2110, time 341.09ms, mfu 1.98%
iter 8554: loss 0.2273, time 504.01ms, mfu 1.93%
iter 8555: loss 0.2046, time 242.69ms, mfu 2.03%
iter 8556: loss 0.2050, time 571.23ms, mfu 1.95%
iter 8557: loss 0.2154, time 287.89ms, mfu 2.00%
iter 8558: loss 0.2133, time 312.93ms, mfu 2.03%
iter 8559: loss 0.2318, time 552.88ms, mfu 1.95%
iter 8560: loss 0.2679, time 373.14ms, mfu 1.95%
iter 8561: loss 0.2056, time 397.25ms, mfu 1.93%
iter 8562: loss 0.2439, time 262.03ms, mfu 2.01%
iter 8563: loss 0.2291, time 383.37ms, mfu 1.99%
iter 8564: loss 0.2380, time 269.29ms, mfu 2.06%
iter 8565: loss 0.2624, time 361.39ms, mfu 2.05%
iter 8566: loss 0.2252, time 381.50ms, mfu 2.03%
iter 8567: loss 0.2260, time 558.18ms, mfu 1.95%
iter 8568: loss 0.2438, time 339.73ms, mfu 1.96%
iter 8569: loss 0.2087, time 371.58ms, mfu 1.96%
iter 8570: loss 0.2188, time 362.79ms, mfu 1.96%
iter 8571: loss 0.2354, time 398.73ms, mfu 1.94%
iter 8572: loss 0.2507, time 227.68ms, mfu 2.06%
iter 8573: loss 0.2365, time 371.20ms, mfu 2.04%
iter 8574: loss 0.2841, time 511.18ms, mfu 1.98%
iter 8575: loss 0.2096, time 442.23ms, mfu 1.94%
iter 8576: loss 0.2281, time 432.91ms, mfu 1.91%
iter 8577: loss 0.2602, time 371.03ms, mfu 1.91%
iter 8578: loss 0.2166, time 291.05ms, mfu 1.96%
iter 8579: loss 0.2319, time 505.56ms, mfu 1.91%
iter 8580: loss 0.2487, time 473.94ms, mfu 1.86%
iter 8581: loss 0.2367, time 274.04ms, mfu 1.94%
iter 8582: loss 0.2252, time 443.82ms, mfu 1.90%
iter 8583: loss 0.1967, time 339.01ms, mfu 1.92%
iter 8584: loss 0.2460, time 397.72ms, mfu 1.91%
iter 8585: loss 0.2235, time 243.52ms, mfu 2.01%
iter 8586: loss 0.2023, time 357.91ms, mfu 2.01%
iter 8587: loss 0.2338, time 404.01ms, mfu 1.98%
iter 8588: loss 0.2090, time 391.31ms, mfu 1.96%
iter 8589: loss 0.2168, time 267.46ms, mfu 2.03%
iter 8590: loss 0.2215, time 494.67ms, mfu 1.97%
iter 8591: loss 0.2050, time 288.53ms, mfu 2.02%
iter 8592: loss 0.2286, time 238.32ms, mfu 2.12%
iter 8593: loss 0.2463, time 381.00ms, mfu 2.09%
iter 8594: loss 0.2442, time 369.86ms, mfu 2.07%
iter 8595: loss 0.2413, time 314.66ms, mfu 2.09%
iter 8596: loss 0.2639, time 358.84ms, mfu 2.08%
iter 8597: loss 0.2683, time 237.04ms, mfu 2.17%
iter 8598: loss 0.2233, time 409.20ms, mfu 2.13%
iter 8599: loss 0.2130, time 325.65ms, mfu 2.13%
iter 8600: loss 0.2486, time 569.80ms, mfu 2.04%
  === DIAG iter 8600 ===
  loss: 0.2486
  grads: total 0.7325, transformer 0.2458, adapter 0.6900
  <NUM> input tokens: 710/3072 (23.1%)
  lr: 3.23e-04
  SME accuracy: overall 0.870, sign 0.953, exp 0.930, digit 0.822 [d0 0.872 d1 0.860 d2 0.733] (430 SME tokens)
iter 8601: loss 0.2153, time 175.70ms, mfu 2.24%
iter 8602: loss 0.2456, time 250.38ms, mfu 2.30%
iter 8603: loss 0.2200, time 377.75ms, mfu 2.26%
iter 8604: loss 0.2159, time 260.95ms, mfu 2.30%
iter 8605: loss 0.2423, time 352.14ms, mfu 2.27%
iter 8606: loss 0.2319, time 377.26ms, mfu 2.24%
iter 8607: loss 0.2278, time 421.40ms, mfu 2.18%
iter 8608: loss 0.2296, time 322.16ms, mfu 2.18%
iter 8609: loss 0.2635, time 382.07ms, mfu 2.15%
iter 8610: loss 0.2476, time 457.74ms, mfu 2.09%
iter 8611: loss 0.2075, time 456.45ms, mfu 2.04%
iter 8612: loss 0.2240, time 211.37ms, mfu 2.17%
iter 8613: loss 0.2538, time 557.69ms, mfu 2.08%
iter 8614: loss 0.2184, time 247.70ms, mfu 2.16%
iter 8615: loss 0.2515, time 393.96ms, mfu 2.12%
iter 8616: loss 0.2225, time 348.24ms, mfu 2.11%
iter 8617: loss 0.2295, time 232.27ms, mfu 2.21%
iter 8618: loss 0.2412, time 416.29ms, mfu 2.16%
iter 8619: loss 0.2481, time 322.57ms, mfu 2.16%
iter 8620: loss 0.2270, time 397.19ms, mfu 2.12%
iter 8621: loss 0.2518, time 223.39ms, mfu 2.23%
iter 8622: loss 0.2433, time 313.36ms, mfu 2.23%
iter 8623: loss 0.2298, time 288.15ms, mfu 2.25%
iter 8624: loss 0.2175, time 465.04ms, mfu 2.18%
iter 8625: loss 0.2287, time 255.73ms, mfu 2.24%
iter 8626: loss 0.2008, time 385.08ms, mfu 2.20%
iter 8627: loss 0.1870, time 434.15ms, mfu 2.14%
iter 8628: loss 0.2259, time 412.34ms, mfu 2.10%
iter 8629: loss 0.1916, time 288.47ms, mfu 2.14%
iter 8630: loss 0.2590, time 442.06ms, mfu 2.08%
iter 8631: loss 0.2146, time 306.24ms, mfu 2.11%
iter 8632: loss 0.2509, time 326.29ms, mfu 2.11%
iter 8633: loss 0.2475, time 353.26ms, mfu 2.10%
iter 8634: loss 0.2271, time 392.74ms, mfu 2.07%
iter 8635: loss 0.2041, time 377.92ms, mfu 2.05%
iter 8636: loss 0.2572, time 400.42ms, mfu 2.02%
iter 8637: loss 0.2205, time 300.81ms, mfu 2.06%
iter 8638: loss 0.2469, time 283.17ms, mfu 2.10%
iter 8639: loss 0.2112, time 346.89ms, mfu 2.10%
iter 8640: loss 0.2245, time 381.79ms, mfu 2.07%
iter 8641: loss 0.2085, time 376.98ms, mfu 2.05%
iter 8642: loss 0.2260, time 418.62ms, mfu 2.02%
iter 8643: loss 0.1946, time 391.64ms, mfu 2.00%
iter 8644: loss 0.2283, time 451.47ms, mfu 1.95%
iter 8645: loss 0.2025, time 549.57ms, mfu 1.89%
iter 8646: loss 0.2282, time 350.86ms, mfu 1.90%
iter 8647: loss 0.2459, time 348.49ms, mfu 1.91%
iter 8648: loss 0.2393, time 303.60ms, mfu 1.96%
iter 8649: loss 0.2399, time 349.10ms, mfu 1.96%
iter 8650: loss 0.2225, time 446.47ms, mfu 1.93%
iter 8651: loss 0.2010, time 311.57ms, mfu 1.96%
iter 8652: loss 0.2438, time 424.91ms, mfu 1.93%
iter 8653: loss 0.2412, time 414.17ms, mfu 1.91%
iter 8654: loss 0.2108, time 238.31ms, mfu 2.02%
iter 8655: loss 0.2398, time 393.18ms, mfu 1.99%
iter 8656: loss 0.2223, time 325.87ms, mfu 2.01%
iter 8657: loss 0.2235, time 402.25ms, mfu 1.99%
iter 8658: loss 0.2324, time 433.53ms, mfu 1.95%
iter 8659: loss 0.2437, time 431.85ms, mfu 1.92%
iter 8660: loss 0.2314, time 358.36ms, mfu 1.93%
iter 8661: loss 0.1877, time 477.16ms, mfu 1.88%
iter 8662: loss 0.2124, time 412.48ms, mfu 1.87%
iter 8663: loss 0.2189, time 323.26ms, mfu 1.90%
iter 8664: loss 0.2363, time 326.07ms, mfu 1.93%
iter 8665: loss 0.2071, time 577.93ms, mfu 1.86%
iter 8666: loss 0.2332, time 507.78ms, mfu 1.81%
iter 8667: loss 0.2296, time 246.77ms, mfu 1.92%
iter 8668: loss 0.2091, time 407.30ms, mfu 1.90%
iter 8669: loss 0.2312, time 250.48ms, mfu 1.99%
iter 8670: loss 0.2369, time 367.74ms, mfu 1.99%
iter 8671: loss 0.2577, time 320.32ms, mfu 2.01%
iter 8672: loss 0.2352, time 393.53ms, mfu 1.99%
iter 8673: loss 0.2191, time 349.24ms, mfu 1.99%
iter 8674: loss 0.2475, time 321.36ms, mfu 2.01%
iter 8675: loss 0.2441, time 333.53ms, mfu 2.02%
iter 8676: loss 0.2396, time 251.41ms, mfu 2.10%
iter 8677: loss 0.1943, time 365.00ms, mfu 2.09%
iter 8678: loss 0.2400, time 398.76ms, mfu 2.06%
iter 8679: loss 0.2051, time 435.66ms, mfu 2.01%
iter 8680: loss 0.2241, time 394.97ms, mfu 1.99%
iter 8681: loss 0.2394, time 305.71ms, mfu 2.02%
iter 8682: loss 0.2097, time 487.74ms, mfu 1.97%
iter 8683: loss 0.2029, time 310.93ms, mfu 2.00%
iter 8684: loss 0.2505, time 492.63ms, mfu 1.94%
iter 8685: loss 0.1996, time 318.82ms, mfu 1.97%
iter 8686: loss 0.2245, time 506.51ms, mfu 1.91%
iter 8687: loss 0.2190, time 372.14ms, mfu 1.91%
iter 8688: loss 0.2459, time 380.45ms, mfu 1.91%
iter 8689: loss 0.2256, time 339.27ms, mfu 1.93%
iter 8690: loss 0.2264, time 491.82ms, mfu 1.88%
iter 8691: loss 0.2103, time 480.38ms, mfu 1.84%
iter 8692: loss 0.2270, time 328.61ms, mfu 1.87%
iter 8693: loss 0.2604, time 411.64ms, mfu 1.85%
iter 8694: loss 0.2426, time 349.82ms, mfu 1.87%
iter 8695: loss 0.2020, time 371.74ms, mfu 1.87%
iter 8696: loss 0.2681, time 296.21ms, mfu 1.93%
iter 8697: loss 0.2033, time 470.39ms, mfu 1.88%
iter 8698: loss 0.2264, time 373.46ms, mfu 1.89%
iter 8699: loss 0.2223, time 447.93ms, mfu 1.86%
iter 8700: loss 0.2103, time 604.84ms, mfu 1.79%
  === DIAG iter 8700 ===
  loss: 0.2103
  grads: total 0.5765, transformer 0.1296, adapter 0.5617
  <NUM> input tokens: 678/3072 (22.1%)
  lr: 3.17e-04
  SME accuracy: overall 0.929, sign 1.000, exp 0.984, digit 0.886 [d0 0.921 d1 0.889 d2 0.841] (310 SME tokens)
iter 8701: loss 0.2247, time 243.33ms, mfu 1.90%
iter 8702: loss 0.2247, time 172.25ms, mfu 2.12%
iter 8703: loss 0.2067, time 350.81ms, mfu 2.11%
iter 8704: loss 0.2296, time 319.81ms, mfu 2.12%
iter 8705: loss 0.2362, time 357.69ms, mfu 2.11%
iter 8706: loss 0.2333, time 307.51ms, mfu 2.13%
iter 8707: loss 0.2129, time 231.52ms, mfu 2.22%
iter 8708: loss 0.2186, time 290.99ms, mfu 2.24%
iter 8709: loss 0.2266, time 240.21ms, mfu 2.31%
iter 8710: loss 0.2176, time 312.10ms, mfu 2.31%
iter 8711: loss 0.2451, time 378.99ms, mfu 2.26%
iter 8712: loss 0.2261, time 464.65ms, mfu 2.19%
iter 8713: loss 0.2334, time 293.05ms, mfu 2.21%
iter 8714: loss 0.2323, time 445.70ms, mfu 2.15%
iter 8715: loss 0.2470, time 366.70ms, mfu 2.13%
iter 8716: loss 0.2297, time 495.38ms, mfu 2.06%
iter 8717: loss 0.2153, time 300.12ms, mfu 2.09%
iter 8718: loss 0.2146, time 343.55ms, mfu 2.09%
iter 8719: loss 0.2272, time 420.76ms, mfu 2.05%
iter 8720: loss 0.1932, time 297.93ms, mfu 2.08%
iter 8721: loss 0.2286, time 354.35ms, mfu 2.07%
iter 8722: loss 0.2392, time 245.82ms, mfu 2.15%
iter 8723: loss 0.2134, time 334.34ms, mfu 2.15%
iter 8724: loss 0.2580, time 541.96ms, mfu 2.07%
iter 8725: loss 0.2180, time 298.40ms, mfu 2.10%
iter 8726: loss 0.2005, time 343.23ms, mfu 2.09%
iter 8727: loss 0.2201, time 446.30ms, mfu 2.04%
iter 8728: loss 0.2495, time 463.49ms, mfu 1.99%
iter 8729: loss 0.2472, time 461.67ms, mfu 1.95%
iter 8730: loss 0.2447, time 332.01ms, mfu 1.96%
iter 8731: loss 0.2096, time 517.91ms, mfu 1.91%
iter 8732: loss 0.2313, time 338.12ms, mfu 1.92%
iter 8733: loss 0.2501, time 320.04ms, mfu 1.95%
iter 8734: loss 0.2358, time 347.50ms, mfu 1.96%
iter 8735: loss 0.2362, time 246.65ms, mfu 2.05%
iter 8736: loss 0.2462, time 369.73ms, mfu 2.04%
iter 8737: loss 0.2074, time 421.59ms, mfu 2.00%
iter 8738: loss 0.2104, time 330.39ms, mfu 2.02%
iter 8739: loss 0.2411, time 421.96ms, mfu 1.98%
iter 8740: loss 0.2286, time 311.05ms, mfu 2.01%
iter 8741: loss 0.2380, time 349.19ms, mfu 2.01%
iter 8742: loss 0.2194, time 499.35ms, mfu 1.96%
iter 8743: loss 0.1988, time 383.80ms, mfu 1.94%
iter 8744: loss 0.2518, time 318.76ms, mfu 1.97%
iter 8745: loss 0.2361, time 333.03ms, mfu 1.99%
iter 8746: loss 0.2181, time 461.02ms, mfu 1.94%
iter 8747: loss 0.2469, time 469.95ms, mfu 1.90%
iter 8748: loss 0.2549, time 318.87ms, mfu 1.93%
iter 8749: loss 0.2298, time 507.60ms, mfu 1.88%
iter 8750: loss 0.2156, time 441.45ms, mfu 1.85%
iter 8751: loss 0.2263, time 429.36ms, mfu 1.83%
iter 8752: loss 0.2002, time 353.00ms, mfu 1.85%
iter 8753: loss 0.2368, time 456.21ms, mfu 1.82%
iter 8754: loss 0.2003, time 371.61ms, mfu 1.83%
iter 8755: loss 0.2113, time 376.11ms, mfu 1.83%
iter 8756: loss 0.2228, time 346.83ms, mfu 1.85%
iter 8757: loss 0.2235, time 344.09ms, mfu 1.88%
iter 8758: loss 0.2488, time 428.74ms, mfu 1.85%
iter 8759: loss 0.2411, time 356.86ms, mfu 1.87%
iter 8760: loss 0.2517, time 424.81ms, mfu 1.85%
iter 8761: loss 0.2115, time 343.05ms, mfu 1.87%
iter 8762: loss 0.2504, time 303.07ms, mfu 1.92%
iter 8763: loss 0.2114, time 379.30ms, mfu 1.91%
iter 8764: loss 0.2241, time 351.14ms, mfu 1.92%
iter 8765: loss 0.2212, time 389.16ms, mfu 1.91%
iter 8766: loss 0.2102, time 486.52ms, mfu 1.87%
iter 8767: loss 0.2068, time 380.94ms, mfu 1.87%
iter 8768: loss 0.2004, time 461.18ms, mfu 1.83%
iter 8769: loss 0.2186, time 299.85ms, mfu 1.89%
iter 8770: loss 0.2360, time 409.11ms, mfu 1.87%
iter 8771: loss 0.2195, time 277.51ms, mfu 1.94%
iter 8772: loss 0.2049, time 434.92ms, mfu 1.91%
iter 8773: loss 0.2357, time 363.04ms, mfu 1.91%
iter 8774: loss 0.2146, time 334.17ms, mfu 1.93%
iter 8775: loss 0.2035, time 410.26ms, mfu 1.91%
iter 8776: loss 0.2574, time 394.57ms, mfu 1.90%
iter 8777: loss 0.2290, time 337.24ms, mfu 1.92%
iter 8778: loss 0.2243, time 408.90ms, mfu 1.90%
iter 8779: loss 0.2362, time 440.09ms, mfu 1.87%
iter 8780: loss 0.1950, time 377.65ms, mfu 1.87%
iter 8781: loss 0.2348, time 344.60ms, mfu 1.89%
iter 8782: loss 0.2089, time 247.49ms, mfu 1.99%
iter 8783: loss 0.2158, time 393.93ms, mfu 1.97%
iter 8784: loss 0.2195, time 300.44ms, mfu 2.01%
iter 8785: loss 0.2158, time 428.19ms, mfu 1.97%
iter 8786: loss 0.2265, time 461.42ms, mfu 1.93%
iter 8787: loss 0.2532, time 382.44ms, mfu 1.92%
iter 8788: loss 0.2625, time 429.55ms, mfu 1.89%
iter 8789: loss 0.2209, time 371.36ms, mfu 1.90%
iter 8790: loss 0.2165, time 366.43ms, mfu 1.90%
iter 8791: loss 0.2469, time 259.28ms, mfu 1.98%
iter 8792: loss 0.2484, time 407.10ms, mfu 1.96%
iter 8793: loss 0.2180, time 343.44ms, mfu 1.97%
iter 8794: loss 0.2507, time 507.46ms, mfu 1.91%
iter 8795: loss 0.2323, time 348.57ms, mfu 1.92%
iter 8796: loss 0.2252, time 322.92ms, mfu 1.95%
iter 8797: loss 0.2032, time 422.60ms, mfu 1.92%
iter 8798: loss 0.2342, time 407.29ms, mfu 1.91%
iter 8799: loss 0.2492, time 396.72ms, mfu 1.89%
iter 8800: loss 0.2377, time 522.97ms, mfu 1.84%
  === DIAG iter 8800 ===
  loss: 0.2377
  grads: total 0.4201, transformer 0.1576, adapter 0.3895
  <NUM> input tokens: 671/3072 (21.8%)
  lr: 3.10e-04
  SME accuracy: overall 0.894, sign 0.970, exp 0.960, digit 0.847 [d0 0.871 d1 0.851 d2 0.822] (502 SME tokens)
iter 8801: loss 0.2050, time 213.52ms, mfu 1.99%
iter 8802: loss 0.2080, time 420.35ms, mfu 1.96%
iter 8803: loss 0.2111, time 399.27ms, mfu 1.94%
iter 8804: loss 0.2657, time 359.70ms, mfu 1.94%
iter 8805: loss 0.2286, time 331.56ms, mfu 1.96%
iter 8806: loss 0.2180, time 390.32ms, mfu 1.95%
iter 8807: loss 0.2081, time 384.54ms, mfu 1.94%
iter 8808: loss 0.2163, time 437.81ms, mfu 1.91%
iter 8809: loss 0.2287, time 307.74ms, mfu 1.94%
iter 8810: loss 0.2600, time 380.19ms, mfu 1.94%
iter 8811: loss 0.2229, time 404.91ms, mfu 1.92%
iter 8812: loss 0.2455, time 313.41ms, mfu 1.95%
iter 8813: loss 0.2353, time 253.47ms, mfu 2.04%
iter 8814: loss 0.2308, time 382.29ms, mfu 2.02%
iter 8815: loss 0.2513, time 443.07ms, mfu 1.98%
iter 8816: loss 0.2429, time 311.74ms, mfu 2.01%
iter 8817: loss 0.2212, time 324.75ms, mfu 2.02%
iter 8818: loss 0.1948, time 368.38ms, mfu 2.01%
iter 8819: loss 0.2527, time 400.62ms, mfu 1.99%
iter 8820: loss 0.2253, time 331.49ms, mfu 2.00%
iter 8821: loss 0.2577, time 486.91ms, mfu 1.95%
iter 8822: loss 0.2171, time 311.28ms, mfu 1.98%
iter 8823: loss 0.2126, time 302.97ms, mfu 2.02%
iter 8824: loss 0.2394, time 394.44ms, mfu 2.00%
iter 8825: loss 0.2277, time 334.66ms, mfu 2.01%
iter 8826: loss 0.2062, time 513.42ms, mfu 1.95%
iter 8827: loss 0.2120, time 309.98ms, mfu 1.98%
iter 8828: loss 0.2135, time 316.36ms, mfu 2.01%
iter 8829: loss 0.1931, time 519.96ms, mfu 1.94%
iter 8830: loss 0.2348, time 265.87ms, mfu 2.01%
iter 8831: loss 0.2303, time 315.83ms, mfu 2.04%
iter 8832: loss 0.2274, time 370.83ms, mfu 2.02%
iter 8833: loss 0.2423, time 527.48ms, mfu 1.96%
iter 8834: loss 0.2472, time 268.04ms, mfu 2.02%
iter 8835: loss 0.2268, time 413.11ms, mfu 1.99%
iter 8836: loss 0.2183, time 433.99ms, mfu 1.96%
iter 8837: loss 0.2291, time 400.08ms, mfu 1.94%
iter 8838: loss 0.2383, time 396.62ms, mfu 1.92%
iter 8839: loss 0.2154, time 266.46ms, mfu 2.00%
iter 8840: loss 0.2481, time 602.55ms, mfu 1.92%
iter 8841: loss 0.2412, time 278.37ms, mfu 1.98%
iter 8842: loss 0.2372, time 308.84ms, mfu 2.01%
iter 8843: loss 0.2355, time 322.22ms, mfu 2.03%
iter 8844: loss 0.2420, time 342.79ms, mfu 2.03%
iter 8845: loss 0.2219, time 365.21ms, mfu 2.02%
iter 8846: loss 0.2299, time 500.05ms, mfu 1.96%
iter 8847: loss 0.2182, time 306.22ms, mfu 2.00%
iter 8848: loss 0.2149, time 304.03ms, mfu 2.03%
iter 8849: loss 0.2518, time 334.71ms, mfu 2.04%
iter 8850: loss 0.2192, time 307.14ms, mfu 2.07%
iter 8851: loss 0.2267, time 443.97ms, mfu 2.02%
iter 8852: loss 0.2122, time 321.26ms, mfu 2.04%
iter 8853: loss 0.2121, time 351.36ms, mfu 2.04%
iter 8854: loss 0.2313, time 378.51ms, mfu 2.02%
iter 8855: loss 0.2148, time 340.45ms, mfu 2.03%
iter 8856: loss 0.2345, time 515.65ms, mfu 1.96%
iter 8857: loss 0.2063, time 444.81ms, mfu 1.92%
iter 8858: loss 0.2211, time 326.79ms, mfu 1.95%
iter 8859: loss 0.2244, time 305.95ms, mfu 1.99%
iter 8860: loss 0.2647, time 232.85ms, mfu 2.09%
iter 8861: loss 0.2507, time 501.28ms, mfu 2.02%
iter 8862: loss 0.2216, time 402.38ms, mfu 2.00%
iter 8863: loss 0.1896, time 221.98ms, mfu 2.12%
iter 8864: loss 0.2658, time 407.85ms, mfu 2.08%
iter 8865: loss 0.2487, time 333.55ms, mfu 2.08%
iter 8866: loss 0.1961, time 330.24ms, mfu 2.09%
iter 8867: loss 0.2659, time 402.96ms, mfu 2.06%
iter 8868: loss 0.2134, time 310.48ms, mfu 2.08%
iter 8869: loss 0.2313, time 480.21ms, mfu 2.02%
iter 8870: loss 0.1899, time 379.69ms, mfu 2.00%
iter 8871: loss 0.2525, time 350.98ms, mfu 2.01%
iter 8872: loss 0.2291, time 347.68ms, mfu 2.01%
iter 8873: loss 0.2088, time 332.64ms, mfu 2.02%
iter 8874: loss 0.2351, time 347.61ms, mfu 2.02%
iter 8875: loss 0.2425, time 491.19ms, mfu 1.96%
iter 8876: loss 0.2144, time 436.19ms, mfu 1.93%
iter 8877: loss 0.2219, time 501.69ms, mfu 1.88%
iter 8878: loss 0.2147, time 401.07ms, mfu 1.87%
iter 8879: loss 0.2236, time 407.21ms, mfu 1.85%
iter 8880: loss 0.2408, time 370.54ms, mfu 1.86%
iter 8881: loss 0.2128, time 241.10ms, mfu 1.97%
iter 8882: loss 0.2202, time 496.88ms, mfu 1.91%
iter 8883: loss 0.2244, time 405.27ms, mfu 1.90%
iter 8884: loss 0.2418, time 471.77ms, mfu 1.86%
iter 8885: loss 0.1970, time 313.64ms, mfu 1.90%
iter 8886: loss 0.2397, time 323.78ms, mfu 1.93%
iter 8887: loss 0.2145, time 383.66ms, mfu 1.92%
iter 8888: loss 0.2610, time 418.65ms, mfu 1.90%
iter 8889: loss 0.2463, time 362.13ms, mfu 1.90%
iter 8890: loss 0.2563, time 429.46ms, mfu 1.88%
iter 8891: loss 0.2497, time 363.76ms, mfu 1.88%
iter 8892: loss 0.2692, time 497.99ms, mfu 1.84%
iter 8893: loss 0.2211, time 320.88ms, mfu 1.88%
iter 8894: loss 0.2262, time 442.55ms, mfu 1.85%
iter 8895: loss 0.2340, time 448.31ms, mfu 1.82%
iter 8896: loss 0.2798, time 328.79ms, mfu 1.85%
iter 8897: loss 0.2239, time 507.83ms, mfu 1.81%
iter 8898: loss 0.2381, time 339.66ms, mfu 1.84%
iter 8899: loss 0.2605, time 454.27ms, mfu 1.81%
iter 8900: loss 0.2363, time 389.33ms, mfu 1.81%
  === DIAG iter 8900 ===
  loss: 0.2363
  grads: total 0.9808, transformer 0.1822, adapter 0.9637
  <NUM> input tokens: 673/3072 (21.9%)
  lr: 3.04e-04
  SME accuracy: overall 0.904, sign 0.967, exp 0.983, digit 0.857 [d0 0.893 d1 0.852 d2 0.828] (606 SME tokens)
iter 8901: loss 0.2477, time 174.89ms, mfu 2.03%
iter 8902: loss 0.2379, time 436.27ms, mfu 1.99%
iter 8903: loss 0.1878, time 275.14ms, mfu 2.05%
iter 8904: loss 0.2173, time 416.10ms, mfu 2.02%
iter 8905: loss 0.2245, time 461.43ms, mfu 1.97%
iter 8906: loss 0.2321, time 389.08ms, mfu 1.95%
iter 8907: loss 0.2269, time 352.01ms, mfu 1.96%
iter 8908: loss 0.2323, time 354.83ms, mfu 1.96%
iter 8909: loss 0.2186, time 472.27ms, mfu 1.92%
iter 8910: loss 0.2072, time 398.25ms, mfu 1.90%
iter 8911: loss 0.2030, time 441.75ms, mfu 1.87%
iter 8912: loss 0.2427, time 253.83ms, mfu 1.97%
iter 8913: loss 0.2587, time 513.91ms, mfu 1.91%
iter 8914: loss 0.2275, time 248.94ms, mfu 2.00%
iter 8915: loss 0.2096, time 374.91ms, mfu 1.99%
iter 8916: loss 0.2315, time 338.85ms, mfu 2.00%
iter 8917: loss 0.2070, time 440.64ms, mfu 1.96%
iter 8918: loss 0.2428, time 304.66ms, mfu 2.00%
iter 8919: loss 0.2300, time 345.64ms, mfu 2.00%
iter 8920: loss 0.2209, time 287.76ms, mfu 2.05%
iter 8921: loss 0.2267, time 313.22ms, mfu 2.07%
iter 8922: loss 0.2268, time 355.77ms, mfu 2.06%
iter 8923: loss 0.2500, time 372.32ms, mfu 2.05%
iter 8924: loss 0.2498, time 431.78ms, mfu 2.01%
iter 8925: loss 0.2146, time 352.13ms, mfu 2.01%
iter 8926: loss 0.2470, time 359.59ms, mfu 2.00%
iter 8927: loss 0.2502, time 306.56ms, mfu 2.03%
iter 8928: loss 0.2127, time 468.00ms, mfu 1.98%
iter 8929: loss 0.2478, time 438.97ms, mfu 1.95%
iter 8930: loss 0.2186, time 368.74ms, mfu 1.94%
iter 8931: loss 0.2057, time 282.27ms, mfu 2.00%
iter 8932: loss 0.2121, time 439.09ms, mfu 1.96%
iter 8933: loss 0.2190, time 380.60ms, mfu 1.95%
iter 8934: loss 0.2239, time 484.65ms, mfu 1.90%
iter 8935: loss 0.2292, time 238.54ms, mfu 2.01%
iter 8936: loss 0.2049, time 409.21ms, mfu 1.98%
iter 8937: loss 0.2475, time 354.62ms, mfu 1.98%
iter 8938: loss 0.2499, time 271.67ms, mfu 2.05%
iter 8939: loss 0.2279, time 386.48ms, mfu 2.02%
iter 8940: loss 0.2317, time 419.79ms, mfu 1.99%
iter 8941: loss 0.2027, time 497.14ms, mfu 1.93%
iter 8942: loss 0.2279, time 403.64ms, mfu 1.92%
iter 8943: loss 0.2427, time 453.64ms, mfu 1.88%
iter 8944: loss 0.2213, time 328.51ms, mfu 1.91%
iter 8945: loss 0.2213, time 412.07ms, mfu 1.89%
iter 8946: loss 0.2284, time 388.72ms, mfu 1.88%
iter 8947: loss 0.2062, time 250.17ms, mfu 1.98%
iter 8948: loss 0.2454, time 352.87ms, mfu 1.98%
iter 8949: loss 0.2319, time 403.06ms, mfu 1.96%
iter 8950: loss 0.2091, time 392.53ms, mfu 1.94%
iter 8951: loss 0.2161, time 379.15ms, mfu 1.94%
iter 8952: loss 0.2081, time 382.14ms, mfu 1.93%
iter 8953: loss 0.2268, time 360.00ms, mfu 1.93%
iter 8954: loss 0.2362, time 451.09ms, mfu 1.90%
iter 8955: loss 0.2652, time 499.42ms, mfu 1.85%
iter 8956: loss 0.2161, time 331.02ms, mfu 1.88%
iter 8957: loss 0.2181, time 285.86ms, mfu 1.94%
iter 8958: loss 0.2041, time 450.70ms, mfu 1.90%
iter 8959: loss 0.2397, time 238.90ms, mfu 2.01%
iter 8960: loss 0.2292, time 413.58ms, mfu 1.98%
iter 8961: loss 0.2653, time 646.55ms, mfu 1.89%
iter 8962: loss 0.2659, time 307.52ms, mfu 1.93%
iter 8963: loss 0.2230, time 414.55ms, mfu 1.91%
iter 8964: loss 0.2272, time 218.03ms, mfu 2.04%
iter 8965: loss 0.2129, time 428.23ms, mfu 2.00%
iter 8966: loss 0.2347, time 375.96ms, mfu 1.99%
iter 8967: loss 0.2159, time 310.42ms, mfu 2.02%
iter 8968: loss 0.2186, time 449.76ms, mfu 1.98%
iter 8969: loss 0.2169, time 351.47ms, mfu 1.98%
iter 8970: loss 0.2333, time 414.90ms, mfu 1.95%
iter 8971: loss 0.2365, time 433.65ms, mfu 1.92%
iter 8972: loss 0.2470, time 304.07ms, mfu 1.96%
iter 8973: loss 0.2406, time 390.17ms, mfu 1.95%
iter 8974: loss 0.2452, time 447.12ms, mfu 1.91%
iter 8975: loss 0.2123, time 436.06ms, mfu 1.88%
iter 8976: loss 0.2323, time 441.23ms, mfu 1.86%
iter 8977: loss 0.2177, time 327.24ms, mfu 1.89%
iter 8978: loss 0.2202, time 377.15ms, mfu 1.89%
iter 8979: loss 0.2167, time 275.48ms, mfu 1.95%
iter 8980: loss 0.2008, time 473.15ms, mfu 1.91%
iter 8981: loss 0.2572, time 404.84ms, mfu 1.89%
iter 8982: loss 0.2261, time 363.73ms, mfu 1.90%
iter 8983: loss 0.2396, time 362.66ms, mfu 1.90%
iter 8984: loss 0.2437, time 432.96ms, mfu 1.88%
iter 8985: loss 0.2691, time 314.85ms, mfu 1.91%
iter 8986: loss 0.2591, time 299.82ms, mfu 1.96%
iter 8987: loss 0.2267, time 499.47ms, mfu 1.91%
iter 8988: loss 0.2057, time 321.55ms, mfu 1.94%
iter 8989: loss 0.2221, time 435.38ms, mfu 1.90%
iter 8990: loss 0.2336, time 485.31ms, mfu 1.86%
iter 8991: loss 0.2104, time 342.99ms, mfu 1.88%
iter 8992: loss 0.1966, time 398.38ms, mfu 1.87%
iter 8993: loss 0.2256, time 475.69ms, mfu 1.83%
iter 8994: loss 0.2129, time 289.02ms, mfu 1.89%
iter 8995: loss 0.2459, time 312.23ms, mfu 1.93%
iter 8996: loss 0.2233, time 413.92ms, mfu 1.91%
iter 8997: loss 0.2243, time 281.53ms, mfu 1.97%
iter 8998: loss 0.2424, time 270.04ms, mfu 2.04%
iter 8999: loss 0.2243, time 398.63ms, mfu 2.01%
iter 9000: loss 0.2309, time 567.24ms, mfu 1.93%
  === DIAG iter 9000 ===
  loss: 0.2309
  grads: total 0.5495, transformer 0.1106, adapter 0.5383
  <NUM> input tokens: 620/3072 (20.2%)
  lr: 2.97e-04
  SME accuracy: overall 0.901, sign 0.964, exp 0.976, digit 0.855 [d0 0.940 d1 0.831 d2 0.807] (415 SME tokens)
  --- Sample eval (val) ---
  MAX: <7.9> <-295.6> <8> <-449.6> <5> <439> <248.4> <247> <680.5> <-545.723> <3> →
    target: 680
    pred:   680
    error:  0.00

  COUNT: <3> <659.427> <879.84> →
    target: 3
    pred:   3
    error:  0.00

  MIN: <8.21> <3> <106> <9> <-0.0927> <603> <604.77> <-519> <966> <578.474> →
    target: -519
    pred:   -519
    error:  0.00

   <1> <784.7> →
    target: 784
    pred:   784
    error:  0.00

  MAX: <330.8> <1> →
    target: 330
    pred:   330
    error:  0.00

iter 9001: loss 0.2101, time 273.91ms, mfu 2.00%
iter 9002: loss 0.2174, time 333.60ms, mfu 2.01%
iter 9003: loss 0.2550, time 310.41ms, mfu 2.04%
iter 9004: loss 0.2039, time 350.77ms, mfu 2.04%
iter 9005: loss 0.2064, time 309.18ms, mfu 2.06%
iter 9006: loss 0.2071, time 403.97ms, mfu 2.03%
iter 9007: loss 0.2186, time 430.61ms, mfu 1.99%
iter 9008: loss 0.2479, time 296.05ms, mfu 2.03%
iter 9009: loss 0.2044, time 342.43ms, mfu 2.04%
iter 9010: loss 0.2201, time 367.00ms, mfu 2.03%
iter 9011: loss 0.1975, time 421.61ms, mfu 1.99%
iter 9012: loss 0.2663, time 288.12ms, mfu 2.04%
iter 9013: loss 0.2263, time 251.78ms, mfu 2.12%
iter 9014: loss 0.2175, time 467.97ms, mfu 2.06%
iter 9015: loss 0.2035, time 389.65ms, mfu 2.03%
iter 9016: loss 0.2153, time 325.17ms, mfu 2.05%
iter 9017: loss 0.2193, time 390.38ms, mfu 2.02%
iter 9018: loss 0.2445, time 242.50ms, mfu 2.11%
iter 9019: loss 0.2318, time 314.01ms, mfu 2.13%
iter 9020: loss 0.2507, time 368.80ms, mfu 2.11%
iter 9021: loss 0.2194, time 392.45ms, mfu 2.08%
iter 9022: loss 0.2184, time 388.32ms, mfu 2.05%
iter 9023: loss 0.2271, time 299.32ms, mfu 2.08%
iter 9024: loss 0.2152, time 254.57ms, mfu 2.15%
iter 9025: loss 0.2267, time 388.44ms, mfu 2.12%
iter 9026: loss 0.2243, time 553.91ms, mfu 2.04%
iter 9027: loss 0.2450, time 344.00ms, mfu 2.04%
iter 9028: loss 0.2243, time 247.43ms, mfu 2.12%
iter 9029: loss 0.2290, time 435.73ms, mfu 2.07%
iter 9030: loss 0.2069, time 453.91ms, mfu 2.02%
iter 9031: loss 0.2303, time 492.03ms, mfu 1.96%
iter 9032: loss 0.2433, time 255.40ms, mfu 2.04%
iter 9033: loss 0.2129, time 492.67ms, mfu 1.98%
iter 9034: loss 0.2151, time 385.41ms, mfu 1.97%
iter 9035: loss 0.1861, time 405.62ms, mfu 1.95%
iter 9036: loss 0.2479, time 271.27ms, mfu 2.01%
iter 9037: loss 0.2300, time 452.38ms, mfu 1.97%
iter 9038: loss 0.2170, time 353.82ms, mfu 1.97%
iter 9039: loss 0.2324, time 336.41ms, mfu 1.99%
iter 9040: loss 0.2094, time 242.75ms, mfu 2.08%
iter 9041: loss 0.1875, time 418.71ms, mfu 2.04%
iter 9042: loss 0.2038, time 411.25ms, mfu 2.01%
iter 9043: loss 0.2026, time 374.18ms, mfu 2.00%
iter 9044: loss 0.2082, time 470.40ms, mfu 1.95%
iter 9045: loss 0.2757, time 279.33ms, mfu 2.01%
iter 9046: loss 0.2167, time 413.33ms, mfu 1.98%
iter 9047: loss 0.2251, time 446.20ms, mfu 1.94%
iter 9048: loss 0.2325, time 312.17ms, mfu 1.97%
iter 9049: loss 0.2445, time 280.26ms, mfu 2.03%
iter 9050: loss 0.2247, time 404.85ms, mfu 2.00%
iter 9051: loss 0.2326, time 395.77ms, mfu 1.98%
iter 9052: loss 0.2107, time 387.90ms, mfu 1.96%
iter 9053: loss 0.2508, time 379.38ms, mfu 1.95%
iter 9054: loss 0.2309, time 507.46ms, mfu 1.90%
iter 9055: loss 0.2222, time 505.97ms, mfu 1.85%
iter 9056: loss 0.2385, time 239.46ms, mfu 1.96%
iter 9057: loss 0.2261, time 462.55ms, mfu 1.92%
iter 9058: loss 0.2154, time 322.62ms, mfu 1.95%
iter 9059: loss 0.2363, time 345.86ms, mfu 1.96%
iter 9060: loss 0.2615, time 442.12ms, mfu 1.92%
iter 9061: loss 0.2670, time 254.55ms, mfu 2.01%
iter 9062: loss 0.2593, time 351.08ms, mfu 2.01%
iter 9063: loss 0.2324, time 409.83ms, mfu 1.98%
iter 9064: loss 0.2628, time 547.31ms, mfu 1.91%
iter 9065: loss 0.2743, time 331.56ms, mfu 1.93%
iter 9066: loss 0.2449, time 312.86ms, mfu 1.97%
iter 9067: loss 0.2309, time 383.44ms, mfu 1.96%
iter 9068: loss 0.2122, time 393.81ms, mfu 1.94%
iter 9069: loss 0.2317, time 509.17ms, mfu 1.88%
iter 9070: loss 0.2224, time 403.83ms, mfu 1.87%
iter 9071: loss 0.2490, time 308.95ms, mfu 1.91%
iter 9072: loss 0.2393, time 247.35ms, mfu 2.01%
iter 9073: loss 0.2141, time 331.51ms, mfu 2.02%
iter 9074: loss 0.2219, time 419.37ms, mfu 1.99%
iter 9075: loss 0.2112, time 431.02ms, mfu 1.95%
iter 9076: loss 0.2477, time 281.35ms, mfu 2.01%
iter 9077: loss 0.2319, time 308.60ms, mfu 2.04%
iter 9078: loss 0.2219, time 373.40ms, mfu 2.03%
iter 9079: loss 0.2428, time 367.26ms, mfu 2.02%
iter 9080: loss 0.2266, time 378.31ms, mfu 2.00%
iter 9081: loss 0.1863, time 396.30ms, mfu 1.98%
iter 9082: loss 0.2017, time 411.17ms, mfu 1.95%
iter 9083: loss 0.2442, time 304.81ms, mfu 1.99%
iter 9084: loss 0.2113, time 263.91ms, mfu 2.06%
iter 9085: loss 0.2309, time 357.83ms, mfu 2.05%
iter 9086: loss 0.2284, time 387.59ms, mfu 2.03%
iter 9087: loss 0.2323, time 351.00ms, mfu 2.03%
iter 9088: loss 0.2606, time 358.28ms, mfu 2.02%
iter 9089: loss 0.2160, time 460.04ms, mfu 1.98%
iter 9090: loss 0.2176, time 393.72ms, mfu 1.96%
iter 9091: loss 0.2446, time 495.65ms, mfu 1.91%
iter 9092: loss 0.1850, time 399.28ms, mfu 1.89%
iter 9093: loss 0.2145, time 308.67ms, mfu 1.93%
iter 9094: loss 0.2036, time 445.11ms, mfu 1.90%
iter 9095: loss 0.2392, time 392.17ms, mfu 1.89%
iter 9096: loss 0.2190, time 390.21ms, mfu 1.88%
iter 9097: loss 0.2142, time 514.26ms, mfu 1.83%
iter 9098: loss 0.2464, time 434.37ms, mfu 1.81%
iter 9099: loss 0.2162, time 328.53ms, mfu 1.85%
iter 9100: loss 0.2312, time 635.44ms, mfu 1.77%
  === DIAG iter 9100 ===
  loss: 0.2312
  grads: total 0.6205, transformer 0.1156, adapter 0.6096
  <NUM> input tokens: 646/3072 (21.0%)
  lr: 2.91e-04
  SME accuracy: overall 0.901, sign 1.000, exp 0.948, digit 0.852 [d0 0.948 d1 0.914 d2 0.776] (292 SME tokens)
iter 9101: loss 0.2316, time 210.45ms, mfu 1.93%
iter 9102: loss 0.2379, time 336.30ms, mfu 1.95%
iter 9103: loss 0.2467, time 363.59ms, mfu 1.95%
iter 9104: loss 0.2282, time 352.65ms, mfu 1.96%
iter 9105: loss 0.1868, time 385.60ms, mfu 1.94%
iter 9106: loss 0.2224, time 288.78ms, mfu 2.00%
iter 9107: loss 0.2340, time 345.08ms, mfu 2.00%
iter 9108: loss 0.2258, time 428.27ms, mfu 1.97%
iter 9109: loss 0.2642, time 365.92ms, mfu 1.96%
iter 9110: loss 0.2172, time 323.65ms, mfu 1.99%
iter 9111: loss 0.2048, time 312.08ms, mfu 2.01%
iter 9112: loss 0.2586, time 450.53ms, mfu 1.97%
iter 9113: loss 0.1997, time 536.97ms, mfu 1.91%
iter 9114: loss 0.2560, time 474.05ms, mfu 1.86%
iter 9115: loss 0.2568, time 433.96ms, mfu 1.84%
iter 9116: loss 0.2326, time 258.99ms, mfu 1.93%
iter 9117: loss 0.2403, time 307.74ms, mfu 1.97%
iter 9118: loss 0.2372, time 476.90ms, mfu 1.92%
iter 9119: loss 0.2613, time 461.27ms, mfu 1.88%
iter 9120: loss 0.2365, time 334.96ms, mfu 1.90%
iter 9121: loss 0.2492, time 323.35ms, mfu 1.93%
iter 9122: loss 0.2035, time 458.03ms, mfu 1.89%
iter 9123: loss 0.2492, time 375.36ms, mfu 1.89%
iter 9124: loss 0.2308, time 430.89ms, mfu 1.87%
iter 9125: loss 0.2224, time 324.94ms, mfu 1.90%
iter 9126: loss 0.2386, time 377.14ms, mfu 1.90%
iter 9127: loss 0.2183, time 332.61ms, mfu 1.92%
iter 9128: loss 0.2184, time 372.81ms, mfu 1.92%
iter 9129: loss 0.2053, time 626.72ms, mfu 1.84%
iter 9130: loss 0.1936, time 307.24ms, mfu 1.89%
iter 9131: loss 0.2055, time 425.21ms, mfu 1.87%
iter 9132: loss 0.2167, time 518.98ms, mfu 1.82%
iter 9133: loss 0.2224, time 263.69ms, mfu 1.90%
iter 9134: loss 0.2326, time 334.66ms, mfu 1.92%
iter 9135: loss 0.2076, time 306.98ms, mfu 1.96%
iter 9136: loss 0.2178, time 432.79ms, mfu 1.93%
iter 9137: loss 0.2145, time 339.74ms, mfu 1.95%
iter 9138: loss 0.2364, time 463.23ms, mfu 1.90%
iter 9139: loss 0.2423, time 314.94ms, mfu 1.94%
iter 9140: loss 0.2442, time 402.96ms, mfu 1.92%
iter 9141: loss 0.2412, time 446.70ms, mfu 1.89%
iter 9142: loss 0.2068, time 268.92ms, mfu 1.96%
iter 9143: loss 0.2103, time 327.20ms, mfu 1.98%
iter 9144: loss 0.2165, time 444.94ms, mfu 1.94%
iter 9145: loss 0.2302, time 396.04ms, mfu 1.93%
iter 9146: loss 0.2120, time 451.50ms, mfu 1.89%
iter 9147: loss 0.2401, time 378.01ms, mfu 1.89%
iter 9148: loss 0.1964, time 401.56ms, mfu 1.88%
iter 9149: loss 0.2439, time 327.64ms, mfu 1.91%
iter 9150: loss 0.2567, time 353.72ms, mfu 1.92%
iter 9151: loss 0.2156, time 365.10ms, mfu 1.92%
iter 9152: loss 0.2421, time 443.13ms, mfu 1.89%
iter 9153: loss 0.2292, time 355.32ms, mfu 1.90%
iter 9154: loss 0.2592, time 402.66ms, mfu 1.88%
iter 9155: loss 0.2218, time 519.48ms, mfu 1.83%
iter 9156: loss 0.2252, time 414.00ms, mfu 1.82%
iter 9157: loss 0.2490, time 215.06ms, mfu 1.97%
iter 9158: loss 0.2219, time 400.43ms, mfu 1.95%
iter 9159: loss 0.2080, time 363.84ms, mfu 1.95%
iter 9160: loss 0.2504, time 313.05ms, mfu 1.98%
iter 9161: loss 0.1886, time 458.33ms, mfu 1.94%
iter 9162: loss 0.2082, time 465.62ms, mfu 1.89%
iter 9163: loss 0.2042, time 375.87ms, mfu 1.89%
iter 9164: loss 0.2813, time 389.75ms, mfu 1.89%
iter 9165: loss 0.2502, time 299.59ms, mfu 1.93%
iter 9166: loss 0.2146, time 296.91ms, mfu 1.98%
iter 9167: loss 0.2517, time 367.10ms, mfu 1.97%
iter 9168: loss 0.1997, time 296.61ms, mfu 2.02%
iter 9169: loss 0.2382, time 386.44ms, mfu 2.00%
iter 9170: loss 0.2150, time 455.73ms, mfu 1.95%
iter 9171: loss 0.2080, time 372.15ms, mfu 1.95%
iter 9172: loss 0.2400, time 368.93ms, mfu 1.95%
iter 9173: loss 0.2367, time 606.31ms, mfu 1.87%
iter 9174: loss 0.2131, time 341.83ms, mfu 1.89%
iter 9175: loss 0.2341, time 391.98ms, mfu 1.88%
iter 9176: loss 0.2302, time 429.28ms, mfu 1.86%
iter 9177: loss 0.2068, time 433.41ms, mfu 1.84%
iter 9178: loss 0.2669, time 365.82ms, mfu 1.85%
iter 9179: loss 0.2335, time 352.51ms, mfu 1.86%
iter 9180: loss 0.2265, time 370.74ms, mfu 1.87%
iter 9181: loss 0.2228, time 518.09ms, mfu 1.82%
iter 9182: loss 0.2866, time 298.91ms, mfu 1.87%
iter 9183: loss 0.2117, time 322.23ms, mfu 1.91%
iter 9184: loss 0.2311, time 452.68ms, mfu 1.87%
iter 9185: loss 0.2153, time 328.07ms, mfu 1.90%
iter 9186: loss 0.2567, time 456.00ms, mfu 1.87%
iter 9187: loss 0.2203, time 259.90ms, mfu 1.95%
iter 9188: loss 0.2226, time 467.06ms, mfu 1.91%
iter 9189: loss 0.2470, time 348.66ms, mfu 1.92%
iter 9190: loss 0.2196, time 513.18ms, mfu 1.87%
iter 9191: loss 0.2455, time 407.05ms, mfu 1.85%
iter 9192: loss 0.1955, time 469.93ms, mfu 1.82%
iter 9193: loss 0.2221, time 366.69ms, mfu 1.83%
iter 9194: loss 0.2081, time 389.79ms, mfu 1.83%
iter 9195: loss 0.2689, time 353.82ms, mfu 1.85%
iter 9196: loss 0.2481, time 328.24ms, mfu 1.88%
iter 9197: loss 0.2123, time 483.23ms, mfu 1.84%
iter 9198: loss 0.2459, time 326.20ms, mfu 1.87%
iter 9199: loss 0.2203, time 417.05ms, mfu 1.85%
iter 9200: loss 0.2353, time 509.37ms, mfu 1.81%
  === DIAG iter 9200 ===
  loss: 0.2353
  grads: total 0.5920, transformer 0.1092, adapter 0.5819
  <NUM> input tokens: 655/3072 (21.3%)
  lr: 2.85e-04
  SME accuracy: overall 0.886, sign 0.990, exp 0.939, digit 0.833 [d0 0.869 d1 0.828 d2 0.798] (492 SME tokens)
iter 9201: loss 0.2419, time 172.70ms, mfu 2.04%
iter 9202: loss 0.2273, time 487.26ms, mfu 1.98%
iter 9203: loss 0.2147, time 415.24ms, mfu 1.95%
iter 9204: loss 0.2325, time 376.99ms, mfu 1.94%
iter 9205: loss 0.2519, time 410.19ms, mfu 1.92%
iter 9206: loss 0.2175, time 489.22ms, mfu 1.88%
iter 9207: loss 0.2246, time 327.89ms, mfu 1.90%
iter 9208: loss 0.2330, time 582.39ms, mfu 1.84%
iter 9209: loss 0.2415, time 404.79ms, mfu 1.83%
iter 9210: loss 0.2367, time 442.87ms, mfu 1.80%
iter 9211: loss 0.2146, time 376.50ms, mfu 1.81%
iter 9212: loss 0.2417, time 410.21ms, mfu 1.80%
iter 9213: loss 0.2401, time 244.43ms, mfu 1.91%
iter 9214: loss 0.2137, time 276.80ms, mfu 1.98%
iter 9215: loss 0.2230, time 458.10ms, mfu 1.93%
iter 9216: loss 0.2067, time 255.53ms, mfu 2.02%
iter 9217: loss 0.2208, time 344.46ms, mfu 2.02%
iter 9218: loss 0.2116, time 422.07ms, mfu 1.99%
iter 9219: loss 0.1953, time 226.80ms, mfu 2.10%
iter 9220: loss 0.2368, time 428.75ms, mfu 2.06%
iter 9221: loss 0.2010, time 420.03ms, mfu 2.02%
iter 9222: loss 0.2221, time 370.21ms, mfu 2.01%
iter 9223: loss 0.2266, time 394.38ms, mfu 1.99%
iter 9224: loss 0.2145, time 354.08ms, mfu 1.99%
iter 9225: loss 0.2209, time 445.33ms, mfu 1.95%
iter 9226: loss 0.2466, time 373.36ms, mfu 1.94%
iter 9227: loss 0.2415, time 398.75ms, mfu 1.93%
iter 9228: loss 0.2191, time 278.97ms, mfu 1.99%
iter 9229: loss 0.2265, time 388.17ms, mfu 1.97%
iter 9230: loss 0.2140, time 317.48ms, mfu 2.00%
iter 9231: loss 0.2645, time 331.60ms, mfu 2.01%
iter 9232: loss 0.2127, time 472.61ms, mfu 1.96%
iter 9233: loss 0.2228, time 473.56ms, mfu 1.91%
iter 9234: loss 0.2195, time 390.05ms, mfu 1.91%
iter 9235: loss 0.2419, time 379.38ms, mfu 1.90%
iter 9236: loss 0.2211, time 497.37ms, mfu 1.85%
iter 9237: loss 0.2805, time 522.05ms, mfu 1.80%
iter 9238: loss 0.2528, time 291.19ms, mfu 1.87%
iter 9239: loss 0.2023, time 431.25ms, mfu 1.84%
iter 9240: loss 0.2140, time 412.48ms, mfu 1.83%
iter 9241: loss 0.2147, time 411.71ms, mfu 1.82%
iter 9242: loss 0.2380, time 294.24ms, mfu 1.88%
iter 9243: loss 0.2382, time 431.94ms, mfu 1.86%
iter 9244: loss 0.2007, time 291.96ms, mfu 1.91%
iter 9245: loss 0.2040, time 327.76ms, mfu 1.94%
iter 9246: loss 0.2346, time 364.40ms, mfu 1.94%
iter 9247: loss 0.2001, time 445.68ms, mfu 1.90%
iter 9248: loss 0.2094, time 351.24ms, mfu 1.92%
iter 9249: loss 0.2009, time 498.37ms, mfu 1.87%
iter 9250: loss 0.2238, time 501.81ms, mfu 1.82%
iter 9251: loss 0.2127, time 441.39ms, mfu 1.80%
iter 9252: loss 0.2334, time 476.41ms, mfu 1.77%
iter 9253: loss 0.2195, time 317.75ms, mfu 1.81%
iter 9254: loss 0.2310, time 220.33ms, mfu 1.95%
iter 9255: loss 0.2121, time 511.17ms, mfu 1.90%
iter 9256: loss 0.2520, time 365.49ms, mfu 1.90%
iter 9257: loss 0.2131, time 417.57ms, mfu 1.88%
iter 9258: loss 0.2301, time 323.98ms, mfu 1.91%
iter 9259: loss 0.2383, time 399.11ms, mfu 1.90%
iter 9260: loss 0.2205, time 534.10ms, mfu 1.84%
iter 9261: loss 0.2242, time 261.30ms, mfu 1.93%
iter 9262: loss 0.2563, time 393.73ms, mfu 1.92%
iter 9263: loss 0.2272, time 374.21ms, mfu 1.91%
iter 9264: loss 0.2141, time 381.36ms, mfu 1.91%
iter 9265: loss 0.2268, time 369.64ms, mfu 1.91%
iter 9266: loss 0.2380, time 369.48ms, mfu 1.91%
iter 9267: loss 0.2268, time 376.06ms, mfu 1.91%
iter 9268: loss 0.2199, time 383.35ms, mfu 1.90%
iter 9269: loss 0.2185, time 416.09ms, mfu 1.88%
iter 9270: loss 0.2004, time 245.32ms, mfu 1.98%
iter 9271: loss 0.2465, time 364.30ms, mfu 1.98%
iter 9272: loss 0.2234, time 458.12ms, mfu 1.94%
iter 9273: loss 0.2593, time 439.35ms, mfu 1.90%
iter 9274: loss 0.2247, time 378.72ms, mfu 1.90%
iter 9275: loss 0.2212, time 422.88ms, mfu 1.88%
iter 9276: loss 0.2363, time 369.25ms, mfu 1.88%
iter 9277: loss 0.2536, time 300.03ms, mfu 1.93%
iter 9278: loss 0.2853, time 405.74ms, mfu 1.91%
iter 9279: loss 0.2708, time 261.26ms, mfu 1.99%
iter 9280: loss 0.2160, time 495.91ms, mfu 1.94%
iter 9281: loss 0.1891, time 397.69ms, mfu 1.92%
iter 9282: loss 0.1951, time 365.60ms, mfu 1.92%
iter 9283: loss 0.2240, time 326.29ms, mfu 1.95%
iter 9284: loss 0.2437, time 373.49ms, mfu 1.94%
iter 9285: loss 0.2433, time 300.48ms, mfu 1.98%
iter 9286: loss 0.2397, time 331.41ms, mfu 2.00%
iter 9287: loss 0.2381, time 441.64ms, mfu 1.96%
iter 9288: loss 0.2052, time 327.53ms, mfu 1.98%
iter 9289: loss 0.2180, time 333.75ms, mfu 1.99%
iter 9290: loss 0.2133, time 394.61ms, mfu 1.97%
iter 9291: loss 0.1973, time 420.58ms, mfu 1.95%
iter 9292: loss 0.2103, time 365.57ms, mfu 1.94%
iter 9293: loss 0.2654, time 354.23ms, mfu 1.95%
iter 9294: loss 0.2336, time 372.02ms, mfu 1.95%
iter 9295: loss 0.2051, time 357.63ms, mfu 1.95%
iter 9296: loss 0.2483, time 375.63ms, mfu 1.94%
iter 9297: loss 0.2217, time 409.53ms, mfu 1.92%
iter 9298: loss 0.2140, time 412.32ms, mfu 1.90%
iter 9299: loss 0.2250, time 357.60ms, mfu 1.91%
iter 9300: loss 0.2345, time 511.66ms, mfu 1.86%
  === DIAG iter 9300 ===
  loss: 0.2345
  grads: total 0.1759, transformer 0.0778, adapter 0.1577
  <NUM> input tokens: 727/3072 (23.7%)
  lr: 2.78e-04
  SME accuracy: overall 0.871, sign 0.978, exp 0.955, digit 0.808 [d0 0.888 d1 0.798 d2 0.753] (443 SME tokens)
iter 9301: loss 0.2219, time 174.96ms, mfu 2.08%
iter 9302: loss 0.2192, time 394.84ms, mfu 2.05%
iter 9303: loss 0.2156, time 360.16ms, mfu 2.04%
iter 9304: loss 0.2185, time 291.51ms, mfu 2.08%
iter 9305: loss 0.2459, time 341.69ms, mfu 2.08%
iter 9306: loss 0.2470, time 439.81ms, mfu 2.03%
iter 9307: loss 0.2301, time 318.68ms, mfu 2.05%
iter 9308: loss 0.2154, time 282.31ms, mfu 2.10%
iter 9309: loss 0.2173, time 280.61ms, mfu 2.14%
iter 9310: loss 0.2266, time 500.43ms, mfu 2.07%
iter 9311: loss 0.2136, time 394.44ms, mfu 2.04%
iter 9312: loss 0.2197, time 394.80ms, mfu 2.02%
iter 9313: loss 0.2489, time 474.45ms, mfu 1.96%
iter 9314: loss 0.2254, time 286.11ms, mfu 2.02%
iter 9315: loss 0.2366, time 481.26ms, mfu 1.96%
iter 9316: loss 0.2277, time 387.69ms, mfu 1.95%
iter 9317: loss 0.2251, time 321.28ms, mfu 1.97%
iter 9318: loss 0.2433, time 282.88ms, mfu 2.03%
iter 9319: loss 0.2189, time 412.00ms, mfu 2.00%
iter 9320: loss 0.2210, time 389.94ms, mfu 1.98%
iter 9321: loss 0.2604, time 361.00ms, mfu 1.98%
iter 9322: loss 0.2308, time 397.09ms, mfu 1.96%
iter 9323: loss 0.2618, time 305.58ms, mfu 1.99%
iter 9324: loss 0.2742, time 362.57ms, mfu 1.99%
iter 9325: loss 0.2416, time 387.31ms, mfu 1.97%
iter 9326: loss 0.2072, time 474.25ms, mfu 1.93%
iter 9327: loss 0.2273, time 319.32ms, mfu 1.96%
iter 9328: loss 0.2586, time 492.87ms, mfu 1.90%
iter 9329: loss 0.2453, time 278.62ms, mfu 1.97%
iter 9330: loss 0.2103, time 504.08ms, mfu 1.91%
iter 9331: loss 0.2268, time 400.24ms, mfu 1.90%
iter 9332: loss 0.2159, time 194.10ms, mfu 2.07%
iter 9333: loss 0.2222, time 381.14ms, mfu 2.05%
iter 9334: loss 0.1876, time 396.30ms, mfu 2.03%
iter 9335: loss 0.1978, time 415.22ms, mfu 1.99%
iter 9336: loss 0.2635, time 367.19ms, mfu 1.99%
iter 9337: loss 0.2295, time 358.82ms, mfu 1.99%
iter 9338: loss 0.2445, time 292.44ms, mfu 2.03%
iter 9339: loss 0.2078, time 418.44ms, mfu 2.00%
iter 9340: loss 0.2435, time 334.35ms, mfu 2.01%
iter 9341: loss 0.2146, time 467.26ms, mfu 1.96%
iter 9342: loss 0.2365, time 235.18ms, mfu 2.06%
iter 9343: loss 0.2145, time 387.64ms, mfu 2.04%
iter 9344: loss 0.2165, time 293.27ms, mfu 2.08%
iter 9345: loss 0.2289, time 334.10ms, mfu 2.08%
iter 9346: loss 0.2266, time 298.18ms, mfu 2.11%
iter 9347: loss 0.2203, time 432.09ms, mfu 2.07%
iter 9348: loss 0.2248, time 549.09ms, mfu 1.99%
iter 9349: loss 0.2129, time 277.39ms, mfu 2.04%
iter 9350: loss 0.2190, time 314.91ms, mfu 2.06%
iter 9351: loss 0.2387, time 436.64ms, mfu 2.02%
iter 9352: loss 0.2322, time 337.56ms, mfu 2.03%
iter 9353: loss 0.2242, time 386.74ms, mfu 2.01%
iter 9354: loss 0.2254, time 516.05ms, mfu 1.95%
iter 9355: loss 0.2277, time 247.80ms, mfu 2.04%
iter 9356: loss 0.2266, time 253.32ms, mfu 2.11%
iter 9357: loss 0.2024, time 399.41ms, mfu 2.08%
iter 9358: loss 0.1933, time 239.41ms, mfu 2.17%
iter 9359: loss 0.2284, time 483.21ms, mfu 2.10%
iter 9360: loss 0.2196, time 366.85ms, mfu 2.08%
iter 9361: loss 0.2257, time 247.84ms, mfu 2.16%
iter 9362: loss 0.2233, time 370.78ms, mfu 2.13%
iter 9363: loss 0.2138, time 365.01ms, mfu 2.11%
iter 9364: loss 0.2148, time 250.65ms, mfu 2.19%
iter 9365: loss 0.2515, time 263.76ms, mfu 2.24%
iter 9366: loss 0.2359, time 447.44ms, mfu 2.17%
iter 9367: loss 0.2059, time 298.62ms, mfu 2.19%
iter 9368: loss 0.2114, time 319.37ms, mfu 2.19%
iter 9369: loss 0.2166, time 339.45ms, mfu 2.18%
iter 9370: loss 0.2409, time 397.85ms, mfu 2.14%
iter 9371: loss 0.2380, time 386.48ms, mfu 2.11%
iter 9372: loss 0.2258, time 371.34ms, mfu 2.09%
iter 9373: loss 0.2252, time 332.26ms, mfu 2.10%
iter 9374: loss 0.2389, time 327.91ms, mfu 2.10%
iter 9375: loss 0.2178, time 580.35ms, mfu 2.01%
iter 9376: loss 0.2280, time 402.26ms, mfu 1.99%
iter 9377: loss 0.2533, time 286.94ms, mfu 2.04%
iter 9378: loss 0.2325, time 408.52ms, mfu 2.01%
iter 9379: loss 0.2336, time 269.43ms, mfu 2.07%
iter 9380: loss 0.1950, time 344.93ms, mfu 2.07%
iter 9381: loss 0.2262, time 360.93ms, mfu 2.06%
iter 9382: loss 0.2240, time 318.69ms, mfu 2.07%
iter 9383: loss 0.2080, time 465.15ms, mfu 2.02%
iter 9384: loss 0.2220, time 333.97ms, mfu 2.03%
iter 9385: loss 0.2215, time 306.78ms, mfu 2.06%
iter 9386: loss 0.2211, time 357.90ms, mfu 2.05%
iter 9387: loss 0.2190, time 243.78ms, mfu 2.14%
iter 9388: loss 0.2002, time 380.32ms, mfu 2.11%
iter 9389: loss 0.1749, time 509.01ms, mfu 2.04%
iter 9390: loss 0.1858, time 336.51ms, mfu 2.04%
iter 9391: loss 0.1907, time 472.87ms, mfu 1.99%
iter 9392: loss 0.2265, time 423.15ms, mfu 1.96%
iter 9393: loss 0.2342, time 318.45ms, mfu 1.98%
iter 9394: loss 0.2302, time 583.54ms, mfu 1.91%
iter 9395: loss 0.2339, time 355.13ms, mfu 1.92%
iter 9396: loss 0.2156, time 375.21ms, mfu 1.91%
iter 9397: loss 0.2309, time 314.21ms, mfu 1.95%
iter 9398: loss 0.2076, time 379.87ms, mfu 1.94%
iter 9399: loss 0.2201, time 387.36ms, mfu 1.93%
iter 9400: loss 0.2044, time 484.07ms, mfu 1.88%
  === DIAG iter 9400 ===
  loss: 0.2044
  grads: total 0.3630, transformer 0.1148, adapter 0.3444
  <NUM> input tokens: 656/3072 (21.4%)
  lr: 2.72e-04
  SME accuracy: overall 0.954, sign 0.989, exp 0.989, digit 0.930 [d0 0.967 d1 0.934 d2 0.912] (453 SME tokens)
iter 9401: loss 0.2091, time 224.11ms, mfu 2.01%
iter 9402: loss 0.2505, time 385.81ms, mfu 1.99%
iter 9403: loss 0.2325, time 280.44ms, mfu 2.05%
iter 9404: loss 0.2369, time 406.56ms, mfu 2.02%
iter 9405: loss 0.2206, time 294.05ms, mfu 2.06%
iter 9406: loss 0.2063, time 227.36ms, mfu 2.16%
iter 9407: loss 0.2187, time 482.59ms, mfu 2.09%
iter 9408: loss 0.2446, time 349.73ms, mfu 2.09%
iter 9409: loss 0.2371, time 329.33ms, mfu 2.09%
iter 9410: loss 0.2180, time 398.20ms, mfu 2.06%
iter 9411: loss 0.2063, time 388.47ms, mfu 2.04%
iter 9412: loss 0.2024, time 507.63ms, mfu 1.97%
iter 9413: loss 0.2117, time 305.28ms, mfu 2.01%
iter 9414: loss 0.2249, time 433.17ms, mfu 1.97%
iter 9415: loss 0.2281, time 356.74ms, mfu 1.97%
iter 9416: loss 0.2532, time 229.89ms, mfu 2.08%
iter 9417: loss 0.2149, time 299.27ms, mfu 2.11%
iter 9418: loss 0.2287, time 397.76ms, mfu 2.08%
iter 9419: loss 0.2275, time 452.26ms, mfu 2.03%
iter 9420: loss 0.2319, time 321.04ms, mfu 2.05%
iter 9421: loss 0.2119, time 231.82ms, mfu 2.15%
iter 9422: loss 0.2255, time 503.90ms, mfu 2.07%
iter 9423: loss 0.2455, time 334.50ms, mfu 2.08%
iter 9424: loss 0.2239, time 279.07ms, mfu 2.12%
iter 9425: loss 0.2108, time 410.80ms, mfu 2.08%
iter 9426: loss 0.2308, time 264.70ms, mfu 2.14%
iter 9427: loss 0.2508, time 320.72ms, mfu 2.15%
iter 9428: loss 0.2300, time 285.99ms, mfu 2.18%
iter 9429: loss 0.2438, time 459.99ms, mfu 2.12%
iter 9430: loss 0.2212, time 426.81ms, mfu 2.07%
iter 9431: loss 0.2125, time 407.37ms, mfu 2.04%
iter 9432: loss 0.2257, time 396.86ms, mfu 2.01%
iter 9433: loss 0.2146, time 397.10ms, mfu 1.99%
iter 9434: loss 0.2671, time 492.21ms, mfu 1.94%
iter 9435: loss 0.2716, time 359.57ms, mfu 1.94%
iter 9436: loss 0.2371, time 495.55ms, mfu 1.89%
iter 9437: loss 0.2392, time 443.23ms, mfu 1.86%
iter 9438: loss 0.2273, time 330.77ms, mfu 1.89%
iter 9439: loss 0.2048, time 403.57ms, mfu 1.87%
iter 9440: loss 0.2364, time 300.78ms, mfu 1.92%
iter 9441: loss 0.2338, time 335.50ms, mfu 1.94%
iter 9442: loss 0.2487, time 480.35ms, mfu 1.90%
iter 9443: loss 0.2199, time 364.58ms, mfu 1.90%
iter 9444: loss 0.2585, time 280.60ms, mfu 1.96%
iter 9445: loss 0.2572, time 362.61ms, mfu 1.96%
iter 9446: loss 0.2376, time 400.67ms, mfu 1.94%
iter 9447: loss 0.2211, time 402.16ms, mfu 1.92%
iter 9448: loss 0.2139, time 304.47ms, mfu 1.96%
iter 9449: loss 0.2524, time 452.27ms, mfu 1.93%
iter 9450: loss 0.2211, time 245.87ms, mfu 2.02%
iter 9451: loss 0.2193, time 294.98ms, mfu 2.06%
iter 9452: loss 0.2020, time 498.69ms, mfu 2.00%
iter 9453: loss 0.2269, time 430.90ms, mfu 1.96%
iter 9454: loss 0.2097, time 337.93ms, mfu 1.97%
iter 9455: loss 0.2541, time 273.22ms, mfu 2.04%
iter 9456: loss 0.2051, time 516.73ms, mfu 1.97%
iter 9457: loss 0.2427, time 444.99ms, mfu 1.93%
iter 9458: loss 0.2338, time 347.05ms, mfu 1.94%
iter 9459: loss 0.2212, time 329.90ms, mfu 1.96%
iter 9460: loss 0.1989, time 270.48ms, mfu 2.03%
iter 9461: loss 0.2334, time 415.43ms, mfu 2.00%
iter 9462: loss 0.2343, time 311.79ms, mfu 2.02%
iter 9463: loss 0.2333, time 342.55ms, mfu 2.03%
iter 9464: loss 0.2204, time 391.33ms, mfu 2.01%
iter 9465: loss 0.2171, time 361.08ms, mfu 2.00%
iter 9466: loss 0.2193, time 330.29ms, mfu 2.02%
iter 9467: loss 0.2286, time 329.09ms, mfu 2.03%
iter 9468: loss 0.2968, time 242.99ms, mfu 2.12%
iter 9469: loss 0.1974, time 441.24ms, mfu 2.07%
iter 9470: loss 0.2275, time 469.88ms, mfu 2.01%
iter 9471: loss 0.2073, time 393.30ms, mfu 1.99%
iter 9472: loss 0.2100, time 347.54ms, mfu 2.00%
iter 9473: loss 0.2180, time 455.53ms, mfu 1.95%
iter 9474: loss 0.2202, time 351.30ms, mfu 1.96%
iter 9475: loss 0.2289, time 445.31ms, mfu 1.92%
iter 9476: loss 0.2278, time 261.82ms, mfu 2.00%
iter 9477: loss 0.2673, time 247.00ms, mfu 2.09%
iter 9478: loss 0.2168, time 343.58ms, mfu 2.08%
iter 9479: loss 0.2318, time 359.80ms, mfu 2.07%
iter 9480: loss 0.2217, time 393.22ms, mfu 2.05%
iter 9481: loss 0.2347, time 352.72ms, mfu 2.04%
iter 9482: loss 0.2266, time 285.91ms, mfu 2.09%
iter 9483: loss 0.2498, time 392.79ms, mfu 2.06%
iter 9484: loss 0.2013, time 400.26ms, mfu 2.03%
iter 9485: loss 0.1923, time 440.29ms, mfu 1.99%
iter 9486: loss 0.2163, time 440.72ms, mfu 1.95%
iter 9487: loss 0.2213, time 371.67ms, mfu 1.95%
iter 9488: loss 0.2169, time 262.48ms, mfu 2.02%
iter 9489: loss 0.2326, time 332.44ms, mfu 2.03%
iter 9490: loss 0.2125, time 320.02ms, mfu 2.05%
iter 9491: loss 0.2103, time 265.77ms, mfu 2.11%
iter 9492: loss 0.2249, time 312.39ms, mfu 2.13%
iter 9493: loss 0.2187, time 264.30ms, mfu 2.18%
iter 9494: loss 0.2415, time 330.71ms, mfu 2.18%
iter 9495: loss 0.2100, time 402.22ms, mfu 2.14%
iter 9496: loss 0.2318, time 364.34ms, mfu 2.12%
iter 9497: loss 0.2197, time 365.53ms, mfu 2.10%
iter 9498: loss 0.2363, time 385.01ms, mfu 2.07%
iter 9499: loss 0.2091, time 418.19ms, mfu 2.04%
iter 9500: loss 0.2503, time 479.72ms, mfu 1.98%
  === DIAG iter 9500 ===
  loss: 0.2503
  grads: total 0.2201, transformer 0.0763, adapter 0.2065
  <NUM> input tokens: 675/3072 (22.0%)
  lr: 2.65e-04
  SME accuracy: overall 0.856, sign 0.947, exp 0.916, digit 0.806 [d0 0.853 d1 0.821 d2 0.768] (478 SME tokens)
iter 9501: loss 0.2434, time 214.70ms, mfu 2.11%
iter 9502: loss 0.2281, time 267.80ms, mfu 2.17%
iter 9503: loss 0.2359, time 465.30ms, mfu 2.10%
iter 9504: loss 0.2372, time 449.55ms, mfu 2.05%
iter 9505: loss 0.2279, time 416.53ms, mfu 2.01%
iter 9506: loss 0.2004, time 291.26ms, mfu 2.06%
iter 9507: loss 0.2281, time 290.72ms, mfu 2.09%
iter 9508: loss 0.2190, time 336.48ms, mfu 2.10%
iter 9509: loss 0.2228, time 339.04ms, mfu 2.09%
iter 9510: loss 0.2302, time 549.50ms, mfu 2.01%
iter 9511: loss 0.2115, time 370.71ms, mfu 2.00%
iter 9512: loss 0.2328, time 422.26ms, mfu 1.97%
iter 9513: loss 0.2208, time 213.85ms, mfu 2.11%
iter 9514: loss 0.2122, time 364.16ms, mfu 2.09%
iter 9515: loss 0.2270, time 365.62ms, mfu 2.07%
iter 9516: loss 0.2148, time 471.92ms, mfu 2.02%
iter 9517: loss 0.2108, time 354.33ms, mfu 2.02%
iter 9518: loss 0.2098, time 355.66ms, mfu 2.01%
iter 9519: loss 0.2107, time 484.29ms, mfu 1.96%
iter 9520: loss 0.1982, time 458.60ms, mfu 1.92%
iter 9521: loss 0.2351, time 357.26ms, mfu 1.92%
iter 9522: loss 0.2139, time 528.18ms, mfu 1.87%
iter 9523: loss 0.1885, time 417.05ms, mfu 1.85%
iter 9524: loss 0.2468, time 299.01ms, mfu 1.90%
iter 9525: loss 0.2428, time 483.78ms, mfu 1.86%
iter 9526: loss 0.2266, time 324.66ms, mfu 1.89%
iter 9527: loss 0.2293, time 504.95ms, mfu 1.84%
iter 9528: loss 0.2249, time 266.33ms, mfu 1.92%
iter 9529: loss 0.2280, time 254.13ms, mfu 2.01%
iter 9530: loss 0.2129, time 468.07ms, mfu 1.96%
iter 9531: loss 0.2438, time 440.93ms, mfu 1.93%
iter 9532: loss 0.2602, time 339.41ms, mfu 1.94%
iter 9533: loss 0.2156, time 351.27ms, mfu 1.95%
iter 9534: loss 0.2234, time 529.19ms, mfu 1.89%
iter 9535: loss 0.2276, time 322.33ms, mfu 1.92%
iter 9536: loss 0.2394, time 340.14ms, mfu 1.94%
iter 9537: loss 0.2031, time 320.61ms, mfu 1.96%
iter 9538: loss 0.2043, time 408.71ms, mfu 1.94%
iter 9539: loss 0.2448, time 412.40ms, mfu 1.92%
iter 9540: loss 0.2216, time 307.48ms, mfu 1.96%
iter 9541: loss 0.2229, time 337.36ms, mfu 1.97%
iter 9542: loss 0.2091, time 323.81ms, mfu 1.99%
iter 9543: loss 0.2241, time 376.40ms, mfu 1.98%
iter 9544: loss 0.2119, time 356.17ms, mfu 1.98%
iter 9545: loss 0.2247, time 402.87ms, mfu 1.96%
iter 9546: loss 0.2420, time 316.24ms, mfu 1.99%
iter 9547: loss 0.2106, time 416.48ms, mfu 1.96%
iter 9548: loss 0.2590, time 297.55ms, mfu 2.00%
iter 9549: loss 0.2454, time 241.18ms, mfu 2.10%
iter 9550: loss 0.2832, time 416.25ms, mfu 2.06%
iter 9551: loss 0.2545, time 296.69ms, mfu 2.09%
iter 9552: loss 0.2450, time 434.07ms, mfu 2.04%
iter 9553: loss 0.2291, time 349.03ms, mfu 2.04%
iter 9554: loss 0.2868, time 331.26ms, mfu 2.05%
iter 9555: loss 0.2487, time 401.64ms, mfu 2.02%
iter 9556: loss 0.2270, time 354.91ms, mfu 2.02%
iter 9557: loss 0.1994, time 454.99ms, mfu 1.97%
iter 9558: loss 0.2539, time 402.31ms, mfu 1.95%
iter 9559: loss 0.2022, time 544.37ms, mfu 1.89%
iter 9560: loss 0.1986, time 290.85ms, mfu 1.94%
iter 9561: loss 0.2351, time 507.97ms, mfu 1.89%
iter 9562: loss 0.2236, time 452.90ms, mfu 1.86%
iter 9563: loss 0.1980, time 394.39ms, mfu 1.85%
iter 9564: loss 0.2628, time 372.28ms, mfu 1.86%
iter 9565: loss 0.2267, time 357.99ms, mfu 1.87%
iter 9566: loss 0.2260, time 341.29ms, mfu 1.89%
iter 9567: loss 0.2376, time 259.07ms, mfu 1.97%
iter 9568: loss 0.1876, time 380.76ms, mfu 1.96%
iter 9569: loss 0.2301, time 379.33ms, mfu 1.95%
iter 9570: loss 0.2364, time 596.95ms, mfu 1.88%
iter 9571: loss 0.2137, time 394.26ms, mfu 1.87%
iter 9572: loss 0.1989, time 437.32ms, mfu 1.84%
iter 9573: loss 0.1995, time 386.36ms, mfu 1.84%
iter 9574: loss 0.2265, time 306.07ms, mfu 1.89%
iter 9575: loss 0.2193, time 397.43ms, mfu 1.88%
iter 9576: loss 0.2122, time 440.20ms, mfu 1.85%
iter 9577: loss 0.1961, time 380.03ms, mfu 1.85%
iter 9578: loss 0.2175, time 303.12ms, mfu 1.90%
iter 9579: loss 0.2359, time 390.55ms, mfu 1.89%
iter 9580: loss 0.2327, time 314.01ms, mfu 1.93%
iter 9581: loss 0.2226, time 511.09ms, mfu 1.88%
iter 9582: loss 0.2288, time 257.72ms, mfu 1.96%
iter 9583: loss 0.2276, time 418.06ms, mfu 1.94%
iter 9584: loss 0.1946, time 399.41ms, mfu 1.92%
iter 9585: loss 0.2373, time 347.25ms, mfu 1.93%
iter 9586: loss 0.2318, time 374.30ms, mfu 1.93%
iter 9587: loss 0.2407, time 416.67ms, mfu 1.91%
iter 9588: loss 0.2328, time 398.95ms, mfu 1.89%
iter 9589: loss 0.2304, time 391.23ms, mfu 1.88%
iter 9590: loss 0.2414, time 319.82ms, mfu 1.92%
iter 9591: loss 0.2113, time 353.08ms, mfu 1.93%
iter 9592: loss 0.2210, time 311.22ms, mfu 1.96%
iter 9593: loss 0.2247, time 334.73ms, mfu 1.98%
iter 9594: loss 0.2700, time 341.72ms, mfu 1.99%
iter 9595: loss 0.2319, time 382.75ms, mfu 1.97%
iter 9596: loss 0.2067, time 225.07ms, mfu 2.09%
iter 9597: loss 0.2040, time 493.62ms, mfu 2.03%
iter 9598: loss 0.2224, time 257.27ms, mfu 2.10%
iter 9599: loss 0.2310, time 443.70ms, mfu 2.05%
iter 9600: loss 0.2368, time 659.29ms, mfu 1.95%
  === DIAG iter 9600 ===
  loss: 0.2368
  grads: total 0.4503, transformer 0.0945, adapter 0.4403
  <NUM> input tokens: 649/3072 (21.1%)
  lr: 2.59e-04
  SME accuracy: overall 0.899, sign 0.990, exp 0.962, digit 0.849 [d0 0.875 d1 0.856 d2 0.846] (527 SME tokens)
iter 9601: loss 0.2227, time 177.48ms, mfu 2.16%
iter 9602: loss 0.2228, time 230.01ms, mfu 2.25%
iter 9603: loss 0.2242, time 573.79ms, mfu 2.15%
iter 9604: loss 0.2154, time 335.84ms, mfu 2.14%
iter 9605: loss 0.2368, time 482.27ms, mfu 2.08%
iter 9606: loss 0.2291, time 367.85ms, mfu 2.06%
iter 9607: loss 0.2117, time 246.97ms, mfu 2.14%
iter 9608: loss 0.1946, time 237.83ms, mfu 2.23%
iter 9609: loss 0.1870, time 325.92ms, mfu 2.22%
iter 9610: loss 0.2120, time 269.81ms, mfu 2.26%
iter 9611: loss 0.2532, time 402.42ms, mfu 2.21%
iter 9612: loss 0.2472, time 398.66ms, mfu 2.17%
iter 9613: loss 0.2214, time 268.11ms, mfu 2.22%
iter 9614: loss 0.2383, time 433.63ms, mfu 2.16%
iter 9615: loss 0.2150, time 225.40ms, mfu 2.26%
iter 9616: loss 0.2140, time 341.86ms, mfu 2.24%
iter 9617: loss 0.2139, time 346.04ms, mfu 2.22%
iter 9618: loss 0.2302, time 452.83ms, mfu 2.15%
iter 9619: loss 0.2050, time 209.16ms, mfu 2.28%
iter 9620: loss 0.2277, time 250.86ms, mfu 2.33%
iter 9621: loss 0.2203, time 383.09ms, mfu 2.28%
iter 9622: loss 0.2127, time 260.85ms, mfu 2.33%
iter 9623: loss 0.2172, time 447.79ms, mfu 2.25%
iter 9624: loss 0.2012, time 341.08ms, mfu 2.23%
iter 9625: loss 0.2197, time 354.54ms, mfu 2.21%
iter 9626: loss 0.2355, time 337.55ms, mfu 2.20%
iter 9627: loss 0.2281, time 305.80ms, mfu 2.21%
iter 9628: loss 0.2190, time 419.71ms, mfu 2.16%
iter 9629: loss 0.2404, time 488.13ms, mfu 2.09%
iter 9630: loss 0.2323, time 411.45ms, mfu 2.05%
iter 9631: loss 0.2346, time 479.46ms, mfu 1.99%
iter 9632: loss 0.2284, time 261.32ms, mfu 2.07%
iter 9633: loss 0.2085, time 441.14ms, mfu 2.02%
iter 9634: loss 0.2177, time 338.28ms, mfu 2.03%
iter 9635: loss 0.2140, time 342.84ms, mfu 2.03%
iter 9636: loss 0.2391, time 362.37ms, mfu 2.02%
iter 9637: loss 0.2185, time 418.37ms, mfu 1.99%
iter 9638: loss 0.2406, time 244.21ms, mfu 2.08%
iter 9639: loss 0.2343, time 376.66ms, mfu 2.06%
iter 9640: loss 0.2367, time 294.68ms, mfu 2.10%
iter 9641: loss 0.2097, time 300.81ms, mfu 2.12%
iter 9642: loss 0.2128, time 251.65ms, mfu 2.19%
iter 9643: loss 0.2644, time 254.46ms, mfu 2.25%
iter 9644: loss 0.2134, time 287.43ms, mfu 2.27%
iter 9645: loss 0.2273, time 300.89ms, mfu 2.28%
iter 9646: loss 0.2202, time 419.03ms, mfu 2.22%
iter 9647: loss 0.2186, time 333.95ms, mfu 2.21%
iter 9648: loss 0.2394, time 379.62ms, mfu 2.18%
iter 9649: loss 0.2470, time 372.41ms, mfu 2.15%
iter 9650: loss 0.2140, time 262.50ms, mfu 2.21%
iter 9651: loss 0.2285, time 245.17ms, mfu 2.27%
iter 9652: loss 0.2303, time 447.12ms, mfu 2.20%
iter 9653: loss 0.2267, time 426.75ms, mfu 2.15%
iter 9654: loss 0.2034, time 292.45ms, mfu 2.18%
iter 9655: loss 0.2170, time 435.65ms, mfu 2.12%
iter 9656: loss 0.2263, time 497.16ms, mfu 2.05%
iter 9657: loss 0.2443, time 446.72ms, mfu 2.01%
iter 9658: loss 0.2151, time 324.56ms, mfu 2.02%
iter 9659: loss 0.2302, time 431.75ms, mfu 1.99%
iter 9660: loss 0.2126, time 310.21ms, mfu 2.02%
iter 9661: loss 0.2408, time 252.05ms, mfu 2.10%
iter 9662: loss 0.2267, time 433.62ms, mfu 2.05%
iter 9663: loss 0.2180, time 478.56ms, mfu 1.99%
iter 9664: loss 0.2388, time 391.66ms, mfu 1.97%
iter 9665: loss 0.2305, time 427.08ms, mfu 1.94%
iter 9666: loss 0.2218, time 429.84ms, mfu 1.91%
iter 9667: loss 0.2071, time 370.89ms, mfu 1.91%
iter 9668: loss 0.2136, time 376.77ms, mfu 1.91%
iter 9669: loss 0.2145, time 351.70ms, mfu 1.92%
iter 9670: loss 0.2091, time 318.98ms, mfu 1.95%
iter 9671: loss 0.2210, time 358.34ms, mfu 1.95%
iter 9672: loss 0.2199, time 348.06ms, mfu 1.96%
iter 9673: loss 0.2200, time 307.97ms, mfu 2.00%
iter 9674: loss 0.2270, time 353.67ms, mfu 2.00%
iter 9675: loss 0.2436, time 271.56ms, mfu 2.06%
iter 9676: loss 0.2151, time 449.93ms, mfu 2.01%
iter 9677: loss 0.2285, time 252.10ms, mfu 2.09%
iter 9678: loss 0.2119, time 456.41ms, mfu 2.04%
iter 9679: loss 0.2150, time 283.91ms, mfu 2.08%
iter 9680: loss 0.2564, time 444.41ms, mfu 2.03%
iter 9681: loss 0.2434, time 268.06ms, mfu 2.09%
iter 9682: loss 0.2238, time 344.22ms, mfu 2.09%
iter 9683: loss 0.2415, time 376.31ms, mfu 2.07%
iter 9684: loss 0.2114, time 438.85ms, mfu 2.02%
iter 9685: loss 0.2342, time 517.91ms, mfu 1.96%
iter 9686: loss 0.2165, time 451.67ms, mfu 1.92%
iter 9687: loss 0.2186, time 483.35ms, mfu 1.87%
iter 9688: loss 0.2278, time 222.25ms, mfu 2.01%
iter 9689: loss 0.2286, time 381.50ms, mfu 1.99%
iter 9690: loss 0.2383, time 422.52ms, mfu 1.96%
iter 9691: loss 0.2291, time 433.38ms, mfu 1.93%
iter 9692: loss 0.2176, time 330.03ms, mfu 1.95%
iter 9693: loss 0.2073, time 270.26ms, mfu 2.02%
iter 9694: loss 0.2109, time 342.74ms, mfu 2.02%
iter 9695: loss 0.2091, time 321.82ms, mfu 2.04%
iter 9696: loss 0.1997, time 407.54ms, mfu 2.01%
iter 9697: loss 0.2361, time 363.07ms, mfu 2.00%
iter 9698: loss 0.2202, time 353.85ms, mfu 2.00%
iter 9699: loss 0.2038, time 343.69ms, mfu 2.01%
iter 9700: loss 0.2250, time 674.34ms, mfu 1.91%
  === DIAG iter 9700 ===
  loss: 0.2250
  grads: total 0.2843, transformer 0.0827, adapter 0.2720
  <NUM> input tokens: 703/3072 (22.9%)
  lr: 2.53e-04
  SME accuracy: overall 0.929, sign 1.000, exp 1.000, digit 0.882 [d0 0.961 d1 0.868 d2 0.803] (381 SME tokens)
iter 9701: loss 0.2342, time 227.86ms, mfu 2.03%
iter 9702: loss 0.2558, time 359.31ms, mfu 2.03%
iter 9703: loss 0.2116, time 313.41ms, mfu 2.05%
iter 9704: loss 0.2371, time 415.81ms, mfu 2.02%
iter 9705: loss 0.2255, time 342.54ms, mfu 2.02%
iter 9706: loss 0.2320, time 386.01ms, mfu 2.00%
iter 9707: loss 0.2259, time 232.95ms, mfu 2.11%
iter 9708: loss 0.2143, time 444.45ms, mfu 2.06%
iter 9709: loss 0.2363, time 387.76ms, mfu 2.03%
iter 9710: loss 0.2109, time 241.12ms, mfu 2.12%
iter 9711: loss 0.2213, time 506.36ms, mfu 2.05%
iter 9712: loss 0.2118, time 314.70ms, mfu 2.07%
iter 9713: loss 0.2190, time 288.37ms, mfu 2.11%
iter 9714: loss 0.2007, time 390.48ms, mfu 2.08%
iter 9715: loss 0.1986, time 414.71ms, mfu 2.04%
iter 9716: loss 0.2008, time 416.85ms, mfu 2.01%
iter 9717: loss 0.1979, time 349.76ms, mfu 2.01%
iter 9718: loss 0.2146, time 406.70ms, mfu 1.98%
iter 9719: loss 0.2232, time 395.71ms, mfu 1.96%
iter 9720: loss 0.2190, time 253.47ms, mfu 2.05%
iter 9721: loss 0.2324, time 408.24ms, mfu 2.02%
iter 9722: loss 0.2049, time 261.97ms, mfu 2.09%
iter 9723: loss 0.2010, time 470.00ms, mfu 2.03%
iter 9724: loss 0.2339, time 403.73ms, mfu 2.00%
iter 9725: loss 0.2399, time 519.53ms, mfu 1.94%
iter 9726: loss 0.2283, time 400.12ms, mfu 1.92%
iter 9727: loss 0.2302, time 366.90ms, mfu 1.92%
iter 9728: loss 0.2248, time 301.75ms, mfu 1.96%
iter 9729: loss 0.2270, time 387.08ms, mfu 1.95%
iter 9730: loss 0.2145, time 405.73ms, mfu 1.93%
iter 9731: loss 0.2786, time 258.55ms, mfu 2.01%
iter 9732: loss 0.2140, time 296.00ms, mfu 2.05%
iter 9733: loss 0.2233, time 558.13ms, mfu 1.97%
iter 9734: loss 0.2245, time 410.79ms, mfu 1.95%
iter 9735: loss 0.2323, time 350.14ms, mfu 1.95%
iter 9736: loss 0.2457, time 366.48ms, mfu 1.95%
iter 9737: loss 0.2325, time 434.16ms, mfu 1.92%
iter 9738: loss 0.2168, time 327.71ms, mfu 1.94%
iter 9739: loss 0.2178, time 450.47ms, mfu 1.91%
iter 9740: loss 0.2428, time 523.23ms, mfu 1.85%
iter 9741: loss 0.2372, time 444.66ms, mfu 1.83%
iter 9742: loss 0.2169, time 319.17ms, mfu 1.87%
iter 9743: loss 0.2518, time 481.04ms, mfu 1.83%
iter 9744: loss 0.2096, time 200.62ms, mfu 2.00%
iter 9745: loss 0.2147, time 537.10ms, mfu 1.93%
iter 9746: loss 0.2385, time 343.76ms, mfu 1.94%
iter 9747: loss 0.2053, time 259.90ms, mfu 2.02%
iter 9748: loss 0.2372, time 328.74ms, mfu 2.03%
iter 9749: loss 0.2250, time 329.81ms, mfu 2.05%
iter 9750: loss 0.2279, time 388.19ms, mfu 2.02%
iter 9751: loss 0.2117, time 404.62ms, mfu 2.00%
iter 9752: loss 0.2157, time 475.43ms, mfu 1.95%
iter 9753: loss 0.2135, time 314.24ms, mfu 1.98%
iter 9754: loss 0.2163, time 369.41ms, mfu 1.97%
iter 9755: loss 0.2222, time 280.93ms, mfu 2.03%
iter 9756: loss 0.2413, time 361.31ms, mfu 2.02%
iter 9757: loss 0.2220, time 384.09ms, mfu 2.00%
iter 9758: loss 0.2021, time 465.30ms, mfu 1.95%
iter 9759: loss 0.2148, time 317.85ms, mfu 1.98%
iter 9760: loss 0.2128, time 265.95ms, mfu 2.05%
iter 9761: loss 0.2053, time 378.22ms, mfu 2.03%
iter 9762: loss 0.2459, time 286.22ms, mfu 2.08%
iter 9763: loss 0.2389, time 332.74ms, mfu 2.08%
iter 9764: loss 0.2296, time 297.70ms, mfu 2.11%
iter 9765: loss 0.2189, time 414.25ms, mfu 2.07%
iter 9766: loss 0.2494, time 315.96ms, mfu 2.09%
iter 9767: loss 0.2388, time 440.06ms, mfu 2.04%
iter 9768: loss 0.2130, time 345.70ms, mfu 2.04%
iter 9769: loss 0.2235, time 323.26ms, mfu 2.06%
iter 9770: loss 0.2348, time 316.04ms, mfu 2.08%
iter 9771: loss 0.2149, time 393.69ms, mfu 2.05%
iter 9772: loss 0.2242, time 301.47ms, mfu 2.08%
iter 9773: loss 0.2027, time 384.98ms, mfu 2.05%
iter 9774: loss 0.2276, time 274.67ms, mfu 2.11%
iter 9775: loss 0.2238, time 333.28ms, mfu 2.11%
iter 9776: loss 0.2211, time 413.07ms, mfu 2.07%
iter 9777: loss 0.2348, time 296.67ms, mfu 2.10%
iter 9778: loss 0.2573, time 396.22ms, mfu 2.07%
iter 9779: loss 0.2024, time 268.00ms, mfu 2.13%
iter 9780: loss 0.2206, time 431.61ms, mfu 2.08%
iter 9781: loss 0.2128, time 397.58ms, mfu 2.05%
iter 9782: loss 0.2284, time 369.12ms, mfu 2.04%
iter 9783: loss 0.1976, time 257.57ms, mfu 2.11%
iter 9784: loss 0.2128, time 351.40ms, mfu 2.10%
iter 9785: loss 0.2165, time 392.25ms, mfu 2.07%
iter 9786: loss 0.2191, time 366.91ms, mfu 2.06%
iter 9787: loss 0.2325, time 370.97ms, mfu 2.04%
iter 9788: loss 0.2287, time 461.51ms, mfu 1.99%
iter 9789: loss 0.2058, time 385.52ms, mfu 1.98%
iter 9790: loss 0.2132, time 278.90ms, mfu 2.03%
iter 9791: loss 0.1910, time 351.05ms, mfu 2.03%
iter 9792: loss 0.2306, time 398.51ms, mfu 2.01%
iter 9793: loss 0.2125, time 417.17ms, mfu 1.97%
iter 9794: loss 0.2334, time 381.08ms, mfu 1.96%
iter 9795: loss 0.2425, time 353.21ms, mfu 1.97%
iter 9796: loss 0.2166, time 369.19ms, mfu 1.96%
iter 9797: loss 0.2409, time 358.67ms, mfu 1.96%
iter 9798: loss 0.2242, time 363.11ms, mfu 1.96%
iter 9799: loss 0.2056, time 476.21ms, mfu 1.92%
iter 9800: loss 0.2219, time 421.19ms, mfu 1.89%
  === DIAG iter 9800 ===
  loss: 0.2219
  grads: total 0.5410, transformer 0.1306, adapter 0.5250
  <NUM> input tokens: 681/3072 (22.2%)
  lr: 2.47e-04
  SME accuracy: overall 0.905, sign 0.980, exp 0.970, digit 0.859 [d0 0.908 d1 0.847 d2 0.837] (494 SME tokens)
iter 9801: loss 0.2141, time 185.26ms, mfu 2.09%
iter 9802: loss 0.2086, time 364.45ms, mfu 2.07%
iter 9803: loss 0.2056, time 250.57ms, mfu 2.15%
iter 9804: loss 0.2522, time 455.62ms, mfu 2.09%
iter 9805: loss 0.2147, time 423.57ms, mfu 2.05%
iter 9806: loss 0.2335, time 280.54ms, mfu 2.09%
iter 9807: loss 0.2180, time 304.00ms, mfu 2.12%
iter 9808: loss 0.2292, time 245.33ms, mfu 2.20%
iter 9809: loss 0.2442, time 424.90ms, mfu 2.14%
iter 9810: loss 0.2180, time 375.02ms, mfu 2.12%
iter 9811: loss 0.2030, time 252.24ms, mfu 2.19%
iter 9812: loss 0.2359, time 458.49ms, mfu 2.12%
iter 9813: loss 0.2367, time 316.30ms, mfu 2.13%
iter 9814: loss 0.2286, time 450.96ms, mfu 2.08%
iter 9815: loss 0.2072, time 348.21ms, mfu 2.07%
iter 9816: loss 0.2129, time 455.18ms, mfu 2.02%
iter 9817: loss 0.1988, time 452.25ms, mfu 1.98%
iter 9818: loss 0.2209, time 347.80ms, mfu 1.98%
iter 9819: loss 0.2043, time 324.63ms, mfu 2.00%
iter 9820: loss 0.2191, time 277.02ms, mfu 2.06%
iter 9821: loss 0.2143, time 337.84ms, mfu 2.06%
iter 9822: loss 0.2467, time 422.52ms, mfu 2.02%
iter 9823: loss 0.2490, time 386.55ms, mfu 2.00%
iter 9824: loss 0.1980, time 250.64ms, mfu 2.09%
iter 9825: loss 0.2439, time 413.37ms, mfu 2.05%
iter 9826: loss 0.2235, time 350.40ms, mfu 2.05%
iter 9827: loss 0.2495, time 441.14ms, mfu 2.00%
iter 9828: loss 0.2167, time 286.75ms, mfu 2.05%
iter 9829: loss 0.2470, time 260.09ms, mfu 2.12%
iter 9830: loss 0.2083, time 407.31ms, mfu 2.08%
iter 9831: loss 0.2018, time 509.82ms, mfu 2.01%
iter 9832: loss 0.2144, time 252.10ms, mfu 2.09%
iter 9833: loss 0.2051, time 313.58ms, mfu 2.11%
iter 9834: loss 0.2046, time 346.09ms, mfu 2.10%
iter 9835: loss 0.2250, time 491.18ms, mfu 2.04%
iter 9836: loss 0.2206, time 353.36ms, mfu 2.03%
iter 9837: loss 0.2211, time 567.21ms, mfu 1.95%
iter 9838: loss 0.2036, time 442.30ms, mfu 1.92%
iter 9839: loss 0.2338, time 370.78ms, mfu 1.92%
iter 9840: loss 0.2535, time 412.71ms, mfu 1.90%
iter 9841: loss 0.2283, time 221.95ms, mfu 2.03%
iter 9842: loss 0.2355, time 429.63ms, mfu 1.99%
iter 9843: loss 0.2080, time 241.80ms, mfu 2.08%
iter 9844: loss 0.2228, time 486.20ms, mfu 2.02%
iter 9845: loss 0.2407, time 404.87ms, mfu 1.99%
iter 9846: loss 0.2159, time 331.19ms, mfu 2.01%
iter 9847: loss 0.2512, time 322.11ms, mfu 2.03%
iter 9848: loss 0.1878, time 464.17ms, mfu 1.98%
iter 9849: loss 0.2064, time 334.75ms, mfu 1.99%
iter 9850: loss 0.2174, time 443.91ms, mfu 1.95%
iter 9851: loss 0.1864, time 321.97ms, mfu 1.98%
iter 9852: loss 0.2211, time 472.47ms, mfu 1.93%
iter 9853: loss 0.1943, time 307.40ms, mfu 1.97%
iter 9854: loss 0.2077, time 453.44ms, mfu 1.93%
iter 9855: loss 0.2028, time 439.56ms, mfu 1.90%
iter 9856: loss 0.2443, time 319.02ms, mfu 1.93%
iter 9857: loss 0.2453, time 496.11ms, mfu 1.88%
iter 9858: loss 0.2110, time 317.48ms, mfu 1.91%
iter 9859: loss 0.1966, time 377.35ms, mfu 1.91%
iter 9860: loss 0.2150, time 470.30ms, mfu 1.87%
iter 9861: loss 0.2206, time 318.58ms, mfu 1.91%
iter 9862: loss 0.2031, time 336.28ms, mfu 1.93%
iter 9863: loss 0.2337, time 416.52ms, mfu 1.90%
iter 9864: loss 0.2521, time 431.24ms, mfu 1.88%
iter 9865: loss 0.2179, time 390.57ms, mfu 1.87%
iter 9866: loss 0.2135, time 345.35ms, mfu 1.89%
iter 9867: loss 0.2297, time 401.25ms, mfu 1.88%
iter 9868: loss 0.2331, time 471.88ms, mfu 1.84%
iter 9869: loss 0.2190, time 359.30ms, mfu 1.85%
iter 9870: loss 0.2223, time 399.36ms, mfu 1.84%
iter 9871: loss 0.2308, time 294.62ms, mfu 1.90%
iter 9872: loss 0.2510, time 261.70ms, mfu 1.98%
iter 9873: loss 0.2102, time 457.63ms, mfu 1.94%
iter 9874: loss 0.2373, time 400.36ms, mfu 1.92%
iter 9875: loss 0.2164, time 440.26ms, mfu 1.89%
iter 9876: loss 0.2439, time 374.19ms, mfu 1.89%
iter 9877: loss 0.2402, time 290.56ms, mfu 1.95%
iter 9878: loss 0.2252, time 296.76ms, mfu 1.99%
iter 9879: loss 0.2118, time 491.82ms, mfu 1.93%
iter 9880: loss 0.2230, time 347.59ms, mfu 1.95%
iter 9881: loss 0.2095, time 361.95ms, mfu 1.95%
iter 9882: loss 0.2015, time 389.41ms, mfu 1.93%
iter 9883: loss 0.2029, time 381.66ms, mfu 1.93%
iter 9884: loss 0.2057, time 552.35ms, mfu 1.86%
iter 9885: loss 0.2135, time 314.52ms, mfu 1.90%
iter 9886: loss 0.2228, time 363.78ms, mfu 1.91%
iter 9887: loss 0.2282, time 433.49ms, mfu 1.88%
iter 9888: loss 0.2143, time 368.59ms, mfu 1.88%
iter 9889: loss 0.2166, time 299.06ms, mfu 1.93%
iter 9890: loss 0.2215, time 404.43ms, mfu 1.91%
iter 9891: loss 0.2254, time 376.54ms, mfu 1.91%
iter 9892: loss 0.2096, time 238.85ms, mfu 2.02%
iter 9893: loss 0.2248, time 491.26ms, mfu 1.96%
iter 9894: loss 0.2197, time 323.24ms, mfu 1.98%
iter 9895: loss 0.2583, time 543.33ms, mfu 1.91%
iter 9896: loss 0.2105, time 390.23ms, mfu 1.90%
iter 9897: loss 0.2314, time 374.77ms, mfu 1.90%
iter 9898: loss 0.2397, time 232.91ms, mfu 2.02%
iter 9899: loss 0.2099, time 397.62ms, mfu 1.99%
iter 9900: loss 0.2468, time 602.43ms, mfu 1.91%
  === DIAG iter 9900 ===
  loss: 0.2468
  grads: total 0.4035, transformer 0.0935, adapter 0.3925
  <NUM> input tokens: 681/3072 (22.2%)
  lr: 2.40e-04
  SME accuracy: overall 0.864, sign 0.963, exp 0.953, digit 0.800 [d0 0.843 d1 0.824 d2 0.713] (535 SME tokens)
iter 9901: loss 0.2314, time 175.11ms, mfu 2.13%
iter 9902: loss 0.2587, time 305.35ms, mfu 2.15%
iter 9903: loss 0.2285, time 334.75ms, mfu 2.14%
iter 9904: loss 0.2268, time 448.97ms, mfu 2.09%
iter 9905: loss 0.1971, time 267.38ms, mfu 2.14%
iter 9906: loss 0.2321, time 387.17ms, mfu 2.11%
iter 9907: loss 0.2250, time 365.32ms, mfu 2.09%
iter 9908: loss 0.2029, time 327.46ms, mfu 2.10%
iter 9909: loss 0.1840, time 238.47ms, mfu 2.19%
iter 9910: loss 0.2196, time 339.31ms, mfu 2.18%
iter 9911: loss 0.2109, time 420.81ms, mfu 2.13%
iter 9912: loss 0.2153, time 332.37ms, mfu 2.13%
iter 9913: loss 0.2202, time 349.09ms, mfu 2.12%
iter 9914: loss 0.2498, time 359.31ms, mfu 2.10%
iter 9915: loss 0.2199, time 301.28ms, mfu 2.13%
iter 9916: loss 0.2115, time 305.01ms, mfu 2.15%
iter 9917: loss 0.2036, time 310.64ms, mfu 2.16%
iter 9918: loss 0.2175, time 291.38ms, mfu 2.19%
iter 9919: loss 0.2514, time 303.59ms, mfu 2.20%
iter 9920: loss 0.2165, time 402.04ms, mfu 2.16%
iter 9921: loss 0.2231, time 431.63ms, mfu 2.11%
iter 9922: loss 0.2159, time 407.80ms, mfu 2.07%
iter 9923: loss 0.2055, time 386.17ms, mfu 2.05%
iter 9924: loss 0.2227, time 359.82ms, mfu 2.04%
iter 9925: loss 0.2069, time 452.74ms, mfu 1.99%
iter 9926: loss 0.2316, time 442.62ms, mfu 1.95%
iter 9927: loss 0.2413, time 267.52ms, mfu 2.02%
iter 9928: loss 0.2123, time 358.35ms, mfu 2.02%
iter 9929: loss 0.2284, time 418.30ms, mfu 1.99%
iter 9930: loss 0.2146, time 410.67ms, mfu 1.96%
iter 9931: loss 0.2213, time 341.21ms, mfu 1.97%
iter 9932: loss 0.2229, time 419.82ms, mfu 1.94%
iter 9933: loss 0.2197, time 237.10ms, mfu 2.05%
iter 9934: loss 0.2129, time 368.34ms, mfu 2.04%
iter 9935: loss 0.2384, time 332.39ms, mfu 2.05%
iter 9936: loss 0.2002, time 401.84ms, mfu 2.02%
iter 9937: loss 0.2070, time 327.70ms, mfu 2.03%
iter 9938: loss 0.2259, time 520.72ms, mfu 1.96%
iter 9939: loss 0.2281, time 278.93ms, mfu 2.02%
iter 9940: loss 0.2071, time 519.50ms, mfu 1.96%
iter 9941: loss 0.2501, time 331.14ms, mfu 1.97%
iter 9942: loss 0.2487, time 467.76ms, mfu 1.93%
iter 9943: loss 0.2552, time 369.24ms, mfu 1.93%
iter 9944: loss 0.2260, time 403.22ms, mfu 1.91%
iter 9945: loss 0.2093, time 335.18ms, mfu 1.93%
iter 9946: loss 0.2526, time 455.39ms, mfu 1.89%
iter 9947: loss 0.2341, time 421.84ms, mfu 1.87%
iter 9948: loss 0.2139, time 453.88ms, mfu 1.84%
iter 9949: loss 0.2287, time 404.56ms, mfu 1.83%
iter 9950: loss 0.2279, time 262.06ms, mfu 1.92%
iter 9951: loss 0.2489, time 395.57ms, mfu 1.91%
iter 9952: loss 0.2162, time 496.09ms, mfu 1.86%
iter 9953: loss 0.2450, time 356.87ms, mfu 1.87%
iter 9954: loss 0.2180, time 307.09ms, mfu 1.92%
iter 9955: loss 0.2148, time 359.10ms, mfu 1.92%
iter 9956: loss 0.1867, time 376.95ms, mfu 1.92%
iter 9957: loss 0.2172, time 316.08ms, mfu 1.95%
iter 9958: loss 0.2239, time 291.35ms, mfu 2.00%
iter 9959: loss 0.2365, time 501.11ms, mfu 1.94%
iter 9960: loss 0.1969, time 307.98ms, mfu 1.98%
iter 9961: loss 0.2157, time 365.90ms, mfu 1.97%
iter 9962: loss 0.2376, time 390.22ms, mfu 1.96%
iter 9963: loss 0.1867, time 294.36ms, mfu 2.00%
iter 9964: loss 0.2078, time 381.22ms, mfu 1.99%
iter 9965: loss 0.2271, time 492.61ms, mfu 1.93%
iter 9966: loss 0.2428, time 318.07ms, mfu 1.96%
iter 9967: loss 0.2945, time 256.60ms, mfu 2.04%
iter 9968: loss 0.2012, time 253.71ms, mfu 2.12%
iter 9969: loss 0.2644, time 321.19ms, mfu 2.13%
iter 9970: loss 0.2200, time 354.57ms, mfu 2.11%
iter 9971: loss 0.2358, time 322.34ms, mfu 2.12%
iter 9972: loss 0.2461, time 319.27ms, mfu 2.13%
iter 9973: loss 0.2374, time 249.30ms, mfu 2.20%
iter 9974: loss 0.2129, time 334.93ms, mfu 2.19%
iter 9975: loss 0.1977, time 365.43ms, mfu 2.17%
iter 9976: loss 0.2111, time 538.50ms, mfu 2.08%
iter 9977: loss 0.2217, time 327.21ms, mfu 2.09%
iter 9978: loss 0.2158, time 345.06ms, mfu 2.09%
iter 9979: loss 0.2422, time 260.67ms, mfu 2.15%
iter 9980: loss 0.2222, time 400.86ms, mfu 2.11%
iter 9981: loss 0.2387, time 336.48ms, mfu 2.11%
iter 9982: loss 0.2377, time 340.12ms, mfu 2.11%
iter 9983: loss 0.2341, time 386.41ms, mfu 2.08%
iter 9984: loss 0.2211, time 304.69ms, mfu 2.11%
iter 9985: loss 0.2199, time 388.21ms, mfu 2.08%
iter 9986: loss 0.2038, time 342.27ms, mfu 2.08%
iter 9987: loss 0.2652, time 451.96ms, mfu 2.03%
iter 9988: loss 0.2085, time 351.39ms, mfu 2.03%
iter 9989: loss 0.2173, time 281.04ms, mfu 2.08%
iter 9990: loss 0.2113, time 501.34ms, mfu 2.01%
iter 9991: loss 0.2351, time 323.21ms, mfu 2.03%
iter 9992: loss 0.2276, time 446.83ms, mfu 1.98%
iter 9993: loss 0.2289, time 386.60ms, mfu 1.97%
iter 9994: loss 0.2527, time 403.12ms, mfu 1.95%
iter 9995: loss 0.2312, time 305.25ms, mfu 1.98%
iter 9996: loss 0.2202, time 435.86ms, mfu 1.95%
iter 9997: loss 0.2135, time 394.23ms, mfu 1.93%
iter 9998: loss 0.2578, time 300.94ms, mfu 1.98%
iter 9999: loss 0.1989, time 286.42ms, mfu 2.03%
step 10000: train loss 0.2243, val loss 0.2294
saving checkpoint to /tmpdir/m24047brmn/numbers/model_checkpoints/sme/ckpt_iter10000.pt
  new best val loss: 0.2294
iter 10000: loss 0.2342, time 11532.94ms, mfu 1.83%
  === DIAG iter 10000 ===
  loss: 0.2342
  grads: total 0.7746, transformer 0.1247, adapter 0.7645
  <NUM> input tokens: 622/3072 (20.2%)
  lr: 2.34e-04
  SME accuracy: overall 0.890, sign 1.000, exp 0.964, digit 0.829 [d0 0.892 d1 0.880 d2 0.747] (419 SME tokens)
  --- Sample eval (val) ---
  MIN: <291.41> <488> <0.8264> <209.115> <-462> <175.731> <-372.5> <-760.717> <390.9> <8> <821> <4> <32.4> <-110.865> <-3> →
    target: -760
    pred:   -760
    error:  0.00

  <-769.01> + <-797.561> →
    target: -1560
    pred:   -1570
    error:  10.00

   <8.4> <-5.116> <-2.75> <833.512> <7> <6.592> <1.422> <-6> →
    target: -969
    pred:   866
    error:  1835.00

  COUNT: <627> <676> <-849.912> →
    target: 3
    pred:   3
    error:  0.00

  COUNT: <592.89> <-383> <3> <869> →
    target: 4
    pred:   4
    error:  0.00

iter 10001: loss 0.1999, time 265.15ms, mfu 1.91%
iter 10002: loss 0.2128, time 419.63ms, mfu 1.89%
iter 10003: loss 0.2065, time 322.30ms, mfu 1.92%
iter 10004: loss 0.2119, time 410.27ms, mfu 1.90%
iter 10005: loss 0.2361, time 329.37ms, mfu 1.93%
iter 10006: loss 0.2187, time 303.46ms, mfu 1.97%
iter 10007: loss 0.1739, time 287.33ms, mfu 2.02%
iter 10008: loss 0.2146, time 398.16ms, mfu 1.99%
iter 10009: loss 0.2195, time 432.95ms, mfu 1.96%
iter 10010: loss 0.2143, time 360.96ms, mfu 1.96%
iter 10011: loss 0.2211, time 332.07ms, mfu 1.98%
iter 10012: loss 0.2370, time 285.55ms, mfu 2.03%
iter 10013: loss 0.2108, time 349.54ms, mfu 2.03%
iter 10014: loss 0.2216, time 361.47ms, mfu 2.02%
iter 10015: loss 0.2141, time 390.01ms, mfu 2.00%
iter 10016: loss 0.1665, time 260.69ms, mfu 2.07%
iter 10017: loss 0.2320, time 372.15ms, mfu 2.06%
iter 10018: loss 0.2287, time 399.10ms, mfu 2.03%
iter 10019: loss 0.2518, time 354.89ms, mfu 2.02%
iter 10020: loss 0.2392, time 461.13ms, mfu 1.98%
iter 10021: loss 0.2080, time 405.16ms, mfu 1.95%
iter 10022: loss 0.2210, time 414.49ms, mfu 1.93%
iter 10023: loss 0.1911, time 229.18ms, mfu 2.04%
iter 10024: loss 0.2194, time 366.59ms, mfu 2.03%
iter 10025: loss 0.2531, time 285.63ms, mfu 2.08%
iter 10026: loss 0.2402, time 450.25ms, mfu 2.03%
iter 10027: loss 0.2385, time 379.59ms, mfu 2.01%
iter 10028: loss 0.2341, time 241.19ms, mfu 2.10%
iter 10029: loss 0.2061, time 506.99ms, mfu 2.03%
iter 10030: loss 0.2203, time 347.90ms, mfu 2.03%
iter 10031: loss 0.2172, time 287.10ms, mfu 2.08%
iter 10032: loss 0.1874, time 298.21ms, mfu 2.11%
iter 10033: loss 0.2432, time 337.56ms, mfu 2.11%
iter 10034: loss 0.2136, time 309.88ms, mfu 2.12%
iter 10035: loss 0.2434, time 406.21ms, mfu 2.09%
iter 10036: loss 0.2003, time 296.00ms, mfu 2.12%
iter 10037: loss 0.2057, time 403.94ms, mfu 2.08%
iter 10038: loss 0.2275, time 410.69ms, mfu 2.05%
iter 10039: loss 0.2476, time 368.91ms, mfu 2.03%
iter 10040: loss 0.2671, time 294.93ms, mfu 2.07%
iter 10041: loss 0.2128, time 376.07ms, mfu 2.05%
iter 10042: loss 0.2645, time 424.94ms, mfu 2.01%
iter 10043: loss 0.2264, time 535.06ms, mfu 1.94%
iter 10044: loss 0.2091, time 410.06ms, mfu 1.92%
iter 10045: loss 0.2252, time 418.89ms, mfu 1.90%
iter 10046: loss 0.2217, time 368.21ms, mfu 1.90%
iter 10047: loss 0.2065, time 453.90ms, mfu 1.87%
iter 10048: loss 0.2544, time 444.54ms, mfu 1.84%
iter 10049: loss 0.2022, time 223.73ms, mfu 1.97%
iter 10050: loss 0.2365, time 329.79ms, mfu 1.99%
iter 10051: loss 0.1861, time 456.35ms, mfu 1.95%
iter 10052: loss 0.2256, time 370.21ms, mfu 1.94%
iter 10053: loss 0.2108, time 344.19ms, mfu 1.96%
iter 10054: loss 0.2162, time 534.30ms, mfu 1.89%
iter 10055: loss 0.2061, time 252.24ms, mfu 1.98%
iter 10056: loss 0.2268, time 241.47ms, mfu 2.08%
iter 10057: loss 0.1988, time 412.10ms, mfu 2.04%
iter 10058: loss 0.2043, time 297.24ms, mfu 2.08%
iter 10059: loss 0.2185, time 498.12ms, mfu 2.01%
iter 10060: loss 0.2353, time 329.01ms, mfu 2.03%
iter 10061: loss 0.2438, time 396.27ms, mfu 2.00%
iter 10062: loss 0.2205, time 336.73ms, mfu 2.01%
iter 10063: loss 0.2355, time 428.07ms, mfu 1.98%
iter 10064: loss 0.2154, time 339.24ms, mfu 1.99%
iter 10065: loss 0.1954, time 270.01ms, mfu 2.05%
iter 10066: loss 0.2148, time 371.65ms, mfu 2.04%
iter 10067: loss 0.2353, time 476.18ms, mfu 1.98%
iter 10068: loss 0.2301, time 264.37ms, mfu 2.05%
iter 10069: loss 0.2251, time 346.83ms, mfu 2.05%
iter 10070: loss 0.2106, time 416.63ms, mfu 2.02%
iter 10071: loss 0.2215, time 358.93ms, mfu 2.01%
iter 10072: loss 0.2399, time 345.68ms, mfu 2.02%
iter 10073: loss 0.2173, time 373.30ms, mfu 2.00%
iter 10074: loss 0.2295, time 372.70ms, mfu 1.99%
iter 10075: loss 0.2522, time 280.27ms, mfu 2.05%
iter 10076: loss 0.2245, time 357.21ms, mfu 2.04%
iter 10077: loss 0.2128, time 382.82ms, mfu 2.02%
iter 10078: loss 0.2401, time 407.57ms, mfu 1.99%
iter 10079: loss 0.2161, time 367.15ms, mfu 1.99%
iter 10080: loss 0.2338, time 539.07ms, mfu 1.92%
iter 10081: loss 0.2360, time 257.06ms, mfu 2.00%
iter 10082: loss 0.2034, time 299.61ms, mfu 2.04%
iter 10083: loss 0.2196, time 285.18ms, mfu 2.08%
iter 10084: loss 0.2488, time 249.25ms, mfu 2.16%
iter 10085: loss 0.2060, time 469.74ms, mfu 2.10%
iter 10086: loss 0.2124, time 329.16ms, mfu 2.10%
iter 10087: loss 0.2054, time 453.25ms, mfu 2.05%
iter 10088: loss 0.2031, time 296.99ms, mfu 2.08%
iter 10089: loss 0.2553, time 343.27ms, mfu 2.08%
iter 10090: loss 0.2567, time 451.95ms, mfu 2.03%
iter 10091: loss 0.2067, time 497.98ms, mfu 1.97%
iter 10092: loss 0.2023, time 381.11ms, mfu 1.96%
iter 10093: loss 0.2711, time 365.73ms, mfu 1.96%
iter 10094: loss 0.1977, time 286.30ms, mfu 2.01%
iter 10095: loss 0.2443, time 402.67ms, mfu 1.98%
iter 10096: loss 0.1863, time 352.09ms, mfu 1.99%
iter 10097: loss 0.2053, time 410.86ms, mfu 1.96%
iter 10098: loss 0.2119, time 235.58ms, mfu 2.06%
iter 10099: loss 0.2008, time 306.22ms, mfu 2.09%
iter 10100: loss 0.2354, time 569.00ms, mfu 2.00%
  === DIAG iter 10100 ===
  loss: 0.2354
  grads: total 0.3624, transformer 0.1040, adapter 0.3472
  <NUM> input tokens: 677/3072 (22.0%)
  lr: 2.28e-04
  SME accuracy: overall 0.886, sign 1.000, exp 0.969, digit 0.822 [d0 0.898 d1 0.827 d2 0.765] (493 SME tokens)
iter 10101: loss 0.2124, time 212.31ms, mfu 2.14%
iter 10102: loss 0.2508, time 402.06ms, mfu 2.10%
iter 10103: loss 0.1908, time 291.69ms, mfu 2.13%
iter 10104: loss 0.2610, time 319.93ms, mfu 2.14%
iter 10105: loss 0.2179, time 288.59ms, mfu 2.17%
iter 10106: loss 0.2152, time 388.22ms, mfu 2.14%
iter 10107: loss 0.2078, time 298.58ms, mfu 2.16%
iter 10108: loss 0.2127, time 442.66ms, mfu 2.11%
iter 10109: loss 0.2158, time 368.98ms, mfu 2.09%
iter 10110: loss 0.2148, time 466.99ms, mfu 2.03%
iter 10111: loss 0.2072, time 376.86ms, mfu 2.02%
iter 10112: loss 0.2297, time 325.97ms, mfu 2.03%
iter 10113: loss 0.2273, time 396.71ms, mfu 2.01%
iter 10114: loss 0.2151, time 234.02ms, mfu 2.11%
iter 10115: loss 0.2020, time 338.59ms, mfu 2.11%
iter 10116: loss 0.1976, time 539.41ms, mfu 2.03%
iter 10117: loss 0.2226, time 395.08ms, mfu 2.00%
iter 10118: loss 0.2370, time 334.22ms, mfu 2.02%
iter 10119: loss 0.2407, time 231.35ms, mfu 2.12%
iter 10120: loss 0.1993, time 486.43ms, mfu 2.05%
iter 10121: loss 0.2105, time 374.38ms, mfu 2.04%
iter 10122: loss 0.2469, time 294.67ms, mfu 2.08%
iter 10123: loss 0.2077, time 445.85ms, mfu 2.03%
iter 10124: loss 0.2198, time 359.28ms, mfu 2.02%
iter 10125: loss 0.2209, time 390.27ms, mfu 2.00%
iter 10126: loss 0.2033, time 356.82ms, mfu 2.00%
iter 10127: loss 0.2457, time 336.39ms, mfu 2.01%
iter 10128: loss 0.2414, time 441.10ms, mfu 1.97%
iter 10129: loss 0.2422, time 376.46ms, mfu 1.96%
iter 10130: loss 0.2211, time 441.48ms, mfu 1.93%
iter 10131: loss 0.2437, time 346.24ms, mfu 1.94%
iter 10132: loss 0.2318, time 419.93ms, mfu 1.91%
iter 10133: loss 0.2470, time 286.54ms, mfu 1.97%
iter 10134: loss 0.2324, time 301.50ms, mfu 2.01%
iter 10135: loss 0.2257, time 426.21ms, mfu 1.97%
iter 10136: loss 0.2492, time 261.22ms, mfu 2.05%
iter 10137: loss 0.2251, time 286.94ms, mfu 2.09%
iter 10138: loss 0.1980, time 386.08ms, mfu 2.06%
iter 10139: loss 0.2124, time 448.45ms, mfu 2.02%
iter 10140: loss 0.2437, time 491.28ms, mfu 1.96%
iter 10141: loss 0.2121, time 270.48ms, mfu 2.02%
iter 10142: loss 0.2227, time 436.94ms, mfu 1.98%
iter 10143: loss 0.2383, time 299.91ms, mfu 2.02%
iter 10144: loss 0.2313, time 411.20ms, mfu 1.99%
iter 10145: loss 0.1997, time 451.89ms, mfu 1.95%
iter 10146: loss 0.2028, time 325.81ms, mfu 1.97%
iter 10147: loss 0.2316, time 348.38ms, mfu 1.98%
iter 10148: loss 0.2314, time 558.00ms, mfu 1.91%
iter 10149: loss 0.2249, time 269.00ms, mfu 1.98%
iter 10150: loss 0.2154, time 379.43ms, mfu 1.97%
iter 10151: loss 0.2210, time 226.40ms, mfu 2.09%
iter 10152: loss 0.2388, time 414.19ms, mfu 2.05%
iter 10153: loss 0.2337, time 494.96ms, mfu 1.99%
iter 10154: loss 0.2697, time 423.33ms, mfu 1.95%
iter 10155: loss 0.2276, time 511.16ms, mfu 1.90%
iter 10156: loss 0.2347, time 411.28ms, mfu 1.88%
iter 10157: loss 0.2444, time 559.55ms, mfu 1.82%
iter 10158: loss 0.2356, time 234.34ms, mfu 1.94%
iter 10159: loss 0.2075, time 367.00ms, mfu 1.94%
iter 10160: loss 0.2360, time 251.30ms, mfu 2.03%
iter 10161: loss 0.2577, time 266.30ms, mfu 2.09%
iter 10162: loss 0.2168, time 415.57ms, mfu 2.05%
iter 10163: loss 0.2232, time 320.60ms, mfu 2.07%
iter 10164: loss 0.2437, time 299.19ms, mfu 2.10%
iter 10165: loss 0.2205, time 376.59ms, mfu 2.08%
iter 10166: loss 0.2047, time 457.32ms, mfu 2.02%
iter 10167: loss 0.2150, time 399.69ms, mfu 2.00%
iter 10168: loss 0.1798, time 394.61ms, mfu 1.98%
iter 10169: loss 0.2183, time 353.90ms, mfu 1.98%
iter 10170: loss 0.2132, time 356.64ms, mfu 1.98%
iter 10171: loss 0.2531, time 390.99ms, mfu 1.96%
iter 10172: loss 0.2235, time 462.24ms, mfu 1.92%
iter 10173: loss 0.2948, time 439.58ms, mfu 1.89%
iter 10174: loss 0.2378, time 321.00ms, mfu 1.92%
iter 10175: loss 0.2346, time 537.27ms, mfu 1.86%
iter 10176: loss 0.2207, time 422.72ms, mfu 1.84%
iter 10177: loss 0.2177, time 398.48ms, mfu 1.84%
iter 10178: loss 0.2316, time 312.45ms, mfu 1.88%
iter 10179: loss 0.2187, time 410.75ms, mfu 1.86%
iter 10180: loss 0.2292, time 454.12ms, mfu 1.83%
iter 10181: loss 0.2212, time 353.37ms, mfu 1.85%
iter 10182: loss 0.2091, time 352.72ms, mfu 1.87%
iter 10183: loss 0.2457, time 318.57ms, mfu 1.90%
iter 10184: loss 0.2454, time 417.90ms, mfu 1.88%
iter 10185: loss 0.2053, time 496.19ms, mfu 1.84%
iter 10186: loss 0.2017, time 414.71ms, mfu 1.82%
iter 10187: loss 0.2194, time 341.18ms, mfu 1.85%
iter 10188: loss 0.2160, time 387.72ms, mfu 1.85%
iter 10189: loss 0.2227, time 386.05ms, mfu 1.85%
iter 10190: loss 0.2418, time 285.88ms, mfu 1.91%
iter 10191: loss 0.2549, time 393.93ms, mfu 1.90%
iter 10192: loss 0.2075, time 434.67ms, mfu 1.87%
iter 10193: loss 0.2323, time 430.56ms, mfu 1.85%
iter 10194: loss 0.1839, time 373.93ms, mfu 1.85%
iter 10195: loss 0.2177, time 502.75ms, mfu 1.81%
iter 10196: loss 0.2005, time 329.14ms, mfu 1.84%
iter 10197: loss 0.2342, time 355.68ms, mfu 1.86%
iter 10198: loss 0.2016, time 301.50ms, mfu 1.91%
iter 10199: loss 0.2222, time 534.89ms, mfu 1.85%
iter 10200: loss 0.2148, time 640.41ms, mfu 1.78%
  === DIAG iter 10200 ===
  loss: 0.2148
  grads: total 0.4964, transformer 0.0942, adapter 0.4874
  <NUM> input tokens: 560/3072 (18.2%)
  lr: 2.22e-04
  SME accuracy: overall 0.909, sign 0.989, exp 0.978, digit 0.859 [d0 0.925 d1 0.849 d2 0.817] (462 SME tokens)
iter 10201: loss 0.2201, time 242.46ms, mfu 1.89%
iter 10202: loss 0.2362, time 198.84ms, mfu 2.06%
iter 10203: loss 0.2346, time 304.96ms, mfu 2.08%
iter 10204: loss 0.2424, time 481.74ms, mfu 2.02%
iter 10205: loss 0.1917, time 372.27ms, mfu 2.01%
iter 10206: loss 0.2107, time 300.31ms, mfu 2.05%
iter 10207: loss 0.2127, time 372.14ms, mfu 2.03%
iter 10208: loss 0.2037, time 362.89ms, mfu 2.02%
iter 10209: loss 0.2210, time 413.01ms, mfu 1.99%
iter 10210: loss 0.2350, time 279.10ms, mfu 2.05%
iter 10211: loss 0.2444, time 427.43ms, mfu 2.01%
iter 10212: loss 0.2004, time 452.35ms, mfu 1.96%
iter 10213: loss 0.2388, time 424.84ms, mfu 1.93%
iter 10214: loss 0.2386, time 322.87ms, mfu 1.96%
iter 10215: loss 0.2165, time 357.35ms, mfu 1.96%
iter 10216: loss 0.2362, time 517.07ms, mfu 1.90%
iter 10217: loss 0.2227, time 259.79ms, mfu 1.99%
iter 10218: loss 0.2673, time 334.38ms, mfu 2.00%
iter 10219: loss 0.2133, time 360.44ms, mfu 2.00%
iter 10220: loss 0.2395, time 245.00ms, mfu 2.09%
iter 10221: loss 0.2186, time 298.96ms, mfu 2.11%
iter 10222: loss 0.2460, time 376.58ms, mfu 2.09%
iter 10223: loss 0.2557, time 396.21ms, mfu 2.06%
iter 10224: loss 0.2434, time 294.01ms, mfu 2.10%
iter 10225: loss 0.2476, time 277.15ms, mfu 2.14%
iter 10226: loss 0.2159, time 576.30ms, mfu 2.05%
iter 10227: loss 0.2465, time 272.34ms, mfu 2.11%
iter 10228: loss 0.2452, time 467.07ms, mfu 2.05%
iter 10229: loss 0.2278, time 505.55ms, mfu 1.98%
iter 10230: loss 0.2215, time 248.92ms, mfu 2.07%
iter 10231: loss 0.2275, time 351.53ms, mfu 2.06%
iter 10232: loss 0.2407, time 489.46ms, mfu 2.00%
iter 10233: loss 0.2300, time 405.05ms, mfu 1.98%
iter 10234: loss 0.2492, time 344.46ms, mfu 1.98%
iter 10235: loss 0.2116, time 448.68ms, mfu 1.94%
iter 10236: loss 0.2385, time 309.60ms, mfu 1.98%
iter 10237: loss 0.2245, time 395.98ms, mfu 1.96%
iter 10238: loss 0.2064, time 404.61ms, mfu 1.94%
iter 10239: loss 0.2077, time 301.81ms, mfu 1.98%
iter 10240: loss 0.2209, time 344.07ms, mfu 1.99%
iter 10241: loss 0.2103, time 450.79ms, mfu 1.95%
iter 10242: loss 0.2223, time 407.03ms, mfu 1.93%
iter 10243: loss 0.2163, time 405.07ms, mfu 1.91%
iter 10244: loss 0.2022, time 289.66ms, mfu 1.96%
iter 10245: loss 0.2345, time 402.50ms, mfu 1.94%
iter 10246: loss 0.2473, time 247.63ms, mfu 2.03%
iter 10247: loss 0.2239, time 423.67ms, mfu 2.00%
iter 10248: loss 0.2578, time 388.03ms, mfu 1.98%
iter 10249: loss 0.2341, time 330.40ms, mfu 2.00%
iter 10250: loss 0.2606, time 442.87ms, mfu 1.96%
iter 10251: loss 0.2038, time 416.32ms, mfu 1.93%
iter 10252: loss 0.2437, time 330.83ms, mfu 1.95%
iter 10253: loss 0.2359, time 324.75ms, mfu 1.98%
iter 10254: loss 0.2381, time 398.81ms, mfu 1.96%
iter 10255: loss 0.2012, time 453.61ms, mfu 1.92%
iter 10256: loss 0.2563, time 395.09ms, mfu 1.90%
iter 10257: loss 0.2216, time 520.75ms, mfu 1.85%
iter 10258: loss 0.2446, time 389.06ms, mfu 1.85%
iter 10259: loss 0.2217, time 356.33ms, mfu 1.86%
iter 10260: loss 0.2111, time 358.72ms, mfu 1.87%
iter 10261: loss 0.2315, time 291.43ms, mfu 1.93%
iter 10262: loss 0.2361, time 355.25ms, mfu 1.94%
iter 10263: loss 0.2247, time 439.56ms, mfu 1.90%
iter 10264: loss 0.2168, time 364.47ms, mfu 1.91%
iter 10265: loss 0.2344, time 424.50ms, mfu 1.88%
iter 10266: loss 0.2203, time 529.85ms, mfu 1.83%
iter 10267: loss 0.2104, time 265.87ms, mfu 1.91%
iter 10268: loss 0.2587, time 370.91ms, mfu 1.91%
iter 10269: loss 0.1953, time 343.79ms, mfu 1.93%
iter 10270: loss 0.2565, time 273.92ms, mfu 1.99%
iter 10271: loss 0.2086, time 442.93ms, mfu 1.95%
iter 10272: loss 0.2239, time 339.45ms, mfu 1.97%
iter 10273: loss 0.2355, time 420.80ms, mfu 1.94%
iter 10274: loss 0.2036, time 439.19ms, mfu 1.91%
iter 10275: loss 0.2103, time 311.95ms, mfu 1.94%
iter 10276: loss 0.2604, time 387.23ms, mfu 1.93%
iter 10277: loss 0.2587, time 279.52ms, mfu 1.99%
iter 10278: loss 0.2257, time 402.01ms, mfu 1.97%
iter 10279: loss 0.2260, time 264.76ms, mfu 2.04%
iter 10280: loss 0.2386, time 329.21ms, mfu 2.05%
iter 10281: loss 0.2116, time 391.88ms, mfu 2.03%
iter 10282: loss 0.2122, time 288.70ms, mfu 2.07%
iter 10283: loss 0.2081, time 373.57ms, mfu 2.05%
iter 10284: loss 0.2303, time 339.24ms, mfu 2.06%
iter 10285: loss 0.1942, time 255.89ms, mfu 2.13%
iter 10286: loss 0.2301, time 324.58ms, mfu 2.13%
iter 10287: loss 0.2361, time 276.52ms, mfu 2.18%
iter 10288: loss 0.2244, time 378.47ms, mfu 2.15%
iter 10289: loss 0.2620, time 411.65ms, mfu 2.10%
iter 10290: loss 0.2042, time 316.64ms, mfu 2.12%
iter 10291: loss 0.2043, time 344.31ms, mfu 2.11%
iter 10292: loss 0.2337, time 246.86ms, mfu 2.19%
iter 10293: loss 0.2040, time 458.36ms, mfu 2.12%
iter 10294: loss 0.1955, time 420.68ms, mfu 2.08%
iter 10295: loss 0.2287, time 353.05ms, mfu 2.07%
iter 10296: loss 0.2147, time 445.83ms, mfu 2.02%
iter 10297: loss 0.2148, time 547.63ms, mfu 1.95%
iter 10298: loss 0.2191, time 499.27ms, mfu 1.90%
iter 10299: loss 0.2401, time 326.56ms, mfu 1.92%
iter 10300: loss 0.2147, time 581.43ms, mfu 1.85%
  === DIAG iter 10300 ===
  loss: 0.2147
  grads: total 0.1756, transformer 0.0903, adapter 0.1506
  <NUM> input tokens: 588/3072 (19.1%)
  lr: 2.16e-04
  SME accuracy: overall 0.924, sign 0.975, exp 0.975, digit 0.891 [d0 0.941 d1 0.882 d2 0.832] (595 SME tokens)
iter 10301: loss 0.2295, time 227.90ms, mfu 1.98%
iter 10302: loss 0.2050, time 462.69ms, mfu 1.94%
iter 10303: loss 0.2106, time 307.51ms, mfu 1.97%
iter 10304: loss 0.1916, time 392.16ms, mfu 1.96%
iter 10305: loss 0.2094, time 386.54ms, mfu 1.94%
iter 10306: loss 0.2582, time 555.59ms, mfu 1.88%
iter 10307: loss 0.2111, time 435.87ms, mfu 1.85%
iter 10308: loss 0.2228, time 364.62ms, mfu 1.86%
iter 10309: loss 0.1873, time 485.31ms, mfu 1.82%
iter 10310: loss 0.2321, time 329.20ms, mfu 1.85%
iter 10311: loss 0.2180, time 441.90ms, mfu 1.83%
iter 10312: loss 0.2313, time 279.68ms, mfu 1.90%
iter 10313: loss 0.2368, time 335.14ms, mfu 1.92%
iter 10314: loss 0.2362, time 355.46ms, mfu 1.93%
iter 10315: loss 0.2254, time 366.06ms, mfu 1.93%
iter 10316: loss 0.2119, time 532.42ms, mfu 1.87%
iter 10317: loss 0.2322, time 292.79ms, mfu 1.92%
iter 10318: loss 0.2234, time 500.90ms, mfu 1.87%
iter 10319: loss 0.2182, time 313.78ms, mfu 1.91%
iter 10320: loss 0.2814, time 483.87ms, mfu 1.87%
iter 10321: loss 0.2197, time 401.70ms, mfu 1.86%
iter 10322: loss 0.2072, time 314.67ms, mfu 1.90%
iter 10323: loss 0.2370, time 344.69ms, mfu 1.91%
iter 10324: loss 0.1982, time 384.24ms, mfu 1.91%
iter 10325: loss 0.2488, time 332.24ms, mfu 1.93%
iter 10326: loss 0.2083, time 433.86ms, mfu 1.90%
iter 10327: loss 0.2153, time 301.34ms, mfu 1.94%
iter 10328: loss 0.2047, time 318.65ms, mfu 1.97%
iter 10329: loss 0.2229, time 452.15ms, mfu 1.93%
iter 10330: loss 0.2064, time 374.58ms, mfu 1.93%
iter 10331: loss 0.2244, time 527.59ms, mfu 1.87%
iter 10332: loss 0.2419, time 209.29ms, mfu 2.02%
iter 10333: loss 0.2276, time 356.01ms, mfu 2.02%
iter 10334: loss 0.2153, time 523.12ms, mfu 1.95%
iter 10335: loss 0.2324, time 436.54ms, mfu 1.92%
iter 10336: loss 0.2578, time 502.43ms, mfu 1.87%
iter 10337: loss 0.2106, time 216.83ms, mfu 2.01%
iter 10338: loss 0.2221, time 388.59ms, mfu 1.99%
iter 10339: loss 0.2692, time 449.98ms, mfu 1.95%
iter 10340: loss 0.2217, time 260.87ms, mfu 2.03%
iter 10341: loss 0.2252, time 446.52ms, mfu 1.98%
iter 10342: loss 0.2199, time 302.39ms, mfu 2.02%
iter 10343: loss 0.2348, time 398.46ms, mfu 1.99%
iter 10344: loss 0.2561, time 198.10ms, mfu 2.15%
iter 10345: loss 0.2897, time 357.36ms, mfu 2.14%
iter 10346: loss 0.2062, time 332.44ms, mfu 2.13%
iter 10347: loss 0.2470, time 425.27ms, mfu 2.09%
iter 10348: loss 0.2279, time 277.64ms, mfu 2.13%
iter 10349: loss 0.2221, time 468.93ms, mfu 2.07%
iter 10350: loss 0.1953, time 290.74ms, mfu 2.11%
iter 10351: loss 0.2152, time 339.90ms, mfu 2.11%
iter 10352: loss 0.2622, time 528.62ms, mfu 2.03%
iter 10353: loss 0.2594, time 379.12ms, mfu 2.01%
iter 10354: loss 0.2391, time 343.07ms, mfu 2.02%
iter 10355: loss 0.2084, time 472.57ms, mfu 1.97%
iter 10356: loss 0.2210, time 284.61ms, mfu 2.02%
iter 10357: loss 0.2256, time 289.90ms, mfu 2.06%
iter 10358: loss 0.2182, time 421.81ms, mfu 2.02%
iter 10359: loss 0.2729, time 439.57ms, mfu 1.98%
iter 10360: loss 0.2052, time 421.25ms, mfu 1.95%
iter 10361: loss 0.2524, time 464.56ms, mfu 1.91%
iter 10362: loss 0.1938, time 312.82ms, mfu 1.95%
iter 10363: loss 0.2188, time 501.58ms, mfu 1.89%
iter 10364: loss 0.2183, time 296.98ms, mfu 1.94%
iter 10365: loss 0.2010, time 381.60ms, mfu 1.93%
iter 10366: loss 0.2126, time 298.74ms, mfu 1.98%
iter 10367: loss 0.2071, time 436.73ms, mfu 1.94%
iter 10368: loss 0.2120, time 381.09ms, mfu 1.93%
iter 10369: loss 0.2427, time 425.49ms, mfu 1.91%
iter 10370: loss 0.2476, time 352.02ms, mfu 1.92%
iter 10371: loss 0.2294, time 262.05ms, mfu 2.00%
iter 10372: loss 0.2233, time 406.72ms, mfu 1.97%
iter 10373: loss 0.2201, time 274.97ms, mfu 2.03%
iter 10374: loss 0.2123, time 294.68ms, mfu 2.07%
iter 10375: loss 0.2030, time 428.20ms, mfu 2.03%
iter 10376: loss 0.2155, time 289.36ms, mfu 2.07%
iter 10377: loss 0.2140, time 329.66ms, mfu 2.08%
iter 10378: loss 0.2297, time 346.66ms, mfu 2.07%
iter 10379: loss 0.1992, time 393.14ms, mfu 2.05%
iter 10380: loss 0.2373, time 380.27ms, mfu 2.03%
iter 10381: loss 0.2149, time 355.92ms, mfu 2.03%
iter 10382: loss 0.2260, time 358.11ms, mfu 2.02%
iter 10383: loss 0.1783, time 470.26ms, mfu 1.97%
iter 10384: loss 0.2302, time 394.81ms, mfu 1.95%
iter 10385: loss 0.2288, time 360.84ms, mfu 1.95%
iter 10386: loss 0.2308, time 321.80ms, mfu 1.98%
iter 10387: loss 0.2317, time 359.96ms, mfu 1.98%
iter 10388: loss 0.2378, time 336.42ms, mfu 1.99%
iter 10389: loss 0.2069, time 316.98ms, mfu 2.01%
iter 10390: loss 0.2198, time 377.09ms, mfu 2.00%
iter 10391: loss 0.2323, time 467.89ms, mfu 1.95%
iter 10392: loss 0.2203, time 413.13ms, mfu 1.93%
iter 10393: loss 0.2219, time 356.39ms, mfu 1.93%
iter 10394: loss 0.2478, time 399.97ms, mfu 1.92%
iter 10395: loss 0.2260, time 392.39ms, mfu 1.91%
iter 10396: loss 0.2258, time 475.86ms, mfu 1.87%
iter 10397: loss 0.2463, time 326.82ms, mfu 1.90%
iter 10398: loss 0.2181, time 518.44ms, mfu 1.84%
iter 10399: loss 0.2156, time 292.91ms, mfu 1.90%
iter 10400: loss 0.2441, time 708.85ms, mfu 1.81%
  === DIAG iter 10400 ===
  loss: 0.2441
  grads: total 0.3117, transformer 0.1288, adapter 0.2839
  <NUM> input tokens: 665/3072 (21.6%)
  lr: 2.10e-04
  SME accuracy: overall 0.865, sign 0.980, exp 0.941, digit 0.801 [d0 0.843 d1 0.784 d2 0.775] (510 SME tokens)
iter 10401: loss 0.2360, time 175.33ms, mfu 2.03%
iter 10402: loss 0.2288, time 400.87ms, mfu 2.01%
iter 10403: loss 0.2093, time 397.81ms, mfu 1.98%
iter 10404: loss 0.2378, time 492.67ms, mfu 1.93%
iter 10405: loss 0.2070, time 398.43ms, mfu 1.91%
iter 10406: loss 0.2053, time 330.24ms, mfu 1.94%
iter 10407: loss 0.2193, time 299.67ms, mfu 1.98%
iter 10408: loss 0.2215, time 362.97ms, mfu 1.98%
iter 10409: loss 0.2177, time 479.50ms, mfu 1.93%
iter 10410: loss 0.2136, time 420.48ms, mfu 1.90%
iter 10411: loss 0.2170, time 352.30ms, mfu 1.91%
iter 10412: loss 0.1962, time 354.46ms, mfu 1.92%
iter 10413: loss 0.2342, time 464.76ms, mfu 1.88%
iter 10414: loss 0.2301, time 476.12ms, mfu 1.84%
iter 10415: loss 0.2305, time 298.88ms, mfu 1.90%
iter 10416: loss 0.2167, time 239.72ms, mfu 2.00%
iter 10417: loss 0.2165, time 325.10ms, mfu 2.02%
iter 10418: loss 0.2148, time 446.99ms, mfu 1.98%
iter 10419: loss 0.2269, time 322.82ms, mfu 2.00%
iter 10420: loss 0.2186, time 384.12ms, mfu 1.98%
iter 10421: loss 0.2292, time 349.58ms, mfu 1.99%
iter 10422: loss 0.2463, time 425.50ms, mfu 1.96%
iter 10423: loss 0.2109, time 556.07ms, mfu 1.89%
iter 10424: loss 0.1955, time 469.87ms, mfu 1.85%
iter 10425: loss 0.2177, time 262.30ms, mfu 1.93%
iter 10426: loss 0.2081, time 419.47ms, mfu 1.91%
iter 10427: loss 0.2049, time 537.79ms, mfu 1.85%
iter 10428: loss 0.2542, time 380.83ms, mfu 1.85%
iter 10429: loss 0.2175, time 317.29ms, mfu 1.89%
iter 10430: loss 0.2176, time 331.65ms, mfu 1.91%
iter 10431: loss 0.2124, time 457.19ms, mfu 1.88%
iter 10432: loss 0.2554, time 265.30ms, mfu 1.96%
iter 10433: loss 0.2449, time 304.36ms, mfu 1.99%
iter 10434: loss 0.2294, time 485.30ms, mfu 1.94%
iter 10435: loss 0.2089, time 431.07ms, mfu 1.91%
iter 10436: loss 0.1903, time 251.91ms, mfu 2.00%
iter 10437: loss 0.2118, time 387.15ms, mfu 1.98%
iter 10438: loss 0.2380, time 268.77ms, mfu 2.05%
iter 10439: loss 0.1902, time 388.60ms, mfu 2.03%
iter 10440: loss 0.2257, time 374.10ms, mfu 2.01%
iter 10441: loss 0.2123, time 348.02ms, mfu 2.02%
iter 10442: loss 0.2034, time 383.79ms, mfu 2.00%
iter 10443: loss 0.2166, time 451.42ms, mfu 1.96%
iter 10444: loss 0.2265, time 340.65ms, mfu 1.97%
iter 10445: loss 0.2345, time 470.80ms, mfu 1.92%
iter 10446: loss 0.2291, time 358.84ms, mfu 1.93%
iter 10447: loss 0.2119, time 450.98ms, mfu 1.89%
iter 10448: loss 0.2265, time 371.24ms, mfu 1.89%
iter 10449: loss 0.2234, time 413.84ms, mfu 1.88%
iter 10450: loss 0.2197, time 344.96ms, mfu 1.89%
iter 10451: loss 0.2930, time 295.21ms, mfu 1.94%
iter 10452: loss 0.2196, time 414.18ms, mfu 1.92%
iter 10453: loss 0.2198, time 429.65ms, mfu 1.89%
iter 10454: loss 0.1910, time 313.69ms, mfu 1.93%
iter 10455: loss 0.2235, time 441.48ms, mfu 1.90%
iter 10456: loss 0.2304, time 370.78ms, mfu 1.90%
iter 10457: loss 0.2283, time 449.17ms, mfu 1.87%
iter 10458: loss 0.2099, time 269.68ms, mfu 1.94%
iter 10459: loss 0.2425, time 322.92ms, mfu 1.97%
iter 10460: loss 0.2445, time 422.69ms, mfu 1.94%
iter 10461: loss 0.2387, time 285.91ms, mfu 1.99%
iter 10462: loss 0.2236, time 362.33ms, mfu 1.99%
iter 10463: loss 0.2294, time 275.91ms, mfu 2.05%
iter 10464: loss 0.2187, time 499.86ms, mfu 1.98%
iter 10465: loss 0.2047, time 380.59ms, mfu 1.97%
iter 10466: loss 0.2060, time 285.71ms, mfu 2.02%
iter 10467: loss 0.2072, time 439.20ms, mfu 1.98%
iter 10468: loss 0.2006, time 311.06ms, mfu 2.01%
iter 10469: loss 0.2197, time 283.63ms, mfu 2.06%
iter 10470: loss 0.2344, time 399.14ms, mfu 2.03%
iter 10471: loss 0.2014, time 401.42ms, mfu 2.01%
iter 10472: loss 0.2207, time 342.79ms, mfu 2.01%
iter 10473: loss 0.2019, time 416.18ms, mfu 1.98%
iter 10474: loss 0.2140, time 353.35ms, mfu 1.98%
iter 10475: loss 0.2156, time 306.71ms, mfu 2.02%
iter 10476: loss 0.2105, time 299.41ms, mfu 2.05%
iter 10477: loss 0.2019, time 370.70ms, mfu 2.04%
iter 10478: loss 0.2318, time 382.61ms, mfu 2.02%
iter 10479: loss 0.2163, time 333.42ms, mfu 2.03%
iter 10480: loss 0.2181, time 359.06ms, mfu 2.02%
iter 10481: loss 0.2263, time 406.71ms, mfu 2.00%
iter 10482: loss 0.2106, time 345.84ms, mfu 2.00%
iter 10483: loss 0.2196, time 339.77ms, mfu 2.01%
iter 10484: loss 0.2549, time 331.12ms, mfu 2.02%
iter 10485: loss 0.2242, time 307.22ms, mfu 2.05%
iter 10486: loss 0.2282, time 355.28ms, mfu 2.05%
iter 10487: loss 0.1888, time 301.07ms, mfu 2.08%
iter 10488: loss 0.2233, time 413.73ms, mfu 2.04%
iter 10489: loss 0.2245, time 342.89ms, mfu 2.04%
iter 10490: loss 0.2184, time 381.00ms, mfu 2.02%
iter 10491: loss 0.2082, time 343.33ms, mfu 2.03%
iter 10492: loss 0.2110, time 375.11ms, mfu 2.01%
iter 10493: loss 0.2302, time 261.54ms, mfu 2.08%
iter 10494: loss 0.2092, time 375.91ms, mfu 2.06%
iter 10495: loss 0.2107, time 422.41ms, mfu 2.03%
iter 10496: loss 0.2432, time 333.17ms, mfu 2.04%
iter 10497: loss 0.2112, time 474.83ms, mfu 1.98%
iter 10498: loss 0.2197, time 474.54ms, mfu 1.93%
iter 10499: loss 0.2391, time 387.90ms, mfu 1.92%
iter 10500: loss 0.2476, time 589.96ms, mfu 1.85%
  === DIAG iter 10500 ===
  loss: 0.2476
  grads: total 0.3576, transformer 0.0924, adapter 0.3455
  <NUM> input tokens: 598/3072 (19.5%)
  lr: 2.05e-04
  SME accuracy: overall 0.878, sign 0.944, exp 0.973, digit 0.825 [d0 0.880 d1 0.832 d2 0.804] (543 SME tokens)
iter 10501: loss 0.2031, time 212.02ms, mfu 2.00%
iter 10502: loss 0.2336, time 351.92ms, mfu 2.00%
iter 10503: loss 0.2075, time 254.16ms, mfu 2.08%
iter 10504: loss 0.2358, time 356.70ms, mfu 2.07%
iter 10505: loss 0.2123, time 417.66ms, mfu 2.03%
iter 10506: loss 0.2538, time 321.11ms, mfu 2.05%
iter 10507: loss 0.2220, time 367.82ms, mfu 2.04%
iter 10508: loss 0.2240, time 264.98ms, mfu 2.10%
iter 10509: loss 0.2024, time 347.54ms, mfu 2.10%
iter 10510: loss 0.2429, time 323.23ms, mfu 2.11%
iter 10511: loss 0.2250, time 435.75ms, mfu 2.06%
iter 10512: loss 0.2178, time 363.27ms, mfu 2.05%
iter 10513: loss 0.2278, time 373.47ms, mfu 2.03%
iter 10514: loss 0.2206, time 329.81ms, mfu 2.04%
iter 10515: loss 0.2049, time 323.50ms, mfu 2.06%
iter 10516: loss 0.2233, time 446.43ms, mfu 2.01%
iter 10517: loss 0.1976, time 405.51ms, mfu 1.98%
iter 10518: loss 0.2212, time 499.43ms, mfu 1.93%
iter 10519: loss 0.2531, time 522.21ms, mfu 1.87%
iter 10520: loss 0.1975, time 482.68ms, mfu 1.83%
iter 10521: loss 0.2556, time 281.10ms, mfu 1.90%
iter 10522: loss 0.1855, time 359.51ms, mfu 1.91%
iter 10523: loss 0.2046, time 338.51ms, mfu 1.93%
iter 10524: loss 0.2097, time 251.86ms, mfu 2.01%
iter 10525: loss 0.2034, time 267.98ms, mfu 2.08%
iter 10526: loss 0.1961, time 313.39ms, mfu 2.10%
iter 10527: loss 0.2251, time 417.17ms, mfu 2.06%
iter 10528: loss 0.2118, time 441.44ms, mfu 2.01%
iter 10529: loss 0.2096, time 371.24ms, mfu 2.00%
iter 10530: loss 0.2254, time 296.75ms, mfu 2.04%
iter 10531: loss 0.2221, time 286.95ms, mfu 2.08%
iter 10532: loss 0.2301, time 416.38ms, mfu 2.04%
iter 10533: loss 0.2187, time 389.54ms, mfu 2.02%
iter 10534: loss 0.2391, time 316.13ms, mfu 2.04%
iter 10535: loss 0.2251, time 531.23ms, mfu 1.97%
iter 10536: loss 0.2525, time 361.62ms, mfu 1.97%
iter 10537: loss 0.2239, time 435.62ms, mfu 1.94%
iter 10538: loss 0.2278, time 251.40ms, mfu 2.03%
iter 10539: loss 0.1976, time 349.58ms, mfu 2.03%
iter 10540: loss 0.2775, time 325.45ms, mfu 2.04%
iter 10541: loss 0.2067, time 328.33ms, mfu 2.05%
iter 10542: loss 0.2094, time 391.90ms, mfu 2.03%
iter 10543: loss 0.2156, time 501.95ms, mfu 1.97%
iter 10544: loss 0.2027, time 343.90ms, mfu 1.98%
iter 10545: loss 0.2197, time 306.62ms, mfu 2.01%
iter 10546: loss 0.2112, time 369.22ms, mfu 2.00%
iter 10547: loss 0.2153, time 427.62ms, mfu 1.97%
iter 10548: loss 0.2420, time 446.43ms, mfu 1.93%
iter 10549: loss 0.2171, time 265.91ms, mfu 2.00%
iter 10550: loss 0.2301, time 300.20ms, mfu 2.04%
iter 10551: loss 0.2058, time 524.33ms, mfu 1.97%
iter 10552: loss 0.2251, time 341.96ms, mfu 1.98%
iter 10553: loss 0.2198, time 249.60ms, mfu 2.07%
iter 10554: loss 0.2523, time 408.09ms, mfu 2.03%
iter 10555: loss 0.2099, time 347.16ms, mfu 2.03%
iter 10556: loss 0.2076, time 507.52ms, mfu 1.97%
iter 10557: loss 0.2354, time 343.67ms, mfu 1.98%
iter 10558: loss 0.2173, time 375.61ms, mfu 1.97%
iter 10559: loss 0.2108, time 533.00ms, mfu 1.91%
iter 10560: loss 0.2439, time 232.10ms, mfu 2.02%
iter 10561: loss 0.2516, time 367.82ms, mfu 2.01%
iter 10562: loss 0.2283, time 255.73ms, mfu 2.09%
iter 10563: loss 0.2139, time 494.07ms, mfu 2.02%
iter 10564: loss 0.2223, time 377.30ms, mfu 2.01%
iter 10565: loss 0.1958, time 349.29ms, mfu 2.01%
iter 10566: loss 0.1972, time 421.01ms, mfu 1.98%
iter 10567: loss 0.2404, time 384.35ms, mfu 1.96%
iter 10568: loss 0.2112, time 333.46ms, mfu 1.98%
iter 10569: loss 0.2126, time 317.61ms, mfu 2.01%
iter 10570: loss 0.2151, time 379.96ms, mfu 1.99%
iter 10571: loss 0.1859, time 452.89ms, mfu 1.95%
iter 10572: loss 0.2183, time 430.71ms, mfu 1.92%
iter 10573: loss 0.2208, time 245.99ms, mfu 2.01%
iter 10574: loss 0.2557, time 425.67ms, mfu 1.98%
iter 10575: loss 0.2285, time 393.22ms, mfu 1.96%
iter 10576: loss 0.2245, time 276.20ms, mfu 2.02%
iter 10577: loss 0.2203, time 338.94ms, mfu 2.03%
iter 10578: loss 0.2126, time 474.15ms, mfu 1.98%
iter 10579: loss 0.2258, time 313.81ms, mfu 2.00%
iter 10580: loss 0.2191, time 417.00ms, mfu 1.97%
iter 10581: loss 0.2104, time 240.35ms, mfu 2.07%
iter 10582: loss 0.2206, time 455.03ms, mfu 2.02%
iter 10583: loss 0.2232, time 362.94ms, mfu 2.01%
iter 10584: loss 0.2129, time 459.37ms, mfu 1.97%
iter 10585: loss 0.2243, time 515.42ms, mfu 1.91%
iter 10586: loss 0.2078, time 309.19ms, mfu 1.95%
iter 10587: loss 0.2157, time 234.92ms, mfu 2.05%
iter 10588: loss 0.2379, time 419.45ms, mfu 2.02%
iter 10589: loss 0.2282, time 323.97ms, mfu 2.03%
iter 10590: loss 0.2398, time 564.65ms, mfu 1.96%
iter 10591: loss 0.2056, time 434.02ms, mfu 1.92%
iter 10592: loss 0.2416, time 543.85ms, mfu 1.86%
iter 10593: loss 0.2521, time 388.30ms, mfu 1.86%
iter 10594: loss 0.2197, time 268.41ms, mfu 1.94%
iter 10595: loss 0.2091, time 421.63ms, mfu 1.91%
iter 10596: loss 0.2113, time 345.89ms, mfu 1.92%
iter 10597: loss 0.2185, time 346.86ms, mfu 1.94%
iter 10598: loss 0.2044, time 410.38ms, mfu 1.92%
iter 10599: loss 0.2181, time 340.54ms, mfu 1.93%
iter 10600: loss 0.2080, time 641.09ms, mfu 1.85%
  === DIAG iter 10600 ===
  loss: 0.2080
  grads: total 0.2133, transformer 0.0766, adapter 0.1991
  <NUM> input tokens: 639/3072 (20.8%)
  lr: 1.99e-04
  SME accuracy: overall 0.928, sign 0.968, exp 0.957, digit 0.904 [d0 0.926 d1 0.895 d2 0.895] (470 SME tokens)
iter 10601: loss 0.2000, time 183.25ms, mfu 2.05%
iter 10602: loss 0.2380, time 368.04ms, mfu 2.04%
iter 10603: loss 0.1997, time 496.90ms, mfu 1.98%
iter 10604: loss 0.2247, time 424.53ms, mfu 1.95%
iter 10605: loss 0.2411, time 348.06ms, mfu 1.96%
iter 10606: loss 0.2201, time 303.91ms, mfu 1.99%
iter 10607: loss 0.2633, time 348.61ms, mfu 2.00%
iter 10608: loss 0.2481, time 339.33ms, mfu 2.01%
iter 10609: loss 0.2034, time 345.09ms, mfu 2.01%
iter 10610: loss 0.2012, time 445.02ms, mfu 1.97%
iter 10611: loss 0.2140, time 460.25ms, mfu 1.93%
iter 10612: loss 0.2151, time 503.01ms, mfu 1.87%
iter 10613: loss 0.2020, time 538.11ms, mfu 1.82%
iter 10614: loss 0.2757, time 326.86ms, mfu 1.85%
iter 10615: loss 0.2322, time 420.44ms, mfu 1.84%
iter 10616: loss 0.2324, time 348.28ms, mfu 1.86%
iter 10617: loss 0.2589, time 372.93ms, mfu 1.86%
iter 10618: loss 0.2168, time 273.37ms, mfu 1.93%
iter 10619: loss 0.2103, time 362.75ms, mfu 1.94%
iter 10620: loss 0.2286, time 350.75ms, mfu 1.94%
iter 10621: loss 0.2307, time 227.83ms, mfu 2.06%
iter 10622: loss 0.1958, time 458.95ms, mfu 2.01%
iter 10623: loss 0.2237, time 273.42ms, mfu 2.07%
iter 10624: loss 0.1929, time 440.24ms, mfu 2.02%
iter 10625: loss 0.2271, time 265.53ms, mfu 2.09%
iter 10626: loss 0.2107, time 343.92ms, mfu 2.08%
iter 10627: loss 0.2302, time 299.19ms, mfu 2.11%
iter 10628: loss 0.1884, time 393.65ms, mfu 2.08%
iter 10629: loss 0.2356, time 358.49ms, mfu 2.07%
iter 10630: loss 0.2164, time 435.49ms, mfu 2.03%
iter 10631: loss 0.2462, time 270.61ms, mfu 2.09%
iter 10632: loss 0.2436, time 344.60ms, mfu 2.08%
iter 10633: loss 0.2551, time 300.98ms, mfu 2.11%
iter 10634: loss 0.2075, time 271.83ms, mfu 2.16%
iter 10635: loss 0.2155, time 444.28ms, mfu 2.10%
iter 10636: loss 0.2131, time 368.20ms, mfu 2.09%
iter 10637: loss 0.2116, time 336.97ms, mfu 2.09%
iter 10638: loss 0.2209, time 397.98ms, mfu 2.06%
iter 10639: loss 0.2104, time 467.60ms, mfu 2.00%
iter 10640: loss 0.2238, time 268.05ms, mfu 2.07%
iter 10641: loss 0.2201, time 363.92ms, mfu 2.05%
iter 10642: loss 0.1941, time 229.48ms, mfu 2.16%
iter 10643: loss 0.2244, time 409.69ms, mfu 2.12%
iter 10644: loss 0.2053, time 298.60ms, mfu 2.14%
iter 10645: loss 0.2294, time 270.21ms, mfu 2.19%
iter 10646: loss 0.2373, time 298.43ms, mfu 2.21%
iter 10647: loss 0.1961, time 340.49ms, mfu 2.20%
iter 10648: loss 0.2450, time 489.04ms, mfu 2.12%
iter 10649: loss 0.2108, time 233.57ms, mfu 2.21%
iter 10650: loss 0.2273, time 462.97ms, mfu 2.14%
iter 10651: loss 0.2062, time 491.83ms, mfu 2.07%
iter 10652: loss 0.2244, time 442.43ms, mfu 2.03%
iter 10653: loss 0.2163, time 409.14ms, mfu 2.00%
iter 10654: loss 0.2341, time 388.55ms, mfu 1.98%
iter 10655: loss 0.2265, time 428.06ms, mfu 1.95%
iter 10656: loss 0.2054, time 542.98ms, mfu 1.88%
iter 10657: loss 0.2029, time 338.21ms, mfu 1.90%
iter 10658: loss 0.2460, time 285.12ms, mfu 1.96%
iter 10659: loss 0.2081, time 275.90ms, mfu 2.02%
iter 10660: loss 0.2354, time 430.33ms, mfu 1.99%
iter 10661: loss 0.2498, time 282.98ms, mfu 2.04%
iter 10662: loss 0.2221, time 433.68ms, mfu 2.00%
iter 10663: loss 0.1919, time 430.67ms, mfu 1.96%
iter 10664: loss 0.2205, time 314.64ms, mfu 1.99%
iter 10665: loss 0.2094, time 393.93ms, mfu 1.97%
iter 10666: loss 0.2231, time 300.07ms, mfu 2.01%
iter 10667: loss 0.2130, time 455.91ms, mfu 1.97%
iter 10668: loss 0.2427, time 257.35ms, mfu 2.04%
iter 10669: loss 0.2109, time 409.41ms, mfu 2.01%
iter 10670: loss 0.1995, time 447.54ms, mfu 1.97%
iter 10671: loss 0.2231, time 408.28ms, mfu 1.95%
iter 10672: loss 0.2304, time 414.73ms, mfu 1.92%
iter 10673: loss 0.2055, time 235.38ms, mfu 2.03%
iter 10674: loss 0.2676, time 334.94ms, mfu 2.04%
iter 10675: loss 0.2461, time 417.09ms, mfu 2.01%
iter 10676: loss 0.2009, time 424.10ms, mfu 1.97%
iter 10677: loss 0.2122, time 460.32ms, mfu 1.93%
iter 10678: loss 0.1806, time 221.74ms, mfu 2.06%
iter 10679: loss 0.2420, time 440.05ms, mfu 2.01%
iter 10680: loss 0.2327, time 310.41ms, mfu 2.04%
iter 10681: loss 0.2284, time 421.82ms, mfu 2.00%
iter 10682: loss 0.2108, time 411.48ms, mfu 1.97%
iter 10683: loss 0.2276, time 345.62ms, mfu 1.98%
iter 10684: loss 0.2850, time 513.31ms, mfu 1.92%
iter 10685: loss 0.2000, time 437.11ms, mfu 1.89%
iter 10686: loss 0.2078, time 427.90ms, mfu 1.87%
iter 10687: loss 0.2104, time 337.75ms, mfu 1.89%
iter 10688: loss 0.2335, time 533.60ms, mfu 1.84%
iter 10689: loss 0.2066, time 356.65ms, mfu 1.85%
iter 10690: loss 0.2745, time 385.46ms, mfu 1.85%
iter 10691: loss 0.1938, time 424.01ms, mfu 1.83%
iter 10692: loss 0.2238, time 330.44ms, mfu 1.86%
iter 10693: loss 0.1814, time 439.87ms, mfu 1.84%
iter 10694: loss 0.2299, time 417.87ms, mfu 1.82%
iter 10695: loss 0.2304, time 322.35ms, mfu 1.86%
iter 10696: loss 0.2201, time 404.23ms, mfu 1.85%
iter 10697: loss 0.2022, time 376.05ms, mfu 1.85%
iter 10698: loss 0.2137, time 334.64ms, mfu 1.88%
iter 10699: loss 0.2284, time 410.24ms, mfu 1.86%
iter 10700: loss 0.2125, time 429.16ms, mfu 1.84%
  === DIAG iter 10700 ===
  loss: 0.2125
  grads: total 0.5306, transformer 0.1226, adapter 0.5162
  <NUM> input tokens: 658/3072 (21.4%)
  lr: 1.93e-04
  SME accuracy: overall 0.929, sign 0.980, exp 0.960, digit 0.901 [d0 0.931 d1 0.901 d2 0.891] (504 SME tokens)
iter 10701: loss 0.2239, time 214.85ms, mfu 1.99%
iter 10702: loss 0.1973, time 328.44ms, mfu 2.01%
iter 10703: loss 0.2359, time 431.01ms, mfu 1.97%
iter 10704: loss 0.1988, time 279.82ms, mfu 2.03%
iter 10705: loss 0.2169, time 410.64ms, mfu 2.00%
iter 10706: loss 0.2235, time 396.76ms, mfu 1.98%
iter 10707: loss 0.1936, time 435.93ms, mfu 1.94%
iter 10708: loss 0.1761, time 440.31ms, mfu 1.91%
iter 10709: loss 0.1907, time 412.11ms, mfu 1.89%
iter 10710: loss 0.2270, time 381.26ms, mfu 1.89%
iter 10711: loss 0.2060, time 357.34ms, mfu 1.90%
iter 10712: loss 0.2245, time 401.98ms, mfu 1.88%
iter 10713: loss 0.1987, time 320.95ms, mfu 1.91%
iter 10714: loss 0.2136, time 357.39ms, mfu 1.92%
iter 10715: loss 0.2157, time 464.54ms, mfu 1.88%
iter 10716: loss 0.2180, time 396.87ms, mfu 1.87%
iter 10717: loss 0.2259, time 401.38ms, mfu 1.86%
iter 10718: loss 0.2144, time 379.26ms, mfu 1.86%
iter 10719: loss 0.2197, time 409.24ms, mfu 1.85%
iter 10720: loss 0.2272, time 426.45ms, mfu 1.83%
iter 10721: loss 0.2208, time 392.69ms, mfu 1.83%
iter 10722: loss 0.2118, time 423.80ms, mfu 1.81%
iter 10723: loss 0.2534, time 434.73ms, mfu 1.79%
iter 10724: loss 0.2269, time 300.79ms, mfu 1.85%
iter 10725: loss 0.2501, time 461.39ms, mfu 1.82%
iter 10726: loss 0.2534, time 290.48ms, mfu 1.88%
iter 10727: loss 0.2037, time 402.62ms, mfu 1.87%
iter 10728: loss 0.2168, time 437.09ms, mfu 1.84%
iter 10729: loss 0.2103, time 439.74ms, mfu 1.82%
iter 10730: loss 0.2107, time 323.64ms, mfu 1.86%
iter 10731: loss 0.2517, time 421.09ms, mfu 1.84%
iter 10732: loss 0.2280, time 345.17ms, mfu 1.86%
iter 10733: loss 0.2694, time 323.34ms, mfu 1.89%
iter 10734: loss 0.2069, time 392.21ms, mfu 1.89%
iter 10735: loss 0.1913, time 295.06ms, mfu 1.94%
iter 10736: loss 0.2448, time 451.43ms, mfu 1.90%
iter 10737: loss 0.2172, time 321.85ms, mfu 1.93%
iter 10738: loss 0.2735, time 306.29ms, mfu 1.97%
iter 10739: loss 0.2061, time 342.17ms, mfu 1.98%
iter 10740: loss 0.1909, time 240.61ms, mfu 2.08%
iter 10741: loss 0.2190, time 520.30ms, mfu 2.00%
iter 10742: loss 0.2251, time 426.07ms, mfu 1.97%
iter 10743: loss 0.2343, time 284.48ms, mfu 2.02%
iter 10744: loss 0.2322, time 244.15ms, mfu 2.11%
iter 10745: loss 0.2249, time 421.72ms, mfu 2.07%
iter 10746: loss 0.2014, time 524.25ms, mfu 2.00%
iter 10747: loss 0.2001, time 300.85ms, mfu 2.03%
iter 10748: loss 0.2051, time 468.05ms, mfu 1.98%
iter 10749: loss 0.2327, time 246.66ms, mfu 2.07%
iter 10750: loss 0.2331, time 347.20ms, mfu 2.07%
iter 10751: loss 0.2429, time 531.28ms, mfu 1.99%
iter 10752: loss 0.2239, time 338.71ms, mfu 2.00%
iter 10753: loss 0.2495, time 386.99ms, mfu 1.99%
iter 10754: loss 0.1811, time 455.78ms, mfu 1.94%
iter 10755: loss 0.2063, time 304.14ms, mfu 1.98%
iter 10756: loss 0.2300, time 465.46ms, mfu 1.94%
iter 10757: loss 0.2218, time 392.00ms, mfu 1.92%
iter 10758: loss 0.2339, time 443.44ms, mfu 1.89%
iter 10759: loss 0.2516, time 377.61ms, mfu 1.89%
iter 10760: loss 0.2264, time 386.40ms, mfu 1.88%
iter 10761: loss 0.2209, time 368.46ms, mfu 1.89%
iter 10762: loss 0.2307, time 454.73ms, mfu 1.85%
iter 10763: loss 0.2259, time 360.11ms, mfu 1.87%
iter 10764: loss 0.2235, time 353.01ms, mfu 1.88%
iter 10765: loss 0.2586, time 323.89ms, mfu 1.91%
iter 10766: loss 0.2065, time 308.95ms, mfu 1.95%
iter 10767: loss 0.2192, time 392.34ms, mfu 1.94%
iter 10768: loss 0.2224, time 268.58ms, mfu 2.01%
iter 10769: loss 0.2266, time 381.92ms, mfu 1.99%
iter 10770: loss 0.2778, time 350.86ms, mfu 1.99%
iter 10771: loss 0.2258, time 341.49ms, mfu 2.00%
iter 10772: loss 0.2444, time 383.34ms, mfu 1.99%
iter 10773: loss 0.2165, time 462.25ms, mfu 1.94%
iter 10774: loss 0.2168, time 330.90ms, mfu 1.96%
iter 10775: loss 0.2167, time 279.52ms, mfu 2.02%
iter 10776: loss 0.2408, time 344.48ms, mfu 2.02%
iter 10777: loss 0.2007, time 240.50ms, mfu 2.11%
iter 10778: loss 0.1984, time 447.33ms, mfu 2.06%
iter 10779: loss 0.2508, time 526.46ms, mfu 1.99%
iter 10780: loss 0.2119, time 249.30ms, mfu 2.08%
iter 10781: loss 0.2415, time 277.46ms, mfu 2.12%
iter 10782: loss 0.1962, time 366.45ms, mfu 2.10%
iter 10783: loss 0.2226, time 460.41ms, mfu 2.05%
iter 10784: loss 0.2203, time 385.66ms, mfu 2.03%
iter 10785: loss 0.2328, time 491.64ms, mfu 1.97%
iter 10786: loss 0.2212, time 420.80ms, mfu 1.94%
iter 10787: loss 0.2198, time 365.20ms, mfu 1.94%
iter 10788: loss 0.2199, time 299.92ms, mfu 1.98%
iter 10789: loss 0.2175, time 378.58ms, mfu 1.97%
iter 10790: loss 0.2317, time 329.34ms, mfu 1.99%
iter 10791: loss 0.2062, time 417.05ms, mfu 1.96%
iter 10792: loss 0.2244, time 290.27ms, mfu 2.01%
iter 10793: loss 0.2094, time 389.86ms, mfu 1.99%
iter 10794: loss 0.2109, time 325.33ms, mfu 2.01%
iter 10795: loss 0.2472, time 342.89ms, mfu 2.01%
iter 10796: loss 0.2302, time 444.81ms, mfu 1.97%
iter 10797: loss 0.2116, time 290.44ms, mfu 2.02%
iter 10798: loss 0.2302, time 309.97ms, mfu 2.05%
iter 10799: loss 0.2026, time 537.73ms, mfu 1.97%
iter 10800: loss 0.2027, time 644.76ms, mfu 1.89%
  === DIAG iter 10800 ===
  loss: 0.2027
  grads: total 0.3364, transformer 0.0917, adapter 0.3236
  <NUM> input tokens: 647/3072 (21.1%)
  lr: 1.88e-04
  SME accuracy: overall 0.952, sign 0.978, exp 0.978, digit 0.935 [d0 0.935 d1 0.957 d2 0.913] (460 SME tokens)
iter 10801: loss 0.2099, time 223.63ms, mfu 2.01%
iter 10802: loss 0.2147, time 340.63ms, mfu 2.02%
iter 10803: loss 0.2252, time 389.48ms, mfu 2.00%
iter 10804: loss 0.1937, time 242.78ms, mfu 2.09%
iter 10805: loss 0.2036, time 317.72ms, mfu 2.11%
iter 10806: loss 0.2080, time 359.06ms, mfu 2.09%
iter 10807: loss 0.2336, time 432.58ms, mfu 2.05%
iter 10808: loss 0.1931, time 341.22ms, mfu 2.05%
iter 10809: loss 0.2130, time 473.09ms, mfu 2.00%
iter 10810: loss 0.2065, time 302.67ms, mfu 2.03%
iter 10811: loss 0.1957, time 326.53ms, mfu 2.04%
iter 10812: loss 0.1911, time 356.65ms, mfu 2.04%
iter 10813: loss 0.2275, time 231.84ms, mfu 2.14%
iter 10814: loss 0.2218, time 336.25ms, mfu 2.14%
iter 10815: loss 0.2037, time 315.13ms, mfu 2.15%
iter 10816: loss 0.2155, time 437.20ms, mfu 2.10%
iter 10817: loss 0.2239, time 389.34ms, mfu 2.07%
iter 10818: loss 0.1933, time 521.29ms, mfu 2.00%
iter 10819: loss 0.2285, time 327.49ms, mfu 2.01%
iter 10820: loss 0.2140, time 334.15ms, mfu 2.02%
iter 10821: loss 0.2299, time 516.13ms, mfu 1.96%
iter 10822: loss 0.2310, time 464.70ms, mfu 1.92%
iter 10823: loss 0.2064, time 417.63ms, mfu 1.89%
iter 10824: loss 0.1956, time 310.47ms, mfu 1.93%
iter 10825: loss 0.1864, time 421.02ms, mfu 1.91%
iter 10826: loss 0.2313, time 561.14ms, mfu 1.84%
iter 10827: loss 0.2205, time 309.38ms, mfu 1.89%
iter 10828: loss 0.2369, time 324.64ms, mfu 1.92%
iter 10829: loss 0.2090, time 316.25ms, mfu 1.95%
iter 10830: loss 0.2048, time 458.58ms, mfu 1.91%
iter 10831: loss 0.2298, time 349.89ms, mfu 1.92%
iter 10832: loss 0.2570, time 423.65ms, mfu 1.90%
iter 10833: loss 0.2612, time 350.97ms, mfu 1.91%
iter 10834: loss 0.2090, time 582.90ms, mfu 1.84%
iter 10835: loss 0.2354, time 436.97ms, mfu 1.82%
iter 10836: loss 0.2285, time 437.94ms, mfu 1.80%
iter 10837: loss 0.2237, time 382.70ms, mfu 1.80%
iter 10838: loss 0.2135, time 420.17ms, mfu 1.79%
iter 10839: loss 0.2482, time 411.81ms, mfu 1.78%
iter 10840: loss 0.2013, time 448.18ms, mfu 1.76%
iter 10841: loss 0.2234, time 265.01ms, mfu 1.86%
iter 10842: loss 0.2118, time 357.97ms, mfu 1.87%
iter 10843: loss 0.2275, time 303.92ms, mfu 1.91%
iter 10844: loss 0.2224, time 357.97ms, mfu 1.92%
iter 10845: loss 0.2361, time 507.75ms, mfu 1.87%
iter 10846: loss 0.2140, time 439.83ms, mfu 1.84%
iter 10847: loss 0.2257, time 257.68ms, mfu 1.93%
iter 10848: loss 0.2094, time 455.02ms, mfu 1.90%
iter 10849: loss 0.2440, time 351.95ms, mfu 1.91%
iter 10850: loss 0.2618, time 279.43ms, mfu 1.97%
iter 10851: loss 0.2240, time 356.00ms, mfu 1.97%
iter 10852: loss 0.2090, time 448.86ms, mfu 1.93%
iter 10853: loss 0.2224, time 302.33ms, mfu 1.97%
iter 10854: loss 0.2414, time 397.53ms, mfu 1.96%
iter 10855: loss 0.2063, time 262.42ms, mfu 2.03%
iter 10856: loss 0.1981, time 432.07ms, mfu 1.99%
iter 10857: loss 0.1848, time 474.71ms, mfu 1.94%
iter 10858: loss 0.2227, time 440.75ms, mfu 1.91%
iter 10859: loss 0.2157, time 485.77ms, mfu 1.86%
iter 10860: loss 0.2044, time 338.31ms, mfu 1.89%
iter 10861: loss 0.1959, time 344.11ms, mfu 1.90%
iter 10862: loss 0.2304, time 480.35ms, mfu 1.86%
iter 10863: loss 0.2271, time 300.48ms, mfu 1.91%
iter 10864: loss 0.2821, time 301.57ms, mfu 1.95%
iter 10865: loss 0.2017, time 491.34ms, mfu 1.90%
iter 10866: loss 0.2198, time 521.89ms, mfu 1.85%
iter 10867: loss 0.2587, time 425.47ms, mfu 1.83%
iter 10868: loss 0.2334, time 266.66ms, mfu 1.91%
iter 10869: loss 0.2273, time 338.75ms, mfu 1.93%
iter 10870: loss 0.2152, time 389.65ms, mfu 1.92%
iter 10871: loss 0.2162, time 483.58ms, mfu 1.87%
iter 10872: loss 0.2382, time 421.06ms, mfu 1.86%
iter 10873: loss 0.2315, time 403.49ms, mfu 1.85%
iter 10874: loss 0.2071, time 328.56ms, mfu 1.88%
iter 10875: loss 0.2182, time 458.79ms, mfu 1.84%
iter 10876: loss 0.2244, time 424.44ms, mfu 1.83%
iter 10877: loss 0.2754, time 486.14ms, mfu 1.79%
iter 10878: loss 0.2172, time 408.88ms, mfu 1.78%
iter 10879: loss 0.2244, time 305.21ms, mfu 1.84%
iter 10880: loss 0.2157, time 383.24ms, mfu 1.84%
iter 10881: loss 0.2336, time 332.69ms, mfu 1.87%
iter 10882: loss 0.2166, time 471.87ms, mfu 1.83%
iter 10883: loss 0.2345, time 570.45ms, mfu 1.77%
iter 10884: loss 0.1993, time 416.48ms, mfu 1.77%
iter 10885: loss 0.2148, time 250.81ms, mfu 1.87%
iter 10886: loss 0.2411, time 334.66ms, mfu 1.90%
iter 10887: loss 0.2039, time 355.47ms, mfu 1.91%
iter 10888: loss 0.2235, time 457.25ms, mfu 1.87%
iter 10889: loss 0.2166, time 204.08ms, mfu 2.03%
iter 10890: loss 0.2222, time 296.45ms, mfu 2.07%
iter 10891: loss 0.2017, time 437.77ms, mfu 2.02%
iter 10892: loss 0.2325, time 365.86ms, mfu 2.01%
iter 10893: loss 0.2208, time 431.12ms, mfu 1.98%
iter 10894: loss 0.2410, time 335.55ms, mfu 1.99%
iter 10895: loss 0.2289, time 591.32ms, mfu 1.91%
iter 10896: loss 0.2087, time 318.72ms, mfu 1.94%
iter 10897: loss 0.2509, time 356.25ms, mfu 1.95%
iter 10898: loss 0.2085, time 415.71ms, mfu 1.92%
iter 10899: loss 0.2307, time 352.95ms, mfu 1.93%
iter 10900: loss 0.2376, time 471.90ms, mfu 1.89%
  === DIAG iter 10900 ===
  loss: 0.2376
  grads: total 0.2424, transformer 0.0937, adapter 0.2235
  <NUM> input tokens: 748/3072 (24.3%)
  lr: 1.82e-04
  SME accuracy: overall 0.896, sign 0.938, exp 0.975, digit 0.856 [d0 0.914 d1 0.864 d2 0.815] (405 SME tokens)
iter 10901: loss 0.2357, time 229.25ms, mfu 2.01%
iter 10902: loss 0.2045, time 443.84ms, mfu 1.97%
iter 10903: loss 0.2357, time 327.05ms, mfu 1.99%
iter 10904: loss 0.2279, time 250.50ms, mfu 2.07%
iter 10905: loss 0.2236, time 376.13ms, mfu 2.05%
iter 10906: loss 0.2276, time 454.03ms, mfu 2.00%
iter 10907: loss 0.2022, time 423.60ms, mfu 1.97%
iter 10908: loss 0.2104, time 401.13ms, mfu 1.95%
iter 10909: loss 0.2088, time 517.84ms, mfu 1.89%
iter 10910: loss 0.2293, time 360.19ms, mfu 1.90%
iter 10911: loss 0.2202, time 410.66ms, mfu 1.88%
iter 10912: loss 0.1979, time 393.28ms, mfu 1.87%
iter 10913: loss 0.2434, time 405.89ms, mfu 1.86%
iter 10914: loss 0.2559, time 318.36ms, mfu 1.90%
iter 10915: loss 0.2114, time 331.40ms, mfu 1.92%
iter 10916: loss 0.2359, time 414.88ms, mfu 1.90%
iter 10917: loss 0.2033, time 366.46ms, mfu 1.90%
iter 10918: loss 0.2338, time 385.27ms, mfu 1.90%
iter 10919: loss 0.2262, time 292.21ms, mfu 1.95%
iter 10920: loss 0.2132, time 278.02ms, mfu 2.01%
iter 10921: loss 0.2232, time 383.61ms, mfu 1.99%
iter 10922: loss 0.2002, time 280.76ms, mfu 2.05%
iter 10923: loss 0.2077, time 326.76ms, mfu 2.06%
iter 10924: loss 0.2148, time 345.88ms, mfu 2.06%
iter 10925: loss 0.2137, time 454.21ms, mfu 2.01%
iter 10926: loss 0.2193, time 291.56ms, mfu 2.05%
iter 10927: loss 0.2116, time 367.52ms, mfu 2.04%
iter 10928: loss 0.2396, time 364.84ms, mfu 2.03%
iter 10929: loss 0.1833, time 447.25ms, mfu 1.98%
iter 10930: loss 0.1990, time 313.48ms, mfu 2.01%
iter 10931: loss 0.2265, time 357.30ms, mfu 2.01%
iter 10932: loss 0.2387, time 360.60ms, mfu 2.00%
iter 10933: loss 0.2291, time 263.49ms, mfu 2.07%
iter 10934: loss 0.2007, time 297.97ms, mfu 2.10%
iter 10935: loss 0.2147, time 303.71ms, mfu 2.13%
iter 10936: loss 0.2117, time 374.70ms, mfu 2.10%
iter 10937: loss 0.2063, time 555.93ms, mfu 2.02%
iter 10938: loss 0.2137, time 450.27ms, mfu 1.98%
iter 10939: loss 0.2193, time 394.19ms, mfu 1.96%
iter 10940: loss 0.1998, time 224.26ms, mfu 2.08%
iter 10941: loss 0.2305, time 382.41ms, mfu 2.06%
iter 10942: loss 0.2290, time 434.08ms, mfu 2.01%
iter 10943: loss 0.2069, time 385.28ms, mfu 2.00%
iter 10944: loss 0.2056, time 417.43ms, mfu 1.97%
iter 10945: loss 0.2228, time 356.93ms, mfu 1.97%
iter 10946: loss 0.2232, time 501.86ms, mfu 1.91%
iter 10947: loss 0.2027, time 403.76ms, mfu 1.90%
iter 10948: loss 0.2328, time 358.21ms, mfu 1.90%
iter 10949: loss 0.2212, time 242.23ms, mfu 2.01%
iter 10950: loss 0.1996, time 433.64ms, mfu 1.97%
iter 10951: loss 0.2044, time 309.12ms, mfu 2.00%
iter 10952: loss 0.2272, time 407.82ms, mfu 1.98%
iter 10953: loss 0.2318, time 344.95ms, mfu 1.98%
iter 10954: loss 0.2141, time 316.92ms, mfu 2.01%
iter 10955: loss 0.1985, time 549.47ms, mfu 1.94%
iter 10956: loss 0.2283, time 402.11ms, mfu 1.92%
iter 10957: loss 0.2018, time 411.92ms, mfu 1.90%
iter 10958: loss 0.2403, time 318.09ms, mfu 1.93%
iter 10959: loss 0.2037, time 299.67ms, mfu 1.98%
iter 10960: loss 0.2257, time 522.97ms, mfu 1.91%
iter 10961: loss 0.2259, time 349.04ms, mfu 1.93%
iter 10962: loss 0.2412, time 350.48ms, mfu 1.93%
iter 10963: loss 0.2041, time 306.36ms, mfu 1.97%
iter 10964: loss 0.2228, time 548.83ms, mfu 1.90%
iter 10965: loss 0.2266, time 232.42ms, mfu 2.02%
iter 10966: loss 0.2156, time 562.49ms, mfu 1.94%
iter 10967: loss 0.2245, time 300.39ms, mfu 1.98%
iter 10968: loss 0.2254, time 381.71ms, mfu 1.97%
iter 10969: loss 0.1999, time 347.23ms, mfu 1.98%
iter 10970: loss 0.2137, time 362.28ms, mfu 1.98%
iter 10971: loss 0.2334, time 375.02ms, mfu 1.97%
iter 10972: loss 0.2107, time 432.26ms, mfu 1.94%
iter 10973: loss 0.2467, time 316.84ms, mfu 1.97%
iter 10974: loss 0.2080, time 336.06ms, mfu 1.98%
iter 10975: loss 0.1819, time 302.95ms, mfu 2.02%
iter 10976: loss 0.2137, time 321.54ms, mfu 2.03%
iter 10977: loss 0.2239, time 295.64ms, mfu 2.07%
iter 10978: loss 0.2442, time 460.96ms, mfu 2.02%
iter 10979: loss 0.2085, time 410.11ms, mfu 1.99%
iter 10980: loss 0.2511, time 449.33ms, mfu 1.95%
iter 10981: loss 0.2079, time 457.94ms, mfu 1.91%
iter 10982: loss 0.2144, time 520.81ms, mfu 1.85%
iter 10983: loss 0.2049, time 506.41ms, mfu 1.81%
iter 10984: loss 0.1946, time 439.58ms, mfu 1.79%
iter 10985: loss 0.1913, time 250.15ms, mfu 1.89%
iter 10986: loss 0.2220, time 274.11ms, mfu 1.96%
iter 10987: loss 0.2025, time 288.32ms, mfu 2.01%
iter 10988: loss 0.2490, time 274.40ms, mfu 2.07%
iter 10989: loss 0.2077, time 402.72ms, mfu 2.04%
iter 10990: loss 0.2109, time 330.40ms, mfu 2.05%
iter 10991: loss 0.2049, time 331.36ms, mfu 2.06%
iter 10992: loss 0.2307, time 263.30ms, mfu 2.12%
iter 10993: loss 0.2025, time 330.30ms, mfu 2.12%
iter 10994: loss 0.2061, time 340.49ms, mfu 2.12%
iter 10995: loss 0.2116, time 450.02ms, mfu 2.06%
iter 10996: loss 0.2312, time 461.25ms, mfu 2.01%
iter 10997: loss 0.2201, time 396.91ms, mfu 1.99%
iter 10998: loss 0.2117, time 243.55ms, mfu 2.08%
iter 10999: loss 0.2076, time 342.21ms, mfu 2.08%
iter 11000: loss 0.2421, time 622.78ms, mfu 1.99%
  === DIAG iter 11000 ===
  loss: 0.2421
  grads: total 0.6461, transformer 0.1531, adapter 0.6277
  <NUM> input tokens: 652/3072 (21.2%)
  lr: 1.77e-04
  SME accuracy: overall 0.873, sign 1.000, exp 0.971, digit 0.798 [d0 0.884 d1 0.812 d2 0.739] (347 SME tokens)
  --- Sample eval (val) ---
   <821.1> →
    target: 6
    pred:   300
    error:  294.00

  SORT: <9.7468> <0> <895.46> <321.762> <2.2366> <7.1> <962> <-9> <630> <639.985> <997.634> <822.533> →
    target: -9 0 2.23 7.09 9.74 321 629 639 822 895 961 997
    pred:   -9 0 2.23 7.09 9.74 321 629 639 822 895 961 997
    error:  0.00 0.00 0.00 0.00 0.00 0.00 0.00 0.00 0.00 0.00 0.00 0.00

  ADD: <9> + <8> →
    target: 17
    pred:   17
    error:  0.00

  SORT: <691> <9.068> <0> <3> <662> <3.15> <-8.4044> <8> <9.076> <120> <854.509> →
    target: -8.4 0 3 3.14 8 9.06 9.07 119 662 691 854
    pred:   -8.4 0 3 3.15 8 9.07 9.07 119 662 691 854
    error:  0.00 0.00 0.00 0.01 0.00 0.01 0.00 0.00 0.00 0.00 0.00

  E0D9D7D5
    target: 279 408 488 678 717 930
    pred:   100 308 423 500 726 703
    error:  179.00 100.00 65.00 178.00 9.00 227.00

iter 11001: loss 0.2394, time 246.53ms, mfu 2.07%
iter 11002: loss 0.2434, time 410.56ms, mfu 2.04%
iter 11003: loss 0.2070, time 413.26ms, mfu 2.01%
iter 11004: loss 0.2445, time 402.62ms, mfu 1.98%
iter 11005: loss 0.2229, time 374.87ms, mfu 1.97%
iter 11006: loss 0.2037, time 507.72ms, mfu 1.92%
iter 11007: loss 0.2117, time 346.41ms, mfu 1.93%
iter 11008: loss 0.2066, time 285.14ms, mfu 1.98%
iter 11009: loss 0.2280, time 432.03ms, mfu 1.95%
iter 11010: loss 0.2500, time 373.06ms, mfu 1.95%
iter 11011: loss 0.2070, time 336.89ms, mfu 1.96%
iter 11012: loss 0.1867, time 265.72ms, mfu 2.03%
iter 11013: loss 0.2165, time 453.21ms, mfu 1.98%
iter 11014: loss 0.2022, time 349.56ms, mfu 1.99%
iter 11015: loss 0.2250, time 362.18ms, mfu 1.99%
iter 11016: loss 0.2175, time 303.25ms, mfu 2.02%
iter 11017: loss 0.2023, time 428.39ms, mfu 1.98%
iter 11018: loss 0.2129, time 348.65ms, mfu 1.99%
iter 11019: loss 0.2092, time 421.82ms, mfu 1.96%
iter 11020: loss 0.2311, time 401.04ms, mfu 1.94%
iter 11021: loss 0.2247, time 425.53ms, mfu 1.91%
iter 11022: loss 0.2048, time 430.01ms, mfu 1.89%
iter 11023: loss 0.2156, time 321.69ms, mfu 1.92%
iter 11024: loss 0.2315, time 328.63ms, mfu 1.94%
iter 11025: loss 0.2212, time 282.27ms, mfu 2.00%
iter 11026: loss 0.2306, time 347.88ms, mfu 2.00%
iter 11027: loss 0.1982, time 410.67ms, mfu 1.97%
iter 11028: loss 0.1895, time 430.99ms, mfu 1.94%
iter 11029: loss 0.2161, time 438.49ms, mfu 1.91%
iter 11030: loss 0.1972, time 290.08ms, mfu 1.96%
iter 11031: loss 0.2106, time 400.19ms, mfu 1.94%
iter 11032: loss 0.2074, time 436.00ms, mfu 1.91%
iter 11033: loss 0.2420, time 483.19ms, mfu 1.87%
iter 11034: loss 0.2247, time 419.36ms, mfu 1.85%
iter 11035: loss 0.1840, time 381.17ms, mfu 1.85%
iter 11036: loss 0.2142, time 433.00ms, mfu 1.83%
iter 11037: loss 0.1993, time 483.99ms, mfu 1.79%
iter 11038: loss 0.2047, time 405.26ms, mfu 1.79%
iter 11039: loss 0.1932, time 397.33ms, mfu 1.79%
iter 11040: loss 0.2171, time 451.03ms, mfu 1.77%
iter 11041: loss 0.2461, time 360.83ms, mfu 1.79%
iter 11042: loss 0.2226, time 352.24ms, mfu 1.81%
iter 11043: loss 0.2469, time 326.48ms, mfu 1.84%
iter 11044: loss 0.2187, time 358.56ms, mfu 1.86%
iter 11045: loss 0.2046, time 490.29ms, mfu 1.82%
iter 11046: loss 0.2512, time 476.60ms, mfu 1.78%
iter 11047: loss 0.2326, time 415.74ms, mfu 1.78%
iter 11048: loss 0.2619, time 453.51ms, mfu 1.75%
iter 11049: loss 0.2275, time 384.57ms, mfu 1.76%
iter 11050: loss 0.2176, time 450.05ms, mfu 1.74%
iter 11051: loss 0.2003, time 326.18ms, mfu 1.79%
iter 11052: loss 0.2329, time 326.21ms, mfu 1.83%
iter 11053: loss 0.2254, time 297.51ms, mfu 1.88%
iter 11054: loss 0.2553, time 578.98ms, mfu 1.82%
iter 11055: loss 0.2303, time 333.24ms, mfu 1.85%
iter 11056: loss 0.2165, time 406.45ms, mfu 1.84%
iter 11057: loss 0.2072, time 367.02ms, mfu 1.85%
iter 11058: loss 0.2394, time 304.77ms, mfu 1.89%
iter 11059: loss 0.1922, time 428.90ms, mfu 1.87%
iter 11060: loss 0.2315, time 361.44ms, mfu 1.88%
iter 11061: loss 0.2353, time 388.76ms, mfu 1.87%
iter 11062: loss 0.2028, time 373.81ms, mfu 1.88%
iter 11063: loss 0.2045, time 270.04ms, mfu 1.95%
iter 11064: loss 0.2341, time 395.05ms, mfu 1.93%
iter 11065: loss 0.2273, time 467.62ms, mfu 1.89%
iter 11066: loss 0.2278, time 375.41ms, mfu 1.89%
iter 11067: loss 0.2287, time 349.77ms, mfu 1.91%
iter 11068: loss 0.2196, time 266.79ms, mfu 1.98%
iter 11069: loss 0.2060, time 327.96ms, mfu 2.00%
iter 11070: loss 0.2305, time 363.71ms, mfu 1.99%
iter 11071: loss 0.2178, time 395.76ms, mfu 1.97%
iter 11072: loss 0.2197, time 485.02ms, mfu 1.92%
iter 11073: loss 0.2114, time 378.73ms, mfu 1.92%
iter 11074: loss 0.2478, time 391.27ms, mfu 1.91%
iter 11075: loss 0.2140, time 492.49ms, mfu 1.86%
iter 11076: loss 0.2275, time 456.70ms, mfu 1.83%
iter 11077: loss 0.2577, time 481.64ms, mfu 1.79%
iter 11078: loss 0.2041, time 278.66ms, mfu 1.87%
iter 11079: loss 0.2156, time 334.79ms, mfu 1.89%
iter 11080: loss 0.2314, time 338.34ms, mfu 1.91%
iter 11081: loss 0.2098, time 327.84ms, mfu 1.94%
iter 11082: loss 0.2352, time 395.16ms, mfu 1.92%
iter 11083: loss 0.2165, time 490.29ms, mfu 1.88%
iter 11084: loss 0.2611, time 579.74ms, mfu 1.81%
iter 11085: loss 0.2106, time 373.44ms, mfu 1.82%
iter 11086: loss 0.2243, time 248.62ms, mfu 1.92%
iter 11087: loss 0.1820, time 411.38ms, mfu 1.90%
iter 11088: loss 0.2171, time 354.55ms, mfu 1.91%
iter 11089: loss 0.2072, time 288.33ms, mfu 1.97%
iter 11090: loss 0.2132, time 367.94ms, mfu 1.96%
iter 11091: loss 0.2177, time 385.82ms, mfu 1.95%
iter 11092: loss 0.2222, time 354.69ms, mfu 1.95%
iter 11093: loss 0.1950, time 407.70ms, mfu 1.93%
iter 11094: loss 0.1922, time 301.51ms, mfu 1.97%
iter 11095: loss 0.2241, time 345.07ms, mfu 1.98%
iter 11096: loss 0.2347, time 367.01ms, mfu 1.98%
iter 11097: loss 0.2278, time 318.11ms, mfu 2.00%
iter 11098: loss 0.2424, time 336.45ms, mfu 2.01%
iter 11099: loss 0.2351, time 487.39ms, mfu 1.96%
iter 11100: loss 0.2284, time 576.03ms, mfu 1.88%
  === DIAG iter 11100 ===
  loss: 0.2284
  grads: total 0.2400, transformer 0.0793, adapter 0.2265
  <NUM> input tokens: 701/3072 (22.8%)
  lr: 1.71e-04
  SME accuracy: overall 0.898, sign 0.974, exp 0.961, digit 0.852 [d0 0.857 d1 0.857 d2 0.844] (384 SME tokens)
iter 11101: loss 0.1975, time 174.62ms, mfu 2.10%
iter 11102: loss 0.1888, time 532.42ms, mfu 2.02%
iter 11103: loss 0.2023, time 212.61ms, mfu 2.16%
iter 11104: loss 0.2038, time 381.71ms, mfu 2.13%
iter 11105: loss 0.1997, time 387.42ms, mfu 2.10%
iter 11106: loss 0.2249, time 319.52ms, mfu 2.11%
iter 11107: loss 0.2178, time 447.51ms, mfu 2.06%
iter 11108: loss 0.1896, time 304.51ms, mfu 2.08%
iter 11109: loss 0.2327, time 350.26ms, mfu 2.08%
iter 11110: loss 0.2260, time 510.47ms, mfu 2.01%
iter 11111: loss 0.2437, time 378.46ms, mfu 1.99%
iter 11112: loss 0.2197, time 353.28ms, mfu 2.00%
iter 11113: loss 0.2182, time 407.86ms, mfu 1.97%
iter 11114: loss 0.2437, time 411.79ms, mfu 1.95%
iter 11115: loss 0.2178, time 324.25ms, mfu 1.97%
iter 11116: loss 0.2097, time 387.65ms, mfu 1.96%
iter 11117: loss 0.2200, time 479.40ms, mfu 1.91%
iter 11118: loss 0.2426, time 435.29ms, mfu 1.88%
iter 11119: loss 0.2075, time 436.71ms, mfu 1.85%
iter 11120: loss 0.2312, time 407.03ms, mfu 1.84%
iter 11121: loss 0.2151, time 330.43ms, mfu 1.87%
iter 11122: loss 0.2159, time 440.13ms, mfu 1.85%
iter 11123: loss 0.2065, time 295.91ms, mfu 1.90%
iter 11124: loss 0.1859, time 485.19ms, mfu 1.86%
iter 11125: loss 0.2276, time 399.63ms, mfu 1.85%
iter 11126: loss 0.1867, time 429.89ms, mfu 1.83%
iter 11127: loss 0.2251, time 359.17ms, mfu 1.84%
iter 11128: loss 0.2158, time 482.21ms, mfu 1.81%
iter 11129: loss 0.2073, time 219.93ms, mfu 1.95%
iter 11130: loss 0.2104, time 439.22ms, mfu 1.91%
iter 11131: loss 0.1944, time 312.33ms, mfu 1.95%
iter 11132: loss 0.2218, time 286.37ms, mfu 2.00%
iter 11133: loss 0.2240, time 395.67ms, mfu 1.98%
iter 11134: loss 0.2004, time 470.08ms, mfu 1.93%
iter 11135: loss 0.2515, time 318.56ms, mfu 1.96%
iter 11136: loss 0.2170, time 314.08ms, mfu 1.99%
iter 11137: loss 0.2404, time 450.04ms, mfu 1.95%
iter 11138: loss 0.2272, time 436.85ms, mfu 1.92%
iter 11139: loss 0.1989, time 313.84ms, mfu 1.95%
iter 11140: loss 0.2327, time 307.51ms, mfu 1.99%
iter 11141: loss 0.2114, time 455.10ms, mfu 1.94%
iter 11142: loss 0.2465, time 379.14ms, mfu 1.94%
iter 11143: loss 0.2314, time 281.29ms, mfu 1.99%
iter 11144: loss 0.2078, time 442.47ms, mfu 1.96%
iter 11145: loss 0.1922, time 416.66ms, mfu 1.93%
iter 11146: loss 0.2104, time 311.89ms, mfu 1.96%
iter 11147: loss 0.2467, time 282.23ms, mfu 2.02%
iter 11148: loss 0.2364, time 440.95ms, mfu 1.98%
iter 11149: loss 0.2201, time 302.55ms, mfu 2.01%
iter 11150: loss 0.2080, time 526.86ms, mfu 1.95%
iter 11151: loss 0.2028, time 355.07ms, mfu 1.95%
iter 11152: loss 0.1936, time 363.15ms, mfu 1.95%
iter 11153: loss 0.2114, time 361.35ms, mfu 1.95%
iter 11154: loss 0.2018, time 299.92ms, mfu 1.99%
iter 11155: loss 0.1941, time 457.89ms, mfu 1.95%
iter 11156: loss 0.2239, time 335.75ms, mfu 1.97%
iter 11157: loss 0.1937, time 493.75ms, mfu 1.91%
iter 11158: loss 0.2098, time 400.98ms, mfu 1.90%
iter 11159: loss 0.2219, time 274.02ms, mfu 1.97%
iter 11160: loss 0.1949, time 430.79ms, mfu 1.93%
iter 11161: loss 0.2283, time 431.45ms, mfu 1.91%
iter 11162: loss 0.2227, time 399.29ms, mfu 1.89%
iter 11163: loss 0.2133, time 452.16ms, mfu 1.86%
iter 11164: loss 0.2164, time 432.65ms, mfu 1.84%
iter 11165: loss 0.2204, time 426.74ms, mfu 1.82%
iter 11166: loss 0.2300, time 464.30ms, mfu 1.79%
iter 11167: loss 0.2686, time 314.97ms, mfu 1.84%
iter 11168: loss 0.2096, time 496.33ms, mfu 1.80%
iter 11169: loss 0.2422, time 353.25ms, mfu 1.82%
iter 11170: loss 0.2140, time 366.94ms, mfu 1.83%
iter 11171: loss 0.2124, time 339.38ms, mfu 1.85%
iter 11172: loss 0.2143, time 448.77ms, mfu 1.83%
iter 11173: loss 0.2070, time 311.27ms, mfu 1.87%
iter 11174: loss 0.2411, time 390.71ms, mfu 1.87%
iter 11175: loss 0.2035, time 271.27ms, mfu 1.94%
iter 11176: loss 0.2235, time 340.13ms, mfu 1.95%
iter 11177: loss 0.2449, time 527.90ms, mfu 1.89%
iter 11178: loss 0.2231, time 350.36ms, mfu 1.91%
iter 11179: loss 0.2627, time 463.24ms, mfu 1.87%
iter 11180: loss 0.2146, time 479.52ms, mfu 1.83%
iter 11181: loss 0.2353, time 369.68ms, mfu 1.84%
iter 11182: loss 0.2078, time 474.36ms, mfu 1.80%
iter 11183: loss 0.2239, time 492.19ms, mfu 1.77%
iter 11184: loss 0.2142, time 310.65ms, mfu 1.82%
iter 11185: loss 0.2170, time 481.46ms, mfu 1.78%
iter 11186: loss 0.2100, time 606.42ms, mfu 1.72%
iter 11187: loss 0.2103, time 371.67ms, mfu 1.74%
iter 11188: loss 0.2165, time 335.49ms, mfu 1.78%
iter 11189: loss 0.2020, time 256.06ms, mfu 1.88%
iter 11190: loss 0.2125, time 415.84ms, mfu 1.86%
iter 11191: loss 0.2382, time 402.65ms, mfu 1.85%
iter 11192: loss 0.2166, time 345.98ms, mfu 1.87%
iter 11193: loss 0.2091, time 481.96ms, mfu 1.83%
iter 11194: loss 0.2048, time 415.34ms, mfu 1.82%
iter 11195: loss 0.2307, time 458.82ms, mfu 1.79%
iter 11196: loss 0.2198, time 350.58ms, mfu 1.81%
iter 11197: loss 0.2273, time 278.41ms, mfu 1.89%
iter 11198: loss 0.2189, time 283.22ms, mfu 1.95%
iter 11199: loss 0.2075, time 446.19ms, mfu 1.91%
iter 11200: loss 0.2176, time 338.06ms, mfu 1.93%
  === DIAG iter 11200 ===
  loss: 0.2176
  grads: total 0.4654, transformer 0.1314, adapter 0.4464
  <NUM> input tokens: 626/3072 (20.4%)
  lr: 1.66e-04
  SME accuracy: overall 0.910, sign 0.991, exp 0.944, digit 0.871 [d0 0.916 d1 0.860 d2 0.850] (533 SME tokens)
iter 11201: loss 0.2293, time 175.02ms, mfu 2.14%
iter 11202: loss 0.2151, time 364.38ms, mfu 2.12%
iter 11203: loss 0.2261, time 397.64ms, mfu 2.09%
iter 11204: loss 0.1977, time 395.99ms, mfu 2.06%
iter 11205: loss 0.2146, time 326.12ms, mfu 2.07%
iter 11206: loss 0.1974, time 475.87ms, mfu 2.01%
iter 11207: loss 0.1998, time 399.54ms, mfu 1.99%
iter 11208: loss 0.2468, time 251.76ms, mfu 2.07%
iter 11209: loss 0.2360, time 395.89ms, mfu 2.04%
iter 11210: loss 0.2537, time 421.30ms, mfu 2.01%
iter 11211: loss 0.2185, time 349.14ms, mfu 2.01%
iter 11212: loss 0.2215, time 407.08ms, mfu 1.98%
iter 11213: loss 0.2167, time 362.06ms, mfu 1.98%
iter 11214: loss 0.1986, time 417.46ms, mfu 1.95%
iter 11215: loss 0.2048, time 293.20ms, mfu 2.00%
iter 11216: loss 0.2043, time 323.61ms, mfu 2.02%
iter 11217: loss 0.2283, time 433.97ms, mfu 1.98%
iter 11218: loss 0.2038, time 291.79ms, mfu 2.02%
iter 11219: loss 0.2302, time 430.88ms, mfu 1.99%
iter 11220: loss 0.2596, time 360.20ms, mfu 1.98%
iter 11221: loss 0.1954, time 344.69ms, mfu 1.99%
iter 11222: loss 0.2132, time 494.79ms, mfu 1.94%
iter 11223: loss 0.2481, time 327.08ms, mfu 1.96%
iter 11224: loss 0.2402, time 222.41ms, mfu 2.08%
iter 11225: loss 0.2019, time 502.79ms, mfu 2.01%
iter 11226: loss 0.2130, time 284.41ms, mfu 2.06%
iter 11227: loss 0.2392, time 371.89ms, mfu 2.05%
iter 11228: loss 0.1946, time 527.89ms, mfu 1.98%
iter 11229: loss 0.2172, time 376.79ms, mfu 1.97%
iter 11230: loss 0.2138, time 388.76ms, mfu 1.95%
iter 11231: loss 0.2063, time 348.33ms, mfu 1.96%
iter 11232: loss 0.2086, time 257.12ms, mfu 2.04%
iter 11233: loss 0.1992, time 412.87ms, mfu 2.01%
iter 11234: loss 0.1983, time 354.78ms, mfu 2.01%
iter 11235: loss 0.2106, time 470.70ms, mfu 1.96%
iter 11236: loss 0.2327, time 434.67ms, mfu 1.92%
iter 11237: loss 0.1945, time 350.85ms, mfu 1.93%
iter 11238: loss 0.2208, time 349.36ms, mfu 1.94%
iter 11239: loss 0.2048, time 307.88ms, mfu 1.98%
iter 11240: loss 0.2026, time 285.90ms, mfu 2.03%
iter 11241: loss 0.2026, time 377.48ms, mfu 2.01%
iter 11242: loss 0.2434, time 292.46ms, mfu 2.05%
iter 11243: loss 0.2278, time 488.10ms, mfu 1.99%
iter 11244: loss 0.2081, time 482.30ms, mfu 1.94%
iter 11245: loss 0.2310, time 339.89ms, mfu 1.96%
iter 11246: loss 0.2016, time 295.86ms, mfu 2.00%
iter 11247: loss 0.2262, time 407.71ms, mfu 1.97%
iter 11248: loss 0.2451, time 327.45ms, mfu 1.99%
iter 11249: loss 0.1941, time 411.19ms, mfu 1.97%
iter 11250: loss 0.2208, time 375.31ms, mfu 1.96%
iter 11251: loss 0.1957, time 354.14ms, mfu 1.96%
iter 11252: loss 0.2140, time 302.46ms, mfu 2.00%
iter 11253: loss 0.1964, time 249.55ms, mfu 2.08%
iter 11254: loss 0.2319, time 274.92ms, mfu 2.13%
iter 11255: loss 0.2529, time 265.46ms, mfu 2.19%
iter 11256: loss 0.2245, time 290.06ms, mfu 2.21%
iter 11257: loss 0.2219, time 463.34ms, mfu 2.14%
iter 11258: loss 0.2221, time 351.03ms, mfu 2.13%
iter 11259: loss 0.2188, time 351.17ms, mfu 2.12%
iter 11260: loss 0.2346, time 324.32ms, mfu 2.13%
iter 11261: loss 0.2028, time 346.26ms, mfu 2.12%
iter 11262: loss 0.2303, time 380.74ms, mfu 2.09%
iter 11263: loss 0.2167, time 289.99ms, mfu 2.13%
iter 11264: loss 0.1940, time 443.06ms, mfu 2.08%
iter 11265: loss 0.2674, time 453.18ms, mfu 2.02%
iter 11266: loss 0.2103, time 332.87ms, mfu 2.03%
iter 11267: loss 0.2158, time 354.82ms, mfu 2.03%
iter 11268: loss 0.2388, time 371.29ms, mfu 2.02%
iter 11269: loss 0.2416, time 446.70ms, mfu 1.98%
iter 11270: loss 0.2609, time 252.06ms, mfu 2.06%
iter 11271: loss 0.2142, time 470.78ms, mfu 2.00%
iter 11272: loss 0.2225, time 437.96ms, mfu 1.97%
iter 11273: loss 0.1996, time 275.86ms, mfu 2.03%
iter 11274: loss 0.2022, time 342.38ms, mfu 2.03%
iter 11275: loss 0.2206, time 511.54ms, mfu 1.97%
iter 11276: loss 0.2141, time 347.51ms, mfu 1.97%
iter 11277: loss 0.2062, time 363.69ms, mfu 1.97%
iter 11278: loss 0.2137, time 292.29ms, mfu 2.02%
iter 11279: loss 0.1888, time 501.41ms, mfu 1.96%
iter 11280: loss 0.2544, time 423.78ms, mfu 1.93%
iter 11281: loss 0.2045, time 211.80ms, mfu 2.07%
iter 11282: loss 0.2072, time 450.48ms, mfu 2.02%
iter 11283: loss 0.2014, time 436.02ms, mfu 1.98%
iter 11284: loss 0.2322, time 385.42ms, mfu 1.97%
iter 11285: loss 0.2226, time 266.15ms, mfu 2.04%
iter 11286: loss 0.2208, time 327.54ms, mfu 2.05%
iter 11287: loss 0.2123, time 361.89ms, mfu 2.04%
iter 11288: loss 0.2294, time 434.79ms, mfu 2.00%
iter 11289: loss 0.2103, time 238.84ms, mfu 2.10%
iter 11290: loss 0.2380, time 419.88ms, mfu 2.05%
iter 11291: loss 0.2048, time 278.80ms, mfu 2.10%
iter 11292: loss 0.2241, time 373.30ms, mfu 2.08%
iter 11293: loss 0.2331, time 472.81ms, mfu 2.02%
iter 11294: loss 0.2100, time 352.26ms, mfu 2.02%
iter 11295: loss 0.2101, time 362.21ms, mfu 2.02%
iter 11296: loss 0.1955, time 266.97ms, mfu 2.08%
iter 11297: loss 0.2129, time 382.64ms, mfu 2.06%
iter 11298: loss 0.2516, time 352.57ms, mfu 2.05%
iter 11299: loss 0.2415, time 449.43ms, mfu 2.01%
iter 11300: loss 0.2198, time 529.28ms, mfu 1.94%
  === DIAG iter 11300 ===
  loss: 0.2198
  grads: total 0.3475, transformer 0.1041, adapter 0.3315
  <NUM> input tokens: 669/3072 (21.8%)
  lr: 1.61e-04
  SME accuracy: overall 0.922, sign 0.991, exp 0.981, digit 0.879 [d0 0.916 d1 0.879 d2 0.879] (537 SME tokens)
iter 11301: loss 0.2255, time 175.01ms, mfu 2.15%
iter 11302: loss 0.2021, time 244.24ms, mfu 2.22%
iter 11303: loss 0.2106, time 430.90ms, mfu 2.17%
iter 11304: loss 0.2059, time 392.95ms, mfu 2.13%
iter 11305: loss 0.2300, time 286.90ms, mfu 2.16%
iter 11306: loss 0.2618, time 410.59ms, mfu 2.12%
iter 11307: loss 0.2263, time 300.54ms, mfu 2.14%
iter 11308: loss 0.2320, time 432.62ms, mfu 2.09%
iter 11309: loss 0.2107, time 394.92ms, mfu 2.06%
iter 11310: loss 0.1976, time 302.66ms, mfu 2.09%
iter 11311: loss 0.2474, time 412.36ms, mfu 2.05%
iter 11312: loss 0.2261, time 408.54ms, mfu 2.02%
iter 11313: loss 0.2370, time 448.20ms, mfu 1.98%
iter 11314: loss 0.2068, time 292.82ms, mfu 2.02%
iter 11315: loss 0.2218, time 503.57ms, mfu 1.96%
iter 11316: loss 0.2279, time 153.72ms, mfu 2.23%
iter 11317: loss 0.2443, time 338.44ms, mfu 2.21%
iter 11318: loss 0.2143, time 371.87ms, mfu 2.18%
iter 11319: loss 0.2430, time 259.18ms, mfu 2.24%
iter 11320: loss 0.2284, time 331.84ms, mfu 2.23%
iter 11321: loss 0.2150, time 372.09ms, mfu 2.19%
iter 11322: loss 0.2187, time 345.70ms, mfu 2.18%
iter 11323: loss 0.2401, time 305.87ms, mfu 2.19%
iter 11324: loss 0.2510, time 431.29ms, mfu 2.14%
iter 11325: loss 0.2349, time 544.36ms, mfu 2.06%
iter 11326: loss 0.2263, time 253.26ms, mfu 2.13%
iter 11327: loss 0.2247, time 241.11ms, mfu 2.21%
iter 11328: loss 0.2088, time 420.72ms, mfu 2.16%
iter 11329: loss 0.2260, time 432.39ms, mfu 2.11%
iter 11330: loss 0.2653, time 384.45ms, mfu 2.08%
iter 11331: loss 0.1939, time 357.36ms, mfu 2.07%
iter 11332: loss 0.2301, time 298.00ms, mfu 2.10%
iter 11333: loss 0.2226, time 276.55ms, mfu 2.15%
iter 11334: loss 0.2204, time 286.20ms, mfu 2.18%
iter 11335: loss 0.2612, time 350.08ms, mfu 2.16%
iter 11336: loss 0.2156, time 353.08ms, mfu 2.15%
iter 11337: loss 0.2495, time 484.90ms, mfu 2.08%
iter 11338: loss 0.2341, time 530.14ms, mfu 2.01%
iter 11339: loss 0.2347, time 320.99ms, mfu 2.03%
iter 11340: loss 0.2301, time 497.95ms, mfu 1.97%
iter 11341: loss 0.2192, time 350.36ms, mfu 1.97%
iter 11342: loss 0.2139, time 375.57ms, mfu 1.96%
iter 11343: loss 0.2339, time 335.66ms, mfu 1.98%
iter 11344: loss 0.2345, time 461.37ms, mfu 1.93%
iter 11345: loss 0.2645, time 506.91ms, mfu 1.88%
iter 11346: loss 0.2133, time 467.34ms, mfu 1.84%
iter 11347: loss 0.1866, time 365.80ms, mfu 1.85%
iter 11348: loss 0.2243, time 383.26ms, mfu 1.85%
iter 11349: loss 0.2016, time 368.88ms, mfu 1.86%
iter 11350: loss 0.2249, time 337.73ms, mfu 1.88%
iter 11351: loss 0.2258, time 348.89ms, mfu 1.90%
iter 11352: loss 0.1958, time 245.05ms, mfu 2.00%
iter 11353: loss 0.2020, time 375.73ms, mfu 1.99%
iter 11354: loss 0.2254, time 378.94ms, mfu 1.97%
iter 11355: loss 0.2517, time 459.89ms, mfu 1.93%
iter 11356: loss 0.2103, time 362.30ms, mfu 1.93%
iter 11357: loss 0.2093, time 391.86ms, mfu 1.92%
iter 11358: loss 0.2267, time 316.74ms, mfu 1.95%
iter 11359: loss 0.2092, time 389.17ms, mfu 1.94%
iter 11360: loss 0.2340, time 332.61ms, mfu 1.96%
iter 11361: loss 0.2345, time 444.13ms, mfu 1.92%
iter 11362: loss 0.2682, time 341.67ms, mfu 1.94%
iter 11363: loss 0.2029, time 547.27ms, mfu 1.87%
iter 11364: loss 0.2261, time 282.21ms, mfu 1.94%
iter 11365: loss 0.2037, time 393.72ms, mfu 1.92%
iter 11366: loss 0.2201, time 466.24ms, mfu 1.88%
iter 11367: loss 0.2284, time 255.18ms, mfu 1.97%
iter 11368: loss 0.1983, time 529.17ms, mfu 1.91%
iter 11369: loss 0.2217, time 380.77ms, mfu 1.90%
iter 11370: loss 0.2076, time 309.98ms, mfu 1.94%
iter 11371: loss 0.2644, time 450.30ms, mfu 1.91%
iter 11372: loss 0.1915, time 378.40ms, mfu 1.90%
iter 11373: loss 0.1824, time 466.82ms, mfu 1.86%
iter 11374: loss 0.2227, time 444.29ms, mfu 1.84%
iter 11375: loss 0.2048, time 516.46ms, mfu 1.79%
iter 11376: loss 0.2107, time 420.08ms, mfu 1.78%
iter 11377: loss 0.2218, time 294.12ms, mfu 1.84%
iter 11378: loss 0.2532, time 383.49ms, mfu 1.84%
iter 11379: loss 0.1911, time 355.27ms, mfu 1.86%
iter 11380: loss 0.2108, time 455.94ms, mfu 1.83%
iter 11381: loss 0.2190, time 411.63ms, mfu 1.82%
iter 11382: loss 0.2400, time 376.75ms, mfu 1.82%
iter 11383: loss 0.2048, time 460.40ms, mfu 1.80%
iter 11384: loss 0.2024, time 411.88ms, mfu 1.79%
iter 11385: loss 0.2250, time 353.70ms, mfu 1.81%
iter 11386: loss 0.2100, time 304.40ms, mfu 1.86%
iter 11387: loss 0.2292, time 404.19ms, mfu 1.85%
iter 11388: loss 0.2282, time 391.76ms, mfu 1.85%
iter 11389: loss 0.1973, time 326.36ms, mfu 1.88%
iter 11390: loss 0.2266, time 410.72ms, mfu 1.86%
iter 11391: loss 0.2186, time 327.90ms, mfu 1.89%
iter 11392: loss 0.2327, time 226.68ms, mfu 2.02%
iter 11393: loss 0.2178, time 354.25ms, mfu 2.02%
iter 11394: loss 0.2485, time 449.81ms, mfu 1.97%
iter 11395: loss 0.2086, time 381.41ms, mfu 1.96%
iter 11396: loss 0.2383, time 354.81ms, mfu 1.96%
iter 11397: loss 0.2105, time 353.45ms, mfu 1.97%
iter 11398: loss 0.1861, time 261.71ms, mfu 2.04%
iter 11399: loss 0.2173, time 477.48ms, mfu 1.99%
iter 11400: loss 0.2038, time 752.97ms, mfu 1.88%
  === DIAG iter 11400 ===
  loss: 0.2038
  grads: total 0.2654, transformer 0.0906, adapter 0.2495
  <NUM> input tokens: 604/3072 (19.7%)
  lr: 1.56e-04
  SME accuracy: overall 0.949, sign 0.974, exp 0.991, digit 0.926 [d0 0.974 d1 0.932 d2 0.897] (585 SME tokens)
iter 11401: loss 0.2389, time 175.25ms, mfu 2.10%
iter 11402: loss 0.1906, time 326.44ms, mfu 2.11%
iter 11403: loss 0.1957, time 237.91ms, mfu 2.19%
iter 11404: loss 0.2139, time 396.74ms, mfu 2.15%
iter 11405: loss 0.2341, time 362.26ms, mfu 2.13%
iter 11406: loss 0.2277, time 384.61ms, mfu 2.10%
iter 11407: loss 0.2256, time 488.43ms, mfu 2.04%
iter 11408: loss 0.1954, time 289.88ms, mfu 2.08%
iter 11409: loss 0.2057, time 396.33ms, mfu 2.05%
iter 11410: loss 0.2224, time 371.34ms, mfu 2.04%
iter 11411: loss 0.2185, time 366.36ms, mfu 2.03%
iter 11412: loss 0.1998, time 319.69ms, mfu 2.04%
iter 11413: loss 0.2287, time 379.84ms, mfu 2.03%
iter 11414: loss 0.2003, time 429.58ms, mfu 1.99%
iter 11415: loss 0.2027, time 304.05ms, mfu 2.02%
iter 11416: loss 0.2401, time 384.31ms, mfu 2.01%
iter 11417: loss 0.2035, time 418.38ms, mfu 1.97%
iter 11418: loss 0.2505, time 327.24ms, mfu 1.99%
iter 11419: loss 0.1976, time 249.74ms, mfu 2.08%
iter 11420: loss 0.1919, time 263.67ms, mfu 2.14%
iter 11421: loss 0.2019, time 411.19ms, mfu 2.10%
iter 11422: loss 0.2019, time 347.19ms, mfu 2.09%
iter 11423: loss 0.2087, time 305.78ms, mfu 2.11%
iter 11424: loss 0.2175, time 344.11ms, mfu 2.11%
iter 11425: loss 0.1899, time 408.73ms, mfu 2.07%
iter 11426: loss 0.2036, time 356.93ms, mfu 2.06%
iter 11427: loss 0.2653, time 353.59ms, mfu 2.06%
iter 11428: loss 0.2113, time 298.55ms, mfu 2.09%
iter 11429: loss 0.2068, time 344.08ms, mfu 2.09%
iter 11430: loss 0.2018, time 368.74ms, mfu 2.07%
iter 11431: loss 0.2058, time 308.72ms, mfu 2.09%
iter 11432: loss 0.2293, time 324.04ms, mfu 2.10%
iter 11433: loss 0.2179, time 369.41ms, mfu 2.08%
iter 11434: loss 0.2127, time 383.21ms, mfu 2.06%
iter 11435: loss 0.2171, time 466.56ms, mfu 2.01%
iter 11436: loss 0.2142, time 246.59ms, mfu 2.09%
iter 11437: loss 0.2302, time 259.24ms, mfu 2.16%
iter 11438: loss 0.2304, time 221.21ms, mfu 2.26%
iter 11439: loss 0.1985, time 415.04ms, mfu 2.21%
iter 11440: loss 0.2243, time 406.79ms, mfu 2.16%
iter 11441: loss 0.2201, time 447.31ms, mfu 2.10%
iter 11442: loss 0.2495, time 419.48ms, mfu 2.06%
iter 11443: loss 0.2304, time 394.28ms, mfu 2.03%
iter 11444: loss 0.2418, time 427.44ms, mfu 2.00%
iter 11445: loss 0.2282, time 446.88ms, mfu 1.96%
iter 11446: loss 0.1980, time 406.69ms, mfu 1.93%
iter 11447: loss 0.2350, time 407.66ms, mfu 1.91%
iter 11448: loss 0.2354, time 409.21ms, mfu 1.90%
iter 11449: loss 0.2383, time 282.57ms, mfu 1.96%
iter 11450: loss 0.2280, time 291.55ms, mfu 2.01%
iter 11451: loss 0.1961, time 398.69ms, mfu 1.98%
iter 11452: loss 0.2060, time 412.55ms, mfu 1.96%
iter 11453: loss 0.2333, time 432.25ms, mfu 1.92%
iter 11454: loss 0.2451, time 231.99ms, mfu 2.04%
iter 11455: loss 0.1880, time 518.96ms, mfu 1.97%
iter 11456: loss 0.2103, time 459.11ms, mfu 1.93%
iter 11457: loss 0.2032, time 254.41ms, mfu 2.01%
iter 11458: loss 0.2091, time 306.81ms, mfu 2.04%
iter 11459: loss 0.2112, time 487.34ms, mfu 1.98%
iter 11460: loss 0.2236, time 431.72ms, mfu 1.95%
iter 11461: loss 0.2325, time 470.06ms, mfu 1.91%
iter 11462: loss 0.2327, time 339.97ms, mfu 1.92%
iter 11463: loss 0.2173, time 530.44ms, mfu 1.86%
iter 11464: loss 0.2149, time 324.65ms, mfu 1.90%
iter 11465: loss 0.2311, time 314.98ms, mfu 1.93%
iter 11466: loss 0.2331, time 484.83ms, mfu 1.88%
iter 11467: loss 0.1728, time 457.30ms, mfu 1.85%
iter 11468: loss 0.2109, time 405.53ms, mfu 1.84%
iter 11469: loss 0.2284, time 442.11ms, mfu 1.82%
iter 11470: loss 0.2027, time 429.26ms, mfu 1.80%
iter 11471: loss 0.1801, time 308.08ms, mfu 1.85%
iter 11472: loss 0.1910, time 390.90ms, mfu 1.85%
iter 11473: loss 0.2367, time 313.86ms, mfu 1.89%
iter 11474: loss 0.2329, time 297.86ms, mfu 1.94%
iter 11475: loss 0.2069, time 433.91ms, mfu 1.91%
iter 11476: loss 0.2033, time 448.63ms, mfu 1.87%
iter 11477: loss 0.1978, time 373.59ms, mfu 1.88%
iter 11478: loss 0.2101, time 374.82ms, mfu 1.88%
iter 11479: loss 0.2297, time 441.89ms, mfu 1.85%
iter 11480: loss 0.1890, time 346.98ms, mfu 1.87%
iter 11481: loss 0.2174, time 390.79ms, mfu 1.86%
iter 11482: loss 0.2114, time 370.92ms, mfu 1.87%
iter 11483: loss 0.1905, time 319.95ms, mfu 1.90%
iter 11484: loss 0.2065, time 408.23ms, mfu 1.89%
iter 11485: loss 0.2161, time 367.75ms, mfu 1.89%
iter 11486: loss 0.2193, time 329.41ms, mfu 1.92%
iter 11487: loss 0.2234, time 368.11ms, mfu 1.92%
iter 11488: loss 0.2184, time 409.67ms, mfu 1.90%
iter 11489: loss 0.2235, time 563.91ms, mfu 1.83%
iter 11490: loss 0.2370, time 257.26ms, mfu 1.93%
iter 11491: loss 0.2143, time 428.80ms, mfu 1.90%
iter 11492: loss 0.2010, time 295.51ms, mfu 1.95%
iter 11493: loss 0.2468, time 438.55ms, mfu 1.92%
iter 11494: loss 0.2273, time 413.08ms, mfu 1.90%
iter 11495: loss 0.2449, time 354.43ms, mfu 1.91%
iter 11496: loss 0.2160, time 332.63ms, mfu 1.93%
iter 11497: loss 0.1996, time 499.29ms, mfu 1.88%
iter 11498: loss 0.2605, time 251.86ms, mfu 1.97%
iter 11499: loss 0.2441, time 259.84ms, mfu 2.05%
iter 11500: loss 0.2317, time 699.80ms, mfu 1.94%
  === DIAG iter 11500 ===
  loss: 0.2317
  grads: total 0.2990, transformer 0.0880, adapter 0.2857
  <NUM> input tokens: 631/3072 (20.5%)
  lr: 1.51e-04
  SME accuracy: overall 0.920, sign 0.963, exp 0.988, digit 0.883 [d0 0.925 d1 0.900 d2 0.825] (400 SME tokens)
iter 11501: loss 0.2249, time 227.15ms, mfu 2.06%
iter 11502: loss 0.2298, time 244.18ms, mfu 2.15%
iter 11503: loss 0.2076, time 344.37ms, mfu 2.14%
iter 11504: loss 0.2289, time 400.76ms, mfu 2.10%
iter 11505: loss 0.2023, time 321.27ms, mfu 2.11%
iter 11506: loss 0.2264, time 386.28ms, mfu 2.08%
iter 11507: loss 0.2331, time 489.60ms, mfu 2.02%
iter 11508: loss 0.1982, time 282.71ms, mfu 2.07%
iter 11509: loss 0.2187, time 468.19ms, mfu 2.01%
iter 11510: loss 0.2269, time 361.40ms, mfu 2.01%
iter 11511: loss 0.2103, time 477.45ms, mfu 1.96%
iter 11512: loss 0.2087, time 369.55ms, mfu 1.95%
iter 11513: loss 0.2684, time 363.45ms, mfu 1.95%
iter 11514: loss 0.2177, time 605.76ms, mfu 1.87%
iter 11515: loss 0.2053, time 342.91ms, mfu 1.89%
iter 11516: loss 0.1899, time 305.31ms, mfu 1.94%
iter 11517: loss 0.2075, time 390.95ms, mfu 1.92%
iter 11518: loss 0.2355, time 498.45ms, mfu 1.87%
iter 11519: loss 0.2020, time 261.89ms, mfu 1.96%
iter 11520: loss 0.2448, time 408.96ms, mfu 1.93%
iter 11521: loss 0.2015, time 425.06ms, mfu 1.91%
iter 11522: loss 0.1727, time 329.25ms, mfu 1.93%
iter 11523: loss 0.2084, time 455.10ms, mfu 1.89%
iter 11524: loss 0.2300, time 543.45ms, mfu 1.84%
iter 11525: loss 0.2105, time 298.33ms, mfu 1.89%
iter 11526: loss 0.1854, time 509.19ms, mfu 1.84%
iter 11527: loss 0.2552, time 289.35ms, mfu 1.90%
iter 11528: loss 0.2404, time 389.23ms, mfu 1.89%
iter 11529: loss 0.2158, time 433.16ms, mfu 1.87%
iter 11530: loss 0.2108, time 267.40ms, mfu 1.95%
iter 11531: loss 0.2113, time 500.61ms, mfu 1.89%
iter 11532: loss 0.2174, time 287.70ms, mfu 1.95%
iter 11533: loss 0.2144, time 334.59ms, mfu 1.97%
iter 11534: loss 0.2336, time 431.70ms, mfu 1.93%
iter 11535: loss 0.2214, time 360.64ms, mfu 1.94%
iter 11536: loss 0.2085, time 461.00ms, mfu 1.90%
iter 11537: loss 0.2092, time 392.96ms, mfu 1.89%
iter 11538: loss 0.1992, time 332.31ms, mfu 1.91%
iter 11539: loss 0.2041, time 335.55ms, mfu 1.93%
iter 11540: loss 0.2211, time 406.28ms, mfu 1.91%
iter 11541: loss 0.2265, time 380.35ms, mfu 1.91%
iter 11542: loss 0.2649, time 244.42ms, mfu 2.01%
iter 11543: loss 0.2297, time 342.92ms, mfu 2.01%
iter 11544: loss 0.2102, time 303.69ms, mfu 2.05%
iter 11545: loss 0.2077, time 297.58ms, mfu 2.08%
iter 11546: loss 0.2319, time 299.15ms, mfu 2.11%
iter 11547: loss 0.2149, time 490.75ms, mfu 2.04%
iter 11548: loss 0.2311, time 388.50ms, mfu 2.02%
iter 11549: loss 0.2468, time 391.75ms, mfu 2.00%
iter 11550: loss 0.1888, time 371.87ms, mfu 1.99%
iter 11551: loss 0.1910, time 352.49ms, mfu 1.99%
iter 11552: loss 0.2424, time 403.53ms, mfu 1.97%
iter 11553: loss 0.2276, time 366.17ms, mfu 1.96%
iter 11554: loss 0.2324, time 458.78ms, mfu 1.92%
iter 11555: loss 0.2189, time 294.99ms, mfu 1.97%
iter 11556: loss 0.2147, time 507.35ms, mfu 1.91%
iter 11557: loss 0.2267, time 348.95ms, mfu 1.93%
iter 11558: loss 0.2329, time 331.75ms, mfu 1.95%
iter 11559: loss 0.2205, time 281.83ms, mfu 2.00%
iter 11560: loss 0.2099, time 249.97ms, mfu 2.09%
iter 11561: loss 0.2291, time 250.19ms, mfu 2.16%
iter 11562: loss 0.2084, time 462.00ms, mfu 2.10%
iter 11563: loss 0.2048, time 316.79ms, mfu 2.11%
iter 11564: loss 0.1957, time 422.92ms, mfu 2.07%
iter 11565: loss 0.2203, time 443.04ms, mfu 2.02%
iter 11566: loss 0.2086, time 393.21ms, mfu 2.00%
iter 11567: loss 0.2008, time 329.73ms, mfu 2.01%
iter 11568: loss 0.2211, time 393.36ms, mfu 1.99%
iter 11569: loss 0.2034, time 426.87ms, mfu 1.96%
iter 11570: loss 0.2076, time 394.26ms, mfu 1.94%
iter 11571: loss 0.2144, time 470.24ms, mfu 1.90%
iter 11572: loss 0.2313, time 294.87ms, mfu 1.95%
iter 11573: loss 0.2480, time 337.72ms, mfu 1.97%
iter 11574: loss 0.2133, time 460.99ms, mfu 1.92%
iter 11575: loss 0.2053, time 495.66ms, mfu 1.87%
iter 11576: loss 0.2113, time 321.96ms, mfu 1.91%
iter 11577: loss 0.2258, time 416.86ms, mfu 1.89%
iter 11578: loss 0.2050, time 274.82ms, mfu 1.95%
iter 11579: loss 0.2308, time 393.14ms, mfu 1.94%
iter 11580: loss 0.2213, time 313.38ms, mfu 1.97%
iter 11581: loss 0.2235, time 371.04ms, mfu 1.97%
iter 11582: loss 0.1819, time 390.37ms, mfu 1.95%
iter 11583: loss 0.2015, time 267.02ms, mfu 2.02%
iter 11584: loss 0.1979, time 406.59ms, mfu 1.99%
iter 11585: loss 0.2166, time 391.16ms, mfu 1.98%
iter 11586: loss 0.2413, time 379.05ms, mfu 1.96%
iter 11587: loss 0.1882, time 532.89ms, mfu 1.90%
iter 11588: loss 0.2018, time 334.54ms, mfu 1.92%
iter 11589: loss 0.2179, time 391.52ms, mfu 1.91%
iter 11590: loss 0.2081, time 459.87ms, mfu 1.87%
iter 11591: loss 0.2353, time 374.50ms, mfu 1.88%
iter 11592: loss 0.2383, time 430.61ms, mfu 1.85%
iter 11593: loss 0.2252, time 350.42ms, mfu 1.87%
iter 11594: loss 0.1932, time 305.10ms, mfu 1.92%
iter 11595: loss 0.2392, time 293.77ms, mfu 1.97%
iter 11596: loss 0.2259, time 320.53ms, mfu 1.99%
iter 11597: loss 0.1950, time 241.37ms, mfu 2.08%
iter 11598: loss 0.2102, time 373.71ms, mfu 2.07%
iter 11599: loss 0.2211, time 471.86ms, mfu 2.01%
iter 11600: loss 0.1867, time 597.49ms, mfu 1.93%
  === DIAG iter 11600 ===
  loss: 0.1867
  grads: total 0.5108, transformer 0.1192, adapter 0.4967
  <NUM> input tokens: 603/3072 (19.6%)
  lr: 1.46e-04
  SME accuracy: overall 0.944, sign 0.980, exp 0.970, digit 0.924 [d0 0.921 d1 0.950 d2 0.911] (503 SME tokens)
iter 11601: loss 0.2197, time 212.62ms, mfu 2.07%
iter 11602: loss 0.2390, time 205.56ms, mfu 2.21%
iter 11603: loss 0.2162, time 423.82ms, mfu 2.15%
iter 11604: loss 0.1887, time 491.24ms, mfu 2.08%
iter 11605: loss 0.2249, time 467.48ms, mfu 2.02%
iter 11606: loss 0.2487, time 374.32ms, mfu 2.01%
iter 11607: loss 0.2257, time 477.45ms, mfu 1.96%
iter 11608: loss 0.2406, time 550.80ms, mfu 1.89%
iter 11609: loss 0.2097, time 436.11ms, mfu 1.87%
iter 11610: loss 0.2132, time 429.34ms, mfu 1.84%
iter 11611: loss 0.2329, time 321.51ms, mfu 1.88%
iter 11612: loss 0.2269, time 261.39ms, mfu 1.96%
iter 11613: loss 0.2201, time 346.45ms, mfu 1.97%
iter 11614: loss 0.2094, time 398.70ms, mfu 1.95%
iter 11615: loss 0.1934, time 325.42ms, mfu 1.97%
iter 11616: loss 0.2001, time 221.69ms, mfu 2.10%
iter 11617: loss 0.2149, time 264.49ms, mfu 2.15%
iter 11618: loss 0.2055, time 337.43ms, mfu 2.15%
iter 11619: loss 0.2289, time 319.64ms, mfu 2.16%
iter 11620: loss 0.2655, time 366.79ms, mfu 2.13%
iter 11621: loss 0.2173, time 434.03ms, mfu 2.08%
iter 11622: loss 0.1948, time 383.31ms, mfu 2.06%
iter 11623: loss 0.2056, time 403.41ms, mfu 2.03%
iter 11624: loss 0.2400, time 553.65ms, mfu 1.95%
iter 11625: loss 0.2287, time 377.85ms, mfu 1.95%
iter 11626: loss 0.2212, time 353.30ms, mfu 1.95%
iter 11627: loss 0.2302, time 377.12ms, mfu 1.95%
iter 11628: loss 0.2066, time 376.84ms, mfu 1.94%
iter 11629: loss 0.2184, time 308.65ms, mfu 1.97%
iter 11630: loss 0.2200, time 246.05ms, mfu 2.07%
iter 11631: loss 0.2081, time 338.98ms, mfu 2.07%
iter 11632: loss 0.1960, time 427.04ms, mfu 2.03%
iter 11633: loss 0.2372, time 242.08ms, mfu 2.12%
iter 11634: loss 0.2364, time 498.73ms, mfu 2.05%
iter 11635: loss 0.1897, time 326.56ms, mfu 2.06%
iter 11636: loss 0.2101, time 306.12ms, mfu 2.09%
iter 11637: loss 0.1936, time 361.95ms, mfu 2.07%
iter 11638: loss 0.2043, time 445.24ms, mfu 2.02%
iter 11639: loss 0.2181, time 337.81ms, mfu 2.03%
iter 11640: loss 0.2358, time 376.62ms, mfu 2.02%
iter 11641: loss 0.1915, time 307.47ms, mfu 2.05%
iter 11642: loss 0.2255, time 435.58ms, mfu 2.00%
iter 11643: loss 0.2360, time 444.54ms, mfu 1.96%
iter 11644: loss 0.2144, time 339.24ms, mfu 1.98%
iter 11645: loss 0.2097, time 280.20ms, mfu 2.03%
iter 11646: loss 0.2312, time 352.80ms, mfu 2.03%
iter 11647: loss 0.2081, time 340.94ms, mfu 2.03%
iter 11648: loss 0.2369, time 569.43ms, mfu 1.95%
iter 11649: loss 0.1973, time 263.50ms, mfu 2.03%
iter 11650: loss 0.2283, time 316.24ms, mfu 2.05%
iter 11651: loss 0.2182, time 258.78ms, mfu 2.12%
iter 11652: loss 0.1966, time 467.34ms, mfu 2.06%
iter 11653: loss 0.1964, time 268.67ms, mfu 2.12%
iter 11654: loss 0.2157, time 362.21ms, mfu 2.10%
iter 11655: loss 0.2509, time 469.99ms, mfu 2.04%
iter 11656: loss 0.2611, time 271.95ms, mfu 2.10%
iter 11657: loss 0.2229, time 336.46ms, mfu 2.10%
iter 11658: loss 0.2397, time 456.33ms, mfu 2.04%
iter 11659: loss 0.2309, time 396.91ms, mfu 2.02%
iter 11660: loss 0.1942, time 428.74ms, mfu 1.98%
iter 11661: loss 0.2583, time 432.02ms, mfu 1.95%
iter 11662: loss 0.2212, time 428.33ms, mfu 1.92%
iter 11663: loss 0.2202, time 352.12ms, mfu 1.93%
iter 11664: loss 0.2262, time 355.35ms, mfu 1.93%
iter 11665: loss 0.1983, time 348.00ms, mfu 1.94%
iter 11666: loss 0.2371, time 308.09ms, mfu 1.98%
iter 11667: loss 0.2148, time 345.91ms, mfu 1.99%
iter 11668: loss 0.2175, time 437.71ms, mfu 1.95%
iter 11669: loss 0.2025, time 224.30ms, mfu 2.07%
iter 11670: loss 0.2042, time 486.88ms, mfu 2.01%
iter 11671: loss 0.2218, time 292.99ms, mfu 2.05%
iter 11672: loss 0.2014, time 238.25ms, mfu 2.14%
iter 11673: loss 0.2178, time 431.13ms, mfu 2.09%
iter 11674: loss 0.2239, time 260.13ms, mfu 2.16%
iter 11675: loss 0.2329, time 416.37ms, mfu 2.11%
iter 11676: loss 0.2250, time 417.44ms, mfu 2.07%
iter 11677: loss 0.2226, time 379.27ms, mfu 2.05%
iter 11678: loss 0.2105, time 387.91ms, mfu 2.03%
iter 11679: loss 0.2372, time 552.80ms, mfu 1.95%
iter 11680: loss 0.1761, time 195.24ms, mfu 2.12%
iter 11681: loss 0.2235, time 438.39ms, mfu 2.07%
iter 11682: loss 0.2315, time 330.49ms, mfu 2.08%
iter 11683: loss 0.2027, time 324.16ms, mfu 2.09%
iter 11684: loss 0.2201, time 292.06ms, mfu 2.12%
iter 11685: loss 0.1806, time 434.93ms, mfu 2.07%
iter 11686: loss 0.2239, time 342.31ms, mfu 2.07%
iter 11687: loss 0.2058, time 350.69ms, mfu 2.07%
iter 11688: loss 0.2150, time 416.39ms, mfu 2.03%
iter 11689: loss 0.2260, time 261.40ms, mfu 2.10%
iter 11690: loss 0.2271, time 248.70ms, mfu 2.17%
iter 11691: loss 0.2321, time 230.29ms, mfu 2.26%
iter 11692: loss 0.2409, time 441.82ms, mfu 2.20%
iter 11693: loss 0.2032, time 308.28ms, mfu 2.21%
iter 11694: loss 0.2468, time 313.91ms, mfu 2.21%
iter 11695: loss 0.2055, time 385.53ms, mfu 2.18%
iter 11696: loss 0.2268, time 312.76ms, mfu 2.18%
iter 11697: loss 0.2003, time 263.58ms, mfu 2.24%
iter 11698: loss 0.2272, time 303.57ms, mfu 2.25%
iter 11699: loss 0.2054, time 345.02ms, mfu 2.23%
iter 11700: loss 0.2006, time 760.15ms, mfu 2.10%
  === DIAG iter 11700 ===
  loss: 0.2006
  grads: total 0.4470, transformer 0.1380, adapter 0.4252
  <NUM> input tokens: 664/3072 (21.6%)
  lr: 1.41e-04
  SME accuracy: overall 0.972, sign 0.978, exp 1.000, digit 0.960 [d0 0.978 d1 0.989 d2 0.956] (459 SME tokens)
iter 11701: loss 0.2134, time 231.65ms, mfu 2.19%
iter 11702: loss 0.2433, time 238.85ms, mfu 2.27%
iter 11703: loss 0.1886, time 386.38ms, mfu 2.23%
iter 11704: loss 0.2200, time 319.66ms, mfu 2.23%
iter 11705: loss 0.2235, time 420.62ms, mfu 2.17%
iter 11706: loss 0.2033, time 497.14ms, mfu 2.10%
iter 11707: loss 0.2111, time 496.97ms, mfu 2.03%
iter 11708: loss 0.2044, time 363.58ms, mfu 2.02%
iter 11709: loss 0.2425, time 439.85ms, mfu 1.98%
iter 11710: loss 0.2471, time 354.47ms, mfu 1.98%
iter 11711: loss 0.2214, time 279.68ms, mfu 2.04%
iter 11712: loss 0.1817, time 392.59ms, mfu 2.01%
iter 11713: loss 0.2414, time 364.99ms, mfu 2.01%
iter 11714: loss 0.2053, time 325.03ms, mfu 2.02%
iter 11715: loss 0.2762, time 308.48ms, mfu 2.05%
iter 11716: loss 0.1945, time 360.73ms, mfu 2.04%
iter 11717: loss 0.2413, time 501.07ms, mfu 1.98%
iter 11718: loss 0.1884, time 233.55ms, mfu 2.09%
iter 11719: loss 0.1969, time 330.51ms, mfu 2.09%
iter 11720: loss 0.2133, time 320.99ms, mfu 2.10%
iter 11721: loss 0.2244, time 313.66ms, mfu 2.12%
iter 11722: loss 0.2109, time 275.15ms, mfu 2.16%
iter 11723: loss 0.2159, time 351.26ms, mfu 2.15%
iter 11724: loss 0.2034, time 270.52ms, mfu 2.20%
iter 11725: loss 0.2064, time 365.31ms, mfu 2.17%
iter 11726: loss 0.2248, time 292.25ms, mfu 2.20%
iter 11727: loss 0.2125, time 312.34ms, mfu 2.20%
iter 11728: loss 0.2230, time 490.66ms, mfu 2.13%
iter 11729: loss 0.2172, time 407.09ms, mfu 2.09%
iter 11730: loss 0.2037, time 300.98ms, mfu 2.12%
iter 11731: loss 0.2034, time 394.03ms, mfu 2.08%
iter 11732: loss 0.2619, time 398.51ms, mfu 2.05%
iter 11733: loss 0.2310, time 416.41ms, mfu 2.02%
iter 11734: loss 0.2175, time 297.73ms, mfu 2.05%
iter 11735: loss 0.2182, time 342.65ms, mfu 2.06%
iter 11736: loss 0.2336, time 363.21ms, mfu 2.05%
iter 11737: loss 0.2563, time 419.18ms, mfu 2.01%
iter 11738: loss 0.2069, time 443.82ms, mfu 1.97%
iter 11739: loss 0.2466, time 213.60ms, mfu 2.10%
iter 11740: loss 0.2278, time 422.07ms, mfu 2.06%
iter 11741: loss 0.2399, time 364.28ms, mfu 2.05%
iter 11742: loss 0.2335, time 487.53ms, mfu 1.99%
iter 11743: loss 0.1978, time 233.27ms, mfu 2.09%
iter 11744: loss 0.1971, time 475.12ms, mfu 2.03%
iter 11745: loss 0.2358, time 407.79ms, mfu 2.00%
iter 11746: loss 0.2182, time 386.48ms, mfu 1.99%
iter 11747: loss 0.2257, time 370.35ms, mfu 1.98%
iter 11748: loss 0.2032, time 483.75ms, mfu 1.93%
iter 11749: loss 0.2296, time 311.41ms, mfu 1.96%
iter 11750: loss 0.2196, time 492.97ms, mfu 1.91%
iter 11751: loss 0.2012, time 395.26ms, mfu 1.90%
iter 11752: loss 0.2267, time 571.40ms, mfu 1.83%
iter 11753: loss 0.2211, time 395.26ms, mfu 1.83%
iter 11754: loss 0.1923, time 409.54ms, mfu 1.82%
iter 11755: loss 0.2171, time 318.09ms, mfu 1.86%
iter 11756: loss 0.2129, time 267.02ms, mfu 1.94%
iter 11757: loss 0.2183, time 388.29ms, mfu 1.93%
iter 11758: loss 0.2299, time 249.99ms, mfu 2.02%
iter 11759: loss 0.2607, time 318.28ms, mfu 2.04%
iter 11760: loss 0.2006, time 437.27ms, mfu 2.00%
iter 11761: loss 0.2184, time 475.38ms, mfu 1.95%
iter 11762: loss 0.2102, time 310.83ms, mfu 1.98%
iter 11763: loss 0.2229, time 229.78ms, mfu 2.09%
iter 11764: loss 0.2354, time 378.87ms, mfu 2.07%
iter 11765: loss 0.2198, time 321.41ms, mfu 2.08%
iter 11766: loss 0.2085, time 425.15ms, mfu 2.04%
iter 11767: loss 0.1963, time 310.19ms, mfu 2.07%
iter 11768: loss 0.2024, time 364.26ms, mfu 2.05%
iter 11769: loss 0.2208, time 474.06ms, mfu 2.00%
iter 11770: loss 0.2481, time 304.75ms, mfu 2.03%
iter 11771: loss 0.2422, time 343.15ms, mfu 2.03%
iter 11772: loss 0.1955, time 517.66ms, mfu 1.97%
iter 11773: loss 0.2363, time 360.75ms, mfu 1.97%
iter 11774: loss 0.2529, time 452.10ms, mfu 1.93%
iter 11775: loss 0.1949, time 243.02ms, mfu 2.03%
iter 11776: loss 0.2349, time 314.92ms, mfu 2.05%
iter 11777: loss 0.1965, time 435.46ms, mfu 2.01%
iter 11778: loss 0.2324, time 470.77ms, mfu 1.96%
iter 11779: loss 0.2510, time 248.47ms, mfu 2.05%
iter 11780: loss 0.2379, time 361.45ms, mfu 2.04%
iter 11781: loss 0.2009, time 393.50ms, mfu 2.01%
iter 11782: loss 0.2091, time 367.30ms, mfu 2.01%
iter 11783: loss 0.2308, time 366.63ms, mfu 2.00%
iter 11784: loss 0.2106, time 324.35ms, mfu 2.02%
iter 11785: loss 0.2092, time 374.84ms, mfu 2.00%
iter 11786: loss 0.1987, time 397.04ms, mfu 1.98%
iter 11787: loss 0.2067, time 410.72ms, mfu 1.96%
iter 11788: loss 0.2555, time 369.42ms, mfu 1.95%
iter 11789: loss 0.2319, time 373.38ms, mfu 1.95%
iter 11790: loss 0.2234, time 386.24ms, mfu 1.94%
iter 11791: loss 0.2255, time 323.50ms, mfu 1.96%
iter 11792: loss 0.2387, time 428.21ms, mfu 1.93%
iter 11793: loss 0.2051, time 371.54ms, mfu 1.93%
iter 11794: loss 0.1971, time 390.91ms, mfu 1.92%
iter 11795: loss 0.2256, time 368.81ms, mfu 1.92%
iter 11796: loss 0.1987, time 408.90ms, mfu 1.90%
iter 11797: loss 0.1944, time 296.74ms, mfu 1.95%
iter 11798: loss 0.2169, time 494.12ms, mfu 1.90%
iter 11799: loss 0.2153, time 432.00ms, mfu 1.87%
iter 11800: loss 0.2567, time 578.55ms, mfu 1.81%
  === DIAG iter 11800 ===
  loss: 0.2567
  grads: total 0.4657, transformer 0.1174, adapter 0.4507
  <NUM> input tokens: 686/3072 (22.3%)
  lr: 1.37e-04
  SME accuracy: overall 0.861, sign 0.966, exp 0.989, digit 0.784 [d0 0.826 d1 0.814 d2 0.733] (433 SME tokens)
iter 11801: loss 0.2272, time 213.45ms, mfu 1.96%
iter 11802: loss 0.2064, time 362.37ms, mfu 1.96%
iter 11803: loss 0.2097, time 289.65ms, mfu 2.01%
iter 11804: loss 0.1887, time 387.94ms, mfu 1.99%
iter 11805: loss 0.2178, time 364.27ms, mfu 1.98%
iter 11806: loss 0.2127, time 312.79ms, mfu 2.01%
iter 11807: loss 0.2194, time 408.35ms, mfu 1.98%
iter 11808: loss 0.2253, time 408.32ms, mfu 1.96%
iter 11809: loss 0.2062, time 251.32ms, mfu 2.05%
iter 11810: loss 0.2800, time 394.00ms, mfu 2.02%
iter 11811: loss 0.1925, time 296.15ms, mfu 2.06%
iter 11812: loss 0.2022, time 380.66ms, mfu 2.04%
iter 11813: loss 0.2017, time 370.18ms, mfu 2.03%
iter 11814: loss 0.2370, time 402.70ms, mfu 2.00%
iter 11815: loss 0.2005, time 315.99ms, mfu 2.02%
iter 11816: loss 0.2296, time 355.39ms, mfu 2.02%
iter 11817: loss 0.2370, time 563.48ms, mfu 1.94%
iter 11818: loss 0.2245, time 377.91ms, mfu 1.94%
iter 11819: loss 0.2211, time 355.34ms, mfu 1.94%
iter 11820: loss 0.2154, time 332.48ms, mfu 1.96%
iter 11821: loss 0.1841, time 472.82ms, mfu 1.92%
iter 11822: loss 0.2210, time 305.47ms, mfu 1.96%
iter 11823: loss 0.1982, time 530.10ms, mfu 1.89%
iter 11824: loss 0.2104, time 354.03ms, mfu 1.91%
iter 11825: loss 0.2071, time 280.69ms, mfu 1.97%
iter 11826: loss 0.2158, time 322.14ms, mfu 1.99%
iter 11827: loss 0.2137, time 343.84ms, mfu 2.00%
iter 11828: loss 0.2098, time 496.06ms, mfu 1.94%
iter 11829: loss 0.1844, time 373.73ms, mfu 1.94%
iter 11830: loss 0.2244, time 372.91ms, mfu 1.93%
iter 11831: loss 0.2348, time 363.95ms, mfu 1.93%
iter 11832: loss 0.1915, time 497.86ms, mfu 1.88%
iter 11833: loss 0.2180, time 270.25ms, mfu 1.96%
iter 11834: loss 0.2179, time 369.75ms, mfu 1.95%
iter 11835: loss 0.2202, time 347.25ms, mfu 1.96%
iter 11836: loss 0.2044, time 419.56ms, mfu 1.93%
iter 11837: loss 0.2009, time 402.78ms, mfu 1.92%
iter 11838: loss 0.2326, time 400.60ms, mfu 1.90%
iter 11839: loss 0.2021, time 311.18ms, mfu 1.94%
iter 11840: loss 0.2099, time 221.73ms, mfu 2.07%
iter 11841: loss 0.2057, time 316.96ms, mfu 2.08%
iter 11842: loss 0.2640, time 227.22ms, mfu 2.19%
iter 11843: loss 0.2188, time 326.40ms, mfu 2.18%
iter 11844: loss 0.2478, time 399.75ms, mfu 2.14%
iter 11845: loss 0.2286, time 171.69ms, mfu 2.34%
iter 11846: loss 0.1842, time 466.50ms, mfu 2.26%
iter 11847: loss 0.2086, time 391.64ms, mfu 2.21%
iter 11848: loss 0.2153, time 411.17ms, mfu 2.17%
iter 11849: loss 0.2379, time 347.47ms, mfu 2.15%
iter 11850: loss 0.2296, time 401.52ms, mfu 2.11%
iter 11851: loss 0.2083, time 356.87ms, mfu 2.10%
iter 11852: loss 0.2444, time 416.32ms, mfu 2.06%
iter 11853: loss 0.2151, time 350.22ms, mfu 2.06%
iter 11854: loss 0.2345, time 347.21ms, mfu 2.06%
iter 11855: loss 0.1993, time 356.64ms, mfu 2.05%
iter 11856: loss 0.2501, time 449.99ms, mfu 2.00%
iter 11857: loss 0.2037, time 272.30ms, mfu 2.06%
iter 11858: loss 0.2089, time 408.37ms, mfu 2.03%
iter 11859: loss 0.2145, time 392.05ms, mfu 2.01%
iter 11860: loss 0.2181, time 426.83ms, mfu 1.97%
iter 11861: loss 0.2054, time 421.46ms, mfu 1.94%
iter 11862: loss 0.2105, time 235.72ms, mfu 2.05%
iter 11863: loss 0.2148, time 297.75ms, mfu 2.08%
iter 11864: loss 0.2066, time 334.40ms, mfu 2.09%
iter 11865: loss 0.2108, time 401.69ms, mfu 2.05%
iter 11866: loss 0.2180, time 234.89ms, mfu 2.15%
iter 11867: loss 0.2283, time 446.41ms, mfu 2.09%
iter 11868: loss 0.1982, time 465.91ms, mfu 2.04%
iter 11869: loss 0.2678, time 358.45ms, mfu 2.03%
iter 11870: loss 0.2155, time 393.43ms, mfu 2.01%
iter 11871: loss 0.2251, time 346.91ms, mfu 2.01%
iter 11872: loss 0.2253, time 384.90ms, mfu 1.99%
iter 11873: loss 0.2058, time 397.93ms, mfu 1.97%
iter 11874: loss 0.2371, time 387.34ms, mfu 1.96%
iter 11875: loss 0.2132, time 329.59ms, mfu 1.98%
iter 11876: loss 0.2035, time 447.41ms, mfu 1.94%
iter 11877: loss 0.2246, time 290.18ms, mfu 1.99%
iter 11878: loss 0.2352, time 345.14ms, mfu 2.00%
iter 11879: loss 0.2195, time 372.29ms, mfu 1.99%
iter 11880: loss 0.2210, time 522.79ms, mfu 1.92%
iter 11881: loss 0.2124, time 371.55ms, mfu 1.92%
iter 11882: loss 0.2353, time 298.53ms, mfu 1.97%
iter 11883: loss 0.2325, time 291.41ms, mfu 2.01%
iter 11884: loss 0.2103, time 462.69ms, mfu 1.97%
iter 11885: loss 0.2588, time 311.99ms, mfu 2.00%
iter 11886: loss 0.1960, time 379.46ms, mfu 1.98%
iter 11887: loss 0.2263, time 313.65ms, mfu 2.01%
iter 11888: loss 0.1950, time 391.95ms, mfu 1.99%
iter 11889: loss 0.1886, time 433.13ms, mfu 1.96%
iter 11890: loss 0.2320, time 230.53ms, mfu 2.07%
iter 11891: loss 0.1895, time 506.42ms, mfu 2.00%
iter 11892: loss 0.2232, time 330.04ms, mfu 2.01%
iter 11893: loss 0.2455, time 399.71ms, mfu 1.99%
iter 11894: loss 0.2043, time 387.25ms, mfu 1.97%
iter 11895: loss 0.2081, time 345.74ms, mfu 1.98%
iter 11896: loss 0.2005, time 354.40ms, mfu 1.98%
iter 11897: loss 0.1954, time 445.04ms, mfu 1.94%
iter 11898: loss 0.1893, time 331.19ms, mfu 1.96%
iter 11899: loss 0.2588, time 379.71ms, mfu 1.95%
iter 11900: loss 0.2115, time 487.41ms, mfu 1.90%
  === DIAG iter 11900 ===
  loss: 0.2115
  grads: total 0.2190, transformer 0.1010, adapter 0.1943
  <NUM> input tokens: 693/3072 (22.6%)
  lr: 1.32e-04
  SME accuracy: overall 0.926, sign 0.955, exp 0.977, digit 0.900 [d0 0.909 d1 0.886 d2 0.920] (435 SME tokens)
iter 11901: loss 0.2078, time 174.68ms, mfu 2.12%
iter 11902: loss 0.2329, time 419.37ms, mfu 2.08%
iter 11903: loss 0.2234, time 317.18ms, mfu 2.09%
iter 11904: loss 0.1909, time 333.96ms, mfu 2.10%
iter 11905: loss 0.2212, time 297.99ms, mfu 2.12%
iter 11906: loss 0.2204, time 406.84ms, mfu 2.09%
iter 11907: loss 0.2316, time 320.61ms, mfu 2.10%
iter 11908: loss 0.2080, time 307.68ms, mfu 2.12%
iter 11909: loss 0.2273, time 286.77ms, mfu 2.15%
iter 11910: loss 0.2330, time 514.39ms, mfu 2.08%
iter 11911: loss 0.2071, time 370.99ms, mfu 2.06%
iter 11912: loss 0.2408, time 362.06ms, mfu 2.05%
iter 11913: loss 0.1961, time 307.50ms, mfu 2.08%
iter 11914: loss 0.2162, time 337.55ms, mfu 2.08%
iter 11915: loss 0.2251, time 401.81ms, mfu 2.05%
iter 11916: loss 0.2087, time 574.65ms, mfu 1.96%
iter 11917: loss 0.1971, time 320.22ms, mfu 1.99%
iter 11918: loss 0.2073, time 374.30ms, mfu 1.98%
iter 11919: loss 0.2179, time 378.62ms, mfu 1.97%
iter 11920: loss 0.2126, time 305.52ms, mfu 2.00%
iter 11921: loss 0.2042, time 453.32ms, mfu 1.96%
iter 11922: loss 0.2069, time 378.34ms, mfu 1.95%
iter 11923: loss 0.1977, time 228.27ms, mfu 2.07%
iter 11924: loss 0.1828, time 495.44ms, mfu 2.00%
iter 11925: loss 0.2173, time 383.10ms, mfu 1.99%
iter 11926: loss 0.2431, time 364.61ms, mfu 1.98%
iter 11927: loss 0.2134, time 296.50ms, mfu 2.02%
iter 11928: loss 0.1869, time 298.12ms, mfu 2.06%
iter 11929: loss 0.2215, time 438.39ms, mfu 2.02%
iter 11930: loss 0.2038, time 540.02ms, mfu 1.94%
iter 11931: loss 0.2480, time 193.57ms, mfu 2.12%
iter 11932: loss 0.2122, time 393.46ms, mfu 2.09%
iter 11933: loss 0.2166, time 330.98ms, mfu 2.09%
iter 11934: loss 0.2344, time 290.25ms, mfu 2.13%
iter 11935: loss 0.2099, time 361.86ms, mfu 2.11%
iter 11936: loss 0.2217, time 415.21ms, mfu 2.07%
iter 11937: loss 0.2128, time 392.41ms, mfu 2.04%
iter 11938: loss 0.2114, time 371.88ms, mfu 2.03%
iter 11939: loss 0.2204, time 336.85ms, mfu 2.04%
iter 11940: loss 0.2234, time 334.44ms, mfu 2.04%
iter 11941: loss 0.1868, time 395.93ms, mfu 2.02%
iter 11942: loss 0.2164, time 250.68ms, mfu 2.10%
iter 11943: loss 0.2140, time 508.12ms, mfu 2.03%
iter 11944: loss 0.2144, time 331.67ms, mfu 2.04%
iter 11945: loss 0.2277, time 338.45ms, mfu 2.05%
iter 11946: loss 0.2140, time 388.77ms, mfu 2.02%
iter 11947: loss 0.2361, time 372.34ms, mfu 2.01%
iter 11948: loss 0.2198, time 398.32ms, mfu 1.99%
iter 11949: loss 0.2010, time 281.17ms, mfu 2.04%
iter 11950: loss 0.2313, time 348.53ms, mfu 2.04%
iter 11951: loss 0.2224, time 366.40ms, mfu 2.03%
iter 11952: loss 0.1930, time 389.85ms, mfu 2.01%
iter 11953: loss 0.2239, time 362.42ms, mfu 2.00%
iter 11954: loss 0.1953, time 482.76ms, mfu 1.95%
iter 11955: loss 0.2020, time 385.65ms, mfu 1.94%
iter 11956: loss 0.2004, time 308.80ms, mfu 1.97%
iter 11957: loss 0.1859, time 464.04ms, mfu 1.93%
iter 11958: loss 0.2474, time 260.36ms, mfu 2.01%
iter 11959: loss 0.2268, time 335.76ms, mfu 2.02%
iter 11960: loss 0.2113, time 302.81ms, mfu 2.05%
iter 11961: loss 0.2147, time 463.69ms, mfu 2.00%
iter 11962: loss 0.2272, time 376.98ms, mfu 1.99%
iter 11963: loss 0.2131, time 276.96ms, mfu 2.04%
iter 11964: loss 0.2251, time 473.51ms, mfu 1.99%
iter 11965: loss 0.2001, time 410.63ms, mfu 1.96%
iter 11966: loss 0.2051, time 400.80ms, mfu 1.94%
iter 11967: loss 0.2200, time 480.43ms, mfu 1.90%
iter 11968: loss 0.2602, time 381.68ms, mfu 1.89%
iter 11969: loss 0.1931, time 473.01ms, mfu 1.85%
iter 11970: loss 0.1930, time 332.08ms, mfu 1.88%
iter 11971: loss 0.2140, time 503.63ms, mfu 1.83%
iter 11972: loss 0.2231, time 339.51ms, mfu 1.86%
iter 11973: loss 0.2049, time 432.45ms, mfu 1.84%
iter 11974: loss 0.1950, time 296.04ms, mfu 1.89%
iter 11975: loss 0.2266, time 432.56ms, mfu 1.87%
iter 11976: loss 0.2214, time 442.57ms, mfu 1.84%
iter 11977: loss 0.1991, time 385.44ms, mfu 1.84%
iter 11978: loss 0.2175, time 243.37ms, mfu 1.95%
iter 11979: loss 0.2337, time 353.30ms, mfu 1.95%
iter 11980: loss 0.2080, time 347.27ms, mfu 1.96%
iter 11981: loss 0.2474, time 355.01ms, mfu 1.97%
iter 11982: loss 0.2189, time 253.03ms, mfu 2.05%
iter 11983: loss 0.2245, time 403.55ms, mfu 2.02%
iter 11984: loss 0.2242, time 344.21ms, mfu 2.02%
iter 11985: loss 0.2166, time 359.89ms, mfu 2.02%
iter 11986: loss 0.2063, time 398.84ms, mfu 1.99%
iter 11987: loss 0.1978, time 341.88ms, mfu 2.00%
iter 11988: loss 0.2311, time 380.25ms, mfu 1.99%
iter 11989: loss 0.2278, time 275.31ms, mfu 2.05%
iter 11990: loss 0.2134, time 323.12ms, mfu 2.06%
iter 11991: loss 0.2266, time 452.10ms, mfu 2.01%
iter 11992: loss 0.1998, time 429.34ms, mfu 1.98%
iter 11993: loss 0.2373, time 350.47ms, mfu 1.98%
iter 11994: loss 0.1996, time 303.41ms, mfu 2.02%
iter 11995: loss 0.2020, time 273.71ms, mfu 2.07%
iter 11996: loss 0.2184, time 352.84ms, mfu 2.07%
iter 11997: loss 0.1900, time 447.88ms, mfu 2.02%
iter 11998: loss 0.2269, time 402.64ms, mfu 1.99%
iter 11999: loss 0.2383, time 308.14ms, mfu 2.02%
iter 12000: loss 0.2222, time 518.57ms, mfu 1.96%
  === DIAG iter 12000 ===
  loss: 0.2222
  grads: total 0.3172, transformer 0.1100, adapter 0.2975
  <NUM> input tokens: 695/3072 (22.6%)
  lr: 1.28e-04
  SME accuracy: overall 0.885, sign 0.959, exp 0.948, digit 0.840 [d0 0.865 d1 0.865 d2 0.833] (487 SME tokens)
  --- Sample eval (val) ---
  SUB: <735.621> - <-559> →
    target: 1290
    pred:   1290
    error:  0.00

  MAX: <-481.4> <120.8> <311> <-5> <-475.3> <-4> <2.008> <980.5> <-636.1> <5.8> <-184.95> <811.8> <4.802> <-469> →
    target: 980
    pred:   980
    error:  0.00

  COUNT: <100> <402.2> <-816> <0.04> <-482> <-7> <-616.5> <249> <155> <1.01> <-332.62> <814> →
    target: 11.9
    pred:   11.9
    error:  0.00

   →
    target: 15
    pred:   110
    error:  95.00

  S-E2D5D7D8
    target: -9.86 4 74 677 875 886 902
    pred:   -900 -0 2.7 125 705 993 908
    error:  890.14 4.00 71.30 552.00 170.00 107.00 6.00

iter 12001: loss 0.2362, time 286.14ms, mfu 2.01%
iter 12002: loss 0.2395, time 346.77ms, mfu 2.01%
iter 12003: loss 0.2111, time 362.14ms, mfu 2.01%
iter 12004: loss 0.2175, time 437.67ms, mfu 1.97%
iter 12005: loss 0.2247, time 423.76ms, mfu 1.94%
iter 12006: loss 0.2141, time 433.94ms, mfu 1.91%
iter 12007: loss 0.1886, time 358.96ms, mfu 1.92%
iter 12008: loss 0.2092, time 232.10ms, mfu 2.03%
iter 12009: loss 0.2410, time 366.47ms, mfu 2.02%
iter 12010: loss 0.2062, time 282.02ms, mfu 2.07%
iter 12011: loss 0.2088, time 318.11ms, mfu 2.08%
iter 12012: loss 0.2538, time 274.99ms, mfu 2.13%
iter 12013: loss 0.2430, time 674.60ms, mfu 2.03%
iter 12014: loss 0.2181, time 153.25ms, mfu 2.29%
iter 12015: loss 0.2166, time 493.35ms, mfu 2.20%
iter 12016: loss 0.2123, time 535.65ms, mfu 2.11%
iter 12017: loss 0.2278, time 398.04ms, mfu 2.08%
iter 12018: loss 0.1962, time 401.08ms, mfu 2.05%
iter 12019: loss 0.2152, time 312.28ms, mfu 2.07%
iter 12020: loss 0.2224, time 382.97ms, mfu 2.05%
iter 12021: loss 0.2043, time 261.62ms, mfu 2.11%
iter 12022: loss 0.2323, time 328.04ms, mfu 2.12%
iter 12023: loss 0.2102, time 359.01ms, mfu 2.10%
iter 12024: loss 0.2306, time 373.16ms, mfu 2.08%
iter 12025: loss 0.1997, time 213.64ms, mfu 2.21%
iter 12026: loss 0.2261, time 504.60ms, mfu 2.13%
iter 12027: loss 0.2257, time 407.68ms, mfu 2.09%
iter 12028: loss 0.2081, time 289.69ms, mfu 2.12%
iter 12029: loss 0.1830, time 395.98ms, mfu 2.09%
iter 12030: loss 0.1902, time 435.38ms, mfu 2.04%
iter 12031: loss 0.2238, time 288.44ms, mfu 2.09%
iter 12032: loss 0.2072, time 361.59ms, mfu 2.07%
iter 12033: loss 0.2047, time 456.68ms, mfu 2.02%
iter 12034: loss 0.2090, time 300.50ms, mfu 2.05%
iter 12035: loss 0.2106, time 471.92ms, mfu 2.00%
iter 12036: loss 0.2193, time 348.22ms, mfu 2.00%
iter 12037: loss 0.2070, time 385.85ms, mfu 1.99%
iter 12038: loss 0.2269, time 348.62ms, mfu 1.99%
iter 12039: loss 0.1971, time 399.52ms, mfu 1.97%
iter 12040: loss 0.2204, time 343.60ms, mfu 1.98%
iter 12041: loss 0.2130, time 291.76ms, mfu 2.02%
iter 12042: loss 0.2020, time 414.05ms, mfu 1.99%
iter 12043: loss 0.1952, time 247.25ms, mfu 2.08%
iter 12044: loss 0.2199, time 331.55ms, mfu 2.09%
iter 12045: loss 0.1979, time 265.95ms, mfu 2.14%
iter 12046: loss 0.2159, time 381.39ms, mfu 2.12%
iter 12047: loss 0.2023, time 372.85ms, mfu 2.09%
iter 12048: loss 0.2061, time 477.87ms, mfu 2.03%
iter 12049: loss 0.2297, time 472.38ms, mfu 1.98%
iter 12050: loss 0.1851, time 403.28ms, mfu 1.96%
iter 12051: loss 0.2214, time 348.89ms, mfu 1.96%
iter 12052: loss 0.2248, time 337.92ms, mfu 1.98%
iter 12053: loss 0.2231, time 302.83ms, mfu 2.01%
iter 12054: loss 0.2544, time 427.25ms, mfu 1.98%
iter 12055: loss 0.2180, time 388.57ms, mfu 1.96%
iter 12056: loss 0.2097, time 439.90ms, mfu 1.93%
iter 12057: loss 0.2175, time 268.74ms, mfu 2.00%
iter 12058: loss 0.2379, time 374.82ms, mfu 1.99%
iter 12059: loss 0.2378, time 341.53ms, mfu 2.00%
iter 12060: loss 0.2381, time 327.08ms, mfu 2.01%
iter 12061: loss 0.2199, time 321.62ms, mfu 2.03%
iter 12062: loss 0.2338, time 363.29ms, mfu 2.02%
iter 12063: loss 0.2347, time 314.51ms, mfu 2.05%
iter 12064: loss 0.2161, time 312.26ms, mfu 2.07%
iter 12065: loss 0.2503, time 455.30ms, mfu 2.02%
iter 12066: loss 0.2251, time 336.98ms, mfu 2.03%
iter 12067: loss 0.2069, time 375.28ms, mfu 2.01%
iter 12068: loss 0.2096, time 496.54ms, mfu 1.95%
iter 12069: loss 0.1928, time 457.71ms, mfu 1.91%
iter 12070: loss 0.2547, time 303.54ms, mfu 1.96%
iter 12071: loss 0.1898, time 510.67ms, mfu 1.90%
iter 12072: loss 0.2007, time 527.24ms, mfu 1.84%
iter 12073: loss 0.2225, time 403.31ms, mfu 1.83%
iter 12074: loss 0.1900, time 367.62ms, mfu 1.84%
iter 12075: loss 0.2549, time 560.14ms, mfu 1.79%
iter 12076: loss 0.2029, time 227.75ms, mfu 1.92%
iter 12077: loss 0.2344, time 315.81ms, mfu 1.95%
iter 12078: loss 0.2418, time 408.69ms, mfu 1.93%
iter 12079: loss 0.2370, time 360.12ms, mfu 1.93%
iter 12080: loss 0.2225, time 419.01ms, mfu 1.91%
iter 12081: loss 0.2229, time 230.39ms, mfu 2.03%
iter 12082: loss 0.2236, time 461.70ms, mfu 1.98%
iter 12083: loss 0.1870, time 462.54ms, mfu 1.93%
iter 12084: loss 0.1980, time 566.68ms, mfu 1.86%
iter 12085: loss 0.2231, time 407.90ms, mfu 1.85%
iter 12086: loss 0.2191, time 418.68ms, mfu 1.84%
iter 12087: loss 0.2154, time 371.40ms, mfu 1.84%
iter 12088: loss 0.2025, time 370.23ms, mfu 1.85%
iter 12089: loss 0.2143, time 287.06ms, mfu 1.91%
iter 12090: loss 0.2686, time 345.02ms, mfu 1.93%
iter 12091: loss 0.2224, time 428.47ms, mfu 1.90%
iter 12092: loss 0.2197, time 309.21ms, mfu 1.94%
iter 12093: loss 0.1908, time 384.57ms, mfu 1.93%
iter 12094: loss 0.2217, time 380.60ms, mfu 1.92%
iter 12095: loss 0.2013, time 252.45ms, mfu 2.01%
iter 12096: loss 0.1822, time 293.26ms, mfu 2.05%
iter 12097: loss 0.2207, time 251.75ms, mfu 2.13%
iter 12098: loss 0.2282, time 348.79ms, mfu 2.12%
iter 12099: loss 0.2284, time 369.16ms, mfu 2.10%
iter 12100: loss 0.2279, time 602.45ms, mfu 2.01%
  === DIAG iter 12100 ===
  loss: 0.2279
  grads: total 0.5372, transformer 0.1260, adapter 0.5222
  <NUM> input tokens: 638/3072 (20.8%)
  lr: 1.24e-04
  SME accuracy: overall 0.921, sign 0.980, exp 0.960, digit 0.888 [d0 0.910 d1 0.900 d2 0.870] (504 SME tokens)
iter 12101: loss 0.2230, time 209.36ms, mfu 2.14%
iter 12102: loss 0.2067, time 335.92ms, mfu 2.14%
iter 12103: loss 0.2280, time 330.80ms, mfu 2.14%
iter 12104: loss 0.2060, time 430.37ms, mfu 2.09%
iter 12105: loss 0.2224, time 341.80ms, mfu 2.09%
iter 12106: loss 0.2205, time 274.03ms, mfu 2.14%
iter 12107: loss 0.2288, time 517.22ms, mfu 2.06%
iter 12108: loss 0.2379, time 342.41ms, mfu 2.06%
iter 12109: loss 0.1919, time 312.57ms, mfu 2.08%
iter 12110: loss 0.1958, time 425.29ms, mfu 2.04%
iter 12111: loss 0.2061, time 289.25ms, mfu 2.08%
iter 12112: loss 0.2136, time 428.33ms, mfu 2.04%
iter 12113: loss 0.2369, time 370.03ms, mfu 2.03%
iter 12114: loss 0.1967, time 342.05ms, mfu 2.03%
iter 12115: loss 0.2201, time 378.39ms, mfu 2.02%
iter 12116: loss 0.2148, time 357.49ms, mfu 2.01%
iter 12117: loss 0.1990, time 279.02ms, mfu 2.07%
iter 12118: loss 0.2267, time 332.52ms, mfu 2.07%
iter 12119: loss 0.2360, time 297.46ms, mfu 2.10%
iter 12120: loss 0.2342, time 268.13ms, mfu 2.16%
iter 12121: loss 0.1971, time 351.13ms, mfu 2.14%
iter 12122: loss 0.2330, time 466.41ms, mfu 2.08%
iter 12123: loss 0.2427, time 475.72ms, mfu 2.02%
iter 12124: loss 0.2090, time 407.94ms, mfu 1.99%
iter 12125: loss 0.2170, time 391.26ms, mfu 1.98%
iter 12126: loss 0.2113, time 478.25ms, mfu 1.93%
iter 12127: loss 0.2279, time 320.22ms, mfu 1.95%
iter 12128: loss 0.2054, time 416.04ms, mfu 1.93%
iter 12129: loss 0.2324, time 346.06ms, mfu 1.94%
iter 12130: loss 0.2217, time 231.84ms, mfu 2.05%
iter 12131: loss 0.2350, time 447.73ms, mfu 2.01%
iter 12132: loss 0.2497, time 438.46ms, mfu 1.97%
iter 12133: loss 0.2097, time 385.60ms, mfu 1.95%
iter 12134: loss 0.2049, time 509.59ms, mfu 1.90%
iter 12135: loss 0.2181, time 442.77ms, mfu 1.87%
iter 12136: loss 0.2293, time 337.36ms, mfu 1.89%
iter 12137: loss 0.2060, time 405.56ms, mfu 1.88%
iter 12138: loss 0.2125, time 404.60ms, mfu 1.86%
iter 12139: loss 0.2263, time 368.23ms, mfu 1.87%
iter 12140: loss 0.1852, time 386.36ms, mfu 1.87%
iter 12141: loss 0.2239, time 433.26ms, mfu 1.84%
iter 12142: loss 0.2159, time 322.77ms, mfu 1.88%
iter 12143: loss 0.2219, time 398.33ms, mfu 1.87%
iter 12144: loss 0.2348, time 427.44ms, mfu 1.85%
iter 12145: loss 0.2028, time 314.09ms, mfu 1.89%
iter 12146: loss 0.1980, time 463.55ms, mfu 1.85%
iter 12147: loss 0.2132, time 403.76ms, mfu 1.84%
iter 12148: loss 0.2347, time 321.89ms, mfu 1.88%
iter 12149: loss 0.2042, time 504.14ms, mfu 1.83%
iter 12150: loss 0.2112, time 408.60ms, mfu 1.82%
iter 12151: loss 0.2267, time 432.68ms, mfu 1.80%
iter 12152: loss 0.2057, time 267.53ms, mfu 1.89%
iter 12153: loss 0.2035, time 388.52ms, mfu 1.88%
iter 12154: loss 0.2183, time 311.15ms, mfu 1.92%
iter 12155: loss 0.2120, time 303.29ms, mfu 1.96%
iter 12156: loss 0.2240, time 381.61ms, mfu 1.95%
iter 12157: loss 0.2367, time 326.55ms, mfu 1.97%
iter 12158: loss 0.2217, time 393.10ms, mfu 1.96%
iter 12159: loss 0.2137, time 324.26ms, mfu 1.98%
iter 12160: loss 0.2214, time 426.13ms, mfu 1.95%
iter 12161: loss 0.2523, time 270.99ms, mfu 2.01%
iter 12162: loss 0.2199, time 391.20ms, mfu 1.99%
iter 12163: loss 0.2087, time 448.40ms, mfu 1.95%
iter 12164: loss 0.2053, time 341.64ms, mfu 1.97%
iter 12165: loss 0.2024, time 398.29ms, mfu 1.95%
iter 12166: loss 0.2177, time 422.49ms, mfu 1.92%
iter 12167: loss 0.2347, time 395.47ms, mfu 1.91%
iter 12168: loss 0.2283, time 354.22ms, mfu 1.92%
iter 12169: loss 0.2380, time 401.43ms, mfu 1.90%
iter 12170: loss 0.1935, time 503.39ms, mfu 1.85%
iter 12171: loss 0.2031, time 362.70ms, mfu 1.86%
iter 12172: loss 0.2278, time 365.27ms, mfu 1.87%
iter 12173: loss 0.1981, time 417.76ms, mfu 1.85%
iter 12174: loss 0.2118, time 339.25ms, mfu 1.88%
iter 12175: loss 0.2508, time 309.46ms, mfu 1.92%
iter 12176: loss 0.2020, time 394.38ms, mfu 1.91%
iter 12177: loss 0.1895, time 388.12ms, mfu 1.90%
iter 12178: loss 0.2070, time 486.67ms, mfu 1.85%
iter 12179: loss 0.2354, time 323.25ms, mfu 1.89%
iter 12180: loss 0.1822, time 289.97ms, mfu 1.94%
iter 12181: loss 0.2314, time 516.07ms, mfu 1.89%
iter 12182: loss 0.2268, time 374.48ms, mfu 1.89%
iter 12183: loss 0.2266, time 409.30ms, mfu 1.87%
iter 12184: loss 0.2338, time 395.89ms, mfu 1.86%
iter 12185: loss 0.2404, time 328.11ms, mfu 1.89%
iter 12186: loss 0.2113, time 366.90ms, mfu 1.90%
iter 12187: loss 0.2276, time 315.68ms, mfu 1.93%
iter 12188: loss 0.1923, time 342.15ms, mfu 1.95%
iter 12189: loss 0.2014, time 360.16ms, mfu 1.95%
iter 12190: loss 0.2112, time 357.83ms, mfu 1.95%
iter 12191: loss 0.2460, time 435.24ms, mfu 1.92%
iter 12192: loss 0.1972, time 287.15ms, mfu 1.97%
iter 12193: loss 0.2430, time 357.97ms, mfu 1.97%
iter 12194: loss 0.2369, time 378.60ms, mfu 1.96%
iter 12195: loss 0.2220, time 268.55ms, mfu 2.03%
iter 12196: loss 0.2203, time 306.74ms, mfu 2.06%
iter 12197: loss 0.2202, time 338.04ms, mfu 2.06%
iter 12198: loss 0.2266, time 381.57ms, mfu 2.04%
iter 12199: loss 0.2330, time 370.10ms, mfu 2.03%
iter 12200: loss 0.2426, time 743.60ms, mfu 1.92%
  === DIAG iter 12200 ===
  loss: 0.2426
  grads: total 0.2005, transformer 0.0750, adapter 0.1859
  <NUM> input tokens: 639/3072 (20.8%)
  lr: 1.19e-04
  SME accuracy: overall 0.861, sign 0.954, exp 0.966, digit 0.797 [d0 0.805 d1 0.816 d2 0.816] (440 SME tokens)
iter 12201: loss 0.2100, time 212.15ms, mfu 2.06%
iter 12202: loss 0.2283, time 301.02ms, mfu 2.09%
iter 12203: loss 0.2069, time 359.77ms, mfu 2.08%
iter 12204: loss 0.2285, time 358.49ms, mfu 2.07%
iter 12205: loss 0.2327, time 392.18ms, mfu 2.04%
iter 12206: loss 0.2014, time 279.52ms, mfu 2.09%
iter 12207: loss 0.2241, time 361.46ms, mfu 2.08%
iter 12208: loss 0.2053, time 288.51ms, mfu 2.12%
iter 12209: loss 0.1803, time 488.36ms, mfu 2.05%
iter 12210: loss 0.2051, time 364.15ms, mfu 2.04%
iter 12211: loss 0.1995, time 232.28ms, mfu 2.14%
iter 12212: loss 0.2260, time 477.84ms, mfu 2.08%
iter 12213: loss 0.2083, time 449.87ms, mfu 2.03%
iter 12214: loss 0.1809, time 385.72ms, mfu 2.01%
iter 12215: loss 0.2178, time 331.93ms, mfu 2.02%
iter 12216: loss 0.2107, time 392.03ms, mfu 2.00%
iter 12217: loss 0.2408, time 351.33ms, mfu 2.00%
iter 12218: loss 0.2182, time 372.59ms, mfu 1.99%
iter 12219: loss 0.2130, time 344.99ms, mfu 2.00%
iter 12220: loss 0.1959, time 381.01ms, mfu 1.98%
iter 12221: loss 0.2304, time 362.80ms, mfu 1.98%
iter 12222: loss 0.2058, time 343.62ms, mfu 1.99%
iter 12223: loss 0.2241, time 402.81ms, mfu 1.97%
iter 12224: loss 0.2212, time 361.53ms, mfu 1.97%
iter 12225: loss 0.2166, time 297.84ms, mfu 2.01%
iter 12226: loss 0.2078, time 431.20ms, mfu 1.97%
iter 12227: loss 0.1915, time 392.58ms, mfu 1.95%
iter 12228: loss 0.2222, time 367.89ms, mfu 1.95%
iter 12229: loss 0.2250, time 355.03ms, mfu 1.96%
iter 12230: loss 0.2321, time 355.50ms, mfu 1.96%
iter 12231: loss 0.2083, time 426.66ms, mfu 1.93%
iter 12232: loss 0.1972, time 480.43ms, mfu 1.88%
iter 12233: loss 0.2044, time 394.82ms, mfu 1.88%
iter 12234: loss 0.2003, time 323.78ms, mfu 1.91%
iter 12235: loss 0.2070, time 265.55ms, mfu 1.98%
iter 12236: loss 0.1868, time 376.09ms, mfu 1.97%
iter 12237: loss 0.2278, time 398.06ms, mfu 1.95%
iter 12238: loss 0.2195, time 432.25ms, mfu 1.92%
iter 12239: loss 0.1901, time 326.86ms, mfu 1.95%
iter 12240: loss 0.1993, time 331.58ms, mfu 1.97%
iter 12241: loss 0.1995, time 340.35ms, mfu 1.98%
iter 12242: loss 0.2054, time 363.90ms, mfu 1.97%
iter 12243: loss 0.2140, time 387.61ms, mfu 1.96%
iter 12244: loss 0.2025, time 450.88ms, mfu 1.92%
iter 12245: loss 0.2128, time 397.46ms, mfu 1.91%
iter 12246: loss 0.2280, time 303.82ms, mfu 1.95%
iter 12247: loss 0.2045, time 444.83ms, mfu 1.91%
iter 12248: loss 0.2301, time 449.17ms, mfu 1.88%
iter 12249: loss 0.2215, time 490.66ms, mfu 1.84%
iter 12250: loss 0.2326, time 305.75ms, mfu 1.89%
iter 12251: loss 0.1969, time 427.93ms, mfu 1.86%
iter 12252: loss 0.2504, time 445.31ms, mfu 1.84%
iter 12253: loss 0.2217, time 343.33ms, mfu 1.86%
iter 12254: loss 0.2276, time 405.02ms, mfu 1.85%
iter 12255: loss 0.2088, time 354.50ms, mfu 1.86%
iter 12256: loss 0.1844, time 319.17ms, mfu 1.90%
iter 12257: loss 0.1833, time 319.68ms, mfu 1.93%
iter 12258: loss 0.2195, time 368.65ms, mfu 1.93%
iter 12259: loss 0.1888, time 452.82ms, mfu 1.89%
iter 12260: loss 0.2042, time 407.44ms, mfu 1.88%
iter 12261: loss 0.2140, time 424.68ms, mfu 1.86%
iter 12262: loss 0.2252, time 438.81ms, mfu 1.83%
iter 12263: loss 0.2488, time 291.50ms, mfu 1.89%
iter 12264: loss 0.2356, time 254.78ms, mfu 1.98%
iter 12265: loss 0.2083, time 349.42ms, mfu 1.99%
iter 12266: loss 0.2247, time 272.17ms, mfu 2.05%
iter 12267: loss 0.2335, time 421.35ms, mfu 2.01%
iter 12268: loss 0.1849, time 426.69ms, mfu 1.98%
iter 12269: loss 0.1915, time 308.71ms, mfu 2.01%
iter 12270: loss 0.2012, time 447.47ms, mfu 1.97%
iter 12271: loss 0.2154, time 400.04ms, mfu 1.95%
iter 12272: loss 0.2041, time 407.24ms, mfu 1.93%
iter 12273: loss 0.2172, time 321.19ms, mfu 1.95%
iter 12274: loss 0.2135, time 283.24ms, mfu 2.01%
iter 12275: loss 0.2441, time 538.55ms, mfu 1.94%
iter 12276: loss 0.2004, time 355.43ms, mfu 1.94%
iter 12277: loss 0.2324, time 486.23ms, mfu 1.90%
iter 12278: loss 0.1890, time 346.57ms, mfu 1.91%
iter 12279: loss 0.2344, time 426.83ms, mfu 1.89%
iter 12280: loss 0.2093, time 296.39ms, mfu 1.94%
iter 12281: loss 0.2096, time 230.64ms, mfu 2.05%
iter 12282: loss 0.1994, time 403.09ms, mfu 2.02%
iter 12283: loss 0.2117, time 429.43ms, mfu 1.98%
iter 12284: loss 0.2067, time 264.85ms, mfu 2.05%
iter 12285: loss 0.2530, time 466.24ms, mfu 2.00%
iter 12286: loss 0.2022, time 360.24ms, mfu 2.00%
iter 12287: loss 0.1970, time 482.85ms, mfu 1.94%
iter 12288: loss 0.1894, time 439.99ms, mfu 1.91%
iter 12289: loss 0.2038, time 400.53ms, mfu 1.90%
iter 12290: loss 0.2046, time 438.97ms, mfu 1.87%
iter 12291: loss 0.2175, time 397.24ms, mfu 1.86%
iter 12292: loss 0.2143, time 363.94ms, mfu 1.87%
iter 12293: loss 0.2127, time 287.33ms, mfu 1.93%
iter 12294: loss 0.2122, time 419.07ms, mfu 1.90%
iter 12295: loss 0.1999, time 327.68ms, mfu 1.93%
iter 12296: loss 0.1899, time 274.67ms, mfu 2.00%
iter 12297: loss 0.2327, time 367.88ms, mfu 1.99%
iter 12298: loss 0.2067, time 363.72ms, mfu 1.98%
iter 12299: loss 0.2170, time 327.26ms, mfu 2.00%
iter 12300: loss 0.2308, time 596.25ms, mfu 1.92%
  === DIAG iter 12300 ===
  loss: 0.2308
  grads: total 0.2730, transformer 0.0986, adapter 0.2545
  <NUM> input tokens: 671/3072 (21.8%)
  lr: 1.15e-04
  SME accuracy: overall 0.890, sign 0.969, exp 0.929, digit 0.850 [d0 0.825 d1 0.876 d2 0.856] (489 SME tokens)
iter 12301: loss 0.2095, time 175.67ms, mfu 2.13%
iter 12302: loss 0.1958, time 407.89ms, mfu 2.09%
iter 12303: loss 0.2245, time 346.48ms, mfu 2.09%
iter 12304: loss 0.2005, time 442.32ms, mfu 2.04%
iter 12305: loss 0.2203, time 400.29ms, mfu 2.01%
iter 12306: loss 0.2272, time 300.49ms, mfu 2.05%
iter 12307: loss 0.2349, time 427.28ms, mfu 2.01%
iter 12308: loss 0.2381, time 386.08ms, mfu 1.99%
iter 12309: loss 0.2516, time 386.23ms, mfu 1.98%
iter 12310: loss 0.2142, time 240.34ms, mfu 2.07%
iter 12311: loss 0.2444, time 410.51ms, mfu 2.04%
iter 12312: loss 0.2037, time 462.87ms, mfu 1.99%
iter 12313: loss 0.2196, time 325.83ms, mfu 2.01%
iter 12314: loss 0.2424, time 368.41ms, mfu 2.00%
iter 12315: loss 0.1922, time 296.65ms, mfu 2.04%
iter 12316: loss 0.2066, time 302.39ms, mfu 2.07%
iter 12317: loss 0.2062, time 304.44ms, mfu 2.09%
iter 12318: loss 0.2624, time 278.69ms, mfu 2.14%
iter 12319: loss 0.2137, time 344.91ms, mfu 2.13%
iter 12320: loss 0.2160, time 395.33ms, mfu 2.10%
iter 12321: loss 0.2014, time 484.11ms, mfu 2.03%
iter 12322: loss 0.2153, time 291.92ms, mfu 2.07%
iter 12323: loss 0.2212, time 433.84ms, mfu 2.03%
iter 12324: loss 0.1937, time 324.74ms, mfu 2.04%
iter 12325: loss 0.2471, time 348.38ms, mfu 2.04%
iter 12326: loss 0.2074, time 347.92ms, mfu 2.04%
iter 12327: loss 0.2067, time 512.80ms, mfu 1.98%
iter 12328: loss 0.2031, time 251.48ms, mfu 2.06%
iter 12329: loss 0.2121, time 334.64ms, mfu 2.07%
iter 12330: loss 0.1926, time 516.81ms, mfu 2.00%
iter 12331: loss 0.2137, time 405.25ms, mfu 1.97%
iter 12332: loss 0.2299, time 306.70ms, mfu 2.01%
iter 12333: loss 0.2361, time 273.06ms, mfu 2.06%
iter 12334: loss 0.2149, time 477.89ms, mfu 2.01%
iter 12335: loss 0.1934, time 361.75ms, mfu 2.00%
iter 12336: loss 0.1937, time 437.96ms, mfu 1.96%
iter 12337: loss 0.2260, time 480.30ms, mfu 1.91%
iter 12338: loss 0.1884, time 500.01ms, mfu 1.87%
iter 12339: loss 0.1836, time 245.67ms, mfu 1.97%
iter 12340: loss 0.2215, time 441.71ms, mfu 1.93%
iter 12341: loss 0.2054, time 358.48ms, mfu 1.94%
iter 12342: loss 0.2491, time 405.87ms, mfu 1.92%
iter 12343: loss 0.2059, time 296.79ms, mfu 1.96%
iter 12344: loss 0.1995, time 323.56ms, mfu 1.99%
iter 12345: loss 0.2377, time 343.84ms, mfu 1.99%
iter 12346: loss 0.1996, time 417.13ms, mfu 1.96%
iter 12347: loss 0.2097, time 350.86ms, mfu 1.97%
iter 12348: loss 0.2028, time 434.67ms, mfu 1.94%
iter 12349: loss 0.1984, time 396.18ms, mfu 1.92%
iter 12350: loss 0.1980, time 423.93ms, mfu 1.90%
iter 12351: loss 0.2187, time 275.99ms, mfu 1.96%
iter 12352: loss 0.2114, time 369.66ms, mfu 1.96%
iter 12353: loss 0.2141, time 521.50ms, mfu 1.90%
iter 12354: loss 0.2500, time 504.94ms, mfu 1.85%
iter 12355: loss 0.2189, time 390.71ms, mfu 1.85%
iter 12356: loss 0.2106, time 371.10ms, mfu 1.85%
iter 12357: loss 0.2012, time 447.89ms, mfu 1.83%
iter 12358: loss 0.2421, time 302.66ms, mfu 1.88%
iter 12359: loss 0.1955, time 317.35ms, mfu 1.91%
iter 12360: loss 0.2098, time 291.34ms, mfu 1.96%
iter 12361: loss 0.2018, time 376.81ms, mfu 1.96%
iter 12362: loss 0.2248, time 234.77ms, mfu 2.06%
iter 12363: loss 0.2335, time 377.94ms, mfu 2.04%
iter 12364: loss 0.2271, time 352.55ms, mfu 2.04%
iter 12365: loss 0.1969, time 342.30ms, mfu 2.04%
iter 12366: loss 0.2029, time 302.31ms, mfu 2.07%
iter 12367: loss 0.2257, time 373.36ms, mfu 2.06%
iter 12368: loss 0.2013, time 247.54ms, mfu 2.14%
iter 12369: loss 0.2298, time 363.41ms, mfu 2.12%
iter 12370: loss 0.2141, time 366.75ms, mfu 2.10%
iter 12371: loss 0.2372, time 249.67ms, mfu 2.17%
iter 12372: loss 0.2348, time 252.83ms, mfu 2.24%
iter 12373: loss 0.2434, time 356.30ms, mfu 2.21%
iter 12374: loss 0.1918, time 296.16ms, mfu 2.23%
iter 12375: loss 0.2070, time 296.04ms, mfu 2.25%
iter 12376: loss 0.2036, time 381.40ms, mfu 2.21%
iter 12377: loss 0.2056, time 401.26ms, mfu 2.16%
iter 12378: loss 0.1876, time 419.82ms, mfu 2.12%
iter 12379: loss 0.2015, time 307.02ms, mfu 2.14%
iter 12380: loss 0.2359, time 337.01ms, mfu 2.13%
iter 12381: loss 0.2246, time 373.30ms, mfu 2.11%
iter 12382: loss 0.2389, time 248.80ms, mfu 2.18%
iter 12383: loss 0.2208, time 510.44ms, mfu 2.10%
iter 12384: loss 0.2284, time 315.40ms, mfu 2.12%
iter 12385: loss 0.2063, time 426.51ms, mfu 2.07%
iter 12386: loss 0.2468, time 330.90ms, mfu 2.08%
iter 12387: loss 0.2208, time 339.38ms, mfu 2.08%
iter 12388: loss 0.2296, time 370.40ms, mfu 2.06%
iter 12389: loss 0.1975, time 390.03ms, mfu 2.04%
iter 12390: loss 0.2020, time 414.49ms, mfu 2.01%
iter 12391: loss 0.2060, time 317.32ms, mfu 2.03%
iter 12392: loss 0.2176, time 440.65ms, mfu 1.99%
iter 12393: loss 0.2054, time 328.76ms, mfu 2.00%
iter 12394: loss 0.2151, time 227.17ms, mfu 2.12%
iter 12395: loss 0.2097, time 351.15ms, mfu 2.11%
iter 12396: loss 0.2284, time 325.23ms, mfu 2.11%
iter 12397: loss 0.2429, time 481.22ms, mfu 2.05%
iter 12398: loss 0.2545, time 328.14ms, mfu 2.06%
iter 12399: loss 0.2537, time 434.65ms, mfu 2.02%
iter 12400: loss 0.2341, time 671.27ms, mfu 1.92%
  === DIAG iter 12400 ===
  loss: 0.2341
  grads: total 0.4244, transformer 0.1238, adapter 0.4059
  <NUM> input tokens: 648/3072 (21.1%)
  lr: 1.12e-04
  SME accuracy: overall 0.903, sign 0.981, exp 0.944, digit 0.863 [d0 0.879 d1 0.850 d2 0.860] (536 SME tokens)
iter 12401: loss 0.2259, time 226.67ms, mfu 2.04%
iter 12402: loss 0.2183, time 304.53ms, mfu 2.07%
iter 12403: loss 0.2334, time 397.68ms, mfu 2.04%
iter 12404: loss 0.2135, time 471.54ms, mfu 1.99%
iter 12405: loss 0.2107, time 354.49ms, mfu 1.99%
iter 12406: loss 0.2172, time 433.61ms, mfu 1.95%
iter 12407: loss 0.2105, time 325.14ms, mfu 1.98%
iter 12408: loss 0.2533, time 445.62ms, mfu 1.94%
iter 12409: loss 0.2204, time 377.84ms, mfu 1.93%
iter 12410: loss 0.1940, time 251.90ms, mfu 2.02%
iter 12411: loss 0.2219, time 321.47ms, mfu 2.04%
iter 12412: loss 0.2345, time 356.49ms, mfu 2.03%
iter 12413: loss 0.2012, time 316.49ms, mfu 2.05%
iter 12414: loss 0.2374, time 417.27ms, mfu 2.02%
iter 12415: loss 0.2167, time 348.14ms, mfu 2.02%
iter 12416: loss 0.2528, time 248.37ms, mfu 2.10%
iter 12417: loss 0.2284, time 400.73ms, mfu 2.07%
iter 12418: loss 0.2379, time 413.43ms, mfu 2.03%
iter 12419: loss 0.2210, time 376.49ms, mfu 2.02%
iter 12420: loss 0.1981, time 261.73ms, mfu 2.09%
iter 12421: loss 0.2185, time 426.68ms, mfu 2.05%
iter 12422: loss 0.2214, time 298.74ms, mfu 2.08%
iter 12423: loss 0.2059, time 451.28ms, mfu 2.03%
iter 12424: loss 0.1971, time 310.79ms, mfu 2.05%
iter 12425: loss 0.2263, time 464.33ms, mfu 2.00%
iter 12426: loss 0.2293, time 351.56ms, mfu 2.00%
iter 12427: loss 0.2040, time 481.24ms, mfu 1.95%
iter 12428: loss 0.2174, time 363.40ms, mfu 1.95%
iter 12429: loss 0.1957, time 320.89ms, mfu 1.97%
iter 12430: loss 0.2052, time 466.51ms, mfu 1.93%
iter 12431: loss 0.2187, time 326.25ms, mfu 1.95%
iter 12432: loss 0.1994, time 380.25ms, mfu 1.94%
iter 12433: loss 0.1870, time 338.57ms, mfu 1.96%
iter 12434: loss 0.2312, time 457.68ms, mfu 1.92%
iter 12435: loss 0.2077, time 395.45ms, mfu 1.91%
iter 12436: loss 0.2336, time 453.93ms, mfu 1.87%
iter 12437: loss 0.2053, time 273.61ms, mfu 1.94%
iter 12438: loss 0.2155, time 320.96ms, mfu 1.97%
iter 12439: loss 0.2232, time 371.10ms, mfu 1.96%
iter 12440: loss 0.2391, time 339.02ms, mfu 1.98%
iter 12441: loss 0.2004, time 399.45ms, mfu 1.96%
iter 12442: loss 0.2112, time 376.94ms, mfu 1.95%
iter 12443: loss 0.2415, time 421.90ms, mfu 1.92%
iter 12444: loss 0.2398, time 354.80ms, mfu 1.93%
iter 12445: loss 0.2028, time 293.48ms, mfu 1.98%
iter 12446: loss 0.2232, time 279.62ms, mfu 2.03%
iter 12447: loss 0.2228, time 355.80ms, mfu 2.03%
iter 12448: loss 0.2287, time 269.37ms, mfu 2.09%
iter 12449: loss 0.2018, time 421.80ms, mfu 2.05%
iter 12450: loss 0.1964, time 342.86ms, mfu 2.05%
iter 12451: loss 0.1936, time 421.40ms, mfu 2.01%
iter 12452: loss 0.2261, time 231.37ms, mfu 2.12%
iter 12453: loss 0.2073, time 436.99ms, mfu 2.07%
iter 12454: loss 0.2374, time 480.77ms, mfu 2.01%
iter 12455: loss 0.2171, time 375.10ms, mfu 2.00%
iter 12456: loss 0.1985, time 258.31ms, mfu 2.07%
iter 12457: loss 0.2225, time 296.82ms, mfu 2.10%
iter 12458: loss 0.2273, time 302.32ms, mfu 2.13%
iter 12459: loss 0.1921, time 347.76ms, mfu 2.12%
iter 12460: loss 0.2009, time 508.91ms, mfu 2.05%
iter 12461: loss 0.2037, time 328.13ms, mfu 2.06%
iter 12462: loss 0.2091, time 357.41ms, mfu 2.05%
iter 12463: loss 0.2029, time 337.95ms, mfu 2.05%
iter 12464: loss 0.2217, time 425.92ms, mfu 2.02%
iter 12465: loss 0.2057, time 377.69ms, mfu 2.00%
iter 12466: loss 0.1975, time 452.32ms, mfu 1.96%
iter 12467: loss 0.2173, time 401.33ms, mfu 1.94%
iter 12468: loss 0.1851, time 470.00ms, mfu 1.90%
iter 12469: loss 0.1980, time 409.02ms, mfu 1.88%
iter 12470: loss 0.2401, time 397.58ms, mfu 1.87%
iter 12471: loss 0.2290, time 358.95ms, mfu 1.88%
iter 12472: loss 0.2213, time 287.25ms, mfu 1.94%
iter 12473: loss 0.1996, time 463.06ms, mfu 1.90%
iter 12474: loss 0.2127, time 456.29ms, mfu 1.86%
iter 12475: loss 0.1924, time 258.51ms, mfu 1.95%
iter 12476: loss 0.2219, time 365.28ms, mfu 1.95%
iter 12477: loss 0.2299, time 455.68ms, mfu 1.91%
iter 12478: loss 0.2053, time 374.72ms, mfu 1.91%
iter 12479: loss 0.2237, time 398.92ms, mfu 1.90%
iter 12480: loss 0.2135, time 461.80ms, mfu 1.86%
iter 12481: loss 0.1979, time 271.44ms, mfu 1.93%
iter 12482: loss 0.2462, time 454.60ms, mfu 1.90%
iter 12483: loss 0.2253, time 332.65ms, mfu 1.92%
iter 12484: loss 0.2258, time 324.94ms, mfu 1.95%
iter 12485: loss 0.1914, time 412.01ms, mfu 1.92%
iter 12486: loss 0.2348, time 337.44ms, mfu 1.94%
iter 12487: loss 0.2275, time 350.01ms, mfu 1.95%
iter 12488: loss 0.1928, time 388.97ms, mfu 1.94%
iter 12489: loss 0.2193, time 270.20ms, mfu 2.01%
iter 12490: loss 0.2115, time 400.99ms, mfu 1.98%
iter 12491: loss 0.2057, time 572.74ms, mfu 1.91%
iter 12492: loss 0.1926, time 445.00ms, mfu 1.88%
iter 12493: loss 0.2087, time 332.83ms, mfu 1.90%
iter 12494: loss 0.2205, time 339.86ms, mfu 1.92%
iter 12495: loss 0.1984, time 284.39ms, mfu 1.98%
iter 12496: loss 0.2115, time 546.17ms, mfu 1.91%
iter 12497: loss 0.2276, time 447.36ms, mfu 1.88%
iter 12498: loss 0.2184, time 412.81ms, mfu 1.86%
iter 12499: loss 0.1998, time 428.31ms, mfu 1.84%
iter 12500: loss 0.1942, time 530.39ms, mfu 1.79%
  === DIAG iter 12500 ===
  loss: 0.1942
  grads: total 0.2812, transformer 0.1164, adapter 0.2559
  <NUM> input tokens: 604/3072 (19.7%)
  lr: 1.08e-04
  SME accuracy: overall 0.969, sign 0.989, exp 0.978, digit 0.960 [d0 0.989 d1 0.967 d2 0.945] (456 SME tokens)
iter 12501: loss 0.2322, time 174.87ms, mfu 2.02%
iter 12502: loss 0.2310, time 338.46ms, mfu 2.02%
iter 12503: loss 0.2227, time 489.09ms, mfu 1.97%
iter 12504: loss 0.2139, time 313.87ms, mfu 2.00%
iter 12505: loss 0.2017, time 345.01ms, mfu 2.00%
iter 12506: loss 0.2007, time 520.47ms, mfu 1.94%
iter 12507: loss 0.2305, time 383.56ms, mfu 1.93%
iter 12508: loss 0.2283, time 340.68ms, mfu 1.94%
iter 12509: loss 0.2154, time 444.44ms, mfu 1.91%
iter 12510: loss 0.2395, time 255.10ms, mfu 2.00%
iter 12511: loss 0.2582, time 406.97ms, mfu 1.97%
iter 12512: loss 0.2050, time 428.91ms, mfu 1.94%
iter 12513: loss 0.2151, time 300.70ms, mfu 1.98%
iter 12514: loss 0.2308, time 443.72ms, mfu 1.94%
iter 12515: loss 0.2269, time 368.52ms, mfu 1.94%
iter 12516: loss 0.2121, time 248.35ms, mfu 2.03%
iter 12517: loss 0.2091, time 245.20ms, mfu 2.12%
iter 12518: loss 0.1790, time 350.80ms, mfu 2.11%
iter 12519: loss 0.2609, time 406.71ms, mfu 2.07%
iter 12520: loss 0.2284, time 412.82ms, mfu 2.04%
iter 12521: loss 0.2314, time 248.36ms, mfu 2.12%
iter 12522: loss 0.2377, time 427.04ms, mfu 2.07%
iter 12523: loss 0.1902, time 365.10ms, mfu 2.06%
iter 12524: loss 0.2182, time 251.89ms, mfu 2.13%
iter 12525: loss 0.2012, time 519.55ms, mfu 2.06%
iter 12526: loss 0.2084, time 363.81ms, mfu 2.05%
iter 12527: loss 0.2352, time 424.78ms, mfu 2.01%
iter 12528: loss 0.2181, time 461.18ms, mfu 1.96%
iter 12529: loss 0.2304, time 399.84ms, mfu 1.94%
iter 12530: loss 0.1955, time 419.95ms, mfu 1.92%
iter 12531: loss 0.2282, time 475.05ms, mfu 1.87%
iter 12532: loss 0.2402, time 243.60ms, mfu 1.98%
iter 12533: loss 0.2165, time 314.46ms, mfu 2.01%
iter 12534: loss 0.2091, time 437.75ms, mfu 1.97%
iter 12535: loss 0.2150, time 502.14ms, mfu 1.91%
iter 12536: loss 0.2155, time 517.34ms, mfu 1.86%
iter 12537: loss 0.1897, time 402.54ms, mfu 1.85%
iter 12538: loss 0.2450, time 263.28ms, mfu 1.93%
iter 12539: loss 0.1894, time 362.19ms, mfu 1.93%
iter 12540: loss 0.2147, time 346.66ms, mfu 1.95%
iter 12541: loss 0.2113, time 344.63ms, mfu 1.96%
iter 12542: loss 0.2148, time 479.74ms, mfu 1.91%
iter 12543: loss 0.2181, time 330.10ms, mfu 1.93%
iter 12544: loss 0.2008, time 428.28ms, mfu 1.90%
iter 12545: loss 0.2066, time 359.04ms, mfu 1.91%
iter 12546: loss 0.2030, time 258.25ms, mfu 1.99%
iter 12547: loss 0.2250, time 456.37ms, mfu 1.95%
iter 12548: loss 0.1953, time 291.44ms, mfu 2.00%
iter 12549: loss 0.2008, time 417.24ms, mfu 1.97%
iter 12550: loss 0.2074, time 230.17ms, mfu 2.08%
iter 12551: loss 0.2269, time 330.85ms, mfu 2.09%
iter 12552: loss 0.2321, time 523.72ms, mfu 2.01%
iter 12553: loss 0.2473, time 377.15ms, mfu 2.00%
iter 12554: loss 0.2151, time 284.92ms, mfu 2.05%
iter 12555: loss 0.2084, time 278.41ms, mfu 2.10%
iter 12556: loss 0.2237, time 398.46ms, mfu 2.07%
iter 12557: loss 0.2180, time 395.68ms, mfu 2.04%
iter 12558: loss 0.2311, time 331.18ms, mfu 2.05%
iter 12559: loss 0.1825, time 480.30ms, mfu 1.99%
iter 12560: loss 0.2057, time 228.36ms, mfu 2.10%
iter 12561: loss 0.2182, time 370.71ms, mfu 2.08%
iter 12562: loss 0.2044, time 250.94ms, mfu 2.16%
iter 12563: loss 0.2156, time 348.26ms, mfu 2.15%
iter 12564: loss 0.1956, time 432.04ms, mfu 2.09%
iter 12565: loss 0.2151, time 361.35ms, mfu 2.08%
iter 12566: loss 0.2230, time 434.39ms, mfu 2.04%
iter 12567: loss 0.2062, time 582.45ms, mfu 1.95%
iter 12568: loss 0.2178, time 306.23ms, mfu 1.99%
iter 12569: loss 0.2256, time 396.13ms, mfu 1.97%
iter 12570: loss 0.2073, time 348.96ms, mfu 1.98%
iter 12571: loss 0.2042, time 392.82ms, mfu 1.96%
iter 12572: loss 0.2227, time 248.25ms, mfu 2.05%
iter 12573: loss 0.1998, time 284.08ms, mfu 2.09%
iter 12574: loss 0.1932, time 547.97ms, mfu 2.01%
iter 12575: loss 0.2067, time 405.02ms, mfu 1.99%
iter 12576: loss 0.2057, time 328.85ms, mfu 2.00%
iter 12577: loss 0.2230, time 427.32ms, mfu 1.97%
iter 12578: loss 0.2004, time 456.03ms, mfu 1.93%
iter 12579: loss 0.2367, time 358.57ms, mfu 1.93%
iter 12580: loss 0.2047, time 411.19ms, mfu 1.91%
iter 12581: loss 0.2082, time 329.71ms, mfu 1.94%
iter 12582: loss 0.1932, time 388.79ms, mfu 1.92%
iter 12583: loss 0.1713, time 297.17ms, mfu 1.97%
iter 12584: loss 0.2722, time 373.61ms, mfu 1.96%
iter 12585: loss 0.2038, time 459.92ms, mfu 1.92%
iter 12586: loss 0.2484, time 340.17ms, mfu 1.94%
iter 12587: loss 0.2262, time 286.20ms, mfu 1.99%
iter 12588: loss 0.2172, time 380.60ms, mfu 1.98%
iter 12589: loss 0.2284, time 307.39ms, mfu 2.01%
iter 12590: loss 0.2073, time 333.96ms, mfu 2.02%
iter 12591: loss 0.1982, time 413.98ms, mfu 1.99%
iter 12592: loss 0.2122, time 432.99ms, mfu 1.96%
iter 12593: loss 0.2012, time 391.43ms, mfu 1.94%
iter 12594: loss 0.2054, time 394.83ms, mfu 1.93%
iter 12595: loss 0.2389, time 319.61ms, mfu 1.96%
iter 12596: loss 0.2010, time 459.03ms, mfu 1.91%
iter 12597: loss 0.2254, time 343.27ms, mfu 1.93%
iter 12598: loss 0.1992, time 341.94ms, mfu 1.94%
iter 12599: loss 0.1918, time 337.72ms, mfu 1.96%
iter 12600: loss 0.2068, time 447.71ms, mfu 1.92%
  === DIAG iter 12600 ===
  loss: 0.2068
  grads: total 0.2747, transformer 0.1014, adapter 0.2553
  <NUM> input tokens: 666/3072 (21.7%)
  lr: 1.04e-04
  SME accuracy: overall 0.956, sign 0.992, exp 0.992, digit 0.932 [d0 0.961 d1 0.937 d2 0.906] (639 SME tokens)
iter 12601: loss 0.2074, time 174.98ms, mfu 2.13%
iter 12602: loss 0.2305, time 379.59ms, mfu 2.11%
iter 12603: loss 0.2034, time 319.99ms, mfu 2.12%
iter 12604: loss 0.2215, time 359.73ms, mfu 2.10%
iter 12605: loss 0.1818, time 435.06ms, mfu 2.06%
iter 12606: loss 0.1634, time 350.23ms, mfu 2.05%
iter 12607: loss 0.2043, time 475.48ms, mfu 2.00%
iter 12608: loss 0.2073, time 248.21ms, mfu 2.08%
iter 12609: loss 0.2241, time 401.01ms, mfu 2.05%
iter 12610: loss 0.2168, time 406.32ms, mfu 2.02%
iter 12611: loss 0.2071, time 390.69ms, mfu 2.00%
iter 12612: loss 0.2335, time 503.00ms, mfu 1.94%
iter 12613: loss 0.2364, time 343.88ms, mfu 1.95%
iter 12614: loss 0.1882, time 262.03ms, mfu 2.03%
iter 12615: loss 0.2083, time 281.65ms, mfu 2.08%
iter 12616: loss 0.2245, time 451.61ms, mfu 2.03%
iter 12617: loss 0.2275, time 347.71ms, mfu 2.03%
iter 12618: loss 0.2207, time 417.69ms, mfu 1.99%
iter 12619: loss 0.2199, time 388.70ms, mfu 1.98%
iter 12620: loss 0.2390, time 277.13ms, mfu 2.04%
iter 12621: loss 0.2227, time 268.34ms, mfu 2.10%
iter 12622: loss 0.2137, time 329.82ms, mfu 2.10%
iter 12623: loss 0.2047, time 549.78ms, mfu 2.02%
iter 12624: loss 0.2039, time 298.98ms, mfu 2.05%
iter 12625: loss 0.2390, time 376.57ms, mfu 2.04%
iter 12626: loss 0.2216, time 313.19ms, mfu 2.06%
iter 12627: loss 0.2099, time 478.47ms, mfu 2.00%
iter 12628: loss 0.2142, time 394.03ms, mfu 1.98%
iter 12629: loss 0.2004, time 431.84ms, mfu 1.95%
iter 12630: loss 0.1877, time 397.16ms, mfu 1.93%
iter 12631: loss 0.2515, time 325.34ms, mfu 1.96%
iter 12632: loss 0.2184, time 319.14ms, mfu 1.98%
iter 12633: loss 0.2292, time 501.82ms, mfu 1.93%
iter 12634: loss 0.2099, time 461.75ms, mfu 1.89%
iter 12635: loss 0.1753, time 297.38ms, mfu 1.94%
iter 12636: loss 0.2069, time 527.71ms, mfu 1.88%
iter 12637: loss 0.2240, time 285.11ms, mfu 1.94%
iter 12638: loss 0.2357, time 324.28ms, mfu 1.96%
iter 12639: loss 0.2254, time 342.80ms, mfu 1.97%
iter 12640: loss 0.2087, time 302.83ms, mfu 2.01%
iter 12641: loss 0.1871, time 279.02ms, mfu 2.06%
iter 12642: loss 0.2365, time 432.20ms, mfu 2.02%
iter 12643: loss 0.2053, time 376.28ms, mfu 2.01%
iter 12644: loss 0.2442, time 428.28ms, mfu 1.97%
iter 12645: loss 0.2210, time 447.69ms, mfu 1.93%
iter 12646: loss 0.1925, time 507.86ms, mfu 1.88%
iter 12647: loss 0.2026, time 355.97ms, mfu 1.89%
iter 12648: loss 0.2268, time 378.11ms, mfu 1.89%
iter 12649: loss 0.2015, time 386.26ms, mfu 1.88%
iter 12650: loss 0.2283, time 425.16ms, mfu 1.86%
iter 12651: loss 0.2390, time 350.91ms, mfu 1.88%
iter 12652: loss 0.2077, time 375.03ms, mfu 1.88%
iter 12653: loss 0.2184, time 416.41ms, mfu 1.86%
iter 12654: loss 0.2017, time 264.75ms, mfu 1.94%
iter 12655: loss 0.1908, time 504.32ms, mfu 1.89%
iter 12656: loss 0.2078, time 504.00ms, mfu 1.84%
iter 12657: loss 0.2569, time 361.49ms, mfu 1.85%
iter 12658: loss 0.2407, time 370.94ms, mfu 1.86%
iter 12659: loss 0.2229, time 446.91ms, mfu 1.83%
iter 12660: loss 0.2033, time 297.42ms, mfu 1.89%
iter 12661: loss 0.2023, time 384.69ms, mfu 1.88%
iter 12662: loss 0.2291, time 437.25ms, mfu 1.86%
iter 12663: loss 0.2325, time 235.84ms, mfu 1.97%
iter 12664: loss 0.2089, time 392.48ms, mfu 1.95%
iter 12665: loss 0.2228, time 310.45ms, mfu 1.99%
iter 12666: loss 0.2095, time 304.89ms, mfu 2.02%
iter 12667: loss 0.2093, time 360.23ms, mfu 2.02%
iter 12668: loss 0.2037, time 474.51ms, mfu 1.96%
iter 12669: loss 0.2216, time 504.53ms, mfu 1.91%
iter 12670: loss 0.2249, time 387.27ms, mfu 1.90%
iter 12671: loss 0.2199, time 371.13ms, mfu 1.90%
iter 12672: loss 0.1977, time 402.35ms, mfu 1.89%
iter 12673: loss 0.2106, time 290.86ms, mfu 1.94%
iter 12674: loss 0.1832, time 262.12ms, mfu 2.02%
iter 12675: loss 0.2012, time 310.68ms, mfu 2.04%
iter 12676: loss 0.2403, time 372.69ms, mfu 2.03%
iter 12677: loss 0.2271, time 393.58ms, mfu 2.01%
iter 12678: loss 0.2330, time 322.37ms, mfu 2.03%
iter 12679: loss 0.2161, time 310.35ms, mfu 2.05%
iter 12680: loss 0.2128, time 436.69ms, mfu 2.01%
iter 12681: loss 0.2426, time 463.56ms, mfu 1.96%
iter 12682: loss 0.2216, time 364.74ms, mfu 1.96%
iter 12683: loss 0.1910, time 269.26ms, mfu 2.03%
iter 12684: loss 0.1591, time 246.61ms, mfu 2.11%
iter 12685: loss 0.2242, time 453.36ms, mfu 2.06%
iter 12686: loss 0.2111, time 306.99ms, mfu 2.08%
iter 12687: loss 0.2034, time 403.27ms, mfu 2.05%
iter 12688: loss 0.2122, time 339.53ms, mfu 2.05%
iter 12689: loss 0.1951, time 317.14ms, mfu 2.07%
iter 12690: loss 0.1978, time 314.43ms, mfu 2.09%
iter 12691: loss 0.2367, time 309.31ms, mfu 2.11%
iter 12692: loss 0.2048, time 263.13ms, mfu 2.17%
iter 12693: loss 0.2111, time 352.47ms, mfu 2.15%
iter 12694: loss 0.1908, time 314.54ms, mfu 2.16%
iter 12695: loss 0.2228, time 348.32ms, mfu 2.15%
iter 12696: loss 0.1967, time 369.35ms, mfu 2.13%
iter 12697: loss 0.2367, time 391.41ms, mfu 2.09%
iter 12698: loss 0.2297, time 245.61ms, mfu 2.17%
iter 12699: loss 0.2348, time 260.99ms, mfu 2.23%
iter 12700: loss 0.2329, time 540.56ms, mfu 2.14%
  === DIAG iter 12700 ===
  loss: 0.2329
  grads: total 0.6371, transformer 0.1791, adapter 0.6114
  <NUM> input tokens: 673/3072 (21.9%)
  lr: 1.01e-04
  SME accuracy: overall 0.863, sign 0.977, exp 0.932, digit 0.802 [d0 0.830 d1 0.807 d2 0.795] (444 SME tokens)
iter 12701: loss 0.2153, time 186.43ms, mfu 2.30%
iter 12702: loss 0.2058, time 536.17ms, mfu 2.20%
iter 12703: loss 0.2148, time 345.61ms, mfu 2.19%
iter 12704: loss 0.1891, time 446.28ms, mfu 2.13%
iter 12705: loss 0.2185, time 383.67ms, mfu 2.10%
iter 12706: loss 0.2335, time 386.53ms, mfu 2.07%
iter 12707: loss 0.2233, time 253.40ms, mfu 2.15%
iter 12708: loss 0.2127, time 405.35ms, mfu 2.11%
iter 12709: loss 0.1934, time 402.64ms, mfu 2.07%
iter 12710: loss 0.2364, time 444.52ms, mfu 2.02%
iter 12711: loss 0.1986, time 272.33ms, mfu 2.08%
iter 12712: loss 0.2150, time 417.53ms, mfu 2.04%
iter 12713: loss 0.2058, time 499.15ms, mfu 1.98%
iter 12714: loss 0.2267, time 551.34ms, mfu 1.91%
iter 12715: loss 0.2366, time 389.84ms, mfu 1.90%
iter 12716: loss 0.2190, time 565.47ms, mfu 1.84%
iter 12717: loss 0.2436, time 467.72ms, mfu 1.81%
iter 12718: loss 0.1936, time 518.22ms, mfu 1.76%
iter 12719: loss 0.2408, time 338.01ms, mfu 1.79%
iter 12720: loss 0.2593, time 430.03ms, mfu 1.78%
iter 12721: loss 0.2187, time 414.25ms, mfu 1.77%
iter 12722: loss 0.1908, time 324.07ms, mfu 1.81%
iter 12723: loss 0.2095, time 367.62ms, mfu 1.83%
iter 12724: loss 0.2006, time 433.63ms, mfu 1.81%
iter 12725: loss 0.2171, time 298.55ms, mfu 1.86%
iter 12726: loss 0.2168, time 391.55ms, mfu 1.86%
iter 12727: loss 0.1955, time 373.01ms, mfu 1.86%
iter 12728: loss 0.2138, time 313.74ms, mfu 1.90%
iter 12729: loss 0.2231, time 435.49ms, mfu 1.87%
iter 12730: loss 0.2034, time 387.50ms, mfu 1.87%
iter 12731: loss 0.2407, time 443.76ms, mfu 1.84%
iter 12732: loss 0.1989, time 300.73ms, mfu 1.89%
iter 12733: loss 0.2293, time 276.66ms, mfu 1.96%
iter 12734: loss 0.2171, time 305.15ms, mfu 2.00%
iter 12735: loss 0.2213, time 419.42ms, mfu 1.97%
iter 12736: loss 0.2124, time 304.95ms, mfu 2.00%
iter 12737: loss 0.2239, time 338.58ms, mfu 2.01%
iter 12738: loss 0.1969, time 432.10ms, mfu 1.97%
iter 12739: loss 0.2316, time 369.53ms, mfu 1.97%
iter 12740: loss 0.2206, time 418.89ms, mfu 1.94%
iter 12741: loss 0.2035, time 381.62ms, mfu 1.93%
iter 12742: loss 0.2203, time 455.91ms, mfu 1.89%
iter 12743: loss 0.2046, time 340.31ms, mfu 1.91%
iter 12744: loss 0.2283, time 351.04ms, mfu 1.92%
iter 12745: loss 0.2177, time 282.01ms, mfu 1.98%
iter 12746: loss 0.2135, time 362.93ms, mfu 1.98%
iter 12747: loss 0.2060, time 340.17ms, mfu 1.99%
iter 12748: loss 0.2319, time 387.03ms, mfu 1.97%
iter 12749: loss 0.1891, time 460.67ms, mfu 1.93%
iter 12750: loss 0.2150, time 270.53ms, mfu 2.00%
iter 12751: loss 0.2264, time 412.50ms, mfu 1.97%
iter 12752: loss 0.2070, time 407.47ms, mfu 1.95%
iter 12753: loss 0.2154, time 380.57ms, mfu 1.94%
iter 12754: loss 0.2061, time 238.46ms, mfu 2.04%
iter 12755: loss 0.2401, time 419.67ms, mfu 2.01%
iter 12756: loss 0.2083, time 277.11ms, mfu 2.06%
iter 12757: loss 0.2369, time 299.02ms, mfu 2.09%
iter 12758: loss 0.2106, time 533.03ms, mfu 2.02%
iter 12759: loss 0.1921, time 229.79ms, mfu 2.12%
iter 12760: loss 0.2286, time 349.32ms, mfu 2.11%
iter 12761: loss 0.1991, time 574.09ms, mfu 2.03%
iter 12762: loss 0.2308, time 392.77ms, mfu 2.00%
iter 12763: loss 0.2170, time 458.57ms, mfu 1.96%
iter 12764: loss 0.2057, time 275.52ms, mfu 2.02%
iter 12765: loss 0.2265, time 416.64ms, mfu 1.99%
iter 12766: loss 0.2197, time 285.48ms, mfu 2.04%
iter 12767: loss 0.1978, time 248.71ms, mfu 2.12%
iter 12768: loss 0.2141, time 451.90ms, mfu 2.06%
iter 12769: loss 0.2050, time 380.77ms, mfu 2.04%
iter 12770: loss 0.1859, time 225.21ms, mfu 2.15%
iter 12771: loss 0.2074, time 331.88ms, mfu 2.15%
iter 12772: loss 0.2293, time 330.72ms, mfu 2.15%
iter 12773: loss 0.1917, time 393.41ms, mfu 2.12%
iter 12774: loss 0.2063, time 396.60ms, mfu 2.08%
iter 12775: loss 0.2467, time 227.65ms, mfu 2.19%
iter 12776: loss 0.1881, time 443.88ms, mfu 2.13%
iter 12777: loss 0.1933, time 411.53ms, mfu 2.09%
iter 12778: loss 0.2637, time 257.22ms, mfu 2.15%
iter 12779: loss 0.2013, time 380.49ms, mfu 2.12%
iter 12780: loss 0.1919, time 578.04ms, mfu 2.03%
iter 12781: loss 0.2072, time 467.30ms, mfu 1.98%
iter 12782: loss 0.1981, time 329.35ms, mfu 2.00%
iter 12783: loss 0.1904, time 305.91ms, mfu 2.03%
iter 12784: loss 0.2013, time 506.85ms, mfu 1.97%
iter 12785: loss 0.2339, time 251.14ms, mfu 2.05%
iter 12786: loss 0.2101, time 410.16ms, mfu 2.02%
iter 12787: loss 0.2204, time 389.88ms, mfu 2.00%
iter 12788: loss 0.2616, time 331.34ms, mfu 2.01%
iter 12789: loss 0.2138, time 346.60ms, mfu 2.02%
iter 12790: loss 0.1958, time 321.77ms, mfu 2.04%
iter 12791: loss 0.2239, time 312.70ms, mfu 2.06%
iter 12792: loss 0.2163, time 470.49ms, mfu 2.00%
iter 12793: loss 0.2005, time 443.98ms, mfu 1.96%
iter 12794: loss 0.1990, time 377.06ms, mfu 1.95%
iter 12795: loss 0.2068, time 241.91ms, mfu 2.05%
iter 12796: loss 0.1883, time 415.06ms, mfu 2.02%
iter 12797: loss 0.2134, time 338.99ms, mfu 2.03%
iter 12798: loss 0.1845, time 300.74ms, mfu 2.06%
iter 12799: loss 0.2307, time 299.90ms, mfu 2.09%
iter 12800: loss 0.2350, time 415.30ms, mfu 2.05%
  === DIAG iter 12800 ===
  loss: 0.2350
  grads: total 0.2615, transformer 0.0942, adapter 0.2440
  <NUM> input tokens: 617/3072 (20.1%)
  lr: 9.73e-05
  SME accuracy: overall 0.889, sign 0.989, exp 0.977, digit 0.827 [d0 0.841 d1 0.830 d2 0.830] (434 SME tokens)
iter 12801: loss 0.2269, time 203.26ms, mfu 2.19%
iter 12802: loss 0.1796, time 503.23ms, mfu 2.12%
iter 12803: loss 0.2114, time 271.57ms, mfu 2.16%
iter 12804: loss 0.2389, time 317.55ms, mfu 2.17%
iter 12805: loss 0.2420, time 327.21ms, mfu 2.17%
iter 12806: loss 0.2080, time 442.41ms, mfu 2.11%
iter 12807: loss 0.2331, time 427.23ms, mfu 2.07%
iter 12808: loss 0.2447, time 371.06ms, mfu 2.05%
iter 12809: loss 0.2127, time 506.58ms, mfu 1.99%
iter 12810: loss 0.2147, time 358.84ms, mfu 1.99%
iter 12811: loss 0.2454, time 393.82ms, mfu 1.97%
iter 12812: loss 0.1841, time 479.81ms, mfu 1.92%
iter 12813: loss 0.2234, time 434.90ms, mfu 1.89%
iter 12814: loss 0.2025, time 302.50ms, mfu 1.93%
iter 12815: loss 0.2527, time 306.41ms, mfu 1.97%
iter 12816: loss 0.2324, time 382.37ms, mfu 1.96%
iter 12817: loss 0.2113, time 435.05ms, mfu 1.93%
iter 12818: loss 0.2381, time 512.95ms, mfu 1.87%
iter 12819: loss 0.2252, time 480.04ms, mfu 1.83%
iter 12820: loss 0.1855, time 394.40ms, mfu 1.83%
iter 12821: loss 0.2121, time 328.60ms, mfu 1.86%
iter 12822: loss 0.2228, time 386.19ms, mfu 1.86%
iter 12823: loss 0.2205, time 414.45ms, mfu 1.84%
iter 12824: loss 0.1784, time 240.33ms, mfu 1.96%
iter 12825: loss 0.2222, time 512.31ms, mfu 1.90%
iter 12826: loss 0.2464, time 464.33ms, mfu 1.86%
iter 12827: loss 0.2240, time 180.41ms, mfu 2.07%
iter 12828: loss 0.2123, time 310.87ms, mfu 2.09%
iter 12829: loss 0.2059, time 366.22ms, mfu 2.07%
iter 12830: loss 0.2377, time 417.83ms, mfu 2.04%
iter 12831: loss 0.2323, time 413.53ms, mfu 2.00%
iter 12832: loss 0.2164, time 393.67ms, mfu 1.98%
iter 12833: loss 0.2144, time 301.79ms, mfu 2.02%
iter 12834: loss 0.2037, time 438.86ms, mfu 1.98%
iter 12835: loss 0.2011, time 264.79ms, mfu 2.05%
iter 12836: loss 0.1944, time 351.75ms, mfu 2.05%
iter 12837: loss 0.1907, time 297.42ms, mfu 2.08%
iter 12838: loss 0.2355, time 395.62ms, mfu 2.05%
iter 12839: loss 0.1934, time 379.83ms, mfu 2.03%
iter 12840: loss 0.2046, time 387.36ms, mfu 2.01%
iter 12841: loss 0.2133, time 519.14ms, mfu 1.95%
iter 12842: loss 0.2519, time 468.19ms, mfu 1.90%
iter 12843: loss 0.1948, time 475.26ms, mfu 1.86%
iter 12844: loss 0.2119, time 350.46ms, mfu 1.88%
iter 12845: loss 0.1900, time 374.64ms, mfu 1.88%
iter 12846: loss 0.2058, time 374.05ms, mfu 1.88%
iter 12847: loss 0.2121, time 475.00ms, mfu 1.84%
iter 12848: loss 0.2069, time 330.97ms, mfu 1.87%
iter 12849: loss 0.1956, time 267.84ms, mfu 1.95%
iter 12850: loss 0.1795, time 434.11ms, mfu 1.92%
iter 12851: loss 0.1921, time 364.42ms, mfu 1.92%
iter 12852: loss 0.2067, time 499.90ms, mfu 1.87%
iter 12853: loss 0.2190, time 277.42ms, mfu 1.94%
iter 12854: loss 0.1923, time 505.93ms, mfu 1.88%
iter 12855: loss 0.2338, time 424.11ms, mfu 1.86%
iter 12856: loss 0.1946, time 371.72ms, mfu 1.87%
iter 12857: loss 0.2312, time 361.86ms, mfu 1.88%
iter 12858: loss 0.2094, time 270.83ms, mfu 1.95%
iter 12859: loss 0.2226, time 289.39ms, mfu 2.00%
iter 12860: loss 0.2340, time 267.31ms, mfu 2.07%
iter 12861: loss 0.1949, time 540.77ms, mfu 1.99%
iter 12862: loss 0.1988, time 318.55ms, mfu 2.01%
iter 12863: loss 0.1816, time 336.38ms, mfu 2.02%
iter 12864: loss 0.2377, time 440.18ms, mfu 1.98%
iter 12865: loss 0.2093, time 371.18ms, mfu 1.97%
iter 12866: loss 0.2158, time 347.73ms, mfu 1.98%
iter 12867: loss 0.2076, time 369.01ms, mfu 1.97%
iter 12868: loss 0.2295, time 310.08ms, mfu 2.01%
iter 12869: loss 0.2083, time 369.13ms, mfu 2.00%
iter 12870: loss 0.2041, time 394.08ms, mfu 1.98%
iter 12871: loss 0.2336, time 427.64ms, mfu 1.95%
iter 12872: loss 0.2261, time 316.56ms, mfu 1.97%
iter 12873: loss 0.2154, time 319.32ms, mfu 2.00%
iter 12874: loss 0.1976, time 328.95ms, mfu 2.01%
iter 12875: loss 0.2214, time 506.47ms, mfu 1.95%
iter 12876: loss 0.2118, time 328.96ms, mfu 1.97%
iter 12877: loss 0.2067, time 352.41ms, mfu 1.98%
iter 12878: loss 0.2335, time 412.59ms, mfu 1.95%
iter 12879: loss 0.2375, time 455.62ms, mfu 1.91%
iter 12880: loss 0.2432, time 391.32ms, mfu 1.90%
iter 12881: loss 0.1991, time 252.62ms, mfu 1.99%
iter 12882: loss 0.2156, time 334.09ms, mfu 2.00%
iter 12883: loss 0.1857, time 314.73ms, mfu 2.03%
iter 12884: loss 0.2260, time 282.23ms, mfu 2.08%
iter 12885: loss 0.2179, time 484.32ms, mfu 2.02%
iter 12886: loss 0.2443, time 285.50ms, mfu 2.06%
iter 12887: loss 0.2205, time 351.88ms, mfu 2.06%
iter 12888: loss 0.2094, time 426.60ms, mfu 2.02%
iter 12889: loss 0.2156, time 414.55ms, mfu 1.99%
iter 12890: loss 0.2029, time 431.11ms, mfu 1.95%
iter 12891: loss 0.1998, time 312.33ms, mfu 1.98%
iter 12892: loss 0.1998, time 415.45ms, mfu 1.96%
iter 12893: loss 0.2092, time 381.69ms, mfu 1.95%
iter 12894: loss 0.2122, time 323.44ms, mfu 1.97%
iter 12895: loss 0.2542, time 456.54ms, mfu 1.93%
iter 12896: loss 0.2314, time 420.65ms, mfu 1.90%
iter 12897: loss 0.2167, time 307.02ms, mfu 1.95%
iter 12898: loss 0.2334, time 296.21ms, mfu 1.99%
iter 12899: loss 0.2031, time 321.52ms, mfu 2.01%
iter 12900: loss 0.2016, time 540.06ms, mfu 1.94%
  === DIAG iter 12900 ===
  loss: 0.2016
  grads: total 0.1829, transformer 0.0906, adapter 0.1589
  <NUM> input tokens: 660/3072 (21.5%)
  lr: 9.40e-05
  SME accuracy: overall 0.958, sign 0.990, exp 0.980, digit 0.940 [d0 0.941 d1 0.951 d2 0.912] (504 SME tokens)
iter 12901: loss 0.2096, time 163.80ms, mfu 2.18%
iter 12902: loss 0.1942, time 464.87ms, mfu 2.11%
iter 12903: loss 0.1802, time 323.26ms, mfu 2.12%
iter 12904: loss 0.2301, time 403.53ms, mfu 2.09%
iter 12905: loss 0.2345, time 372.82ms, mfu 2.07%
iter 12906: loss 0.2119, time 246.19ms, mfu 2.15%
iter 12907: loss 0.2301, time 384.94ms, mfu 2.12%
iter 12908: loss 0.2371, time 349.78ms, mfu 2.11%
iter 12909: loss 0.2193, time 348.66ms, mfu 2.10%
iter 12910: loss 0.2183, time 407.15ms, mfu 2.06%
iter 12911: loss 0.2039, time 401.08ms, mfu 2.04%
iter 12912: loss 0.2112, time 399.94ms, mfu 2.01%
iter 12913: loss 0.2037, time 477.08ms, mfu 1.96%
iter 12914: loss 0.1963, time 453.14ms, mfu 1.92%
iter 12915: loss 0.2003, time 514.12ms, mfu 1.86%
iter 12916: loss 0.2219, time 319.80ms, mfu 1.90%
iter 12917: loss 0.2231, time 366.41ms, mfu 1.90%
iter 12918: loss 0.2301, time 491.71ms, mfu 1.86%
iter 12919: loss 0.1974, time 462.24ms, mfu 1.82%
iter 12920: loss 0.2114, time 398.89ms, mfu 1.82%
iter 12921: loss 0.2204, time 290.97ms, mfu 1.88%
iter 12922: loss 0.2118, time 551.73ms, mfu 1.82%
iter 12923: loss 0.1948, time 437.59ms, mfu 1.80%
iter 12924: loss 0.1955, time 398.50ms, mfu 1.80%
iter 12925: loss 0.1834, time 416.76ms, mfu 1.79%
iter 12926: loss 0.2202, time 360.35ms, mfu 1.81%
iter 12927: loss 0.2396, time 499.93ms, mfu 1.77%
iter 12928: loss 0.2147, time 391.63ms, mfu 1.77%
iter 12929: loss 0.2439, time 320.94ms, mfu 1.82%
iter 12930: loss 0.2316, time 428.16ms, mfu 1.80%
iter 12931: loss 0.2456, time 241.19ms, mfu 1.91%
iter 12932: loss 0.2024, time 345.78ms, mfu 1.93%
iter 12933: loss 0.1970, time 352.46ms, mfu 1.94%
iter 12934: loss 0.2034, time 266.94ms, mfu 2.01%
iter 12935: loss 0.2448, time 335.24ms, mfu 2.02%
iter 12936: loss 0.1974, time 463.31ms, mfu 1.97%
iter 12937: loss 0.2071, time 313.46ms, mfu 2.00%
iter 12938: loss 0.2645, time 472.33ms, mfu 1.95%
iter 12939: loss 0.2083, time 390.48ms, mfu 1.94%
iter 12940: loss 0.1941, time 401.34ms, mfu 1.92%
iter 12941: loss 0.2172, time 305.89ms, mfu 1.96%
iter 12942: loss 0.2107, time 485.20ms, mfu 1.91%
iter 12943: loss 0.2285, time 233.51ms, mfu 2.02%
iter 12944: loss 0.1903, time 408.09ms, mfu 1.99%
iter 12945: loss 0.2187, time 335.04ms, mfu 2.00%
iter 12946: loss 0.2421, time 429.51ms, mfu 1.97%
iter 12947: loss 0.2087, time 328.50ms, mfu 1.99%
iter 12948: loss 0.2002, time 430.75ms, mfu 1.95%
iter 12949: loss 0.2135, time 422.75ms, mfu 1.93%
iter 12950: loss 0.2526, time 415.47ms, mfu 1.90%
iter 12951: loss 0.2167, time 310.79ms, mfu 1.94%
iter 12952: loss 0.2224, time 422.19ms, mfu 1.92%
iter 12953: loss 0.2178, time 407.49ms, mfu 1.90%
iter 12954: loss 0.2036, time 310.80ms, mfu 1.94%
iter 12955: loss 0.2167, time 431.73ms, mfu 1.91%
iter 12956: loss 0.1931, time 371.47ms, mfu 1.91%
iter 12957: loss 0.2143, time 337.08ms, mfu 1.93%
iter 12958: loss 0.2125, time 434.33ms, mfu 1.90%
iter 12959: loss 0.2052, time 410.09ms, mfu 1.88%
iter 12960: loss 0.2072, time 267.21ms, mfu 1.96%
iter 12961: loss 0.2310, time 244.54ms, mfu 2.05%
iter 12962: loss 0.2047, time 388.19ms, mfu 2.03%
iter 12963: loss 0.2108, time 322.38ms, mfu 2.05%
iter 12964: loss 0.2155, time 314.62ms, mfu 2.07%
iter 12965: loss 0.2076, time 451.16ms, mfu 2.02%
iter 12966: loss 0.2097, time 459.55ms, mfu 1.97%
iter 12967: loss 0.2151, time 457.26ms, mfu 1.93%
iter 12968: loss 0.2242, time 334.86ms, mfu 1.95%
iter 12969: loss 0.2124, time 472.91ms, mfu 1.90%
iter 12970: loss 0.2036, time 353.90ms, mfu 1.91%
iter 12971: loss 0.2362, time 250.54ms, mfu 2.00%
iter 12972: loss 0.2327, time 439.61ms, mfu 1.96%
iter 12973: loss 0.2261, time 388.62ms, mfu 1.95%
iter 12974: loss 0.2041, time 404.77ms, mfu 1.93%
iter 12975: loss 0.2805, time 346.85ms, mfu 1.94%
iter 12976: loss 0.1974, time 311.06ms, mfu 1.98%
iter 12977: loss 0.2020, time 420.84ms, mfu 1.95%
iter 12978: loss 0.2115, time 495.54ms, mfu 1.89%
iter 12979: loss 0.2178, time 300.82ms, mfu 1.94%
iter 12980: loss 0.2056, time 349.71ms, mfu 1.95%
iter 12981: loss 0.2018, time 266.45ms, mfu 2.02%
iter 12982: loss 0.2416, time 275.39ms, mfu 2.08%
iter 12983: loss 0.1817, time 415.57ms, mfu 2.04%
iter 12984: loss 0.2074, time 453.53ms, mfu 1.99%
iter 12985: loss 0.2328, time 493.76ms, mfu 1.94%
iter 12986: loss 0.2436, time 394.68ms, mfu 1.92%
iter 12987: loss 0.2108, time 258.16ms, mfu 2.00%
iter 12988: loss 0.2043, time 435.34ms, mfu 1.97%
iter 12989: loss 0.2233, time 496.36ms, mfu 1.91%
iter 12990: loss 0.2230, time 283.12ms, mfu 1.97%
iter 12991: loss 0.1952, time 348.69ms, mfu 1.98%
iter 12992: loss 0.2089, time 250.55ms, mfu 2.06%
iter 12993: loss 0.2206, time 427.07ms, mfu 2.02%
iter 12994: loss 0.2144, time 406.55ms, mfu 1.99%
iter 12995: loss 0.2111, time 413.84ms, mfu 1.97%
iter 12996: loss 0.1849, time 419.35ms, mfu 1.94%
iter 12997: loss 0.2089, time 374.46ms, mfu 1.93%
iter 12998: loss 0.2005, time 417.62ms, mfu 1.91%
iter 12999: loss 0.2161, time 298.53ms, mfu 1.96%
iter 13000: loss 0.1912, time 507.74ms, mfu 1.90%
  === DIAG iter 13000 ===
  loss: 0.1912
  grads: total 0.3851, transformer 0.1078, adapter 0.3697
  <NUM> input tokens: 658/3072 (21.4%)
  lr: 9.09e-05
  SME accuracy: overall 0.982, sign 1.000, exp 0.989, digit 0.973 [d0 1.000 d1 0.977 d2 0.943] (437 SME tokens)
  --- Sample eval (val) ---
  MIN: <95> <-427.77> <731> <2.9801> <-378> <736.3> <-157> <55> <531.4> <83> <160.27> <7> →
    target: -427
    pred:   -427
    error:  0.00

  COUNT: <958> <3.19> <1.87> <9> <719.189> <-333> <0> <287> <-912> <6.9> <354> <346.49> <186.245> <3.3432> →
    target: 13.9
    pred:   13.9
    error:  0.00

  MIN: <-956> <-451> <242.958> <8.85> <-522> <-5.1> <590.965> <747> <4.8> <445.969> <-211> →
    target: -956
    pred:   -956
    error:  0.00

  MAX: <385> <375.9> <-340.2> <855> <169.374> <-6.2> <590.19> <59.8283> <1> <-187> <161> <-9.054> <-77> <-1.8789> <-520.6> →
    target: 855
    pred:   855
    error:  0.00

  ADD: <832> + <60.42> →
    target: 892
    pred:   891
    error:  1.00

iter 13001: loss 0.2462, time 278.51ms, mfu 1.97%
iter 13002: loss 0.2324, time 194.00ms, mfu 2.13%
iter 13003: loss 0.1986, time 546.02ms, mfu 2.05%
iter 13004: loss 0.2314, time 438.88ms, mfu 2.01%
iter 13005: loss 0.2381, time 352.02ms, mfu 2.01%
iter 13006: loss 0.2004, time 287.77ms, mfu 2.05%
iter 13007: loss 0.2268, time 302.01ms, mfu 2.08%
iter 13008: loss 0.2096, time 354.09ms, mfu 2.07%
iter 13009: loss 0.2063, time 311.92ms, mfu 2.09%
iter 13010: loss 0.2029, time 332.19ms, mfu 2.10%
iter 13011: loss 0.2315, time 320.75ms, mfu 2.11%
iter 13012: loss 0.2238, time 381.13ms, mfu 2.08%
iter 13013: loss 0.1949, time 374.62ms, mfu 2.06%
iter 13014: loss 0.2551, time 464.23ms, mfu 2.01%
iter 13015: loss 0.2059, time 367.66ms, mfu 2.00%
iter 13016: loss 0.2094, time 363.04ms, mfu 2.00%
iter 13017: loss 0.2071, time 471.40ms, mfu 1.95%
iter 13018: loss 0.2272, time 403.41ms, mfu 1.93%
iter 13019: loss 0.1809, time 365.29ms, mfu 1.93%
iter 13020: loss 0.2056, time 368.24ms, mfu 1.93%
iter 13021: loss 0.1863, time 355.76ms, mfu 1.94%
iter 13022: loss 0.2135, time 316.46ms, mfu 1.97%
iter 13023: loss 0.2418, time 436.75ms, mfu 1.93%
iter 13024: loss 0.2126, time 474.90ms, mfu 1.89%
iter 13025: loss 0.2088, time 352.86ms, mfu 1.90%
iter 13026: loss 0.2355, time 559.30ms, mfu 1.84%
iter 13027: loss 0.2135, time 336.49ms, mfu 1.86%
iter 13028: loss 0.2211, time 333.23ms, mfu 1.89%
iter 13029: loss 0.2261, time 385.59ms, mfu 1.88%
iter 13030: loss 0.2263, time 329.61ms, mfu 1.91%
iter 13031: loss 0.2391, time 484.18ms, mfu 1.87%
iter 13032: loss 0.2058, time 381.12ms, mfu 1.87%
iter 13033: loss 0.2016, time 258.29ms, mfu 1.95%
iter 13034: loss 0.2097, time 457.00ms, mfu 1.91%
iter 13035: loss 0.2180, time 326.31ms, mfu 1.94%
iter 13036: loss 0.2000, time 418.49ms, mfu 1.91%
iter 13037: loss 0.1885, time 363.31ms, mfu 1.92%
iter 13038: loss 0.2081, time 358.96ms, mfu 1.92%
iter 13039: loss 0.2437, time 503.11ms, mfu 1.87%
iter 13040: loss 0.2158, time 425.98ms, mfu 1.85%
iter 13041: loss 0.2009, time 381.84ms, mfu 1.85%
iter 13042: loss 0.2306, time 465.57ms, mfu 1.82%
iter 13043: loss 0.2436, time 384.31ms, mfu 1.82%
iter 13044: loss 0.1901, time 427.34ms, mfu 1.81%
iter 13045: loss 0.1858, time 412.47ms, mfu 1.80%
iter 13046: loss 0.2109, time 332.97ms, mfu 1.83%
iter 13047: loss 0.2161, time 415.82ms, mfu 1.82%
iter 13048: loss 0.2486, time 442.37ms, mfu 1.80%
iter 13049: loss 0.2029, time 355.75ms, mfu 1.82%
iter 13050: loss 0.2198, time 430.01ms, mfu 1.80%
iter 13051: loss 0.2210, time 358.27ms, mfu 1.82%
iter 13052: loss 0.2023, time 411.76ms, mfu 1.81%
iter 13053: loss 0.2185, time 541.96ms, mfu 1.76%
iter 13054: loss 0.2025, time 296.78ms, mfu 1.82%
iter 13055: loss 0.2255, time 449.73ms, mfu 1.80%
iter 13056: loss 0.2062, time 369.85ms, mfu 1.81%
iter 13057: loss 0.1773, time 289.36ms, mfu 1.87%
iter 13058: loss 0.2260, time 434.52ms, mfu 1.85%
iter 13059: loss 0.2102, time 290.10ms, mfu 1.91%
iter 13060: loss 0.2175, time 450.52ms, mfu 1.87%
iter 13061: loss 0.2426, time 371.36ms, mfu 1.88%
iter 13062: loss 0.2293, time 433.07ms, mfu 1.85%
iter 13063: loss 0.2266, time 312.25ms, mfu 1.89%
iter 13064: loss 0.2331, time 339.49ms, mfu 1.91%
iter 13065: loss 0.2187, time 530.78ms, mfu 1.86%
iter 13066: loss 0.2122, time 331.40ms, mfu 1.88%
iter 13067: loss 0.2219, time 393.88ms, mfu 1.88%
iter 13068: loss 0.2088, time 293.60ms, mfu 1.93%
iter 13069: loss 0.2222, time 251.42ms, mfu 2.02%
iter 13070: loss 0.2106, time 428.81ms, mfu 1.98%
iter 13071: loss 0.2266, time 517.65ms, mfu 1.92%
iter 13072: loss 0.2501, time 403.50ms, mfu 1.90%
iter 13073: loss 0.1997, time 368.98ms, mfu 1.91%
iter 13074: loss 0.2089, time 476.92ms, mfu 1.86%
iter 13075: loss 0.2149, time 472.28ms, mfu 1.83%
iter 13076: loss 0.2202, time 262.59ms, mfu 1.91%
iter 13077: loss 0.2161, time 310.01ms, mfu 1.95%
iter 13078: loss 0.1862, time 434.20ms, mfu 1.92%
iter 13079: loss 0.1981, time 314.49ms, mfu 1.95%
iter 13080: loss 0.2157, time 250.89ms, mfu 2.04%
iter 13081: loss 0.2127, time 473.16ms, mfu 1.99%
iter 13082: loss 0.1986, time 299.19ms, mfu 2.02%
iter 13083: loss 0.2183, time 270.04ms, mfu 2.08%
iter 13084: loss 0.1966, time 397.42ms, mfu 2.05%
iter 13085: loss 0.2236, time 401.69ms, mfu 2.03%
iter 13086: loss 0.2177, time 340.82ms, mfu 2.03%
iter 13087: loss 0.2819, time 369.04ms, mfu 2.02%
iter 13088: loss 0.2431, time 397.77ms, mfu 2.00%
iter 13089: loss 0.2442, time 263.04ms, mfu 2.07%
iter 13090: loss 0.1979, time 390.80ms, mfu 2.04%
iter 13091: loss 0.2068, time 301.44ms, mfu 2.07%
iter 13092: loss 0.2408, time 391.88ms, mfu 2.05%
iter 13093: loss 0.2016, time 298.01ms, mfu 2.08%
iter 13094: loss 0.2145, time 344.66ms, mfu 2.08%
iter 13095: loss 0.2113, time 372.93ms, mfu 2.06%
iter 13096: loss 0.2216, time 406.91ms, mfu 2.03%
iter 13097: loss 0.1999, time 300.84ms, mfu 2.06%
iter 13098: loss 0.2136, time 331.30ms, mfu 2.07%
iter 13099: loss 0.2132, time 288.06ms, mfu 2.11%
iter 13100: loss 0.2581, time 690.75ms, mfu 2.00%
  === DIAG iter 13100 ===
  loss: 0.2581
  grads: total 0.1571, transformer 0.0884, adapter 0.1299
  <NUM> input tokens: 662/3072 (21.5%)
  lr: 8.80e-05
  SME accuracy: overall 0.841, sign 0.966, exp 0.924, digit 0.772 [d0 0.803 d1 0.786 d2 0.769] (591 SME tokens)
iter 13101: loss 0.2073, time 174.88ms, mfu 2.20%
iter 13102: loss 0.2039, time 378.49ms, mfu 2.17%
iter 13103: loss 0.1986, time 423.68ms, mfu 2.12%
iter 13104: loss 0.2191, time 343.74ms, mfu 2.12%
iter 13105: loss 0.2417, time 422.89ms, mfu 2.07%
iter 13106: loss 0.2146, time 280.83ms, mfu 2.12%
iter 13107: loss 0.1909, time 344.41ms, mfu 2.11%
iter 13108: loss 0.2052, time 305.69ms, mfu 2.13%
iter 13109: loss 0.1954, time 275.08ms, mfu 2.18%
iter 13110: loss 0.1901, time 428.06ms, mfu 2.12%
iter 13111: loss 0.2189, time 383.56ms, mfu 2.10%
iter 13112: loss 0.2131, time 319.11ms, mfu 2.11%
iter 13113: loss 0.2281, time 321.52ms, mfu 2.12%
iter 13114: loss 0.2295, time 470.20ms, mfu 2.06%
iter 13115: loss 0.2146, time 414.85ms, mfu 2.02%
iter 13116: loss 0.2024, time 253.99ms, mfu 2.10%
iter 13117: loss 0.1945, time 374.22ms, mfu 2.08%
iter 13118: loss 0.1714, time 324.32ms, mfu 2.09%
iter 13119: loss 0.2261, time 290.12ms, mfu 2.12%
iter 13120: loss 0.2023, time 576.25ms, mfu 2.04%
iter 13121: loss 0.2479, time 264.52ms, mfu 2.10%
iter 13122: loss 0.2095, time 308.22ms, mfu 2.12%
iter 13123: loss 0.2325, time 326.37ms, mfu 2.12%
iter 13124: loss 0.2216, time 430.05ms, mfu 2.08%
iter 13125: loss 0.2001, time 364.44ms, mfu 2.06%
iter 13126: loss 0.2306, time 475.32ms, mfu 2.01%
iter 13127: loss 0.2338, time 306.86ms, mfu 2.04%
iter 13128: loss 0.2444, time 358.29ms, mfu 2.03%
iter 13129: loss 0.2155, time 438.51ms, mfu 1.99%
iter 13130: loss 0.1894, time 443.83ms, mfu 1.95%
iter 13131: loss 0.2355, time 388.01ms, mfu 1.94%
iter 13132: loss 0.1985, time 355.56ms, mfu 1.94%
iter 13133: loss 0.2368, time 493.69ms, mfu 1.89%
iter 13134: loss 0.2202, time 306.96ms, mfu 1.93%
iter 13135: loss 0.2034, time 312.08ms, mfu 1.97%
iter 13136: loss 0.2182, time 380.99ms, mfu 1.96%
iter 13137: loss 0.2052, time 303.51ms, mfu 1.99%
iter 13138: loss 0.2219, time 423.11ms, mfu 1.96%
iter 13139: loss 0.1916, time 373.54ms, mfu 1.96%
iter 13140: loss 0.2026, time 366.63ms, mfu 1.95%
iter 13141: loss 0.2356, time 243.10ms, mfu 2.05%
iter 13142: loss 0.2294, time 371.90ms, mfu 2.04%
iter 13143: loss 0.1902, time 448.76ms, mfu 1.99%
iter 13144: loss 0.1835, time 340.03ms, mfu 2.00%
iter 13145: loss 0.2113, time 475.14ms, mfu 1.95%
iter 13146: loss 0.2431, time 233.33ms, mfu 2.06%
iter 13147: loss 0.2030, time 352.06ms, mfu 2.05%
iter 13148: loss 0.2203, time 401.42ms, mfu 2.02%
iter 13149: loss 0.2247, time 326.43ms, mfu 2.04%
iter 13150: loss 0.2553, time 395.13ms, mfu 2.01%
iter 13151: loss 0.1964, time 298.80ms, mfu 2.05%
iter 13152: loss 0.2281, time 367.81ms, mfu 2.04%
iter 13153: loss 0.1897, time 505.62ms, mfu 1.97%
iter 13154: loss 0.2119, time 245.56ms, mfu 2.07%
iter 13155: loss 0.1839, time 374.87ms, mfu 2.05%
iter 13156: loss 0.1952, time 556.53ms, mfu 1.97%
iter 13157: loss 0.2027, time 490.69ms, mfu 1.92%
iter 13158: loss 0.2264, time 416.35ms, mfu 1.90%
iter 13159: loss 0.2243, time 356.11ms, mfu 1.91%
iter 13160: loss 0.2019, time 457.96ms, mfu 1.87%
iter 13161: loss 0.2091, time 561.34ms, mfu 1.81%
iter 13162: loss 0.2093, time 425.76ms, mfu 1.79%
iter 13163: loss 0.2027, time 462.40ms, mfu 1.77%
iter 13164: loss 0.2090, time 452.28ms, mfu 1.75%
iter 13165: loss 0.2136, time 350.97ms, mfu 1.78%
iter 13166: loss 0.2109, time 436.64ms, mfu 1.76%
iter 13167: loss 0.2204, time 316.86ms, mfu 1.81%
iter 13168: loss 0.2066, time 491.36ms, mfu 1.77%
iter 13169: loss 0.2195, time 299.07ms, mfu 1.83%
iter 13170: loss 0.2110, time 384.67ms, mfu 1.83%
iter 13171: loss 0.2092, time 416.95ms, mfu 1.82%
iter 13172: loss 0.2344, time 226.18ms, mfu 1.95%
iter 13173: loss 0.2271, time 361.76ms, mfu 1.95%
iter 13174: loss 0.2320, time 372.92ms, mfu 1.95%
iter 13175: loss 0.2142, time 265.90ms, mfu 2.02%
iter 13176: loss 0.1933, time 377.03ms, mfu 2.00%
iter 13177: loss 0.1975, time 401.68ms, mfu 1.98%
iter 13178: loss 0.1947, time 327.16ms, mfu 2.00%
iter 13179: loss 0.2030, time 441.69ms, mfu 1.96%
iter 13180: loss 0.2033, time 434.73ms, mfu 1.93%
iter 13181: loss 0.2291, time 348.76ms, mfu 1.94%
iter 13182: loss 0.2173, time 414.45ms, mfu 1.91%
iter 13183: loss 0.2131, time 364.37ms, mfu 1.92%
iter 13184: loss 0.2152, time 363.48ms, mfu 1.92%
iter 13185: loss 0.2283, time 298.92ms, mfu 1.97%
iter 13186: loss 0.2207, time 587.78ms, mfu 1.89%
iter 13187: loss 0.2170, time 335.32ms, mfu 1.91%
iter 13188: loss 0.1934, time 305.50ms, mfu 1.95%
iter 13189: loss 0.2164, time 284.62ms, mfu 2.01%
iter 13190: loss 0.1983, time 426.45ms, mfu 1.97%
iter 13191: loss 0.2082, time 379.12ms, mfu 1.96%
iter 13192: loss 0.1914, time 392.85ms, mfu 1.95%
iter 13193: loss 0.2104, time 408.72ms, mfu 1.92%
iter 13194: loss 0.1961, time 460.16ms, mfu 1.89%
iter 13195: loss 0.2110, time 297.77ms, mfu 1.94%
iter 13196: loss 0.1965, time 350.37ms, mfu 1.94%
iter 13197: loss 0.2016, time 436.55ms, mfu 1.91%
iter 13198: loss 0.1854, time 353.70ms, mfu 1.92%
iter 13199: loss 0.2029, time 308.74ms, mfu 1.96%
iter 13200: loss 0.2286, time 625.25ms, mfu 1.88%
  === DIAG iter 13200 ===
  loss: 0.2286
  grads: total 0.3641, transformer 0.1144, adapter 0.3457
  <NUM> input tokens: 682/3072 (22.2%)
  lr: 8.51e-05
  SME accuracy: overall 0.905, sign 0.955, exp 0.977, digit 0.865 [d0 0.875 d1 0.886 d2 0.875] (443 SME tokens)
iter 13201: loss 0.1981, time 174.98ms, mfu 2.09%
iter 13202: loss 0.2250, time 310.64ms, mfu 2.11%
iter 13203: loss 0.2400, time 299.57ms, mfu 2.14%
iter 13204: loss 0.2187, time 472.23ms, mfu 2.07%
iter 13205: loss 0.2265, time 483.56ms, mfu 2.01%
iter 13206: loss 0.2700, time 424.43ms, mfu 1.98%
iter 13207: loss 0.2204, time 466.39ms, mfu 1.93%
iter 13208: loss 0.2269, time 421.76ms, mfu 1.91%
iter 13209: loss 0.2183, time 327.87ms, mfu 1.93%
iter 13210: loss 0.2047, time 517.42ms, mfu 1.88%
iter 13211: loss 0.1990, time 517.95ms, mfu 1.83%
iter 13212: loss 0.2229, time 383.51ms, mfu 1.83%
iter 13213: loss 0.2250, time 244.28ms, mfu 1.94%
iter 13214: loss 0.1720, time 322.71ms, mfu 1.96%
iter 13215: loss 0.1982, time 251.22ms, mfu 2.05%
iter 13216: loss 0.1946, time 369.23ms, mfu 2.03%
iter 13217: loss 0.2189, time 468.83ms, mfu 1.98%
iter 13218: loss 0.2173, time 337.93ms, mfu 1.99%
iter 13219: loss 0.2124, time 400.43ms, mfu 1.97%
iter 13220: loss 0.2388, time 240.51ms, mfu 2.07%
iter 13221: loss 0.2329, time 343.03ms, mfu 2.07%
iter 13222: loss 0.2367, time 358.73ms, mfu 2.06%
iter 13223: loss 0.2365, time 413.29ms, mfu 2.02%
iter 13224: loss 0.2036, time 356.90ms, mfu 2.02%
iter 13225: loss 0.2077, time 271.46ms, mfu 2.08%
iter 13226: loss 0.2182, time 367.44ms, mfu 2.06%
iter 13227: loss 0.2169, time 423.59ms, mfu 2.03%
iter 13228: loss 0.2416, time 327.38ms, mfu 2.04%
iter 13229: loss 0.2096, time 346.97ms, mfu 2.04%
iter 13230: loss 0.2189, time 531.84ms, mfu 1.97%
iter 13231: loss 0.1981, time 327.46ms, mfu 1.99%
iter 13232: loss 0.2037, time 366.40ms, mfu 1.98%
iter 13233: loss 0.2371, time 411.14ms, mfu 1.96%
iter 13234: loss 0.2428, time 361.85ms, mfu 1.96%
iter 13235: loss 0.2210, time 413.96ms, mfu 1.93%
iter 13236: loss 0.2354, time 269.91ms, mfu 2.00%
iter 13237: loss 0.1937, time 508.17ms, mfu 1.94%
iter 13238: loss 0.2255, time 441.82ms, mfu 1.91%
iter 13239: loss 0.1948, time 353.95ms, mfu 1.92%
iter 13240: loss 0.2371, time 313.41ms, mfu 1.95%
iter 13241: loss 0.2311, time 350.52ms, mfu 1.96%
iter 13242: loss 0.2001, time 229.45ms, mfu 2.07%
iter 13243: loss 0.1985, time 240.03ms, mfu 2.16%
iter 13244: loss 0.1988, time 252.54ms, mfu 2.22%
iter 13245: loss 0.1976, time 325.30ms, mfu 2.22%
iter 13246: loss 0.1984, time 277.20ms, mfu 2.25%
iter 13247: loss 0.2174, time 364.62ms, mfu 2.22%
iter 13248: loss 0.1828, time 206.49ms, mfu 2.34%
iter 13249: loss 0.2003, time 426.06ms, mfu 2.28%
iter 13250: loss 0.1954, time 351.98ms, mfu 2.25%
iter 13251: loss 0.2001, time 298.69ms, mfu 2.26%
iter 13252: loss 0.2128, time 240.32ms, mfu 2.33%
iter 13253: loss 0.2043, time 300.41ms, mfu 2.33%
iter 13254: loss 0.1958, time 272.94ms, mfu 2.36%
iter 13255: loss 0.1974, time 363.82ms, mfu 2.32%
iter 13256: loss 0.2367, time 383.80ms, mfu 2.27%
iter 13257: loss 0.2121, time 325.30ms, mfu 2.26%
iter 13258: loss 0.2257, time 403.37ms, mfu 2.21%
iter 13259: loss 0.2049, time 373.70ms, mfu 2.18%
iter 13260: loss 0.2340, time 418.13ms, mfu 2.13%
iter 13261: loss 0.2093, time 296.20ms, mfu 2.16%
iter 13262: loss 0.2358, time 385.80ms, mfu 2.13%
iter 13263: loss 0.2140, time 424.61ms, mfu 2.08%
iter 13264: loss 0.1967, time 338.82ms, mfu 2.08%
iter 13265: loss 0.2007, time 373.96ms, mfu 2.06%
iter 13266: loss 0.2075, time 277.90ms, mfu 2.11%
iter 13267: loss 0.2315, time 274.12ms, mfu 2.16%
iter 13268: loss 0.2290, time 280.99ms, mfu 2.20%
iter 13269: loss 0.1800, time 404.97ms, mfu 2.15%
iter 13270: loss 0.1748, time 406.60ms, mfu 2.11%
iter 13271: loss 0.2070, time 222.71ms, mfu 2.22%
iter 13272: loss 0.1894, time 369.35ms, mfu 2.19%
iter 13273: loss 0.2116, time 365.87ms, mfu 2.16%
iter 13274: loss 0.2436, time 470.04ms, mfu 2.10%
iter 13275: loss 0.2192, time 445.11ms, mfu 2.05%
iter 13276: loss 0.2201, time 340.36ms, mfu 2.05%
iter 13277: loss 0.2057, time 369.87ms, mfu 2.04%
iter 13278: loss 0.2284, time 342.01ms, mfu 2.04%
iter 13279: loss 0.1967, time 491.06ms, mfu 1.98%
iter 13280: loss 0.2424, time 373.15ms, mfu 1.97%
iter 13281: loss 0.1996, time 396.50ms, mfu 1.95%
iter 13282: loss 0.2185, time 411.93ms, mfu 1.93%
iter 13283: loss 0.1864, time 389.46ms, mfu 1.92%
iter 13284: loss 0.2201, time 408.64ms, mfu 1.90%
iter 13285: loss 0.1911, time 375.89ms, mfu 1.90%
iter 13286: loss 0.2111, time 371.22ms, mfu 1.90%
iter 13287: loss 0.2337, time 397.77ms, mfu 1.89%
iter 13288: loss 0.2044, time 340.40ms, mfu 1.91%
iter 13289: loss 0.2011, time 435.73ms, mfu 1.88%
iter 13290: loss 0.2173, time 433.51ms, mfu 1.86%
iter 13291: loss 0.2144, time 324.24ms, mfu 1.89%
iter 13292: loss 0.2354, time 321.84ms, mfu 1.92%
iter 13293: loss 0.2209, time 389.20ms, mfu 1.91%
iter 13294: loss 0.2418, time 346.25ms, mfu 1.92%
iter 13295: loss 0.2036, time 404.48ms, mfu 1.91%
iter 13296: loss 0.2091, time 464.23ms, mfu 1.87%
iter 13297: loss 0.1909, time 313.07ms, mfu 1.91%
iter 13298: loss 0.2384, time 304.62ms, mfu 1.95%
iter 13299: loss 0.1982, time 492.63ms, mfu 1.90%
iter 13300: loss 0.2069, time 553.96ms, mfu 1.84%
  === DIAG iter 13300 ===
  loss: 0.2069
  grads: total 0.5286, transformer 0.1566, adapter 0.5049
  <NUM> input tokens: 693/3072 (22.6%)
  lr: 8.25e-05
  SME accuracy: overall 0.942, sign 0.981, exp 0.943, digit 0.928 [d0 0.943 d1 0.943 d2 0.924] (531 SME tokens)
iter 13301: loss 0.2210, time 227.93ms, mfu 1.96%
iter 13302: loss 0.2051, time 190.94ms, mfu 2.14%
iter 13303: loss 0.2133, time 363.19ms, mfu 2.12%
iter 13304: loss 0.1996, time 283.34ms, mfu 2.16%
iter 13305: loss 0.2172, time 321.08ms, mfu 2.16%
iter 13306: loss 0.2142, time 352.88ms, mfu 2.15%
iter 13307: loss 0.1850, time 323.43ms, mfu 2.15%
iter 13308: loss 0.1893, time 447.14ms, mfu 2.10%
iter 13309: loss 0.2240, time 398.52ms, mfu 2.06%
iter 13310: loss 0.1970, time 254.78ms, mfu 2.14%
iter 13311: loss 0.2150, time 407.43ms, mfu 2.10%
iter 13312: loss 0.2140, time 352.18ms, mfu 2.09%
iter 13313: loss 0.2205, time 411.56ms, mfu 2.05%
iter 13314: loss 0.2287, time 375.61ms, mfu 2.03%
iter 13315: loss 0.2297, time 297.39ms, mfu 2.07%
iter 13316: loss 0.2316, time 447.84ms, mfu 2.02%
iter 13317: loss 0.2135, time 244.76ms, mfu 2.11%
iter 13318: loss 0.2281, time 366.73ms, mfu 2.09%
iter 13319: loss 0.1846, time 321.10ms, mfu 2.10%
iter 13320: loss 0.2048, time 242.34ms, mfu 2.18%
iter 13321: loss 0.2317, time 294.51ms, mfu 2.21%
iter 13322: loss 0.2521, time 387.74ms, mfu 2.17%
iter 13323: loss 0.1955, time 338.66ms, mfu 2.16%
iter 13324: loss 0.1958, time 306.86ms, mfu 2.18%
iter 13325: loss 0.2352, time 451.59ms, mfu 2.12%
iter 13326: loss 0.2147, time 426.59ms, mfu 2.07%
iter 13327: loss 0.1897, time 395.14ms, mfu 2.04%
iter 13328: loss 0.2239, time 307.06ms, mfu 2.07%
iter 13329: loss 0.2185, time 482.71ms, mfu 2.01%
iter 13330: loss 0.2106, time 316.79ms, mfu 2.03%
iter 13331: loss 0.2146, time 356.84ms, mfu 2.03%
iter 13332: loss 0.2214, time 381.24ms, mfu 2.01%
iter 13333: loss 0.2108, time 351.88ms, mfu 2.01%
iter 13334: loss 0.2035, time 359.93ms, mfu 2.01%
iter 13335: loss 0.2043, time 351.22ms, mfu 2.01%
iter 13336: loss 0.1917, time 338.93ms, mfu 2.02%
iter 13337: loss 0.1879, time 478.37ms, mfu 1.96%
iter 13338: loss 0.2174, time 321.49ms, mfu 1.99%
iter 13339: loss 0.2053, time 283.91ms, mfu 2.04%
iter 13340: loss 0.2140, time 385.47ms, mfu 2.02%
iter 13341: loss 0.2190, time 444.34ms, mfu 1.98%
iter 13342: loss 0.1921, time 355.81ms, mfu 1.98%
iter 13343: loss 0.2297, time 278.46ms, mfu 2.03%
iter 13344: loss 0.2071, time 360.89ms, mfu 2.03%
iter 13345: loss 0.2288, time 383.10ms, mfu 2.01%
iter 13346: loss 0.2168, time 366.90ms, mfu 2.00%
iter 13347: loss 0.2163, time 394.29ms, mfu 1.98%
iter 13348: loss 0.1676, time 237.98ms, mfu 2.08%
iter 13349: loss 0.2612, time 400.37ms, mfu 2.05%
iter 13350: loss 0.1911, time 414.72ms, mfu 2.02%
iter 13351: loss 0.2067, time 402.79ms, mfu 1.99%
iter 13352: loss 0.1922, time 325.71ms, mfu 2.01%
iter 13353: loss 0.1947, time 445.89ms, mfu 1.97%
iter 13354: loss 0.2047, time 381.12ms, mfu 1.96%
iter 13355: loss 0.2461, time 365.84ms, mfu 1.95%
iter 13356: loss 0.1762, time 323.74ms, mfu 1.98%
iter 13357: loss 0.1994, time 356.56ms, mfu 1.98%
iter 13358: loss 0.1910, time 495.70ms, mfu 1.92%
iter 13359: loss 0.2146, time 254.80ms, mfu 2.01%
iter 13360: loss 0.2008, time 421.35ms, mfu 1.98%
iter 13361: loss 0.2149, time 378.42ms, mfu 1.97%
iter 13362: loss 0.1961, time 341.58ms, mfu 1.98%
iter 13363: loss 0.2157, time 352.05ms, mfu 1.98%
iter 13364: loss 0.2382, time 407.73ms, mfu 1.96%
iter 13365: loss 0.2287, time 261.20ms, mfu 2.03%
iter 13366: loss 0.2456, time 366.06ms, mfu 2.02%
iter 13367: loss 0.1803, time 383.85ms, mfu 2.00%
iter 13368: loss 0.2139, time 476.09ms, mfu 1.95%
iter 13369: loss 0.2264, time 320.64ms, mfu 1.98%
iter 13370: loss 0.2098, time 404.40ms, mfu 1.96%
iter 13371: loss 0.2148, time 412.14ms, mfu 1.93%
iter 13372: loss 0.1977, time 298.74ms, mfu 1.98%
iter 13373: loss 0.2120, time 379.93ms, mfu 1.97%
iter 13374: loss 0.1958, time 518.86ms, mfu 1.91%
iter 13375: loss 0.2056, time 373.98ms, mfu 1.90%
iter 13376: loss 0.2088, time 299.16ms, mfu 1.95%
iter 13377: loss 0.2205, time 340.51ms, mfu 1.96%
iter 13378: loss 0.2092, time 467.66ms, mfu 1.92%
iter 13379: loss 0.2244, time 372.75ms, mfu 1.92%
iter 13380: loss 0.2268, time 438.64ms, mfu 1.89%
iter 13381: loss 0.2025, time 378.12ms, mfu 1.89%
iter 13382: loss 0.2295, time 291.92ms, mfu 1.94%
iter 13383: loss 0.2102, time 339.98ms, mfu 1.95%
iter 13384: loss 0.2039, time 356.13ms, mfu 1.96%
iter 13385: loss 0.2178, time 277.99ms, mfu 2.02%
iter 13386: loss 0.1923, time 429.86ms, mfu 1.98%
iter 13387: loss 0.2067, time 331.24ms, mfu 2.00%
iter 13388: loss 0.1931, time 478.49ms, mfu 1.94%
iter 13389: loss 0.1984, time 420.60ms, mfu 1.92%
iter 13390: loss 0.2026, time 618.86ms, mfu 1.84%
iter 13391: loss 0.2248, time 391.05ms, mfu 1.84%
iter 13392: loss 0.2270, time 360.23ms, mfu 1.85%
iter 13393: loss 0.2442, time 268.29ms, mfu 1.93%
iter 13394: loss 0.2170, time 342.52ms, mfu 1.94%
iter 13395: loss 0.1723, time 281.26ms, mfu 2.00%
iter 13396: loss 0.2037, time 221.74ms, mfu 2.12%
iter 13397: loss 0.1754, time 311.86ms, mfu 2.14%
iter 13398: loss 0.2088, time 476.15ms, mfu 2.07%
iter 13399: loss 0.2316, time 398.83ms, mfu 2.04%
iter 13400: loss 0.2279, time 502.27ms, mfu 1.98%
  === DIAG iter 13400 ===
  loss: 0.2279
  grads: total 0.1642, transformer 0.0839, adapter 0.1411
  <NUM> input tokens: 665/3072 (21.6%)
  lr: 7.99e-05
  SME accuracy: overall 0.883, sign 1.000, exp 0.971, digit 0.816 [d0 0.879 d1 0.838 d2 0.828] (511 SME tokens)
iter 13401: loss 0.2084, time 175.05ms, mfu 2.19%
iter 13402: loss 0.2027, time 332.50ms, mfu 2.18%
iter 13403: loss 0.1980, time 387.50ms, mfu 2.15%
iter 13404: loss 0.2026, time 366.80ms, mfu 2.12%
iter 13405: loss 0.1997, time 347.81ms, mfu 2.12%
iter 13406: loss 0.1874, time 344.60ms, mfu 2.11%
iter 13407: loss 0.2046, time 410.95ms, mfu 2.07%
iter 13408: loss 0.2006, time 465.74ms, mfu 2.02%
iter 13409: loss 0.1861, time 312.13ms, mfu 2.04%
iter 13410: loss 0.1803, time 526.90ms, mfu 1.97%
iter 13411: loss 0.1967, time 399.02ms, mfu 1.95%
iter 13412: loss 0.2029, time 339.21ms, mfu 1.97%
iter 13413: loss 0.1942, time 310.72ms, mfu 2.00%
iter 13414: loss 0.2053, time 392.43ms, mfu 1.98%
iter 13415: loss 0.2230, time 450.86ms, mfu 1.94%
iter 13416: loss 0.2273, time 296.58ms, mfu 1.98%
iter 13417: loss 0.1973, time 433.82ms, mfu 1.95%
iter 13418: loss 0.2036, time 425.87ms, mfu 1.92%
iter 13419: loss 0.2154, time 371.46ms, mfu 1.92%
iter 13420: loss 0.2352, time 319.12ms, mfu 1.95%
iter 13421: loss 0.1917, time 363.91ms, mfu 1.95%
iter 13422: loss 0.2140, time 277.48ms, mfu 2.01%
iter 13423: loss 0.2279, time 461.37ms, mfu 1.96%
iter 13424: loss 0.2359, time 281.99ms, mfu 2.02%
iter 13425: loss 0.2087, time 265.82ms, mfu 2.08%
iter 13426: loss 0.2295, time 308.67ms, mfu 2.10%
iter 13427: loss 0.2125, time 419.52ms, mfu 2.06%
iter 13428: loss 0.2196, time 300.98ms, mfu 2.09%
iter 13429: loss 0.1700, time 259.57ms, mfu 2.16%
iter 13430: loss 0.1827, time 365.73ms, mfu 2.13%
iter 13431: loss 0.2256, time 277.16ms, mfu 2.18%
iter 13432: loss 0.1988, time 501.23ms, mfu 2.10%
iter 13433: loss 0.1912, time 625.11ms, mfu 2.00%
iter 13434: loss 0.2393, time 382.35ms, mfu 1.99%
iter 13435: loss 0.1826, time 559.65ms, mfu 1.92%
iter 13436: loss 0.2010, time 460.84ms, mfu 1.88%
iter 13437: loss 0.2092, time 388.83ms, mfu 1.87%
iter 13438: loss 0.2012, time 312.40ms, mfu 1.91%
iter 13439: loss 0.2420, time 319.61ms, mfu 1.94%
iter 13440: loss 0.2312, time 383.90ms, mfu 1.93%
iter 13441: loss 0.2065, time 376.26ms, mfu 1.93%
iter 13442: loss 0.2184, time 470.76ms, mfu 1.89%
iter 13443: loss 0.2055, time 359.17ms, mfu 1.89%
iter 13444: loss 0.2315, time 364.90ms, mfu 1.90%
iter 13445: loss 0.2565, time 372.58ms, mfu 1.90%
iter 13446: loss 0.2151, time 330.48ms, mfu 1.92%
iter 13447: loss 0.2352, time 295.94ms, mfu 1.97%
iter 13448: loss 0.1836, time 282.78ms, mfu 2.02%
iter 13449: loss 0.2136, time 487.58ms, mfu 1.97%
iter 13450: loss 0.2259, time 312.32ms, mfu 2.00%
iter 13451: loss 0.2161, time 373.87ms, mfu 1.99%
iter 13452: loss 0.2311, time 513.52ms, mfu 1.93%
iter 13453: loss 0.1775, time 291.78ms, mfu 1.98%
iter 13454: loss 0.1984, time 414.53ms, mfu 1.95%
iter 13455: loss 0.2054, time 395.86ms, mfu 1.93%
iter 13456: loss 0.2644, time 259.20ms, mfu 2.01%
iter 13457: loss 0.1931, time 462.63ms, mfu 1.97%
iter 13458: loss 0.1952, time 472.53ms, mfu 1.92%
iter 13459: loss 0.1967, time 458.65ms, mfu 1.88%
iter 13460: loss 0.2022, time 489.11ms, mfu 1.84%
iter 13461: loss 0.1898, time 241.97ms, mfu 1.95%
iter 13462: loss 0.2094, time 465.95ms, mfu 1.91%
iter 13463: loss 0.2073, time 496.50ms, mfu 1.86%
iter 13464: loss 0.1875, time 312.93ms, mfu 1.90%
iter 13465: loss 0.1859, time 316.96ms, mfu 1.93%
iter 13466: loss 0.2185, time 492.35ms, mfu 1.88%
iter 13467: loss 0.2152, time 368.91ms, mfu 1.89%
iter 13468: loss 0.2101, time 363.06ms, mfu 1.89%
iter 13469: loss 0.2435, time 412.43ms, mfu 1.88%
iter 13470: loss 0.2032, time 399.53ms, mfu 1.87%
iter 13471: loss 0.2499, time 436.03ms, mfu 1.84%
iter 13472: loss 0.2287, time 358.36ms, mfu 1.86%
iter 13473: loss 0.2282, time 292.95ms, mfu 1.91%
iter 13474: loss 0.1837, time 403.17ms, mfu 1.90%
iter 13475: loss 0.1818, time 319.84ms, mfu 1.93%
iter 13476: loss 0.2306, time 280.57ms, mfu 1.99%
iter 13477: loss 0.1950, time 445.82ms, mfu 1.95%
iter 13478: loss 0.2517, time 411.87ms, mfu 1.93%
iter 13479: loss 0.1947, time 483.57ms, mfu 1.88%
iter 13480: loss 0.2303, time 413.23ms, mfu 1.86%
iter 13481: loss 0.1949, time 377.67ms, mfu 1.86%
iter 13482: loss 0.2322, time 408.87ms, mfu 1.85%
iter 13483: loss 0.2402, time 476.10ms, mfu 1.81%
iter 13484: loss 0.1941, time 300.31ms, mfu 1.87%
iter 13485: loss 0.1959, time 380.91ms, mfu 1.87%
iter 13486: loss 0.2067, time 327.19ms, mfu 1.90%
iter 13487: loss 0.1973, time 352.79ms, mfu 1.91%
iter 13488: loss 0.1816, time 484.60ms, mfu 1.86%
iter 13489: loss 0.2117, time 458.40ms, mfu 1.83%
iter 13490: loss 0.2216, time 349.46ms, mfu 1.85%
iter 13491: loss 0.2174, time 440.34ms, mfu 1.83%
iter 13492: loss 0.2103, time 245.56ms, mfu 1.93%
iter 13493: loss 0.2353, time 346.78ms, mfu 1.94%
iter 13494: loss 0.2099, time 392.82ms, mfu 1.93%
iter 13495: loss 0.2128, time 321.13ms, mfu 1.96%
iter 13496: loss 0.2053, time 340.38ms, mfu 1.97%
iter 13497: loss 0.2264, time 369.15ms, mfu 1.97%
iter 13498: loss 0.1947, time 316.72ms, mfu 1.99%
iter 13499: loss 0.2337, time 312.37ms, mfu 2.02%
iter 13500: loss 0.1841, time 607.25ms, mfu 1.94%
  === DIAG iter 13500 ===
  loss: 0.1841
  grads: total 0.2899, transformer 0.0912, adapter 0.2752
  <NUM> input tokens: 703/3072 (22.9%)
  lr: 7.75e-05
  SME accuracy: overall 0.978, sign 0.983, exp 0.991, digit 0.971 [d0 0.974 d1 0.983 d2 0.983] (581 SME tokens)
iter 13501: loss 0.2044, time 233.09ms, mfu 2.05%
iter 13502: loss 0.2018, time 359.65ms, mfu 2.04%
iter 13503: loss 0.2129, time 462.07ms, mfu 1.99%
iter 13504: loss 0.1935, time 368.78ms, mfu 1.98%
iter 13505: loss 0.1922, time 443.72ms, mfu 1.94%
iter 13506: loss 0.1928, time 319.14ms, mfu 1.97%
iter 13507: loss 0.1821, time 438.60ms, mfu 1.94%
iter 13508: loss 0.2316, time 265.85ms, mfu 2.01%
iter 13509: loss 0.2144, time 256.38ms, mfu 2.08%
iter 13510: loss 0.2084, time 245.37ms, mfu 2.16%
iter 13511: loss 0.2322, time 374.34ms, mfu 2.14%
iter 13512: loss 0.1860, time 519.75ms, mfu 2.06%
iter 13513: loss 0.2029, time 500.42ms, mfu 2.00%
iter 13514: loss 0.2148, time 278.26ms, mfu 2.05%
iter 13515: loss 0.2088, time 447.46ms, mfu 2.00%
iter 13516: loss 0.1974, time 397.65ms, mfu 1.98%
iter 13517: loss 0.2502, time 403.23ms, mfu 1.96%
iter 13518: loss 0.1934, time 467.17ms, mfu 1.92%
iter 13519: loss 0.1833, time 465.02ms, mfu 1.88%
iter 13520: loss 0.2033, time 370.93ms, mfu 1.88%
iter 13521: loss 0.1873, time 450.63ms, mfu 1.85%
iter 13522: loss 0.2198, time 361.49ms, mfu 1.86%
iter 13523: loss 0.1808, time 419.89ms, mfu 1.84%
iter 13524: loss 0.1836, time 287.41ms, mfu 1.91%
iter 13525: loss 0.2084, time 317.94ms, mfu 1.94%
iter 13526: loss 0.2185, time 310.54ms, mfu 1.97%
iter 13527: loss 0.2052, time 278.05ms, mfu 2.03%
iter 13528: loss 0.2160, time 327.81ms, mfu 2.04%
iter 13529: loss 0.2470, time 393.43ms, mfu 2.02%
iter 13530: loss 0.2082, time 447.86ms, mfu 1.98%
iter 13531: loss 0.1993, time 456.13ms, mfu 1.93%
iter 13532: loss 0.2068, time 365.31ms, mfu 1.93%
iter 13533: loss 0.2193, time 353.26ms, mfu 1.94%
iter 13534: loss 0.2513, time 270.94ms, mfu 2.01%
iter 13535: loss 0.2085, time 452.65ms, mfu 1.96%
iter 13536: loss 0.2281, time 420.39ms, mfu 1.94%
iter 13537: loss 0.2195, time 348.87ms, mfu 1.95%
iter 13538: loss 0.2100, time 354.70ms, mfu 1.95%
iter 13539: loss 0.2288, time 431.44ms, mfu 1.92%
iter 13540: loss 0.2143, time 260.39ms, mfu 2.00%
iter 13541: loss 0.2081, time 298.11ms, mfu 2.04%
iter 13542: loss 0.2309, time 549.24ms, mfu 1.96%
iter 13543: loss 0.2317, time 389.57ms, mfu 1.95%
iter 13544: loss 0.2009, time 402.41ms, mfu 1.93%
iter 13545: loss 0.2360, time 392.02ms, mfu 1.92%
iter 13546: loss 0.1858, time 379.02ms, mfu 1.91%
iter 13547: loss 0.2115, time 284.60ms, mfu 1.97%
iter 13548: loss 0.2413, time 308.79ms, mfu 2.00%
iter 13549: loss 0.2446, time 383.72ms, mfu 1.99%
iter 13550: loss 0.2099, time 417.72ms, mfu 1.96%
iter 13551: loss 0.1951, time 367.12ms, mfu 1.96%
iter 13552: loss 0.2088, time 460.77ms, mfu 1.91%
iter 13553: loss 0.2181, time 454.54ms, mfu 1.88%
iter 13554: loss 0.2316, time 331.31ms, mfu 1.90%
iter 13555: loss 0.2010, time 389.62ms, mfu 1.90%
iter 13556: loss 0.2486, time 236.14ms, mfu 2.01%
iter 13557: loss 0.1972, time 403.18ms, mfu 1.98%
iter 13558: loss 0.1951, time 431.81ms, mfu 1.95%
iter 13559: loss 0.2148, time 439.00ms, mfu 1.91%
iter 13560: loss 0.2054, time 350.24ms, mfu 1.93%
iter 13561: loss 0.1994, time 323.17ms, mfu 1.95%
iter 13562: loss 0.1847, time 346.40ms, mfu 1.96%
iter 13563: loss 0.2158, time 369.46ms, mfu 1.96%
iter 13564: loss 0.2375, time 316.20ms, mfu 1.99%
iter 13565: loss 0.2207, time 337.37ms, mfu 2.00%
iter 13566: loss 0.2131, time 505.40ms, mfu 1.94%
iter 13567: loss 0.1972, time 340.94ms, mfu 1.95%
iter 13568: loss 0.1989, time 420.28ms, mfu 1.93%
iter 13569: loss 0.2518, time 355.39ms, mfu 1.93%
iter 13570: loss 0.2128, time 376.22ms, mfu 1.93%
iter 13571: loss 0.2008, time 350.83ms, mfu 1.94%
iter 13572: loss 0.2378, time 257.18ms, mfu 2.02%
iter 13573: loss 0.2339, time 446.11ms, mfu 1.98%
iter 13574: loss 0.2249, time 520.76ms, mfu 1.91%
iter 13575: loss 0.2122, time 382.45ms, mfu 1.91%
iter 13576: loss 0.1954, time 322.22ms, mfu 1.94%
iter 13577: loss 0.2208, time 417.43ms, mfu 1.91%
iter 13578: loss 0.2018, time 313.62ms, mfu 1.95%
iter 13579: loss 0.1919, time 431.61ms, mfu 1.92%
iter 13580: loss 0.2181, time 348.46ms, mfu 1.93%
iter 13581: loss 0.1938, time 411.23ms, mfu 1.91%
iter 13582: loss 0.1963, time 432.59ms, mfu 1.88%
iter 13583: loss 0.1916, time 394.13ms, mfu 1.87%
iter 13584: loss 0.1855, time 408.25ms, mfu 1.86%
iter 13585: loss 0.2137, time 270.44ms, mfu 1.94%
iter 13586: loss 0.2049, time 274.07ms, mfu 2.00%
iter 13587: loss 0.1902, time 378.57ms, mfu 1.99%
iter 13588: loss 0.1856, time 257.63ms, mfu 2.06%
iter 13589: loss 0.1867, time 481.33ms, mfu 2.00%
iter 13590: loss 0.2308, time 385.39ms, mfu 1.99%
iter 13591: loss 0.2223, time 245.31ms, mfu 2.08%
iter 13592: loss 0.2074, time 299.16ms, mfu 2.11%
iter 13593: loss 0.2113, time 404.71ms, mfu 2.07%
iter 13594: loss 0.1836, time 405.41ms, mfu 2.04%
iter 13595: loss 0.2570, time 451.04ms, mfu 1.99%
iter 13596: loss 0.1947, time 543.84ms, mfu 1.92%
iter 13597: loss 0.2191, time 294.13ms, mfu 1.97%
iter 13598: loss 0.2199, time 321.47ms, mfu 2.00%
iter 13599: loss 0.2211, time 374.48ms, mfu 1.99%
iter 13600: loss 0.2533, time 664.78ms, mfu 1.89%
  === DIAG iter 13600 ===
  loss: 0.2533
  grads: total 0.4333, transformer 0.1231, adapter 0.4154
  <NUM> input tokens: 644/3072 (21.0%)
  lr: 7.53e-05
  SME accuracy: overall 0.854, sign 0.954, exp 0.954, digit 0.789 [d0 0.846 d1 0.800 d2 0.769] (329 SME tokens)
iter 13601: loss 0.1912, time 225.23ms, mfu 2.02%
iter 13602: loss 0.2091, time 254.55ms, mfu 2.10%
iter 13603: loss 0.2010, time 370.99ms, mfu 2.08%
iter 13604: loss 0.1947, time 358.67ms, mfu 2.07%
iter 13605: loss 0.2179, time 257.16ms, mfu 2.14%
iter 13606: loss 0.2227, time 303.71ms, mfu 2.16%
iter 13607: loss 0.2035, time 444.50ms, mfu 2.10%
iter 13608: loss 0.2029, time 314.18ms, mfu 2.11%
iter 13609: loss 0.1937, time 393.38ms, mfu 2.08%
iter 13610: loss 0.2199, time 408.28ms, mfu 2.05%
iter 13611: loss 0.2029, time 261.41ms, mfu 2.12%
iter 13612: loss 0.1937, time 392.61ms, mfu 2.08%
iter 13613: loss 0.2180, time 327.67ms, mfu 2.09%
iter 13614: loss 0.1944, time 471.72ms, mfu 2.03%
iter 13615: loss 0.1878, time 328.76ms, mfu 2.05%
iter 13616: loss 0.2029, time 425.04ms, mfu 2.01%
iter 13617: loss 0.2185, time 371.85ms, mfu 2.00%
iter 13618: loss 0.2172, time 298.52ms, mfu 2.03%
iter 13619: loss 0.2009, time 249.99ms, mfu 2.11%
iter 13620: loss 0.2024, time 308.01ms, mfu 2.13%
iter 13621: loss 0.2003, time 396.64ms, mfu 2.10%
iter 13622: loss 0.2280, time 460.70ms, mfu 2.04%
iter 13623: loss 0.2132, time 394.62ms, mfu 2.02%
iter 13624: loss 0.2283, time 407.15ms, mfu 1.99%
iter 13625: loss 0.1882, time 266.09ms, mfu 2.06%
iter 13626: loss 0.1822, time 513.87ms, mfu 1.99%
iter 13627: loss 0.2030, time 379.55ms, mfu 1.98%
iter 13628: loss 0.2140, time 392.17ms, mfu 1.96%
iter 13629: loss 0.2336, time 383.23ms, mfu 1.95%
iter 13630: loss 0.2293, time 310.29ms, mfu 1.98%
iter 13631: loss 0.1990, time 295.93ms, mfu 2.02%
iter 13632: loss 0.2213, time 472.17ms, mfu 1.97%
iter 13633: loss 0.2271, time 339.75ms, mfu 1.98%
iter 13634: loss 0.2154, time 362.50ms, mfu 1.98%
iter 13635: loss 0.2009, time 385.08ms, mfu 1.97%
iter 13636: loss 0.2148, time 365.25ms, mfu 1.96%
iter 13637: loss 0.1847, time 426.34ms, mfu 1.93%
iter 13638: loss 0.2080, time 360.02ms, mfu 1.94%
iter 13639: loss 0.2317, time 254.21ms, mfu 2.02%
iter 13640: loss 0.2311, time 466.28ms, mfu 1.97%
iter 13641: loss 0.2376, time 334.24ms, mfu 1.99%
iter 13642: loss 0.2053, time 397.28ms, mfu 1.97%
iter 13643: loss 0.2135, time 403.32ms, mfu 1.95%
iter 13644: loss 0.1977, time 522.40ms, mfu 1.89%
iter 13645: loss 0.1985, time 357.71ms, mfu 1.90%
iter 13646: loss 0.2139, time 341.07ms, mfu 1.91%
iter 13647: loss 0.1908, time 403.82ms, mfu 1.90%
iter 13648: loss 0.1921, time 272.86ms, mfu 1.97%
iter 13649: loss 0.2316, time 526.77ms, mfu 1.91%
iter 13650: loss 0.2210, time 242.54ms, mfu 2.01%
iter 13651: loss 0.2056, time 369.44ms, mfu 2.00%
iter 13652: loss 0.2036, time 343.20ms, mfu 2.01%
iter 13653: loss 0.2146, time 401.77ms, mfu 1.98%
iter 13654: loss 0.2217, time 477.21ms, mfu 1.93%
iter 13655: loss 0.1991, time 278.16ms, mfu 1.99%
iter 13656: loss 0.1920, time 298.55ms, mfu 2.03%
iter 13657: loss 0.2026, time 350.11ms, mfu 2.03%
iter 13658: loss 0.1921, time 407.16ms, mfu 2.00%
iter 13659: loss 0.2080, time 318.45ms, mfu 2.02%
iter 13660: loss 0.1853, time 285.97ms, mfu 2.07%
iter 13661: loss 0.2016, time 428.21ms, mfu 2.03%
iter 13662: loss 0.1930, time 419.15ms, mfu 1.99%
iter 13663: loss 0.2602, time 237.19ms, mfu 2.09%
iter 13664: loss 0.2074, time 377.83ms, mfu 2.07%
iter 13665: loss 0.2134, time 498.27ms, mfu 2.01%
iter 13666: loss 0.2390, time 246.80ms, mfu 2.09%
iter 13667: loss 0.2109, time 285.06ms, mfu 2.13%
iter 13668: loss 0.2090, time 426.60ms, mfu 2.09%
iter 13669: loss 0.2475, time 257.88ms, mfu 2.15%
iter 13670: loss 0.1967, time 322.70ms, mfu 2.16%
iter 13671: loss 0.2111, time 452.30ms, mfu 2.10%
iter 13672: loss 0.2290, time 497.11ms, mfu 2.03%
iter 13673: loss 0.2011, time 361.97ms, mfu 2.02%
iter 13674: loss 0.1855, time 506.57ms, mfu 1.96%
iter 13675: loss 0.2052, time 402.07ms, mfu 1.94%
iter 13676: loss 0.2373, time 453.48ms, mfu 1.90%
iter 13677: loss 0.2234, time 363.25ms, mfu 1.91%
iter 13678: loss 0.2042, time 323.84ms, mfu 1.94%
iter 13679: loss 0.1900, time 426.55ms, mfu 1.91%
iter 13680: loss 0.2115, time 332.24ms, mfu 1.93%
iter 13681: loss 0.2232, time 299.00ms, mfu 1.97%
iter 13682: loss 0.1984, time 358.27ms, mfu 1.98%
iter 13683: loss 0.2345, time 481.72ms, mfu 1.92%
iter 13684: loss 0.2097, time 341.52ms, mfu 1.94%
iter 13685: loss 0.1952, time 280.26ms, mfu 2.00%
iter 13686: loss 0.2073, time 322.22ms, mfu 2.02%
iter 13687: loss 0.2324, time 344.75ms, mfu 2.02%
iter 13688: loss 0.2020, time 281.37ms, mfu 2.07%
iter 13689: loss 0.2194, time 418.35ms, mfu 2.03%
iter 13690: loss 0.2048, time 367.37ms, mfu 2.02%
iter 13691: loss 0.2441, time 449.28ms, mfu 1.98%
iter 13692: loss 0.1933, time 406.19ms, mfu 1.96%
iter 13693: loss 0.2113, time 364.48ms, mfu 1.95%
iter 13694: loss 0.2107, time 479.06ms, mfu 1.91%
iter 13695: loss 0.2135, time 559.24ms, mfu 1.84%
iter 13696: loss 0.2007, time 305.24ms, mfu 1.89%
iter 13697: loss 0.2236, time 362.67ms, mfu 1.90%
iter 13698: loss 0.1805, time 359.17ms, mfu 1.90%
iter 13699: loss 0.2174, time 236.56ms, mfu 2.01%
iter 13700: loss 0.2138, time 717.39ms, mfu 1.91%
  === DIAG iter 13700 ===
  loss: 0.2138
  grads: total 0.2848, transformer 0.1200, adapter 0.2583
  <NUM> input tokens: 685/3072 (22.3%)
  lr: 7.32e-05
  SME accuracy: overall 0.909, sign 0.988, exp 0.988, digit 0.856 [d0 0.924 d1 0.861 d2 0.810] (396 SME tokens)
iter 13701: loss 0.1946, time 231.20ms, mfu 2.03%
iter 13702: loss 0.2113, time 348.34ms, mfu 2.03%
iter 13703: loss 0.1920, time 450.67ms, mfu 1.98%
iter 13704: loss 0.2266, time 290.27ms, mfu 2.03%
iter 13705: loss 0.1828, time 512.23ms, mfu 1.96%
iter 13706: loss 0.2653, time 475.69ms, mfu 1.92%
iter 13707: loss 0.2157, time 378.72ms, mfu 1.91%
iter 13708: loss 0.2012, time 362.65ms, mfu 1.92%
iter 13709: loss 0.1830, time 247.20ms, mfu 2.01%
iter 13710: loss 0.2134, time 433.89ms, mfu 1.97%
iter 13711: loss 0.2293, time 324.88ms, mfu 1.99%
iter 13712: loss 0.2135, time 512.35ms, mfu 1.93%
iter 13713: loss 0.2107, time 462.37ms, mfu 1.89%
iter 13714: loss 0.2313, time 299.05ms, mfu 1.94%
iter 13715: loss 0.1814, time 387.50ms, mfu 1.93%
iter 13716: loss 0.1989, time 308.59ms, mfu 1.97%
iter 13717: loss 0.1813, time 602.30ms, mfu 1.89%
iter 13718: loss 0.1999, time 411.11ms, mfu 1.87%
iter 13719: loss 0.2021, time 515.38ms, mfu 1.82%
iter 13720: loss 0.1835, time 392.18ms, mfu 1.82%
iter 13721: loss 0.2040, time 250.33ms, mfu 1.92%
iter 13722: loss 0.2188, time 310.10ms, mfu 1.96%
iter 13723: loss 0.2011, time 463.07ms, mfu 1.91%
iter 13724: loss 0.2198, time 355.38ms, mfu 1.92%
iter 13725: loss 0.2095, time 393.61ms, mfu 1.91%
iter 13726: loss 0.2136, time 493.07ms, mfu 1.86%
iter 13727: loss 0.2000, time 652.28ms, mfu 1.79%
iter 13728: loss 0.1872, time 333.43ms, mfu 1.82%
iter 13729: loss 0.2153, time 374.67ms, mfu 1.83%
iter 13730: loss 0.1952, time 437.28ms, mfu 1.81%
iter 13731: loss 0.2109, time 277.88ms, mfu 1.88%
iter 13732: loss 0.2233, time 337.60ms, mfu 1.90%
iter 13733: loss 0.2065, time 453.61ms, mfu 1.87%
iter 13734: loss 0.1997, time 389.31ms, mfu 1.86%
iter 13735: loss 0.1941, time 415.44ms, mfu 1.85%
iter 13736: loss 0.2175, time 300.22ms, mfu 1.90%
iter 13737: loss 0.1908, time 386.00ms, mfu 1.89%
iter 13738: loss 0.1998, time 458.94ms, mfu 1.86%
iter 13739: loss 0.2117, time 350.37ms, mfu 1.87%
iter 13740: loss 0.1986, time 424.09ms, mfu 1.85%
iter 13741: loss 0.2103, time 459.00ms, mfu 1.82%
iter 13742: loss 0.2218, time 347.55ms, mfu 1.84%
iter 13743: loss 0.2117, time 428.25ms, mfu 1.83%
iter 13744: loss 0.2125, time 494.51ms, mfu 1.79%
iter 13745: loss 0.2079, time 304.38ms, mfu 1.84%
iter 13746: loss 0.2177, time 419.65ms, mfu 1.83%
iter 13747: loss 0.2370, time 296.30ms, mfu 1.88%
iter 13748: loss 0.1901, time 404.55ms, mfu 1.87%
iter 13749: loss 0.2376, time 485.89ms, mfu 1.83%
iter 13750: loss 0.2060, time 392.31ms, mfu 1.83%
iter 13751: loss 0.2027, time 229.90ms, mfu 1.95%
iter 13752: loss 0.1998, time 466.29ms, mfu 1.91%
iter 13753: loss 0.2138, time 442.75ms, mfu 1.88%
iter 13754: loss 0.2106, time 325.03ms, mfu 1.91%
iter 13755: loss 0.2139, time 320.93ms, mfu 1.94%
iter 13756: loss 0.2192, time 464.81ms, mfu 1.90%
iter 13757: loss 0.2109, time 340.19ms, mfu 1.92%
iter 13758: loss 0.2156, time 265.35ms, mfu 1.99%
iter 13759: loss 0.2031, time 374.81ms, mfu 1.98%
iter 13760: loss 0.2218, time 461.99ms, mfu 1.94%
iter 13761: loss 0.2151, time 503.73ms, mfu 1.88%
iter 13762: loss 0.2434, time 434.60ms, mfu 1.86%
iter 13763: loss 0.2121, time 339.55ms, mfu 1.88%
iter 13764: loss 0.2062, time 417.42ms, mfu 1.86%
iter 13765: loss 0.1929, time 330.53ms, mfu 1.89%
iter 13766: loss 0.1917, time 378.12ms, mfu 1.89%
iter 13767: loss 0.2069, time 311.40ms, mfu 1.93%
iter 13768: loss 0.1893, time 562.87ms, mfu 1.86%
iter 13769: loss 0.2288, time 313.97ms, mfu 1.90%
iter 13770: loss 0.2068, time 325.85ms, mfu 1.93%
iter 13771: loss 0.1952, time 332.61ms, mfu 1.95%
iter 13772: loss 0.2072, time 368.80ms, mfu 1.95%
iter 13773: loss 0.2077, time 417.76ms, mfu 1.92%
iter 13774: loss 0.2338, time 319.98ms, mfu 1.95%
iter 13775: loss 0.2267, time 387.90ms, mfu 1.94%
iter 13776: loss 0.1913, time 440.05ms, mfu 1.91%
iter 13777: loss 0.1928, time 488.22ms, mfu 1.86%
iter 13778: loss 0.2086, time 323.90ms, mfu 1.89%
iter 13779: loss 0.2299, time 491.97ms, mfu 1.85%
iter 13780: loss 0.2000, time 481.46ms, mfu 1.81%
iter 13781: loss 0.2028, time 438.96ms, mfu 1.79%
iter 13782: loss 0.2177, time 500.97ms, mfu 1.75%
iter 13783: loss 0.1898, time 297.69ms, mfu 1.82%
iter 13784: loss 0.1939, time 340.42ms, mfu 1.84%
iter 13785: loss 0.1866, time 454.32ms, mfu 1.81%
iter 13786: loss 0.2178, time 446.60ms, mfu 1.79%
iter 13787: loss 0.2404, time 248.05ms, mfu 1.90%
iter 13788: loss 0.2000, time 433.97ms, mfu 1.87%
iter 13789: loss 0.2004, time 379.49ms, mfu 1.87%
iter 13790: loss 0.1940, time 257.14ms, mfu 1.96%
iter 13791: loss 0.1999, time 254.57ms, mfu 2.04%
iter 13792: loss 0.1973, time 391.24ms, mfu 2.02%
iter 13793: loss 0.1907, time 331.32ms, mfu 2.03%
iter 13794: loss 0.1978, time 293.20ms, mfu 2.07%
iter 13795: loss 0.2585, time 315.94ms, mfu 2.09%
iter 13796: loss 0.2372, time 495.28ms, mfu 2.02%
iter 13797: loss 0.2081, time 420.83ms, mfu 1.99%
iter 13798: loss 0.2165, time 340.47ms, mfu 2.00%
iter 13799: loss 0.2070, time 377.72ms, mfu 1.98%
iter 13800: loss 0.2181, time 683.99ms, mfu 1.89%
  === DIAG iter 13800 ===
  loss: 0.2181
  grads: total 0.2540, transformer 0.0913, adapter 0.2371
  <NUM> input tokens: 678/3072 (22.1%)
  lr: 7.13e-05
  SME accuracy: overall 0.937, sign 0.983, exp 0.974, digit 0.909 [d0 0.913 d1 0.930 d2 0.913] (583 SME tokens)
iter 13801: loss 0.2279, time 208.53ms, mfu 2.04%
iter 13802: loss 0.2147, time 336.75ms, mfu 2.05%
iter 13803: loss 0.2150, time 300.85ms, mfu 2.08%
iter 13804: loss 0.1998, time 491.38ms, mfu 2.01%
iter 13805: loss 0.2144, time 397.46ms, mfu 1.99%
iter 13806: loss 0.2219, time 465.85ms, mfu 1.94%
iter 13807: loss 0.2262, time 325.31ms, mfu 1.97%
iter 13808: loss 0.2312, time 409.84ms, mfu 1.94%
iter 13809: loss 0.1733, time 434.22ms, mfu 1.91%
iter 13810: loss 0.2363, time 275.45ms, mfu 1.98%
iter 13811: loss 0.2114, time 414.52ms, mfu 1.95%
iter 13812: loss 0.2439, time 350.06ms, mfu 1.96%
iter 13813: loss 0.2101, time 283.55ms, mfu 2.01%
iter 13814: loss 0.2223, time 397.94ms, mfu 1.99%
iter 13815: loss 0.1941, time 306.17ms, mfu 2.02%
iter 13816: loss 0.2123, time 339.20ms, mfu 2.03%
iter 13817: loss 0.2335, time 369.99ms, mfu 2.02%
iter 13818: loss 0.2276, time 247.28ms, mfu 2.10%
iter 13819: loss 0.2190, time 421.60ms, mfu 2.06%
iter 13820: loss 0.2543, time 544.00ms, mfu 1.98%
iter 13821: loss 0.2406, time 422.57ms, mfu 1.95%
iter 13822: loss 0.1946, time 448.31ms, mfu 1.92%
iter 13823: loss 0.1806, time 403.50ms, mfu 1.90%
iter 13824: loss 0.2038, time 466.25ms, mfu 1.86%
iter 13825: loss 0.2207, time 358.55ms, mfu 1.87%
iter 13826: loss 0.2030, time 419.32ms, mfu 1.86%
iter 13827: loss 0.2245, time 288.03ms, mfu 1.92%
iter 13828: loss 0.2087, time 381.23ms, mfu 1.91%
iter 13829: loss 0.2158, time 264.76ms, mfu 1.99%
iter 13830: loss 0.2158, time 313.87ms, mfu 2.01%
iter 13831: loss 0.1928, time 528.49ms, mfu 1.95%
iter 13832: loss 0.2263, time 311.08ms, mfu 1.98%
iter 13833: loss 0.1992, time 353.40ms, mfu 1.98%
iter 13834: loss 0.1927, time 342.03ms, mfu 1.99%
iter 13835: loss 0.1925, time 298.41ms, mfu 2.03%
iter 13836: loss 0.1868, time 440.20ms, mfu 1.99%
iter 13837: loss 0.1849, time 425.97ms, mfu 1.96%
iter 13838: loss 0.2354, time 440.36ms, mfu 1.92%
iter 13839: loss 0.1885, time 449.00ms, mfu 1.89%
iter 13840: loss 0.2023, time 373.10ms, mfu 1.89%
iter 13841: loss 0.2067, time 373.50ms, mfu 1.89%
iter 13842: loss 0.2425, time 454.85ms, mfu 1.86%
iter 13843: loss 0.1903, time 430.03ms, mfu 1.84%
iter 13844: loss 0.2251, time 308.45ms, mfu 1.88%
iter 13845: loss 0.2098, time 528.86ms, mfu 1.83%
iter 13846: loss 0.2057, time 528.98ms, mfu 1.78%
iter 13847: loss 0.1919, time 312.77ms, mfu 1.83%
iter 13848: loss 0.2157, time 509.47ms, mfu 1.78%
iter 13849: loss 0.2208, time 299.05ms, mfu 1.84%
iter 13850: loss 0.1901, time 362.35ms, mfu 1.85%
iter 13851: loss 0.2281, time 407.90ms, mfu 1.84%
iter 13852: loss 0.1806, time 404.86ms, mfu 1.83%
iter 13853: loss 0.1915, time 505.49ms, mfu 1.79%
iter 13854: loss 0.2664, time 287.41ms, mfu 1.86%
iter 13855: loss 0.2402, time 419.00ms, mfu 1.84%
iter 13856: loss 0.2000, time 314.66ms, mfu 1.88%
iter 13857: loss 0.2027, time 219.73ms, mfu 2.02%
iter 13858: loss 0.2110, time 379.82ms, mfu 2.00%
iter 13859: loss 0.2299, time 280.24ms, mfu 2.05%
iter 13860: loss 0.1950, time 472.94ms, mfu 2.00%
iter 13861: loss 0.2047, time 350.67ms, mfu 2.00%
iter 13862: loss 0.2420, time 394.42ms, mfu 1.98%
iter 13863: loss 0.2014, time 338.05ms, mfu 1.99%
iter 13864: loss 0.1968, time 364.52ms, mfu 1.99%
iter 13865: loss 0.1900, time 462.51ms, mfu 1.94%
iter 13866: loss 0.2213, time 239.74ms, mfu 2.04%
iter 13867: loss 0.2111, time 316.69ms, mfu 2.06%
iter 13868: loss 0.1840, time 330.76ms, mfu 2.07%
iter 13869: loss 0.2095, time 362.13ms, mfu 2.06%
iter 13870: loss 0.2150, time 344.33ms, mfu 2.06%
iter 13871: loss 0.2091, time 395.10ms, mfu 2.03%
iter 13872: loss 0.2375, time 290.73ms, mfu 2.07%
iter 13873: loss 0.2156, time 419.67ms, mfu 2.03%
iter 13874: loss 0.1980, time 363.86ms, mfu 2.03%
iter 13875: loss 0.2496, time 439.93ms, mfu 1.98%
iter 13876: loss 0.2392, time 233.35ms, mfu 2.09%
iter 13877: loss 0.2331, time 500.37ms, mfu 2.02%
iter 13878: loss 0.1983, time 310.05ms, mfu 2.05%
iter 13879: loss 0.1955, time 315.57ms, mfu 2.07%
iter 13880: loss 0.1957, time 415.29ms, mfu 2.03%
iter 13881: loss 0.2037, time 423.30ms, mfu 2.00%
iter 13882: loss 0.2171, time 355.88ms, mfu 2.00%
iter 13883: loss 0.2078, time 334.33ms, mfu 2.01%
iter 13884: loss 0.2126, time 254.07ms, mfu 2.09%
iter 13885: loss 0.1874, time 431.81ms, mfu 2.04%
iter 13886: loss 0.2082, time 381.77ms, mfu 2.02%
iter 13887: loss 0.2199, time 475.73ms, mfu 1.97%
iter 13888: loss 0.1898, time 532.83ms, mfu 1.91%
iter 13889: loss 0.2132, time 255.82ms, mfu 1.99%
iter 13890: loss 0.2388, time 475.68ms, mfu 1.94%
iter 13891: loss 0.2119, time 410.20ms, mfu 1.92%
iter 13892: loss 0.2141, time 248.11ms, mfu 2.01%
iter 13893: loss 0.2025, time 309.68ms, mfu 2.04%
iter 13894: loss 0.2123, time 259.41ms, mfu 2.11%
iter 13895: loss 0.1892, time 450.52ms, mfu 2.06%
iter 13896: loss 0.2024, time 272.38ms, mfu 2.11%
iter 13897: loss 0.1940, time 317.63ms, mfu 2.12%
iter 13898: loss 0.2911, time 373.32ms, mfu 2.10%
iter 13899: loss 0.1753, time 359.48ms, mfu 2.09%
iter 13900: loss 0.2318, time 639.41ms, mfu 1.99%
  === DIAG iter 13900 ===
  loss: 0.2318
  grads: total 0.1445, transformer 0.0838, adapter 0.1177
  <NUM> input tokens: 672/3072 (21.9%)
  lr: 6.95e-05
  SME accuracy: overall 0.917, sign 0.958, exp 0.936, digit 0.897 [d0 0.905 d1 0.884 d2 0.895] (471 SME tokens)
iter 13901: loss 0.2464, time 226.03ms, mfu 2.10%
iter 13902: loss 0.2181, time 458.58ms, mfu 2.05%
iter 13903: loss 0.2490, time 298.33ms, mfu 2.08%
iter 13904: loss 0.2141, time 267.19ms, mfu 2.14%
iter 13905: loss 0.2073, time 376.31ms, mfu 2.11%
iter 13906: loss 0.2046, time 471.46ms, mfu 2.05%
iter 13907: loss 0.2031, time 331.58ms, mfu 2.06%
iter 13908: loss 0.2098, time 327.31ms, mfu 2.07%
iter 13909: loss 0.1979, time 394.10ms, mfu 2.04%
iter 13910: loss 0.2231, time 459.33ms, mfu 1.99%
iter 13911: loss 0.2278, time 438.23ms, mfu 1.96%
iter 13912: loss 0.2098, time 380.82ms, mfu 1.95%
iter 13913: loss 0.2265, time 418.99ms, mfu 1.92%
iter 13914: loss 0.2018, time 293.13ms, mfu 1.97%
iter 13915: loss 0.1856, time 389.71ms, mfu 1.96%
iter 13916: loss 0.1986, time 441.51ms, mfu 1.92%
iter 13917: loss 0.2038, time 344.97ms, mfu 1.93%
iter 13918: loss 0.2235, time 359.87ms, mfu 1.94%
iter 13919: loss 0.2108, time 306.30ms, mfu 1.98%
iter 13920: loss 0.2318, time 499.18ms, mfu 1.92%
iter 13921: loss 0.2077, time 437.94ms, mfu 1.89%
iter 13922: loss 0.2185, time 420.05ms, mfu 1.87%
iter 13923: loss 0.2170, time 411.94ms, mfu 1.85%
iter 13924: loss 0.2139, time 457.15ms, mfu 1.82%
iter 13925: loss 0.1976, time 396.98ms, mfu 1.82%
iter 13926: loss 0.2256, time 345.84ms, mfu 1.84%
iter 13927: loss 0.1979, time 434.86ms, mfu 1.82%
iter 13928: loss 0.2000, time 435.73ms, mfu 1.80%
iter 13929: loss 0.2199, time 366.93ms, mfu 1.82%
iter 13930: loss 0.2088, time 385.73ms, mfu 1.82%
iter 13931: loss 0.2304, time 344.87ms, mfu 1.84%
iter 13932: loss 0.2049, time 492.46ms, mfu 1.80%
iter 13933: loss 0.2142, time 314.44ms, mfu 1.85%
iter 13934: loss 0.1951, time 381.90ms, mfu 1.85%
iter 13935: loss 0.2325, time 299.51ms, mfu 1.90%
iter 13936: loss 0.2364, time 320.25ms, mfu 1.93%
iter 13937: loss 0.1981, time 359.13ms, mfu 1.93%
iter 13938: loss 0.2079, time 359.05ms, mfu 1.94%
iter 13939: loss 0.2126, time 430.53ms, mfu 1.91%
iter 13940: loss 0.2211, time 376.48ms, mfu 1.91%
iter 13941: loss 0.1998, time 279.75ms, mfu 1.97%
iter 13942: loss 0.2329, time 446.60ms, mfu 1.93%
iter 13943: loss 0.1889, time 379.34ms, mfu 1.92%
iter 13944: loss 0.2434, time 489.99ms, mfu 1.88%
iter 13945: loss 0.1938, time 329.25ms, mfu 1.90%
iter 13946: loss 0.2181, time 320.92ms, mfu 1.93%
iter 13947: loss 0.1962, time 396.98ms, mfu 1.92%
iter 13948: loss 0.2489, time 280.18ms, mfu 1.98%
iter 13949: loss 0.2001, time 383.86ms, mfu 1.97%
iter 13950: loss 0.2235, time 325.70ms, mfu 1.99%
iter 13951: loss 0.2237, time 420.18ms, mfu 1.96%
iter 13952: loss 0.2051, time 253.65ms, mfu 2.04%
iter 13953: loss 0.1806, time 376.83ms, mfu 2.03%
iter 13954: loss 0.1948, time 393.77ms, mfu 2.00%
iter 13955: loss 0.2387, time 495.95ms, mfu 1.95%
iter 13956: loss 0.2188, time 316.02ms, mfu 1.98%
iter 13957: loss 0.2300, time 353.77ms, mfu 1.98%
iter 13958: loss 0.1815, time 557.25ms, mfu 1.91%
iter 13959: loss 0.2059, time 311.03ms, mfu 1.94%
iter 13960: loss 0.2192, time 282.35ms, mfu 2.00%
iter 13961: loss 0.2498, time 396.61ms, mfu 1.98%
iter 13962: loss 0.2184, time 315.57ms, mfu 2.01%
iter 13963: loss 0.1861, time 423.64ms, mfu 1.97%
iter 13964: loss 0.2300, time 489.25ms, mfu 1.92%
iter 13965: loss 0.2120, time 451.76ms, mfu 1.89%
iter 13966: loss 0.2321, time 476.81ms, mfu 1.85%
iter 13967: loss 0.2151, time 420.10ms, mfu 1.83%
iter 13968: loss 0.2347, time 567.96ms, mfu 1.77%
iter 13969: loss 0.2022, time 245.43ms, mfu 1.88%
iter 13970: loss 0.1982, time 463.08ms, mfu 1.85%
iter 13971: loss 0.2027, time 265.03ms, mfu 1.93%
iter 13972: loss 0.1882, time 349.84ms, mfu 1.94%
iter 13973: loss 0.2034, time 465.71ms, mfu 1.90%
iter 13974: loss 0.2038, time 408.06ms, mfu 1.88%
iter 13975: loss 0.2003, time 310.87ms, mfu 1.92%
iter 13976: loss 0.1881, time 375.66ms, mfu 1.92%
iter 13977: loss 0.2122, time 224.86ms, mfu 2.04%
iter 13978: loss 0.2033, time 240.12ms, mfu 2.13%
iter 13979: loss 0.2013, time 372.76ms, mfu 2.11%
iter 13980: loss 0.2044, time 288.23ms, mfu 2.14%
iter 13981: loss 0.1953, time 391.18ms, mfu 2.11%
iter 13982: loss 0.2088, time 408.54ms, mfu 2.07%
iter 13983: loss 0.2085, time 367.48ms, mfu 2.06%
iter 13984: loss 0.1833, time 349.82ms, mfu 2.06%
iter 13985: loss 0.1860, time 453.47ms, mfu 2.01%
iter 13986: loss 0.2220, time 497.07ms, mfu 1.95%
iter 13987: loss 0.2207, time 329.92ms, mfu 1.97%
iter 13988: loss 0.2033, time 296.75ms, mfu 2.01%
iter 13989: loss 0.2074, time 419.24ms, mfu 1.98%
iter 13990: loss 0.2056, time 326.66ms, mfu 2.00%
iter 13991: loss 0.2249, time 458.65ms, mfu 1.95%
iter 13992: loss 0.2419, time 369.98ms, mfu 1.95%
iter 13993: loss 0.2021, time 278.45ms, mfu 2.01%
iter 13994: loss 0.2026, time 251.67ms, mfu 2.09%
iter 13995: loss 0.2578, time 376.45ms, mfu 2.07%
iter 13996: loss 0.2221, time 363.94ms, mfu 2.06%
iter 13997: loss 0.2237, time 361.53ms, mfu 2.05%
iter 13998: loss 0.2346, time 454.16ms, mfu 2.00%
iter 13999: loss 0.2180, time 362.75ms, mfu 1.99%
iter 14000: loss 0.2068, time 417.21ms, mfu 1.96%
  === DIAG iter 14000 ===
  loss: 0.2068
  grads: total 0.2947, transformer 0.1376, adapter 0.2606
  <NUM> input tokens: 587/3072 (19.1%)
  lr: 6.78e-05
  SME accuracy: overall 0.939, sign 0.967, exp 0.978, digit 0.916 [d0 0.956 d1 0.933 d2 0.911] (456 SME tokens)
  --- Sample eval (val) ---
  SUM: <894> <-3> →
    target: 891
    pred:   891
    error:  0.00

   <789.702> <837> <418.29> <7> <-5.3> →
    target: -328
    pred:   920
    error:  1248.00

  SORT: <732> <169> <125> <-147.6> <-862.762> <37> <-9.7835> <0> <2.7> <-654> <269> <-716.616> <3> <100> →
    target: -862 -716 -654 -147 -9.78 0 2.7 3 37 100 125 168 268 732
    pred:   -862 -716 -654 -147 -9.78 0 2.7 3 37 100 125 168 268 732
    error:  0.00 0.00 0.00 0.00 0.00 0.00 0.00 0.00 0.00 0.00 0.00 0.00 0.00 0.00

  SUB: <309.2> - <-498> →
    target: 807
    pred:   806
    error:  1.00

  MAX: <385> <375.9> <-340.2> <855> <169.374> <-6.2> <590.19> <59.8283> <1> <-187> <161> <-9.054> <-77> <-1.8789> <-520.6> →
    target: 855
    pred:   855
    error:  0.00

iter 14001: loss 0.2001, time 269.77ms, mfu 2.03%
iter 14002: loss 0.1920, time 253.99ms, mfu 2.11%
iter 14003: loss 0.2062, time 334.73ms, mfu 2.11%
iter 14004: loss 0.2181, time 451.23ms, mfu 2.05%
iter 14005: loss 0.1889, time 480.76ms, mfu 2.00%
iter 14006: loss 0.1940, time 327.72ms, mfu 2.01%
iter 14007: loss 0.1964, time 348.10ms, mfu 2.01%
iter 14008: loss 0.1932, time 403.75ms, mfu 1.99%
iter 14009: loss 0.2003, time 485.55ms, mfu 1.94%
iter 14010: loss 0.2244, time 286.43ms, mfu 1.99%
iter 14011: loss 0.2056, time 345.40ms, mfu 2.00%
iter 14012: loss 0.2035, time 415.91ms, mfu 1.97%
iter 14013: loss 0.1902, time 405.60ms, mfu 1.94%
iter 14014: loss 0.2333, time 327.04ms, mfu 1.97%
iter 14015: loss 0.1978, time 424.19ms, mfu 1.94%
iter 14016: loss 0.2122, time 304.54ms, mfu 1.98%
iter 14017: loss 0.1725, time 332.27ms, mfu 1.99%
iter 14018: loss 0.1728, time 519.71ms, mfu 1.93%
iter 14019: loss 0.2283, time 420.74ms, mfu 1.90%
iter 14020: loss 0.2057, time 380.94ms, mfu 1.90%
iter 14021: loss 0.1998, time 530.16ms, mfu 1.84%
iter 14022: loss 0.2146, time 473.63ms, mfu 1.81%
iter 14023: loss 0.2180, time 295.26ms, mfu 1.87%
iter 14024: loss 0.2323, time 324.89ms, mfu 1.90%
iter 14025: loss 0.1978, time 360.79ms, mfu 1.91%
iter 14026: loss 0.2104, time 393.82ms, mfu 1.90%
iter 14027: loss 0.2275, time 239.33ms, mfu 2.00%
iter 14028: loss 0.1858, time 320.85ms, mfu 2.02%
iter 14029: loss 0.1956, time 346.06ms, mfu 2.03%
iter 14030: loss 0.1906, time 321.82ms, mfu 2.04%
iter 14031: loss 0.1998, time 453.76ms, mfu 1.99%
iter 14032: loss 0.2092, time 245.04ms, mfu 2.08%
iter 14033: loss 0.2229, time 423.09ms, mfu 2.04%
iter 14034: loss 0.2108, time 276.78ms, mfu 2.10%
iter 14035: loss 0.1988, time 424.36ms, mfu 2.05%
iter 14036: loss 0.2194, time 301.89ms, mfu 2.08%
iter 14037: loss 0.1901, time 463.57ms, mfu 2.03%
iter 14038: loss 0.2309, time 360.41ms, mfu 2.02%
iter 14039: loss 0.1694, time 392.15ms, mfu 2.00%
iter 14040: loss 0.2100, time 426.40ms, mfu 1.97%
iter 14041: loss 0.1979, time 352.99ms, mfu 1.97%
iter 14042: loss 0.1957, time 284.18ms, mfu 2.02%
iter 14043: loss 0.2205, time 359.76ms, mfu 2.02%
iter 14044: loss 0.2104, time 419.56ms, mfu 1.98%
iter 14045: loss 0.2327, time 353.30ms, mfu 1.99%
iter 14046: loss 0.2194, time 365.12ms, mfu 1.98%
iter 14047: loss 0.2211, time 478.87ms, mfu 1.93%
iter 14048: loss 0.1945, time 421.12ms, mfu 1.91%
iter 14049: loss 0.2076, time 364.91ms, mfu 1.91%
iter 14050: loss 0.2658, time 491.29ms, mfu 1.86%
iter 14051: loss 0.2187, time 346.33ms, mfu 1.88%
iter 14052: loss 0.2122, time 353.17ms, mfu 1.89%
iter 14053: loss 0.2138, time 455.69ms, mfu 1.86%
iter 14054: loss 0.1794, time 278.80ms, mfu 1.93%
iter 14055: loss 0.2158, time 440.83ms, mfu 1.90%
iter 14056: loss 0.2009, time 459.25ms, mfu 1.86%
iter 14057: loss 0.2227, time 289.91ms, mfu 1.92%
iter 14058: loss 0.2190, time 389.41ms, mfu 1.91%
iter 14059: loss 0.1794, time 320.85ms, mfu 1.94%
iter 14060: loss 0.2021, time 425.63ms, mfu 1.91%
iter 14061: loss 0.2233, time 396.01ms, mfu 1.90%
iter 14062: loss 0.1864, time 380.38ms, mfu 1.90%
iter 14063: loss 0.1818, time 368.55ms, mfu 1.90%
iter 14064: loss 0.1925, time 372.04ms, mfu 1.90%
iter 14065: loss 0.2022, time 327.21ms, mfu 1.93%
iter 14066: loss 0.1912, time 450.14ms, mfu 1.89%
iter 14067: loss 0.2199, time 330.91ms, mfu 1.92%
iter 14068: loss 0.1949, time 282.20ms, mfu 1.98%
iter 14069: loss 0.1980, time 276.43ms, mfu 2.03%
iter 14070: loss 0.1953, time 508.87ms, mfu 1.97%
iter 14071: loss 0.2022, time 329.46ms, mfu 1.99%
iter 14072: loss 0.2427, time 404.84ms, mfu 1.96%
iter 14073: loss 0.2071, time 373.35ms, mfu 1.96%
iter 14074: loss 0.1954, time 353.89ms, mfu 1.96%
iter 14075: loss 0.1989, time 299.32ms, mfu 2.00%
iter 14076: loss 0.2397, time 359.74ms, mfu 2.00%
iter 14077: loss 0.2009, time 289.02ms, mfu 2.04%
iter 14078: loss 0.2215, time 498.69ms, mfu 1.98%
iter 14079: loss 0.2077, time 289.97ms, mfu 2.03%
iter 14080: loss 0.2271, time 413.71ms, mfu 2.00%
iter 14081: loss 0.2244, time 376.25ms, mfu 1.99%
iter 14082: loss 0.1844, time 349.28ms, mfu 1.99%
iter 14083: loss 0.2086, time 288.78ms, mfu 2.04%
iter 14084: loss 0.2127, time 352.09ms, mfu 2.03%
iter 14085: loss 0.2257, time 385.59ms, mfu 2.01%
iter 14086: loss 0.2186, time 371.57ms, mfu 2.00%
iter 14087: loss 0.1777, time 332.13ms, mfu 2.02%
iter 14088: loss 0.1865, time 430.10ms, mfu 1.98%
iter 14089: loss 0.2173, time 349.06ms, mfu 1.98%
iter 14090: loss 0.1967, time 259.84ms, mfu 2.06%
iter 14091: loss 0.2068, time 335.57ms, mfu 2.06%
iter 14092: loss 0.1909, time 525.41ms, mfu 1.99%
iter 14093: loss 0.2272, time 312.18ms, mfu 2.02%
iter 14094: loss 0.1955, time 453.34ms, mfu 1.97%
iter 14095: loss 0.2232, time 222.82ms, mfu 2.10%
iter 14096: loss 0.2075, time 356.89ms, mfu 2.08%
iter 14097: loss 0.2230, time 520.37ms, mfu 2.01%
iter 14098: loss 0.1859, time 400.59ms, mfu 1.99%
iter 14099: loss 0.2488, time 287.66ms, mfu 2.04%
iter 14100: loss 0.2082, time 535.93ms, mfu 1.96%
  === DIAG iter 14100 ===
  loss: 0.2082
  grads: total 0.2222, transformer 0.0957, adapter 0.2006
  <NUM> input tokens: 700/3072 (22.8%)
  lr: 6.64e-05
  SME accuracy: overall 0.949, sign 0.988, exp 0.976, digit 0.927 [d0 0.953 d1 0.953 d2 0.919] (430 SME tokens)
iter 14101: loss 0.2260, time 179.80ms, mfu 2.16%
iter 14102: loss 0.2399, time 357.88ms, mfu 2.14%
iter 14103: loss 0.2063, time 334.33ms, mfu 2.14%
iter 14104: loss 0.2268, time 460.72ms, mfu 2.08%
iter 14105: loss 0.2118, time 366.96ms, mfu 2.07%
iter 14106: loss 0.1871, time 450.66ms, mfu 2.02%
iter 14107: loss 0.1987, time 355.57ms, mfu 2.01%
iter 14108: loss 0.2281, time 545.78ms, mfu 1.94%
iter 14109: loss 0.2014, time 238.95ms, mfu 2.05%
iter 14110: loss 0.2087, time 320.86ms, mfu 2.06%
iter 14111: loss 0.2537, time 425.48ms, mfu 2.02%
iter 14112: loss 0.2237, time 414.14ms, mfu 1.99%
iter 14113: loss 0.2090, time 497.92ms, mfu 1.93%
iter 14114: loss 0.1891, time 353.13ms, mfu 1.94%
iter 14115: loss 0.2171, time 299.53ms, mfu 1.98%
iter 14116: loss 0.2107, time 263.36ms, mfu 2.05%
iter 14117: loss 0.1946, time 397.44ms, mfu 2.03%
iter 14118: loss 0.2010, time 394.37ms, mfu 2.00%
iter 14119: loss 0.2084, time 407.69ms, mfu 1.98%
iter 14120: loss 0.2078, time 473.30ms, mfu 1.93%
iter 14121: loss 0.2070, time 344.05ms, mfu 1.94%
iter 14122: loss 0.2040, time 437.46ms, mfu 1.91%
iter 14123: loss 0.2076, time 275.10ms, mfu 1.98%
iter 14124: loss 0.1714, time 442.54ms, mfu 1.94%
iter 14125: loss 0.1981, time 484.02ms, mfu 1.89%
iter 14126: loss 0.2221, time 341.18ms, mfu 1.91%
iter 14127: loss 0.1910, time 399.07ms, mfu 1.90%
iter 14128: loss 0.1942, time 405.12ms, mfu 1.88%
iter 14129: loss 0.1931, time 235.26ms, mfu 2.00%
iter 14130: loss 0.2360, time 359.51ms, mfu 1.99%
iter 14131: loss 0.2215, time 393.49ms, mfu 1.97%
iter 14132: loss 0.2325, time 490.89ms, mfu 1.92%
iter 14133: loss 0.2033, time 370.97ms, mfu 1.92%
iter 14134: loss 0.2148, time 299.21ms, mfu 1.96%
iter 14135: loss 0.2267, time 457.25ms, mfu 1.92%
iter 14136: loss 0.2087, time 454.58ms, mfu 1.89%
iter 14137: loss 0.2209, time 437.52ms, mfu 1.86%
iter 14138: loss 0.2122, time 544.46ms, mfu 1.80%
iter 14139: loss 0.1880, time 339.71ms, mfu 1.83%
iter 14140: loss 0.1846, time 308.82ms, mfu 1.88%
iter 14141: loss 0.2447, time 475.11ms, mfu 1.84%
iter 14142: loss 0.2194, time 349.83ms, mfu 1.86%
iter 14143: loss 0.2028, time 476.30ms, mfu 1.82%
iter 14144: loss 0.1913, time 301.07ms, mfu 1.87%
iter 14145: loss 0.2476, time 383.95ms, mfu 1.87%
iter 14146: loss 0.2142, time 408.86ms, mfu 1.86%
iter 14147: loss 0.2205, time 363.22ms, mfu 1.87%
iter 14148: loss 0.2624, time 435.38ms, mfu 1.84%
iter 14149: loss 0.2139, time 468.71ms, mfu 1.81%
iter 14150: loss 0.2432, time 428.44ms, mfu 1.79%
iter 14151: loss 0.2186, time 498.58ms, mfu 1.76%
iter 14152: loss 0.2016, time 391.85ms, mfu 1.76%
iter 14153: loss 0.2514, time 363.33ms, mfu 1.78%
iter 14154: loss 0.1776, time 306.43ms, mfu 1.83%
iter 14155: loss 0.1994, time 340.03ms, mfu 1.86%
iter 14156: loss 0.1931, time 311.22ms, mfu 1.90%
iter 14157: loss 0.1904, time 428.02ms, mfu 1.88%
iter 14158: loss 0.1839, time 443.36ms, mfu 1.85%
iter 14159: loss 0.1881, time 274.96ms, mfu 1.92%
iter 14160: loss 0.2044, time 430.62ms, mfu 1.89%
iter 14161: loss 0.2118, time 487.70ms, mfu 1.85%
iter 14162: loss 0.1969, time 437.96ms, mfu 1.83%
iter 14163: loss 0.1960, time 295.21ms, mfu 1.88%
iter 14164: loss 0.2112, time 484.50ms, mfu 1.84%
iter 14165: loss 0.2040, time 379.98ms, mfu 1.84%
iter 14166: loss 0.1879, time 329.12ms, mfu 1.88%
iter 14167: loss 0.1981, time 480.16ms, mfu 1.84%
iter 14168: loss 0.1798, time 424.76ms, mfu 1.82%
iter 14169: loss 0.2188, time 322.64ms, mfu 1.86%
iter 14170: loss 0.2169, time 359.00ms, mfu 1.87%
iter 14171: loss 0.2126, time 310.73ms, mfu 1.91%
iter 14172: loss 0.2156, time 423.96ms, mfu 1.89%
iter 14173: loss 0.1939, time 446.99ms, mfu 1.86%
iter 14174: loss 0.2090, time 461.02ms, mfu 1.82%
iter 14175: loss 0.2023, time 549.12ms, mfu 1.77%
iter 14176: loss 0.2139, time 302.19ms, mfu 1.83%
iter 14177: loss 0.2192, time 301.10ms, mfu 1.88%
iter 14178: loss 0.2141, time 503.61ms, mfu 1.83%
iter 14179: loss 0.2141, time 491.84ms, mfu 1.79%
iter 14180: loss 0.2334, time 255.65ms, mfu 1.89%
iter 14181: loss 0.2130, time 359.12ms, mfu 1.90%
iter 14182: loss 0.2082, time 409.36ms, mfu 1.88%
iter 14183: loss 0.2051, time 357.58ms, mfu 1.89%
iter 14184: loss 0.2180, time 348.03ms, mfu 1.91%
iter 14185: loss 0.1916, time 377.89ms, mfu 1.90%
iter 14186: loss 0.2240, time 312.97ms, mfu 1.94%
iter 14187: loss 0.1991, time 327.04ms, mfu 1.96%
iter 14188: loss 0.1881, time 266.92ms, mfu 2.03%
iter 14189: loss 0.2079, time 427.52ms, mfu 1.99%
iter 14190: loss 0.2277, time 261.63ms, mfu 2.07%
iter 14191: loss 0.2049, time 360.62ms, mfu 2.06%
iter 14192: loss 0.2025, time 507.65ms, mfu 1.99%
iter 14193: loss 0.2066, time 278.64ms, mfu 2.05%
iter 14194: loss 0.2011, time 303.80ms, mfu 2.07%
iter 14195: loss 0.2169, time 375.60ms, mfu 2.06%
iter 14196: loss 0.2027, time 311.01ms, mfu 2.08%
iter 14197: loss 0.1874, time 310.47ms, mfu 2.10%
iter 14198: loss 0.2280, time 350.86ms, mfu 2.09%
iter 14199: loss 0.2259, time 551.80ms, mfu 2.01%
iter 14200: loss 0.2188, time 561.02ms, mfu 1.94%
  === DIAG iter 14200 ===
  loss: 0.2188
  grads: total 0.2062, transformer 0.1016, adapter 0.1795
  <NUM> input tokens: 634/3072 (20.6%)
  lr: 6.50e-05
  SME accuracy: overall 0.905, sign 0.982, exp 0.955, digit 0.863 [d0 0.857 d1 0.875 d2 0.848] (559 SME tokens)
iter 14201: loss 0.2141, time 201.11ms, mfu 2.09%
iter 14202: loss 0.2278, time 268.08ms, mfu 2.15%
iter 14203: loss 0.2039, time 432.48ms, mfu 2.10%
iter 14204: loss 0.1995, time 357.08ms, mfu 2.09%
iter 14205: loss 0.2440, time 438.63ms, mfu 2.04%
iter 14206: loss 0.2145, time 313.11ms, mfu 2.06%
iter 14207: loss 0.1773, time 515.85ms, mfu 1.99%
iter 14208: loss 0.1656, time 350.24ms, mfu 2.00%
iter 14209: loss 0.2088, time 389.77ms, mfu 1.98%
iter 14210: loss 0.1850, time 421.26ms, mfu 1.95%
iter 14211: loss 0.2020, time 313.98ms, mfu 1.98%
iter 14212: loss 0.2096, time 352.97ms, mfu 1.98%
iter 14213: loss 0.2409, time 363.37ms, mfu 1.98%
iter 14214: loss 0.2104, time 319.39ms, mfu 2.00%
iter 14215: loss 0.2154, time 488.92ms, mfu 1.95%
iter 14216: loss 0.2182, time 391.71ms, mfu 1.93%
iter 14217: loss 0.1997, time 279.69ms, mfu 1.99%
iter 14218: loss 0.1870, time 506.82ms, mfu 1.93%
iter 14219: loss 0.2212, time 364.31ms, mfu 1.94%
iter 14220: loss 0.2103, time 407.57ms, mfu 1.92%
iter 14221: loss 0.1718, time 259.42ms, mfu 2.00%
iter 14222: loss 0.2019, time 260.07ms, mfu 2.07%
iter 14223: loss 0.2057, time 370.98ms, mfu 2.05%
iter 14224: loss 0.2153, time 368.37ms, mfu 2.04%
iter 14225: loss 0.1794, time 299.29ms, mfu 2.07%
iter 14226: loss 0.1827, time 456.22ms, mfu 2.02%
iter 14227: loss 0.2075, time 406.36ms, mfu 1.99%
iter 14228: loss 0.2039, time 418.13ms, mfu 1.96%
iter 14229: loss 0.2359, time 362.81ms, mfu 1.96%
iter 14230: loss 0.1886, time 427.50ms, mfu 1.93%
iter 14231: loss 0.1932, time 455.46ms, mfu 1.89%
iter 14232: loss 0.2124, time 369.69ms, mfu 1.90%
iter 14233: loss 0.1810, time 280.27ms, mfu 1.96%
iter 14234: loss 0.2243, time 344.81ms, mfu 1.97%
iter 14235: loss 0.1854, time 432.93ms, mfu 1.94%
iter 14236: loss 0.2377, time 261.26ms, mfu 2.01%
iter 14237: loss 0.1845, time 311.77ms, mfu 2.04%
iter 14238: loss 0.1937, time 398.44ms, mfu 2.01%
iter 14239: loss 0.2198, time 396.04ms, mfu 1.99%
iter 14240: loss 0.2227, time 354.49ms, mfu 1.99%
iter 14241: loss 0.1913, time 452.56ms, mfu 1.95%
iter 14242: loss 0.2041, time 319.28ms, mfu 1.98%
iter 14243: loss 0.2087, time 458.99ms, mfu 1.93%
iter 14244: loss 0.2202, time 334.28ms, mfu 1.95%
iter 14245: loss 0.1872, time 390.92ms, mfu 1.94%
iter 14246: loss 0.2273, time 298.63ms, mfu 1.98%
iter 14247: loss 0.2151, time 406.63ms, mfu 1.96%
iter 14248: loss 0.2165, time 385.41ms, mfu 1.95%
iter 14249: loss 0.2130, time 422.08ms, mfu 1.92%
iter 14250: loss 0.2436, time 305.95ms, mfu 1.96%
iter 14251: loss 0.2133, time 466.93ms, mfu 1.91%
iter 14252: loss 0.2080, time 427.04ms, mfu 1.89%
iter 14253: loss 0.2064, time 326.28ms, mfu 1.92%
iter 14254: loss 0.1935, time 316.56ms, mfu 1.95%
iter 14255: loss 0.2023, time 404.49ms, mfu 1.93%
iter 14256: loss 0.2031, time 357.64ms, mfu 1.94%
iter 14257: loss 0.2419, time 428.53ms, mfu 1.91%
iter 14258: loss 0.2329, time 326.80ms, mfu 1.93%
iter 14259: loss 0.2202, time 413.62ms, mfu 1.91%
iter 14260: loss 0.2172, time 347.30ms, mfu 1.92%
iter 14261: loss 0.2040, time 427.94ms, mfu 1.90%
iter 14262: loss 0.2010, time 369.34ms, mfu 1.90%
iter 14263: loss 0.2280, time 419.61ms, mfu 1.88%
iter 14264: loss 0.2456, time 297.06ms, mfu 1.93%
iter 14265: loss 0.2056, time 422.83ms, mfu 1.90%
iter 14266: loss 0.2495, time 574.86ms, mfu 1.84%
iter 14267: loss 0.1911, time 332.46ms, mfu 1.87%
iter 14268: loss 0.2085, time 373.96ms, mfu 1.87%
iter 14269: loss 0.2361, time 363.10ms, mfu 1.88%
iter 14270: loss 0.1816, time 377.19ms, mfu 1.88%
iter 14271: loss 0.1804, time 414.96ms, mfu 1.86%
iter 14272: loss 0.2025, time 337.46ms, mfu 1.88%
iter 14273: loss 0.2038, time 345.09ms, mfu 1.90%
iter 14274: loss 0.2219, time 380.22ms, mfu 1.90%
iter 14275: loss 0.1876, time 482.71ms, mfu 1.85%
iter 14276: loss 0.2035, time 382.51ms, mfu 1.85%
iter 14277: loss 0.2129, time 333.66ms, mfu 1.88%
iter 14278: loss 0.1982, time 441.40ms, mfu 1.85%
iter 14279: loss 0.2159, time 389.76ms, mfu 1.85%
iter 14280: loss 0.1956, time 318.86ms, mfu 1.89%
iter 14281: loss 0.1887, time 319.64ms, mfu 1.92%
iter 14282: loss 0.2042, time 360.92ms, mfu 1.92%
iter 14283: loss 0.2000, time 397.57ms, mfu 1.91%
iter 14284: loss 0.2532, time 241.07ms, mfu 2.01%
iter 14285: loss 0.2812, time 327.03ms, mfu 2.03%
iter 14286: loss 0.2066, time 294.51ms, mfu 2.07%
iter 14287: loss 0.2271, time 449.42ms, mfu 2.02%
iter 14288: loss 0.1951, time 485.93ms, mfu 1.96%
iter 14289: loss 0.2180, time 312.12ms, mfu 1.99%
iter 14290: loss 0.2227, time 331.33ms, mfu 2.01%
iter 14291: loss 0.1796, time 491.04ms, mfu 1.95%
iter 14292: loss 0.1974, time 362.39ms, mfu 1.95%
iter 14293: loss 0.2168, time 297.92ms, mfu 1.99%
iter 14294: loss 0.1682, time 388.32ms, mfu 1.98%
iter 14295: loss 0.2023, time 397.39ms, mfu 1.96%
iter 14296: loss 0.2274, time 225.54ms, mfu 2.08%
iter 14297: loss 0.2244, time 322.40ms, mfu 2.09%
iter 14298: loss 0.2286, time 479.77ms, mfu 2.03%
iter 14299: loss 0.2060, time 327.69ms, mfu 2.04%
iter 14300: loss 0.1843, time 578.35ms, mfu 1.96%
  === DIAG iter 14300 ===
  loss: 0.1843
  grads: total 0.6075, transformer 0.1650, adapter 0.5847
  <NUM> input tokens: 643/3072 (20.9%)
  lr: 6.39e-05
  SME accuracy: overall 0.952, sign 0.982, exp 0.991, digit 0.929 [d0 0.938 d1 0.938 d2 0.920] (562 SME tokens)
iter 14301: loss 0.1732, time 168.22ms, mfu 2.18%
iter 14302: loss 0.2142, time 423.50ms, mfu 2.13%
iter 14303: loss 0.2251, time 487.39ms, mfu 2.07%
iter 14304: loss 0.2146, time 356.92ms, mfu 2.06%
iter 14305: loss 0.2150, time 304.53ms, mfu 2.08%
iter 14306: loss 0.1833, time 380.21ms, mfu 2.06%
iter 14307: loss 0.2086, time 415.25ms, mfu 2.03%
iter 14308: loss 0.1791, time 454.26ms, mfu 1.98%
iter 14309: loss 0.2360, time 335.41ms, mfu 1.99%
iter 14310: loss 0.1958, time 437.90ms, mfu 1.96%
iter 14311: loss 0.1787, time 392.69ms, mfu 1.94%
iter 14312: loss 0.2066, time 396.33ms, mfu 1.93%
iter 14313: loss 0.2116, time 370.91ms, mfu 1.92%
iter 14314: loss 0.2149, time 420.45ms, mfu 1.90%
iter 14315: loss 0.2070, time 355.95ms, mfu 1.91%
iter 14316: loss 0.2332, time 230.33ms, mfu 2.03%
iter 14317: loss 0.2096, time 415.73ms, mfu 1.99%
iter 14318: loss 0.2015, time 370.21ms, mfu 1.99%
iter 14319: loss 0.2482, time 303.66ms, mfu 2.02%
iter 14320: loss 0.2011, time 410.96ms, mfu 1.99%
iter 14321: loss 0.2067, time 317.74ms, mfu 2.02%
iter 14322: loss 0.2135, time 471.75ms, mfu 1.96%
iter 14323: loss 0.2259, time 373.64ms, mfu 1.96%
iter 14324: loss 0.1952, time 425.96ms, mfu 1.93%
iter 14325: loss 0.1975, time 229.49ms, mfu 2.04%
iter 14326: loss 0.2151, time 423.09ms, mfu 2.01%
iter 14327: loss 0.2276, time 432.93ms, mfu 1.97%
iter 14328: loss 0.2048, time 334.84ms, mfu 1.98%
iter 14329: loss 0.1847, time 284.61ms, mfu 2.04%
iter 14330: loss 0.2031, time 366.96ms, mfu 2.02%
iter 14331: loss 0.2259, time 398.87ms, mfu 2.00%
iter 14332: loss 0.2179, time 305.58ms, mfu 2.03%
iter 14333: loss 0.2371, time 506.86ms, mfu 1.97%
iter 14334: loss 0.2142, time 327.75ms, mfu 1.99%
iter 14335: loss 0.1945, time 429.20ms, mfu 1.95%
iter 14336: loss 0.2114, time 399.70ms, mfu 1.94%
iter 14337: loss 0.1958, time 440.87ms, mfu 1.90%
iter 14338: loss 0.1946, time 428.08ms, mfu 1.88%
iter 14339: loss 0.2080, time 401.27ms, mfu 1.87%
iter 14340: loss 0.1978, time 398.83ms, mfu 1.86%
iter 14341: loss 0.2075, time 411.82ms, mfu 1.84%
iter 14342: loss 0.1989, time 412.22ms, mfu 1.83%
iter 14343: loss 0.1849, time 474.60ms, mfu 1.80%
iter 14344: loss 0.2092, time 321.22ms, mfu 1.84%
iter 14345: loss 0.2552, time 212.79ms, mfu 1.99%
iter 14346: loss 0.1863, time 380.16ms, mfu 1.98%
iter 14347: loss 0.2440, time 411.12ms, mfu 1.95%
iter 14348: loss 0.2043, time 216.27ms, mfu 2.08%
iter 14349: loss 0.2044, time 369.48ms, mfu 2.07%
iter 14350: loss 0.1972, time 302.20ms, mfu 2.09%
iter 14351: loss 0.2176, time 389.18ms, mfu 2.07%
iter 14352: loss 0.2190, time 271.82ms, mfu 2.12%
iter 14353: loss 0.2281, time 382.24ms, mfu 2.09%
iter 14354: loss 0.2132, time 463.02ms, mfu 2.04%
iter 14355: loss 0.2047, time 403.54ms, mfu 2.01%
iter 14356: loss 0.2045, time 320.21ms, mfu 2.03%
iter 14357: loss 0.2106, time 379.91ms, mfu 2.01%
iter 14358: loss 0.2006, time 373.70ms, mfu 2.00%
iter 14359: loss 0.2242, time 380.36ms, mfu 1.99%
iter 14360: loss 0.1942, time 330.41ms, mfu 2.00%
iter 14361: loss 0.2046, time 432.83ms, mfu 1.97%
iter 14362: loss 0.2015, time 225.37ms, mfu 2.08%
iter 14363: loss 0.2048, time 474.68ms, mfu 2.03%
iter 14364: loss 0.2051, time 258.29ms, mfu 2.10%
iter 14365: loss 0.2435, time 336.90ms, mfu 2.10%
iter 14366: loss 0.1893, time 329.13ms, mfu 2.10%
iter 14367: loss 0.1793, time 320.62ms, mfu 2.11%
iter 14368: loss 0.2093, time 319.71ms, mfu 2.12%
iter 14369: loss 0.2177, time 373.11ms, mfu 2.10%
iter 14370: loss 0.2041, time 403.82ms, mfu 2.07%
iter 14371: loss 0.2085, time 434.09ms, mfu 2.02%
iter 14372: loss 0.2039, time 219.76ms, mfu 2.14%
iter 14373: loss 0.1825, time 397.29ms, mfu 2.11%
iter 14374: loss 0.2104, time 402.32ms, mfu 2.07%
iter 14375: loss 0.2041, time 395.91ms, mfu 2.05%
iter 14376: loss 0.2198, time 367.39ms, mfu 2.03%
iter 14377: loss 0.1854, time 254.37ms, mfu 2.11%
iter 14378: loss 0.2374, time 419.68ms, mfu 2.07%
iter 14379: loss 0.2070, time 332.44ms, mfu 2.07%
iter 14380: loss 0.2222, time 365.52ms, mfu 2.06%
iter 14381: loss 0.1963, time 419.60ms, mfu 2.02%
iter 14382: loss 0.1858, time 330.51ms, mfu 2.03%
iter 14383: loss 0.1896, time 379.88ms, mfu 2.02%
iter 14384: loss 0.2327, time 327.09ms, mfu 2.03%
iter 14385: loss 0.2194, time 203.87ms, mfu 2.18%
iter 14386: loss 0.2073, time 300.47ms, mfu 2.20%
iter 14387: loss 0.2331, time 419.18ms, mfu 2.14%
iter 14388: loss 0.2131, time 414.70ms, mfu 2.10%
iter 14389: loss 0.1972, time 430.16ms, mfu 2.06%
iter 14390: loss 0.2091, time 353.43ms, mfu 2.05%
iter 14391: loss 0.1870, time 436.85ms, mfu 2.01%
iter 14392: loss 0.1755, time 240.53ms, mfu 2.10%
iter 14393: loss 0.2000, time 294.54ms, mfu 2.13%
iter 14394: loss 0.2231, time 307.86ms, mfu 2.15%
iter 14395: loss 0.1864, time 276.86ms, mfu 2.19%
iter 14396: loss 0.1874, time 435.82ms, mfu 2.13%
iter 14397: loss 0.2036, time 247.29ms, mfu 2.21%
iter 14398: loss 0.1964, time 409.26ms, mfu 2.16%
iter 14399: loss 0.1896, time 413.96ms, mfu 2.11%
iter 14400: loss 0.2191, time 737.22ms, mfu 2.00%
  === DIAG iter 14400 ===
  loss: 0.2191
  grads: total 0.7764, transformer 0.1841, adapter 0.7543
  <NUM> input tokens: 683/3072 (22.2%)
  lr: 6.28e-05
  SME accuracy: overall 0.890, sign 0.987, exp 0.974, digit 0.831 [d0 0.897 d1 0.795 d2 0.833] (392 SME tokens)
iter 14401: loss 0.2206, time 156.58ms, mfu 2.25%
iter 14402: loss 0.2147, time 304.32ms, mfu 2.26%
iter 14403: loss 0.2070, time 402.71ms, mfu 2.21%
iter 14404: loss 0.2003, time 279.30ms, mfu 2.24%
iter 14405: loss 0.2139, time 434.81ms, mfu 2.18%
iter 14406: loss 0.1931, time 343.29ms, mfu 2.17%
iter 14407: loss 0.1814, time 447.34ms, mfu 2.11%
iter 14408: loss 0.2048, time 342.86ms, mfu 2.11%
iter 14409: loss 0.1873, time 374.62ms, mfu 2.09%
iter 14410: loss 0.2440, time 288.23ms, mfu 2.12%
iter 14411: loss 0.2386, time 350.90ms, mfu 2.11%
iter 14412: loss 0.1733, time 434.79ms, mfu 2.06%
iter 14413: loss 0.2009, time 363.18ms, mfu 2.05%
iter 14414: loss 0.1973, time 392.00ms, mfu 2.03%
iter 14415: loss 0.2142, time 336.21ms, mfu 2.04%
iter 14416: loss 0.1999, time 409.27ms, mfu 2.01%
iter 14417: loss 0.1963, time 337.10ms, mfu 2.02%
iter 14418: loss 0.1958, time 463.81ms, mfu 1.97%
iter 14419: loss 0.2359, time 487.66ms, mfu 1.92%
iter 14420: loss 0.2054, time 299.05ms, mfu 1.96%
iter 14421: loss 0.2370, time 415.93ms, mfu 1.94%
iter 14422: loss 0.2251, time 389.15ms, mfu 1.92%
iter 14423: loss 0.1921, time 371.57ms, mfu 1.92%
iter 14424: loss 0.2138, time 274.58ms, mfu 1.99%
iter 14425: loss 0.1860, time 512.37ms, mfu 1.93%
iter 14426: loss 0.2075, time 190.77ms, mfu 2.11%
iter 14427: loss 0.1982, time 379.38ms, mfu 2.08%
iter 14428: loss 0.2115, time 257.98ms, mfu 2.15%
iter 14429: loss 0.1935, time 313.08ms, mfu 2.16%
iter 14430: loss 0.2415, time 309.87ms, mfu 2.17%
iter 14431: loss 0.1889, time 450.67ms, mfu 2.11%
iter 14432: loss 0.2067, time 311.92ms, mfu 2.13%
iter 14433: loss 0.1877, time 387.42ms, mfu 2.10%
iter 14434: loss 0.1991, time 407.06ms, mfu 2.06%
iter 14435: loss 0.2125, time 367.98ms, mfu 2.05%
iter 14436: loss 0.2203, time 413.22ms, mfu 2.02%
iter 14437: loss 0.2349, time 370.44ms, mfu 2.01%
iter 14438: loss 0.2159, time 382.35ms, mfu 1.99%
iter 14439: loss 0.2121, time 290.97ms, mfu 2.04%
iter 14440: loss 0.2336, time 315.71ms, mfu 2.06%
iter 14441: loss 0.1921, time 235.13ms, mfu 2.15%
iter 14442: loss 0.2051, time 359.59ms, mfu 2.13%
iter 14443: loss 0.1922, time 500.35ms, mfu 2.06%
iter 14444: loss 0.1880, time 291.22ms, mfu 2.10%
iter 14445: loss 0.2072, time 460.82ms, mfu 2.04%
iter 14446: loss 0.2088, time 425.22ms, mfu 2.01%
iter 14447: loss 0.1860, time 411.50ms, mfu 1.98%
iter 14448: loss 0.2083, time 307.41ms, mfu 2.01%
iter 14449: loss 0.1939, time 471.46ms, mfu 1.96%
iter 14450: loss 0.2147, time 463.39ms, mfu 1.92%
iter 14451: loss 0.2414, time 371.00ms, mfu 1.92%
iter 14452: loss 0.2207, time 358.66ms, mfu 1.92%
iter 14453: loss 0.2233, time 311.38ms, mfu 1.96%
iter 14454: loss 0.1924, time 354.17ms, mfu 1.96%
iter 14455: loss 0.1845, time 474.20ms, mfu 1.91%
iter 14456: loss 0.1959, time 339.16ms, mfu 1.93%
iter 14457: loss 0.1793, time 432.13ms, mfu 1.90%
iter 14458: loss 0.2036, time 345.42ms, mfu 1.92%
iter 14459: loss 0.2049, time 452.43ms, mfu 1.88%
iter 14460: loss 0.2194, time 559.98ms, mfu 1.82%
iter 14461: loss 0.2140, time 319.87ms, mfu 1.86%
iter 14462: loss 0.2061, time 424.10ms, mfu 1.84%
iter 14463: loss 0.2441, time 312.28ms, mfu 1.88%
iter 14464: loss 0.1946, time 323.89ms, mfu 1.91%
iter 14465: loss 0.2030, time 437.92ms, mfu 1.89%
iter 14466: loss 0.2239, time 398.39ms, mfu 1.87%
iter 14467: loss 0.2168, time 437.46ms, mfu 1.85%
iter 14468: loss 0.2141, time 350.46ms, mfu 1.87%
iter 14469: loss 0.2122, time 402.03ms, mfu 1.86%
iter 14470: loss 0.1849, time 450.85ms, mfu 1.83%
iter 14471: loss 0.2132, time 417.08ms, mfu 1.81%
iter 14472: loss 0.2045, time 392.63ms, mfu 1.81%
iter 14473: loss 0.2234, time 310.96ms, mfu 1.86%
iter 14474: loss 0.2067, time 395.81ms, mfu 1.85%
iter 14475: loss 0.2227, time 333.13ms, mfu 1.88%
iter 14476: loss 0.2171, time 237.23ms, mfu 1.99%
iter 14477: loss 0.2031, time 414.72ms, mfu 1.96%
iter 14478: loss 0.2121, time 414.95ms, mfu 1.94%
iter 14479: loss 0.1929, time 250.35ms, mfu 2.03%
iter 14480: loss 0.2007, time 422.31ms, mfu 1.99%
iter 14481: loss 0.1971, time 353.66ms, mfu 1.99%
iter 14482: loss 0.2304, time 317.65ms, mfu 2.02%
iter 14483: loss 0.1936, time 508.29ms, mfu 1.95%
iter 14484: loss 0.1940, time 351.95ms, mfu 1.96%
iter 14485: loss 0.2060, time 414.95ms, mfu 1.94%
iter 14486: loss 0.2117, time 444.39ms, mfu 1.90%
iter 14487: loss 0.2522, time 286.48ms, mfu 1.96%
iter 14488: loss 0.2254, time 310.02ms, mfu 1.99%
iter 14489: loss 0.1903, time 401.76ms, mfu 1.97%
iter 14490: loss 0.2162, time 262.92ms, mfu 2.04%
iter 14491: loss 0.1976, time 311.80ms, mfu 2.06%
iter 14492: loss 0.1875, time 454.27ms, mfu 2.01%
iter 14493: loss 0.2249, time 313.00ms, mfu 2.04%
iter 14494: loss 0.2400, time 454.02ms, mfu 1.99%
iter 14495: loss 0.2074, time 379.36ms, mfu 1.98%
iter 14496: loss 0.2212, time 295.10ms, mfu 2.02%
iter 14497: loss 0.1830, time 415.12ms, mfu 1.99%
iter 14498: loss 0.1957, time 422.98ms, mfu 1.96%
iter 14499: loss 0.1961, time 372.44ms, mfu 1.95%
iter 14500: loss 0.2029, time 493.28ms, mfu 1.90%
  === DIAG iter 14500 ===
  loss: 0.2029
  grads: total 0.2618, transformer 0.1029, adapter 0.2408
  <NUM> input tokens: 591/3072 (19.2%)
  lr: 6.20e-05
  SME accuracy: overall 0.934, sign 0.982, exp 0.982, digit 0.901 [d0 0.911 d1 0.920 d2 0.875] (558 SME tokens)
iter 14501: loss 0.2068, time 225.37ms, mfu 2.03%
iter 14502: loss 0.2202, time 324.28ms, mfu 2.04%
iter 14503: loss 0.2168, time 228.76ms, mfu 2.15%
iter 14504: loss 0.2020, time 290.21ms, mfu 2.18%
iter 14505: loss 0.2047, time 367.23ms, mfu 2.15%
iter 14506: loss 0.1874, time 316.49ms, mfu 2.16%
iter 14507: loss 0.2162, time 405.36ms, mfu 2.12%
iter 14508: loss 0.2270, time 386.67ms, mfu 2.09%
iter 14509: loss 0.2219, time 411.11ms, mfu 2.05%
iter 14510: loss 0.2481, time 270.64ms, mfu 2.11%
iter 14511: loss 0.2133, time 256.28ms, mfu 2.18%
iter 14512: loss 0.2475, time 395.89ms, mfu 2.14%
iter 14513: loss 0.2126, time 381.92ms, mfu 2.11%
iter 14514: loss 0.1866, time 349.86ms, mfu 2.10%
iter 14515: loss 0.2366, time 248.15ms, mfu 2.18%
iter 14516: loss 0.2052, time 384.62ms, mfu 2.14%
iter 14517: loss 0.2169, time 306.68ms, mfu 2.16%
iter 14518: loss 0.2047, time 226.55ms, mfu 2.26%
iter 14519: loss 0.2219, time 353.10ms, mfu 2.23%
iter 14520: loss 0.1940, time 398.70ms, mfu 2.19%
iter 14521: loss 0.2421, time 432.19ms, mfu 2.13%
iter 14522: loss 0.2030, time 524.19ms, mfu 2.05%
iter 14523: loss 0.1816, time 367.64ms, mfu 2.04%
iter 14524: loss 0.2170, time 470.36ms, mfu 1.99%
iter 14525: loss 0.2132, time 225.03ms, mfu 2.10%
iter 14526: loss 0.2271, time 310.04ms, mfu 2.12%
iter 14527: loss 0.1915, time 354.34ms, mfu 2.11%
iter 14528: loss 0.2030, time 423.30ms, mfu 2.07%
iter 14529: loss 0.1864, time 342.61ms, mfu 2.07%
iter 14530: loss 0.2103, time 281.07ms, mfu 2.11%
iter 14531: loss 0.1999, time 309.77ms, mfu 2.13%
iter 14532: loss 0.1807, time 327.03ms, mfu 2.13%
iter 14533: loss 0.2386, time 312.58ms, mfu 2.15%
iter 14534: loss 0.2225, time 427.87ms, mfu 2.10%
iter 14535: loss 0.2018, time 480.65ms, mfu 2.04%
iter 14536: loss 0.2249, time 403.78ms, mfu 2.01%
iter 14537: loss 0.2208, time 242.29ms, mfu 2.10%
iter 14538: loss 0.2283, time 325.23ms, mfu 2.11%
iter 14539: loss 0.2193, time 310.71ms, mfu 2.12%
iter 14540: loss 0.1833, time 294.95ms, mfu 2.15%
iter 14541: loss 0.1815, time 446.38ms, mfu 2.10%
iter 14542: loss 0.1999, time 342.68ms, mfu 2.09%
iter 14543: loss 0.2076, time 397.59ms, mfu 2.06%
iter 14544: loss 0.2213, time 462.85ms, mfu 2.01%
iter 14545: loss 0.2020, time 314.21ms, mfu 2.03%
iter 14546: loss 0.1968, time 353.89ms, mfu 2.03%
iter 14547: loss 0.1980, time 452.92ms, mfu 1.98%
iter 14548: loss 0.1921, time 383.60ms, mfu 1.97%
iter 14549: loss 0.2180, time 525.13ms, mfu 1.91%
iter 14550: loss 0.1903, time 289.98ms, mfu 1.96%
iter 14551: loss 0.2024, time 364.26ms, mfu 1.96%
iter 14552: loss 0.1966, time 446.22ms, mfu 1.92%
iter 14553: loss 0.2280, time 304.95ms, mfu 1.96%
iter 14554: loss 0.1979, time 366.10ms, mfu 1.96%
iter 14555: loss 0.1986, time 463.10ms, mfu 1.92%
iter 14556: loss 0.2113, time 300.36ms, mfu 1.96%
iter 14557: loss 0.2027, time 370.62ms, mfu 1.96%
iter 14558: loss 0.2266, time 525.99ms, mfu 1.90%
iter 14559: loss 0.2182, time 307.99ms, mfu 1.94%
iter 14560: loss 0.2108, time 393.98ms, mfu 1.92%
iter 14561: loss 0.2082, time 266.86ms, mfu 2.00%
iter 14562: loss 0.2338, time 266.44ms, mfu 2.06%
iter 14563: loss 0.1827, time 364.52ms, mfu 2.05%
iter 14564: loss 0.1847, time 405.83ms, mfu 2.02%
iter 14565: loss 0.2097, time 373.04ms, mfu 2.01%
iter 14566: loss 0.2184, time 512.11ms, mfu 1.95%
iter 14567: loss 0.2183, time 374.18ms, mfu 1.94%
iter 14568: loss 0.1877, time 485.19ms, mfu 1.89%
iter 14569: loss 0.2049, time 246.88ms, mfu 1.99%
iter 14570: loss 0.2145, time 477.62ms, mfu 1.94%
iter 14571: loss 0.1979, time 227.33ms, mfu 2.06%
iter 14572: loss 0.2319, time 392.22ms, mfu 2.03%
iter 14573: loss 0.2096, time 425.82ms, mfu 2.00%
iter 14574: loss 0.2198, time 329.98ms, mfu 2.01%
iter 14575: loss 0.2323, time 418.95ms, mfu 1.98%
iter 14576: loss 0.1862, time 417.81ms, mfu 1.95%
iter 14577: loss 0.2174, time 319.47ms, mfu 1.98%
iter 14578: loss 0.2235, time 402.66ms, mfu 1.96%
iter 14579: loss 0.2521, time 365.73ms, mfu 1.95%
iter 14580: loss 0.2027, time 312.92ms, mfu 1.98%
iter 14581: loss 0.1919, time 457.93ms, mfu 1.94%
iter 14582: loss 0.1997, time 226.25ms, mfu 2.06%
iter 14583: loss 0.1851, time 417.23ms, mfu 2.02%
iter 14584: loss 0.2254, time 346.81ms, mfu 2.03%
iter 14585: loss 0.1943, time 319.27ms, mfu 2.05%
iter 14586: loss 0.2397, time 429.52ms, mfu 2.01%
iter 14587: loss 0.2372, time 357.47ms, mfu 2.00%
iter 14588: loss 0.2399, time 254.48ms, mfu 2.08%
iter 14589: loss 0.2224, time 486.76ms, mfu 2.02%
iter 14590: loss 0.1980, time 258.50ms, mfu 2.09%
iter 14591: loss 0.2074, time 438.24ms, mfu 2.04%
iter 14592: loss 0.2055, time 341.11ms, mfu 2.05%
iter 14593: loss 0.1860, time 408.99ms, mfu 2.02%
iter 14594: loss 0.2424, time 325.78ms, mfu 2.03%
iter 14595: loss 0.2185, time 358.48ms, mfu 2.03%
iter 14596: loss 0.2133, time 419.57ms, mfu 1.99%
iter 14597: loss 0.2425, time 219.08ms, mfu 2.12%
iter 14598: loss 0.1953, time 328.49ms, mfu 2.12%
iter 14599: loss 0.2122, time 310.61ms, mfu 2.14%
iter 14600: loss 0.1861, time 526.49ms, mfu 2.06%
  === DIAG iter 14600 ===
  loss: 0.1861
  grads: total 0.1298, transformer 0.0851, adapter 0.0980
  <NUM> input tokens: 626/3072 (20.4%)
  lr: 6.13e-05
  SME accuracy: overall 0.955, sign 0.973, exp 0.964, digit 0.946 [d0 0.964 d1 0.945 d2 0.936] (551 SME tokens)
iter 14601: loss 0.2302, time 230.12ms, mfu 2.16%
iter 14602: loss 0.2247, time 323.96ms, mfu 2.16%
iter 14603: loss 0.2156, time 240.33ms, mfu 2.24%
iter 14604: loss 0.1945, time 387.88ms, mfu 2.20%
iter 14605: loss 0.2302, time 420.56ms, mfu 2.15%
iter 14606: loss 0.2114, time 389.78ms, mfu 2.12%
iter 14607: loss 0.2031, time 302.28ms, mfu 2.14%
iter 14608: loss 0.2353, time 317.51ms, mfu 2.15%
iter 14609: loss 0.1952, time 329.16ms, mfu 2.15%
iter 14610: loss 0.2370, time 211.78ms, mfu 2.27%
iter 14611: loss 0.2082, time 326.67ms, mfu 2.26%
iter 14612: loss 0.2176, time 450.26ms, mfu 2.19%
iter 14613: loss 0.2206, time 324.90ms, mfu 2.19%
iter 14614: loss 0.2095, time 267.51ms, mfu 2.24%
iter 14615: loss 0.1928, time 313.13ms, mfu 2.24%
iter 14616: loss 0.1817, time 384.81ms, mfu 2.20%
iter 14617: loss 0.2067, time 433.55ms, mfu 2.14%
iter 14618: loss 0.2343, time 462.50ms, mfu 2.08%
iter 14619: loss 0.2073, time 354.24ms, mfu 2.07%
iter 14620: loss 0.2089, time 353.77ms, mfu 2.07%
iter 14621: loss 0.2156, time 320.25ms, mfu 2.08%
iter 14622: loss 0.2100, time 441.52ms, mfu 2.03%
iter 14623: loss 0.1956, time 474.46ms, mfu 1.98%
iter 14624: loss 0.1967, time 335.40ms, mfu 1.99%
iter 14625: loss 0.2064, time 251.20ms, mfu 2.08%
iter 14626: loss 0.2395, time 391.37ms, mfu 2.05%
iter 14627: loss 0.2103, time 332.23ms, mfu 2.06%
iter 14628: loss 0.1842, time 383.93ms, mfu 2.04%
iter 14629: loss 0.1920, time 477.93ms, mfu 1.98%
iter 14630: loss 0.1915, time 472.12ms, mfu 1.93%
iter 14631: loss 0.2131, time 275.00ms, mfu 2.00%
iter 14632: loss 0.1985, time 462.79ms, mfu 1.95%
iter 14633: loss 0.2168, time 277.64ms, mfu 2.01%
iter 14634: loss 0.1969, time 361.89ms, mfu 2.01%
iter 14635: loss 0.1561, time 447.47ms, mfu 1.96%
iter 14636: loss 0.1908, time 475.77ms, mfu 1.92%
iter 14637: loss 0.2326, time 341.12ms, mfu 1.93%
iter 14638: loss 0.1851, time 454.58ms, mfu 1.89%
iter 14639: loss 0.2234, time 323.41ms, mfu 1.92%
iter 14640: loss 0.2032, time 448.81ms, mfu 1.89%
iter 14641: loss 0.2093, time 410.17ms, mfu 1.87%
iter 14642: loss 0.2045, time 402.26ms, mfu 1.86%
iter 14643: loss 0.1895, time 325.28ms, mfu 1.89%
iter 14644: loss 0.1995, time 205.77ms, mfu 2.05%
iter 14645: loss 0.2118, time 396.50ms, mfu 2.02%
iter 14646: loss 0.2006, time 448.63ms, mfu 1.98%
iter 14647: loss 0.2085, time 463.15ms, mfu 1.93%
iter 14648: loss 0.1899, time 351.83ms, mfu 1.94%
iter 14649: loss 0.1901, time 383.84ms, mfu 1.93%
iter 14650: loss 0.2108, time 294.30ms, mfu 1.98%
iter 14651: loss 0.2233, time 431.42ms, mfu 1.95%
iter 14652: loss 0.2243, time 290.48ms, mfu 2.00%
iter 14653: loss 0.2233, time 409.34ms, mfu 1.97%
iter 14654: loss 0.2428, time 459.35ms, mfu 1.93%
iter 14655: loss 0.2185, time 396.38ms, mfu 1.91%
iter 14656: loss 0.1897, time 155.15ms, mfu 2.18%
iter 14657: loss 0.2232, time 397.28ms, mfu 2.14%
iter 14658: loss 0.2063, time 369.12ms, mfu 2.12%
iter 14659: loss 0.2244, time 375.59ms, mfu 2.09%
iter 14660: loss 0.1915, time 364.89ms, mfu 2.08%
iter 14661: loss 0.2226, time 288.41ms, mfu 2.12%
iter 14662: loss 0.2146, time 232.00ms, mfu 2.21%
iter 14663: loss 0.2396, time 438.96ms, mfu 2.15%
iter 14664: loss 0.2094, time 442.04ms, mfu 2.10%
iter 14665: loss 0.2112, time 254.15ms, mfu 2.17%
iter 14666: loss 0.2027, time 295.53ms, mfu 2.19%
iter 14667: loss 0.2025, time 595.40ms, mfu 2.09%
iter 14668: loss 0.2375, time 348.19ms, mfu 2.08%
iter 14669: loss 0.2063, time 456.21ms, mfu 2.03%
iter 14670: loss 0.2248, time 385.84ms, mfu 2.01%
iter 14671: loss 0.2291, time 438.19ms, mfu 1.97%
iter 14672: loss 0.2022, time 249.33ms, mfu 2.06%
iter 14673: loss 0.2007, time 348.31ms, mfu 2.06%
iter 14674: loss 0.1943, time 354.91ms, mfu 2.05%
iter 14675: loss 0.1985, time 381.40ms, mfu 2.03%
iter 14676: loss 0.2061, time 445.94ms, mfu 1.99%
iter 14677: loss 0.2065, time 478.90ms, mfu 1.94%
iter 14678: loss 0.1895, time 316.63ms, mfu 1.97%
iter 14679: loss 0.2264, time 321.17ms, mfu 1.99%
iter 14680: loss 0.2190, time 571.70ms, mfu 1.92%
iter 14681: loss 0.1761, time 329.96ms, mfu 1.94%
iter 14682: loss 0.1882, time 357.13ms, mfu 1.94%
iter 14683: loss 0.2287, time 310.46ms, mfu 1.98%
iter 14684: loss 0.1974, time 265.81ms, mfu 2.05%
iter 14685: loss 0.2151, time 427.41ms, mfu 2.01%
iter 14686: loss 0.2048, time 499.61ms, mfu 1.95%
iter 14687: loss 0.2281, time 239.72ms, mfu 2.05%
iter 14688: loss 0.2363, time 299.36ms, mfu 2.08%
iter 14689: loss 0.2190, time 291.39ms, mfu 2.12%
iter 14690: loss 0.1811, time 406.64ms, mfu 2.08%
iter 14691: loss 0.1915, time 309.83ms, mfu 2.10%
iter 14692: loss 0.2215, time 486.61ms, mfu 2.04%
iter 14693: loss 0.2203, time 153.71ms, mfu 2.29%
iter 14694: loss 0.1863, time 299.47ms, mfu 2.30%
iter 14695: loss 0.2080, time 426.65ms, mfu 2.24%
iter 14696: loss 0.1723, time 335.36ms, mfu 2.22%
iter 14697: loss 0.2000, time 327.90ms, mfu 2.22%
iter 14698: loss 0.2031, time 428.22ms, mfu 2.16%
iter 14699: loss 0.2147, time 401.77ms, mfu 2.12%
iter 14700: loss 0.2289, time 721.22ms, mfu 2.01%
  === DIAG iter 14700 ===
  loss: 0.2289
  grads: total 0.1717, transformer 0.0983, adapter 0.1408
  <NUM> input tokens: 670/3072 (21.8%)
  lr: 6.07e-05
  SME accuracy: overall 0.892, sign 0.990, exp 0.958, digit 0.838 [d0 0.884 d1 0.842 d2 0.832] (481 SME tokens)
iter 14701: loss 0.2016, time 174.88ms, mfu 2.21%
iter 14702: loss 0.2146, time 382.74ms, mfu 2.18%
iter 14703: loss 0.1937, time 310.96ms, mfu 2.19%
iter 14704: loss 0.2155, time 365.63ms, mfu 2.16%
iter 14705: loss 0.2246, time 454.44ms, mfu 2.10%
iter 14706: loss 0.2107, time 249.66ms, mfu 2.18%
iter 14707: loss 0.2349, time 482.20ms, mfu 2.10%
iter 14708: loss 0.2099, time 255.32ms, mfu 2.17%
iter 14709: loss 0.1978, time 359.38ms, mfu 2.15%
iter 14710: loss 0.2003, time 250.86ms, mfu 2.22%
iter 14711: loss 0.2006, time 452.89ms, mfu 2.15%
iter 14712: loss 0.1839, time 309.10ms, mfu 2.17%
iter 14713: loss 0.2019, time 275.80ms, mfu 2.21%
iter 14714: loss 0.2018, time 381.80ms, mfu 2.17%
iter 14715: loss 0.2027, time 364.91ms, mfu 2.15%
iter 14716: loss 0.1842, time 410.26ms, mfu 2.11%
iter 14717: loss 0.1887, time 338.67ms, mfu 2.11%
iter 14718: loss 0.1881, time 406.03ms, mfu 2.07%
iter 14719: loss 0.1954, time 372.48ms, mfu 2.05%
iter 14720: loss 0.2198, time 323.33ms, mfu 2.07%
iter 14721: loss 0.2147, time 423.50ms, mfu 2.03%
iter 14722: loss 0.1910, time 377.40ms, mfu 2.01%
iter 14723: loss 0.2082, time 305.95ms, mfu 2.04%
iter 14724: loss 0.2008, time 461.34ms, mfu 1.99%
iter 14725: loss 0.2310, time 325.70ms, mfu 2.01%
iter 14726: loss 0.1926, time 357.60ms, mfu 2.01%
iter 14727: loss 0.2059, time 360.15ms, mfu 2.00%
iter 14728: loss 0.2074, time 444.62ms, mfu 1.96%
iter 14729: loss 0.2058, time 417.38ms, mfu 1.94%
iter 14730: loss 0.1911, time 434.00ms, mfu 1.91%
iter 14731: loss 0.2478, time 260.72ms, mfu 1.99%
iter 14732: loss 0.2252, time 508.30ms, mfu 1.93%
iter 14733: loss 0.1918, time 360.15ms, mfu 1.93%
iter 14734: loss 0.2124, time 380.68ms, mfu 1.92%
iter 14735: loss 0.2087, time 302.56ms, mfu 1.97%
iter 14736: loss 0.1863, time 438.28ms, mfu 1.93%
iter 14737: loss 0.2455, time 399.61ms, mfu 1.92%
iter 14738: loss 0.2124, time 308.52ms, mfu 1.95%
iter 14739: loss 0.1711, time 365.71ms, mfu 1.95%
iter 14740: loss 0.1858, time 356.69ms, mfu 1.96%
iter 14741: loss 0.2081, time 424.48ms, mfu 1.93%
iter 14742: loss 0.2253, time 383.98ms, mfu 1.92%
iter 14743: loss 0.1962, time 300.35ms, mfu 1.96%
iter 14744: loss 0.2228, time 329.83ms, mfu 1.98%
iter 14745: loss 0.2308, time 364.00ms, mfu 1.98%
iter 14746: loss 0.2058, time 519.98ms, mfu 1.92%
iter 14747: loss 0.1951, time 479.45ms, mfu 1.87%
iter 14748: loss 0.2173, time 371.50ms, mfu 1.88%
iter 14749: loss 0.2068, time 367.30ms, mfu 1.88%
iter 14750: loss 0.2110, time 226.28ms, mfu 2.01%
iter 14751: loss 0.2100, time 335.89ms, mfu 2.02%
iter 14752: loss 0.2061, time 406.92ms, mfu 1.99%
iter 14753: loss 0.2067, time 523.78ms, mfu 1.93%
iter 14754: loss 0.2120, time 466.25ms, mfu 1.89%
iter 14755: loss 0.1965, time 278.26ms, mfu 1.95%
iter 14756: loss 0.1903, time 460.57ms, mfu 1.91%
iter 14757: loss 0.2182, time 236.56ms, mfu 2.02%
iter 14758: loss 0.1859, time 400.05ms, mfu 1.99%
iter 14759: loss 0.2187, time 379.80ms, mfu 1.98%
iter 14760: loss 0.2121, time 328.71ms, mfu 2.00%
iter 14761: loss 0.2027, time 523.11ms, mfu 1.93%
iter 14762: loss 0.1998, time 428.05ms, mfu 1.91%
iter 14763: loss 0.2086, time 352.35ms, mfu 1.92%
iter 14764: loss 0.2134, time 361.33ms, mfu 1.92%
iter 14765: loss 0.2194, time 321.42ms, mfu 1.95%
iter 14766: loss 0.2188, time 327.29ms, mfu 1.97%
iter 14767: loss 0.2012, time 392.49ms, mfu 1.95%
iter 14768: loss 0.1842, time 312.25ms, mfu 1.99%
iter 14769: loss 0.2029, time 384.77ms, mfu 1.97%
iter 14770: loss 0.2083, time 311.63ms, mfu 2.00%
iter 14771: loss 0.1996, time 378.76ms, mfu 1.99%
iter 14772: loss 0.2152, time 407.36ms, mfu 1.96%
iter 14773: loss 0.2371, time 372.42ms, mfu 1.96%
iter 14774: loss 0.2126, time 310.29ms, mfu 1.99%
iter 14775: loss 0.1996, time 352.25ms, mfu 1.99%
iter 14776: loss 0.2197, time 269.34ms, mfu 2.06%
iter 14777: loss 0.1841, time 377.16ms, mfu 2.04%
iter 14778: loss 0.1824, time 371.90ms, mfu 2.03%
iter 14779: loss 0.2123, time 371.98ms, mfu 2.01%
iter 14780: loss 0.2232, time 337.31ms, mfu 2.02%
iter 14781: loss 0.1927, time 459.15ms, mfu 1.97%
iter 14782: loss 0.1960, time 384.93ms, mfu 1.96%
iter 14783: loss 0.2235, time 457.78ms, mfu 1.92%
iter 14784: loss 0.2002, time 364.64ms, mfu 1.92%
iter 14785: loss 0.2032, time 245.09ms, mfu 2.02%
iter 14786: loss 0.2065, time 259.21ms, mfu 2.09%
iter 14787: loss 0.2620, time 321.15ms, mfu 2.10%
iter 14788: loss 0.2074, time 285.04ms, mfu 2.14%
iter 14789: loss 0.1885, time 454.73ms, mfu 2.08%
iter 14790: loss 0.1960, time 418.95ms, mfu 2.04%
iter 14791: loss 0.2070, time 327.72ms, mfu 2.06%
iter 14792: loss 0.2176, time 422.98ms, mfu 2.02%
iter 14793: loss 0.1880, time 439.09ms, mfu 1.98%
iter 14794: loss 0.1827, time 407.54ms, mfu 1.95%
iter 14795: loss 0.2019, time 381.02ms, mfu 1.94%
iter 14796: loss 0.2303, time 234.07ms, mfu 2.05%
iter 14797: loss 0.2002, time 261.18ms, mfu 2.12%
iter 14798: loss 0.2283, time 432.86ms, mfu 2.07%
iter 14799: loss 0.1835, time 276.39ms, mfu 2.12%
iter 14800: loss 0.1734, time 740.87ms, mfu 2.00%
  === DIAG iter 14800 ===
  loss: 0.1734
  grads: total 0.1818, transformer 0.1215, adapter 0.1352
  <NUM> input tokens: 637/3072 (20.7%)
  lr: 6.03e-05
  SME accuracy: overall 0.978, sign 0.984, exp 1.000, digit 0.968 [d0 0.968 d1 0.984 d2 0.968] (625 SME tokens)
iter 14801: loss 0.1887, time 203.60ms, mfu 2.15%
iter 14802: loss 0.2154, time 404.68ms, mfu 2.11%
iter 14803: loss 0.1980, time 344.28ms, mfu 2.11%
iter 14804: loss 0.2178, time 263.58ms, mfu 2.16%
iter 14805: loss 0.2092, time 330.79ms, mfu 2.16%
iter 14806: loss 0.1736, time 355.94ms, mfu 2.14%
iter 14807: loss 0.2173, time 230.77ms, mfu 2.24%
iter 14808: loss 0.2145, time 476.55ms, mfu 2.16%
iter 14809: loss 0.1886, time 448.10ms, mfu 2.10%
iter 14810: loss 0.1987, time 375.32ms, mfu 2.08%
iter 14811: loss 0.1940, time 351.48ms, mfu 2.08%
iter 14812: loss 0.2220, time 431.91ms, mfu 2.03%
iter 14813: loss 0.1862, time 350.75ms, mfu 2.03%
iter 14814: loss 0.2106, time 295.74ms, mfu 2.07%
iter 14815: loss 0.2031, time 384.05ms, mfu 2.05%
iter 14816: loss 0.1789, time 317.35ms, mfu 2.06%
iter 14817: loss 0.2028, time 483.50ms, mfu 2.00%
iter 14818: loss 0.2345, time 365.55ms, mfu 2.00%
iter 14819: loss 0.2098, time 352.92ms, mfu 2.00%
iter 14820: loss 0.1975, time 375.98ms, mfu 1.99%
iter 14821: loss 0.2066, time 404.28ms, mfu 1.96%
iter 14822: loss 0.1962, time 312.83ms, mfu 1.99%
iter 14823: loss 0.2003, time 355.86ms, mfu 1.99%
iter 14824: loss 0.2115, time 248.00ms, mfu 2.08%
iter 14825: loss 0.1881, time 307.87ms, mfu 2.10%
iter 14826: loss 0.2345, time 293.85ms, mfu 2.13%
iter 14827: loss 0.2326, time 469.87ms, mfu 2.07%
iter 14828: loss 0.2153, time 344.58ms, mfu 2.07%
iter 14829: loss 0.2123, time 464.12ms, mfu 2.02%
iter 14830: loss 0.2270, time 412.45ms, mfu 1.99%
iter 14831: loss 0.2363, time 302.17ms, mfu 2.02%
iter 14832: loss 0.2094, time 447.00ms, mfu 1.98%
iter 14833: loss 0.2152, time 341.77ms, mfu 1.99%
iter 14834: loss 0.1874, time 326.47ms, mfu 2.01%
iter 14835: loss 0.2226, time 389.69ms, mfu 1.99%
iter 14836: loss 0.2318, time 299.97ms, mfu 2.02%
iter 14837: loss 0.2301, time 305.54ms, mfu 2.05%
iter 14838: loss 0.1982, time 329.22ms, mfu 2.06%
iter 14839: loss 0.1862, time 472.78ms, mfu 2.01%
iter 14840: loss 0.2156, time 368.14ms, mfu 2.00%
iter 14841: loss 0.1859, time 452.29ms, mfu 1.96%
iter 14842: loss 0.2090, time 368.65ms, mfu 1.95%
iter 14843: loss 0.1971, time 337.18ms, mfu 1.97%
iter 14844: loss 0.2068, time 293.24ms, mfu 2.01%
iter 14845: loss 0.2095, time 482.01ms, mfu 1.96%
iter 14846: loss 0.2016, time 458.28ms, mfu 1.92%
iter 14847: loss 0.2250, time 285.30ms, mfu 1.97%
iter 14848: loss 0.2208, time 396.41ms, mfu 1.96%
iter 14849: loss 0.2226, time 276.18ms, mfu 2.02%
iter 14850: loss 0.1863, time 477.84ms, mfu 1.96%
iter 14851: loss 0.2035, time 416.44ms, mfu 1.94%
iter 14852: loss 0.2056, time 252.62ms, mfu 2.02%
iter 14853: loss 0.2064, time 489.65ms, mfu 1.97%
iter 14854: loss 0.2138, time 266.43ms, mfu 2.04%
iter 14855: loss 0.2220, time 300.53ms, mfu 2.07%
iter 14856: loss 0.2239, time 346.10ms, mfu 2.07%
iter 14857: loss 0.2019, time 434.26ms, mfu 2.02%
iter 14858: loss 0.2266, time 374.74ms, mfu 2.01%
iter 14859: loss 0.1923, time 440.00ms, mfu 1.97%
iter 14860: loss 0.1993, time 427.40ms, mfu 1.94%
iter 14861: loss 0.2441, time 320.88ms, mfu 1.97%
iter 14862: loss 0.2301, time 332.86ms, mfu 1.98%
iter 14863: loss 0.1925, time 329.65ms, mfu 2.00%
iter 14864: loss 0.2185, time 275.00ms, mfu 2.06%
iter 14865: loss 0.2250, time 454.54ms, mfu 2.01%
iter 14866: loss 0.2171, time 469.62ms, mfu 1.96%
iter 14867: loss 0.1930, time 524.63ms, mfu 1.90%
iter 14868: loss 0.1949, time 241.67ms, mfu 2.00%
iter 14869: loss 0.1993, time 304.64ms, mfu 2.03%
iter 14870: loss 0.1975, time 627.50ms, mfu 1.94%
iter 14871: loss 0.2030, time 307.26ms, mfu 1.98%
iter 14872: loss 0.2037, time 480.22ms, mfu 1.93%
iter 14873: loss 0.1877, time 237.17ms, mfu 2.03%
iter 14874: loss 0.1934, time 394.59ms, mfu 2.01%
iter 14875: loss 0.2036, time 585.44ms, mfu 1.93%
iter 14876: loss 0.2278, time 305.88ms, mfu 1.97%
iter 14877: loss 0.1907, time 389.15ms, mfu 1.95%
iter 14878: loss 0.2362, time 503.92ms, mfu 1.90%
iter 14879: loss 0.2492, time 252.46ms, mfu 1.99%
iter 14880: loss 0.2065, time 468.06ms, mfu 1.94%
iter 14881: loss 0.2489, time 350.75ms, mfu 1.95%
iter 14882: loss 0.2128, time 296.77ms, mfu 1.99%
iter 14883: loss 0.1969, time 420.25ms, mfu 1.96%
iter 14884: loss 0.2083, time 434.20ms, mfu 1.93%
iter 14885: loss 0.1827, time 350.76ms, mfu 1.94%
iter 14886: loss 0.2153, time 492.59ms, mfu 1.89%
iter 14887: loss 0.2270, time 406.95ms, mfu 1.87%
iter 14888: loss 0.2062, time 341.10ms, mfu 1.89%
iter 14889: loss 0.2032, time 383.72ms, mfu 1.89%
iter 14890: loss 0.1962, time 458.75ms, mfu 1.86%
iter 14891: loss 0.1945, time 381.96ms, mfu 1.86%
iter 14892: loss 0.1836, time 397.10ms, mfu 1.85%
iter 14893: loss 0.2009, time 313.58ms, mfu 1.89%
iter 14894: loss 0.1999, time 385.15ms, mfu 1.88%
iter 14895: loss 0.1920, time 432.66ms, mfu 1.86%
iter 14896: loss 0.1912, time 441.07ms, mfu 1.83%
iter 14897: loss 0.2120, time 369.06ms, mfu 1.84%
iter 14898: loss 0.1971, time 473.70ms, mfu 1.81%
iter 14899: loss 0.2499, time 301.99ms, mfu 1.86%
iter 14900: loss 0.1842, time 706.47ms, mfu 1.78%
  === DIAG iter 14900 ===
  loss: 0.1842
  grads: total 0.4183, transformer 0.1516, adapter 0.3899
  <NUM> input tokens: 611/3072 (19.9%)
  lr: 6.01e-05
  SME accuracy: overall 0.949, sign 0.973, exp 0.982, digit 0.929 [d0 0.946 d1 0.920 d2 0.929] (564 SME tokens)
iter 14901: loss 0.2210, time 181.38ms, mfu 1.99%
iter 14902: loss 0.1885, time 430.09ms, mfu 1.96%
iter 14903: loss 0.2350, time 494.65ms, mfu 1.90%
iter 14904: loss 0.2155, time 383.20ms, mfu 1.90%
iter 14905: loss 0.2205, time 499.47ms, mfu 1.85%
iter 14906: loss 0.1778, time 319.49ms, mfu 1.89%
iter 14907: loss 0.2089, time 256.16ms, mfu 1.97%
iter 14908: loss 0.2173, time 387.49ms, mfu 1.96%
iter 14909: loss 0.1947, time 468.90ms, mfu 1.92%
iter 14910: loss 0.2174, time 300.15ms, mfu 1.96%
iter 14911: loss 0.2000, time 304.69ms, mfu 2.00%
iter 14912: loss 0.1905, time 378.62ms, mfu 1.98%
iter 14913: loss 0.2175, time 332.99ms, mfu 2.00%
iter 14914: loss 0.1942, time 364.39ms, mfu 1.99%
iter 14915: loss 0.2134, time 414.55ms, mfu 1.96%
iter 14916: loss 0.2134, time 297.00ms, mfu 2.01%
iter 14917: loss 0.1857, time 233.82ms, mfu 2.11%
iter 14918: loss 0.1983, time 307.81ms, mfu 2.13%
iter 14919: loss 0.1974, time 455.99ms, mfu 2.07%
iter 14920: loss 0.2310, time 247.02ms, mfu 2.15%
iter 14921: loss 0.2222, time 273.41ms, mfu 2.20%
iter 14922: loss 0.1822, time 296.80ms, mfu 2.21%
iter 14923: loss 0.1994, time 446.78ms, mfu 2.15%
iter 14924: loss 0.1975, time 442.62ms, mfu 2.10%
iter 14925: loss 0.2118, time 337.32ms, mfu 2.10%
iter 14926: loss 0.2092, time 429.40ms, mfu 2.05%
iter 14927: loss 0.1825, time 240.81ms, mfu 2.14%
iter 14928: loss 0.1819, time 302.18ms, mfu 2.16%
iter 14929: loss 0.1895, time 323.71ms, mfu 2.16%
iter 14930: loss 0.2239, time 467.57ms, mfu 2.10%
iter 14931: loss 0.1994, time 454.12ms, mfu 2.05%
iter 14932: loss 0.1895, time 348.65ms, mfu 2.04%
iter 14933: loss 0.2079, time 422.53ms, mfu 2.01%
iter 14934: loss 0.2105, time 358.18ms, mfu 2.00%
iter 14935: loss 0.2165, time 293.22ms, mfu 2.05%
iter 14936: loss 0.2127, time 383.57ms, mfu 2.03%
iter 14937: loss 0.2183, time 346.48ms, mfu 2.03%
iter 14938: loss 0.1917, time 438.41ms, mfu 1.99%
iter 14939: loss 0.1696, time 393.50ms, mfu 1.97%
iter 14940: loss 0.1917, time 331.81ms, mfu 1.99%
iter 14941: loss 0.2045, time 222.06ms, mfu 2.11%
iter 14942: loss 0.1878, time 343.87ms, mfu 2.10%
iter 14943: loss 0.1925, time 366.88ms, mfu 2.08%
iter 14944: loss 0.1932, time 236.21ms, mfu 2.18%
iter 14945: loss 0.1953, time 343.92ms, mfu 2.16%
iter 14946: loss 0.2102, time 396.46ms, mfu 2.13%
iter 14947: loss 0.2202, time 338.01ms, mfu 2.12%
iter 14948: loss 0.2260, time 470.53ms, mfu 2.06%
iter 14949: loss 0.2156, time 536.40ms, mfu 1.99%
iter 14950: loss 0.2224, time 388.22ms, mfu 1.97%
iter 14951: loss 0.2230, time 415.85ms, mfu 1.94%
iter 14952: loss 0.1814, time 460.63ms, mfu 1.90%
iter 14953: loss 0.1948, time 497.93ms, mfu 1.86%
iter 14954: loss 0.1969, time 335.59ms, mfu 1.88%
iter 14955: loss 0.2201, time 415.90ms, mfu 1.86%
iter 14956: loss 0.1976, time 290.77ms, mfu 1.92%
iter 14957: loss 0.2234, time 353.76ms, mfu 1.93%
iter 14958: loss 0.1810, time 406.50ms, mfu 1.91%
iter 14959: loss 0.1958, time 302.68ms, mfu 1.95%
iter 14960: loss 0.2320, time 489.89ms, mfu 1.90%
iter 14961: loss 0.2016, time 440.31ms, mfu 1.87%
iter 14962: loss 0.1845, time 434.75ms, mfu 1.85%
iter 14963: loss 0.1969, time 322.52ms, mfu 1.88%
iter 14964: loss 0.2027, time 307.51ms, mfu 1.93%
iter 14965: loss 0.1897, time 589.13ms, mfu 1.85%
iter 14966: loss 0.2202, time 447.26ms, mfu 1.83%
iter 14967: loss 0.2279, time 411.85ms, mfu 1.82%
iter 14968: loss 0.1873, time 372.48ms, mfu 1.83%
iter 14969: loss 0.2104, time 432.05ms, mfu 1.81%
iter 14970: loss 0.2167, time 332.80ms, mfu 1.84%
iter 14971: loss 0.2203, time 461.59ms, mfu 1.81%
iter 14972: loss 0.2063, time 390.71ms, mfu 1.81%
iter 14973: loss 0.2098, time 408.32ms, mfu 1.80%
iter 14974: loss 0.1924, time 294.64ms, mfu 1.86%
iter 14975: loss 0.2055, time 368.17ms, mfu 1.87%
iter 14976: loss 0.2059, time 315.07ms, mfu 1.91%
iter 14977: loss 0.1964, time 391.40ms, mfu 1.90%
iter 14978: loss 0.2112, time 525.29ms, mfu 1.84%
iter 14979: loss 0.1779, time 353.66ms, mfu 1.86%
iter 14980: loss 0.1961, time 312.38ms, mfu 1.90%
iter 14981: loss 0.2242, time 424.92ms, mfu 1.88%
iter 14982: loss 0.2351, time 424.61ms, mfu 1.86%
iter 14983: loss 0.2395, time 453.48ms, mfu 1.83%
iter 14984: loss 0.2128, time 441.81ms, mfu 1.80%
iter 14985: loss 0.2077, time 238.97ms, mfu 1.92%
iter 14986: loss 0.2187, time 442.19ms, mfu 1.89%
iter 14987: loss 0.2193, time 382.84ms, mfu 1.88%
iter 14988: loss 0.1835, time 306.99ms, mfu 1.93%
iter 14989: loss 0.1930, time 349.04ms, mfu 1.94%
iter 14990: loss 0.2018, time 404.13ms, mfu 1.92%
iter 14991: loss 0.2045, time 390.21ms, mfu 1.91%
iter 14992: loss 0.2022, time 363.67ms, mfu 1.91%
iter 14993: loss 0.2049, time 301.67ms, mfu 1.96%
iter 14994: loss 0.2116, time 480.33ms, mfu 1.91%
iter 14995: loss 0.1944, time 331.78ms, mfu 1.93%
iter 14996: loss 0.1947, time 348.04ms, mfu 1.94%
iter 14997: loss 0.2253, time 416.46ms, mfu 1.92%
iter 14998: loss 0.2281, time 346.52ms, mfu 1.93%
iter 14999: loss 0.2085, time 483.16ms, mfu 1.88%
step 15000: train loss 0.2066, val loss 0.2449
saving checkpoint to /tmpdir/m24047brmn/numbers/model_checkpoints/sme/ckpt_iter15000.pt
[rank0]:[E221 21:21:22.747528621 ProcessGroupNCCL.cpp:542] [Rank 0] Collective WorkNCCL(SeqNum=75004, OpType=ALLREDUCE, NumelIn=262144, NumelOut=262144, Timeout(ms)=600000) raised the following async exception: NCCL error: remote process exited or there was a network error, NCCL version 2.22.3
ncclRemoteError: A call failed possibly due to a network error or a remote process exiting prematurely.
Last error:
NET/IB: Got completion from peer 10.158.3.103<54050> with status=5 opcode=129 len=0 vendor err 249 (Recv) hca mlx5_0
Exception raised from checkForNCCLErrorsInternal at /opt/pytorch/pytorch/torch/csrc/distributed/c10d/ProcessGroupNCCL.cpp:2037 (most recent call first):
frame #0: c10::Error::Error(c10::SourceLocation, std::__cxx11::basic_string<char, std::char_traits<char>, std::allocator<char> >) + 0xd4 (0x40006220b134 in /usr/local/lib/python3.10/dist-packages/torch/lib/libc10.so)
frame #1: <unknown function> + 0x14ac6f0 (0x40001d60c6f0 in /usr/local/lib/python3.10/dist-packages/torch/lib/libtorch_cuda.so)
frame #2: c10d::ProcessGroupNCCL::checkForNCCLErrorsInternal(std::shared_ptr<c10d::NCCLComm>&) + 0x228 (0x40001d634ca8 in /usr/local/lib/python3.10/dist-packages/torch/lib/libtorch_cuda.so)
frame #3: c10d::ProcessGroupNCCL::WorkNCCL::checkAndSetException() + 0x78 (0x40001d634e88 in /usr/local/lib/python3.10/dist-packages/torch/lib/libtorch_cuda.so)
frame #4: c10d::ProcessGroupNCCL::watchdogHandler() + 0x210 (0x40001d649070 in /usr/local/lib/python3.10/dist-packages/torch/lib/libtorch_cuda.so)
frame #5: c10d::ProcessGroupNCCL::ncclCommWatchdog() + 0x114 (0x40001d64a6f4 in /usr/local/lib/python3.10/dist-packages/torch/lib/libtorch_cuda.so)
frame #6: <unknown function> + 0xd31fc (0x4000623931fc in /lib/aarch64-linux-gnu/libstdc++.so.6)
frame #7: <unknown function> + 0x7d5c8 (0x40001157d5c8 in /lib/aarch64-linux-gnu/libc.so.6)
frame #8: <unknown function> + 0xe5edc (0x4000115e5edc in /lib/aarch64-linux-gnu/libc.so.6)

[rank0]:[E221 21:21:22.749996076 ProcessGroupNCCL.cpp:1795] [PG ID 0 PG GUID 0(default_pg) Rank 0] Exception (either an error or timeout) detected by watchdog at work: 75004, last enqueued NCCL work: 75007, last completed NCCL work: 75003.
iter 15000: loss 0.2259, time 29704.23ms, mfu 1.70%
  === DIAG iter 15000 ===
  loss: 0.2259
  grads: total 0.0566, transformer 0.0424, adapter 0.0375
  <NUM> input tokens: 653/3072 (21.3%)
  lr: 6.00e-05
  SME accuracy: overall 0.924, sign 0.972, exp 0.954, digit 0.898 [d0 0.917 d1 0.872 d2 0.927] (540 SME tokens)
[rank0]:[E221 21:21:26.597229001 ProcessGroupNCCL.cpp:630] [Rank 0] Some NCCL operations have failed or timed out. Due to the asynchronous nature of CUDA kernels, subsequent GPU operations might run on corrupted/incomplete data.
[rank0]:[E221 21:21:26.597239922 ProcessGroupNCCL.cpp:636] [Rank 0] To avoid data inconsistency, we are taking the entire process down.
[rank0]:[E221 21:21:26.597268522 ProcessGroupNCCL.cpp:1605] [PG ID 0 PG GUID 0(default_pg) Rank 0] Process group watchdog thread terminated with exception: NCCL error: remote process exited or there was a network error, NCCL version 2.22.3
ncclRemoteError: A call failed possibly due to a network error or a remote process exiting prematurely.
Last error:
NET/IB: Got completion from peer 10.158.3.103<54050> with status=5 opcode=129 len=0 vendor err 249 (Recv) hca mlx5_0
Exception raised from checkForNCCLErrorsInternal at /opt/pytorch/pytorch/torch/csrc/distributed/c10d/ProcessGroupNCCL.cpp:2037 (most recent call first):
frame #0: c10::Error::Error(c10::SourceLocation, std::__cxx11::basic_string<char, std::char_traits<char>, std::allocator<char> >) + 0xd4 (0x40006220b134 in /usr/local/lib/python3.10/dist-packages/torch/lib/libc10.so)
frame #1: <unknown function> + 0x14ac6f0 (0x40001d60c6f0 in /usr/local/lib/python3.10/dist-packages/torch/lib/libtorch_cuda.so)
frame #2: c10d::ProcessGroupNCCL::checkForNCCLErrorsInternal(std::shared_ptr<c10d::NCCLComm>&) + 0x228 (0x40001d634ca8 in /usr/local/lib/python3.10/dist-packages/torch/lib/libtorch_cuda.so)
frame #3: c10d::ProcessGroupNCCL::WorkNCCL::checkAndSetException() + 0x78 (0x40001d634e88 in /usr/local/lib/python3.10/dist-packages/torch/lib/libtorch_cuda.so)
frame #4: c10d::ProcessGroupNCCL::watchdogHandler() + 0x210 (0x40001d649070 in /usr/local/lib/python3.10/dist-packages/torch/lib/libtorch_cuda.so)
frame #5: c10d::ProcessGroupNCCL::ncclCommWatchdog() + 0x114 (0x40001d64a6f4 in /usr/local/lib/python3.10/dist-packages/torch/lib/libtorch_cuda.so)
frame #6: <unknown function> + 0xd31fc (0x4000623931fc in /lib/aarch64-linux-gnu/libstdc++.so.6)
frame #7: <unknown function> + 0x7d5c8 (0x40001157d5c8 in /lib/aarch64-linux-gnu/libc.so.6)
frame #8: <unknown function> + 0xe5edc (0x4000115e5edc in /lib/aarch64-linux-gnu/libc.so.6)

terminate called after throwing an instance of 'c10::DistBackendError'
  what():  [PG ID 0 PG GUID 0(default_pg) Rank 0] Process group watchdog thread terminated with exception: NCCL error: remote process exited or there was a network error, NCCL version 2.22.3
ncclRemoteError: A call failed possibly due to a network error or a remote process exiting prematurely.
Last error:
NET/IB: Got completion from peer 10.158.3.103<54050> with status=5 opcode=129 len=0 vendor err 249 (Recv) hca mlx5_0
Exception raised from checkForNCCLErrorsInternal at /opt/pytorch/pytorch/torch/csrc/distributed/c10d/ProcessGroupNCCL.cpp:2037 (most recent call first):
frame #0: c10::Error::Error(c10::SourceLocation, std::__cxx11::basic_string<char, std::char_traits<char>, std::allocator<char> >) + 0xd4 (0x40006220b134 in /usr/local/lib/python3.10/dist-packages/torch/lib/libc10.so)
frame #1: <unknown function> + 0x14ac6f0 (0x40001d60c6f0 in /usr/local/lib/python3.10/dist-packages/torch/lib/libtorch_cuda.so)
frame #2: c10d::ProcessGroupNCCL::checkForNCCLErrorsInternal(std::shared_ptr<c10d::NCCLComm>&) + 0x228 (0x40001d634ca8 in /usr/local/lib/python3.10/dist-packages/torch/lib/libtorch_cuda.so)
frame #3: c10d::ProcessGroupNCCL::WorkNCCL::checkAndSetException() + 0x78 (0x40001d634e88 in /usr/local/lib/python3.10/dist-packages/torch/lib/libtorch_cuda.so)
frame #4: c10d::ProcessGroupNCCL::watchdogHandler() + 0x210 (0x40001d649070 in /usr/local/lib/python3.10/dist-packages/torch/lib/libtorch_cuda.so)
frame #5: c10d::ProcessGroupNCCL::ncclCommWatchdog() + 0x114 (0x40001d64a6f4 in /usr/local/lib/python3.10/dist-packages/torch/lib/libtorch_cuda.so)
frame #6: <unknown function> + 0xd31fc (0x4000623931fc in /lib/aarch64-linux-gnu/libstdc++.so.6)
frame #7: <unknown function> + 0x7d5c8 (0x40001157d5c8 in /lib/aarch64-linux-gnu/libc.so.6)
frame #8: <unknown function> + 0xe5edc (0x4000115e5edc in /lib/aarch64-linux-gnu/libc.so.6)

Exception raised from ncclCommWatchdog at /opt/pytorch/pytorch/torch/csrc/distributed/c10d/ProcessGroupNCCL.cpp:1611 (most recent call first):
frame #0: c10::Error::Error(c10::SourceLocation, std::__cxx11::basic_string<char, std::char_traits<char>, std::allocator<char> >) + 0xd4 (0x40006220b134 in /usr/local/lib/python3.10/dist-packages/torch/lib/libc10.so)
frame #1: <unknown function> + 0x14ac6f0 (0x40001d60c6f0 in /usr/local/lib/python3.10/dist-packages/torch/lib/libtorch_cuda.so)
frame #2: c10d::ProcessGroupNCCL::ncclCommWatchdog() + 0x464 (0x40001d64aa44 in /usr/local/lib/python3.10/dist-packages/torch/lib/libtorch_cuda.so)
frame #3: <unknown function> + 0xd31fc (0x4000623931fc in /lib/aarch64-linux-gnu/libstdc++.so.6)
frame #4: <unknown function> + 0x7d5c8 (0x40001157d5c8 in /lib/aarch64-linux-gnu/libc.so.6)
frame #5: <unknown function> + 0xe5edc (0x4000115e5edc in /lib/aarch64-linux-gnu/libc.so.6)

E0221 21:21:27.447000 4075723 torch/distributed/elastic/multiprocessing/api.py:862] failed (exitcode: -6) local_rank: 0 (pid: 4075793) of binary: /usr/bin/python
Traceback (most recent call last):
  File "/usr/local/bin/torchrun", line 33, in <module>
    sys.exit(load_entry_point('torch==2.5.0a0+e000cf0ad9.nv24.10', 'console_scripts', 'torchrun')())
  File "/usr/local/lib/python3.10/dist-packages/torch/distributed/elastic/multiprocessing/errors/__init__.py", line 355, in wrapper
    return f(*args, **kwargs)
  File "/usr/local/lib/python3.10/dist-packages/torch/distributed/run.py", line 919, in main
    run(args)
  File "/usr/local/lib/python3.10/dist-packages/torch/distributed/run.py", line 910, in run
    elastic_launch(
  File "/usr/local/lib/python3.10/dist-packages/torch/distributed/launcher/api.py", line 138, in __call__
    return launch_agent(self._config, self._entrypoint, list(args))
  File "/usr/local/lib/python3.10/dist-packages/torch/distributed/launcher/api.py", line 269, in launch_agent
    raise ChildFailedError(
torch.distributed.elastic.multiprocessing.errors.ChildFailedError: 
========================================================
/work/m24047/m24047brmn/numbers/GPT2/fe/train.py FAILED
--------------------------------------------------------
Failures:
  <NO_OTHER_FAILURES>
--------------------------------------------------------
Root Cause (first observed failure):
[0]:
  time      : 2026-02-21_21:21:27
  host      : turpancomp0.calmip.local
  rank      : 0 (local_rank: 0)
  exitcode  : -6 (pid: 4075793)
  error_file: <N/A>
  traceback : Signal 6 (SIGABRT) received by PID 4075793
========================================================
E0221 21:21:27.506000 2224678 torch/distributed/elastic/agent/server/api.py:939] Error waiting on exit barrier. Elapsed: 19.839091777801514 seconds
E0221 21:21:27.506000 2224678 torch/distributed/elastic/agent/server/api.py:939] Traceback (most recent call last):
E0221 21:21:27.506000 2224678 torch/distributed/elastic/agent/server/api.py:939]   File "/usr/local/lib/python3.10/dist-packages/torch/distributed/elastic/agent/server/api.py", line 925, in _exit_barrier
E0221 21:21:27.506000 2224678 torch/distributed/elastic/agent/server/api.py:939]     store_util.barrier(
E0221 21:21:27.506000 2224678 torch/distributed/elastic/agent/server/api.py:939]   File "/usr/local/lib/python3.10/dist-packages/torch/distributed/elastic/utils/store.py", line 200, in barrier
E0221 21:21:27.506000 2224678 torch/distributed/elastic/agent/server/api.py:939]     store.wait([last_member_key])
E0221 21:21:27.506000 2224678 torch/distributed/elastic/agent/server/api.py:939] torch.distributed.DistNetworkError: failed to recv, got 0 bytes
E0221 21:21:27.505000 1249229 torch/distributed/elastic/agent/server/api.py:939] Error waiting on exit barrier. Elapsed: 19.730693817138672 seconds
E0221 21:21:27.505000 1249229 torch/distributed/elastic/agent/server/api.py:939] Traceback (most recent call last):
E0221 21:21:27.505000 1249229 torch/distributed/elastic/agent/server/api.py:939]   File "/usr/local/lib/python3.10/dist-packages/torch/distributed/elastic/agent/server/api.py", line 925, in _exit_barrier
E0221 21:21:27.505000 1249229 torch/distributed/elastic/agent/server/api.py:939]     store_util.barrier(
E0221 21:21:27.505000 1249229 torch/distributed/elastic/agent/server/api.py:939]   File "/usr/local/lib/python3.10/dist-packages/torch/distributed/elastic/utils/store.py", line 200, in barrier
E0221 21:21:27.505000 1249229 torch/distributed/elastic/agent/server/api.py:939]     store.wait([last_member_key])
E0221 21:21:27.505000 1249229 torch/distributed/elastic/agent/server/api.py:939] torch.distributed.DistNetworkError: failed to recv, got 0 bytes
W0221 21:21:27.507000 1249229 torch/distributed/elastic/rendezvous/dynamic_rendezvous.py:1327] The node 'turpancomp3.calmip.local_1249229_0' has failed to send a keep-alive heartbeat to the rendezvous '77765' due to an error of type RendezvousConnectionError.
E0221 21:21:27.506000 1997936 torch/distributed/elastic/agent/server/api.py:939] Error waiting on exit barrier. Elapsed: 19.209723949432373 seconds
E0221 21:21:27.506000 1997936 torch/distributed/elastic/agent/server/api.py:939] Traceback (most recent call last):
E0221 21:21:27.506000 1997936 torch/distributed/elastic/agent/server/api.py:939]   File "/usr/local/lib/python3.10/dist-packages/torch/distributed/elastic/agent/server/api.py", line 925, in _exit_barrier
E0221 21:21:27.506000 1997936 torch/distributed/elastic/agent/server/api.py:939]     store_util.barrier(
E0221 21:21:27.506000 1997936 torch/distributed/elastic/agent/server/api.py:939]   File "/usr/local/lib/python3.10/dist-packages/torch/distributed/elastic/utils/store.py", line 200, in barrier
E0221 21:21:27.506000 1997936 torch/distributed/elastic/agent/server/api.py:939]     store.wait([last_member_key])
E0221 21:21:27.506000 1997936 torch/distributed/elastic/agent/server/api.py:939] torch.distributed.DistNetworkError: failed to recv, got 0 bytes
W0221 21:21:27.508000 1997936 torch/distributed/elastic/rendezvous/dynamic_rendezvous.py:1327] The node 'turpancomp1.calmip.local_1997936_0' has failed to send a keep-alive heartbeat to the rendezvous '77765' due to an error of type RendezvousConnectionError.
[W221 21:21:27.905577224 TCPStore.cpp:177] [c10d] recvVector failed on SocketImpl(fd=5, addr=[turpancomp2-admin1-1.calmip.local]:42316, remote=[turpancomp0-admin1-1.calmip.local]:37766): failed to recv, got 0 bytes
Exception raised from recvBytes at /opt/pytorch/pytorch/torch/csrc/distributed/c10d/Utils.hpp:670 (most recent call first):
frame #0: c10::Error::Error(c10::SourceLocation, std::__cxx11::basic_string<char, std::char_traits<char>, std::allocator<char> >) + 0xd4 (0x4000694bb134 in /usr/local/lib/python3.10/dist-packages/torch/lib/libc10.so)
frame #1: <unknown function> + 0x4956be0 (0x400021606be0 in /usr/local/lib/python3.10/dist-packages/torch/lib/libtorch_cpu.so)
frame #2: <unknown function> + 0x4956f34 (0x400021606f34 in /usr/local/lib/python3.10/dist-packages/torch/lib/libtorch_cpu.so)
frame #3: <unknown function> + 0x49595b8 (0x4000216095b8 in /usr/local/lib/python3.10/dist-packages/torch/lib/libtorch_cpu.so)
frame #4: <unknown function> + 0x495bc64 (0x40002160bc64 in /usr/local/lib/python3.10/dist-packages/torch/lib/libtorch_cpu.so)
frame #5: c10d::TCPStore::compareSet(std::__cxx11::basic_string<char, std::char_traits<char>, std::allocator<char> > const&, std::vector<unsigned char, std::allocator<unsigned char> > const&, std::vector<unsigned char, std::allocator<unsigned char> > const&) + 0x1e0 (0x40002160d320 in /usr/local/lib/python3.10/dist-packages/torch/lib/libtorch_cpu.so)
frame #6: <unknown function> + 0x10244f4 (0x40001cba44f4 in /usr/local/lib/python3.10/dist-packages/torch/lib/libtorch_python.so)
frame #7: <unknown function> + 0x62d3e0 (0x40001c1ad3e0 in /usr/local/lib/python3.10/dist-packages/torch/lib/libtorch_python.so)
frame #8: <unknown function> + 0x106754 (0xaaaaaf506754 in /usr/bin/python)
frame #9: _PyObject_MakeTpCall + 0x28c (0xaaaaaf4fcd70 in /usr/bin/python)
frame #10: <unknown function> + 0x116914 (0xaaaaaf516914 in /usr/bin/python)
frame #11: _PyEval_EvalFrameDefault + 0x22e0 (0xaaaaaf4f10b0 in /usr/bin/python)
frame #12: _PyFunction_Vectorcall + 0x84 (0xaaaaaf5073f8 in /usr/bin/python)
frame #13: _PyEval_EvalFrameDefault + 0x94c (0xaaaaaf4ef71c in /usr/bin/python)
frame #14: _PyFunction_Vectorcall + 0x84 (0xaaaaaf5073f8 in /usr/bin/python)
frame #15: _PyEval_EvalFrameDefault + 0x94c (0xaaaaaf4ef71c in /usr/bin/python)
frame #16: _PyFunction_Vectorcall + 0x84 (0xaaaaaf5073f8 in /usr/bin/python)
frame #17: _PyEval_EvalFrameDefault + 0x94c (0xaaaaaf4ef71c in /usr/bin/python)
frame #18: _PyFunction_Vectorcall + 0x84 (0xaaaaaf5073f8 in /usr/bin/python)
frame #19: _PyEval_EvalFrameDefault + 0x94c (0xaaaaaf4ef71c in /usr/bin/python)
frame #20: _PyFunction_Vectorcall + 0x84 (0xaaaaaf5073f8 in /usr/bin/python)
frame #21: _PyEval_EvalFrameDefault + 0x94c (0xaaaaaf4ef71c in /usr/bin/python)
frame #22: _PyFunction_Vectorcall + 0x84 (0xaaaaaf5073f8 in /usr/bin/python)
frame #23: _PyEval_EvalFrameDefault + 0x22e0 (0xaaaaaf4f10b0 in /usr/bin/python)
frame #24: _PyFunction_Vectorcall + 0x84 (0xaaaaaf5073f8 in /usr/bin/python)
frame #25: _PyEval_EvalFrameDefault + 0x22e0 (0xaaaaaf4f10b0 in /usr/bin/python)
frame #26: _PyFunction_Vectorcall + 0x84 (0xaaaaaf5073f8 in /usr/bin/python)
frame #27: _PyEval_EvalFrameDefault + 0x94c (0xaaaaaf4ef71c in /usr/bin/python)
frame #28: _PyFunction_Vectorcall + 0x84 (0xaaaaaf5073f8 in /usr/bin/python)
frame #29: _PyEval_EvalFrameDefault + 0x94c (0xaaaaaf4ef71c in /usr/bin/python)
frame #30: <unknown function> + 0x116724 (0xaaaaaf516724 in /usr/bin/python)
frame #31: <unknown function> + 0x27593c (0xaaaaaf67593c in /usr/bin/python)
frame #32: <unknown function> + 0x24c0bc (0xaaaaaf64c0bc in /usr/bin/python)
frame #33: <unknown function> + 0x7d5c8 (0x40001b07d5c8 in /lib/aarch64-linux-gnu/libc.so.6)
frame #34: <unknown function> + 0xe5edc (0x40001b0e5edc in /lib/aarch64-linux-gnu/libc.so.6)

W0221 21:21:27.511000 2224678 torch/distributed/elastic/rendezvous/dynamic_rendezvous.py:1327] The node 'turpancomp2.calmip.local_2224678_0' has failed to send a keep-alive heartbeat to the rendezvous '77765' due to an error of type RendezvousConnectionError.
[W221 21:21:27.910354055 TCPStore.cpp:168] [c10d] sendBytes failed on SocketImpl(fd=5, addr=[turpancomp2-admin1-1.calmip.local]:42316, remote=[turpancomp0-admin1-1.calmip.local]:37766): Broken pipe
Exception raised from sendBytes at /opt/pytorch/pytorch/torch/csrc/distributed/c10d/Utils.hpp:645 (most recent call first):
frame #0: c10::Error::Error(c10::SourceLocation, std::__cxx11::basic_string<char, std::char_traits<char>, std::allocator<char> >) + 0xd4 (0x4000694bb134 in /usr/local/lib/python3.10/dist-packages/torch/lib/libc10.so)
frame #1: <unknown function> + 0x4956be0 (0x400021606be0 in /usr/local/lib/python3.10/dist-packages/torch/lib/libtorch_cpu.so)
frame #2: <unknown function> + 0x4957204 (0x400021607204 in /usr/local/lib/python3.10/dist-packages/torch/lib/libtorch_cpu.so)
frame #3: <unknown function> + 0x495c304 (0x40002160c304 in /usr/local/lib/python3.10/dist-packages/torch/lib/libtorch_cpu.so)
frame #4: c10d::TCPStore::compareSet(std::__cxx11::basic_string<char, std::char_traits<char>, std::allocator<char> > const&, std::vector<unsigned char, std::allocator<unsigned char> > const&, std::vector<unsigned char, std::allocator<unsigned char> > const&) + 0x1d0 (0x40002160d310 in /usr/local/lib/python3.10/dist-packages/torch/lib/libtorch_cpu.so)
frame #5: <unknown function> + 0x10244f4 (0x40001cba44f4 in /usr/local/lib/python3.10/dist-packages/torch/lib/libtorch_python.so)
frame #6: <unknown function> + 0x62d3e0 (0x40001c1ad3e0 in /usr/local/lib/python3.10/dist-packages/torch/lib/libtorch_python.so)
frame #7: <unknown function> + 0x106754 (0xaaaaaf506754 in /usr/bin/python)
frame #8: _PyObject_MakeTpCall + 0x28c (0xaaaaaf4fcd70 in /usr/bin/python)
frame #9: <unknown function> + 0x116914 (0xaaaaaf516914 in /usr/bin/python)
frame #10: _PyEval_EvalFrameDefault + 0x22e0 (0xaaaaaf4f10b0 in /usr/bin/python)
frame #11: _PyFunction_Vectorcall + 0x84 (0xaaaaaf5073f8 in /usr/bin/python)
frame #12: _PyEval_EvalFrameDefault + 0x94c (0xaaaaaf4ef71c in /usr/bin/python)
frame #13: _PyFunction_Vectorcall + 0x84 (0xaaaaaf5073f8 in /usr/bin/python)
frame #14: _PyEval_EvalFrameDefault + 0x94c (0xaaaaaf4ef71c in /usr/bin/python)
frame #15: _PyFunction_Vectorcall + 0x84 (0xaaaaaf5073f8 in /usr/bin/python)
frame #16: _PyEval_EvalFrameDefault + 0x94c (0xaaaaaf4ef71c in /usr/bin/python)
frame #17: _PyFunction_Vectorcall + 0x84 (0xaaaaaf5073f8 in /usr/bin/python)
frame #18: _PyEval_EvalFrameDefault + 0x94c (0xaaaaaf4ef71c in /usr/bin/python)
frame #19: _PyFunction_Vectorcall + 0x84 (0xaaaaaf5073f8 in /usr/bin/python)
frame #20: _PyEval_EvalFrameDefault + 0x94c (0xaaaaaf4ef71c in /usr/bin/python)
frame #21: _PyFunction_Vectorcall + 0x84 (0xaaaaaf5073f8 in /usr/bin/python)
frame #22: _PyEval_EvalFrameDefault + 0x94c (0xaaaaaf4ef71c in /usr/bin/python)
frame #23: _PyFunction_Vectorcall + 0x84 (0xaaaaaf5073f8 in /usr/bin/python)
frame #24: _PyEval_EvalFrameDefault + 0x94c (0xaaaaaf4ef71c in /usr/bin/python)
frame #25: _PyFunction_Vectorcall + 0x84 (0xaaaaaf5073f8 in /usr/bin/python)
frame #26: _PyEval_EvalFrameDefault + 0x22e0 (0xaaaaaf4f10b0 in /usr/bin/python)
frame #27: _PyFunction_Vectorcall + 0x84 (0xaaaaaf5073f8 in /usr/bin/python)
frame #28: _PyEval_EvalFrameDefault + 0x94c (0xaaaaaf4ef71c in /usr/bin/python)
frame #29: _PyFunction_Vectorcall + 0x84 (0xaaaaaf5073f8 in /usr/bin/python)
frame #30: _PyEval_EvalFrameDefault + 0x810 (0xaaaaaf4ef5e0 in /usr/bin/python)
frame #31: _PyObject_FastCallDictTstate + 0xc4 (0xaaaaaf4fbdd4 in /usr/bin/python)
frame #32: _PyObject_Call_Prepend + 0xc8 (0xaaaaaf5131b8 in /usr/bin/python)
frame #33: <unknown function> + 0x243f20 (0xaaaaaf643f20 in /usr/bin/python)
frame #34: PyObject_Call + 0xa8 (0xaaaaaf51719c in /usr/bin/python)
frame #35: _PyEval_EvalFrameDefault + 0x22e0 (0xaaaaaf4f10b0 in /usr/bin/python)
frame #36: _PyFunction_Vectorcall + 0x84 (0xaaaaaf5073f8 in /usr/bin/python)
frame #37: _PyEval_EvalFrameDefault + 0x810 (0xaaaaaf4ef5e0 in /usr/bin/python)
frame #38: _PyFunction_Vectorcall + 0x84 (0xaaaaaf5073f8 in /usr/bin/python)
frame #39: _PyEval_EvalFrameDefault + 0x22e0 (0xaaaaaf4f10b0 in /usr/bin/python)
frame #40: _PyFunction_Vectorcall + 0x84 (0xaaaaaf5073f8 in /usr/bin/python)
frame #41: _PyEval_EvalFrameDefault + 0x810 (0xaaaaaf4ef5e0 in /usr/bin/python)
frame #42: <unknown function> + 0x1eb9e0 (0xaaaaaf5eb9e0 in /usr/bin/python)
frame #43: PyEval_EvalCode + 0x74 (0xaaaaaf5eb864 in /usr/bin/python)
frame #44: <unknown function> + 0x21ee5c (0xaaaaaf61ee5c in /usr/bin/python)
frame #45: <unknown function> + 0x217568 (0xaaaaaf617568 in /usr/bin/python)
frame #46: <unknown function> + 0x21eb0c (0xaaaaaf61eb0c in /usr/bin/python)
frame #47: _PyRun_SimpleFileObject + 0x184 (0xaaaaaf61dc74 in /usr/bin/python)
frame #48: _PyRun_AnyFileObject + 0x50 (0xaaaaaf61d840 in /usr/bin/python)
frame #49: Py_RunMain + 0x200 (0xaaaaaf60e140 in /usr/bin/python)
frame #50: Py_BytesMain + 0x24 (0xaaaaaf5dc908 in /usr/bin/python)
frame #51: <unknown function> + 0x273fc (0x40001b0273fc in /lib/aarch64-linux-gnu/libc.so.6)
frame #52: __libc_start_main + 0x98 (0x40001b0274cc in /lib/aarch64-linux-gnu/libc.so.6)
frame #53: _start + 0x30 (0xaaaaaf5dc7f0 in /usr/bin/python)

W0221 21:21:27.515000 2224678 torch/distributed/elastic/rendezvous/dynamic_rendezvous.py:1278] The node 'turpancomp2.calmip.local_2224678_0' has failed to shutdown the rendezvous '77765' due to an error of type RendezvousConnectionError.
[W221 21:21:27.683166266 TCPStore.cpp:168] [c10d] sendBytes failed on SocketImpl(fd=5, addr=[turpancomp1-admin1-1.calmip.local]:45792, remote=[turpancomp0-admin1-1.calmip.local]:37766): Broken pipe
Exception raised from sendBytes at /opt/pytorch/pytorch/torch/csrc/distributed/c10d/Utils.hpp:645 (most recent call first):
frame #0: c10::Error::Error(c10::SourceLocation, std::__cxx11::basic_string<char, std::char_traits<char>, std::allocator<char> >) + 0xd4 (0x40005ef9b134 in /usr/local/lib/python3.10/dist-packages/torch/lib/libc10.so)
frame #1: <unknown function> + 0x4956be0 (0x4000170e6be0 in /usr/local/lib/python3.10/dist-packages/torch/lib/libtorch_cpu.so)
frame #2: <unknown function> + 0x4957204 (0x4000170e7204 in /usr/local/lib/python3.10/dist-packages/torch/lib/libtorch_cpu.so)
frame #3: <unknown function> + 0x495c304 (0x4000170ec304 in /usr/local/lib/python3.10/dist-packages/torch/lib/libtorch_cpu.so)
frame #4: c10d::TCPStore::doWait(c10::ArrayRef<std::__cxx11::basic_string<char, std::char_traits<char>, std::allocator<char> > >, std::chrono::duration<long, std::ratio<1l, 1000l> >) + 0x148 (0x4000170ed598 in /usr/local/lib/python3.10/dist-packages/torch/lib/libtorch_cpu.so)
frame #5: c10d::TCPStore::doGet(std::__cxx11::basic_string<char, std::char_traits<char>, std::allocator<char> > const&) + 0x2c (0x4000170eda5c in /usr/local/lib/python3.10/dist-packages/torch/lib/libtorch_cpu.so)
frame #6: c10d::TCPStore::get(std::__cxx11::basic_string<char, std::char_traits<char>, std::allocator<char> > const&) + 0xd0 (0x4000170ef060 in /usr/local/lib/python3.10/dist-packages/torch/lib/libtorch_cpu.so)
frame #7: <unknown function> + 0x1023c9c (0x400012683c9c in /usr/local/lib/python3.10/dist-packages/torch/lib/libtorch_python.so)
frame #8: <unknown function> + 0x62d3e0 (0x400011c8d3e0 in /usr/local/lib/python3.10/dist-packages/torch/lib/libtorch_python.so)
frame #9: <unknown function> + 0x106754 (0xaaaacad26754 in /usr/bin/python)
frame #10: _PyObject_MakeTpCall + 0x28c (0xaaaacad1cd70 in /usr/bin/python)
frame #11: <unknown function> + 0x116914 (0xaaaacad36914 in /usr/bin/python)
frame #12: _PyEval_EvalFrameDefault + 0x22e0 (0xaaaacad110b0 in /usr/bin/python)
frame #13: _PyFunction_Vectorcall + 0x84 (0xaaaacad273f8 in /usr/bin/python)
frame #14: _PyEval_EvalFrameDefault + 0x94c (0xaaaacad0f71c in /usr/bin/python)
frame #15: _PyFunction_Vectorcall + 0x84 (0xaaaacad273f8 in /usr/bin/python)
frame #16: _PyEval_EvalFrameDefault + 0x94c (0xaaaacad0f71c in /usr/bin/python)
frame #17: _PyFunction_Vectorcall + 0x84 (0xaaaacad273f8 in /usr/bin/python)
frame #18: _PyEval_EvalFrameDefault + 0x94c (0xaaaacad0f71c in /usr/bin/python)
frame #19: _PyFunction_Vectorcall + 0x84 (0xaaaacad273f8 in /usr/bin/python)
frame #20: _PyEval_EvalFrameDefault + 0x94c (0xaaaacad0f71c in /usr/bin/python)
frame #21: _PyFunction_Vectorcall + 0x84 (0xaaaacad273f8 in /usr/bin/python)
frame #22: _PyEval_EvalFrameDefault + 0x94c (0xaaaacad0f71c in /usr/bin/python)
frame #23: _PyFunction_Vectorcall + 0x84 (0xaaaacad273f8 in /usr/bin/python)
frame #24: _PyEval_EvalFrameDefault + 0x94c (0xaaaacad0f71c in /usr/bin/python)
frame #25: _PyFunction_Vectorcall + 0x84 (0xaaaacad273f8 in /usr/bin/python)
frame #26: _PyEval_EvalFrameDefault + 0x94c (0xaaaacad0f71c in /usr/bin/python)
frame #27: _PyFunction_Vectorcall + 0x84 (0xaaaacad273f8 in /usr/bin/python)
frame #28: _PyEval_EvalFrameDefault + 0x22e0 (0xaaaacad110b0 in /usr/bin/python)
frame #29: _PyFunction_Vectorcall + 0x84 (0xaaaacad273f8 in /usr/bin/python)
frame #30: _PyEval_EvalFrameDefault + 0x94c (0xaaaacad0f71c in /usr/bin/python)
frame #31: _PyFunction_Vectorcall + 0x84 (0xaaaacad273f8 in /usr/bin/python)
frame #32: _PyEval_EvalFrameDefault + 0x810 (0xaaaacad0f5e0 in /usr/bin/python)
frame #33: _PyObject_FastCallDictTstate + 0xc4 (0xaaaacad1bdd4 in /usr/bin/python)
frame #34: _PyObject_Call_Prepend + 0xc8 (0xaaaacad331b8 in /usr/bin/python)
frame #35: <unknown function> + 0x243f20 (0xaaaacae63f20 in /usr/bin/python)
frame #36: PyObject_Call + 0xa8 (0xaaaacad3719c in /usr/bin/python)
frame #37: _PyEval_EvalFrameDefault + 0x22e0 (0xaaaacad110b0 in /usr/bin/python)
frame #38: _PyFunction_Vectorcall + 0x84 (0xaaaacad273f8 in /usr/bin/python)
frame #39: _PyEval_EvalFrameDefault + 0x810 (0xaaaacad0f5e0 in /usr/bin/python)
frame #40: _PyFunction_Vectorcall + 0x84 (0xaaaacad273f8 in /usr/bin/python)
frame #41: _PyEval_EvalFrameDefault + 0x22e0 (0xaaaacad110b0 in /usr/bin/python)
frame #42: _PyFunction_Vectorcall + 0x84 (0xaaaacad273f8 in /usr/bin/python)
frame #43: _PyEval_EvalFrameDefault + 0x810 (0xaaaacad0f5e0 in /usr/bin/python)
frame #44: <unknown function> + 0x1eb9e0 (0xaaaacae0b9e0 in /usr/bin/python)
frame #45: PyEval_EvalCode + 0x74 (0xaaaacae0b864 in /usr/bin/python)
frame #46: <unknown function> + 0x21ee5c (0xaaaacae3ee5c in /usr/bin/python)
frame #47: <unknown function> + 0x217568 (0xaaaacae37568 in /usr/bin/python)
frame #48: <unknown function> + 0x21eb0c (0xaaaacae3eb0c in /usr/bin/python)
frame #49: _PyRun_SimpleFileObject + 0x184 (0xaaaacae3dc74 in /usr/bin/python)
frame #50: _PyRun_AnyFileObject + 0x50 (0xaaaacae3d840 in /usr/bin/python)
frame #51: Py_RunMain + 0x200 (0xaaaacae2e140 in /usr/bin/python)
frame #52: Py_BytesMain + 0x24 (0xaaaacadfc908 in /usr/bin/python)
frame #53: <unknown function> + 0x273fc (0x400010b073fc in /lib/aarch64-linux-gnu/libc.so.6)
frame #54: __libc_start_main + 0x98 (0x400010b074cc in /lib/aarch64-linux-gnu/libc.so.6)
frame #55: _start + 0x30 (0xaaaacadfc7f0 in /usr/bin/python)

[W221 21:21:27.340793253 TCPStore.cpp:168] [c10d] sendBytes failed on SocketImpl(fd=5, addr=[turpancomp3-admin1-1.calmip.local]:42292, remote=[turpancomp0-admin1-1.calmip.local]:37766): Broken pipe
Exception raised from sendBytes at /opt/pytorch/pytorch/torch/csrc/distributed/c10d/Utils.hpp:645 (most recent call first):
frame #0: c10::Error::Error(c10::SourceLocation, std::__cxx11::basic_string<char, std::char_traits<char>, std::allocator<char> >) + 0xd4 (0x40005171b134 in /usr/local/lib/python3.10/dist-packages/torch/lib/libc10.so)
frame #1: <unknown function> + 0x4956be0 (0x400009866be0 in /usr/local/lib/python3.10/dist-packages/torch/lib/libtorch_cpu.so)
frame #2: <unknown function> + 0x4957204 (0x400009867204 in /usr/local/lib/python3.10/dist-packages/torch/lib/libtorch_cpu.so)
frame #3: <unknown function> + 0x495c304 (0x40000986c304 in /usr/local/lib/python3.10/dist-packages/torch/lib/libtorch_cpu.so)
frame #4: c10d::TCPStore::doWait(c10::ArrayRef<std::__cxx11::basic_string<char, std::char_traits<char>, std::allocator<char> > >, std::chrono::duration<long, std::ratio<1l, 1000l> >) + 0x148 (0x40000986d598 in /usr/local/lib/python3.10/dist-packages/torch/lib/libtorch_cpu.so)
frame #5: c10d::TCPStore::doGet(std::__cxx11::basic_string<char, std::char_traits<char>, std::allocator<char> > const&) + 0x2c (0x40000986da5c in /usr/local/lib/python3.10/dist-packages/torch/lib/libtorch_cpu.so)
frame #6: c10d::TCPStore::get(std::__cxx11::basic_string<char, std::char_traits<char>, std::allocator<char> > const&) + 0xd0 (0x40000986f060 in /usr/local/lib/python3.10/dist-packages/torch/lib/libtorch_cpu.so)
frame #7: <unknown function> + 0x1023c9c (0x400004e03c9c in /usr/local/lib/python3.10/dist-packages/torch/lib/libtorch_python.so)
frame #8: <unknown function> + 0x62d3e0 (0x40000440d3e0 in /usr/local/lib/python3.10/dist-packages/torch/lib/libtorch_python.so)
frame #9: <unknown function> + 0x106754 (0xaaaad9c86754 in /usr/bin/python)
frame #10: _PyObject_MakeTpCall + 0x28c (0xaaaad9c7cd70 in /usr/bin/python)
frame #11: <unknown function> + 0x116914 (0xaaaad9c96914 in /usr/bin/python)
frame #12: _PyEval_EvalFrameDefault + 0x22e0 (0xaaaad9c710b0 in /usr/bin/python)
frame #13: _PyFunction_Vectorcall + 0x84 (0xaaaad9c873f8 in /usr/bin/python)
frame #14: _PyEval_EvalFrameDefault + 0x94c (0xaaaad9c6f71c in /usr/bin/python)
frame #15: _PyFunction_Vectorcall + 0x84 (0xaaaad9c873f8 in /usr/bin/python)
frame #16: _PyEval_EvalFrameDefault + 0x94c (0xaaaad9c6f71c in /usr/bin/python)
frame #17: _PyFunction_Vectorcall + 0x84 (0xaaaad9c873f8 in /usr/bin/python)
frame #18: _PyEval_EvalFrameDefault + 0x94c (0xaaaad9c6f71c in /usr/bin/python)
frame #19: _PyFunction_Vectorcall + 0x84 (0xaaaad9c873f8 in /usr/bin/python)
frame #20: _PyEval_EvalFrameDefault + 0x94c (0xaaaad9c6f71c in /usr/bin/python)
frame #21: _PyFunction_Vectorcall + 0x84 (0xaaaad9c873f8 in /usr/bin/python)
frame #22: _PyEval_EvalFrameDefault + 0x94c (0xaaaad9c6f71c in /usr/bin/python)
frame #23: _PyFunction_Vectorcall + 0x84 (0xaaaad9c873f8 in /usr/bin/python)
frame #24: _PyEval_EvalFrameDefault + 0x94c (0xaaaad9c6f71c in /usr/bin/python)
frame #25: _PyFunction_Vectorcall + 0x84 (0xaaaad9c873f8 in /usr/bin/python)
frame #26: _PyEval_EvalFrameDefault + 0x94c (0xaaaad9c6f71c in /usr/bin/python)
frame #27: _PyFunction_Vectorcall + 0x84 (0xaaaad9c873f8 in /usr/bin/python)
frame #28: _PyEval_EvalFrameDefault + 0x22e0 (0xaaaad9c710b0 in /usr/bin/python)
frame #29: _PyFunction_Vectorcall + 0x84 (0xaaaad9c873f8 in /usr/bin/python)
frame #30: _PyEval_EvalFrameDefault + 0x94c (0xaaaad9c6f71c in /usr/bin/python)
frame #31: _PyFunction_Vectorcall + 0x84 (0xaaaad9c873f8 in /usr/bin/python)
frame #32: _PyEval_EvalFrameDefault + 0x810 (0xaaaad9c6f5e0 in /usr/bin/python)
frame #33: _PyObject_FastCallDictTstate + 0xc4 (0xaaaad9c7bdd4 in /usr/bin/python)
frame #34: _PyObject_Call_Prepend + 0xc8 (0xaaaad9c931b8 in /usr/bin/python)
frame #35: <unknown function> + 0x243f20 (0xaaaad9dc3f20 in /usr/bin/python)
frame #36: PyObject_Call + 0xa8 (0xaaaad9c9719c in /usr/bin/python)
frame #37: _PyEval_EvalFrameDefault + 0x22e0 (0xaaaad9c710b0 in /usr/bin/python)
frame #38: _PyFunction_Vectorcall + 0x84 (0xaaaad9c873f8 in /usr/bin/python)
frame #39: _PyEval_EvalFrameDefault + 0x810 (0xaaaad9c6f5e0 in /usr/bin/python)
frame #40: _PyFunction_Vectorcall + 0x84 (0xaaaad9c873f8 in /usr/bin/python)
frame #41: _PyEval_EvalFrameDefault + 0x22e0 (0xaaaad9c710b0 in /usr/bin/python)
frame #42: _PyFunction_Vectorcall + 0x84 (0xaaaad9c873f8 in /usr/bin/python)
frame #43: _PyEval_EvalFrameDefault + 0x810 (0xaaaad9c6f5e0 in /usr/bin/python)
frame #44: <unknown function> + 0x1eb9e0 (0xaaaad9d6b9e0 in /usr/bin/python)
frame #45: PyEval_EvalCode + 0x74 (0xaaaad9d6b864 in /usr/bin/python)
frame #46: <unknown function> + 0x21ee5c (0xaaaad9d9ee5c in /usr/bin/python)
frame #47: <unknown function> + 0x217568 (0xaaaad9d97568 in /usr/bin/python)
frame #48: <unknown function> + 0x21eb0c (0xaaaad9d9eb0c in /usr/bin/python)
frame #49: _PyRun_SimpleFileObject + 0x184 (0xaaaad9d9dc74 in /usr/bin/python)
frame #50: _PyRun_AnyFileObject + 0x50 (0xaaaad9d9d840 in /usr/bin/python)
frame #51: Py_RunMain + 0x200 (0xaaaad9d8e140 in /usr/bin/python)
frame #52: Py_BytesMain + 0x24 (0xaaaad9d5c908 in /usr/bin/python)
frame #53: <unknown function> + 0x273fc (0x4000032873fc in /lib/aarch64-linux-gnu/libc.so.6)
frame #54: __libc_start_main + 0x98 (0x4000032874cc in /lib/aarch64-linux-gnu/libc.so.6)
frame #55: _start + 0x30 (0xaaaad9d5c7f0 in /usr/bin/python)

W0221 21:21:27.516000 1997936 torch/distributed/elastic/rendezvous/dynamic_rendezvous.py:1278] The node 'turpancomp1.calmip.local_1997936_0' has failed to shutdown the rendezvous '77765' due to an error of type RendezvousConnectionError.
W0221 21:21:27.517000 1249229 torch/distributed/elastic/rendezvous/dynamic_rendezvous.py:1278] The node 'turpancomp3.calmip.local_1249229_0' has failed to shutdown the rendezvous '77765' due to an error of type RendezvousConnectionError.
[W221 21:21:27.691102645 TCPStore.cpp:168] [c10d] sendBytes failed on SocketImpl(fd=5, addr=[turpancomp1-admin1-1.calmip.local]:45792, remote=[turpancomp0-admin1-1.calmip.local]:37766): Broken pipe
Exception raised from sendBytes at /opt/pytorch/pytorch/torch/csrc/distributed/c10d/Utils.hpp:645 (most recent call first):
frame #0: c10::Error::Error(c10::SourceLocation, std::__cxx11::basic_string<char, std::char_traits<char>, std::allocator<char> >) + 0xd4 (0x40005ef9b134 in /usr/local/lib/python3.10/dist-packages/torch/lib/libc10.so)
frame #1: <unknown function> + 0x4956be0 (0x4000170e6be0 in /usr/local/lib/python3.10/dist-packages/torch/lib/libtorch_cpu.so)
frame #2: <unknown function> + 0x4957204 (0x4000170e7204 in /usr/local/lib/python3.10/dist-packages/torch/lib/libtorch_cpu.so)
frame #3: <unknown function> + 0x495c304 (0x4000170ec304 in /usr/local/lib/python3.10/dist-packages/torch/lib/libtorch_cpu.so)
frame #4: c10d::TCPStore::doWait(c10::ArrayRef<std::__cxx11::basic_string<char, std::char_traits<char>, std::allocator<char> > >, std::chrono::duration<long, std::ratio<1l, 1000l> >) + 0x148 (0x4000170ed598 in /usr/local/lib/python3.10/dist-packages/torch/lib/libtorch_cpu.so)
frame #5: c10d::TCPStore::doGet(std::__cxx11::basic_string<char, std::char_traits<char>, std::allocator<char> > const&) + 0x2c (0x4000170eda5c in /usr/local/lib/python3.10/dist-packages/torch/lib/libtorch_cpu.so)
frame #6: c10d::TCPStore::get(std::__cxx11::basic_string<char, std::char_traits<char>, std::allocator<char> > const&) + 0xd0 (0x4000170ef060 in /usr/local/lib/python3.10/dist-packages/torch/lib/libtorch_cpu.so)
frame #7: <unknown function> + 0x1023c9c (0x400012683c9c in /usr/local/lib/python3.10/dist-packages/torch/lib/libtorch_python.so)
frame #8: <unknown function> + 0x62d3e0 (0x400011c8d3e0 in /usr/local/lib/python3.10/dist-packages/torch/lib/libtorch_python.so)
frame #9: <unknown function> + 0x106754 (0xaaaacad26754 in /usr/bin/python)
frame #10: _PyObject_MakeTpCall + 0x28c (0xaaaacad1cd70 in /usr/bin/python)
frame #11: <unknown function> + 0x116914 (0xaaaacad36914 in /usr/bin/python)
frame #12: _PyEval_EvalFrameDefault + 0x22e0 (0xaaaacad110b0 in /usr/bin/python)
frame #13: _PyFunction_Vectorcall + 0x84 (0xaaaacad273f8 in /usr/bin/python)
frame #14: _PyEval_EvalFrameDefault + 0x94c (0xaaaacad0f71c in /usr/bin/python)
frame #15: _PyFunction_Vectorcall + 0x84 (0xaaaacad273f8 in /usr/bin/python)
frame #16: _PyEval_EvalFrameDefault + 0x94c (0xaaaacad0f71c in /usr/bin/python)
frame #17: _PyFunction_Vectorcall + 0x84 (0xaaaacad273f8 in /usr/bin/python)
frame #18: _PyEval_EvalFrameDefault + 0x94c (0xaaaacad0f71c in /usr/bin/python)
frame #19: _PyFunction_Vectorcall + 0x84 (0xaaaacad273f8 in /usr/bin/python)
frame #20: _PyEval_EvalFrameDefault + 0x94c (0xaaaacad0f71c in /usr/bin/python)
frame #21: _PyFunction_Vectorcall + 0x84 (0xaaaacad273f8 in /usr/bin/python)
frame #22: _PyEval_EvalFrameDefault + 0x94c (0xaaaacad0f71c in /usr/bin/python)
frame #23: _PyFunction_Vectorcall + 0x84 (0xaaaacad273f8 in /usr/bin/python)
frame #24: _PyEval_EvalFrameDefault + 0x94c (0xaaaacad0f71c in /usr/bin/python)
frame #25: _PyFunction_Vectorcall + 0x84 (0xaaaacad273f8 in /usr/bin/python)
frame #26: _PyEval_EvalFrameDefault + 0x810 (0xaaaacad0f5e0 in /usr/bin/python)
frame #27: _PyObject_FastCallDictTstate + 0xc4 (0xaaaacad1bdd4 in /usr/bin/python)
frame #28: _PyObject_Call_Prepend + 0xc8 (0xaaaacad331b8 in /usr/bin/python)
frame #29: <unknown function> + 0x243f20 (0xaaaacae63f20 in /usr/bin/python)
frame #30: PyObject_Call + 0xa8 (0xaaaacad3719c in /usr/bin/python)
frame #31: _PyEval_EvalFrameDefault + 0x22e0 (0xaaaacad110b0 in /usr/bin/python)
frame #32: _PyFunction_Vectorcall + 0x84 (0xaaaacad273f8 in /usr/bin/python)
frame #33: _PyEval_EvalFrameDefault + 0x810 (0xaaaacad0f5e0 in /usr/bin/python)
frame #34: _PyFunction_Vectorcall + 0x84 (0xaaaacad273f8 in /usr/bin/python)
frame #35: _PyEval_EvalFrameDefault + 0x22e0 (0xaaaacad110b0 in /usr/bin/python)
frame #36: _PyFunction_Vectorcall + 0x84 (0xaaaacad273f8 in /usr/bin/python)
frame #37: _PyEval_EvalFrameDefault + 0x810 (0xaaaacad0f5e0 in /usr/bin/python)
frame #38: <unknown function> + 0x1eb9e0 (0xaaaacae0b9e0 in /usr/bin/python)
frame #39: PyEval_EvalCode + 0x74 (0xaaaacae0b864 in /usr/bin/python)
frame #40: <unknown function> + 0x21ee5c (0xaaaacae3ee5c in /usr/bin/python)
frame #41: <unknown function> + 0x217568 (0xaaaacae37568 in /usr/bin/python)
frame #42: <unknown function> + 0x21eb0c (0xaaaacae3eb0c in /usr/bin/python)
frame #43: _PyRun_SimpleFileObject + 0x184 (0xaaaacae3dc74 in /usr/bin/python)
frame #44: _PyRun_AnyFileObject + 0x50 (0xaaaacae3d840 in /usr/bin/python)
frame #45: Py_RunMain + 0x200 (0xaaaacae2e140 in /usr/bin/python)
frame #46: Py_BytesMain + 0x24 (0xaaaacadfc908 in /usr/bin/python)
frame #47: <unknown function> + 0x273fc (0x400010b073fc in /lib/aarch64-linux-gnu/libc.so.6)
frame #48: __libc_start_main + 0x98 (0x400010b074cc in /lib/aarch64-linux-gnu/libc.so.6)
frame #49: _start + 0x30 (0xaaaacadfc7f0 in /usr/bin/python)

W0221 21:21:27.521000 1997936 torch/distributed/elastic/rendezvous/dynamic_rendezvous.py:1278] The node 'turpancomp1.calmip.local_1997936_0' has failed to shutdown the rendezvous '77765' due to an error of type RendezvousConnectionError.
[W221 21:21:27.914054438 TCPStore.cpp:168] [c10d] sendBytes failed on SocketImpl(fd=5, addr=[turpancomp2-admin1-1.calmip.local]:42316, remote=[turpancomp0-admin1-1.calmip.local]:37766): Broken pipe
Exception raised from sendBytes at /opt/pytorch/pytorch/torch/csrc/distributed/c10d/Utils.hpp:645 (most recent call first):
frame #0: c10::Error::Error(c10::SourceLocation, std::__cxx11::basic_string<char, std::char_traits<char>, std::allocator<char> >) + 0xd4 (0x4000694bb134 in /usr/local/lib/python3.10/dist-packages/torch/lib/libc10.so)
frame #1: <unknown function> + 0x4956be0 (0x400021606be0 in /usr/local/lib/python3.10/dist-packages/torch/lib/libtorch_cpu.so)
frame #2: <unknown function> + 0x4957204 (0x400021607204 in /usr/local/lib/python3.10/dist-packages/torch/lib/libtorch_cpu.so)
frame #3: <unknown function> + 0x495c304 (0x40002160c304 in /usr/local/lib/python3.10/dist-packages/torch/lib/libtorch_cpu.so)
frame #4: c10d::TCPStore::compareSet(std::__cxx11::basic_string<char, std::char_traits<char>, std::allocator<char> > const&, std::vector<unsigned char, std::allocator<unsigned char> > const&, std::vector<unsigned char, std::allocator<unsigned char> > const&) + 0x1d0 (0x40002160d310 in /usr/local/lib/python3.10/dist-packages/torch/lib/libtorch_cpu.so)
frame #5: <unknown function> + 0x10244f4 (0x40001cba44f4 in /usr/local/lib/python3.10/dist-packages/torch/lib/libtorch_python.so)
frame #6: <unknown function> + 0x62d3e0 (0x40001c1ad3e0 in /usr/local/lib/python3.10/dist-packages/torch/lib/libtorch_python.so)
frame #7: <unknown function> + 0x106754 (0xaaaaaf506754 in /usr/bin/python)
frame #8: _PyObject_MakeTpCall + 0x28c (0xaaaaaf4fcd70 in /usr/bin/python)
frame #9: <unknown function> + 0x116914 (0xaaaaaf516914 in /usr/bin/python)
frame #10: _PyEval_EvalFrameDefault + 0x22e0 (0xaaaaaf4f10b0 in /usr/bin/python)
frame #11: _PyFunction_Vectorcall + 0x84 (0xaaaaaf5073f8 in /usr/bin/python)
frame #12: _PyEval_EvalFrameDefault + 0x94c (0xaaaaaf4ef71c in /usr/bin/python)
frame #13: _PyFunction_Vectorcall + 0x84 (0xaaaaaf5073f8 in /usr/bin/python)
frame #14: _PyEval_EvalFrameDefault + 0x94c (0xaaaaaf4ef71c in /usr/bin/python)
frame #15: _PyFunction_Vectorcall + 0x84 (0xaaaaaf5073f8 in /usr/bin/python)
frame #16: _PyEval_EvalFrameDefault + 0x94c (0xaaaaaf4ef71c in /usr/bin/python)
frame #17: _PyFunction_Vectorcall + 0x84 (0xaaaaaf5073f8 in /usr/bin/python)
frame #18: _PyEval_EvalFrameDefault + 0x94c (0xaaaaaf4ef71c in /usr/bin/python)
frame #19: _PyFunction_Vectorcall + 0x84 (0xaaaaaf5073f8 in /usr/bin/python)
frame #20: _PyEval_EvalFrameDefault + 0x94c (0xaaaaaf4ef71c in /usr/bin/python)
frame #21: _PyFunction_Vectorcall + 0x84 (0xaaaaaf5073f8 in /usr/bin/python)
frame #22: _PyEval_EvalFrameDefault + 0x94c (0xaaaaaf4ef71c in /usr/bin/python)
frame #23: _PyFunction_Vectorcall + 0x84 (0xaaaaaf5073f8 in /usr/bin/python)
frame #24: _PyEval_EvalFrameDefault + 0x810 (0xaaaaaf4ef5e0 in /usr/bin/python)
frame #25: _PyObject_FastCallDictTstate + 0xc4 (0xaaaaaf4fbdd4 in /usr/bin/python)
frame #26: _PyObject_Call_Prepend + 0xc8 (0xaaaaaf5131b8 in /usr/bin/python)
frame #27: <unknown function> + 0x243f20 (0xaaaaaf643f20 in /usr/bin/python)
frame #28: PyObject_Call + 0xa8 (0xaaaaaf51719c in /usr/bin/python)
frame #29: _PyEval_EvalFrameDefault + 0x22e0 (0xaaaaaf4f10b0 in /usr/bin/python)
frame #30: _PyFunction_Vectorcall + 0x84 (0xaaaaaf5073f8 in /usr/bin/python)
frame #31: _PyEval_EvalFrameDefault + 0x810 (0xaaaaaf4ef5e0 in /usr/bin/python)
frame #32: _PyFunction_Vectorcall + 0x84 (0xaaaaaf5073f8 in /usr/bin/python)
frame #33: _PyEval_EvalFrameDefault + 0x22e0 (0xaaaaaf4f10b0 in /usr/bin/python)
frame #34: _PyFunction_Vectorcall + 0x84 (0xaaaaaf5073f8 in /usr/bin/python)
frame #35: _PyEval_EvalFrameDefault + 0x810 (0xaaaaaf4ef5e0 in /usr/bin/python)
frame #36: <unknown function> + 0x1eb9e0 (0xaaaaaf5eb9e0 in /usr/bin/python)
frame #37: PyEval_EvalCode + 0x74 (0xaaaaaf5eb864 in /usr/bin/python)
frame #38: <unknown function> + 0x21ee5c (0xaaaaaf61ee5c in /usr/bin/python)
frame #39: <unknown function> + 0x217568 (0xaaaaaf617568 in /usr/bin/python)
frame #40: <unknown function> + 0x21eb0c (0xaaaaaf61eb0c in /usr/bin/python)
frame #41: _PyRun_SimpleFileObject + 0x184 (0xaaaaaf61dc74 in /usr/bin/python)
frame #42: _PyRun_AnyFileObject + 0x50 (0xaaaaaf61d840 in /usr/bin/python)
frame #43: Py_RunMain + 0x200 (0xaaaaaf60e140 in /usr/bin/python)
frame #44: Py_BytesMain + 0x24 (0xaaaaaf5dc908 in /usr/bin/python)
frame #45: <unknown function> + 0x273fc (0x40001b0273fc in /lib/aarch64-linux-gnu/libc.so.6)
frame #46: __libc_start_main + 0x98 (0x40001b0274cc in /lib/aarch64-linux-gnu/libc.so.6)
frame #47: _start + 0x30 (0xaaaaaf5dc7f0 in /usr/bin/python)

W0221 21:21:27.524000 2224678 torch/distributed/elastic/rendezvous/dynamic_rendezvous.py:1278] The node 'turpancomp2.calmip.local_2224678_0' has failed to shutdown the rendezvous '77765' due to an error of type RendezvousConnectionError.
[W221 21:21:27.350024072 TCPStore.cpp:168] [c10d] sendBytes failed on SocketImpl(fd=5, addr=[turpancomp3-admin1-1.calmip.local]:42292, remote=[turpancomp0-admin1-1.calmip.local]:37766): Broken pipe
Exception raised from sendBytes at /opt/pytorch/pytorch/torch/csrc/distributed/c10d/Utils.hpp:645 (most recent call first):
frame #0: c10::Error::Error(c10::SourceLocation, std::__cxx11::basic_string<char, std::char_traits<char>, std::allocator<char> >) + 0xd4 (0x40005171b134 in /usr/local/lib/python3.10/dist-packages/torch/lib/libc10.so)
frame #1: <unknown function> + 0x4956be0 (0x400009866be0 in /usr/local/lib/python3.10/dist-packages/torch/lib/libtorch_cpu.so)
frame #2: <unknown function> + 0x4957204 (0x400009867204 in /usr/local/lib/python3.10/dist-packages/torch/lib/libtorch_cpu.so)
frame #3: <unknown function> + 0x495c304 (0x40000986c304 in /usr/local/lib/python3.10/dist-packages/torch/lib/libtorch_cpu.so)
frame #4: c10d::TCPStore::doWait(c10::ArrayRef<std::__cxx11::basic_string<char, std::char_traits<char>, std::allocator<char> > >, std::chrono::duration<long, std::ratio<1l, 1000l> >) + 0x148 (0x40000986d598 in /usr/local/lib/python3.10/dist-packages/torch/lib/libtorch_cpu.so)
frame #5: c10d::TCPStore::doGet(std::__cxx11::basic_string<char, std::char_traits<char>, std::allocator<char> > const&) + 0x2c (0x40000986da5c in /usr/local/lib/python3.10/dist-packages/torch/lib/libtorch_cpu.so)
frame #6: c10d::TCPStore::get(std::__cxx11::basic_string<char, std::char_traits<char>, std::allocator<char> > const&) + 0xd0 (0x40000986f060 in /usr/local/lib/python3.10/dist-packages/torch/lib/libtorch_cpu.so)
frame #7: <unknown function> + 0x1023c9c (0x400004e03c9c in /usr/local/lib/python3.10/dist-packages/torch/lib/libtorch_python.so)
frame #8: <unknown function> + 0x62d3e0 (0x40000440d3e0 in /usr/local/lib/python3.10/dist-packages/torch/lib/libtorch_python.so)
frame #9: <unknown function> + 0x106754 (0xaaaad9c86754 in /usr/bin/python)
frame #10: _PyObject_MakeTpCall + 0x28c (0xaaaad9c7cd70 in /usr/bin/python)
frame #11: <unknown function> + 0x116914 (0xaaaad9c96914 in /usr/bin/python)
frame #12: _PyEval_EvalFrameDefault + 0x22e0 (0xaaaad9c710b0 in /usr/bin/python)
frame #13: _PyFunction_Vectorcall + 0x84 (0xaaaad9c873f8 in /usr/bin/python)
frame #14: _PyEval_EvalFrameDefault + 0x94c (0xaaaad9c6f71c in /usr/bin/python)
frame #15: _PyFunction_Vectorcall + 0x84 (0xaaaad9c873f8 in /usr/bin/python)
frame #16: _PyEval_EvalFrameDefault + 0x94c (0xaaaad9c6f71c in /usr/bin/python)
frame #17: _PyFunction_Vectorcall + 0x84 (0xaaaad9c873f8 in /usr/bin/python)
frame #18: _PyEval_EvalFrameDefault + 0x94c (0xaaaad9c6f71c in /usr/bin/python)
frame #19: _PyFunction_Vectorcall + 0x84 (0xaaaad9c873f8 in /usr/bin/python)
frame #20: _PyEval_EvalFrameDefault + 0x94c (0xaaaad9c6f71c in /usr/bin/python)
frame #21: _PyFunction_Vectorcall + 0x84 (0xaaaad9c873f8 in /usr/bin/python)
frame #22: _PyEval_EvalFrameDefault + 0x94c (0xaaaad9c6f71c in /usr/bin/python)
frame #23: _PyFunction_Vectorcall + 0x84 (0xaaaad9c873f8 in /usr/bin/python)
frame #24: _PyEval_EvalFrameDefault + 0x94c (0xaaaad9c6f71c in /usr/bin/python)
frame #25: _PyFunction_Vectorcall + 0x84 (0xaaaad9c873f8 in /usr/bin/python)
frame #26: _PyEval_EvalFrameDefault + 0x810 (0xaaaad9c6f5e0 in /usr/bin/python)
frame #27: _PyObject_FastCallDictTstate + 0xc4 (0xaaaad9c7bdd4 in /usr/bin/python)
frame #28: _PyObject_Call_Prepend + 0xc8 (0xaaaad9c931b8 in /usr/bin/python)
frame #29: <unknown function> + 0x243f20 (0xaaaad9dc3f20 in /usr/bin/python)
frame #30: PyObject_Call + 0xa8 (0xaaaad9c9719c in /usr/bin/python)
frame #31: _PyEval_EvalFrameDefault + 0x22e0 (0xaaaad9c710b0 in /usr/bin/python)
frame #32: _PyFunction_Vectorcall + 0x84 (0xaaaad9c873f8 in /usr/bin/python)
frame #33: _PyEval_EvalFrameDefault + 0x810 (0xaaaad9c6f5e0 in /usr/bin/python)
frame #34: _PyFunction_Vectorcall + 0x84 (0xaaaad9c873f8 in /usr/bin/python)
frame #35: _PyEval_EvalFrameDefault + 0x22e0 (0xaaaad9c710b0 in /usr/bin/python)
frame #36: _PyFunction_Vectorcall + 0x84 (0xaaaad9c873f8 in /usr/bin/python)
frame #37: _PyEval_EvalFrameDefault + 0x810 (0xaaaad9c6f5e0 in /usr/bin/python)
frame #38: <unknown function> + 0x1eb9e0 (0xaaaad9d6b9e0 in /usr/bin/python)
frame #39: PyEval_EvalCode + 0x74 (0xaaaad9d6b864 in /usr/bin/python)
frame #40: <unknown function> + 0x21ee5c (0xaaaad9d9ee5c in /usr/bin/python)
frame #41: <unknown function> + 0x217568 (0xaaaad9d97568 in /usr/bin/python)
frame #42: <unknown function> + 0x21eb0c (0xaaaad9d9eb0c in /usr/bin/python)
frame #43: _PyRun_SimpleFileObject + 0x184 (0xaaaad9d9dc74 in /usr/bin/python)
frame #44: _PyRun_AnyFileObject + 0x50 (0xaaaad9d9d840 in /usr/bin/python)
frame #45: Py_RunMain + 0x200 (0xaaaad9d8e140 in /usr/bin/python)
frame #46: Py_BytesMain + 0x24 (0xaaaad9d5c908 in /usr/bin/python)
frame #47: <unknown function> + 0x273fc (0x4000032873fc in /lib/aarch64-linux-gnu/libc.so.6)
frame #48: __libc_start_main + 0x98 (0x4000032874cc in /lib/aarch64-linux-gnu/libc.so.6)
frame #49: _start + 0x30 (0xaaaad9d5c7f0 in /usr/bin/python)

W0221 21:21:27.526000 1249229 torch/distributed/elastic/rendezvous/dynamic_rendezvous.py:1278] The node 'turpancomp3.calmip.local_1249229_0' has failed to shutdown the rendezvous '77765' due to an error of type RendezvousConnectionError.
srun: error: turpancomp0: task 0: Exited with exit code 1
