Loading gnu/11.2.0
  Loading requirement: binutils/11.2.0
==========================================
GPT-2 SME Curriculum Training (phase1_short)
  Phase:          1
  Nodes:          4
  GPUs/node:      2
  Total GPUs:     8
  Dataset label:  numtasks_sme_vardig_e9_numw2_curr_stage_v1
  Data dir:       /tmpdir/m24047brmn/numbers/data/numtasks_sme_vardig_e9_numw2_curr_stage_v1_p1_d1_4
  Checkpoint:     /tmpdir/m24047brmn/numbers/checkpoints/np_emb_v8_500k_model.pt
  Init from:      scratch
  Max iters:      12000
  Learning rate:  4e-4
  Adapter lr x:   0.5
  Out dir:        /tmpdir/m24047brmn/numbers/model_checkpoints/sme_vardig_e9_numw2_curr_stage_v1
  Master:         10.158.1.101:38268
==========================================
Error in cpuinfo: prctl(PR_SVE_GET_VL) failed
Error in cpuinfo: prctl(PR_SVE_GET_VL) failed
Error in cpuinfo: prctl(PR_SVE_GET_VL) failed
Error in cpuinfo: prctl(PR_SVE_GET_VL) failed
W0226 01:01:22.166000 3588791 torch/distributed/run.py:793] 
W0226 01:01:22.166000 3588791 torch/distributed/run.py:793] *****************************************
W0226 01:01:22.166000 3588791 torch/distributed/run.py:793] Setting OMP_NUM_THREADS environment variable for each process to be 1 in default, to avoid your system being overloaded, please further tune the variable for optimal performance in your application as needed. 
W0226 01:01:22.166000 3588791 torch/distributed/run.py:793] *****************************************
W0226 01:01:22.245000 3357525 torch/distributed/run.py:793] 
W0226 01:01:22.245000 3357525 torch/distributed/run.py:793] *****************************************
W0226 01:01:22.245000 3357525 torch/distributed/run.py:793] Setting OMP_NUM_THREADS environment variable for each process to be 1 in default, to avoid your system being overloaded, please further tune the variable for optimal performance in your application as needed. 
W0226 01:01:22.245000 3357525 torch/distributed/run.py:793] *****************************************
W0226 01:01:22.271000 236650 torch/distributed/run.py:793] 
W0226 01:01:22.271000 236650 torch/distributed/run.py:793] *****************************************
W0226 01:01:22.271000 236650 torch/distributed/run.py:793] Setting OMP_NUM_THREADS environment variable for each process to be 1 in default, to avoid your system being overloaded, please further tune the variable for optimal performance in your application as needed. 
W0226 01:01:22.271000 236650 torch/distributed/run.py:793] *****************************************
W0226 01:01:22.382000 2619697 torch/distributed/run.py:793] 
W0226 01:01:22.382000 2619697 torch/distributed/run.py:793] *****************************************
W0226 01:01:22.382000 2619697 torch/distributed/run.py:793] Setting OMP_NUM_THREADS environment variable for each process to be 1 in default, to avoid your system being overloaded, please further tune the variable for optimal performance in your application as needed. 
W0226 01:01:22.382000 2619697 torch/distributed/run.py:793] *****************************************
tokens per iteration will be: 122,880
tokens per iteration will be: 122,880
data directory: /tmpdir/m24047brmn/numbers/data/numtasks_sme_vardig_e9_numw2_curr_stage_v1_p1_d1_4
tokens per iteration will be: 122,880
tokens per iteration will be: 122,880
data directory: /tmpdir/m24047brmn/numbers/data/numtasks_sme_vardig_e9_numw2_curr_stage_v1_p1_d1_4
data directory: /tmpdir/m24047brmn/numbers/data/numtasks_sme_vardig_e9_numw2_curr_stage_v1_p1_d1_4
found vocab_size = 50304 (inside /tmpdir/m24047brmn/numbers/data/numtasks_sme_vardig_e9_numw2_curr_stage_v1_p1_d1_4/meta.pkl)
Initializing a new model from scratch
data directory: /tmpdir/m24047brmn/numbers/data/numtasks_sme_vardig_e9_numw2_curr_stage_v1_p1_d1_4
Error in cpuinfo: prctl(PR_SVE_GET_VL) failed
found vocab_size = 50304 (inside /tmpdir/m24047brmn/numbers/data/numtasks_sme_vardig_e9_numw2_curr_stage_v1_p1_d1_4/meta.pkl)
Initializing a new model from scratch
found vocab_size = 50304 (inside /tmpdir/m24047brmn/numbers/data/numtasks_sme_vardig_e9_numw2_curr_stage_v1_p1_d1_4/meta.pkl)
Initializing a new model from scratch
found vocab_size = 50304 (inside /tmpdir/m24047brmn/numbers/data/numtasks_sme_vardig_e9_numw2_curr_stage_v1_p1_d1_4/meta.pkl)
Initializing a new model from scratch
Error in cpuinfo: prctl(PR_SVE_GET_VL) failed
Error in cpuinfo: prctl(PR_SVE_GET_VL) failed
Error in cpuinfo: prctl(PR_SVE_GET_VL) failed
tokens per iteration will be: 122,880
data directory: /tmpdir/m24047brmn/numbers/data/numtasks_sme_vardig_e9_numw2_curr_stage_v1_p1_d1_4
tokens per iteration will be: 122,880
data directory: /tmpdir/m24047brmn/numbers/data/numtasks_sme_vardig_e9_numw2_curr_stage_v1_p1_d1_4
found vocab_size = 50304 (inside /tmpdir/m24047brmn/numbers/data/numtasks_sme_vardig_e9_numw2_curr_stage_v1_p1_d1_4/meta.pkl)
Initializing a new model from scratch
Error in cpuinfo: prctl(PR_SVE_GET_VL) failed
tokens per iteration will be: 122,880
data directory: /tmpdir/m24047brmn/numbers/data/numtasks_sme_vardig_e9_numw2_curr_stage_v1_p1_d1_4
found vocab_size = 50304 (inside /tmpdir/m24047brmn/numbers/data/numtasks_sme_vardig_e9_numw2_curr_stage_v1_p1_d1_4/meta.pkl)
Initializing a new model from scratch
Error in cpuinfo: prctl(PR_SVE_GET_VL) failed
found vocab_size = 50304 (inside /tmpdir/m24047brmn/numbers/data/numtasks_sme_vardig_e9_numw2_curr_stage_v1_p1_d1_4/meta.pkl)
Initializing a new model from scratch
Error in cpuinfo: prctl(PR_SVE_GET_VL) failed
tokens per iteration will be: 122,880
data directory: /tmpdir/m24047brmn/numbers/data/numtasks_sme_vardig_e9_numw2_curr_stage_v1_p1_d1_4
found vocab_size = 50304 (inside /tmpdir/m24047brmn/numbers/data/numtasks_sme_vardig_e9_numw2_curr_stage_v1_p1_d1_4/meta.pkl)
Initializing a new model from scratch
Error in cpuinfo: prctl(PR_SVE_GET_VL) failed
number of parameters: 22.42M
number of parameters: 22.42M
number of parameters: 22.42M
number of parameters: 22.42M
number of parameters: 22.42M
number of parameters: 22.42M
number of parameters: 22.42M
number of parameters: 22.42M
/work/m24047/m24047brmn/numbers/GPT2/fe/train.py:240: FutureWarning: `torch.cuda.amp.GradScaler(args...)` is deprecated. Please use `torch.amp.GradScaler('cuda', args...)` instead.
  scaler = torch.cuda.amp.GradScaler(enabled=(dtype == 'float16'))
optimizer parameter groups:
  transformer_decay: 50 tensors, 22,380,544 params, weight_decay=0.1, lr_scale=1.0
  transformer_nodecay: 25 tensors, 6,400 params, weight_decay=0.0, lr_scale=1.0
  adapter_decay: 2 tensors, 98,304 params, weight_decay=0.1, lr_scale=0.5
  adapter_nodecay: 2 tensors, 512 params, weight_decay=0.0, lr_scale=0.5
/work/m24047/m24047brmn/numbers/GPT2/fe/train.py:240: FutureWarning: `torch.cuda.amp.GradScaler(args...)` is deprecated. Please use `torch.amp.GradScaler('cuda', args...)` instead.
  scaler = torch.cuda.amp.GradScaler(enabled=(dtype == 'float16'))
optimizer parameter groups:
  transformer_decay: 50 tensors, 22,380,544 params, weight_decay=0.1, lr_scale=1.0
  transformer_nodecay: 25 tensors, 6,400 params, weight_decay=0.0, lr_scale=1.0
  adapter_decay: 2 tensors, 98,304 params, weight_decay=0.1, lr_scale=0.5
  adapter_nodecay: 2 tensors, 512 params, weight_decay=0.0, lr_scale=0.5
/work/m24047/m24047brmn/numbers/GPT2/fe/train.py:240: FutureWarning: `torch.cuda.amp.GradScaler(args...)` is deprecated. Please use `torch.amp.GradScaler('cuda', args...)` instead.
  scaler = torch.cuda.amp.GradScaler(enabled=(dtype == 'float16'))
optimizer parameter groups:
  transformer_decay: 50 tensors, 22,380,544 params, weight_decay=0.1, lr_scale=1.0
  transformer_nodecay: 25 tensors, 6,400 params, weight_decay=0.0, lr_scale=1.0
  adapter_decay: 2 tensors, 98,304 params, weight_decay=0.1, lr_scale=0.5
  adapter_nodecay: 2 tensors, 512 params, weight_decay=0.0, lr_scale=0.5
/work/m24047/m24047brmn/numbers/GPT2/fe/train.py:240: FutureWarning: `torch.cuda.amp.GradScaler(args...)` is deprecated. Please use `torch.amp.GradScaler('cuda', args...)` instead.
  scaler = torch.cuda.amp.GradScaler(enabled=(dtype == 'float16'))
optimizer parameter groups:
  transformer_decay: 50 tensors, 22,380,544 params, weight_decay=0.1, lr_scale=1.0
  transformer_nodecay: 25 tensors, 6,400 params, weight_decay=0.0, lr_scale=1.0
  adapter_decay: 2 tensors, 98,304 params, weight_decay=0.1, lr_scale=0.5
  adapter_nodecay: 2 tensors, 512 params, weight_decay=0.0, lr_scale=0.5
/work/m24047/m24047brmn/numbers/GPT2/fe/train.py:240: FutureWarning: `torch.cuda.amp.GradScaler(args...)` is deprecated. Please use `torch.amp.GradScaler('cuda', args...)` instead.
  scaler = torch.cuda.amp.GradScaler(enabled=(dtype == 'float16'))
optimizer parameter groups:
  transformer_decay: 50 tensors, 22,380,544 params, weight_decay=0.1, lr_scale=1.0
  transformer_nodecay: 25 tensors, 6,400 params, weight_decay=0.0, lr_scale=1.0
  adapter_decay: 2 tensors, 98,304 params, weight_decay=0.1, lr_scale=0.5
  adapter_nodecay: 2 tensors, 512 params, weight_decay=0.0, lr_scale=0.5
/work/m24047/m24047brmn/numbers/GPT2/fe/train.py:240: FutureWarning: `torch.cuda.amp.GradScaler(args...)` is deprecated. Please use `torch.amp.GradScaler('cuda', args...)` instead.
  scaler = torch.cuda.amp.GradScaler(enabled=(dtype == 'float16'))
optimizer parameter groups:
  transformer_decay: 50 tensors, 22,380,544 params, weight_decay=0.1, lr_scale=1.0
  transformer_nodecay: 25 tensors, 6,400 params, weight_decay=0.0, lr_scale=1.0
  adapter_decay: 2 tensors, 98,304 params, weight_decay=0.1, lr_scale=0.5
  adapter_nodecay: 2 tensors, 512 params, weight_decay=0.0, lr_scale=0.5
/work/m24047/m24047brmn/numbers/GPT2/fe/train.py:240: FutureWarning: `torch.cuda.amp.GradScaler(args...)` is deprecated. Please use `torch.amp.GradScaler('cuda', args...)` instead.
  scaler = torch.cuda.amp.GradScaler(enabled=(dtype == 'float16'))
optimizer parameter groups:
  transformer_decay: 50 tensors, 22,380,544 params, weight_decay=0.1, lr_scale=1.0
  transformer_nodecay: 25 tensors, 6,400 params, weight_decay=0.0, lr_scale=1.0
  adapter_decay: 2 tensors, 98,304 params, weight_decay=0.1, lr_scale=0.5
  adapter_nodecay: 2 tensors, 512 params, weight_decay=0.0, lr_scale=0.5
/work/m24047/m24047brmn/numbers/GPT2/fe/train.py:240: FutureWarning: `torch.cuda.amp.GradScaler(args...)` is deprecated. Please use `torch.amp.GradScaler('cuda', args...)` instead.
  scaler = torch.cuda.amp.GradScaler(enabled=(dtype == 'float16'))
optimizer parameter groups:
  transformer_decay: 50 tensors, 22,380,544 params, weight_decay=0.1, lr_scale=1.0
  transformer_nodecay: 25 tensors, 6,400 params, weight_decay=0.0, lr_scale=1.0
  adapter_decay: 2 tensors, 98,304 params, weight_decay=0.1, lr_scale=0.5
  adapter_nodecay: 2 tensors, 512 params, weight_decay=0.0, lr_scale=0.5
using fused AdamW: True
compiling the model... (takes a ~minute)
using fused AdamW: True
compiling the model... (takes a ~minute)
using fused AdamW: True
compiling the model... (takes a ~minute)
using fused AdamW: True
compiling the model... (takes a ~minute)
using fused AdamW: True
compiling the model... (takes a ~minute)
using fused AdamW: True
compiling the model... (takes a ~minute)
using fused AdamW: True
compiling the model... (takes a ~minute)
using fused AdamW: True
compiling the model... (takes a ~minute)
step 0: train loss 10.7834, val loss 10.7845
iter 0: loss 10.7744, time 143341.50ms, mfu -100.00%
  === DIAG iter 0 ===
  loss: 10.7744
  grads: total 1.0000, transformer 0.9982, adapter 0.0594
  <NUM> input tokens: 570/3072 (18.6%)
  lr: base 2.00e-07, adapter 1.00e-07
  SME accuracy: overall 0.017, sign 0.000, exp 0.000, digit 0.029, end 0.000 [d0 0.000 d1 0.013 d2 0.052 d3 0.000 d4 0.029 d5 0.000 d6 0.030 d7 0.032 d8 0.067 d9 0.053 d10 0.056 d11 0.000 d12 0.000 d13 0.100 d14 0.143] (931 SME tokens)
iter 1: loss 10.7347, time 587.22ms, mfu -100.00%
iter 2: loss 10.7310, time 548.16ms, mfu -100.00%
iter 3: loss 10.7290, time 357.67ms, mfu -100.00%
iter 4: loss 10.6911, time 413.75ms, mfu -100.00%
iter 5: loss 10.6449, time 439.50ms, mfu 1.61%
iter 6: loss 10.6260, time 418.56ms, mfu 1.62%
iter 7: loss 10.5525, time 371.41ms, mfu 1.65%
iter 8: loss 10.4879, time 417.44ms, mfu 1.65%
iter 9: loss 10.4390, time 457.82ms, mfu 1.64%
iter 10: loss 10.3389, time 442.79ms, mfu 1.64%
iter 11: loss 10.3007, time 337.74ms, mfu 1.69%
iter 12: loss 10.1821, time 376.18ms, mfu 1.71%
iter 13: loss 10.1057, time 356.74ms, mfu 1.73%
iter 14: loss 10.0222, time 429.10ms, mfu 1.73%
iter 15: loss 9.9555, time 367.54ms, mfu 1.75%
iter 16: loss 9.9228, time 390.27ms, mfu 1.75%
iter 17: loss 9.7608, time 427.51ms, mfu 1.74%
iter 18: loss 9.6971, time 415.89ms, mfu 1.74%
iter 19: loss 9.6404, time 253.90ms, mfu 1.84%
iter 20: loss 9.5626, time 457.96ms, mfu 1.81%
iter 21: loss 9.4825, time 325.70ms, mfu 1.85%
iter 22: loss 9.4367, time 319.03ms, mfu 1.89%
iter 23: loss 9.3929, time 423.60ms, mfu 1.87%
iter 24: loss 9.2691, time 272.48ms, mfu 1.94%
iter 25: loss 9.2337, time 284.56ms, mfu 1.99%
iter 26: loss 9.1953, time 431.98ms, mfu 1.96%
iter 27: loss 9.0661, time 398.03ms, mfu 1.94%
iter 28: loss 9.1375, time 427.88ms, mfu 1.91%
iter 29: loss 9.0097, time 270.23ms, mfu 1.98%
iter 30: loss 8.9848, time 397.59ms, mfu 1.96%
iter 31: loss 8.8436, time 422.74ms, mfu 1.94%
iter 32: loss 8.8805, time 268.06ms, mfu 2.01%
iter 33: loss 8.8144, time 284.90ms, mfu 2.05%
iter 34: loss 8.7965, time 449.92ms, mfu 2.01%
iter 35: loss 8.7139, time 369.96ms, mfu 2.00%
iter 36: loss 8.7143, time 316.14ms, mfu 2.02%
iter 37: loss 8.7051, time 489.61ms, mfu 1.96%
iter 38: loss 8.5481, time 362.00ms, mfu 1.96%
iter 39: loss 8.4819, time 421.32ms, mfu 1.94%
iter 40: loss 8.5514, time 371.74ms, mfu 1.93%
iter 41: loss 8.3206, time 439.48ms, mfu 1.90%
iter 42: loss 8.4332, time 349.10ms, mfu 1.91%
iter 43: loss 8.4160, time 310.35ms, mfu 1.95%
iter 44: loss 8.3674, time 476.73ms, mfu 1.90%
iter 45: loss 8.1821, time 315.99ms, mfu 1.94%
iter 46: loss 8.3124, time 348.00ms, mfu 1.95%
iter 47: loss 8.2569, time 424.42ms, mfu 1.92%
iter 48: loss 8.1089, time 429.64ms, mfu 1.89%
iter 49: loss 8.1694, time 278.81ms, mfu 1.96%
iter 50: loss 8.1308, time 468.45ms, mfu 1.91%
iter 51: loss 8.1330, time 270.33ms, mfu 1.98%
iter 52: loss 8.1681, time 348.10ms, mfu 1.99%
iter 53: loss 8.0059, time 381.66ms, mfu 1.98%
iter 54: loss 7.8647, time 304.68ms, mfu 2.01%
iter 55: loss 8.0770, time 344.31ms, mfu 2.02%
iter 56: loss 7.9303, time 446.72ms, mfu 1.97%
iter 57: loss 7.9167, time 353.26ms, mfu 1.98%
iter 58: loss 7.8899, time 395.85ms, mfu 1.96%
iter 59: loss 7.8449, time 388.90ms, mfu 1.94%
iter 60: loss 7.8299, time 501.29ms, mfu 1.89%
iter 61: loss 7.7459, time 451.38ms, mfu 1.86%
iter 62: loss 7.9052, time 271.04ms, mfu 1.93%
iter 63: loss 7.7670, time 443.21ms, mfu 1.90%
iter 64: loss 7.6518, time 270.33ms, mfu 1.97%
iter 65: loss 7.8639, time 498.99ms, mfu 1.92%
iter 66: loss 7.7103, time 417.81ms, mfu 1.90%
iter 67: loss 7.5772, time 197.58ms, mfu 2.06%
iter 68: loss 7.6120, time 451.11ms, mfu 2.02%
iter 69: loss 7.5000, time 382.17ms, mfu 2.00%
iter 70: loss 7.6364, time 524.78ms, mfu 1.93%
iter 71: loss 7.5810, time 325.64ms, mfu 1.96%
iter 72: loss 7.6709, time 420.54ms, mfu 1.93%
iter 73: loss 7.6036, time 347.98ms, mfu 1.94%
iter 74: loss 7.6630, time 440.99ms, mfu 1.91%
iter 75: loss 7.5233, time 356.54ms, mfu 1.92%
iter 76: loss 7.4572, time 346.37ms, mfu 1.93%
iter 77: loss 7.4593, time 365.85ms, mfu 1.93%
iter 78: loss 7.2989, time 368.04ms, mfu 1.93%
iter 79: loss 7.4809, time 324.60ms, mfu 1.96%
iter 80: loss 7.5261, time 351.94ms, mfu 1.96%
iter 81: loss 7.5465, time 294.34ms, mfu 2.01%
iter 82: loss 7.4265, time 418.39ms, mfu 1.97%
iter 83: loss 7.3819, time 289.68ms, mfu 2.02%
iter 84: loss 7.3518, time 278.76ms, mfu 2.07%
iter 85: loss 7.2889, time 425.34ms, mfu 2.03%
iter 86: loss 7.4253, time 409.57ms, mfu 2.00%
iter 87: loss 7.3530, time 552.77ms, mfu 1.93%
iter 88: loss 7.3607, time 368.92ms, mfu 1.93%
iter 89: loss 7.3703, time 356.94ms, mfu 1.94%
iter 90: loss 7.3214, time 347.66ms, mfu 1.95%
iter 91: loss 7.2047, time 278.72ms, mfu 2.01%
iter 92: loss 7.2943, time 469.94ms, mfu 1.96%
iter 93: loss 7.2340, time 371.63ms, mfu 1.95%
iter 94: loss 7.2023, time 419.70ms, mfu 1.92%
iter 95: loss 7.2835, time 381.79ms, mfu 1.92%
iter 96: loss 7.1971, time 430.83ms, mfu 1.89%
iter 97: loss 7.0884, time 289.86ms, mfu 1.95%
iter 98: loss 7.1983, time 407.26ms, mfu 1.93%
iter 99: loss 7.1639, time 444.45ms, mfu 1.89%
iter 100: loss 7.2293, time 603.00ms, mfu 1.82%
  === DIAG iter 100 ===
  loss: 7.2293
  grads: total 1.0000, transformer 0.9999, adapter 0.0133
  <NUM> input tokens: 585/3072 (19.0%)
  lr: base 2.02e-05, adapter 1.01e-05
  SME accuracy: overall 0.235, sign 0.000, exp 0.376, digit 0.136, end 0.787 [d0 0.252 d1 0.036 d2 0.056 d3 0.050 d4 0.132 d5 0.222 d6 0.139 d7 0.114 d8 0.062 d9 0.083 d10 0.222 d11 0.429 d12 0.400 d13 0.333 d14 0.000] (967 SME tokens)
iter 101: loss 7.1268, time 233.44ms, mfu 1.94%
iter 102: loss 7.0935, time 337.76ms, mfu 1.96%
iter 103: loss 7.0446, time 357.01ms, mfu 1.96%
iter 104: loss 7.0843, time 351.09ms, mfu 1.97%
iter 105: loss 7.0589, time 382.84ms, mfu 1.95%
iter 106: loss 7.0098, time 423.03ms, mfu 1.93%
iter 107: loss 7.0380, time 345.76ms, mfu 1.94%
iter 108: loss 7.0312, time 360.34ms, mfu 1.94%
iter 109: loss 7.1666, time 263.48ms, mfu 2.02%
iter 110: loss 7.0765, time 448.82ms, mfu 1.97%
iter 111: loss 7.1400, time 247.66ms, mfu 2.06%
iter 112: loss 7.0091, time 292.07ms, mfu 2.10%
iter 113: loss 6.9318, time 353.76ms, mfu 2.09%
iter 114: loss 7.0456, time 406.36ms, mfu 2.05%
iter 115: loss 6.8665, time 457.63ms, mfu 2.00%
iter 116: loss 7.0503, time 458.89ms, mfu 1.96%
iter 117: loss 7.0687, time 388.01ms, mfu 1.94%
iter 118: loss 7.1148, time 639.48ms, mfu 1.86%
iter 119: loss 6.9445, time 396.32ms, mfu 1.85%
iter 120: loss 6.9944, time 277.46ms, mfu 1.92%
iter 121: loss 6.9787, time 465.17ms, mfu 1.88%
iter 122: loss 7.0363, time 322.96ms, mfu 1.91%
iter 123: loss 6.7034, time 375.46ms, mfu 1.91%
iter 124: loss 6.8366, time 334.29ms, mfu 1.93%
iter 125: loss 6.9548, time 409.99ms, mfu 1.91%
iter 126: loss 6.7844, time 449.52ms, mfu 1.88%
iter 127: loss 6.8664, time 459.70ms, mfu 1.85%
iter 128: loss 6.8931, time 410.11ms, mfu 1.83%
iter 129: loss 7.0016, time 269.34ms, mfu 1.91%
iter 130: loss 6.8910, time 453.94ms, mfu 1.88%
iter 131: loss 6.8235, time 346.27ms, mfu 1.89%
iter 132: loss 6.8630, time 467.29ms, mfu 1.86%
iter 133: loss 6.7314, time 416.35ms, mfu 1.84%
iter 134: loss 6.8716, time 268.87ms, mfu 1.92%
iter 135: loss 6.8003, time 505.39ms, mfu 1.87%
iter 136: loss 6.8742, time 243.94ms, mfu 1.97%
iter 137: loss 6.8167, time 385.52ms, mfu 1.96%
iter 138: loss 6.7662, time 337.73ms, mfu 1.97%
iter 139: loss 6.8413, time 445.73ms, mfu 1.93%
iter 140: loss 6.8190, time 344.85ms, mfu 1.95%
iter 141: loss 6.7168, time 316.35ms, mfu 1.98%
iter 142: loss 6.7462, time 282.28ms, mfu 2.03%
iter 143: loss 6.6417, time 428.21ms, mfu 1.99%
iter 144: loss 6.6445, time 332.50ms, mfu 2.01%
iter 145: loss 6.6915, time 394.15ms, mfu 1.99%
iter 146: loss 6.8654, time 239.72ms, mfu 2.08%
iter 147: loss 6.6752, time 353.55ms, mfu 2.07%
iter 148: loss 6.7193, time 373.66ms, mfu 2.06%
iter 149: loss 6.6998, time 336.88ms, mfu 2.06%
iter 150: loss 6.7042, time 273.92ms, mfu 2.11%
iter 151: loss 6.6411, time 429.77ms, mfu 2.07%
iter 152: loss 6.7326, time 356.17ms, mfu 2.06%
iter 153: loss 6.6449, time 288.83ms, mfu 2.10%
iter 154: loss 6.6530, time 294.27ms, mfu 2.13%
iter 155: loss 6.5148, time 440.28ms, mfu 2.08%
iter 156: loss 6.4799, time 342.20ms, mfu 2.08%
iter 157: loss 6.5742, time 438.39ms, mfu 2.03%
iter 158: loss 6.6249, time 457.72ms, mfu 1.98%
iter 159: loss 6.4808, time 460.44ms, mfu 1.94%
iter 160: loss 6.4766, time 419.17ms, mfu 1.91%
iter 161: loss 6.4917, time 391.85ms, mfu 1.90%
iter 162: loss 6.5153, time 288.19ms, mfu 1.96%
iter 163: loss 6.5740, time 334.38ms, mfu 1.97%
iter 164: loss 6.5292, time 560.83ms, mfu 1.90%
iter 165: loss 6.5503, time 430.75ms, mfu 1.88%
iter 166: loss 6.5279, time 254.09ms, mfu 1.97%
iter 167: loss 6.6181, time 424.51ms, mfu 1.94%
iter 168: loss 6.4628, time 427.92ms, mfu 1.91%
iter 169: loss 6.5603, time 403.37ms, mfu 1.90%
iter 170: loss 6.4007, time 312.74ms, mfu 1.93%
iter 171: loss 6.5504, time 442.36ms, mfu 1.90%
iter 172: loss 6.5158, time 545.81ms, mfu 1.84%
iter 173: loss 6.5397, time 152.34ms, mfu 2.12%
iter 174: loss 6.2453, time 509.24ms, mfu 2.05%
iter 175: loss 6.5326, time 272.84ms, mfu 2.10%
iter 176: loss 6.2161, time 455.24ms, mfu 2.05%
iter 177: loss 6.2661, time 467.55ms, mfu 1.99%
iter 178: loss 6.3604, time 416.63ms, mfu 1.97%
iter 179: loss 6.3631, time 427.18ms, mfu 1.93%
iter 180: loss 6.2877, time 254.39ms, mfu 2.02%
iter 181: loss 6.1332, time 406.45ms, mfu 1.99%
iter 182: loss 6.2973, time 399.09ms, mfu 1.97%
iter 183: loss 6.2430, time 346.02ms, mfu 1.98%
iter 184: loss 6.2185, time 469.70ms, mfu 1.93%
iter 185: loss 6.3477, time 499.02ms, mfu 1.88%
iter 186: loss 6.1702, time 264.38ms, mfu 1.96%
iter 187: loss 6.2966, time 372.14ms, mfu 1.95%
iter 188: loss 6.3149, time 292.04ms, mfu 2.00%
iter 189: loss 6.0457, time 368.87ms, mfu 1.99%
iter 190: loss 6.3369, time 261.37ms, mfu 2.07%
iter 191: loss 6.1317, time 439.46ms, mfu 2.02%
iter 192: loss 6.1172, time 481.11ms, mfu 1.97%
iter 193: loss 6.0829, time 255.40ms, mfu 2.05%
iter 194: loss 6.2352, time 440.86ms, mfu 2.00%
iter 195: loss 6.2164, time 335.77ms, mfu 2.01%
iter 196: loss 6.0847, time 404.01ms, mfu 1.99%
iter 197: loss 6.2179, time 445.83ms, mfu 1.95%
iter 198: loss 6.0251, time 294.84ms, mfu 1.99%
iter 199: loss 5.9869, time 473.57ms, mfu 1.94%
iter 200: loss 6.1537, time 685.81ms, mfu 1.85%
  === DIAG iter 200 ===
  loss: 6.1537
  grads: total 1.0000, transformer 0.9987, adapter 0.0505
  <NUM> input tokens: 432/3072 (14.1%)
  lr: base 4.02e-05, adapter 2.01e-05
  SME accuracy: overall 0.313, sign 0.000, exp 0.354, digit 0.249, end 0.856 [d0 0.282 d1 0.031 d2 0.058 d3 0.164 d4 0.282 d5 0.444 d6 0.412 d7 0.324 d8 0.357 d9 0.692 d10 0.462 d11 0.455 d12 0.545 d13 0.300 d14 0.200] (1065 SME tokens)
iter 201: loss 6.0172, time 222.42ms, mfu 1.99%
iter 202: loss 6.0697, time 239.29ms, mfu 2.08%
iter 203: loss 5.9250, time 446.39ms, mfu 2.03%
iter 204: loss 6.0223, time 354.94ms, mfu 2.03%
iter 205: loss 5.8531, time 274.56ms, mfu 2.09%
iter 206: loss 5.8895, time 515.76ms, mfu 2.01%
iter 207: loss 6.0746, time 450.23ms, mfu 1.97%
iter 208: loss 5.9826, time 367.45ms, mfu 1.97%
iter 209: loss 5.9971, time 302.09ms, mfu 2.00%
iter 210: loss 5.8495, time 400.59ms, mfu 1.98%
iter 211: loss 6.0472, time 301.03ms, mfu 2.02%
iter 212: loss 5.9432, time 345.54ms, mfu 2.02%
iter 213: loss 5.9260, time 480.01ms, mfu 1.97%
iter 214: loss 5.7511, time 338.07ms, mfu 1.98%
iter 215: loss 5.7841, time 314.50ms, mfu 2.01%
iter 216: loss 5.7517, time 296.80ms, mfu 2.05%
iter 217: loss 5.7972, time 490.77ms, mfu 1.99%
iter 218: loss 5.6744, time 425.65ms, mfu 1.95%
iter 219: loss 5.7640, time 441.67ms, mfu 1.92%
iter 220: loss 5.8026, time 409.38ms, mfu 1.90%
iter 221: loss 5.7852, time 416.98ms, mfu 1.88%
iter 222: loss 5.6223, time 336.86ms, mfu 1.90%
iter 223: loss 5.6243, time 452.91ms, mfu 1.87%
iter 224: loss 5.7144, time 286.17ms, mfu 1.93%
iter 225: loss 5.5663, time 383.24ms, mfu 1.92%
iter 226: loss 5.7372, time 223.96ms, mfu 2.05%
iter 227: loss 5.6133, time 296.18ms, mfu 2.08%
iter 228: loss 5.6284, time 398.27ms, mfu 2.05%
iter 229: loss 5.5039, time 355.56ms, mfu 2.04%
iter 230: loss 5.5075, time 415.14ms, mfu 2.01%
iter 231: loss 5.5570, time 471.39ms, mfu 1.96%
iter 232: loss 5.4451, time 349.46ms, mfu 1.97%
iter 233: loss 5.5270, time 346.54ms, mfu 1.97%
iter 234: loss 5.5220, time 480.44ms, mfu 1.92%
iter 235: loss 5.3906, time 390.19ms, mfu 1.91%
iter 236: loss 5.4210, time 468.53ms, mfu 1.87%
iter 237: loss 5.4568, time 258.20ms, mfu 1.96%
iter 238: loss 5.2895, time 425.54ms, mfu 1.93%
iter 239: loss 5.3625, time 403.39ms, mfu 1.91%
iter 240: loss 5.3459, time 451.63ms, mfu 1.88%
iter 241: loss 5.3096, time 434.36ms, mfu 1.85%
iter 242: loss 5.2789, time 368.27ms, mfu 1.86%
iter 243: loss 5.2407, time 476.70ms, mfu 1.82%
iter 244: loss 5.2824, time 323.92ms, mfu 1.86%
iter 245: loss 5.2974, time 537.55ms, mfu 1.81%
iter 246: loss 5.2511, time 366.95ms, mfu 1.82%
iter 247: loss 5.3233, time 445.35ms, mfu 1.80%
iter 248: loss 5.2423, time 497.35ms, mfu 1.76%
iter 249: loss 5.2165, time 348.83ms, mfu 1.79%
iter 250: loss 5.1536, time 323.24ms, mfu 1.83%
iter 251: loss 5.2497, time 422.69ms, mfu 1.81%
iter 252: loss 5.2206, time 379.71ms, mfu 1.82%
iter 253: loss 5.1294, time 250.38ms, mfu 1.92%
iter 254: loss 5.0668, time 401.64ms, mfu 1.90%
iter 255: loss 5.1292, time 378.71ms, mfu 1.90%
iter 256: loss 4.9862, time 353.48ms, mfu 1.91%
iter 257: loss 5.0208, time 349.09ms, mfu 1.92%
iter 258: loss 5.0483, time 341.31ms, mfu 1.94%
iter 259: loss 4.9743, time 364.87ms, mfu 1.94%
iter 260: loss 4.9600, time 359.06ms, mfu 1.94%
iter 261: loss 5.0327, time 542.66ms, mfu 1.88%
iter 262: loss 4.9526, time 270.48ms, mfu 1.95%
iter 263: loss 5.0378, time 381.26ms, mfu 1.94%
iter 264: loss 4.9087, time 429.16ms, mfu 1.91%
iter 265: loss 5.0654, time 448.25ms, mfu 1.88%
iter 266: loss 4.7425, time 371.15ms, mfu 1.88%
iter 267: loss 4.8506, time 339.62ms, mfu 1.90%
iter 268: loss 4.6937, time 536.85ms, mfu 1.85%
iter 269: loss 4.8277, time 450.81ms, mfu 1.82%
iter 270: loss 4.7708, time 335.50ms, mfu 1.85%
iter 271: loss 4.8744, time 401.53ms, mfu 1.84%
iter 272: loss 4.7075, time 340.56ms, mfu 1.86%
iter 273: loss 4.7346, time 276.98ms, mfu 1.93%
iter 274: loss 4.7142, time 440.60ms, mfu 1.90%
iter 275: loss 4.6189, time 286.56ms, mfu 1.96%
iter 276: loss 4.6268, time 407.87ms, mfu 1.94%
iter 277: loss 4.5984, time 249.03ms, mfu 2.03%
iter 278: loss 4.6254, time 324.94ms, mfu 2.04%
iter 279: loss 4.6779, time 405.51ms, mfu 2.01%
iter 280: loss 4.5755, time 380.16ms, mfu 2.00%
iter 281: loss 4.6164, time 338.48ms, mfu 2.01%
iter 282: loss 4.4611, time 294.72ms, mfu 2.05%
iter 283: loss 4.4640, time 466.83ms, mfu 1.99%
iter 284: loss 4.4199, time 385.14ms, mfu 1.98%
iter 285: loss 4.4856, time 362.73ms, mfu 1.98%
iter 286: loss 4.4441, time 334.64ms, mfu 1.99%
iter 287: loss 4.5204, time 295.47ms, mfu 2.03%
iter 288: loss 4.4944, time 384.52ms, mfu 2.01%
iter 289: loss 4.4501, time 395.39ms, mfu 1.99%
iter 290: loss 4.3188, time 527.17ms, mfu 1.93%
iter 291: loss 4.4050, time 414.54ms, mfu 1.90%
iter 292: loss 4.3705, time 402.38ms, mfu 1.89%
iter 293: loss 4.1781, time 254.18ms, mfu 1.98%
iter 294: loss 4.2169, time 384.32ms, mfu 1.97%
iter 295: loss 4.2641, time 347.38ms, mfu 1.97%
iter 296: loss 4.1964, time 520.42ms, mfu 1.91%
iter 297: loss 4.2239, time 313.14ms, mfu 1.95%
iter 298: loss 4.2038, time 470.19ms, mfu 1.90%
iter 299: loss 4.1719, time 541.15ms, mfu 1.84%
iter 300: loss 4.0810, time 676.61ms, mfu 1.76%
  === DIAG iter 300 ===
  loss: 4.0810
  grads: total 1.0000, transformer 0.9994, adapter 0.0354
  <NUM> input tokens: 478/3072 (15.6%)
  lr: base 6.02e-05, adapter 3.01e-05
  SME accuracy: overall 0.305, sign 0.142, exp 0.359, digit 0.175, end 0.944 [d0 0.196 d1 0.011 d2 0.085 d3 0.100 d4 0.188 d5 0.200 d6 0.172 d7 0.179 d8 0.200 d9 0.385 d10 0.889 d11 1.000 d12 0.778 d13 0.444 d14 0.000] (1007 SME tokens)
iter 301: loss 4.1283, time 201.60ms, mfu 1.94%
iter 302: loss 4.1153, time 277.77ms, mfu 2.00%
iter 303: loss 4.0877, time 540.92ms, mfu 1.93%
iter 304: loss 4.0457, time 325.23ms, mfu 1.96%
iter 305: loss 3.9980, time 434.52ms, mfu 1.92%
iter 306: loss 3.9967, time 303.61ms, mfu 1.96%
iter 307: loss 4.0169, time 279.47ms, mfu 2.02%
iter 308: loss 4.0195, time 403.02ms, mfu 2.00%
iter 309: loss 3.9194, time 355.33ms, mfu 2.00%
iter 310: loss 3.8758, time 357.37ms, mfu 1.99%
iter 311: loss 3.9799, time 361.84ms, mfu 1.99%
iter 312: loss 3.8001, time 440.55ms, mfu 1.95%
iter 313: loss 3.8125, time 394.46ms, mfu 1.94%
iter 314: loss 3.8325, time 285.20ms, mfu 1.99%
iter 315: loss 3.8138, time 437.16ms, mfu 1.95%
iter 316: loss 3.8311, time 322.96ms, mfu 1.98%
iter 317: loss 3.7353, time 401.87ms, mfu 1.96%
iter 318: loss 3.7536, time 405.92ms, mfu 1.94%
iter 319: loss 3.7632, time 426.95ms, mfu 1.91%
iter 320: loss 3.7023, time 347.02ms, mfu 1.92%
iter 321: loss 3.6895, time 367.40ms, mfu 1.92%
iter 322: loss 3.5619, time 407.19ms, mfu 1.90%
iter 323: loss 3.6186, time 465.63ms, mfu 1.87%
iter 324: loss 3.5702, time 386.81ms, mfu 1.86%
iter 325: loss 3.5564, time 391.24ms, mfu 1.86%
iter 326: loss 3.5723, time 422.91ms, mfu 1.84%
iter 327: loss 3.5099, time 439.95ms, mfu 1.82%
iter 328: loss 3.5268, time 315.22ms, mfu 1.86%
iter 329: loss 3.5759, time 390.59ms, mfu 1.86%
iter 330: loss 3.4686, time 473.55ms, mfu 1.82%
iter 331: loss 3.4774, time 399.72ms, mfu 1.81%
iter 332: loss 3.4283, time 242.64ms, mfu 1.93%
iter 333: loss 3.4956, time 451.98ms, mfu 1.89%
iter 334: loss 3.2916, time 536.57ms, mfu 1.83%
iter 335: loss 3.2829, time 358.57ms, mfu 1.85%
iter 336: loss 3.1822, time 501.11ms, mfu 1.80%
iter 337: loss 3.3573, time 355.84ms, mfu 1.82%
iter 338: loss 3.3812, time 344.53ms, mfu 1.85%
iter 339: loss 3.2511, time 357.21ms, mfu 1.86%
iter 340: loss 3.2169, time 319.13ms, mfu 1.90%
iter 341: loss 3.1636, time 372.00ms, mfu 1.90%
iter 342: loss 3.1535, time 423.39ms, mfu 1.87%
iter 343: loss 3.2519, time 522.68ms, mfu 1.82%
iter 344: loss 3.1994, time 435.16ms, mfu 1.80%
iter 345: loss 3.0820, time 335.92ms, mfu 1.83%
iter 346: loss 3.1268, time 589.06ms, mfu 1.77%
iter 347: loss 3.0550, time 341.78ms, mfu 1.80%
iter 348: loss 3.0851, time 357.77ms, mfu 1.82%
iter 349: loss 3.0729, time 384.75ms, mfu 1.82%
iter 350: loss 3.0580, time 390.92ms, mfu 1.82%
iter 351: loss 2.9836, time 473.79ms, mfu 1.79%
iter 352: loss 2.9241, time 304.91ms, mfu 1.84%
iter 353: loss 3.0161, time 390.13ms, mfu 1.84%
iter 354: loss 2.9024, time 344.89ms, mfu 1.86%
iter 355: loss 2.8525, time 561.32ms, mfu 1.80%
iter 356: loss 2.8561, time 280.96ms, mfu 1.87%
iter 357: loss 2.8640, time 295.59ms, mfu 1.93%
iter 358: loss 2.7942, time 487.62ms, mfu 1.88%
iter 359: loss 2.8082, time 358.30ms, mfu 1.89%
iter 360: loss 2.8269, time 270.57ms, mfu 1.96%
iter 361: loss 2.6719, time 466.65ms, mfu 1.92%
iter 362: loss 2.6745, time 302.45ms, mfu 1.96%
iter 363: loss 2.7292, time 409.68ms, mfu 1.94%
iter 364: loss 2.6403, time 394.42ms, mfu 1.92%
iter 365: loss 2.6573, time 426.91ms, mfu 1.90%
iter 366: loss 2.6643, time 326.09ms, mfu 1.92%
iter 367: loss 2.6348, time 265.91ms, mfu 2.00%
iter 368: loss 2.5136, time 399.69ms, mfu 1.98%
iter 369: loss 2.5910, time 257.73ms, mfu 2.05%
iter 370: loss 2.6192, time 316.66ms, mfu 2.07%
iter 371: loss 2.5383, time 426.48ms, mfu 2.03%
iter 372: loss 2.5310, time 297.85ms, mfu 2.07%
iter 373: loss 2.5379, time 425.34ms, mfu 2.03%
iter 374: loss 2.4899, time 320.11ms, mfu 2.04%
iter 375: loss 2.4584, time 369.94ms, mfu 2.03%
iter 376: loss 2.4319, time 348.47ms, mfu 2.03%
iter 377: loss 2.3607, time 398.37ms, mfu 2.01%
iter 378: loss 2.3681, time 410.15ms, mfu 1.98%
iter 379: loss 2.3791, time 292.25ms, mfu 2.02%
iter 380: loss 2.4292, time 380.72ms, mfu 2.01%
iter 381: loss 2.2791, time 292.33ms, mfu 2.05%
iter 382: loss 2.3038, time 460.75ms, mfu 2.00%
iter 383: loss 2.4201, time 368.26ms, mfu 1.99%
iter 384: loss 2.2941, time 360.55ms, mfu 1.99%
iter 385: loss 2.3071, time 436.04ms, mfu 1.95%
iter 386: loss 2.2739, time 236.16ms, mfu 2.06%
iter 387: loss 2.1303, time 418.07ms, mfu 2.02%
iter 388: loss 2.2237, time 309.73ms, mfu 2.05%
iter 389: loss 2.1917, time 471.69ms, mfu 1.99%
iter 390: loss 2.2021, time 546.23ms, mfu 1.92%
iter 391: loss 2.1411, time 210.29ms, mfu 2.07%
iter 392: loss 2.0612, time 384.49ms, mfu 2.05%
iter 393: loss 2.1635, time 339.70ms, mfu 2.05%
iter 394: loss 2.1811, time 513.83ms, mfu 1.98%
iter 395: loss 2.0268, time 417.58ms, mfu 1.95%
iter 396: loss 2.0248, time 345.11ms, mfu 1.96%
iter 397: loss 2.0599, time 232.33ms, mfu 2.07%
iter 398: loss 2.0463, time 361.91ms, mfu 2.06%
iter 399: loss 2.0754, time 499.93ms, mfu 2.00%
iter 400: loss 1.9954, time 649.87ms, mfu 1.91%
  === DIAG iter 400 ===
  loss: 1.9954
  grads: total 1.0000, transformer 0.9680, adapter 0.2509
  <NUM> input tokens: 502/3072 (16.3%)
  lr: base 8.02e-05, adapter 4.01e-05
  SME accuracy: overall 0.361, sign 0.474, exp 0.370, digit 0.193, end 0.939 [d0 0.231 d1 0.025 d2 0.104 d3 0.184 d4 0.235 d5 0.312 d6 0.194 d7 0.200 d8 0.280 d9 0.538 d10 0.500 d11 0.300 d12 0.200 d13 0.333 d14 0.000] (957 SME tokens)
iter 401: loss 1.9675, time 227.60ms, mfu 2.03%
iter 402: loss 1.8571, time 222.84ms, mfu 2.14%
iter 403: loss 1.8928, time 260.78ms, mfu 2.20%
iter 404: loss 1.8894, time 319.09ms, mfu 2.20%
iter 405: loss 1.9434, time 283.03ms, mfu 2.23%
iter 406: loss 1.9372, time 306.56ms, mfu 2.24%
iter 407: loss 1.8043, time 407.95ms, mfu 2.19%
iter 408: loss 1.8434, time 295.63ms, mfu 2.21%
iter 409: loss 1.7703, time 453.44ms, mfu 2.15%
iter 410: loss 1.7761, time 399.74ms, mfu 2.11%
iter 411: loss 1.8297, time 381.81ms, mfu 2.08%
iter 412: loss 1.7062, time 290.47ms, mfu 2.12%
iter 413: loss 1.7425, time 332.16ms, mfu 2.12%
iter 414: loss 1.7406, time 420.49ms, mfu 2.08%
iter 415: loss 1.7722, time 472.56ms, mfu 2.02%
iter 416: loss 1.7307, time 212.72ms, mfu 2.15%
iter 417: loss 1.6986, time 410.69ms, mfu 2.11%
iter 418: loss 1.6139, time 324.05ms, mfu 2.12%
iter 419: loss 1.6914, time 656.38ms, mfu 2.01%
iter 420: loss 1.5407, time 355.02ms, mfu 2.01%
iter 421: loss 1.7021, time 377.33ms, mfu 2.00%
iter 422: loss 1.6153, time 226.75ms, mfu 2.11%
iter 423: loss 1.5488, time 293.10ms, mfu 2.14%
iter 424: loss 1.6793, time 443.92ms, mfu 2.09%
iter 425: loss 1.5367, time 321.62ms, mfu 2.10%
iter 426: loss 1.6013, time 286.36ms, mfu 2.14%
iter 427: loss 1.5468, time 332.47ms, mfu 2.14%
iter 428: loss 1.6239, time 502.59ms, mfu 2.06%
iter 429: loss 1.5072, time 373.19ms, mfu 2.05%
iter 430: loss 1.5701, time 370.71ms, mfu 2.03%
iter 431: loss 1.5131, time 328.04ms, mfu 2.05%
iter 432: loss 1.4961, time 282.22ms, mfu 2.09%
iter 433: loss 1.4840, time 436.06ms, mfu 2.05%
iter 434: loss 1.3909, time 280.85ms, mfu 2.09%
iter 435: loss 1.5149, time 390.02ms, mfu 2.07%
iter 436: loss 1.4662, time 306.43ms, mfu 2.09%
iter 437: loss 1.4457, time 453.33ms, mfu 2.04%
iter 438: loss 1.4240, time 452.44ms, mfu 1.99%
iter 439: loss 1.3732, time 249.18ms, mfu 2.08%
iter 440: loss 1.4806, time 300.96ms, mfu 2.10%
iter 441: loss 1.4161, time 311.56ms, mfu 2.12%
iter 442: loss 1.3721, time 428.25ms, mfu 2.07%
iter 443: loss 1.3637, time 367.67ms, mfu 2.06%
iter 444: loss 1.3759, time 392.79ms, mfu 2.03%
iter 445: loss 1.3744, time 412.32ms, mfu 2.00%
iter 446: loss 1.4261, time 268.45ms, mfu 2.07%
iter 447: loss 1.4383, time 455.64ms, mfu 2.02%
iter 448: loss 1.3135, time 305.22ms, mfu 2.05%
iter 449: loss 1.3529, time 622.47ms, mfu 1.96%
iter 450: loss 1.4229, time 359.66ms, mfu 1.96%
iter 451: loss 1.2888, time 426.94ms, mfu 1.93%
iter 452: loss 1.2999, time 363.45ms, mfu 1.93%
iter 453: loss 1.3183, time 294.71ms, mfu 1.98%
iter 454: loss 1.3728, time 367.59ms, mfu 1.97%
iter 455: loss 1.2547, time 496.13ms, mfu 1.92%
iter 456: loss 1.3113, time 217.70ms, mfu 2.05%
iter 457: loss 1.2512, time 316.53ms, mfu 2.07%
iter 458: loss 1.3731, time 552.24ms, mfu 1.99%
iter 459: loss 1.3181, time 330.72ms, mfu 2.01%
iter 460: loss 1.2223, time 359.65ms, mfu 2.00%
iter 461: loss 1.2062, time 333.01ms, mfu 2.02%
iter 462: loss 1.2713, time 454.36ms, mfu 1.97%
iter 463: loss 1.2696, time 303.66ms, mfu 2.01%
iter 464: loss 1.2661, time 455.06ms, mfu 1.96%
iter 465: loss 1.2178, time 402.03ms, mfu 1.94%
iter 466: loss 1.2626, time 356.91ms, mfu 1.95%
iter 467: loss 1.2578, time 288.07ms, mfu 2.00%
iter 468: loss 1.2452, time 478.56ms, mfu 1.95%
iter 469: loss 1.2052, time 322.73ms, mfu 1.97%
iter 470: loss 1.2191, time 376.75ms, mfu 1.96%
iter 471: loss 1.2050, time 384.50ms, mfu 1.95%
iter 472: loss 1.1862, time 352.57ms, mfu 1.96%
iter 473: loss 1.2352, time 400.72ms, mfu 1.94%
iter 474: loss 1.2075, time 386.44ms, mfu 1.93%
iter 475: loss 1.1952, time 299.01ms, mfu 1.97%
iter 476: loss 1.2428, time 365.46ms, mfu 1.97%
iter 477: loss 1.2511, time 273.16ms, mfu 2.03%
iter 478: loss 1.1819, time 399.86ms, mfu 2.00%
iter 479: loss 1.1927, time 343.82ms, mfu 2.01%
iter 480: loss 1.1346, time 490.94ms, mfu 1.95%
iter 481: loss 1.0489, time 430.06ms, mfu 1.92%
iter 482: loss 1.1077, time 503.85ms, mfu 1.87%
iter 483: loss 1.1397, time 454.05ms, mfu 1.84%
iter 484: loss 1.1636, time 321.60ms, mfu 1.88%
iter 485: loss 1.1016, time 474.60ms, mfu 1.84%
iter 486: loss 1.1643, time 298.46ms, mfu 1.89%
iter 487: loss 1.0698, time 345.00ms, mfu 1.91%
iter 488: loss 1.0589, time 359.60ms, mfu 1.91%
iter 489: loss 1.1411, time 367.00ms, mfu 1.92%
iter 490: loss 1.0799, time 388.18ms, mfu 1.91%
iter 491: loss 1.1273, time 380.70ms, mfu 1.90%
iter 492: loss 1.1493, time 339.54ms, mfu 1.92%
iter 493: loss 1.1589, time 396.68ms, mfu 1.91%
iter 494: loss 1.1306, time 313.44ms, mfu 1.94%
iter 495: loss 1.0461, time 456.22ms, mfu 1.90%
iter 496: loss 1.1116, time 436.99ms, mfu 1.88%
iter 497: loss 1.1107, time 305.62ms, mfu 1.92%
iter 498: loss 1.0653, time 230.82ms, mfu 2.04%
iter 499: loss 0.9924, time 310.25ms, mfu 2.06%
iter 500: loss 1.1074, time 648.93ms, mfu 1.96%
  === DIAG iter 500 ===
  loss: 1.1074
  grads: total 1.0000, transformer 0.9859, adapter 0.1673
  <NUM> input tokens: 479/3072 (15.6%)
  lr: base 1.00e-04, adapter 5.01e-05
  SME accuracy: overall 0.391, sign 0.667, exp 0.435, digit 0.203, end 0.847 [d0 0.255 d1 0.033 d2 0.068 d3 0.109 d4 0.257 d5 0.353 d6 0.219 d7 0.226 d8 0.207 d9 0.583 d10 0.750 d11 0.714 d12 0.429 d13 0.600 d14 0.000] (1038 SME tokens)
iter 501: loss 1.1205, time 173.80ms, mfu 2.17%
iter 502: loss 1.0449, time 289.66ms, mfu 2.20%
iter 503: loss 1.1497, time 477.43ms, mfu 2.13%
iter 504: loss 1.0942, time 327.87ms, mfu 2.13%
iter 505: loss 1.0319, time 331.74ms, mfu 2.13%
iter 506: loss 1.0098, time 582.78ms, mfu 2.04%
iter 507: loss 1.0719, time 337.30ms, mfu 2.05%
iter 508: loss 1.0490, time 462.04ms, mfu 2.00%
iter 509: loss 1.0377, time 442.46ms, mfu 1.96%
iter 510: loss 1.0853, time 315.67ms, mfu 1.99%
iter 511: loss 1.0053, time 381.27ms, mfu 1.97%
iter 512: loss 1.0206, time 355.70ms, mfu 1.98%
iter 513: loss 1.0459, time 481.87ms, mfu 1.92%
iter 514: loss 1.0555, time 423.94ms, mfu 1.90%
iter 515: loss 1.0129, time 348.07ms, mfu 1.91%
iter 516: loss 0.9861, time 483.74ms, mfu 1.87%
iter 517: loss 1.0399, time 232.31ms, mfu 1.99%
iter 518: loss 0.9557, time 585.14ms, mfu 1.91%
iter 519: loss 0.9854, time 427.49ms, mfu 1.88%
iter 520: loss 1.0034, time 346.11ms, mfu 1.90%
iter 521: loss 0.9871, time 273.17ms, mfu 1.97%
iter 522: loss 0.9568, time 562.77ms, mfu 1.90%
iter 523: loss 1.0205, time 238.44ms, mfu 2.01%
iter 524: loss 0.9459, time 283.21ms, mfu 2.06%
iter 525: loss 1.0611, time 352.85ms, mfu 2.05%
iter 526: loss 1.0260, time 448.39ms, mfu 2.00%
iter 527: loss 0.9240, time 457.79ms, mfu 1.96%
iter 528: loss 0.9903, time 496.89ms, mfu 1.91%
iter 529: loss 0.9713, time 368.93ms, mfu 1.91%
iter 530: loss 0.9182, time 384.17ms, mfu 1.90%
iter 531: loss 0.9505, time 425.44ms, mfu 1.88%
iter 532: loss 0.9749, time 270.00ms, mfu 1.95%
iter 533: loss 0.8934, time 502.27ms, mfu 1.90%
iter 534: loss 1.0028, time 361.86ms, mfu 1.90%
iter 535: loss 0.9093, time 451.07ms, mfu 1.87%
iter 536: loss 0.9386, time 475.92ms, mfu 1.83%
iter 537: loss 0.9713, time 379.46ms, mfu 1.84%
iter 538: loss 1.0030, time 417.96ms, mfu 1.82%
iter 539: loss 0.8802, time 330.94ms, mfu 1.85%
iter 540: loss 0.9369, time 391.85ms, mfu 1.85%
iter 541: loss 0.9811, time 360.72ms, mfu 1.86%
iter 542: loss 0.9763, time 495.80ms, mfu 1.82%
iter 543: loss 0.9512, time 403.74ms, mfu 1.81%
iter 544: loss 0.8681, time 335.71ms, mfu 1.84%
iter 545: loss 0.9678, time 428.13ms, mfu 1.82%
iter 546: loss 0.9582, time 334.87ms, mfu 1.85%
iter 547: loss 0.9575, time 456.01ms, mfu 1.82%
iter 548: loss 0.9744, time 277.22ms, mfu 1.90%
iter 549: loss 0.9343, time 342.31ms, mfu 1.91%
iter 550: loss 0.9618, time 468.66ms, mfu 1.87%
iter 551: loss 0.9059, time 244.10ms, mfu 1.98%
iter 552: loss 0.8840, time 389.21ms, mfu 1.96%
iter 553: loss 0.8842, time 402.11ms, mfu 1.94%
iter 554: loss 0.9599, time 301.34ms, mfu 1.98%
iter 555: loss 0.9020, time 291.06ms, mfu 2.03%
iter 556: loss 0.9526, time 339.86ms, mfu 2.03%
iter 557: loss 0.9697, time 383.35ms, mfu 2.01%
iter 558: loss 0.8815, time 480.01ms, mfu 1.96%
iter 559: loss 0.9158, time 485.51ms, mfu 1.91%
iter 560: loss 0.8291, time 326.18ms, mfu 1.94%
iter 561: loss 0.9472, time 429.44ms, mfu 1.91%
iter 562: loss 0.8838, time 350.51ms, mfu 1.92%
iter 563: loss 0.9154, time 370.88ms, mfu 1.92%
iter 564: loss 0.9427, time 416.20ms, mfu 1.90%
iter 565: loss 1.0021, time 304.59ms, mfu 1.94%
iter 566: loss 0.9236, time 340.59ms, mfu 1.95%
iter 567: loss 0.8892, time 501.00ms, mfu 1.90%
iter 568: loss 0.8854, time 218.85ms, mfu 2.03%
iter 569: loss 0.8978, time 352.93ms, mfu 2.03%
iter 570: loss 0.9886, time 390.59ms, mfu 2.01%
iter 571: loss 0.9338, time 292.32ms, mfu 2.05%
iter 572: loss 0.9381, time 521.72ms, mfu 1.98%
iter 573: loss 0.8521, time 297.77ms, mfu 2.02%
iter 574: loss 0.8760, time 348.24ms, mfu 2.02%
iter 575: loss 0.8678, time 431.84ms, mfu 1.98%
iter 576: loss 0.9594, time 254.98ms, mfu 2.06%
iter 577: loss 0.8110, time 414.54ms, mfu 2.03%
iter 578: loss 0.9640, time 334.90ms, mfu 2.04%
iter 579: loss 0.9015, time 349.12ms, mfu 2.04%
iter 580: loss 0.8542, time 481.24ms, mfu 1.98%
iter 581: loss 0.8717, time 422.75ms, mfu 1.95%
iter 582: loss 0.8641, time 459.25ms, mfu 1.91%
iter 583: loss 0.8167, time 389.36ms, mfu 1.90%
iter 584: loss 0.8403, time 432.57ms, mfu 1.87%
iter 585: loss 0.9348, time 473.64ms, mfu 1.84%
iter 586: loss 0.8473, time 282.53ms, mfu 1.90%
iter 587: loss 0.8669, time 368.33ms, mfu 1.91%
iter 588: loss 0.8556, time 405.49ms, mfu 1.89%
iter 589: loss 0.8765, time 332.65ms, mfu 1.91%
iter 590: loss 0.7934, time 308.17ms, mfu 1.95%
iter 591: loss 0.8894, time 378.94ms, mfu 1.94%
iter 592: loss 0.8550, time 342.27ms, mfu 1.96%
iter 593: loss 0.8022, time 377.21ms, mfu 1.95%
iter 594: loss 0.7897, time 413.91ms, mfu 1.93%
iter 595: loss 0.8633, time 292.85ms, mfu 1.97%
iter 596: loss 0.8825, time 277.30ms, mfu 2.03%
iter 597: loss 0.8411, time 464.09ms, mfu 1.98%
iter 598: loss 0.8373, time 291.32ms, mfu 2.03%
iter 599: loss 0.7841, time 252.26ms, mfu 2.11%
iter 600: loss 0.7887, time 664.90ms, mfu 2.00%
  === DIAG iter 600 ===
  loss: 0.7887
  grads: total 1.0000, transformer 0.9919, adapter 0.1267
  <NUM> input tokens: 495/3072 (16.1%)
  lr: base 1.20e-04, adapter 6.01e-05
  SME accuracy: overall 0.439, sign 0.820, exp 0.397, digit 0.247, end 0.924 [d0 0.239 d1 0.051 d2 0.172 d3 0.229 d4 0.345 d5 0.310 d6 0.286 d7 0.231 d8 0.316 d9 0.500 d10 0.889 d11 0.750 d12 0.429 d13 0.286 d14 0.143] (877 SME tokens)
iter 601: loss 0.8893, time 222.22ms, mfu 2.12%
iter 602: loss 0.8363, time 223.33ms, mfu 2.23%
iter 603: loss 0.7923, time 427.14ms, mfu 2.17%
iter 604: loss 0.7977, time 359.33ms, mfu 2.15%
iter 605: loss 0.8518, time 349.08ms, mfu 2.14%
iter 606: loss 0.8705, time 403.40ms, mfu 2.10%
iter 607: loss 0.8376, time 355.80ms, mfu 2.09%
iter 608: loss 0.8525, time 541.50ms, mfu 2.01%
iter 609: loss 0.8373, time 380.33ms, mfu 2.00%
iter 610: loss 0.8717, time 395.24ms, mfu 1.98%
iter 611: loss 0.8469, time 394.19ms, mfu 1.96%
iter 612: loss 0.8350, time 331.03ms, mfu 1.98%
iter 613: loss 0.8708, time 502.15ms, mfu 1.92%
iter 614: loss 0.8252, time 445.39ms, mfu 1.89%
iter 615: loss 0.7776, time 369.98ms, mfu 1.89%
iter 616: loss 0.8395, time 361.49ms, mfu 1.90%
iter 617: loss 0.8492, time 401.45ms, mfu 1.88%
iter 618: loss 0.7563, time 385.73ms, mfu 1.88%
iter 619: loss 0.8004, time 456.69ms, mfu 1.85%
iter 620: loss 0.8137, time 367.60ms, mfu 1.85%
iter 621: loss 0.8175, time 228.84ms, mfu 1.98%
iter 622: loss 0.8312, time 453.02ms, mfu 1.94%
iter 623: loss 0.7863, time 494.39ms, mfu 1.89%
iter 624: loss 0.7195, time 415.48ms, mfu 1.87%
iter 625: loss 0.8599, time 371.39ms, mfu 1.87%
iter 626: loss 0.8340, time 348.09ms, mfu 1.89%
iter 627: loss 0.7655, time 468.51ms, mfu 1.85%
iter 628: loss 0.8275, time 428.64ms, mfu 1.83%
iter 629: loss 0.7777, time 467.27ms, mfu 1.80%
iter 630: loss 0.9007, time 366.68ms, mfu 1.81%
iter 631: loss 0.8321, time 463.39ms, mfu 1.79%
iter 632: loss 0.8717, time 371.34ms, mfu 1.80%
iter 633: loss 0.8146, time 380.11ms, mfu 1.80%
iter 634: loss 0.7922, time 401.87ms, mfu 1.80%
iter 635: loss 0.7956, time 434.89ms, mfu 1.78%
iter 636: loss 0.8612, time 447.68ms, mfu 1.76%
iter 637: loss 0.8216, time 463.34ms, mfu 1.74%
iter 638: loss 0.7877, time 224.11ms, mfu 1.88%
iter 639: loss 0.8508, time 321.69ms, mfu 1.91%
iter 640: loss 0.8880, time 273.58ms, mfu 1.98%
iter 641: loss 0.8500, time 375.66ms, mfu 1.97%
iter 642: loss 0.8435, time 295.73ms, mfu 2.01%
iter 643: loss 0.8098, time 389.07ms, mfu 2.00%
iter 644: loss 0.8006, time 313.05ms, mfu 2.02%
iter 645: loss 0.8095, time 354.83ms, mfu 2.02%
iter 646: loss 0.8081, time 379.27ms, mfu 2.00%
iter 647: loss 0.8004, time 386.15ms, mfu 1.99%
iter 648: loss 0.8531, time 422.11ms, mfu 1.96%
iter 649: loss 0.6934, time 260.10ms, mfu 2.03%
iter 650: loss 0.8680, time 419.60ms, mfu 2.00%
iter 651: loss 0.8537, time 443.35ms, mfu 1.96%
iter 652: loss 0.7420, time 318.41ms, mfu 1.99%
iter 653: loss 0.7560, time 276.91ms, mfu 2.04%
iter 654: loss 0.8498, time 303.32ms, mfu 2.07%
iter 655: loss 0.7397, time 383.16ms, mfu 2.05%
iter 656: loss 0.7870, time 299.80ms, mfu 2.08%
iter 657: loss 0.7587, time 476.96ms, mfu 2.02%
iter 658: loss 0.8248, time 308.30ms, mfu 2.05%
iter 659: loss 0.7633, time 295.18ms, mfu 2.08%
iter 660: loss 0.7894, time 528.85ms, mfu 2.01%
iter 661: loss 0.8223, time 372.43ms, mfu 2.00%
iter 662: loss 0.8251, time 331.30ms, mfu 2.01%
iter 663: loss 0.8157, time 221.07ms, mfu 2.13%
iter 664: loss 0.7964, time 408.13ms, mfu 2.09%
iter 665: loss 0.7991, time 325.12ms, mfu 2.10%
iter 666: loss 0.7809, time 404.81ms, mfu 2.07%
iter 667: loss 0.7349, time 321.06ms, mfu 2.08%
iter 668: loss 0.8362, time 387.19ms, mfu 2.06%
iter 669: loss 0.7517, time 315.00ms, mfu 2.08%
iter 670: loss 0.8137, time 440.11ms, mfu 2.03%
iter 671: loss 0.8109, time 346.06ms, mfu 2.03%
iter 672: loss 0.8691, time 453.89ms, mfu 1.98%
iter 673: loss 0.8422, time 345.65ms, mfu 1.99%
iter 674: loss 0.8812, time 309.73ms, mfu 2.02%
iter 675: loss 0.7898, time 219.22ms, mfu 2.14%
iter 676: loss 0.7917, time 431.96ms, mfu 2.09%
iter 677: loss 0.7573, time 410.03ms, mfu 2.06%
iter 678: loss 0.8489, time 416.92ms, mfu 2.02%
iter 679: loss 0.8621, time 413.77ms, mfu 1.99%
iter 680: loss 0.8055, time 309.35ms, mfu 2.02%
iter 681: loss 0.7450, time 307.03ms, mfu 2.05%
iter 682: loss 0.8182, time 481.24ms, mfu 1.99%
iter 683: loss 0.8133, time 310.40ms, mfu 2.02%
iter 684: loss 0.7944, time 354.16ms, mfu 2.02%
iter 685: loss 0.8018, time 381.52ms, mfu 2.00%
iter 686: loss 0.7809, time 338.81ms, mfu 2.01%
iter 687: loss 0.7105, time 379.57ms, mfu 2.00%
iter 688: loss 0.7674, time 360.46ms, mfu 1.99%
iter 689: loss 0.7907, time 548.96ms, mfu 1.92%
iter 690: loss 0.7825, time 478.88ms, mfu 1.88%
iter 691: loss 0.7004, time 378.52ms, mfu 1.88%
iter 692: loss 0.7996, time 385.99ms, mfu 1.87%
iter 693: loss 0.7391, time 407.46ms, mfu 1.86%
iter 694: loss 0.7982, time 387.51ms, mfu 1.86%
iter 695: loss 0.7471, time 408.32ms, mfu 1.85%
iter 696: loss 0.7308, time 453.00ms, mfu 1.82%
iter 697: loss 0.7496, time 298.95ms, mfu 1.87%
iter 698: loss 0.8312, time 402.07ms, mfu 1.86%
iter 699: loss 0.8331, time 247.00ms, mfu 1.96%
iter 700: loss 0.8072, time 661.34ms, mfu 1.87%
  === DIAG iter 700 ===
  loss: 0.8072
  grads: total 1.0000, transformer 0.9831, adapter 0.1831
  <NUM> input tokens: 511/3072 (16.6%)
  lr: base 1.40e-04, adapter 7.01e-05
  SME accuracy: overall 0.420, sign 0.818, exp 0.385, digit 0.235, end 0.867 [d0 0.264 d1 0.074 d2 0.103 d3 0.132 d4 0.286 d5 0.314 d6 0.314 d7 0.273 d8 0.276 d9 0.312 d10 0.333 d11 0.538 d12 0.538 d13 0.500 d14 0.300] (1055 SME tokens)
iter 701: loss 0.7318, time 240.46ms, mfu 1.98%
iter 702: loss 0.7836, time 250.97ms, mfu 2.06%
iter 703: loss 0.8104, time 370.50ms, mfu 2.05%
iter 704: loss 0.8039, time 357.16ms, mfu 2.04%
iter 705: loss 0.8271, time 338.08ms, mfu 2.05%
iter 706: loss 0.7595, time 541.90ms, mfu 1.97%
iter 707: loss 0.7360, time 391.17ms, mfu 1.96%
iter 708: loss 0.7728, time 447.19ms, mfu 1.92%
iter 709: loss 0.7074, time 203.49ms, mfu 2.08%
iter 710: loss 0.8531, time 381.53ms, mfu 2.06%
iter 711: loss 0.8183, time 360.48ms, mfu 2.05%
iter 712: loss 0.7672, time 416.32ms, mfu 2.01%
iter 713: loss 0.7152, time 433.89ms, mfu 1.97%
iter 714: loss 0.6855, time 298.92ms, mfu 2.01%
iter 715: loss 0.7375, time 248.44ms, mfu 2.10%
iter 716: loss 0.7072, time 392.83ms, mfu 2.07%
iter 717: loss 0.7912, time 463.79ms, mfu 2.01%
iter 718: loss 0.7887, time 392.36ms, mfu 1.99%
iter 719: loss 0.7319, time 459.51ms, mfu 1.95%
iter 720: loss 0.7757, time 284.40ms, mfu 2.00%
iter 721: loss 0.7618, time 355.66ms, mfu 2.00%
iter 722: loss 0.7433, time 250.73ms, mfu 2.08%
iter 723: loss 0.7175, time 373.65ms, mfu 2.07%
iter 724: loss 0.7362, time 439.53ms, mfu 2.02%
iter 725: loss 0.7435, time 353.32ms, mfu 2.02%
iter 726: loss 0.7539, time 450.49ms, mfu 1.97%
iter 727: loss 0.7867, time 415.86ms, mfu 1.95%
iter 728: loss 0.7443, time 375.54ms, mfu 1.94%
iter 729: loss 0.7531, time 383.81ms, mfu 1.93%
iter 730: loss 0.6577, time 368.10ms, mfu 1.93%
iter 731: loss 0.7868, time 425.96ms, mfu 1.90%
iter 732: loss 0.7786, time 371.59ms, mfu 1.90%
iter 733: loss 0.8205, time 259.21ms, mfu 1.99%
iter 734: loss 0.7377, time 457.03ms, mfu 1.94%
iter 735: loss 0.7712, time 335.04ms, mfu 1.96%
iter 736: loss 0.7550, time 346.34ms, mfu 1.97%
iter 737: loss 0.7842, time 449.93ms, mfu 1.93%
iter 738: loss 0.7209, time 519.70ms, mfu 1.87%
iter 739: loss 0.7105, time 432.38ms, mfu 1.85%
iter 740: loss 0.6858, time 401.09ms, mfu 1.84%
iter 741: loss 0.6922, time 380.75ms, mfu 1.84%
iter 742: loss 0.7010, time 296.10ms, mfu 1.90%
iter 743: loss 0.8120, time 407.84ms, mfu 1.88%
iter 744: loss 0.7413, time 335.82ms, mfu 1.91%
iter 745: loss 0.7581, time 317.81ms, mfu 1.94%
iter 746: loss 0.7886, time 337.68ms, mfu 1.95%
iter 747: loss 0.7693, time 438.04ms, mfu 1.92%
iter 748: loss 0.8003, time 366.29ms, mfu 1.92%
iter 749: loss 0.7728, time 460.64ms, mfu 1.88%
iter 750: loss 0.7086, time 446.89ms, mfu 1.85%
iter 751: loss 0.6850, time 375.89ms, mfu 1.86%
iter 752: loss 0.8029, time 302.00ms, mfu 1.91%
iter 753: loss 0.7218, time 387.96ms, mfu 1.90%
iter 754: loss 0.7408, time 365.55ms, mfu 1.90%
iter 755: loss 0.7858, time 385.63ms, mfu 1.90%
iter 756: loss 0.7323, time 335.77ms, mfu 1.92%
iter 757: loss 0.7027, time 503.14ms, mfu 1.87%
iter 758: loss 0.7364, time 239.76ms, mfu 1.98%
iter 759: loss 0.7901, time 372.18ms, mfu 1.97%
iter 760: loss 0.7872, time 302.11ms, mfu 2.01%
iter 761: loss 0.7385, time 379.37ms, mfu 1.99%
iter 762: loss 0.7503, time 472.05ms, mfu 1.94%
iter 763: loss 0.7597, time 435.17ms, mfu 1.91%
iter 764: loss 0.7381, time 419.14ms, mfu 1.89%
iter 765: loss 0.7413, time 383.36ms, mfu 1.89%
iter 766: loss 0.7764, time 472.88ms, mfu 1.85%
iter 767: loss 0.7164, time 348.74ms, mfu 1.87%
iter 768: loss 0.7359, time 618.45ms, mfu 1.79%
iter 769: loss 0.7898, time 208.07ms, mfu 1.95%
iter 770: loss 0.7671, time 368.74ms, mfu 1.95%
iter 771: loss 0.7350, time 534.73ms, mfu 1.89%
iter 772: loss 0.8063, time 311.99ms, mfu 1.93%
iter 773: loss 0.7966, time 447.75ms, mfu 1.89%
iter 774: loss 0.7347, time 426.05ms, mfu 1.87%
iter 775: loss 0.7957, time 369.17ms, mfu 1.87%
iter 776: loss 0.7416, time 344.24ms, mfu 1.89%
iter 777: loss 0.6751, time 326.81ms, mfu 1.92%
iter 778: loss 0.8120, time 558.93ms, mfu 1.86%
iter 779: loss 0.7712, time 368.24ms, mfu 1.86%
iter 780: loss 0.7356, time 526.73ms, mfu 1.81%
iter 781: loss 0.7533, time 317.88ms, mfu 1.85%
iter 782: loss 0.8392, time 407.06ms, mfu 1.84%
iter 783: loss 0.7483, time 373.65ms, mfu 1.85%
iter 784: loss 0.6999, time 395.70ms, mfu 1.84%
iter 785: loss 0.7582, time 353.73ms, mfu 1.86%
iter 786: loss 0.7209, time 323.05ms, mfu 1.89%
iter 787: loss 0.7261, time 350.26ms, mfu 1.90%
iter 788: loss 0.6791, time 431.28ms, mfu 1.88%
iter 789: loss 0.6942, time 401.43ms, mfu 1.87%
iter 790: loss 0.7274, time 213.92ms, mfu 2.01%
iter 791: loss 0.7108, time 321.06ms, mfu 2.03%
iter 792: loss 0.6726, time 461.58ms, mfu 1.98%
iter 793: loss 0.7305, time 235.58ms, mfu 2.08%
iter 794: loss 0.7896, time 497.33ms, mfu 2.02%
iter 795: loss 0.7397, time 275.60ms, mfu 2.07%
iter 796: loss 0.7024, time 503.21ms, mfu 2.01%
iter 797: loss 0.7210, time 322.62ms, mfu 2.03%
iter 798: loss 0.7370, time 295.00ms, mfu 2.06%
iter 799: loss 0.6549, time 253.21ms, mfu 2.14%
iter 800: loss 0.7255, time 605.25ms, mfu 2.04%
  === DIAG iter 800 ===
  loss: 0.7255
  grads: total 1.0000, transformer 0.9447, adapter 0.3281
  <NUM> input tokens: 517/3072 (16.8%)
  lr: base 1.60e-04, adapter 8.01e-05
  SME accuracy: overall 0.478, sign 0.897, exp 0.478, digit 0.268, end 0.933 [d0 0.275 d1 0.071 d2 0.127 d3 0.283 d4 0.400 d5 0.433 d6 0.357 d7 0.542 d8 0.391 d9 0.571 d10 0.538 d11 0.417 d12 0.500 d13 0.167 d14 0.250] (968 SME tokens)
iter 801: loss 0.8174, time 176.06ms, mfu 2.24%
iter 802: loss 0.8223, time 287.36ms, mfu 2.26%
iter 803: loss 0.7790, time 373.42ms, mfu 2.23%
iter 804: loss 0.7129, time 381.36ms, mfu 2.19%
iter 805: loss 0.6601, time 378.51ms, mfu 2.16%
iter 806: loss 0.7264, time 419.56ms, mfu 2.11%
iter 807: loss 0.7929, time 328.60ms, mfu 2.11%
iter 808: loss 0.7865, time 368.53ms, mfu 2.10%
iter 809: loss 0.7452, time 379.25ms, mfu 2.07%
iter 810: loss 0.7104, time 251.65ms, mfu 2.15%
iter 811: loss 0.7572, time 452.46ms, mfu 2.09%
iter 812: loss 0.7416, time 482.58ms, mfu 2.03%
iter 813: loss 0.7140, time 405.53ms, mfu 2.00%
iter 814: loss 0.6994, time 464.11ms, mfu 1.95%
iter 815: loss 0.7517, time 274.29ms, mfu 2.02%
iter 816: loss 0.7214, time 353.46ms, mfu 2.01%
iter 817: loss 0.7579, time 544.86ms, mfu 1.94%
iter 818: loss 0.7195, time 362.74ms, mfu 1.94%
iter 819: loss 0.7341, time 509.31ms, mfu 1.89%
iter 820: loss 0.7818, time 418.27ms, mfu 1.87%
iter 821: loss 0.7288, time 278.49ms, mfu 1.94%
iter 822: loss 0.7810, time 391.08ms, mfu 1.92%
iter 823: loss 0.6974, time 386.31ms, mfu 1.92%
iter 824: loss 0.7707, time 463.13ms, mfu 1.88%
iter 825: loss 0.6844, time 312.63ms, mfu 1.92%
iter 826: loss 0.7850, time 363.27ms, mfu 1.92%
iter 827: loss 0.7095, time 336.59ms, mfu 1.94%
iter 828: loss 0.7001, time 453.29ms, mfu 1.90%
iter 829: loss 0.7636, time 225.92ms, mfu 2.02%
iter 830: loss 0.7948, time 423.33ms, mfu 1.99%
iter 831: loss 0.7425, time 282.57ms, mfu 2.04%
iter 832: loss 0.7651, time 521.21ms, mfu 1.97%
iter 833: loss 0.6970, time 358.72ms, mfu 1.97%
iter 834: loss 0.7179, time 386.35ms, mfu 1.96%
iter 835: loss 0.7647, time 491.18ms, mfu 1.91%
iter 836: loss 0.7459, time 334.81ms, mfu 1.93%
iter 837: loss 0.7589, time 295.83ms, mfu 1.98%
iter 838: loss 0.7290, time 250.12ms, mfu 2.06%
iter 839: loss 0.6894, time 235.49ms, mfu 2.16%
iter 840: loss 0.7100, time 443.43ms, mfu 2.10%
iter 841: loss 0.7281, time 383.96ms, mfu 2.07%
iter 842: loss 0.7094, time 324.84ms, mfu 2.09%
iter 843: loss 0.7439, time 432.18ms, mfu 2.04%
iter 844: loss 0.7145, time 412.78ms, mfu 2.01%
iter 845: loss 0.7563, time 266.17ms, mfu 2.07%
iter 846: loss 0.6823, time 241.38ms, mfu 2.16%
iter 847: loss 0.6823, time 287.70ms, mfu 2.19%
iter 848: loss 0.6895, time 469.33ms, mfu 2.12%
iter 849: loss 0.7198, time 412.11ms, mfu 2.08%
iter 850: loss 0.7153, time 346.24ms, mfu 2.08%
iter 851: loss 0.6692, time 494.61ms, mfu 2.01%
iter 852: loss 0.6409, time 566.97ms, mfu 1.94%
iter 853: loss 0.7512, time 444.91ms, mfu 1.90%
iter 854: loss 0.6945, time 322.98ms, mfu 1.93%
iter 855: loss 0.7587, time 513.71ms, mfu 1.88%
iter 856: loss 0.7051, time 272.00ms, mfu 1.95%
iter 857: loss 0.7016, time 398.25ms, mfu 1.93%
iter 858: loss 0.7078, time 461.22ms, mfu 1.89%
iter 859: loss 0.7725, time 298.32ms, mfu 1.94%
iter 860: loss 0.7376, time 382.25ms, mfu 1.93%
iter 861: loss 0.6784, time 246.74ms, mfu 2.03%
iter 862: loss 0.6872, time 422.74ms, mfu 1.99%
iter 863: loss 0.7440, time 385.46ms, mfu 1.98%
iter 864: loss 0.7183, time 459.90ms, mfu 1.93%
iter 865: loss 0.7666, time 465.20ms, mfu 1.89%
iter 866: loss 0.7250, time 338.43ms, mfu 1.91%
iter 867: loss 0.6931, time 237.85ms, mfu 2.02%
iter 868: loss 0.7194, time 397.89ms, mfu 2.00%
iter 869: loss 0.7421, time 366.32ms, mfu 1.99%
iter 870: loss 0.7747, time 485.73ms, mfu 1.94%
iter 871: loss 0.7447, time 456.22ms, mfu 1.90%
iter 872: loss 0.7426, time 433.48ms, mfu 1.87%
iter 873: loss 0.7106, time 333.22ms, mfu 1.90%
iter 874: loss 0.6721, time 339.93ms, mfu 1.92%
iter 875: loss 0.7979, time 354.21ms, mfu 1.92%
iter 876: loss 0.6410, time 417.11ms, mfu 1.90%
iter 877: loss 0.7156, time 393.37ms, mfu 1.89%
iter 878: loss 0.7427, time 325.39ms, mfu 1.92%
iter 879: loss 0.6841, time 261.72ms, mfu 2.00%
iter 880: loss 0.7118, time 390.28ms, mfu 1.98%
iter 881: loss 0.6424, time 451.97ms, mfu 1.94%
iter 882: loss 0.7194, time 381.56ms, mfu 1.93%
iter 883: loss 0.7582, time 384.77ms, mfu 1.92%
iter 884: loss 0.6554, time 355.71ms, mfu 1.93%
iter 885: loss 0.7811, time 355.23ms, mfu 1.94%
iter 886: loss 0.7878, time 273.34ms, mfu 2.00%
iter 887: loss 0.7378, time 427.97ms, mfu 1.97%
iter 888: loss 0.7333, time 491.22ms, mfu 1.91%
iter 889: loss 0.6943, time 336.52ms, mfu 1.93%
iter 890: loss 0.7832, time 362.72ms, mfu 1.94%
iter 891: loss 0.7421, time 387.94ms, mfu 1.92%
iter 892: loss 0.6627, time 411.63ms, mfu 1.90%
iter 893: loss 0.7260, time 206.30ms, mfu 2.06%
iter 894: loss 0.6950, time 475.29ms, mfu 2.00%
iter 895: loss 0.7030, time 312.63ms, mfu 2.03%
iter 896: loss 0.7493, time 438.20ms, mfu 1.99%
iter 897: loss 0.6894, time 352.98ms, mfu 1.99%
iter 898: loss 0.6853, time 429.24ms, mfu 1.95%
iter 899: loss 0.6944, time 410.13ms, mfu 1.93%
iter 900: loss 0.7370, time 774.94ms, mfu 1.83%
  === DIAG iter 900 ===
  loss: 0.7370
  grads: total 0.9551, transformer 0.9272, adapter 0.2293
  <NUM> input tokens: 512/3072 (16.7%)
  lr: base 1.80e-04, adapter 9.01e-05
  SME accuracy: overall 0.437, sign 0.910, exp 0.545, digit 0.198, end 0.917 [d0 0.265 d1 0.051 d2 0.122 d3 0.113 d4 0.270 d5 0.306 d6 0.257 d7 0.233 d8 0.143 d9 0.385 d10 0.444 d11 0.444 d12 0.714 d13 0.143 d14 0.000] (989 SME tokens)
iter 901: loss 0.7707, time 226.66ms, mfu 1.96%
iter 902: loss 0.6972, time 288.17ms, mfu 2.01%
iter 903: loss 0.7448, time 410.04ms, mfu 1.98%
iter 904: loss 0.6738, time 460.24ms, mfu 1.94%
iter 905: loss 0.7268, time 370.99ms, mfu 1.93%
iter 906: loss 0.7229, time 197.38ms, mfu 2.10%
iter 907: loss 0.7528, time 429.51ms, mfu 2.06%
iter 908: loss 0.7669, time 363.01ms, mfu 2.05%
iter 909: loss 0.7197, time 342.25ms, mfu 2.05%
iter 910: loss 0.7523, time 358.36ms, mfu 2.04%
iter 911: loss 0.7494, time 516.90ms, mfu 1.97%
iter 912: loss 0.6777, time 384.01ms, mfu 1.96%
iter 913: loss 0.7310, time 223.12ms, mfu 2.08%
iter 914: loss 0.7542, time 337.21ms, mfu 2.08%
iter 915: loss 0.7296, time 439.89ms, mfu 2.04%
iter 916: loss 0.6919, time 403.90ms, mfu 2.01%
iter 917: loss 0.7302, time 418.38ms, mfu 1.98%
iter 918: loss 0.6751, time 345.14ms, mfu 1.98%
iter 919: loss 0.6458, time 299.77ms, mfu 2.02%
iter 920: loss 0.8311, time 302.43ms, mfu 2.05%
iter 921: loss 0.6822, time 351.47ms, mfu 2.05%
iter 922: loss 0.6984, time 366.29ms, mfu 2.04%
iter 923: loss 0.6910, time 417.56ms, mfu 2.01%
iter 924: loss 0.7672, time 490.34ms, mfu 1.95%
iter 925: loss 0.7353, time 380.94ms, mfu 1.94%
iter 926: loss 0.7310, time 298.71ms, mfu 1.98%
iter 927: loss 0.7149, time 336.00ms, mfu 2.00%
iter 928: loss 0.6848, time 228.11ms, mfu 2.11%
iter 929: loss 0.6879, time 428.57ms, mfu 2.06%
iter 930: loss 0.6903, time 483.84ms, mfu 2.00%
iter 931: loss 0.6879, time 369.77ms, mfu 1.99%
iter 932: loss 0.6863, time 400.40ms, mfu 1.97%
iter 933: loss 0.7105, time 393.62ms, mfu 1.95%
iter 934: loss 0.7065, time 491.97ms, mfu 1.90%
iter 935: loss 0.6980, time 328.06ms, mfu 1.93%
iter 936: loss 0.6977, time 394.43ms, mfu 1.92%
iter 937: loss 0.7051, time 450.95ms, mfu 1.88%
iter 938: loss 0.7299, time 237.22ms, mfu 1.99%
iter 939: loss 0.7818, time 562.72ms, mfu 1.92%
iter 940: loss 0.6253, time 458.91ms, mfu 1.88%
iter 941: loss 0.6915, time 370.56ms, mfu 1.88%
iter 942: loss 0.8208, time 348.96ms, mfu 1.90%
iter 943: loss 0.6484, time 189.78ms, mfu 2.08%
iter 944: loss 0.6713, time 329.91ms, mfu 2.09%
iter 945: loss 0.7192, time 437.64ms, mfu 2.04%
iter 946: loss 0.6274, time 429.02ms, mfu 2.00%
iter 947: loss 0.7084, time 338.20ms, mfu 2.01%
iter 948: loss 0.6662, time 327.25ms, mfu 2.03%
iter 949: loss 0.7312, time 328.47ms, mfu 2.04%
iter 950: loss 0.6668, time 395.53ms, mfu 2.02%
iter 951: loss 0.6430, time 324.11ms, mfu 2.03%
iter 952: loss 0.7056, time 533.84ms, mfu 1.96%
iter 953: loss 0.7243, time 520.09ms, mfu 1.90%
iter 954: loss 0.7171, time 438.39ms, mfu 1.87%
iter 955: loss 0.6677, time 268.60ms, mfu 1.95%
iter 956: loss 0.6734, time 329.09ms, mfu 1.97%
iter 957: loss 0.7231, time 325.73ms, mfu 1.99%
iter 958: loss 0.5964, time 261.06ms, mfu 2.06%
iter 959: loss 0.6601, time 324.46ms, mfu 2.08%
iter 960: loss 0.7456, time 350.63ms, mfu 2.07%
iter 961: loss 0.7151, time 331.40ms, mfu 2.08%
iter 962: loss 0.7371, time 430.82ms, mfu 2.03%
iter 963: loss 0.7543, time 357.42ms, mfu 2.03%
iter 964: loss 0.6472, time 337.63ms, mfu 2.04%
iter 965: loss 0.6118, time 473.67ms, mfu 1.98%
iter 966: loss 0.7256, time 347.58ms, mfu 1.99%
iter 967: loss 0.7203, time 279.50ms, mfu 2.04%
iter 968: loss 0.7342, time 528.36ms, mfu 1.97%
iter 969: loss 0.6507, time 267.10ms, mfu 2.04%
iter 970: loss 0.6976, time 341.93ms, mfu 2.04%
iter 971: loss 0.7065, time 398.34ms, mfu 2.02%
iter 972: loss 0.6996, time 422.37ms, mfu 1.98%
iter 973: loss 0.7397, time 236.20ms, mfu 2.08%
iter 974: loss 0.6604, time 323.79ms, mfu 2.10%
iter 975: loss 0.6920, time 463.68ms, mfu 2.04%
iter 976: loss 0.7084, time 238.90ms, mfu 2.13%
iter 977: loss 0.7267, time 500.44ms, mfu 2.06%
iter 978: loss 0.7212, time 419.29ms, mfu 2.02%
iter 979: loss 0.7077, time 390.78ms, mfu 2.00%
iter 980: loss 0.6850, time 338.32ms, mfu 2.01%
iter 981: loss 0.6864, time 406.52ms, mfu 1.98%
iter 982: loss 0.7012, time 304.97ms, mfu 2.02%
iter 983: loss 0.6965, time 470.10ms, mfu 1.97%
iter 984: loss 0.7404, time 374.31ms, mfu 1.96%
iter 985: loss 0.7420, time 351.47ms, mfu 1.97%
iter 986: loss 0.7209, time 275.18ms, mfu 2.03%
iter 987: loss 0.6276, time 457.77ms, mfu 1.98%
iter 988: loss 0.7230, time 259.86ms, mfu 2.05%
iter 989: loss 0.7463, time 379.03ms, mfu 2.04%
iter 990: loss 0.7758, time 467.27ms, mfu 1.98%
iter 991: loss 0.7070, time 321.87ms, mfu 2.01%
iter 992: loss 0.7144, time 328.96ms, mfu 2.02%
iter 993: loss 0.6938, time 194.44ms, mfu 2.18%
iter 994: loss 0.7079, time 454.27ms, mfu 2.12%
iter 995: loss 0.6950, time 398.89ms, mfu 2.09%
iter 996: loss 0.6868, time 371.27ms, mfu 2.07%
iter 997: loss 0.6058, time 376.64ms, mfu 2.05%
iter 998: loss 0.6975, time 391.14ms, mfu 2.03%
iter 999: loss 0.7114, time 312.51ms, mfu 2.05%
iter 1000: loss 0.7301, time 639.79ms, mfu 1.96%
  === DIAG iter 1000 ===
  loss: 0.7301
  grads: total 0.7143, transformer 0.6595, adapter 0.2744
  <NUM> input tokens: 570/3072 (18.6%)
  lr: base 2.00e-04, adapter 1.00e-04
  SME accuracy: overall 0.453, sign 0.940, exp 0.579, digit 0.225, end 0.909 [d0 0.359 d1 0.105 d2 0.133 d3 0.145 d4 0.261 d5 0.250 d6 0.200 d7 0.135 d8 0.194 d9 0.538 d10 0.455 d11 0.364 d12 0.300 d13 0.125 d14 0.000] (1017 SME tokens)
  --- Sample eval (val) ---
  <7.9> <7e-06> <55800> →
    target: -5.269e+08
    pred:   9e+08
    error:  1426900000.00

   <5e+08> →
    target: -1e+09
    pred:   1e+08
    error:  1100000000.00

  SUB: <9.97> - <-6.9e+07> →
    target: 6.9e+07
    pred:   9.99e+08
    error:  929999990.03

  D0D0D7D6D3D2END
    target: 1e+09 1e+09 1e+09
    pred:   1e+08 1e+08 1e+09
    error:  900000000.00 900000000.00 0.00

  <62000> <9.16562e+07> →
    target: 0 6.2e+04 9.166e+07
    pred:   8e+08 1 1e+07
    error:  800000000.00 61999.00 81656191.00

iter 1001: loss 0.6591, time 813.26ms, mfu 1.85%
iter 1002: loss 0.6630, time 288.89ms, mfu 1.91%
iter 1003: loss 0.7393, time 323.04ms, mfu 1.94%
iter 1004: loss 0.7035, time 474.68ms, mfu 1.89%
iter 1005: loss 0.6796, time 332.28ms, mfu 1.92%
iter 1006: loss 0.7363, time 295.87ms, mfu 1.96%
iter 1007: loss 0.6672, time 396.22ms, mfu 1.95%
iter 1008: loss 0.6859, time 363.69ms, mfu 1.95%
iter 1009: loss 0.6957, time 424.30ms, mfu 1.92%
iter 1010: loss 0.6636, time 438.19ms, mfu 1.89%
iter 1011: loss 0.6576, time 426.92ms, mfu 1.87%
iter 1012: loss 0.7170, time 324.96ms, mfu 1.90%
iter 1013: loss 0.7246, time 326.23ms, mfu 1.93%
iter 1014: loss 0.6997, time 375.85ms, mfu 1.92%
iter 1015: loss 0.7351, time 506.30ms, mfu 1.87%
iter 1016: loss 0.7764, time 364.29ms, mfu 1.88%
iter 1017: loss 0.6905, time 336.05ms, mfu 1.90%
iter 1018: loss 0.7030, time 250.74ms, mfu 1.99%
iter 1019: loss 0.6705, time 418.44ms, mfu 1.96%
iter 1020: loss 0.7800, time 339.45ms, mfu 1.98%
iter 1021: loss 0.6986, time 375.42ms, mfu 1.97%
iter 1022: loss 0.6853, time 423.47ms, mfu 1.94%
iter 1023: loss 0.6479, time 385.58ms, mfu 1.93%
iter 1024: loss 0.7218, time 400.83ms, mfu 1.91%
iter 1025: loss 0.6766, time 528.06ms, mfu 1.85%
iter 1026: loss 0.7803, time 384.62ms, mfu 1.85%
iter 1027: loss 0.6634, time 322.96ms, mfu 1.89%
iter 1028: loss 0.7318, time 369.97ms, mfu 1.89%
iter 1029: loss 0.6055, time 368.41ms, mfu 1.89%
iter 1030: loss 0.6672, time 415.00ms, mfu 1.87%
iter 1031: loss 0.6914, time 309.94ms, mfu 1.92%
iter 1032: loss 0.6749, time 323.18ms, mfu 1.94%
iter 1033: loss 0.6521, time 472.42ms, mfu 1.90%
iter 1034: loss 0.6486, time 387.83ms, mfu 1.89%
iter 1035: loss 0.7011, time 417.01ms, mfu 1.87%
iter 1036: loss 0.7094, time 431.43ms, mfu 1.85%
iter 1037: loss 0.7215, time 430.00ms, mfu 1.83%
iter 1038: loss 0.6957, time 292.76ms, mfu 1.89%
iter 1039: loss 0.6855, time 401.92ms, mfu 1.88%
iter 1040: loss 0.7097, time 396.33ms, mfu 1.87%
iter 1041: loss 0.6316, time 351.53ms, mfu 1.88%
iter 1042: loss 0.6845, time 464.48ms, mfu 1.85%
iter 1043: loss 0.6455, time 458.21ms, mfu 1.82%
iter 1044: loss 0.7241, time 301.31ms, mfu 1.87%
iter 1045: loss 0.7004, time 367.23ms, mfu 1.88%
iter 1046: loss 0.6335, time 290.38ms, mfu 1.93%
iter 1047: loss 0.6454, time 304.49ms, mfu 1.97%
iter 1048: loss 0.7346, time 262.08ms, mfu 2.05%
iter 1049: loss 0.6899, time 285.71ms, mfu 2.09%
iter 1050: loss 0.6870, time 433.21ms, mfu 2.04%
iter 1051: loss 0.7193, time 468.28ms, mfu 1.99%
iter 1052: loss 0.6710, time 331.09ms, mfu 2.01%
iter 1053: loss 0.7043, time 355.35ms, mfu 2.00%
iter 1054: loss 0.6665, time 361.26ms, mfu 2.00%
iter 1055: loss 0.6566, time 374.37ms, mfu 1.99%
iter 1056: loss 0.6362, time 384.18ms, mfu 1.98%
iter 1057: loss 0.6470, time 303.18ms, mfu 2.01%
iter 1058: loss 0.6970, time 390.90ms, mfu 1.99%
iter 1059: loss 0.6129, time 289.80ms, mfu 2.04%
iter 1060: loss 0.7222, time 422.58ms, mfu 2.00%
iter 1061: loss 0.6450, time 283.16ms, mfu 2.05%
iter 1062: loss 0.6923, time 371.49ms, mfu 2.04%
iter 1063: loss 0.6726, time 439.88ms, mfu 1.99%
iter 1064: loss 0.6442, time 480.23ms, mfu 1.94%
iter 1065: loss 0.7377, time 422.20ms, mfu 1.92%
iter 1066: loss 0.6865, time 388.31ms, mfu 1.91%
iter 1067: loss 0.6681, time 453.75ms, mfu 1.87%
iter 1068: loss 0.6853, time 397.10ms, mfu 1.86%
iter 1069: loss 0.6936, time 330.86ms, mfu 1.89%
iter 1070: loss 0.7021, time 466.55ms, mfu 1.85%
iter 1071: loss 0.6643, time 378.67ms, mfu 1.86%
iter 1072: loss 0.7086, time 427.22ms, mfu 1.84%
iter 1073: loss 0.6579, time 352.42ms, mfu 1.85%
iter 1074: loss 0.7947, time 371.32ms, mfu 1.86%
iter 1075: loss 0.6641, time 467.32ms, mfu 1.82%
iter 1076: loss 0.6353, time 488.34ms, mfu 1.79%
iter 1077: loss 0.6542, time 236.75ms, mfu 1.91%
iter 1078: loss 0.7240, time 302.22ms, mfu 1.95%
iter 1079: loss 0.6605, time 369.27ms, mfu 1.95%
iter 1080: loss 0.6995, time 311.72ms, mfu 1.98%
iter 1081: loss 0.6264, time 468.04ms, mfu 1.93%
iter 1082: loss 0.6216, time 381.56ms, mfu 1.93%
iter 1083: loss 0.7091, time 400.48ms, mfu 1.91%
iter 1084: loss 0.6698, time 438.62ms, mfu 1.88%
iter 1085: loss 0.7233, time 288.08ms, mfu 1.94%
iter 1086: loss 0.7359, time 416.61ms, mfu 1.92%
iter 1087: loss 0.7335, time 382.11ms, mfu 1.91%
iter 1088: loss 0.6592, time 482.61ms, mfu 1.87%
iter 1089: loss 0.6728, time 391.59ms, mfu 1.86%
iter 1090: loss 0.6338, time 310.00ms, mfu 1.90%
iter 1091: loss 0.7145, time 303.00ms, mfu 1.95%
iter 1092: loss 0.6277, time 461.21ms, mfu 1.91%
iter 1093: loss 0.6717, time 435.84ms, mfu 1.88%
iter 1094: loss 0.7022, time 223.62ms, mfu 2.01%
iter 1095: loss 0.6633, time 492.93ms, mfu 1.95%
iter 1096: loss 0.7277, time 293.58ms, mfu 2.00%
iter 1097: loss 0.6455, time 525.20ms, mfu 1.93%
iter 1098: loss 0.6269, time 364.90ms, mfu 1.93%
iter 1099: loss 0.7352, time 320.20ms, mfu 1.96%
iter 1100: loss 0.7102, time 742.53ms, mfu 1.86%
  === DIAG iter 1100 ===
  loss: 0.7102
  grads: total 1.0000, transformer 0.9359, adapter 0.3523
  <NUM> input tokens: 521/3072 (17.0%)
  lr: base 2.20e-04, adapter 1.10e-04
  SME accuracy: overall 0.436, sign 0.926, exp 0.564, digit 0.149, end 0.927 [d0 0.243 d1 0.039 d2 0.090 d3 0.093 d4 0.235 d5 0.161 d6 0.167 d7 0.100 d8 0.111 d9 0.231 d10 0.250 d11 0.400 d12 0.500 d13 0.250 d14 0.000] (1026 SME tokens)
iter 1101: loss 0.6966, time 200.81ms, mfu 2.03%
iter 1102: loss 0.7055, time 425.67ms, mfu 1.99%
iter 1103: loss 0.6435, time 265.74ms, mfu 2.06%
iter 1104: loss 0.6936, time 440.06ms, mfu 2.01%
iter 1105: loss 0.6449, time 246.40ms, mfu 2.10%
iter 1106: loss 0.6978, time 665.43ms, mfu 2.00%
iter 1107: loss 0.6221, time 378.64ms, mfu 1.98%
iter 1108: loss 0.7181, time 250.93ms, mfu 2.07%
iter 1109: loss 0.6892, time 311.93ms, mfu 2.09%
iter 1110: loss 0.6411, time 372.81ms, mfu 2.07%
iter 1111: loss 0.7539, time 295.72ms, mfu 2.10%
iter 1112: loss 0.6836, time 387.59ms, mfu 2.07%
iter 1113: loss 0.6604, time 367.94ms, mfu 2.06%
iter 1114: loss 0.7594, time 312.06ms, mfu 2.08%
iter 1115: loss 0.7403, time 356.77ms, mfu 2.07%
iter 1116: loss 0.6854, time 326.00ms, mfu 2.08%
iter 1117: loss 0.7184, time 285.99ms, mfu 2.12%
iter 1118: loss 0.6547, time 479.32ms, mfu 2.06%
iter 1119: loss 0.6329, time 250.49ms, mfu 2.13%
iter 1120: loss 0.6929, time 337.40ms, mfu 2.13%
iter 1121: loss 0.6513, time 554.02ms, mfu 2.05%
iter 1122: loss 0.6816, time 425.57ms, mfu 2.01%
iter 1123: loss 0.6563, time 329.93ms, mfu 2.02%
iter 1124: loss 0.7471, time 449.71ms, mfu 1.98%
iter 1125: loss 0.6375, time 358.34ms, mfu 1.98%
iter 1126: loss 0.6544, time 386.53ms, mfu 1.96%
iter 1127: loss 0.6517, time 324.31ms, mfu 1.99%
iter 1128: loss 0.7020, time 365.16ms, mfu 1.98%
iter 1129: loss 0.6549, time 472.53ms, mfu 1.93%
iter 1130: loss 0.7093, time 301.15ms, mfu 1.97%
iter 1131: loss 0.7376, time 323.46ms, mfu 2.00%
iter 1132: loss 0.6801, time 386.08ms, mfu 1.98%
iter 1133: loss 0.6595, time 474.04ms, mfu 1.93%
iter 1134: loss 0.7494, time 227.77ms, mfu 2.05%
iter 1135: loss 0.6385, time 598.10ms, mfu 1.96%
iter 1136: loss 0.6021, time 318.83ms, mfu 1.99%
iter 1137: loss 0.7659, time 359.46ms, mfu 1.99%
iter 1138: loss 0.6601, time 441.64ms, mfu 1.95%
iter 1139: loss 0.7772, time 393.06ms, mfu 1.93%
iter 1140: loss 0.7089, time 350.31ms, mfu 1.94%
iter 1141: loss 0.7278, time 358.89ms, mfu 1.95%
iter 1142: loss 0.6834, time 314.99ms, mfu 1.98%
iter 1143: loss 0.6424, time 378.06ms, mfu 1.97%
iter 1144: loss 0.6589, time 347.92ms, mfu 1.97%
iter 1145: loss 0.6609, time 385.49ms, mfu 1.96%
iter 1146: loss 0.6303, time 367.22ms, mfu 1.96%
iter 1147: loss 0.7861, time 343.15ms, mfu 1.97%
iter 1148: loss 0.6776, time 334.05ms, mfu 1.98%
iter 1149: loss 0.7241, time 228.88ms, mfu 2.09%
iter 1150: loss 0.6457, time 338.26ms, mfu 2.09%
iter 1151: loss 0.6038, time 335.11ms, mfu 2.10%
iter 1152: loss 0.6914, time 337.72ms, mfu 2.10%
iter 1153: loss 0.6529, time 449.54ms, mfu 2.04%
iter 1154: loss 0.6663, time 334.26ms, mfu 2.05%
iter 1155: loss 0.7151, time 312.12ms, mfu 2.07%
iter 1156: loss 0.6772, time 398.86ms, mfu 2.04%
iter 1157: loss 0.6714, time 383.09ms, mfu 2.03%
iter 1158: loss 0.6516, time 377.40ms, mfu 2.01%
iter 1159: loss 0.6757, time 414.95ms, mfu 1.98%
iter 1160: loss 0.7046, time 344.50ms, mfu 1.99%
iter 1161: loss 0.6475, time 384.89ms, mfu 1.97%
iter 1162: loss 0.7063, time 279.48ms, mfu 2.03%
iter 1163: loss 0.6895, time 391.17ms, mfu 2.01%
iter 1164: loss 0.6388, time 411.83ms, mfu 1.98%
iter 1165: loss 0.6848, time 349.27ms, mfu 1.98%
iter 1166: loss 0.6579, time 429.86ms, mfu 1.95%
iter 1167: loss 0.6266, time 359.20ms, mfu 1.95%
iter 1168: loss 0.7163, time 376.67ms, mfu 1.95%
iter 1169: loss 0.6752, time 374.14ms, mfu 1.94%
iter 1170: loss 0.6411, time 346.67ms, mfu 1.95%
iter 1171: loss 0.6674, time 365.90ms, mfu 1.95%
iter 1172: loss 0.6447, time 331.59ms, mfu 1.97%
iter 1173: loss 0.7240, time 435.48ms, mfu 1.93%
iter 1174: loss 0.6758, time 418.47ms, mfu 1.91%
iter 1175: loss 0.7177, time 347.00ms, mfu 1.92%
iter 1176: loss 0.7035, time 273.76ms, mfu 1.99%
iter 1177: loss 0.6342, time 353.44ms, mfu 1.99%
iter 1178: loss 0.6083, time 573.37ms, mfu 1.92%
iter 1179: loss 0.6288, time 423.59ms, mfu 1.89%
iter 1180: loss 0.6100, time 370.79ms, mfu 1.89%
iter 1181: loss 0.6892, time 418.21ms, mfu 1.87%
iter 1182: loss 0.6873, time 382.30ms, mfu 1.87%
iter 1183: loss 0.6252, time 335.59ms, mfu 1.90%
iter 1184: loss 0.6874, time 272.05ms, mfu 1.97%
iter 1185: loss 0.6822, time 459.16ms, mfu 1.92%
iter 1186: loss 0.7017, time 434.69ms, mfu 1.89%
iter 1187: loss 0.6159, time 233.03ms, mfu 2.01%
iter 1188: loss 0.6791, time 338.60ms, mfu 2.02%
iter 1189: loss 0.6042, time 459.81ms, mfu 1.97%
iter 1190: loss 0.5593, time 329.22ms, mfu 1.99%
iter 1191: loss 0.6549, time 329.57ms, mfu 2.00%
iter 1192: loss 0.6158, time 215.55ms, mfu 2.13%
iter 1193: loss 0.6421, time 334.43ms, mfu 2.13%
iter 1194: loss 0.6462, time 374.98ms, mfu 2.11%
iter 1195: loss 0.6086, time 426.59ms, mfu 2.06%
iter 1196: loss 0.6779, time 317.79ms, mfu 2.08%
iter 1197: loss 0.6337, time 360.23ms, mfu 2.07%
iter 1198: loss 0.6365, time 423.97ms, mfu 2.03%
iter 1199: loss 0.6709, time 368.20ms, mfu 2.02%
iter 1200: loss 0.6531, time 498.77ms, mfu 1.96%
  === DIAG iter 1200 ===
  loss: 0.6531
  grads: total 1.0000, transformer 0.8718, adapter 0.4898
  <NUM> input tokens: 499/3072 (16.2%)
  lr: base 2.40e-04, adapter 1.20e-04
  SME accuracy: overall 0.484, sign 0.904, exp 0.667, digit 0.235, end 0.910 [d0 0.348 d1 0.025 d2 0.062 d3 0.146 d4 0.176 d5 0.194 d6 0.290 d7 0.258 d8 0.333 d9 0.500 d10 0.545 d11 0.545 d12 0.625 d13 0.667 d14 0.250] (958 SME tokens)
iter 1201: loss 0.6676, time 229.40ms, mfu 2.07%
iter 1202: loss 0.6276, time 399.28ms, mfu 2.04%
iter 1203: loss 0.6364, time 436.43ms, mfu 2.00%
iter 1204: loss 0.6439, time 289.60ms, mfu 2.04%
iter 1205: loss 0.6169, time 346.01ms, mfu 2.05%
iter 1206: loss 0.6545, time 502.40ms, mfu 1.98%
iter 1207: loss 0.6653, time 247.58ms, mfu 2.07%
iter 1208: loss 0.7030, time 515.97ms, mfu 2.00%
iter 1209: loss 0.7030, time 493.24ms, mfu 1.94%
iter 1210: loss 0.6315, time 398.74ms, mfu 1.93%
iter 1211: loss 0.5640, time 345.84ms, mfu 1.94%
iter 1212: loss 0.6455, time 406.72ms, mfu 1.92%
iter 1213: loss 0.6360, time 409.75ms, mfu 1.90%
iter 1214: loss 0.6888, time 385.06ms, mfu 1.89%
iter 1215: loss 0.6385, time 337.12ms, mfu 1.92%
iter 1216: loss 0.6331, time 308.41ms, mfu 1.95%
iter 1217: loss 0.6319, time 525.48ms, mfu 1.89%
iter 1218: loss 0.6843, time 393.44ms, mfu 1.88%
iter 1219: loss 0.6270, time 432.06ms, mfu 1.86%
iter 1220: loss 0.7019, time 360.45ms, mfu 1.87%
iter 1221: loss 0.6427, time 245.13ms, mfu 1.97%
iter 1222: loss 0.7147, time 521.14ms, mfu 1.91%
iter 1223: loss 0.6686, time 296.63ms, mfu 1.96%
iter 1224: loss 0.7340, time 490.09ms, mfu 1.91%
iter 1225: loss 0.6649, time 426.95ms, mfu 1.88%
iter 1226: loss 0.6199, time 408.37ms, mfu 1.87%
iter 1227: loss 0.6543, time 422.12ms, mfu 1.85%
iter 1228: loss 0.6934, time 388.19ms, mfu 1.85%
iter 1229: loss 0.5839, time 230.48ms, mfu 1.97%
iter 1230: loss 0.6259, time 469.21ms, mfu 1.92%
iter 1231: loss 0.6179, time 315.49ms, mfu 1.96%
iter 1232: loss 0.6477, time 454.75ms, mfu 1.92%
iter 1233: loss 0.6274, time 383.63ms, mfu 1.91%
iter 1234: loss 0.6724, time 318.86ms, mfu 1.94%
iter 1235: loss 0.6249, time 337.23ms, mfu 1.96%
iter 1236: loss 0.5903, time 261.16ms, mfu 2.03%
iter 1237: loss 0.6860, time 459.08ms, mfu 1.98%
iter 1238: loss 0.6877, time 419.58ms, mfu 1.95%
iter 1239: loss 0.6610, time 308.47ms, mfu 1.99%
iter 1240: loss 0.6668, time 306.05ms, mfu 2.02%
iter 1241: loss 0.6463, time 347.75ms, mfu 2.02%
iter 1242: loss 0.6575, time 508.96ms, mfu 1.96%
iter 1243: loss 0.6694, time 300.02ms, mfu 2.00%
iter 1244: loss 0.5860, time 345.35ms, mfu 2.01%
iter 1245: loss 0.6860, time 336.78ms, mfu 2.02%
iter 1246: loss 0.6766, time 428.23ms, mfu 1.98%
iter 1247: loss 0.6943, time 322.93ms, mfu 2.00%
iter 1248: loss 0.7324, time 370.54ms, mfu 1.99%
iter 1249: loss 0.6805, time 356.25ms, mfu 1.99%
iter 1250: loss 0.6447, time 446.79ms, mfu 1.95%
iter 1251: loss 0.6989, time 314.88ms, mfu 1.98%
iter 1252: loss 0.6265, time 244.01ms, mfu 2.07%
iter 1253: loss 0.7000, time 455.12ms, mfu 2.02%
iter 1254: loss 0.6330, time 402.28ms, mfu 2.00%
iter 1255: loss 0.7139, time 569.63ms, mfu 1.92%
iter 1256: loss 0.6851, time 312.59ms, mfu 1.96%
iter 1257: loss 0.6842, time 380.09ms, mfu 1.95%
iter 1258: loss 0.6338, time 440.15ms, mfu 1.91%
iter 1259: loss 0.6542, time 295.61ms, mfu 1.96%
iter 1260: loss 0.7433, time 424.20ms, mfu 1.93%
iter 1261: loss 0.6675, time 288.25ms, mfu 1.98%
iter 1262: loss 0.6954, time 486.23ms, mfu 1.93%
iter 1263: loss 0.6068, time 495.11ms, mfu 1.88%
iter 1264: loss 0.6423, time 314.81ms, mfu 1.92%
iter 1265: loss 0.7279, time 361.57ms, mfu 1.92%
iter 1266: loss 0.6477, time 289.29ms, mfu 1.98%
iter 1267: loss 0.6537, time 434.69ms, mfu 1.94%
iter 1268: loss 0.6875, time 417.95ms, mfu 1.92%
iter 1269: loss 0.5930, time 308.27ms, mfu 1.95%
iter 1270: loss 0.6014, time 338.50ms, mfu 1.97%
iter 1271: loss 0.6125, time 310.88ms, mfu 2.00%
iter 1272: loss 0.7372, time 477.97ms, mfu 1.95%
iter 1273: loss 0.6593, time 300.20ms, mfu 1.99%
iter 1274: loss 0.6346, time 348.70ms, mfu 1.99%
iter 1275: loss 0.6316, time 434.36ms, mfu 1.96%
iter 1276: loss 0.5884, time 461.20ms, mfu 1.92%
iter 1277: loss 0.6399, time 357.89ms, mfu 1.92%
iter 1278: loss 0.6455, time 296.34ms, mfu 1.97%
iter 1279: loss 0.6908, time 534.76ms, mfu 1.90%
iter 1280: loss 0.6753, time 214.74ms, mfu 2.04%
iter 1281: loss 0.6408, time 351.83ms, mfu 2.04%
iter 1282: loss 0.6324, time 250.84ms, mfu 2.12%
iter 1283: loss 0.7267, time 402.50ms, mfu 2.08%
iter 1284: loss 0.6261, time 280.35ms, mfu 2.13%
iter 1285: loss 0.6555, time 404.90ms, mfu 2.09%
iter 1286: loss 0.5996, time 410.27ms, mfu 2.05%
iter 1287: loss 0.6582, time 527.84ms, mfu 1.98%
iter 1288: loss 0.6658, time 417.30ms, mfu 1.95%
iter 1289: loss 0.6274, time 306.38ms, mfu 1.99%
iter 1290: loss 0.5639, time 397.62ms, mfu 1.97%
iter 1291: loss 0.6424, time 347.65ms, mfu 1.98%
iter 1292: loss 0.6683, time 342.73ms, mfu 1.99%
iter 1293: loss 0.5992, time 498.91ms, mfu 1.93%
iter 1294: loss 0.5896, time 519.87ms, mfu 1.87%
iter 1295: loss 0.6449, time 308.00ms, mfu 1.92%
iter 1296: loss 0.6577, time 329.48ms, mfu 1.94%
iter 1297: loss 0.6846, time 482.12ms, mfu 1.89%
iter 1298: loss 0.6671, time 322.52ms, mfu 1.92%
iter 1299: loss 0.6424, time 423.92ms, mfu 1.90%
iter 1300: loss 0.6453, time 444.39ms, mfu 1.87%
  === DIAG iter 1300 ===
  loss: 0.6453
  grads: total 0.7588, transformer 0.6874, adapter 0.3213
  <NUM> input tokens: 548/3072 (17.8%)
  lr: base 2.60e-04, adapter 1.30e-04
  SME accuracy: overall 0.514, sign 0.946, exp 0.658, digit 0.231, end 0.993 [d0 0.327 d1 0.053 d2 0.155 d3 0.138 d4 0.250 d5 0.345 d6 0.321 d7 0.185 d8 0.261 d9 0.714 d10 0.714 d11 0.833 d12 0.500 d13 0.000 d14 0.000] (1003 SME tokens)
iter 1301: loss 0.6602, time 228.20ms, mfu 1.99%
iter 1302: loss 0.6918, time 342.12ms, mfu 2.00%
iter 1303: loss 0.6352, time 383.52ms, mfu 1.98%
iter 1304: loss 0.6844, time 314.51ms, mfu 2.01%
iter 1305: loss 0.6929, time 469.46ms, mfu 1.96%
iter 1306: loss 0.7302, time 486.44ms, mfu 1.91%
iter 1307: loss 0.5622, time 334.54ms, mfu 1.93%
iter 1308: loss 0.6892, time 439.07ms, mfu 1.90%
iter 1309: loss 0.6802, time 464.58ms, mfu 1.86%
iter 1310: loss 0.7587, time 305.19ms, mfu 1.91%
iter 1311: loss 0.6471, time 272.86ms, mfu 1.98%
iter 1312: loss 0.6236, time 385.52ms, mfu 1.96%
iter 1313: loss 0.5794, time 442.81ms, mfu 1.93%
iter 1314: loss 0.6274, time 385.98ms, mfu 1.92%
iter 1315: loss 0.6777, time 329.84ms, mfu 1.94%
iter 1316: loss 0.6264, time 422.69ms, mfu 1.91%
iter 1317: loss 0.6674, time 371.60ms, mfu 1.91%
iter 1318: loss 0.6262, time 425.70ms, mfu 1.89%
iter 1319: loss 0.6221, time 327.78ms, mfu 1.92%
iter 1320: loss 0.6356, time 313.48ms, mfu 1.95%
iter 1321: loss 0.6102, time 301.23ms, mfu 1.99%
iter 1322: loss 0.6797, time 418.07ms, mfu 1.96%
iter 1323: loss 0.6306, time 341.72ms, mfu 1.97%
iter 1324: loss 0.5992, time 444.79ms, mfu 1.93%
iter 1325: loss 0.6437, time 520.98ms, mfu 1.88%
iter 1326: loss 0.6423, time 297.57ms, mfu 1.93%
iter 1327: loss 0.6190, time 421.88ms, mfu 1.90%
iter 1328: loss 0.6363, time 241.06ms, mfu 2.01%
iter 1329: loss 0.6568, time 399.50ms, mfu 1.98%
iter 1330: loss 0.6893, time 379.71ms, mfu 1.97%
iter 1331: loss 0.6522, time 310.76ms, mfu 2.00%
iter 1332: loss 0.6581, time 342.38ms, mfu 2.01%
iter 1333: loss 0.6407, time 348.17ms, mfu 2.01%
iter 1334: loss 0.6682, time 415.12ms, mfu 1.98%
iter 1335: loss 0.6087, time 485.54ms, mfu 1.93%
iter 1336: loss 0.6370, time 523.75ms, mfu 1.87%
iter 1337: loss 0.6942, time 302.48ms, mfu 1.92%
iter 1338: loss 0.6614, time 342.98ms, mfu 1.93%
iter 1339: loss 0.6543, time 373.75ms, mfu 1.93%
iter 1340: loss 0.7350, time 514.43ms, mfu 1.87%
iter 1341: loss 0.6614, time 284.36ms, mfu 1.94%
iter 1342: loss 0.6936, time 368.04ms, mfu 1.94%
iter 1343: loss 0.6820, time 508.29ms, mfu 1.88%
iter 1344: loss 0.6011, time 449.08ms, mfu 1.85%
iter 1345: loss 0.7493, time 322.64ms, mfu 1.89%
iter 1346: loss 0.6967, time 419.99ms, mfu 1.87%
iter 1347: loss 0.6995, time 311.69ms, mfu 1.91%
iter 1348: loss 0.6416, time 355.69ms, mfu 1.92%
iter 1349: loss 0.6531, time 313.31ms, mfu 1.95%
iter 1350: loss 0.5795, time 385.20ms, mfu 1.94%
iter 1351: loss 0.7388, time 303.52ms, mfu 1.98%
iter 1352: loss 0.7094, time 508.04ms, mfu 1.92%
iter 1353: loss 0.6458, time 271.85ms, mfu 1.99%
iter 1354: loss 0.6029, time 430.72ms, mfu 1.95%
iter 1355: loss 0.6797, time 429.77ms, mfu 1.92%
iter 1356: loss 0.6117, time 353.30ms, mfu 1.93%
iter 1357: loss 0.6285, time 477.87ms, mfu 1.89%
iter 1358: loss 0.6807, time 367.78ms, mfu 1.89%
iter 1359: loss 0.6580, time 517.96ms, mfu 1.84%
iter 1360: loss 0.6259, time 459.43ms, mfu 1.81%
iter 1361: loss 0.5898, time 275.17ms, mfu 1.89%
iter 1362: loss 0.6892, time 363.33ms, mfu 1.89%
iter 1363: loss 0.6309, time 297.32ms, mfu 1.94%
iter 1364: loss 0.7409, time 420.76ms, mfu 1.92%
iter 1365: loss 0.6185, time 259.73ms, mfu 2.00%
iter 1366: loss 0.7026, time 503.06ms, mfu 1.94%
iter 1367: loss 0.6406, time 386.07ms, mfu 1.93%
iter 1368: loss 0.7132, time 282.27ms, mfu 1.99%
iter 1369: loss 0.6644, time 479.14ms, mfu 1.94%
iter 1370: loss 0.6181, time 391.74ms, mfu 1.92%
iter 1371: loss 0.6395, time 508.35ms, mfu 1.87%
iter 1372: loss 0.5913, time 350.99ms, mfu 1.88%
iter 1373: loss 0.6527, time 560.25ms, mfu 1.82%
iter 1374: loss 0.6759, time 293.66ms, mfu 1.88%
iter 1375: loss 0.5930, time 507.09ms, mfu 1.83%
iter 1376: loss 0.6280, time 366.34ms, mfu 1.84%
iter 1377: loss 0.6611, time 346.89ms, mfu 1.86%
iter 1378: loss 0.6444, time 424.55ms, mfu 1.84%
iter 1379: loss 0.6384, time 341.73ms, mfu 1.87%
iter 1380: loss 0.6780, time 533.02ms, mfu 1.81%
iter 1381: loss 0.6377, time 489.61ms, mfu 1.78%
iter 1382: loss 0.6419, time 264.20ms, mfu 1.87%
iter 1383: loss 0.6707, time 401.42ms, mfu 1.86%
iter 1384: loss 0.6582, time 249.28ms, mfu 1.96%
iter 1385: loss 0.6672, time 353.00ms, mfu 1.96%
iter 1386: loss 0.6072, time 288.53ms, mfu 2.01%
iter 1387: loss 0.6493, time 411.78ms, mfu 1.98%
iter 1388: loss 0.5323, time 236.38ms, mfu 2.08%
iter 1389: loss 0.6324, time 315.15ms, mfu 2.10%
iter 1390: loss 0.6846, time 366.34ms, mfu 2.08%
iter 1391: loss 0.6330, time 431.15ms, mfu 2.04%
iter 1392: loss 0.7268, time 412.68ms, mfu 2.01%
iter 1393: loss 0.6317, time 407.64ms, mfu 1.98%
iter 1394: loss 0.6317, time 420.04ms, mfu 1.95%
iter 1395: loss 0.6367, time 405.41ms, mfu 1.93%
iter 1396: loss 0.6043, time 254.65ms, mfu 2.02%
iter 1397: loss 0.7077, time 484.85ms, mfu 1.96%
iter 1398: loss 0.6747, time 444.99ms, mfu 1.92%
iter 1399: loss 0.7232, time 298.54ms, mfu 1.97%
iter 1400: loss 0.6941, time 422.02ms, mfu 1.94%
  === DIAG iter 1400 ===
  loss: 0.6941
  grads: total 1.0000, transformer 0.8306, adapter 0.5568
  <NUM> input tokens: 524/3072 (17.1%)
  lr: base 2.80e-04, adapter 1.40e-04
  SME accuracy: overall 0.458, sign 0.936, exp 0.617, digit 0.178, end 0.993 [d0 0.267 d1 0.021 d2 0.028 d3 0.130 d4 0.294 d5 0.242 d6 0.129 d7 0.207 d8 0.200 d9 0.462 d10 0.444 d11 0.222 d12 0.143 d13 0.167 d14 0.000] (1018 SME tokens)
iter 1401: loss 0.7365, time 229.01ms, mfu 2.06%
iter 1402: loss 0.6987, time 284.85ms, mfu 2.10%
iter 1403: loss 0.6747, time 345.70ms, mfu 2.09%
iter 1404: loss 0.7173, time 452.80ms, mfu 2.04%
iter 1405: loss 0.6080, time 315.57ms, mfu 2.06%
iter 1406: loss 0.6366, time 404.04ms, mfu 2.03%
iter 1407: loss 0.5718, time 244.71ms, mfu 2.12%
iter 1408: loss 0.6363, time 358.15ms, mfu 2.10%
iter 1409: loss 0.6561, time 428.70ms, mfu 2.06%
iter 1410: loss 0.6836, time 377.28ms, mfu 2.04%
iter 1411: loss 0.6512, time 325.81ms, mfu 2.05%
iter 1412: loss 0.6788, time 377.51ms, mfu 2.04%
iter 1413: loss 0.6131, time 223.49ms, mfu 2.15%
iter 1414: loss 0.6692, time 374.01ms, mfu 2.12%
iter 1415: loss 0.5561, time 304.64ms, mfu 2.14%
iter 1416: loss 0.6755, time 399.33ms, mfu 2.11%
iter 1417: loss 0.6482, time 423.53ms, mfu 2.06%
iter 1418: loss 0.6738, time 380.51ms, mfu 2.04%
iter 1419: loss 0.6294, time 409.56ms, mfu 2.01%
iter 1420: loss 0.6466, time 419.98ms, mfu 1.98%
iter 1421: loss 0.6691, time 390.94ms, mfu 1.96%
iter 1422: loss 0.6475, time 308.77ms, mfu 2.00%
iter 1423: loss 0.6633, time 268.93ms, mfu 2.06%
iter 1424: loss 0.6617, time 473.18ms, mfu 2.00%
iter 1425: loss 0.6806, time 271.29ms, mfu 2.06%
iter 1426: loss 0.6427, time 306.91ms, mfu 2.09%
iter 1427: loss 0.6743, time 495.68ms, mfu 2.02%
iter 1428: loss 0.6536, time 228.75ms, mfu 2.13%
iter 1429: loss 0.7185, time 481.17ms, mfu 2.07%
iter 1430: loss 0.6583, time 340.35ms, mfu 2.07%
iter 1431: loss 0.6382, time 432.76ms, mfu 2.02%
iter 1432: loss 0.7265, time 470.66ms, mfu 1.97%
iter 1433: loss 0.5740, time 320.32ms, mfu 2.00%
iter 1434: loss 0.7098, time 455.50ms, mfu 1.95%
iter 1435: loss 0.6527, time 356.75ms, mfu 1.96%
iter 1436: loss 0.5929, time 446.52ms, mfu 1.92%
iter 1437: loss 0.6802, time 368.94ms, mfu 1.92%
iter 1438: loss 0.6244, time 287.94ms, mfu 1.97%
iter 1439: loss 0.6780, time 404.54ms, mfu 1.95%
iter 1440: loss 0.6959, time 214.79ms, mfu 2.09%
iter 1441: loss 0.6606, time 450.40ms, mfu 2.03%
iter 1442: loss 0.6634, time 426.64ms, mfu 2.00%
iter 1443: loss 0.7310, time 350.41ms, mfu 2.00%
iter 1444: loss 0.6528, time 345.36ms, mfu 2.01%
iter 1445: loss 0.6058, time 386.77ms, mfu 1.99%
iter 1446: loss 0.6438, time 473.39ms, mfu 1.94%
iter 1447: loss 0.6798, time 417.29ms, mfu 1.91%
iter 1448: loss 0.6449, time 441.48ms, mfu 1.88%
iter 1449: loss 0.6483, time 423.43ms, mfu 1.86%
iter 1450: loss 0.7173, time 474.99ms, mfu 1.83%
iter 1451: loss 0.6339, time 328.58ms, mfu 1.86%
iter 1452: loss 0.6992, time 495.93ms, mfu 1.82%
iter 1453: loss 0.6895, time 344.63ms, mfu 1.84%
iter 1454: loss 0.6619, time 493.75ms, mfu 1.80%
iter 1455: loss 0.6693, time 300.83ms, mfu 1.86%
iter 1456: loss 0.6799, time 427.02ms, mfu 1.84%
iter 1457: loss 0.7740, time 476.27ms, mfu 1.80%
iter 1458: loss 0.6454, time 264.87ms, mfu 1.89%
iter 1459: loss 0.6591, time 487.92ms, mfu 1.84%
iter 1460: loss 0.6313, time 366.49ms, mfu 1.85%
iter 1461: loss 0.6823, time 390.15ms, mfu 1.85%
iter 1462: loss 0.6714, time 501.80ms, mfu 1.81%
iter 1463: loss 0.6384, time 427.35ms, mfu 1.79%
iter 1464: loss 0.6405, time 303.25ms, mfu 1.85%
iter 1465: loss 0.6499, time 375.04ms, mfu 1.85%
iter 1466: loss 0.6658, time 391.29ms, mfu 1.85%
iter 1467: loss 0.6375, time 412.81ms, mfu 1.83%
iter 1468: loss 0.5937, time 432.25ms, mfu 1.81%
iter 1469: loss 0.7218, time 400.58ms, mfu 1.81%
iter 1470: loss 0.6807, time 438.27ms, mfu 1.79%
iter 1471: loss 0.6598, time 301.51ms, mfu 1.85%
iter 1472: loss 0.6263, time 400.19ms, mfu 1.84%
iter 1473: loss 0.7323, time 384.46ms, mfu 1.84%
iter 1474: loss 0.6435, time 392.85ms, mfu 1.84%
iter 1475: loss 0.6650, time 414.33ms, mfu 1.82%
iter 1476: loss 0.6850, time 290.94ms, mfu 1.88%
iter 1477: loss 0.6331, time 381.70ms, mfu 1.88%
iter 1478: loss 0.6406, time 352.67ms, mfu 1.89%
iter 1479: loss 0.6573, time 328.77ms, mfu 1.92%
iter 1480: loss 0.7043, time 290.64ms, mfu 1.97%
iter 1481: loss 0.6595, time 324.39ms, mfu 1.99%
iter 1482: loss 0.6087, time 288.76ms, mfu 2.04%
iter 1483: loss 0.7056, time 393.53ms, mfu 2.02%
iter 1484: loss 0.5937, time 311.47ms, mfu 2.04%
iter 1485: loss 0.6623, time 276.72ms, mfu 2.09%
iter 1486: loss 0.5827, time 572.49ms, mfu 2.01%
iter 1487: loss 0.6700, time 356.35ms, mfu 2.01%
iter 1488: loss 0.6601, time 410.29ms, mfu 1.98%
iter 1489: loss 0.6667, time 317.03ms, mfu 2.00%
iter 1490: loss 0.6266, time 329.85ms, mfu 2.02%
iter 1491: loss 0.6171, time 295.74ms, mfu 2.06%
iter 1492: loss 0.6430, time 545.49ms, mfu 1.98%
iter 1493: loss 0.6459, time 245.00ms, mfu 2.07%
iter 1494: loss 0.7017, time 387.60ms, mfu 2.05%
iter 1495: loss 0.6433, time 292.95ms, mfu 2.08%
iter 1496: loss 0.6196, time 420.98ms, mfu 2.04%
iter 1497: loss 0.6626, time 314.27ms, mfu 2.07%
iter 1498: loss 0.6480, time 414.32ms, mfu 2.03%
iter 1499: loss 0.6603, time 294.66ms, mfu 2.07%
iter 1500: loss 0.6606, time 363.94ms, mfu 2.06%
  === DIAG iter 1500 ===
  loss: 0.6606
  grads: total 1.0000, transformer 0.8466, adapter 0.5322
  <NUM> input tokens: 568/3072 (18.5%)
  lr: base 3.00e-04, adapter 1.50e-04
  SME accuracy: overall 0.505, sign 0.963, exp 0.741, digit 0.257, end 0.932 [d0 0.346 d1 0.068 d2 0.122 d3 0.194 d4 0.366 d5 0.231 d6 0.278 d7 0.250 d8 0.259 d9 0.538 d10 0.818 d11 0.600 d12 0.500 d13 0.222 d14 0.143] (1011 SME tokens)
iter 1501: loss 0.6057, time 233.84ms, mfu 2.15%
iter 1502: loss 0.6321, time 419.23ms, mfu 2.11%
iter 1503: loss 0.7177, time 329.19ms, mfu 2.11%
iter 1504: loss 0.6510, time 482.46ms, mfu 2.05%
iter 1505: loss 0.6797, time 409.66ms, mfu 2.02%
iter 1506: loss 0.6508, time 392.68ms, mfu 1.99%
iter 1507: loss 0.6755, time 420.56ms, mfu 1.96%
iter 1508: loss 0.6758, time 404.71ms, mfu 1.94%
iter 1509: loss 0.6348, time 429.49ms, mfu 1.91%
iter 1510: loss 0.6130, time 324.06ms, mfu 1.94%
iter 1511: loss 0.6484, time 406.16ms, mfu 1.92%
iter 1512: loss 0.6574, time 429.22ms, mfu 1.89%
iter 1513: loss 0.6728, time 277.90ms, mfu 1.96%
iter 1514: loss 0.5648, time 451.07ms, mfu 1.92%
iter 1515: loss 0.7325, time 415.96ms, mfu 1.90%
iter 1516: loss 0.6260, time 472.18ms, mfu 1.86%
iter 1517: loss 0.5992, time 387.58ms, mfu 1.86%
iter 1518: loss 0.6328, time 334.88ms, mfu 1.88%
iter 1519: loss 0.6471, time 453.20ms, mfu 1.85%
iter 1520: loss 0.6571, time 327.81ms, mfu 1.88%
iter 1521: loss 0.6433, time 379.86ms, mfu 1.88%
iter 1522: loss 0.7576, time 403.26ms, mfu 1.87%
iter 1523: loss 0.6099, time 522.17ms, mfu 1.82%
iter 1524: loss 0.6756, time 301.76ms, mfu 1.87%
iter 1525: loss 0.6520, time 333.49ms, mfu 1.90%
iter 1526: loss 0.6700, time 328.21ms, mfu 1.92%
iter 1527: loss 0.6291, time 298.23ms, mfu 1.97%
iter 1528: loss 0.6943, time 390.70ms, mfu 1.95%
iter 1529: loss 0.6450, time 416.74ms, mfu 1.93%
iter 1530: loss 0.6453, time 314.32ms, mfu 1.96%
iter 1531: loss 0.6785, time 340.29ms, mfu 1.97%
iter 1532: loss 0.6031, time 447.58ms, mfu 1.93%
iter 1533: loss 0.6725, time 231.29ms, mfu 2.05%
iter 1534: loss 0.6514, time 305.58ms, mfu 2.07%
iter 1535: loss 0.6259, time 303.21ms, mfu 2.10%
iter 1536: loss 0.6999, time 388.28ms, mfu 2.07%
iter 1537: loss 0.7279, time 373.19ms, mfu 2.06%
iter 1538: loss 0.6170, time 397.13ms, mfu 2.03%
iter 1539: loss 0.5841, time 460.76ms, mfu 1.98%
iter 1540: loss 0.6534, time 356.74ms, mfu 1.98%
iter 1541: loss 0.7180, time 325.69ms, mfu 2.00%
iter 1542: loss 0.6039, time 456.83ms, mfu 1.95%
iter 1543: loss 0.6810, time 425.45ms, mfu 1.93%
iter 1544: loss 0.7017, time 493.89ms, mfu 1.88%
iter 1545: loss 0.6048, time 254.57ms, mfu 1.97%
iter 1546: loss 0.7136, time 283.31ms, mfu 2.02%
iter 1547: loss 0.7594, time 388.24ms, mfu 2.00%
iter 1548: loss 0.6165, time 382.85ms, mfu 1.99%
iter 1549: loss 0.6076, time 389.10ms, mfu 1.97%
iter 1550: loss 0.6417, time 418.73ms, mfu 1.94%
iter 1551: loss 0.5969, time 394.72ms, mfu 1.93%
iter 1552: loss 0.6756, time 286.94ms, mfu 1.98%
iter 1553: loss 0.6294, time 350.87ms, mfu 1.99%
iter 1554: loss 0.6233, time 318.43ms, mfu 2.01%
iter 1555: loss 0.7222, time 436.19ms, mfu 1.97%
iter 1556: loss 0.6328, time 440.22ms, mfu 1.93%
iter 1557: loss 0.5898, time 374.95ms, mfu 1.93%
iter 1558: loss 0.6601, time 502.46ms, mfu 1.88%
iter 1559: loss 0.6371, time 485.04ms, mfu 1.84%
iter 1560: loss 0.6838, time 327.12ms, mfu 1.87%
iter 1561: loss 0.7660, time 339.57ms, mfu 1.89%
iter 1562: loss 0.6213, time 350.65ms, mfu 1.90%
iter 1563: loss 0.6549, time 377.42ms, mfu 1.90%
iter 1564: loss 0.6172, time 395.96ms, mfu 1.89%
iter 1565: loss 0.6611, time 349.67ms, mfu 1.90%
iter 1566: loss 0.6660, time 216.97ms, mfu 2.04%
iter 1567: loss 0.6216, time 412.35ms, mfu 2.01%
iter 1568: loss 0.7072, time 245.29ms, mfu 2.10%
iter 1569: loss 0.6149, time 402.57ms, mfu 2.06%
iter 1570: loss 0.6271, time 409.95ms, mfu 2.03%
iter 1571: loss 0.6431, time 407.62ms, mfu 2.00%
iter 1572: loss 0.6557, time 502.01ms, mfu 1.94%
iter 1573: loss 0.6613, time 397.85ms, mfu 1.93%
iter 1574: loss 0.6632, time 364.22ms, mfu 1.93%
iter 1575: loss 0.6597, time 355.19ms, mfu 1.93%
iter 1576: loss 0.6615, time 332.31ms, mfu 1.95%
iter 1577: loss 0.5885, time 297.98ms, mfu 2.00%
iter 1578: loss 0.6206, time 374.97ms, mfu 1.99%
iter 1579: loss 0.6202, time 243.95ms, mfu 2.08%
iter 1580: loss 0.6379, time 411.39ms, mfu 2.04%
iter 1581: loss 0.6714, time 256.51ms, mfu 2.11%
iter 1582: loss 0.7137, time 363.01ms, mfu 2.10%
iter 1583: loss 0.6457, time 484.36ms, mfu 2.03%
iter 1584: loss 0.6623, time 307.06ms, mfu 2.06%
iter 1585: loss 0.6360, time 395.25ms, mfu 2.04%
iter 1586: loss 0.6281, time 356.38ms, mfu 2.03%
iter 1587: loss 0.6795, time 490.06ms, mfu 1.97%
iter 1588: loss 0.6326, time 338.60ms, mfu 1.98%
iter 1589: loss 0.6428, time 311.42ms, mfu 2.01%
iter 1590: loss 0.7151, time 279.30ms, mfu 2.07%
iter 1591: loss 0.6448, time 381.24ms, mfu 2.05%
iter 1592: loss 0.6108, time 308.29ms, mfu 2.07%
iter 1593: loss 0.5943, time 415.42ms, mfu 2.03%
iter 1594: loss 0.6641, time 377.15ms, mfu 2.02%
iter 1595: loss 0.6650, time 511.12ms, mfu 1.96%
iter 1596: loss 0.6363, time 468.11ms, mfu 1.91%
iter 1597: loss 0.6888, time 348.96ms, mfu 1.92%
iter 1598: loss 0.6420, time 250.34ms, mfu 2.01%
iter 1599: loss 0.6703, time 331.75ms, mfu 2.03%
iter 1600: loss 0.6534, time 632.27ms, mfu 1.94%
  === DIAG iter 1600 ===
  loss: 0.6534
  grads: total 1.0000, transformer 0.6751, adapter 0.7378
  <NUM> input tokens: 541/3072 (17.6%)
  lr: base 3.20e-04, adapter 1.60e-04
  SME accuracy: overall 0.523, sign 0.943, exp 0.675, digit 0.241, end 0.994 [d0 0.301 d1 0.042 d2 0.114 d3 0.245 d4 0.394 d5 0.394 d6 0.250 d7 0.226 d8 0.259 d9 0.364 d10 0.444 d11 0.556 d12 0.571 d13 0.800 d14 0.000] (1057 SME tokens)
iter 1601: loss 0.6670, time 244.67ms, mfu 2.03%
iter 1602: loss 0.6876, time 216.27ms, mfu 2.16%
iter 1603: loss 0.6627, time 311.45ms, mfu 2.17%
iter 1604: loss 0.6504, time 379.04ms, mfu 2.14%
iter 1605: loss 0.6601, time 372.73ms, mfu 2.11%
iter 1606: loss 0.6020, time 325.84ms, mfu 2.12%
iter 1607: loss 0.6446, time 362.61ms, mfu 2.10%
iter 1608: loss 0.5790, time 368.71ms, mfu 2.09%
iter 1609: loss 0.6892, time 328.63ms, mfu 2.09%
iter 1610: loss 0.6158, time 378.90ms, mfu 2.07%
iter 1611: loss 0.6566, time 586.17ms, mfu 1.98%
iter 1612: loss 0.6502, time 297.69ms, mfu 2.02%
iter 1613: loss 0.5836, time 271.32ms, mfu 2.08%
iter 1614: loss 0.5966, time 441.66ms, mfu 2.04%
iter 1615: loss 0.6196, time 620.46ms, mfu 1.95%
iter 1616: loss 0.6229, time 339.39ms, mfu 1.96%
iter 1617: loss 0.5696, time 395.27ms, mfu 1.94%
iter 1618: loss 0.6597, time 295.18ms, mfu 1.99%
iter 1619: loss 0.6268, time 397.70ms, mfu 1.97%
iter 1620: loss 0.6140, time 532.50ms, mfu 1.90%
iter 1621: loss 0.5285, time 308.33ms, mfu 1.94%
iter 1622: loss 0.6840, time 345.44ms, mfu 1.95%
iter 1623: loss 0.6391, time 413.50ms, mfu 1.93%
iter 1624: loss 0.7005, time 349.67ms, mfu 1.94%
iter 1625: loss 0.6055, time 290.47ms, mfu 1.99%
iter 1626: loss 0.6495, time 463.70ms, mfu 1.94%
iter 1627: loss 0.6474, time 328.70ms, mfu 1.97%
iter 1628: loss 0.7061, time 259.97ms, mfu 2.04%
iter 1629: loss 0.5713, time 376.14ms, mfu 2.03%
iter 1630: loss 0.6262, time 402.05ms, mfu 2.00%
iter 1631: loss 0.6705, time 406.25ms, mfu 1.97%
iter 1632: loss 0.5963, time 355.52ms, mfu 1.98%
iter 1633: loss 0.5904, time 349.99ms, mfu 1.98%
iter 1634: loss 0.6605, time 306.59ms, mfu 2.01%
iter 1635: loss 0.6259, time 332.81ms, mfu 2.03%
iter 1636: loss 0.6525, time 378.70ms, mfu 2.01%
iter 1637: loss 0.6004, time 436.95ms, mfu 1.97%
iter 1638: loss 0.6167, time 369.90ms, mfu 1.97%
iter 1639: loss 0.7076, time 427.33ms, mfu 1.93%
iter 1640: loss 0.6701, time 531.88ms, mfu 1.87%
iter 1641: loss 0.7151, time 334.81ms, mfu 1.90%
iter 1642: loss 0.6626, time 390.63ms, mfu 1.89%
iter 1643: loss 0.6064, time 466.23ms, mfu 1.85%
iter 1644: loss 0.6323, time 385.07ms, mfu 1.85%
iter 1645: loss 0.6158, time 261.73ms, mfu 1.94%
iter 1646: loss 0.5709, time 427.35ms, mfu 1.91%
iter 1647: loss 0.6915, time 350.73ms, mfu 1.92%
iter 1648: loss 0.6914, time 261.39ms, mfu 2.00%
iter 1649: loss 0.6002, time 348.92ms, mfu 2.00%
iter 1650: loss 0.7083, time 349.93ms, mfu 2.01%
iter 1651: loss 0.5983, time 304.37ms, mfu 2.04%
iter 1652: loss 0.6371, time 344.67ms, mfu 2.04%
iter 1653: loss 0.6832, time 221.11ms, mfu 2.16%
iter 1654: loss 0.6129, time 459.53ms, mfu 2.09%
iter 1655: loss 0.6440, time 265.90ms, mfu 2.15%
iter 1656: loss 0.6172, time 410.40ms, mfu 2.11%
iter 1657: loss 0.6477, time 415.14ms, mfu 2.07%
iter 1658: loss 0.6147, time 253.98ms, mfu 2.14%
iter 1659: loss 0.6415, time 310.76ms, mfu 2.16%
iter 1660: loss 0.6477, time 359.72ms, mfu 2.14%
iter 1661: loss 0.6087, time 339.36ms, mfu 2.13%
iter 1662: loss 0.6377, time 244.04ms, mfu 2.21%
iter 1663: loss 0.6054, time 328.97ms, mfu 2.20%
iter 1664: loss 0.6514, time 463.45ms, mfu 2.14%
iter 1665: loss 0.7212, time 489.02ms, mfu 2.07%
iter 1666: loss 0.5979, time 398.80ms, mfu 2.04%
iter 1667: loss 0.7047, time 453.60ms, mfu 1.99%
iter 1668: loss 0.6476, time 391.34ms, mfu 1.97%
iter 1669: loss 0.7634, time 322.89ms, mfu 2.00%
iter 1670: loss 0.6534, time 281.33ms, mfu 2.05%
iter 1671: loss 0.6234, time 410.73ms, mfu 2.02%
iter 1672: loss 0.6127, time 476.11ms, mfu 1.96%
iter 1673: loss 0.6675, time 388.71ms, mfu 1.95%
iter 1674: loss 0.6765, time 354.79ms, mfu 1.95%
iter 1675: loss 0.7220, time 317.46ms, mfu 1.98%
iter 1676: loss 0.6436, time 298.32ms, mfu 2.02%
iter 1677: loss 0.7630, time 515.62ms, mfu 1.96%
iter 1678: loss 0.6685, time 370.75ms, mfu 1.95%
iter 1679: loss 0.6265, time 270.07ms, mfu 2.02%
iter 1680: loss 0.6799, time 265.10ms, mfu 2.08%
iter 1681: loss 0.6282, time 242.63ms, mfu 2.17%
iter 1682: loss 0.6464, time 260.63ms, mfu 2.22%
iter 1683: loss 0.6173, time 297.45ms, mfu 2.24%
iter 1684: loss 0.6299, time 357.61ms, mfu 2.21%
iter 1685: loss 0.6702, time 263.63ms, mfu 2.26%
iter 1686: loss 0.5749, time 363.72ms, mfu 2.23%
iter 1687: loss 0.6010, time 325.81ms, mfu 2.22%
iter 1688: loss 0.6552, time 444.41ms, mfu 2.16%
iter 1689: loss 0.6342, time 385.51ms, mfu 2.13%
iter 1690: loss 0.5874, time 236.88ms, mfu 2.22%
iter 1691: loss 0.6617, time 485.45ms, mfu 2.14%
iter 1692: loss 0.6664, time 266.31ms, mfu 2.19%
iter 1693: loss 0.5708, time 300.72ms, mfu 2.21%
iter 1694: loss 0.5873, time 448.30ms, mfu 2.15%
iter 1695: loss 0.7141, time 438.85ms, mfu 2.09%
iter 1696: loss 0.6402, time 325.18ms, mfu 2.10%
iter 1697: loss 0.6309, time 237.58ms, mfu 2.19%
iter 1698: loss 0.6737, time 423.41ms, mfu 2.14%
iter 1699: loss 0.6268, time 295.94ms, mfu 2.16%
iter 1700: loss 0.6129, time 505.33ms, mfu 2.09%
  === DIAG iter 1700 ===
  loss: 0.6129
  grads: total 1.0000, transformer 0.6978, adapter 0.7163
  <NUM> input tokens: 502/3072 (16.3%)
  lr: base 3.40e-04, adapter 1.70e-04
  SME accuracy: overall 0.506, sign 0.954, exp 0.809, digit 0.205, end 0.938 [d0 0.299 d1 0.062 d2 0.100 d3 0.190 d4 0.118 d5 0.125 d6 0.286 d7 0.208 d8 0.217 d9 0.444 d10 0.625 d11 0.250 d12 0.250 d13 0.286 d14 0.000] (905 SME tokens)
iter 1701: loss 0.7103, time 209.52ms, mfu 2.22%
iter 1702: loss 0.6453, time 348.47ms, mfu 2.20%
iter 1703: loss 0.6992, time 458.13ms, mfu 2.13%
iter 1704: loss 0.5981, time 416.90ms, mfu 2.09%
iter 1705: loss 0.5901, time 302.01ms, mfu 2.12%
iter 1706: loss 0.6870, time 442.75ms, mfu 2.06%
iter 1707: loss 0.6598, time 393.24ms, mfu 2.04%
iter 1708: loss 0.6226, time 530.91ms, mfu 1.97%
iter 1709: loss 0.7148, time 317.24ms, mfu 1.99%
iter 1710: loss 0.6379, time 455.27ms, mfu 1.95%
iter 1711: loss 0.6967, time 337.03ms, mfu 1.97%
iter 1712: loss 0.6153, time 415.39ms, mfu 1.94%
iter 1713: loss 0.6146, time 364.23ms, mfu 1.94%
iter 1714: loss 0.6589, time 415.16ms, mfu 1.92%
iter 1715: loss 0.6404, time 271.38ms, mfu 1.99%
iter 1716: loss 0.6040, time 442.18ms, mfu 1.95%
iter 1717: loss 0.6382, time 482.69ms, mfu 1.90%
iter 1718: loss 0.6148, time 363.38ms, mfu 1.91%
iter 1719: loss 0.6317, time 329.80ms, mfu 1.93%
iter 1720: loss 0.6611, time 512.22ms, mfu 1.87%
iter 1721: loss 0.6562, time 476.51ms, mfu 1.84%
iter 1722: loss 0.6894, time 348.63ms, mfu 1.86%
iter 1723: loss 0.5735, time 374.48ms, mfu 1.86%
iter 1724: loss 0.7023, time 342.79ms, mfu 1.88%
iter 1725: loss 0.6534, time 419.71ms, mfu 1.86%
iter 1726: loss 0.6097, time 449.63ms, mfu 1.83%
iter 1727: loss 0.6730, time 331.34ms, mfu 1.86%
iter 1728: loss 0.6444, time 582.52ms, mfu 1.80%
iter 1729: loss 0.6682, time 414.90ms, mfu 1.79%
iter 1730: loss 0.5644, time 258.45ms, mfu 1.88%
iter 1731: loss 0.6614, time 375.82ms, mfu 1.88%
iter 1732: loss 0.5643, time 437.02ms, mfu 1.86%
iter 1733: loss 0.5690, time 285.96ms, mfu 1.92%
iter 1734: loss 0.6328, time 433.89ms, mfu 1.89%
iter 1735: loss 0.5875, time 390.03ms, mfu 1.88%
iter 1736: loss 0.6183, time 428.07ms, mfu 1.86%
iter 1737: loss 0.6448, time 302.05ms, mfu 1.91%
iter 1738: loss 0.6142, time 527.53ms, mfu 1.85%
iter 1739: loss 0.6642, time 477.40ms, mfu 1.82%
iter 1740: loss 0.6684, time 280.09ms, mfu 1.89%
iter 1741: loss 0.6839, time 408.39ms, mfu 1.87%
iter 1742: loss 0.6487, time 350.64ms, mfu 1.89%
iter 1743: loss 0.6059, time 232.75ms, mfu 2.00%
iter 1744: loss 0.5957, time 460.33ms, mfu 1.96%
iter 1745: loss 0.6511, time 380.27ms, mfu 1.95%
iter 1746: loss 0.6656, time 309.51ms, mfu 1.98%
iter 1747: loss 0.6288, time 352.26ms, mfu 1.98%
iter 1748: loss 0.6724, time 388.87ms, mfu 1.97%
iter 1749: loss 0.6275, time 402.93ms, mfu 1.95%
iter 1750: loss 0.7138, time 535.78ms, mfu 1.89%
iter 1751: loss 0.6146, time 357.89ms, mfu 1.89%
iter 1752: loss 0.6690, time 472.38ms, mfu 1.86%
iter 1753: loss 0.6887, time 396.35ms, mfu 1.85%
iter 1754: loss 0.6054, time 360.26ms, mfu 1.86%
iter 1755: loss 0.7001, time 464.16ms, mfu 1.83%
iter 1756: loss 0.6986, time 458.58ms, mfu 1.80%
iter 1757: loss 0.6566, time 597.51ms, mfu 1.74%
iter 1758: loss 0.6939, time 402.07ms, mfu 1.74%
iter 1759: loss 0.6867, time 338.51ms, mfu 1.78%
iter 1760: loss 0.6633, time 312.41ms, mfu 1.82%
iter 1761: loss 0.6702, time 440.83ms, mfu 1.80%
iter 1762: loss 0.6793, time 411.72ms, mfu 1.79%
iter 1763: loss 0.6050, time 329.32ms, mfu 1.83%
iter 1764: loss 0.6459, time 361.29ms, mfu 1.84%
iter 1765: loss 0.6577, time 319.04ms, mfu 1.88%
iter 1766: loss 0.6681, time 218.33ms, mfu 2.02%
iter 1767: loss 0.7220, time 278.25ms, mfu 2.07%
iter 1768: loss 0.6873, time 382.44ms, mfu 2.05%
iter 1769: loss 0.6656, time 422.17ms, mfu 2.01%
iter 1770: loss 0.6643, time 484.95ms, mfu 1.96%
iter 1771: loss 0.7177, time 308.14ms, mfu 1.99%
iter 1772: loss 0.6236, time 395.51ms, mfu 1.97%
iter 1773: loss 0.7099, time 280.11ms, mfu 2.03%
iter 1774: loss 0.6759, time 265.32ms, mfu 2.09%
iter 1775: loss 0.6046, time 292.21ms, mfu 2.12%
iter 1776: loss 0.6006, time 383.15ms, mfu 2.10%
iter 1777: loss 0.6013, time 322.32ms, mfu 2.11%
iter 1778: loss 0.6197, time 409.25ms, mfu 2.07%
iter 1779: loss 0.6072, time 450.59ms, mfu 2.02%
iter 1780: loss 0.6726, time 485.57ms, mfu 1.96%
iter 1781: loss 0.6965, time 480.71ms, mfu 1.92%
iter 1782: loss 0.5915, time 409.55ms, mfu 1.90%
iter 1783: loss 0.6882, time 319.29ms, mfu 1.93%
iter 1784: loss 0.6760, time 468.78ms, mfu 1.89%
iter 1785: loss 0.6755, time 386.50ms, mfu 1.88%
iter 1786: loss 0.6356, time 337.15ms, mfu 1.90%
iter 1787: loss 0.6291, time 330.68ms, mfu 1.93%
iter 1788: loss 0.5950, time 320.25ms, mfu 1.96%
iter 1789: loss 0.6281, time 387.76ms, mfu 1.94%
iter 1790: loss 0.5950, time 264.87ms, mfu 2.02%
iter 1791: loss 0.6509, time 460.32ms, mfu 1.97%
iter 1792: loss 0.6065, time 542.16ms, mfu 1.90%
iter 1793: loss 0.6297, time 387.95ms, mfu 1.90%
iter 1794: loss 0.5960, time 221.16ms, mfu 2.03%
iter 1795: loss 0.5948, time 427.97ms, mfu 1.99%
iter 1796: loss 0.6432, time 349.62ms, mfu 1.99%
iter 1797: loss 0.5941, time 635.93ms, mfu 1.91%
iter 1798: loss 0.5748, time 436.03ms, mfu 1.88%
iter 1799: loss 0.5960, time 273.82ms, mfu 1.95%
iter 1800: loss 0.6647, time 712.00ms, mfu 1.85%
  === DIAG iter 1800 ===
  loss: 0.6647
  grads: total 0.9616, transformer 0.6209, adapter 0.7342
  <NUM> input tokens: 527/3072 (17.2%)
  lr: base 3.60e-04, adapter 1.80e-04
  SME accuracy: overall 0.526, sign 0.936, exp 0.745, digit 0.283, end 0.993 [d0 0.350 d1 0.090 d2 0.093 d3 0.211 d4 0.366 d5 0.375 d6 0.410 d7 0.417 d8 0.355 d9 0.444 d10 0.600 d11 0.462 d12 0.273 d13 0.125 d14 0.000] (1068 SME tokens)
iter 1801: loss 0.7028, time 224.38ms, mfu 1.98%
iter 1802: loss 0.6510, time 264.62ms, mfu 2.05%
iter 1803: loss 0.6826, time 259.18ms, mfu 2.12%
iter 1804: loss 0.6100, time 405.09ms, mfu 2.08%
iter 1805: loss 0.6678, time 404.01ms, mfu 2.05%
iter 1806: loss 0.6247, time 506.21ms, mfu 1.99%
iter 1807: loss 0.6103, time 341.45ms, mfu 1.99%
iter 1808: loss 0.6758, time 297.09ms, mfu 2.03%
iter 1809: loss 0.6245, time 291.44ms, mfu 2.07%
iter 1810: loss 0.6212, time 504.85ms, mfu 2.01%
iter 1811: loss 0.7007, time 381.78ms, mfu 1.99%
iter 1812: loss 0.6872, time 308.95ms, mfu 2.02%
iter 1813: loss 0.7239, time 457.46ms, mfu 1.97%
iter 1814: loss 0.6218, time 345.37ms, mfu 1.98%
iter 1815: loss 0.6336, time 282.24ms, mfu 2.04%
iter 1816: loss 0.6634, time 336.72ms, mfu 2.04%
iter 1817: loss 0.6884, time 338.67ms, mfu 2.05%
iter 1818: loss 0.6018, time 391.12ms, mfu 2.02%
iter 1819: loss 0.6158, time 286.39ms, mfu 2.07%
iter 1820: loss 0.5770, time 340.14ms, mfu 2.07%
iter 1821: loss 0.6698, time 243.40ms, mfu 2.15%
iter 1822: loss 0.5972, time 534.77ms, mfu 2.07%
iter 1823: loss 0.6239, time 261.12ms, mfu 2.14%
iter 1824: loss 0.6294, time 462.06ms, mfu 2.08%
iter 1825: loss 0.6701, time 417.56ms, mfu 2.04%
iter 1826: loss 0.6213, time 394.09ms, mfu 2.01%
iter 1827: loss 0.6280, time 324.44ms, mfu 2.03%
iter 1828: loss 0.6433, time 443.39ms, mfu 1.99%
iter 1829: loss 0.5922, time 300.31ms, mfu 2.02%
iter 1830: loss 0.6519, time 430.95ms, mfu 1.99%
iter 1831: loss 0.6407, time 363.56ms, mfu 1.98%
iter 1832: loss 0.6695, time 369.68ms, mfu 1.98%
iter 1833: loss 0.6120, time 367.03ms, mfu 1.97%
iter 1834: loss 0.5898, time 258.74ms, mfu 2.05%
iter 1835: loss 0.6621, time 228.84ms, mfu 2.15%
iter 1836: loss 0.6379, time 406.42ms, mfu 2.11%
iter 1837: loss 0.6212, time 356.87ms, mfu 2.10%
iter 1838: loss 0.6655, time 320.42ms, mfu 2.11%
iter 1839: loss 0.6160, time 398.31ms, mfu 2.08%
iter 1840: loss 0.6082, time 449.09ms, mfu 2.03%
iter 1841: loss 0.6490, time 405.10ms, mfu 2.00%
iter 1842: loss 0.5587, time 328.29ms, mfu 2.02%
iter 1843: loss 0.6827, time 386.23ms, mfu 2.00%
iter 1844: loss 0.6143, time 339.42ms, mfu 2.01%
iter 1845: loss 0.5577, time 498.60ms, mfu 1.95%
iter 1846: loss 0.6124, time 475.45ms, mfu 1.90%
iter 1847: loss 0.6860, time 376.72ms, mfu 1.90%
iter 1848: loss 0.7125, time 340.72ms, mfu 1.92%
iter 1849: loss 0.6512, time 436.95ms, mfu 1.89%
iter 1850: loss 0.6215, time 288.57ms, mfu 1.95%
iter 1851: loss 0.6881, time 579.07ms, mfu 1.87%
iter 1852: loss 0.6057, time 301.78ms, mfu 1.92%
iter 1853: loss 0.6501, time 380.05ms, mfu 1.92%
iter 1854: loss 0.7140, time 359.38ms, mfu 1.92%
iter 1855: loss 0.6696, time 293.47ms, mfu 1.97%
iter 1856: loss 0.6078, time 379.60ms, mfu 1.96%
iter 1857: loss 0.7061, time 408.21ms, mfu 1.94%
iter 1858: loss 0.7194, time 327.44ms, mfu 1.96%
iter 1859: loss 0.6689, time 290.22ms, mfu 2.01%
iter 1860: loss 0.7283, time 264.38ms, mfu 2.08%
iter 1861: loss 0.7103, time 358.11ms, mfu 2.07%
iter 1862: loss 0.6353, time 500.42ms, mfu 2.00%
iter 1863: loss 0.6533, time 345.38ms, mfu 2.01%
iter 1864: loss 0.7044, time 398.14ms, mfu 1.98%
iter 1865: loss 0.6866, time 269.45ms, mfu 2.05%
iter 1866: loss 0.6062, time 489.37ms, mfu 1.99%
iter 1867: loss 0.6017, time 316.12ms, mfu 2.01%
iter 1868: loss 0.6411, time 460.59ms, mfu 1.97%
iter 1869: loss 0.6210, time 302.35ms, mfu 2.00%
iter 1870: loss 0.6039, time 328.26ms, mfu 2.02%
iter 1871: loss 0.6252, time 469.00ms, mfu 1.97%
iter 1872: loss 0.6242, time 402.01ms, mfu 1.95%
iter 1873: loss 0.6528, time 457.82ms, mfu 1.91%
iter 1874: loss 0.6291, time 242.27ms, mfu 2.01%
iter 1875: loss 0.6392, time 385.23ms, mfu 1.99%
iter 1876: loss 0.6604, time 401.24ms, mfu 1.97%
iter 1877: loss 0.6377, time 169.55ms, mfu 2.19%
iter 1878: loss 0.6442, time 323.07ms, mfu 2.19%
iter 1879: loss 0.6309, time 614.13ms, mfu 2.09%
iter 1880: loss 0.6045, time 471.57ms, mfu 2.03%
iter 1881: loss 0.6251, time 396.10ms, mfu 2.01%
iter 1882: loss 0.6293, time 547.55ms, mfu 1.93%
iter 1883: loss 0.6642, time 308.71ms, mfu 1.97%
iter 1884: loss 0.6975, time 278.30ms, mfu 2.03%
iter 1885: loss 0.6088, time 442.30ms, mfu 1.99%
iter 1886: loss 0.6231, time 392.97ms, mfu 1.97%
iter 1887: loss 0.5922, time 405.20ms, mfu 1.95%
iter 1888: loss 0.6205, time 383.39ms, mfu 1.94%
iter 1889: loss 0.5766, time 209.66ms, mfu 2.08%
iter 1890: loss 0.6506, time 428.86ms, mfu 2.04%
iter 1891: loss 0.6079, time 362.96ms, mfu 2.03%
iter 1892: loss 0.5882, time 365.10ms, mfu 2.02%
iter 1893: loss 0.6810, time 312.73ms, mfu 2.04%
iter 1894: loss 0.6629, time 292.30ms, mfu 2.08%
iter 1895: loss 0.5672, time 445.43ms, mfu 2.03%
iter 1896: loss 0.6624, time 333.12ms, mfu 2.04%
iter 1897: loss 0.6374, time 380.86ms, mfu 2.02%
iter 1898: loss 0.7007, time 377.87ms, mfu 2.01%
iter 1899: loss 0.6654, time 567.58ms, mfu 1.93%
iter 1900: loss 0.6423, time 717.79ms, mfu 1.84%
  === DIAG iter 1900 ===
  loss: 0.6423
  grads: total 1.0000, transformer 0.2860, adapter 0.9582
  <NUM> input tokens: 547/3072 (17.8%)
  lr: base 3.80e-04, adapter 1.90e-04
  SME accuracy: overall 0.508, sign 0.949, exp 0.741, digit 0.218, end 1.000 [d0 0.269 d1 0.068 d2 0.162 d3 0.193 d4 0.306 d5 0.324 d6 0.273 d7 0.290 d8 0.280 d9 0.417 d10 0.375 d11 0.000 d12 0.000 d13 0.000 d14 0.000] (960 SME tokens)
iter 1901: loss 0.6753, time 173.77ms, mfu 2.06%
iter 1902: loss 0.6043, time 347.30ms, mfu 2.06%
iter 1903: loss 0.5805, time 417.68ms, mfu 2.02%
iter 1904: loss 0.5799, time 347.75ms, mfu 2.03%
iter 1905: loss 0.5756, time 377.20ms, mfu 2.01%
iter 1906: loss 0.6309, time 439.86ms, mfu 1.97%
iter 1907: loss 0.5905, time 495.59ms, mfu 1.92%
iter 1908: loss 0.6617, time 237.72ms, mfu 2.02%
iter 1909: loss 0.6365, time 389.69ms, mfu 2.00%
iter 1910: loss 0.6256, time 388.97ms, mfu 1.98%
iter 1911: loss 0.6844, time 309.05ms, mfu 2.02%
iter 1912: loss 0.5827, time 246.26ms, mfu 2.10%
iter 1913: loss 0.6537, time 327.37ms, mfu 2.11%
iter 1914: loss 0.6521, time 437.67ms, mfu 2.06%
iter 1915: loss 0.6996, time 190.43ms, mfu 2.23%
iter 1916: loss 0.6056, time 536.52ms, mfu 2.14%
iter 1917: loss 0.6230, time 337.82ms, mfu 2.13%
iter 1918: loss 0.6098, time 364.38ms, mfu 2.11%
iter 1919: loss 0.6016, time 322.31ms, mfu 2.12%
iter 1920: loss 0.5889, time 354.06ms, mfu 2.11%
iter 1921: loss 0.6043, time 317.73ms, mfu 2.12%
iter 1922: loss 0.6633, time 307.99ms, mfu 2.14%
iter 1923: loss 0.6454, time 300.33ms, mfu 2.16%
iter 1924: loss 0.5626, time 440.06ms, mfu 2.11%
iter 1925: loss 0.6696, time 394.73ms, mfu 2.08%
iter 1926: loss 0.7208, time 306.79ms, mfu 2.10%
iter 1927: loss 0.7418, time 264.20ms, mfu 2.16%
iter 1928: loss 0.6391, time 394.26ms, mfu 2.12%
iter 1929: loss 0.6850, time 449.83ms, mfu 2.07%
iter 1930: loss 0.6344, time 335.97ms, mfu 2.07%
iter 1931: loss 0.6725, time 264.25ms, mfu 2.13%
iter 1932: loss 0.6990, time 407.35ms, mfu 2.09%
iter 1933: loss 0.6771, time 369.29ms, mfu 2.08%
iter 1934: loss 0.7054, time 353.31ms, mfu 2.07%
iter 1935: loss 0.6785, time 267.29ms, mfu 2.13%
iter 1936: loss 0.6747, time 467.83ms, mfu 2.07%
iter 1937: loss 0.6408, time 314.76ms, mfu 2.08%
iter 1938: loss 0.6353, time 505.03ms, mfu 2.02%
iter 1939: loss 0.6382, time 340.01ms, mfu 2.02%
iter 1940: loss 0.5648, time 319.79ms, mfu 2.04%
iter 1941: loss 0.6716, time 602.32ms, mfu 1.96%
iter 1942: loss 0.5661, time 443.32ms, mfu 1.92%
iter 1943: loss 0.6312, time 272.75ms, mfu 1.99%
iter 1944: loss 0.6578, time 293.53ms, mfu 2.03%
iter 1945: loss 0.6067, time 408.74ms, mfu 2.00%
iter 1946: loss 0.6581, time 353.66ms, mfu 2.00%
iter 1947: loss 0.6828, time 491.05ms, mfu 1.95%
iter 1948: loss 0.5690, time 370.73ms, mfu 1.94%
iter 1949: loss 0.6609, time 312.84ms, mfu 1.97%
iter 1950: loss 0.6024, time 463.33ms, mfu 1.93%
iter 1951: loss 0.5873, time 317.17ms, mfu 1.96%
iter 1952: loss 0.6422, time 339.69ms, mfu 1.97%
iter 1953: loss 0.6603, time 289.48ms, mfu 2.02%
iter 1954: loss 0.5873, time 310.50ms, mfu 2.05%
iter 1955: loss 0.6108, time 399.89ms, mfu 2.02%
iter 1956: loss 0.6748, time 289.11ms, mfu 2.06%
iter 1957: loss 0.6105, time 438.69ms, mfu 2.02%
iter 1958: loss 0.6326, time 453.59ms, mfu 1.97%
iter 1959: loss 0.6378, time 452.05ms, mfu 1.93%
iter 1960: loss 0.6172, time 421.26ms, mfu 1.91%
iter 1961: loss 0.6176, time 429.84ms, mfu 1.88%
iter 1962: loss 0.6415, time 409.12ms, mfu 1.87%
iter 1963: loss 0.6349, time 200.24ms, mfu 2.03%
iter 1964: loss 0.6075, time 367.03ms, mfu 2.02%
iter 1965: loss 0.6550, time 344.96ms, mfu 2.03%
iter 1966: loss 0.6578, time 475.55ms, mfu 1.97%
iter 1967: loss 0.6184, time 454.56ms, mfu 1.93%
iter 1968: loss 0.5940, time 415.48ms, mfu 1.91%
iter 1969: loss 0.6314, time 348.13ms, mfu 1.92%
iter 1970: loss 0.5820, time 367.41ms, mfu 1.92%
iter 1971: loss 0.6231, time 398.23ms, mfu 1.91%
iter 1972: loss 0.6070, time 390.96ms, mfu 1.90%
iter 1973: loss 0.6184, time 332.25ms, mfu 1.92%
iter 1974: loss 0.5832, time 286.43ms, mfu 1.98%
iter 1975: loss 0.6463, time 464.93ms, mfu 1.93%
iter 1976: loss 0.6512, time 383.63ms, mfu 1.92%
iter 1977: loss 0.6659, time 457.50ms, mfu 1.89%
iter 1978: loss 0.6229, time 492.51ms, mfu 1.84%
iter 1979: loss 0.5894, time 276.42ms, mfu 1.91%
iter 1980: loss 0.6091, time 302.18ms, mfu 1.96%
iter 1981: loss 0.6147, time 520.18ms, mfu 1.90%
iter 1982: loss 0.6118, time 362.88ms, mfu 1.90%
iter 1983: loss 0.5997, time 404.04ms, mfu 1.89%
iter 1984: loss 0.6274, time 226.80ms, mfu 2.01%
iter 1985: loss 0.6873, time 239.76ms, mfu 2.11%
iter 1986: loss 0.6425, time 443.54ms, mfu 2.06%
iter 1987: loss 0.6539, time 234.48ms, mfu 2.15%
iter 1988: loss 0.6281, time 322.24ms, mfu 2.16%
iter 1989: loss 0.6151, time 336.97ms, mfu 2.15%
iter 1990: loss 0.6127, time 373.21ms, mfu 2.13%
iter 1991: loss 0.6814, time 338.80ms, mfu 2.12%
iter 1992: loss 0.6599, time 386.41ms, mfu 2.09%
iter 1993: loss 0.6558, time 442.84ms, mfu 2.04%
iter 1994: loss 0.5686, time 509.11ms, mfu 1.98%
iter 1995: loss 0.5375, time 364.93ms, mfu 1.98%
iter 1996: loss 0.5733, time 307.17ms, mfu 2.01%
iter 1997: loss 0.6573, time 317.48ms, mfu 2.03%
iter 1998: loss 0.6547, time 349.10ms, mfu 2.03%
iter 1999: loss 0.6963, time 386.67ms, mfu 2.01%
iter 2000: loss 0.6954, time 448.13ms, mfu 1.97%
  === DIAG iter 2000 ===
  loss: 0.6954
  grads: total 1.0000, transformer 0.4900, adapter 0.8717
  <NUM> input tokens: 529/3072 (17.2%)
  lr: base 4.00e-04, adapter 2.00e-04
  SME accuracy: overall 0.458, sign 0.894, exp 0.740, digit 0.257, end 0.789 [d0 0.355 d1 0.105 d2 0.082 d3 0.200 d4 0.306 d5 0.286 d6 0.283 d7 0.318 d8 0.333 d9 0.421 d10 0.400 d11 0.333 d12 0.444 d13 0.667 d14 0.000] (1011 SME tokens)
  --- Sample eval (val) ---
  MIN: <-5.732e+08> <-0.7108> <4e+08> <-400> →
    target: -5.732e+08
    pred:   -6e+08
    error:  26800000.00

  SUM: <1.23e+08> <0.8> <9.013e-07> <-3.9e+07> →
    target: 8.4e+07
    pred:   -4e+07
    error:  124000000.80

  ADD: <0> + <6e+08> →
    target: 6e+08
    pred:   4e+08
    error:  200000000.00

  COUNT: <1e+09> <54000> <800> <-0.7376> <0> <-2.8e-09> <934500> <-16700> →
    target: 8
    pred:   8
    error:  0.00

  ADD: <5.64761e+08> + <0> →
    target: 5.648e+08
    pred:   9e+08
    error:  335238597.00

iter 2001: loss 0.6425, time 259.29ms, mfu 2.04%
iter 2002: loss 0.6155, time 382.77ms, mfu 2.03%
iter 2003: loss 0.6454, time 430.40ms, mfu 1.99%
iter 2004: loss 0.6214, time 418.13ms, mfu 1.96%
iter 2005: loss 0.6216, time 287.22ms, mfu 2.01%
iter 2006: loss 0.7035, time 381.96ms, mfu 1.99%
iter 2007: loss 0.6287, time 308.25ms, mfu 2.02%
iter 2008: loss 0.6574, time 355.48ms, mfu 2.02%
iter 2009: loss 0.6585, time 642.74ms, mfu 1.93%
iter 2010: loss 0.7415, time 332.77ms, mfu 1.95%
iter 2011: loss 0.6121, time 407.27ms, mfu 1.93%
iter 2012: loss 0.6313, time 376.86ms, mfu 1.92%
iter 2013: loss 0.7148, time 333.64ms, mfu 1.94%
iter 2014: loss 0.6827, time 430.69ms, mfu 1.91%
iter 2015: loss 0.6465, time 425.98ms, mfu 1.89%
iter 2016: loss 0.6182, time 449.35ms, mfu 1.86%
iter 2017: loss 0.6299, time 324.00ms, mfu 1.89%
iter 2018: loss 0.6640, time 490.19ms, mfu 1.85%
iter 2019: loss 0.5666, time 374.56ms, mfu 1.85%
iter 2020: loss 0.6825, time 434.06ms, mfu 1.83%
iter 2021: loss 0.6526, time 336.66ms, mfu 1.86%
iter 2022: loss 0.6580, time 442.51ms, mfu 1.83%
iter 2023: loss 0.6533, time 478.67ms, mfu 1.80%
iter 2024: loss 0.5822, time 300.29ms, mfu 1.85%
iter 2025: loss 0.5775, time 224.42ms, mfu 1.98%
iter 2026: loss 0.6158, time 425.85ms, mfu 1.95%
iter 2027: loss 0.5995, time 312.29ms, mfu 1.98%
iter 2028: loss 0.6456, time 452.07ms, mfu 1.94%
iter 2029: loss 0.6215, time 358.06ms, mfu 1.95%
iter 2030: loss 0.5936, time 430.54ms, mfu 1.92%
iter 2031: loss 0.6042, time 313.77ms, mfu 1.95%
iter 2032: loss 0.5955, time 433.68ms, mfu 1.92%
iter 2033: loss 0.6314, time 412.09ms, mfu 1.90%
iter 2034: loss 0.6310, time 358.11ms, mfu 1.91%
iter 2035: loss 0.6415, time 386.58ms, mfu 1.90%
iter 2036: loss 0.6799, time 511.99ms, mfu 1.85%
iter 2037: loss 0.6457, time 279.83ms, mfu 1.92%
iter 2038: loss 0.6639, time 451.71ms, mfu 1.88%
iter 2039: loss 0.6048, time 360.70ms, mfu 1.89%
iter 2040: loss 0.6175, time 359.34ms, mfu 1.90%
iter 2041: loss 0.6134, time 335.12ms, mfu 1.92%
iter 2042: loss 0.6491, time 339.46ms, mfu 1.94%
iter 2043: loss 0.5682, time 364.62ms, mfu 1.94%
iter 2044: loss 0.5724, time 277.24ms, mfu 2.00%
iter 2045: loss 0.5628, time 441.18ms, mfu 1.96%
iter 2046: loss 0.6174, time 347.38ms, mfu 1.97%
iter 2047: loss 0.6227, time 470.36ms, mfu 1.92%
iter 2048: loss 0.6303, time 345.19ms, mfu 1.93%
iter 2049: loss 0.6027, time 367.95ms, mfu 1.93%
iter 2050: loss 0.6370, time 384.55ms, mfu 1.92%
iter 2051: loss 0.5582, time 396.87ms, mfu 1.91%
iter 2052: loss 0.6933, time 449.39ms, mfu 1.88%
iter 2053: loss 0.6547, time 332.77ms, mfu 1.90%
iter 2054: loss 0.6399, time 262.38ms, mfu 1.98%
iter 2055: loss 0.6175, time 251.13ms, mfu 2.07%
iter 2056: loss 0.6174, time 424.79ms, mfu 2.03%
iter 2057: loss 0.6640, time 271.57ms, mfu 2.09%
iter 2058: loss 0.6882, time 387.94ms, mfu 2.06%
iter 2059: loss 0.6596, time 380.02ms, mfu 2.04%
iter 2060: loss 0.6273, time 350.03ms, mfu 2.04%
iter 2061: loss 0.6584, time 449.99ms, mfu 1.99%
iter 2062: loss 0.6155, time 302.90ms, mfu 2.03%
iter 2063: loss 0.6050, time 403.31ms, mfu 2.00%
iter 2064: loss 0.6496, time 423.32ms, mfu 1.97%
iter 2065: loss 0.5889, time 302.32ms, mfu 2.00%
iter 2066: loss 0.6265, time 352.80ms, mfu 2.01%
iter 2067: loss 0.6355, time 484.09ms, mfu 1.95%
iter 2068: loss 0.6183, time 416.81ms, mfu 1.93%
iter 2069: loss 0.6655, time 306.87ms, mfu 1.96%
iter 2070: loss 0.7001, time 277.29ms, mfu 2.02%
iter 2071: loss 0.5910, time 414.58ms, mfu 1.99%
iter 2072: loss 0.6098, time 388.55ms, mfu 1.98%
iter 2073: loss 0.6514, time 409.85ms, mfu 1.95%
iter 2074: loss 0.7185, time 385.70ms, mfu 1.94%
iter 2075: loss 0.6208, time 333.81ms, mfu 1.96%
iter 2076: loss 0.6237, time 570.17ms, mfu 1.89%
iter 2077: loss 0.6198, time 422.69ms, mfu 1.87%
iter 2078: loss 0.6200, time 394.63ms, mfu 1.86%
iter 2079: loss 0.6649, time 393.87ms, mfu 1.85%
iter 2080: loss 0.5792, time 432.07ms, mfu 1.83%
iter 2081: loss 0.6142, time 378.88ms, mfu 1.84%
iter 2082: loss 0.6285, time 383.23ms, mfu 1.84%
iter 2083: loss 0.6803, time 452.70ms, mfu 1.81%
iter 2084: loss 0.6260, time 399.93ms, mfu 1.81%
iter 2085: loss 0.6920, time 403.67ms, mfu 1.80%
iter 2086: loss 0.6686, time 333.20ms, mfu 1.83%
iter 2087: loss 0.6644, time 370.24ms, mfu 1.84%
iter 2088: loss 0.6596, time 316.31ms, mfu 1.88%
iter 2089: loss 0.6135, time 278.78ms, mfu 1.95%
iter 2090: loss 0.6688, time 292.23ms, mfu 2.00%
iter 2091: loss 0.6426, time 330.06ms, mfu 2.01%
iter 2092: loss 0.5784, time 359.26ms, mfu 2.01%
iter 2093: loss 0.6977, time 532.83ms, mfu 1.94%
iter 2094: loss 0.6515, time 236.77ms, mfu 2.04%
iter 2095: loss 0.5973, time 455.94ms, mfu 2.00%
iter 2096: loss 0.6461, time 218.98ms, mfu 2.12%
iter 2097: loss 0.6623, time 407.69ms, mfu 2.08%
iter 2098: loss 0.6332, time 334.10ms, mfu 2.09%
iter 2099: loss 0.5828, time 347.68ms, mfu 2.08%
iter 2100: loss 0.6057, time 672.13ms, mfu 1.98%
  === DIAG iter 2100 ===
  loss: 0.6057
  grads: total 1.0000, transformer 0.2701, adapter 0.9628
  <NUM> input tokens: 581/3072 (18.9%)
  lr: base 4.00e-04, adapter 2.00e-04
  SME accuracy: overall 0.488, sign 0.955, exp 0.796, digit 0.197, end 0.991 [d0 0.396 d1 0.028 d2 0.076 d3 0.149 d4 0.147 d5 0.094 d6 0.133 d7 0.286 d8 0.231 d9 0.455 d10 0.667 d11 0.333 d12 0.000 d13 0.000 d14 0.500] (844 SME tokens)
iter 2101: loss 0.6559, time 246.65ms, mfu 2.07%
iter 2102: loss 0.6381, time 370.80ms, mfu 2.05%
iter 2103: loss 0.5979, time 398.91ms, mfu 2.02%
iter 2104: loss 0.6286, time 324.81ms, mfu 2.04%
iter 2105: loss 0.6260, time 385.74ms, mfu 2.02%
iter 2106: loss 0.6205, time 375.99ms, mfu 2.01%
iter 2107: loss 0.6478, time 367.22ms, mfu 2.00%
iter 2108: loss 0.6058, time 322.78ms, mfu 2.02%
iter 2109: loss 0.6034, time 614.98ms, mfu 1.93%
iter 2110: loss 0.6557, time 346.28ms, mfu 1.94%
iter 2111: loss 0.7063, time 429.30ms, mfu 1.91%
iter 2112: loss 0.5763, time 310.17ms, mfu 1.95%
iter 2113: loss 0.6407, time 372.43ms, mfu 1.95%
iter 2114: loss 0.6064, time 439.37ms, mfu 1.91%
iter 2115: loss 0.6011, time 267.82ms, mfu 1.99%
iter 2116: loss 0.6615, time 381.47ms, mfu 1.97%
iter 2117: loss 0.6146, time 351.02ms, mfu 1.98%
iter 2118: loss 0.6456, time 338.73ms, mfu 1.99%
iter 2119: loss 0.6777, time 314.47ms, mfu 2.02%
iter 2120: loss 0.5741, time 398.92ms, mfu 1.99%
iter 2121: loss 0.5578, time 242.35ms, mfu 2.09%
iter 2122: loss 0.5916, time 375.32ms, mfu 2.07%
iter 2123: loss 0.6583, time 457.20ms, mfu 2.01%
iter 2124: loss 0.5545, time 496.45ms, mfu 1.96%
iter 2125: loss 0.6478, time 564.85ms, mfu 1.89%
iter 2126: loss 0.5730, time 341.24ms, mfu 1.90%
iter 2127: loss 0.6559, time 372.52ms, mfu 1.90%
iter 2128: loss 0.6115, time 353.85ms, mfu 1.91%
iter 2129: loss 0.5943, time 368.04ms, mfu 1.92%
iter 2130: loss 0.5888, time 301.67ms, mfu 1.96%
iter 2131: loss 0.5861, time 405.20ms, mfu 1.94%
iter 2132: loss 0.6546, time 461.80ms, mfu 1.90%
iter 2133: loss 0.6355, time 306.14ms, mfu 1.94%
iter 2134: loss 0.5844, time 448.85ms, mfu 1.90%
iter 2135: loss 0.6126, time 402.66ms, mfu 1.89%
iter 2136: loss 0.5577, time 243.94ms, mfu 1.99%
iter 2137: loss 0.6262, time 517.76ms, mfu 1.93%
iter 2138: loss 0.6689, time 446.42ms, mfu 1.89%
iter 2139: loss 0.5907, time 340.29ms, mfu 1.91%
iter 2140: loss 0.6203, time 453.94ms, mfu 1.88%
iter 2141: loss 0.6096, time 281.28ms, mfu 1.94%
iter 2142: loss 0.5609, time 256.30ms, mfu 2.02%
iter 2143: loss 0.6210, time 498.23ms, mfu 1.96%
iter 2144: loss 0.6417, time 340.03ms, mfu 1.98%
iter 2145: loss 0.6402, time 405.86ms, mfu 1.95%
iter 2146: loss 0.5278, time 375.14ms, mfu 1.95%
iter 2147: loss 0.5831, time 470.65ms, mfu 1.90%
iter 2148: loss 0.6584, time 466.32ms, mfu 1.86%
iter 2149: loss 0.6619, time 286.05ms, mfu 1.93%
iter 2150: loss 0.6679, time 357.75ms, mfu 1.93%
iter 2151: loss 0.6282, time 500.52ms, mfu 1.88%
iter 2152: loss 0.6583, time 363.40ms, mfu 1.89%
iter 2153: loss 0.6720, time 372.19ms, mfu 1.89%
iter 2154: loss 0.6323, time 449.15ms, mfu 1.86%
iter 2155: loss 0.5864, time 344.76ms, mfu 1.88%
iter 2156: loss 0.7134, time 399.72ms, mfu 1.87%
iter 2157: loss 0.6958, time 369.30ms, mfu 1.87%
iter 2158: loss 0.6235, time 453.39ms, mfu 1.84%
iter 2159: loss 0.6090, time 341.42ms, mfu 1.86%
iter 2160: loss 0.6449, time 244.43ms, mfu 1.97%
iter 2161: loss 0.5598, time 282.10ms, mfu 2.02%
iter 2162: loss 0.6278, time 267.99ms, mfu 2.08%
iter 2163: loss 0.6612, time 415.13ms, mfu 2.05%
iter 2164: loss 0.6662, time 367.92ms, mfu 2.03%
iter 2165: loss 0.5727, time 458.24ms, mfu 1.99%
iter 2166: loss 0.5801, time 479.24ms, mfu 1.94%
iter 2167: loss 0.6627, time 309.68ms, mfu 1.97%
iter 2168: loss 0.6020, time 413.32ms, mfu 1.95%
iter 2169: loss 0.5847, time 257.75ms, mfu 2.03%
iter 2170: loss 0.6413, time 360.18ms, mfu 2.02%
iter 2171: loss 0.5832, time 510.24ms, mfu 1.96%
iter 2172: loss 0.6163, time 330.13ms, mfu 1.98%
iter 2173: loss 0.6404, time 330.22ms, mfu 1.99%
iter 2174: loss 0.6063, time 338.62ms, mfu 2.00%
iter 2175: loss 0.6469, time 283.38ms, mfu 2.05%
iter 2176: loss 0.6239, time 456.95ms, mfu 2.00%
iter 2177: loss 0.6549, time 292.78ms, mfu 2.04%
iter 2178: loss 0.5894, time 367.64ms, mfu 2.03%
iter 2179: loss 0.5918, time 466.31ms, mfu 1.98%
iter 2180: loss 0.5749, time 373.82ms, mfu 1.97%
iter 2181: loss 0.6451, time 308.67ms, mfu 2.01%
iter 2182: loss 0.6203, time 380.64ms, mfu 1.99%
iter 2183: loss 0.5859, time 281.15ms, mfu 2.04%
iter 2184: loss 0.6943, time 318.87ms, mfu 2.06%
iter 2185: loss 0.5848, time 463.20ms, mfu 2.01%
iter 2186: loss 0.5830, time 345.83ms, mfu 2.01%
iter 2187: loss 0.6173, time 337.04ms, mfu 2.02%
iter 2188: loss 0.6249, time 378.97ms, mfu 2.01%
iter 2189: loss 0.6252, time 277.14ms, mfu 2.06%
iter 2190: loss 0.6474, time 386.26ms, mfu 2.04%
iter 2191: loss 0.6439, time 323.25ms, mfu 2.05%
iter 2192: loss 0.6118, time 332.69ms, mfu 2.06%
iter 2193: loss 0.6013, time 434.88ms, mfu 2.02%
iter 2194: loss 0.5657, time 410.23ms, mfu 1.99%
iter 2195: loss 0.6428, time 279.64ms, mfu 2.04%
iter 2196: loss 0.7033, time 339.46ms, mfu 2.05%
iter 2197: loss 0.5721, time 430.69ms, mfu 2.01%
iter 2198: loss 0.6490, time 459.81ms, mfu 1.96%
iter 2199: loss 0.6399, time 244.21ms, mfu 2.06%
iter 2200: loss 0.6505, time 490.44ms, mfu 1.99%
  === DIAG iter 2200 ===
  loss: 0.6505
  grads: total 0.9673, transformer 0.4049, adapter 0.8785
  <NUM> input tokens: 531/3072 (17.3%)
  lr: base 4.00e-04, adapter 2.00e-04
  SME accuracy: overall 0.539, sign 0.986, exp 0.764, digit 0.276, end 0.980 [d0 0.393 d1 0.049 d2 0.143 d3 0.217 d4 0.343 d5 0.424 d6 0.424 d7 0.344 d8 0.259 d9 0.438 d10 0.545 d11 0.500 d12 0.500 d13 0.750 d14 0.500] (1068 SME tokens)
iter 2201: loss 0.5992, time 224.41ms, mfu 2.11%
iter 2202: loss 0.5842, time 457.39ms, mfu 2.05%
iter 2203: loss 0.6154, time 242.35ms, mfu 2.14%
iter 2204: loss 0.6049, time 475.72ms, mfu 2.08%
iter 2205: loss 0.5650, time 384.43ms, mfu 2.05%
iter 2206: loss 0.6335, time 404.06ms, mfu 2.02%
iter 2207: loss 0.5817, time 437.85ms, mfu 1.98%
iter 2208: loss 0.5926, time 380.16ms, mfu 1.97%
iter 2209: loss 0.6699, time 304.48ms, mfu 2.01%
iter 2210: loss 0.5865, time 368.86ms, mfu 2.00%
iter 2211: loss 0.6147, time 366.32ms, mfu 1.99%
iter 2212: loss 0.5931, time 374.80ms, mfu 1.98%
iter 2213: loss 0.5784, time 328.91ms, mfu 2.00%
iter 2214: loss 0.6199, time 318.49ms, mfu 2.02%
iter 2215: loss 0.7027, time 352.20ms, mfu 2.02%
iter 2216: loss 0.6512, time 410.52ms, mfu 1.99%
iter 2217: loss 0.6386, time 431.82ms, mfu 1.96%
iter 2218: loss 0.6669, time 252.41ms, mfu 2.04%
iter 2219: loss 0.6749, time 448.80ms, mfu 2.00%
iter 2220: loss 0.6094, time 567.67ms, mfu 1.92%
iter 2221: loss 0.6319, time 379.22ms, mfu 1.92%
iter 2222: loss 0.6439, time 458.79ms, mfu 1.88%
iter 2223: loss 0.6206, time 382.88ms, mfu 1.88%
iter 2224: loss 0.6210, time 326.41ms, mfu 1.91%
iter 2225: loss 0.6969, time 371.72ms, mfu 1.91%
iter 2226: loss 0.6320, time 352.45ms, mfu 1.92%
iter 2227: loss 0.5869, time 312.14ms, mfu 1.95%
iter 2228: loss 0.6870, time 291.81ms, mfu 2.00%
iter 2229: loss 0.6532, time 434.32ms, mfu 1.96%
iter 2230: loss 0.6216, time 424.02ms, mfu 1.93%
iter 2231: loss 0.5904, time 444.33ms, mfu 1.90%
iter 2232: loss 0.6464, time 468.86ms, mfu 1.86%
iter 2233: loss 0.5688, time 484.60ms, mfu 1.82%
iter 2234: loss 0.5878, time 371.31ms, mfu 1.83%
iter 2235: loss 0.6712, time 422.49ms, mfu 1.81%
iter 2236: loss 0.5970, time 349.24ms, mfu 1.84%
iter 2237: loss 0.6003, time 352.18ms, mfu 1.85%
iter 2238: loss 0.6227, time 360.91ms, mfu 1.86%
iter 2239: loss 0.6049, time 618.14ms, mfu 1.79%
iter 2240: loss 0.6779, time 350.90ms, mfu 1.82%
iter 2241: loss 0.6006, time 316.94ms, mfu 1.86%
iter 2242: loss 0.6096, time 349.84ms, mfu 1.87%
iter 2243: loss 0.6427, time 415.83ms, mfu 1.86%
iter 2244: loss 0.6404, time 308.65ms, mfu 1.90%
iter 2245: loss 0.6057, time 422.96ms, mfu 1.88%
iter 2246: loss 0.6061, time 301.40ms, mfu 1.93%
iter 2247: loss 0.6270, time 460.91ms, mfu 1.89%
iter 2248: loss 0.6495, time 408.13ms, mfu 1.87%
iter 2249: loss 0.5661, time 323.38ms, mfu 1.90%
iter 2250: loss 0.6428, time 265.18ms, mfu 1.98%
iter 2251: loss 0.5878, time 370.49ms, mfu 1.97%
iter 2252: loss 0.6632, time 353.35ms, mfu 1.98%
iter 2253: loss 0.7125, time 336.28ms, mfu 1.99%
iter 2254: loss 0.5717, time 335.82ms, mfu 2.00%
iter 2255: loss 0.6545, time 409.55ms, mfu 1.98%
iter 2256: loss 0.6286, time 333.06ms, mfu 1.99%
iter 2257: loss 0.5768, time 401.87ms, mfu 1.97%
iter 2258: loss 0.5790, time 346.74ms, mfu 1.98%
iter 2259: loss 0.5903, time 455.74ms, mfu 1.93%
iter 2260: loss 0.6802, time 360.39ms, mfu 1.94%
iter 2261: loss 0.6320, time 274.69ms, mfu 2.00%
iter 2262: loss 0.6600, time 483.37ms, mfu 1.95%
iter 2263: loss 0.6036, time 400.17ms, mfu 1.93%
iter 2264: loss 0.6001, time 327.63ms, mfu 1.95%
iter 2265: loss 0.5813, time 398.28ms, mfu 1.94%
iter 2266: loss 0.6081, time 246.17ms, mfu 2.03%
iter 2267: loss 0.6118, time 243.82ms, mfu 2.12%
iter 2268: loss 0.5928, time 466.73ms, mfu 2.06%
iter 2269: loss 0.6352, time 397.51ms, mfu 2.03%
iter 2270: loss 0.5907, time 399.13ms, mfu 2.00%
iter 2271: loss 0.5844, time 517.83ms, mfu 1.94%
iter 2272: loss 0.6429, time 261.28ms, mfu 2.02%
iter 2273: loss 0.5811, time 272.51ms, mfu 2.08%
iter 2274: loss 0.5439, time 484.88ms, mfu 2.02%
iter 2275: loss 0.6237, time 316.84ms, mfu 2.04%
iter 2276: loss 0.5370, time 424.03ms, mfu 2.00%
iter 2277: loss 0.5559, time 366.82ms, mfu 1.99%
iter 2278: loss 0.6239, time 359.15ms, mfu 1.99%
iter 2279: loss 0.5516, time 291.27ms, mfu 2.04%
iter 2280: loss 0.6069, time 362.57ms, mfu 2.03%
iter 2281: loss 0.6529, time 447.22ms, mfu 1.98%
iter 2282: loss 0.6391, time 390.09ms, mfu 1.97%
iter 2283: loss 0.6399, time 401.64ms, mfu 1.95%
iter 2284: loss 0.6087, time 438.27ms, mfu 1.91%
iter 2285: loss 0.5964, time 235.42ms, mfu 2.02%
iter 2286: loss 0.5962, time 474.33ms, mfu 1.97%
iter 2287: loss 0.5520, time 238.23ms, mfu 2.07%
iter 2288: loss 0.6205, time 440.66ms, mfu 2.02%
iter 2289: loss 0.5872, time 327.26ms, mfu 2.04%
iter 2290: loss 0.6046, time 487.33ms, mfu 1.98%
iter 2291: loss 0.6272, time 222.09ms, mfu 2.10%
iter 2292: loss 0.6095, time 350.65ms, mfu 2.09%
iter 2293: loss 0.5544, time 350.25ms, mfu 2.09%
iter 2294: loss 0.5957, time 383.43ms, mfu 2.06%
iter 2295: loss 0.6690, time 349.18ms, mfu 2.06%
iter 2296: loss 0.6376, time 363.28ms, mfu 2.05%
iter 2297: loss 0.5697, time 285.48ms, mfu 2.09%
iter 2298: loss 0.5624, time 229.98ms, mfu 2.19%
iter 2299: loss 0.6270, time 497.03ms, mfu 2.11%
iter 2300: loss 0.6449, time 625.85ms, mfu 2.02%
  === DIAG iter 2300 ===
  loss: 0.6449
  grads: total 1.0000, transformer 0.3976, adapter 0.9176
  <NUM> input tokens: 536/3072 (17.4%)
  lr: base 3.99e-04, adapter 2.00e-04
  SME accuracy: overall 0.490, sign 0.960, exp 0.726, digit 0.257, end 0.952 [d0 0.383 d1 0.082 d2 0.116 d3 0.183 d4 0.289 d5 0.286 d6 0.308 d7 0.286 d8 0.250 d9 0.375 d10 0.462 d11 0.500 d12 0.333 d13 0.500 d14 0.000] (995 SME tokens)
iter 2301: loss 0.5719, time 225.38ms, mfu 2.13%
iter 2302: loss 0.6394, time 422.24ms, mfu 2.08%
iter 2303: loss 0.5680, time 299.48ms, mfu 2.11%
iter 2304: loss 0.6017, time 414.26ms, mfu 2.07%
iter 2305: loss 0.6067, time 273.81ms, mfu 2.12%
iter 2306: loss 0.5835, time 460.54ms, mfu 2.07%
iter 2307: loss 0.6202, time 370.77ms, mfu 2.05%
iter 2308: loss 0.6310, time 391.19ms, mfu 2.03%
iter 2309: loss 0.5863, time 363.25ms, mfu 2.02%
iter 2310: loss 0.6147, time 272.76ms, mfu 2.08%
iter 2311: loss 0.6998, time 443.10ms, mfu 2.03%
iter 2312: loss 0.5826, time 418.70ms, mfu 2.00%
iter 2313: loss 0.5955, time 532.85ms, mfu 1.93%
iter 2314: loss 0.6771, time 319.74ms, mfu 1.96%
iter 2315: loss 0.6072, time 397.00ms, mfu 1.94%
iter 2316: loss 0.6372, time 312.74ms, mfu 1.97%
iter 2317: loss 0.6435, time 360.76ms, mfu 1.97%
iter 2318: loss 0.5887, time 377.96ms, mfu 1.96%
iter 2319: loss 0.6165, time 279.13ms, mfu 2.02%
iter 2320: loss 0.7167, time 319.19ms, mfu 2.04%
iter 2321: loss 0.5922, time 431.44ms, mfu 2.00%
iter 2322: loss 0.6251, time 482.80ms, mfu 1.95%
iter 2323: loss 0.6134, time 414.93ms, mfu 1.92%
iter 2324: loss 0.5993, time 318.35ms, mfu 1.95%
iter 2325: loss 0.6329, time 382.35ms, mfu 1.94%
iter 2326: loss 0.6445, time 330.52ms, mfu 1.96%
iter 2327: loss 0.6269, time 378.39ms, mfu 1.95%
iter 2328: loss 0.6339, time 273.00ms, mfu 2.02%
iter 2329: loss 0.6341, time 393.73ms, mfu 2.00%
iter 2330: loss 0.5871, time 285.91ms, mfu 2.04%
iter 2331: loss 0.5996, time 420.83ms, mfu 2.01%
iter 2332: loss 0.6819, time 416.12ms, mfu 1.98%
iter 2333: loss 0.6133, time 402.13ms, mfu 1.96%
iter 2334: loss 0.6126, time 387.45ms, mfu 1.94%
iter 2335: loss 0.6162, time 354.24ms, mfu 1.95%
iter 2336: loss 0.6457, time 275.16ms, mfu 2.01%
iter 2337: loss 0.5371, time 475.49ms, mfu 1.96%
iter 2338: loss 0.6043, time 199.55ms, mfu 2.12%
iter 2339: loss 0.6126, time 472.94ms, mfu 2.06%
iter 2340: loss 0.6012, time 328.05ms, mfu 2.07%
iter 2341: loss 0.5926, time 369.00ms, mfu 2.05%
iter 2342: loss 0.5884, time 480.68ms, mfu 1.99%
iter 2343: loss 0.5762, time 399.63ms, mfu 1.97%
iter 2344: loss 0.6087, time 425.67ms, mfu 1.94%
iter 2345: loss 0.5887, time 317.30ms, mfu 1.97%
iter 2346: loss 0.5787, time 279.22ms, mfu 2.03%
iter 2347: loss 0.6103, time 390.87ms, mfu 2.01%
iter 2348: loss 0.5506, time 503.26ms, mfu 1.95%
iter 2349: loss 0.5928, time 408.59ms, mfu 1.93%
iter 2350: loss 0.5688, time 364.86ms, mfu 1.93%
iter 2351: loss 0.6125, time 446.44ms, mfu 1.89%
iter 2352: loss 0.5698, time 400.71ms, mfu 1.88%
iter 2353: loss 0.6425, time 245.35ms, mfu 1.98%
iter 2354: loss 0.6512, time 381.58ms, mfu 1.97%
iter 2355: loss 0.6317, time 427.98ms, mfu 1.94%
iter 2356: loss 0.5766, time 396.28ms, mfu 1.92%
iter 2357: loss 0.6418, time 292.90ms, mfu 1.97%
iter 2358: loss 0.6093, time 326.50ms, mfu 1.99%
iter 2359: loss 0.5932, time 273.92ms, mfu 2.05%
iter 2360: loss 0.5744, time 317.77ms, mfu 2.07%
iter 2361: loss 0.5708, time 200.30ms, mfu 2.22%
iter 2362: loss 0.5924, time 322.02ms, mfu 2.21%
iter 2363: loss 0.6109, time 345.32ms, mfu 2.20%
iter 2364: loss 0.6853, time 420.72ms, mfu 2.15%
iter 2365: loss 0.6157, time 423.05ms, mfu 2.10%
iter 2366: loss 0.6372, time 443.50ms, mfu 2.05%
iter 2367: loss 0.6089, time 415.34ms, mfu 2.02%
iter 2368: loss 0.6114, time 343.88ms, mfu 2.02%
iter 2369: loss 0.6956, time 413.72ms, mfu 1.99%
iter 2370: loss 0.5864, time 427.96ms, mfu 1.96%
iter 2371: loss 0.5505, time 313.47ms, mfu 1.99%
iter 2372: loss 0.5688, time 292.59ms, mfu 2.03%
iter 2373: loss 0.5607, time 368.51ms, mfu 2.02%
iter 2374: loss 0.6175, time 348.83ms, mfu 2.02%
iter 2375: loss 0.5473, time 455.94ms, mfu 1.97%
iter 2376: loss 0.6360, time 551.57ms, mfu 1.91%
iter 2377: loss 0.5693, time 397.52ms, mfu 1.89%
iter 2378: loss 0.5583, time 266.13ms, mfu 1.97%
iter 2379: loss 0.6598, time 276.72ms, mfu 2.03%
iter 2380: loss 0.5949, time 304.36ms, mfu 2.06%
iter 2381: loss 0.6632, time 292.28ms, mfu 2.10%
iter 2382: loss 0.6233, time 402.76ms, mfu 2.06%
iter 2383: loss 0.6320, time 342.06ms, mfu 2.06%
iter 2384: loss 0.6234, time 366.98ms, mfu 2.05%
iter 2385: loss 0.6643, time 394.83ms, mfu 2.02%
iter 2386: loss 0.7015, time 387.39ms, mfu 2.00%
iter 2387: loss 0.6240, time 451.00ms, mfu 1.96%
iter 2388: loss 0.5525, time 343.89ms, mfu 1.97%
iter 2389: loss 0.6317, time 421.54ms, mfu 1.94%
iter 2390: loss 0.6433, time 481.31ms, mfu 1.90%
iter 2391: loss 0.6038, time 308.56ms, mfu 1.94%
iter 2392: loss 0.5724, time 602.21ms, mfu 1.86%
iter 2393: loss 0.6332, time 369.59ms, mfu 1.87%
iter 2394: loss 0.6126, time 375.37ms, mfu 1.87%
iter 2395: loss 0.5689, time 400.40ms, mfu 1.86%
iter 2396: loss 0.6227, time 367.34ms, mfu 1.87%
iter 2397: loss 0.6435, time 442.39ms, mfu 1.84%
iter 2398: loss 0.6358, time 278.61ms, mfu 1.91%
iter 2399: loss 0.6355, time 220.58ms, mfu 2.04%
iter 2400: loss 0.5959, time 483.12ms, mfu 1.98%
  === DIAG iter 2400 ===
  loss: 0.5959
  grads: total 1.0000, transformer 0.2399, adapter 0.9708
  <NUM> input tokens: 547/3072 (17.8%)
  lr: base 3.99e-04, adapter 1.99e-04
  SME accuracy: overall 0.561, sign 0.968, exp 0.848, digit 0.330, end 0.976 [d0 0.380 d1 0.139 d2 0.242 d3 0.340 d4 0.419 d5 0.390 d6 0.385 d7 0.306 d8 0.194 d9 0.533 d10 0.583 d11 0.545 d12 0.556 d13 0.625 d14 0.125] (975 SME tokens)
iter 2401: loss 0.5347, time 228.73ms, mfu 2.09%
iter 2402: loss 0.6102, time 275.88ms, mfu 2.14%
iter 2403: loss 0.5769, time 430.90ms, mfu 2.09%
iter 2404: loss 0.6324, time 346.23ms, mfu 2.09%
iter 2405: loss 0.6191, time 318.39ms, mfu 2.10%
iter 2406: loss 0.6123, time 347.36ms, mfu 2.10%
iter 2407: loss 0.5722, time 422.55ms, mfu 2.05%
iter 2408: loss 0.6083, time 559.85ms, mfu 1.97%
iter 2409: loss 0.6127, time 370.82ms, mfu 1.97%
iter 2410: loss 0.5993, time 445.00ms, mfu 1.93%
iter 2411: loss 0.6035, time 386.66ms, mfu 1.92%
iter 2412: loss 0.6345, time 441.11ms, mfu 1.89%
iter 2413: loss 0.5755, time 384.07ms, mfu 1.89%
iter 2414: loss 0.5474, time 452.41ms, mfu 1.85%
iter 2415: loss 0.6470, time 437.48ms, mfu 1.83%
iter 2416: loss 0.6448, time 365.07ms, mfu 1.84%
iter 2417: loss 0.5750, time 354.02ms, mfu 1.86%
iter 2418: loss 0.6190, time 611.68ms, mfu 1.79%
iter 2419: loss 0.6191, time 286.95ms, mfu 1.86%
iter 2420: loss 0.6425, time 382.14ms, mfu 1.86%
iter 2421: loss 0.6183, time 305.03ms, mfu 1.90%
iter 2422: loss 0.6389, time 394.46ms, mfu 1.89%
iter 2423: loss 0.5940, time 310.01ms, mfu 1.93%
iter 2424: loss 0.6414, time 366.44ms, mfu 1.93%
iter 2425: loss 0.6142, time 230.00ms, mfu 2.05%
iter 2426: loss 0.5759, time 457.79ms, mfu 2.00%
iter 2427: loss 0.6319, time 336.43ms, mfu 2.01%
iter 2428: loss 0.6436, time 409.97ms, mfu 1.98%
iter 2429: loss 0.5979, time 410.27ms, mfu 1.95%
iter 2430: loss 0.7289, time 345.74ms, mfu 1.96%
iter 2431: loss 0.6230, time 304.06ms, mfu 2.00%
iter 2432: loss 0.6083, time 470.77ms, mfu 1.95%
iter 2433: loss 0.5752, time 359.43ms, mfu 1.95%
iter 2434: loss 0.5693, time 431.32ms, mfu 1.92%
iter 2435: loss 0.6109, time 510.22ms, mfu 1.87%
iter 2436: loss 0.6531, time 257.17ms, mfu 1.96%
iter 2437: loss 0.6008, time 243.21ms, mfu 2.05%
iter 2438: loss 0.6018, time 363.80ms, mfu 2.04%
iter 2439: loss 0.6168, time 363.83ms, mfu 2.03%
iter 2440: loss 0.6143, time 450.44ms, mfu 1.99%
iter 2441: loss 0.6171, time 487.22ms, mfu 1.93%
iter 2442: loss 0.5891, time 424.71ms, mfu 1.91%
iter 2443: loss 0.6471, time 369.66ms, mfu 1.91%
iter 2444: loss 0.6161, time 455.03ms, mfu 1.87%
iter 2445: loss 0.6539, time 484.84ms, mfu 1.83%
iter 2446: loss 0.6068, time 564.09ms, mfu 1.77%
iter 2447: loss 0.5549, time 355.06ms, mfu 1.80%
iter 2448: loss 0.6068, time 337.11ms, mfu 1.83%
iter 2449: loss 0.6593, time 473.53ms, mfu 1.79%
iter 2450: loss 0.6041, time 389.78ms, mfu 1.80%
iter 2451: loss 0.6376, time 392.15ms, mfu 1.80%
iter 2452: loss 0.5802, time 357.11ms, mfu 1.82%
iter 2453: loss 0.6201, time 341.04ms, mfu 1.84%
iter 2454: loss 0.6534, time 333.60ms, mfu 1.87%
iter 2455: loss 0.7002, time 355.28ms, mfu 1.88%
iter 2456: loss 0.6136, time 504.15ms, mfu 1.84%
iter 2457: loss 0.5780, time 416.31ms, mfu 1.82%
iter 2458: loss 0.5850, time 518.98ms, mfu 1.78%
iter 2459: loss 0.6048, time 354.24ms, mfu 1.80%
iter 2460: loss 0.6244, time 247.41ms, mfu 1.91%
iter 2461: loss 0.6505, time 448.98ms, mfu 1.87%
iter 2462: loss 0.5311, time 237.59ms, mfu 1.98%
iter 2463: loss 0.5761, time 451.62ms, mfu 1.94%
iter 2464: loss 0.6096, time 392.70ms, mfu 1.93%
iter 2465: loss 0.6264, time 455.75ms, mfu 1.89%
iter 2466: loss 0.6390, time 438.21ms, mfu 1.86%
iter 2467: loss 0.6365, time 448.01ms, mfu 1.84%
iter 2468: loss 0.6525, time 295.49ms, mfu 1.89%
iter 2469: loss 0.6354, time 461.91ms, mfu 1.86%
iter 2470: loss 0.6228, time 308.41ms, mfu 1.90%
iter 2471: loss 0.6125, time 489.33ms, mfu 1.86%
iter 2472: loss 0.7315, time 432.21ms, mfu 1.83%
iter 2473: loss 0.6355, time 351.77ms, mfu 1.85%
iter 2474: loss 0.6456, time 443.83ms, mfu 1.83%
iter 2475: loss 0.5898, time 355.68ms, mfu 1.84%
iter 2476: loss 0.6199, time 330.36ms, mfu 1.87%
iter 2477: loss 0.6367, time 373.84ms, mfu 1.88%
iter 2478: loss 0.6664, time 328.19ms, mfu 1.90%
iter 2479: loss 0.6134, time 354.25ms, mfu 1.91%
iter 2480: loss 0.6579, time 384.25ms, mfu 1.91%
iter 2481: loss 0.6167, time 437.03ms, mfu 1.88%
iter 2482: loss 0.5818, time 339.40ms, mfu 1.90%
iter 2483: loss 0.6443, time 253.77ms, mfu 1.99%
iter 2484: loss 0.6418, time 307.80ms, mfu 2.02%
iter 2485: loss 0.6110, time 294.65ms, mfu 2.06%
iter 2486: loss 0.6167, time 430.39ms, mfu 2.02%
iter 2487: loss 0.6033, time 354.53ms, mfu 2.02%
iter 2488: loss 0.5637, time 358.78ms, mfu 2.01%
iter 2489: loss 0.6275, time 257.30ms, mfu 2.09%
iter 2490: loss 0.6373, time 435.15ms, mfu 2.04%
iter 2491: loss 0.6229, time 447.57ms, mfu 1.99%
iter 2492: loss 0.6250, time 344.51ms, mfu 2.00%
iter 2493: loss 0.6498, time 443.60ms, mfu 1.96%
iter 2494: loss 0.6038, time 281.77ms, mfu 2.02%
iter 2495: loss 0.5763, time 349.68ms, mfu 2.02%
iter 2496: loss 0.5981, time 258.94ms, mfu 2.09%
iter 2497: loss 0.5687, time 337.26ms, mfu 2.09%
iter 2498: loss 0.5833, time 515.46ms, mfu 2.02%
iter 2499: loss 0.5948, time 287.80ms, mfu 2.06%
iter 2500: loss 0.6981, time 707.82ms, mfu 1.96%
  === DIAG iter 2500 ===
  loss: 0.6981
  grads: total 1.0000, transformer 0.2204, adapter 0.9754
  <NUM> input tokens: 539/3072 (17.5%)
  lr: base 3.98e-04, adapter 1.99e-04
  SME accuracy: overall 0.510, sign 0.948, exp 0.799, digit 0.258, end 0.954 [d0 0.373 d1 0.057 d2 0.069 d3 0.159 d4 0.311 d5 0.386 d6 0.432 d7 0.268 d8 0.324 d9 0.421 d10 0.571 d11 0.364 d12 0.273 d13 0.429 d14 0.000] (1170 SME tokens)
iter 2501: loss 0.6511, time 180.45ms, mfu 2.15%
iter 2502: loss 0.6272, time 312.53ms, mfu 2.17%
iter 2503: loss 0.5551, time 348.86ms, mfu 2.15%
iter 2504: loss 0.5628, time 399.28ms, mfu 2.11%
iter 2505: loss 0.6153, time 315.48ms, mfu 2.13%
iter 2506: loss 0.6007, time 390.38ms, mfu 2.10%
iter 2507: loss 0.6102, time 296.11ms, mfu 2.13%
iter 2508: loss 0.6317, time 419.95ms, mfu 2.08%
iter 2509: loss 0.6587, time 288.21ms, mfu 2.12%
iter 2510: loss 0.6203, time 421.31ms, mfu 2.08%
iter 2511: loss 0.5767, time 340.69ms, mfu 2.08%
iter 2512: loss 0.6323, time 369.81ms, mfu 2.06%
iter 2513: loss 0.5878, time 366.93ms, mfu 2.05%
iter 2514: loss 0.5906, time 392.17ms, mfu 2.02%
iter 2515: loss 0.5721, time 540.12ms, mfu 1.95%
iter 2516: loss 0.5215, time 307.23ms, mfu 1.99%
iter 2517: loss 0.5872, time 310.71ms, mfu 2.02%
iter 2518: loss 0.6714, time 441.80ms, mfu 1.98%
iter 2519: loss 0.5294, time 408.73ms, mfu 1.95%
iter 2520: loss 0.5418, time 342.76ms, mfu 1.96%
iter 2521: loss 0.6018, time 371.30ms, mfu 1.96%
iter 2522: loss 0.5455, time 350.37ms, mfu 1.96%
iter 2523: loss 0.6277, time 379.21ms, mfu 1.95%
iter 2524: loss 0.5553, time 444.97ms, mfu 1.92%
iter 2525: loss 0.6379, time 403.43ms, mfu 1.90%
iter 2526: loss 0.5766, time 299.40ms, mfu 1.95%
iter 2527: loss 0.5606, time 304.05ms, mfu 1.99%
iter 2528: loss 0.5786, time 261.12ms, mfu 2.06%
iter 2529: loss 0.6248, time 322.41ms, mfu 2.07%
iter 2530: loss 0.5510, time 478.30ms, mfu 2.01%
iter 2531: loss 0.6283, time 295.11ms, mfu 2.05%
iter 2532: loss 0.6173, time 555.71ms, mfu 1.98%
iter 2533: loss 0.6099, time 466.85ms, mfu 1.93%
iter 2534: loss 0.5997, time 480.41ms, mfu 1.88%
iter 2535: loss 0.6151, time 234.88ms, mfu 2.00%
iter 2536: loss 0.5891, time 278.68ms, mfu 2.05%
iter 2537: loss 0.6360, time 355.50ms, mfu 2.05%
iter 2538: loss 0.6222, time 335.10ms, mfu 2.05%
iter 2539: loss 0.5737, time 370.88ms, mfu 2.04%
iter 2540: loss 0.6186, time 457.45ms, mfu 1.99%
iter 2541: loss 0.5902, time 254.22ms, mfu 2.07%
iter 2542: loss 0.6168, time 340.70ms, mfu 2.07%
iter 2543: loss 0.5746, time 381.05ms, mfu 2.05%
iter 2544: loss 0.5726, time 331.03ms, mfu 2.06%
iter 2545: loss 0.5812, time 488.53ms, mfu 2.00%
iter 2546: loss 0.5857, time 264.32ms, mfu 2.07%
iter 2547: loss 0.5725, time 344.83ms, mfu 2.07%
iter 2548: loss 0.6582, time 400.09ms, mfu 2.04%
iter 2549: loss 0.6124, time 465.60ms, mfu 1.98%
iter 2550: loss 0.6154, time 389.65ms, mfu 1.97%
iter 2551: loss 0.5726, time 339.40ms, mfu 1.98%
iter 2552: loss 0.5606, time 335.89ms, mfu 1.99%
iter 2553: loss 0.5556, time 310.30ms, mfu 2.02%
iter 2554: loss 0.5849, time 309.86ms, mfu 2.05%
iter 2555: loss 0.6225, time 428.47ms, mfu 2.01%
iter 2556: loss 0.6135, time 335.96ms, mfu 2.02%
iter 2557: loss 0.6360, time 457.97ms, mfu 1.97%
iter 2558: loss 0.5657, time 319.21ms, mfu 2.00%
iter 2559: loss 0.6562, time 337.47ms, mfu 2.01%
iter 2560: loss 0.6180, time 403.15ms, mfu 1.98%
iter 2561: loss 0.6719, time 348.50ms, mfu 1.99%
iter 2562: loss 0.6576, time 290.39ms, mfu 2.03%
iter 2563: loss 0.6322, time 320.27ms, mfu 2.05%
iter 2564: loss 0.6179, time 442.64ms, mfu 2.01%
iter 2565: loss 0.6004, time 321.33ms, mfu 2.03%
iter 2566: loss 0.5668, time 455.33ms, mfu 1.98%
iter 2567: loss 0.6472, time 377.60ms, mfu 1.97%
iter 2568: loss 0.5842, time 295.51ms, mfu 2.01%
iter 2569: loss 0.5426, time 408.41ms, mfu 1.98%
iter 2570: loss 0.5355, time 342.24ms, mfu 1.99%
iter 2571: loss 0.5955, time 331.63ms, mfu 2.01%
iter 2572: loss 0.6485, time 452.87ms, mfu 1.96%
iter 2573: loss 0.6614, time 312.51ms, mfu 1.99%
iter 2574: loss 0.6435, time 470.72ms, mfu 1.94%
iter 2575: loss 0.6660, time 382.51ms, mfu 1.94%
iter 2576: loss 0.5618, time 476.59ms, mfu 1.89%
iter 2577: loss 0.5951, time 372.04ms, mfu 1.89%
iter 2578: loss 0.5736, time 414.72ms, mfu 1.87%
iter 2579: loss 0.6108, time 252.38ms, mfu 1.97%
iter 2580: loss 0.6135, time 503.51ms, mfu 1.91%
iter 2581: loss 0.5697, time 475.96ms, mfu 1.87%
iter 2582: loss 0.6232, time 456.45ms, mfu 1.84%
iter 2583: loss 0.5776, time 240.00ms, mfu 1.95%
iter 2584: loss 0.6096, time 276.50ms, mfu 2.01%
iter 2585: loss 0.5954, time 278.32ms, mfu 2.06%
iter 2586: loss 0.6107, time 309.96ms, mfu 2.09%
iter 2587: loss 0.6498, time 378.99ms, mfu 2.06%
iter 2588: loss 0.6078, time 477.60ms, mfu 2.01%
iter 2589: loss 0.5956, time 210.04ms, mfu 2.14%
iter 2590: loss 0.6984, time 471.36ms, mfu 2.08%
iter 2591: loss 0.5948, time 409.88ms, mfu 2.04%
iter 2592: loss 0.6172, time 279.80ms, mfu 2.09%
iter 2593: loss 0.6685, time 305.86ms, mfu 2.12%
iter 2594: loss 0.6682, time 323.26ms, mfu 2.12%
iter 2595: loss 0.5399, time 299.38ms, mfu 2.15%
iter 2596: loss 0.6008, time 399.53ms, mfu 2.11%
iter 2597: loss 0.6151, time 292.25ms, mfu 2.14%
iter 2598: loss 0.5235, time 303.26ms, mfu 2.16%
iter 2599: loss 0.6044, time 246.06ms, mfu 2.23%
iter 2600: loss 0.6288, time 461.07ms, mfu 2.16%
  === DIAG iter 2600 ===
  loss: 0.6288
  grads: total 0.9167, transformer 0.3560, adapter 0.8448
  <NUM> input tokens: 539/3072 (17.5%)
  lr: base 3.97e-04, adapter 1.98e-04
  SME accuracy: overall 0.536, sign 0.944, exp 0.824, digit 0.258, end 0.986 [d0 0.403 d1 0.075 d2 0.095 d3 0.217 d4 0.206 d5 0.353 d6 0.273 d7 0.323 d8 0.167 d9 0.385 d10 0.273 d11 0.444 d12 0.375 d13 0.250 d14 0.000] (1011 SME tokens)
iter 2601: loss 0.6501, time 248.29ms, mfu 2.23%
iter 2602: loss 0.4732, time 380.32ms, mfu 2.20%
iter 2603: loss 0.6364, time 263.48ms, mfu 2.25%
iter 2604: loss 0.6222, time 461.76ms, mfu 2.17%
iter 2605: loss 0.6219, time 285.25ms, mfu 2.21%
iter 2606: loss 0.6371, time 362.76ms, mfu 2.18%
iter 2607: loss 0.5918, time 295.86ms, mfu 2.20%
iter 2608: loss 0.5722, time 335.23ms, mfu 2.19%
iter 2609: loss 0.5761, time 415.88ms, mfu 2.14%
iter 2610: loss 0.6122, time 314.96ms, mfu 2.15%
iter 2611: loss 0.5831, time 305.92ms, mfu 2.17%
iter 2612: loss 0.5727, time 308.65ms, mfu 2.18%
iter 2613: loss 0.6346, time 321.49ms, mfu 2.19%
iter 2614: loss 0.5399, time 297.49ms, mfu 2.21%
iter 2615: loss 0.5345, time 310.50ms, mfu 2.21%
iter 2616: loss 0.6121, time 365.35ms, mfu 2.19%
iter 2617: loss 0.6049, time 403.92ms, mfu 2.14%
iter 2618: loss 0.6792, time 439.93ms, mfu 2.09%
iter 2619: loss 0.6042, time 295.39ms, mfu 2.12%
iter 2620: loss 0.5808, time 310.56ms, mfu 2.14%
iter 2621: loss 0.6325, time 318.95ms, mfu 2.15%
iter 2622: loss 0.6367, time 381.61ms, mfu 2.12%
iter 2623: loss 0.6254, time 459.25ms, mfu 2.06%
iter 2624: loss 0.5681, time 372.15ms, mfu 2.04%
iter 2625: loss 0.6397, time 441.36ms, mfu 2.00%
iter 2626: loss 0.5931, time 496.28ms, mfu 1.94%
iter 2627: loss 0.6733, time 235.54ms, mfu 2.05%
iter 2628: loss 0.5781, time 360.26ms, mfu 2.04%
iter 2629: loss 0.6119, time 485.16ms, mfu 1.98%
iter 2630: loss 0.6403, time 322.84ms, mfu 2.00%
iter 2631: loss 0.6735, time 302.53ms, mfu 2.04%
iter 2632: loss 0.5891, time 310.58ms, mfu 2.06%
iter 2633: loss 0.6647, time 439.53ms, mfu 2.02%
iter 2634: loss 0.6000, time 287.33ms, mfu 2.06%
iter 2635: loss 0.6484, time 456.66ms, mfu 2.01%
iter 2636: loss 0.6110, time 453.08ms, mfu 1.97%
iter 2637: loss 0.5915, time 277.35ms, mfu 2.03%
iter 2638: loss 0.6721, time 285.15ms, mfu 2.07%
iter 2639: loss 0.6112, time 518.01ms, mfu 2.00%
iter 2640: loss 0.6643, time 212.53ms, mfu 2.13%
iter 2641: loss 0.6599, time 376.94ms, mfu 2.11%
iter 2642: loss 0.6606, time 356.01ms, mfu 2.10%
iter 2643: loss 0.5955, time 388.11ms, mfu 2.07%
iter 2644: loss 0.6736, time 407.60ms, mfu 2.04%
iter 2645: loss 0.5991, time 451.07ms, mfu 1.99%
iter 2646: loss 0.5650, time 363.03ms, mfu 1.99%
iter 2647: loss 0.7006, time 284.00ms, mfu 2.04%
iter 2648: loss 0.6210, time 329.17ms, mfu 2.05%
iter 2649: loss 0.5628, time 391.37ms, mfu 2.03%
iter 2650: loss 0.5552, time 381.18ms, mfu 2.01%
iter 2651: loss 0.5603, time 389.05ms, mfu 1.99%
iter 2652: loss 0.5664, time 325.81ms, mfu 2.01%
iter 2653: loss 0.5865, time 248.84ms, mfu 2.09%
iter 2654: loss 0.5343, time 529.69ms, mfu 2.02%
iter 2655: loss 0.6236, time 508.66ms, mfu 1.95%
iter 2656: loss 0.5939, time 278.86ms, mfu 2.01%
iter 2657: loss 0.5607, time 454.92ms, mfu 1.97%
iter 2658: loss 0.6036, time 331.48ms, mfu 1.98%
iter 2659: loss 0.5549, time 562.24ms, mfu 1.91%
iter 2660: loss 0.5891, time 307.82ms, mfu 1.95%
iter 2661: loss 0.6437, time 446.38ms, mfu 1.92%
iter 2662: loss 0.5934, time 319.14ms, mfu 1.95%
iter 2663: loss 0.5713, time 383.25ms, mfu 1.94%
iter 2664: loss 0.6412, time 357.01ms, mfu 1.94%
iter 2665: loss 0.6707, time 269.60ms, mfu 2.01%
iter 2666: loss 0.6074, time 218.89ms, mfu 2.13%
iter 2667: loss 0.6452, time 398.93ms, mfu 2.10%
iter 2668: loss 0.5874, time 254.73ms, mfu 2.17%
iter 2669: loss 0.5877, time 255.47ms, mfu 2.23%
iter 2670: loss 0.6074, time 350.86ms, mfu 2.21%
iter 2671: loss 0.6108, time 383.91ms, mfu 2.17%
iter 2672: loss 0.6383, time 306.96ms, mfu 2.18%
iter 2673: loss 0.5844, time 339.69ms, mfu 2.17%
iter 2674: loss 0.6524, time 360.92ms, mfu 2.15%
iter 2675: loss 0.5650, time 318.91ms, mfu 2.16%
iter 2676: loss 0.6201, time 337.15ms, mfu 2.15%
iter 2677: loss 0.6304, time 350.82ms, mfu 2.14%
iter 2678: loss 0.6086, time 331.65ms, mfu 2.14%
iter 2679: loss 0.5428, time 350.07ms, mfu 2.13%
iter 2680: loss 0.5498, time 282.91ms, mfu 2.17%
iter 2681: loss 0.5659, time 449.24ms, mfu 2.11%
iter 2682: loss 0.6145, time 309.32ms, mfu 2.13%
iter 2683: loss 0.6490, time 280.26ms, mfu 2.17%
iter 2684: loss 0.5963, time 362.35ms, mfu 2.15%
iter 2685: loss 0.5318, time 437.70ms, mfu 2.09%
iter 2686: loss 0.6373, time 334.99ms, mfu 2.09%
iter 2687: loss 0.6123, time 253.17ms, mfu 2.17%
iter 2688: loss 0.5485, time 385.31ms, mfu 2.13%
iter 2689: loss 0.5500, time 408.90ms, mfu 2.09%
iter 2690: loss 0.6023, time 471.40ms, mfu 2.03%
iter 2691: loss 0.6268, time 518.99ms, mfu 1.97%
iter 2692: loss 0.6730, time 295.53ms, mfu 2.01%
iter 2693: loss 0.6549, time 337.31ms, mfu 2.02%
iter 2694: loss 0.6182, time 352.87ms, mfu 2.02%
iter 2695: loss 0.6433, time 353.07ms, mfu 2.02%
iter 2696: loss 0.5433, time 289.50ms, mfu 2.06%
iter 2697: loss 0.5546, time 437.51ms, mfu 2.02%
iter 2698: loss 0.6293, time 397.32ms, mfu 1.99%
iter 2699: loss 0.6046, time 367.21ms, mfu 1.99%
iter 2700: loss 0.6051, time 560.03ms, mfu 1.91%
  === DIAG iter 2700 ===
  loss: 0.6051
  grads: total 1.0000, transformer 0.6143, adapter 0.7891
  <NUM> input tokens: 561/3072 (18.3%)
  lr: base 3.96e-04, adapter 1.98e-04
  SME accuracy: overall 0.573, sign 0.960, exp 0.901, digit 0.302, end 0.980 [d0 0.497 d1 0.091 d2 0.178 d3 0.228 d4 0.195 d5 0.179 d6 0.235 d7 0.212 d8 0.161 d9 0.667 d10 0.909 d11 0.818 d12 0.700 d13 0.400 d14 0.167] (1068 SME tokens)
iter 2701: loss 0.6101, time 230.23ms, mfu 2.03%
iter 2702: loss 0.5731, time 392.19ms, mfu 2.01%
iter 2703: loss 0.5748, time 302.78ms, mfu 2.04%
iter 2704: loss 0.6230, time 364.26ms, mfu 2.03%
iter 2705: loss 0.6350, time 413.59ms, mfu 2.00%
iter 2706: loss 0.5730, time 355.93ms, mfu 2.00%
iter 2707: loss 0.6115, time 340.45ms, mfu 2.01%
iter 2708: loss 0.6244, time 404.15ms, mfu 1.98%
iter 2709: loss 0.6288, time 391.21ms, mfu 1.97%
iter 2710: loss 0.5962, time 340.43ms, mfu 1.98%
iter 2711: loss 0.6830, time 365.27ms, mfu 1.97%
iter 2712: loss 0.5840, time 469.29ms, mfu 1.93%
iter 2713: loss 0.5660, time 363.93ms, mfu 1.93%
iter 2714: loss 0.6264, time 536.36ms, mfu 1.87%
iter 2715: loss 0.5723, time 368.37ms, mfu 1.87%
iter 2716: loss 0.5992, time 336.96ms, mfu 1.90%
iter 2717: loss 0.6720, time 298.26ms, mfu 1.94%
iter 2718: loss 0.6328, time 455.60ms, mfu 1.91%
iter 2719: loss 0.5876, time 325.17ms, mfu 1.93%
iter 2720: loss 0.6807, time 391.92ms, mfu 1.92%
iter 2721: loss 0.6497, time 272.20ms, mfu 1.99%
iter 2722: loss 0.5963, time 456.45ms, mfu 1.95%
iter 2723: loss 0.5752, time 370.32ms, mfu 1.94%
iter 2724: loss 0.6353, time 345.87ms, mfu 1.95%
iter 2725: loss 0.5936, time 398.23ms, mfu 1.94%
iter 2726: loss 0.5963, time 519.58ms, mfu 1.88%
iter 2727: loss 0.5550, time 327.40ms, mfu 1.91%
iter 2728: loss 0.5744, time 405.54ms, mfu 1.89%
iter 2729: loss 0.6132, time 414.45ms, mfu 1.87%
iter 2730: loss 0.6755, time 318.78ms, mfu 1.91%
iter 2731: loss 0.5691, time 383.40ms, mfu 1.90%
iter 2732: loss 0.6612, time 436.82ms, mfu 1.87%
iter 2733: loss 0.5851, time 351.80ms, mfu 1.89%
iter 2734: loss 0.6443, time 227.02ms, mfu 2.01%
iter 2735: loss 0.6011, time 279.88ms, mfu 2.06%
iter 2736: loss 0.5739, time 507.68ms, mfu 2.00%
iter 2737: loss 0.5878, time 483.35ms, mfu 1.94%
iter 2738: loss 0.6246, time 299.96ms, mfu 1.99%
iter 2739: loss 0.6145, time 277.41ms, mfu 2.04%
iter 2740: loss 0.5804, time 356.90ms, mfu 2.04%
iter 2741: loss 0.5013, time 318.44ms, mfu 2.06%
iter 2742: loss 0.6011, time 384.81ms, mfu 2.03%
iter 2743: loss 0.6287, time 587.48ms, mfu 1.95%
iter 2744: loss 0.7175, time 311.37ms, mfu 1.98%
iter 2745: loss 0.6490, time 380.41ms, mfu 1.97%
iter 2746: loss 0.6370, time 443.19ms, mfu 1.93%
iter 2747: loss 0.6445, time 321.38ms, mfu 1.96%
iter 2748: loss 0.6165, time 234.09ms, mfu 2.07%
iter 2749: loss 0.6831, time 602.77ms, mfu 1.98%
iter 2750: loss 0.6544, time 283.12ms, mfu 2.03%
iter 2751: loss 0.6161, time 521.94ms, mfu 1.96%
iter 2752: loss 0.6315, time 328.09ms, mfu 1.98%
iter 2753: loss 0.6008, time 338.59ms, mfu 1.99%
iter 2754: loss 0.5988, time 241.51ms, mfu 2.09%
iter 2755: loss 0.6403, time 320.74ms, mfu 2.10%
iter 2756: loss 0.6480, time 398.16ms, mfu 2.07%
iter 2757: loss 0.6073, time 469.83ms, mfu 2.01%
iter 2758: loss 0.6045, time 301.59ms, mfu 2.05%
iter 2759: loss 0.5857, time 318.47ms, mfu 2.06%
iter 2760: loss 0.5803, time 517.12ms, mfu 1.99%
iter 2761: loss 0.5494, time 466.59ms, mfu 1.95%
iter 2762: loss 0.5518, time 246.09ms, mfu 2.04%
iter 2763: loss 0.5984, time 218.89ms, mfu 2.16%
iter 2764: loss 0.5749, time 494.69ms, mfu 2.09%
iter 2765: loss 0.6032, time 508.43ms, mfu 2.02%
iter 2766: loss 0.5639, time 436.63ms, mfu 1.98%
iter 2767: loss 0.6027, time 285.14ms, mfu 2.03%
iter 2768: loss 0.6117, time 303.70ms, mfu 2.06%
iter 2769: loss 0.6137, time 448.04ms, mfu 2.01%
iter 2770: loss 0.5912, time 334.43ms, mfu 2.02%
iter 2771: loss 0.6228, time 500.19ms, mfu 1.96%
iter 2772: loss 0.6650, time 305.71ms, mfu 2.00%
iter 2773: loss 0.6263, time 504.24ms, mfu 1.94%
iter 2774: loss 0.5973, time 425.04ms, mfu 1.91%
iter 2775: loss 0.6577, time 425.07ms, mfu 1.89%
iter 2776: loss 0.6844, time 379.96ms, mfu 1.88%
iter 2777: loss 0.6892, time 353.15ms, mfu 1.90%
iter 2778: loss 0.5950, time 414.36ms, mfu 1.88%
iter 2779: loss 0.6007, time 395.07ms, mfu 1.87%
iter 2780: loss 0.5710, time 373.44ms, mfu 1.87%
iter 2781: loss 0.5782, time 303.58ms, mfu 1.92%
iter 2782: loss 0.5754, time 395.47ms, mfu 1.91%
iter 2783: loss 0.5838, time 294.56ms, mfu 1.96%
iter 2784: loss 0.5610, time 230.15ms, mfu 2.07%
iter 2785: loss 0.5991, time 414.06ms, mfu 2.03%
iter 2786: loss 0.6151, time 563.27ms, mfu 1.96%
iter 2787: loss 0.5355, time 282.27ms, mfu 2.01%
iter 2788: loss 0.5743, time 379.72ms, mfu 2.00%
iter 2789: loss 0.6206, time 306.38ms, mfu 2.03%
iter 2790: loss 0.5763, time 301.11ms, mfu 2.06%
iter 2791: loss 0.6071, time 426.68ms, mfu 2.02%
iter 2792: loss 0.5892, time 262.40ms, mfu 2.09%
iter 2793: loss 0.5839, time 368.56ms, mfu 2.07%
iter 2794: loss 0.5883, time 528.59ms, mfu 2.00%
iter 2795: loss 0.6083, time 215.55ms, mfu 2.13%
iter 2796: loss 0.6350, time 437.44ms, mfu 2.08%
iter 2797: loss 0.6360, time 508.69ms, mfu 2.01%
iter 2798: loss 0.5544, time 381.93ms, mfu 1.99%
iter 2799: loss 0.6139, time 297.11ms, mfu 2.03%
iter 2800: loss 0.5145, time 450.29ms, mfu 1.99%
  === DIAG iter 2800 ===
  loss: 0.5145
  grads: total 1.0000, transformer 0.2730, adapter 0.9620
  <NUM> input tokens: 531/3072 (17.3%)
  lr: base 3.94e-04, adapter 1.97e-04
  SME accuracy: overall 0.588, sign 0.982, exp 0.864, digit 0.354, end 0.973 [d0 0.542 d1 0.116 d2 0.175 d3 0.245 d4 0.457 d5 0.548 d6 0.533 d7 0.276 d8 0.185 d9 0.353 d10 0.700 d11 1.000 d12 0.286 d13 0.000 d14 0.000] (827 SME tokens)
iter 2801: loss 0.5688, time 223.44ms, mfu 2.11%
iter 2802: loss 0.5854, time 383.04ms, mfu 2.08%
iter 2803: loss 0.6331, time 351.52ms, mfu 2.07%
iter 2804: loss 0.6161, time 492.55ms, mfu 2.01%
iter 2805: loss 0.6136, time 285.53ms, mfu 2.06%
iter 2806: loss 0.6241, time 311.91ms, mfu 2.08%
iter 2807: loss 0.6042, time 422.07ms, mfu 2.04%
iter 2808: loss 0.6598, time 563.76ms, mfu 1.96%
iter 2809: loss 0.5578, time 255.13ms, mfu 2.04%
iter 2810: loss 0.5524, time 513.02ms, mfu 1.98%
iter 2811: loss 0.5664, time 285.40ms, mfu 2.03%
iter 2812: loss 0.6472, time 651.37ms, mfu 1.93%
iter 2813: loss 0.6721, time 337.24ms, mfu 1.95%
iter 2814: loss 0.5353, time 418.20ms, mfu 1.92%
iter 2815: loss 0.6270, time 281.68ms, mfu 1.98%
iter 2816: loss 0.6350, time 319.10ms, mfu 2.01%
iter 2817: loss 0.6093, time 329.06ms, mfu 2.02%
iter 2818: loss 0.5798, time 403.27ms, mfu 2.00%
iter 2819: loss 0.5989, time 378.56ms, mfu 1.98%
iter 2820: loss 0.6461, time 380.43ms, mfu 1.97%
iter 2821: loss 0.5915, time 398.21ms, mfu 1.95%
iter 2822: loss 0.6193, time 288.30ms, mfu 2.00%
iter 2823: loss 0.5073, time 448.19ms, mfu 1.96%
iter 2824: loss 0.6407, time 409.47ms, mfu 1.94%
iter 2825: loss 0.6088, time 423.68ms, mfu 1.91%
iter 2826: loss 0.6349, time 571.80ms, mfu 1.84%
iter 2827: loss 0.5690, time 248.87ms, mfu 1.94%
iter 2828: loss 0.6132, time 398.85ms, mfu 1.93%
iter 2829: loss 0.6730, time 356.34ms, mfu 1.93%
iter 2830: loss 0.5880, time 409.20ms, mfu 1.91%
iter 2831: loss 0.5644, time 238.14ms, mfu 2.02%
iter 2832: loss 0.5393, time 413.47ms, mfu 1.99%
iter 2833: loss 0.5786, time 430.02ms, mfu 1.96%
iter 2834: loss 0.5709, time 316.13ms, mfu 1.98%
iter 2835: loss 0.6431, time 394.00ms, mfu 1.97%
iter 2836: loss 0.5978, time 284.84ms, mfu 2.02%
iter 2837: loss 0.5642, time 473.28ms, mfu 1.97%
iter 2838: loss 0.5852, time 444.11ms, mfu 1.93%
iter 2839: loss 0.5912, time 357.36ms, mfu 1.93%
iter 2840: loss 0.6058, time 404.98ms, mfu 1.92%
iter 2841: loss 0.5682, time 317.30ms, mfu 1.95%
iter 2842: loss 0.6180, time 303.27ms, mfu 1.99%
iter 2843: loss 0.5593, time 408.44ms, mfu 1.96%
iter 2844: loss 0.6073, time 401.32ms, mfu 1.94%
iter 2845: loss 0.5567, time 515.75ms, mfu 1.88%
iter 2846: loss 0.6195, time 384.22ms, mfu 1.88%
iter 2847: loss 0.6056, time 412.16ms, mfu 1.86%
iter 2848: loss 0.6340, time 513.37ms, mfu 1.82%
iter 2849: loss 0.5780, time 263.15ms, mfu 1.90%
iter 2850: loss 0.6145, time 329.06ms, mfu 1.93%
iter 2851: loss 0.6021, time 391.81ms, mfu 1.92%
iter 2852: loss 0.6169, time 381.64ms, mfu 1.91%
iter 2853: loss 0.5753, time 370.63ms, mfu 1.91%
iter 2854: loss 0.5686, time 440.28ms, mfu 1.88%
iter 2855: loss 0.5621, time 300.26ms, mfu 1.93%
iter 2856: loss 0.5689, time 267.26ms, mfu 2.00%
iter 2857: loss 0.5935, time 299.34ms, mfu 2.04%
iter 2858: loss 0.6358, time 328.26ms, mfu 2.05%
iter 2859: loss 0.6013, time 465.69ms, mfu 2.00%
iter 2860: loss 0.6279, time 424.10ms, mfu 1.96%
iter 2861: loss 0.6000, time 300.47ms, mfu 2.00%
iter 2862: loss 0.5964, time 509.32ms, mfu 1.94%
iter 2863: loss 0.5574, time 275.28ms, mfu 2.01%
iter 2864: loss 0.5721, time 317.72ms, mfu 2.03%
iter 2865: loss 0.5996, time 267.61ms, mfu 2.09%
iter 2866: loss 0.5921, time 363.24ms, mfu 2.08%
iter 2867: loss 0.5547, time 309.39ms, mfu 2.10%
iter 2868: loss 0.6527, time 250.47ms, mfu 2.17%
iter 2869: loss 0.5977, time 402.71ms, mfu 2.13%
iter 2870: loss 0.6046, time 353.61ms, mfu 2.12%
iter 2871: loss 0.5985, time 396.44ms, mfu 2.08%
iter 2872: loss 0.6335, time 360.14ms, mfu 2.07%
iter 2873: loss 0.6253, time 454.27ms, mfu 2.02%
iter 2874: loss 0.6266, time 272.26ms, mfu 2.08%
iter 2875: loss 0.6182, time 410.30ms, mfu 2.04%
iter 2876: loss 0.5956, time 288.86ms, mfu 2.09%
iter 2877: loss 0.5787, time 501.10ms, mfu 2.02%
iter 2878: loss 0.6218, time 357.93ms, mfu 2.01%
iter 2879: loss 0.5954, time 312.39ms, mfu 2.04%
iter 2880: loss 0.6062, time 463.11ms, mfu 1.99%
iter 2881: loss 0.5410, time 415.06ms, mfu 1.96%
iter 2882: loss 0.6500, time 364.22ms, mfu 1.96%
iter 2883: loss 0.5846, time 318.32ms, mfu 1.99%
iter 2884: loss 0.6501, time 265.89ms, mfu 2.05%
iter 2885: loss 0.5912, time 452.81ms, mfu 2.01%
iter 2886: loss 0.6060, time 470.10ms, mfu 1.96%
iter 2887: loss 0.5577, time 338.05ms, mfu 1.97%
iter 2888: loss 0.5800, time 372.14ms, mfu 1.96%
iter 2889: loss 0.6174, time 430.08ms, mfu 1.93%
iter 2890: loss 0.5895, time 525.31ms, mfu 1.87%
iter 2891: loss 0.6418, time 412.55ms, mfu 1.86%
iter 2892: loss 0.6352, time 410.65ms, mfu 1.84%
iter 2893: loss 0.5745, time 398.23ms, mfu 1.84%
iter 2894: loss 0.6186, time 229.62ms, mfu 1.96%
iter 2895: loss 0.6340, time 382.56ms, mfu 1.95%
iter 2896: loss 0.5749, time 426.19ms, mfu 1.92%
iter 2897: loss 0.6062, time 379.73ms, mfu 1.92%
iter 2898: loss 0.5173, time 449.96ms, mfu 1.88%
iter 2899: loss 0.5233, time 408.00ms, mfu 1.87%
iter 2900: loss 0.5649, time 584.46ms, mfu 1.80%
  === DIAG iter 2900 ===
  loss: 0.5649
  grads: total 1.0000, transformer 0.2655, adapter 0.9641
  <NUM> input tokens: 482/3072 (15.7%)
  lr: base 3.93e-04, adapter 1.96e-04
  SME accuracy: overall 0.599, sign 0.956, exp 0.876, digit 0.365, end 0.985 [d0 0.474 d1 0.159 d2 0.129 d3 0.255 d4 0.353 d5 0.333 d6 0.303 d7 0.333 d8 0.370 d9 0.800 d10 0.857 d11 0.857 d12 0.692 d13 0.455 d14 0.333] (1004 SME tokens)
iter 2901: loss 0.5707, time 204.69ms, mfu 1.97%
iter 2902: loss 0.6102, time 424.63ms, mfu 1.94%
iter 2903: loss 0.5948, time 443.80ms, mfu 1.90%
iter 2904: loss 0.6007, time 398.83ms, mfu 1.89%
iter 2905: loss 0.5457, time 299.85ms, mfu 1.94%
iter 2906: loss 0.6233, time 413.80ms, mfu 1.92%
iter 2907: loss 0.6437, time 438.33ms, mfu 1.89%
iter 2908: loss 0.6217, time 256.19ms, mfu 1.97%
iter 2909: loss 0.6096, time 422.94ms, mfu 1.94%
iter 2910: loss 0.5798, time 344.36ms, mfu 1.96%
iter 2911: loss 0.6308, time 251.90ms, mfu 2.04%
iter 2912: loss 0.5606, time 352.47ms, mfu 2.04%
iter 2913: loss 0.6001, time 520.35ms, mfu 1.97%
iter 2914: loss 0.6119, time 330.68ms, mfu 1.99%
iter 2915: loss 0.6791, time 400.24ms, mfu 1.97%
iter 2916: loss 0.6255, time 254.50ms, mfu 2.05%
iter 2917: loss 0.6018, time 345.75ms, mfu 2.05%
iter 2918: loss 0.5684, time 484.20ms, mfu 1.99%
iter 2919: loss 0.5573, time 280.97ms, mfu 2.04%
iter 2920: loss 0.6202, time 335.98ms, mfu 2.05%
iter 2921: loss 0.6134, time 486.46ms, mfu 1.99%
iter 2922: loss 0.5574, time 436.34ms, mfu 1.95%
iter 2923: loss 0.6749, time 410.65ms, mfu 1.93%
iter 2924: loss 0.6247, time 361.87ms, mfu 1.93%
iter 2925: loss 0.6463, time 342.98ms, mfu 1.95%
iter 2926: loss 0.5720, time 400.89ms, mfu 1.93%
iter 2927: loss 0.5815, time 387.91ms, mfu 1.92%
iter 2928: loss 0.6415, time 391.42ms, mfu 1.91%
iter 2929: loss 0.6273, time 420.48ms, mfu 1.89%
iter 2930: loss 0.5606, time 328.66ms, mfu 1.91%
iter 2931: loss 0.5931, time 435.35ms, mfu 1.88%
iter 2932: loss 0.6187, time 284.10ms, mfu 1.95%
iter 2933: loss 0.5540, time 381.14ms, mfu 1.94%
iter 2934: loss 0.5400, time 520.31ms, mfu 1.88%
iter 2935: loss 0.5161, time 228.11ms, mfu 2.00%
iter 2936: loss 0.5970, time 432.94ms, mfu 1.97%
iter 2937: loss 0.5689, time 396.84ms, mfu 1.95%
iter 2938: loss 0.6441, time 364.59ms, mfu 1.95%
iter 2939: loss 0.5814, time 369.40ms, mfu 1.94%
iter 2940: loss 0.6242, time 441.31ms, mfu 1.91%
iter 2941: loss 0.5769, time 433.59ms, mfu 1.88%
iter 2942: loss 0.5960, time 364.79ms, mfu 1.89%
iter 2943: loss 0.5727, time 432.82ms, mfu 1.86%
iter 2944: loss 0.5687, time 375.55ms, mfu 1.87%
iter 2945: loss 0.6236, time 405.40ms, mfu 1.85%
iter 2946: loss 0.5690, time 369.55ms, mfu 1.86%
iter 2947: loss 0.5633, time 440.70ms, mfu 1.84%
iter 2948: loss 0.5966, time 358.22ms, mfu 1.85%
iter 2949: loss 0.5436, time 338.14ms, mfu 1.87%
iter 2950: loss 0.5874, time 300.44ms, mfu 1.92%
iter 2951: loss 0.6584, time 413.00ms, mfu 1.90%
iter 2952: loss 0.6108, time 304.45ms, mfu 1.94%
iter 2953: loss 0.5583, time 430.30ms, mfu 1.91%
iter 2954: loss 0.5859, time 375.15ms, mfu 1.91%
iter 2955: loss 0.5615, time 324.43ms, mfu 1.94%
iter 2956: loss 0.5096, time 289.99ms, mfu 1.99%
iter 2957: loss 0.6041, time 497.59ms, mfu 1.93%
iter 2958: loss 0.6106, time 242.09ms, mfu 2.03%
iter 2959: loss 0.5610, time 483.61ms, mfu 1.98%
iter 2960: loss 0.6062, time 315.01ms, mfu 2.00%
iter 2961: loss 0.5781, time 421.87ms, mfu 1.97%
iter 2962: loss 0.6052, time 289.47ms, mfu 2.02%
iter 2963: loss 0.5348, time 522.20ms, mfu 1.95%
iter 2964: loss 0.6027, time 302.93ms, mfu 1.99%
iter 2965: loss 0.5696, time 410.30ms, mfu 1.96%
iter 2966: loss 0.6068, time 331.96ms, mfu 1.98%
iter 2967: loss 0.6539, time 398.28ms, mfu 1.96%
iter 2968: loss 0.6217, time 422.11ms, mfu 1.93%
iter 2969: loss 0.5736, time 537.32ms, mfu 1.87%
iter 2970: loss 0.5683, time 520.82ms, mfu 1.82%
iter 2971: loss 0.5837, time 281.90ms, mfu 1.89%
iter 2972: loss 0.5641, time 557.47ms, mfu 1.83%
iter 2973: loss 0.5624, time 291.57ms, mfu 1.89%
iter 2974: loss 0.6298, time 433.63ms, mfu 1.86%
iter 2975: loss 0.6102, time 304.22ms, mfu 1.91%
iter 2976: loss 0.5886, time 356.98ms, mfu 1.92%
iter 2977: loss 0.6070, time 394.06ms, mfu 1.91%
iter 2978: loss 0.5852, time 417.79ms, mfu 1.88%
iter 2979: loss 0.5567, time 416.99ms, mfu 1.87%
iter 2980: loss 0.5869, time 419.51ms, mfu 1.85%
iter 2981: loss 0.5873, time 432.25ms, mfu 1.83%
iter 2982: loss 0.5997, time 406.28ms, mfu 1.82%
iter 2983: loss 0.5653, time 400.03ms, mfu 1.81%
iter 2984: loss 0.5393, time 252.13ms, mfu 1.91%
iter 2985: loss 0.5631, time 389.65ms, mfu 1.90%
iter 2986: loss 0.6067, time 310.14ms, mfu 1.94%
iter 2987: loss 0.6346, time 421.87ms, mfu 1.92%
iter 2988: loss 0.6016, time 502.28ms, mfu 1.87%
iter 2989: loss 0.5938, time 258.21ms, mfu 1.95%
iter 2990: loss 0.6882, time 422.37ms, mfu 1.93%
iter 2991: loss 0.6245, time 306.60ms, mfu 1.96%
iter 2992: loss 0.5845, time 501.52ms, mfu 1.91%
iter 2993: loss 0.5215, time 459.32ms, mfu 1.87%
iter 2994: loss 0.5607, time 322.85ms, mfu 1.91%
iter 2995: loss 0.5308, time 427.27ms, mfu 1.88%
iter 2996: loss 0.6383, time 387.00ms, mfu 1.88%
iter 2997: loss 0.6696, time 297.02ms, mfu 1.93%
iter 2998: loss 0.5494, time 494.93ms, mfu 1.88%
iter 2999: loss 0.5993, time 296.31ms, mfu 1.93%
iter 3000: loss 0.5537, time 589.60ms, mfu 1.86%
  === DIAG iter 3000 ===
  loss: 0.5537
  grads: total 1.0000, transformer 0.2392, adapter 0.9710
  <NUM> input tokens: 516/3072 (16.8%)
  lr: base 3.91e-04, adapter 1.96e-04
  SME accuracy: overall 0.562, sign 0.950, exp 0.877, digit 0.311, end 0.984 [d0 0.525 d1 0.133 d2 0.156 d3 0.173 d4 0.189 d5 0.278 d6 0.242 d7 0.290 d8 0.407 d9 0.533 d10 0.636 d11 0.500 d12 0.222 d13 0.167 d14 0.000] (911 SME tokens)
  --- Sample eval (val) ---
  SUB: <0.0865> - <5.548e-08> →
    target: 0.0865
    pred:   0.05
    error:  0.04

  D3D9D3D3D2D2D6D3D2END
    target: 7.418e+08
    pred:   8e+08
    error:  58161378.00

  MAX: <4.09e+08> <-2000> <1e+09> →
    target: 1e+09
    pred:   1e+09
    error:  0.00

  
    target: 6.13e+05 2e+08 9.79e+08 1e+09
    pred:   INVALID(unparseable) INVALID(unparseable) 8e+08 1e+09
    error:  N/A N/A 179000000.00 0.00

  MIN: <0.0007> <-1e+09> →
    target: -1e+09
    pred:   -1e+09
    error:  0.00

iter 3001: loss 0.5908, time 260.18ms, mfu 1.94%
iter 3002: loss 0.5748, time 241.62ms, mfu 2.04%
iter 3003: loss 0.6334, time 481.21ms, mfu 1.98%
iter 3004: loss 0.5920, time 521.48ms, mfu 1.92%
iter 3005: loss 0.5998, time 483.21ms, mfu 1.88%
iter 3006: loss 0.6142, time 333.46ms, mfu 1.90%
iter 3007: loss 0.6445, time 512.24ms, mfu 1.85%
iter 3008: loss 0.5867, time 269.30ms, mfu 1.93%
iter 3009: loss 0.6492, time 269.17ms, mfu 2.00%
iter 3010: loss 0.5742, time 438.44ms, mfu 1.96%
iter 3011: loss 0.6065, time 413.97ms, mfu 1.94%
iter 3012: loss 0.5508, time 377.05ms, mfu 1.93%
iter 3013: loss 0.6192, time 414.94ms, mfu 1.91%
iter 3014: loss 0.6107, time 319.64ms, mfu 1.94%
iter 3015: loss 0.5746, time 441.98ms, mfu 1.91%
iter 3016: loss 0.5908, time 420.40ms, mfu 1.88%
iter 3017: loss 0.6172, time 295.82ms, mfu 1.93%
iter 3018: loss 0.6633, time 424.47ms, mfu 1.91%
iter 3019: loss 0.6306, time 425.80ms, mfu 1.88%
iter 3020: loss 0.6125, time 333.03ms, mfu 1.91%
iter 3021: loss 0.5340, time 402.84ms, mfu 1.89%
iter 3022: loss 0.5854, time 344.83ms, mfu 1.91%
iter 3023: loss 0.5643, time 414.22ms, mfu 1.89%
iter 3024: loss 0.5739, time 218.98ms, mfu 2.02%
iter 3025: loss 0.5888, time 381.08ms, mfu 2.01%
iter 3026: loss 0.6532, time 480.61ms, mfu 1.95%
iter 3027: loss 0.6134, time 312.72ms, mfu 1.99%
iter 3028: loss 0.5649, time 565.23ms, mfu 1.91%
iter 3029: loss 0.6098, time 427.86ms, mfu 1.89%
iter 3030: loss 0.5666, time 376.33ms, mfu 1.89%
iter 3031: loss 0.5275, time 291.10ms, mfu 1.94%
iter 3032: loss 0.5947, time 267.72ms, mfu 2.01%
iter 3033: loss 0.5716, time 550.43ms, mfu 1.94%
iter 3034: loss 0.6695, time 302.00ms, mfu 1.98%
iter 3035: loss 0.6296, time 454.83ms, mfu 1.94%
iter 3036: loss 0.5557, time 449.80ms, mfu 1.90%
iter 3037: loss 0.5568, time 349.94ms, mfu 1.91%
iter 3038: loss 0.5654, time 361.94ms, mfu 1.92%
iter 3039: loss 0.6132, time 372.33ms, mfu 1.92%
iter 3040: loss 0.5694, time 487.59ms, mfu 1.87%
iter 3041: loss 0.6102, time 340.93ms, mfu 1.89%
iter 3042: loss 0.6145, time 305.82ms, mfu 1.93%
iter 3043: loss 0.5997, time 193.25ms, mfu 2.11%
iter 3044: loss 0.5072, time 380.69ms, mfu 2.08%
iter 3045: loss 0.5819, time 395.95ms, mfu 2.05%
iter 3046: loss 0.5671, time 415.80ms, mfu 2.02%
iter 3047: loss 0.6093, time 324.61ms, mfu 2.04%
iter 3048: loss 0.5940, time 419.67ms, mfu 2.00%
iter 3049: loss 0.5954, time 378.28ms, mfu 1.99%
iter 3050: loss 0.5448, time 273.16ms, mfu 2.05%
iter 3051: loss 0.6090, time 301.94ms, mfu 2.08%
iter 3052: loss 0.5808, time 249.93ms, mfu 2.15%
iter 3053: loss 0.5709, time 386.88ms, mfu 2.12%
iter 3054: loss 0.5670, time 393.24ms, mfu 2.09%
iter 3055: loss 0.6153, time 262.56ms, mfu 2.15%
iter 3056: loss 0.6191, time 453.27ms, mfu 2.09%
iter 3057: loss 0.5413, time 333.32ms, mfu 2.10%
iter 3058: loss 0.5591, time 397.76ms, mfu 2.06%
iter 3059: loss 0.5155, time 348.52ms, mfu 2.06%
iter 3060: loss 0.5846, time 301.12ms, mfu 2.09%
iter 3061: loss 0.6279, time 474.99ms, mfu 2.03%
iter 3062: loss 0.4913, time 363.88ms, mfu 2.02%
iter 3063: loss 0.5853, time 404.88ms, mfu 2.00%
iter 3064: loss 0.6160, time 320.74ms, mfu 2.02%
iter 3065: loss 0.5950, time 296.92ms, mfu 2.05%
iter 3066: loss 0.6158, time 294.85ms, mfu 2.09%
iter 3067: loss 0.6012, time 447.70ms, mfu 2.04%
iter 3068: loss 0.6699, time 342.43ms, mfu 2.04%
iter 3069: loss 0.5965, time 296.17ms, mfu 2.08%
iter 3070: loss 0.5861, time 470.36ms, mfu 2.02%
iter 3071: loss 0.5687, time 353.28ms, mfu 2.02%
iter 3072: loss 0.5813, time 288.09ms, mfu 2.06%
iter 3073: loss 0.5332, time 423.52ms, mfu 2.02%
iter 3074: loss 0.6343, time 410.32ms, mfu 1.99%
iter 3075: loss 0.5814, time 379.26ms, mfu 1.98%
iter 3076: loss 0.6087, time 382.01ms, mfu 1.97%
iter 3077: loss 0.6335, time 252.39ms, mfu 2.05%
iter 3078: loss 0.5492, time 351.17ms, mfu 2.05%
iter 3079: loss 0.6566, time 465.74ms, mfu 2.00%
iter 3080: loss 0.5506, time 236.52ms, mfu 2.10%
iter 3081: loss 0.5656, time 382.81ms, mfu 2.07%
iter 3082: loss 0.5658, time 368.19ms, mfu 2.06%
iter 3083: loss 0.6300, time 447.71ms, mfu 2.01%
iter 3084: loss 0.5918, time 439.78ms, mfu 1.97%
iter 3085: loss 0.6637, time 380.33ms, mfu 1.96%
iter 3086: loss 0.6707, time 364.05ms, mfu 1.96%
iter 3087: loss 0.6050, time 338.43ms, mfu 1.97%
iter 3088: loss 0.6323, time 366.45ms, mfu 1.97%
iter 3089: loss 0.6258, time 447.23ms, mfu 1.93%
iter 3090: loss 0.5379, time 409.03ms, mfu 1.91%
iter 3091: loss 0.5779, time 252.22ms, mfu 2.00%
iter 3092: loss 0.5496, time 386.94ms, mfu 1.98%
iter 3093: loss 0.5827, time 541.13ms, mfu 1.92%
iter 3094: loss 0.5801, time 366.11ms, mfu 1.92%
iter 3095: loss 0.6249, time 382.76ms, mfu 1.91%
iter 3096: loss 0.5863, time 268.04ms, mfu 1.98%
iter 3097: loss 0.5609, time 386.57ms, mfu 1.97%
iter 3098: loss 0.6375, time 430.48ms, mfu 1.94%
iter 3099: loss 0.5430, time 301.93ms, mfu 1.98%
iter 3100: loss 0.6024, time 536.29ms, mfu 1.91%
  === DIAG iter 3100 ===
  loss: 0.6024
  grads: total 1.0000, transformer 0.1852, adapter 0.9827
  <NUM> input tokens: 473/3072 (15.4%)
  lr: base 3.89e-04, adapter 1.95e-04
  SME accuracy: overall 0.543, sign 0.935, exp 0.902, digit 0.304, end 0.984 [d0 0.475 d1 0.073 d2 0.087 d3 0.169 d4 0.306 d5 0.343 d6 0.371 d7 0.394 d8 0.419 d9 0.765 d10 0.625 d11 0.438 d12 0.500 d13 0.444 d14 0.167] (986 SME tokens)
iter 3101: loss 0.5338, time 221.88ms, mfu 2.04%
iter 3102: loss 0.5579, time 298.71ms, mfu 2.07%
iter 3103: loss 0.6319, time 382.55ms, mfu 2.05%
iter 3104: loss 0.6250, time 349.33ms, mfu 2.05%
iter 3105: loss 0.6447, time 486.88ms, mfu 1.99%
iter 3106: loss 0.5835, time 300.84ms, mfu 2.03%
iter 3107: loss 0.5917, time 434.53ms, mfu 1.99%
iter 3108: loss 0.5796, time 397.63ms, mfu 1.97%
iter 3109: loss 0.6252, time 352.06ms, mfu 1.97%
iter 3110: loss 0.6576, time 303.25ms, mfu 2.01%
iter 3111: loss 0.5913, time 374.29ms, mfu 2.00%
iter 3112: loss 0.5903, time 556.84ms, mfu 1.92%
iter 3113: loss 0.5655, time 345.43ms, mfu 1.94%
iter 3114: loss 0.6199, time 262.77ms, mfu 2.01%
iter 3115: loss 0.5662, time 371.23ms, mfu 2.00%
iter 3116: loss 0.6583, time 346.93ms, mfu 2.01%
iter 3117: loss 0.5765, time 297.55ms, mfu 2.04%
iter 3118: loss 0.5417, time 369.96ms, mfu 2.03%
iter 3119: loss 0.6108, time 345.16ms, mfu 2.03%
iter 3120: loss 0.5753, time 366.89ms, mfu 2.02%
iter 3121: loss 0.5688, time 437.41ms, mfu 1.98%
iter 3122: loss 0.5903, time 399.40ms, mfu 1.96%
iter 3123: loss 0.5972, time 430.44ms, mfu 1.93%
iter 3124: loss 0.5145, time 281.46ms, mfu 1.99%
iter 3125: loss 0.6163, time 368.09ms, mfu 1.98%
iter 3126: loss 0.5783, time 363.02ms, mfu 1.98%
iter 3127: loss 0.6011, time 334.73ms, mfu 1.99%
iter 3128: loss 0.6213, time 334.28ms, mfu 2.01%
iter 3129: loss 0.5527, time 407.34ms, mfu 1.98%
iter 3130: loss 0.5758, time 401.17ms, mfu 1.96%
iter 3131: loss 0.5736, time 262.98ms, mfu 2.03%
iter 3132: loss 0.5296, time 359.75ms, mfu 2.03%
iter 3133: loss 0.5685, time 419.51ms, mfu 1.99%
iter 3134: loss 0.5546, time 449.16ms, mfu 1.95%
iter 3135: loss 0.5868, time 457.25ms, mfu 1.91%
iter 3136: loss 0.5908, time 428.80ms, mfu 1.88%
iter 3137: loss 0.5796, time 386.05ms, mfu 1.88%
iter 3138: loss 0.6596, time 378.65ms, mfu 1.88%
iter 3139: loss 0.6894, time 365.66ms, mfu 1.89%
iter 3140: loss 0.5984, time 450.69ms, mfu 1.85%
iter 3141: loss 0.5712, time 522.06ms, mfu 1.80%
iter 3142: loss 0.5754, time 449.41ms, mfu 1.78%
iter 3143: loss 0.6331, time 368.19ms, mfu 1.80%
iter 3144: loss 0.5531, time 424.25ms, mfu 1.78%
iter 3145: loss 0.5450, time 371.03ms, mfu 1.80%
iter 3146: loss 0.5523, time 386.05ms, mfu 1.80%
iter 3147: loss 0.5721, time 352.59ms, mfu 1.82%
iter 3148: loss 0.5704, time 295.89ms, mfu 1.88%
iter 3149: loss 0.6058, time 244.43ms, mfu 1.98%
iter 3150: loss 0.6222, time 332.97ms, mfu 2.00%
iter 3151: loss 0.5862, time 354.79ms, mfu 2.00%
iter 3152: loss 0.5716, time 259.17ms, mfu 2.07%
iter 3153: loss 0.5632, time 480.68ms, mfu 2.01%
iter 3154: loss 0.5564, time 340.18ms, mfu 2.02%
iter 3155: loss 0.6171, time 559.59ms, mfu 1.94%
iter 3156: loss 0.6061, time 355.23ms, mfu 1.95%
iter 3157: loss 0.5581, time 434.97ms, mfu 1.92%
iter 3158: loss 0.6399, time 399.87ms, mfu 1.90%
iter 3159: loss 0.5733, time 376.62ms, mfu 1.90%
iter 3160: loss 0.6025, time 333.40ms, mfu 1.92%
iter 3161: loss 0.5178, time 243.91ms, mfu 2.02%
iter 3162: loss 0.6005, time 619.59ms, mfu 1.93%
iter 3163: loss 0.5990, time 432.02ms, mfu 1.90%
iter 3164: loss 0.6480, time 352.14ms, mfu 1.91%
iter 3165: loss 0.6230, time 321.19ms, mfu 1.94%
iter 3166: loss 0.5975, time 426.93ms, mfu 1.92%
iter 3167: loss 0.6026, time 355.14ms, mfu 1.92%
iter 3168: loss 0.6221, time 468.86ms, mfu 1.88%
iter 3169: loss 0.5857, time 494.63ms, mfu 1.84%
iter 3170: loss 0.5206, time 456.71ms, mfu 1.81%
iter 3171: loss 0.6163, time 328.44ms, mfu 1.84%
iter 3172: loss 0.6303, time 447.95ms, mfu 1.82%
iter 3173: loss 0.5504, time 333.95ms, mfu 1.85%
iter 3174: loss 0.5459, time 457.53ms, mfu 1.82%
iter 3175: loss 0.6542, time 327.92ms, mfu 1.85%
iter 3176: loss 0.5397, time 298.52ms, mfu 1.90%
iter 3177: loss 0.5993, time 317.65ms, mfu 1.94%
iter 3178: loss 0.6138, time 474.06ms, mfu 1.89%
iter 3179: loss 0.5912, time 330.29ms, mfu 1.92%
iter 3180: loss 0.5775, time 305.17ms, mfu 1.96%
iter 3181: loss 0.5863, time 438.25ms, mfu 1.92%
iter 3182: loss 0.5415, time 470.21ms, mfu 1.88%
iter 3183: loss 0.5076, time 468.06ms, mfu 1.85%
iter 3184: loss 0.5565, time 365.21ms, mfu 1.86%
iter 3185: loss 0.6197, time 330.64ms, mfu 1.88%
iter 3186: loss 0.5548, time 438.75ms, mfu 1.86%
iter 3187: loss 0.5886, time 383.91ms, mfu 1.86%
iter 3188: loss 0.6582, time 464.61ms, mfu 1.82%
iter 3189: loss 0.6415, time 216.96ms, mfu 1.97%
iter 3190: loss 0.5788, time 349.41ms, mfu 1.97%
iter 3191: loss 0.6007, time 450.48ms, mfu 1.93%
iter 3192: loss 0.6220, time 412.48ms, mfu 1.91%
iter 3193: loss 0.5619, time 311.12ms, mfu 1.95%
iter 3194: loss 0.6100, time 373.26ms, mfu 1.94%
iter 3195: loss 0.5621, time 261.08ms, mfu 2.02%
iter 3196: loss 0.5645, time 361.97ms, mfu 2.01%
iter 3197: loss 0.6006, time 360.49ms, mfu 2.01%
iter 3198: loss 0.6742, time 354.71ms, mfu 2.01%
iter 3199: loss 0.6085, time 404.57ms, mfu 1.98%
iter 3200: loss 0.5893, time 556.85ms, mfu 1.91%
  === DIAG iter 3200 ===
  loss: 0.5893
  grads: total 1.0000, transformer 0.4503, adapter 0.8929
  <NUM> input tokens: 535/3072 (17.4%)
  lr: base 3.87e-04, adapter 1.94e-04
  SME accuracy: overall 0.535, sign 0.949, exp 0.830, digit 0.271, end 0.985 [d0 0.508 d1 0.105 d2 0.110 d3 0.075 d4 0.150 d5 0.205 d6 0.184 d7 0.216 d8 0.147 d9 0.600 d10 1.000 d11 0.857 d12 0.500 d13 0.400 d14 0.250] (996 SME tokens)
iter 3201: loss 0.5798, time 173.12ms, mfu 2.13%
iter 3202: loss 0.6151, time 423.99ms, mfu 2.08%
iter 3203: loss 0.5859, time 336.93ms, mfu 2.09%
iter 3204: loss 0.6747, time 393.90ms, mfu 2.06%
iter 3205: loss 0.5561, time 379.08ms, mfu 2.04%
iter 3206: loss 0.5978, time 447.41ms, mfu 1.99%
iter 3207: loss 0.6075, time 308.31ms, mfu 2.02%
iter 3208: loss 0.6489, time 291.24ms, mfu 2.06%
iter 3209: loss 0.6436, time 362.90ms, mfu 2.05%
iter 3210: loss 0.5904, time 408.47ms, mfu 2.02%
iter 3211: loss 0.5938, time 337.73ms, mfu 2.03%
iter 3212: loss 0.5344, time 263.98ms, mfu 2.09%
iter 3213: loss 0.5839, time 242.20ms, mfu 2.18%
iter 3214: loss 0.5623, time 505.57ms, mfu 2.10%
iter 3215: loss 0.6065, time 448.53ms, mfu 2.05%
iter 3216: loss 0.5853, time 409.92ms, mfu 2.02%
iter 3217: loss 0.5080, time 413.48ms, mfu 1.99%
iter 3218: loss 0.6157, time 443.93ms, mfu 1.95%
iter 3219: loss 0.5376, time 328.62ms, mfu 1.97%
iter 3220: loss 0.5906, time 395.69ms, mfu 1.95%
iter 3221: loss 0.5832, time 412.80ms, mfu 1.93%
iter 3222: loss 0.5706, time 339.02ms, mfu 1.94%
iter 3223: loss 0.6178, time 423.26ms, mfu 1.92%
iter 3224: loss 0.5819, time 341.38ms, mfu 1.93%
iter 3225: loss 0.5614, time 383.44ms, mfu 1.92%
iter 3226: loss 0.5902, time 351.87ms, mfu 1.93%
iter 3227: loss 0.6066, time 225.78ms, mfu 2.05%
iter 3228: loss 0.5628, time 385.96ms, mfu 2.03%
iter 3229: loss 0.6148, time 359.81ms, mfu 2.03%
iter 3230: loss 0.5968, time 486.28ms, mfu 1.97%
iter 3231: loss 0.5942, time 272.45ms, mfu 2.03%
iter 3232: loss 0.5287, time 297.01ms, mfu 2.07%
iter 3233: loss 0.5654, time 539.18ms, mfu 1.99%
iter 3234: loss 0.5970, time 311.41ms, mfu 2.02%
iter 3235: loss 0.6238, time 393.28ms, mfu 2.00%
iter 3236: loss 0.5923, time 368.97ms, mfu 1.99%
iter 3237: loss 0.6103, time 324.64ms, mfu 2.01%
iter 3238: loss 0.6578, time 374.83ms, mfu 2.00%
iter 3239: loss 0.5398, time 462.54ms, mfu 1.95%
iter 3240: loss 0.5888, time 391.72ms, mfu 1.94%
iter 3241: loss 0.5644, time 269.17ms, mfu 2.01%
iter 3242: loss 0.5489, time 349.16ms, mfu 2.01%
iter 3243: loss 0.6215, time 247.58ms, mfu 2.09%
iter 3244: loss 0.5434, time 263.63ms, mfu 2.15%
iter 3245: loss 0.5666, time 446.28ms, mfu 2.10%
iter 3246: loss 0.5884, time 458.90ms, mfu 2.04%
iter 3247: loss 0.5765, time 374.60ms, mfu 2.03%
iter 3248: loss 0.6102, time 408.53ms, mfu 2.00%
iter 3249: loss 0.6077, time 298.70ms, mfu 2.04%
iter 3250: loss 0.5668, time 301.56ms, mfu 2.07%
iter 3251: loss 0.5937, time 433.32ms, mfu 2.02%
iter 3252: loss 0.5606, time 457.72ms, mfu 1.98%
iter 3253: loss 0.5972, time 229.66ms, mfu 2.09%
iter 3254: loss 0.5665, time 437.71ms, mfu 2.04%
iter 3255: loss 0.5770, time 209.86ms, mfu 2.17%
iter 3256: loss 0.5522, time 489.22ms, mfu 2.10%
iter 3257: loss 0.6045, time 388.23ms, mfu 2.07%
iter 3258: loss 0.5929, time 288.17ms, mfu 2.11%
iter 3259: loss 0.5908, time 456.30ms, mfu 2.06%
iter 3260: loss 0.5703, time 268.06ms, mfu 2.12%
iter 3261: loss 0.5638, time 347.07ms, mfu 2.11%
iter 3262: loss 0.6033, time 409.13ms, mfu 2.07%
iter 3263: loss 0.5765, time 264.04ms, mfu 2.13%
iter 3264: loss 0.6451, time 236.92ms, mfu 2.22%
iter 3265: loss 0.6056, time 455.94ms, mfu 2.15%
iter 3266: loss 0.5552, time 398.64ms, mfu 2.11%
iter 3267: loss 0.5429, time 402.62ms, mfu 2.08%
iter 3268: loss 0.5964, time 462.86ms, mfu 2.02%
iter 3269: loss 0.6133, time 378.51ms, mfu 2.01%
iter 3270: loss 0.6370, time 313.53ms, mfu 2.03%
iter 3271: loss 0.5663, time 254.47ms, mfu 2.11%
iter 3272: loss 0.6080, time 424.67ms, mfu 2.07%
iter 3273: loss 0.6631, time 383.10ms, mfu 2.04%
iter 3274: loss 0.5865, time 305.41ms, mfu 2.07%
iter 3275: loss 0.5690, time 416.34ms, mfu 2.03%
iter 3276: loss 0.6197, time 243.39ms, mfu 2.12%
iter 3277: loss 0.5932, time 314.72ms, mfu 2.14%
iter 3278: loss 0.5390, time 409.22ms, mfu 2.09%
iter 3279: loss 0.6377, time 415.46ms, mfu 2.06%
iter 3280: loss 0.6222, time 442.70ms, mfu 2.01%
iter 3281: loss 0.6300, time 481.51ms, mfu 1.96%
iter 3282: loss 0.6287, time 259.13ms, mfu 2.03%
iter 3283: loss 0.6184, time 246.69ms, mfu 2.12%
iter 3284: loss 0.5395, time 471.09ms, mfu 2.06%
iter 3285: loss 0.5303, time 403.67ms, mfu 2.03%
iter 3286: loss 0.6095, time 429.91ms, mfu 1.99%
iter 3287: loss 0.5293, time 440.54ms, mfu 1.95%
iter 3288: loss 0.4982, time 420.26ms, mfu 1.92%
iter 3289: loss 0.5873, time 443.11ms, mfu 1.89%
iter 3290: loss 0.5659, time 465.51ms, mfu 1.85%
iter 3291: loss 0.5642, time 293.14ms, mfu 1.91%
iter 3292: loss 0.5736, time 373.61ms, mfu 1.91%
iter 3293: loss 0.5410, time 379.30ms, mfu 1.91%
iter 3294: loss 0.5580, time 243.06ms, mfu 2.01%
iter 3295: loss 0.5677, time 320.42ms, mfu 2.03%
iter 3296: loss 0.6282, time 381.12ms, mfu 2.01%
iter 3297: loss 0.6203, time 416.55ms, mfu 1.98%
iter 3298: loss 0.5863, time 386.77ms, mfu 1.96%
iter 3299: loss 0.5561, time 355.34ms, mfu 1.97%
iter 3300: loss 0.5794, time 672.89ms, mfu 1.88%
  === DIAG iter 3300 ===
  loss: 0.5794
  grads: total 1.0000, transformer 0.2166, adapter 0.9763
  <NUM> input tokens: 480/3072 (15.6%)
  lr: base 3.85e-04, adapter 1.93e-04
  SME accuracy: overall 0.559, sign 0.961, exp 0.866, digit 0.326, end 0.969 [d0 0.536 d1 0.125 d2 0.107 d3 0.263 d4 0.310 d5 0.425 d6 0.324 d7 0.351 d8 0.290 d9 0.500 d10 0.500 d11 0.667 d12 0.500 d13 0.364 d14 0.125] (991 SME tokens)
iter 3301: loss 0.5227, time 209.58ms, mfu 2.03%
iter 3302: loss 0.5775, time 435.35ms, mfu 1.99%
iter 3303: loss 0.5958, time 479.58ms, mfu 1.94%
iter 3304: loss 0.5189, time 368.54ms, mfu 1.93%
iter 3305: loss 0.5554, time 232.85ms, mfu 2.05%
iter 3306: loss 0.6659, time 357.17ms, mfu 2.04%
iter 3307: loss 0.5954, time 339.55ms, mfu 2.04%
iter 3308: loss 0.5340, time 231.44ms, mfu 2.15%
iter 3309: loss 0.5932, time 330.88ms, mfu 2.15%
iter 3310: loss 0.5909, time 453.07ms, mfu 2.09%
iter 3311: loss 0.5516, time 393.60ms, mfu 2.06%
iter 3312: loss 0.6288, time 304.51ms, mfu 2.09%
iter 3313: loss 0.6696, time 431.05ms, mfu 2.04%
iter 3314: loss 0.6155, time 398.45ms, mfu 2.02%
iter 3315: loss 0.5419, time 439.59ms, mfu 1.97%
iter 3316: loss 0.5506, time 330.57ms, mfu 1.99%
iter 3317: loss 0.5400, time 334.75ms, mfu 2.00%
iter 3318: loss 0.6388, time 389.88ms, mfu 1.99%
iter 3319: loss 0.5832, time 376.94ms, mfu 1.98%
iter 3320: loss 0.5769, time 326.01ms, mfu 2.00%
iter 3321: loss 0.6065, time 384.23ms, mfu 1.98%
iter 3322: loss 0.5558, time 347.39ms, mfu 1.99%
iter 3323: loss 0.5641, time 363.62ms, mfu 1.98%
iter 3324: loss 0.5642, time 275.95ms, mfu 2.04%
iter 3325: loss 0.5954, time 344.13ms, mfu 2.04%
iter 3326: loss 0.4916, time 474.58ms, mfu 1.99%
iter 3327: loss 0.5972, time 428.24ms, mfu 1.95%
iter 3328: loss 0.5726, time 536.30ms, mfu 1.89%
iter 3329: loss 0.5622, time 431.23ms, mfu 1.87%
iter 3330: loss 0.5353, time 412.30ms, mfu 1.85%
iter 3331: loss 0.5925, time 343.59ms, mfu 1.87%
iter 3332: loss 0.5958, time 249.62ms, mfu 1.97%
iter 3333: loss 0.5283, time 381.45ms, mfu 1.96%
iter 3334: loss 0.5486, time 401.09ms, mfu 1.94%
iter 3335: loss 0.5292, time 430.15ms, mfu 1.91%
iter 3336: loss 0.4854, time 343.52ms, mfu 1.93%
iter 3337: loss 0.5811, time 427.57ms, mfu 1.90%
iter 3338: loss 0.5840, time 402.59ms, mfu 1.88%
iter 3339: loss 0.4867, time 303.58ms, mfu 1.93%
iter 3340: loss 0.5717, time 304.00ms, mfu 1.97%
iter 3341: loss 0.6116, time 456.09ms, mfu 1.93%
iter 3342: loss 0.5659, time 363.05ms, mfu 1.93%
iter 3343: loss 0.5673, time 498.03ms, mfu 1.88%
iter 3344: loss 0.6206, time 309.15ms, mfu 1.92%
iter 3345: loss 0.5869, time 358.73ms, mfu 1.93%
iter 3346: loss 0.5497, time 305.40ms, mfu 1.97%
iter 3347: loss 0.5709, time 404.63ms, mfu 1.94%
iter 3348: loss 0.5018, time 319.01ms, mfu 1.97%
iter 3349: loss 0.5647, time 422.41ms, mfu 1.94%
iter 3350: loss 0.6297, time 476.21ms, mfu 1.90%
iter 3351: loss 0.5375, time 468.92ms, mfu 1.86%
iter 3352: loss 0.5055, time 353.84ms, mfu 1.87%
iter 3353: loss 0.5692, time 391.27ms, mfu 1.87%
iter 3354: loss 0.5855, time 266.78ms, mfu 1.95%
iter 3355: loss 0.5684, time 398.25ms, mfu 1.93%
iter 3356: loss 0.6028, time 267.97ms, mfu 2.00%
iter 3357: loss 0.5936, time 485.47ms, mfu 1.95%
iter 3358: loss 0.4665, time 236.48ms, mfu 2.05%
iter 3359: loss 0.5781, time 512.58ms, mfu 1.98%
iter 3360: loss 0.5509, time 374.37ms, mfu 1.98%
iter 3361: loss 0.5776, time 293.67ms, mfu 2.02%
iter 3362: loss 0.5004, time 356.47ms, mfu 2.02%
iter 3363: loss 0.5307, time 344.44ms, mfu 2.02%
iter 3364: loss 0.6605, time 357.74ms, mfu 2.02%
iter 3365: loss 0.6380, time 227.08ms, mfu 2.13%
iter 3366: loss 0.5767, time 286.66ms, mfu 2.16%
iter 3367: loss 0.5765, time 619.46ms, mfu 2.06%
iter 3368: loss 0.5972, time 332.40ms, mfu 2.07%
iter 3369: loss 0.5455, time 369.86ms, mfu 2.05%
iter 3370: loss 0.5750, time 384.62ms, mfu 2.03%
iter 3371: loss 0.6314, time 322.26ms, mfu 2.05%
iter 3372: loss 0.5861, time 225.34ms, mfu 2.16%
iter 3373: loss 0.5293, time 516.59ms, mfu 2.08%
iter 3374: loss 0.5353, time 483.91ms, mfu 2.02%
iter 3375: loss 0.5625, time 333.89ms, mfu 2.03%
iter 3376: loss 0.5759, time 284.22ms, mfu 2.07%
iter 3377: loss 0.6218, time 442.44ms, mfu 2.03%
iter 3378: loss 0.6399, time 263.65ms, mfu 2.09%
iter 3379: loss 0.6586, time 471.29ms, mfu 2.03%
iter 3380: loss 0.5246, time 392.96ms, mfu 2.01%
iter 3381: loss 0.6156, time 478.84ms, mfu 1.96%
iter 3382: loss 0.5946, time 528.16ms, mfu 1.90%
iter 3383: loss 0.6108, time 284.68ms, mfu 1.96%
iter 3384: loss 0.5582, time 370.01ms, mfu 1.95%
iter 3385: loss 0.6140, time 308.86ms, mfu 1.99%
iter 3386: loss 0.5865, time 298.19ms, mfu 2.03%
iter 3387: loss 0.5576, time 513.52ms, mfu 1.96%
iter 3388: loss 0.5951, time 435.00ms, mfu 1.93%
iter 3389: loss 0.5570, time 231.63ms, mfu 2.04%
iter 3390: loss 0.5870, time 630.88ms, mfu 1.95%
iter 3391: loss 0.6654, time 401.42ms, mfu 1.93%
iter 3392: loss 0.6050, time 298.48ms, mfu 1.98%
iter 3393: loss 0.5806, time 380.80ms, mfu 1.96%
iter 3394: loss 0.5719, time 431.28ms, mfu 1.93%
iter 3395: loss 0.5344, time 360.88ms, mfu 1.93%
iter 3396: loss 0.5940, time 310.13ms, mfu 1.97%
iter 3397: loss 0.6543, time 260.71ms, mfu 2.04%
iter 3398: loss 0.5943, time 366.03ms, mfu 2.03%
iter 3399: loss 0.5664, time 341.54ms, mfu 2.04%
iter 3400: loss 0.6267, time 500.27ms, mfu 1.98%
  === DIAG iter 3400 ===
  loss: 0.6267
  grads: total 1.0000, transformer 0.4166, adapter 0.9091
  <NUM> input tokens: 461/3072 (15.0%)
  lr: base 3.83e-04, adapter 1.91e-04
  SME accuracy: overall 0.517, sign 0.941, exp 0.831, digit 0.240, end 0.955 [d0 0.389 d1 0.096 d2 0.123 d3 0.127 d4 0.190 d5 0.205 d6 0.270 d7 0.242 d8 0.286 d9 0.545 d10 0.500 d11 0.500 d12 0.400 d13 0.500 d14 0.333] (981 SME tokens)
iter 3401: loss 0.6528, time 227.22ms, mfu 2.09%
iter 3402: loss 0.5527, time 412.86ms, mfu 2.05%
iter 3403: loss 0.5914, time 490.22ms, mfu 1.99%
iter 3404: loss 0.5330, time 321.75ms, mfu 2.01%
iter 3405: loss 0.5139, time 277.20ms, mfu 2.07%
iter 3406: loss 0.5524, time 552.13ms, mfu 1.99%
iter 3407: loss 0.6512, time 419.38ms, mfu 1.96%
iter 3408: loss 0.5920, time 362.04ms, mfu 1.96%
iter 3409: loss 0.5645, time 388.89ms, mfu 1.95%
iter 3410: loss 0.5853, time 400.06ms, mfu 1.93%
iter 3411: loss 0.5788, time 285.09ms, mfu 1.98%
iter 3412: loss 0.6746, time 384.98ms, mfu 1.97%
iter 3413: loss 0.6112, time 418.44ms, mfu 1.94%
iter 3414: loss 0.5243, time 506.15ms, mfu 1.89%
iter 3415: loss 0.5898, time 381.31ms, mfu 1.88%
iter 3416: loss 0.5903, time 410.60ms, mfu 1.87%
iter 3417: loss 0.5838, time 330.32ms, mfu 1.90%
iter 3418: loss 0.6205, time 261.23ms, mfu 1.98%
iter 3419: loss 0.5576, time 239.35ms, mfu 2.08%
iter 3420: loss 0.4910, time 305.41ms, mfu 2.10%
iter 3421: loss 0.6192, time 499.56ms, mfu 2.03%
iter 3422: loss 0.6045, time 354.10ms, mfu 2.03%
iter 3423: loss 0.5232, time 404.68ms, mfu 2.00%
iter 3424: loss 0.5520, time 267.37ms, mfu 2.07%
iter 3425: loss 0.5449, time 300.03ms, mfu 2.10%
iter 3426: loss 0.6053, time 316.58ms, mfu 2.11%
iter 3427: loss 0.6224, time 442.51ms, mfu 2.06%
iter 3428: loss 0.5509, time 343.53ms, mfu 2.06%
iter 3429: loss 0.6547, time 398.54ms, mfu 2.03%
iter 3430: loss 0.6078, time 238.57ms, mfu 2.13%
iter 3431: loss 0.5874, time 470.90ms, mfu 2.06%
iter 3432: loss 0.5139, time 322.01ms, mfu 2.08%
iter 3433: loss 0.5498, time 433.31ms, mfu 2.03%
iter 3434: loss 0.5986, time 378.80ms, mfu 2.02%
iter 3435: loss 0.5950, time 350.02ms, mfu 2.02%
iter 3436: loss 0.5665, time 401.68ms, mfu 1.99%
iter 3437: loss 0.5803, time 310.61ms, mfu 2.02%
iter 3438: loss 0.5720, time 267.95ms, mfu 2.08%
iter 3439: loss 0.5672, time 327.03ms, mfu 2.09%
iter 3440: loss 0.6500, time 286.81ms, mfu 2.13%
iter 3441: loss 0.6195, time 317.92ms, mfu 2.14%
iter 3442: loss 0.6101, time 507.57ms, mfu 2.07%
iter 3443: loss 0.5411, time 349.93ms, mfu 2.06%
iter 3444: loss 0.5597, time 358.34ms, mfu 2.05%
iter 3445: loss 0.5540, time 337.47ms, mfu 2.06%
iter 3446: loss 0.5994, time 326.67ms, mfu 2.07%
iter 3447: loss 0.5721, time 482.53ms, mfu 2.01%
iter 3448: loss 0.5948, time 406.40ms, mfu 1.98%
iter 3449: loss 0.5477, time 399.71ms, mfu 1.96%
iter 3450: loss 0.5447, time 244.67ms, mfu 2.06%
iter 3451: loss 0.6087, time 370.76ms, mfu 2.04%
iter 3452: loss 0.5841, time 325.77ms, mfu 2.05%
iter 3453: loss 0.6139, time 319.41ms, mfu 2.07%
iter 3454: loss 0.5495, time 331.23ms, mfu 2.08%
iter 3455: loss 0.5705, time 425.46ms, mfu 2.04%
iter 3456: loss 0.5156, time 255.45ms, mfu 2.11%
iter 3457: loss 0.4890, time 453.64ms, mfu 2.06%
iter 3458: loss 0.5947, time 409.37ms, mfu 2.02%
iter 3459: loss 0.5515, time 317.02ms, mfu 2.04%
iter 3460: loss 0.6460, time 414.91ms, mfu 2.01%
iter 3461: loss 0.5811, time 402.89ms, mfu 1.99%
iter 3462: loss 0.5795, time 498.18ms, mfu 1.93%
iter 3463: loss 0.5775, time 345.96ms, mfu 1.94%
iter 3464: loss 0.5751, time 353.45ms, mfu 1.95%
iter 3465: loss 0.5212, time 392.31ms, mfu 1.93%
iter 3466: loss 0.5571, time 254.34ms, mfu 2.02%
iter 3467: loss 0.5867, time 440.71ms, mfu 1.98%
iter 3468: loss 0.6222, time 278.87ms, mfu 2.03%
iter 3469: loss 0.5147, time 419.26ms, mfu 2.00%
iter 3470: loss 0.5310, time 434.31ms, mfu 1.96%
iter 3471: loss 0.6429, time 259.45ms, mfu 2.04%
iter 3472: loss 0.6111, time 339.49ms, mfu 2.04%
iter 3473: loss 0.6006, time 257.85ms, mfu 2.11%
iter 3474: loss 0.6189, time 399.58ms, mfu 2.08%
iter 3475: loss 0.5316, time 500.51ms, mfu 2.01%
iter 3476: loss 0.5761, time 289.62ms, mfu 2.06%
iter 3477: loss 0.6182, time 300.61ms, mfu 2.09%
iter 3478: loss 0.5225, time 394.50ms, mfu 2.06%
iter 3479: loss 0.5646, time 312.27ms, mfu 2.08%
iter 3480: loss 0.5770, time 386.21ms, mfu 2.06%
iter 3481: loss 0.5640, time 244.49ms, mfu 2.14%
iter 3482: loss 0.5998, time 504.47ms, mfu 2.07%
iter 3483: loss 0.5804, time 293.11ms, mfu 2.10%
iter 3484: loss 0.5810, time 551.87ms, mfu 2.02%
iter 3485: loss 0.5240, time 301.59ms, mfu 2.05%
iter 3486: loss 0.5829, time 354.21ms, mfu 2.05%
iter 3487: loss 0.6014, time 324.66ms, mfu 2.06%
iter 3488: loss 0.6155, time 422.25ms, mfu 2.02%
iter 3489: loss 0.6636, time 353.93ms, mfu 2.02%
iter 3490: loss 0.5924, time 322.75ms, mfu 2.04%
iter 3491: loss 0.5895, time 313.04ms, mfu 2.06%
iter 3492: loss 0.6353, time 297.94ms, mfu 2.09%
iter 3493: loss 0.5225, time 422.09ms, mfu 2.05%
iter 3494: loss 0.6220, time 410.20ms, mfu 2.02%
iter 3495: loss 0.5506, time 312.42ms, mfu 2.04%
iter 3496: loss 0.5059, time 367.51ms, mfu 2.03%
iter 3497: loss 0.6153, time 383.92ms, mfu 2.01%
iter 3498: loss 0.6054, time 407.24ms, mfu 1.99%
iter 3499: loss 0.5407, time 277.47ms, mfu 2.04%
iter 3500: loss 0.5621, time 623.93ms, mfu 1.95%
  === DIAG iter 3500 ===
  loss: 0.5621
  grads: total 1.0000, transformer 0.1688, adapter 0.9857
  <NUM> input tokens: 542/3072 (17.6%)
  lr: base 3.80e-04, adapter 1.90e-04
  SME accuracy: overall 0.591, sign 0.937, exp 0.854, digit 0.298, end 0.994 [d0 0.500 d1 0.095 d2 0.123 d3 0.152 d4 0.259 d5 0.280 d6 0.400 d7 0.304 d8 0.316 d9 0.600 d10 0.571 d11 0.286 d12 0.333 d13 0.000 d14 0.000] (1012 SME tokens)
iter 3501: loss 0.5617, time 228.80ms, mfu 2.07%
iter 3502: loss 0.5298, time 372.99ms, mfu 2.05%
iter 3503: loss 0.5775, time 471.62ms, mfu 2.00%
iter 3504: loss 0.5457, time 479.97ms, mfu 1.94%
iter 3505: loss 0.5922, time 303.73ms, mfu 1.98%
iter 3506: loss 0.6377, time 359.48ms, mfu 1.98%
iter 3507: loss 0.6056, time 409.90ms, mfu 1.96%
iter 3508: loss 0.5911, time 321.56ms, mfu 1.98%
iter 3509: loss 0.5026, time 369.22ms, mfu 1.97%
iter 3510: loss 0.6344, time 442.16ms, mfu 1.94%
iter 3511: loss 0.5693, time 420.55ms, mfu 1.91%
iter 3512: loss 0.5523, time 446.54ms, mfu 1.88%
iter 3513: loss 0.5261, time 340.49ms, mfu 1.90%
iter 3514: loss 0.5910, time 305.10ms, mfu 1.94%
iter 3515: loss 0.6211, time 485.94ms, mfu 1.89%
iter 3516: loss 0.5784, time 308.48ms, mfu 1.93%
iter 3517: loss 0.5724, time 320.43ms, mfu 1.96%
iter 3518: loss 0.5765, time 209.29ms, mfu 2.10%
iter 3519: loss 0.5961, time 465.80ms, mfu 2.05%
iter 3520: loss 0.5329, time 290.21ms, mfu 2.09%
iter 3521: loss 0.5291, time 501.56ms, mfu 2.02%
iter 3522: loss 0.5845, time 408.19ms, mfu 1.99%
iter 3523: loss 0.5344, time 353.21ms, mfu 1.99%
iter 3524: loss 0.5454, time 392.12ms, mfu 1.97%
iter 3525: loss 0.5773, time 221.26ms, mfu 2.10%
iter 3526: loss 0.5902, time 435.34ms, mfu 2.05%
iter 3527: loss 0.6114, time 432.83ms, mfu 2.01%
iter 3528: loss 0.6170, time 375.94ms, mfu 2.00%
iter 3529: loss 0.6180, time 312.28ms, mfu 2.02%
iter 3530: loss 0.5961, time 342.90ms, mfu 2.03%
iter 3531: loss 0.6178, time 589.93ms, mfu 1.95%
iter 3532: loss 0.5381, time 303.70ms, mfu 1.98%
iter 3533: loss 0.5634, time 459.38ms, mfu 1.94%
iter 3534: loss 0.5216, time 338.41ms, mfu 1.96%
iter 3535: loss 0.5635, time 478.34ms, mfu 1.91%
iter 3536: loss 0.6024, time 310.38ms, mfu 1.95%
iter 3537: loss 0.6482, time 394.63ms, mfu 1.93%
iter 3538: loss 0.6167, time 480.02ms, mfu 1.89%
iter 3539: loss 0.6245, time 255.70ms, mfu 1.97%
iter 3540: loss 0.5591, time 338.98ms, mfu 1.99%
iter 3541: loss 0.6144, time 245.25ms, mfu 2.08%
iter 3542: loss 0.5518, time 457.34ms, mfu 2.02%
iter 3543: loss 0.6011, time 411.42ms, mfu 1.99%
iter 3544: loss 0.5554, time 436.00ms, mfu 1.96%
iter 3545: loss 0.5621, time 353.37ms, mfu 1.96%
iter 3546: loss 0.6106, time 401.05ms, mfu 1.94%
iter 3547: loss 0.5904, time 318.49ms, mfu 1.97%
iter 3548: loss 0.6121, time 387.49ms, mfu 1.96%
iter 3549: loss 0.5380, time 271.70ms, mfu 2.02%
iter 3550: loss 0.5118, time 372.72ms, mfu 2.01%
iter 3551: loss 0.5868, time 282.11ms, mfu 2.06%
iter 3552: loss 0.5356, time 298.62ms, mfu 2.09%
iter 3553: loss 0.5518, time 264.65ms, mfu 2.15%
iter 3554: loss 0.4988, time 397.05ms, mfu 2.11%
iter 3555: loss 0.6243, time 352.29ms, mfu 2.10%
iter 3556: loss 0.6395, time 279.53ms, mfu 2.15%
iter 3557: loss 0.6161, time 479.07ms, mfu 2.08%
iter 3558: loss 0.5619, time 301.65ms, mfu 2.11%
iter 3559: loss 0.5127, time 299.40ms, mfu 2.13%
iter 3560: loss 0.6020, time 339.86ms, mfu 2.13%
iter 3561: loss 0.5861, time 294.44ms, mfu 2.16%
iter 3562: loss 0.5753, time 388.29ms, mfu 2.12%
iter 3563: loss 0.6017, time 356.58ms, mfu 2.11%
iter 3564: loss 0.5787, time 386.16ms, mfu 2.08%
iter 3565: loss 0.5239, time 366.09ms, mfu 2.07%
iter 3566: loss 0.6346, time 463.71ms, mfu 2.01%
iter 3567: loss 0.5863, time 302.17ms, mfu 2.05%
iter 3568: loss 0.5836, time 485.80ms, mfu 1.99%
iter 3569: loss 0.5865, time 395.93ms, mfu 1.97%
iter 3570: loss 0.5153, time 354.72ms, mfu 1.97%
iter 3571: loss 0.5798, time 289.47ms, mfu 2.02%
iter 3572: loss 0.5764, time 295.92ms, mfu 2.06%
iter 3573: loss 0.5898, time 401.90ms, mfu 2.03%
iter 3574: loss 0.5316, time 248.74ms, mfu 2.11%
iter 3575: loss 0.6078, time 476.51ms, mfu 2.05%
iter 3576: loss 0.5274, time 434.26ms, mfu 2.01%
iter 3577: loss 0.6217, time 385.66ms, mfu 1.99%
iter 3578: loss 0.5412, time 441.87ms, mfu 1.95%
iter 3579: loss 0.5526, time 279.78ms, mfu 2.01%
iter 3580: loss 0.5107, time 370.05ms, mfu 2.00%
iter 3581: loss 0.5546, time 331.16ms, mfu 2.01%
iter 3582: loss 0.6385, time 317.58ms, mfu 2.04%
iter 3583: loss 0.5734, time 658.62ms, mfu 1.94%
iter 3584: loss 0.5374, time 335.97ms, mfu 1.96%
iter 3585: loss 0.5481, time 329.81ms, mfu 1.98%
iter 3586: loss 0.5652, time 407.86ms, mfu 1.95%
iter 3587: loss 0.5928, time 237.42ms, mfu 2.06%
iter 3588: loss 0.5766, time 292.55ms, mfu 2.09%
iter 3589: loss 0.5774, time 532.25ms, mfu 2.02%
iter 3590: loss 0.5374, time 346.48ms, mfu 2.02%
iter 3591: loss 0.5679, time 467.30ms, mfu 1.97%
iter 3592: loss 0.6068, time 348.96ms, mfu 1.97%
iter 3593: loss 0.5583, time 326.64ms, mfu 1.99%
iter 3594: loss 0.6357, time 467.62ms, mfu 1.95%
iter 3595: loss 0.5311, time 337.84ms, mfu 1.96%
iter 3596: loss 0.6464, time 333.28ms, mfu 1.98%
iter 3597: loss 0.5883, time 386.90ms, mfu 1.96%
iter 3598: loss 0.5739, time 371.73ms, mfu 1.96%
iter 3599: loss 0.6331, time 383.29ms, mfu 1.95%
iter 3600: loss 0.5844, time 672.85ms, mfu 1.86%
  === DIAG iter 3600 ===
  loss: 0.5844
  grads: total 1.0000, transformer 0.3219, adapter 0.9468
  <NUM> input tokens: 590/3072 (19.2%)
  lr: base 3.78e-04, adapter 1.89e-04
  SME accuracy: overall 0.546, sign 0.944, exp 0.889, digit 0.280, end 0.984 [d0 0.508 d1 0.159 d2 0.175 d3 0.146 d4 0.206 d5 0.212 d6 0.212 d7 0.219 d8 0.200 d9 0.615 d10 0.636 d11 0.600 d12 0.300 d13 0.125 d14 0.000] (939 SME tokens)
iter 3601: loss 0.6109, time 223.07ms, mfu 1.99%
iter 3602: loss 0.6170, time 207.22ms, mfu 2.13%
iter 3603: loss 0.5824, time 408.88ms, mfu 2.09%
iter 3604: loss 0.5559, time 334.79ms, mfu 2.10%
iter 3605: loss 0.5912, time 554.31ms, mfu 2.01%
iter 3606: loss 0.5227, time 482.55ms, mfu 1.96%
iter 3607: loss 0.5839, time 568.01ms, mfu 1.89%
iter 3608: loss 0.5989, time 415.21ms, mfu 1.87%
iter 3609: loss 0.5480, time 422.03ms, mfu 1.85%
iter 3610: loss 0.6251, time 313.64ms, mfu 1.89%
iter 3611: loss 0.6084, time 374.42ms, mfu 1.89%
iter 3612: loss 0.6121, time 384.41ms, mfu 1.89%
iter 3613: loss 0.5275, time 415.85ms, mfu 1.87%
iter 3614: loss 0.5535, time 334.75ms, mfu 1.89%
iter 3615: loss 0.6150, time 288.33ms, mfu 1.95%
iter 3616: loss 0.5638, time 273.90ms, mfu 2.01%
iter 3617: loss 0.5388, time 322.44ms, mfu 2.03%
iter 3618: loss 0.6370, time 287.17ms, mfu 2.08%
iter 3619: loss 0.6381, time 398.43ms, mfu 2.05%
iter 3620: loss 0.6071, time 356.00ms, mfu 2.04%
iter 3621: loss 0.5934, time 333.01ms, mfu 2.05%
iter 3622: loss 0.6968, time 392.89ms, mfu 2.02%
iter 3623: loss 0.5591, time 335.35ms, mfu 2.03%
iter 3624: loss 0.5992, time 414.32ms, mfu 2.00%
iter 3625: loss 0.5776, time 305.70ms, mfu 2.03%
iter 3626: loss 0.6042, time 399.96ms, mfu 2.01%
iter 3627: loss 0.5712, time 483.09ms, mfu 1.95%
iter 3628: loss 0.6033, time 531.95ms, mfu 1.89%
iter 3629: loss 0.6164, time 215.08ms, mfu 2.03%
iter 3630: loss 0.5320, time 344.23ms, mfu 2.03%
iter 3631: loss 0.6071, time 300.96ms, mfu 2.07%
iter 3632: loss 0.5354, time 404.24ms, mfu 2.03%
iter 3633: loss 0.5534, time 254.43ms, mfu 2.11%
iter 3634: loss 0.5744, time 569.80ms, mfu 2.02%
iter 3635: loss 0.5613, time 308.15ms, mfu 2.05%
iter 3636: loss 0.5528, time 288.02ms, mfu 2.09%
iter 3637: loss 0.5693, time 470.45ms, mfu 2.03%
iter 3638: loss 0.5777, time 218.95ms, mfu 2.15%
iter 3639: loss 0.5454, time 411.91ms, mfu 2.11%
iter 3640: loss 0.5964, time 402.16ms, mfu 2.08%
iter 3641: loss 0.5833, time 277.12ms, mfu 2.12%
iter 3642: loss 0.5576, time 331.00ms, mfu 2.13%
iter 3643: loss 0.5571, time 464.10ms, mfu 2.07%
iter 3644: loss 0.5842, time 193.28ms, mfu 2.23%
iter 3645: loss 0.5352, time 453.52ms, mfu 2.16%
iter 3646: loss 0.5792, time 400.16ms, mfu 2.12%
iter 3647: loss 0.6458, time 469.92ms, mfu 2.06%
iter 3648: loss 0.5647, time 427.72ms, mfu 2.02%
iter 3649: loss 0.5901, time 304.33ms, mfu 2.05%
iter 3650: loss 0.5409, time 513.59ms, mfu 1.98%
iter 3651: loss 0.6067, time 495.65ms, mfu 1.93%
iter 3652: loss 0.6311, time 424.70ms, mfu 1.90%
iter 3653: loss 0.6349, time 398.83ms, mfu 1.89%
iter 3654: loss 0.5627, time 346.98ms, mfu 1.90%
iter 3655: loss 0.6245, time 279.97ms, mfu 1.97%
iter 3656: loss 0.6206, time 482.88ms, mfu 1.92%
iter 3657: loss 0.6254, time 252.15ms, mfu 2.01%
iter 3658: loss 0.6326, time 500.91ms, mfu 1.95%
iter 3659: loss 0.5623, time 436.39ms, mfu 1.92%
iter 3660: loss 0.6262, time 222.45ms, mfu 2.04%
iter 3661: loss 0.5909, time 456.37ms, mfu 1.99%
iter 3662: loss 0.5981, time 333.32ms, mfu 2.01%
iter 3663: loss 0.6085, time 368.75ms, mfu 2.00%
iter 3664: loss 0.5521, time 312.76ms, mfu 2.02%
iter 3665: loss 0.5857, time 468.88ms, mfu 1.97%
iter 3666: loss 0.5951, time 427.02ms, mfu 1.94%
iter 3667: loss 0.6224, time 302.14ms, mfu 1.98%
iter 3668: loss 0.5810, time 473.51ms, mfu 1.93%
iter 3669: loss 0.6131, time 307.82ms, mfu 1.97%
iter 3670: loss 0.6127, time 307.55ms, mfu 2.00%
iter 3671: loss 0.6100, time 419.87ms, mfu 1.97%
iter 3672: loss 0.5653, time 480.86ms, mfu 1.92%
iter 3673: loss 0.5680, time 326.74ms, mfu 1.95%
iter 3674: loss 0.5461, time 402.82ms, mfu 1.93%
iter 3675: loss 0.5621, time 558.50ms, mfu 1.86%
iter 3676: loss 0.5549, time 284.32ms, mfu 1.93%
iter 3677: loss 0.5719, time 337.19ms, mfu 1.94%
iter 3678: loss 0.5742, time 440.17ms, mfu 1.91%
iter 3679: loss 0.6053, time 328.97ms, mfu 1.93%
iter 3680: loss 0.6426, time 352.52ms, mfu 1.94%
iter 3681: loss 0.5635, time 451.33ms, mfu 1.90%
iter 3682: loss 0.5775, time 296.55ms, mfu 1.95%
iter 3683: loss 0.6199, time 336.59ms, mfu 1.97%
iter 3684: loss 0.6186, time 316.12ms, mfu 2.00%
iter 3685: loss 0.6064, time 447.60ms, mfu 1.95%
iter 3686: loss 0.5545, time 281.85ms, mfu 2.01%
iter 3687: loss 0.6312, time 397.89ms, mfu 1.99%
iter 3688: loss 0.5938, time 229.04ms, mfu 2.10%
iter 3689: loss 0.6541, time 375.46ms, mfu 2.08%
iter 3690: loss 0.5503, time 408.41ms, mfu 2.04%
iter 3691: loss 0.6224, time 422.59ms, mfu 2.01%
iter 3692: loss 0.5926, time 350.23ms, mfu 2.01%
iter 3693: loss 0.6309, time 301.90ms, mfu 2.04%
iter 3694: loss 0.6285, time 525.65ms, mfu 1.97%
iter 3695: loss 0.6026, time 479.79ms, mfu 1.92%
iter 3696: loss 0.5925, time 364.69ms, mfu 1.93%
iter 3697: loss 0.5893, time 297.73ms, mfu 1.97%
iter 3698: loss 0.5815, time 375.90ms, mfu 1.96%
iter 3699: loss 0.5819, time 330.71ms, mfu 1.98%
iter 3700: loss 0.6062, time 603.04ms, mfu 1.90%
  === DIAG iter 3700 ===
  loss: 0.6062
  grads: total 1.0000, transformer 0.2267, adapter 0.9740
  <NUM> input tokens: 451/3072 (14.7%)
  lr: base 3.75e-04, adapter 1.87e-04
  SME accuracy: overall 0.539, sign 0.977, exp 0.820, digit 0.282, end 0.992 [d0 0.437 d1 0.114 d2 0.086 d3 0.239 d4 0.333 d5 0.333 d6 0.182 d7 0.212 d8 0.226 d9 0.471 d10 0.600 d11 0.583 d12 0.273 d13 0.100 d14 0.000] (997 SME tokens)
iter 3701: loss 0.6443, time 225.14ms, mfu 2.02%
iter 3702: loss 0.5718, time 240.38ms, mfu 2.12%
iter 3703: loss 0.5464, time 605.82ms, mfu 2.02%
iter 3704: loss 0.6082, time 324.59ms, mfu 2.04%
iter 3705: loss 0.5979, time 373.32ms, mfu 2.02%
iter 3706: loss 0.5844, time 478.57ms, mfu 1.97%
iter 3707: loss 0.5498, time 431.13ms, mfu 1.94%
iter 3708: loss 0.5893, time 419.86ms, mfu 1.91%
iter 3709: loss 0.5969, time 337.10ms, mfu 1.93%
iter 3710: loss 0.5509, time 304.19ms, mfu 1.97%
iter 3711: loss 0.5696, time 499.57ms, mfu 1.92%
iter 3712: loss 0.5663, time 317.53ms, mfu 1.95%
iter 3713: loss 0.5543, time 352.56ms, mfu 1.95%
iter 3714: loss 0.5392, time 296.55ms, mfu 2.00%
iter 3715: loss 0.5423, time 345.28ms, mfu 2.00%
iter 3716: loss 0.5583, time 457.19ms, mfu 1.96%
iter 3717: loss 0.5685, time 406.37ms, mfu 1.94%
iter 3718: loss 0.6118, time 340.65ms, mfu 1.95%
iter 3719: loss 0.5498, time 561.68ms, mfu 1.88%
iter 3720: loss 0.5827, time 349.31ms, mfu 1.90%
iter 3721: loss 0.5888, time 408.45ms, mfu 1.88%
iter 3722: loss 0.6278, time 477.81ms, mfu 1.84%
iter 3723: loss 0.5601, time 392.13ms, mfu 1.84%
iter 3724: loss 0.5516, time 483.92ms, mfu 1.80%
iter 3725: loss 0.6026, time 412.32ms, mfu 1.79%
iter 3726: loss 0.5575, time 243.49ms, mfu 1.90%
iter 3727: loss 0.5693, time 334.68ms, mfu 1.93%
iter 3728: loss 0.5828, time 267.96ms, mfu 2.00%
iter 3729: loss 0.6442, time 390.43ms, mfu 1.98%
iter 3730: loss 0.5720, time 431.85ms, mfu 1.95%
iter 3731: loss 0.5993, time 388.57ms, mfu 1.93%
iter 3732: loss 0.5227, time 319.58ms, mfu 1.96%
iter 3733: loss 0.6942, time 344.71ms, mfu 1.97%
iter 3734: loss 0.7186, time 318.24ms, mfu 2.00%
iter 3735: loss 0.5887, time 374.05ms, mfu 1.99%
iter 3736: loss 0.5699, time 463.27ms, mfu 1.94%
iter 3737: loss 0.6594, time 351.31ms, mfu 1.95%
iter 3738: loss 0.6262, time 498.64ms, mfu 1.90%
iter 3739: loss 0.6508, time 349.96ms, mfu 1.91%
iter 3740: loss 0.6256, time 403.28ms, mfu 1.89%
iter 3741: loss 0.6239, time 367.72ms, mfu 1.90%
iter 3742: loss 0.5903, time 256.22ms, mfu 1.98%
iter 3743: loss 0.6053, time 527.93ms, mfu 1.92%
iter 3744: loss 0.5811, time 361.24ms, mfu 1.92%
iter 3745: loss 0.5672, time 362.62ms, mfu 1.93%
iter 3746: loss 0.6085, time 485.74ms, mfu 1.88%
iter 3747: loss 0.5458, time 430.73ms, mfu 1.86%
iter 3748: loss 0.6150, time 331.33ms, mfu 1.88%
iter 3749: loss 0.5765, time 287.30ms, mfu 1.94%
iter 3750: loss 0.5901, time 395.68ms, mfu 1.93%
iter 3751: loss 0.6111, time 398.23ms, mfu 1.91%
iter 3752: loss 0.6125, time 374.09ms, mfu 1.91%
iter 3753: loss 0.6165, time 380.98ms, mfu 1.91%
iter 3754: loss 0.6376, time 478.41ms, mfu 1.86%
iter 3755: loss 0.6072, time 483.67ms, mfu 1.82%
iter 3756: loss 0.5669, time 197.47ms, mfu 2.00%
iter 3757: loss 0.5417, time 409.69ms, mfu 1.97%
iter 3758: loss 0.5746, time 325.53ms, mfu 1.99%
iter 3759: loss 0.5701, time 421.72ms, mfu 1.96%
iter 3760: loss 0.5644, time 340.09ms, mfu 1.97%
iter 3761: loss 0.5851, time 258.99ms, mfu 2.05%
iter 3762: loss 0.5964, time 299.98ms, mfu 2.08%
iter 3763: loss 0.5569, time 398.83ms, mfu 2.05%
iter 3764: loss 0.5049, time 442.55ms, mfu 2.01%
iter 3765: loss 0.6160, time 478.60ms, mfu 1.95%
iter 3766: loss 0.5824, time 338.87ms, mfu 1.97%
iter 3767: loss 0.6179, time 396.08ms, mfu 1.95%
iter 3768: loss 0.6202, time 344.69ms, mfu 1.96%
iter 3769: loss 0.6502, time 506.89ms, mfu 1.90%
iter 3770: loss 0.5496, time 304.22ms, mfu 1.95%
iter 3771: loss 0.5411, time 417.38ms, mfu 1.92%
iter 3772: loss 0.5695, time 360.89ms, mfu 1.93%
iter 3773: loss 0.5508, time 322.07ms, mfu 1.95%
iter 3774: loss 0.5571, time 424.54ms, mfu 1.93%
iter 3775: loss 0.5487, time 499.40ms, mfu 1.87%
iter 3776: loss 0.5927, time 290.05ms, mfu 1.93%
iter 3777: loss 0.5414, time 257.33ms, mfu 2.01%
iter 3778: loss 0.6067, time 346.50ms, mfu 2.02%
iter 3779: loss 0.6043, time 394.16ms, mfu 1.99%
iter 3780: loss 0.5253, time 364.73ms, mfu 1.99%
iter 3781: loss 0.5707, time 393.44ms, mfu 1.97%
iter 3782: loss 0.5353, time 268.15ms, mfu 2.04%
iter 3783: loss 0.5344, time 556.40ms, mfu 1.96%
iter 3784: loss 0.5489, time 382.48ms, mfu 1.95%
iter 3785: loss 0.5931, time 463.55ms, mfu 1.91%
iter 3786: loss 0.6204, time 257.54ms, mfu 1.99%
iter 3787: loss 0.5355, time 258.92ms, mfu 2.07%
iter 3788: loss 0.5211, time 236.70ms, mfu 2.16%
iter 3789: loss 0.5619, time 456.46ms, mfu 2.10%
iter 3790: loss 0.6250, time 385.28ms, mfu 2.07%
iter 3791: loss 0.6161, time 384.52ms, mfu 2.05%
iter 3792: loss 0.5808, time 340.23ms, mfu 2.05%
iter 3793: loss 0.5792, time 314.30ms, mfu 2.07%
iter 3794: loss 0.5464, time 303.55ms, mfu 2.10%
iter 3795: loss 0.5935, time 395.09ms, mfu 2.07%
iter 3796: loss 0.5868, time 334.32ms, mfu 2.07%
iter 3797: loss 0.5949, time 387.80ms, mfu 2.05%
iter 3798: loss 0.5471, time 453.91ms, mfu 2.00%
iter 3799: loss 0.5657, time 372.00ms, mfu 1.99%
iter 3800: loss 0.5715, time 506.59ms, mfu 1.93%
  === DIAG iter 3800 ===
  loss: 0.5715
  grads: total 1.0000, transformer 0.3294, adapter 0.9442
  <NUM> input tokens: 454/3072 (14.8%)
  lr: base 3.72e-04, adapter 1.86e-04
  SME accuracy: overall 0.587, sign 0.975, exp 0.831, digit 0.295, end 0.981 [d0 0.613 d1 0.048 d2 0.077 d3 0.171 d4 0.269 d5 0.192 d6 0.231 d7 0.269 d8 0.217 d9 0.500 d10 0.625 d11 0.429 d12 0.400 d13 0.250 d14 0.250] (1040 SME tokens)
iter 3801: loss 0.5648, time 156.22ms, mfu 2.19%
iter 3802: loss 0.5412, time 429.51ms, mfu 2.14%
iter 3803: loss 0.6057, time 364.41ms, mfu 2.12%
iter 3804: loss 0.5918, time 433.62ms, mfu 2.07%
iter 3805: loss 0.5858, time 274.12ms, mfu 2.12%
iter 3806: loss 0.5795, time 438.82ms, mfu 2.07%
iter 3807: loss 0.6083, time 295.10ms, mfu 2.10%
iter 3808: loss 0.4773, time 380.05ms, mfu 2.08%
iter 3809: loss 0.5639, time 288.92ms, mfu 2.12%
iter 3810: loss 0.6170, time 523.57ms, mfu 2.04%
iter 3811: loss 0.6005, time 389.79ms, mfu 2.02%
iter 3812: loss 0.5682, time 291.95ms, mfu 2.06%
iter 3813: loss 0.5901, time 414.16ms, mfu 2.02%
iter 3814: loss 0.6315, time 252.79ms, mfu 2.10%
iter 3815: loss 0.5724, time 255.96ms, mfu 2.17%
iter 3816: loss 0.5665, time 350.54ms, mfu 2.15%
iter 3817: loss 0.5646, time 336.20ms, mfu 2.15%
iter 3818: loss 0.5329, time 276.77ms, mfu 2.19%
iter 3819: loss 0.5597, time 321.05ms, mfu 2.19%
iter 3820: loss 0.5047, time 338.29ms, mfu 2.18%
iter 3821: loss 0.5619, time 380.57ms, mfu 2.15%
iter 3822: loss 0.5951, time 362.65ms, mfu 2.13%
iter 3823: loss 0.6138, time 324.17ms, mfu 2.14%
iter 3824: loss 0.5608, time 424.48ms, mfu 2.09%
iter 3825: loss 0.5233, time 318.92ms, mfu 2.10%
iter 3826: loss 0.5965, time 375.16ms, mfu 2.08%
iter 3827: loss 0.6040, time 407.17ms, mfu 2.05%
iter 3828: loss 0.6418, time 351.69ms, mfu 2.04%
iter 3829: loss 0.5595, time 362.80ms, mfu 2.04%
iter 3830: loss 0.6251, time 437.27ms, mfu 1.99%
iter 3831: loss 0.6662, time 483.58ms, mfu 1.94%
iter 3832: loss 0.6039, time 543.09ms, mfu 1.88%
iter 3833: loss 0.5740, time 364.19ms, mfu 1.88%
iter 3834: loss 0.6345, time 431.21ms, mfu 1.86%
iter 3835: loss 0.5716, time 475.05ms, mfu 1.82%
iter 3836: loss 0.5409, time 365.14ms, mfu 1.84%
iter 3837: loss 0.5351, time 260.78ms, mfu 1.92%
iter 3838: loss 0.5845, time 337.95ms, mfu 1.94%
iter 3839: loss 0.5383, time 405.65ms, mfu 1.92%
iter 3840: loss 0.6126, time 406.36ms, mfu 1.90%
iter 3841: loss 0.5227, time 615.35ms, mfu 1.83%
iter 3842: loss 0.6300, time 245.44ms, mfu 1.93%
iter 3843: loss 0.6386, time 392.14ms, mfu 1.92%
iter 3844: loss 0.5938, time 424.59ms, mfu 1.90%
iter 3845: loss 0.5856, time 442.14ms, mfu 1.87%
iter 3846: loss 0.5104, time 419.85ms, mfu 1.85%
iter 3847: loss 0.5652, time 451.67ms, mfu 1.82%
iter 3848: loss 0.5986, time 443.35ms, mfu 1.80%
iter 3849: loss 0.5406, time 420.59ms, mfu 1.79%
iter 3850: loss 0.5540, time 401.20ms, mfu 1.79%
iter 3851: loss 0.5266, time 370.98ms, mfu 1.80%
iter 3852: loss 0.5423, time 474.99ms, mfu 1.77%
iter 3853: loss 0.5630, time 397.05ms, mfu 1.77%
iter 3854: loss 0.5820, time 242.18ms, mfu 1.88%
iter 3855: loss 0.6207, time 220.77ms, mfu 2.02%
iter 3856: loss 0.5869, time 436.68ms, mfu 1.98%
iter 3857: loss 0.6115, time 453.97ms, mfu 1.94%
iter 3858: loss 0.5901, time 462.06ms, mfu 1.90%
iter 3859: loss 0.5411, time 493.48ms, mfu 1.85%
iter 3860: loss 0.5205, time 442.93ms, mfu 1.83%
iter 3861: loss 0.5095, time 169.01ms, mfu 2.06%
iter 3862: loss 0.5875, time 349.74ms, mfu 2.06%
iter 3863: loss 0.5460, time 399.10ms, mfu 2.03%
iter 3864: loss 0.5404, time 253.37ms, mfu 2.11%
iter 3865: loss 0.5533, time 389.87ms, mfu 2.08%
iter 3866: loss 0.5181, time 260.08ms, mfu 2.14%
iter 3867: loss 0.5999, time 487.39ms, mfu 2.07%
iter 3868: loss 0.5976, time 419.52ms, mfu 2.04%
iter 3869: loss 0.5834, time 323.36ms, mfu 2.05%
iter 3870: loss 0.5600, time 375.60ms, mfu 2.03%
iter 3871: loss 0.6031, time 335.55ms, mfu 2.04%
iter 3872: loss 0.5926, time 465.44ms, mfu 1.99%
iter 3873: loss 0.5069, time 370.43ms, mfu 1.98%
iter 3874: loss 0.5368, time 471.97ms, mfu 1.93%
iter 3875: loss 0.5922, time 336.14ms, mfu 1.95%
iter 3876: loss 0.5982, time 293.04ms, mfu 2.00%
iter 3877: loss 0.5842, time 289.27ms, mfu 2.04%
iter 3878: loss 0.5313, time 533.76ms, mfu 1.97%
iter 3879: loss 0.5883, time 439.86ms, mfu 1.94%
iter 3880: loss 0.5842, time 463.59ms, mfu 1.90%
iter 3881: loss 0.5167, time 351.85ms, mfu 1.91%
iter 3882: loss 0.5478, time 386.44ms, mfu 1.90%
iter 3883: loss 0.5069, time 316.70ms, mfu 1.93%
iter 3884: loss 0.6193, time 421.45ms, mfu 1.91%
iter 3885: loss 0.5572, time 438.70ms, mfu 1.88%
iter 3886: loss 0.6124, time 295.12ms, mfu 1.93%
iter 3887: loss 0.5969, time 431.61ms, mfu 1.90%
iter 3888: loss 0.5585, time 404.34ms, mfu 1.89%
iter 3889: loss 0.5530, time 355.60ms, mfu 1.90%
iter 3890: loss 0.6124, time 482.42ms, mfu 1.86%
iter 3891: loss 0.5465, time 240.34ms, mfu 1.96%
iter 3892: loss 0.5532, time 310.18ms, mfu 2.00%
iter 3893: loss 0.5387, time 357.57ms, mfu 2.00%
iter 3894: loss 0.5233, time 283.31ms, mfu 2.05%
iter 3895: loss 0.5739, time 248.23ms, mfu 2.13%
iter 3896: loss 0.5443, time 484.57ms, mfu 2.06%
iter 3897: loss 0.6123, time 429.02ms, mfu 2.02%
iter 3898: loss 0.6003, time 347.21ms, mfu 2.02%
iter 3899: loss 0.5556, time 495.33ms, mfu 1.96%
iter 3900: loss 0.5392, time 383.04ms, mfu 1.95%
  === DIAG iter 3900 ===
  loss: 0.5392
  grads: total 1.0000, transformer 0.5218, adapter 0.8531
  <NUM> input tokens: 535/3072 (17.4%)
  lr: base 3.69e-04, adapter 1.84e-04
  SME accuracy: overall 0.604, sign 0.993, exp 0.919, digit 0.309, end 0.980 [d0 0.592 d1 0.222 d2 0.159 d3 0.190 d4 0.219 d5 0.226 d6 0.179 d7 0.125 d8 0.091 d9 0.250 d10 0.429 d11 0.714 d12 0.400 d13 0.000 d14 0.200] (986 SME tokens)
iter 3901: loss 0.6043, time 222.32ms, mfu 2.07%
iter 3902: loss 0.5264, time 216.75ms, mfu 2.19%
iter 3903: loss 0.6132, time 312.96ms, mfu 2.20%
iter 3904: loss 0.5506, time 371.33ms, mfu 2.17%
iter 3905: loss 0.5282, time 382.06ms, mfu 2.14%
iter 3906: loss 0.6322, time 297.37ms, mfu 2.16%
iter 3907: loss 0.5864, time 319.05ms, mfu 2.17%
iter 3908: loss 0.5324, time 439.99ms, mfu 2.11%
iter 3909: loss 0.5295, time 317.99ms, mfu 2.13%
iter 3910: loss 0.5733, time 394.87ms, mfu 2.09%
iter 3911: loss 0.5937, time 393.39ms, mfu 2.06%
iter 3912: loss 0.5935, time 372.09ms, mfu 2.05%
iter 3913: loss 0.5847, time 532.88ms, mfu 1.98%
iter 3914: loss 0.5393, time 474.24ms, mfu 1.93%
iter 3915: loss 0.6286, time 388.93ms, mfu 1.92%
iter 3916: loss 0.5452, time 385.08ms, mfu 1.91%
iter 3917: loss 0.5670, time 401.21ms, mfu 1.90%
iter 3918: loss 0.5610, time 228.18ms, mfu 2.02%
iter 3919: loss 0.5880, time 462.41ms, mfu 1.97%
iter 3920: loss 0.5057, time 368.61ms, mfu 1.96%
iter 3921: loss 0.6086, time 414.27ms, mfu 1.94%
iter 3922: loss 0.5802, time 391.44ms, mfu 1.93%
iter 3923: loss 0.5578, time 335.03ms, mfu 1.94%
iter 3924: loss 0.5994, time 509.20ms, mfu 1.89%
iter 3925: loss 0.5011, time 346.00ms, mfu 1.91%
iter 3926: loss 0.5476, time 370.04ms, mfu 1.91%
iter 3927: loss 0.5782, time 368.70ms, mfu 1.91%
iter 3928: loss 0.5678, time 498.63ms, mfu 1.86%
iter 3929: loss 0.5610, time 383.84ms, mfu 1.86%
iter 3930: loss 0.6271, time 302.42ms, mfu 1.91%
iter 3931: loss 0.5063, time 218.69ms, mfu 2.04%
iter 3932: loss 0.5655, time 361.97ms, mfu 2.03%
iter 3933: loss 0.5935, time 410.02ms, mfu 2.00%
iter 3934: loss 0.6222, time 454.34ms, mfu 1.96%
iter 3935: loss 0.6253, time 370.50ms, mfu 1.95%
iter 3936: loss 0.6076, time 327.01ms, mfu 1.97%
iter 3937: loss 0.6130, time 529.02ms, mfu 1.91%
iter 3938: loss 0.5696, time 463.09ms, mfu 1.87%
iter 3939: loss 0.5173, time 228.58ms, mfu 2.00%
iter 3940: loss 0.5800, time 497.85ms, mfu 1.94%
iter 3941: loss 0.5272, time 339.26ms, mfu 1.95%
iter 3942: loss 0.5779, time 512.38ms, mfu 1.90%
iter 3943: loss 0.5742, time 423.38ms, mfu 1.87%
iter 3944: loss 0.5539, time 431.66ms, mfu 1.85%
iter 3945: loss 0.5313, time 413.49ms, mfu 1.84%
iter 3946: loss 0.4949, time 427.33ms, mfu 1.82%
iter 3947: loss 0.5445, time 355.54ms, mfu 1.84%
iter 3948: loss 0.5985, time 444.32ms, mfu 1.81%
iter 3949: loss 0.5433, time 309.43ms, mfu 1.86%
iter 3950: loss 0.5387, time 378.59ms, mfu 1.86%
iter 3951: loss 0.5963, time 404.56ms, mfu 1.85%
iter 3952: loss 0.5905, time 401.06ms, mfu 1.84%
iter 3953: loss 0.5805, time 298.60ms, mfu 1.90%
iter 3954: loss 0.6036, time 291.44ms, mfu 1.95%
iter 3955: loss 0.5584, time 407.03ms, mfu 1.93%
iter 3956: loss 0.5895, time 381.19ms, mfu 1.92%
iter 3957: loss 0.5850, time 440.63ms, mfu 1.89%
iter 3958: loss 0.5680, time 397.99ms, mfu 1.88%
iter 3959: loss 0.6148, time 420.88ms, mfu 1.86%
iter 3960: loss 0.5759, time 388.27ms, mfu 1.86%
iter 3961: loss 0.5990, time 285.77ms, mfu 1.92%
iter 3962: loss 0.5318, time 372.58ms, mfu 1.92%
iter 3963: loss 0.6064, time 290.73ms, mfu 1.97%
iter 3964: loss 0.4894, time 229.43ms, mfu 2.08%
iter 3965: loss 0.6062, time 535.47ms, mfu 2.01%
iter 3966: loss 0.5830, time 468.88ms, mfu 1.96%
iter 3967: loss 0.5360, time 472.45ms, mfu 1.91%
iter 3968: loss 0.5114, time 330.06ms, mfu 1.93%
iter 3969: loss 0.6371, time 371.52ms, mfu 1.93%
iter 3970: loss 0.5278, time 348.56ms, mfu 1.94%
iter 3971: loss 0.5982, time 402.85ms, mfu 1.92%
iter 3972: loss 0.5251, time 410.04ms, mfu 1.90%
iter 3973: loss 0.5143, time 364.39ms, mfu 1.91%
iter 3974: loss 0.5461, time 238.13ms, mfu 2.01%
iter 3975: loss 0.5411, time 591.26ms, mfu 1.93%
iter 3976: loss 0.5443, time 395.68ms, mfu 1.92%
iter 3977: loss 0.6232, time 374.57ms, mfu 1.92%
iter 3978: loss 0.5392, time 503.76ms, mfu 1.87%
iter 3979: loss 0.5739, time 437.04ms, mfu 1.84%
iter 3980: loss 0.6045, time 380.50ms, mfu 1.84%
iter 3981: loss 0.5669, time 417.13ms, mfu 1.83%
iter 3982: loss 0.6024, time 478.92ms, mfu 1.79%
iter 3983: loss 0.6276, time 306.96ms, mfu 1.85%
iter 3984: loss 0.5413, time 317.53ms, mfu 1.88%
iter 3985: loss 0.6438, time 492.06ms, mfu 1.84%
iter 3986: loss 0.6072, time 363.12ms, mfu 1.85%
iter 3987: loss 0.6373, time 423.47ms, mfu 1.83%
iter 3988: loss 0.5648, time 289.87ms, mfu 1.89%
iter 3989: loss 0.5834, time 258.56ms, mfu 1.98%
iter 3990: loss 0.5777, time 453.87ms, mfu 1.94%
iter 3991: loss 0.5610, time 279.24ms, mfu 2.00%
iter 3992: loss 0.5206, time 305.93ms, mfu 2.03%
iter 3993: loss 0.5508, time 416.50ms, mfu 2.00%
iter 3994: loss 0.5726, time 252.32ms, mfu 2.08%
iter 3995: loss 0.5740, time 494.64ms, mfu 2.01%
iter 3996: loss 0.5639, time 252.73ms, mfu 2.09%
iter 3997: loss 0.5076, time 371.28ms, mfu 2.07%
iter 3998: loss 0.5599, time 434.87ms, mfu 2.03%
iter 3999: loss 0.6408, time 293.94ms, mfu 2.07%
iter 4000: loss 0.5721, time 611.96ms, mfu 1.98%
  === DIAG iter 4000 ===
  loss: 0.5721
  grads: total 1.0000, transformer 0.2787, adapter 0.9604
  <NUM> input tokens: 499/3072 (16.2%)
  lr: base 3.66e-04, adapter 1.83e-04
  SME accuracy: overall 0.575, sign 0.947, exp 0.887, digit 0.329, end 1.000 [d0 0.574 d1 0.178 d2 0.174 d3 0.269 d4 0.300 d5 0.389 d6 0.257 d7 0.219 d8 0.321 d9 0.500 d10 0.455 d11 0.200 d12 0.200 d13 0.125 d14 0.200] (1003 SME tokens)
  --- Sample eval (val) ---
  <727.8> <1.8e+06> <1.3e+08> <-912> <7.15e-09> <2e+07> <7.5e-08> <7.2129e+07> →
    target: 2.239e+08
    pred:   2
    error:  223928864.80

  SUM: <9.29672e+08> <-1900> <16> <-7.8e-05> <9.9e-05> <19.66> <3e+06> <2.94e+08> →
    target: 1.227e+09
    pred:   1e+09
    error:  226670535.66

  : <-7.05094e+08> + <-9.55e-07> →
    target: -7.051e+08
    pred:   -9.909e+08
    error:  285814935.90

  <15240> →
    target: 6
    pred:   5e+08
    error:  499999994.00

   <3.9e+08> <7.68876e+08> →
    target: -5e+08 -9.692e+07 651 1.4e+08 3.9e+08 4.026e+08 7.689e+08 9.389e+08
    pred:   5e+08 -5e+08 -2 2e+08 3e+08 6e+08 6e+08 7e+08
    error:  1000000000.00 403075070.00 653.00 60000000.00 90000000.00 197439620.00 168876124.00 238884590.00

iter 4001: loss 0.5797, time 257.07ms, mfu 2.05%
iter 4002: loss 0.6071, time 386.35ms, mfu 2.03%
iter 4003: loss 0.6537, time 310.42ms, mfu 2.06%
iter 4004: loss 0.6217, time 364.22ms, mfu 2.05%
iter 4005: loss 0.6414, time 363.51ms, mfu 2.04%
iter 4006: loss 0.5404, time 291.95ms, mfu 2.08%
iter 4007: loss 0.5702, time 240.46ms, mfu 2.16%
iter 4008: loss 0.5810, time 431.35ms, mfu 2.11%
iter 4009: loss 0.5555, time 251.99ms, mfu 2.18%
iter 4010: loss 0.5614, time 325.63ms, mfu 2.18%
iter 4011: loss 0.5967, time 481.53ms, mfu 2.11%
iter 4012: loss 0.5583, time 456.28ms, mfu 2.05%
iter 4013: loss 0.5308, time 419.85ms, mfu 2.02%
iter 4014: loss 0.6243, time 344.54ms, mfu 2.02%
iter 4015: loss 0.5985, time 357.11ms, mfu 2.02%
iter 4016: loss 0.5481, time 506.44ms, mfu 1.96%
iter 4017: loss 0.5910, time 311.40ms, mfu 1.99%
iter 4018: loss 0.5873, time 487.61ms, mfu 1.93%
iter 4019: loss 0.6219, time 407.12ms, mfu 1.92%
iter 4020: loss 0.5489, time 247.82ms, mfu 2.01%
iter 4021: loss 0.5461, time 237.53ms, mfu 2.11%
iter 4022: loss 0.6285, time 285.52ms, mfu 2.14%
iter 4023: loss 0.5347, time 458.89ms, mfu 2.08%
iter 4024: loss 0.5554, time 473.89ms, mfu 2.03%
iter 4025: loss 0.5764, time 255.77ms, mfu 2.10%
iter 4026: loss 0.6027, time 440.30ms, mfu 2.05%
iter 4027: loss 0.6178, time 337.36ms, mfu 2.06%
iter 4028: loss 0.4986, time 369.85ms, mfu 2.04%
iter 4029: loss 0.5936, time 296.00ms, mfu 2.08%
iter 4030: loss 0.5103, time 368.58ms, mfu 2.06%
iter 4031: loss 0.5808, time 475.94ms, mfu 2.00%
iter 4032: loss 0.6100, time 251.26ms, mfu 2.09%
iter 4033: loss 0.5640, time 235.77ms, mfu 2.18%
iter 4034: loss 0.5726, time 394.91ms, mfu 2.14%
iter 4035: loss 0.6000, time 395.19ms, mfu 2.11%
iter 4036: loss 0.5841, time 320.13ms, mfu 2.12%
iter 4037: loss 0.6027, time 332.63ms, mfu 2.12%
iter 4038: loss 0.6201, time 396.29ms, mfu 2.08%
iter 4039: loss 0.5256, time 429.71ms, mfu 2.04%
iter 4040: loss 0.6077, time 389.57ms, mfu 2.02%
iter 4041: loss 0.5554, time 418.99ms, mfu 1.99%
iter 4042: loss 0.5244, time 398.42ms, mfu 1.97%
iter 4043: loss 0.5475, time 345.98ms, mfu 1.97%
iter 4044: loss 0.5833, time 521.13ms, mfu 1.91%
iter 4045: loss 0.5954, time 416.19ms, mfu 1.89%
iter 4046: loss 0.5541, time 414.41ms, mfu 1.87%
iter 4047: loss 0.5506, time 468.13ms, mfu 1.84%
iter 4048: loss 0.5190, time 534.91ms, mfu 1.79%
iter 4049: loss 0.5795, time 471.60ms, mfu 1.76%
iter 4050: loss 0.5493, time 406.64ms, mfu 1.76%
iter 4051: loss 0.5449, time 447.19ms, mfu 1.74%
iter 4052: loss 0.5625, time 349.73ms, mfu 1.77%
iter 4053: loss 0.5775, time 395.39ms, mfu 1.77%
iter 4054: loss 0.4623, time 365.31ms, mfu 1.79%
iter 4055: loss 0.5005, time 499.65ms, mfu 1.75%
iter 4056: loss 0.5475, time 398.88ms, mfu 1.75%
iter 4057: loss 0.5842, time 332.84ms, mfu 1.79%
iter 4058: loss 0.5707, time 396.50ms, mfu 1.79%
iter 4059: loss 0.4888, time 411.40ms, mfu 1.78%
iter 4060: loss 0.5314, time 347.92ms, mfu 1.81%
iter 4061: loss 0.5299, time 354.88ms, mfu 1.83%
iter 4062: loss 0.5436, time 361.38ms, mfu 1.84%
iter 4063: loss 0.5549, time 422.79ms, mfu 1.82%
iter 4064: loss 0.5915, time 396.32ms, mfu 1.82%
iter 4065: loss 0.5297, time 278.75ms, mfu 1.89%
iter 4066: loss 0.5545, time 344.57ms, mfu 1.91%
iter 4067: loss 0.5728, time 324.76ms, mfu 1.94%
iter 4068: loss 0.5720, time 431.54ms, mfu 1.91%
iter 4069: loss 0.6027, time 421.96ms, mfu 1.88%
iter 4070: loss 0.5153, time 231.27ms, mfu 2.00%
iter 4071: loss 0.5296, time 404.39ms, mfu 1.98%
iter 4072: loss 0.5751, time 354.05ms, mfu 1.98%
iter 4073: loss 0.5264, time 316.17ms, mfu 2.01%
iter 4074: loss 0.5047, time 350.24ms, mfu 2.01%
iter 4075: loss 0.5817, time 521.34ms, mfu 1.94%
iter 4076: loss 0.5852, time 272.43ms, mfu 2.01%
iter 4077: loss 0.5057, time 425.49ms, mfu 1.97%
iter 4078: loss 0.4937, time 470.05ms, mfu 1.93%
iter 4079: loss 0.4865, time 212.29ms, mfu 2.07%
iter 4080: loss 0.5667, time 377.09ms, mfu 2.05%
iter 4081: loss 0.5508, time 368.43ms, mfu 2.04%
iter 4082: loss 0.5306, time 453.82ms, mfu 1.99%
iter 4083: loss 0.5290, time 398.52ms, mfu 1.97%
iter 4084: loss 0.5607, time 453.40ms, mfu 1.93%
iter 4085: loss 0.5469, time 483.77ms, mfu 1.88%
iter 4086: loss 0.5854, time 384.95ms, mfu 1.88%
iter 4087: loss 0.5524, time 480.07ms, mfu 1.84%
iter 4088: loss 0.6331, time 326.04ms, mfu 1.87%
iter 4089: loss 0.6071, time 314.62ms, mfu 1.91%
iter 4090: loss 0.5554, time 273.01ms, mfu 1.98%
iter 4091: loss 0.6553, time 392.17ms, mfu 1.96%
iter 4092: loss 0.5735, time 432.24ms, mfu 1.93%
iter 4093: loss 0.6189, time 281.07ms, mfu 1.99%
iter 4094: loss 0.5671, time 466.90ms, mfu 1.94%
iter 4095: loss 0.5410, time 613.98ms, mfu 1.86%
iter 4096: loss 0.6028, time 310.30ms, mfu 1.90%
iter 4097: loss 0.5331, time 455.16ms, mfu 1.87%
iter 4098: loss 0.5345, time 374.88ms, mfu 1.87%
iter 4099: loss 0.5960, time 446.21ms, mfu 1.84%
iter 4100: loss 0.6182, time 673.98ms, mfu 1.76%
  === DIAG iter 4100 ===
  loss: 0.6182
  grads: total 1.0000, transformer 0.2515, adapter 0.9679
  <NUM> input tokens: 502/3072 (16.3%)
  lr: base 3.62e-04, adapter 1.81e-04
  SME accuracy: overall 0.575, sign 0.944, exp 0.824, digit 0.320, end 0.981 [d0 0.594 d1 0.093 d2 0.111 d3 0.138 d4 0.306 d5 0.400 d6 0.424 d7 0.312 d8 0.296 d9 0.600 d10 0.400 d11 0.556 d12 0.500 d13 0.143 d14 0.200] (1118 SME tokens)
iter 4101: loss 0.5666, time 227.57ms, mfu 1.90%
iter 4102: loss 0.5751, time 310.74ms, mfu 1.94%
iter 4103: loss 0.6008, time 289.19ms, mfu 1.99%
iter 4104: loss 0.5327, time 471.33ms, mfu 1.94%
iter 4105: loss 0.5629, time 434.94ms, mfu 1.91%
iter 4106: loss 0.5524, time 316.08ms, mfu 1.94%
iter 4107: loss 0.5333, time 234.13ms, mfu 2.05%
iter 4108: loss 0.5887, time 427.47ms, mfu 2.01%
iter 4109: loss 0.5262, time 457.35ms, mfu 1.97%
iter 4110: loss 0.6139, time 296.08ms, mfu 2.01%
iter 4111: loss 0.6449, time 326.02ms, mfu 2.02%
iter 4112: loss 0.5443, time 287.98ms, mfu 2.07%
iter 4113: loss 0.6177, time 351.15ms, mfu 2.06%
iter 4114: loss 0.5875, time 391.53ms, mfu 2.04%
iter 4115: loss 0.5740, time 348.21ms, mfu 2.04%
iter 4116: loss 0.5745, time 374.47ms, mfu 2.02%
iter 4117: loss 0.5747, time 415.99ms, mfu 1.99%
iter 4118: loss 0.5776, time 218.67ms, mfu 2.12%
iter 4119: loss 0.6087, time 349.56ms, mfu 2.11%
iter 4120: loss 0.6215, time 294.16ms, mfu 2.14%
iter 4121: loss 0.6115, time 405.64ms, mfu 2.10%
iter 4122: loss 0.4917, time 279.88ms, mfu 2.14%
iter 4123: loss 0.6254, time 536.49ms, mfu 2.06%
iter 4124: loss 0.5966, time 302.37ms, mfu 2.09%
iter 4125: loss 0.5755, time 429.71ms, mfu 2.04%
iter 4126: loss 0.5925, time 508.07ms, mfu 1.98%
iter 4127: loss 0.6014, time 359.70ms, mfu 1.98%
iter 4128: loss 0.5164, time 311.43ms, mfu 2.01%
iter 4129: loss 0.6057, time 343.96ms, mfu 2.01%
iter 4130: loss 0.5815, time 445.63ms, mfu 1.97%
iter 4131: loss 0.5015, time 281.11ms, mfu 2.03%
iter 4132: loss 0.5915, time 302.85ms, mfu 2.06%
iter 4133: loss 0.5050, time 401.42ms, mfu 2.03%
iter 4134: loss 0.5239, time 494.88ms, mfu 1.97%
iter 4135: loss 0.5426, time 347.32ms, mfu 1.98%
iter 4136: loss 0.5608, time 493.87ms, mfu 1.92%
iter 4137: loss 0.5623, time 362.29ms, mfu 1.93%
iter 4138: loss 0.6144, time 437.72ms, mfu 1.89%
iter 4139: loss 0.5407, time 351.14ms, mfu 1.91%
iter 4140: loss 0.5561, time 420.55ms, mfu 1.88%
iter 4141: loss 0.5378, time 410.83ms, mfu 1.87%
iter 4142: loss 0.5460, time 411.67ms, mfu 1.85%
iter 4143: loss 0.5734, time 334.44ms, mfu 1.88%
iter 4144: loss 0.5194, time 403.98ms, mfu 1.87%
iter 4145: loss 0.5394, time 342.58ms, mfu 1.89%
iter 4146: loss 0.5900, time 334.88ms, mfu 1.91%
iter 4147: loss 0.5318, time 248.09ms, mfu 2.01%
iter 4148: loss 0.5515, time 333.65ms, mfu 2.02%
iter 4149: loss 0.6254, time 349.26ms, mfu 2.02%
iter 4150: loss 0.5417, time 220.67ms, mfu 2.14%
iter 4151: loss 0.5795, time 433.42ms, mfu 2.09%
iter 4152: loss 0.5884, time 375.54ms, mfu 2.07%
iter 4153: loss 0.5307, time 357.35ms, mfu 2.06%
iter 4154: loss 0.5132, time 325.04ms, mfu 2.07%
iter 4155: loss 0.5459, time 398.19ms, mfu 2.04%
iter 4156: loss 0.6005, time 329.09ms, mfu 2.05%
iter 4157: loss 0.5700, time 263.18ms, mfu 2.12%
iter 4158: loss 0.5552, time 421.61ms, mfu 2.07%
iter 4159: loss 0.5859, time 286.52ms, mfu 2.11%
iter 4160: loss 0.6055, time 420.37ms, mfu 2.07%
iter 4161: loss 0.5480, time 346.63ms, mfu 2.07%
iter 4162: loss 0.5032, time 331.92ms, mfu 2.07%
iter 4163: loss 0.5119, time 431.81ms, mfu 2.03%
iter 4164: loss 0.5607, time 352.41ms, mfu 2.03%
iter 4165: loss 0.5227, time 530.17ms, mfu 1.96%
iter 4166: loss 0.5272, time 420.54ms, mfu 1.93%
iter 4167: loss 0.5233, time 547.50ms, mfu 1.87%
iter 4168: loss 0.5072, time 374.83ms, mfu 1.87%
iter 4169: loss 0.5273, time 353.30ms, mfu 1.88%
iter 4170: loss 0.5364, time 235.42ms, mfu 2.00%
iter 4171: loss 0.5604, time 373.04ms, mfu 1.99%
iter 4172: loss 0.5580, time 447.04ms, mfu 1.95%
iter 4173: loss 0.5470, time 348.65ms, mfu 1.96%
iter 4174: loss 0.5898, time 447.68ms, mfu 1.92%
iter 4175: loss 0.5647, time 219.08ms, mfu 2.05%
iter 4176: loss 0.5412, time 473.82ms, mfu 1.99%
iter 4177: loss 0.5500, time 372.48ms, mfu 1.99%
iter 4178: loss 0.5265, time 429.05ms, mfu 1.95%
iter 4179: loss 0.5090, time 267.80ms, mfu 2.02%
iter 4180: loss 0.5817, time 337.60ms, mfu 2.03%
iter 4181: loss 0.6121, time 321.44ms, mfu 2.05%
iter 4182: loss 0.6064, time 411.90ms, mfu 2.01%
iter 4183: loss 0.5637, time 258.23ms, mfu 2.09%
iter 4184: loss 0.5635, time 443.05ms, mfu 2.04%
iter 4185: loss 0.6522, time 369.39ms, mfu 2.03%
iter 4186: loss 0.6363, time 350.73ms, mfu 2.03%
iter 4187: loss 0.5761, time 343.12ms, mfu 2.03%
iter 4188: loss 0.5377, time 322.35ms, mfu 2.05%
iter 4189: loss 0.5806, time 338.66ms, mfu 2.05%
iter 4190: loss 0.5500, time 474.36ms, mfu 2.00%
iter 4191: loss 0.6025, time 321.78ms, mfu 2.02%
iter 4192: loss 0.5960, time 439.66ms, mfu 1.98%
iter 4193: loss 0.5466, time 460.34ms, mfu 1.93%
iter 4194: loss 0.5482, time 418.20ms, mfu 1.91%
iter 4195: loss 0.5347, time 336.83ms, mfu 1.93%
iter 4196: loss 0.5954, time 478.29ms, mfu 1.88%
iter 4197: loss 0.5794, time 277.69ms, mfu 1.95%
iter 4198: loss 0.4994, time 421.33ms, mfu 1.92%
iter 4199: loss 0.5191, time 406.47ms, mfu 1.91%
iter 4200: loss 0.5318, time 802.18ms, mfu 1.80%
  === DIAG iter 4200 ===
  loss: 0.5318
  grads: total 1.0000, transformer 0.2049, adapter 0.9788
  <NUM> input tokens: 507/3072 (16.5%)
  lr: base 3.59e-04, adapter 1.79e-04
  SME accuracy: overall 0.599, sign 0.965, exp 0.902, digit 0.382, end 0.982 [d0 0.617 d1 0.119 d2 0.164 d3 0.319 d4 0.278 d5 0.455 d6 0.333 d7 0.387 d8 0.407 d9 0.667 d10 0.857 d11 0.692 d12 0.500 d13 0.364 d14 0.000] (873 SME tokens)
iter 4201: loss 0.5340, time 178.01ms, mfu 2.02%
iter 4202: loss 0.5462, time 408.43ms, mfu 1.99%
iter 4203: loss 0.4923, time 372.72ms, mfu 1.98%
iter 4204: loss 0.5511, time 421.56ms, mfu 1.95%
iter 4205: loss 0.5990, time 353.26ms, mfu 1.96%
iter 4206: loss 0.5055, time 377.81ms, mfu 1.95%
iter 4207: loss 0.5174, time 557.12ms, mfu 1.88%
iter 4208: loss 0.5477, time 444.73ms, mfu 1.85%
iter 4209: loss 0.5246, time 392.18ms, mfu 1.85%
iter 4210: loss 0.5320, time 475.33ms, mfu 1.81%
iter 4211: loss 0.6002, time 515.45ms, mfu 1.77%
iter 4212: loss 0.5659, time 464.24ms, mfu 1.75%
iter 4213: loss 0.6239, time 277.45ms, mfu 1.83%
iter 4214: loss 0.5180, time 395.95ms, mfu 1.82%
iter 4215: loss 0.5053, time 380.05ms, mfu 1.83%
iter 4216: loss 0.5678, time 453.57ms, mfu 1.80%
iter 4217: loss 0.5324, time 376.90ms, mfu 1.81%
iter 4218: loss 0.5755, time 303.58ms, mfu 1.86%
iter 4219: loss 0.5794, time 240.97ms, mfu 1.97%
iter 4220: loss 0.5799, time 434.61ms, mfu 1.94%
iter 4221: loss 0.5616, time 277.32ms, mfu 2.00%
iter 4222: loss 0.5211, time 240.87ms, mfu 2.09%
iter 4223: loss 0.6286, time 350.70ms, mfu 2.08%
iter 4224: loss 0.5426, time 409.60ms, mfu 2.05%
iter 4225: loss 0.5212, time 489.60ms, mfu 1.99%
iter 4226: loss 0.5565, time 427.57ms, mfu 1.96%
iter 4227: loss 0.6124, time 538.91ms, mfu 1.89%
iter 4228: loss 0.5886, time 234.41ms, mfu 2.00%
iter 4229: loss 0.5701, time 390.60ms, mfu 1.99%
iter 4230: loss 0.5467, time 487.62ms, mfu 1.93%
iter 4231: loss 0.5930, time 282.81ms, mfu 1.99%
iter 4232: loss 0.5612, time 525.69ms, mfu 1.93%
iter 4233: loss 0.5941, time 341.52ms, mfu 1.94%
iter 4234: loss 0.5411, time 506.54ms, mfu 1.89%
iter 4235: loss 0.5818, time 414.72ms, mfu 1.87%
iter 4236: loss 0.5492, time 304.75ms, mfu 1.91%
iter 4237: loss 0.6316, time 402.16ms, mfu 1.90%
iter 4238: loss 0.4632, time 273.51ms, mfu 1.97%
iter 4239: loss 0.5331, time 361.28ms, mfu 1.97%
iter 4240: loss 0.5168, time 468.19ms, mfu 1.92%
iter 4241: loss 0.5285, time 412.73ms, mfu 1.90%
iter 4242: loss 0.5518, time 255.76ms, mfu 1.99%
iter 4243: loss 0.5545, time 475.93ms, mfu 1.94%
iter 4244: loss 0.5710, time 307.32ms, mfu 1.98%
iter 4245: loss 0.5865, time 374.14ms, mfu 1.97%
iter 4246: loss 0.5797, time 386.06ms, mfu 1.95%
iter 4247: loss 0.5599, time 338.59ms, mfu 1.97%
iter 4248: loss 0.5337, time 424.46ms, mfu 1.94%
iter 4249: loss 0.5329, time 374.23ms, mfu 1.93%
iter 4250: loss 0.5039, time 267.87ms, mfu 2.01%
iter 4251: loss 0.5919, time 438.79ms, mfu 1.97%
iter 4252: loss 0.5449, time 296.33ms, mfu 2.01%
iter 4253: loss 0.5778, time 326.46ms, mfu 2.02%
iter 4254: loss 0.5588, time 366.30ms, mfu 2.02%
iter 4255: loss 0.5871, time 533.83ms, mfu 1.95%
iter 4256: loss 0.5322, time 437.40ms, mfu 1.91%
iter 4257: loss 0.5877, time 504.58ms, mfu 1.86%
iter 4258: loss 0.5669, time 431.97ms, mfu 1.84%
iter 4259: loss 0.5754, time 348.45ms, mfu 1.86%
iter 4260: loss 0.4992, time 392.36ms, mfu 1.85%
iter 4261: loss 0.5206, time 345.66ms, mfu 1.87%
iter 4262: loss 0.6297, time 332.87ms, mfu 1.90%
iter 4263: loss 0.5720, time 216.00ms, mfu 2.04%
iter 4264: loss 0.5485, time 300.98ms, mfu 2.07%
iter 4265: loss 0.5935, time 392.49ms, mfu 2.04%
iter 4266: loss 0.5557, time 425.46ms, mfu 2.01%
iter 4267: loss 0.5539, time 334.60ms, mfu 2.02%
iter 4268: loss 0.5127, time 353.87ms, mfu 2.02%
iter 4269: loss 0.6012, time 364.10ms, mfu 2.01%
iter 4270: loss 0.6044, time 342.14ms, mfu 2.01%
iter 4271: loss 0.5886, time 346.52ms, mfu 2.02%
iter 4272: loss 0.5139, time 434.04ms, mfu 1.98%
iter 4273: loss 0.5720, time 422.87ms, mfu 1.95%
iter 4274: loss 0.5445, time 356.49ms, mfu 1.95%
iter 4275: loss 0.4657, time 400.24ms, mfu 1.93%
iter 4276: loss 0.5454, time 451.87ms, mfu 1.90%
iter 4277: loss 0.5597, time 299.93ms, mfu 1.94%
iter 4278: loss 0.5845, time 344.75ms, mfu 1.96%
iter 4279: loss 0.5932, time 435.17ms, mfu 1.92%
iter 4280: loss 0.5176, time 238.56ms, mfu 2.03%
iter 4281: loss 0.5801, time 469.70ms, mfu 1.98%
iter 4282: loss 0.5928, time 556.73ms, mfu 1.91%
iter 4283: loss 0.5147, time 495.22ms, mfu 1.86%
iter 4284: loss 0.6174, time 567.61ms, mfu 1.80%
iter 4285: loss 0.5377, time 493.41ms, mfu 1.76%
iter 4286: loss 0.5146, time 352.39ms, mfu 1.79%
iter 4287: loss 0.5292, time 463.97ms, mfu 1.76%
iter 4288: loss 0.5129, time 445.12ms, mfu 1.74%
iter 4289: loss 0.5487, time 460.13ms, mfu 1.72%
iter 4290: loss 0.5525, time 312.60ms, mfu 1.78%
iter 4291: loss 0.6088, time 394.46ms, mfu 1.78%
iter 4292: loss 0.5887, time 268.47ms, mfu 1.87%
iter 4293: loss 0.5459, time 364.03ms, mfu 1.87%
iter 4294: loss 0.5311, time 423.15ms, mfu 1.85%
iter 4295: loss 0.5349, time 331.64ms, mfu 1.88%
iter 4296: loss 0.6187, time 431.04ms, mfu 1.86%
iter 4297: loss 0.5547, time 321.47ms, mfu 1.89%
iter 4298: loss 0.5573, time 443.50ms, mfu 1.86%
iter 4299: loss 0.5588, time 306.15ms, mfu 1.91%
iter 4300: loss 0.5693, time 449.11ms, mfu 1.88%
  === DIAG iter 4300 ===
  loss: 0.5693
  grads: total 1.0000, transformer 0.1425, adapter 0.9898
  <NUM> input tokens: 545/3072 (17.7%)
  lr: base 3.55e-04, adapter 1.78e-04
  SME accuracy: overall 0.597, sign 0.970, exp 0.917, digit 0.377, end 0.985 [d0 0.609 d1 0.165 d2 0.174 d3 0.286 d4 0.439 d5 0.390 d6 0.350 d7 0.436 d8 0.297 d9 0.556 d10 0.733 d11 0.667 d12 0.615 d13 0.273 d14 0.000] (1042 SME tokens)
iter 4301: loss 0.5126, time 209.18ms, mfu 2.03%
iter 4302: loss 0.5554, time 415.66ms, mfu 1.99%
iter 4303: loss 0.5482, time 421.36ms, mfu 1.96%
iter 4304: loss 0.5316, time 418.96ms, mfu 1.94%
iter 4305: loss 0.5838, time 391.13ms, mfu 1.92%
iter 4306: loss 0.5618, time 340.64ms, mfu 1.94%
iter 4307: loss 0.5526, time 444.13ms, mfu 1.91%
iter 4308: loss 0.6246, time 361.69ms, mfu 1.91%
iter 4309: loss 0.6125, time 516.95ms, mfu 1.86%
iter 4310: loss 0.5489, time 353.30ms, mfu 1.87%
iter 4311: loss 0.5535, time 447.16ms, mfu 1.84%
iter 4312: loss 0.4996, time 429.26ms, mfu 1.82%
iter 4313: loss 0.5920, time 414.66ms, mfu 1.81%
iter 4314: loss 0.5940, time 311.29ms, mfu 1.86%
iter 4315: loss 0.5834, time 341.94ms, mfu 1.88%
iter 4316: loss 0.5271, time 458.21ms, mfu 1.85%
iter 4317: loss 0.5579, time 394.05ms, mfu 1.84%
iter 4318: loss 0.5809, time 366.61ms, mfu 1.85%
iter 4319: loss 0.5689, time 424.64ms, mfu 1.83%
iter 4320: loss 0.5935, time 348.82ms, mfu 1.85%
iter 4321: loss 0.5700, time 434.56ms, mfu 1.83%
iter 4322: loss 0.5506, time 435.52ms, mfu 1.81%
iter 4323: loss 0.5235, time 292.21ms, mfu 1.87%
iter 4324: loss 0.5760, time 267.86ms, mfu 1.95%
iter 4325: loss 0.4777, time 422.23ms, mfu 1.92%
iter 4326: loss 0.6318, time 450.55ms, mfu 1.89%
iter 4327: loss 0.6255, time 305.12ms, mfu 1.93%
iter 4328: loss 0.5579, time 386.64ms, mfu 1.92%
iter 4329: loss 0.6002, time 385.69ms, mfu 1.91%
iter 4330: loss 0.5699, time 279.50ms, mfu 1.97%
iter 4331: loss 0.5932, time 255.27ms, mfu 2.06%
iter 4332: loss 0.5283, time 487.89ms, mfu 1.99%
iter 4333: loss 0.5622, time 466.43ms, mfu 1.95%
iter 4334: loss 0.5315, time 300.87ms, mfu 1.99%
iter 4335: loss 0.5278, time 319.38ms, mfu 2.01%
iter 4336: loss 0.5333, time 230.03ms, mfu 2.12%
iter 4337: loss 0.5879, time 534.01ms, mfu 2.04%
iter 4338: loss 0.5439, time 427.47ms, mfu 2.00%
iter 4339: loss 0.6169, time 354.81ms, mfu 2.00%
iter 4340: loss 0.5512, time 450.19ms, mfu 1.96%
iter 4341: loss 0.5369, time 382.12ms, mfu 1.95%
iter 4342: loss 0.5791, time 418.62ms, mfu 1.92%
iter 4343: loss 0.5869, time 328.36ms, mfu 1.95%
iter 4344: loss 0.5487, time 362.90ms, mfu 1.95%
iter 4345: loss 0.5454, time 466.59ms, mfu 1.90%
iter 4346: loss 0.5502, time 487.43ms, mfu 1.86%
iter 4347: loss 0.5494, time 344.89ms, mfu 1.88%
iter 4348: loss 0.6123, time 320.53ms, mfu 1.91%
iter 4349: loss 0.5394, time 402.13ms, mfu 1.90%
iter 4350: loss 0.5218, time 336.10ms, mfu 1.92%
iter 4351: loss 0.5091, time 336.82ms, mfu 1.94%
iter 4352: loss 0.5791, time 382.96ms, mfu 1.93%
iter 4353: loss 0.6245, time 363.94ms, mfu 1.93%
iter 4354: loss 0.5263, time 501.63ms, mfu 1.88%
iter 4355: loss 0.4936, time 474.44ms, mfu 1.84%
iter 4356: loss 0.5061, time 405.95ms, mfu 1.83%
iter 4357: loss 0.5267, time 347.31ms, mfu 1.85%
iter 4358: loss 0.5208, time 377.61ms, mfu 1.85%
iter 4359: loss 0.5530, time 329.82ms, mfu 1.88%
iter 4360: loss 0.5596, time 540.83ms, mfu 1.83%
iter 4361: loss 0.5501, time 371.27ms, mfu 1.83%
iter 4362: loss 0.5372, time 278.04ms, mfu 1.91%
iter 4363: loss 0.5319, time 314.20ms, mfu 1.94%
iter 4364: loss 0.4942, time 349.54ms, mfu 1.95%
iter 4365: loss 0.5877, time 568.33ms, mfu 1.88%
iter 4366: loss 0.4934, time 371.47ms, mfu 1.88%
iter 4367: loss 0.5617, time 480.68ms, mfu 1.84%
iter 4368: loss 0.6183, time 208.40ms, mfu 2.00%
iter 4369: loss 0.5101, time 373.32ms, mfu 1.99%
iter 4370: loss 0.5033, time 377.51ms, mfu 1.98%
iter 4371: loss 0.5358, time 351.92ms, mfu 1.98%
iter 4372: loss 0.5036, time 385.24ms, mfu 1.97%
iter 4373: loss 0.6067, time 457.35ms, mfu 1.92%
iter 4374: loss 0.5645, time 315.50ms, mfu 1.96%
iter 4375: loss 0.5175, time 289.07ms, mfu 2.01%
iter 4376: loss 0.5737, time 380.13ms, mfu 1.99%
iter 4377: loss 0.6870, time 400.87ms, mfu 1.97%
iter 4378: loss 0.6181, time 334.19ms, mfu 1.98%
iter 4379: loss 0.5402, time 570.06ms, mfu 1.91%
iter 4380: loss 0.5565, time 252.81ms, mfu 2.00%
iter 4381: loss 0.5283, time 441.34ms, mfu 1.96%
iter 4382: loss 0.5803, time 342.67ms, mfu 1.97%
iter 4383: loss 0.5431, time 278.41ms, mfu 2.03%
iter 4384: loss 0.4933, time 450.28ms, mfu 1.98%
iter 4385: loss 0.5915, time 297.38ms, mfu 2.02%
iter 4386: loss 0.5488, time 273.14ms, mfu 2.08%
iter 4387: loss 0.5461, time 383.27ms, mfu 2.06%
iter 4388: loss 0.5819, time 305.16ms, mfu 2.08%
iter 4389: loss 0.5835, time 256.32ms, mfu 2.15%
iter 4390: loss 0.5855, time 272.85ms, mfu 2.20%
iter 4391: loss 0.5421, time 350.40ms, mfu 2.18%
iter 4392: loss 0.5704, time 354.04ms, mfu 2.16%
iter 4393: loss 0.5876, time 318.55ms, mfu 2.17%
iter 4394: loss 0.5843, time 496.33ms, mfu 2.09%
iter 4395: loss 0.5601, time 496.49ms, mfu 2.03%
iter 4396: loss 0.5706, time 359.10ms, mfu 2.02%
iter 4397: loss 0.5478, time 528.18ms, mfu 1.95%
iter 4398: loss 0.6247, time 389.02ms, mfu 1.94%
iter 4399: loss 0.5835, time 425.12ms, mfu 1.91%
iter 4400: loss 0.5755, time 557.79ms, mfu 1.85%
  === DIAG iter 4400 ===
  loss: 0.5755
  grads: total 1.0000, transformer 0.1976, adapter 0.9803
  <NUM> input tokens: 510/3072 (16.6%)
  lr: base 3.51e-04, adapter 1.76e-04
  SME accuracy: overall 0.569, sign 0.977, exp 0.902, digit 0.320, end 0.978 [d0 0.538 d1 0.120 d2 0.158 d3 0.218 d4 0.368 d5 0.297 d6 0.400 d7 0.235 d8 0.242 d9 0.500 d10 0.625 d11 0.312 d12 0.455 d13 0.444 d14 0.167] (1009 SME tokens)
iter 4401: loss 0.5599, time 180.94ms, mfu 2.06%
iter 4402: loss 0.5496, time 413.82ms, mfu 2.02%
iter 4403: loss 0.5411, time 472.52ms, mfu 1.97%
iter 4404: loss 0.5419, time 342.64ms, mfu 1.98%
iter 4405: loss 0.5987, time 313.14ms, mfu 2.01%
iter 4406: loss 0.5710, time 480.45ms, mfu 1.95%
iter 4407: loss 0.5511, time 388.43ms, mfu 1.94%
iter 4408: loss 0.5409, time 285.34ms, mfu 2.00%
iter 4409: loss 0.5441, time 275.41ms, mfu 2.05%
iter 4410: loss 0.5572, time 326.15ms, mfu 2.07%
iter 4411: loss 0.5390, time 539.28ms, mfu 1.99%
iter 4412: loss 0.6144, time 281.43ms, mfu 2.04%
iter 4413: loss 0.5358, time 264.50ms, mfu 2.11%
iter 4414: loss 0.5384, time 392.16ms, mfu 2.08%
iter 4415: loss 0.5096, time 261.89ms, mfu 2.14%
iter 4416: loss 0.6019, time 420.56ms, mfu 2.09%
iter 4417: loss 0.5450, time 386.16ms, mfu 2.07%
iter 4418: loss 0.5024, time 423.44ms, mfu 2.03%
iter 4419: loss 0.5884, time 417.25ms, mfu 2.00%
iter 4420: loss 0.5504, time 428.11ms, mfu 1.96%
iter 4421: loss 0.6012, time 424.93ms, mfu 1.93%
iter 4422: loss 0.4900, time 327.50ms, mfu 1.96%
iter 4423: loss 0.5909, time 428.55ms, mfu 1.93%
iter 4424: loss 0.5830, time 440.11ms, mfu 1.89%
iter 4425: loss 0.5876, time 263.01ms, mfu 1.97%
iter 4426: loss 0.5324, time 421.55ms, mfu 1.94%
iter 4427: loss 0.5686, time 257.76ms, mfu 2.03%
iter 4428: loss 0.5769, time 290.39ms, mfu 2.07%
iter 4429: loss 0.5261, time 429.42ms, mfu 2.03%
iter 4430: loss 0.5335, time 302.58ms, mfu 2.06%
iter 4431: loss 0.6030, time 415.64ms, mfu 2.02%
iter 4432: loss 0.5082, time 409.00ms, mfu 1.99%
iter 4433: loss 0.5681, time 415.11ms, mfu 1.96%
iter 4434: loss 0.5777, time 493.75ms, mfu 1.91%
iter 4435: loss 0.5274, time 152.03ms, mfu 2.19%
iter 4436: loss 0.5855, time 473.95ms, mfu 2.12%
iter 4437: loss 0.6022, time 278.57ms, mfu 2.16%
iter 4438: loss 0.5794, time 522.29ms, mfu 2.08%
iter 4439: loss 0.5054, time 411.61ms, mfu 2.04%
iter 4440: loss 0.5543, time 223.53ms, mfu 2.16%
iter 4441: loss 0.5165, time 314.82ms, mfu 2.17%
iter 4442: loss 0.5798, time 392.40ms, mfu 2.13%
iter 4443: loss 0.6736, time 364.83ms, mfu 2.11%
iter 4444: loss 0.6207, time 477.50ms, mfu 2.05%
iter 4445: loss 0.5574, time 293.77ms, mfu 2.08%
iter 4446: loss 0.5601, time 376.21ms, mfu 2.06%
iter 4447: loss 0.5807, time 507.75ms, mfu 2.00%
iter 4448: loss 0.5643, time 410.02ms, mfu 1.97%
iter 4449: loss 0.5232, time 482.33ms, mfu 1.92%
iter 4450: loss 0.5310, time 287.19ms, mfu 1.98%
iter 4451: loss 0.6398, time 351.02ms, mfu 1.98%
iter 4452: loss 0.5627, time 399.22ms, mfu 1.96%
iter 4453: loss 0.5462, time 322.36ms, mfu 1.98%
iter 4454: loss 0.5735, time 439.91ms, mfu 1.95%
iter 4455: loss 0.5487, time 371.15ms, mfu 1.94%
iter 4456: loss 0.5569, time 401.00ms, mfu 1.92%
iter 4457: loss 0.6059, time 296.61ms, mfu 1.97%
iter 4458: loss 0.5369, time 401.31ms, mfu 1.95%
iter 4459: loss 0.5839, time 392.61ms, mfu 1.94%
iter 4460: loss 0.6239, time 364.62ms, mfu 1.94%
iter 4461: loss 0.5836, time 370.37ms, mfu 1.93%
iter 4462: loss 0.5297, time 337.30ms, mfu 1.95%
iter 4463: loss 0.6495, time 387.92ms, mfu 1.94%
iter 4464: loss 0.5647, time 489.83ms, mfu 1.89%
iter 4465: loss 0.5698, time 298.25ms, mfu 1.94%
iter 4466: loss 0.5565, time 297.51ms, mfu 1.98%
iter 4467: loss 0.5067, time 399.86ms, mfu 1.96%
iter 4468: loss 0.5991, time 251.29ms, mfu 2.05%
iter 4469: loss 0.5867, time 449.64ms, mfu 2.00%
iter 4470: loss 0.5765, time 316.79ms, mfu 2.02%
iter 4471: loss 0.5760, time 430.99ms, mfu 1.99%
iter 4472: loss 0.5301, time 339.48ms, mfu 2.00%
iter 4473: loss 0.6104, time 305.80ms, mfu 2.03%
iter 4474: loss 0.5633, time 565.48ms, mfu 1.95%
iter 4475: loss 0.5266, time 454.53ms, mfu 1.91%
iter 4476: loss 0.5861, time 375.48ms, mfu 1.91%
iter 4477: loss 0.5330, time 522.05ms, mfu 1.85%
iter 4478: loss 0.5668, time 286.28ms, mfu 1.92%
iter 4479: loss 0.5125, time 418.43ms, mfu 1.89%
iter 4480: loss 0.5666, time 377.71ms, mfu 1.89%
iter 4481: loss 0.5444, time 367.50ms, mfu 1.90%
iter 4482: loss 0.5596, time 520.84ms, mfu 1.84%
iter 4483: loss 0.5494, time 427.24ms, mfu 1.82%
iter 4484: loss 0.6054, time 298.78ms, mfu 1.88%
iter 4485: loss 0.5910, time 372.67ms, mfu 1.88%
iter 4486: loss 0.5951, time 409.25ms, mfu 1.87%
iter 4487: loss 0.6102, time 480.73ms, mfu 1.83%
iter 4488: loss 0.5518, time 444.35ms, mfu 1.80%
iter 4489: loss 0.5982, time 504.87ms, mfu 1.76%
iter 4490: loss 0.5364, time 347.17ms, mfu 1.79%
iter 4491: loss 0.5655, time 452.85ms, mfu 1.77%
iter 4492: loss 0.5883, time 444.30ms, mfu 1.75%
iter 4493: loss 0.5675, time 276.80ms, mfu 1.83%
iter 4494: loss 0.5298, time 530.59ms, mfu 1.78%
iter 4495: loss 0.5911, time 254.77ms, mfu 1.88%
iter 4496: loss 0.5453, time 339.66ms, mfu 1.90%
iter 4497: loss 0.5556, time 296.67ms, mfu 1.95%
iter 4498: loss 0.5360, time 239.06ms, mfu 2.05%
iter 4499: loss 0.5591, time 435.85ms, mfu 2.01%
iter 4500: loss 0.5259, time 309.92ms, mfu 2.04%
  === DIAG iter 4500 ===
  loss: 0.5259
  grads: total 1.0000, transformer 0.2564, adapter 0.9666
  <NUM> input tokens: 532/3072 (17.3%)
  lr: base 3.47e-04, adapter 1.74e-04
  SME accuracy: overall 0.607, sign 0.985, exp 0.947, digit 0.367, end 0.953 [d0 0.698 d1 0.183 d2 0.138 d3 0.245 d4 0.316 d5 0.286 d6 0.294 d7 0.250 d8 0.250 d9 0.500 d10 0.500 d11 0.500 d12 0.444 d13 0.375 d14 0.200] (968 SME tokens)
iter 4501: loss 0.4888, time 224.16ms, mfu 2.15%
iter 4502: loss 0.5685, time 312.43ms, mfu 2.16%
iter 4503: loss 0.4730, time 313.39ms, mfu 2.17%
iter 4504: loss 0.5515, time 548.35ms, mfu 2.08%
iter 4505: loss 0.5713, time 396.08ms, mfu 2.05%
iter 4506: loss 0.5594, time 369.52ms, mfu 2.04%
iter 4507: loss 0.5329, time 324.06ms, mfu 2.06%
iter 4508: loss 0.5849, time 328.88ms, mfu 2.07%
iter 4509: loss 0.5538, time 366.09ms, mfu 2.05%
iter 4510: loss 0.5022, time 406.87ms, mfu 2.02%
iter 4511: loss 0.5250, time 276.82ms, mfu 2.08%
iter 4512: loss 0.5078, time 472.13ms, mfu 2.02%
iter 4513: loss 0.5091, time 258.54ms, mfu 2.09%
iter 4514: loss 0.5028, time 233.45ms, mfu 2.18%
iter 4515: loss 0.5657, time 365.70ms, mfu 2.16%
iter 4516: loss 0.5196, time 353.75ms, mfu 2.14%
iter 4517: loss 0.5668, time 466.59ms, mfu 2.08%
iter 4518: loss 0.5194, time 369.54ms, mfu 2.07%
iter 4519: loss 0.5809, time 246.70ms, mfu 2.15%
iter 4520: loss 0.5728, time 444.82ms, mfu 2.09%
iter 4521: loss 0.5709, time 401.35ms, mfu 2.06%
iter 4522: loss 0.5892, time 477.63ms, mfu 2.00%
iter 4523: loss 0.5881, time 290.44ms, mfu 2.04%
iter 4524: loss 0.4853, time 285.43ms, mfu 2.09%
iter 4525: loss 0.5201, time 305.27ms, mfu 2.11%
iter 4526: loss 0.5528, time 456.00ms, mfu 2.06%
iter 4527: loss 0.5061, time 441.34ms, mfu 2.01%
iter 4528: loss 0.5283, time 465.55ms, mfu 1.96%
iter 4529: loss 0.5672, time 300.17ms, mfu 2.00%
iter 4530: loss 0.5138, time 325.25ms, mfu 2.02%
iter 4531: loss 0.6503, time 531.20ms, mfu 1.95%
iter 4532: loss 0.5473, time 377.09ms, mfu 1.94%
iter 4533: loss 0.5489, time 427.35ms, mfu 1.92%
iter 4534: loss 0.5366, time 387.14ms, mfu 1.91%
iter 4535: loss 0.5470, time 277.79ms, mfu 1.97%
iter 4536: loss 0.5252, time 277.72ms, mfu 2.03%
iter 4537: loss 0.5717, time 399.24ms, mfu 2.00%
iter 4538: loss 0.5506, time 304.79ms, mfu 2.04%
iter 4539: loss 0.5263, time 276.17ms, mfu 2.09%
iter 4540: loss 0.5503, time 474.40ms, mfu 2.03%
iter 4541: loss 0.4912, time 331.52ms, mfu 2.04%
iter 4542: loss 0.5848, time 347.54ms, mfu 2.04%
iter 4543: loss 0.6098, time 328.78ms, mfu 2.05%
iter 4544: loss 0.5316, time 391.45ms, mfu 2.03%
iter 4545: loss 0.5921, time 399.56ms, mfu 2.00%
iter 4546: loss 0.5506, time 373.04ms, mfu 1.99%
iter 4547: loss 0.5761, time 378.38ms, mfu 1.98%
iter 4548: loss 0.5673, time 387.25ms, mfu 1.97%
iter 4549: loss 0.5435, time 383.32ms, mfu 1.95%
iter 4550: loss 0.5244, time 304.72ms, mfu 1.99%
iter 4551: loss 0.5314, time 406.35ms, mfu 1.97%
iter 4552: loss 0.5767, time 362.17ms, mfu 1.97%
iter 4553: loss 0.5747, time 395.19ms, mfu 1.95%
iter 4554: loss 0.5627, time 320.64ms, mfu 1.97%
iter 4555: loss 0.5905, time 337.18ms, mfu 1.99%
iter 4556: loss 0.5267, time 353.30ms, mfu 1.99%
iter 4557: loss 0.5682, time 286.69ms, mfu 2.04%
iter 4558: loss 0.4960, time 383.14ms, mfu 2.02%
iter 4559: loss 0.5320, time 242.62ms, mfu 2.11%
iter 4560: loss 0.5526, time 394.90ms, mfu 2.08%
iter 4561: loss 0.5607, time 363.71ms, mfu 2.06%
iter 4562: loss 0.5721, time 346.90ms, mfu 2.06%
iter 4563: loss 0.5149, time 514.65ms, mfu 1.99%
iter 4564: loss 0.5382, time 501.83ms, mfu 1.94%
iter 4565: loss 0.5564, time 291.53ms, mfu 1.99%
iter 4566: loss 0.5522, time 321.12ms, mfu 2.01%
iter 4567: loss 0.5908, time 494.24ms, mfu 1.95%
iter 4568: loss 0.5964, time 262.66ms, mfu 2.02%
iter 4569: loss 0.6324, time 394.62ms, mfu 2.00%
iter 4570: loss 0.5281, time 494.05ms, mfu 1.95%
iter 4571: loss 0.5443, time 442.07ms, mfu 1.91%
iter 4572: loss 0.5625, time 228.75ms, mfu 2.03%
iter 4573: loss 0.5765, time 353.68ms, mfu 2.03%
iter 4574: loss 0.5882, time 341.55ms, mfu 2.03%
iter 4575: loss 0.5130, time 487.99ms, mfu 1.97%
iter 4576: loss 0.5703, time 259.43ms, mfu 2.05%
iter 4577: loss 0.5842, time 299.15ms, mfu 2.08%
iter 4578: loss 0.6002, time 446.67ms, mfu 2.03%
iter 4579: loss 0.5527, time 310.19ms, mfu 2.06%
iter 4580: loss 0.5756, time 315.09ms, mfu 2.08%
iter 4581: loss 0.6015, time 497.12ms, mfu 2.01%
iter 4582: loss 0.6042, time 265.21ms, mfu 2.08%
iter 4583: loss 0.5670, time 439.41ms, mfu 2.03%
iter 4584: loss 0.5592, time 463.51ms, mfu 1.98%
iter 4585: loss 0.5843, time 294.73ms, mfu 2.02%
iter 4586: loss 0.6238, time 441.77ms, mfu 1.98%
iter 4587: loss 0.5973, time 336.21ms, mfu 1.99%
iter 4588: loss 0.6193, time 321.38ms, mfu 2.02%
iter 4589: loss 0.5952, time 372.03ms, mfu 2.00%
iter 4590: loss 0.5328, time 270.89ms, mfu 2.07%
iter 4591: loss 0.5232, time 257.71ms, mfu 2.13%
iter 4592: loss 0.5091, time 494.19ms, mfu 2.06%
iter 4593: loss 0.5520, time 336.74ms, mfu 2.07%
iter 4594: loss 0.5453, time 428.88ms, mfu 2.03%
iter 4595: loss 0.5582, time 459.75ms, mfu 1.98%
iter 4596: loss 0.5728, time 378.15ms, mfu 1.97%
iter 4597: loss 0.6793, time 399.27ms, mfu 1.95%
iter 4598: loss 0.5314, time 447.02ms, mfu 1.91%
iter 4599: loss 0.5042, time 284.37ms, mfu 1.97%
iter 4600: loss 0.5634, time 635.73ms, mfu 1.88%
  === DIAG iter 4600 ===
  loss: 0.5634
  grads: total 1.0000, transformer 0.1741, adapter 0.9847
  <NUM> input tokens: 485/3072 (15.8%)
  lr: base 3.43e-04, adapter 1.72e-04
  SME accuracy: overall 0.595, sign 0.969, exp 0.925, digit 0.296, end 0.987 [d0 0.573 d1 0.112 d2 0.037 d3 0.111 d4 0.194 d5 0.300 d6 0.276 d7 0.370 d8 0.280 d9 0.500 d10 0.625 d11 0.500 d12 0.333 d13 0.167 d14 0.000] (1069 SME tokens)
iter 4601: loss 0.6027, time 172.96ms, mfu 2.11%
iter 4602: loss 0.5679, time 374.31ms, mfu 2.08%
iter 4603: loss 0.5533, time 357.72ms, mfu 2.07%
iter 4604: loss 0.5786, time 418.18ms, mfu 2.04%
iter 4605: loss 0.6246, time 209.50ms, mfu 2.17%
iter 4606: loss 0.5563, time 356.27ms, mfu 2.15%
iter 4607: loss 0.5110, time 365.03ms, mfu 2.13%
iter 4608: loss 0.5803, time 260.11ms, mfu 2.19%
iter 4609: loss 0.5642, time 434.40ms, mfu 2.14%
iter 4610: loss 0.5953, time 291.69ms, mfu 2.16%
iter 4611: loss 0.5967, time 234.52ms, mfu 2.25%
iter 4612: loss 0.5413, time 390.25ms, mfu 2.21%
iter 4613: loss 0.5543, time 312.85ms, mfu 2.21%
iter 4614: loss 0.5790, time 505.02ms, mfu 2.13%
iter 4615: loss 0.5394, time 382.41ms, mfu 2.10%
iter 4616: loss 0.5699, time 332.30ms, mfu 2.11%
iter 4617: loss 0.5415, time 391.92ms, mfu 2.08%
iter 4618: loss 0.5596, time 436.43ms, mfu 2.03%
iter 4619: loss 0.5613, time 521.42ms, mfu 1.96%
iter 4620: loss 0.5463, time 429.53ms, mfu 1.93%
iter 4621: loss 0.4678, time 373.82ms, mfu 1.93%
iter 4622: loss 0.5237, time 427.98ms, mfu 1.90%
iter 4623: loss 0.5247, time 343.57ms, mfu 1.92%
iter 4624: loss 0.6237, time 532.04ms, mfu 1.86%
iter 4625: loss 0.5286, time 369.64ms, mfu 1.87%
iter 4626: loss 0.5401, time 318.53ms, mfu 1.90%
iter 4627: loss 0.5587, time 449.89ms, mfu 1.87%
iter 4628: loss 0.5279, time 390.34ms, mfu 1.86%
iter 4629: loss 0.5354, time 312.44ms, mfu 1.90%
iter 4630: loss 0.5039, time 369.01ms, mfu 1.91%
iter 4631: loss 0.5659, time 399.56ms, mfu 1.89%
iter 4632: loss 0.5524, time 380.97ms, mfu 1.89%
iter 4633: loss 0.5852, time 295.45ms, mfu 1.94%
iter 4634: loss 0.5602, time 371.77ms, mfu 1.94%
iter 4635: loss 0.5408, time 407.31ms, mfu 1.92%
iter 4636: loss 0.6263, time 312.73ms, mfu 1.95%
iter 4637: loss 0.5691, time 487.19ms, mfu 1.90%
iter 4638: loss 0.5365, time 251.29ms, mfu 1.99%
iter 4639: loss 0.5483, time 347.75ms, mfu 2.00%
iter 4640: loss 0.5356, time 401.36ms, mfu 1.98%
iter 4641: loss 0.5627, time 372.91ms, mfu 1.97%
iter 4642: loss 0.5216, time 403.06ms, mfu 1.95%
iter 4643: loss 0.5494, time 248.15ms, mfu 2.04%
iter 4644: loss 0.5631, time 363.21ms, mfu 2.03%
iter 4645: loss 0.5400, time 430.85ms, mfu 1.99%
iter 4646: loss 0.6190, time 383.59ms, mfu 1.98%
iter 4647: loss 0.5774, time 414.59ms, mfu 1.95%
iter 4648: loss 0.5741, time 429.87ms, mfu 1.92%
iter 4649: loss 0.5821, time 328.19ms, mfu 1.94%
iter 4650: loss 0.6249, time 431.25ms, mfu 1.91%
iter 4651: loss 0.5166, time 397.89ms, mfu 1.90%
iter 4652: loss 0.5439, time 261.57ms, mfu 1.98%
iter 4653: loss 0.5476, time 438.27ms, mfu 1.94%
iter 4654: loss 0.5319, time 251.59ms, mfu 2.03%
iter 4655: loss 0.5261, time 396.98ms, mfu 2.01%
iter 4656: loss 0.5374, time 296.13ms, mfu 2.05%
iter 4657: loss 0.5181, time 441.44ms, mfu 2.00%
iter 4658: loss 0.5327, time 314.67ms, mfu 2.03%
iter 4659: loss 0.5258, time 439.87ms, mfu 1.99%
iter 4660: loss 0.5733, time 469.38ms, mfu 1.94%
iter 4661: loss 0.5774, time 361.12ms, mfu 1.94%
iter 4662: loss 0.5016, time 438.19ms, mfu 1.91%
iter 4663: loss 0.6328, time 367.67ms, mfu 1.91%
iter 4664: loss 0.5565, time 245.62ms, mfu 2.01%
iter 4665: loss 0.5404, time 461.62ms, mfu 1.96%
iter 4666: loss 0.5658, time 248.65ms, mfu 2.05%
iter 4667: loss 0.5259, time 414.73ms, mfu 2.02%
iter 4668: loss 0.5410, time 491.22ms, mfu 1.96%
iter 4669: loss 0.5558, time 469.14ms, mfu 1.91%
iter 4670: loss 0.5653, time 419.79ms, mfu 1.89%
iter 4671: loss 0.5748, time 233.48ms, mfu 2.01%
iter 4672: loss 0.5800, time 365.14ms, mfu 2.00%
iter 4673: loss 0.5286, time 297.42ms, mfu 2.04%
iter 4674: loss 0.5579, time 392.96ms, mfu 2.01%
iter 4675: loss 0.5255, time 324.43ms, mfu 2.03%
iter 4676: loss 0.6210, time 331.84ms, mfu 2.04%
iter 4677: loss 0.5414, time 245.84ms, mfu 2.13%
iter 4678: loss 0.5598, time 311.39ms, mfu 2.14%
iter 4679: loss 0.6236, time 387.14ms, mfu 2.11%
iter 4680: loss 0.5990, time 322.03ms, mfu 2.12%
iter 4681: loss 0.5167, time 403.37ms, mfu 2.08%
iter 4682: loss 0.6104, time 305.79ms, mfu 2.11%
iter 4683: loss 0.5708, time 356.84ms, mfu 2.09%
iter 4684: loss 0.5772, time 420.62ms, mfu 2.05%
iter 4685: loss 0.4995, time 408.15ms, mfu 2.02%
iter 4686: loss 0.5402, time 410.15ms, mfu 1.99%
iter 4687: loss 0.6033, time 308.00ms, mfu 2.02%
iter 4688: loss 0.5613, time 411.81ms, mfu 1.99%
iter 4689: loss 0.5461, time 295.30ms, mfu 2.03%
iter 4690: loss 0.5635, time 280.04ms, mfu 2.08%
iter 4691: loss 0.5509, time 286.10ms, mfu 2.12%
iter 4692: loss 0.6010, time 550.70ms, mfu 2.04%
iter 4693: loss 0.5152, time 358.81ms, mfu 2.03%
iter 4694: loss 0.6166, time 425.49ms, mfu 2.00%
iter 4695: loss 0.5860, time 413.62ms, mfu 1.97%
iter 4696: loss 0.5795, time 350.77ms, mfu 1.97%
iter 4697: loss 0.5706, time 350.95ms, mfu 1.98%
iter 4698: loss 0.5692, time 351.42ms, mfu 1.98%
iter 4699: loss 0.5267, time 418.19ms, mfu 1.95%
iter 4700: loss 0.6058, time 659.61ms, mfu 1.87%
  === DIAG iter 4700 ===
  loss: 0.6058
  grads: total 1.0000, transformer 0.3542, adapter 0.9352
  <NUM> input tokens: 533/3072 (17.4%)
  lr: base 3.39e-04, adapter 1.70e-04
  SME accuracy: overall 0.573, sign 0.932, exp 0.845, digit 0.310, end 0.947 [d0 0.582 d1 0.063 d2 0.095 d3 0.173 d4 0.278 d5 0.257 d6 0.226 d7 0.407 d8 0.280 d9 0.750 d10 0.857 d11 0.857 d12 0.167 d13 0.000 d14 0.000] (1014 SME tokens)
iter 4701: loss 0.5781, time 210.47ms, mfu 2.02%
iter 4702: loss 0.5311, time 385.94ms, mfu 2.00%
iter 4703: loss 0.5621, time 220.36ms, mfu 2.12%
iter 4704: loss 0.5158, time 382.21ms, mfu 2.09%
iter 4705: loss 0.5508, time 353.09ms, mfu 2.08%
iter 4706: loss 0.5449, time 484.94ms, mfu 2.02%
iter 4707: loss 0.5454, time 318.53ms, mfu 2.04%
iter 4708: loss 0.5974, time 416.69ms, mfu 2.01%
iter 4709: loss 0.5372, time 415.64ms, mfu 1.98%
iter 4710: loss 0.5163, time 317.73ms, mfu 2.00%
iter 4711: loss 0.6275, time 288.18ms, mfu 2.05%
iter 4712: loss 0.5469, time 269.52ms, mfu 2.11%
iter 4713: loss 0.5427, time 379.68ms, mfu 2.08%
iter 4714: loss 0.5980, time 375.52ms, mfu 2.06%
iter 4715: loss 0.5605, time 366.37ms, mfu 2.05%
iter 4716: loss 0.5544, time 446.10ms, mfu 2.00%
iter 4717: loss 0.5987, time 383.34ms, mfu 1.99%
iter 4718: loss 0.5052, time 544.48ms, mfu 1.92%
iter 4719: loss 0.5086, time 340.14ms, mfu 1.94%
iter 4720: loss 0.5650, time 327.36ms, mfu 1.96%
iter 4721: loss 0.5323, time 441.67ms, mfu 1.92%
iter 4722: loss 0.5444, time 257.56ms, mfu 2.01%
iter 4723: loss 0.6035, time 474.93ms, mfu 1.96%
iter 4724: loss 0.5296, time 547.20ms, mfu 1.89%
iter 4725: loss 0.5876, time 414.86ms, mfu 1.87%
iter 4726: loss 0.5807, time 315.64ms, mfu 1.91%
iter 4727: loss 0.5753, time 478.63ms, mfu 1.87%
iter 4728: loss 0.5674, time 336.04ms, mfu 1.89%
iter 4729: loss 0.5129, time 377.09ms, mfu 1.89%
iter 4730: loss 0.6240, time 377.53ms, mfu 1.89%
iter 4731: loss 0.5229, time 647.20ms, mfu 1.81%
iter 4732: loss 0.4936, time 392.60ms, mfu 1.81%
iter 4733: loss 0.5565, time 361.39ms, mfu 1.82%
iter 4734: loss 0.5992, time 361.01ms, mfu 1.84%
iter 4735: loss 0.5244, time 329.36ms, mfu 1.87%
iter 4736: loss 0.5506, time 563.45ms, mfu 1.81%
iter 4737: loss 0.5426, time 318.07ms, mfu 1.85%
iter 4738: loss 0.5906, time 311.36ms, mfu 1.89%
iter 4739: loss 0.5559, time 282.96ms, mfu 1.95%
iter 4740: loss 0.6069, time 388.99ms, mfu 1.94%
iter 4741: loss 0.4916, time 605.01ms, mfu 1.86%
iter 4742: loss 0.4878, time 408.96ms, mfu 1.85%
iter 4743: loss 0.5651, time 365.66ms, mfu 1.86%
iter 4744: loss 0.5253, time 359.31ms, mfu 1.87%
iter 4745: loss 0.6347, time 431.66ms, mfu 1.85%
iter 4746: loss 0.5377, time 388.43ms, mfu 1.85%
iter 4747: loss 0.5465, time 279.48ms, mfu 1.91%
iter 4748: loss 0.5983, time 327.66ms, mfu 1.94%
iter 4749: loss 0.4934, time 477.24ms, mfu 1.89%
iter 4750: loss 0.5237, time 410.38ms, mfu 1.88%
iter 4751: loss 0.5655, time 454.35ms, mfu 1.85%
iter 4752: loss 0.5178, time 325.90ms, mfu 1.88%
iter 4753: loss 0.5953, time 414.05ms, mfu 1.86%
iter 4754: loss 0.5384, time 353.45ms, mfu 1.88%
iter 4755: loss 0.5587, time 466.36ms, mfu 1.84%
iter 4756: loss 0.5106, time 465.64ms, mfu 1.81%
iter 4757: loss 0.5231, time 478.72ms, mfu 1.78%
iter 4758: loss 0.5413, time 430.68ms, mfu 1.76%
iter 4759: loss 0.5464, time 408.47ms, mfu 1.76%
iter 4760: loss 0.5503, time 278.01ms, mfu 1.84%
iter 4761: loss 0.5302, time 470.00ms, mfu 1.81%
iter 4762: loss 0.5384, time 402.38ms, mfu 1.80%
iter 4763: loss 0.5224, time 408.03ms, mfu 1.79%
iter 4764: loss 0.5346, time 340.52ms, mfu 1.82%
iter 4765: loss 0.5477, time 463.24ms, mfu 1.79%
iter 4766: loss 0.5899, time 645.68ms, mfu 1.72%
iter 4767: loss 0.5276, time 357.66ms, mfu 1.75%
iter 4768: loss 0.5320, time 266.10ms, mfu 1.84%
iter 4769: loss 0.5458, time 250.81ms, mfu 1.94%
iter 4770: loss 0.5783, time 403.13ms, mfu 1.92%
iter 4771: loss 0.5761, time 358.52ms, mfu 1.93%
iter 4772: loss 0.5886, time 323.13ms, mfu 1.95%
iter 4773: loss 0.5312, time 263.03ms, mfu 2.03%
iter 4774: loss 0.6504, time 482.32ms, mfu 1.97%
iter 4775: loss 0.5542, time 218.91ms, mfu 2.10%
iter 4776: loss 0.5899, time 387.91ms, mfu 2.07%
iter 4777: loss 0.5274, time 256.02ms, mfu 2.14%
iter 4778: loss 0.5710, time 283.71ms, mfu 2.18%
iter 4779: loss 0.6391, time 343.58ms, mfu 2.17%
iter 4780: loss 0.5373, time 289.27ms, mfu 2.19%
iter 4781: loss 0.5913, time 368.22ms, mfu 2.17%
iter 4782: loss 0.5312, time 361.23ms, mfu 2.15%
iter 4783: loss 0.5452, time 311.77ms, mfu 2.16%
iter 4784: loss 0.5491, time 431.26ms, mfu 2.11%
iter 4785: loss 0.5660, time 325.06ms, mfu 2.11%
iter 4786: loss 0.5406, time 383.25ms, mfu 2.09%
iter 4787: loss 0.5825, time 315.89ms, mfu 2.10%
iter 4788: loss 0.5803, time 265.84ms, mfu 2.16%
iter 4789: loss 0.5177, time 264.11ms, mfu 2.21%
iter 4790: loss 0.5214, time 567.85ms, mfu 2.12%
iter 4791: loss 0.6020, time 409.82ms, mfu 2.08%
iter 4792: loss 0.5186, time 387.23ms, mfu 2.05%
iter 4793: loss 0.5423, time 515.95ms, mfu 1.98%
iter 4794: loss 0.5264, time 292.28ms, mfu 2.03%
iter 4795: loss 0.5271, time 341.36ms, mfu 2.03%
iter 4796: loss 0.5241, time 377.04ms, mfu 2.02%
iter 4797: loss 0.5761, time 422.24ms, mfu 1.98%
iter 4798: loss 0.6104, time 283.31ms, mfu 2.04%
iter 4799: loss 0.5523, time 405.68ms, mfu 2.01%
iter 4800: loss 0.5512, time 516.44ms, mfu 1.94%
  === DIAG iter 4800 ===
  loss: 0.5512
  grads: total 1.0000, transformer 0.2599, adapter 0.9656
  <NUM> input tokens: 549/3072 (17.9%)
  lr: base 3.35e-04, adapter 1.67e-04
  SME accuracy: overall 0.578, sign 0.969, exp 0.922, digit 0.338, end 0.984 [d0 0.704 d1 0.115 d2 0.065 d3 0.129 d4 0.297 d5 0.389 d6 0.306 d7 0.278 d8 0.235 d9 0.571 d10 0.615 d11 0.545 d12 0.556 d13 0.286 d14 0.333] (996 SME tokens)
iter 4801: loss 0.6200, time 221.75ms, mfu 2.07%
iter 4802: loss 0.6220, time 499.52ms, mfu 2.00%
iter 4803: loss 0.5900, time 433.54ms, mfu 1.97%
iter 4804: loss 0.5762, time 298.85ms, mfu 2.01%
iter 4805: loss 0.5391, time 438.05ms, mfu 1.97%
iter 4806: loss 0.5744, time 355.51ms, mfu 1.97%
iter 4807: loss 0.6002, time 395.78ms, mfu 1.95%
iter 4808: loss 0.5568, time 287.79ms, mfu 2.00%
iter 4809: loss 0.5332, time 390.85ms, mfu 1.98%
iter 4810: loss 0.5567, time 316.38ms, mfu 2.01%
iter 4811: loss 0.5729, time 284.80ms, mfu 2.06%
iter 4812: loss 0.5775, time 220.81ms, mfu 2.17%
iter 4813: loss 0.5395, time 686.66ms, mfu 2.06%
iter 4814: loss 0.5035, time 258.56ms, mfu 2.13%
iter 4815: loss 0.5909, time 323.14ms, mfu 2.13%
iter 4816: loss 0.5265, time 297.34ms, mfu 2.16%
iter 4817: loss 0.6190, time 409.69ms, mfu 2.12%
iter 4818: loss 0.5683, time 312.53ms, mfu 2.13%
iter 4819: loss 0.5259, time 308.22ms, mfu 2.15%
iter 4820: loss 0.5746, time 457.02ms, mfu 2.09%
iter 4821: loss 0.5716, time 415.65ms, mfu 2.05%
iter 4822: loss 0.5669, time 395.67ms, mfu 2.02%
iter 4823: loss 0.6017, time 371.26ms, mfu 2.01%
iter 4824: loss 0.5285, time 332.74ms, mfu 2.02%
iter 4825: loss 0.5410, time 409.38ms, mfu 1.99%
iter 4826: loss 0.5557, time 385.69ms, mfu 1.98%
iter 4827: loss 0.5495, time 537.45ms, mfu 1.91%
iter 4828: loss 0.5571, time 319.57ms, mfu 1.94%
iter 4829: loss 0.5886, time 487.30ms, mfu 1.89%
iter 4830: loss 0.5331, time 492.27ms, mfu 1.85%
iter 4831: loss 0.5581, time 347.16ms, mfu 1.87%
iter 4832: loss 0.5790, time 398.88ms, mfu 1.86%
iter 4833: loss 0.5569, time 499.05ms, mfu 1.82%
iter 4834: loss 0.5541, time 287.42ms, mfu 1.88%
iter 4835: loss 0.5354, time 481.85ms, mfu 1.84%
iter 4836: loss 0.5296, time 313.84ms, mfu 1.88%
iter 4837: loss 0.6140, time 286.12ms, mfu 1.94%
iter 4838: loss 0.5025, time 235.64ms, mfu 2.05%
iter 4839: loss 0.5077, time 488.24ms, mfu 1.99%
iter 4840: loss 0.5333, time 446.63ms, mfu 1.95%
iter 4841: loss 0.5874, time 326.12ms, mfu 1.97%
iter 4842: loss 0.5805, time 383.02ms, mfu 1.96%
iter 4843: loss 0.5412, time 345.42ms, mfu 1.97%
iter 4844: loss 0.4968, time 371.32ms, mfu 1.96%
iter 4845: loss 0.5510, time 402.41ms, mfu 1.94%
iter 4846: loss 0.5176, time 513.17ms, mfu 1.89%
iter 4847: loss 0.5482, time 400.28ms, mfu 1.87%
iter 4848: loss 0.5371, time 406.10ms, mfu 1.86%
iter 4849: loss 0.5349, time 312.13ms, mfu 1.90%
iter 4850: loss 0.5588, time 338.49ms, mfu 1.92%
iter 4851: loss 0.5268, time 267.65ms, mfu 1.99%
iter 4852: loss 0.5643, time 547.82ms, mfu 1.92%
iter 4853: loss 0.5273, time 211.99ms, mfu 2.07%
iter 4854: loss 0.5824, time 344.64ms, mfu 2.06%
iter 4855: loss 0.5376, time 311.84ms, mfu 2.09%
iter 4856: loss 0.5215, time 438.91ms, mfu 2.04%
iter 4857: loss 0.5108, time 344.28ms, mfu 2.04%
iter 4858: loss 0.5995, time 460.96ms, mfu 1.99%
iter 4859: loss 0.5558, time 399.42ms, mfu 1.97%
iter 4860: loss 0.5400, time 463.61ms, mfu 1.92%
iter 4861: loss 0.4868, time 466.79ms, mfu 1.88%
iter 4862: loss 0.5548, time 247.67ms, mfu 1.98%
iter 4863: loss 0.5288, time 357.34ms, mfu 1.98%
iter 4864: loss 0.5506, time 439.29ms, mfu 1.95%
iter 4865: loss 0.6231, time 395.15ms, mfu 1.93%
iter 4866: loss 0.5301, time 406.42ms, mfu 1.91%
iter 4867: loss 0.5665, time 495.03ms, mfu 1.86%
iter 4868: loss 0.5329, time 319.00ms, mfu 1.90%
iter 4869: loss 0.5525, time 428.12ms, mfu 1.87%
iter 4870: loss 0.5689, time 201.68ms, mfu 2.04%
iter 4871: loss 0.5069, time 504.93ms, mfu 1.98%
iter 4872: loss 0.5143, time 400.35ms, mfu 1.95%
iter 4873: loss 0.6316, time 294.65ms, mfu 2.00%
iter 4874: loss 0.5264, time 450.73ms, mfu 1.96%
iter 4875: loss 0.5523, time 303.26ms, mfu 2.00%
iter 4876: loss 0.5688, time 433.60ms, mfu 1.96%
iter 4877: loss 0.5934, time 466.38ms, mfu 1.92%
iter 4878: loss 0.5613, time 334.87ms, mfu 1.94%
iter 4879: loss 0.5834, time 412.74ms, mfu 1.91%
iter 4880: loss 0.5107, time 403.31ms, mfu 1.90%
iter 4881: loss 0.5951, time 322.79ms, mfu 1.93%
iter 4882: loss 0.5858, time 296.47ms, mfu 1.97%
iter 4883: loss 0.5811, time 368.37ms, mfu 1.97%
iter 4884: loss 0.5541, time 345.01ms, mfu 1.98%
iter 4885: loss 0.5226, time 338.34ms, mfu 1.99%
iter 4886: loss 0.5606, time 481.27ms, mfu 1.94%
iter 4887: loss 0.5115, time 297.17ms, mfu 1.98%
iter 4888: loss 0.5759, time 460.47ms, mfu 1.94%
iter 4889: loss 0.5894, time 364.99ms, mfu 1.94%
iter 4890: loss 0.5239, time 420.24ms, mfu 1.91%
iter 4891: loss 0.5433, time 271.60ms, mfu 1.98%
iter 4892: loss 0.5843, time 412.45ms, mfu 1.96%
iter 4893: loss 0.5523, time 388.16ms, mfu 1.94%
iter 4894: loss 0.5743, time 372.99ms, mfu 1.94%
iter 4895: loss 0.5807, time 426.43ms, mfu 1.91%
iter 4896: loss 0.5375, time 445.30ms, mfu 1.88%
iter 4897: loss 0.5025, time 283.55ms, mfu 1.94%
iter 4898: loss 0.5479, time 327.42ms, mfu 1.96%
iter 4899: loss 0.5640, time 399.76ms, mfu 1.94%
iter 4900: loss 0.5336, time 384.65ms, mfu 1.93%
  === DIAG iter 4900 ===
  loss: 0.5336
  grads: total 1.0000, transformer 0.2528, adapter 0.9675
  <NUM> input tokens: 463/3072 (15.1%)
  lr: base 3.30e-04, adapter 1.65e-04
  SME accuracy: overall 0.573, sign 0.975, exp 0.934, digit 0.306, end 0.951 [d0 0.742 d1 0.162 d2 0.109 d3 0.094 d4 0.176 d5 0.176 d6 0.182 d7 0.161 d8 0.259 d9 0.500 d10 0.429 d11 0.429 d12 0.286 d13 0.143 d14 0.250] (889 SME tokens)
iter 4901: loss 0.5081, time 173.86ms, mfu 2.15%
iter 4902: loss 0.5201, time 411.54ms, mfu 2.11%
iter 4903: loss 0.5182, time 290.21ms, mfu 2.14%
iter 4904: loss 0.6194, time 487.10ms, mfu 2.07%
iter 4905: loss 0.5596, time 386.16ms, mfu 2.05%
iter 4906: loss 0.5935, time 393.63ms, mfu 2.02%
iter 4907: loss 0.5510, time 285.76ms, mfu 2.07%
iter 4908: loss 0.5771, time 349.26ms, mfu 2.06%
iter 4909: loss 0.4814, time 472.56ms, mfu 2.01%
iter 4910: loss 0.5810, time 356.09ms, mfu 2.01%
iter 4911: loss 0.5646, time 472.50ms, mfu 1.96%
iter 4912: loss 0.5499, time 266.54ms, mfu 2.03%
iter 4913: loss 0.5464, time 437.15ms, mfu 1.99%
iter 4914: loss 0.5568, time 360.42ms, mfu 1.98%
iter 4915: loss 0.5689, time 451.74ms, mfu 1.94%
iter 4916: loss 0.5027, time 430.76ms, mfu 1.91%
iter 4917: loss 0.5729, time 276.48ms, mfu 1.98%
iter 4918: loss 0.5060, time 340.66ms, mfu 1.99%
iter 4919: loss 0.6077, time 322.23ms, mfu 2.01%
iter 4920: loss 0.4773, time 245.11ms, mfu 2.10%
iter 4921: loss 0.5260, time 425.47ms, mfu 2.05%
iter 4922: loss 0.5839, time 289.92ms, mfu 2.09%
iter 4923: loss 0.6040, time 292.54ms, mfu 2.13%
iter 4924: loss 0.5681, time 324.62ms, mfu 2.13%
iter 4925: loss 0.5142, time 445.10ms, mfu 2.08%
iter 4926: loss 0.5017, time 464.85ms, mfu 2.02%
iter 4927: loss 0.5491, time 623.36ms, mfu 1.93%
iter 4928: loss 0.5278, time 276.83ms, mfu 2.00%
iter 4929: loss 0.5468, time 313.24ms, mfu 2.02%
iter 4930: loss 0.5218, time 422.68ms, mfu 1.99%
iter 4931: loss 0.5572, time 376.26ms, mfu 1.98%
iter 4932: loss 0.5504, time 488.40ms, mfu 1.93%
iter 4933: loss 0.5509, time 374.41ms, mfu 1.92%
iter 4934: loss 0.5529, time 371.69ms, mfu 1.92%
iter 4935: loss 0.5259, time 482.81ms, mfu 1.88%
iter 4936: loss 0.5595, time 292.69ms, mfu 1.93%
iter 4937: loss 0.5398, time 372.31ms, mfu 1.93%
iter 4938: loss 0.5382, time 444.72ms, mfu 1.89%
iter 4939: loss 0.6071, time 355.57ms, mfu 1.90%
iter 4940: loss 0.5657, time 433.93ms, mfu 1.88%
iter 4941: loss 0.5229, time 337.65ms, mfu 1.90%
iter 4942: loss 0.5001, time 338.93ms, mfu 1.92%
iter 4943: loss 0.5151, time 385.06ms, mfu 1.91%
iter 4944: loss 0.5160, time 375.39ms, mfu 1.91%
iter 4945: loss 0.5496, time 390.63ms, mfu 1.90%
iter 4946: loss 0.5213, time 296.93ms, mfu 1.95%
iter 4947: loss 0.5546, time 298.57ms, mfu 1.99%
iter 4948: loss 0.5560, time 463.08ms, mfu 1.94%
iter 4949: loss 0.5456, time 275.02ms, mfu 2.01%
iter 4950: loss 0.5783, time 410.43ms, mfu 1.98%
iter 4951: loss 0.5421, time 286.80ms, mfu 2.03%
iter 4952: loss 0.5695, time 434.74ms, mfu 1.99%
iter 4953: loss 0.5613, time 345.94ms, mfu 1.99%
iter 4954: loss 0.5531, time 326.18ms, mfu 2.01%
iter 4955: loss 0.5761, time 471.13ms, mfu 1.96%
iter 4956: loss 0.5329, time 251.98ms, mfu 2.05%
iter 4957: loss 0.5177, time 369.49ms, mfu 2.03%
iter 4958: loss 0.4910, time 380.04ms, mfu 2.02%
iter 4959: loss 0.5960, time 428.68ms, mfu 1.98%
iter 4960: loss 0.5957, time 425.29ms, mfu 1.95%
iter 4961: loss 0.5761, time 348.93ms, mfu 1.96%
iter 4962: loss 0.5886, time 315.78ms, mfu 1.99%
iter 4963: loss 0.5666, time 251.54ms, mfu 2.07%
iter 4964: loss 0.5054, time 398.90ms, mfu 2.04%
iter 4965: loss 0.5430, time 484.29ms, mfu 1.98%
iter 4966: loss 0.5103, time 530.08ms, mfu 1.92%
iter 4967: loss 0.5219, time 245.11ms, mfu 2.02%
iter 4968: loss 0.6084, time 414.06ms, mfu 1.98%
iter 4969: loss 0.5841, time 392.60ms, mfu 1.97%
iter 4970: loss 0.4901, time 318.56ms, mfu 1.99%
iter 4971: loss 0.5000, time 434.01ms, mfu 1.96%
iter 4972: loss 0.6098, time 463.70ms, mfu 1.91%
iter 4973: loss 0.5878, time 413.26ms, mfu 1.89%
iter 4974: loss 0.5881, time 393.77ms, mfu 1.88%
iter 4975: loss 0.5698, time 322.34ms, mfu 1.92%
iter 4976: loss 0.5574, time 300.21ms, mfu 1.96%
iter 4977: loss 0.5650, time 484.05ms, mfu 1.91%
iter 4978: loss 0.5475, time 322.71ms, mfu 1.94%
iter 4979: loss 0.5193, time 499.50ms, mfu 1.89%
iter 4980: loss 0.5533, time 421.61ms, mfu 1.87%
iter 4981: loss 0.6022, time 372.24ms, mfu 1.87%
iter 4982: loss 0.5778, time 467.83ms, mfu 1.83%
iter 4983: loss 0.5271, time 259.48ms, mfu 1.92%
iter 4984: loss 0.5297, time 385.67ms, mfu 1.92%
iter 4985: loss 0.5329, time 438.86ms, mfu 1.89%
iter 4986: loss 0.5602, time 508.21ms, mfu 1.84%
iter 4987: loss 0.5659, time 353.44ms, mfu 1.85%
iter 4988: loss 0.5634, time 295.01ms, mfu 1.91%
iter 4989: loss 0.6354, time 337.85ms, mfu 1.93%
iter 4990: loss 0.5425, time 235.06ms, mfu 2.04%
iter 4991: loss 0.5185, time 360.10ms, mfu 2.03%
iter 4992: loss 0.5687, time 512.87ms, mfu 1.96%
iter 4993: loss 0.5061, time 354.97ms, mfu 1.97%
iter 4994: loss 0.5381, time 554.87ms, mfu 1.90%
iter 4995: loss 0.4764, time 296.59ms, mfu 1.95%
iter 4996: loss 0.5158, time 250.41ms, mfu 2.04%
iter 4997: loss 0.5737, time 421.32ms, mfu 2.00%
iter 4998: loss 0.5040, time 379.61ms, mfu 1.99%
iter 4999: loss 0.5359, time 384.10ms, mfu 1.97%
step 5000: train loss 0.5382, val loss 0.5378
saving checkpoint to /tmpdir/m24047brmn/numbers/model_checkpoints/sme_vardig_e9_numw2_curr_stage_v1/ckpt_iter5000.pt
  new best val loss: 0.5378
iter 5000: loss 0.5090, time 11473.32ms, mfu 1.78%
  === DIAG iter 5000 ===
  loss: 0.5090
  grads: total 1.0000, transformer 0.1559, adapter 0.9878
  <NUM> input tokens: 482/3072 (15.7%)
  lr: base 3.26e-04, adapter 1.63e-04
  SME accuracy: overall 0.651, sign 0.966, exp 0.959, digit 0.413, end 0.979 [d0 0.743 d1 0.202 d2 0.153 d3 0.175 d4 0.371 d5 0.424 d6 0.452 d7 0.387 d8 0.276 d9 0.714 d10 0.727 d11 0.700 d12 0.400 d13 0.500 d14 0.200] (1031 SME tokens)
  --- Sample eval (val) ---
  ADD: <53.9> + <81700> →
    target: 8.175e+04
    pred:   6.005e+04
    error:  21703.90

   <3000> <1.414e-06> <110000> <-7.044e-09> <-9.76403e+08> <1> <0> <-9.5e+08> <0.04> <1e+09> →
    target: -9.764e+08
    pred:   -9.5e+08
    error:  26403171.00

   <2.422e+08> <4.086e-08> →
    target: 2.332e+08
    pred:   2e+08
    error:  33195200.00

  <-3.82078e+08> <1e+09> <0.01> <0.00855> <6.87803e+08> <5.459e-09> <-2.16e+08> →
    target: 1e+09
    pred:   1e+09
    error:  0.00

  ADD: <7.121e-07> + <8e+08> →
    target: 8e+08
    pred:   8e+08
    error:  0.00

iter 5001: loss 0.5650, time 207.06ms, mfu 1.95%
iter 5002: loss 0.5480, time 355.83ms, mfu 1.95%
iter 5003: loss 0.5665, time 398.17ms, mfu 1.93%
iter 5004: loss 0.5173, time 412.34ms, mfu 1.91%
iter 5005: loss 0.5756, time 407.78ms, mfu 1.89%
iter 5006: loss 0.5202, time 560.43ms, mfu 1.83%
iter 5007: loss 0.5275, time 383.63ms, mfu 1.83%
iter 5008: loss 0.5629, time 250.50ms, mfu 1.93%
iter 5009: loss 0.5540, time 300.66ms, mfu 1.98%
iter 5010: loss 0.6035, time 376.17ms, mfu 1.97%
iter 5011: loss 0.5223, time 390.46ms, mfu 1.95%
iter 5012: loss 0.5036, time 284.55ms, mfu 2.00%
iter 5013: loss 0.5337, time 368.08ms, mfu 2.00%
iter 5014: loss 0.6502, time 539.59ms, mfu 1.93%
iter 5015: loss 0.5560, time 241.74ms, mfu 2.03%
iter 5016: loss 0.5487, time 429.34ms, mfu 1.99%
iter 5017: loss 0.5837, time 353.73ms, mfu 1.99%
iter 5018: loss 0.5440, time 355.44ms, mfu 1.99%
iter 5019: loss 0.5606, time 535.13ms, mfu 1.93%
iter 5020: loss 0.5495, time 294.77ms, mfu 1.97%
iter 5021: loss 0.5447, time 425.68ms, mfu 1.94%
iter 5022: loss 0.5964, time 235.61ms, mfu 2.05%
iter 5023: loss 0.5094, time 383.41ms, mfu 2.03%
iter 5024: loss 0.5615, time 317.56ms, mfu 2.05%
iter 5025: loss 0.5537, time 413.81ms, mfu 2.02%
iter 5026: loss 0.5888, time 305.83ms, mfu 2.05%
iter 5027: loss 0.5763, time 252.34ms, mfu 2.12%
iter 5028: loss 0.5140, time 491.64ms, mfu 2.05%
iter 5029: loss 0.5993, time 511.26ms, mfu 1.99%
iter 5030: loss 0.5537, time 442.80ms, mfu 1.95%
iter 5031: loss 0.5129, time 383.43ms, mfu 1.94%
iter 5032: loss 0.5498, time 308.37ms, mfu 1.97%
iter 5033: loss 0.5757, time 390.70ms, mfu 1.96%
iter 5034: loss 0.5782, time 504.13ms, mfu 1.90%
iter 5035: loss 0.5905, time 396.15ms, mfu 1.89%
iter 5036: loss 0.5210, time 361.41ms, mfu 1.90%
iter 5037: loss 0.5504, time 384.79ms, mfu 1.89%
iter 5038: loss 0.5399, time 493.69ms, mfu 1.85%
iter 5039: loss 0.6062, time 385.26ms, mfu 1.85%
iter 5040: loss 0.5304, time 406.14ms, mfu 1.84%
iter 5041: loss 0.5986, time 397.92ms, mfu 1.83%
iter 5042: loss 0.5648, time 353.67ms, mfu 1.85%
iter 5043: loss 0.5734, time 331.66ms, mfu 1.88%
iter 5044: loss 0.5674, time 303.15ms, mfu 1.92%
iter 5045: loss 0.5710, time 461.80ms, mfu 1.88%
iter 5046: loss 0.5714, time 280.18ms, mfu 1.95%
iter 5047: loss 0.5777, time 379.51ms, mfu 1.94%
iter 5048: loss 0.5939, time 337.85ms, mfu 1.96%
iter 5049: loss 0.5968, time 332.59ms, mfu 1.97%
iter 5050: loss 0.5133, time 316.01ms, mfu 2.00%
iter 5051: loss 0.5913, time 632.81ms, mfu 1.91%
iter 5052: loss 0.4889, time 237.99ms, mfu 2.02%
iter 5053: loss 0.5921, time 431.73ms, mfu 1.98%
iter 5054: loss 0.5453, time 436.54ms, mfu 1.95%
iter 5055: loss 0.5778, time 355.06ms, mfu 1.95%
iter 5056: loss 0.5459, time 358.66ms, mfu 1.95%
iter 5057: loss 0.5740, time 373.03ms, mfu 1.95%
iter 5058: loss 0.4921, time 388.26ms, mfu 1.94%
iter 5059: loss 0.5229, time 467.32ms, mfu 1.89%
iter 5060: loss 0.5832, time 447.42ms, mfu 1.86%
iter 5061: loss 0.5433, time 315.25ms, mfu 1.90%
iter 5062: loss 0.5229, time 498.95ms, mfu 1.85%
iter 5063: loss 0.5953, time 363.21ms, mfu 1.86%
iter 5064: loss 0.5219, time 428.93ms, mfu 1.84%
iter 5065: loss 0.5167, time 388.60ms, mfu 1.84%
iter 5066: loss 0.5693, time 304.41ms, mfu 1.89%
iter 5067: loss 0.5339, time 248.19ms, mfu 1.99%
iter 5068: loss 0.5907, time 451.75ms, mfu 1.94%
iter 5069: loss 0.5599, time 244.91ms, mfu 2.04%
iter 5070: loss 0.5299, time 356.04ms, mfu 2.03%
iter 5071: loss 0.5375, time 375.77ms, mfu 2.02%
iter 5072: loss 0.5227, time 288.68ms, mfu 2.06%
iter 5073: loss 0.5908, time 379.16ms, mfu 2.04%
iter 5074: loss 0.5945, time 320.11ms, mfu 2.06%
iter 5075: loss 0.5712, time 429.84ms, mfu 2.02%
iter 5076: loss 0.5784, time 462.92ms, mfu 1.97%
iter 5077: loss 0.5858, time 222.71ms, mfu 2.09%
iter 5078: loss 0.5325, time 292.55ms, mfu 2.12%
iter 5079: loss 0.5708, time 427.99ms, mfu 2.08%
iter 5080: loss 0.5296, time 299.30ms, mfu 2.11%
iter 5081: loss 0.5751, time 359.82ms, mfu 2.09%
iter 5082: loss 0.5249, time 295.70ms, mfu 2.12%
iter 5083: loss 0.5137, time 351.50ms, mfu 2.11%
iter 5084: loss 0.5454, time 433.31ms, mfu 2.07%
iter 5085: loss 0.5831, time 327.84ms, mfu 2.07%
iter 5086: loss 0.5868, time 350.73ms, mfu 2.07%
iter 5087: loss 0.5134, time 266.87ms, mfu 2.13%
iter 5088: loss 0.5586, time 248.99ms, mfu 2.20%
iter 5089: loss 0.5894, time 361.21ms, mfu 2.18%
iter 5090: loss 0.5646, time 406.78ms, mfu 2.13%
iter 5091: loss 0.5168, time 430.53ms, mfu 2.08%
iter 5092: loss 0.5221, time 527.57ms, mfu 2.01%
iter 5093: loss 0.5759, time 434.73ms, mfu 1.97%
iter 5094: loss 0.4817, time 218.49ms, mfu 2.10%
iter 5095: loss 0.5287, time 390.21ms, mfu 2.07%
iter 5096: loss 0.5409, time 356.24ms, mfu 2.06%
iter 5097: loss 0.6226, time 242.29ms, mfu 2.15%
iter 5098: loss 0.5132, time 408.26ms, mfu 2.11%
iter 5099: loss 0.5330, time 344.79ms, mfu 2.10%
iter 5100: loss 0.4939, time 607.06ms, mfu 2.01%
  === DIAG iter 5100 ===
  loss: 0.4939
  grads: total 1.0000, transformer 0.1384, adapter 0.9904
  <NUM> input tokens: 538/3072 (17.5%)
  lr: base 3.21e-04, adapter 1.61e-04
  SME accuracy: overall 0.585, sign 0.965, exp 0.920, digit 0.344, end 0.964 [d0 0.613 d1 0.137 d2 0.220 d3 0.182 d4 0.345 d5 0.357 d6 0.357 d7 0.192 d8 0.273 d9 0.500 d10 0.636 d11 0.556 d12 0.714 d13 0.714 d14 0.500] (844 SME tokens)
iter 5101: loss 0.5709, time 202.29ms, mfu 2.16%
iter 5102: loss 0.5354, time 403.93ms, mfu 2.12%
iter 5103: loss 0.5303, time 303.82ms, mfu 2.14%
iter 5104: loss 0.5536, time 284.71ms, mfu 2.17%
iter 5105: loss 0.5091, time 412.31ms, mfu 2.13%
iter 5106: loss 0.5344, time 251.25ms, mfu 2.20%
iter 5107: loss 0.5545, time 309.23ms, mfu 2.21%
iter 5108: loss 0.5177, time 375.68ms, mfu 2.18%
iter 5109: loss 0.5645, time 319.63ms, mfu 2.18%
iter 5110: loss 0.5339, time 274.41ms, mfu 2.22%
iter 5111: loss 0.5365, time 258.15ms, mfu 2.27%
iter 5112: loss 0.5505, time 318.98ms, mfu 2.27%
iter 5113: loss 0.5286, time 358.58ms, mfu 2.24%
iter 5114: loss 0.5304, time 309.85ms, mfu 2.24%
iter 5115: loss 0.5388, time 358.03ms, mfu 2.22%
iter 5116: loss 0.4846, time 441.33ms, mfu 2.16%
iter 5117: loss 0.6058, time 337.41ms, mfu 2.15%
iter 5118: loss 0.5769, time 326.76ms, mfu 2.15%
iter 5119: loss 0.4899, time 388.72ms, mfu 2.12%
iter 5120: loss 0.5486, time 512.69ms, mfu 2.05%
iter 5121: loss 0.5353, time 252.16ms, mfu 2.12%
iter 5122: loss 0.5567, time 452.89ms, mfu 2.07%
iter 5123: loss 0.5830, time 369.98ms, mfu 2.05%
iter 5124: loss 0.5280, time 597.48ms, mfu 1.96%
iter 5125: loss 0.4882, time 304.53ms, mfu 2.00%
iter 5126: loss 0.5062, time 387.85ms, mfu 1.98%
iter 5127: loss 0.5222, time 403.54ms, mfu 1.96%
iter 5128: loss 0.5527, time 385.81ms, mfu 1.95%
iter 5129: loss 0.5341, time 305.62ms, mfu 1.99%
iter 5130: loss 0.5087, time 501.20ms, mfu 1.93%
iter 5131: loss 0.5412, time 274.02ms, mfu 1.99%
iter 5132: loss 0.4970, time 471.38ms, mfu 1.95%
iter 5133: loss 0.5632, time 418.93ms, mfu 1.92%
iter 5134: loss 0.5768, time 246.33ms, mfu 2.02%
iter 5135: loss 0.5150, time 349.79ms, mfu 2.02%
iter 5136: loss 0.5141, time 317.56ms, mfu 2.04%
iter 5137: loss 0.4787, time 338.63ms, mfu 2.04%
iter 5138: loss 0.5044, time 477.60ms, mfu 1.99%
iter 5139: loss 0.5301, time 390.00ms, mfu 1.97%
iter 5140: loss 0.5183, time 305.54ms, mfu 2.01%
iter 5141: loss 0.6237, time 508.96ms, mfu 1.94%
iter 5142: loss 0.5342, time 333.51ms, mfu 1.96%
iter 5143: loss 0.5514, time 322.42ms, mfu 1.99%
iter 5144: loss 0.5285, time 494.43ms, mfu 1.93%
iter 5145: loss 0.5914, time 284.44ms, mfu 1.99%
iter 5146: loss 0.5841, time 348.07ms, mfu 1.99%
iter 5147: loss 0.5426, time 382.44ms, mfu 1.98%
iter 5148: loss 0.5962, time 267.74ms, mfu 2.04%
iter 5149: loss 0.5234, time 359.18ms, mfu 2.04%
iter 5150: loss 0.5203, time 303.17ms, mfu 2.07%
iter 5151: loss 0.5406, time 421.47ms, mfu 2.03%
iter 5152: loss 0.5362, time 277.67ms, mfu 2.08%
iter 5153: loss 0.5013, time 319.97ms, mfu 2.09%
iter 5154: loss 0.5919, time 348.59ms, mfu 2.09%
iter 5155: loss 0.5608, time 408.25ms, mfu 2.05%
iter 5156: loss 0.5499, time 332.96ms, mfu 2.06%
iter 5157: loss 0.4823, time 487.25ms, mfu 2.00%
iter 5158: loss 0.5312, time 356.19ms, mfu 2.00%
iter 5159: loss 0.5408, time 507.20ms, mfu 1.94%
iter 5160: loss 0.5535, time 336.28ms, mfu 1.96%
iter 5161: loss 0.5457, time 321.16ms, mfu 1.98%
iter 5162: loss 0.5461, time 381.94ms, mfu 1.97%
iter 5163: loss 0.5392, time 315.00ms, mfu 2.00%
iter 5164: loss 0.6140, time 413.23ms, mfu 1.97%
iter 5165: loss 0.5310, time 453.56ms, mfu 1.93%
iter 5166: loss 0.6111, time 283.14ms, mfu 1.99%
iter 5167: loss 0.5038, time 341.34ms, mfu 1.99%
iter 5168: loss 0.5963, time 356.55ms, mfu 1.99%
iter 5169: loss 0.4962, time 478.34ms, mfu 1.94%
iter 5170: loss 0.5538, time 484.85ms, mfu 1.89%
iter 5171: loss 0.5131, time 279.05ms, mfu 1.96%
iter 5172: loss 0.5080, time 365.56ms, mfu 1.96%
iter 5173: loss 0.4916, time 429.39ms, mfu 1.93%
iter 5174: loss 0.5464, time 410.09ms, mfu 1.91%
iter 5175: loss 0.5451, time 315.50ms, mfu 1.94%
iter 5176: loss 0.5489, time 481.03ms, mfu 1.89%
iter 5177: loss 0.5620, time 484.52ms, mfu 1.85%
iter 5178: loss 0.5246, time 331.79ms, mfu 1.88%
iter 5179: loss 0.4959, time 469.74ms, mfu 1.84%
iter 5180: loss 0.5057, time 348.83ms, mfu 1.86%
iter 5181: loss 0.5116, time 407.95ms, mfu 1.85%
iter 5182: loss 0.5453, time 604.06ms, mfu 1.78%
iter 5183: loss 0.5890, time 284.18ms, mfu 1.85%
iter 5184: loss 0.5792, time 313.49ms, mfu 1.89%
iter 5185: loss 0.5505, time 381.61ms, mfu 1.89%
iter 5186: loss 0.5973, time 295.18ms, mfu 1.94%
iter 5187: loss 0.5518, time 526.08ms, mfu 1.88%
iter 5188: loss 0.5441, time 268.92ms, mfu 1.96%
iter 5189: loss 0.5571, time 370.71ms, mfu 1.95%
iter 5190: loss 0.5673, time 441.78ms, mfu 1.92%
iter 5191: loss 0.5868, time 412.88ms, mfu 1.90%
iter 5192: loss 0.5861, time 373.74ms, mfu 1.90%
iter 5193: loss 0.5351, time 457.34ms, mfu 1.86%
iter 5194: loss 0.4973, time 464.24ms, mfu 1.83%
iter 5195: loss 0.5918, time 354.34ms, mfu 1.85%
iter 5196: loss 0.5666, time 470.97ms, mfu 1.81%
iter 5197: loss 0.4830, time 443.11ms, mfu 1.79%
iter 5198: loss 0.5003, time 453.15ms, mfu 1.77%
iter 5199: loss 0.5301, time 214.83ms, mfu 1.92%
iter 5200: loss 0.5354, time 513.39ms, mfu 1.87%
  === DIAG iter 5200 ===
  loss: 0.5354
  grads: total 1.0000, transformer 0.1870, adapter 0.9824
  <NUM> input tokens: 500/3072 (16.3%)
  lr: base 3.16e-04, adapter 1.58e-04
  SME accuracy: overall 0.578, sign 0.984, exp 0.930, digit 0.308, end 0.984 [d0 0.608 d1 0.079 d2 0.091 d3 0.148 d4 0.314 d5 0.312 d6 0.286 d7 0.250 d8 0.280 d9 0.667 d10 1.000 d11 0.714 d12 0.429 d13 0.600 d14 0.250] (930 SME tokens)
iter 5201: loss 0.5335, time 175.67ms, mfu 2.08%
iter 5202: loss 0.5615, time 301.87ms, mfu 2.11%
iter 5203: loss 0.5535, time 282.97ms, mfu 2.15%
iter 5204: loss 0.5434, time 562.04ms, mfu 2.06%
iter 5205: loss 0.5890, time 433.19ms, mfu 2.02%
iter 5206: loss 0.4912, time 230.66ms, mfu 2.12%
iter 5207: loss 0.5336, time 466.50ms, mfu 2.06%
iter 5208: loss 0.5100, time 408.18ms, mfu 2.03%
iter 5209: loss 0.5682, time 389.30ms, mfu 2.01%
iter 5210: loss 0.5557, time 321.28ms, mfu 2.03%
iter 5211: loss 0.5292, time 311.70ms, mfu 2.05%
iter 5212: loss 0.5083, time 411.64ms, mfu 2.02%
iter 5213: loss 0.5480, time 275.67ms, mfu 2.08%
iter 5214: loss 0.5426, time 488.56ms, mfu 2.01%
iter 5215: loss 0.5681, time 439.23ms, mfu 1.97%
iter 5216: loss 0.5584, time 306.83ms, mfu 2.01%
iter 5217: loss 0.4935, time 301.49ms, mfu 2.04%
iter 5218: loss 0.5590, time 301.89ms, mfu 2.07%
iter 5219: loss 0.5241, time 429.20ms, mfu 2.03%
iter 5220: loss 0.5422, time 497.77ms, mfu 1.97%
iter 5221: loss 0.5410, time 324.29ms, mfu 1.99%
iter 5222: loss 0.5893, time 410.46ms, mfu 1.96%
iter 5223: loss 0.5576, time 364.88ms, mfu 1.96%
iter 5224: loss 0.5327, time 417.63ms, mfu 1.94%
iter 5225: loss 0.5563, time 336.15ms, mfu 1.95%
iter 5226: loss 0.5413, time 429.56ms, mfu 1.92%
iter 5227: loss 0.5975, time 486.76ms, mfu 1.88%
iter 5228: loss 0.5510, time 441.27ms, mfu 1.85%
iter 5229: loss 0.5099, time 370.37ms, mfu 1.86%
iter 5230: loss 0.5464, time 383.40ms, mfu 1.85%
iter 5231: loss 0.5172, time 294.74ms, mfu 1.91%
iter 5232: loss 0.5458, time 360.71ms, mfu 1.92%
iter 5233: loss 0.5667, time 280.83ms, mfu 1.98%
iter 5234: loss 0.5324, time 355.06ms, mfu 1.98%
iter 5235: loss 0.4957, time 429.49ms, mfu 1.95%
iter 5236: loss 0.5819, time 371.21ms, mfu 1.94%
iter 5237: loss 0.5750, time 253.02ms, mfu 2.03%
iter 5238: loss 0.5830, time 434.80ms, mfu 1.99%
iter 5239: loss 0.5205, time 398.89ms, mfu 1.97%
iter 5240: loss 0.5917, time 379.88ms, mfu 1.96%
iter 5241: loss 0.5472, time 437.82ms, mfu 1.92%
iter 5242: loss 0.4969, time 401.67ms, mfu 1.91%
iter 5243: loss 0.5481, time 504.13ms, mfu 1.86%
iter 5244: loss 0.5980, time 287.69ms, mfu 1.92%
iter 5245: loss 0.5148, time 365.93ms, mfu 1.92%
iter 5246: loss 0.5434, time 428.36ms, mfu 1.89%
iter 5247: loss 0.5599, time 437.50ms, mfu 1.87%
iter 5248: loss 0.5105, time 366.27ms, mfu 1.87%
iter 5249: loss 0.5565, time 380.11ms, mfu 1.87%
iter 5250: loss 0.5681, time 378.63ms, mfu 1.87%
iter 5251: loss 0.5370, time 326.61ms, mfu 1.90%
iter 5252: loss 0.4365, time 573.14ms, mfu 1.84%
iter 5253: loss 0.5298, time 329.31ms, mfu 1.87%
iter 5254: loss 0.5519, time 221.59ms, mfu 2.00%
iter 5255: loss 0.5559, time 252.31ms, mfu 2.08%
iter 5256: loss 0.6081, time 518.21ms, mfu 2.01%
iter 5257: loss 0.5343, time 473.76ms, mfu 1.96%
iter 5258: loss 0.5773, time 431.97ms, mfu 1.93%
iter 5259: loss 0.5314, time 394.23ms, mfu 1.91%
iter 5260: loss 0.5750, time 319.51ms, mfu 1.94%
iter 5261: loss 0.6111, time 339.67ms, mfu 1.96%
iter 5262: loss 0.5519, time 208.89ms, mfu 2.10%
iter 5263: loss 0.5108, time 319.19ms, mfu 2.11%
iter 5264: loss 0.5116, time 383.24ms, mfu 2.09%
iter 5265: loss 0.5685, time 316.29ms, mfu 2.10%
iter 5266: loss 0.5654, time 443.70ms, mfu 2.05%
iter 5267: loss 0.5215, time 296.38ms, mfu 2.09%
iter 5268: loss 0.5672, time 536.10ms, mfu 2.01%
iter 5269: loss 0.5319, time 252.73ms, mfu 2.09%
iter 5270: loss 0.5513, time 295.45ms, mfu 2.12%
iter 5271: loss 0.5065, time 470.53ms, mfu 2.06%
iter 5272: loss 0.5368, time 431.18ms, mfu 2.02%
iter 5273: loss 0.5085, time 285.35ms, mfu 2.06%
iter 5274: loss 0.5343, time 327.66ms, mfu 2.07%
iter 5275: loss 0.5270, time 415.10ms, mfu 2.04%
iter 5276: loss 0.5130, time 268.49ms, mfu 2.10%
iter 5277: loss 0.5447, time 545.29ms, mfu 2.02%
iter 5278: loss 0.5261, time 383.72ms, mfu 2.00%
iter 5279: loss 0.5084, time 454.83ms, mfu 1.96%
iter 5280: loss 0.5391, time 395.15ms, mfu 1.94%
iter 5281: loss 0.5472, time 314.56ms, mfu 1.97%
iter 5282: loss 0.5064, time 416.55ms, mfu 1.94%
iter 5283: loss 0.5471, time 354.68ms, mfu 1.95%
iter 5284: loss 0.5580, time 435.57ms, mfu 1.92%
iter 5285: loss 0.6063, time 373.92ms, mfu 1.92%
iter 5286: loss 0.5496, time 388.16ms, mfu 1.91%
iter 5287: loss 0.5744, time 342.06ms, mfu 1.92%
iter 5288: loss 0.5423, time 342.35ms, mfu 1.94%
iter 5289: loss 0.5969, time 537.91ms, mfu 1.88%
iter 5290: loss 0.5387, time 394.21ms, mfu 1.87%
iter 5291: loss 0.5382, time 411.53ms, mfu 1.85%
iter 5292: loss 0.4764, time 359.69ms, mfu 1.86%
iter 5293: loss 0.4981, time 286.62ms, mfu 1.93%
iter 5294: loss 0.5150, time 401.77ms, mfu 1.91%
iter 5295: loss 0.5172, time 523.25ms, mfu 1.85%
iter 5296: loss 0.5442, time 296.47ms, mfu 1.91%
iter 5297: loss 0.5551, time 356.19ms, mfu 1.92%
iter 5298: loss 0.5181, time 397.20ms, mfu 1.90%
iter 5299: loss 0.4981, time 296.63ms, mfu 1.95%
iter 5300: loss 0.5392, time 412.24ms, mfu 1.93%
  === DIAG iter 5300 ===
  loss: 0.5392
  grads: total 1.0000, transformer 0.1372, adapter 0.9905
  <NUM> input tokens: 580/3072 (18.9%)
  lr: base 3.12e-04, adapter 1.56e-04
  SME accuracy: overall 0.589, sign 0.961, exp 0.891, digit 0.328, end 0.985 [d0 0.630 d1 0.190 d2 0.101 d3 0.174 d4 0.219 d5 0.281 d6 0.219 d7 0.167 d8 0.231 d9 0.625 d10 1.000 d11 0.833 d12 1.000 d13 0.600 d14 0.250] (926 SME tokens)
iter 5301: loss 0.5264, time 240.19ms, mfu 2.03%
iter 5302: loss 0.5405, time 386.63ms, mfu 2.01%
iter 5303: loss 0.5312, time 441.91ms, mfu 1.97%
iter 5304: loss 0.5334, time 438.27ms, mfu 1.93%
iter 5305: loss 0.5686, time 337.45ms, mfu 1.95%
iter 5306: loss 0.4695, time 423.42ms, mfu 1.92%
iter 5307: loss 0.5407, time 486.19ms, mfu 1.88%
iter 5308: loss 0.5522, time 430.18ms, mfu 1.85%
iter 5309: loss 0.5437, time 342.29ms, mfu 1.88%
iter 5310: loss 0.5161, time 224.39ms, mfu 2.00%
iter 5311: loss 0.5641, time 356.95ms, mfu 2.00%
iter 5312: loss 0.5267, time 318.11ms, mfu 2.02%
iter 5313: loss 0.5288, time 360.44ms, mfu 2.02%
iter 5314: loss 0.5322, time 405.51ms, mfu 1.99%
iter 5315: loss 0.5559, time 404.59ms, mfu 1.97%
iter 5316: loss 0.6080, time 333.03ms, mfu 1.98%
iter 5317: loss 0.5918, time 407.85ms, mfu 1.96%
iter 5318: loss 0.5355, time 280.18ms, mfu 2.02%
iter 5319: loss 0.5022, time 506.51ms, mfu 1.95%
iter 5320: loss 0.5220, time 480.93ms, mfu 1.91%
iter 5321: loss 0.5690, time 343.46ms, mfu 1.92%
iter 5322: loss 0.6138, time 485.53ms, mfu 1.88%
iter 5323: loss 0.5679, time 432.51ms, mfu 1.85%
iter 5324: loss 0.5283, time 364.34ms, mfu 1.86%
iter 5325: loss 0.5867, time 446.49ms, mfu 1.83%
iter 5326: loss 0.5501, time 320.08ms, mfu 1.87%
iter 5327: loss 0.5947, time 314.00ms, mfu 1.91%
iter 5328: loss 0.4939, time 549.70ms, mfu 1.85%
iter 5329: loss 0.5518, time 421.65ms, mfu 1.83%
iter 5330: loss 0.5960, time 482.11ms, mfu 1.80%
iter 5331: loss 0.6024, time 332.74ms, mfu 1.83%
iter 5332: loss 0.5680, time 309.51ms, mfu 1.88%
iter 5333: loss 0.5531, time 322.49ms, mfu 1.91%
iter 5334: loss 0.5461, time 417.23ms, mfu 1.89%
iter 5335: loss 0.5693, time 289.82ms, mfu 1.94%
iter 5336: loss 0.5588, time 345.81ms, mfu 1.95%
iter 5337: loss 0.5550, time 419.66ms, mfu 1.93%
iter 5338: loss 0.5123, time 468.38ms, mfu 1.89%
iter 5339: loss 0.5391, time 323.51ms, mfu 1.92%
iter 5340: loss 0.5733, time 474.61ms, mfu 1.87%
iter 5341: loss 0.6197, time 371.34ms, mfu 1.88%
iter 5342: loss 0.5823, time 359.84ms, mfu 1.89%
iter 5343: loss 0.5298, time 527.17ms, mfu 1.83%
iter 5344: loss 0.5150, time 383.42ms, mfu 1.83%
iter 5345: loss 0.5236, time 357.16ms, mfu 1.85%
iter 5346: loss 0.5339, time 356.95ms, mfu 1.86%
iter 5347: loss 0.5417, time 320.32ms, mfu 1.90%
iter 5348: loss 0.5960, time 352.81ms, mfu 1.91%
iter 5349: loss 0.5147, time 493.20ms, mfu 1.86%
iter 5350: loss 0.5194, time 333.87ms, mfu 1.89%
iter 5351: loss 0.5163, time 315.73ms, mfu 1.92%
iter 5352: loss 0.5559, time 520.62ms, mfu 1.87%
iter 5353: loss 0.4860, time 390.99ms, mfu 1.86%
iter 5354: loss 0.5174, time 296.43ms, mfu 1.91%
iter 5355: loss 0.5409, time 374.75ms, mfu 1.91%
iter 5356: loss 0.5368, time 376.22ms, mfu 1.91%
iter 5357: loss 0.5891, time 390.45ms, mfu 1.90%
iter 5358: loss 0.5102, time 402.48ms, mfu 1.89%
iter 5359: loss 0.5266, time 337.83ms, mfu 1.91%
iter 5360: loss 0.5983, time 349.33ms, mfu 1.92%
iter 5361: loss 0.5554, time 275.23ms, mfu 1.98%
iter 5362: loss 0.5516, time 377.87ms, mfu 1.97%
iter 5363: loss 0.5709, time 400.92ms, mfu 1.95%
iter 5364: loss 0.6038, time 447.58ms, mfu 1.92%
iter 5365: loss 0.5998, time 378.08ms, mfu 1.91%
iter 5366: loss 0.5727, time 368.32ms, mfu 1.91%
iter 5367: loss 0.5610, time 363.57ms, mfu 1.92%
iter 5368: loss 0.5274, time 348.19ms, mfu 1.93%
iter 5369: loss 0.6012, time 403.88ms, mfu 1.91%
iter 5370: loss 0.5054, time 305.67ms, mfu 1.95%
iter 5371: loss 0.5107, time 239.49ms, mfu 2.05%
iter 5372: loss 0.5494, time 237.30ms, mfu 2.15%
iter 5373: loss 0.5330, time 463.25ms, mfu 2.08%
iter 5374: loss 0.5694, time 373.85ms, mfu 2.07%
iter 5375: loss 0.5151, time 413.69ms, mfu 2.03%
iter 5376: loss 0.5474, time 321.86ms, mfu 2.05%
iter 5377: loss 0.5679, time 371.73ms, mfu 2.03%
iter 5378: loss 0.5087, time 321.98ms, mfu 2.05%
iter 5379: loss 0.5013, time 329.87ms, mfu 2.06%
iter 5380: loss 0.5936, time 357.03ms, mfu 2.05%
iter 5381: loss 0.5602, time 497.64ms, mfu 1.99%
iter 5382: loss 0.5674, time 314.54ms, mfu 2.02%
iter 5383: loss 0.4811, time 399.56ms, mfu 1.99%
iter 5384: loss 0.5067, time 261.39ms, mfu 2.06%
iter 5385: loss 0.5610, time 349.48ms, mfu 2.06%
iter 5386: loss 0.5415, time 490.12ms, mfu 2.00%
iter 5387: loss 0.5126, time 367.55ms, mfu 1.99%
iter 5388: loss 0.5358, time 472.85ms, mfu 1.94%
iter 5389: loss 0.5647, time 389.30ms, mfu 1.93%
iter 5390: loss 0.5148, time 456.36ms, mfu 1.89%
iter 5391: loss 0.5404, time 269.93ms, mfu 1.97%
iter 5392: loss 0.5899, time 397.93ms, mfu 1.95%
iter 5393: loss 0.4586, time 290.45ms, mfu 2.00%
iter 5394: loss 0.4982, time 302.75ms, mfu 2.03%
iter 5395: loss 0.5072, time 504.66ms, mfu 1.97%
iter 5396: loss 0.5330, time 383.66ms, mfu 1.96%
iter 5397: loss 0.5314, time 257.80ms, mfu 2.04%
iter 5398: loss 0.5278, time 286.22ms, mfu 2.08%
iter 5399: loss 0.4964, time 508.48ms, mfu 2.01%
iter 5400: loss 0.5902, time 382.69ms, mfu 2.00%
  === DIAG iter 5400 ===
  loss: 0.5902
  grads: total 1.0000, transformer 0.1690, adapter 0.9856
  <NUM> input tokens: 553/3072 (18.0%)
  lr: base 3.07e-04, adapter 1.53e-04
  SME accuracy: overall 0.579, sign 0.969, exp 0.902, digit 0.361, end 0.962 [d0 0.766 d1 0.163 d2 0.094 d3 0.185 d4 0.333 d5 0.300 d6 0.250 d7 0.289 d8 0.323 d9 0.632 d10 0.615 d11 0.636 d12 0.545 d13 0.375 d14 0.250] (1061 SME tokens)
iter 5401: loss 0.6127, time 234.74ms, mfu 2.10%
iter 5402: loss 0.5836, time 271.74ms, mfu 2.15%
iter 5403: loss 0.5232, time 500.54ms, mfu 2.08%
iter 5404: loss 0.5463, time 423.40ms, mfu 2.04%
iter 5405: loss 0.5267, time 464.12ms, mfu 1.98%
iter 5406: loss 0.5367, time 387.61ms, mfu 1.97%
iter 5407: loss 0.6045, time 258.81ms, mfu 2.05%
iter 5408: loss 0.5735, time 444.23ms, mfu 2.00%
iter 5409: loss 0.5650, time 336.80ms, mfu 2.01%
iter 5410: loss 0.5053, time 442.67ms, mfu 1.97%
iter 5411: loss 0.5344, time 457.44ms, mfu 1.93%
iter 5412: loss 0.5473, time 423.83ms, mfu 1.90%
iter 5413: loss 0.5686, time 544.31ms, mfu 1.84%
iter 5414: loss 0.5692, time 446.92ms, mfu 1.82%
iter 5415: loss 0.5270, time 445.32ms, mfu 1.79%
iter 5416: loss 0.5540, time 192.82ms, mfu 1.98%
iter 5417: loss 0.5146, time 349.33ms, mfu 1.99%
iter 5418: loss 0.5140, time 345.97ms, mfu 1.99%
iter 5419: loss 0.5640, time 331.15ms, mfu 2.01%
iter 5420: loss 0.5555, time 313.62ms, mfu 2.03%
iter 5421: loss 0.4987, time 429.45ms, mfu 1.99%
iter 5422: loss 0.5618, time 349.76ms, mfu 2.00%
iter 5423: loss 0.5882, time 542.56ms, mfu 1.93%
iter 5424: loss 0.5683, time 383.37ms, mfu 1.92%
iter 5425: loss 0.5819, time 424.57ms, mfu 1.90%
iter 5426: loss 0.5667, time 276.43ms, mfu 1.96%
iter 5427: loss 0.5766, time 371.98ms, mfu 1.96%
iter 5428: loss 0.5682, time 415.67ms, mfu 1.93%
iter 5429: loss 0.5322, time 533.63ms, mfu 1.87%
iter 5430: loss 0.6128, time 212.90ms, mfu 2.02%
iter 5431: loss 0.5090, time 292.59ms, mfu 2.06%
iter 5432: loss 0.5463, time 328.89ms, mfu 2.07%
iter 5433: loss 0.4334, time 489.81ms, mfu 2.01%
iter 5434: loss 0.5271, time 169.77ms, mfu 2.22%
iter 5435: loss 0.5994, time 378.46ms, mfu 2.19%
iter 5436: loss 0.4727, time 374.65ms, mfu 2.16%
iter 5437: loss 0.5167, time 382.58ms, mfu 2.13%
iter 5438: loss 0.5784, time 293.85ms, mfu 2.16%
iter 5439: loss 0.5003, time 398.20ms, mfu 2.12%
iter 5440: loss 0.5050, time 535.84ms, mfu 2.04%
iter 5441: loss 0.5251, time 411.94ms, mfu 2.01%
iter 5442: loss 0.5515, time 390.19ms, mfu 1.99%
iter 5443: loss 0.5450, time 378.99ms, mfu 1.98%
iter 5444: loss 0.5093, time 306.73ms, mfu 2.01%
iter 5445: loss 0.5379, time 379.41ms, mfu 2.00%
iter 5446: loss 0.5253, time 328.78ms, mfu 2.01%
iter 5447: loss 0.5533, time 398.24ms, mfu 1.99%
iter 5448: loss 0.5338, time 435.43ms, mfu 1.95%
iter 5449: loss 0.5066, time 419.76ms, mfu 1.93%
iter 5450: loss 0.5641, time 451.71ms, mfu 1.89%
iter 5451: loss 0.5727, time 257.86ms, mfu 1.98%
iter 5452: loss 0.5212, time 436.53ms, mfu 1.94%
iter 5453: loss 0.5516, time 339.85ms, mfu 1.96%
iter 5454: loss 0.4897, time 511.08ms, mfu 1.90%
iter 5455: loss 0.5134, time 240.14ms, mfu 2.00%
iter 5456: loss 0.4794, time 560.57ms, mfu 1.93%
iter 5457: loss 0.6006, time 360.94ms, mfu 1.93%
iter 5458: loss 0.5034, time 368.25ms, mfu 1.93%
iter 5459: loss 0.5087, time 468.68ms, mfu 1.89%
iter 5460: loss 0.5399, time 348.11ms, mfu 1.90%
iter 5461: loss 0.5748, time 322.57ms, mfu 1.93%
iter 5462: loss 0.5700, time 384.80ms, mfu 1.92%
iter 5463: loss 0.5188, time 356.76ms, mfu 1.93%
iter 5464: loss 0.5625, time 399.07ms, mfu 1.92%
iter 5465: loss 0.5444, time 404.56ms, mfu 1.90%
iter 5466: loss 0.5257, time 415.36ms, mfu 1.88%
iter 5467: loss 0.5226, time 300.52ms, mfu 1.93%
iter 5468: loss 0.5170, time 352.33ms, mfu 1.94%
iter 5469: loss 0.5273, time 268.72ms, mfu 2.01%
iter 5470: loss 0.5480, time 498.10ms, mfu 1.95%
iter 5471: loss 0.5113, time 171.50ms, mfu 2.17%
iter 5472: loss 0.5424, time 227.65ms, mfu 2.26%
iter 5473: loss 0.5174, time 331.60ms, mfu 2.25%
iter 5474: loss 0.5660, time 431.95ms, mfu 2.19%
iter 5475: loss 0.5343, time 316.32ms, mfu 2.19%
iter 5476: loss 0.4653, time 384.55ms, mfu 2.16%
iter 5477: loss 0.5714, time 344.43ms, mfu 2.15%
iter 5478: loss 0.5558, time 386.49ms, mfu 2.12%
iter 5479: loss 0.5323, time 389.84ms, mfu 2.09%
iter 5480: loss 0.4977, time 289.05ms, mfu 2.12%
iter 5481: loss 0.5840, time 394.58ms, mfu 2.09%
iter 5482: loss 0.5376, time 326.18ms, mfu 2.10%
iter 5483: loss 0.5530, time 331.11ms, mfu 2.10%
iter 5484: loss 0.5942, time 242.65ms, mfu 2.18%
iter 5485: loss 0.6645, time 515.92ms, mfu 2.10%
iter 5486: loss 0.5452, time 403.31ms, mfu 2.07%
iter 5487: loss 0.5142, time 333.73ms, mfu 2.07%
iter 5488: loss 0.6182, time 405.23ms, mfu 2.04%
iter 5489: loss 0.5574, time 373.74ms, mfu 2.03%
iter 5490: loss 0.4496, time 375.07ms, mfu 2.01%
iter 5491: loss 0.5293, time 340.13ms, mfu 2.02%
iter 5492: loss 0.5380, time 415.81ms, mfu 1.99%
iter 5493: loss 0.6087, time 487.02ms, mfu 1.94%
iter 5494: loss 0.5822, time 287.04ms, mfu 1.99%
iter 5495: loss 0.4675, time 548.47ms, mfu 1.92%
iter 5496: loss 0.5348, time 390.18ms, mfu 1.91%
iter 5497: loss 0.5387, time 438.82ms, mfu 1.88%
iter 5498: loss 0.4793, time 226.05ms, mfu 2.01%
iter 5499: loss 0.5253, time 277.65ms, mfu 2.06%
iter 5500: loss 0.5730, time 635.16ms, mfu 1.97%
  === DIAG iter 5500 ===
  loss: 0.5730
  grads: total 1.0000, transformer 0.1613, adapter 0.9869
  <NUM> input tokens: 533/3072 (17.4%)
  lr: base 3.02e-04, adapter 1.51e-04
  SME accuracy: overall 0.612, sign 0.965, exp 0.917, digit 0.392, end 0.986 [d0 0.688 d1 0.237 d2 0.225 d3 0.290 d4 0.370 d5 0.364 d6 0.273 d7 0.297 d8 0.257 d9 0.588 d10 0.600 d11 0.636 d12 0.778 d13 0.250 d14 0.143] (1098 SME tokens)
iter 5501: loss 0.5139, time 228.83ms, mfu 2.08%
iter 5502: loss 0.5050, time 405.74ms, mfu 2.05%
iter 5503: loss 0.5425, time 280.52ms, mfu 2.09%
iter 5504: loss 0.5731, time 449.45ms, mfu 2.04%
iter 5505: loss 0.4783, time 311.29ms, mfu 2.07%
iter 5506: loss 0.5062, time 433.59ms, mfu 2.02%
iter 5507: loss 0.5515, time 325.41ms, mfu 2.04%
iter 5508: loss 0.5641, time 445.49ms, mfu 1.99%
iter 5509: loss 0.4535, time 438.71ms, mfu 1.96%
iter 5510: loss 0.5314, time 340.19ms, mfu 1.97%
iter 5511: loss 0.5170, time 415.50ms, mfu 1.94%
iter 5512: loss 0.5115, time 306.13ms, mfu 1.98%
iter 5513: loss 0.5666, time 408.72ms, mfu 1.95%
iter 5514: loss 0.5568, time 409.64ms, mfu 1.93%
iter 5515: loss 0.5143, time 306.62ms, mfu 1.97%
iter 5516: loss 0.5205, time 312.53ms, mfu 2.00%
iter 5517: loss 0.5442, time 413.91ms, mfu 1.97%
iter 5518: loss 0.5562, time 494.45ms, mfu 1.92%
iter 5519: loss 0.5130, time 394.50ms, mfu 1.91%
iter 5520: loss 0.5050, time 340.03ms, mfu 1.92%
iter 5521: loss 0.5669, time 326.58ms, mfu 1.95%
iter 5522: loss 0.5926, time 317.75ms, mfu 1.98%
iter 5523: loss 0.5371, time 500.70ms, mfu 1.92%
iter 5524: loss 0.5659, time 452.50ms, mfu 1.88%
iter 5525: loss 0.5335, time 418.50ms, mfu 1.87%
iter 5526: loss 0.6063, time 326.20ms, mfu 1.90%
iter 5527: loss 0.6074, time 446.79ms, mfu 1.87%
iter 5528: loss 0.5115, time 282.89ms, mfu 1.93%
iter 5529: loss 0.5945, time 440.36ms, mfu 1.90%
iter 5530: loss 0.6259, time 425.04ms, mfu 1.87%
iter 5531: loss 0.5354, time 369.45ms, mfu 1.88%
iter 5532: loss 0.5436, time 364.17ms, mfu 1.89%
iter 5533: loss 0.4778, time 297.42ms, mfu 1.94%
iter 5534: loss 0.4873, time 393.93ms, mfu 1.92%
iter 5535: loss 0.5320, time 413.07ms, mfu 1.90%
iter 5536: loss 0.5315, time 428.33ms, mfu 1.88%
iter 5537: loss 0.5602, time 342.96ms, mfu 1.90%
iter 5538: loss 0.5139, time 242.82ms, mfu 2.00%
iter 5539: loss 0.5784, time 507.18ms, mfu 1.94%
iter 5540: loss 0.5659, time 404.31ms, mfu 1.92%
iter 5541: loss 0.5929, time 361.46ms, mfu 1.92%
iter 5542: loss 0.5594, time 320.71ms, mfu 1.95%
iter 5543: loss 0.5322, time 230.53ms, mfu 2.06%
iter 5544: loss 0.5435, time 435.30ms, mfu 2.02%
iter 5545: loss 0.5345, time 306.52ms, mfu 2.05%
iter 5546: loss 0.4821, time 291.06ms, mfu 2.09%
iter 5547: loss 0.5106, time 463.76ms, mfu 2.03%
iter 5548: loss 0.5266, time 290.17ms, mfu 2.07%
iter 5549: loss 0.4971, time 506.50ms, mfu 2.01%
iter 5550: loss 0.5910, time 253.47ms, mfu 2.08%
iter 5551: loss 0.5717, time 535.50ms, mfu 2.01%
iter 5552: loss 0.5368, time 222.06ms, mfu 2.13%
iter 5553: loss 0.4834, time 313.39ms, mfu 2.14%
iter 5554: loss 0.4936, time 404.89ms, mfu 2.10%
iter 5555: loss 0.5702, time 455.38ms, mfu 2.05%
iter 5556: loss 0.5499, time 495.01ms, mfu 1.99%
iter 5557: loss 0.5517, time 311.19ms, mfu 2.01%
iter 5558: loss 0.5548, time 310.41ms, mfu 2.04%
iter 5559: loss 0.5451, time 459.25ms, mfu 1.99%
iter 5560: loss 0.5542, time 376.02ms, mfu 1.98%
iter 5561: loss 0.5170, time 313.39ms, mfu 2.01%
iter 5562: loss 0.5322, time 484.87ms, mfu 1.95%
iter 5563: loss 0.5142, time 391.76ms, mfu 1.94%
iter 5564: loss 0.5553, time 431.54ms, mfu 1.91%
iter 5565: loss 0.5247, time 368.64ms, mfu 1.91%
iter 5566: loss 0.6232, time 498.75ms, mfu 1.86%
iter 5567: loss 0.5185, time 382.47ms, mfu 1.86%
iter 5568: loss 0.5348, time 481.92ms, mfu 1.82%
iter 5569: loss 0.5534, time 406.56ms, mfu 1.81%
iter 5570: loss 0.5122, time 293.21ms, mfu 1.87%
iter 5571: loss 0.5302, time 466.13ms, mfu 1.84%
iter 5572: loss 0.5190, time 457.29ms, mfu 1.81%
iter 5573: loss 0.5773, time 343.54ms, mfu 1.84%
iter 5574: loss 0.5193, time 438.29ms, mfu 1.81%
iter 5575: loss 0.5803, time 308.32ms, mfu 1.86%
iter 5576: loss 0.5205, time 247.57ms, mfu 1.96%
iter 5577: loss 0.5588, time 473.74ms, mfu 1.92%
iter 5578: loss 0.5893, time 435.63ms, mfu 1.89%
iter 5579: loss 0.5271, time 536.44ms, mfu 1.83%
iter 5580: loss 0.5464, time 402.71ms, mfu 1.82%
iter 5581: loss 0.5547, time 344.26ms, mfu 1.85%
iter 5582: loss 0.5464, time 327.65ms, mfu 1.88%
iter 5583: loss 0.5846, time 405.32ms, mfu 1.87%
iter 5584: loss 0.5373, time 450.96ms, mfu 1.84%
iter 5585: loss 0.5442, time 425.01ms, mfu 1.82%
iter 5586: loss 0.5138, time 522.44ms, mfu 1.77%
iter 5587: loss 0.5565, time 235.02ms, mfu 1.90%
iter 5588: loss 0.5795, time 308.77ms, mfu 1.94%
iter 5589: loss 0.5665, time 241.26ms, mfu 2.04%
iter 5590: loss 0.5546, time 351.20ms, mfu 2.04%
iter 5591: loss 0.5745, time 397.92ms, mfu 2.01%
iter 5592: loss 0.4708, time 319.10ms, mfu 2.03%
iter 5593: loss 0.5858, time 394.54ms, mfu 2.01%
iter 5594: loss 0.4845, time 417.12ms, mfu 1.98%
iter 5595: loss 0.5101, time 326.17ms, mfu 2.00%
iter 5596: loss 0.5605, time 313.23ms, mfu 2.02%
iter 5597: loss 0.4919, time 299.80ms, mfu 2.06%
iter 5598: loss 0.5332, time 242.32ms, mfu 2.14%
iter 5599: loss 0.5392, time 479.63ms, mfu 2.08%
iter 5600: loss 0.5613, time 674.27ms, mfu 1.97%
  === DIAG iter 5600 ===
  loss: 0.5613
  grads: total 1.0000, transformer 0.1546, adapter 0.9880
  <NUM> input tokens: 481/3072 (15.7%)
  lr: base 2.97e-04, adapter 1.48e-04
  SME accuracy: overall 0.593, sign 0.929, exp 0.879, digit 0.341, end 0.958 [d0 0.698 d1 0.135 d2 0.096 d3 0.113 d4 0.273 d5 0.226 d6 0.393 d7 0.231 d8 0.368 d9 0.636 d10 0.667 d11 0.500 d12 0.571 d13 0.286 d14 0.333] (979 SME tokens)
iter 5601: loss 0.5507, time 173.92ms, mfu 2.18%
iter 5602: loss 0.5820, time 283.71ms, mfu 2.22%
iter 5603: loss 0.5489, time 477.18ms, mfu 2.14%
iter 5604: loss 0.5738, time 302.72ms, mfu 2.16%
iter 5605: loss 0.5624, time 351.81ms, mfu 2.15%
iter 5606: loss 0.5857, time 351.74ms, mfu 2.13%
iter 5607: loss 0.4935, time 344.80ms, mfu 2.13%
iter 5608: loss 0.5372, time 448.83ms, mfu 2.07%
iter 5609: loss 0.5559, time 431.21ms, mfu 2.03%
iter 5610: loss 0.5909, time 408.68ms, mfu 2.00%
iter 5611: loss 0.6118, time 491.61ms, mfu 1.94%
iter 5612: loss 0.5587, time 406.92ms, mfu 1.92%
iter 5613: loss 0.5343, time 445.10ms, mfu 1.89%
iter 5614: loss 0.5451, time 447.96ms, mfu 1.86%
iter 5615: loss 0.5150, time 237.58ms, mfu 1.97%
iter 5616: loss 0.5122, time 356.35ms, mfu 1.97%
iter 5617: loss 0.5399, time 465.73ms, mfu 1.93%
iter 5618: loss 0.5106, time 411.03ms, mfu 1.91%
iter 5619: loss 0.5751, time 398.63ms, mfu 1.90%
iter 5620: loss 0.5566, time 406.92ms, mfu 1.88%
iter 5621: loss 0.5447, time 338.03ms, mfu 1.90%
iter 5622: loss 0.5342, time 519.15ms, mfu 1.85%
iter 5623: loss 0.5712, time 358.60ms, mfu 1.86%
iter 5624: loss 0.5779, time 403.13ms, mfu 1.85%
iter 5625: loss 0.5765, time 319.56ms, mfu 1.89%
iter 5626: loss 0.5104, time 470.33ms, mfu 1.85%
iter 5627: loss 0.5141, time 375.37ms, mfu 1.85%
iter 5628: loss 0.5249, time 410.78ms, mfu 1.84%
iter 5629: loss 0.5431, time 359.11ms, mfu 1.85%
iter 5630: loss 0.5543, time 454.02ms, mfu 1.82%
iter 5631: loss 0.5849, time 315.97ms, mfu 1.87%
iter 5632: loss 0.4611, time 415.35ms, mfu 1.85%
iter 5633: loss 0.5312, time 491.95ms, mfu 1.81%
iter 5634: loss 0.5588, time 210.91ms, mfu 1.96%
iter 5635: loss 0.4546, time 421.00ms, mfu 1.94%
iter 5636: loss 0.4749, time 291.49ms, mfu 1.99%
iter 5637: loss 0.5592, time 353.50ms, mfu 1.99%
iter 5638: loss 0.5471, time 480.74ms, mfu 1.94%
iter 5639: loss 0.5117, time 318.56ms, mfu 1.97%
iter 5640: loss 0.5533, time 447.11ms, mfu 1.93%
iter 5641: loss 0.5508, time 465.33ms, mfu 1.89%
iter 5642: loss 0.5618, time 432.08ms, mfu 1.86%
iter 5643: loss 0.5638, time 397.52ms, mfu 1.85%
iter 5644: loss 0.5752, time 220.85ms, mfu 1.99%
iter 5645: loss 0.5149, time 368.63ms, mfu 1.98%
iter 5646: loss 0.5393, time 294.53ms, mfu 2.03%
iter 5647: loss 0.5377, time 428.96ms, mfu 1.99%
iter 5648: loss 0.5231, time 586.39ms, mfu 1.91%
iter 5649: loss 0.5132, time 351.84ms, mfu 1.92%
iter 5650: loss 0.5227, time 225.58ms, mfu 2.04%
iter 5651: loss 0.5949, time 362.71ms, mfu 2.03%
iter 5652: loss 0.5145, time 294.77ms, mfu 2.07%
iter 5653: loss 0.6387, time 544.58ms, mfu 1.99%
iter 5654: loss 0.5395, time 362.54ms, mfu 1.99%
iter 5655: loss 0.5194, time 427.46ms, mfu 1.96%
iter 5656: loss 0.5821, time 348.06ms, mfu 1.96%
iter 5657: loss 0.5214, time 356.71ms, mfu 1.97%
iter 5658: loss 0.5490, time 339.71ms, mfu 1.98%
iter 5659: loss 0.5419, time 510.84ms, mfu 1.92%
iter 5660: loss 0.5628, time 338.83ms, mfu 1.94%
iter 5661: loss 0.4745, time 477.72ms, mfu 1.89%
iter 5662: loss 0.5126, time 353.31ms, mfu 1.90%
iter 5663: loss 0.4810, time 415.59ms, mfu 1.88%
iter 5664: loss 0.5216, time 399.41ms, mfu 1.87%
iter 5665: loss 0.5322, time 434.25ms, mfu 1.85%
iter 5666: loss 0.5648, time 300.66ms, mfu 1.90%
iter 5667: loss 0.5447, time 242.57ms, mfu 2.00%
iter 5668: loss 0.5452, time 293.22ms, mfu 2.04%
iter 5669: loss 0.5134, time 467.00ms, mfu 1.99%
iter 5670: loss 0.5053, time 328.35ms, mfu 2.01%
iter 5671: loss 0.5406, time 324.79ms, mfu 2.02%
iter 5672: loss 0.5367, time 313.20ms, mfu 2.05%
iter 5673: loss 0.6335, time 387.78ms, mfu 2.03%
iter 5674: loss 0.5297, time 468.11ms, mfu 1.98%
iter 5675: loss 0.5462, time 334.93ms, mfu 1.99%
iter 5676: loss 0.5184, time 451.03ms, mfu 1.95%
iter 5677: loss 0.5108, time 263.93ms, mfu 2.02%
iter 5678: loss 0.5076, time 439.99ms, mfu 1.98%
iter 5679: loss 0.4748, time 312.69ms, mfu 2.01%
iter 5680: loss 0.5425, time 233.71ms, mfu 2.11%
iter 5681: loss 0.5703, time 394.87ms, mfu 2.08%
iter 5682: loss 0.5710, time 341.12ms, mfu 2.08%
iter 5683: loss 0.6018, time 391.00ms, mfu 2.05%
iter 5684: loss 0.4622, time 410.69ms, mfu 2.02%
iter 5685: loss 0.5908, time 411.03ms, mfu 1.99%
iter 5686: loss 0.6062, time 370.02ms, mfu 1.98%
iter 5687: loss 0.5599, time 432.44ms, mfu 1.95%
iter 5688: loss 0.5609, time 412.11ms, mfu 1.93%
iter 5689: loss 0.6055, time 351.45ms, mfu 1.93%
iter 5690: loss 0.5594, time 343.90ms, mfu 1.95%
iter 5691: loss 0.5461, time 336.46ms, mfu 1.96%
iter 5692: loss 0.5826, time 480.55ms, mfu 1.91%
iter 5693: loss 0.5414, time 441.85ms, mfu 1.88%
iter 5694: loss 0.5441, time 387.33ms, mfu 1.88%
iter 5695: loss 0.5259, time 287.08ms, mfu 1.94%
iter 5696: loss 0.5799, time 476.17ms, mfu 1.89%
iter 5697: loss 0.5196, time 401.81ms, mfu 1.88%
iter 5698: loss 0.5181, time 219.01ms, mfu 2.02%
iter 5699: loss 0.4900, time 245.94ms, mfu 2.10%
iter 5700: loss 0.4775, time 558.25ms, mfu 2.02%
  === DIAG iter 5700 ===
  loss: 0.4775
  grads: total 1.0000, transformer 0.1972, adapter 0.9804
  <NUM> input tokens: 485/3072 (15.8%)
  lr: base 2.91e-04, adapter 1.46e-04
  SME accuracy: overall 0.624, sign 0.962, exp 0.940, digit 0.355, end 0.985 [d0 0.687 d1 0.143 d2 0.127 d3 0.150 d4 0.276 d5 0.286 d6 0.240 d7 0.240 d8 0.167 d9 0.875 d10 0.500 d11 0.500 d12 0.571 d13 0.333 d14 0.000] (900 SME tokens)
iter 5701: loss 0.5526, time 230.26ms, mfu 2.12%
iter 5702: loss 0.5517, time 433.13ms, mfu 2.08%
iter 5703: loss 0.5481, time 429.65ms, mfu 2.03%
iter 5704: loss 0.5445, time 486.50ms, mfu 1.98%
iter 5705: loss 0.4988, time 323.24ms, mfu 2.00%
iter 5706: loss 0.5584, time 541.96ms, mfu 1.93%
iter 5707: loss 0.5481, time 571.32ms, mfu 1.86%
iter 5708: loss 0.5709, time 406.75ms, mfu 1.85%
iter 5709: loss 0.5152, time 402.01ms, mfu 1.84%
iter 5710: loss 0.5117, time 469.31ms, mfu 1.81%
iter 5711: loss 0.5100, time 292.65ms, mfu 1.87%
iter 5712: loss 0.4920, time 338.78ms, mfu 1.89%
iter 5713: loss 0.5585, time 287.72ms, mfu 1.95%
iter 5714: loss 0.5621, time 380.65ms, mfu 1.94%
iter 5715: loss 0.4844, time 461.19ms, mfu 1.90%
iter 5716: loss 0.5032, time 390.69ms, mfu 1.89%
iter 5717: loss 0.5235, time 377.08ms, mfu 1.89%
iter 5718: loss 0.4927, time 443.89ms, mfu 1.86%
iter 5719: loss 0.4803, time 401.50ms, mfu 1.85%
iter 5720: loss 0.5408, time 326.00ms, mfu 1.88%
iter 5721: loss 0.5795, time 445.87ms, mfu 1.85%
iter 5722: loss 0.5574, time 365.68ms, mfu 1.86%
iter 5723: loss 0.5249, time 337.09ms, mfu 1.89%
iter 5724: loss 0.5497, time 533.60ms, mfu 1.83%
iter 5725: loss 0.5184, time 269.30ms, mfu 1.91%
iter 5726: loss 0.5309, time 323.10ms, mfu 1.94%
iter 5727: loss 0.5527, time 435.56ms, mfu 1.91%
iter 5728: loss 0.5452, time 514.36ms, mfu 1.85%
iter 5729: loss 0.5364, time 387.07ms, mfu 1.85%
iter 5730: loss 0.5566, time 380.96ms, mfu 1.85%
iter 5731: loss 0.5546, time 339.42ms, mfu 1.88%
iter 5732: loss 0.6564, time 429.71ms, mfu 1.85%
iter 5733: loss 0.5086, time 264.10ms, mfu 1.94%
iter 5734: loss 0.5331, time 502.90ms, mfu 1.88%
iter 5735: loss 0.5344, time 427.94ms, mfu 1.86%
iter 5736: loss 0.5066, time 388.31ms, mfu 1.86%
iter 5737: loss 0.5287, time 400.50ms, mfu 1.85%
iter 5738: loss 0.5541, time 435.79ms, mfu 1.83%
iter 5739: loss 0.5411, time 362.94ms, mfu 1.84%
iter 5740: loss 0.5435, time 393.03ms, mfu 1.84%
iter 5741: loss 0.5197, time 467.85ms, mfu 1.80%
iter 5742: loss 0.5785, time 248.96ms, mfu 1.91%
iter 5743: loss 0.5478, time 397.29ms, mfu 1.90%
iter 5744: loss 0.5024, time 512.22ms, mfu 1.84%
iter 5745: loss 0.5172, time 409.11ms, mfu 1.83%
iter 5746: loss 0.5084, time 327.53ms, mfu 1.87%
iter 5747: loss 0.5083, time 398.14ms, mfu 1.86%
iter 5748: loss 0.5320, time 507.86ms, mfu 1.81%
iter 5749: loss 0.5183, time 355.17ms, mfu 1.83%
iter 5750: loss 0.5098, time 363.63ms, mfu 1.84%
iter 5751: loss 0.5926, time 372.21ms, mfu 1.85%
iter 5752: loss 0.5405, time 366.55ms, mfu 1.86%
iter 5753: loss 0.5075, time 438.63ms, mfu 1.83%
iter 5754: loss 0.5332, time 414.03ms, mfu 1.82%
iter 5755: loss 0.5383, time 395.13ms, mfu 1.82%
iter 5756: loss 0.5634, time 414.24ms, mfu 1.81%
iter 5757: loss 0.5452, time 386.53ms, mfu 1.81%
iter 5758: loss 0.6064, time 363.69ms, mfu 1.82%
iter 5759: loss 0.5627, time 438.41ms, mfu 1.80%
iter 5760: loss 0.5614, time 371.12ms, mfu 1.81%
iter 5761: loss 0.6191, time 461.50ms, mfu 1.79%
iter 5762: loss 0.5702, time 289.49ms, mfu 1.85%
iter 5763: loss 0.5272, time 530.32ms, mfu 1.80%
iter 5764: loss 0.4992, time 364.29ms, mfu 1.81%
iter 5765: loss 0.5386, time 381.03ms, mfu 1.82%
iter 5766: loss 0.5818, time 227.95ms, mfu 1.95%
iter 5767: loss 0.5875, time 381.43ms, mfu 1.94%
iter 5768: loss 0.6043, time 389.84ms, mfu 1.93%
iter 5769: loss 0.6146, time 414.96ms, mfu 1.91%
iter 5770: loss 0.5915, time 393.26ms, mfu 1.89%
iter 5771: loss 0.5124, time 462.37ms, mfu 1.86%
iter 5772: loss 0.5489, time 328.98ms, mfu 1.89%
iter 5773: loss 0.5883, time 362.34ms, mfu 1.90%
iter 5774: loss 0.5493, time 267.28ms, mfu 1.97%
iter 5775: loss 0.5427, time 387.58ms, mfu 1.96%
iter 5776: loss 0.5587, time 226.65ms, mfu 2.07%
iter 5777: loss 0.5593, time 514.25ms, mfu 2.00%
iter 5778: loss 0.5077, time 407.33ms, mfu 1.98%
iter 5779: loss 0.5467, time 369.24ms, mfu 1.97%
iter 5780: loss 0.5394, time 449.43ms, mfu 1.93%
iter 5781: loss 0.6218, time 294.45ms, mfu 1.98%
iter 5782: loss 0.5477, time 312.94ms, mfu 2.01%
iter 5783: loss 0.5151, time 480.89ms, mfu 1.95%
iter 5784: loss 0.5890, time 460.13ms, mfu 1.91%
iter 5785: loss 0.5661, time 383.18ms, mfu 1.91%
iter 5786: loss 0.5494, time 277.56ms, mfu 1.97%
iter 5787: loss 0.5541, time 470.09ms, mfu 1.93%
iter 5788: loss 0.5317, time 401.26ms, mfu 1.91%
iter 5789: loss 0.5760, time 409.97ms, mfu 1.89%
iter 5790: loss 0.4906, time 203.52ms, mfu 2.05%
iter 5791: loss 0.4985, time 475.62ms, mfu 1.99%
iter 5792: loss 0.5642, time 421.85ms, mfu 1.96%
iter 5793: loss 0.5586, time 349.86ms, mfu 1.97%
iter 5794: loss 0.5730, time 313.37ms, mfu 2.00%
iter 5795: loss 0.5207, time 422.05ms, mfu 1.97%
iter 5796: loss 0.5012, time 365.34ms, mfu 1.96%
iter 5797: loss 0.5207, time 388.15ms, mfu 1.95%
iter 5798: loss 0.5048, time 471.19ms, mfu 1.91%
iter 5799: loss 0.5595, time 358.91ms, mfu 1.91%
iter 5800: loss 0.5289, time 519.04ms, mfu 1.86%
  === DIAG iter 5800 ===
  loss: 0.5289
  grads: total 1.0000, transformer 0.1307, adapter 0.9914
  <NUM> input tokens: 512/3072 (16.7%)
  lr: base 2.86e-04, adapter 1.43e-04
  SME accuracy: overall 0.660, sign 0.952, exp 0.819, digit 0.394, end 0.989 [d0 0.703 d1 0.113 d2 0.115 d3 0.143 d4 0.333 d5 0.417 d6 0.409 d7 0.333 d8 0.333 d9 0.778 d10 0.500 d11 0.667 d12 0.667 d13 0.667 d14 1.000] (1119 SME tokens)
iter 5801: loss 0.5398, time 243.18ms, mfu 1.96%
iter 5802: loss 0.5815, time 388.82ms, mfu 1.95%
iter 5803: loss 0.5602, time 399.24ms, mfu 1.93%
iter 5804: loss 0.5221, time 375.71ms, mfu 1.93%
iter 5805: loss 0.5424, time 267.47ms, mfu 2.00%
iter 5806: loss 0.4750, time 506.19ms, mfu 1.94%
iter 5807: loss 0.5338, time 371.06ms, mfu 1.94%
iter 5808: loss 0.5487, time 378.97ms, mfu 1.93%
iter 5809: loss 0.5313, time 310.65ms, mfu 1.97%
iter 5810: loss 0.5255, time 379.26ms, mfu 1.96%
iter 5811: loss 0.5675, time 371.55ms, mfu 1.95%
iter 5812: loss 0.5295, time 258.68ms, mfu 2.03%
iter 5813: loss 0.5076, time 495.43ms, mfu 1.97%
iter 5814: loss 0.5760, time 288.34ms, mfu 2.02%
iter 5815: loss 0.4899, time 514.97ms, mfu 1.95%
iter 5816: loss 0.5247, time 381.76ms, mfu 1.94%
iter 5817: loss 0.5016, time 364.07ms, mfu 1.94%
iter 5818: loss 0.4611, time 302.32ms, mfu 1.98%
iter 5819: loss 0.5275, time 406.17ms, mfu 1.96%
iter 5820: loss 0.5480, time 287.85ms, mfu 2.01%
iter 5821: loss 0.5679, time 448.82ms, mfu 1.97%
iter 5822: loss 0.5382, time 350.42ms, mfu 1.97%
iter 5823: loss 0.5639, time 309.41ms, mfu 2.00%
iter 5824: loss 0.5409, time 483.30ms, mfu 1.95%
iter 5825: loss 0.4956, time 385.36ms, mfu 1.94%
iter 5826: loss 0.5034, time 267.89ms, mfu 2.01%
iter 5827: loss 0.4963, time 379.24ms, mfu 2.00%
iter 5828: loss 0.5685, time 474.83ms, mfu 1.95%
iter 5829: loss 0.5289, time 432.62ms, mfu 1.92%
iter 5830: loss 0.5600, time 188.44ms, mfu 2.10%
iter 5831: loss 0.4814, time 504.92ms, mfu 2.03%
iter 5832: loss 0.5545, time 414.77ms, mfu 2.00%
iter 5833: loss 0.5722, time 481.29ms, mfu 1.95%
iter 5834: loss 0.5280, time 387.09ms, mfu 1.93%
iter 5835: loss 0.5396, time 460.50ms, mfu 1.89%
iter 5836: loss 0.5707, time 296.21ms, mfu 1.94%
iter 5837: loss 0.5150, time 380.12ms, mfu 1.94%
iter 5838: loss 0.5855, time 377.13ms, mfu 1.93%
iter 5839: loss 0.4971, time 281.06ms, mfu 1.99%
iter 5840: loss 0.5417, time 359.75ms, mfu 1.99%
iter 5841: loss 0.5290, time 350.39ms, mfu 1.99%
iter 5842: loss 0.5479, time 403.89ms, mfu 1.97%
iter 5843: loss 0.5012, time 427.95ms, mfu 1.94%
iter 5844: loss 0.5047, time 299.57ms, mfu 1.98%
iter 5845: loss 0.5651, time 456.92ms, mfu 1.94%
iter 5846: loss 0.5506, time 439.62ms, mfu 1.90%
iter 5847: loss 0.5426, time 303.87ms, mfu 1.95%
iter 5848: loss 0.5504, time 365.56ms, mfu 1.95%
iter 5849: loss 0.5618, time 344.63ms, mfu 1.96%
iter 5850: loss 0.5297, time 317.96ms, mfu 1.98%
iter 5851: loss 0.5839, time 547.37ms, mfu 1.92%
iter 5852: loss 0.5460, time 467.14ms, mfu 1.88%
iter 5853: loss 0.5762, time 388.48ms, mfu 1.87%
iter 5854: loss 0.5222, time 417.31ms, mfu 1.85%
iter 5855: loss 0.5077, time 270.58ms, mfu 1.93%
iter 5856: loss 0.5881, time 268.78ms, mfu 2.00%
iter 5857: loss 0.5188, time 343.10ms, mfu 2.01%
iter 5858: loss 0.5513, time 326.08ms, mfu 2.02%
iter 5859: loss 0.5373, time 355.87ms, mfu 2.02%
iter 5860: loss 0.5556, time 515.62ms, mfu 1.96%
iter 5861: loss 0.5650, time 291.58ms, mfu 2.00%
iter 5862: loss 0.5494, time 309.81ms, mfu 2.03%
iter 5863: loss 0.5482, time 387.79ms, mfu 2.01%
iter 5864: loss 0.5870, time 378.49ms, mfu 2.00%
iter 5865: loss 0.5484, time 403.15ms, mfu 1.97%
iter 5866: loss 0.5019, time 310.47ms, mfu 2.00%
iter 5867: loss 0.5211, time 318.22ms, mfu 2.03%
iter 5868: loss 0.5176, time 425.60ms, mfu 1.99%
iter 5869: loss 0.5510, time 310.23ms, mfu 2.02%
iter 5870: loss 0.5262, time 511.18ms, mfu 1.96%
iter 5871: loss 0.5626, time 295.67ms, mfu 2.00%
iter 5872: loss 0.5026, time 309.04ms, mfu 2.03%
iter 5873: loss 0.5492, time 353.29ms, mfu 2.03%
iter 5874: loss 0.5380, time 363.58ms, mfu 2.02%
iter 5875: loss 0.5490, time 323.18ms, mfu 2.04%
iter 5876: loss 0.5225, time 387.47ms, mfu 2.02%
iter 5877: loss 0.4769, time 259.35ms, mfu 2.09%
iter 5878: loss 0.5832, time 449.76ms, mfu 2.04%
iter 5879: loss 0.5523, time 410.53ms, mfu 2.01%
iter 5880: loss 0.5251, time 383.24ms, mfu 1.99%
iter 5881: loss 0.5926, time 522.02ms, mfu 1.93%
iter 5882: loss 0.5232, time 307.24ms, mfu 1.96%
iter 5883: loss 0.5139, time 465.77ms, mfu 1.92%
iter 5884: loss 0.5701, time 406.98ms, mfu 1.90%
iter 5885: loss 0.5075, time 297.90ms, mfu 1.95%
iter 5886: loss 0.5589, time 422.66ms, mfu 1.92%
iter 5887: loss 0.5499, time 398.40ms, mfu 1.91%
iter 5888: loss 0.5309, time 481.84ms, mfu 1.86%
iter 5889: loss 0.4903, time 375.77ms, mfu 1.87%
iter 5890: loss 0.4813, time 465.62ms, mfu 1.83%
iter 5891: loss 0.5190, time 375.39ms, mfu 1.84%
iter 5892: loss 0.5096, time 303.06ms, mfu 1.89%
iter 5893: loss 0.5767, time 349.07ms, mfu 1.90%
iter 5894: loss 0.5014, time 467.78ms, mfu 1.86%
iter 5895: loss 0.5017, time 375.73ms, mfu 1.87%
iter 5896: loss 0.4986, time 431.30ms, mfu 1.84%
iter 5897: loss 0.4781, time 405.79ms, mfu 1.83%
iter 5898: loss 0.4791, time 390.99ms, mfu 1.83%
iter 5899: loss 0.5777, time 414.31ms, mfu 1.82%
iter 5900: loss 0.5060, time 661.90ms, mfu 1.74%
  === DIAG iter 5900 ===
  loss: 0.5060
  grads: total 1.0000, transformer 0.1556, adapter 0.9878
  <NUM> input tokens: 529/3072 (17.2%)
  lr: base 2.81e-04, adapter 1.40e-04
  SME accuracy: overall 0.623, sign 0.986, exp 0.935, digit 0.360, end 0.971 [d0 0.723 d1 0.184 d2 0.145 d3 0.130 d4 0.281 d5 0.281 d6 0.355 d7 0.200 d8 0.296 d9 0.625 d10 0.800 d11 1.000 d12 1.000 d13 0.500 d14 0.000] (956 SME tokens)
iter 5901: loss 0.5015, time 227.69ms, mfu 1.88%
iter 5902: loss 0.5393, time 322.44ms, mfu 1.91%
iter 5903: loss 0.5868, time 443.48ms, mfu 1.88%
iter 5904: loss 0.5246, time 384.57ms, mfu 1.88%
iter 5905: loss 0.5782, time 332.61ms, mfu 1.90%
iter 5906: loss 0.5343, time 348.04ms, mfu 1.92%
iter 5907: loss 0.5135, time 395.78ms, mfu 1.90%
iter 5908: loss 0.5691, time 322.48ms, mfu 1.93%
iter 5909: loss 0.5522, time 286.71ms, mfu 1.99%
iter 5910: loss 0.4996, time 417.33ms, mfu 1.96%
iter 5911: loss 0.5288, time 339.55ms, mfu 1.97%
iter 5912: loss 0.5204, time 379.67ms, mfu 1.96%
iter 5913: loss 0.5391, time 446.32ms, mfu 1.92%
iter 5914: loss 0.4746, time 179.24ms, mfu 2.13%
iter 5915: loss 0.5141, time 450.35ms, mfu 2.07%
iter 5916: loss 0.5356, time 301.38ms, mfu 2.10%
iter 5917: loss 0.5444, time 241.49ms, mfu 2.18%
iter 5918: loss 0.6038, time 421.72ms, mfu 2.13%
iter 5919: loss 0.5560, time 423.74ms, mfu 2.09%
iter 5920: loss 0.5253, time 378.33ms, mfu 2.07%
iter 5921: loss 0.4820, time 426.66ms, mfu 2.02%
iter 5922: loss 0.5573, time 465.03ms, mfu 1.97%
iter 5923: loss 0.5244, time 334.09ms, mfu 1.99%
iter 5924: loss 0.5258, time 311.32ms, mfu 2.02%
iter 5925: loss 0.5033, time 423.25ms, mfu 1.98%
iter 5926: loss 0.5676, time 336.00ms, mfu 2.00%
iter 5927: loss 0.5536, time 309.11ms, mfu 2.03%
iter 5928: loss 0.5339, time 382.04ms, mfu 2.01%
iter 5929: loss 0.5532, time 317.59ms, mfu 2.03%
iter 5930: loss 0.5325, time 299.71ms, mfu 2.06%
iter 5931: loss 0.5237, time 287.39ms, mfu 2.10%
iter 5932: loss 0.4796, time 400.11ms, mfu 2.07%
iter 5933: loss 0.5506, time 428.32ms, mfu 2.03%
iter 5934: loss 0.5332, time 403.98ms, mfu 2.00%
iter 5935: loss 0.6242, time 270.09ms, mfu 2.06%
iter 5936: loss 0.5826, time 353.61ms, mfu 2.06%
iter 5937: loss 0.4787, time 491.87ms, mfu 2.00%
iter 5938: loss 0.5315, time 412.52ms, mfu 1.97%
iter 5939: loss 0.5933, time 384.68ms, mfu 1.96%
iter 5940: loss 0.5372, time 378.23ms, mfu 1.95%
iter 5941: loss 0.4812, time 485.82ms, mfu 1.90%
iter 5942: loss 0.5350, time 351.97ms, mfu 1.91%
iter 5943: loss 0.5416, time 201.78ms, mfu 2.07%
iter 5944: loss 0.5369, time 415.07ms, mfu 2.03%
iter 5945: loss 0.5480, time 450.79ms, mfu 1.99%
iter 5946: loss 0.5511, time 317.00ms, mfu 2.01%
iter 5947: loss 0.5148, time 295.98ms, mfu 2.05%
iter 5948: loss 0.5356, time 443.22ms, mfu 2.01%
iter 5949: loss 0.5386, time 308.07ms, mfu 2.04%
iter 5950: loss 0.5062, time 503.68ms, mfu 1.97%
iter 5951: loss 0.5950, time 358.53ms, mfu 1.97%
iter 5952: loss 0.5422, time 354.71ms, mfu 1.98%
iter 5953: loss 0.5522, time 324.86ms, mfu 2.00%
iter 5954: loss 0.5596, time 269.07ms, mfu 2.06%
iter 5955: loss 0.6326, time 430.97ms, mfu 2.02%
iter 5956: loss 0.5396, time 306.13ms, mfu 2.05%
iter 5957: loss 0.5997, time 381.35ms, mfu 2.03%
iter 5958: loss 0.5423, time 229.03ms, mfu 2.14%
iter 5959: loss 0.5372, time 250.65ms, mfu 2.20%
iter 5960: loss 0.5278, time 399.71ms, mfu 2.16%
iter 5961: loss 0.5394, time 222.26ms, mfu 2.26%
iter 5962: loss 0.5523, time 422.60ms, mfu 2.21%
iter 5963: loss 0.5523, time 286.06ms, mfu 2.23%
iter 5964: loss 0.5072, time 492.33ms, mfu 2.15%
iter 5965: loss 0.5450, time 304.74ms, mfu 2.17%
iter 5966: loss 0.5203, time 346.76ms, mfu 2.16%
iter 5967: loss 0.5375, time 540.70ms, mfu 2.07%
iter 5968: loss 0.5296, time 412.84ms, mfu 2.04%
iter 5969: loss 0.5794, time 291.62ms, mfu 2.08%
iter 5970: loss 0.5024, time 444.40ms, mfu 2.03%
iter 5971: loss 0.5704, time 441.53ms, mfu 1.99%
iter 5972: loss 0.4981, time 455.41ms, mfu 1.94%
iter 5973: loss 0.5477, time 313.27ms, mfu 1.98%
iter 5974: loss 0.5805, time 379.07ms, mfu 1.96%
iter 5975: loss 0.5797, time 325.42ms, mfu 1.99%
iter 5976: loss 0.5492, time 294.41ms, mfu 2.03%
iter 5977: loss 0.5179, time 612.98ms, mfu 1.94%
iter 5978: loss 0.5573, time 286.00ms, mfu 1.99%
iter 5979: loss 0.5904, time 439.27ms, mfu 1.96%
iter 5980: loss 0.5297, time 497.27ms, mfu 1.90%
iter 5981: loss 0.5217, time 344.14ms, mfu 1.92%
iter 5982: loss 0.5051, time 427.55ms, mfu 1.89%
iter 5983: loss 0.5449, time 243.73ms, mfu 1.99%
iter 5984: loss 0.5471, time 578.92ms, mfu 1.92%
iter 5985: loss 0.5635, time 462.21ms, mfu 1.88%
iter 5986: loss 0.5270, time 458.00ms, mfu 1.85%
iter 5987: loss 0.5679, time 377.38ms, mfu 1.85%
iter 5988: loss 0.5280, time 241.58ms, mfu 1.96%
iter 5989: loss 0.5032, time 464.28ms, mfu 1.91%
iter 5990: loss 0.5265, time 287.88ms, mfu 1.97%
iter 5991: loss 0.5365, time 380.34ms, mfu 1.96%
iter 5992: loss 0.4747, time 297.43ms, mfu 2.00%
iter 5993: loss 0.5088, time 441.50ms, mfu 1.96%
iter 5994: loss 0.5341, time 493.82ms, mfu 1.91%
iter 5995: loss 0.5160, time 336.22ms, mfu 1.93%
iter 5996: loss 0.5826, time 454.21ms, mfu 1.89%
iter 5997: loss 0.4867, time 380.57ms, mfu 1.89%
iter 5998: loss 0.5636, time 341.84ms, mfu 1.91%
iter 5999: loss 0.5487, time 397.76ms, mfu 1.89%
iter 6000: loss 0.4748, time 598.21ms, mfu 1.82%
  === DIAG iter 6000 ===
  loss: 0.4748
  grads: total 1.0000, transformer 0.1491, adapter 0.9888
  <NUM> input tokens: 584/3072 (19.0%)
  lr: base 2.76e-04, adapter 1.38e-04
  SME accuracy: overall 0.630, sign 0.969, exp 0.923, digit 0.368, end 0.977 [d0 0.819 d1 0.125 d2 0.113 d3 0.128 d4 0.207 d5 0.250 d6 0.231 d7 0.261 d8 0.273 d9 0.500 d10 0.625 d11 0.500 d12 0.500 d13 0.600 d14 0.000] (875 SME tokens)
  --- Sample eval (val) ---
  D3D5END
    target: 7.3e-05 0.0599
    pred:   5e+08 0.005
    error:  500000000.00 0.05

  SORT: <5.5e+08> <920000> <1.099e+08> <1.50318e+08> <-7.84576e+08> <1e+09> →
    target: -7.846e+08 9.2e+05 1.099e+08 1.503e+08 5.5e+08 1e+09
    pred:   -9.69e+08 9e+05 1.36e+08 1.6e+08 5.5e+08 1e+09
    error:  184424436.00 20000.00 26100000.00 9682010.00 0.00 0.00

  
    target: 2.597e-09 50
    pred:   INVALID(unparseable) 1e-06
    error:  N/A 50.00

  S-E6D9D1D1END
    target: -6.981 -0.0078 0 0 7.222e-08
    pred:   10 0.002 0 0 7
    error:  16.98 0.01 0.00 0.00 7.00

  
    target: 4.28e-09 3.08e+05 1e+09
    pred:   INVALID(unparseable) 1e-06 1e+08
    error:  N/A 308000.00 900000000.00

iter 6001: loss 0.5749, time 260.28ms, mfu 1.91%
iter 6002: loss 0.5185, time 340.15ms, mfu 1.93%
iter 6003: loss 0.5265, time 408.96ms, mfu 1.91%
iter 6004: loss 0.5249, time 285.66ms, mfu 1.97%
iter 6005: loss 0.5179, time 447.76ms, mfu 1.93%
iter 6006: loss 0.5229, time 375.12ms, mfu 1.93%
iter 6007: loss 0.4987, time 266.75ms, mfu 2.00%
iter 6008: loss 0.5222, time 369.49ms, mfu 1.99%
iter 6009: loss 0.5605, time 310.01ms, mfu 2.02%
iter 6010: loss 0.5170, time 311.33ms, mfu 2.05%
iter 6011: loss 0.5343, time 495.46ms, mfu 1.98%
iter 6012: loss 0.5255, time 375.23ms, mfu 1.97%
iter 6013: loss 0.4463, time 290.96ms, mfu 2.02%
iter 6014: loss 0.4928, time 327.74ms, mfu 2.03%
iter 6015: loss 0.5334, time 339.50ms, mfu 2.04%
iter 6016: loss 0.4951, time 290.51ms, mfu 2.08%
iter 6017: loss 0.5274, time 548.76ms, mfu 2.00%
iter 6018: loss 0.5334, time 335.35ms, mfu 2.01%
iter 6019: loss 0.5556, time 351.20ms, mfu 2.01%
iter 6020: loss 0.5595, time 394.26ms, mfu 1.99%
iter 6021: loss 0.5121, time 350.62ms, mfu 1.99%
iter 6022: loss 0.5460, time 340.12ms, mfu 2.00%
iter 6023: loss 0.5272, time 390.89ms, mfu 1.98%
iter 6024: loss 0.5508, time 332.92ms, mfu 2.00%
iter 6025: loss 0.5105, time 332.01ms, mfu 2.01%
iter 6026: loss 0.5057, time 264.53ms, mfu 2.08%
iter 6027: loss 0.5220, time 353.88ms, mfu 2.07%
iter 6028: loss 0.5452, time 525.17ms, mfu 2.00%
iter 6029: loss 0.5727, time 212.28ms, mfu 2.13%
iter 6030: loss 0.4963, time 304.56ms, mfu 2.15%
iter 6031: loss 0.5428, time 415.54ms, mfu 2.11%
iter 6032: loss 0.5102, time 312.76ms, mfu 2.12%
iter 6033: loss 0.5032, time 443.67ms, mfu 2.07%
iter 6034: loss 0.5181, time 299.37ms, mfu 2.10%
iter 6035: loss 0.5403, time 527.24ms, mfu 2.03%
iter 6036: loss 0.5384, time 381.71ms, mfu 2.01%
iter 6037: loss 0.5490, time 322.32ms, mfu 2.03%
iter 6038: loss 0.6039, time 349.79ms, mfu 2.03%
iter 6039: loss 0.5344, time 366.17ms, mfu 2.02%
iter 6040: loss 0.5259, time 472.03ms, mfu 1.97%
iter 6041: loss 0.5760, time 391.98ms, mfu 1.95%
iter 6042: loss 0.5698, time 418.29ms, mfu 1.92%
iter 6043: loss 0.5753, time 291.80ms, mfu 1.98%
iter 6044: loss 0.5570, time 376.08ms, mfu 1.97%
iter 6045: loss 0.5187, time 464.08ms, mfu 1.92%
iter 6046: loss 0.5641, time 489.71ms, mfu 1.87%
iter 6047: loss 0.5861, time 522.95ms, mfu 1.82%
iter 6048: loss 0.6401, time 428.61ms, mfu 1.81%
iter 6049: loss 0.5160, time 432.42ms, mfu 1.79%
iter 6050: loss 0.5123, time 339.18ms, mfu 1.82%
iter 6051: loss 0.5564, time 457.78ms, mfu 1.79%
iter 6052: loss 0.5330, time 330.42ms, mfu 1.83%
iter 6053: loss 0.5169, time 462.27ms, mfu 1.80%
iter 6054: loss 0.5197, time 388.57ms, mfu 1.80%
iter 6055: loss 0.5835, time 260.33ms, mfu 1.89%
iter 6056: loss 0.5247, time 367.54ms, mfu 1.90%
iter 6057: loss 0.4928, time 191.46ms, mfu 2.08%
iter 6058: loss 0.5295, time 291.51ms, mfu 2.11%
iter 6059: loss 0.5784, time 586.33ms, mfu 2.02%
iter 6060: loss 0.5360, time 373.33ms, mfu 2.01%
iter 6061: loss 0.4966, time 362.24ms, mfu 2.00%
iter 6062: loss 0.5625, time 535.62ms, mfu 1.94%
iter 6063: loss 0.4607, time 435.94ms, mfu 1.91%
iter 6064: loss 0.5615, time 561.30ms, mfu 1.84%
iter 6065: loss 0.5562, time 292.37ms, mfu 1.90%
iter 6066: loss 0.5328, time 393.86ms, mfu 1.89%
iter 6067: loss 0.4900, time 495.13ms, mfu 1.84%
iter 6068: loss 0.5191, time 337.69ms, mfu 1.87%
iter 6069: loss 0.5316, time 468.53ms, mfu 1.83%
iter 6070: loss 0.5307, time 402.47ms, mfu 1.83%
iter 6071: loss 0.5297, time 421.85ms, mfu 1.81%
iter 6072: loss 0.5334, time 383.27ms, mfu 1.82%
iter 6073: loss 0.5609, time 301.13ms, mfu 1.87%
iter 6074: loss 0.5424, time 395.65ms, mfu 1.86%
iter 6075: loss 0.4933, time 444.90ms, mfu 1.83%
iter 6076: loss 0.5316, time 486.37ms, mfu 1.80%
iter 6077: loss 0.4901, time 339.11ms, mfu 1.83%
iter 6078: loss 0.5903, time 401.86ms, mfu 1.82%
iter 6079: loss 0.5504, time 353.47ms, mfu 1.84%
iter 6080: loss 0.5162, time 364.62ms, mfu 1.85%
iter 6081: loss 0.5286, time 312.47ms, mfu 1.89%
iter 6082: loss 0.5063, time 453.08ms, mfu 1.86%
iter 6083: loss 0.5022, time 285.35ms, mfu 1.92%
iter 6084: loss 0.5418, time 388.91ms, mfu 1.91%
iter 6085: loss 0.5249, time 486.74ms, mfu 1.87%
iter 6086: loss 0.5018, time 464.33ms, mfu 1.83%
iter 6087: loss 0.5266, time 341.44ms, mfu 1.86%
iter 6088: loss 0.5467, time 491.40ms, mfu 1.81%
iter 6089: loss 0.4842, time 341.06ms, mfu 1.84%
iter 6090: loss 0.5016, time 340.40ms, mfu 1.86%
iter 6091: loss 0.5402, time 497.94ms, mfu 1.82%
iter 6092: loss 0.5474, time 278.12ms, mfu 1.89%
iter 6093: loss 0.5159, time 474.18ms, mfu 1.85%
iter 6094: loss 0.5887, time 305.11ms, mfu 1.90%
iter 6095: loss 0.5240, time 372.69ms, mfu 1.90%
iter 6096: loss 0.4766, time 370.85ms, mfu 1.90%
iter 6097: loss 0.5924, time 314.32ms, mfu 1.94%
iter 6098: loss 0.5700, time 321.19ms, mfu 1.96%
iter 6099: loss 0.4858, time 351.73ms, mfu 1.97%
iter 6100: loss 0.4814, time 722.54ms, mfu 1.87%
  === DIAG iter 6100 ===
  loss: 0.4814
  grads: total 1.0000, transformer 0.2163, adapter 0.9763
  <NUM> input tokens: 532/3072 (17.3%)
  lr: base 2.70e-04, adapter 1.35e-04
  SME accuracy: overall 0.639, sign 0.974, exp 0.958, digit 0.425, end 0.975 [d0 0.723 d1 0.205 d2 0.172 d3 0.279 d4 0.457 d5 0.471 d6 0.394 d7 0.400 d8 0.400 d9 0.769 d10 0.600 d11 0.667 d12 0.556 d13 0.500 d14 0.167] (892 SME tokens)
iter 6101: loss 0.5469, time 222.34ms, mfu 2.00%
iter 6102: loss 0.5359, time 442.82ms, mfu 1.96%
iter 6103: loss 0.5839, time 346.35ms, mfu 1.97%
iter 6104: loss 0.5242, time 315.97ms, mfu 2.00%
iter 6105: loss 0.5277, time 366.59ms, mfu 1.99%
iter 6106: loss 0.5268, time 519.06ms, mfu 1.93%
iter 6107: loss 0.5393, time 312.34ms, mfu 1.96%
iter 6108: loss 0.5178, time 432.52ms, mfu 1.93%
iter 6109: loss 0.5261, time 418.53ms, mfu 1.91%
iter 6110: loss 0.5278, time 286.80ms, mfu 1.96%
iter 6111: loss 0.5116, time 397.03ms, mfu 1.95%
iter 6112: loss 0.5556, time 316.91ms, mfu 1.97%
iter 6113: loss 0.5040, time 381.55ms, mfu 1.96%
iter 6114: loss 0.5366, time 367.12ms, mfu 1.96%
iter 6115: loss 0.4684, time 480.52ms, mfu 1.91%
iter 6116: loss 0.4874, time 270.46ms, mfu 1.98%
iter 6117: loss 0.4695, time 490.53ms, mfu 1.93%
iter 6118: loss 0.5413, time 500.70ms, mfu 1.88%
iter 6119: loss 0.5629, time 312.69ms, mfu 1.92%
iter 6120: loss 0.5027, time 405.43ms, mfu 1.90%
iter 6121: loss 0.5161, time 412.82ms, mfu 1.88%
iter 6122: loss 0.5142, time 333.04ms, mfu 1.91%
iter 6123: loss 0.5078, time 346.21ms, mfu 1.92%
iter 6124: loss 0.5066, time 538.90ms, mfu 1.86%
iter 6125: loss 0.5574, time 457.52ms, mfu 1.83%
iter 6126: loss 0.5566, time 502.45ms, mfu 1.79%
iter 6127: loss 0.5811, time 317.54ms, mfu 1.83%
iter 6128: loss 0.5476, time 475.38ms, mfu 1.80%
iter 6129: loss 0.5326, time 260.86ms, mfu 1.89%
iter 6130: loss 0.5601, time 472.17ms, mfu 1.85%
iter 6131: loss 0.5144, time 361.15ms, mfu 1.86%
iter 6132: loss 0.5065, time 393.70ms, mfu 1.86%
iter 6133: loss 0.5488, time 387.27ms, mfu 1.85%
iter 6134: loss 0.5602, time 513.92ms, mfu 1.81%
iter 6135: loss 0.5559, time 332.59ms, mfu 1.84%
iter 6136: loss 0.5147, time 535.98ms, mfu 1.79%
iter 6137: loss 0.5374, time 346.60ms, mfu 1.81%
iter 6138: loss 0.5944, time 452.73ms, mfu 1.79%
iter 6139: loss 0.4559, time 413.67ms, mfu 1.78%
iter 6140: loss 0.4959, time 430.54ms, mfu 1.77%
iter 6141: loss 0.5479, time 352.92ms, mfu 1.79%
iter 6142: loss 0.5575, time 332.11ms, mfu 1.83%
iter 6143: loss 0.4695, time 407.08ms, mfu 1.82%
iter 6144: loss 0.4968, time 293.03ms, mfu 1.88%
iter 6145: loss 0.5821, time 369.33ms, mfu 1.88%
iter 6146: loss 0.5805, time 230.90ms, mfu 2.00%
iter 6147: loss 0.5686, time 507.30ms, mfu 1.94%
iter 6148: loss 0.5332, time 384.71ms, mfu 1.93%
iter 6149: loss 0.4960, time 545.29ms, mfu 1.87%
iter 6150: loss 0.5061, time 399.28ms, mfu 1.86%
iter 6151: loss 0.5522, time 379.49ms, mfu 1.86%
iter 6152: loss 0.5093, time 339.35ms, mfu 1.88%
iter 6153: loss 0.4881, time 498.28ms, mfu 1.84%
iter 6154: loss 0.5654, time 280.58ms, mfu 1.90%
iter 6155: loss 0.5208, time 512.50ms, mfu 1.85%
iter 6156: loss 0.5205, time 305.26ms, mfu 1.90%
iter 6157: loss 0.5347, time 369.88ms, mfu 1.90%
iter 6158: loss 0.5502, time 239.59ms, mfu 2.01%
iter 6159: loss 0.4943, time 462.37ms, mfu 1.96%
iter 6160: loss 0.5731, time 334.23ms, mfu 1.98%
iter 6161: loss 0.5013, time 384.50ms, mfu 1.96%
iter 6162: loss 0.5034, time 416.60ms, mfu 1.94%
iter 6163: loss 0.5463, time 332.14ms, mfu 1.96%
iter 6164: loss 0.5148, time 359.31ms, mfu 1.96%
iter 6165: loss 0.5600, time 410.35ms, mfu 1.93%
iter 6166: loss 0.5139, time 308.80ms, mfu 1.97%
iter 6167: loss 0.5146, time 480.00ms, mfu 1.92%
iter 6168: loss 0.5297, time 413.95ms, mfu 1.90%
iter 6169: loss 0.5661, time 468.89ms, mfu 1.86%
iter 6170: loss 0.5170, time 499.36ms, mfu 1.82%
iter 6171: loss 0.5801, time 359.84ms, mfu 1.83%
iter 6172: loss 0.5287, time 503.56ms, mfu 1.79%
iter 6173: loss 0.5534, time 423.66ms, mfu 1.78%
iter 6174: loss 0.5166, time 334.31ms, mfu 1.81%
iter 6175: loss 0.5875, time 288.81ms, mfu 1.88%
iter 6176: loss 0.5580, time 455.11ms, mfu 1.84%
iter 6177: loss 0.5544, time 432.78ms, mfu 1.82%
iter 6178: loss 0.5534, time 472.95ms, mfu 1.79%
iter 6179: loss 0.5262, time 251.21ms, mfu 1.89%
iter 6180: loss 0.5620, time 400.33ms, mfu 1.88%
iter 6181: loss 0.4924, time 501.46ms, mfu 1.84%
iter 6182: loss 0.4753, time 449.94ms, mfu 1.81%
iter 6183: loss 0.4834, time 400.13ms, mfu 1.81%
iter 6184: loss 0.5216, time 423.93ms, mfu 1.79%
iter 6185: loss 0.5323, time 475.63ms, mfu 1.76%
iter 6186: loss 0.5482, time 297.96ms, mfu 1.82%
iter 6187: loss 0.5444, time 134.72ms, mfu 2.17%
iter 6188: loss 0.4991, time 416.88ms, mfu 2.12%
iter 6189: loss 0.5443, time 226.25ms, mfu 2.22%
iter 6190: loss 0.4889, time 389.11ms, mfu 2.18%
iter 6191: loss 0.5496, time 348.47ms, mfu 2.17%
iter 6192: loss 0.5722, time 369.70ms, mfu 2.14%
iter 6193: loss 0.5579, time 274.23ms, mfu 2.19%
iter 6194: loss 0.5441, time 357.57ms, mfu 2.17%
iter 6195: loss 0.5054, time 279.04ms, mfu 2.20%
iter 6196: loss 0.5329, time 314.87ms, mfu 2.21%
iter 6197: loss 0.5517, time 393.64ms, mfu 2.17%
iter 6198: loss 0.5249, time 409.48ms, mfu 2.12%
iter 6199: loss 0.5047, time 279.62ms, mfu 2.16%
iter 6200: loss 0.5711, time 638.21ms, mfu 2.06%
  === DIAG iter 6200 ===
  loss: 0.5711
  grads: total 1.0000, transformer 0.1685, adapter 0.9857
  <NUM> input tokens: 515/3072 (16.8%)
  lr: base 2.65e-04, adapter 1.32e-04
  SME accuracy: overall 0.593, sign 0.973, exp 0.918, digit 0.349, end 0.966 [d0 0.752 d1 0.170 d2 0.081 d3 0.208 d4 0.282 d5 0.289 d6 0.270 d7 0.270 d8 0.219 d9 0.455 d10 0.500 d11 0.625 d12 0.500 d13 0.250 d14 0.333] (1081 SME tokens)
iter 6201: loss 0.5124, time 173.18ms, mfu 2.26%
iter 6202: loss 0.5742, time 388.46ms, mfu 2.22%
iter 6203: loss 0.5437, time 464.34ms, mfu 2.15%
iter 6204: loss 0.5269, time 330.57ms, mfu 2.15%
iter 6205: loss 0.4998, time 402.64ms, mfu 2.11%
iter 6206: loss 0.4922, time 370.29ms, mfu 2.09%
iter 6207: loss 0.5081, time 478.36ms, mfu 2.03%
iter 6208: loss 0.5252, time 258.58ms, mfu 2.10%
iter 6209: loss 0.5096, time 361.46ms, mfu 2.09%
iter 6210: loss 0.5338, time 473.36ms, mfu 2.03%
iter 6211: loss 0.5652, time 254.59ms, mfu 2.10%
iter 6212: loss 0.5208, time 499.43ms, mfu 2.03%
iter 6213: loss 0.5123, time 292.26ms, mfu 2.07%
iter 6214: loss 0.6123, time 378.20ms, mfu 2.05%
iter 6215: loss 0.5357, time 398.38ms, mfu 2.03%
iter 6216: loss 0.5287, time 399.51ms, mfu 2.00%
iter 6217: loss 0.5068, time 510.42ms, mfu 1.94%
iter 6218: loss 0.5307, time 383.31ms, mfu 1.93%
iter 6219: loss 0.4687, time 474.20ms, mfu 1.89%
iter 6220: loss 0.4886, time 372.23ms, mfu 1.89%
iter 6221: loss 0.5461, time 350.12ms, mfu 1.90%
iter 6222: loss 0.4887, time 389.97ms, mfu 1.89%
iter 6223: loss 0.5284, time 434.59ms, mfu 1.87%
iter 6224: loss 0.5180, time 399.47ms, mfu 1.86%
iter 6225: loss 0.5628, time 451.73ms, mfu 1.83%
iter 6226: loss 0.4876, time 311.46ms, mfu 1.87%
iter 6227: loss 0.5096, time 436.76ms, mfu 1.85%
iter 6228: loss 0.5249, time 524.44ms, mfu 1.80%
iter 6229: loss 0.4586, time 478.41ms, mfu 1.77%
iter 6230: loss 0.5009, time 250.75ms, mfu 1.87%
iter 6231: loss 0.5386, time 339.99ms, mfu 1.89%
iter 6232: loss 0.5928, time 301.16ms, mfu 1.94%
iter 6233: loss 0.5398, time 325.67ms, mfu 1.96%
iter 6234: loss 0.6466, time 373.33ms, mfu 1.96%
iter 6235: loss 0.4817, time 327.21ms, mfu 1.98%
iter 6236: loss 0.5516, time 439.19ms, mfu 1.94%
iter 6237: loss 0.5784, time 587.72ms, mfu 1.87%
iter 6238: loss 0.4807, time 240.37ms, mfu 1.98%
iter 6239: loss 0.5534, time 440.75ms, mfu 1.94%
iter 6240: loss 0.5865, time 284.85ms, mfu 1.99%
iter 6241: loss 0.5456, time 376.21ms, mfu 1.98%
iter 6242: loss 0.5373, time 306.69ms, mfu 2.02%
iter 6243: loss 0.5620, time 279.13ms, mfu 2.07%
iter 6244: loss 0.5446, time 421.03ms, mfu 2.03%
iter 6245: loss 0.5345, time 403.96ms, mfu 2.00%
iter 6246: loss 0.5409, time 280.25ms, mfu 2.05%
iter 6247: loss 0.5439, time 422.50ms, mfu 2.02%
iter 6248: loss 0.5542, time 428.40ms, mfu 1.98%
iter 6249: loss 0.5146, time 394.36ms, mfu 1.96%
iter 6250: loss 0.4977, time 379.05ms, mfu 1.95%
iter 6251: loss 0.5704, time 241.58ms, mfu 2.05%
iter 6252: loss 0.5296, time 331.89ms, mfu 2.06%
iter 6253: loss 0.5142, time 412.46ms, mfu 2.03%
iter 6254: loss 0.5233, time 363.18ms, mfu 2.02%
iter 6255: loss 0.5441, time 341.95ms, mfu 2.02%
iter 6256: loss 0.5754, time 230.74ms, mfu 2.13%
iter 6257: loss 0.5926, time 321.69ms, mfu 2.14%
iter 6258: loss 0.4957, time 466.17ms, mfu 2.07%
iter 6259: loss 0.5174, time 285.62ms, mfu 2.11%
iter 6260: loss 0.5072, time 378.44ms, mfu 2.09%
iter 6261: loss 0.5457, time 369.58ms, mfu 2.07%
iter 6262: loss 0.5126, time 462.38ms, mfu 2.02%
iter 6263: loss 0.5485, time 383.24ms, mfu 2.00%
iter 6264: loss 0.5250, time 497.87ms, mfu 1.94%
iter 6265: loss 0.5514, time 345.10ms, mfu 1.96%
iter 6266: loss 0.5381, time 410.89ms, mfu 1.93%
iter 6267: loss 0.5498, time 495.78ms, mfu 1.88%
iter 6268: loss 0.4952, time 252.59ms, mfu 1.97%
iter 6269: loss 0.5188, time 393.92ms, mfu 1.96%
iter 6270: loss 0.5299, time 325.93ms, mfu 1.98%
iter 6271: loss 0.5483, time 387.86ms, mfu 1.96%
iter 6272: loss 0.5290, time 369.72ms, mfu 1.96%
iter 6273: loss 0.5852, time 322.10ms, mfu 1.98%
iter 6274: loss 0.5382, time 403.29ms, mfu 1.96%
iter 6275: loss 0.5411, time 521.79ms, mfu 1.90%
iter 6276: loss 0.5056, time 387.77ms, mfu 1.89%
iter 6277: loss 0.4862, time 288.83ms, mfu 1.95%
iter 6278: loss 0.5506, time 404.25ms, mfu 1.93%
iter 6279: loss 0.5318, time 616.96ms, mfu 1.85%
iter 6280: loss 0.5683, time 508.03ms, mfu 1.81%
iter 6281: loss 0.4970, time 301.93ms, mfu 1.86%
iter 6282: loss 0.5067, time 453.13ms, mfu 1.83%
iter 6283: loss 0.5066, time 440.49ms, mfu 1.81%
iter 6284: loss 0.5583, time 354.07ms, mfu 1.83%
iter 6285: loss 0.5493, time 390.62ms, mfu 1.83%
iter 6286: loss 0.5612, time 409.39ms, mfu 1.82%
iter 6287: loss 0.5416, time 550.05ms, mfu 1.76%
iter 6288: loss 0.5336, time 385.62ms, mfu 1.77%
iter 6289: loss 0.5096, time 434.55ms, mfu 1.76%
iter 6290: loss 0.5956, time 495.92ms, mfu 1.72%
iter 6291: loss 0.5128, time 344.19ms, mfu 1.76%
iter 6292: loss 0.5026, time 438.64ms, mfu 1.74%
iter 6293: loss 0.5130, time 403.55ms, mfu 1.74%
iter 6294: loss 0.4915, time 425.26ms, mfu 1.74%
iter 6295: loss 0.5321, time 217.00ms, mfu 1.89%
iter 6296: loss 0.5529, time 436.65ms, mfu 1.86%
iter 6297: loss 0.5523, time 358.20ms, mfu 1.87%
iter 6298: loss 0.4985, time 326.19ms, mfu 1.90%
iter 6299: loss 0.4596, time 403.73ms, mfu 1.89%
iter 6300: loss 0.5631, time 623.68ms, mfu 1.81%
  === DIAG iter 6300 ===
  loss: 0.5631
  grads: total 1.0000, transformer 0.1490, adapter 0.9888
  <NUM> input tokens: 600/3072 (19.5%)
  lr: base 2.59e-04, adapter 1.30e-04
  SME accuracy: overall 0.584, sign 0.957, exp 0.921, digit 0.332, end 0.993 [d0 0.693 d1 0.158 d2 0.160 d3 0.133 d4 0.268 d5 0.300 d6 0.300 d7 0.270 d8 0.281 d9 0.545 d10 0.571 d11 0.400 d12 0.200 d13 0.000 d14 0.000] (1041 SME tokens)
iter 6301: loss 0.5691, time 226.93ms, mfu 1.95%
iter 6302: loss 0.5854, time 305.45ms, mfu 1.98%
iter 6303: loss 0.5125, time 397.23ms, mfu 1.96%
iter 6304: loss 0.5382, time 315.21ms, mfu 1.99%
iter 6305: loss 0.5016, time 503.60ms, mfu 1.93%
iter 6306: loss 0.4776, time 437.34ms, mfu 1.90%
iter 6307: loss 0.4963, time 363.34ms, mfu 1.91%
iter 6308: loss 0.5469, time 461.00ms, mfu 1.87%
iter 6309: loss 0.5109, time 369.88ms, mfu 1.87%
iter 6310: loss 0.5633, time 347.41ms, mfu 1.89%
iter 6311: loss 0.5094, time 390.48ms, mfu 1.88%
iter 6312: loss 0.5428, time 489.90ms, mfu 1.84%
iter 6313: loss 0.5937, time 420.85ms, mfu 1.82%
iter 6314: loss 0.5448, time 455.30ms, mfu 1.80%
iter 6315: loss 0.5413, time 499.40ms, mfu 1.76%
iter 6316: loss 0.5500, time 309.71ms, mfu 1.81%
iter 6317: loss 0.5142, time 387.83ms, mfu 1.81%
iter 6318: loss 0.5800, time 340.61ms, mfu 1.84%
iter 6319: loss 0.5722, time 546.03ms, mfu 1.79%
iter 6320: loss 0.6390, time 491.51ms, mfu 1.75%
iter 6321: loss 0.4649, time 363.54ms, mfu 1.77%
iter 6322: loss 0.5103, time 433.61ms, mfu 1.76%
iter 6323: loss 0.5153, time 354.98ms, mfu 1.78%
iter 6324: loss 0.4656, time 311.94ms, mfu 1.83%
iter 6325: loss 0.5588, time 385.91ms, mfu 1.83%
iter 6326: loss 0.5161, time 311.35ms, mfu 1.88%
iter 6327: loss 0.5436, time 294.08ms, mfu 1.93%
iter 6328: loss 0.5447, time 373.35ms, mfu 1.93%
iter 6329: loss 0.5437, time 273.73ms, mfu 1.99%
iter 6330: loss 0.5135, time 592.09ms, mfu 1.91%
iter 6331: loss 0.5208, time 316.44ms, mfu 1.95%
iter 6332: loss 0.5243, time 393.32ms, mfu 1.93%
iter 6333: loss 0.5115, time 359.00ms, mfu 1.94%
iter 6334: loss 0.5089, time 428.22ms, mfu 1.91%
iter 6335: loss 0.5525, time 486.03ms, mfu 1.86%
iter 6336: loss 0.5264, time 492.49ms, mfu 1.82%
iter 6337: loss 0.5813, time 341.32ms, mfu 1.85%
iter 6338: loss 0.5218, time 318.71ms, mfu 1.88%
iter 6339: loss 0.5503, time 233.69ms, mfu 2.00%
iter 6340: loss 0.5090, time 430.19ms, mfu 1.96%
iter 6341: loss 0.5742, time 304.80ms, mfu 2.00%
iter 6342: loss 0.5185, time 321.33ms, mfu 2.02%
iter 6343: loss 0.5366, time 432.85ms, mfu 1.98%
iter 6344: loss 0.4631, time 354.42ms, mfu 1.98%
iter 6345: loss 0.5468, time 472.62ms, mfu 1.94%
iter 6346: loss 0.5855, time 461.09ms, mfu 1.90%
iter 6347: loss 0.5424, time 362.99ms, mfu 1.90%
iter 6348: loss 0.5347, time 360.77ms, mfu 1.91%
iter 6349: loss 0.5056, time 372.67ms, mfu 1.91%
iter 6350: loss 0.5103, time 331.69ms, mfu 1.93%
iter 6351: loss 0.5383, time 338.83ms, mfu 1.95%
iter 6352: loss 0.5228, time 356.78ms, mfu 1.95%
iter 6353: loss 0.4965, time 460.08ms, mfu 1.91%
iter 6354: loss 0.4740, time 374.88ms, mfu 1.91%
iter 6355: loss 0.5215, time 335.26ms, mfu 1.93%
iter 6356: loss 0.5589, time 453.34ms, mfu 1.89%
iter 6357: loss 0.5206, time 439.74ms, mfu 1.86%
iter 6358: loss 0.5366, time 489.61ms, mfu 1.82%
iter 6359: loss 0.5942, time 304.50ms, mfu 1.87%
iter 6360: loss 0.5204, time 292.30ms, mfu 1.93%
iter 6361: loss 0.5354, time 263.19ms, mfu 2.00%
iter 6362: loss 0.5592, time 493.25ms, mfu 1.95%
iter 6363: loss 0.5033, time 323.32ms, mfu 1.97%
iter 6364: loss 0.5149, time 337.99ms, mfu 1.98%
iter 6365: loss 0.5273, time 335.25ms, mfu 2.00%
iter 6366: loss 0.5333, time 319.25ms, mfu 2.02%
iter 6367: loss 0.5526, time 382.23ms, mfu 2.00%
iter 6368: loss 0.5681, time 398.36ms, mfu 1.98%
iter 6369: loss 0.5301, time 395.63ms, mfu 1.96%
iter 6370: loss 0.4723, time 324.22ms, mfu 1.98%
iter 6371: loss 0.4792, time 394.71ms, mfu 1.97%
iter 6372: loss 0.5334, time 439.72ms, mfu 1.93%
iter 6373: loss 0.5257, time 420.10ms, mfu 1.91%
iter 6374: loss 0.5362, time 493.20ms, mfu 1.86%
iter 6375: loss 0.5799, time 259.51ms, mfu 1.95%
iter 6376: loss 0.4401, time 512.72ms, mfu 1.89%
iter 6377: loss 0.5256, time 352.91ms, mfu 1.90%
iter 6378: loss 0.5491, time 474.92ms, mfu 1.86%
iter 6379: loss 0.4868, time 520.76ms, mfu 1.81%
iter 6380: loss 0.5942, time 372.91ms, mfu 1.82%
iter 6381: loss 0.4879, time 403.27ms, mfu 1.81%
iter 6382: loss 0.5105, time 427.05ms, mfu 1.80%
iter 6383: loss 0.4604, time 485.44ms, mfu 1.76%
iter 6384: loss 0.5218, time 351.57ms, mfu 1.79%
iter 6385: loss 0.5555, time 408.10ms, mfu 1.78%
iter 6386: loss 0.5591, time 331.36ms, mfu 1.82%
iter 6387: loss 0.5203, time 345.90ms, mfu 1.84%
iter 6388: loss 0.5682, time 374.50ms, mfu 1.85%
iter 6389: loss 0.5402, time 341.08ms, mfu 1.87%
iter 6390: loss 0.5212, time 363.39ms, mfu 1.88%
iter 6391: loss 0.5233, time 424.28ms, mfu 1.86%
iter 6392: loss 0.5335, time 420.34ms, mfu 1.84%
iter 6393: loss 0.5124, time 367.14ms, mfu 1.85%
iter 6394: loss 0.5826, time 486.59ms, mfu 1.81%
iter 6395: loss 0.5443, time 361.79ms, mfu 1.83%
iter 6396: loss 0.5447, time 454.61ms, mfu 1.80%
iter 6397: loss 0.5330, time 361.01ms, mfu 1.81%
iter 6398: loss 0.5370, time 532.49ms, mfu 1.77%
iter 6399: loss 0.5653, time 262.03ms, mfu 1.86%
iter 6400: loss 0.5593, time 497.94ms, mfu 1.82%
  === DIAG iter 6400 ===
  loss: 0.5593
  grads: total 1.0000, transformer 0.1554, adapter 0.9878
  <NUM> input tokens: 514/3072 (16.7%)
  lr: base 2.54e-04, adapter 1.27e-04
  SME accuracy: overall 0.594, sign 1.000, exp 0.941, digit 0.354, end 0.949 [d0 0.662 d1 0.207 d2 0.132 d3 0.161 d4 0.308 d5 0.278 d6 0.343 d7 0.324 d8 0.161 d9 0.500 d10 0.733 d11 0.750 d12 0.800 d13 0.500 d14 0.000] (1040 SME tokens)
iter 6401: loss 0.5831, time 243.74ms, mfu 1.93%
iter 6402: loss 0.5741, time 219.99ms, mfu 2.06%
iter 6403: loss 0.4578, time 522.16ms, mfu 1.99%
iter 6404: loss 0.4636, time 347.38ms, mfu 1.99%
iter 6405: loss 0.5697, time 430.08ms, mfu 1.96%
iter 6406: loss 0.5145, time 337.72ms, mfu 1.97%
iter 6407: loss 0.5440, time 453.71ms, mfu 1.93%
iter 6408: loss 0.5487, time 434.93ms, mfu 1.90%
iter 6409: loss 0.5426, time 211.79ms, mfu 2.04%
iter 6410: loss 0.5028, time 331.90ms, mfu 2.05%
iter 6411: loss 0.4840, time 520.98ms, mfu 1.98%
iter 6412: loss 0.5326, time 470.75ms, mfu 1.94%
iter 6413: loss 0.4903, time 366.16ms, mfu 1.94%
iter 6414: loss 0.4822, time 341.89ms, mfu 1.95%
iter 6415: loss 0.5522, time 310.63ms, mfu 1.98%
iter 6416: loss 0.4595, time 404.64ms, mfu 1.96%
iter 6417: loss 0.5323, time 341.17ms, mfu 1.97%
iter 6418: loss 0.5403, time 252.73ms, mfu 2.05%
iter 6419: loss 0.5438, time 396.33ms, mfu 2.03%
iter 6420: loss 0.4918, time 460.35ms, mfu 1.98%
iter 6421: loss 0.5304, time 273.67ms, mfu 2.04%
iter 6422: loss 0.5409, time 308.61ms, mfu 2.07%
iter 6423: loss 0.5586, time 371.97ms, mfu 2.05%
iter 6424: loss 0.5530, time 417.78ms, mfu 2.01%
iter 6425: loss 0.5647, time 323.22ms, mfu 2.03%
iter 6426: loss 0.5047, time 344.69ms, mfu 2.03%
iter 6427: loss 0.5231, time 376.79ms, mfu 2.02%
iter 6428: loss 0.4589, time 352.74ms, mfu 2.02%
iter 6429: loss 0.4696, time 222.34ms, mfu 2.14%
iter 6430: loss 0.5526, time 398.13ms, mfu 2.10%
iter 6431: loss 0.4939, time 370.25ms, mfu 2.08%
iter 6432: loss 0.5497, time 221.37ms, mfu 2.19%
iter 6433: loss 0.4828, time 401.11ms, mfu 2.15%
iter 6434: loss 0.5220, time 454.50ms, mfu 2.09%
iter 6435: loss 0.4992, time 332.94ms, mfu 2.10%
iter 6436: loss 0.4886, time 221.30ms, mfu 2.21%
iter 6437: loss 0.6043, time 346.36ms, mfu 2.19%
iter 6438: loss 0.5374, time 361.87ms, mfu 2.17%
iter 6439: loss 0.5643, time 384.74ms, mfu 2.13%
iter 6440: loss 0.5212, time 558.85ms, mfu 2.05%
iter 6441: loss 0.5093, time 369.09ms, mfu 2.03%
iter 6442: loss 0.5161, time 315.49ms, mfu 2.06%
iter 6443: loss 0.5750, time 392.26ms, mfu 2.03%
iter 6444: loss 0.5211, time 320.15ms, mfu 2.05%
iter 6445: loss 0.5355, time 247.51ms, mfu 2.13%
iter 6446: loss 0.5937, time 366.49ms, mfu 2.11%
iter 6447: loss 0.5502, time 291.01ms, mfu 2.14%
iter 6448: loss 0.5402, time 258.46ms, mfu 2.20%
iter 6449: loss 0.4841, time 379.59ms, mfu 2.17%
iter 6450: loss 0.4662, time 461.67ms, mfu 2.11%
iter 6451: loss 0.5646, time 326.17ms, mfu 2.11%
iter 6452: loss 0.4717, time 520.90ms, mfu 2.04%
iter 6453: loss 0.5791, time 335.74ms, mfu 2.05%
iter 6454: loss 0.4630, time 449.31ms, mfu 2.00%
iter 6455: loss 0.5534, time 385.25ms, mfu 1.98%
iter 6456: loss 0.4870, time 429.64ms, mfu 1.95%
iter 6457: loss 0.5390, time 372.20ms, mfu 1.94%
iter 6458: loss 0.5259, time 399.57ms, mfu 1.93%
iter 6459: loss 0.5585, time 420.27ms, mfu 1.90%
iter 6460: loss 0.5295, time 300.33ms, mfu 1.95%
iter 6461: loss 0.5062, time 533.76ms, mfu 1.89%
iter 6462: loss 0.5510, time 258.08ms, mfu 1.97%
iter 6463: loss 0.4987, time 271.78ms, mfu 2.04%
iter 6464: loss 0.5197, time 420.15ms, mfu 2.00%
iter 6465: loss 0.5138, time 434.44ms, mfu 1.96%
iter 6466: loss 0.4901, time 315.20ms, mfu 1.99%
iter 6467: loss 0.5229, time 433.49ms, mfu 1.96%
iter 6468: loss 0.5095, time 496.73ms, mfu 1.90%
iter 6469: loss 0.5251, time 498.15ms, mfu 1.86%
iter 6470: loss 0.5828, time 245.45ms, mfu 1.96%
iter 6471: loss 0.5306, time 331.17ms, mfu 1.98%
iter 6472: loss 0.5092, time 377.09ms, mfu 1.97%
iter 6473: loss 0.5071, time 488.71ms, mfu 1.92%
iter 6474: loss 0.5589, time 294.02ms, mfu 1.97%
iter 6475: loss 0.5017, time 383.79ms, mfu 1.95%
iter 6476: loss 0.5216, time 375.33ms, mfu 1.95%
iter 6477: loss 0.4807, time 370.92ms, mfu 1.94%
iter 6478: loss 0.5291, time 319.78ms, mfu 1.97%
iter 6479: loss 0.5017, time 300.45ms, mfu 2.01%
iter 6480: loss 0.4990, time 476.00ms, mfu 1.96%
iter 6481: loss 0.5727, time 370.50ms, mfu 1.95%
iter 6482: loss 0.5789, time 390.86ms, mfu 1.94%
iter 6483: loss 0.5395, time 446.10ms, mfu 1.90%
iter 6484: loss 0.4919, time 342.24ms, mfu 1.92%
iter 6485: loss 0.5435, time 521.79ms, mfu 1.86%
iter 6486: loss 0.5371, time 392.64ms, mfu 1.86%
iter 6487: loss 0.5469, time 390.84ms, mfu 1.85%
iter 6488: loss 0.5606, time 320.48ms, mfu 1.89%
iter 6489: loss 0.5769, time 606.18ms, mfu 1.82%
iter 6490: loss 0.5350, time 363.97ms, mfu 1.83%
iter 6491: loss 0.5313, time 470.96ms, mfu 1.80%
iter 6492: loss 0.5508, time 356.60ms, mfu 1.82%
iter 6493: loss 0.5704, time 380.66ms, mfu 1.82%
iter 6494: loss 0.5723, time 411.57ms, mfu 1.81%
iter 6495: loss 0.5195, time 259.44ms, mfu 1.90%
iter 6496: loss 0.5524, time 309.30ms, mfu 1.94%
iter 6497: loss 0.5613, time 368.39ms, mfu 1.94%
iter 6498: loss 0.5238, time 453.04ms, mfu 1.90%
iter 6499: loss 0.5253, time 349.42ms, mfu 1.92%
iter 6500: loss 0.4382, time 401.10ms, mfu 1.90%
  === DIAG iter 6500 ===
  loss: 0.4382
  grads: total 1.0000, transformer 0.1648, adapter 0.9863
  <NUM> input tokens: 528/3072 (17.2%)
  lr: base 2.48e-04, adapter 1.24e-04
  SME accuracy: overall 0.665, sign 0.976, exp 0.911, digit 0.420, end 0.984 [d0 0.733 d1 0.211 d2 0.200 d3 0.167 d4 0.320 d5 0.391 d6 0.450 d7 0.421 d8 0.312 d9 0.857 d10 0.429 d11 0.571 d12 0.333 d13 0.333 d14 1.000] (813 SME tokens)
iter 6501: loss 0.4779, time 173.07ms, mfu 2.12%
iter 6502: loss 0.5357, time 327.17ms, mfu 2.12%
iter 6503: loss 0.5990, time 457.38ms, mfu 2.07%
iter 6504: loss 0.5099, time 428.84ms, mfu 2.03%
iter 6505: loss 0.5765, time 343.96ms, mfu 2.03%
iter 6506: loss 0.4882, time 352.20ms, mfu 2.03%
iter 6507: loss 0.5421, time 246.13ms, mfu 2.11%
iter 6508: loss 0.5725, time 334.42ms, mfu 2.11%
iter 6509: loss 0.5738, time 314.40ms, mfu 2.13%
iter 6510: loss 0.4898, time 405.50ms, mfu 2.09%
iter 6511: loss 0.5300, time 355.69ms, mfu 2.08%
iter 6512: loss 0.5021, time 261.27ms, mfu 2.14%
iter 6513: loss 0.5235, time 347.38ms, mfu 2.13%
iter 6514: loss 0.5356, time 414.64ms, mfu 2.09%
iter 6515: loss 0.5625, time 374.51ms, mfu 2.07%
iter 6516: loss 0.5571, time 447.14ms, mfu 2.02%
iter 6517: loss 0.4674, time 422.37ms, mfu 1.99%
iter 6518: loss 0.5365, time 446.13ms, mfu 1.95%
iter 6519: loss 0.5938, time 457.83ms, mfu 1.91%
iter 6520: loss 0.5447, time 226.56ms, mfu 2.03%
iter 6521: loss 0.5533, time 421.12ms, mfu 2.00%
iter 6522: loss 0.5382, time 444.50ms, mfu 1.96%
iter 6523: loss 0.5635, time 422.83ms, mfu 1.93%
iter 6524: loss 0.5350, time 354.01ms, mfu 1.93%
iter 6525: loss 0.4796, time 392.93ms, mfu 1.92%
iter 6526: loss 0.5434, time 317.26ms, mfu 1.95%
iter 6527: loss 0.4690, time 335.56ms, mfu 1.97%
iter 6528: loss 0.5518, time 395.93ms, mfu 1.95%
iter 6529: loss 0.5672, time 494.03ms, mfu 1.90%
iter 6530: loss 0.5249, time 447.21ms, mfu 1.87%
iter 6531: loss 0.4946, time 450.52ms, mfu 1.84%
iter 6532: loss 0.5371, time 243.52ms, mfu 1.95%
iter 6533: loss 0.5154, time 436.30ms, mfu 1.91%
iter 6534: loss 0.5369, time 262.26ms, mfu 1.99%
iter 6535: loss 0.5562, time 371.20ms, mfu 1.98%
iter 6536: loss 0.5473, time 314.67ms, mfu 2.01%
iter 6537: loss 0.5305, time 414.41ms, mfu 1.98%
iter 6538: loss 0.5084, time 485.82ms, mfu 1.93%
iter 6539: loss 0.5453, time 490.09ms, mfu 1.88%
iter 6540: loss 0.5397, time 348.67ms, mfu 1.90%
iter 6541: loss 0.5439, time 282.93ms, mfu 1.96%
iter 6542: loss 0.5055, time 350.55ms, mfu 1.96%
iter 6543: loss 0.4802, time 496.13ms, mfu 1.91%
iter 6544: loss 0.5349, time 374.87ms, mfu 1.91%
iter 6545: loss 0.5343, time 374.27ms, mfu 1.91%
iter 6546: loss 0.5210, time 321.41ms, mfu 1.94%
iter 6547: loss 0.4850, time 344.06ms, mfu 1.95%
iter 6548: loss 0.5415, time 412.40ms, mfu 1.93%
iter 6549: loss 0.4849, time 338.31ms, mfu 1.94%
iter 6550: loss 0.5053, time 311.74ms, mfu 1.98%
iter 6551: loss 0.5062, time 439.00ms, mfu 1.94%
iter 6552: loss 0.5195, time 422.21ms, mfu 1.91%
iter 6553: loss 0.5344, time 309.59ms, mfu 1.95%
iter 6554: loss 0.4890, time 344.17ms, mfu 1.96%
iter 6555: loss 0.5173, time 441.04ms, mfu 1.93%
iter 6556: loss 0.5224, time 325.57ms, mfu 1.95%
iter 6557: loss 0.5621, time 302.31ms, mfu 1.99%
iter 6558: loss 0.5104, time 269.55ms, mfu 2.05%
iter 6559: loss 0.5306, time 505.22ms, mfu 1.99%
iter 6560: loss 0.5105, time 369.88ms, mfu 1.98%
iter 6561: loss 0.4512, time 533.40ms, mfu 1.92%
iter 6562: loss 0.4612, time 297.77ms, mfu 1.96%
iter 6563: loss 0.5686, time 389.07ms, mfu 1.95%
iter 6564: loss 0.5301, time 369.99ms, mfu 1.95%
iter 6565: loss 0.5410, time 274.99ms, mfu 2.01%
iter 6566: loss 0.5004, time 507.59ms, mfu 1.95%
iter 6567: loss 0.5544, time 460.40ms, mfu 1.91%
iter 6568: loss 0.5284, time 381.84ms, mfu 1.90%
iter 6569: loss 0.5061, time 310.15ms, mfu 1.94%
iter 6570: loss 0.5120, time 495.36ms, mfu 1.89%
iter 6571: loss 0.5322, time 324.34ms, mfu 1.92%
iter 6572: loss 0.5184, time 285.36ms, mfu 1.98%
iter 6573: loss 0.5577, time 464.16ms, mfu 1.93%
iter 6574: loss 0.4743, time 303.44ms, mfu 1.97%
iter 6575: loss 0.4611, time 288.76ms, mfu 2.02%
iter 6576: loss 0.4963, time 349.75ms, mfu 2.02%
iter 6577: loss 0.4810, time 328.55ms, mfu 2.03%
iter 6578: loss 0.5304, time 494.51ms, mfu 1.97%
iter 6579: loss 0.5199, time 413.17ms, mfu 1.95%
iter 6580: loss 0.5057, time 387.10ms, mfu 1.94%
iter 6581: loss 0.4841, time 256.59ms, mfu 2.02%
iter 6582: loss 0.5224, time 361.85ms, mfu 2.01%
iter 6583: loss 0.5025, time 481.98ms, mfu 1.96%
iter 6584: loss 0.5289, time 352.95ms, mfu 1.96%
iter 6585: loss 0.5011, time 443.14ms, mfu 1.93%
iter 6586: loss 0.4746, time 383.57ms, mfu 1.92%
iter 6587: loss 0.4961, time 654.03ms, mfu 1.84%
iter 6588: loss 0.5234, time 430.90ms, mfu 1.82%
iter 6589: loss 0.4860, time 448.79ms, mfu 1.79%
iter 6590: loss 0.4744, time 304.05ms, mfu 1.85%
iter 6591: loss 0.5708, time 408.38ms, mfu 1.84%
iter 6592: loss 0.5425, time 430.57ms, mfu 1.82%
iter 6593: loss 0.5126, time 407.27ms, mfu 1.81%
iter 6594: loss 0.4963, time 423.05ms, mfu 1.80%
iter 6595: loss 0.4845, time 314.09ms, mfu 1.84%
iter 6596: loss 0.5158, time 363.00ms, mfu 1.85%
iter 6597: loss 0.4739, time 399.52ms, mfu 1.84%
iter 6598: loss 0.5328, time 305.85ms, mfu 1.89%
iter 6599: loss 0.5601, time 307.97ms, mfu 1.93%
iter 6600: loss 0.5332, time 695.69ms, mfu 1.84%
  === DIAG iter 6600 ===
  loss: 0.5332
  grads: total 1.0000, transformer 0.2389, adapter 0.9711
  <NUM> input tokens: 466/3072 (15.2%)
  lr: base 2.43e-04, adapter 1.21e-04
  SME accuracy: overall 0.622, sign 0.972, exp 0.908, digit 0.389, end 0.978 [d0 0.756 d1 0.167 d2 0.125 d3 0.143 d4 0.278 d5 0.353 d6 0.344 d7 0.281 d8 0.333 d9 0.333 d10 0.538 d11 0.625 d12 0.600 d13 0.750 d14 0.250] (1021 SME tokens)
iter 6601: loss 0.5337, time 221.65ms, mfu 1.98%
iter 6602: loss 0.5092, time 326.06ms, mfu 2.00%
iter 6603: loss 0.5477, time 346.61ms, mfu 2.00%
iter 6604: loss 0.5539, time 353.08ms, mfu 2.00%
iter 6605: loss 0.5579, time 471.87ms, mfu 1.95%
iter 6606: loss 0.5043, time 422.34ms, mfu 1.92%
iter 6607: loss 0.5208, time 319.87ms, mfu 1.95%
iter 6608: loss 0.5496, time 380.49ms, mfu 1.94%
iter 6609: loss 0.5139, time 423.01ms, mfu 1.92%
iter 6610: loss 0.5356, time 300.88ms, mfu 1.96%
iter 6611: loss 0.5132, time 366.26ms, mfu 1.96%
iter 6612: loss 0.5050, time 558.09ms, mfu 1.89%
iter 6613: loss 0.4958, time 452.29ms, mfu 1.86%
iter 6614: loss 0.4602, time 405.24ms, mfu 1.85%
iter 6615: loss 0.5423, time 510.01ms, mfu 1.80%
iter 6616: loss 0.5167, time 294.06ms, mfu 1.86%
iter 6617: loss 0.4973, time 403.73ms, mfu 1.85%
iter 6618: loss 0.5095, time 266.71ms, mfu 1.93%
iter 6619: loss 0.5710, time 337.64ms, mfu 1.95%
iter 6620: loss 0.5532, time 422.92ms, mfu 1.92%
iter 6621: loss 0.5202, time 272.65ms, mfu 1.99%
iter 6622: loss 0.5057, time 339.67ms, mfu 2.00%
iter 6623: loss 0.5070, time 274.89ms, mfu 2.06%
iter 6624: loss 0.5388, time 384.49ms, mfu 2.04%
iter 6625: loss 0.5483, time 350.37ms, mfu 2.03%
iter 6626: loss 0.5381, time 394.93ms, mfu 2.01%
iter 6627: loss 0.5553, time 395.42ms, mfu 1.99%
iter 6628: loss 0.5067, time 325.99ms, mfu 2.01%
iter 6629: loss 0.5620, time 464.70ms, mfu 1.96%
iter 6630: loss 0.5068, time 315.09ms, mfu 1.99%
iter 6631: loss 0.5806, time 318.38ms, mfu 2.01%
iter 6632: loss 0.4717, time 290.81ms, mfu 2.05%
iter 6633: loss 0.5385, time 412.69ms, mfu 2.02%
iter 6634: loss 0.5994, time 430.20ms, mfu 1.98%
iter 6635: loss 0.4966, time 397.15ms, mfu 1.96%
iter 6636: loss 0.5287, time 486.71ms, mfu 1.91%
iter 6637: loss 0.6271, time 271.96ms, mfu 1.98%
iter 6638: loss 0.6440, time 440.76ms, mfu 1.94%
iter 6639: loss 0.5667, time 301.10ms, mfu 1.99%
iter 6640: loss 0.5125, time 418.84ms, mfu 1.96%
iter 6641: loss 0.5522, time 490.26ms, mfu 1.91%
iter 6642: loss 0.5546, time 293.13ms, mfu 1.96%
iter 6643: loss 0.5765, time 441.43ms, mfu 1.92%
iter 6644: loss 0.5899, time 305.28ms, mfu 1.96%
iter 6645: loss 0.5625, time 306.98ms, mfu 2.00%
iter 6646: loss 0.4952, time 335.19ms, mfu 2.01%
iter 6647: loss 0.5051, time 445.36ms, mfu 1.97%
iter 6648: loss 0.4454, time 367.18ms, mfu 1.96%
iter 6649: loss 0.5220, time 416.33ms, mfu 1.94%
iter 6650: loss 0.5475, time 394.57ms, mfu 1.92%
iter 6651: loss 0.5443, time 328.70ms, mfu 1.95%
iter 6652: loss 0.4464, time 528.98ms, mfu 1.89%
iter 6653: loss 0.5103, time 484.43ms, mfu 1.84%
iter 6654: loss 0.5034, time 364.48ms, mfu 1.85%
iter 6655: loss 0.5468, time 318.41ms, mfu 1.89%
iter 6656: loss 0.5468, time 376.88ms, mfu 1.89%
iter 6657: loss 0.5206, time 415.02ms, mfu 1.87%
iter 6658: loss 0.5218, time 404.39ms, mfu 1.86%
iter 6659: loss 0.4985, time 301.47ms, mfu 1.91%
iter 6660: loss 0.5267, time 409.16ms, mfu 1.89%
iter 6661: loss 0.5405, time 463.27ms, mfu 1.85%
iter 6662: loss 0.5583, time 247.68ms, mfu 1.96%
iter 6663: loss 0.5271, time 410.51ms, mfu 1.93%
iter 6664: loss 0.4974, time 399.21ms, mfu 1.92%
iter 6665: loss 0.5718, time 292.51ms, mfu 1.97%
iter 6666: loss 0.5979, time 409.65ms, mfu 1.94%
iter 6667: loss 0.4792, time 330.14ms, mfu 1.96%
iter 6668: loss 0.5212, time 377.32ms, mfu 1.96%
iter 6669: loss 0.4776, time 293.51ms, mfu 2.00%
iter 6670: loss 0.4724, time 348.51ms, mfu 2.00%
iter 6671: loss 0.5052, time 331.96ms, mfu 2.02%
iter 6672: loss 0.5031, time 327.18ms, mfu 2.03%
iter 6673: loss 0.4900, time 256.31ms, mfu 2.11%
iter 6674: loss 0.4584, time 516.21ms, mfu 2.03%
iter 6675: loss 0.5524, time 429.72ms, mfu 1.99%
iter 6676: loss 0.5424, time 233.99ms, mfu 2.10%
iter 6677: loss 0.4856, time 437.17ms, mfu 2.05%
iter 6678: loss 0.5424, time 329.34ms, mfu 2.06%
iter 6679: loss 0.4793, time 423.27ms, mfu 2.02%
iter 6680: loss 0.5276, time 440.83ms, mfu 1.98%
iter 6681: loss 0.4288, time 479.03ms, mfu 1.93%
iter 6682: loss 0.5251, time 375.83ms, mfu 1.93%
iter 6683: loss 0.5184, time 272.55ms, mfu 1.99%
iter 6684: loss 0.4701, time 281.09ms, mfu 2.05%
iter 6685: loss 0.5230, time 330.17ms, mfu 2.06%
iter 6686: loss 0.5319, time 442.21ms, mfu 2.01%
iter 6687: loss 0.5339, time 348.58ms, mfu 2.01%
iter 6688: loss 0.5817, time 445.16ms, mfu 1.97%
iter 6689: loss 0.5642, time 361.70ms, mfu 1.97%
iter 6690: loss 0.5629, time 295.09ms, mfu 2.01%
iter 6691: loss 0.6012, time 281.31ms, mfu 2.06%
iter 6692: loss 0.4947, time 304.90ms, mfu 2.09%
iter 6693: loss 0.5297, time 326.10ms, mfu 2.10%
iter 6694: loss 0.5087, time 296.39ms, mfu 2.13%
iter 6695: loss 0.5793, time 376.27ms, mfu 2.10%
iter 6696: loss 0.5075, time 253.82ms, mfu 2.17%
iter 6697: loss 0.5054, time 246.93ms, mfu 2.24%
iter 6698: loss 0.4651, time 414.81ms, mfu 2.19%
iter 6699: loss 0.5190, time 495.14ms, mfu 2.11%
iter 6700: loss 0.5540, time 523.59ms, mfu 2.04%
  === DIAG iter 6700 ===
  loss: 0.5540
  grads: total 1.0000, transformer 0.1652, adapter 0.9863
  <NUM> input tokens: 550/3072 (17.9%)
  lr: base 2.37e-04, adapter 1.18e-04
  SME accuracy: overall 0.608, sign 0.948, exp 0.948, digit 0.337, end 0.987 [d0 0.747 d1 0.196 d2 0.123 d3 0.100 d4 0.229 d5 0.176 d6 0.235 d7 0.182 d8 0.241 d9 0.333 d10 1.000 d11 0.333 d12 0.000 d13 0.000 d14 0.000] (1054 SME tokens)
iter 6701: loss 0.4909, time 230.36ms, mfu 2.14%
iter 6702: loss 0.4941, time 458.23ms, mfu 2.08%
iter 6703: loss 0.5699, time 279.40ms, mfu 2.13%
iter 6704: loss 0.4795, time 507.10ms, mfu 2.05%
iter 6705: loss 0.5816, time 450.38ms, mfu 2.01%
iter 6706: loss 0.6001, time 315.98ms, mfu 2.03%
iter 6707: loss 0.5328, time 453.64ms, mfu 1.98%
iter 6708: loss 0.5146, time 386.76ms, mfu 1.97%
iter 6709: loss 0.5458, time 389.22ms, mfu 1.95%
iter 6710: loss 0.5192, time 401.51ms, mfu 1.93%
iter 6711: loss 0.5629, time 465.25ms, mfu 1.89%
iter 6712: loss 0.5754, time 307.63ms, mfu 1.93%
iter 6713: loss 0.5206, time 207.24ms, mfu 2.08%
iter 6714: loss 0.5559, time 296.14ms, mfu 2.11%
iter 6715: loss 0.5352, time 450.86ms, mfu 2.06%
iter 6716: loss 0.5198, time 353.23ms, mfu 2.05%
iter 6717: loss 0.5366, time 415.06ms, mfu 2.02%
iter 6718: loss 0.5044, time 387.63ms, mfu 2.00%
iter 6719: loss 0.4819, time 435.39ms, mfu 1.96%
iter 6720: loss 0.5120, time 337.63ms, mfu 1.98%
iter 6721: loss 0.5201, time 477.85ms, mfu 1.93%
iter 6722: loss 0.5481, time 335.54ms, mfu 1.95%
iter 6723: loss 0.4717, time 478.70ms, mfu 1.90%
iter 6724: loss 0.4966, time 381.48ms, mfu 1.90%
iter 6725: loss 0.5163, time 371.19ms, mfu 1.90%
iter 6726: loss 0.5155, time 486.17ms, mfu 1.85%
iter 6727: loss 0.5163, time 303.91ms, mfu 1.90%
iter 6728: loss 0.5342, time 330.38ms, mfu 1.93%
iter 6729: loss 0.5893, time 410.44ms, mfu 1.91%
iter 6730: loss 0.5018, time 345.61ms, mfu 1.92%
iter 6731: loss 0.5348, time 330.76ms, mfu 1.94%
iter 6732: loss 0.4583, time 198.44ms, mfu 2.11%
iter 6733: loss 0.5462, time 376.53ms, mfu 2.08%
iter 6734: loss 0.5136, time 495.44ms, mfu 2.02%
iter 6735: loss 0.5083, time 220.20ms, mfu 2.14%
iter 6736: loss 0.5249, time 440.16ms, mfu 2.08%
iter 6737: loss 0.5085, time 274.81ms, mfu 2.13%
iter 6738: loss 0.5370, time 406.22ms, mfu 2.10%
iter 6739: loss 0.4995, time 352.68ms, mfu 2.09%
iter 6740: loss 0.5055, time 258.82ms, mfu 2.15%
iter 6741: loss 0.4872, time 407.00ms, mfu 2.11%
iter 6742: loss 0.5082, time 420.20ms, mfu 2.07%
iter 6743: loss 0.5093, time 584.25ms, mfu 1.98%
iter 6744: loss 0.5694, time 402.92ms, mfu 1.96%
iter 6745: loss 0.5180, time 375.31ms, mfu 1.95%
iter 6746: loss 0.5463, time 397.38ms, mfu 1.94%
iter 6747: loss 0.4873, time 272.41ms, mfu 2.00%
iter 6748: loss 0.5086, time 292.53ms, mfu 2.04%
iter 6749: loss 0.4796, time 250.21ms, mfu 2.12%
iter 6750: loss 0.4615, time 367.70ms, mfu 2.10%
iter 6751: loss 0.5924, time 429.92ms, mfu 2.06%
iter 6752: loss 0.5002, time 382.64ms, mfu 2.04%
iter 6753: loss 0.5290, time 170.01ms, mfu 2.25%
iter 6754: loss 0.4502, time 448.57ms, mfu 2.18%
iter 6755: loss 0.4737, time 515.27ms, mfu 2.10%
iter 6756: loss 0.5127, time 286.91ms, mfu 2.14%
iter 6757: loss 0.5425, time 371.94ms, mfu 2.12%
iter 6758: loss 0.4913, time 300.14ms, mfu 2.14%
iter 6759: loss 0.5275, time 292.54ms, mfu 2.17%
iter 6760: loss 0.5997, time 459.02ms, mfu 2.11%
iter 6761: loss 0.4882, time 395.63ms, mfu 2.07%
iter 6762: loss 0.5446, time 251.36ms, mfu 2.15%
iter 6763: loss 0.4863, time 390.10ms, mfu 2.12%
iter 6764: loss 0.5059, time 579.96ms, mfu 2.03%
iter 6765: loss 0.5491, time 240.85ms, mfu 2.12%
iter 6766: loss 0.5606, time 279.86ms, mfu 2.16%
iter 6767: loss 0.5095, time 540.98ms, mfu 2.07%
iter 6768: loss 0.5076, time 421.82ms, mfu 2.04%
iter 6769: loss 0.5286, time 559.02ms, mfu 1.96%
iter 6770: loss 0.5100, time 350.28ms, mfu 1.97%
iter 6771: loss 0.5250, time 497.09ms, mfu 1.91%
iter 6772: loss 0.4485, time 287.22ms, mfu 1.97%
iter 6773: loss 0.5062, time 358.87ms, mfu 1.97%
iter 6774: loss 0.4916, time 372.07ms, mfu 1.96%
iter 6775: loss 0.5771, time 392.87ms, mfu 1.95%
iter 6776: loss 0.5807, time 344.09ms, mfu 1.96%
iter 6777: loss 0.5232, time 373.77ms, mfu 1.95%
iter 6778: loss 0.5639, time 352.96ms, mfu 1.96%
iter 6779: loss 0.5259, time 378.47ms, mfu 1.95%
iter 6780: loss 0.5245, time 368.17ms, mfu 1.95%
iter 6781: loss 0.5756, time 498.02ms, mfu 1.89%
iter 6782: loss 0.5176, time 279.77ms, mfu 1.96%
iter 6783: loss 0.5349, time 473.84ms, mfu 1.91%
iter 6784: loss 0.5812, time 478.54ms, mfu 1.87%
iter 6785: loss 0.4592, time 384.16ms, mfu 1.87%
iter 6786: loss 0.5003, time 449.53ms, mfu 1.84%
iter 6787: loss 0.5593, time 253.67ms, mfu 1.93%
iter 6788: loss 0.5086, time 371.89ms, mfu 1.93%
iter 6789: loss 0.5162, time 375.54ms, mfu 1.93%
iter 6790: loss 0.5433, time 372.50ms, mfu 1.92%
iter 6791: loss 0.5294, time 337.86ms, mfu 1.94%
iter 6792: loss 0.4409, time 414.07ms, mfu 1.92%
iter 6793: loss 0.5599, time 426.34ms, mfu 1.89%
iter 6794: loss 0.5036, time 346.96ms, mfu 1.91%
iter 6795: loss 0.5264, time 330.18ms, mfu 1.93%
iter 6796: loss 0.5210, time 201.40ms, mfu 2.09%
iter 6797: loss 0.4996, time 423.12ms, mfu 2.05%
iter 6798: loss 0.5200, time 362.63ms, mfu 2.04%
iter 6799: loss 0.5026, time 439.14ms, mfu 2.00%
iter 6800: loss 0.4962, time 451.76ms, mfu 1.95%
  === DIAG iter 6800 ===
  loss: 0.4962
  grads: total 1.0000, transformer 0.1391, adapter 0.9903
  <NUM> input tokens: 532/3072 (17.3%)
  lr: base 2.31e-04, adapter 1.16e-04
  SME accuracy: overall 0.635, sign 0.985, exp 0.969, digit 0.392, end 0.969 [d0 0.795 d1 0.241 d2 0.164 d3 0.157 d4 0.265 d5 0.273 d6 0.323 d7 0.300 d8 0.259 d9 0.467 d10 0.667 d11 0.500 d12 0.500 d13 0.667 d14 0.000] (943 SME tokens)
iter 6801: loss 0.5078, time 233.86ms, mfu 2.06%
iter 6802: loss 0.6068, time 305.07ms, mfu 2.09%
iter 6803: loss 0.5187, time 452.22ms, mfu 2.04%
iter 6804: loss 0.5395, time 366.45ms, mfu 2.03%
iter 6805: loss 0.4677, time 504.28ms, mfu 1.96%
iter 6806: loss 0.5850, time 317.94ms, mfu 1.99%
iter 6807: loss 0.5383, time 297.21ms, mfu 2.03%
iter 6808: loss 0.5440, time 406.85ms, mfu 2.00%
iter 6809: loss 0.5451, time 302.04ms, mfu 2.04%
iter 6810: loss 0.4926, time 464.86ms, mfu 1.98%
iter 6811: loss 0.5147, time 279.94ms, mfu 2.04%
iter 6812: loss 0.5002, time 390.31ms, mfu 2.02%
iter 6813: loss 0.4774, time 378.64ms, mfu 2.00%
iter 6814: loss 0.5315, time 503.15ms, mfu 1.94%
iter 6815: loss 0.4981, time 363.33ms, mfu 1.94%
iter 6816: loss 0.5267, time 280.01ms, mfu 2.00%
iter 6817: loss 0.5102, time 256.38ms, mfu 2.08%
iter 6818: loss 0.5421, time 320.75ms, mfu 2.09%
iter 6819: loss 0.5359, time 399.01ms, mfu 2.06%
iter 6820: loss 0.5415, time 389.66ms, mfu 2.04%
iter 6821: loss 0.5599, time 397.15ms, mfu 2.01%
iter 6822: loss 0.5113, time 263.83ms, mfu 2.08%
iter 6823: loss 0.4748, time 229.70ms, mfu 2.18%
iter 6824: loss 0.5519, time 505.48ms, mfu 2.10%
iter 6825: loss 0.4984, time 438.53ms, mfu 2.05%
iter 6826: loss 0.5133, time 376.55ms, mfu 2.04%
iter 6827: loss 0.5442, time 454.84ms, mfu 1.99%
iter 6828: loss 0.5920, time 299.64ms, mfu 2.03%
iter 6829: loss 0.4943, time 430.44ms, mfu 1.99%
iter 6830: loss 0.4738, time 214.46ms, mfu 2.12%
iter 6831: loss 0.4556, time 485.17ms, mfu 2.05%
iter 6832: loss 0.5440, time 393.63ms, mfu 2.03%
iter 6833: loss 0.4621, time 373.88ms, mfu 2.02%
iter 6834: loss 0.5349, time 388.27ms, mfu 2.00%
iter 6835: loss 0.5788, time 352.00ms, mfu 2.00%
iter 6836: loss 0.5212, time 345.95ms, mfu 2.00%
iter 6837: loss 0.5837, time 315.31ms, mfu 2.03%
iter 6838: loss 0.4892, time 252.58ms, mfu 2.11%
iter 6839: loss 0.5019, time 326.92ms, mfu 2.11%
iter 6840: loss 0.5040, time 416.78ms, mfu 2.07%
iter 6841: loss 0.5126, time 380.46ms, mfu 2.05%
iter 6842: loss 0.5278, time 449.80ms, mfu 2.00%
iter 6843: loss 0.5051, time 426.30ms, mfu 1.97%
iter 6844: loss 0.5412, time 346.00ms, mfu 1.98%
iter 6845: loss 0.5341, time 429.57ms, mfu 1.94%
iter 6846: loss 0.5119, time 280.43ms, mfu 2.00%
iter 6847: loss 0.5080, time 526.30ms, mfu 1.94%
iter 6848: loss 0.6060, time 585.31ms, mfu 1.86%
iter 6849: loss 0.4996, time 408.73ms, mfu 1.85%
iter 6850: loss 0.4685, time 330.13ms, mfu 1.88%
iter 6851: loss 0.5409, time 363.60ms, mfu 1.89%
iter 6852: loss 0.5403, time 351.15ms, mfu 1.90%
iter 6853: loss 0.5181, time 291.44ms, mfu 1.95%
iter 6854: loss 0.5223, time 390.86ms, mfu 1.94%
iter 6855: loss 0.5441, time 350.66ms, mfu 1.95%
iter 6856: loss 0.4951, time 508.73ms, mfu 1.89%
iter 6857: loss 0.5037, time 251.71ms, mfu 1.98%
iter 6858: loss 0.5248, time 377.16ms, mfu 1.97%
iter 6859: loss 0.5455, time 529.53ms, mfu 1.91%
iter 6860: loss 0.5461, time 308.41ms, mfu 1.95%
iter 6861: loss 0.5418, time 327.88ms, mfu 1.97%
iter 6862: loss 0.5408, time 237.14ms, mfu 2.07%
iter 6863: loss 0.5129, time 407.41ms, mfu 2.04%
iter 6864: loss 0.5408, time 356.50ms, mfu 2.03%
iter 6865: loss 0.5067, time 489.44ms, mfu 1.98%
iter 6866: loss 0.5002, time 341.75ms, mfu 1.99%
iter 6867: loss 0.5161, time 379.99ms, mfu 1.97%
iter 6868: loss 0.5577, time 440.78ms, mfu 1.94%
iter 6869: loss 0.5318, time 399.44ms, mfu 1.92%
iter 6870: loss 0.4787, time 404.69ms, mfu 1.90%
iter 6871: loss 0.4812, time 300.84ms, mfu 1.95%
iter 6872: loss 0.4864, time 423.89ms, mfu 1.92%
iter 6873: loss 0.4461, time 314.18ms, mfu 1.95%
iter 6874: loss 0.5119, time 366.04ms, mfu 1.95%
iter 6875: loss 0.5908, time 233.02ms, mfu 2.06%
iter 6876: loss 0.5463, time 451.78ms, mfu 2.01%
iter 6877: loss 0.4978, time 311.45ms, mfu 2.04%
iter 6878: loss 0.5233, time 536.54ms, mfu 1.97%
iter 6879: loss 0.5376, time 462.73ms, mfu 1.92%
iter 6880: loss 0.5233, time 325.64ms, mfu 1.95%
iter 6881: loss 0.4873, time 413.37ms, mfu 1.93%
iter 6882: loss 0.5805, time 295.16ms, mfu 1.97%
iter 6883: loss 0.5333, time 357.31ms, mfu 1.97%
iter 6884: loss 0.4908, time 437.85ms, mfu 1.94%
iter 6885: loss 0.5323, time 476.64ms, mfu 1.89%
iter 6886: loss 0.4351, time 477.46ms, mfu 1.85%
iter 6887: loss 0.4796, time 328.44ms, mfu 1.88%
iter 6888: loss 0.4777, time 419.44ms, mfu 1.86%
iter 6889: loss 0.5103, time 492.63ms, mfu 1.82%
iter 6890: loss 0.5617, time 335.41ms, mfu 1.85%
iter 6891: loss 0.5200, time 395.16ms, mfu 1.84%
iter 6892: loss 0.5398, time 334.05ms, mfu 1.87%
iter 6893: loss 0.5233, time 333.23ms, mfu 1.90%
iter 6894: loss 0.5275, time 306.34ms, mfu 1.94%
iter 6895: loss 0.5190, time 501.83ms, mfu 1.89%
iter 6896: loss 0.5709, time 378.93ms, mfu 1.88%
iter 6897: loss 0.5164, time 445.01ms, mfu 1.86%
iter 6898: loss 0.5746, time 371.12ms, mfu 1.86%
iter 6899: loss 0.5258, time 404.34ms, mfu 1.85%
iter 6900: loss 0.5606, time 474.96ms, mfu 1.81%
  === DIAG iter 6900 ===
  loss: 0.5606
  grads: total 1.0000, transformer 0.1477, adapter 0.9890
  <NUM> input tokens: 530/3072 (17.3%)
  lr: base 2.26e-04, adapter 1.13e-04
  SME accuracy: overall 0.601, sign 0.979, exp 0.862, digit 0.361, end 0.973 [d0 0.648 d1 0.154 d2 0.122 d3 0.185 d4 0.351 d5 0.361 d6 0.303 d7 0.242 d8 0.250 d9 0.600 d10 1.000 d11 0.700 d12 0.778 d13 0.556 d14 0.375] (1050 SME tokens)
iter 6901: loss 0.5269, time 224.38ms, mfu 1.95%
iter 6902: loss 0.5240, time 268.82ms, mfu 2.02%
iter 6903: loss 0.5537, time 374.47ms, mfu 2.01%
iter 6904: loss 0.5013, time 331.17ms, mfu 2.02%
iter 6905: loss 0.5611, time 296.69ms, mfu 2.06%
iter 6906: loss 0.4767, time 379.59ms, mfu 2.04%
iter 6907: loss 0.4820, time 423.58ms, mfu 2.00%
iter 6908: loss 0.5509, time 312.84ms, mfu 2.03%
iter 6909: loss 0.4724, time 323.82ms, mfu 2.04%
iter 6910: loss 0.4988, time 363.67ms, mfu 2.03%
iter 6911: loss 0.5517, time 365.72ms, mfu 2.02%
iter 6912: loss 0.5333, time 173.12ms, mfu 2.23%
iter 6913: loss 0.4933, time 218.59ms, mfu 2.33%
iter 6914: loss 0.5227, time 259.84ms, mfu 2.37%
iter 6915: loss 0.5117, time 273.22ms, mfu 2.39%
iter 6916: loss 0.4433, time 400.12ms, mfu 2.33%
iter 6917: loss 0.4614, time 359.27ms, mfu 2.30%
iter 6918: loss 0.5234, time 363.41ms, mfu 2.26%
iter 6919: loss 0.5447, time 379.07ms, mfu 2.22%
iter 6920: loss 0.4720, time 440.88ms, mfu 2.16%
iter 6921: loss 0.5017, time 362.29ms, mfu 2.14%
iter 6922: loss 0.5537, time 391.49ms, mfu 2.11%
iter 6923: loss 0.4822, time 413.32ms, mfu 2.07%
iter 6924: loss 0.4772, time 465.35ms, mfu 2.01%
iter 6925: loss 0.4879, time 437.22ms, mfu 1.97%
iter 6926: loss 0.4983, time 284.47ms, mfu 2.03%
iter 6927: loss 0.5162, time 402.37ms, mfu 2.00%
iter 6928: loss 0.4815, time 343.34ms, mfu 2.01%
iter 6929: loss 0.5165, time 478.22ms, mfu 1.95%
iter 6930: loss 0.4756, time 341.45ms, mfu 1.97%
iter 6931: loss 0.5215, time 410.74ms, mfu 1.94%
iter 6932: loss 0.4929, time 400.41ms, mfu 1.92%
iter 6933: loss 0.4969, time 327.60ms, mfu 1.95%
iter 6934: loss 0.5071, time 327.82ms, mfu 1.97%
iter 6935: loss 0.5095, time 356.36ms, mfu 1.97%
iter 6936: loss 0.4570, time 358.31ms, mfu 1.97%
iter 6937: loss 0.5283, time 480.08ms, mfu 1.92%
iter 6938: loss 0.5318, time 360.15ms, mfu 1.93%
iter 6939: loss 0.5235, time 315.07ms, mfu 1.96%
iter 6940: loss 0.5151, time 473.34ms, mfu 1.91%
iter 6941: loss 0.4979, time 359.53ms, mfu 1.92%
iter 6942: loss 0.4908, time 494.80ms, mfu 1.87%
iter 6943: loss 0.5519, time 300.32ms, mfu 1.92%
iter 6944: loss 0.5655, time 342.29ms, mfu 1.93%
iter 6945: loss 0.4904, time 332.15ms, mfu 1.95%
iter 6946: loss 0.4936, time 376.66ms, mfu 1.95%
iter 6947: loss 0.5288, time 354.79ms, mfu 1.95%
iter 6948: loss 0.4686, time 323.07ms, mfu 1.98%
iter 6949: loss 0.5175, time 319.58ms, mfu 2.00%
iter 6950: loss 0.5275, time 401.99ms, mfu 1.98%
iter 6951: loss 0.5748, time 372.64ms, mfu 1.97%
iter 6952: loss 0.5129, time 227.86ms, mfu 2.08%
iter 6953: loss 0.4818, time 240.24ms, mfu 2.17%
iter 6954: loss 0.4888, time 391.26ms, mfu 2.13%
iter 6955: loss 0.5613, time 319.50ms, mfu 2.14%
iter 6956: loss 0.5529, time 399.78ms, mfu 2.11%
iter 6957: loss 0.5178, time 485.41ms, mfu 2.04%
iter 6958: loss 0.4513, time 488.60ms, mfu 1.98%
iter 6959: loss 0.4630, time 531.29ms, mfu 1.92%
iter 6960: loss 0.4972, time 314.31ms, mfu 1.95%
iter 6961: loss 0.4893, time 404.02ms, mfu 1.93%
iter 6962: loss 0.4929, time 415.48ms, mfu 1.91%
iter 6963: loss 0.4906, time 396.87ms, mfu 1.90%
iter 6964: loss 0.5424, time 375.06ms, mfu 1.90%
iter 6965: loss 0.5124, time 380.67ms, mfu 1.89%
iter 6966: loss 0.4895, time 396.90ms, mfu 1.88%
iter 6967: loss 0.5669, time 440.22ms, mfu 1.85%
iter 6968: loss 0.5214, time 437.58ms, mfu 1.83%
iter 6969: loss 0.4692, time 302.59ms, mfu 1.88%
iter 6970: loss 0.5125, time 450.09ms, mfu 1.85%
iter 6971: loss 0.4522, time 375.26ms, mfu 1.86%
iter 6972: loss 0.5136, time 377.20ms, mfu 1.86%
iter 6973: loss 0.4815, time 332.27ms, mfu 1.89%
iter 6974: loss 0.4420, time 368.42ms, mfu 1.89%
iter 6975: loss 0.5059, time 297.38ms, mfu 1.94%
iter 6976: loss 0.5302, time 365.37ms, mfu 1.94%
iter 6977: loss 0.4183, time 290.05ms, mfu 1.99%
iter 6978: loss 0.4604, time 446.58ms, mfu 1.95%
iter 6979: loss 0.5931, time 362.18ms, mfu 1.95%
iter 6980: loss 0.5126, time 232.84ms, mfu 2.06%
iter 6981: loss 0.4588, time 459.89ms, mfu 2.01%
iter 6982: loss 0.5554, time 281.63ms, mfu 2.06%
iter 6983: loss 0.5116, time 534.62ms, mfu 1.98%
iter 6984: loss 0.4796, time 456.86ms, mfu 1.94%
iter 6985: loss 0.5131, time 453.56ms, mfu 1.90%
iter 6986: loss 0.4902, time 407.38ms, mfu 1.89%
iter 6987: loss 0.4835, time 318.40ms, mfu 1.92%
iter 6988: loss 0.4892, time 414.94ms, mfu 1.90%
iter 6989: loss 0.5104, time 481.46ms, mfu 1.86%
iter 6990: loss 0.5386, time 488.90ms, mfu 1.82%
iter 6991: loss 0.4335, time 290.31ms, mfu 1.88%
iter 6992: loss 0.5343, time 449.58ms, mfu 1.85%
iter 6993: loss 0.5849, time 538.51ms, mfu 1.80%
iter 6994: loss 0.4983, time 251.37ms, mfu 1.90%
iter 6995: loss 0.5370, time 495.31ms, mfu 1.85%
iter 6996: loss 0.5280, time 450.59ms, mfu 1.82%
iter 6997: loss 0.4458, time 344.01ms, mfu 1.85%
iter 6998: loss 0.5253, time 398.47ms, mfu 1.84%
iter 6999: loss 0.4960, time 296.89ms, mfu 1.89%
iter 7000: loss 0.5265, time 447.14ms, mfu 1.86%
  === DIAG iter 7000 ===
  loss: 0.5265
  grads: total 1.0000, transformer 0.2071, adapter 0.9783
  <NUM> input tokens: 497/3072 (16.2%)
  lr: base 2.20e-04, adapter 1.10e-04
  SME accuracy: overall 0.607, sign 0.977, exp 0.898, digit 0.384, end 0.960 [d0 0.764 d1 0.244 d2 0.111 d3 0.161 d4 0.316 d5 0.306 d6 0.294 d7 0.375 d8 0.433 d9 0.583 d10 0.714 d11 0.571 d12 0.800 d13 0.750 d14 0.000] (964 SME tokens)
  --- Sample eval (val) ---
  ADD: <1e+09> + <420000> →
    target: 1e+09
    pred:   1e+09
    error:  220000.00

  SUB: <6e+08> - <9.4e+08> →
    target: -3.4e+08
    pred:   -3.7e+08
    error:  30000000.00

  SORT: <1.50479e+08> <930> <8.83e+07> <0> <7.7> <1.364e+07> <90000> <-1e+09> <0> <-3> →
    target: -1e+09 -3 0 0 7.7 930 9e+04 1.364e+07 8.83e+07 1.505e+08
    pred:   -1e+09 -3 0 0 7.3 990 9e+04 1.3e+07 9e+07 1.695e+08
    error:  0.00 0.00 0.00 0.00 0.40 60.00 0.00 640000.00 1700000.00 19020855.00

  SUM: <-20000> <-590> <-2.478e+08> <-3e-05> <5.03188e+07> →
    target: -1.975e+08
    pred:   -2.99e+08
    error:  101507184.00

  S-E6D2D6END
    target: 8.22e-09 8.91e-07 1.7e+08 6.473e+08 7.3e+08 7.51e+08
    pred:   -2 2 2e-05 2e+08 7e+08 8.9e+08
    error:  2.00 2.00 170000000.00 447300000.00 30000000.00 139000000.00

iter 7001: loss 0.5700, time 248.95ms, mfu 1.96%
iter 7002: loss 0.5320, time 332.23ms, mfu 1.98%
iter 7003: loss 0.5054, time 357.36ms, mfu 1.98%
iter 7004: loss 0.5420, time 367.68ms, mfu 1.97%
iter 7005: loss 0.5525, time 356.76ms, mfu 1.98%
iter 7006: loss 0.4809, time 267.05ms, mfu 2.04%
iter 7007: loss 0.5760, time 440.30ms, mfu 2.00%
iter 7008: loss 0.4887, time 418.97ms, mfu 1.97%
iter 7009: loss 0.5793, time 270.71ms, mfu 2.03%
iter 7010: loss 0.4967, time 223.25ms, mfu 2.15%
iter 7011: loss 0.5045, time 319.66ms, mfu 2.16%
iter 7012: loss 0.5061, time 467.19ms, mfu 2.09%
iter 7013: loss 0.4965, time 345.03ms, mfu 2.09%
iter 7014: loss 0.5224, time 431.72ms, mfu 2.04%
iter 7015: loss 0.5343, time 363.66ms, mfu 2.03%
iter 7016: loss 0.5239, time 399.77ms, mfu 2.01%
iter 7017: loss 0.5818, time 259.50ms, mfu 2.08%
iter 7018: loss 0.5558, time 388.67ms, mfu 2.05%
iter 7019: loss 0.6150, time 411.79ms, mfu 2.02%
iter 7020: loss 0.5096, time 291.81ms, mfu 2.06%
iter 7021: loss 0.4836, time 331.37ms, mfu 2.07%
iter 7022: loss 0.6083, time 446.25ms, mfu 2.02%
iter 7023: loss 0.5117, time 477.22ms, mfu 1.97%
iter 7024: loss 0.4865, time 465.33ms, mfu 1.92%
iter 7025: loss 0.5192, time 390.14ms, mfu 1.91%
iter 7026: loss 0.5092, time 382.06ms, mfu 1.91%
iter 7027: loss 0.5364, time 340.26ms, mfu 1.92%
iter 7028: loss 0.5278, time 447.97ms, mfu 1.89%
iter 7029: loss 0.5126, time 431.61ms, mfu 1.87%
iter 7030: loss 0.4842, time 458.80ms, mfu 1.83%
iter 7031: loss 0.5082, time 420.27ms, mfu 1.82%
iter 7032: loss 0.5054, time 519.14ms, mfu 1.77%
iter 7033: loss 0.5383, time 370.65ms, mfu 1.79%
iter 7034: loss 0.4950, time 437.38ms, mfu 1.77%
iter 7035: loss 0.4972, time 394.98ms, mfu 1.77%
iter 7036: loss 0.5152, time 403.71ms, mfu 1.77%
iter 7037: loss 0.5335, time 373.68ms, mfu 1.78%
iter 7038: loss 0.4998, time 262.91ms, mfu 1.87%
iter 7039: loss 0.5349, time 376.89ms, mfu 1.88%
iter 7040: loss 0.4728, time 300.29ms, mfu 1.92%
iter 7041: loss 0.4213, time 488.00ms, mfu 1.88%
iter 7042: loss 0.5398, time 346.16ms, mfu 1.89%
iter 7043: loss 0.5114, time 316.85ms, mfu 1.93%
iter 7044: loss 0.4831, time 378.80ms, mfu 1.92%
iter 7045: loss 0.5287, time 487.28ms, mfu 1.88%
iter 7046: loss 0.5325, time 262.95ms, mfu 1.96%
iter 7047: loss 0.4827, time 469.94ms, mfu 1.91%
iter 7048: loss 0.5331, time 439.93ms, mfu 1.88%
iter 7049: loss 0.5264, time 348.87ms, mfu 1.90%
iter 7050: loss 0.4860, time 386.24ms, mfu 1.89%
iter 7051: loss 0.4989, time 351.16ms, mfu 1.90%
iter 7052: loss 0.4892, time 415.51ms, mfu 1.88%
iter 7053: loss 0.4679, time 369.29ms, mfu 1.89%
iter 7054: loss 0.5000, time 255.07ms, mfu 1.98%
iter 7055: loss 0.5411, time 202.91ms, mfu 2.13%
iter 7056: loss 0.5309, time 454.15ms, mfu 2.07%
iter 7057: loss 0.5496, time 441.87ms, mfu 2.02%
iter 7058: loss 0.6020, time 317.00ms, mfu 2.05%
iter 7059: loss 0.5664, time 388.60ms, mfu 2.02%
iter 7060: loss 0.5215, time 261.29ms, mfu 2.09%
iter 7061: loss 0.5639, time 549.17ms, mfu 2.01%
iter 7062: loss 0.5332, time 280.61ms, mfu 2.06%
iter 7063: loss 0.5796, time 435.67ms, mfu 2.02%
iter 7064: loss 0.5086, time 316.62ms, mfu 2.04%
iter 7065: loss 0.5570, time 415.43ms, mfu 2.01%
iter 7066: loss 0.5695, time 312.37ms, mfu 2.03%
iter 7067: loss 0.5763, time 423.07ms, mfu 2.00%
iter 7068: loss 0.5077, time 348.20ms, mfu 2.00%
iter 7069: loss 0.4580, time 235.92ms, mfu 2.10%
iter 7070: loss 0.4915, time 399.26ms, mfu 2.07%
iter 7071: loss 0.4701, time 497.07ms, mfu 2.01%
iter 7072: loss 0.4702, time 279.47ms, mfu 2.06%
iter 7073: loss 0.4691, time 525.72ms, mfu 1.99%
iter 7074: loss 0.4836, time 289.34ms, mfu 2.03%
iter 7075: loss 0.5355, time 291.98ms, mfu 2.07%
iter 7076: loss 0.5023, time 407.90ms, mfu 2.04%
iter 7077: loss 0.4507, time 305.58ms, mfu 2.07%
iter 7078: loss 0.5397, time 365.56ms, mfu 2.05%
iter 7079: loss 0.5440, time 319.27ms, mfu 2.07%
iter 7080: loss 0.5613, time 346.03ms, mfu 2.07%
iter 7081: loss 0.5271, time 383.85ms, mfu 2.05%
iter 7082: loss 0.5219, time 398.19ms, mfu 2.02%
iter 7083: loss 0.5328, time 420.88ms, mfu 1.99%
iter 7084: loss 0.5077, time 412.44ms, mfu 1.96%
iter 7085: loss 0.5586, time 508.05ms, mfu 1.90%
iter 7086: loss 0.5242, time 392.26ms, mfu 1.89%
iter 7087: loss 0.4929, time 469.07ms, mfu 1.86%
iter 7088: loss 0.6248, time 370.57ms, mfu 1.86%
iter 7089: loss 0.4980, time 460.43ms, mfu 1.83%
iter 7090: loss 0.5159, time 455.93ms, mfu 1.80%
iter 7091: loss 0.5248, time 353.99ms, mfu 1.82%
iter 7092: loss 0.4913, time 337.82ms, mfu 1.85%
iter 7093: loss 0.5320, time 417.41ms, mfu 1.83%
iter 7094: loss 0.5167, time 536.89ms, mfu 1.78%
iter 7095: loss 0.5225, time 500.50ms, mfu 1.75%
iter 7096: loss 0.5337, time 442.78ms, mfu 1.73%
iter 7097: loss 0.5246, time 459.99ms, mfu 1.71%
iter 7098: loss 0.4639, time 309.70ms, mfu 1.77%
iter 7099: loss 0.4547, time 249.68ms, mfu 1.88%
iter 7100: loss 0.5604, time 632.19ms, mfu 1.80%
  === DIAG iter 7100 ===
  loss: 0.5604
  grads: total 1.0000, transformer 0.1615, adapter 0.9869
  <NUM> input tokens: 492/3072 (16.0%)
  lr: base 2.14e-04, adapter 1.07e-04
  SME accuracy: overall 0.580, sign 0.971, exp 0.871, digit 0.334, end 0.979 [d0 0.741 d1 0.134 d2 0.092 d3 0.113 d4 0.237 d5 0.270 d6 0.216 d7 0.297 d8 0.212 d9 0.562 d10 0.700 d11 0.857 d12 0.667 d13 0.667 d14 0.000] (1032 SME tokens)
iter 7101: loss 0.4938, time 240.31ms, mfu 1.92%
iter 7102: loss 0.4844, time 173.18ms, mfu 2.13%
iter 7103: loss 0.4818, time 416.15ms, mfu 2.09%
iter 7104: loss 0.4843, time 481.51ms, mfu 2.03%
iter 7105: loss 0.5290, time 474.16ms, mfu 1.98%
iter 7106: loss 0.5079, time 350.97ms, mfu 1.98%
iter 7107: loss 0.4969, time 249.47ms, mfu 2.07%
iter 7108: loss 0.4632, time 522.40ms, mfu 1.99%
iter 7109: loss 0.4834, time 534.65ms, mfu 1.93%
iter 7110: loss 0.5067, time 405.61ms, mfu 1.91%
iter 7111: loss 0.5202, time 411.91ms, mfu 1.89%
iter 7112: loss 0.5215, time 470.40ms, mfu 1.85%
iter 7113: loss 0.4787, time 418.60ms, mfu 1.84%
iter 7114: loss 0.4973, time 346.23ms, mfu 1.86%
iter 7115: loss 0.5101, time 352.09ms, mfu 1.87%
iter 7116: loss 0.5502, time 628.29ms, mfu 1.80%
iter 7117: loss 0.4943, time 393.71ms, mfu 1.80%
iter 7118: loss 0.4657, time 406.31ms, mfu 1.79%
iter 7119: loss 0.5104, time 370.14ms, mfu 1.81%
iter 7120: loss 0.5010, time 382.03ms, mfu 1.81%
iter 7121: loss 0.5678, time 430.85ms, mfu 1.79%
iter 7122: loss 0.5483, time 416.10ms, mfu 1.78%
iter 7123: loss 0.5356, time 334.80ms, mfu 1.82%
iter 7124: loss 0.4468, time 269.02ms, mfu 1.90%
iter 7125: loss 0.5283, time 292.39ms, mfu 1.95%
iter 7126: loss 0.5372, time 392.52ms, mfu 1.94%
iter 7127: loss 0.5251, time 328.74ms, mfu 1.96%
iter 7128: loss 0.5251, time 423.47ms, mfu 1.93%
iter 7129: loss 0.5355, time 532.29ms, mfu 1.87%
iter 7130: loss 0.5435, time 475.25ms, mfu 1.83%
iter 7131: loss 0.5520, time 361.26ms, mfu 1.85%
iter 7132: loss 0.5668, time 505.55ms, mfu 1.80%
iter 7133: loss 0.4820, time 312.81ms, mfu 1.85%
iter 7134: loss 0.4967, time 359.29ms, mfu 1.86%
iter 7135: loss 0.4953, time 378.88ms, mfu 1.86%
iter 7136: loss 0.4852, time 341.38ms, mfu 1.88%
iter 7137: loss 0.5473, time 448.13ms, mfu 1.85%
iter 7138: loss 0.5533, time 391.75ms, mfu 1.85%
iter 7139: loss 0.5231, time 403.41ms, mfu 1.84%
iter 7140: loss 0.5260, time 432.60ms, mfu 1.82%
iter 7141: loss 0.5110, time 417.75ms, mfu 1.81%
iter 7142: loss 0.5364, time 227.07ms, mfu 1.94%
iter 7143: loss 0.5492, time 434.17ms, mfu 1.91%
iter 7144: loss 0.5564, time 311.21ms, mfu 1.94%
iter 7145: loss 0.5377, time 379.51ms, mfu 1.94%
iter 7146: loss 0.4903, time 377.58ms, mfu 1.93%
iter 7147: loss 0.4709, time 378.84ms, mfu 1.92%
iter 7148: loss 0.5317, time 333.59ms, mfu 1.94%
iter 7149: loss 0.5088, time 372.64ms, mfu 1.94%
iter 7150: loss 0.4695, time 313.40ms, mfu 1.97%
iter 7151: loss 0.5291, time 387.77ms, mfu 1.96%
iter 7152: loss 0.5499, time 304.43ms, mfu 2.00%
iter 7153: loss 0.5509, time 299.49ms, mfu 2.03%
iter 7154: loss 0.4864, time 253.85ms, mfu 2.11%
iter 7155: loss 0.5624, time 289.67ms, mfu 2.14%
iter 7156: loss 0.5121, time 303.23ms, mfu 2.16%
iter 7157: loss 0.5321, time 327.07ms, mfu 2.16%
iter 7158: loss 0.5047, time 405.62ms, mfu 2.12%
iter 7159: loss 0.5100, time 386.85ms, mfu 2.09%
iter 7160: loss 0.5136, time 338.77ms, mfu 2.09%
iter 7161: loss 0.5111, time 534.56ms, mfu 2.02%
iter 7162: loss 0.5520, time 405.05ms, mfu 1.99%
iter 7163: loss 0.5727, time 332.68ms, mfu 2.00%
iter 7164: loss 0.5407, time 514.64ms, mfu 1.94%
iter 7165: loss 0.4920, time 314.42ms, mfu 1.97%
iter 7166: loss 0.5390, time 423.12ms, mfu 1.94%
iter 7167: loss 0.5037, time 421.39ms, mfu 1.92%
iter 7168: loss 0.6029, time 251.25ms, mfu 2.01%
iter 7169: loss 0.4754, time 365.24ms, mfu 2.00%
iter 7170: loss 0.4676, time 535.98ms, mfu 1.93%
iter 7171: loss 0.4976, time 271.59ms, mfu 2.00%
iter 7172: loss 0.5174, time 363.91ms, mfu 1.99%
iter 7173: loss 0.4991, time 420.64ms, mfu 1.96%
iter 7174: loss 0.5029, time 336.50ms, mfu 1.98%
iter 7175: loss 0.5139, time 360.54ms, mfu 1.98%
iter 7176: loss 0.4230, time 323.85ms, mfu 2.00%
iter 7177: loss 0.4758, time 313.78ms, mfu 2.02%
iter 7178: loss 0.5279, time 376.94ms, mfu 2.01%
iter 7179: loss 0.5123, time 530.19ms, mfu 1.94%
iter 7180: loss 0.5495, time 492.04ms, mfu 1.89%
iter 7181: loss 0.5294, time 336.84ms, mfu 1.91%
iter 7182: loss 0.4730, time 419.92ms, mfu 1.89%
iter 7183: loss 0.5547, time 324.00ms, mfu 1.92%
iter 7184: loss 0.5120, time 441.38ms, mfu 1.89%
iter 7185: loss 0.5262, time 365.16ms, mfu 1.89%
iter 7186: loss 0.5364, time 471.23ms, mfu 1.86%
iter 7187: loss 0.4972, time 332.80ms, mfu 1.88%
iter 7188: loss 0.4944, time 366.66ms, mfu 1.89%
iter 7189: loss 0.4605, time 365.34ms, mfu 1.89%
iter 7190: loss 0.4620, time 508.29ms, mfu 1.84%
iter 7191: loss 0.5105, time 314.54ms, mfu 1.88%
iter 7192: loss 0.5336, time 540.34ms, mfu 1.83%
iter 7193: loss 0.5382, time 323.66ms, mfu 1.86%
iter 7194: loss 0.5635, time 415.01ms, mfu 1.85%
iter 7195: loss 0.4694, time 342.28ms, mfu 1.87%
iter 7196: loss 0.5183, time 366.04ms, mfu 1.88%
iter 7197: loss 0.5106, time 599.47ms, mfu 1.81%
iter 7198: loss 0.5096, time 419.28ms, mfu 1.80%
iter 7199: loss 0.4874, time 257.75ms, mfu 1.89%
iter 7200: loss 0.5230, time 581.50ms, mfu 1.82%
  === DIAG iter 7200 ===
  loss: 0.5230
  grads: total 1.0000, transformer 0.1669, adapter 0.9860
  <NUM> input tokens: 531/3072 (17.3%)
  lr: base 2.09e-04, adapter 1.04e-04
  SME accuracy: overall 0.610, sign 0.976, exp 0.961, digit 0.367, end 0.969 [d0 0.760 d1 0.284 d2 0.191 d3 0.125 d4 0.171 d5 0.205 d6 0.265 d7 0.258 d8 0.250 d9 0.533 d10 0.700 d11 0.667 d12 0.429 d13 0.333 d14 0.333] (949 SME tokens)
iter 7201: loss 0.5507, time 258.77ms, mfu 1.92%
iter 7202: loss 0.4737, time 320.87ms, mfu 1.94%
iter 7203: loss 0.5385, time 391.69ms, mfu 1.93%
iter 7204: loss 0.5176, time 306.21ms, mfu 1.97%
iter 7205: loss 0.5168, time 342.59ms, mfu 1.98%
iter 7206: loss 0.5500, time 375.31ms, mfu 1.97%
iter 7207: loss 0.5346, time 232.52ms, mfu 2.08%
iter 7208: loss 0.4696, time 426.10ms, mfu 2.04%
iter 7209: loss 0.5198, time 406.90ms, mfu 2.01%
iter 7210: loss 0.4566, time 414.66ms, mfu 1.98%
iter 7211: loss 0.4640, time 414.81ms, mfu 1.95%
iter 7212: loss 0.5124, time 326.85ms, mfu 1.97%
iter 7213: loss 0.5265, time 520.63ms, mfu 1.91%
iter 7214: loss 0.5157, time 399.71ms, mfu 1.90%
iter 7215: loss 0.5039, time 343.40ms, mfu 1.91%
iter 7216: loss 0.5279, time 445.85ms, mfu 1.88%
iter 7217: loss 0.5074, time 394.78ms, mfu 1.87%
iter 7218: loss 0.5860, time 348.41ms, mfu 1.89%
iter 7219: loss 0.5409, time 442.25ms, mfu 1.86%
iter 7220: loss 0.5746, time 273.42ms, mfu 1.93%
iter 7221: loss 0.4970, time 318.78ms, mfu 1.96%
iter 7222: loss 0.4448, time 338.14ms, mfu 1.98%
iter 7223: loss 0.5803, time 447.46ms, mfu 1.94%
iter 7224: loss 0.5145, time 448.78ms, mfu 1.90%
iter 7225: loss 0.5264, time 342.42ms, mfu 1.92%
iter 7226: loss 0.5156, time 329.31ms, mfu 1.94%
iter 7227: loss 0.5173, time 376.99ms, mfu 1.94%
iter 7228: loss 0.5098, time 261.05ms, mfu 2.01%
iter 7229: loss 0.5654, time 489.04ms, mfu 1.96%
iter 7230: loss 0.4780, time 242.31ms, mfu 2.05%
iter 7231: loss 0.5166, time 305.92ms, mfu 2.08%
iter 7232: loss 0.5314, time 234.72ms, mfu 2.17%
iter 7233: loss 0.4855, time 395.60ms, mfu 2.14%
iter 7234: loss 0.5104, time 340.41ms, mfu 2.13%
iter 7235: loss 0.5092, time 400.13ms, mfu 2.09%
iter 7236: loss 0.4987, time 533.13ms, mfu 2.02%
iter 7237: loss 0.5599, time 257.34ms, mfu 2.09%
iter 7238: loss 0.5038, time 246.78ms, mfu 2.17%
iter 7239: loss 0.5366, time 495.86ms, mfu 2.10%
iter 7240: loss 0.4841, time 369.26ms, mfu 2.08%
iter 7241: loss 0.5018, time 375.57ms, mfu 2.06%
iter 7242: loss 0.4673, time 363.62ms, mfu 2.05%
iter 7243: loss 0.5522, time 427.38ms, mfu 2.01%
iter 7244: loss 0.4994, time 483.61ms, mfu 1.95%
iter 7245: loss 0.5131, time 354.06ms, mfu 1.96%
iter 7246: loss 0.5344, time 304.13ms, mfu 2.00%
iter 7247: loss 0.5430, time 375.77ms, mfu 1.99%
iter 7248: loss 0.4598, time 375.97ms, mfu 1.98%
iter 7249: loss 0.5081, time 391.90ms, mfu 1.96%
iter 7250: loss 0.4835, time 283.98ms, mfu 2.01%
iter 7251: loss 0.5237, time 378.78ms, mfu 2.00%
iter 7252: loss 0.5247, time 420.24ms, mfu 1.97%
iter 7253: loss 0.5538, time 377.55ms, mfu 1.96%
iter 7254: loss 0.4751, time 228.35ms, mfu 2.07%
iter 7255: loss 0.5457, time 383.12ms, mfu 2.05%
iter 7256: loss 0.5063, time 331.14ms, mfu 2.06%
iter 7257: loss 0.5770, time 381.21ms, mfu 2.04%
iter 7258: loss 0.5673, time 360.08ms, mfu 2.03%
iter 7259: loss 0.5123, time 451.66ms, mfu 1.99%
iter 7260: loss 0.5335, time 350.03ms, mfu 1.99%
iter 7261: loss 0.4975, time 310.08ms, mfu 2.02%
iter 7262: loss 0.5010, time 389.35ms, mfu 2.00%
iter 7263: loss 0.5282, time 353.59ms, mfu 2.00%
iter 7264: loss 0.5510, time 308.88ms, mfu 2.03%
iter 7265: loss 0.4831, time 301.06ms, mfu 2.06%
iter 7266: loss 0.5277, time 366.75ms, mfu 2.05%
iter 7267: loss 0.5772, time 568.96ms, mfu 1.97%
iter 7268: loss 0.4993, time 301.73ms, mfu 2.01%
iter 7269: loss 0.5069, time 357.33ms, mfu 2.00%
iter 7270: loss 0.5092, time 318.13ms, mfu 2.03%
iter 7271: loss 0.5133, time 458.09ms, mfu 1.98%
iter 7272: loss 0.5706, time 391.25ms, mfu 1.96%
iter 7273: loss 0.5346, time 420.37ms, mfu 1.93%
iter 7274: loss 0.4816, time 396.83ms, mfu 1.92%
iter 7275: loss 0.5378, time 356.90ms, mfu 1.93%
iter 7276: loss 0.4375, time 446.43ms, mfu 1.89%
iter 7277: loss 0.4894, time 430.62ms, mfu 1.87%
iter 7278: loss 0.4926, time 399.85ms, mfu 1.86%
iter 7279: loss 0.5016, time 317.44ms, mfu 1.90%
iter 7280: loss 0.5189, time 363.75ms, mfu 1.90%
iter 7281: loss 0.4957, time 549.23ms, mfu 1.84%
iter 7282: loss 0.5549, time 413.07ms, mfu 1.83%
iter 7283: loss 0.5367, time 417.69ms, mfu 1.81%
iter 7284: loss 0.4877, time 275.24ms, mfu 1.89%
iter 7285: loss 0.5281, time 409.28ms, mfu 1.87%
iter 7286: loss 0.5193, time 283.51ms, mfu 1.94%
iter 7287: loss 0.5441, time 529.78ms, mfu 1.88%
iter 7288: loss 0.5340, time 275.73ms, mfu 1.95%
iter 7289: loss 0.5477, time 366.13ms, mfu 1.95%
iter 7290: loss 0.5302, time 302.41ms, mfu 1.99%
iter 7291: loss 0.4913, time 278.99ms, mfu 2.04%
iter 7292: loss 0.5365, time 449.66ms, mfu 1.99%
iter 7293: loss 0.5068, time 193.76ms, mfu 2.16%
iter 7294: loss 0.5149, time 351.46ms, mfu 2.15%
iter 7295: loss 0.4963, time 318.60ms, mfu 2.15%
iter 7296: loss 0.5004, time 410.92ms, mfu 2.11%
iter 7297: loss 0.5570, time 455.49ms, mfu 2.06%
iter 7298: loss 0.5379, time 431.33ms, mfu 2.01%
iter 7299: loss 0.4596, time 390.33ms, mfu 1.99%
iter 7300: loss 0.5543, time 589.41ms, mfu 1.92%
  === DIAG iter 7300 ===
  loss: 0.5543
  grads: total 1.0000, transformer 0.1473, adapter 0.9891
  <NUM> input tokens: 551/3072 (17.9%)
  lr: base 2.03e-04, adapter 1.02e-04
  SME accuracy: overall 0.613, sign 0.954, exp 0.888, digit 0.352, end 0.955 [d0 0.695 d1 0.218 d2 0.145 d3 0.204 d4 0.273 d5 0.312 d6 0.290 d7 0.103 d8 0.136 d9 0.300 d10 0.571 d11 0.429 d12 0.500 d13 0.667 d14 0.000] (1022 SME tokens)
iter 7301: loss 0.5103, time 253.04ms, mfu 2.00%
iter 7302: loss 0.5036, time 254.04ms, mfu 2.08%
iter 7303: loss 0.4659, time 355.36ms, mfu 2.07%
iter 7304: loss 0.4473, time 270.90ms, mfu 2.13%
iter 7305: loss 0.4831, time 354.80ms, mfu 2.11%
iter 7306: loss 0.5385, time 280.63ms, mfu 2.16%
iter 7307: loss 0.5325, time 353.35ms, mfu 2.14%
iter 7308: loss 0.5598, time 368.46ms, mfu 2.12%
iter 7309: loss 0.4626, time 326.78ms, mfu 2.12%
iter 7310: loss 0.4909, time 365.92ms, mfu 2.11%
iter 7311: loss 0.4626, time 382.75ms, mfu 2.08%
iter 7312: loss 0.4679, time 432.46ms, mfu 2.04%
iter 7313: loss 0.5069, time 294.89ms, mfu 2.07%
iter 7314: loss 0.4869, time 295.38ms, mfu 2.11%
iter 7315: loss 0.5292, time 334.49ms, mfu 2.11%
iter 7316: loss 0.4884, time 370.11ms, mfu 2.09%
iter 7317: loss 0.5010, time 452.89ms, mfu 2.04%
iter 7318: loss 0.5330, time 363.55ms, mfu 2.03%
iter 7319: loss 0.5668, time 305.61ms, mfu 2.06%
iter 7320: loss 0.5456, time 281.23ms, mfu 2.10%
iter 7321: loss 0.5318, time 527.97ms, mfu 2.03%
iter 7322: loss 0.5117, time 280.90ms, mfu 2.08%
iter 7323: loss 0.4997, time 265.21ms, mfu 2.14%
iter 7324: loss 0.5789, time 508.64ms, mfu 2.06%
iter 7325: loss 0.4870, time 349.74ms, mfu 2.06%
iter 7326: loss 0.4915, time 334.25ms, mfu 2.06%
iter 7327: loss 0.5024, time 437.00ms, mfu 2.02%
iter 7328: loss 0.5014, time 493.17ms, mfu 1.96%
iter 7329: loss 0.5099, time 375.46ms, mfu 1.95%
iter 7330: loss 0.5704, time 288.65ms, mfu 2.00%
iter 7331: loss 0.6029, time 322.38ms, mfu 2.02%
iter 7332: loss 0.5166, time 292.12ms, mfu 2.06%
iter 7333: loss 0.5743, time 504.33ms, mfu 2.00%
iter 7334: loss 0.4721, time 337.17ms, mfu 2.01%
iter 7335: loss 0.5362, time 269.92ms, mfu 2.07%
iter 7336: loss 0.4673, time 430.12ms, mfu 2.03%
iter 7337: loss 0.5395, time 368.21ms, mfu 2.02%
iter 7338: loss 0.5693, time 427.37ms, mfu 1.98%
iter 7339: loss 0.4712, time 427.55ms, mfu 1.95%
iter 7340: loss 0.4887, time 439.35ms, mfu 1.92%
iter 7341: loss 0.5481, time 382.14ms, mfu 1.91%
iter 7342: loss 0.5368, time 263.07ms, mfu 1.99%
iter 7343: loss 0.4715, time 458.17ms, mfu 1.94%
iter 7344: loss 0.4272, time 448.80ms, mfu 1.91%
iter 7345: loss 0.4926, time 366.27ms, mfu 1.91%
iter 7346: loss 0.4719, time 308.89ms, mfu 1.95%
iter 7347: loss 0.4821, time 338.81ms, mfu 1.96%
iter 7348: loss 0.5225, time 502.23ms, mfu 1.91%
iter 7349: loss 0.5224, time 208.29ms, mfu 2.06%
iter 7350: loss 0.5267, time 440.94ms, mfu 2.01%
iter 7351: loss 0.4605, time 530.10ms, mfu 1.94%
iter 7352: loss 0.5674, time 401.48ms, mfu 1.93%
iter 7353: loss 0.5035, time 439.13ms, mfu 1.90%
iter 7354: loss 0.5168, time 470.18ms, mfu 1.86%
iter 7355: loss 0.4979, time 292.22ms, mfu 1.91%
iter 7356: loss 0.4888, time 356.52ms, mfu 1.92%
iter 7357: loss 0.5091, time 279.32ms, mfu 1.98%
iter 7358: loss 0.5039, time 451.17ms, mfu 1.94%
iter 7359: loss 0.4967, time 387.95ms, mfu 1.93%
iter 7360: loss 0.4800, time 296.41ms, mfu 1.98%
iter 7361: loss 0.4609, time 315.67ms, mfu 2.00%
iter 7362: loss 0.5295, time 261.77ms, mfu 2.07%
iter 7363: loss 0.5519, time 468.01ms, mfu 2.02%
iter 7364: loss 0.5255, time 317.00ms, mfu 2.04%
iter 7365: loss 0.4640, time 365.82ms, mfu 2.03%
iter 7366: loss 0.4932, time 169.25ms, mfu 2.24%
iter 7367: loss 0.4841, time 417.43ms, mfu 2.19%
iter 7368: loss 0.5039, time 290.21ms, mfu 2.22%
iter 7369: loss 0.5096, time 502.07ms, mfu 2.14%
iter 7370: loss 0.4956, time 369.71ms, mfu 2.11%
iter 7371: loss 0.4885, time 224.12ms, mfu 2.22%
iter 7372: loss 0.5154, time 390.82ms, mfu 2.18%
iter 7373: loss 0.4917, time 352.60ms, mfu 2.16%
iter 7374: loss 0.4784, time 476.29ms, mfu 2.09%
iter 7375: loss 0.5602, time 324.53ms, mfu 2.10%
iter 7376: loss 0.5089, time 311.04ms, mfu 2.12%
iter 7377: loss 0.5086, time 446.00ms, mfu 2.07%
iter 7378: loss 0.5454, time 339.64ms, mfu 2.07%
iter 7379: loss 0.5029, time 351.82ms, mfu 2.06%
iter 7380: loss 0.5481, time 311.42ms, mfu 2.08%
iter 7381: loss 0.5341, time 369.43ms, mfu 2.07%
iter 7382: loss 0.5427, time 280.41ms, mfu 2.11%
iter 7383: loss 0.4556, time 385.88ms, mfu 2.09%
iter 7384: loss 0.4986, time 381.37ms, mfu 2.06%
iter 7385: loss 0.4855, time 537.32ms, mfu 1.99%
iter 7386: loss 0.5217, time 443.37ms, mfu 1.95%
iter 7387: loss 0.5051, time 317.89ms, mfu 1.98%
iter 7388: loss 0.5064, time 416.17ms, mfu 1.95%
iter 7389: loss 0.4663, time 385.24ms, mfu 1.94%
iter 7390: loss 0.5190, time 282.98ms, mfu 2.00%
iter 7391: loss 0.4953, time 497.19ms, mfu 1.94%
iter 7392: loss 0.5128, time 380.06ms, mfu 1.93%
iter 7393: loss 0.6249, time 342.25ms, mfu 1.95%
iter 7394: loss 0.5273, time 268.84ms, mfu 2.01%
iter 7395: loss 0.5593, time 470.58ms, mfu 1.96%
iter 7396: loss 0.5558, time 442.53ms, mfu 1.93%
iter 7397: loss 0.5228, time 351.31ms, mfu 1.94%
iter 7398: loss 0.5277, time 380.32ms, mfu 1.93%
iter 7399: loss 0.5665, time 526.73ms, mfu 1.87%
iter 7400: loss 0.4945, time 694.90ms, mfu 1.79%
  === DIAG iter 7400 ===
  loss: 0.4945
  grads: total 1.0000, transformer 0.1556, adapter 0.9878
  <NUM> input tokens: 532/3072 (17.3%)
  lr: base 1.97e-04, adapter 9.87e-05
  SME accuracy: overall 0.597, sign 0.989, exp 0.958, digit 0.411, end 0.928 [d0 0.870 d1 0.282 d2 0.194 d3 0.167 d4 0.300 d5 0.359 d6 0.436 d7 0.342 d8 0.324 d9 0.611 d10 0.688 d11 0.429 d12 0.300 d13 0.333 d14 0.000] (844 SME tokens)
iter 7401: loss 0.4878, time 172.84ms, mfu 2.02%
iter 7402: loss 0.5289, time 423.38ms, mfu 1.98%
iter 7403: loss 0.4658, time 393.16ms, mfu 1.96%
iter 7404: loss 0.4551, time 344.03ms, mfu 1.97%
iter 7405: loss 0.5013, time 451.65ms, mfu 1.93%
iter 7406: loss 0.5617, time 451.17ms, mfu 1.90%
iter 7407: loss 0.5309, time 312.90ms, mfu 1.93%
iter 7408: loss 0.5293, time 346.29ms, mfu 1.95%
iter 7409: loss 0.5160, time 281.14ms, mfu 2.00%
iter 7410: loss 0.4890, time 360.65ms, mfu 2.00%
iter 7411: loss 0.4915, time 422.20ms, mfu 1.97%
iter 7412: loss 0.5122, time 346.09ms, mfu 1.98%
iter 7413: loss 0.5219, time 404.65ms, mfu 1.95%
iter 7414: loss 0.4537, time 331.43ms, mfu 1.97%
iter 7415: loss 0.4864, time 439.89ms, mfu 1.94%
iter 7416: loss 0.4797, time 353.78ms, mfu 1.94%
iter 7417: loss 0.5206, time 414.04ms, mfu 1.92%
iter 7418: loss 0.5017, time 383.15ms, mfu 1.91%
iter 7419: loss 0.5377, time 402.63ms, mfu 1.90%
iter 7420: loss 0.5086, time 388.31ms, mfu 1.89%
iter 7421: loss 0.5188, time 384.96ms, mfu 1.88%
iter 7422: loss 0.5477, time 312.35ms, mfu 1.92%
iter 7423: loss 0.5294, time 359.59ms, mfu 1.93%
iter 7424: loss 0.5414, time 343.46ms, mfu 1.94%
iter 7425: loss 0.5308, time 429.28ms, mfu 1.91%
iter 7426: loss 0.5622, time 286.74ms, mfu 1.97%
iter 7427: loss 0.5411, time 537.98ms, mfu 1.90%
iter 7428: loss 0.5437, time 348.56ms, mfu 1.92%
iter 7429: loss 0.5669, time 461.25ms, mfu 1.88%
iter 7430: loss 0.5404, time 365.47ms, mfu 1.88%
iter 7431: loss 0.4176, time 446.11ms, mfu 1.85%
iter 7432: loss 0.4905, time 431.10ms, mfu 1.83%
iter 7433: loss 0.5416, time 270.95ms, mfu 1.91%
iter 7434: loss 0.4652, time 589.25ms, mfu 1.84%
iter 7435: loss 0.5011, time 260.84ms, mfu 1.93%
iter 7436: loss 0.5304, time 398.75ms, mfu 1.91%
iter 7437: loss 0.5241, time 295.21ms, mfu 1.96%
iter 7438: loss 0.5324, time 550.89ms, mfu 1.89%
iter 7439: loss 0.5446, time 215.28ms, mfu 2.03%
iter 7440: loss 0.5699, time 457.15ms, mfu 1.99%
iter 7441: loss 0.4862, time 436.52ms, mfu 1.95%
iter 7442: loss 0.5244, time 467.45ms, mfu 1.91%
iter 7443: loss 0.5480, time 318.34ms, mfu 1.94%
iter 7444: loss 0.5171, time 479.26ms, mfu 1.89%
iter 7445: loss 0.5188, time 294.11ms, mfu 1.94%
iter 7446: loss 0.4756, time 466.93ms, mfu 1.90%
iter 7447: loss 0.4749, time 483.13ms, mfu 1.86%
iter 7448: loss 0.5061, time 411.02ms, mfu 1.84%
iter 7449: loss 0.5186, time 402.11ms, mfu 1.84%
iter 7450: loss 0.5439, time 357.74ms, mfu 1.85%
iter 7451: loss 0.4798, time 428.64ms, mfu 1.83%
iter 7452: loss 0.5250, time 502.49ms, mfu 1.79%
iter 7453: loss 0.4534, time 389.61ms, mfu 1.79%
iter 7454: loss 0.5570, time 466.61ms, mfu 1.76%
iter 7455: loss 0.4958, time 299.70ms, mfu 1.82%
iter 7456: loss 0.4276, time 377.05ms, mfu 1.83%
iter 7457: loss 0.5025, time 435.22ms, mfu 1.81%
iter 7458: loss 0.4876, time 318.67ms, mfu 1.85%
iter 7459: loss 0.5085, time 415.47ms, mfu 1.84%
iter 7460: loss 0.5080, time 497.40ms, mfu 1.80%
iter 7461: loss 0.5332, time 292.22ms, mfu 1.86%
iter 7462: loss 0.4878, time 215.03ms, mfu 2.00%
iter 7463: loss 0.5384, time 275.80ms, mfu 2.06%
iter 7464: loss 0.4728, time 495.00ms, mfu 2.00%
iter 7465: loss 0.5171, time 490.28ms, mfu 1.94%
iter 7466: loss 0.5002, time 375.68ms, mfu 1.94%
iter 7467: loss 0.4740, time 485.57ms, mfu 1.89%
iter 7468: loss 0.4967, time 424.26ms, mfu 1.87%
iter 7469: loss 0.5726, time 510.67ms, mfu 1.82%
iter 7470: loss 0.4855, time 411.67ms, mfu 1.81%
iter 7471: loss 0.5438, time 252.50ms, mfu 1.91%
iter 7472: loss 0.4661, time 493.80ms, mfu 1.86%
iter 7473: loss 0.5263, time 514.48ms, mfu 1.81%
iter 7474: loss 0.4904, time 271.27ms, mfu 1.89%
iter 7475: loss 0.4549, time 336.73ms, mfu 1.91%
iter 7476: loss 0.5039, time 364.05ms, mfu 1.92%
iter 7477: loss 0.4527, time 355.18ms, mfu 1.93%
iter 7478: loss 0.5307, time 436.91ms, mfu 1.89%
iter 7479: loss 0.4918, time 375.71ms, mfu 1.89%
iter 7480: loss 0.5043, time 307.13ms, mfu 1.94%
iter 7481: loss 0.4830, time 278.43ms, mfu 2.00%
iter 7482: loss 0.5128, time 387.14ms, mfu 1.98%
iter 7483: loss 0.5011, time 451.73ms, mfu 1.94%
iter 7484: loss 0.4843, time 614.14ms, mfu 1.86%
iter 7485: loss 0.5049, time 411.17ms, mfu 1.85%
iter 7486: loss 0.5305, time 293.09ms, mfu 1.90%
iter 7487: loss 0.5623, time 459.64ms, mfu 1.87%
iter 7488: loss 0.4852, time 432.96ms, mfu 1.84%
iter 7489: loss 0.5307, time 268.09ms, mfu 1.92%
iter 7490: loss 0.5032, time 266.53ms, mfu 2.00%
iter 7491: loss 0.5050, time 352.50ms, mfu 2.00%
iter 7492: loss 0.4952, time 433.83ms, mfu 1.96%
iter 7493: loss 0.5335, time 497.50ms, mfu 1.91%
iter 7494: loss 0.4776, time 327.19ms, mfu 1.93%
iter 7495: loss 0.4550, time 262.41ms, mfu 2.01%
iter 7496: loss 0.4993, time 515.96ms, mfu 1.95%
iter 7497: loss 0.4779, time 470.49ms, mfu 1.90%
iter 7498: loss 0.5220, time 201.14ms, mfu 2.07%
iter 7499: loss 0.4656, time 521.44ms, mfu 1.99%
iter 7500: loss 0.4967, time 590.44ms, mfu 1.92%
  === DIAG iter 7500 ===
  loss: 0.4967
  grads: total 1.0000, transformer 0.1994, adapter 0.9799
  <NUM> input tokens: 566/3072 (18.4%)
  lr: base 1.92e-04, adapter 9.59e-05
  SME accuracy: overall 0.631, sign 0.959, exp 0.951, digit 0.415, end 0.952 [d0 0.783 d1 0.241 d2 0.181 d3 0.281 d4 0.343 d5 0.438 d6 0.452 d7 0.407 d8 0.280 d9 0.467 d10 0.455 d11 0.444 d12 0.500 d13 0.500 d14 0.000] (919 SME tokens)
iter 7501: loss 0.5214, time 242.57ms, mfu 2.02%
iter 7502: loss 0.4888, time 306.36ms, mfu 2.05%
iter 7503: loss 0.5443, time 445.91ms, mfu 2.00%
iter 7504: loss 0.5483, time 455.91ms, mfu 1.96%
iter 7505: loss 0.5474, time 350.37ms, mfu 1.96%
iter 7506: loss 0.5417, time 505.44ms, mfu 1.91%
iter 7507: loss 0.5577, time 384.47ms, mfu 1.90%
iter 7508: loss 0.5464, time 315.46ms, mfu 1.93%
iter 7509: loss 0.5152, time 399.52ms, mfu 1.92%
iter 7510: loss 0.4811, time 431.64ms, mfu 1.89%
iter 7511: loss 0.5550, time 336.17ms, mfu 1.91%
iter 7512: loss 0.4901, time 487.54ms, mfu 1.87%
iter 7513: loss 0.5512, time 287.93ms, mfu 1.93%
iter 7514: loss 0.5593, time 283.89ms, mfu 1.98%
iter 7515: loss 0.5041, time 483.76ms, mfu 1.93%
iter 7516: loss 0.5335, time 508.17ms, mfu 1.88%
iter 7517: loss 0.5470, time 361.82ms, mfu 1.89%
iter 7518: loss 0.5160, time 376.95ms, mfu 1.89%
iter 7519: loss 0.5660, time 366.66ms, mfu 1.89%
iter 7520: loss 0.5515, time 480.84ms, mfu 1.85%
iter 7521: loss 0.4493, time 510.97ms, mfu 1.80%
iter 7522: loss 0.4369, time 352.65ms, mfu 1.82%
iter 7523: loss 0.4747, time 298.32ms, mfu 1.88%
iter 7524: loss 0.5276, time 417.64ms, mfu 1.86%
iter 7525: loss 0.5745, time 355.96ms, mfu 1.87%
iter 7526: loss 0.5272, time 346.70ms, mfu 1.89%
iter 7527: loss 0.5133, time 515.14ms, mfu 1.84%
iter 7528: loss 0.4820, time 330.86ms, mfu 1.87%
iter 7529: loss 0.5199, time 334.09ms, mfu 1.89%
iter 7530: loss 0.5563, time 405.00ms, mfu 1.88%
iter 7531: loss 0.4670, time 349.22ms, mfu 1.89%
iter 7532: loss 0.4677, time 387.11ms, mfu 1.89%
iter 7533: loss 0.5757, time 404.42ms, mfu 1.87%
iter 7534: loss 0.5351, time 461.95ms, mfu 1.84%
iter 7535: loss 0.5285, time 378.58ms, mfu 1.84%
iter 7536: loss 0.4733, time 318.04ms, mfu 1.88%
iter 7537: loss 0.5739, time 308.22ms, mfu 1.92%
iter 7538: loss 0.4659, time 424.50ms, mfu 1.90%
iter 7539: loss 0.5292, time 265.39ms, mfu 1.98%
iter 7540: loss 0.5060, time 393.21ms, mfu 1.96%
iter 7541: loss 0.5154, time 220.17ms, mfu 2.08%
iter 7542: loss 0.5199, time 399.92ms, mfu 2.05%
iter 7543: loss 0.4688, time 353.54ms, mfu 2.05%
iter 7544: loss 0.5048, time 249.08ms, mfu 2.13%
iter 7545: loss 0.6021, time 389.89ms, mfu 2.10%
iter 7546: loss 0.5404, time 407.64ms, mfu 2.06%
iter 7547: loss 0.4607, time 394.54ms, mfu 2.03%
iter 7548: loss 0.5316, time 344.70ms, mfu 2.04%
iter 7549: loss 0.5424, time 423.66ms, mfu 2.00%
iter 7550: loss 0.4973, time 295.89ms, mfu 2.04%
iter 7551: loss 0.4579, time 201.20ms, mfu 2.19%
iter 7552: loss 0.5037, time 385.13ms, mfu 2.15%
iter 7553: loss 0.5192, time 403.88ms, mfu 2.11%
iter 7554: loss 0.5043, time 506.69ms, mfu 2.04%
iter 7555: loss 0.5099, time 516.37ms, mfu 1.98%
iter 7556: loss 0.5313, time 326.21ms, mfu 1.99%
iter 7557: loss 0.5513, time 439.14ms, mfu 1.96%
iter 7558: loss 0.5337, time 452.04ms, mfu 1.92%
iter 7559: loss 0.4697, time 350.99ms, mfu 1.93%
iter 7560: loss 0.4607, time 339.60ms, mfu 1.94%
iter 7561: loss 0.5506, time 387.18ms, mfu 1.93%
iter 7562: loss 0.4638, time 365.15ms, mfu 1.93%
iter 7563: loss 0.5169, time 463.67ms, mfu 1.89%
iter 7564: loss 0.4736, time 297.77ms, mfu 1.94%
iter 7565: loss 0.5181, time 491.13ms, mfu 1.89%
iter 7566: loss 0.5021, time 474.61ms, mfu 1.85%
iter 7567: loss 0.5070, time 404.83ms, mfu 1.84%
iter 7568: loss 0.4760, time 361.04ms, mfu 1.85%
iter 7569: loss 0.4754, time 414.59ms, mfu 1.84%
iter 7570: loss 0.4656, time 508.73ms, mfu 1.79%
iter 7571: loss 0.5189, time 227.95ms, mfu 1.93%
iter 7572: loss 0.4834, time 475.97ms, mfu 1.88%
iter 7573: loss 0.5875, time 406.42ms, mfu 1.87%
iter 7574: loss 0.4853, time 546.33ms, mfu 1.81%
iter 7575: loss 0.5116, time 367.23ms, mfu 1.82%
iter 7576: loss 0.5282, time 376.12ms, mfu 1.83%
iter 7577: loss 0.5025, time 310.03ms, mfu 1.88%
iter 7578: loss 0.4802, time 278.83ms, mfu 1.94%
iter 7579: loss 0.5083, time 421.21ms, mfu 1.92%
iter 7580: loss 0.4570, time 360.92ms, mfu 1.92%
iter 7581: loss 0.5177, time 319.86ms, mfu 1.95%
iter 7582: loss 0.4668, time 305.38ms, mfu 1.99%
iter 7583: loss 0.4981, time 344.29ms, mfu 1.99%
iter 7584: loss 0.4985, time 365.00ms, mfu 1.99%
iter 7585: loss 0.5437, time 464.41ms, mfu 1.94%
iter 7586: loss 0.4821, time 298.19ms, mfu 1.99%
iter 7587: loss 0.5454, time 288.24ms, mfu 2.03%
iter 7588: loss 0.5083, time 507.69ms, mfu 1.97%
iter 7589: loss 0.5207, time 364.32ms, mfu 1.97%
iter 7590: loss 0.5167, time 442.92ms, mfu 1.93%
iter 7591: loss 0.5328, time 289.65ms, mfu 1.98%
iter 7592: loss 0.5347, time 441.19ms, mfu 1.94%
iter 7593: loss 0.5091, time 461.16ms, mfu 1.90%
iter 7594: loss 0.5066, time 315.41ms, mfu 1.94%
iter 7595: loss 0.4727, time 344.59ms, mfu 1.95%
iter 7596: loss 0.4877, time 427.51ms, mfu 1.92%
iter 7597: loss 0.4600, time 319.79ms, mfu 1.95%
iter 7598: loss 0.5188, time 438.36ms, mfu 1.92%
iter 7599: loss 0.5055, time 407.93ms, mfu 1.90%
iter 7600: loss 0.5753, time 606.77ms, mfu 1.83%
  === DIAG iter 7600 ===
  loss: 0.5753
  grads: total 1.0000, transformer 0.1616, adapter 0.9869
  <NUM> input tokens: 546/3072 (17.8%)
  lr: base 1.86e-04, adapter 9.31e-05
  SME accuracy: overall 0.606, sign 0.960, exp 0.871, digit 0.344, end 0.970 [d0 0.729 d1 0.294 d2 0.146 d3 0.115 d4 0.079 d5 0.211 d6 0.200 d7 0.212 d8 0.233 d9 0.667 d10 0.429 d11 0.400 d12 0.600 d13 0.000 d14 0.333] (1154 SME tokens)
iter 7601: loss 0.4922, time 175.00ms, mfu 2.05%
iter 7602: loss 0.4864, time 281.34ms, mfu 2.10%
iter 7603: loss 0.4773, time 410.67ms, mfu 2.06%
iter 7604: loss 0.4816, time 240.79ms, mfu 2.15%
iter 7605: loss 0.4382, time 330.75ms, mfu 2.15%
iter 7606: loss 0.4752, time 337.48ms, mfu 2.14%
iter 7607: loss 0.4916, time 581.83ms, mfu 2.05%
iter 7608: loss 0.4539, time 218.80ms, mfu 2.17%
iter 7609: loss 0.4769, time 300.90ms, mfu 2.19%
iter 7610: loss 0.4595, time 328.83ms, mfu 2.18%
iter 7611: loss 0.5303, time 361.30ms, mfu 2.16%
iter 7612: loss 0.5010, time 430.92ms, mfu 2.11%
iter 7613: loss 0.4752, time 370.42ms, mfu 2.09%
iter 7614: loss 0.5582, time 326.67ms, mfu 2.10%
iter 7615: loss 0.5228, time 416.70ms, mfu 2.06%
iter 7616: loss 0.5096, time 285.25ms, mfu 2.10%
iter 7617: loss 0.5077, time 342.96ms, mfu 2.10%
iter 7618: loss 0.4542, time 405.47ms, mfu 2.06%
iter 7619: loss 0.4857, time 541.74ms, mfu 1.99%
iter 7620: loss 0.5061, time 349.76ms, mfu 1.99%
iter 7621: loss 0.5368, time 380.15ms, mfu 1.98%
iter 7622: loss 0.4672, time 343.18ms, mfu 1.99%
iter 7623: loss 0.4721, time 402.89ms, mfu 1.96%
iter 7624: loss 0.4830, time 455.01ms, mfu 1.92%
iter 7625: loss 0.5059, time 412.04ms, mfu 1.90%
iter 7626: loss 0.5554, time 274.35ms, mfu 1.97%
iter 7627: loss 0.5590, time 333.82ms, mfu 1.99%
iter 7628: loss 0.5250, time 535.58ms, mfu 1.92%
iter 7629: loss 0.5051, time 392.75ms, mfu 1.91%
iter 7630: loss 0.4869, time 460.67ms, mfu 1.87%
iter 7631: loss 0.4666, time 321.62ms, mfu 1.90%
iter 7632: loss 0.5565, time 348.68ms, mfu 1.92%
iter 7633: loss 0.4648, time 278.90ms, mfu 1.98%
iter 7634: loss 0.5260, time 294.41ms, mfu 2.02%
iter 7635: loss 0.5459, time 324.54ms, mfu 2.04%
iter 7636: loss 0.5019, time 388.53ms, mfu 2.02%
iter 7637: loss 0.4931, time 369.09ms, mfu 2.01%
iter 7638: loss 0.4746, time 375.65ms, mfu 2.00%
iter 7639: loss 0.5266, time 299.93ms, mfu 2.03%
iter 7640: loss 0.5432, time 364.48ms, mfu 2.02%
iter 7641: loss 0.4622, time 393.37ms, mfu 2.00%
iter 7642: loss 0.4993, time 420.45ms, mfu 1.97%
iter 7643: loss 0.4705, time 401.49ms, mfu 1.95%
iter 7644: loss 0.5164, time 268.31ms, mfu 2.02%
iter 7645: loss 0.5458, time 442.00ms, mfu 1.98%
iter 7646: loss 0.5013, time 375.71ms, mfu 1.97%
iter 7647: loss 0.4768, time 315.18ms, mfu 2.00%
iter 7648: loss 0.5044, time 410.55ms, mfu 1.97%
iter 7649: loss 0.4876, time 349.58ms, mfu 1.97%
iter 7650: loss 0.4891, time 359.86ms, mfu 1.97%
iter 7651: loss 0.5392, time 226.91ms, mfu 2.09%
iter 7652: loss 0.5059, time 356.00ms, mfu 2.08%
iter 7653: loss 0.4728, time 281.39ms, mfu 2.12%
iter 7654: loss 0.4795, time 241.16ms, mfu 2.20%
iter 7655: loss 0.4976, time 451.13ms, mfu 2.14%
iter 7656: loss 0.5366, time 369.20ms, mfu 2.12%
iter 7657: loss 0.5006, time 443.77ms, mfu 2.07%
iter 7658: loss 0.4978, time 367.45ms, mfu 2.05%
iter 7659: loss 0.4979, time 395.49ms, mfu 2.03%
iter 7660: loss 0.4980, time 415.04ms, mfu 2.00%
iter 7661: loss 0.5080, time 299.68ms, mfu 2.03%
iter 7662: loss 0.5501, time 438.49ms, mfu 1.99%
iter 7663: loss 0.4821, time 301.46ms, mfu 2.03%
iter 7664: loss 0.5344, time 462.90ms, mfu 1.98%
iter 7665: loss 0.5547, time 437.00ms, mfu 1.94%
iter 7666: loss 0.5044, time 316.77ms, mfu 1.97%
iter 7667: loss 0.5420, time 402.83ms, mfu 1.95%
iter 7668: loss 0.5029, time 355.68ms, mfu 1.95%
iter 7669: loss 0.6027, time 486.16ms, mfu 1.90%
iter 7670: loss 0.5026, time 388.56ms, mfu 1.90%
iter 7671: loss 0.4980, time 332.93ms, mfu 1.92%
iter 7672: loss 0.5083, time 366.80ms, mfu 1.92%
iter 7673: loss 0.4752, time 328.91ms, mfu 1.94%
iter 7674: loss 0.4688, time 385.75ms, mfu 1.93%
iter 7675: loss 0.5349, time 306.92ms, mfu 1.97%
iter 7676: loss 0.5123, time 448.21ms, mfu 1.93%
iter 7677: loss 0.4823, time 412.99ms, mfu 1.91%
iter 7678: loss 0.5126, time 379.53ms, mfu 1.91%
iter 7679: loss 0.5255, time 373.00ms, mfu 1.91%
iter 7680: loss 0.4824, time 322.43ms, mfu 1.93%
iter 7681: loss 0.4718, time 337.34ms, mfu 1.95%
iter 7682: loss 0.5005, time 441.03ms, mfu 1.92%
iter 7683: loss 0.4919, time 390.21ms, mfu 1.91%
iter 7684: loss 0.4415, time 368.61ms, mfu 1.91%
iter 7685: loss 0.4835, time 570.88ms, mfu 1.84%
iter 7686: loss 0.4566, time 275.72ms, mfu 1.91%
iter 7687: loss 0.5339, time 288.62ms, mfu 1.97%
iter 7688: loss 0.5161, time 470.94ms, mfu 1.92%
iter 7689: loss 0.5266, time 479.17ms, mfu 1.88%
iter 7690: loss 0.5211, time 369.49ms, mfu 1.88%
iter 7691: loss 0.5523, time 387.59ms, mfu 1.88%
iter 7692: loss 0.5487, time 343.08ms, mfu 1.90%
iter 7693: loss 0.5179, time 504.29ms, mfu 1.85%
iter 7694: loss 0.4964, time 405.70ms, mfu 1.84%
iter 7695: loss 0.5050, time 435.46ms, mfu 1.82%
iter 7696: loss 0.5084, time 441.60ms, mfu 1.79%
iter 7697: loss 0.5512, time 329.99ms, mfu 1.83%
iter 7698: loss 0.5052, time 359.44ms, mfu 1.84%
iter 7699: loss 0.5108, time 372.32ms, mfu 1.85%
iter 7700: loss 0.5100, time 699.91ms, mfu 1.77%
  === DIAG iter 7700 ===
  loss: 0.5100
  grads: total 1.0000, transformer 0.1925, adapter 0.9813
  <NUM> input tokens: 542/3072 (17.6%)
  lr: base 1.81e-04, adapter 9.04e-05
  SME accuracy: overall 0.649, sign 0.985, exp 0.962, digit 0.425, end 0.948 [d0 0.831 d1 0.280 d2 0.242 d3 0.278 d4 0.350 d5 0.474 d6 0.289 d7 0.297 d8 0.250 d9 0.417 d10 0.700 d11 0.167 d12 0.400 d13 0.200 d14 0.000] (959 SME tokens)
iter 7701: loss 0.5285, time 212.53ms, mfu 1.92%
iter 7702: loss 0.4829, time 363.08ms, mfu 1.93%
iter 7703: loss 0.4746, time 425.66ms, mfu 1.90%
iter 7704: loss 0.5149, time 344.19ms, mfu 1.92%
iter 7705: loss 0.5244, time 340.89ms, mfu 1.93%
iter 7706: loss 0.5375, time 537.61ms, mfu 1.87%
iter 7707: loss 0.4806, time 348.75ms, mfu 1.89%
iter 7708: loss 0.4910, time 197.25ms, mfu 2.06%
iter 7709: loss 0.5503, time 474.21ms, mfu 2.00%
iter 7710: loss 0.5425, time 418.00ms, mfu 1.97%
iter 7711: loss 0.5243, time 273.46ms, mfu 2.03%
iter 7712: loss 0.4721, time 399.07ms, mfu 2.01%
iter 7713: loss 0.4871, time 325.35ms, mfu 2.02%
iter 7714: loss 0.5068, time 384.05ms, mfu 2.01%
iter 7715: loss 0.5227, time 392.65ms, mfu 1.99%
iter 7716: loss 0.5111, time 337.79ms, mfu 2.00%
iter 7717: loss 0.5154, time 368.33ms, mfu 1.99%
iter 7718: loss 0.4534, time 301.19ms, mfu 2.03%
iter 7719: loss 0.5316, time 312.43ms, mfu 2.05%
iter 7720: loss 0.4597, time 407.24ms, mfu 2.02%
iter 7721: loss 0.4879, time 431.11ms, mfu 1.98%
iter 7722: loss 0.5712, time 454.18ms, mfu 1.94%
iter 7723: loss 0.5233, time 343.46ms, mfu 1.95%
iter 7724: loss 0.5379, time 396.56ms, mfu 1.94%
iter 7725: loss 0.4896, time 393.57ms, mfu 1.92%
iter 7726: loss 0.4922, time 460.59ms, mfu 1.88%
iter 7727: loss 0.5525, time 403.62ms, mfu 1.87%
iter 7728: loss 0.5288, time 347.74ms, mfu 1.89%
iter 7729: loss 0.5360, time 304.69ms, mfu 1.93%
iter 7730: loss 0.4961, time 546.60ms, mfu 1.87%
iter 7731: loss 0.4646, time 314.49ms, mfu 1.91%
iter 7732: loss 0.5061, time 265.42ms, mfu 1.98%
iter 7733: loss 0.4962, time 582.34ms, mfu 1.91%
iter 7734: loss 0.5031, time 337.52ms, mfu 1.93%
iter 7735: loss 0.4946, time 285.28ms, mfu 1.98%
iter 7736: loss 0.4606, time 422.74ms, mfu 1.95%
iter 7737: loss 0.4956, time 274.20ms, mfu 2.01%
iter 7738: loss 0.4547, time 404.27ms, mfu 1.99%
iter 7739: loss 0.5273, time 369.02ms, mfu 1.98%
iter 7740: loss 0.5037, time 313.92ms, mfu 2.01%
iter 7741: loss 0.5308, time 341.91ms, mfu 2.02%
iter 7742: loss 0.4941, time 352.05ms, mfu 2.02%
iter 7743: loss 0.4720, time 282.61ms, mfu 2.06%
iter 7744: loss 0.4408, time 392.55ms, mfu 2.04%
iter 7745: loss 0.4732, time 410.52ms, mfu 2.01%
iter 7746: loss 0.5161, time 366.22ms, mfu 2.00%
iter 7747: loss 0.4980, time 510.14ms, mfu 1.94%
iter 7748: loss 0.4696, time 331.44ms, mfu 1.96%
iter 7749: loss 0.4976, time 376.24ms, mfu 1.95%
iter 7750: loss 0.4382, time 340.57ms, mfu 1.96%
iter 7751: loss 0.5640, time 436.09ms, mfu 1.93%
iter 7752: loss 0.5014, time 313.49ms, mfu 1.96%
iter 7753: loss 0.5151, time 419.71ms, mfu 1.94%
iter 7754: loss 0.5292, time 302.13ms, mfu 1.98%
iter 7755: loss 0.4482, time 481.58ms, mfu 1.93%
iter 7756: loss 0.5075, time 271.83ms, mfu 1.99%
iter 7757: loss 0.4563, time 342.10ms, mfu 2.00%
iter 7758: loss 0.5322, time 428.20ms, mfu 1.97%
iter 7759: loss 0.4839, time 467.13ms, mfu 1.92%
iter 7760: loss 0.5370, time 451.12ms, mfu 1.89%
iter 7761: loss 0.5182, time 411.64ms, mfu 1.87%
iter 7762: loss 0.5268, time 387.92ms, mfu 1.87%
iter 7763: loss 0.5667, time 403.02ms, mfu 1.86%
iter 7764: loss 0.4824, time 307.12ms, mfu 1.90%
iter 7765: loss 0.5498, time 395.15ms, mfu 1.89%
iter 7766: loss 0.4818, time 433.84ms, mfu 1.86%
iter 7767: loss 0.4522, time 359.75ms, mfu 1.88%
iter 7768: loss 0.4842, time 265.13ms, mfu 1.95%
iter 7769: loss 0.4841, time 419.20ms, mfu 1.93%
iter 7770: loss 0.4827, time 315.62ms, mfu 1.96%
iter 7771: loss 0.4824, time 381.42ms, mfu 1.95%
iter 7772: loss 0.4799, time 325.78ms, mfu 1.97%
iter 7773: loss 0.4751, time 350.67ms, mfu 1.98%
iter 7774: loss 0.4531, time 321.05ms, mfu 2.00%
iter 7775: loss 0.5447, time 327.47ms, mfu 2.02%
iter 7776: loss 0.4617, time 635.77ms, mfu 1.93%
iter 7777: loss 0.5059, time 289.15ms, mfu 1.98%
iter 7778: loss 0.5217, time 479.69ms, mfu 1.93%
iter 7779: loss 0.5299, time 385.63ms, mfu 1.92%
iter 7780: loss 0.4360, time 392.64ms, mfu 1.91%
iter 7781: loss 0.5061, time 451.18ms, mfu 1.87%
iter 7782: loss 0.4898, time 557.18ms, mfu 1.81%
iter 7783: loss 0.5290, time 307.71ms, mfu 1.86%
iter 7784: loss 0.5265, time 389.63ms, mfu 1.86%
iter 7785: loss 0.5098, time 358.54ms, mfu 1.87%
iter 7786: loss 0.5206, time 303.47ms, mfu 1.92%
iter 7787: loss 0.4866, time 350.11ms, mfu 1.93%
iter 7788: loss 0.5642, time 358.53ms, mfu 1.93%
iter 7789: loss 0.4262, time 280.72ms, mfu 1.99%
iter 7790: loss 0.4905, time 393.25ms, mfu 1.97%
iter 7791: loss 0.4724, time 410.18ms, mfu 1.95%
iter 7792: loss 0.4784, time 347.33ms, mfu 1.96%
iter 7793: loss 0.5218, time 307.35ms, mfu 1.99%
iter 7794: loss 0.4713, time 412.86ms, mfu 1.96%
iter 7795: loss 0.4502, time 336.61ms, mfu 1.98%
iter 7796: loss 0.4525, time 312.53ms, mfu 2.01%
iter 7797: loss 0.4349, time 332.66ms, mfu 2.02%
iter 7798: loss 0.4855, time 453.03ms, mfu 1.97%
iter 7799: loss 0.5344, time 316.93ms, mfu 2.00%
iter 7800: loss 0.4675, time 544.06ms, mfu 1.93%
  === DIAG iter 7800 ===
  loss: 0.4675
  grads: total 1.0000, transformer 0.1431, adapter 0.9897
  <NUM> input tokens: 534/3072 (17.4%)
  lr: base 1.75e-04, adapter 8.76e-05
  SME accuracy: overall 0.662, sign 0.983, exp 0.950, digit 0.461, end 0.983 [d0 0.737 d1 0.384 d2 0.200 d3 0.283 d4 0.421 d5 0.351 d6 0.378 d7 0.382 d8 0.323 d9 0.529 d10 0.562 d11 0.571 d12 0.750 d13 0.818 d14 0.750] (923 SME tokens)
iter 7801: loss 0.4491, time 224.81ms, mfu 2.05%
iter 7802: loss 0.4835, time 261.91ms, mfu 2.12%
iter 7803: loss 0.5729, time 296.01ms, mfu 2.15%
iter 7804: loss 0.4931, time 401.58ms, mfu 2.11%
iter 7805: loss 0.4904, time 231.12ms, mfu 2.20%
iter 7806: loss 0.5066, time 334.46ms, mfu 2.20%
iter 7807: loss 0.4864, time 485.31ms, mfu 2.12%
iter 7808: loss 0.5442, time 427.40ms, mfu 2.08%
iter 7809: loss 0.5355, time 300.25ms, mfu 2.10%
iter 7810: loss 0.5304, time 277.64ms, mfu 2.15%
iter 7811: loss 0.4885, time 388.16ms, mfu 2.12%
iter 7812: loss 0.4911, time 350.97ms, mfu 2.11%
iter 7813: loss 0.4318, time 296.42ms, mfu 2.14%
iter 7814: loss 0.5303, time 319.08ms, mfu 2.14%
iter 7815: loss 0.5283, time 423.09ms, mfu 2.10%
iter 7816: loss 0.5114, time 301.38ms, mfu 2.12%
iter 7817: loss 0.5063, time 432.38ms, mfu 2.07%
iter 7818: loss 0.5047, time 296.46ms, mfu 2.11%
iter 7819: loss 0.4610, time 408.53ms, mfu 2.07%
iter 7820: loss 0.4939, time 415.56ms, mfu 2.03%
iter 7821: loss 0.4304, time 367.36ms, mfu 2.02%
iter 7822: loss 0.5087, time 387.37ms, mfu 2.00%
iter 7823: loss 0.5063, time 313.06ms, mfu 2.03%
iter 7824: loss 0.5373, time 424.05ms, mfu 1.99%
iter 7825: loss 0.4487, time 291.94ms, mfu 2.04%
iter 7826: loss 0.4964, time 492.07ms, mfu 1.98%
iter 7827: loss 0.5214, time 389.75ms, mfu 1.96%
iter 7828: loss 0.5702, time 578.80ms, mfu 1.89%
iter 7829: loss 0.4753, time 294.08ms, mfu 1.94%
iter 7830: loss 0.5377, time 336.40ms, mfu 1.96%
iter 7831: loss 0.5495, time 348.64ms, mfu 1.96%
iter 7832: loss 0.5235, time 392.45ms, mfu 1.95%
iter 7833: loss 0.5041, time 480.35ms, mfu 1.90%
iter 7834: loss 0.5121, time 325.52ms, mfu 1.93%
iter 7835: loss 0.5355, time 296.60ms, mfu 1.97%
iter 7836: loss 0.5131, time 373.42ms, mfu 1.97%
iter 7837: loss 0.5395, time 297.06ms, mfu 2.01%
iter 7838: loss 0.4757, time 265.72ms, mfu 2.07%
iter 7839: loss 0.4698, time 344.79ms, mfu 2.07%
iter 7840: loss 0.4894, time 265.18ms, mfu 2.13%
iter 7841: loss 0.5178, time 483.45ms, mfu 2.07%
iter 7842: loss 0.5122, time 277.12ms, mfu 2.12%
iter 7843: loss 0.5001, time 429.03ms, mfu 2.07%
iter 7844: loss 0.4812, time 329.91ms, mfu 2.08%
iter 7845: loss 0.4913, time 475.09ms, mfu 2.02%
iter 7846: loss 0.5057, time 285.09ms, mfu 2.07%
iter 7847: loss 0.4718, time 310.41ms, mfu 2.09%
iter 7848: loss 0.5039, time 381.23ms, mfu 2.06%
iter 7849: loss 0.5010, time 448.01ms, mfu 2.02%
iter 7850: loss 0.5010, time 554.83ms, mfu 1.94%
iter 7851: loss 0.5384, time 236.00ms, mfu 2.05%
iter 7852: loss 0.5097, time 333.82ms, mfu 2.06%
iter 7853: loss 0.5019, time 336.15ms, mfu 2.06%
iter 7854: loss 0.4876, time 426.62ms, mfu 2.02%
iter 7855: loss 0.5147, time 385.52ms, mfu 2.00%
iter 7856: loss 0.4505, time 416.19ms, mfu 1.97%
iter 7857: loss 0.5386, time 320.04ms, mfu 2.00%
iter 7858: loss 0.4960, time 326.45ms, mfu 2.01%
iter 7859: loss 0.4737, time 383.50ms, mfu 2.00%
iter 7860: loss 0.4862, time 533.21ms, mfu 1.93%
iter 7861: loss 0.4828, time 341.77ms, mfu 1.95%
iter 7862: loss 0.4711, time 425.22ms, mfu 1.92%
iter 7863: loss 0.4790, time 376.08ms, mfu 1.91%
iter 7864: loss 0.5379, time 316.39ms, mfu 1.95%
iter 7865: loss 0.4918, time 334.53ms, mfu 1.96%
iter 7866: loss 0.5690, time 353.33ms, mfu 1.97%
iter 7867: loss 0.4387, time 364.28ms, mfu 1.97%
iter 7868: loss 0.5010, time 296.93ms, mfu 2.01%
iter 7869: loss 0.4854, time 471.02ms, mfu 1.96%
iter 7870: loss 0.4382, time 351.59ms, mfu 1.96%
iter 7871: loss 0.4943, time 304.76ms, mfu 2.00%
iter 7872: loss 0.5151, time 380.69ms, mfu 1.99%
iter 7873: loss 0.4525, time 439.85ms, mfu 1.95%
iter 7874: loss 0.5335, time 502.83ms, mfu 1.89%
iter 7875: loss 0.5642, time 491.53ms, mfu 1.85%
iter 7876: loss 0.5493, time 475.01ms, mfu 1.81%
iter 7877: loss 0.5224, time 271.08ms, mfu 1.89%
iter 7878: loss 0.5318, time 468.09ms, mfu 1.86%
iter 7879: loss 0.5461, time 461.01ms, mfu 1.82%
iter 7880: loss 0.5151, time 255.46ms, mfu 1.92%
iter 7881: loss 0.5012, time 556.30ms, mfu 1.85%
iter 7882: loss 0.4282, time 279.13ms, mfu 1.92%
iter 7883: loss 0.5267, time 492.83ms, mfu 1.87%
iter 7884: loss 0.5105, time 363.38ms, mfu 1.88%
iter 7885: loss 0.4943, time 473.53ms, mfu 1.84%
iter 7886: loss 0.4453, time 299.13ms, mfu 1.90%
iter 7887: loss 0.5203, time 319.86ms, mfu 1.93%
iter 7888: loss 0.5230, time 485.89ms, mfu 1.88%
iter 7889: loss 0.5155, time 340.11ms, mfu 1.90%
iter 7890: loss 0.4973, time 246.58ms, mfu 2.00%
iter 7891: loss 0.4868, time 312.31ms, mfu 2.03%
iter 7892: loss 0.4907, time 341.86ms, mfu 2.03%
iter 7893: loss 0.4698, time 456.65ms, mfu 1.98%
iter 7894: loss 0.5259, time 432.01ms, mfu 1.95%
iter 7895: loss 0.5291, time 354.69ms, mfu 1.95%
iter 7896: loss 0.4630, time 419.53ms, mfu 1.93%
iter 7897: loss 0.5429, time 288.62ms, mfu 1.98%
iter 7898: loss 0.5448, time 294.46ms, mfu 2.02%
iter 7899: loss 0.4933, time 289.36ms, mfu 2.07%
iter 7900: loss 0.4984, time 339.64ms, mfu 2.07%
  === DIAG iter 7900 ===
  loss: 0.4984
  grads: total 1.0000, transformer 0.1448, adapter 0.9895
  <NUM> input tokens: 548/3072 (17.8%)
  lr: base 1.70e-04, adapter 8.49e-05
  SME accuracy: overall 0.623, sign 0.982, exp 0.965, digit 0.409, end 0.983 [d0 0.750 d1 0.253 d2 0.157 d3 0.196 d4 0.432 d5 0.405 d6 0.500 d7 0.353 d8 0.355 d9 0.625 d10 0.714 d11 0.583 d12 0.273 d13 0.250 d14 0.250] (910 SME tokens)
iter 7901: loss 0.5182, time 222.12ms, mfu 2.18%
iter 7902: loss 0.4998, time 358.12ms, mfu 2.16%
iter 7903: loss 0.4573, time 338.06ms, mfu 2.15%
iter 7904: loss 0.4793, time 445.26ms, mfu 2.10%
iter 7905: loss 0.4229, time 338.54ms, mfu 2.10%
iter 7906: loss 0.4961, time 396.52ms, mfu 2.07%
iter 7907: loss 0.5229, time 369.70ms, mfu 2.05%
iter 7908: loss 0.5451, time 420.17ms, mfu 2.01%
iter 7909: loss 0.5035, time 481.04ms, mfu 1.96%
iter 7910: loss 0.4443, time 309.51ms, mfu 1.99%
iter 7911: loss 0.4995, time 366.50ms, mfu 1.99%
iter 7912: loss 0.5029, time 482.46ms, mfu 1.94%
iter 7913: loss 0.5037, time 346.28ms, mfu 1.95%
iter 7914: loss 0.4531, time 431.62ms, mfu 1.92%
iter 7915: loss 0.4841, time 339.30ms, mfu 1.93%
iter 7916: loss 0.5061, time 425.58ms, mfu 1.91%
iter 7917: loss 0.4421, time 370.05ms, mfu 1.91%
iter 7918: loss 0.5371, time 214.92ms, mfu 2.05%
iter 7919: loss 0.5438, time 292.83ms, mfu 2.08%
iter 7920: loss 0.4855, time 487.40ms, mfu 2.02%
iter 7921: loss 0.4462, time 169.94ms, mfu 2.24%
iter 7922: loss 0.5019, time 342.21ms, mfu 2.22%
iter 7923: loss 0.5010, time 334.27ms, mfu 2.21%
iter 7924: loss 0.4905, time 373.33ms, mfu 2.18%
iter 7925: loss 0.4631, time 335.25ms, mfu 2.17%
iter 7926: loss 0.5129, time 309.11ms, mfu 2.18%
iter 7927: loss 0.5475, time 488.25ms, mfu 2.11%
iter 7928: loss 0.5473, time 352.83ms, mfu 2.10%
iter 7929: loss 0.5503, time 320.05ms, mfu 2.11%
iter 7930: loss 0.4576, time 359.91ms, mfu 2.10%
iter 7931: loss 0.5193, time 365.55ms, mfu 2.08%
iter 7932: loss 0.4575, time 493.67ms, mfu 2.02%
iter 7933: loss 0.5188, time 444.70ms, mfu 1.97%
iter 7934: loss 0.5257, time 329.06ms, mfu 1.99%
iter 7935: loss 0.4741, time 276.77ms, mfu 2.05%
iter 7936: loss 0.5310, time 355.57ms, mfu 2.04%
iter 7937: loss 0.4642, time 293.75ms, mfu 2.08%
iter 7938: loss 0.5422, time 340.73ms, mfu 2.08%
iter 7939: loss 0.5442, time 343.79ms, mfu 2.08%
iter 7940: loss 0.5195, time 301.57ms, mfu 2.11%
iter 7941: loss 0.4252, time 344.69ms, mfu 2.10%
iter 7942: loss 0.5335, time 423.67ms, mfu 2.06%
iter 7943: loss 0.5063, time 444.08ms, mfu 2.01%
iter 7944: loss 0.5755, time 256.86ms, mfu 2.09%
iter 7945: loss 0.5151, time 423.15ms, mfu 2.05%
iter 7946: loss 0.5221, time 390.02ms, mfu 2.02%
iter 7947: loss 0.5304, time 372.63ms, mfu 2.01%
iter 7948: loss 0.5060, time 249.57ms, mfu 2.09%
iter 7949: loss 0.5074, time 409.06ms, mfu 2.06%
iter 7950: loss 0.5391, time 468.29ms, mfu 2.00%
iter 7951: loss 0.5411, time 296.93ms, mfu 2.04%
iter 7952: loss 0.4912, time 345.49ms, mfu 2.04%
iter 7953: loss 0.5537, time 367.96ms, mfu 2.03%
iter 7954: loss 0.5054, time 151.96ms, mfu 2.29%
iter 7955: loss 0.4707, time 384.42ms, mfu 2.25%
iter 7956: loss 0.5094, time 455.65ms, mfu 2.18%
iter 7957: loss 0.4840, time 234.11ms, mfu 2.26%
iter 7958: loss 0.5418, time 429.20ms, mfu 2.20%
iter 7959: loss 0.4250, time 273.88ms, mfu 2.24%
iter 7960: loss 0.4911, time 331.66ms, mfu 2.23%
iter 7961: loss 0.5264, time 481.32ms, mfu 2.16%
iter 7962: loss 0.5202, time 326.88ms, mfu 2.16%
iter 7963: loss 0.5250, time 427.11ms, mfu 2.11%
iter 7964: loss 0.4623, time 366.00ms, mfu 2.09%
iter 7965: loss 0.4923, time 228.96ms, mfu 2.19%
iter 7966: loss 0.4546, time 300.28ms, mfu 2.21%
iter 7967: loss 0.5182, time 412.28ms, mfu 2.16%
iter 7968: loss 0.4932, time 375.01ms, mfu 2.13%
iter 7969: loss 0.5371, time 333.38ms, mfu 2.13%
iter 7970: loss 0.5002, time 378.64ms, mfu 2.11%
iter 7971: loss 0.4782, time 272.48ms, mfu 2.15%
iter 7972: loss 0.5127, time 346.52ms, mfu 2.14%
iter 7973: loss 0.4781, time 441.36ms, mfu 2.09%
iter 7974: loss 0.4832, time 358.71ms, mfu 2.08%
iter 7975: loss 0.4904, time 332.69ms, mfu 2.08%
iter 7976: loss 0.5244, time 308.42ms, mfu 2.11%
iter 7977: loss 0.5081, time 429.92ms, mfu 2.06%
iter 7978: loss 0.4632, time 356.82ms, mfu 2.05%
iter 7979: loss 0.5425, time 482.15ms, mfu 1.99%
iter 7980: loss 0.5280, time 352.30ms, mfu 2.00%
iter 7981: loss 0.4764, time 347.78ms, mfu 2.00%
iter 7982: loss 0.4508, time 479.36ms, mfu 1.95%
iter 7983: loss 0.4707, time 312.62ms, mfu 1.98%
iter 7984: loss 0.4724, time 400.48ms, mfu 1.96%
iter 7985: loss 0.4926, time 326.23ms, mfu 1.98%
iter 7986: loss 0.4760, time 431.15ms, mfu 1.95%
iter 7987: loss 0.5260, time 422.76ms, mfu 1.92%
iter 7988: loss 0.5223, time 447.44ms, mfu 1.89%
iter 7989: loss 0.4827, time 298.01ms, mfu 1.94%
iter 7990: loss 0.5108, time 434.33ms, mfu 1.90%
iter 7991: loss 0.5212, time 380.72ms, mfu 1.90%
iter 7992: loss 0.4805, time 425.72ms, mfu 1.88%
iter 7993: loss 0.4822, time 440.18ms, mfu 1.85%
iter 7994: loss 0.4362, time 386.88ms, mfu 1.85%
iter 7995: loss 0.4422, time 408.26ms, mfu 1.84%
iter 7996: loss 0.5431, time 431.33ms, mfu 1.82%
iter 7997: loss 0.5064, time 379.01ms, mfu 1.82%
iter 7998: loss 0.5087, time 379.23ms, mfu 1.83%
iter 7999: loss 0.5306, time 345.73ms, mfu 1.85%
iter 8000: loss 0.5235, time 546.82ms, mfu 1.79%
  === DIAG iter 8000 ===
  loss: 0.5235
  grads: total 1.0000, transformer 0.1535, adapter 0.9882
  <NUM> input tokens: 529/3072 (17.2%)
  lr: base 1.64e-04, adapter 8.22e-05
  SME accuracy: overall 0.622, sign 0.950, exp 0.908, digit 0.391, end 0.972 [d0 0.770 d1 0.241 d2 0.141 d3 0.094 d4 0.314 d5 0.294 d6 0.265 d7 0.294 d8 0.345 d9 0.500 d10 0.545 d11 0.500 d12 0.333 d13 0.333 d14 0.333] (1015 SME tokens)
  --- Sample eval (val) ---
  MIN: <443> <96600> <1.92e+08> <0.3322> <4512> <90> <7.348e-09> <1e+09> <2.75e+08> →
    target: 7.348e-09
    pred:   9e-09
    error:  0.00

  ADD: <0> + <2e+08> →
    target: 2e+08
    pred:   2e+08
    error:  0.00

  E-3D1D1END
    target: 0 0.0003135 0.02417 0.06 9.49e+07 1.566e+08 1.62e+08 4.059e+08 1e+09
    pred:   0 4 6 6 2 1e+08 3e+08 4e+08 1e+08
    error:  0.00 4.00 5.98 5.94 94899998.00 56556130.00 138000000.00 5939458.00 900000000.00

  COUNT: <3.106e-05> <8.115e+08> <3.6669e+07> <1.53807e+08> <9> <0> →
    target: 6
    pred:   6
    error:  0.00

  MAX: <0.86> <0.0002> <-4e+08> <-0.082> <5.26e-07> →
    target: 0.86
    pred:   0.86
    error:  0.00

iter 8001: loss 0.5601, time 254.90ms, mfu 1.89%
iter 8002: loss 0.4500, time 249.73ms, mfu 1.99%
iter 8003: loss 0.5237, time 355.10ms, mfu 1.99%
iter 8004: loss 0.4620, time 233.29ms, mfu 2.09%
iter 8005: loss 0.4859, time 280.09ms, mfu 2.14%
iter 8006: loss 0.4713, time 550.11ms, mfu 2.05%
iter 8007: loss 0.5026, time 281.39ms, mfu 2.10%
iter 8008: loss 0.5146, time 521.95ms, mfu 2.02%
iter 8009: loss 0.5112, time 527.66ms, mfu 1.96%
iter 8010: loss 0.5106, time 410.11ms, mfu 1.93%
iter 8011: loss 0.5012, time 436.95ms, mfu 1.90%
iter 8012: loss 0.4720, time 290.53ms, mfu 1.96%
iter 8013: loss 0.4884, time 361.73ms, mfu 1.96%
iter 8014: loss 0.5256, time 407.35ms, mfu 1.93%
iter 8015: loss 0.5693, time 367.61ms, mfu 1.93%
iter 8016: loss 0.5195, time 371.91ms, mfu 1.93%
iter 8017: loss 0.4796, time 533.53ms, mfu 1.87%
iter 8018: loss 0.4815, time 506.72ms, mfu 1.82%
iter 8019: loss 0.4966, time 315.36ms, mfu 1.87%
iter 8020: loss 0.4862, time 426.44ms, mfu 1.85%
iter 8021: loss 0.4698, time 659.59ms, mfu 1.77%
iter 8022: loss 0.4915, time 392.02ms, mfu 1.77%
iter 8023: loss 0.4777, time 296.55ms, mfu 1.83%
iter 8024: loss 0.5161, time 389.99ms, mfu 1.83%
iter 8025: loss 0.4841, time 419.12ms, mfu 1.82%
iter 8026: loss 0.5369, time 387.10ms, mfu 1.82%
iter 8027: loss 0.5018, time 320.34ms, mfu 1.86%
iter 8028: loss 0.5472, time 361.57ms, mfu 1.87%
iter 8029: loss 0.4344, time 451.79ms, mfu 1.84%
iter 8030: loss 0.4811, time 316.49ms, mfu 1.88%
iter 8031: loss 0.5384, time 346.90ms, mfu 1.90%
iter 8032: loss 0.4678, time 393.58ms, mfu 1.89%
iter 8033: loss 0.5215, time 366.15ms, mfu 1.89%
iter 8034: loss 0.5526, time 313.50ms, mfu 1.93%
iter 8035: loss 0.4629, time 388.85ms, mfu 1.92%
iter 8036: loss 0.4663, time 312.04ms, mfu 1.95%
iter 8037: loss 0.4566, time 382.86ms, mfu 1.94%
iter 8038: loss 0.5278, time 386.24ms, mfu 1.93%
iter 8039: loss 0.5697, time 405.26ms, mfu 1.91%
iter 8040: loss 0.4729, time 406.34ms, mfu 1.90%
iter 8041: loss 0.5450, time 441.49ms, mfu 1.87%
iter 8042: loss 0.5154, time 473.37ms, mfu 1.83%
iter 8043: loss 0.4607, time 283.08ms, mfu 1.90%
iter 8044: loss 0.5059, time 383.54ms, mfu 1.89%
iter 8045: loss 0.4493, time 502.00ms, mfu 1.84%
iter 8046: loss 0.5170, time 585.03ms, mfu 1.78%
iter 8047: loss 0.5387, time 321.83ms, mfu 1.82%
iter 8048: loss 0.5786, time 307.96ms, mfu 1.87%
iter 8049: loss 0.4594, time 374.79ms, mfu 1.87%
iter 8050: loss 0.4634, time 362.47ms, mfu 1.88%
iter 8051: loss 0.5298, time 371.96ms, mfu 1.88%
iter 8052: loss 0.4290, time 429.36ms, mfu 1.86%
iter 8053: loss 0.5597, time 380.87ms, mfu 1.86%
iter 8054: loss 0.4781, time 296.63ms, mfu 1.91%
iter 8055: loss 0.5231, time 549.70ms, mfu 1.85%
iter 8056: loss 0.4314, time 510.98ms, mfu 1.80%
iter 8057: loss 0.4625, time 356.16ms, mfu 1.82%
iter 8058: loss 0.4837, time 411.89ms, mfu 1.81%
iter 8059: loss 0.4947, time 314.05ms, mfu 1.86%
iter 8060: loss 0.5024, time 370.31ms, mfu 1.86%
iter 8061: loss 0.4338, time 445.45ms, mfu 1.84%
iter 8062: loss 0.4820, time 383.22ms, mfu 1.84%
iter 8063: loss 0.5122, time 301.23ms, mfu 1.89%
iter 8064: loss 0.4660, time 433.21ms, mfu 1.86%
iter 8065: loss 0.4604, time 378.65ms, mfu 1.86%
iter 8066: loss 0.5548, time 478.44ms, mfu 1.83%
iter 8067: loss 0.5621, time 336.95ms, mfu 1.85%
iter 8068: loss 0.4259, time 302.51ms, mfu 1.90%
iter 8069: loss 0.4368, time 240.45ms, mfu 2.01%
iter 8070: loss 0.4776, time 452.05ms, mfu 1.96%
iter 8071: loss 0.4902, time 367.73ms, mfu 1.96%
iter 8072: loss 0.4588, time 381.95ms, mfu 1.95%
iter 8073: loss 0.4764, time 439.05ms, mfu 1.92%
iter 8074: loss 0.4986, time 490.25ms, mfu 1.87%
iter 8075: loss 0.4783, time 354.76ms, mfu 1.88%
iter 8076: loss 0.5379, time 431.57ms, mfu 1.86%
iter 8077: loss 0.3869, time 406.43ms, mfu 1.85%
iter 8078: loss 0.4831, time 315.42ms, mfu 1.89%
iter 8079: loss 0.5504, time 388.49ms, mfu 1.88%
iter 8080: loss 0.5336, time 322.18ms, mfu 1.91%
iter 8081: loss 0.5172, time 287.13ms, mfu 1.97%
iter 8082: loss 0.4465, time 356.29ms, mfu 1.97%
iter 8083: loss 0.4804, time 323.82ms, mfu 1.99%
iter 8084: loss 0.5108, time 377.06ms, mfu 1.98%
iter 8085: loss 0.5498, time 540.07ms, mfu 1.91%
iter 8086: loss 0.5093, time 309.89ms, mfu 1.95%
iter 8087: loss 0.5407, time 440.20ms, mfu 1.92%
iter 8088: loss 0.4810, time 490.18ms, mfu 1.87%
iter 8089: loss 0.4832, time 468.00ms, mfu 1.83%
iter 8090: loss 0.5000, time 351.69ms, mfu 1.85%
iter 8091: loss 0.5368, time 373.32ms, mfu 1.86%
iter 8092: loss 0.5478, time 389.81ms, mfu 1.85%
iter 8093: loss 0.5333, time 291.42ms, mfu 1.91%
iter 8094: loss 0.4926, time 172.05ms, mfu 2.13%
iter 8095: loss 0.5432, time 470.66ms, mfu 2.07%
iter 8096: loss 0.5290, time 380.56ms, mfu 2.05%
iter 8097: loss 0.5059, time 337.72ms, mfu 2.05%
iter 8098: loss 0.5044, time 491.37ms, mfu 1.99%
iter 8099: loss 0.4797, time 350.28ms, mfu 2.00%
iter 8100: loss 0.5330, time 443.72ms, mfu 1.96%
  === DIAG iter 8100 ===
  loss: 0.5330
  grads: total 1.0000, transformer 0.1572, adapter 0.9876
  <NUM> input tokens: 504/3072 (16.4%)
  lr: base 1.59e-04, adapter 7.95e-05
  SME accuracy: overall 0.643, sign 0.959, exp 0.966, digit 0.431, end 0.993 [d0 0.793 d1 0.362 d2 0.146 d3 0.191 d4 0.302 d5 0.268 d6 0.250 d7 0.282 d8 0.314 d9 0.625 d10 0.846 d11 0.909 d12 0.700 d13 0.500 d14 0.333] (1131 SME tokens)
iter 8101: loss 0.4660, time 220.43ms, mfu 2.08%
iter 8102: loss 0.4788, time 306.36ms, mfu 2.10%
iter 8103: loss 0.4962, time 327.91ms, mfu 2.11%
iter 8104: loss 0.4994, time 455.41ms, mfu 2.06%
iter 8105: loss 0.4802, time 287.30ms, mfu 2.10%
iter 8106: loss 0.4841, time 364.72ms, mfu 2.08%
iter 8107: loss 0.5442, time 436.19ms, mfu 2.04%
iter 8108: loss 0.5549, time 322.81ms, mfu 2.05%
iter 8109: loss 0.4655, time 382.41ms, mfu 2.03%
iter 8110: loss 0.4918, time 419.45ms, mfu 2.00%
iter 8111: loss 0.4727, time 524.14ms, mfu 1.93%
iter 8112: loss 0.5210, time 296.70ms, mfu 1.98%
iter 8113: loss 0.5127, time 511.16ms, mfu 1.92%
iter 8114: loss 0.4977, time 515.49ms, mfu 1.86%
iter 8115: loss 0.5172, time 301.35ms, mfu 1.91%
iter 8116: loss 0.5376, time 462.28ms, mfu 1.88%
iter 8117: loss 0.5279, time 408.38ms, mfu 1.86%
iter 8118: loss 0.5355, time 304.21ms, mfu 1.91%
iter 8119: loss 0.5333, time 462.63ms, mfu 1.87%
iter 8120: loss 0.4528, time 395.45ms, mfu 1.86%
iter 8121: loss 0.4696, time 337.98ms, mfu 1.89%
iter 8122: loss 0.5016, time 511.78ms, mfu 1.84%
iter 8123: loss 0.5023, time 386.36ms, mfu 1.84%
iter 8124: loss 0.5316, time 310.30ms, mfu 1.88%
iter 8125: loss 0.4354, time 416.66ms, mfu 1.86%
iter 8126: loss 0.4701, time 350.37ms, mfu 1.88%
iter 8127: loss 0.5367, time 406.18ms, mfu 1.87%
iter 8128: loss 0.5139, time 340.46ms, mfu 1.89%
iter 8129: loss 0.4899, time 312.90ms, mfu 1.92%
iter 8130: loss 0.4576, time 421.62ms, mfu 1.90%
iter 8131: loss 0.5314, time 520.89ms, mfu 1.85%
iter 8132: loss 0.4897, time 344.08ms, mfu 1.87%
iter 8133: loss 0.5393, time 435.41ms, mfu 1.84%
iter 8134: loss 0.4980, time 335.44ms, mfu 1.87%
iter 8135: loss 0.4991, time 320.44ms, mfu 1.90%
iter 8136: loss 0.4424, time 296.06ms, mfu 1.95%
iter 8137: loss 0.5276, time 374.68ms, mfu 1.95%
iter 8138: loss 0.5090, time 461.07ms, mfu 1.91%
iter 8139: loss 0.5045, time 316.42ms, mfu 1.94%
iter 8140: loss 0.4923, time 401.38ms, mfu 1.92%
iter 8141: loss 0.4499, time 436.99ms, mfu 1.89%
iter 8142: loss 0.5205, time 342.33ms, mfu 1.91%
iter 8143: loss 0.5135, time 447.45ms, mfu 1.88%
iter 8144: loss 0.4654, time 394.53ms, mfu 1.87%
iter 8145: loss 0.5245, time 398.48ms, mfu 1.86%
iter 8146: loss 0.4051, time 348.24ms, mfu 1.88%
iter 8147: loss 0.5037, time 529.22ms, mfu 1.82%
iter 8148: loss 0.5411, time 261.91ms, mfu 1.91%
iter 8149: loss 0.5212, time 291.32ms, mfu 1.96%
iter 8150: loss 0.5141, time 347.38ms, mfu 1.97%
iter 8151: loss 0.4835, time 324.83ms, mfu 1.99%
iter 8152: loss 0.4603, time 348.31ms, mfu 2.00%
iter 8153: loss 0.5327, time 418.44ms, mfu 1.97%
iter 8154: loss 0.4892, time 394.90ms, mfu 1.95%
iter 8155: loss 0.4560, time 402.20ms, mfu 1.93%
iter 8156: loss 0.4891, time 257.40ms, mfu 2.01%
iter 8157: loss 0.4484, time 337.77ms, mfu 2.02%
iter 8158: loss 0.5425, time 455.50ms, mfu 1.97%
iter 8159: loss 0.4604, time 468.59ms, mfu 1.93%
iter 8160: loss 0.5477, time 263.60ms, mfu 2.00%
iter 8161: loss 0.5039, time 540.07ms, mfu 1.94%
iter 8162: loss 0.4233, time 424.78ms, mfu 1.91%
iter 8163: loss 0.5541, time 315.12ms, mfu 1.94%
iter 8164: loss 0.5110, time 443.08ms, mfu 1.91%
iter 8165: loss 0.5039, time 346.61ms, mfu 1.92%
iter 8166: loss 0.5366, time 289.55ms, mfu 1.97%
iter 8167: loss 0.5017, time 374.02ms, mfu 1.97%
iter 8168: loss 0.5277, time 359.24ms, mfu 1.97%
iter 8169: loss 0.4550, time 267.91ms, mfu 2.04%
iter 8170: loss 0.5154, time 419.67ms, mfu 2.00%
iter 8171: loss 0.4913, time 379.59ms, mfu 1.99%
iter 8172: loss 0.5100, time 368.91ms, mfu 1.98%
iter 8173: loss 0.4355, time 347.26ms, mfu 1.99%
iter 8174: loss 0.4568, time 294.12ms, mfu 2.03%
iter 8175: loss 0.5185, time 452.05ms, mfu 1.98%
iter 8176: loss 0.5350, time 305.90ms, mfu 2.02%
iter 8177: loss 0.4506, time 434.01ms, mfu 1.98%
iter 8178: loss 0.4481, time 368.74ms, mfu 1.97%
iter 8179: loss 0.4965, time 251.05ms, mfu 2.06%
iter 8180: loss 0.4280, time 350.14ms, mfu 2.05%
iter 8181: loss 0.4516, time 481.16ms, mfu 2.00%
iter 8182: loss 0.4887, time 321.88ms, mfu 2.02%
iter 8183: loss 0.4828, time 453.11ms, mfu 1.97%
iter 8184: loss 0.5040, time 481.42ms, mfu 1.92%
iter 8185: loss 0.5146, time 353.16ms, mfu 1.93%
iter 8186: loss 0.4731, time 432.40ms, mfu 1.90%
iter 8187: loss 0.4944, time 325.07ms, mfu 1.93%
iter 8188: loss 0.4861, time 366.86ms, mfu 1.93%
iter 8189: loss 0.4861, time 468.12ms, mfu 1.89%
iter 8190: loss 0.4619, time 285.02ms, mfu 1.95%
iter 8191: loss 0.4383, time 396.02ms, mfu 1.93%
iter 8192: loss 0.4816, time 343.91ms, mfu 1.94%
iter 8193: loss 0.4631, time 460.42ms, mfu 1.90%
iter 8194: loss 0.4692, time 410.51ms, mfu 1.89%
iter 8195: loss 0.4703, time 458.80ms, mfu 1.85%
iter 8196: loss 0.5069, time 376.98ms, mfu 1.85%
iter 8197: loss 0.5645, time 427.16ms, mfu 1.84%
iter 8198: loss 0.5151, time 342.92ms, mfu 1.86%
iter 8199: loss 0.5212, time 450.97ms, mfu 1.83%
iter 8200: loss 0.5054, time 445.83ms, mfu 1.81%
  === DIAG iter 8200 ===
  loss: 0.5054
  grads: total 1.0000, transformer 0.1435, adapter 0.9897
  <NUM> input tokens: 524/3072 (17.1%)
  lr: base 1.54e-04, adapter 7.69e-05
  SME accuracy: overall 0.641, sign 0.971, exp 0.940, digit 0.418, end 0.993 [d0 0.786 d1 0.292 d2 0.155 d3 0.151 d4 0.341 d5 0.378 d6 0.306 d7 0.294 d8 0.355 d9 0.471 d10 0.786 d11 0.692 d12 0.667 d13 0.571 d14 0.143] (999 SME tokens)
iter 8201: loss 0.5335, time 202.19ms, mfu 1.98%
iter 8202: loss 0.5571, time 361.57ms, mfu 1.97%
iter 8203: loss 0.5676, time 302.53ms, mfu 2.01%
iter 8204: loss 0.5282, time 249.39ms, mfu 2.09%
iter 8205: loss 0.5113, time 456.45ms, mfu 2.04%
iter 8206: loss 0.4860, time 336.92ms, mfu 2.05%
iter 8207: loss 0.5527, time 328.94ms, mfu 2.06%
iter 8208: loss 0.5719, time 347.40ms, mfu 2.06%
iter 8209: loss 0.5282, time 558.41ms, mfu 1.98%
iter 8210: loss 0.5246, time 230.12ms, mfu 2.09%
iter 8211: loss 0.5473, time 484.01ms, mfu 2.02%
iter 8212: loss 0.5078, time 305.61ms, mfu 2.05%
iter 8213: loss 0.5274, time 396.14ms, mfu 2.03%
iter 8214: loss 0.5326, time 464.31ms, mfu 1.98%
iter 8215: loss 0.5226, time 261.30ms, mfu 2.05%
iter 8216: loss 0.5040, time 406.25ms, mfu 2.02%
iter 8217: loss 0.4949, time 368.67ms, mfu 2.01%
iter 8218: loss 0.5052, time 380.25ms, mfu 2.00%
iter 8219: loss 0.4868, time 495.52ms, mfu 1.94%
iter 8220: loss 0.5160, time 465.99ms, mfu 1.90%
iter 8221: loss 0.4892, time 464.45ms, mfu 1.86%
iter 8222: loss 0.4903, time 371.01ms, mfu 1.87%
iter 8223: loss 0.4407, time 449.98ms, mfu 1.84%
iter 8224: loss 0.4914, time 375.34ms, mfu 1.84%
iter 8225: loss 0.5143, time 333.68ms, mfu 1.87%
iter 8226: loss 0.4824, time 377.28ms, mfu 1.87%
iter 8227: loss 0.5246, time 235.91ms, mfu 1.98%
iter 8228: loss 0.4797, time 376.73ms, mfu 1.97%
iter 8229: loss 0.5013, time 393.77ms, mfu 1.96%
iter 8230: loss 0.5509, time 447.69ms, mfu 1.92%
iter 8231: loss 0.4981, time 268.86ms, mfu 1.99%
iter 8232: loss 0.4953, time 250.13ms, mfu 2.07%
iter 8233: loss 0.5626, time 312.19ms, mfu 2.09%
iter 8234: loss 0.5047, time 482.30ms, mfu 2.03%
iter 8235: loss 0.5052, time 439.54ms, mfu 1.99%
iter 8236: loss 0.5120, time 309.52ms, mfu 2.02%
iter 8237: loss 0.5028, time 252.74ms, mfu 2.10%
iter 8238: loss 0.5416, time 300.61ms, mfu 2.12%
iter 8239: loss 0.5139, time 435.19ms, mfu 2.07%
iter 8240: loss 0.5255, time 339.97ms, mfu 2.08%
iter 8241: loss 0.5180, time 316.02ms, mfu 2.09%
iter 8242: loss 0.4799, time 268.79ms, mfu 2.15%
iter 8243: loss 0.5232, time 446.77ms, mfu 2.09%
iter 8244: loss 0.5319, time 321.44ms, mfu 2.10%
iter 8245: loss 0.5055, time 286.22ms, mfu 2.14%
iter 8246: loss 0.4827, time 268.50ms, mfu 2.19%
iter 8247: loss 0.5104, time 346.29ms, mfu 2.18%
iter 8248: loss 0.4852, time 323.43ms, mfu 2.18%
iter 8249: loss 0.5499, time 380.69ms, mfu 2.15%
iter 8250: loss 0.4950, time 467.78ms, mfu 2.08%
iter 8251: loss 0.4117, time 331.78ms, mfu 2.09%
iter 8252: loss 0.5203, time 456.99ms, mfu 2.03%
iter 8253: loss 0.4735, time 373.70ms, mfu 2.02%
iter 8254: loss 0.5147, time 326.38ms, mfu 2.04%
iter 8255: loss 0.5222, time 351.31ms, mfu 2.03%
iter 8256: loss 0.4601, time 354.96ms, mfu 2.03%
iter 8257: loss 0.5254, time 374.94ms, mfu 2.02%
iter 8258: loss 0.4796, time 345.51ms, mfu 2.02%
iter 8259: loss 0.5331, time 356.68ms, mfu 2.02%
iter 8260: loss 0.5202, time 496.60ms, mfu 1.96%
iter 8261: loss 0.5026, time 286.41ms, mfu 2.01%
iter 8262: loss 0.5123, time 361.73ms, mfu 2.00%
iter 8263: loss 0.5098, time 344.44ms, mfu 2.01%
iter 8264: loss 0.4811, time 366.41ms, mfu 2.00%
iter 8265: loss 0.5078, time 369.04ms, mfu 1.99%
iter 8266: loss 0.5608, time 375.35ms, mfu 1.98%
iter 8267: loss 0.5050, time 326.80ms, mfu 2.00%
iter 8268: loss 0.4403, time 406.78ms, mfu 1.98%
iter 8269: loss 0.5001, time 225.31ms, mfu 2.09%
iter 8270: loss 0.4715, time 402.53ms, mfu 2.06%
iter 8271: loss 0.4930, time 370.36ms, mfu 2.04%
iter 8272: loss 0.4713, time 373.55ms, mfu 2.03%
iter 8273: loss 0.4639, time 377.73ms, mfu 2.01%
iter 8274: loss 0.4862, time 287.23ms, mfu 2.06%
iter 8275: loss 0.5639, time 410.76ms, mfu 2.03%
iter 8276: loss 0.5019, time 359.94ms, mfu 2.02%
iter 8277: loss 0.4891, time 341.57ms, mfu 2.03%
iter 8278: loss 0.5098, time 400.46ms, mfu 2.00%
iter 8279: loss 0.4800, time 270.60ms, mfu 2.06%
iter 8280: loss 0.5129, time 326.78ms, mfu 2.07%
iter 8281: loss 0.4426, time 383.76ms, mfu 2.05%
iter 8282: loss 0.5179, time 323.79ms, mfu 2.06%
iter 8283: loss 0.4830, time 388.62ms, mfu 2.04%
iter 8284: loss 0.4857, time 238.40ms, mfu 2.13%
iter 8285: loss 0.4831, time 377.03ms, mfu 2.11%
iter 8286: loss 0.4668, time 256.23ms, mfu 2.17%
iter 8287: loss 0.5261, time 387.30ms, mfu 2.14%
iter 8288: loss 0.4985, time 368.09ms, mfu 2.12%
iter 8289: loss 0.4960, time 287.03ms, mfu 2.15%
iter 8290: loss 0.4699, time 459.54ms, mfu 2.09%
iter 8291: loss 0.4988, time 358.95ms, mfu 2.08%
iter 8292: loss 0.5701, time 313.98ms, mfu 2.10%
iter 8293: loss 0.4164, time 306.29ms, mfu 2.12%
iter 8294: loss 0.5228, time 547.24ms, mfu 2.04%
iter 8295: loss 0.5363, time 293.76ms, mfu 2.07%
iter 8296: loss 0.5889, time 301.66ms, mfu 2.10%
iter 8297: loss 0.4873, time 299.11ms, mfu 2.13%
iter 8298: loss 0.4627, time 395.85ms, mfu 2.10%
iter 8299: loss 0.5190, time 364.15ms, mfu 2.08%
iter 8300: loss 0.5252, time 751.47ms, mfu 1.97%
  === DIAG iter 8300 ===
  loss: 0.5252
  grads: total 1.0000, transformer 0.1580, adapter 0.9874
  <NUM> input tokens: 515/3072 (16.8%)
  lr: base 1.49e-04, adapter 7.43e-05
  SME accuracy: overall 0.605, sign 0.957, exp 0.927, digit 0.347, end 0.986 [d0 0.770 d1 0.247 d2 0.129 d3 0.109 d4 0.200 d5 0.303 d6 0.258 d7 0.138 d8 0.103 d9 0.636 d10 0.500 d11 0.714 d12 0.400 d13 0.250 d14 0.000] (980 SME tokens)
iter 8301: loss 0.4906, time 231.51ms, mfu 2.08%
iter 8302: loss 0.5022, time 290.13ms, mfu 2.11%
iter 8303: loss 0.5042, time 359.99ms, mfu 2.10%
iter 8304: loss 0.4982, time 412.77ms, mfu 2.06%
iter 8305: loss 0.4857, time 424.68ms, mfu 2.02%
iter 8306: loss 0.5800, time 314.05ms, mfu 2.04%
iter 8307: loss 0.4966, time 383.89ms, mfu 2.02%
iter 8308: loss 0.5201, time 289.95ms, mfu 2.07%
iter 8309: loss 0.4943, time 363.26ms, mfu 2.06%
iter 8310: loss 0.5180, time 358.03ms, mfu 2.05%
iter 8311: loss 0.5436, time 429.77ms, mfu 2.01%
iter 8312: loss 0.5088, time 368.04ms, mfu 2.00%
iter 8313: loss 0.4942, time 424.62ms, mfu 1.97%
iter 8314: loss 0.5239, time 321.85ms, mfu 1.99%
iter 8315: loss 0.4976, time 259.21ms, mfu 2.06%
iter 8316: loss 0.5463, time 488.94ms, mfu 2.00%
iter 8317: loss 0.5495, time 369.76ms, mfu 1.99%
iter 8318: loss 0.5374, time 437.72ms, mfu 1.96%
iter 8319: loss 0.5824, time 444.52ms, mfu 1.92%
iter 8320: loss 0.5284, time 363.56ms, mfu 1.92%
iter 8321: loss 0.5512, time 404.05ms, mfu 1.91%
iter 8322: loss 0.5481, time 321.92ms, mfu 1.94%
iter 8323: loss 0.5087, time 435.99ms, mfu 1.90%
iter 8324: loss 0.5205, time 362.58ms, mfu 1.91%
iter 8325: loss 0.5545, time 244.97ms, mfu 2.01%
iter 8326: loss 0.4653, time 425.39ms, mfu 1.97%
iter 8327: loss 0.4708, time 264.20ms, mfu 2.04%
iter 8328: loss 0.5446, time 380.03ms, mfu 2.03%
iter 8329: loss 0.5316, time 407.42ms, mfu 2.00%
iter 8330: loss 0.5046, time 344.11ms, mfu 2.00%
iter 8331: loss 0.5468, time 322.73ms, mfu 2.02%
iter 8332: loss 0.5151, time 304.24ms, mfu 2.05%
iter 8333: loss 0.4693, time 470.29ms, mfu 2.00%
iter 8334: loss 0.4777, time 288.15ms, mfu 2.05%
iter 8335: loss 0.5231, time 394.40ms, mfu 2.02%
iter 8336: loss 0.4891, time 428.35ms, mfu 1.98%
iter 8337: loss 0.5277, time 460.23ms, mfu 1.94%
iter 8338: loss 0.5382, time 330.89ms, mfu 1.96%
iter 8339: loss 0.5270, time 300.89ms, mfu 2.00%
iter 8340: loss 0.5239, time 362.29ms, mfu 2.00%
iter 8341: loss 0.5224, time 275.51ms, mfu 2.05%
iter 8342: loss 0.4997, time 395.18ms, mfu 2.03%
iter 8343: loss 0.4688, time 249.21ms, mfu 2.11%
iter 8344: loss 0.4987, time 413.53ms, mfu 2.07%
iter 8345: loss 0.5077, time 446.28ms, mfu 2.02%
iter 8346: loss 0.4946, time 335.09ms, mfu 2.03%
iter 8347: loss 0.5255, time 371.44ms, mfu 2.02%
iter 8348: loss 0.5362, time 346.87ms, mfu 2.02%
iter 8349: loss 0.5008, time 308.87ms, mfu 2.05%
iter 8350: loss 0.4759, time 304.84ms, mfu 2.08%
iter 8351: loss 0.5089, time 515.59ms, mfu 2.01%
iter 8352: loss 0.5107, time 484.52ms, mfu 1.95%
iter 8353: loss 0.4530, time 367.79ms, mfu 1.95%
iter 8354: loss 0.5322, time 463.70ms, mfu 1.91%
iter 8355: loss 0.5020, time 226.82ms, mfu 2.03%
iter 8356: loss 0.4887, time 450.87ms, mfu 1.98%
iter 8357: loss 0.4866, time 392.25ms, mfu 1.97%
iter 8358: loss 0.5155, time 255.44ms, mfu 2.05%
iter 8359: loss 0.4513, time 376.48ms, mfu 2.03%
iter 8360: loss 0.5152, time 379.60ms, mfu 2.01%
iter 8361: loss 0.4620, time 298.01ms, mfu 2.05%
iter 8362: loss 0.5028, time 421.76ms, mfu 2.01%
iter 8363: loss 0.5260, time 390.14ms, mfu 1.99%
iter 8364: loss 0.4818, time 298.50ms, mfu 2.03%
iter 8365: loss 0.5133, time 441.52ms, mfu 1.99%
iter 8366: loss 0.5076, time 309.79ms, mfu 2.02%
iter 8367: loss 0.5625, time 276.49ms, mfu 2.07%
iter 8368: loss 0.4717, time 323.21ms, mfu 2.09%
iter 8369: loss 0.5152, time 373.09ms, mfu 2.07%
iter 8370: loss 0.5599, time 235.09ms, mfu 2.16%
iter 8371: loss 0.4923, time 424.78ms, mfu 2.11%
iter 8372: loss 0.4547, time 370.11ms, mfu 2.09%
iter 8373: loss 0.5313, time 415.18ms, mfu 2.05%
iter 8374: loss 0.4877, time 384.51ms, mfu 2.03%
iter 8375: loss 0.5051, time 419.12ms, mfu 2.00%
iter 8376: loss 0.5206, time 296.30ms, mfu 2.04%
iter 8377: loss 0.5481, time 338.94ms, mfu 2.04%
iter 8378: loss 0.4521, time 420.11ms, mfu 2.01%
iter 8379: loss 0.4333, time 467.05ms, mfu 1.96%
iter 8380: loss 0.4921, time 417.20ms, mfu 1.93%
iter 8381: loss 0.4912, time 446.22ms, mfu 1.90%
iter 8382: loss 0.4898, time 313.07ms, mfu 1.93%
iter 8383: loss 0.5416, time 442.36ms, mfu 1.90%
iter 8384: loss 0.4335, time 296.39ms, mfu 1.95%
iter 8385: loss 0.4751, time 365.54ms, mfu 1.95%
iter 8386: loss 0.5254, time 267.97ms, mfu 2.02%
iter 8387: loss 0.4620, time 343.72ms, mfu 2.02%
iter 8388: loss 0.4344, time 375.19ms, mfu 2.01%
iter 8389: loss 0.5349, time 401.56ms, mfu 1.99%
iter 8390: loss 0.5121, time 424.45ms, mfu 1.95%
iter 8391: loss 0.5018, time 428.18ms, mfu 1.92%
iter 8392: loss 0.5020, time 464.05ms, mfu 1.88%
iter 8393: loss 0.5113, time 467.96ms, mfu 1.85%
iter 8394: loss 0.5017, time 444.30ms, mfu 1.82%
iter 8395: loss 0.4980, time 321.15ms, mfu 1.86%
iter 8396: loss 0.6251, time 313.40ms, mfu 1.90%
iter 8397: loss 0.5649, time 355.93ms, mfu 1.91%
iter 8398: loss 0.4782, time 496.85ms, mfu 1.86%
iter 8399: loss 0.4949, time 268.44ms, mfu 1.94%
iter 8400: loss 0.4793, time 625.50ms, mfu 1.86%
  === DIAG iter 8400 ===
  loss: 0.4793
  grads: total 1.0000, transformer 0.1585, adapter 0.9874
  <NUM> input tokens: 513/3072 (16.7%)
  lr: base 1.43e-04, adapter 7.17e-05
  SME accuracy: overall 0.635, sign 0.934, exp 0.917, digit 0.436, end 0.967 [d0 0.780 d1 0.267 d2 0.185 d3 0.231 d4 0.237 d5 0.343 d6 0.394 d7 0.419 d8 0.385 d9 0.769 d10 0.917 d11 0.750 d12 0.750 d13 0.636 d14 0.200] (921 SME tokens)
iter 8401: loss 0.4867, time 230.33ms, mfu 1.98%
iter 8402: loss 0.4501, time 289.42ms, mfu 2.03%
iter 8403: loss 0.4518, time 353.20ms, mfu 2.03%
iter 8404: loss 0.4779, time 377.08ms, mfu 2.01%
iter 8405: loss 0.4638, time 329.83ms, mfu 2.02%
iter 8406: loss 0.4901, time 421.74ms, mfu 1.99%
iter 8407: loss 0.5016, time 535.55ms, mfu 1.92%
iter 8408: loss 0.4377, time 244.72ms, mfu 2.02%
iter 8409: loss 0.4848, time 330.42ms, mfu 2.03%
iter 8410: loss 0.4755, time 469.46ms, mfu 1.98%
iter 8411: loss 0.5095, time 352.51ms, mfu 1.98%
iter 8412: loss 0.5020, time 417.12ms, mfu 1.96%
iter 8413: loss 0.5127, time 285.57ms, mfu 2.01%
iter 8414: loss 0.4698, time 360.76ms, mfu 2.00%
iter 8415: loss 0.4656, time 413.47ms, mfu 1.97%
iter 8416: loss 0.4681, time 408.19ms, mfu 1.95%
iter 8417: loss 0.4629, time 470.84ms, mfu 1.91%
iter 8418: loss 0.4826, time 264.49ms, mfu 1.98%
iter 8419: loss 0.5398, time 360.81ms, mfu 1.98%
iter 8420: loss 0.4887, time 354.40ms, mfu 1.98%
iter 8421: loss 0.4638, time 408.05ms, mfu 1.96%
iter 8422: loss 0.4991, time 482.05ms, mfu 1.91%
iter 8423: loss 0.4508, time 364.51ms, mfu 1.91%
iter 8424: loss 0.4837, time 530.63ms, mfu 1.86%
iter 8425: loss 0.5206, time 338.84ms, mfu 1.88%
iter 8426: loss 0.5050, time 344.84ms, mfu 1.90%
iter 8427: loss 0.4871, time 364.57ms, mfu 1.90%
iter 8428: loss 0.4963, time 248.62ms, mfu 2.00%
iter 8429: loss 0.4944, time 383.04ms, mfu 1.98%
iter 8430: loss 0.5251, time 300.72ms, mfu 2.02%
iter 8431: loss 0.4665, time 488.92ms, mfu 1.96%
iter 8432: loss 0.5235, time 357.41ms, mfu 1.96%
iter 8433: loss 0.4946, time 483.86ms, mfu 1.91%
iter 8434: loss 0.5091, time 291.62ms, mfu 1.97%
iter 8435: loss 0.5263, time 469.75ms, mfu 1.92%
iter 8436: loss 0.4758, time 373.48ms, mfu 1.92%
iter 8437: loss 0.5162, time 478.12ms, mfu 1.87%
iter 8438: loss 0.4753, time 412.41ms, mfu 1.86%
iter 8439: loss 0.4682, time 418.53ms, mfu 1.84%
iter 8440: loss 0.4842, time 352.13ms, mfu 1.86%
iter 8441: loss 0.5221, time 245.56ms, mfu 1.96%
iter 8442: loss 0.4527, time 266.92ms, mfu 2.03%
iter 8443: loss 0.5455, time 243.83ms, mfu 2.12%
iter 8444: loss 0.5104, time 315.07ms, mfu 2.13%
iter 8445: loss 0.5161, time 323.77ms, mfu 2.14%
iter 8446: loss 0.5235, time 299.23ms, mfu 2.16%
iter 8447: loss 0.4860, time 371.48ms, mfu 2.14%
iter 8448: loss 0.4454, time 386.61ms, mfu 2.11%
iter 8449: loss 0.5058, time 350.26ms, mfu 2.10%
iter 8450: loss 0.5882, time 404.11ms, mfu 2.06%
iter 8451: loss 0.4963, time 547.57ms, mfu 1.99%
iter 8452: loss 0.4605, time 321.93ms, mfu 2.01%
iter 8453: loss 0.4894, time 254.51ms, mfu 2.09%
iter 8454: loss 0.4734, time 412.97ms, mfu 2.05%
iter 8455: loss 0.5053, time 320.70ms, mfu 2.06%
iter 8456: loss 0.4811, time 357.82ms, mfu 2.06%
iter 8457: loss 0.5253, time 522.57ms, mfu 1.99%
iter 8458: loss 0.4462, time 445.19ms, mfu 1.95%
iter 8459: loss 0.5252, time 337.03ms, mfu 1.96%
iter 8460: loss 0.5137, time 249.74ms, mfu 2.05%
iter 8461: loss 0.5131, time 397.32ms, mfu 2.02%
iter 8462: loss 0.4971, time 413.48ms, mfu 1.99%
iter 8463: loss 0.4796, time 383.35ms, mfu 1.98%
iter 8464: loss 0.4873, time 357.35ms, mfu 1.98%
iter 8465: loss 0.5137, time 366.12ms, mfu 1.97%
iter 8466: loss 0.4737, time 355.26ms, mfu 1.98%
iter 8467: loss 0.4738, time 385.74ms, mfu 1.96%
iter 8468: loss 0.4415, time 350.02ms, mfu 1.97%
iter 8469: loss 0.4934, time 465.43ms, mfu 1.92%
iter 8470: loss 0.5682, time 346.97ms, mfu 1.94%
iter 8471: loss 0.4898, time 268.93ms, mfu 2.01%
iter 8472: loss 0.4665, time 380.05ms, mfu 1.99%
iter 8473: loss 0.4359, time 379.78ms, mfu 1.98%
iter 8474: loss 0.4808, time 312.72ms, mfu 2.01%
iter 8475: loss 0.5087, time 331.76ms, mfu 2.02%
iter 8476: loss 0.4508, time 537.14ms, mfu 1.95%
iter 8477: loss 0.4818, time 415.26ms, mfu 1.93%
iter 8478: loss 0.4614, time 391.64ms, mfu 1.91%
iter 8479: loss 0.4693, time 354.08ms, mfu 1.92%
iter 8480: loss 0.4483, time 413.24ms, mfu 1.90%
iter 8481: loss 0.4747, time 398.56ms, mfu 1.89%
iter 8482: loss 0.5440, time 351.29ms, mfu 1.90%
iter 8483: loss 0.5589, time 310.02ms, mfu 1.94%
iter 8484: loss 0.5664, time 365.20ms, mfu 1.94%
iter 8485: loss 0.5081, time 357.15ms, mfu 1.95%
iter 8486: loss 0.4730, time 412.92ms, mfu 1.92%
iter 8487: loss 0.4514, time 427.33ms, mfu 1.90%
iter 8488: loss 0.5074, time 406.81ms, mfu 1.88%
iter 8489: loss 0.4568, time 276.48ms, mfu 1.95%
iter 8490: loss 0.4431, time 321.54ms, mfu 1.97%
iter 8491: loss 0.4990, time 334.55ms, mfu 1.99%
iter 8492: loss 0.5088, time 350.37ms, mfu 1.99%
iter 8493: loss 0.5101, time 402.12ms, mfu 1.97%
iter 8494: loss 0.4965, time 247.55ms, mfu 2.06%
iter 8495: loss 0.4934, time 407.09ms, mfu 2.03%
iter 8496: loss 0.5419, time 454.08ms, mfu 1.98%
iter 8497: loss 0.4697, time 270.00ms, mfu 2.04%
iter 8498: loss 0.5187, time 305.03ms, mfu 2.07%
iter 8499: loss 0.5167, time 289.76ms, mfu 2.11%
iter 8500: loss 0.5129, time 652.12ms, mfu 2.01%
  === DIAG iter 8500 ===
  loss: 0.5129
  grads: total 1.0000, transformer 0.1504, adapter 0.9886
  <NUM> input tokens: 507/3072 (16.5%)
  lr: base 1.38e-04, adapter 6.91e-05
  SME accuracy: overall 0.643, sign 0.942, exp 0.957, digit 0.430, end 0.971 [d0 0.772 d1 0.318 d2 0.157 d3 0.200 d4 0.314 d5 0.343 d6 0.303 d7 0.394 d8 0.429 d9 0.765 d10 1.000 d11 0.909 d12 0.636 d13 0.500 d14 0.111] (1031 SME tokens)
iter 8501: loss 0.5679, time 222.08ms, mfu 2.13%
iter 8502: loss 0.5362, time 248.03ms, mfu 2.20%
iter 8503: loss 0.4746, time 291.24ms, mfu 2.22%
iter 8504: loss 0.4738, time 352.99ms, mfu 2.20%
iter 8505: loss 0.4546, time 346.19ms, mfu 2.19%
iter 8506: loss 0.4209, time 440.43ms, mfu 2.13%
iter 8507: loss 0.4532, time 397.53ms, mfu 2.09%
iter 8508: loss 0.4644, time 441.87ms, mfu 2.04%
iter 8509: loss 0.4496, time 321.78ms, mfu 2.06%
iter 8510: loss 0.5373, time 410.00ms, mfu 2.03%
iter 8511: loss 0.5538, time 236.99ms, mfu 2.12%
iter 8512: loss 0.5013, time 424.05ms, mfu 2.08%
iter 8513: loss 0.4613, time 307.21ms, mfu 2.10%
iter 8514: loss 0.5124, time 399.49ms, mfu 2.07%
iter 8515: loss 0.4848, time 354.38ms, mfu 2.06%
iter 8516: loss 0.4770, time 492.83ms, mfu 2.00%
iter 8517: loss 0.4994, time 223.47ms, mfu 2.12%
iter 8518: loss 0.5300, time 322.70ms, mfu 2.12%
iter 8519: loss 0.5081, time 303.69ms, mfu 2.15%
iter 8520: loss 0.4323, time 587.84ms, mfu 2.05%
iter 8521: loss 0.5425, time 441.97ms, mfu 2.01%
iter 8522: loss 0.4852, time 386.78ms, mfu 1.99%
iter 8523: loss 0.4940, time 405.30ms, mfu 1.97%
iter 8524: loss 0.5081, time 332.31ms, mfu 1.98%
iter 8525: loss 0.4936, time 523.54ms, mfu 1.92%
iter 8526: loss 0.4717, time 353.57ms, mfu 1.93%
iter 8527: loss 0.4573, time 336.15ms, mfu 1.95%
iter 8528: loss 0.4770, time 472.79ms, mfu 1.90%
iter 8529: loss 0.4994, time 246.12ms, mfu 2.00%
iter 8530: loss 0.4505, time 243.62ms, mfu 2.09%
iter 8531: loss 0.5518, time 421.41ms, mfu 2.05%
iter 8532: loss 0.4827, time 483.15ms, mfu 1.99%
iter 8533: loss 0.5128, time 351.70ms, mfu 1.99%
iter 8534: loss 0.4429, time 481.26ms, mfu 1.94%
iter 8535: loss 0.4688, time 273.69ms, mfu 2.01%
iter 8536: loss 0.5019, time 441.57ms, mfu 1.97%
iter 8537: loss 0.5079, time 298.63ms, mfu 2.01%
iter 8538: loss 0.4701, time 430.72ms, mfu 1.97%
iter 8539: loss 0.4834, time 484.60ms, mfu 1.92%
iter 8540: loss 0.4487, time 256.51ms, mfu 2.00%
iter 8541: loss 0.5363, time 416.81ms, mfu 1.97%
iter 8542: loss 0.4465, time 437.58ms, mfu 1.94%
iter 8543: loss 0.4553, time 478.28ms, mfu 1.89%
iter 8544: loss 0.4877, time 266.51ms, mfu 1.97%
iter 8545: loss 0.5063, time 340.16ms, mfu 1.98%
iter 8546: loss 0.5101, time 453.16ms, mfu 1.94%
iter 8547: loss 0.4655, time 344.91ms, mfu 1.95%
iter 8548: loss 0.4948, time 319.67ms, mfu 1.98%
iter 8549: loss 0.4727, time 294.33ms, mfu 2.02%
iter 8550: loss 0.4481, time 276.88ms, mfu 2.07%
iter 8551: loss 0.4933, time 448.43ms, mfu 2.02%
iter 8552: loss 0.4622, time 394.20ms, mfu 2.00%
iter 8553: loss 0.5323, time 420.60ms, mfu 1.97%
iter 8554: loss 0.4722, time 316.60ms, mfu 2.00%
iter 8555: loss 0.4470, time 335.18ms, mfu 2.01%
iter 8556: loss 0.4705, time 330.29ms, mfu 2.02%
iter 8557: loss 0.5966, time 373.10ms, mfu 2.01%
iter 8558: loss 0.5109, time 427.75ms, mfu 1.97%
iter 8559: loss 0.4866, time 407.15ms, mfu 1.95%
iter 8560: loss 0.4299, time 235.37ms, mfu 2.06%
iter 8561: loss 0.5236, time 434.33ms, mfu 2.01%
iter 8562: loss 0.5732, time 354.69ms, mfu 2.01%
iter 8563: loss 0.4718, time 437.87ms, mfu 1.97%
iter 8564: loss 0.4362, time 381.97ms, mfu 1.96%
iter 8565: loss 0.5306, time 403.67ms, mfu 1.94%
iter 8566: loss 0.5372, time 495.90ms, mfu 1.89%
iter 8567: loss 0.5626, time 397.58ms, mfu 1.88%
iter 8568: loss 0.5473, time 380.17ms, mfu 1.88%
iter 8569: loss 0.4895, time 322.47ms, mfu 1.91%
iter 8570: loss 0.4790, time 289.76ms, mfu 1.96%
iter 8571: loss 0.5520, time 345.13ms, mfu 1.97%
iter 8572: loss 0.5120, time 286.38ms, mfu 2.02%
iter 8573: loss 0.5286, time 380.83ms, mfu 2.01%
iter 8574: loss 0.4951, time 505.63ms, mfu 1.95%
iter 8575: loss 0.4826, time 335.99ms, mfu 1.96%
iter 8576: loss 0.5231, time 305.94ms, mfu 2.00%
iter 8577: loss 0.5225, time 421.65ms, mfu 1.97%
iter 8578: loss 0.4861, time 378.08ms, mfu 1.96%
iter 8579: loss 0.4760, time 347.04ms, mfu 1.97%
iter 8580: loss 0.5136, time 425.76ms, mfu 1.94%
iter 8581: loss 0.5356, time 311.81ms, mfu 1.97%
iter 8582: loss 0.5329, time 377.14ms, mfu 1.96%
iter 8583: loss 0.4960, time 485.23ms, mfu 1.91%
iter 8584: loss 0.4993, time 290.65ms, mfu 1.96%
iter 8585: loss 0.4854, time 335.53ms, mfu 1.98%
iter 8586: loss 0.4806, time 280.64ms, mfu 2.03%
iter 8587: loss 0.5148, time 325.91ms, mfu 2.05%
iter 8588: loss 0.4774, time 329.78ms, mfu 2.06%
iter 8589: loss 0.5689, time 341.59ms, mfu 2.06%
iter 8590: loss 0.4936, time 453.92ms, mfu 2.01%
iter 8591: loss 0.4478, time 317.16ms, mfu 2.03%
iter 8592: loss 0.4879, time 402.40ms, mfu 2.00%
iter 8593: loss 0.4721, time 394.52ms, mfu 1.98%
iter 8594: loss 0.5122, time 353.54ms, mfu 1.99%
iter 8595: loss 0.5259, time 365.69ms, mfu 1.98%
iter 8596: loss 0.5390, time 498.28ms, mfu 1.93%
iter 8597: loss 0.4808, time 480.31ms, mfu 1.88%
iter 8598: loss 0.4975, time 412.45ms, mfu 1.86%
iter 8599: loss 0.4935, time 396.89ms, mfu 1.86%
iter 8600: loss 0.5025, time 646.73ms, mfu 1.78%
  === DIAG iter 8600 ===
  loss: 0.5025
  grads: total 1.0000, transformer 0.1315, adapter 0.9913
  <NUM> input tokens: 511/3072 (16.6%)
  lr: base 1.33e-04, adapter 6.66e-05
  SME accuracy: overall 0.652, sign 0.986, exp 0.875, digit 0.429, end 0.959 [d0 0.796 d1 0.231 d2 0.181 d3 0.160 d4 0.324 d5 0.312 d6 0.367 d7 0.464 d8 0.500 d9 0.900 d10 0.429 d11 0.286 d12 0.333 d13 0.200 d14 0.000] (996 SME tokens)
iter 8601: loss 0.4605, time 192.38ms, mfu 1.97%
iter 8602: loss 0.4856, time 347.86ms, mfu 1.98%
iter 8603: loss 0.4892, time 506.53ms, mfu 1.92%
iter 8604: loss 0.5237, time 279.41ms, mfu 1.98%
iter 8605: loss 0.4789, time 370.76ms, mfu 1.97%
iter 8606: loss 0.5148, time 319.56ms, mfu 2.00%
iter 8607: loss 0.4678, time 367.95ms, mfu 1.99%
iter 8608: loss 0.4717, time 409.65ms, mfu 1.97%
iter 8609: loss 0.4873, time 477.53ms, mfu 1.92%
iter 8610: loss 0.4480, time 484.93ms, mfu 1.87%
iter 8611: loss 0.5079, time 344.59ms, mfu 1.89%
iter 8612: loss 0.4896, time 361.21ms, mfu 1.90%
iter 8613: loss 0.4521, time 346.04ms, mfu 1.91%
iter 8614: loss 0.5306, time 439.87ms, mfu 1.88%
iter 8615: loss 0.4737, time 363.24ms, mfu 1.89%
iter 8616: loss 0.5114, time 313.38ms, mfu 1.93%
iter 8617: loss 0.4671, time 366.77ms, mfu 1.93%
iter 8618: loss 0.5077, time 257.32ms, mfu 2.01%
iter 8619: loss 0.4356, time 447.04ms, mfu 1.97%
iter 8620: loss 0.4614, time 342.33ms, mfu 1.98%
iter 8621: loss 0.5116, time 360.67ms, mfu 1.98%
iter 8622: loss 0.4588, time 421.72ms, mfu 1.95%
iter 8623: loss 0.4907, time 544.21ms, mfu 1.88%
iter 8624: loss 0.4878, time 195.60ms, mfu 2.06%
iter 8625: loss 0.4852, time 362.13ms, mfu 2.05%
iter 8626: loss 0.5540, time 308.27ms, mfu 2.07%
iter 8627: loss 0.4716, time 321.81ms, mfu 2.08%
iter 8628: loss 0.4274, time 365.17ms, mfu 2.07%
iter 8629: loss 0.4682, time 339.70ms, mfu 2.07%
iter 8630: loss 0.4758, time 539.27ms, mfu 2.00%
iter 8631: loss 0.4581, time 238.71ms, mfu 2.09%
iter 8632: loss 0.4408, time 488.99ms, mfu 2.03%
iter 8633: loss 0.4514, time 315.06ms, mfu 2.05%
iter 8634: loss 0.4814, time 279.45ms, mfu 2.10%
iter 8635: loss 0.3995, time 365.31ms, mfu 2.08%
iter 8636: loss 0.4687, time 308.74ms, mfu 2.10%
iter 8637: loss 0.5067, time 453.53ms, mfu 2.05%
iter 8638: loss 0.5440, time 442.40ms, mfu 2.01%
iter 8639: loss 0.4914, time 287.94ms, mfu 2.05%
iter 8640: loss 0.4217, time 421.97ms, mfu 2.01%
iter 8641: loss 0.5439, time 449.67ms, mfu 1.97%
iter 8642: loss 0.5243, time 330.18ms, mfu 1.99%
iter 8643: loss 0.4946, time 544.34ms, mfu 1.92%
iter 8644: loss 0.5087, time 371.45ms, mfu 1.92%
iter 8645: loss 0.4925, time 408.61ms, mfu 1.90%
iter 8646: loss 0.5136, time 381.55ms, mfu 1.90%
iter 8647: loss 0.5402, time 446.70ms, mfu 1.86%
iter 8648: loss 0.5134, time 401.43ms, mfu 1.85%
iter 8649: loss 0.5283, time 399.75ms, mfu 1.85%
iter 8650: loss 0.4462, time 389.55ms, mfu 1.84%
iter 8651: loss 0.4134, time 240.52ms, mfu 1.95%
iter 8652: loss 0.5109, time 395.52ms, mfu 1.94%
iter 8653: loss 0.4780, time 366.53ms, mfu 1.94%
iter 8654: loss 0.5153, time 503.08ms, mfu 1.88%
iter 8655: loss 0.4525, time 282.06ms, mfu 1.95%
iter 8656: loss 0.4817, time 382.17ms, mfu 1.94%
iter 8657: loss 0.4844, time 392.06ms, mfu 1.93%
iter 8658: loss 0.4497, time 419.80ms, mfu 1.90%
iter 8659: loss 0.5048, time 487.89ms, mfu 1.86%
iter 8660: loss 0.5030, time 359.73ms, mfu 1.87%
iter 8661: loss 0.5223, time 437.92ms, mfu 1.84%
iter 8662: loss 0.5678, time 211.87ms, mfu 1.99%
iter 8663: loss 0.4619, time 256.38ms, mfu 2.07%
iter 8664: loss 0.5201, time 302.43ms, mfu 2.10%
iter 8665: loss 0.4620, time 432.55ms, mfu 2.05%
iter 8666: loss 0.4729, time 340.37ms, mfu 2.05%
iter 8667: loss 0.4428, time 375.63ms, mfu 2.04%
iter 8668: loss 0.4960, time 304.91ms, mfu 2.07%
iter 8669: loss 0.5484, time 398.16ms, mfu 2.04%
iter 8670: loss 0.5438, time 271.66ms, mfu 2.09%
iter 8671: loss 0.5500, time 471.68ms, mfu 2.04%
iter 8672: loss 0.5066, time 274.74ms, mfu 2.09%
iter 8673: loss 0.5055, time 333.53ms, mfu 2.09%
iter 8674: loss 0.5064, time 382.57ms, mfu 2.07%
iter 8675: loss 0.4943, time 522.98ms, mfu 2.00%
iter 8676: loss 0.4981, time 308.16ms, mfu 2.03%
iter 8677: loss 0.4208, time 284.29ms, mfu 2.07%
iter 8678: loss 0.4972, time 318.25ms, mfu 2.09%
iter 8679: loss 0.4842, time 425.94ms, mfu 2.05%
iter 8680: loss 0.5609, time 318.02ms, mfu 2.07%
iter 8681: loss 0.4990, time 270.91ms, mfu 2.12%
iter 8682: loss 0.5033, time 384.91ms, mfu 2.09%
iter 8683: loss 0.4627, time 404.46ms, mfu 2.06%
iter 8684: loss 0.5083, time 508.88ms, mfu 1.99%
iter 8685: loss 0.4750, time 286.04ms, mfu 2.04%
iter 8686: loss 0.5118, time 402.64ms, mfu 2.01%
iter 8687: loss 0.5237, time 337.52ms, mfu 2.02%
iter 8688: loss 0.4998, time 272.11ms, mfu 2.08%
iter 8689: loss 0.4783, time 534.60ms, mfu 2.00%
iter 8690: loss 0.5263, time 365.45ms, mfu 2.00%
iter 8691: loss 0.4444, time 397.46ms, mfu 1.98%
iter 8692: loss 0.4662, time 410.64ms, mfu 1.95%
iter 8693: loss 0.5548, time 307.81ms, mfu 1.99%
iter 8694: loss 0.5071, time 541.49ms, mfu 1.92%
iter 8695: loss 0.4987, time 250.49ms, mfu 2.01%
iter 8696: loss 0.4602, time 406.25ms, mfu 1.98%
iter 8697: loss 0.5189, time 561.16ms, mfu 1.91%
iter 8698: loss 0.5347, time 302.02ms, mfu 1.95%
iter 8699: loss 0.5130, time 486.93ms, mfu 1.90%
iter 8700: loss 0.4761, time 593.14ms, mfu 1.83%
  === DIAG iter 8700 ===
  loss: 0.4761
  grads: total 1.0000, transformer 0.1581, adapter 0.9874
  <NUM> input tokens: 506/3072 (16.5%)
  lr: base 1.28e-04, adapter 6.42e-05
  SME accuracy: overall 0.641, sign 0.983, exp 0.941, digit 0.424, end 0.983 [d0 0.784 d1 0.280 d2 0.177 d3 0.196 d4 0.242 d5 0.394 d6 0.355 d7 0.379 d8 0.333 d9 0.692 d10 0.636 d11 0.455 d12 0.600 d13 0.750 d14 0.714] (892 SME tokens)
iter 8701: loss 0.4862, time 210.26ms, mfu 1.99%
iter 8702: loss 0.4965, time 420.01ms, mfu 1.96%
iter 8703: loss 0.5158, time 348.08ms, mfu 1.97%
iter 8704: loss 0.5150, time 361.87ms, mfu 1.96%
iter 8705: loss 0.5023, time 250.37ms, mfu 2.05%
iter 8706: loss 0.5203, time 335.42ms, mfu 2.06%
iter 8707: loss 0.4998, time 367.54ms, mfu 2.04%
iter 8708: loss 0.4559, time 483.67ms, mfu 1.99%
iter 8709: loss 0.4827, time 474.28ms, mfu 1.94%
iter 8710: loss 0.4467, time 433.02ms, mfu 1.91%
iter 8711: loss 0.4148, time 372.35ms, mfu 1.91%
iter 8712: loss 0.5415, time 428.71ms, mfu 1.88%
iter 8713: loss 0.4720, time 447.80ms, mfu 1.85%
iter 8714: loss 0.4656, time 355.42ms, mfu 1.87%
iter 8715: loss 0.5130, time 278.16ms, mfu 1.93%
iter 8716: loss 0.4748, time 333.92ms, mfu 1.95%
iter 8717: loss 0.4972, time 421.77ms, mfu 1.93%
iter 8718: loss 0.4635, time 380.47ms, mfu 1.92%
iter 8719: loss 0.4767, time 317.76ms, mfu 1.95%
iter 8720: loss 0.4853, time 409.15ms, mfu 1.93%
iter 8721: loss 0.4851, time 340.71ms, mfu 1.94%
iter 8722: loss 0.4985, time 343.06ms, mfu 1.96%
iter 8723: loss 0.4380, time 449.86ms, mfu 1.92%
iter 8724: loss 0.5278, time 401.28ms, mfu 1.90%
iter 8725: loss 0.4951, time 320.16ms, mfu 1.93%
iter 8726: loss 0.4576, time 430.08ms, mfu 1.91%
iter 8727: loss 0.5161, time 312.50ms, mfu 1.94%
iter 8728: loss 0.4522, time 273.86ms, mfu 2.01%
iter 8729: loss 0.4591, time 360.23ms, mfu 2.00%
iter 8730: loss 0.4726, time 274.53ms, mfu 2.06%
iter 8731: loss 0.4357, time 344.51ms, mfu 2.06%
iter 8732: loss 0.4427, time 388.11ms, mfu 2.04%
iter 8733: loss 0.4853, time 351.75ms, mfu 2.03%
iter 8734: loss 0.4947, time 315.40ms, mfu 2.06%
iter 8735: loss 0.4550, time 249.22ms, mfu 2.13%
iter 8736: loss 0.5172, time 408.97ms, mfu 2.09%
iter 8737: loss 0.4735, time 494.12ms, mfu 2.03%
iter 8738: loss 0.4972, time 444.60ms, mfu 1.98%
iter 8739: loss 0.5618, time 346.25ms, mfu 1.99%
iter 8740: loss 0.4642, time 312.72ms, mfu 2.02%
iter 8741: loss 0.5049, time 479.32ms, mfu 1.96%
iter 8742: loss 0.4583, time 352.08ms, mfu 1.97%
iter 8743: loss 0.4879, time 422.18ms, mfu 1.94%
iter 8744: loss 0.4912, time 430.12ms, mfu 1.91%
iter 8745: loss 0.5459, time 456.97ms, mfu 1.88%
iter 8746: loss 0.5006, time 505.88ms, mfu 1.83%
iter 8747: loss 0.5307, time 347.01ms, mfu 1.85%
iter 8748: loss 0.5352, time 490.47ms, mfu 1.81%
iter 8749: loss 0.5168, time 376.47ms, mfu 1.82%
iter 8750: loss 0.5104, time 339.65ms, mfu 1.84%
iter 8751: loss 0.4568, time 396.24ms, mfu 1.84%
iter 8752: loss 0.4704, time 333.41ms, mfu 1.87%
iter 8753: loss 0.4422, time 406.50ms, mfu 1.85%
iter 8754: loss 0.4685, time 321.54ms, mfu 1.89%
iter 8755: loss 0.4724, time 362.44ms, mfu 1.90%
iter 8756: loss 0.4948, time 468.24ms, mfu 1.86%
iter 8757: loss 0.4488, time 442.83ms, mfu 1.83%
iter 8758: loss 0.5424, time 432.25ms, mfu 1.81%
iter 8759: loss 0.4545, time 326.09ms, mfu 1.85%
iter 8760: loss 0.5035, time 362.85ms, mfu 1.86%
iter 8761: loss 0.4859, time 388.70ms, mfu 1.86%
iter 8762: loss 0.4724, time 394.92ms, mfu 1.85%
iter 8763: loss 0.5000, time 330.28ms, mfu 1.88%
iter 8764: loss 0.4639, time 434.26ms, mfu 1.85%
iter 8765: loss 0.5092, time 500.60ms, mfu 1.81%
iter 8766: loss 0.5290, time 463.83ms, mfu 1.78%
iter 8767: loss 0.4903, time 303.12ms, mfu 1.84%
iter 8768: loss 0.5217, time 440.58ms, mfu 1.81%
iter 8769: loss 0.4984, time 325.40ms, mfu 1.85%
iter 8770: loss 0.5135, time 313.49ms, mfu 1.89%
iter 8771: loss 0.5511, time 334.90ms, mfu 1.91%
iter 8772: loss 0.5569, time 381.07ms, mfu 1.91%
iter 8773: loss 0.4657, time 537.87ms, mfu 1.85%
iter 8774: loss 0.4635, time 439.09ms, mfu 1.83%
iter 8775: loss 0.4940, time 339.32ms, mfu 1.85%
iter 8776: loss 0.5385, time 417.94ms, mfu 1.84%
iter 8777: loss 0.4724, time 285.04ms, mfu 1.90%
iter 8778: loss 0.4677, time 396.00ms, mfu 1.89%
iter 8779: loss 0.5379, time 511.77ms, mfu 1.84%
iter 8780: loss 0.4806, time 241.98ms, mfu 1.95%
iter 8781: loss 0.4814, time 335.35ms, mfu 1.97%
iter 8782: loss 0.4467, time 351.80ms, mfu 1.97%
iter 8783: loss 0.5066, time 304.82ms, mfu 2.01%
iter 8784: loss 0.4538, time 434.20ms, mfu 1.97%
iter 8785: loss 0.4684, time 246.13ms, mfu 2.06%
iter 8786: loss 0.4587, time 297.91ms, mfu 2.09%
iter 8787: loss 0.4869, time 288.42ms, mfu 2.13%
iter 8788: loss 0.5085, time 408.44ms, mfu 2.09%
iter 8789: loss 0.4980, time 351.56ms, mfu 2.08%
iter 8790: loss 0.4318, time 437.17ms, mfu 2.04%
iter 8791: loss 0.5480, time 375.33ms, mfu 2.02%
iter 8792: loss 0.5131, time 379.18ms, mfu 2.01%
iter 8793: loss 0.4945, time 288.59ms, mfu 2.05%
iter 8794: loss 0.4400, time 309.80ms, mfu 2.07%
iter 8795: loss 0.4893, time 301.88ms, mfu 2.10%
iter 8796: loss 0.5227, time 214.87ms, mfu 2.22%
iter 8797: loss 0.4968, time 335.97ms, mfu 2.21%
iter 8798: loss 0.4126, time 375.34ms, mfu 2.18%
iter 8799: loss 0.4538, time 320.79ms, mfu 2.18%
iter 8800: loss 0.5502, time 641.25ms, mfu 2.07%
  === DIAG iter 8800 ===
  loss: 0.5502
  grads: total 1.0000, transformer 0.1354, adapter 0.9908
  <NUM> input tokens: 539/3072 (17.5%)
  lr: base 1.24e-04, adapter 6.18e-05
  SME accuracy: overall 0.611, sign 0.966, exp 0.938, digit 0.373, end 0.986 [d0 0.762 d1 0.343 d2 0.080 d3 0.133 d4 0.150 d5 0.270 d6 0.306 d7 0.333 d8 0.320 d9 0.667 d10 0.700 d11 0.600 d12 0.714 d13 0.800 d14 0.500] (1085 SME tokens)
iter 8801: loss 0.4647, time 227.26ms, mfu 2.18%
iter 8802: loss 0.4839, time 251.03ms, mfu 2.24%
iter 8803: loss 0.4500, time 406.51ms, mfu 2.19%
iter 8804: loss 0.5051, time 317.61ms, mfu 2.20%
iter 8805: loss 0.4809, time 332.48ms, mfu 2.19%
iter 8806: loss 0.5361, time 464.75ms, mfu 2.12%
iter 8807: loss 0.5395, time 456.93ms, mfu 2.07%
iter 8808: loss 0.5128, time 318.30ms, mfu 2.08%
iter 8809: loss 0.4779, time 400.06ms, mfu 2.05%
iter 8810: loss 0.4565, time 301.42ms, mfu 2.08%
iter 8811: loss 0.4660, time 308.38ms, mfu 2.10%
iter 8812: loss 0.4782, time 446.08ms, mfu 2.05%
iter 8813: loss 0.4909, time 317.86ms, mfu 2.07%
iter 8814: loss 0.4030, time 470.20ms, mfu 2.01%
iter 8815: loss 0.4951, time 440.52ms, mfu 1.97%
iter 8816: loss 0.4546, time 412.97ms, mfu 1.95%
iter 8817: loss 0.5015, time 343.43ms, mfu 1.96%
iter 8818: loss 0.4333, time 337.47ms, mfu 1.97%
iter 8819: loss 0.4435, time 427.73ms, mfu 1.94%
iter 8820: loss 0.4780, time 416.10ms, mfu 1.92%
iter 8821: loss 0.5408, time 489.36ms, mfu 1.87%
iter 8822: loss 0.4762, time 353.98ms, mfu 1.88%
iter 8823: loss 0.4579, time 314.68ms, mfu 1.92%
iter 8824: loss 0.4536, time 354.73ms, mfu 1.93%
iter 8825: loss 0.4948, time 476.97ms, mfu 1.88%
iter 8826: loss 0.4328, time 345.69ms, mfu 1.90%
iter 8827: loss 0.4577, time 352.14ms, mfu 1.91%
iter 8828: loss 0.5064, time 458.24ms, mfu 1.88%
iter 8829: loss 0.4998, time 323.64ms, mfu 1.91%
iter 8830: loss 0.4911, time 460.00ms, mfu 1.87%
iter 8831: loss 0.4420, time 418.04ms, mfu 1.85%
iter 8832: loss 0.4976, time 443.23ms, mfu 1.83%
iter 8833: loss 0.4666, time 473.79ms, mfu 1.79%
iter 8834: loss 0.4526, time 229.16ms, mfu 1.92%
iter 8835: loss 0.4963, time 468.77ms, mfu 1.88%
iter 8836: loss 0.4866, time 210.65ms, mfu 2.03%
iter 8837: loss 0.5224, time 427.22ms, mfu 1.99%
iter 8838: loss 0.5633, time 247.66ms, mfu 2.08%
iter 8839: loss 0.4409, time 452.01ms, mfu 2.03%
iter 8840: loss 0.5398, time 517.19ms, mfu 1.96%
iter 8841: loss 0.5280, time 381.24ms, mfu 1.95%
iter 8842: loss 0.4214, time 299.52ms, mfu 1.99%
iter 8843: loss 0.5089, time 372.82ms, mfu 1.98%
iter 8844: loss 0.5358, time 463.57ms, mfu 1.94%
iter 8845: loss 0.5458, time 437.96ms, mfu 1.91%
iter 8846: loss 0.4950, time 348.92ms, mfu 1.92%
iter 8847: loss 0.5460, time 382.56ms, mfu 1.91%
iter 8848: loss 0.4457, time 319.00ms, mfu 1.94%
iter 8849: loss 0.5154, time 329.98ms, mfu 1.96%
iter 8850: loss 0.5298, time 372.13ms, mfu 1.96%
iter 8851: loss 0.5208, time 473.56ms, mfu 1.91%
iter 8852: loss 0.4655, time 430.00ms, mfu 1.89%
iter 8853: loss 0.5138, time 468.50ms, mfu 1.85%
iter 8854: loss 0.4883, time 312.94ms, mfu 1.89%
iter 8855: loss 0.5238, time 351.98ms, mfu 1.90%
iter 8856: loss 0.4575, time 400.81ms, mfu 1.89%
iter 8857: loss 0.4528, time 332.71ms, mfu 1.91%
iter 8858: loss 0.4573, time 317.35ms, mfu 1.95%
iter 8859: loss 0.4631, time 345.54ms, mfu 1.96%
iter 8860: loss 0.4800, time 345.34ms, mfu 1.97%
iter 8861: loss 0.5115, time 477.05ms, mfu 1.92%
iter 8862: loss 0.3998, time 373.48ms, mfu 1.92%
iter 8863: loss 0.4714, time 280.59ms, mfu 1.98%
iter 8864: loss 0.4743, time 333.48ms, mfu 1.99%
iter 8865: loss 0.4372, time 360.25ms, mfu 1.99%
iter 8866: loss 0.5430, time 346.55ms, mfu 1.99%
iter 8867: loss 0.4960, time 338.06ms, mfu 2.00%
iter 8868: loss 0.5004, time 305.51ms, mfu 2.04%
iter 8869: loss 0.4201, time 334.07ms, mfu 2.04%
iter 8870: loss 0.4466, time 331.07ms, mfu 2.05%
iter 8871: loss 0.5126, time 306.42ms, mfu 2.08%
iter 8872: loss 0.4437, time 491.37ms, mfu 2.02%
iter 8873: loss 0.4738, time 331.34ms, mfu 2.03%
iter 8874: loss 0.5084, time 450.02ms, mfu 1.98%
iter 8875: loss 0.4886, time 374.21ms, mfu 1.97%
iter 8876: loss 0.5176, time 460.57ms, mfu 1.93%
iter 8877: loss 0.4884, time 375.27ms, mfu 1.93%
iter 8878: loss 0.4081, time 474.55ms, mfu 1.88%
iter 8879: loss 0.5165, time 449.03ms, mfu 1.85%
iter 8880: loss 0.4764, time 448.63ms, mfu 1.83%
iter 8881: loss 0.4676, time 484.84ms, mfu 1.79%
iter 8882: loss 0.5345, time 439.91ms, mfu 1.77%
iter 8883: loss 0.4763, time 330.40ms, mfu 1.81%
iter 8884: loss 0.4642, time 238.44ms, mfu 1.93%
iter 8885: loss 0.4807, time 430.69ms, mfu 1.90%
iter 8886: loss 0.4858, time 431.70ms, mfu 1.87%
iter 8887: loss 0.4410, time 440.34ms, mfu 1.85%
iter 8888: loss 0.5003, time 507.37ms, mfu 1.80%
iter 8889: loss 0.5029, time 407.36ms, mfu 1.79%
iter 8890: loss 0.4784, time 398.10ms, mfu 1.79%
iter 8891: loss 0.5112, time 383.86ms, mfu 1.80%
iter 8892: loss 0.4628, time 356.38ms, mfu 1.82%
iter 8893: loss 0.4884, time 428.61ms, mfu 1.80%
iter 8894: loss 0.4936, time 208.30ms, mfu 1.96%
iter 8895: loss 0.5018, time 320.33ms, mfu 1.99%
iter 8896: loss 0.4757, time 382.89ms, mfu 1.97%
iter 8897: loss 0.4520, time 413.40ms, mfu 1.95%
iter 8898: loss 0.4917, time 378.29ms, mfu 1.94%
iter 8899: loss 0.4992, time 461.16ms, mfu 1.90%
iter 8900: loss 0.4819, time 506.52ms, mfu 1.85%
  === DIAG iter 8900 ===
  loss: 0.4819
  grads: total 1.0000, transformer 0.1473, adapter 0.9891
  <NUM> input tokens: 570/3072 (18.6%)
  lr: base 1.19e-04, adapter 5.94e-05
  SME accuracy: overall 0.683, sign 0.971, exp 0.956, digit 0.494, end 1.000 [d0 0.812 d1 0.375 d2 0.208 d3 0.333 d4 0.429 d5 0.457 d6 0.457 d7 0.406 d8 0.467 d9 0.667 d10 0.733 d11 0.600 d12 0.417 d13 0.455 d14 0.500] (1045 SME tokens)
iter 8901: loss 0.5304, time 178.61ms, mfu 2.06%
iter 8902: loss 0.5197, time 362.85ms, mfu 2.05%
iter 8903: loss 0.4831, time 387.49ms, mfu 2.03%
iter 8904: loss 0.4250, time 463.12ms, mfu 1.98%
iter 8905: loss 0.4960, time 376.42ms, mfu 1.97%
iter 8906: loss 0.5654, time 230.65ms, mfu 2.08%
iter 8907: loss 0.4949, time 349.63ms, mfu 2.07%
iter 8908: loss 0.5254, time 380.95ms, mfu 2.05%
iter 8909: loss 0.4326, time 356.65ms, mfu 2.05%
iter 8910: loss 0.5225, time 429.27ms, mfu 2.01%
iter 8911: loss 0.4713, time 412.05ms, mfu 1.98%
iter 8912: loss 0.4782, time 362.07ms, mfu 1.98%
iter 8913: loss 0.5371, time 442.11ms, mfu 1.94%
iter 8914: loss 0.4711, time 420.97ms, mfu 1.91%
iter 8915: loss 0.4505, time 324.73ms, mfu 1.94%
iter 8916: loss 0.4734, time 416.67ms, mfu 1.92%
iter 8917: loss 0.4675, time 299.39ms, mfu 1.96%
iter 8918: loss 0.5613, time 362.81ms, mfu 1.96%
iter 8919: loss 0.4691, time 468.90ms, mfu 1.92%
iter 8920: loss 0.4707, time 378.53ms, mfu 1.91%
iter 8921: loss 0.5251, time 524.85ms, mfu 1.86%
iter 8922: loss 0.5156, time 460.10ms, mfu 1.82%
iter 8923: loss 0.5207, time 307.98ms, mfu 1.87%
iter 8924: loss 0.4982, time 337.33ms, mfu 1.89%
iter 8925: loss 0.4693, time 528.14ms, mfu 1.84%
iter 8926: loss 0.5132, time 384.81ms, mfu 1.84%
iter 8927: loss 0.5012, time 288.54ms, mfu 1.90%
iter 8928: loss 0.4679, time 410.81ms, mfu 1.88%
iter 8929: loss 0.5424, time 499.93ms, mfu 1.84%
iter 8930: loss 0.5167, time 312.49ms, mfu 1.88%
iter 8931: loss 0.5063, time 495.14ms, mfu 1.84%
iter 8932: loss 0.4609, time 311.46ms, mfu 1.88%
iter 8933: loss 0.5013, time 446.42ms, mfu 1.85%
iter 8934: loss 0.4497, time 351.86ms, mfu 1.87%
iter 8935: loss 0.4644, time 339.02ms, mfu 1.89%
iter 8936: loss 0.4422, time 315.93ms, mfu 1.92%
iter 8937: loss 0.4903, time 457.34ms, mfu 1.89%
iter 8938: loss 0.4626, time 442.64ms, mfu 1.86%
iter 8939: loss 0.5521, time 452.16ms, mfu 1.83%
iter 8940: loss 0.4895, time 484.52ms, mfu 1.79%
iter 8941: loss 0.4358, time 415.40ms, mfu 1.78%
iter 8942: loss 0.5416, time 477.46ms, mfu 1.75%
iter 8943: loss 0.4698, time 280.58ms, mfu 1.83%
iter 8944: loss 0.4821, time 412.75ms, mfu 1.82%
iter 8945: loss 0.4790, time 418.74ms, mfu 1.81%
iter 8946: loss 0.4991, time 268.47ms, mfu 1.89%
iter 8947: loss 0.4565, time 511.27ms, mfu 1.84%
iter 8948: loss 0.5162, time 405.46ms, mfu 1.83%
iter 8949: loss 0.5058, time 503.23ms, mfu 1.79%
iter 8950: loss 0.4719, time 357.54ms, mfu 1.81%
iter 8951: loss 0.5018, time 289.46ms, mfu 1.87%
iter 8952: loss 0.5162, time 363.19ms, mfu 1.88%
iter 8953: loss 0.4988, time 380.38ms, mfu 1.88%
iter 8954: loss 0.5229, time 411.01ms, mfu 1.86%
iter 8955: loss 0.4983, time 230.98ms, mfu 1.98%
iter 8956: loss 0.5202, time 360.55ms, mfu 1.98%
iter 8957: loss 0.4986, time 328.76ms, mfu 2.00%
iter 8958: loss 0.5041, time 438.48ms, mfu 1.96%
iter 8959: loss 0.4619, time 380.45ms, mfu 1.95%
iter 8960: loss 0.4760, time 280.97ms, mfu 2.01%
iter 8961: loss 0.5429, time 400.09ms, mfu 1.98%
iter 8962: loss 0.5217, time 291.31ms, mfu 2.03%
iter 8963: loss 0.5280, time 412.14ms, mfu 2.00%
iter 8964: loss 0.4926, time 480.21ms, mfu 1.95%
iter 8965: loss 0.4909, time 323.81ms, mfu 1.97%
iter 8966: loss 0.5191, time 452.42ms, mfu 1.93%
iter 8967: loss 0.4719, time 502.88ms, mfu 1.88%
iter 8968: loss 0.4708, time 309.44ms, mfu 1.92%
iter 8969: loss 0.4503, time 422.00ms, mfu 1.90%
iter 8970: loss 0.4846, time 475.93ms, mfu 1.85%
iter 8971: loss 0.4938, time 340.06ms, mfu 1.88%
iter 8972: loss 0.4472, time 469.77ms, mfu 1.84%
iter 8973: loss 0.4739, time 487.48ms, mfu 1.80%
iter 8974: loss 0.5457, time 320.20ms, mfu 1.84%
iter 8975: loss 0.5035, time 522.21ms, mfu 1.79%
iter 8976: loss 0.5326, time 268.31ms, mfu 1.88%
iter 8977: loss 0.4698, time 309.44ms, mfu 1.92%
iter 8978: loss 0.4793, time 377.36ms, mfu 1.92%
iter 8979: loss 0.4697, time 364.12ms, mfu 1.92%
iter 8980: loss 0.4958, time 410.69ms, mfu 1.90%
iter 8981: loss 0.5437, time 365.25ms, mfu 1.90%
iter 8982: loss 0.5353, time 257.73ms, mfu 1.99%
iter 8983: loss 0.4987, time 335.45ms, mfu 2.00%
iter 8984: loss 0.4225, time 437.05ms, mfu 1.96%
iter 8985: loss 0.5073, time 268.76ms, mfu 2.03%
iter 8986: loss 0.4781, time 381.00ms, mfu 2.01%
iter 8987: loss 0.4656, time 429.25ms, mfu 1.98%
iter 8988: loss 0.5264, time 303.46ms, mfu 2.01%
iter 8989: loss 0.4433, time 351.35ms, mfu 2.01%
iter 8990: loss 0.4409, time 312.82ms, mfu 2.04%
iter 8991: loss 0.5620, time 438.03ms, mfu 2.00%
iter 8992: loss 0.4669, time 379.61ms, mfu 1.98%
iter 8993: loss 0.4977, time 507.77ms, mfu 1.92%
iter 8994: loss 0.4963, time 377.08ms, mfu 1.92%
iter 8995: loss 0.4891, time 340.06ms, mfu 1.94%
iter 8996: loss 0.4570, time 400.15ms, mfu 1.92%
iter 8997: loss 0.4957, time 424.41ms, mfu 1.90%
iter 8998: loss 0.5114, time 467.50ms, mfu 1.86%
iter 8999: loss 0.4651, time 421.45ms, mfu 1.84%
iter 9000: loss 0.4827, time 674.45ms, mfu 1.76%
  === DIAG iter 9000 ===
  loss: 0.4827
  grads: total 1.0000, transformer 0.1625, adapter 0.9867
  <NUM> input tokens: 551/3072 (17.9%)
  lr: base 1.14e-04, adapter 5.71e-05
  SME accuracy: overall 0.655, sign 0.957, exp 0.879, digit 0.442, end 0.986 [d0 0.832 d1 0.262 d2 0.162 d3 0.236 d4 0.286 d5 0.333 d6 0.267 d7 0.367 d8 0.269 d9 0.714 d10 0.833 d11 0.727 d12 0.667 d13 0.750 d14 0.143] (983 SME tokens)
  --- Sample eval (val) ---
  SUM: <-9.16e+08> <-6.6e+06> <0.0037> →
    target: -9.226e+08
    pred:   -8.05e+08
    error:  117600000.00

  ADD: <7e+08> + <1e+09> →
    target: 1.7e+09
    pred:   1.7e+09
    error:  0.00

  
    target: 6.562e+08 7.997e+08 9.35e+08 9.5e+08
    pred:   INVALID(unparseable) 8e+08 9e+08 9.8e+09
    error:  N/A 343616.00 35000000.00 8850000000.00

  COUNT: <2.91> <-4.11e-07> <9.3e+06> <-9.45e+06> <-5.4e+08> <-5.42e+07> <-6.7e-09> →
    target: 7
    pred:   7
    error:  0.00

  SUM: <6> <2.81e+08> →
    target: 2.81e+08
    pred:   2.81e+08
    error:  0.00

iter 9001: loss 0.4959, time 214.69ms, mfu 1.91%
iter 9002: loss 0.4967, time 395.49ms, mfu 1.90%
iter 9003: loss 0.4286, time 444.88ms, mfu 1.87%
iter 9004: loss 0.4905, time 488.10ms, mfu 1.83%
iter 9005: loss 0.4613, time 406.52ms, mfu 1.82%
iter 9006: loss 0.4892, time 357.62ms, mfu 1.84%
iter 9007: loss 0.5191, time 369.52ms, mfu 1.85%
iter 9008: loss 0.4373, time 360.83ms, mfu 1.86%
iter 9009: loss 0.5378, time 459.25ms, mfu 1.83%
iter 9010: loss 0.4675, time 407.98ms, mfu 1.82%
iter 9011: loss 0.4816, time 287.07ms, mfu 1.88%
iter 9012: loss 0.4616, time 460.82ms, mfu 1.85%
iter 9013: loss 0.4758, time 350.25ms, mfu 1.87%
iter 9014: loss 0.4742, time 319.71ms, mfu 1.90%
iter 9015: loss 0.4453, time 424.56ms, mfu 1.88%
iter 9016: loss 0.4471, time 300.14ms, mfu 1.93%
iter 9017: loss 0.4702, time 359.26ms, mfu 1.93%
iter 9018: loss 0.4638, time 398.83ms, mfu 1.92%
iter 9019: loss 0.4759, time 484.34ms, mfu 1.87%
iter 9020: loss 0.4558, time 414.78ms, mfu 1.85%
iter 9021: loss 0.4728, time 420.92ms, mfu 1.84%
iter 9022: loss 0.4707, time 525.09ms, mfu 1.79%
iter 9023: loss 0.5131, time 296.82ms, mfu 1.85%
iter 9024: loss 0.5165, time 383.84ms, mfu 1.85%
iter 9025: loss 0.4129, time 426.27ms, mfu 1.83%
iter 9026: loss 0.5379, time 501.45ms, mfu 1.79%
iter 9027: loss 0.4908, time 418.78ms, mfu 1.78%
iter 9028: loss 0.5041, time 443.82ms, mfu 1.76%
iter 9029: loss 0.4858, time 413.39ms, mfu 1.76%
iter 9030: loss 0.5029, time 329.76ms, mfu 1.79%
iter 9031: loss 0.4988, time 400.70ms, mfu 1.79%
iter 9032: loss 0.4446, time 353.46ms, mfu 1.81%
iter 9033: loss 0.4795, time 283.06ms, mfu 1.88%
iter 9034: loss 0.4973, time 295.22ms, mfu 1.93%
iter 9035: loss 0.5148, time 388.28ms, mfu 1.92%
iter 9036: loss 0.4551, time 456.39ms, mfu 1.89%
iter 9037: loss 0.4503, time 407.61ms, mfu 1.87%
iter 9038: loss 0.4534, time 445.82ms, mfu 1.84%
iter 9039: loss 0.4175, time 238.71ms, mfu 1.96%
iter 9040: loss 0.5067, time 343.65ms, mfu 1.97%
iter 9041: loss 0.4493, time 304.37ms, mfu 2.00%
iter 9042: loss 0.4604, time 403.66ms, mfu 1.98%
iter 9043: loss 0.5084, time 423.00ms, mfu 1.95%
iter 9044: loss 0.4850, time 367.05ms, mfu 1.95%
iter 9045: loss 0.4554, time 512.36ms, mfu 1.89%
iter 9046: loss 0.4925, time 555.03ms, mfu 1.83%
iter 9047: loss 0.4713, time 463.83ms, mfu 1.80%
iter 9048: loss 0.5137, time 361.03ms, mfu 1.81%
iter 9049: loss 0.4799, time 381.25ms, mfu 1.82%
iter 9050: loss 0.4781, time 316.68ms, mfu 1.86%
iter 9051: loss 0.5336, time 327.43ms, mfu 1.89%
iter 9052: loss 0.4663, time 283.95ms, mfu 1.95%
iter 9053: loss 0.4746, time 544.15ms, mfu 1.89%
iter 9054: loss 0.4678, time 542.42ms, mfu 1.83%
iter 9055: loss 0.5353, time 296.79ms, mfu 1.88%
iter 9056: loss 0.4444, time 316.33ms, mfu 1.92%
iter 9057: loss 0.4661, time 353.67ms, mfu 1.93%
iter 9058: loss 0.4464, time 251.20ms, mfu 2.02%
iter 9059: loss 0.5061, time 459.41ms, mfu 1.97%
iter 9060: loss 0.5195, time 328.07ms, mfu 1.99%
iter 9061: loss 0.4293, time 449.38ms, mfu 1.95%
iter 9062: loss 0.4666, time 307.11ms, mfu 1.98%
iter 9063: loss 0.4686, time 404.29ms, mfu 1.96%
iter 9064: loss 0.4848, time 463.15ms, mfu 1.92%
iter 9065: loss 0.4634, time 310.12ms, mfu 1.95%
iter 9066: loss 0.5084, time 449.99ms, mfu 1.92%
iter 9067: loss 0.5025, time 326.00ms, mfu 1.94%
iter 9068: loss 0.4768, time 396.98ms, mfu 1.93%
iter 9069: loss 0.4366, time 457.10ms, mfu 1.89%
iter 9070: loss 0.4477, time 405.04ms, mfu 1.88%
iter 9071: loss 0.5395, time 313.31ms, mfu 1.91%
iter 9072: loss 0.4875, time 311.54ms, mfu 1.95%
iter 9073: loss 0.4840, time 283.76ms, mfu 2.00%
iter 9074: loss 0.5314, time 387.11ms, mfu 1.99%
iter 9075: loss 0.5230, time 366.32ms, mfu 1.98%
iter 9076: loss 0.5204, time 354.84ms, mfu 1.98%
iter 9077: loss 0.4272, time 334.91ms, mfu 2.00%
iter 9078: loss 0.4970, time 406.30ms, mfu 1.97%
iter 9079: loss 0.5219, time 366.37ms, mfu 1.97%
iter 9080: loss 0.4919, time 278.13ms, mfu 2.03%
iter 9081: loss 0.4171, time 229.07ms, mfu 2.13%
iter 9082: loss 0.5158, time 461.73ms, mfu 2.07%
iter 9083: loss 0.5335, time 440.46ms, mfu 2.03%
iter 9084: loss 0.4978, time 584.80ms, mfu 1.95%
iter 9085: loss 0.5355, time 569.74ms, mfu 1.87%
iter 9086: loss 0.4514, time 398.90ms, mfu 1.87%
iter 9087: loss 0.4653, time 389.67ms, mfu 1.86%
iter 9088: loss 0.4952, time 263.26ms, mfu 1.94%
iter 9089: loss 0.4726, time 297.35ms, mfu 1.99%
iter 9090: loss 0.4967, time 439.99ms, mfu 1.95%
iter 9091: loss 0.5169, time 396.98ms, mfu 1.93%
iter 9092: loss 0.4595, time 408.65ms, mfu 1.91%
iter 9093: loss 0.5007, time 262.02ms, mfu 1.99%
iter 9094: loss 0.4742, time 453.93ms, mfu 1.95%
iter 9095: loss 0.4868, time 377.20ms, mfu 1.94%
iter 9096: loss 0.4773, time 468.91ms, mfu 1.90%
iter 9097: loss 0.5147, time 340.48ms, mfu 1.92%
iter 9098: loss 0.4771, time 423.91ms, mfu 1.89%
iter 9099: loss 0.5157, time 416.61ms, mfu 1.87%
iter 9100: loss 0.5308, time 623.64ms, mfu 1.80%
  === DIAG iter 9100 ===
  loss: 0.5308
  grads: total 1.0000, transformer 0.1217, adapter 0.9926
  <NUM> input tokens: 502/3072 (16.3%)
  lr: base 1.10e-04, adapter 5.48e-05
  SME accuracy: overall 0.634, sign 0.986, exp 0.973, digit 0.390, end 0.993 [d0 0.814 d1 0.360 d2 0.232 d3 0.148 d4 0.159 d5 0.250 d6 0.263 d7 0.270 d8 0.273 d9 0.273 d10 0.600 d11 0.750 d12 0.500 d13 1.000 d14 0.667] (1075 SME tokens)
iter 9101: loss 0.4553, time 224.60ms, mfu 1.94%
iter 9102: loss 0.5805, time 304.54ms, mfu 1.97%
iter 9103: loss 0.4531, time 340.45ms, mfu 1.99%
iter 9104: loss 0.4962, time 467.06ms, mfu 1.94%
iter 9105: loss 0.4678, time 367.55ms, mfu 1.94%
iter 9106: loss 0.5092, time 344.87ms, mfu 1.95%
iter 9107: loss 0.5042, time 305.55ms, mfu 1.99%
iter 9108: loss 0.5038, time 428.24ms, mfu 1.95%
iter 9109: loss 0.5266, time 423.74ms, mfu 1.93%
iter 9110: loss 0.4906, time 233.61ms, mfu 2.04%
iter 9111: loss 0.4789, time 339.55ms, mfu 2.04%
iter 9112: loss 0.5040, time 437.37ms, mfu 2.00%
iter 9113: loss 0.4618, time 429.17ms, mfu 1.96%
iter 9114: loss 0.4729, time 445.85ms, mfu 1.93%
iter 9115: loss 0.4908, time 343.37ms, mfu 1.94%
iter 9116: loss 0.4198, time 341.61ms, mfu 1.95%
iter 9117: loss 0.4430, time 371.07ms, mfu 1.95%
iter 9118: loss 0.4325, time 270.36ms, mfu 2.02%
iter 9119: loss 0.4785, time 317.91ms, mfu 2.04%
iter 9120: loss 0.4895, time 317.07ms, mfu 2.06%
iter 9121: loss 0.5363, time 362.70ms, mfu 2.05%
iter 9122: loss 0.4899, time 428.71ms, mfu 2.01%
iter 9123: loss 0.4945, time 560.55ms, mfu 1.93%
iter 9124: loss 0.5328, time 321.22ms, mfu 1.96%
iter 9125: loss 0.5334, time 359.13ms, mfu 1.96%
iter 9126: loss 0.5040, time 371.42ms, mfu 1.96%
iter 9127: loss 0.4509, time 344.34ms, mfu 1.97%
iter 9128: loss 0.4822, time 435.64ms, mfu 1.93%
iter 9129: loss 0.4339, time 346.33ms, mfu 1.94%
iter 9130: loss 0.4549, time 486.85ms, mfu 1.90%
iter 9131: loss 0.5351, time 405.90ms, mfu 1.88%
iter 9132: loss 0.4522, time 486.20ms, mfu 1.84%
iter 9133: loss 0.4413, time 266.26ms, mfu 1.92%
iter 9134: loss 0.4460, time 330.20ms, mfu 1.94%
iter 9135: loss 0.5513, time 427.28ms, mfu 1.91%
iter 9136: loss 0.4722, time 288.47ms, mfu 1.97%
iter 9137: loss 0.4512, time 285.72ms, mfu 2.02%
iter 9138: loss 0.5128, time 264.89ms, mfu 2.09%
iter 9139: loss 0.4251, time 276.55ms, mfu 2.13%
iter 9140: loss 0.4525, time 415.35ms, mfu 2.09%
iter 9141: loss 0.4984, time 393.44ms, mfu 2.06%
iter 9142: loss 0.5024, time 429.53ms, mfu 2.02%
iter 9143: loss 0.4812, time 367.04ms, mfu 2.01%
iter 9144: loss 0.4828, time 314.73ms, mfu 2.04%
iter 9145: loss 0.4861, time 382.14ms, mfu 2.02%
iter 9146: loss 0.4651, time 361.81ms, mfu 2.01%
iter 9147: loss 0.5131, time 528.80ms, mfu 1.94%
iter 9148: loss 0.5236, time 350.46ms, mfu 1.95%
iter 9149: loss 0.4604, time 521.65ms, mfu 1.89%
iter 9150: loss 0.4987, time 265.81ms, mfu 1.97%
iter 9151: loss 0.4883, time 467.44ms, mfu 1.92%
iter 9152: loss 0.4944, time 341.37ms, mfu 1.94%
iter 9153: loss 0.5169, time 406.38ms, mfu 1.92%
iter 9154: loss 0.5176, time 357.39ms, mfu 1.93%
iter 9155: loss 0.4790, time 391.86ms, mfu 1.91%
iter 9156: loss 0.5038, time 317.78ms, mfu 1.95%
iter 9157: loss 0.4771, time 397.23ms, mfu 1.93%
iter 9158: loss 0.4703, time 307.99ms, mfu 1.97%
iter 9159: loss 0.5697, time 403.85ms, mfu 1.95%
iter 9160: loss 0.5175, time 376.22ms, mfu 1.94%
iter 9161: loss 0.5025, time 381.83ms, mfu 1.93%
iter 9162: loss 0.5085, time 529.63ms, mfu 1.87%
iter 9163: loss 0.4395, time 417.84ms, mfu 1.85%
iter 9164: loss 0.5185, time 206.96ms, mfu 2.01%
iter 9165: loss 0.4327, time 621.95ms, mfu 1.92%
iter 9166: loss 0.5018, time 332.71ms, mfu 1.94%
iter 9167: loss 0.5096, time 387.24ms, mfu 1.93%
iter 9168: loss 0.4804, time 419.70ms, mfu 1.91%
iter 9169: loss 0.4283, time 425.23ms, mfu 1.88%
iter 9170: loss 0.4534, time 390.66ms, mfu 1.88%
iter 9171: loss 0.4987, time 326.69ms, mfu 1.91%
iter 9172: loss 0.5310, time 423.57ms, mfu 1.88%
iter 9173: loss 0.5092, time 322.05ms, mfu 1.92%
iter 9174: loss 0.5005, time 393.53ms, mfu 1.90%
iter 9175: loss 0.5024, time 412.84ms, mfu 1.89%
iter 9176: loss 0.4506, time 456.06ms, mfu 1.85%
iter 9177: loss 0.4655, time 355.65ms, mfu 1.87%
iter 9178: loss 0.4601, time 446.43ms, mfu 1.84%
iter 9179: loss 0.4498, time 483.74ms, mfu 1.80%
iter 9180: loss 0.4047, time 380.05ms, mfu 1.81%
iter 9181: loss 0.5072, time 392.17ms, mfu 1.81%
iter 9182: loss 0.4392, time 447.87ms, mfu 1.78%
iter 9183: loss 0.5118, time 394.45ms, mfu 1.79%
iter 9184: loss 0.5284, time 354.01ms, mfu 1.81%
iter 9185: loss 0.5341, time 452.60ms, mfu 1.78%
iter 9186: loss 0.4578, time 252.66ms, mfu 1.89%
iter 9187: loss 0.4321, time 463.42ms, mfu 1.85%
iter 9188: loss 0.5372, time 341.93ms, mfu 1.87%
iter 9189: loss 0.4913, time 439.59ms, mfu 1.85%
iter 9190: loss 0.4713, time 436.62ms, mfu 1.82%
iter 9191: loss 0.5045, time 386.77ms, mfu 1.82%
iter 9192: loss 0.5001, time 321.03ms, mfu 1.86%
iter 9193: loss 0.4639, time 370.65ms, mfu 1.87%
iter 9194: loss 0.4430, time 293.02ms, mfu 1.92%
iter 9195: loss 0.4403, time 297.66ms, mfu 1.97%
iter 9196: loss 0.4710, time 363.50ms, mfu 1.97%
iter 9197: loss 0.4668, time 517.19ms, mfu 1.91%
iter 9198: loss 0.4645, time 252.89ms, mfu 2.00%
iter 9199: loss 0.4812, time 448.00ms, mfu 1.96%
iter 9200: loss 0.4686, time 410.92ms, mfu 1.93%
  === DIAG iter 9200 ===
  loss: 0.4686
  grads: total 1.0000, transformer 0.1490, adapter 0.9888
  <NUM> input tokens: 522/3072 (17.0%)
  lr: base 1.05e-04, adapter 5.26e-05
  SME accuracy: overall 0.657, sign 0.970, exp 0.955, digit 0.444, end 0.977 [d0 0.844 d1 0.341 d2 0.290 d3 0.216 d4 0.395 d5 0.394 d6 0.312 d7 0.344 d8 0.241 d9 0.333 d10 0.500 d11 0.667 d12 0.429 d13 0.500 d14 0.000] (973 SME tokens)
iter 9201: loss 0.4910, time 231.07ms, mfu 2.05%
iter 9202: loss 0.5588, time 428.82ms, mfu 2.01%
iter 9203: loss 0.4519, time 392.79ms, mfu 1.99%
iter 9204: loss 0.4754, time 352.75ms, mfu 1.99%
iter 9205: loss 0.4513, time 411.60ms, mfu 1.96%
iter 9206: loss 0.4369, time 336.30ms, mfu 1.98%
iter 9207: loss 0.4609, time 424.19ms, mfu 1.95%
iter 9208: loss 0.4880, time 412.83ms, mfu 1.92%
iter 9209: loss 0.4884, time 312.44ms, mfu 1.96%
iter 9210: loss 0.4589, time 364.28ms, mfu 1.96%
iter 9211: loss 0.5284, time 263.46ms, mfu 2.03%
iter 9212: loss 0.5048, time 482.45ms, mfu 1.97%
iter 9213: loss 0.4261, time 383.53ms, mfu 1.96%
iter 9214: loss 0.4661, time 420.04ms, mfu 1.93%
iter 9215: loss 0.4945, time 263.83ms, mfu 2.01%
iter 9216: loss 0.5158, time 309.66ms, mfu 2.04%
iter 9217: loss 0.4633, time 382.07ms, mfu 2.02%
iter 9218: loss 0.4435, time 480.10ms, mfu 1.96%
iter 9219: loss 0.4521, time 519.66ms, mfu 1.90%
iter 9220: loss 0.5369, time 398.18ms, mfu 1.89%
iter 9221: loss 0.4483, time 463.15ms, mfu 1.86%
iter 9222: loss 0.5013, time 423.15ms, mfu 1.84%
iter 9223: loss 0.5047, time 271.46ms, mfu 1.91%
iter 9224: loss 0.4881, time 603.06ms, mfu 1.84%
iter 9225: loss 0.4975, time 422.44ms, mfu 1.82%
iter 9226: loss 0.4951, time 380.06ms, mfu 1.83%
iter 9227: loss 0.4894, time 336.76ms, mfu 1.86%
iter 9228: loss 0.4981, time 395.31ms, mfu 1.85%
iter 9229: loss 0.4636, time 351.57ms, mfu 1.87%
iter 9230: loss 0.4535, time 418.76ms, mfu 1.85%
iter 9231: loss 0.4404, time 355.14ms, mfu 1.86%
iter 9232: loss 0.4703, time 491.37ms, mfu 1.82%
iter 9233: loss 0.4994, time 263.43ms, mfu 1.91%
iter 9234: loss 0.5123, time 480.69ms, mfu 1.87%
iter 9235: loss 0.5350, time 329.07ms, mfu 1.89%
iter 9236: loss 0.4929, time 303.67ms, mfu 1.94%
iter 9237: loss 0.4997, time 441.30ms, mfu 1.90%
iter 9238: loss 0.4650, time 397.19ms, mfu 1.89%
iter 9239: loss 0.5012, time 287.23ms, mfu 1.95%
iter 9240: loss 0.4859, time 373.28ms, mfu 1.95%
iter 9241: loss 0.5389, time 374.97ms, mfu 1.94%
iter 9242: loss 0.4426, time 530.93ms, mfu 1.88%
iter 9243: loss 0.4838, time 491.29ms, mfu 1.84%
iter 9244: loss 0.4720, time 301.72ms, mfu 1.89%
iter 9245: loss 0.5151, time 151.95ms, mfu 2.16%
iter 9246: loss 0.4621, time 408.93ms, mfu 2.12%
iter 9247: loss 0.5025, time 496.83ms, mfu 2.05%
iter 9248: loss 0.4330, time 520.94ms, mfu 1.98%
iter 9249: loss 0.4629, time 318.06ms, mfu 2.01%
iter 9250: loss 0.4947, time 358.04ms, mfu 2.00%
iter 9251: loss 0.4500, time 350.71ms, mfu 2.01%
iter 9252: loss 0.4689, time 284.38ms, mfu 2.05%
iter 9253: loss 0.4952, time 334.15ms, mfu 2.06%
iter 9254: loss 0.4474, time 405.86ms, mfu 2.03%
iter 9255: loss 0.4846, time 509.26ms, mfu 1.97%
iter 9256: loss 0.5394, time 442.06ms, mfu 1.93%
iter 9257: loss 0.4958, time 347.65ms, mfu 1.94%
iter 9258: loss 0.4904, time 323.31ms, mfu 1.97%
iter 9259: loss 0.5036, time 363.83ms, mfu 1.96%
iter 9260: loss 0.4920, time 342.79ms, mfu 1.97%
iter 9261: loss 0.5390, time 353.70ms, mfu 1.98%
iter 9262: loss 0.4313, time 376.61ms, mfu 1.97%
iter 9263: loss 0.4691, time 357.82ms, mfu 1.97%
iter 9264: loss 0.4836, time 382.04ms, mfu 1.96%
iter 9265: loss 0.4695, time 474.36ms, mfu 1.91%
iter 9266: loss 0.5149, time 266.86ms, mfu 1.99%
iter 9267: loss 0.4991, time 421.14ms, mfu 1.96%
iter 9268: loss 0.4595, time 321.95ms, mfu 1.98%
iter 9269: loss 0.4573, time 424.63ms, mfu 1.95%
iter 9270: loss 0.4865, time 467.71ms, mfu 1.91%
iter 9271: loss 0.4869, time 281.98ms, mfu 1.97%
iter 9272: loss 0.5221, time 403.39ms, mfu 1.95%
iter 9273: loss 0.4934, time 327.57ms, mfu 1.97%
iter 9274: loss 0.4870, time 267.27ms, mfu 2.04%
iter 9275: loss 0.5117, time 408.10ms, mfu 2.01%
iter 9276: loss 0.4822, time 287.67ms, mfu 2.05%
iter 9277: loss 0.4489, time 308.13ms, mfu 2.08%
iter 9278: loss 0.4740, time 288.59ms, mfu 2.11%
iter 9279: loss 0.4418, time 322.78ms, mfu 2.12%
iter 9280: loss 0.4840, time 435.09ms, mfu 2.07%
iter 9281: loss 0.5071, time 413.44ms, mfu 2.04%
iter 9282: loss 0.4955, time 355.89ms, mfu 2.03%
iter 9283: loss 0.4747, time 367.94ms, mfu 2.02%
iter 9284: loss 0.4358, time 323.00ms, mfu 2.04%
iter 9285: loss 0.5349, time 428.63ms, mfu 2.00%
iter 9286: loss 0.5114, time 450.95ms, mfu 1.96%
iter 9287: loss 0.4420, time 351.55ms, mfu 1.96%
iter 9288: loss 0.4810, time 253.57ms, mfu 2.05%
iter 9289: loss 0.4638, time 327.77ms, mfu 2.06%
iter 9290: loss 0.4611, time 432.14ms, mfu 2.02%
iter 9291: loss 0.4866, time 217.90ms, mfu 2.14%
iter 9292: loss 0.5339, time 390.88ms, mfu 2.11%
iter 9293: loss 0.4548, time 444.24ms, mfu 2.06%
iter 9294: loss 0.4944, time 335.34ms, mfu 2.06%
iter 9295: loss 0.4815, time 325.66ms, mfu 2.07%
iter 9296: loss 0.4492, time 390.79ms, mfu 2.05%
iter 9297: loss 0.5074, time 383.79ms, mfu 2.03%
iter 9298: loss 0.4523, time 351.33ms, mfu 2.03%
iter 9299: loss 0.4604, time 332.72ms, mfu 2.04%
iter 9300: loss 0.4803, time 670.44ms, mfu 1.94%
  === DIAG iter 9300 ===
  loss: 0.4803
  grads: total 1.0000, transformer 0.1439, adapter 0.9896
  <NUM> input tokens: 512/3072 (16.7%)
  lr: base 1.01e-04, adapter 5.05e-05
  SME accuracy: overall 0.666, sign 0.977, exp 0.954, digit 0.460, end 0.985 [d0 0.869 d1 0.383 d2 0.208 d3 0.211 d4 0.324 d5 0.412 d6 0.333 d7 0.387 d8 0.357 d9 0.750 d10 0.889 d11 0.667 d12 0.125 d13 0.250 d14 0.333] (987 SME tokens)
iter 9301: loss 0.5393, time 200.22ms, mfu 2.10%
iter 9302: loss 0.4738, time 331.53ms, mfu 2.10%
iter 9303: loss 0.5034, time 356.18ms, mfu 2.09%
iter 9304: loss 0.4721, time 397.00ms, mfu 2.06%
iter 9305: loss 0.4871, time 296.94ms, mfu 2.09%
iter 9306: loss 0.4607, time 436.16ms, mfu 2.05%
iter 9307: loss 0.5205, time 295.98ms, mfu 2.08%
iter 9308: loss 0.4894, time 407.09ms, mfu 2.05%
iter 9309: loss 0.4354, time 279.71ms, mfu 2.10%
iter 9310: loss 0.4604, time 349.38ms, mfu 2.09%
iter 9311: loss 0.4560, time 543.16ms, mfu 2.01%
iter 9312: loss 0.4499, time 499.41ms, mfu 1.95%
iter 9313: loss 0.4918, time 393.78ms, mfu 1.94%
iter 9314: loss 0.4036, time 343.16ms, mfu 1.95%
iter 9315: loss 0.4363, time 333.44ms, mfu 1.97%
iter 9316: loss 0.4914, time 437.60ms, mfu 1.93%
iter 9317: loss 0.5233, time 282.23ms, mfu 1.99%
iter 9318: loss 0.5048, time 517.05ms, mfu 1.93%
iter 9319: loss 0.4922, time 403.87ms, mfu 1.91%
iter 9320: loss 0.4541, time 432.57ms, mfu 1.88%
iter 9321: loss 0.4617, time 393.45ms, mfu 1.88%
iter 9322: loss 0.4773, time 451.39ms, mfu 1.84%
iter 9323: loss 0.5175, time 265.88ms, mfu 1.93%
iter 9324: loss 0.4868, time 342.73ms, mfu 1.94%
iter 9325: loss 0.4575, time 373.72ms, mfu 1.94%
iter 9326: loss 0.4744, time 435.43ms, mfu 1.91%
iter 9327: loss 0.4332, time 413.07ms, mfu 1.89%
iter 9328: loss 0.4684, time 385.15ms, mfu 1.88%
iter 9329: loss 0.4175, time 236.43ms, mfu 1.99%
iter 9330: loss 0.4884, time 458.23ms, mfu 1.95%
iter 9331: loss 0.4175, time 292.76ms, mfu 2.00%
iter 9332: loss 0.4646, time 236.36ms, mfu 2.10%
iter 9333: loss 0.4493, time 389.06ms, mfu 2.07%
iter 9334: loss 0.4850, time 255.85ms, mfu 2.14%
iter 9335: loss 0.5243, time 370.54ms, mfu 2.12%
iter 9336: loss 0.5128, time 307.16ms, mfu 2.14%
iter 9337: loss 0.4523, time 406.16ms, mfu 2.10%
iter 9338: loss 0.5038, time 224.66ms, mfu 2.20%
iter 9339: loss 0.4686, time 392.01ms, mfu 2.16%
iter 9340: loss 0.4594, time 411.53ms, mfu 2.12%
iter 9341: loss 0.5327, time 440.39ms, mfu 2.07%
iter 9342: loss 0.5100, time 412.25ms, mfu 2.03%
iter 9343: loss 0.4385, time 373.15ms, mfu 2.02%
iter 9344: loss 0.5172, time 343.50ms, mfu 2.02%
iter 9345: loss 0.4782, time 387.19ms, mfu 2.00%
iter 9346: loss 0.5189, time 429.94ms, mfu 1.97%
iter 9347: loss 0.4831, time 438.29ms, mfu 1.93%
iter 9348: loss 0.4483, time 314.21ms, mfu 1.97%
iter 9349: loss 0.4285, time 330.57ms, mfu 1.98%
iter 9350: loss 0.5238, time 434.38ms, mfu 1.95%
iter 9351: loss 0.4567, time 369.14ms, mfu 1.95%
iter 9352: loss 0.4767, time 393.59ms, mfu 1.93%
iter 9353: loss 0.4946, time 365.76ms, mfu 1.93%
iter 9354: loss 0.5203, time 339.30ms, mfu 1.95%
iter 9355: loss 0.4697, time 407.37ms, mfu 1.93%
iter 9356: loss 0.4661, time 442.90ms, mfu 1.89%
iter 9357: loss 0.4889, time 527.55ms, mfu 1.84%
iter 9358: loss 0.4633, time 401.18ms, mfu 1.83%
iter 9359: loss 0.4669, time 380.21ms, mfu 1.83%
iter 9360: loss 0.4550, time 405.67ms, mfu 1.83%
iter 9361: loss 0.4561, time 389.08ms, mfu 1.83%
iter 9362: loss 0.4300, time 279.75ms, mfu 1.90%
iter 9363: loss 0.4792, time 485.42ms, mfu 1.85%
iter 9364: loss 0.4974, time 307.79ms, mfu 1.90%
iter 9365: loss 0.4858, time 560.12ms, mfu 1.83%
iter 9366: loss 0.4382, time 455.05ms, mfu 1.81%
iter 9367: loss 0.4682, time 272.52ms, mfu 1.89%
iter 9368: loss 0.4675, time 413.92ms, mfu 1.87%
iter 9369: loss 0.4538, time 344.26ms, mfu 1.89%
iter 9370: loss 0.4393, time 291.16ms, mfu 1.94%
iter 9371: loss 0.4522, time 340.57ms, mfu 1.96%
iter 9372: loss 0.4970, time 470.64ms, mfu 1.91%
iter 9373: loss 0.4647, time 285.97ms, mfu 1.97%
iter 9374: loss 0.4637, time 363.77ms, mfu 1.97%
iter 9375: loss 0.4623, time 238.66ms, mfu 2.07%
iter 9376: loss 0.4477, time 401.68ms, mfu 2.04%
iter 9377: loss 0.4898, time 352.11ms, mfu 2.03%
iter 9378: loss 0.5124, time 448.34ms, mfu 1.99%
iter 9379: loss 0.4508, time 215.80ms, mfu 2.12%
iter 9380: loss 0.4787, time 505.21ms, mfu 2.05%
iter 9381: loss 0.5078, time 388.81ms, mfu 2.02%
iter 9382: loss 0.5172, time 151.81ms, mfu 2.29%
iter 9383: loss 0.4520, time 474.86ms, mfu 2.21%
iter 9384: loss 0.5060, time 319.92ms, mfu 2.21%
iter 9385: loss 0.4843, time 352.19ms, mfu 2.19%
iter 9386: loss 0.5790, time 439.01ms, mfu 2.13%
iter 9387: loss 0.5278, time 318.74ms, mfu 2.14%
iter 9388: loss 0.4363, time 439.79ms, mfu 2.09%
iter 9389: loss 0.4842, time 360.51ms, mfu 2.08%
iter 9390: loss 0.5402, time 425.00ms, mfu 2.04%
iter 9391: loss 0.4089, time 213.61ms, mfu 2.16%
iter 9392: loss 0.5063, time 300.27ms, mfu 2.18%
iter 9393: loss 0.5020, time 513.30ms, mfu 2.10%
iter 9394: loss 0.5171, time 351.64ms, mfu 2.09%
iter 9395: loss 0.4590, time 466.23ms, mfu 2.04%
iter 9396: loss 0.5010, time 273.87ms, mfu 2.09%
iter 9397: loss 0.4489, time 385.66ms, mfu 2.07%
iter 9398: loss 0.4662, time 349.06ms, mfu 2.06%
iter 9399: loss 0.4691, time 382.18ms, mfu 2.04%
iter 9400: loss 0.5280, time 484.03ms, mfu 1.98%
  === DIAG iter 9400 ===
  loss: 0.5280
  grads: total 1.0000, transformer 0.1472, adapter 0.9891
  <NUM> input tokens: 550/3072 (17.9%)
  lr: base 9.68e-05, adapter 4.84e-05
  SME accuracy: overall 0.627, sign 0.986, exp 0.866, digit 0.404, end 1.000 [d0 0.759 d1 0.312 d2 0.230 d3 0.133 d4 0.278 d5 0.306 d6 0.361 d7 0.343 d8 0.355 d9 0.615 d10 0.667 d11 0.778 d12 0.625 d13 0.750 d14 0.667] (1047 SME tokens)
iter 9401: loss 0.4774, time 173.08ms, mfu 2.20%
iter 9402: loss 0.4489, time 521.75ms, mfu 2.11%
iter 9403: loss 0.5026, time 382.64ms, mfu 2.09%
iter 9404: loss 0.5347, time 306.97ms, mfu 2.11%
iter 9405: loss 0.4759, time 363.35ms, mfu 2.09%
iter 9406: loss 0.4980, time 251.39ms, mfu 2.16%
iter 9407: loss 0.4526, time 483.08ms, mfu 2.10%
iter 9408: loss 0.4397, time 269.07ms, mfu 2.15%
iter 9409: loss 0.4913, time 244.57ms, mfu 2.22%
iter 9410: loss 0.4298, time 512.20ms, mfu 2.14%
iter 9411: loss 0.4847, time 456.91ms, mfu 2.08%
iter 9412: loss 0.4968, time 306.89ms, mfu 2.10%
iter 9413: loss 0.4798, time 343.39ms, mfu 2.10%
iter 9414: loss 0.4791, time 478.70ms, mfu 2.04%
iter 9415: loss 0.5066, time 570.53ms, mfu 1.96%
iter 9416: loss 0.4957, time 249.95ms, mfu 2.05%
iter 9417: loss 0.4899, time 545.37ms, mfu 1.97%
iter 9418: loss 0.4719, time 270.29ms, mfu 2.04%
iter 9419: loss 0.5212, time 393.69ms, mfu 2.01%
iter 9420: loss 0.4753, time 364.21ms, mfu 2.01%
iter 9421: loss 0.5184, time 295.67ms, mfu 2.05%
iter 9422: loss 0.4292, time 342.35ms, mfu 2.05%
iter 9423: loss 0.4383, time 344.44ms, mfu 2.05%
iter 9424: loss 0.5363, time 465.71ms, mfu 2.00%
iter 9425: loss 0.4659, time 352.66ms, mfu 2.00%
iter 9426: loss 0.4577, time 259.87ms, mfu 2.07%
iter 9427: loss 0.4621, time 403.67ms, mfu 2.04%
iter 9428: loss 0.4936, time 427.22ms, mfu 2.00%
iter 9429: loss 0.5025, time 473.11ms, mfu 1.95%
iter 9430: loss 0.4635, time 303.48ms, mfu 1.99%
iter 9431: loss 0.4847, time 298.29ms, mfu 2.03%
iter 9432: loss 0.5153, time 291.91ms, mfu 2.07%
iter 9433: loss 0.4922, time 392.62ms, mfu 2.04%
iter 9434: loss 0.4831, time 439.15ms, mfu 2.00%
iter 9435: loss 0.4163, time 338.90ms, mfu 2.01%
iter 9436: loss 0.4497, time 409.20ms, mfu 1.98%
iter 9437: loss 0.4451, time 254.52ms, mfu 2.06%
iter 9438: loss 0.4341, time 285.67ms, mfu 2.10%
iter 9439: loss 0.4598, time 371.36ms, mfu 2.08%
iter 9440: loss 0.4528, time 455.53ms, mfu 2.03%
iter 9441: loss 0.4585, time 421.65ms, mfu 2.00%
iter 9442: loss 0.5198, time 296.84ms, mfu 2.03%
iter 9443: loss 0.4411, time 444.81ms, mfu 1.99%
iter 9444: loss 0.4725, time 331.12ms, mfu 2.01%
iter 9445: loss 0.5233, time 352.21ms, mfu 2.01%
iter 9446: loss 0.5115, time 445.12ms, mfu 1.96%
iter 9447: loss 0.4562, time 260.34ms, mfu 2.04%
iter 9448: loss 0.4649, time 240.18ms, mfu 2.13%
iter 9449: loss 0.4802, time 366.79ms, mfu 2.11%
iter 9450: loss 0.4246, time 292.09ms, mfu 2.14%
iter 9451: loss 0.4779, time 432.41ms, mfu 2.09%
iter 9452: loss 0.4404, time 370.56ms, mfu 2.07%
iter 9453: loss 0.4908, time 218.84ms, mfu 2.19%
iter 9454: loss 0.4988, time 418.89ms, mfu 2.14%
iter 9455: loss 0.4479, time 434.15ms, mfu 2.09%
iter 9456: loss 0.4227, time 254.33ms, mfu 2.16%
iter 9457: loss 0.4546, time 432.32ms, mfu 2.11%
iter 9458: loss 0.4647, time 269.81ms, mfu 2.16%
iter 9459: loss 0.4848, time 428.47ms, mfu 2.11%
iter 9460: loss 0.4724, time 292.16ms, mfu 2.14%
iter 9461: loss 0.4617, time 459.31ms, mfu 2.08%
iter 9462: loss 0.4621, time 344.72ms, mfu 2.08%
iter 9463: loss 0.5269, time 451.85ms, mfu 2.03%
iter 9464: loss 0.4901, time 346.74ms, mfu 2.03%
iter 9465: loss 0.4940, time 348.77ms, mfu 2.03%
iter 9466: loss 0.4440, time 515.93ms, mfu 1.96%
iter 9467: loss 0.4639, time 273.68ms, mfu 2.03%
iter 9468: loss 0.5226, time 372.16ms, mfu 2.01%
iter 9469: loss 0.4863, time 463.01ms, mfu 1.97%
iter 9470: loss 0.4502, time 430.44ms, mfu 1.93%
iter 9471: loss 0.4963, time 425.73ms, mfu 1.91%
iter 9472: loss 0.4533, time 390.10ms, mfu 1.90%
iter 9473: loss 0.4490, time 447.45ms, mfu 1.87%
iter 9474: loss 0.4965, time 426.19ms, mfu 1.85%
iter 9475: loss 0.4903, time 309.38ms, mfu 1.89%
iter 9476: loss 0.5103, time 343.44ms, mfu 1.91%
iter 9477: loss 0.4789, time 488.80ms, mfu 1.86%
iter 9478: loss 0.4743, time 440.50ms, mfu 1.84%
iter 9479: loss 0.4750, time 367.28ms, mfu 1.85%
iter 9480: loss 0.4825, time 376.37ms, mfu 1.85%
iter 9481: loss 0.4685, time 330.60ms, mfu 1.88%
iter 9482: loss 0.4692, time 440.38ms, mfu 1.85%
iter 9483: loss 0.4941, time 280.19ms, mfu 1.92%
iter 9484: loss 0.4920, time 401.03ms, mfu 1.90%
iter 9485: loss 0.4339, time 382.29ms, mfu 1.90%
iter 9486: loss 0.4494, time 508.49ms, mfu 1.85%
iter 9487: loss 0.4762, time 361.05ms, mfu 1.86%
iter 9488: loss 0.4572, time 475.03ms, mfu 1.82%
iter 9489: loss 0.4837, time 343.40ms, mfu 1.85%
iter 9490: loss 0.4703, time 297.83ms, mfu 1.90%
iter 9491: loss 0.4843, time 400.39ms, mfu 1.89%
iter 9492: loss 0.5122, time 329.09ms, mfu 1.91%
iter 9493: loss 0.5079, time 426.44ms, mfu 1.89%
iter 9494: loss 0.4632, time 467.20ms, mfu 1.85%
iter 9495: loss 0.4458, time 318.07ms, mfu 1.89%
iter 9496: loss 0.4797, time 412.97ms, mfu 1.87%
iter 9497: loss 0.4645, time 243.88ms, mfu 1.98%
iter 9498: loss 0.5170, time 363.97ms, mfu 1.97%
iter 9499: loss 0.4428, time 457.15ms, mfu 1.93%
iter 9500: loss 0.4734, time 433.10ms, mfu 1.90%
  === DIAG iter 9500 ===
  loss: 0.4734
  grads: total 1.0000, transformer 0.2433, adapter 0.9699
  <NUM> input tokens: 544/3072 (17.7%)
  lr: base 9.27e-05, adapter 4.64e-05
  SME accuracy: overall 0.653, sign 0.972, exp 0.951, digit 0.433, end 0.964 [d0 0.827 d1 0.312 d2 0.143 d3 0.131 d4 0.316 d5 0.257 d6 0.441 d7 0.273 d8 0.286 d9 0.583 d10 0.900 d11 1.000 d12 0.875 d13 0.750 d14 0.333] (1026 SME tokens)
iter 9501: loss 0.4776, time 239.51ms, mfu 2.01%
iter 9502: loss 0.4598, time 256.68ms, mfu 2.08%
iter 9503: loss 0.5173, time 348.88ms, mfu 2.08%
iter 9504: loss 0.5346, time 405.99ms, mfu 2.04%
iter 9505: loss 0.4877, time 353.26ms, mfu 2.04%
iter 9506: loss 0.4947, time 332.70ms, mfu 2.05%
iter 9507: loss 0.4419, time 390.80ms, mfu 2.03%
iter 9508: loss 0.4541, time 480.74ms, mfu 1.97%
iter 9509: loss 0.5015, time 460.50ms, mfu 1.93%
iter 9510: loss 0.4958, time 356.12ms, mfu 1.93%
iter 9511: loss 0.4344, time 356.64ms, mfu 1.94%
iter 9512: loss 0.4794, time 550.22ms, mfu 1.87%
iter 9513: loss 0.4926, time 316.23ms, mfu 1.91%
iter 9514: loss 0.4672, time 458.38ms, mfu 1.87%
iter 9515: loss 0.4975, time 377.60ms, mfu 1.87%
iter 9516: loss 0.5406, time 494.06ms, mfu 1.83%
iter 9517: loss 0.5281, time 460.41ms, mfu 1.80%
iter 9518: loss 0.4953, time 348.37ms, mfu 1.82%
iter 9519: loss 0.4664, time 248.09ms, mfu 1.93%
iter 9520: loss 0.5248, time 290.67ms, mfu 1.98%
iter 9521: loss 0.5142, time 396.52ms, mfu 1.96%
iter 9522: loss 0.4885, time 423.49ms, mfu 1.93%
iter 9523: loss 0.4478, time 432.64ms, mfu 1.90%
iter 9524: loss 0.4928, time 388.07ms, mfu 1.89%
iter 9525: loss 0.4927, time 220.11ms, mfu 2.03%
iter 9526: loss 0.4636, time 341.89ms, mfu 2.03%
iter 9527: loss 0.5253, time 492.45ms, mfu 1.97%
iter 9528: loss 0.4984, time 333.74ms, mfu 1.99%
iter 9529: loss 0.5127, time 392.65ms, mfu 1.97%
iter 9530: loss 0.4086, time 367.20ms, mfu 1.97%
iter 9531: loss 0.4844, time 249.86ms, mfu 2.05%
iter 9532: loss 0.4409, time 438.11ms, mfu 2.01%
iter 9533: loss 0.4663, time 389.72ms, mfu 1.99%
iter 9534: loss 0.4813, time 391.94ms, mfu 1.97%
iter 9535: loss 0.4595, time 292.61ms, mfu 2.02%
iter 9536: loss 0.5211, time 307.83ms, mfu 2.05%
iter 9537: loss 0.5283, time 412.37ms, mfu 2.01%
iter 9538: loss 0.4685, time 312.17ms, mfu 2.04%
iter 9539: loss 0.4548, time 414.59ms, mfu 2.01%
iter 9540: loss 0.4088, time 288.85ms, mfu 2.05%
iter 9541: loss 0.4457, time 482.66ms, mfu 1.99%
iter 9542: loss 0.4563, time 402.92ms, mfu 1.97%
iter 9543: loss 0.4713, time 337.09ms, mfu 1.98%
iter 9544: loss 0.5027, time 411.71ms, mfu 1.96%
iter 9545: loss 0.4919, time 473.96ms, mfu 1.91%
iter 9546: loss 0.4868, time 350.77ms, mfu 1.92%
iter 9547: loss 0.4700, time 431.26ms, mfu 1.89%
iter 9548: loss 0.4462, time 435.85ms, mfu 1.87%
iter 9549: loss 0.4814, time 334.62ms, mfu 1.89%
iter 9550: loss 0.5232, time 321.99ms, mfu 1.92%
iter 9551: loss 0.4311, time 350.37ms, mfu 1.93%
iter 9552: loss 0.4565, time 415.47ms, mfu 1.91%
iter 9553: loss 0.4858, time 425.31ms, mfu 1.89%
iter 9554: loss 0.4612, time 429.09ms, mfu 1.86%
iter 9555: loss 0.4159, time 347.11ms, mfu 1.88%
iter 9556: loss 0.4965, time 355.64ms, mfu 1.89%
iter 9557: loss 0.4046, time 247.08ms, mfu 1.99%
iter 9558: loss 0.4985, time 372.88ms, mfu 1.98%
iter 9559: loss 0.4847, time 440.70ms, mfu 1.94%
iter 9560: loss 0.5387, time 335.08ms, mfu 1.96%
iter 9561: loss 0.5481, time 340.96ms, mfu 1.97%
iter 9562: loss 0.3825, time 350.99ms, mfu 1.98%
iter 9563: loss 0.4452, time 366.41ms, mfu 1.97%
iter 9564: loss 0.5142, time 379.35ms, mfu 1.96%
iter 9565: loss 0.4756, time 426.99ms, mfu 1.93%
iter 9566: loss 0.4879, time 467.46ms, mfu 1.89%
iter 9567: loss 0.4205, time 289.36ms, mfu 1.95%
iter 9568: loss 0.4635, time 313.50ms, mfu 1.98%
iter 9569: loss 0.5051, time 299.75ms, mfu 2.02%
iter 9570: loss 0.4642, time 482.25ms, mfu 1.96%
iter 9571: loss 0.4811, time 475.63ms, mfu 1.91%
iter 9572: loss 0.4690, time 317.12ms, mfu 1.95%
iter 9573: loss 0.5225, time 462.65ms, mfu 1.91%
iter 9574: loss 0.4742, time 375.13ms, mfu 1.90%
iter 9575: loss 0.5103, time 420.55ms, mfu 1.88%
iter 9576: loss 0.4671, time 314.72ms, mfu 1.92%
iter 9577: loss 0.5005, time 261.16ms, mfu 2.00%
iter 9578: loss 0.4712, time 471.79ms, mfu 1.95%
iter 9579: loss 0.4657, time 376.10ms, mfu 1.94%
iter 9580: loss 0.4844, time 329.26ms, mfu 1.96%
iter 9581: loss 0.4658, time 462.89ms, mfu 1.92%
iter 9582: loss 0.5023, time 308.72ms, mfu 1.96%
iter 9583: loss 0.5095, time 225.95ms, mfu 2.08%
iter 9584: loss 0.4806, time 297.88ms, mfu 2.11%
iter 9585: loss 0.4814, time 323.65ms, mfu 2.11%
iter 9586: loss 0.5148, time 479.84ms, mfu 2.05%
iter 9587: loss 0.4706, time 566.23ms, mfu 1.97%
iter 9588: loss 0.4307, time 415.90ms, mfu 1.94%
iter 9589: loss 0.4428, time 367.47ms, mfu 1.94%
iter 9590: loss 0.4353, time 433.09ms, mfu 1.91%
iter 9591: loss 0.4520, time 317.59ms, mfu 1.94%
iter 9592: loss 0.4614, time 336.91ms, mfu 1.96%
iter 9593: loss 0.4967, time 471.03ms, mfu 1.91%
iter 9594: loss 0.4765, time 312.09ms, mfu 1.95%
iter 9595: loss 0.4118, time 549.53ms, mfu 1.88%
iter 9596: loss 0.4866, time 377.36ms, mfu 1.88%
iter 9597: loss 0.4638, time 231.31ms, mfu 2.00%
iter 9598: loss 0.4173, time 233.91ms, mfu 2.10%
iter 9599: loss 0.4701, time 260.38ms, mfu 2.17%
iter 9600: loss 0.4652, time 502.56ms, mfu 2.09%
  === DIAG iter 9600 ===
  loss: 0.4652
  grads: total 1.0000, transformer 0.1238, adapter 0.9923
  <NUM> input tokens: 555/3072 (18.1%)
  lr: base 8.88e-05, adapter 4.44e-05
  SME accuracy: overall 0.661, sign 0.978, exp 0.896, digit 0.428, end 0.985 [d0 0.840 d1 0.410 d2 0.182 d3 0.178 d4 0.290 d5 0.345 d6 0.286 d7 0.192 d8 0.238 d9 0.375 d10 0.500 d11 0.167 d12 0.200 d13 0.000 d14 0.000] (909 SME tokens)
iter 9601: loss 0.4951, time 173.23ms, mfu 2.29%
iter 9602: loss 0.4475, time 345.12ms, mfu 2.27%
iter 9603: loss 0.4484, time 468.26ms, mfu 2.19%
iter 9604: loss 0.4966, time 450.03ms, mfu 2.13%
iter 9605: loss 0.4664, time 366.07ms, mfu 2.11%
iter 9606: loss 0.4601, time 379.25ms, mfu 2.09%
iter 9607: loss 0.5160, time 352.52ms, mfu 2.08%
iter 9608: loss 0.4268, time 272.87ms, mfu 2.13%
iter 9609: loss 0.4432, time 337.09ms, mfu 2.13%
iter 9610: loss 0.5185, time 249.32ms, mfu 2.20%
iter 9611: loss 0.4789, time 382.98ms, mfu 2.16%
iter 9612: loss 0.5014, time 486.41ms, mfu 2.09%
iter 9613: loss 0.4783, time 511.43ms, mfu 2.02%
iter 9614: loss 0.5236, time 378.34ms, mfu 2.01%
iter 9615: loss 0.4662, time 337.89ms, mfu 2.02%
iter 9616: loss 0.4751, time 433.77ms, mfu 1.98%
iter 9617: loss 0.4467, time 336.97ms, mfu 1.99%
iter 9618: loss 0.4851, time 253.26ms, mfu 2.07%
iter 9619: loss 0.4655, time 337.78ms, mfu 2.07%
iter 9620: loss 0.4777, time 350.92ms, mfu 2.07%
iter 9621: loss 0.5041, time 411.69ms, mfu 2.03%
iter 9622: loss 0.5301, time 352.86ms, mfu 2.03%
iter 9623: loss 0.4913, time 390.68ms, mfu 2.01%
iter 9624: loss 0.5228, time 325.87ms, mfu 2.03%
iter 9625: loss 0.4576, time 476.17ms, mfu 1.97%
iter 9626: loss 0.4198, time 339.28ms, mfu 1.98%
iter 9627: loss 0.4829, time 261.21ms, mfu 2.06%
iter 9628: loss 0.4601, time 315.78ms, mfu 2.08%
iter 9629: loss 0.4483, time 219.15ms, mfu 2.19%
iter 9630: loss 0.4512, time 391.59ms, mfu 2.15%
iter 9631: loss 0.4575, time 446.71ms, mfu 2.10%
iter 9632: loss 0.5223, time 394.56ms, mfu 2.07%
iter 9633: loss 0.5002, time 430.21ms, mfu 2.02%
iter 9634: loss 0.5408, time 316.73ms, mfu 2.05%
iter 9635: loss 0.4112, time 327.16ms, mfu 2.06%
iter 9636: loss 0.4634, time 409.01ms, mfu 2.03%
iter 9637: loss 0.4794, time 346.70ms, mfu 2.03%
iter 9638: loss 0.4282, time 465.96ms, mfu 1.98%
iter 9639: loss 0.3972, time 250.06ms, mfu 2.06%
iter 9640: loss 0.4490, time 297.47ms, mfu 2.09%
iter 9641: loss 0.4162, time 385.89ms, mfu 2.07%
iter 9642: loss 0.4613, time 269.15ms, mfu 2.13%
iter 9643: loss 0.4753, time 429.91ms, mfu 2.08%
iter 9644: loss 0.4934, time 351.75ms, mfu 2.07%
iter 9645: loss 0.4703, time 404.02ms, mfu 2.04%
iter 9646: loss 0.5093, time 517.14ms, mfu 1.97%
iter 9647: loss 0.4290, time 359.62ms, mfu 1.97%
iter 9648: loss 0.4290, time 243.87ms, mfu 2.07%
iter 9649: loss 0.4892, time 442.66ms, mfu 2.02%
iter 9650: loss 0.4385, time 350.75ms, mfu 2.02%
iter 9651: loss 0.5170, time 315.68ms, mfu 2.04%
iter 9652: loss 0.4743, time 431.84ms, mfu 2.00%
iter 9653: loss 0.4675, time 351.94ms, mfu 2.00%
iter 9654: loss 0.4710, time 250.56ms, mfu 2.09%
iter 9655: loss 0.4832, time 301.79ms, mfu 2.11%
iter 9656: loss 0.4183, time 428.57ms, mfu 2.07%
iter 9657: loss 0.4726, time 363.34ms, mfu 2.05%
iter 9658: loss 0.4707, time 476.49ms, mfu 2.00%
iter 9659: loss 0.4898, time 443.78ms, mfu 1.96%
iter 9660: loss 0.4503, time 342.68ms, mfu 1.97%
iter 9661: loss 0.5043, time 424.55ms, mfu 1.94%
iter 9662: loss 0.4787, time 515.22ms, mfu 1.88%
iter 9663: loss 0.4730, time 366.01ms, mfu 1.89%
iter 9664: loss 0.4674, time 547.87ms, mfu 1.83%
iter 9665: loss 0.5002, time 208.45ms, mfu 1.99%
iter 9666: loss 0.4730, time 445.88ms, mfu 1.95%
iter 9667: loss 0.5198, time 263.94ms, mfu 2.02%
iter 9668: loss 0.4448, time 343.75ms, mfu 2.02%
iter 9669: loss 0.4562, time 333.36ms, mfu 2.03%
iter 9670: loss 0.5048, time 473.42ms, mfu 1.98%
iter 9671: loss 0.4506, time 434.18ms, mfu 1.95%
iter 9672: loss 0.4749, time 277.00ms, mfu 2.01%
iter 9673: loss 0.4950, time 416.76ms, mfu 1.98%
iter 9674: loss 0.4763, time 462.36ms, mfu 1.93%
iter 9675: loss 0.4413, time 373.60ms, mfu 1.93%
iter 9676: loss 0.4957, time 407.14ms, mfu 1.91%
iter 9677: loss 0.4556, time 238.32ms, mfu 2.02%
iter 9678: loss 0.4622, time 356.98ms, mfu 2.01%
iter 9679: loss 0.4706, time 478.73ms, mfu 1.96%
iter 9680: loss 0.5097, time 249.02ms, mfu 2.05%
iter 9681: loss 0.4701, time 340.53ms, mfu 2.05%
iter 9682: loss 0.4548, time 473.45ms, mfu 2.00%
iter 9683: loss 0.4462, time 305.97ms, mfu 2.03%
iter 9684: loss 0.4988, time 436.70ms, mfu 1.99%
iter 9685: loss 0.4297, time 387.79ms, mfu 1.97%
iter 9686: loss 0.5021, time 455.91ms, mfu 1.93%
iter 9687: loss 0.4907, time 373.82ms, mfu 1.93%
iter 9688: loss 0.4974, time 375.05ms, mfu 1.92%
iter 9689: loss 0.4996, time 413.79ms, mfu 1.90%
iter 9690: loss 0.4751, time 475.00ms, mfu 1.86%
iter 9691: loss 0.4639, time 330.11ms, mfu 1.89%
iter 9692: loss 0.4813, time 325.67ms, mfu 1.92%
iter 9693: loss 0.5297, time 460.12ms, mfu 1.88%
iter 9694: loss 0.5006, time 349.89ms, mfu 1.89%
iter 9695: loss 0.4816, time 235.28ms, mfu 2.01%
iter 9696: loss 0.5321, time 434.55ms, mfu 1.97%
iter 9697: loss 0.4531, time 399.12ms, mfu 1.95%
iter 9698: loss 0.4976, time 301.49ms, mfu 1.99%
iter 9699: loss 0.4658, time 436.16ms, mfu 1.95%
iter 9700: loss 0.4376, time 536.89ms, mfu 1.89%
  === DIAG iter 9700 ===
  loss: 0.4376
  grads: total 1.0000, transformer 0.1104, adapter 0.9939
  <NUM> input tokens: 552/3072 (18.0%)
  lr: base 8.50e-05, adapter 4.25e-05
  SME accuracy: overall 0.673, sign 0.983, exp 0.966, digit 0.455, end 1.000 [d0 0.872 d1 0.355 d2 0.262 d3 0.188 d4 0.314 d5 0.364 d6 0.281 d7 0.379 d8 0.240 d9 0.625 d10 0.714 d11 0.833 d12 0.750 d13 1.000 d14 0.667] (859 SME tokens)
iter 9701: loss 0.4610, time 208.31ms, mfu 2.04%
iter 9702: loss 0.4734, time 340.00ms, mfu 2.05%
iter 9703: loss 0.5107, time 299.86ms, mfu 2.08%
iter 9704: loss 0.5156, time 455.76ms, mfu 2.03%
iter 9705: loss 0.4694, time 412.90ms, mfu 1.99%
iter 9706: loss 0.4653, time 414.15ms, mfu 1.97%
iter 9707: loss 0.5109, time 267.41ms, mfu 2.03%
iter 9708: loss 0.4862, time 401.78ms, mfu 2.01%
iter 9709: loss 0.4355, time 284.13ms, mfu 2.06%
iter 9710: loss 0.5167, time 297.95ms, mfu 2.09%
iter 9711: loss 0.4551, time 311.36ms, mfu 2.11%
iter 9712: loss 0.4688, time 524.24ms, mfu 2.03%
iter 9713: loss 0.4262, time 379.19ms, mfu 2.02%
iter 9714: loss 0.4663, time 251.69ms, mfu 2.10%
iter 9715: loss 0.5009, time 275.54ms, mfu 2.14%
iter 9716: loss 0.4640, time 418.90ms, mfu 2.10%
iter 9717: loss 0.4409, time 490.22ms, mfu 2.03%
iter 9718: loss 0.4541, time 398.05ms, mfu 2.01%
iter 9719: loss 0.4794, time 468.13ms, mfu 1.96%
iter 9720: loss 0.4392, time 408.02ms, mfu 1.94%
iter 9721: loss 0.5052, time 394.06ms, mfu 1.92%
iter 9722: loss 0.5286, time 412.27ms, mfu 1.90%
iter 9723: loss 0.4823, time 326.35ms, mfu 1.93%
iter 9724: loss 0.4286, time 393.84ms, mfu 1.92%
iter 9725: loss 0.4650, time 298.89ms, mfu 1.96%
iter 9726: loss 0.4569, time 370.51ms, mfu 1.96%
iter 9727: loss 0.5018, time 402.39ms, mfu 1.94%
iter 9728: loss 0.4665, time 355.92ms, mfu 1.94%
iter 9729: loss 0.4406, time 393.25ms, mfu 1.93%
iter 9730: loss 0.4087, time 559.30ms, mfu 1.86%
iter 9731: loss 0.4772, time 282.17ms, mfu 1.93%
iter 9732: loss 0.5037, time 376.23ms, mfu 1.92%
iter 9733: loss 0.4998, time 546.41ms, mfu 1.86%
iter 9734: loss 0.4838, time 459.46ms, mfu 1.83%
iter 9735: loss 0.4314, time 283.28ms, mfu 1.90%
iter 9736: loss 0.5327, time 417.60ms, mfu 1.88%
iter 9737: loss 0.3945, time 445.26ms, mfu 1.85%
iter 9738: loss 0.5496, time 304.89ms, mfu 1.90%
iter 9739: loss 0.4184, time 419.78ms, mfu 1.87%
iter 9740: loss 0.4447, time 427.81ms, mfu 1.85%
iter 9741: loss 0.4880, time 355.44ms, mfu 1.87%
iter 9742: loss 0.4899, time 249.99ms, mfu 1.96%
iter 9743: loss 0.4570, time 371.30ms, mfu 1.96%
iter 9744: loss 0.4946, time 309.57ms, mfu 1.99%
iter 9745: loss 0.4611, time 391.49ms, mfu 1.97%
iter 9746: loss 0.5428, time 392.81ms, mfu 1.96%
iter 9747: loss 0.5278, time 436.81ms, mfu 1.92%
iter 9748: loss 0.4250, time 389.92ms, mfu 1.91%
iter 9749: loss 0.4840, time 278.41ms, mfu 1.98%
iter 9750: loss 0.4688, time 435.52ms, mfu 1.94%
iter 9751: loss 0.4963, time 322.61ms, mfu 1.97%
iter 9752: loss 0.4576, time 302.53ms, mfu 2.00%
iter 9753: loss 0.4286, time 325.96ms, mfu 2.02%
iter 9754: loss 0.5223, time 351.79ms, mfu 2.02%
iter 9755: loss 0.4741, time 407.71ms, mfu 1.99%
iter 9756: loss 0.4689, time 307.45ms, mfu 2.02%
iter 9757: loss 0.4872, time 450.31ms, mfu 1.98%
iter 9758: loss 0.5506, time 422.68ms, mfu 1.95%
iter 9759: loss 0.4768, time 376.83ms, mfu 1.94%
iter 9760: loss 0.4571, time 431.18ms, mfu 1.91%
iter 9761: loss 0.4714, time 385.20ms, mfu 1.90%
iter 9762: loss 0.4442, time 409.94ms, mfu 1.89%
iter 9763: loss 0.4690, time 287.95ms, mfu 1.94%
iter 9764: loss 0.4958, time 482.36ms, mfu 1.90%
iter 9765: loss 0.5020, time 464.46ms, mfu 1.86%
iter 9766: loss 0.4774, time 342.15ms, mfu 1.88%
iter 9767: loss 0.4925, time 495.68ms, mfu 1.84%
iter 9768: loss 0.4888, time 303.99ms, mfu 1.89%
iter 9769: loss 0.4679, time 342.03ms, mfu 1.90%
iter 9770: loss 0.4987, time 312.22ms, mfu 1.94%
iter 9771: loss 0.4846, time 360.18ms, mfu 1.94%
iter 9772: loss 0.4884, time 473.11ms, mfu 1.90%
iter 9773: loss 0.4756, time 352.18ms, mfu 1.91%
iter 9774: loss 0.4732, time 378.00ms, mfu 1.91%
iter 9775: loss 0.4477, time 333.69ms, mfu 1.93%
iter 9776: loss 0.4332, time 391.32ms, mfu 1.92%
iter 9777: loss 0.4567, time 377.73ms, mfu 1.91%
iter 9778: loss 0.4730, time 229.64ms, mfu 2.03%
iter 9779: loss 0.5331, time 416.25ms, mfu 2.00%
iter 9780: loss 0.4405, time 472.85ms, mfu 1.95%
iter 9781: loss 0.4766, time 374.14ms, mfu 1.94%
iter 9782: loss 0.5189, time 359.44ms, mfu 1.95%
iter 9783: loss 0.4777, time 397.65ms, mfu 1.93%
iter 9784: loss 0.5005, time 484.02ms, mfu 1.88%
iter 9785: loss 0.4509, time 361.52ms, mfu 1.89%
iter 9786: loss 0.5060, time 353.99ms, mfu 1.90%
iter 9787: loss 0.4857, time 437.00ms, mfu 1.87%
iter 9788: loss 0.4945, time 291.79ms, mfu 1.93%
iter 9789: loss 0.4105, time 251.41ms, mfu 2.02%
iter 9790: loss 0.4117, time 462.54ms, mfu 1.97%
iter 9791: loss 0.4931, time 273.23ms, mfu 2.03%
iter 9792: loss 0.4612, time 435.29ms, mfu 1.99%
iter 9793: loss 0.4580, time 444.68ms, mfu 1.95%
iter 9794: loss 0.4781, time 389.74ms, mfu 1.94%
iter 9795: loss 0.4374, time 347.96ms, mfu 1.95%
iter 9796: loss 0.4540, time 195.44ms, mfu 2.12%
iter 9797: loss 0.4683, time 376.56ms, mfu 2.09%
iter 9798: loss 0.4736, time 251.40ms, mfu 2.17%
iter 9799: loss 0.4051, time 419.26ms, mfu 2.12%
iter 9800: loss 0.4077, time 456.34ms, mfu 2.06%
  === DIAG iter 9800 ===
  loss: 0.4077
  grads: total 1.0000, transformer 0.1358, adapter 0.9907
  <NUM> input tokens: 485/3072 (15.8%)
  lr: base 8.13e-05, adapter 4.07e-05
  SME accuracy: overall 0.725, sign 0.968, exp 0.976, digit 0.525, end 0.992 [d0 0.868 d1 0.463 d2 0.231 d3 0.244 d4 0.276 d5 0.276 d6 0.560 d7 0.417 d8 0.238 d9 0.900 d10 0.875 d11 0.857 d12 0.833 d13 0.667 d14 0.600] (840 SME tokens)
iter 9801: loss 0.4882, time 224.29ms, mfu 2.17%
iter 9802: loss 0.5258, time 339.99ms, mfu 2.16%
iter 9803: loss 0.4952, time 302.06ms, mfu 2.18%
iter 9804: loss 0.4920, time 426.42ms, mfu 2.13%
iter 9805: loss 0.4941, time 482.03ms, mfu 2.06%
iter 9806: loss 0.5039, time 299.52ms, mfu 2.09%
iter 9807: loss 0.4840, time 474.35ms, mfu 2.03%
iter 9808: loss 0.4880, time 336.54ms, mfu 2.04%
iter 9809: loss 0.4547, time 260.91ms, mfu 2.11%
iter 9810: loss 0.4469, time 607.06ms, mfu 2.01%
iter 9811: loss 0.4359, time 392.57ms, mfu 1.99%
iter 9812: loss 0.5575, time 268.38ms, mfu 2.06%
iter 9813: loss 0.5293, time 288.23ms, mfu 2.10%
iter 9814: loss 0.4602, time 475.69ms, mfu 2.04%
iter 9815: loss 0.4616, time 455.82ms, mfu 1.99%
iter 9816: loss 0.4691, time 486.61ms, mfu 1.94%
iter 9817: loss 0.5090, time 287.95ms, mfu 1.99%
iter 9818: loss 0.4805, time 316.03ms, mfu 2.01%
iter 9819: loss 0.4846, time 250.61ms, mfu 2.10%
iter 9820: loss 0.4810, time 418.67ms, mfu 2.05%
iter 9821: loss 0.4383, time 255.86ms, mfu 2.13%
iter 9822: loss 0.4719, time 438.11ms, mfu 2.08%
iter 9823: loss 0.4835, time 430.88ms, mfu 2.03%
iter 9824: loss 0.5268, time 263.54ms, mfu 2.10%
iter 9825: loss 0.4913, time 324.31ms, mfu 2.11%
iter 9826: loss 0.4971, time 471.92ms, mfu 2.05%
iter 9827: loss 0.4386, time 419.16ms, mfu 2.01%
iter 9828: loss 0.4505, time 400.20ms, mfu 1.99%
iter 9829: loss 0.5455, time 250.37ms, mfu 2.07%
iter 9830: loss 0.4943, time 350.62ms, mfu 2.07%
iter 9831: loss 0.4992, time 429.02ms, mfu 2.02%
iter 9832: loss 0.4759, time 423.24ms, mfu 1.99%
iter 9833: loss 0.4516, time 473.25ms, mfu 1.94%
iter 9834: loss 0.5106, time 362.78ms, mfu 1.94%
iter 9835: loss 0.5134, time 434.77ms, mfu 1.91%
iter 9836: loss 0.4708, time 393.74ms, mfu 1.90%
iter 9837: loss 0.4908, time 348.41ms, mfu 1.91%
iter 9838: loss 0.4467, time 477.42ms, mfu 1.87%
iter 9839: loss 0.4847, time 356.09ms, mfu 1.88%
iter 9840: loss 0.4847, time 454.20ms, mfu 1.85%
iter 9841: loss 0.4382, time 242.84ms, mfu 1.96%
iter 9842: loss 0.4816, time 359.20ms, mfu 1.96%
iter 9843: loss 0.4925, time 303.11ms, mfu 2.00%
iter 9844: loss 0.4389, time 432.09ms, mfu 1.96%
iter 9845: loss 0.5103, time 322.97ms, mfu 1.98%
iter 9846: loss 0.4774, time 334.88ms, mfu 2.00%
iter 9847: loss 0.5405, time 398.37ms, mfu 1.98%
iter 9848: loss 0.5011, time 434.03ms, mfu 1.94%
iter 9849: loss 0.4756, time 366.75ms, mfu 1.94%
iter 9850: loss 0.4371, time 306.85ms, mfu 1.98%
iter 9851: loss 0.5188, time 476.51ms, mfu 1.93%
iter 9852: loss 0.4383, time 341.08ms, mfu 1.94%
iter 9853: loss 0.4879, time 306.55ms, mfu 1.98%
iter 9854: loss 0.4962, time 361.61ms, mfu 1.98%
iter 9855: loss 0.4616, time 437.01ms, mfu 1.94%
iter 9856: loss 0.4585, time 211.12ms, mfu 2.08%
iter 9857: loss 0.4367, time 387.11ms, mfu 2.06%
iter 9858: loss 0.4293, time 403.77ms, mfu 2.03%
iter 9859: loss 0.5199, time 486.29ms, mfu 1.97%
iter 9860: loss 0.4846, time 383.65ms, mfu 1.96%
iter 9861: loss 0.4582, time 354.05ms, mfu 1.96%
iter 9862: loss 0.5164, time 247.63ms, mfu 2.05%
iter 9863: loss 0.4742, time 217.48ms, mfu 2.17%
iter 9864: loss 0.4515, time 334.13ms, mfu 2.17%
iter 9865: loss 0.4689, time 293.31ms, mfu 2.19%
iter 9866: loss 0.5447, time 443.67ms, mfu 2.13%
iter 9867: loss 0.4565, time 404.54ms, mfu 2.10%
iter 9868: loss 0.5024, time 216.95ms, mfu 2.21%
iter 9869: loss 0.5681, time 402.60ms, mfu 2.17%
iter 9870: loss 0.5147, time 374.36ms, mfu 2.14%
iter 9871: loss 0.4893, time 313.33ms, mfu 2.15%
iter 9872: loss 0.4888, time 360.48ms, mfu 2.13%
iter 9873: loss 0.4412, time 422.74ms, mfu 2.09%
iter 9874: loss 0.4892, time 332.59ms, mfu 2.09%
iter 9875: loss 0.4425, time 444.17ms, mfu 2.04%
iter 9876: loss 0.4711, time 409.11ms, mfu 2.01%
iter 9877: loss 0.4978, time 324.19ms, mfu 2.03%
iter 9878: loss 0.4712, time 451.15ms, mfu 1.98%
iter 9879: loss 0.5083, time 427.67ms, mfu 1.95%
iter 9880: loss 0.4705, time 480.77ms, mfu 1.90%
iter 9881: loss 0.4474, time 305.19ms, mfu 1.94%
iter 9882: loss 0.4847, time 364.46ms, mfu 1.94%
iter 9883: loss 0.4459, time 478.19ms, mfu 1.90%
iter 9884: loss 0.5186, time 348.59ms, mfu 1.91%
iter 9885: loss 0.4360, time 455.70ms, mfu 1.88%
iter 9886: loss 0.5195, time 343.29ms, mfu 1.90%
iter 9887: loss 0.5263, time 387.72ms, mfu 1.89%
iter 9888: loss 0.4838, time 414.97ms, mfu 1.87%
iter 9889: loss 0.5045, time 319.92ms, mfu 1.90%
iter 9890: loss 0.4293, time 356.25ms, mfu 1.91%
iter 9891: loss 0.4424, time 456.46ms, mfu 1.88%
iter 9892: loss 0.4922, time 413.74ms, mfu 1.86%
iter 9893: loss 0.4745, time 532.40ms, mfu 1.81%
iter 9894: loss 0.4720, time 326.72ms, mfu 1.84%
iter 9895: loss 0.5462, time 317.52ms, mfu 1.88%
iter 9896: loss 0.5015, time 446.51ms, mfu 1.85%
iter 9897: loss 0.4614, time 414.90ms, mfu 1.84%
iter 9898: loss 0.4296, time 321.44ms, mfu 1.88%
iter 9899: loss 0.4575, time 475.06ms, mfu 1.84%
iter 9900: loss 0.4376, time 566.58ms, mfu 1.78%
  === DIAG iter 9900 ===
  loss: 0.4376
  grads: total 1.0000, transformer 0.1391, adapter 0.9903
  <NUM> input tokens: 554/3072 (18.0%)
  lr: base 7.78e-05, adapter 3.89e-05
  SME accuracy: overall 0.713, sign 0.976, exp 0.968, digit 0.549, end 0.976 [d0 0.911 d1 0.402 d2 0.328 d3 0.279 d4 0.500 d5 0.500 d6 0.467 d7 0.400 d8 0.517 d9 0.773 d10 0.682 d11 0.571 d12 0.588 d13 0.429 d14 0.200] (973 SME tokens)
iter 9901: loss 0.4928, time 255.68ms, mfu 1.88%
iter 9902: loss 0.4810, time 231.28ms, mfu 2.00%
iter 9903: loss 0.4855, time 285.01ms, mfu 2.05%
iter 9904: loss 0.4629, time 328.42ms, mfu 2.06%
iter 9905: loss 0.4953, time 362.93ms, mfu 2.05%
iter 9906: loss 0.4245, time 350.57ms, mfu 2.04%
iter 9907: loss 0.4804, time 222.60ms, mfu 2.16%
iter 9908: loss 0.4872, time 350.81ms, mfu 2.14%
iter 9909: loss 0.4750, time 452.23ms, mfu 2.09%
iter 9910: loss 0.4501, time 410.07ms, mfu 2.05%
iter 9911: loss 0.4900, time 358.30ms, mfu 2.04%
iter 9912: loss 0.4845, time 413.17ms, mfu 2.01%
iter 9913: loss 0.4772, time 261.11ms, mfu 2.08%
iter 9914: loss 0.5159, time 445.09ms, mfu 2.03%
iter 9915: loss 0.4385, time 410.69ms, mfu 2.00%
iter 9916: loss 0.4980, time 345.40ms, mfu 2.01%
iter 9917: loss 0.4796, time 403.55ms, mfu 1.98%
iter 9918: loss 0.4842, time 375.62ms, mfu 1.97%
iter 9919: loss 0.4977, time 303.80ms, mfu 2.01%
iter 9920: loss 0.4636, time 365.21ms, mfu 2.00%
iter 9921: loss 0.4406, time 379.69ms, mfu 1.99%
iter 9922: loss 0.4407, time 316.37ms, mfu 2.01%
iter 9923: loss 0.4903, time 507.16ms, mfu 1.95%
iter 9924: loss 0.5481, time 352.71ms, mfu 1.96%
iter 9925: loss 0.5282, time 280.46ms, mfu 2.01%
iter 9926: loss 0.4338, time 391.37ms, mfu 1.99%
iter 9927: loss 0.4685, time 267.08ms, mfu 2.06%
iter 9928: loss 0.4672, time 541.51ms, mfu 1.98%
iter 9929: loss 0.4711, time 334.09ms, mfu 2.00%
iter 9930: loss 0.4450, time 421.01ms, mfu 1.97%
iter 9931: loss 0.5354, time 378.00ms, mfu 1.96%
iter 9932: loss 0.4176, time 328.63ms, mfu 1.98%
iter 9933: loss 0.4808, time 396.26ms, mfu 1.96%
iter 9934: loss 0.4696, time 331.62ms, mfu 1.98%
iter 9935: loss 0.4666, time 486.23ms, mfu 1.92%
iter 9936: loss 0.4617, time 347.94ms, mfu 1.94%
iter 9937: loss 0.4552, time 319.26ms, mfu 1.96%
iter 9938: loss 0.4844, time 286.60ms, mfu 2.02%
iter 9939: loss 0.4543, time 314.91ms, mfu 2.04%
iter 9940: loss 0.5481, time 368.89ms, mfu 2.03%
iter 9941: loss 0.4345, time 207.56ms, mfu 2.17%
iter 9942: loss 0.5189, time 375.76ms, mfu 2.14%
iter 9943: loss 0.4407, time 334.84ms, mfu 2.14%
iter 9944: loss 0.4626, time 410.82ms, mfu 2.09%
iter 9945: loss 0.4742, time 316.53ms, mfu 2.11%
iter 9946: loss 0.4510, time 402.59ms, mfu 2.07%
iter 9947: loss 0.5004, time 439.35ms, mfu 2.03%
iter 9948: loss 0.4382, time 335.29ms, mfu 2.04%
iter 9949: loss 0.4815, time 516.15ms, mfu 1.97%
iter 9950: loss 0.5268, time 420.32ms, mfu 1.94%
iter 9951: loss 0.4925, time 323.97ms, mfu 1.97%
iter 9952: loss 0.4646, time 365.10ms, mfu 1.96%
iter 9953: loss 0.4933, time 380.23ms, mfu 1.95%
iter 9954: loss 0.4943, time 355.99ms, mfu 1.96%
iter 9955: loss 0.4904, time 284.25ms, mfu 2.01%
iter 9956: loss 0.4979, time 308.36ms, mfu 2.04%
iter 9957: loss 0.4838, time 455.59ms, mfu 1.99%
iter 9958: loss 0.4915, time 322.76ms, mfu 2.01%
iter 9959: loss 0.4471, time 381.49ms, mfu 2.00%
iter 9960: loss 0.4402, time 371.90ms, mfu 1.99%
iter 9961: loss 0.4709, time 441.18ms, mfu 1.95%
iter 9962: loss 0.4631, time 318.10ms, mfu 1.98%
iter 9963: loss 0.4806, time 392.28ms, mfu 1.96%
iter 9964: loss 0.4730, time 437.53ms, mfu 1.93%
iter 9965: loss 0.4826, time 302.35ms, mfu 1.97%
iter 9966: loss 0.5088, time 445.01ms, mfu 1.93%
iter 9967: loss 0.4352, time 364.62ms, mfu 1.93%
iter 9968: loss 0.4422, time 563.39ms, mfu 1.86%
iter 9969: loss 0.4539, time 439.43ms, mfu 1.84%
iter 9970: loss 0.4595, time 499.09ms, mfu 1.80%
iter 9971: loss 0.4980, time 284.68ms, mfu 1.87%
iter 9972: loss 0.4575, time 487.64ms, mfu 1.83%
iter 9973: loss 0.4363, time 384.38ms, mfu 1.83%
iter 9974: loss 0.4644, time 413.16ms, mfu 1.82%
iter 9975: loss 0.4524, time 339.61ms, mfu 1.84%
iter 9976: loss 0.4752, time 462.35ms, mfu 1.81%
iter 9977: loss 0.4762, time 289.19ms, mfu 1.88%
iter 9978: loss 0.5095, time 265.52ms, mfu 1.96%
iter 9979: loss 0.4298, time 317.45ms, mfu 1.98%
iter 9980: loss 0.4793, time 276.47ms, mfu 2.04%
iter 9981: loss 0.4844, time 417.93ms, mfu 2.01%
iter 9982: loss 0.4873, time 270.78ms, mfu 2.07%
iter 9983: loss 0.4698, time 277.38ms, mfu 2.12%
iter 9984: loss 0.4641, time 350.60ms, mfu 2.11%
iter 9985: loss 0.4112, time 422.02ms, mfu 2.06%
iter 9986: loss 0.4980, time 389.32ms, mfu 2.04%
iter 9987: loss 0.4226, time 368.01ms, mfu 2.03%
iter 9988: loss 0.4441, time 449.97ms, mfu 1.98%
iter 9989: loss 0.4671, time 475.03ms, mfu 1.93%
iter 9990: loss 0.4719, time 422.80ms, mfu 1.91%
iter 9991: loss 0.4156, time 434.10ms, mfu 1.88%
iter 9992: loss 0.4964, time 387.38ms, mfu 1.88%
iter 9993: loss 0.5194, time 412.45ms, mfu 1.86%
iter 9994: loss 0.4765, time 347.72ms, mfu 1.88%
iter 9995: loss 0.4424, time 432.81ms, mfu 1.85%
iter 9996: loss 0.4833, time 246.67ms, mfu 1.96%
iter 9997: loss 0.5173, time 432.77ms, mfu 1.92%
iter 9998: loss 0.4856, time 424.72ms, mfu 1.90%
iter 9999: loss 0.4862, time 390.93ms, mfu 1.89%
step 10000: train loss 0.4673, val loss 0.4736
saving checkpoint to /tmpdir/m24047brmn/numbers/model_checkpoints/sme_vardig_e9_numw2_curr_stage_v1/ckpt_iter10000.pt
  new best val loss: 0.4736
iter 10000: loss 0.4502, time 11523.23ms, mfu 1.71%
  === DIAG iter 10000 ===
  loss: 0.4502
  grads: total 1.0000, transformer 0.1522, adapter 0.9883
  <NUM> input tokens: 578/3072 (18.8%)
  lr: base 7.44e-05, adapter 3.72e-05
  SME accuracy: overall 0.672, sign 0.974, exp 0.958, digit 0.487, end 0.983 [d0 0.856 d1 0.400 d2 0.138 d3 0.200 d4 0.343 d5 0.353 d6 0.364 d7 0.394 d8 0.387 d9 0.867 d10 0.692 d11 0.900 d12 0.857 d13 0.833 d14 0.200] (916 SME tokens)
  --- Sample eval (val) ---
  ADD: <3.64e+08> + <-7.4e+08> →
    target: -3.76e+08
    pred:   -3.3e+08
    error:  46000000.00

  ADD: <9.17e-06> + <1e+09> →
    target: 1e+09
    pred:   1e+09
    error:  0.00

  MIN: <5.51761e+08> <24200> <-862.7> <-0.0108> <-0.0071> <1.4e+07> <7.45007e+08> <2.28382e+08> <-3.5e-08> <100> →
    target: -862.7
    pred:   -990
    error:  127.30

  : <1e+09> <-7.371e+08> <9.61e+08> <1e+09> →
    target: 1e+09
    pred:   1e+09
    error:  0.00

  MAX: <-4.629e-06> <8e+08> →
    target: 8e+08
    pred:   8e+08
    error:  0.00

iter 10001: loss 0.4791, time 245.76ms, mfu 1.82%
iter 10002: loss 0.4350, time 168.99ms, mfu 2.06%
iter 10003: loss 0.4821, time 355.68ms, mfu 2.05%
iter 10004: loss 0.4548, time 244.04ms, mfu 2.14%
iter 10005: loss 0.4734, time 295.68ms, mfu 2.17%
iter 10006: loss 0.4956, time 394.73ms, mfu 2.13%
iter 10007: loss 0.4540, time 416.34ms, mfu 2.09%
iter 10008: loss 0.5653, time 513.12ms, mfu 2.02%
iter 10009: loss 0.4219, time 445.83ms, mfu 1.97%
iter 10010: loss 0.4653, time 580.95ms, mfu 1.90%
iter 10011: loss 0.5657, time 338.73ms, mfu 1.92%
iter 10012: loss 0.4711, time 446.63ms, mfu 1.88%
iter 10013: loss 0.4673, time 329.74ms, mfu 1.91%
iter 10014: loss 0.4711, time 343.91ms, mfu 1.93%
iter 10015: loss 0.4727, time 383.45ms, mfu 1.92%
iter 10016: loss 0.4528, time 364.22ms, mfu 1.92%
iter 10017: loss 0.4249, time 362.61ms, mfu 1.92%
iter 10018: loss 0.5436, time 289.50ms, mfu 1.98%
iter 10019: loss 0.4994, time 521.40ms, mfu 1.91%
iter 10020: loss 0.4871, time 435.24ms, mfu 1.89%
iter 10021: loss 0.5062, time 295.15ms, mfu 1.94%
iter 10022: loss 0.5030, time 337.02ms, mfu 1.95%
iter 10023: loss 0.5405, time 405.02ms, mfu 1.93%
iter 10024: loss 0.4561, time 386.13ms, mfu 1.92%
iter 10025: loss 0.4492, time 476.50ms, mfu 1.88%
iter 10026: loss 0.4382, time 262.75ms, mfu 1.96%
iter 10027: loss 0.4195, time 573.71ms, mfu 1.89%
iter 10028: loss 0.4576, time 529.89ms, mfu 1.83%
iter 10029: loss 0.5441, time 328.42ms, mfu 1.87%
iter 10030: loss 0.4183, time 290.31ms, mfu 1.92%
iter 10031: loss 0.4862, time 308.65ms, mfu 1.96%
iter 10032: loss 0.5134, time 310.59ms, mfu 1.99%
iter 10033: loss 0.4511, time 367.84ms, mfu 1.99%
iter 10034: loss 0.4525, time 441.88ms, mfu 1.95%
iter 10035: loss 0.4872, time 474.35ms, mfu 1.90%
iter 10036: loss 0.5092, time 362.53ms, mfu 1.91%
iter 10037: loss 0.4183, time 419.18ms, mfu 1.89%
iter 10038: loss 0.4692, time 337.10ms, mfu 1.91%
iter 10039: loss 0.4907, time 337.41ms, mfu 1.93%
iter 10040: loss 0.4841, time 400.76ms, mfu 1.91%
iter 10041: loss 0.4830, time 532.94ms, mfu 1.85%
iter 10042: loss 0.4728, time 370.02ms, mfu 1.86%
iter 10043: loss 0.5150, time 265.00ms, mfu 1.94%
iter 10044: loss 0.4542, time 445.61ms, mfu 1.91%
iter 10045: loss 0.5237, time 480.45ms, mfu 1.86%
iter 10046: loss 0.4624, time 258.69ms, mfu 1.95%
iter 10047: loss 0.5132, time 497.59ms, mfu 1.90%
iter 10048: loss 0.5003, time 327.47ms, mfu 1.92%
iter 10049: loss 0.4906, time 338.19ms, mfu 1.94%
iter 10050: loss 0.4458, time 216.04ms, mfu 2.08%
iter 10051: loss 0.5261, time 392.79ms, mfu 2.05%
iter 10052: loss 0.4661, time 397.97ms, mfu 2.02%
iter 10053: loss 0.4381, time 406.42ms, mfu 1.99%
iter 10054: loss 0.4525, time 249.61ms, mfu 2.08%
iter 10055: loss 0.4758, time 406.59ms, mfu 2.04%
iter 10056: loss 0.5063, time 323.70ms, mfu 2.06%
iter 10057: loss 0.5008, time 330.44ms, mfu 2.07%
iter 10058: loss 0.4768, time 445.42ms, mfu 2.02%
iter 10059: loss 0.4842, time 295.06ms, mfu 2.06%
iter 10060: loss 0.5045, time 419.82ms, mfu 2.02%
iter 10061: loss 0.5033, time 338.02ms, mfu 2.03%
iter 10062: loss 0.4799, time 291.23ms, mfu 2.07%
iter 10063: loss 0.4837, time 367.25ms, mfu 2.06%
iter 10064: loss 0.5089, time 373.05ms, mfu 2.04%
iter 10065: loss 0.4669, time 444.79ms, mfu 2.00%
iter 10066: loss 0.5065, time 433.30ms, mfu 1.96%
iter 10067: loss 0.4713, time 429.98ms, mfu 1.93%
iter 10068: loss 0.4987, time 461.92ms, mfu 1.89%
iter 10069: loss 0.4527, time 258.55ms, mfu 1.97%
iter 10070: loss 0.4490, time 412.68ms, mfu 1.95%
iter 10071: loss 0.4319, time 323.05ms, mfu 1.97%
iter 10072: loss 0.4626, time 306.67ms, mfu 2.01%
iter 10073: loss 0.4754, time 322.73ms, mfu 2.03%
iter 10074: loss 0.4341, time 307.60ms, mfu 2.05%
iter 10075: loss 0.5597, time 305.16ms, mfu 2.08%
iter 10076: loss 0.4616, time 350.40ms, mfu 2.07%
iter 10077: loss 0.4669, time 304.10ms, mfu 2.10%
iter 10078: loss 0.4920, time 397.32ms, mfu 2.07%
iter 10079: loss 0.4831, time 369.10ms, mfu 2.05%
iter 10080: loss 0.4744, time 474.90ms, mfu 2.00%
iter 10081: loss 0.5051, time 346.07ms, mfu 2.00%
iter 10082: loss 0.4650, time 471.21ms, mfu 1.95%
iter 10083: loss 0.4224, time 496.38ms, mfu 1.90%
iter 10084: loss 0.4944, time 397.79ms, mfu 1.89%
iter 10085: loss 0.4965, time 314.80ms, mfu 1.92%
iter 10086: loss 0.4728, time 337.55ms, mfu 1.94%
iter 10087: loss 0.4292, time 299.01ms, mfu 1.98%
iter 10088: loss 0.4596, time 386.45ms, mfu 1.97%
iter 10089: loss 0.4633, time 457.06ms, mfu 1.93%
iter 10090: loss 0.4428, time 271.64ms, mfu 2.00%
iter 10091: loss 0.4321, time 333.23ms, mfu 2.01%
iter 10092: loss 0.4886, time 381.75ms, mfu 1.99%
iter 10093: loss 0.4378, time 396.54ms, mfu 1.97%
iter 10094: loss 0.4676, time 301.98ms, mfu 2.01%
iter 10095: loss 0.5340, time 365.06ms, mfu 2.00%
iter 10096: loss 0.5131, time 277.77ms, mfu 2.06%
iter 10097: loss 0.4668, time 544.95ms, mfu 1.98%
iter 10098: loss 0.5045, time 378.98ms, mfu 1.97%
iter 10099: loss 0.4803, time 274.96ms, mfu 2.03%
iter 10100: loss 0.5039, time 679.19ms, mfu 1.93%
  === DIAG iter 10100 ===
  loss: 0.5039
  grads: total 1.0000, transformer 0.1451, adapter 0.9894
  <NUM> input tokens: 550/3072 (17.9%)
  lr: base 7.11e-05, adapter 3.56e-05
  SME accuracy: overall 0.639, sign 0.930, exp 0.823, digit 0.424, end 0.993 [d0 0.734 d1 0.436 d2 0.219 d3 0.157 d4 0.200 d5 0.300 d6 0.231 d7 0.231 d8 0.286 d9 0.600 d10 0.800 d11 0.667 d12 0.500 d13 0.571 d14 0.400] (973 SME tokens)
iter 10101: loss 0.4887, time 232.70ms, mfu 2.04%
iter 10102: loss 0.4874, time 393.99ms, mfu 2.02%
iter 10103: loss 0.4859, time 457.19ms, mfu 1.97%
iter 10104: loss 0.4203, time 355.97ms, mfu 1.97%
iter 10105: loss 0.5126, time 363.79ms, mfu 1.97%
iter 10106: loss 0.5161, time 548.33ms, mfu 1.90%
iter 10107: loss 0.4434, time 355.79ms, mfu 1.91%
iter 10108: loss 0.4465, time 408.35ms, mfu 1.90%
iter 10109: loss 0.5369, time 414.05ms, mfu 1.88%
iter 10110: loss 0.5060, time 287.97ms, mfu 1.94%
iter 10111: loss 0.5178, time 263.91ms, mfu 2.01%
iter 10112: loss 0.4999, time 367.22ms, mfu 2.00%
iter 10113: loss 0.4284, time 264.98ms, mfu 2.07%
iter 10114: loss 0.4931, time 485.90ms, mfu 2.01%
iter 10115: loss 0.4481, time 467.47ms, mfu 1.96%
iter 10116: loss 0.4566, time 405.53ms, mfu 1.94%
iter 10117: loss 0.4926, time 310.85ms, mfu 1.97%
iter 10118: loss 0.4501, time 389.75ms, mfu 1.96%
iter 10119: loss 0.4316, time 481.59ms, mfu 1.91%
iter 10120: loss 0.4171, time 325.35ms, mfu 1.94%
iter 10121: loss 0.5071, time 398.30ms, mfu 1.92%
iter 10122: loss 0.4797, time 418.70ms, mfu 1.90%
iter 10123: loss 0.4562, time 381.37ms, mfu 1.89%
iter 10124: loss 0.4739, time 427.36ms, mfu 1.87%
iter 10125: loss 0.4918, time 326.37ms, mfu 1.90%
iter 10126: loss 0.5128, time 443.51ms, mfu 1.87%
iter 10127: loss 0.4653, time 434.59ms, mfu 1.85%
iter 10128: loss 0.4733, time 415.57ms, mfu 1.83%
iter 10129: loss 0.5420, time 370.80ms, mfu 1.84%
iter 10130: loss 0.5140, time 448.70ms, mfu 1.81%
iter 10131: loss 0.4751, time 548.19ms, mfu 1.76%
iter 10132: loss 0.4841, time 278.43ms, mfu 1.84%
iter 10133: loss 0.4795, time 359.27ms, mfu 1.85%
iter 10134: loss 0.4706, time 270.59ms, mfu 1.93%
iter 10135: loss 0.4513, time 376.66ms, mfu 1.93%
iter 10136: loss 0.5143, time 474.71ms, mfu 1.88%
iter 10137: loss 0.4809, time 313.89ms, mfu 1.92%
iter 10138: loss 0.4703, time 499.18ms, mfu 1.87%
iter 10139: loss 0.5032, time 385.83ms, mfu 1.87%
iter 10140: loss 0.4215, time 458.16ms, mfu 1.83%
iter 10141: loss 0.4750, time 397.86ms, mfu 1.83%
iter 10142: loss 0.4727, time 393.79ms, mfu 1.83%
iter 10143: loss 0.4106, time 328.46ms, mfu 1.86%
iter 10144: loss 0.4551, time 343.34ms, mfu 1.88%
iter 10145: loss 0.4758, time 449.45ms, mfu 1.85%
iter 10146: loss 0.4623, time 479.86ms, mfu 1.81%
iter 10147: loss 0.5329, time 295.04ms, mfu 1.87%
iter 10148: loss 0.3960, time 454.40ms, mfu 1.84%
iter 10149: loss 0.4258, time 430.52ms, mfu 1.82%
iter 10150: loss 0.4905, time 409.39ms, mfu 1.81%
iter 10151: loss 0.4615, time 421.79ms, mfu 1.80%
iter 10152: loss 0.5289, time 438.12ms, mfu 1.78%
iter 10153: loss 0.4811, time 337.48ms, mfu 1.81%
iter 10154: loss 0.4512, time 384.39ms, mfu 1.82%
iter 10155: loss 0.5193, time 541.01ms, mfu 1.76%
iter 10156: loss 0.4858, time 337.14ms, mfu 1.80%
iter 10157: loss 0.4430, time 333.55ms, mfu 1.83%
iter 10158: loss 0.4699, time 452.25ms, mfu 1.80%
iter 10159: loss 0.4536, time 331.31ms, mfu 1.84%
iter 10160: loss 0.4235, time 349.31ms, mfu 1.86%
iter 10161: loss 0.5503, time 499.52ms, mfu 1.81%
iter 10162: loss 0.5063, time 525.28ms, mfu 1.77%
iter 10163: loss 0.5061, time 463.30ms, mfu 1.74%
iter 10164: loss 0.4818, time 361.26ms, mfu 1.77%
iter 10165: loss 0.4672, time 539.69ms, mfu 1.72%
iter 10166: loss 0.4585, time 428.82ms, mfu 1.71%
iter 10167: loss 0.5005, time 443.88ms, mfu 1.70%
iter 10168: loss 0.4957, time 300.00ms, mfu 1.77%
iter 10169: loss 0.4575, time 318.28ms, mfu 1.81%
iter 10170: loss 0.4388, time 371.49ms, mfu 1.82%
iter 10171: loss 0.4667, time 354.40ms, mfu 1.84%
iter 10172: loss 0.4389, time 313.55ms, mfu 1.88%
iter 10173: loss 0.4843, time 266.70ms, mfu 1.96%
iter 10174: loss 0.4565, time 377.11ms, mfu 1.95%
iter 10175: loss 0.4578, time 301.21ms, mfu 1.99%
iter 10176: loss 0.4949, time 289.80ms, mfu 2.04%
iter 10177: loss 0.4778, time 364.98ms, mfu 2.03%
iter 10178: loss 0.4874, time 401.61ms, mfu 2.00%
iter 10179: loss 0.5368, time 420.38ms, mfu 1.97%
iter 10180: loss 0.4680, time 430.14ms, mfu 1.94%
iter 10181: loss 0.4982, time 230.95ms, mfu 2.05%
iter 10182: loss 0.4930, time 366.82ms, mfu 2.04%
iter 10183: loss 0.4536, time 442.90ms, mfu 2.00%
iter 10184: loss 0.4609, time 430.37ms, mfu 1.96%
iter 10185: loss 0.4477, time 354.14ms, mfu 1.96%
iter 10186: loss 0.4708, time 310.88ms, mfu 2.00%
iter 10187: loss 0.4183, time 379.11ms, mfu 1.98%
iter 10188: loss 0.4732, time 256.38ms, mfu 2.06%
iter 10189: loss 0.5117, time 321.25ms, mfu 2.08%
iter 10190: loss 0.4762, time 497.75ms, mfu 2.01%
iter 10191: loss 0.4705, time 457.20ms, mfu 1.96%
iter 10192: loss 0.5190, time 352.23ms, mfu 1.97%
iter 10193: loss 0.4400, time 346.30ms, mfu 1.98%
iter 10194: loss 0.4606, time 313.54ms, mfu 2.01%
iter 10195: loss 0.4144, time 480.21ms, mfu 1.95%
iter 10196: loss 0.4159, time 367.69ms, mfu 1.95%
iter 10197: loss 0.4759, time 315.11ms, mfu 1.98%
iter 10198: loss 0.4868, time 467.76ms, mfu 1.93%
iter 10199: loss 0.4687, time 376.78ms, mfu 1.93%
iter 10200: loss 0.4940, time 625.92ms, mfu 1.85%
  === DIAG iter 10200 ===
  loss: 0.4940
  grads: total 1.0000, transformer 0.1470, adapter 0.9891
  <NUM> input tokens: 593/3072 (19.3%)
  lr: base 6.80e-05, adapter 3.40e-05
  SME accuracy: overall 0.688, sign 0.965, exp 0.953, digit 0.468, end 0.994 [d0 0.829 d1 0.500 d2 0.272 d3 0.190 d4 0.237 d5 0.222 d6 0.182 d7 0.226 d8 0.333 d9 1.000 d10 1.000 d11 0.714 d12 0.833 d13 0.833 d14 1.000] (1165 SME tokens)
iter 10201: loss 0.4361, time 172.89ms, mfu 2.07%
iter 10202: loss 0.4761, time 326.00ms, mfu 2.08%
iter 10203: loss 0.4966, time 536.33ms, mfu 2.01%
iter 10204: loss 0.4228, time 407.13ms, mfu 1.98%
iter 10205: loss 0.4596, time 418.57ms, mfu 1.95%
iter 10206: loss 0.4603, time 293.91ms, mfu 2.00%
iter 10207: loss 0.4479, time 394.77ms, mfu 1.98%
iter 10208: loss 0.4338, time 354.90ms, mfu 1.98%
iter 10209: loss 0.4505, time 273.67ms, mfu 2.04%
iter 10210: loss 0.4441, time 439.65ms, mfu 2.00%
iter 10211: loss 0.4679, time 497.61ms, mfu 1.94%
iter 10212: loss 0.4784, time 449.72ms, mfu 1.90%
iter 10213: loss 0.5398, time 374.48ms, mfu 1.90%
iter 10214: loss 0.4749, time 323.14ms, mfu 1.93%
iter 10215: loss 0.4868, time 245.99ms, mfu 2.03%
iter 10216: loss 0.4290, time 448.48ms, mfu 1.98%
iter 10217: loss 0.4629, time 460.28ms, mfu 1.94%
iter 10218: loss 0.4873, time 482.21ms, mfu 1.89%
iter 10219: loss 0.4735, time 311.63ms, mfu 1.93%
iter 10220: loss 0.4466, time 420.06ms, mfu 1.91%
iter 10221: loss 0.4280, time 231.31ms, mfu 2.02%
iter 10222: loss 0.4755, time 321.32ms, mfu 2.04%
iter 10223: loss 0.4789, time 415.35ms, mfu 2.01%
iter 10224: loss 0.4391, time 415.98ms, mfu 1.98%
iter 10225: loss 0.4670, time 381.92ms, mfu 1.96%
iter 10226: loss 0.4970, time 284.61ms, mfu 2.02%
iter 10227: loss 0.4803, time 512.33ms, mfu 1.95%
iter 10228: loss 0.4459, time 306.02ms, mfu 1.99%
iter 10229: loss 0.5003, time 369.19ms, mfu 1.98%
iter 10230: loss 0.5255, time 465.91ms, mfu 1.94%
iter 10231: loss 0.5128, time 312.92ms, mfu 1.97%
iter 10232: loss 0.4352, time 313.11ms, mfu 2.00%
iter 10233: loss 0.4599, time 490.15ms, mfu 1.94%
iter 10234: loss 0.4288, time 388.38ms, mfu 1.93%
iter 10235: loss 0.5050, time 331.62ms, mfu 1.95%
iter 10236: loss 0.4531, time 427.64ms, mfu 1.92%
iter 10237: loss 0.5051, time 363.62ms, mfu 1.93%
iter 10238: loss 0.5258, time 400.96ms, mfu 1.91%
iter 10239: loss 0.4647, time 563.59ms, mfu 1.84%
iter 10240: loss 0.5139, time 332.97ms, mfu 1.87%
iter 10241: loss 0.4679, time 450.56ms, mfu 1.84%
iter 10242: loss 0.4216, time 423.20ms, mfu 1.83%
iter 10243: loss 0.4573, time 299.03ms, mfu 1.88%
iter 10244: loss 0.4721, time 302.30ms, mfu 1.93%
iter 10245: loss 0.4855, time 288.32ms, mfu 1.98%
iter 10246: loss 0.4284, time 217.78ms, mfu 2.11%
iter 10247: loss 0.5098, time 397.46ms, mfu 2.07%
iter 10248: loss 0.4675, time 367.59ms, mfu 2.06%
iter 10249: loss 0.4562, time 430.79ms, mfu 2.02%
iter 10250: loss 0.4710, time 414.47ms, mfu 1.99%
iter 10251: loss 0.5218, time 322.32ms, mfu 2.01%
iter 10252: loss 0.3972, time 312.30ms, mfu 2.03%
iter 10253: loss 0.4491, time 471.10ms, mfu 1.98%
iter 10254: loss 0.4403, time 447.94ms, mfu 1.94%
iter 10255: loss 0.5468, time 303.87ms, mfu 1.98%
iter 10256: loss 0.4724, time 366.83ms, mfu 1.98%
iter 10257: loss 0.5002, time 483.51ms, mfu 1.93%
iter 10258: loss 0.4572, time 443.32ms, mfu 1.89%
iter 10259: loss 0.4949, time 365.85ms, mfu 1.90%
iter 10260: loss 0.4602, time 446.39ms, mfu 1.87%
iter 10261: loss 0.4568, time 359.94ms, mfu 1.88%
iter 10262: loss 0.4977, time 363.72ms, mfu 1.88%
iter 10263: loss 0.4454, time 457.01ms, mfu 1.85%
iter 10264: loss 0.5000, time 297.32ms, mfu 1.90%
iter 10265: loss 0.4347, time 287.27ms, mfu 1.96%
iter 10266: loss 0.4890, time 439.15ms, mfu 1.93%
iter 10267: loss 0.4911, time 500.41ms, mfu 1.87%
iter 10268: loss 0.4302, time 485.93ms, mfu 1.83%
iter 10269: loss 0.5245, time 313.77ms, mfu 1.88%
iter 10270: loss 0.4428, time 298.70ms, mfu 1.93%
iter 10271: loss 0.4608, time 350.41ms, mfu 1.93%
iter 10272: loss 0.5195, time 504.67ms, mfu 1.88%
iter 10273: loss 0.4832, time 396.29ms, mfu 1.87%
iter 10274: loss 0.4660, time 339.06ms, mfu 1.89%
iter 10275: loss 0.4955, time 297.06ms, mfu 1.94%
iter 10276: loss 0.4695, time 475.52ms, mfu 1.90%
iter 10277: loss 0.5370, time 321.23ms, mfu 1.93%
iter 10278: loss 0.4668, time 451.37ms, mfu 1.89%
iter 10279: loss 0.4694, time 330.45ms, mfu 1.92%
iter 10280: loss 0.4934, time 243.63ms, mfu 2.02%
iter 10281: loss 0.5049, time 382.50ms, mfu 2.00%
iter 10282: loss 0.4231, time 367.76ms, mfu 1.99%
iter 10283: loss 0.4711, time 557.97ms, mfu 1.92%
iter 10284: loss 0.4623, time 245.12ms, mfu 2.02%
iter 10285: loss 0.4037, time 448.59ms, mfu 1.97%
iter 10286: loss 0.5003, time 414.47ms, mfu 1.95%
iter 10287: loss 0.4326, time 381.84ms, mfu 1.94%
iter 10288: loss 0.4436, time 390.93ms, mfu 1.93%
iter 10289: loss 0.4899, time 315.14ms, mfu 1.96%
iter 10290: loss 0.4693, time 297.34ms, mfu 2.00%
iter 10291: loss 0.4728, time 382.79ms, mfu 1.99%
iter 10292: loss 0.4696, time 356.95ms, mfu 1.99%
iter 10293: loss 0.5302, time 380.69ms, mfu 1.97%
iter 10294: loss 0.4579, time 338.40ms, mfu 1.99%
iter 10295: loss 0.4593, time 474.77ms, mfu 1.94%
iter 10296: loss 0.4308, time 337.09ms, mfu 1.95%
iter 10297: loss 0.4560, time 430.38ms, mfu 1.92%
iter 10298: loss 0.5220, time 276.23ms, mfu 1.99%
iter 10299: loss 0.4742, time 280.76ms, mfu 2.04%
iter 10300: loss 0.4776, time 454.18ms, mfu 1.99%
  === DIAG iter 10300 ===
  loss: 0.4776
  grads: total 1.0000, transformer 0.1482, adapter 0.9890
  <NUM> input tokens: 529/3072 (17.2%)
  lr: base 6.51e-05, adapter 3.25e-05
  SME accuracy: overall 0.671, sign 0.984, exp 0.945, digit 0.493, end 0.984 [d0 0.870 d1 0.476 d2 0.250 d3 0.206 d4 0.422 d5 0.477 d6 0.419 d7 0.439 d8 0.343 d9 0.450 d10 0.429 d11 0.500 d12 0.500 d13 0.857 d14 0.600] (1021 SME tokens)
iter 10301: loss 0.4675, time 173.56ms, mfu 2.20%
iter 10302: loss 0.5020, time 414.27ms, mfu 2.15%
iter 10303: loss 0.4662, time 171.93ms, mfu 2.35%
iter 10304: loss 0.5043, time 409.92ms, mfu 2.29%
iter 10305: loss 0.4647, time 397.33ms, mfu 2.24%
iter 10306: loss 0.4992, time 400.51ms, mfu 2.19%
iter 10307: loss 0.4564, time 286.52ms, mfu 2.22%
iter 10308: loss 0.4577, time 263.62ms, mfu 2.27%
iter 10309: loss 0.4510, time 444.39ms, mfu 2.20%
iter 10310: loss 0.4344, time 320.71ms, mfu 2.20%
iter 10311: loss 0.4391, time 412.44ms, mfu 2.15%
iter 10312: loss 0.4643, time 346.72ms, mfu 2.14%
iter 10313: loss 0.4029, time 335.83ms, mfu 2.14%
iter 10314: loss 0.4957, time 445.47ms, mfu 2.08%
iter 10315: loss 0.4648, time 457.20ms, mfu 2.03%
iter 10316: loss 0.4042, time 153.93ms, mfu 2.29%
iter 10317: loss 0.3942, time 351.91ms, mfu 2.26%
iter 10318: loss 0.4546, time 359.83ms, mfu 2.23%
iter 10319: loss 0.4604, time 385.56ms, mfu 2.19%
iter 10320: loss 0.4706, time 501.83ms, mfu 2.11%
iter 10321: loss 0.5146, time 263.54ms, mfu 2.17%
iter 10322: loss 0.5156, time 276.79ms, mfu 2.21%
iter 10323: loss 0.4745, time 465.46ms, mfu 2.14%
iter 10324: loss 0.4726, time 382.12ms, mfu 2.11%
iter 10325: loss 0.4172, time 308.60ms, mfu 2.13%
iter 10326: loss 0.4700, time 349.63ms, mfu 2.12%
iter 10327: loss 0.5273, time 462.17ms, mfu 2.06%
iter 10328: loss 0.4286, time 400.49ms, mfu 2.03%
iter 10329: loss 0.4181, time 380.64ms, mfu 2.02%
iter 10330: loss 0.4699, time 401.94ms, mfu 1.99%
iter 10331: loss 0.4899, time 377.61ms, mfu 1.98%
iter 10332: loss 0.4649, time 389.37ms, mfu 1.96%
iter 10333: loss 0.5267, time 246.88ms, mfu 2.05%
iter 10334: loss 0.4082, time 414.84ms, mfu 2.02%
iter 10335: loss 0.4524, time 537.36ms, mfu 1.95%
iter 10336: loss 0.5470, time 368.45ms, mfu 1.95%
iter 10337: loss 0.4088, time 398.18ms, mfu 1.93%
iter 10338: loss 0.4617, time 499.67ms, mfu 1.88%
iter 10339: loss 0.5176, time 432.75ms, mfu 1.85%
iter 10340: loss 0.5168, time 388.06ms, mfu 1.85%
iter 10341: loss 0.4593, time 299.24ms, mfu 1.90%
iter 10342: loss 0.4647, time 335.38ms, mfu 1.92%
iter 10343: loss 0.4970, time 286.58ms, mfu 1.98%
iter 10344: loss 0.4314, time 281.83ms, mfu 2.03%
iter 10345: loss 0.4588, time 504.80ms, mfu 1.97%
iter 10346: loss 0.4455, time 402.15ms, mfu 1.95%
iter 10347: loss 0.4372, time 532.87ms, mfu 1.89%
iter 10348: loss 0.4800, time 392.39ms, mfu 1.88%
iter 10349: loss 0.4392, time 468.88ms, mfu 1.84%
iter 10350: loss 0.4624, time 462.50ms, mfu 1.81%
iter 10351: loss 0.4199, time 408.33ms, mfu 1.80%
iter 10352: loss 0.5002, time 213.58ms, mfu 1.96%
iter 10353: loss 0.4700, time 445.87ms, mfu 1.92%
iter 10354: loss 0.4703, time 380.50ms, mfu 1.91%
iter 10355: loss 0.5166, time 306.45ms, mfu 1.95%
iter 10356: loss 0.4877, time 435.36ms, mfu 1.92%
iter 10357: loss 0.4755, time 336.06ms, mfu 1.94%
iter 10358: loss 0.4695, time 541.97ms, mfu 1.88%
iter 10359: loss 0.4669, time 314.45ms, mfu 1.91%
iter 10360: loss 0.4709, time 361.62ms, mfu 1.92%
iter 10361: loss 0.4911, time 481.16ms, mfu 1.87%
iter 10362: loss 0.4878, time 309.42ms, mfu 1.92%
iter 10363: loss 0.4946, time 396.21ms, mfu 1.90%
iter 10364: loss 0.4564, time 552.56ms, mfu 1.84%
iter 10365: loss 0.4212, time 269.78ms, mfu 1.92%
iter 10366: loss 0.4964, time 285.35ms, mfu 1.98%
iter 10367: loss 0.4653, time 417.80ms, mfu 1.95%
iter 10368: loss 0.4072, time 368.75ms, mfu 1.95%
iter 10369: loss 0.4976, time 237.61ms, mfu 2.05%
iter 10370: loss 0.4440, time 462.23ms, mfu 2.00%
iter 10371: loss 0.4380, time 290.16ms, mfu 2.04%
iter 10372: loss 0.5317, time 362.41ms, mfu 2.03%
iter 10373: loss 0.4521, time 422.24ms, mfu 2.00%
iter 10374: loss 0.4511, time 344.55ms, mfu 2.00%
iter 10375: loss 0.4759, time 465.98ms, mfu 1.96%
iter 10376: loss 0.5011, time 336.06ms, mfu 1.97%
iter 10377: loss 0.4877, time 458.75ms, mfu 1.93%
iter 10378: loss 0.4719, time 436.97ms, mfu 1.90%
iter 10379: loss 0.4696, time 387.40ms, mfu 1.89%
iter 10380: loss 0.4732, time 378.18ms, mfu 1.89%
iter 10381: loss 0.4773, time 330.09ms, mfu 1.91%
iter 10382: loss 0.4665, time 532.85ms, mfu 1.86%
iter 10383: loss 0.4789, time 371.21ms, mfu 1.86%
iter 10384: loss 0.4559, time 544.14ms, mfu 1.81%
iter 10385: loss 0.4879, time 289.71ms, mfu 1.87%
iter 10386: loss 0.4618, time 348.50ms, mfu 1.89%
iter 10387: loss 0.4938, time 314.13ms, mfu 1.92%
iter 10388: loss 0.4720, time 445.76ms, mfu 1.89%
iter 10389: loss 0.5101, time 373.55ms, mfu 1.89%
iter 10390: loss 0.5042, time 400.35ms, mfu 1.88%
iter 10391: loss 0.4613, time 299.60ms, mfu 1.93%
iter 10392: loss 0.4521, time 529.85ms, mfu 1.87%
iter 10393: loss 0.4831, time 349.29ms, mfu 1.88%
iter 10394: loss 0.5044, time 427.94ms, mfu 1.86%
iter 10395: loss 0.4759, time 337.64ms, mfu 1.89%
iter 10396: loss 0.4392, time 447.49ms, mfu 1.86%
iter 10397: loss 0.4458, time 342.36ms, mfu 1.88%
iter 10398: loss 0.4243, time 340.77ms, mfu 1.90%
iter 10399: loss 0.4535, time 498.06ms, mfu 1.85%
iter 10400: loss 0.4490, time 447.81ms, mfu 1.82%
  === DIAG iter 10400 ===
  loss: 0.4490
  grads: total 1.0000, transformer 0.1632, adapter 0.9866
  <NUM> input tokens: 496/3072 (16.1%)
  lr: base 6.23e-05, adapter 3.11e-05
  SME accuracy: overall 0.689, sign 0.959, exp 0.959, digit 0.501, end 0.958 [d0 0.881 d1 0.532 d2 0.250 d3 0.229 d4 0.281 d5 0.400 d6 0.407 d7 0.423 d8 0.300 d9 0.600 d10 0.667 d11 0.667 d12 0.286 d13 0.667 d14 0.333] (880 SME tokens)
iter 10401: loss 0.4786, time 254.93ms, mfu 1.92%
iter 10402: loss 0.4855, time 421.94ms, mfu 1.89%
iter 10403: loss 0.4676, time 272.25ms, mfu 1.97%
iter 10404: loss 0.4994, time 460.13ms, mfu 1.92%
iter 10405: loss 0.4312, time 343.16ms, mfu 1.94%
iter 10406: loss 0.4562, time 245.09ms, mfu 2.03%
iter 10407: loss 0.5141, time 469.52ms, mfu 1.98%
iter 10408: loss 0.4877, time 471.44ms, mfu 1.93%
iter 10409: loss 0.4895, time 495.79ms, mfu 1.88%
iter 10410: loss 0.4283, time 349.07ms, mfu 1.90%
iter 10411: loss 0.4098, time 324.69ms, mfu 1.93%
iter 10412: loss 0.4619, time 312.83ms, mfu 1.96%
iter 10413: loss 0.4869, time 354.01ms, mfu 1.96%
iter 10414: loss 0.4499, time 372.27ms, mfu 1.96%
iter 10415: loss 0.4892, time 300.40ms, mfu 2.00%
iter 10416: loss 0.5192, time 343.77ms, mfu 2.00%
iter 10417: loss 0.4777, time 302.53ms, mfu 2.04%
iter 10418: loss 0.5047, time 568.28ms, mfu 1.96%
iter 10419: loss 0.5359, time 341.12ms, mfu 1.97%
iter 10420: loss 0.5149, time 425.36ms, mfu 1.94%
iter 10421: loss 0.4579, time 314.02ms, mfu 1.97%
iter 10422: loss 0.4719, time 291.82ms, mfu 2.02%
iter 10423: loss 0.4741, time 489.70ms, mfu 1.96%
iter 10424: loss 0.5488, time 323.34ms, mfu 1.98%
iter 10425: loss 0.4560, time 429.69ms, mfu 1.95%
iter 10426: loss 0.4749, time 441.73ms, mfu 1.92%
iter 10427: loss 0.4594, time 396.13ms, mfu 1.90%
iter 10428: loss 0.4337, time 421.58ms, mfu 1.88%
iter 10429: loss 0.4669, time 369.77ms, mfu 1.88%
iter 10430: loss 0.4626, time 403.62ms, mfu 1.87%
iter 10431: loss 0.4271, time 354.85ms, mfu 1.88%
iter 10432: loss 0.5234, time 357.41ms, mfu 1.89%
iter 10433: loss 0.4334, time 297.80ms, mfu 1.94%
iter 10434: loss 0.5350, time 371.37ms, mfu 1.94%
iter 10435: loss 0.4251, time 292.37ms, mfu 1.99%
iter 10436: loss 0.4722, time 316.47ms, mfu 2.01%
iter 10437: loss 0.4625, time 389.69ms, mfu 1.99%
iter 10438: loss 0.4406, time 399.93ms, mfu 1.97%
iter 10439: loss 0.4844, time 432.79ms, mfu 1.94%
iter 10440: loss 0.4784, time 336.30ms, mfu 1.95%
iter 10441: loss 0.3937, time 353.01ms, mfu 1.96%
iter 10442: loss 0.5075, time 438.98ms, mfu 1.93%
iter 10443: loss 0.4701, time 372.88ms, mfu 1.92%
iter 10444: loss 0.4911, time 385.97ms, mfu 1.91%
iter 10445: loss 0.4900, time 393.51ms, mfu 1.90%
iter 10446: loss 0.4398, time 421.09ms, mfu 1.88%
iter 10447: loss 0.4446, time 462.62ms, mfu 1.85%
iter 10448: loss 0.4973, time 248.33ms, mfu 1.95%
iter 10449: loss 0.4957, time 433.74ms, mfu 1.92%
iter 10450: loss 0.4900, time 259.12ms, mfu 2.00%
iter 10451: loss 0.4654, time 352.26ms, mfu 2.00%
iter 10452: loss 0.4633, time 500.92ms, mfu 1.94%
iter 10453: loss 0.4974, time 357.41ms, mfu 1.94%
iter 10454: loss 0.4976, time 462.46ms, mfu 1.90%
iter 10455: loss 0.4647, time 375.40ms, mfu 1.90%
iter 10456: loss 0.3959, time 384.79ms, mfu 1.90%
iter 10457: loss 0.4278, time 503.09ms, mfu 1.85%
iter 10458: loss 0.4736, time 351.50ms, mfu 1.86%
iter 10459: loss 0.4304, time 349.82ms, mfu 1.88%
iter 10460: loss 0.4686, time 248.05ms, mfu 1.98%
iter 10461: loss 0.4255, time 329.46ms, mfu 2.00%
iter 10462: loss 0.4502, time 435.32ms, mfu 1.96%
iter 10463: loss 0.4989, time 400.92ms, mfu 1.94%
iter 10464: loss 0.4834, time 474.40ms, mfu 1.89%
iter 10465: loss 0.4898, time 217.45ms, mfu 2.03%
iter 10466: loss 0.4650, time 469.68ms, mfu 1.98%
iter 10467: loss 0.4641, time 272.60ms, mfu 2.04%
iter 10468: loss 0.4590, time 321.80ms, mfu 2.06%
iter 10469: loss 0.4251, time 332.51ms, mfu 2.06%
iter 10470: loss 0.5139, time 585.09ms, mfu 1.98%
iter 10471: loss 0.4915, time 399.82ms, mfu 1.96%
iter 10472: loss 0.4550, time 294.47ms, mfu 2.00%
iter 10473: loss 0.4921, time 261.98ms, mfu 2.07%
iter 10474: loss 0.4323, time 537.22ms, mfu 2.00%
iter 10475: loss 0.4554, time 488.50ms, mfu 1.94%
iter 10476: loss 0.4798, time 316.16ms, mfu 1.97%
iter 10477: loss 0.4543, time 421.31ms, mfu 1.94%
iter 10478: loss 0.4594, time 386.75ms, mfu 1.93%
iter 10479: loss 0.4675, time 380.00ms, mfu 1.93%
iter 10480: loss 0.4433, time 238.83ms, mfu 2.03%
iter 10481: loss 0.4323, time 392.70ms, mfu 2.01%
iter 10482: loss 0.4742, time 331.31ms, mfu 2.02%
iter 10483: loss 0.4605, time 456.41ms, mfu 1.97%
iter 10484: loss 0.4645, time 328.24ms, mfu 1.99%
iter 10485: loss 0.4999, time 354.29ms, mfu 1.99%
iter 10486: loss 0.4277, time 335.33ms, mfu 2.01%
iter 10487: loss 0.4938, time 261.30ms, mfu 2.08%
iter 10488: loss 0.4049, time 416.21ms, mfu 2.04%
iter 10489: loss 0.4986, time 217.26ms, mfu 2.16%
iter 10490: loss 0.5198, time 330.16ms, mfu 2.16%
iter 10491: loss 0.4809, time 451.50ms, mfu 2.10%
iter 10492: loss 0.4787, time 438.69ms, mfu 2.05%
iter 10493: loss 0.4493, time 419.53ms, mfu 2.02%
iter 10494: loss 0.4933, time 398.86ms, mfu 1.99%
iter 10495: loss 0.4737, time 472.40ms, mfu 1.94%
iter 10496: loss 0.5242, time 346.04ms, mfu 1.95%
iter 10497: loss 0.4726, time 343.59ms, mfu 1.96%
iter 10498: loss 0.4507, time 412.16ms, mfu 1.94%
iter 10499: loss 0.4781, time 419.37ms, mfu 1.91%
iter 10500: loss 0.4949, time 638.16ms, mfu 1.83%
  === DIAG iter 10500 ===
  loss: 0.4949
  grads: total 1.0000, transformer 0.1424, adapter 0.9898
  <NUM> input tokens: 532/3072 (17.3%)
  lr: base 5.96e-05, adapter 2.98e-05
  SME accuracy: overall 0.616, sign 0.949, exp 0.948, digit 0.412, end 0.983 [d0 0.877 d1 0.470 d2 0.176 d3 0.103 d4 0.231 d5 0.282 d6 0.289 d7 0.211 d8 0.188 d9 0.462 d10 0.778 d11 0.750 d12 0.875 d13 0.667 d14 0.400] (942 SME tokens)
iter 10501: loss 0.4982, time 232.32ms, mfu 1.96%
iter 10502: loss 0.4572, time 398.48ms, mfu 1.94%
iter 10503: loss 0.5205, time 429.43ms, mfu 1.91%
iter 10504: loss 0.5183, time 222.32ms, mfu 2.04%
iter 10505: loss 0.5122, time 356.55ms, mfu 2.03%
iter 10506: loss 0.4847, time 426.91ms, mfu 2.00%
iter 10507: loss 0.5013, time 323.27ms, mfu 2.01%
iter 10508: loss 0.4390, time 508.41ms, mfu 1.95%
iter 10509: loss 0.4702, time 442.51ms, mfu 1.92%
iter 10510: loss 0.5052, time 313.44ms, mfu 1.95%
iter 10511: loss 0.4526, time 467.57ms, mfu 1.91%
iter 10512: loss 0.4749, time 370.40ms, mfu 1.91%
iter 10513: loss 0.4879, time 479.61ms, mfu 1.87%
iter 10514: loss 0.4629, time 348.20ms, mfu 1.88%
iter 10515: loss 0.4804, time 313.66ms, mfu 1.92%
iter 10516: loss 0.4545, time 329.31ms, mfu 1.94%
iter 10517: loss 0.4801, time 446.98ms, mfu 1.91%
iter 10518: loss 0.4600, time 344.12ms, mfu 1.92%
iter 10519: loss 0.4702, time 290.94ms, mfu 1.97%
iter 10520: loss 0.5336, time 477.59ms, mfu 1.93%
iter 10521: loss 0.4730, time 355.80ms, mfu 1.93%
iter 10522: loss 0.4757, time 349.75ms, mfu 1.94%
iter 10523: loss 0.4812, time 267.68ms, mfu 2.01%
iter 10524: loss 0.5339, time 386.10ms, mfu 1.99%
iter 10525: loss 0.4650, time 533.33ms, mfu 1.93%
iter 10526: loss 0.4617, time 370.15ms, mfu 1.93%
iter 10527: loss 0.4033, time 257.77ms, mfu 2.01%
iter 10528: loss 0.4496, time 274.03ms, mfu 2.07%
iter 10529: loss 0.4775, time 362.14ms, mfu 2.06%
iter 10530: loss 0.4883, time 480.63ms, mfu 2.00%
iter 10531: loss 0.4392, time 386.53ms, mfu 1.98%
iter 10532: loss 0.4848, time 404.95ms, mfu 1.96%
iter 10533: loss 0.4276, time 421.95ms, mfu 1.93%
iter 10534: loss 0.4990, time 573.50ms, mfu 1.86%
iter 10535: loss 0.4984, time 407.34ms, mfu 1.85%
iter 10536: loss 0.4892, time 354.47ms, mfu 1.86%
iter 10537: loss 0.4797, time 264.41ms, mfu 1.95%
iter 10538: loss 0.4836, time 350.14ms, mfu 1.95%
iter 10539: loss 0.5140, time 396.33ms, mfu 1.94%
iter 10540: loss 0.4516, time 360.22ms, mfu 1.94%
iter 10541: loss 0.5108, time 242.30ms, mfu 2.04%
iter 10542: loss 0.4827, time 409.36ms, mfu 2.01%
iter 10543: loss 0.4226, time 456.47ms, mfu 1.96%
iter 10544: loss 0.4649, time 382.74ms, mfu 1.95%
iter 10545: loss 0.4264, time 331.59ms, mfu 1.97%
iter 10546: loss 0.4567, time 316.48ms, mfu 2.00%
iter 10547: loss 0.4353, time 408.09ms, mfu 1.97%
iter 10548: loss 0.4069, time 309.28ms, mfu 2.00%
iter 10549: loss 0.4574, time 561.19ms, mfu 1.93%
iter 10550: loss 0.4035, time 234.08ms, mfu 2.04%
iter 10551: loss 0.3919, time 405.60ms, mfu 2.01%
iter 10552: loss 0.4317, time 335.79ms, mfu 2.02%
iter 10553: loss 0.4320, time 415.07ms, mfu 1.99%
iter 10554: loss 0.4519, time 234.03ms, mfu 2.09%
iter 10555: loss 0.4307, time 431.18ms, mfu 2.05%
iter 10556: loss 0.5094, time 412.38ms, mfu 2.01%
iter 10557: loss 0.4155, time 434.19ms, mfu 1.98%
iter 10558: loss 0.3791, time 361.44ms, mfu 1.97%
iter 10559: loss 0.4826, time 483.30ms, mfu 1.92%
iter 10560: loss 0.4796, time 502.08ms, mfu 1.87%
iter 10561: loss 0.4176, time 345.10ms, mfu 1.89%
iter 10562: loss 0.4658, time 427.14ms, mfu 1.87%
iter 10563: loss 0.4262, time 242.77ms, mfu 1.97%
iter 10564: loss 0.4709, time 487.19ms, mfu 1.92%
iter 10565: loss 0.4871, time 360.55ms, mfu 1.93%
iter 10566: loss 0.4682, time 339.00ms, mfu 1.94%
iter 10567: loss 0.4584, time 334.79ms, mfu 1.96%
iter 10568: loss 0.4486, time 362.04ms, mfu 1.96%
iter 10569: loss 0.4178, time 309.83ms, mfu 1.99%
iter 10570: loss 0.4339, time 365.88ms, mfu 1.99%
iter 10571: loss 0.4258, time 376.95ms, mfu 1.98%
iter 10572: loss 0.4911, time 407.95ms, mfu 1.95%
iter 10573: loss 0.4019, time 392.98ms, mfu 1.94%
iter 10574: loss 0.4666, time 240.77ms, mfu 2.04%
iter 10575: loss 0.4641, time 332.12ms, mfu 2.05%
iter 10576: loss 0.4122, time 364.31ms, mfu 2.04%
iter 10577: loss 0.4510, time 236.31ms, mfu 2.13%
iter 10578: loss 0.4372, time 439.07ms, mfu 2.08%
iter 10579: loss 0.4433, time 419.00ms, mfu 2.04%
iter 10580: loss 0.4747, time 321.63ms, mfu 2.06%
iter 10581: loss 0.4397, time 610.65ms, mfu 1.97%
iter 10582: loss 0.4272, time 309.33ms, mfu 2.00%
iter 10583: loss 0.4726, time 400.26ms, mfu 1.98%
iter 10584: loss 0.4904, time 406.29ms, mfu 1.95%
iter 10585: loss 0.4822, time 552.04ms, mfu 1.89%
iter 10586: loss 0.4772, time 341.70ms, mfu 1.91%
iter 10587: loss 0.4641, time 306.46ms, mfu 1.95%
iter 10588: loss 0.4348, time 276.36ms, mfu 2.01%
iter 10589: loss 0.4790, time 402.59ms, mfu 1.98%
iter 10590: loss 0.4815, time 314.40ms, mfu 2.01%
iter 10591: loss 0.4468, time 437.11ms, mfu 1.97%
iter 10592: loss 0.5017, time 351.31ms, mfu 1.98%
iter 10593: loss 0.4799, time 352.36ms, mfu 1.98%
iter 10594: loss 0.5007, time 387.41ms, mfu 1.96%
iter 10595: loss 0.4572, time 410.44ms, mfu 1.94%
iter 10596: loss 0.4480, time 359.62ms, mfu 1.94%
iter 10597: loss 0.4625, time 485.08ms, mfu 1.90%
iter 10598: loss 0.4783, time 353.44ms, mfu 1.91%
iter 10599: loss 0.5158, time 371.51ms, mfu 1.91%
iter 10600: loss 0.4753, time 393.26ms, mfu 1.90%
  === DIAG iter 10600 ===
  loss: 0.4753
  grads: total 1.0000, transformer 0.1302, adapter 0.9915
  <NUM> input tokens: 531/3072 (17.3%)
  lr: base 5.71e-05, adapter 2.86e-05
  SME accuracy: overall 0.665, sign 0.984, exp 0.983, digit 0.459, end 1.000 [d0 0.892 d1 0.395 d2 0.235 d3 0.277 d4 0.390 d5 0.385 d6 0.368 d7 0.270 d8 0.219 d9 0.333 d10 0.667 d11 1.000 d12 1.000 d13 0.500 d14 0.000] (945 SME tokens)
iter 10601: loss 0.4507, time 173.48ms, mfu 2.12%
iter 10602: loss 0.4721, time 364.39ms, mfu 2.10%
iter 10603: loss 0.4877, time 396.67ms, mfu 2.07%
iter 10604: loss 0.4551, time 435.91ms, mfu 2.02%
iter 10605: loss 0.4739, time 341.58ms, mfu 2.03%
iter 10606: loss 0.4550, time 405.17ms, mfu 2.00%
iter 10607: loss 0.4661, time 385.79ms, mfu 1.98%
iter 10608: loss 0.5216, time 524.98ms, mfu 1.92%
iter 10609: loss 0.4426, time 329.56ms, mfu 1.94%
iter 10610: loss 0.4782, time 475.83ms, mfu 1.90%
iter 10611: loss 0.4808, time 365.95ms, mfu 1.90%
iter 10612: loss 0.4555, time 400.71ms, mfu 1.89%
iter 10613: loss 0.5259, time 350.02ms, mfu 1.90%
iter 10614: loss 0.4791, time 286.22ms, mfu 1.96%
iter 10615: loss 0.4676, time 377.13ms, mfu 1.95%
iter 10616: loss 0.4671, time 406.36ms, mfu 1.93%
iter 10617: loss 0.4931, time 315.75ms, mfu 1.96%
iter 10618: loss 0.5131, time 341.83ms, mfu 1.97%
iter 10619: loss 0.4615, time 409.03ms, mfu 1.95%
iter 10620: loss 0.4074, time 512.55ms, mfu 1.89%
iter 10621: loss 0.4705, time 301.63ms, mfu 1.94%
iter 10622: loss 0.4834, time 430.77ms, mfu 1.91%
iter 10623: loss 0.4404, time 347.33ms, mfu 1.92%
iter 10624: loss 0.4755, time 360.73ms, mfu 1.93%
iter 10625: loss 0.4860, time 371.83ms, mfu 1.92%
iter 10626: loss 0.4525, time 346.55ms, mfu 1.94%
iter 10627: loss 0.4650, time 443.39ms, mfu 1.90%
iter 10628: loss 0.4670, time 513.19ms, mfu 1.85%
iter 10629: loss 0.4232, time 378.16ms, mfu 1.85%
iter 10630: loss 0.4760, time 450.03ms, mfu 1.83%
iter 10631: loss 0.4376, time 434.17ms, mfu 1.81%
iter 10632: loss 0.4696, time 392.57ms, mfu 1.81%
iter 10633: loss 0.4554, time 359.41ms, mfu 1.82%
iter 10634: loss 0.4800, time 406.19ms, mfu 1.81%
iter 10635: loss 0.4536, time 357.52ms, mfu 1.83%
iter 10636: loss 0.4238, time 348.65ms, mfu 1.85%
iter 10637: loss 0.4808, time 291.60ms, mfu 1.91%
iter 10638: loss 0.4357, time 195.90ms, mfu 2.08%
iter 10639: loss 0.4812, time 479.97ms, mfu 2.02%
iter 10640: loss 0.4426, time 304.41ms, mfu 2.05%
iter 10641: loss 0.4638, time 496.09ms, mfu 1.99%
iter 10642: loss 0.4289, time 583.65ms, mfu 1.91%
iter 10643: loss 0.4770, time 373.23ms, mfu 1.91%
iter 10644: loss 0.4594, time 436.10ms, mfu 1.88%
iter 10645: loss 0.4606, time 406.32ms, mfu 1.87%
iter 10646: loss 0.4174, time 430.65ms, mfu 1.85%
iter 10647: loss 0.4040, time 318.42ms, mfu 1.88%
iter 10648: loss 0.4635, time 292.14ms, mfu 1.94%
iter 10649: loss 0.4706, time 345.16ms, mfu 1.95%
iter 10650: loss 0.4819, time 342.98ms, mfu 1.96%
iter 10651: loss 0.4151, time 361.71ms, mfu 1.96%
iter 10652: loss 0.4553, time 481.77ms, mfu 1.91%
iter 10653: loss 0.4831, time 428.14ms, mfu 1.89%
iter 10654: loss 0.4623, time 467.86ms, mfu 1.85%
iter 10655: loss 0.4437, time 272.47ms, mfu 1.92%
iter 10656: loss 0.5286, time 419.90ms, mfu 1.90%
iter 10657: loss 0.5206, time 285.62ms, mfu 1.96%
iter 10658: loss 0.4684, time 475.20ms, mfu 1.91%
iter 10659: loss 0.4433, time 324.48ms, mfu 1.94%
iter 10660: loss 0.4670, time 369.16ms, mfu 1.94%
iter 10661: loss 0.5446, time 314.53ms, mfu 1.97%
iter 10662: loss 0.5360, time 351.06ms, mfu 1.97%
iter 10663: loss 0.4695, time 427.26ms, mfu 1.94%
iter 10664: loss 0.5292, time 368.27ms, mfu 1.94%
iter 10665: loss 0.4657, time 404.39ms, mfu 1.92%
iter 10666: loss 0.4913, time 370.58ms, mfu 1.92%
iter 10667: loss 0.5506, time 281.25ms, mfu 1.98%
iter 10668: loss 0.5063, time 466.20ms, mfu 1.93%
iter 10669: loss 0.4907, time 338.00ms, mfu 1.95%
iter 10670: loss 0.4329, time 292.33ms, mfu 2.00%
iter 10671: loss 0.5092, time 431.36ms, mfu 1.96%
iter 10672: loss 0.4619, time 229.01ms, mfu 2.08%
iter 10673: loss 0.4636, time 445.70ms, mfu 2.03%
iter 10674: loss 0.5346, time 398.95ms, mfu 2.00%
iter 10675: loss 0.4852, time 346.62ms, mfu 2.01%
iter 10676: loss 0.5182, time 229.23ms, mfu 2.12%
iter 10677: loss 0.4242, time 396.83ms, mfu 2.08%
iter 10678: loss 0.4771, time 481.38ms, mfu 2.02%
iter 10679: loss 0.4759, time 425.51ms, mfu 1.99%
iter 10680: loss 0.4939, time 414.28ms, mfu 1.96%
iter 10681: loss 0.4557, time 376.76ms, mfu 1.95%
iter 10682: loss 0.4697, time 395.67ms, mfu 1.93%
iter 10683: loss 0.4608, time 296.73ms, mfu 1.98%
iter 10684: loss 0.4481, time 292.66ms, mfu 2.02%
iter 10685: loss 0.4675, time 450.85ms, mfu 1.98%
iter 10686: loss 0.4683, time 539.10ms, mfu 1.91%
iter 10687: loss 0.4883, time 364.88ms, mfu 1.92%
iter 10688: loss 0.4664, time 303.16ms, mfu 1.96%
iter 10689: loss 0.4476, time 250.61ms, mfu 2.04%
iter 10690: loss 0.5240, time 289.33ms, mfu 2.09%
iter 10691: loss 0.4875, time 394.76ms, mfu 2.06%
iter 10692: loss 0.4826, time 356.00ms, mfu 2.05%
iter 10693: loss 0.4298, time 491.36ms, mfu 1.99%
iter 10694: loss 0.4914, time 294.30ms, mfu 2.03%
iter 10695: loss 0.5181, time 396.51ms, mfu 2.01%
iter 10696: loss 0.4423, time 250.35ms, mfu 2.09%
iter 10697: loss 0.4407, time 241.56ms, mfu 2.17%
iter 10698: loss 0.4488, time 418.41ms, mfu 2.13%
iter 10699: loss 0.4817, time 331.97ms, mfu 2.13%
iter 10700: loss 0.4747, time 525.33ms, mfu 2.05%
  === DIAG iter 10700 ===
  loss: 0.4747
  grads: total 1.0000, transformer 0.1223, adapter 0.9925
  <NUM> input tokens: 539/3072 (17.5%)
  lr: base 5.48e-05, adapter 2.74e-05
  SME accuracy: overall 0.649, sign 0.975, exp 0.926, digit 0.432, end 0.984 [d0 0.815 d1 0.312 d2 0.224 d3 0.170 d4 0.200 d5 0.367 d6 0.300 d7 0.276 d8 0.286 d9 0.833 d10 0.900 d11 0.700 d12 0.556 d13 0.571 d14 0.400] (890 SME tokens)
iter 10701: loss 0.4755, time 217.08ms, mfu 2.17%
iter 10702: loss 0.4413, time 325.56ms, mfu 2.17%
iter 10703: loss 0.4785, time 297.37ms, mfu 2.19%
iter 10704: loss 0.4851, time 330.77ms, mfu 2.19%
iter 10705: loss 0.4599, time 408.39ms, mfu 2.14%
iter 10706: loss 0.4842, time 398.21ms, mfu 2.11%
iter 10707: loss 0.4549, time 471.07ms, mfu 2.05%
iter 10708: loss 0.4402, time 197.18ms, mfu 2.20%
iter 10709: loss 0.4907, time 376.78ms, mfu 2.17%
iter 10710: loss 0.4632, time 315.24ms, mfu 2.18%
iter 10711: loss 0.4460, time 252.72ms, mfu 2.24%
iter 10712: loss 0.4533, time 331.17ms, mfu 2.23%
iter 10713: loss 0.4615, time 471.12ms, mfu 2.16%
iter 10714: loss 0.4408, time 450.80ms, mfu 2.10%
iter 10715: loss 0.5160, time 387.58ms, mfu 2.07%
iter 10716: loss 0.4529, time 299.63ms, mfu 2.10%
iter 10717: loss 0.4692, time 306.57ms, mfu 2.12%
iter 10718: loss 0.4663, time 320.85ms, mfu 2.13%
iter 10719: loss 0.4824, time 426.23ms, mfu 2.08%
iter 10720: loss 0.4928, time 267.62ms, mfu 2.14%
iter 10721: loss 0.4937, time 304.54ms, mfu 2.16%
iter 10722: loss 0.4255, time 366.59ms, mfu 2.14%
iter 10723: loss 0.4346, time 441.91ms, mfu 2.08%
iter 10724: loss 0.4449, time 260.57ms, mfu 2.15%
iter 10725: loss 0.4318, time 286.41ms, mfu 2.18%
iter 10726: loss 0.4562, time 454.98ms, mfu 2.12%
iter 10727: loss 0.4754, time 351.28ms, mfu 2.11%
iter 10728: loss 0.4931, time 281.25ms, mfu 2.15%
iter 10729: loss 0.4427, time 332.20ms, mfu 2.15%
iter 10730: loss 0.4886, time 287.76ms, mfu 2.18%
iter 10731: loss 0.4482, time 463.06ms, mfu 2.11%
iter 10732: loss 0.4463, time 326.91ms, mfu 2.12%
iter 10733: loss 0.4428, time 441.52ms, mfu 2.07%
iter 10734: loss 0.4658, time 458.81ms, mfu 2.02%
iter 10735: loss 0.4272, time 401.87ms, mfu 1.99%
iter 10736: loss 0.4483, time 306.73ms, mfu 2.02%
iter 10737: loss 0.4496, time 306.57ms, mfu 2.05%
iter 10738: loss 0.5143, time 498.73ms, mfu 1.99%
iter 10739: loss 0.4076, time 267.34ms, mfu 2.05%
iter 10740: loss 0.4732, time 468.72ms, mfu 2.00%
iter 10741: loss 0.4542, time 472.59ms, mfu 1.95%
iter 10742: loss 0.4067, time 347.63ms, mfu 1.96%
iter 10743: loss 0.4376, time 382.13ms, mfu 1.95%
iter 10744: loss 0.4667, time 482.01ms, mfu 1.90%
iter 10745: loss 0.4644, time 415.62ms, mfu 1.88%
iter 10746: loss 0.4964, time 416.46ms, mfu 1.86%
iter 10747: loss 0.5001, time 384.75ms, mfu 1.86%
iter 10748: loss 0.5031, time 407.83ms, mfu 1.85%
iter 10749: loss 0.4857, time 497.08ms, mfu 1.81%
iter 10750: loss 0.4836, time 303.52ms, mfu 1.86%
iter 10751: loss 0.4614, time 375.19ms, mfu 1.86%
iter 10752: loss 0.4502, time 335.35ms, mfu 1.89%
iter 10753: loss 0.4395, time 531.38ms, mfu 1.83%
iter 10754: loss 0.4335, time 341.98ms, mfu 1.86%
iter 10755: loss 0.4815, time 409.15ms, mfu 1.84%
iter 10756: loss 0.4492, time 420.39ms, mfu 1.83%
iter 10757: loss 0.4867, time 455.93ms, mfu 1.80%
iter 10758: loss 0.4459, time 341.21ms, mfu 1.83%
iter 10759: loss 0.5138, time 446.38ms, mfu 1.80%
iter 10760: loss 0.4317, time 434.13ms, mfu 1.79%
iter 10761: loss 0.4658, time 297.73ms, mfu 1.85%
iter 10762: loss 0.4839, time 315.86ms, mfu 1.89%
iter 10763: loss 0.4556, time 326.60ms, mfu 1.91%
iter 10764: loss 0.4437, time 426.23ms, mfu 1.89%
iter 10765: loss 0.5247, time 603.40ms, mfu 1.82%
iter 10766: loss 0.4826, time 230.08ms, mfu 1.94%
iter 10767: loss 0.4318, time 404.60ms, mfu 1.92%
iter 10768: loss 0.4408, time 389.09ms, mfu 1.91%
iter 10769: loss 0.3930, time 380.68ms, mfu 1.91%
iter 10770: loss 0.4424, time 405.95ms, mfu 1.89%
iter 10771: loss 0.4633, time 432.25ms, mfu 1.87%
iter 10772: loss 0.4933, time 438.20ms, mfu 1.84%
iter 10773: loss 0.4453, time 370.51ms, mfu 1.85%
iter 10774: loss 0.4713, time 434.96ms, mfu 1.83%
iter 10775: loss 0.4132, time 350.77ms, mfu 1.85%
iter 10776: loss 0.4379, time 450.74ms, mfu 1.82%
iter 10777: loss 0.4460, time 445.09ms, mfu 1.80%
iter 10778: loss 0.4393, time 520.40ms, mfu 1.75%
iter 10779: loss 0.4824, time 510.19ms, mfu 1.72%
iter 10780: loss 0.4517, time 503.31ms, mfu 1.69%
iter 10781: loss 0.4559, time 400.98ms, mfu 1.69%
iter 10782: loss 0.4721, time 439.80ms, mfu 1.69%
iter 10783: loss 0.4652, time 251.69ms, mfu 1.80%
iter 10784: loss 0.4834, time 381.31ms, mfu 1.80%
iter 10785: loss 0.4966, time 459.69ms, mfu 1.78%
iter 10786: loss 0.4202, time 321.50ms, mfu 1.82%
iter 10787: loss 0.5049, time 236.97ms, mfu 1.94%
iter 10788: loss 0.4741, time 410.97ms, mfu 1.92%
iter 10789: loss 0.4602, time 430.40ms, mfu 1.89%
iter 10790: loss 0.5090, time 345.49ms, mfu 1.91%
iter 10791: loss 0.4746, time 415.14ms, mfu 1.89%
iter 10792: loss 0.5113, time 310.92ms, mfu 1.93%
iter 10793: loss 0.4636, time 387.80ms, mfu 1.92%
iter 10794: loss 0.5034, time 348.38ms, mfu 1.93%
iter 10795: loss 0.4959, time 334.49ms, mfu 1.95%
iter 10796: loss 0.4504, time 346.95ms, mfu 1.96%
iter 10797: loss 0.4824, time 329.71ms, mfu 1.98%
iter 10798: loss 0.4718, time 397.77ms, mfu 1.96%
iter 10799: loss 0.4959, time 406.28ms, mfu 1.93%
iter 10800: loss 0.4797, time 523.20ms, mfu 1.88%
  === DIAG iter 10800 ===
  loss: 0.4797
  grads: total 1.0000, transformer 0.1508, adapter 0.9886
  <NUM> input tokens: 495/3072 (16.1%)
  lr: base 5.26e-05, adapter 2.63e-05
  SME accuracy: overall 0.659, sign 0.971, exp 0.883, digit 0.466, end 0.949 [d0 0.827 d1 0.395 d2 0.250 d3 0.220 d4 0.263 d5 0.351 d6 0.382 d7 0.387 d8 0.407 d9 0.667 d10 0.571 d11 0.700 d12 0.750 d13 0.750 d14 0.000] (1000 SME tokens)
iter 10801: loss 0.4029, time 238.65ms, mfu 1.99%
iter 10802: loss 0.4285, time 254.05ms, mfu 2.07%
iter 10803: loss 0.4813, time 456.23ms, mfu 2.02%
iter 10804: loss 0.4502, time 284.52ms, mfu 2.06%
iter 10805: loss 0.4406, time 356.55ms, mfu 2.06%
iter 10806: loss 0.4556, time 496.66ms, mfu 1.99%
iter 10807: loss 0.4293, time 503.78ms, mfu 1.93%
iter 10808: loss 0.4521, time 366.25ms, mfu 1.93%
iter 10809: loss 0.4329, time 429.40ms, mfu 1.91%
iter 10810: loss 0.4196, time 358.93ms, mfu 1.91%
iter 10811: loss 0.4818, time 385.38ms, mfu 1.91%
iter 10812: loss 0.4653, time 263.48ms, mfu 1.98%
iter 10813: loss 0.4441, time 354.22ms, mfu 1.99%
iter 10814: loss 0.4096, time 398.13ms, mfu 1.96%
iter 10815: loss 0.4005, time 298.50ms, mfu 2.01%
iter 10816: loss 0.4744, time 410.72ms, mfu 1.98%
iter 10817: loss 0.4307, time 318.13ms, mfu 2.00%
iter 10818: loss 0.4714, time 361.72ms, mfu 2.00%
iter 10819: loss 0.4632, time 447.20ms, mfu 1.96%
iter 10820: loss 0.4744, time 464.88ms, mfu 1.91%
iter 10821: loss 0.4498, time 289.12ms, mfu 1.97%
iter 10822: loss 0.4342, time 299.35ms, mfu 2.01%
iter 10823: loss 0.4495, time 383.50ms, mfu 1.99%
iter 10824: loss 0.5069, time 306.73ms, mfu 2.02%
iter 10825: loss 0.4400, time 328.36ms, mfu 2.04%
iter 10826: loss 0.4755, time 240.39ms, mfu 2.13%
iter 10827: loss 0.5191, time 321.24ms, mfu 2.14%
iter 10828: loss 0.5248, time 379.94ms, mfu 2.11%
iter 10829: loss 0.4316, time 249.99ms, mfu 2.18%
iter 10830: loss 0.4571, time 339.73ms, mfu 2.17%
iter 10831: loss 0.4133, time 305.13ms, mfu 2.19%
iter 10832: loss 0.4712, time 413.67ms, mfu 2.14%
iter 10833: loss 0.4891, time 356.84ms, mfu 2.12%
iter 10834: loss 0.4841, time 324.38ms, mfu 2.13%
iter 10835: loss 0.4310, time 454.11ms, mfu 2.07%
iter 10836: loss 0.4112, time 362.77ms, mfu 2.06%
iter 10837: loss 0.5026, time 439.56ms, mfu 2.02%
iter 10838: loss 0.4484, time 424.06ms, mfu 1.98%
iter 10839: loss 0.4771, time 235.34ms, mfu 2.08%
iter 10840: loss 0.4527, time 513.41ms, mfu 2.01%
iter 10841: loss 0.5503, time 386.46ms, mfu 2.00%
iter 10842: loss 0.4495, time 321.41ms, mfu 2.02%
iter 10843: loss 0.4562, time 352.11ms, mfu 2.02%
iter 10844: loss 0.4450, time 377.85ms, mfu 2.00%
iter 10845: loss 0.4187, time 402.99ms, mfu 1.98%
iter 10846: loss 0.4838, time 395.88ms, mfu 1.96%
iter 10847: loss 0.4353, time 384.42ms, mfu 1.95%
iter 10848: loss 0.5307, time 399.89ms, mfu 1.93%
iter 10849: loss 0.5021, time 397.89ms, mfu 1.92%
iter 10850: loss 0.4524, time 284.02ms, mfu 1.97%
iter 10851: loss 0.4608, time 374.35ms, mfu 1.97%
iter 10852: loss 0.4059, time 351.03ms, mfu 1.97%
iter 10853: loss 0.4808, time 312.92ms, mfu 2.00%
iter 10854: loss 0.4837, time 412.69ms, mfu 1.97%
iter 10855: loss 0.4620, time 434.97ms, mfu 1.94%
iter 10856: loss 0.5437, time 385.53ms, mfu 1.93%
iter 10857: loss 0.5124, time 304.79ms, mfu 1.97%
iter 10858: loss 0.5044, time 440.40ms, mfu 1.93%
iter 10859: loss 0.4872, time 318.99ms, mfu 1.96%
iter 10860: loss 0.4703, time 447.23ms, mfu 1.92%
iter 10861: loss 0.4455, time 335.16ms, mfu 1.94%
iter 10862: loss 0.4586, time 394.22ms, mfu 1.93%
iter 10863: loss 0.4514, time 337.31ms, mfu 1.95%
iter 10864: loss 0.4971, time 286.36ms, mfu 2.00%
iter 10865: loss 0.4136, time 382.37ms, mfu 1.98%
iter 10866: loss 0.4770, time 353.45ms, mfu 1.99%
iter 10867: loss 0.4543, time 431.58ms, mfu 1.95%
iter 10868: loss 0.4604, time 526.00ms, mfu 1.89%
iter 10869: loss 0.4767, time 427.19ms, mfu 1.87%
iter 10870: loss 0.4412, time 322.45ms, mfu 1.90%
iter 10871: loss 0.4535, time 329.22ms, mfu 1.93%
iter 10872: loss 0.4078, time 428.04ms, mfu 1.90%
iter 10873: loss 0.4677, time 253.52ms, mfu 1.99%
iter 10874: loss 0.4867, time 336.31ms, mfu 2.00%
iter 10875: loss 0.4651, time 422.93ms, mfu 1.97%
iter 10876: loss 0.5034, time 296.07ms, mfu 2.01%
iter 10877: loss 0.5043, time 366.12ms, mfu 2.00%
iter 10878: loss 0.4362, time 463.62ms, mfu 1.96%
iter 10879: loss 0.4094, time 417.09ms, mfu 1.93%
iter 10880: loss 0.4684, time 458.88ms, mfu 1.89%
iter 10881: loss 0.4705, time 267.44ms, mfu 1.97%
iter 10882: loss 0.4676, time 275.67ms, mfu 2.03%
iter 10883: loss 0.5012, time 499.64ms, mfu 1.97%
iter 10884: loss 0.5001, time 344.53ms, mfu 1.98%
iter 10885: loss 0.4744, time 395.38ms, mfu 1.96%
iter 10886: loss 0.4957, time 256.04ms, mfu 2.04%
iter 10887: loss 0.5215, time 447.96ms, mfu 1.99%
iter 10888: loss 0.4824, time 302.63ms, mfu 2.03%
iter 10889: loss 0.4142, time 460.02ms, mfu 1.98%
iter 10890: loss 0.4638, time 409.03ms, mfu 1.95%
iter 10891: loss 0.5247, time 338.99ms, mfu 1.97%
iter 10892: loss 0.4486, time 330.92ms, mfu 1.99%
iter 10893: loss 0.4668, time 267.73ms, mfu 2.05%
iter 10894: loss 0.4212, time 289.03ms, mfu 2.09%
iter 10895: loss 0.4315, time 425.01ms, mfu 2.05%
iter 10896: loss 0.4855, time 429.14ms, mfu 2.01%
iter 10897: loss 0.4739, time 378.29ms, mfu 2.00%
iter 10898: loss 0.4669, time 369.83ms, mfu 1.99%
iter 10899: loss 0.4663, time 388.24ms, mfu 1.97%
iter 10900: loss 0.4449, time 558.92ms, mfu 1.90%
  === DIAG iter 10900 ===
  loss: 0.4449
  grads: total 1.0000, transformer 0.1220, adapter 0.9925
  <NUM> input tokens: 497/3072 (16.2%)
  lr: base 5.06e-05, adapter 2.53e-05
  SME accuracy: overall 0.669, sign 0.992, exp 0.992, digit 0.468, end 0.950 [d0 0.879 d1 0.507 d2 0.236 d3 0.229 d4 0.270 d5 0.306 d6 0.257 d7 0.229 d8 0.294 d9 0.562 d10 0.727 d11 0.800 d12 0.900 d13 0.714 d14 0.600] (907 SME tokens)
iter 10901: loss 0.4829, time 224.60ms, mfu 2.03%
iter 10902: loss 0.4829, time 455.15ms, mfu 1.98%
iter 10903: loss 0.4610, time 387.53ms, mfu 1.96%
iter 10904: loss 0.5067, time 370.61ms, mfu 1.96%
iter 10905: loss 0.5027, time 302.07ms, mfu 2.00%
iter 10906: loss 0.4677, time 327.36ms, mfu 2.01%
iter 10907: loss 0.5294, time 365.71ms, mfu 2.01%
iter 10908: loss 0.4794, time 324.86ms, mfu 2.02%
iter 10909: loss 0.4140, time 324.79ms, mfu 2.04%
iter 10910: loss 0.4579, time 489.17ms, mfu 1.98%
iter 10911: loss 0.4701, time 370.93ms, mfu 1.97%
iter 10912: loss 0.5017, time 342.34ms, mfu 1.98%
iter 10913: loss 0.4474, time 427.96ms, mfu 1.95%
iter 10914: loss 0.4987, time 431.46ms, mfu 1.92%
iter 10915: loss 0.4426, time 351.70ms, mfu 1.93%
iter 10916: loss 0.5056, time 434.01ms, mfu 1.90%
iter 10917: loss 0.4774, time 309.15ms, mfu 1.94%
iter 10918: loss 0.4750, time 297.54ms, mfu 1.98%
iter 10919: loss 0.4869, time 479.19ms, mfu 1.93%
iter 10920: loss 0.4956, time 302.74ms, mfu 1.97%
iter 10921: loss 0.4878, time 436.10ms, mfu 1.94%
iter 10922: loss 0.4417, time 312.46ms, mfu 1.97%
iter 10923: loss 0.4598, time 403.75ms, mfu 1.95%
iter 10924: loss 0.5231, time 249.01ms, mfu 2.04%
iter 10925: loss 0.4409, time 347.91ms, mfu 2.04%
iter 10926: loss 0.4353, time 384.84ms, mfu 2.02%
iter 10927: loss 0.4686, time 286.35ms, mfu 2.07%
iter 10928: loss 0.4477, time 386.93ms, mfu 2.04%
iter 10929: loss 0.5205, time 294.87ms, mfu 2.08%
iter 10930: loss 0.4884, time 383.20ms, mfu 2.06%
iter 10931: loss 0.4483, time 239.85ms, mfu 2.15%
iter 10932: loss 0.4449, time 408.75ms, mfu 2.10%
iter 10933: loss 0.4538, time 315.19ms, mfu 2.12%
iter 10934: loss 0.4646, time 415.12ms, mfu 2.08%
iter 10935: loss 0.4500, time 282.68ms, mfu 2.12%
iter 10936: loss 0.4555, time 421.97ms, mfu 2.08%
iter 10937: loss 0.4759, time 535.34ms, mfu 2.00%
iter 10938: loss 0.4413, time 308.50ms, mfu 2.03%
iter 10939: loss 0.4623, time 448.50ms, mfu 1.99%
iter 10940: loss 0.4737, time 381.93ms, mfu 1.97%
iter 10941: loss 0.4573, time 263.29ms, mfu 2.04%
iter 10942: loss 0.4348, time 317.25ms, mfu 2.06%
iter 10943: loss 0.4158, time 493.11ms, mfu 2.00%
iter 10944: loss 0.4889, time 286.83ms, mfu 2.05%
iter 10945: loss 0.4940, time 425.62ms, mfu 2.01%
iter 10946: loss 0.4449, time 334.30ms, mfu 2.02%
iter 10947: loss 0.4560, time 303.45ms, mfu 2.05%
iter 10948: loss 0.4670, time 436.80ms, mfu 2.01%
iter 10949: loss 0.4401, time 320.03ms, mfu 2.03%
iter 10950: loss 0.4827, time 431.61ms, mfu 1.99%
iter 10951: loss 0.5191, time 376.02ms, mfu 1.98%
iter 10952: loss 0.4666, time 412.44ms, mfu 1.95%
iter 10953: loss 0.4366, time 336.94ms, mfu 1.97%
iter 10954: loss 0.5133, time 402.83ms, mfu 1.95%
iter 10955: loss 0.4702, time 445.62ms, mfu 1.91%
iter 10956: loss 0.4381, time 249.52ms, mfu 2.01%
iter 10957: loss 0.4153, time 478.26ms, mfu 1.95%
iter 10958: loss 0.4312, time 307.75ms, mfu 1.99%
iter 10959: loss 0.4009, time 345.99ms, mfu 1.99%
iter 10960: loss 0.5142, time 367.67ms, mfu 1.99%
iter 10961: loss 0.4699, time 365.20ms, mfu 1.98%
iter 10962: loss 0.4564, time 418.20ms, mfu 1.95%
iter 10963: loss 0.4934, time 327.29ms, mfu 1.97%
iter 10964: loss 0.4649, time 349.24ms, mfu 1.98%
iter 10965: loss 0.4361, time 410.03ms, mfu 1.96%
iter 10966: loss 0.4981, time 405.19ms, mfu 1.93%
iter 10967: loss 0.4537, time 467.33ms, mfu 1.89%
iter 10968: loss 0.4648, time 516.83ms, mfu 1.84%
iter 10969: loss 0.4916, time 370.64ms, mfu 1.85%
iter 10970: loss 0.4427, time 460.47ms, mfu 1.82%
iter 10971: loss 0.4514, time 343.48ms, mfu 1.84%
iter 10972: loss 0.4913, time 588.25ms, mfu 1.78%
iter 10973: loss 0.4375, time 463.08ms, mfu 1.75%
iter 10974: loss 0.3969, time 387.79ms, mfu 1.76%
iter 10975: loss 0.4322, time 557.55ms, mfu 1.71%
iter 10976: loss 0.4800, time 223.80ms, mfu 1.86%
iter 10977: loss 0.4482, time 444.53ms, mfu 1.83%
iter 10978: loss 0.5024, time 419.98ms, mfu 1.82%
iter 10979: loss 0.4795, time 453.53ms, mfu 1.79%
iter 10980: loss 0.5118, time 311.97ms, mfu 1.84%
iter 10981: loss 0.4189, time 504.81ms, mfu 1.80%
iter 10982: loss 0.4349, time 413.84ms, mfu 1.79%
iter 10983: loss 0.4760, time 431.86ms, mfu 1.77%
iter 10984: loss 0.4752, time 327.64ms, mfu 1.81%
iter 10985: loss 0.4529, time 427.52ms, mfu 1.80%
iter 10986: loss 0.4696, time 456.56ms, mfu 1.77%
iter 10987: loss 0.5281, time 386.51ms, mfu 1.78%
iter 10988: loss 0.4811, time 487.61ms, mfu 1.75%
iter 10989: loss 0.4904, time 401.88ms, mfu 1.75%
iter 10990: loss 0.5139, time 211.73ms, mfu 1.91%
iter 10991: loss 0.4787, time 401.95ms, mfu 1.89%
iter 10992: loss 0.4670, time 509.40ms, mfu 1.84%
iter 10993: loss 0.4954, time 394.12ms, mfu 1.84%
iter 10994: loss 0.4312, time 359.35ms, mfu 1.85%
iter 10995: loss 0.3853, time 397.72ms, mfu 1.84%
iter 10996: loss 0.4450, time 336.96ms, mfu 1.87%
iter 10997: loss 0.4370, time 365.80ms, mfu 1.88%
iter 10998: loss 0.4986, time 404.11ms, mfu 1.86%
iter 10999: loss 0.4687, time 404.66ms, mfu 1.85%
iter 11000: loss 0.4696, time 494.36ms, mfu 1.81%
  === DIAG iter 11000 ===
  loss: 0.4696
  grads: total 1.0000, transformer 0.0954, adapter 0.9954
  <NUM> input tokens: 487/3072 (15.9%)
  lr: base 4.88e-05, adapter 2.44e-05
  SME accuracy: overall 0.649, sign 0.967, exp 0.967, digit 0.439, end 0.983 [d0 0.872 d1 0.420 d2 0.194 d3 0.180 d4 0.297 d5 0.314 d6 0.200 d7 0.273 d8 0.296 d9 0.643 d10 0.667 d11 0.667 d12 0.636 d13 0.625 d14 0.667] (922 SME tokens)
  --- Sample eval (val) ---
   <0.02> <1e+09> →
    target: 1e+09
    pred:   1e+09
    error:  0.00

  OUNT: <8.08e-09> <7.1658e+08> <0> <9595> <3.04307e+08> <6.6e+08> <820000> <6000> <0> <21.8> →
    target: 10
    pred:   10
    error:  0.00

  MAX: <6e+06> <8.89e+06> <1e+09> <-7810> →
    target: 1e+09
    pred:   1e+09
    error:  0.00

  <20000> →
    target: -1.146e+08 -3.2e+07 2e+04
    pred:   6.9e+08 -2e+07 -2
    error:  804583555.00 12000000.00 20002.00

  <2.4e+08> <2.52e-09> <5e-09> <0> →
    target: 0
    pred:   0
    error:  0.00

iter 11001: loss 0.4567, time 266.79ms, mfu 1.90%
iter 11002: loss 0.4773, time 215.47ms, mfu 2.04%
iter 11003: loss 0.5415, time 363.48ms, mfu 2.03%
iter 11004: loss 0.5057, time 316.90ms, mfu 2.05%
iter 11005: loss 0.4672, time 302.52ms, mfu 2.08%
iter 11006: loss 0.4800, time 449.43ms, mfu 2.03%
iter 11007: loss 0.4683, time 321.97ms, mfu 2.04%
iter 11008: loss 0.4394, time 458.80ms, mfu 1.99%
iter 11009: loss 0.4705, time 394.27ms, mfu 1.97%
iter 11010: loss 0.4934, time 328.18ms, mfu 1.99%
iter 11011: loss 0.4999, time 414.87ms, mfu 1.96%
iter 11012: loss 0.4456, time 290.91ms, mfu 2.01%
iter 11013: loss 0.4468, time 399.16ms, mfu 1.99%
iter 11014: loss 0.4753, time 322.36ms, mfu 2.01%
iter 11015: loss 0.4460, time 284.41ms, mfu 2.06%
iter 11016: loss 0.4476, time 450.81ms, mfu 2.01%
iter 11017: loss 0.4348, time 517.13ms, mfu 1.95%
iter 11018: loss 0.5069, time 406.65ms, mfu 1.92%
iter 11019: loss 0.4906, time 409.30ms, mfu 1.91%
iter 11020: loss 0.4259, time 336.79ms, mfu 1.93%
iter 11021: loss 0.4456, time 422.36ms, mfu 1.90%
iter 11022: loss 0.4680, time 399.80ms, mfu 1.89%
iter 11023: loss 0.4873, time 347.75ms, mfu 1.90%
iter 11024: loss 0.4810, time 417.62ms, mfu 1.88%
iter 11025: loss 0.4649, time 347.07ms, mfu 1.90%
iter 11026: loss 0.4170, time 402.67ms, mfu 1.88%
iter 11027: loss 0.4502, time 268.50ms, mfu 1.96%
iter 11028: loss 0.4327, time 546.58ms, mfu 1.89%
iter 11029: loss 0.4584, time 351.49ms, mfu 1.91%
iter 11030: loss 0.4970, time 361.80ms, mfu 1.91%
iter 11031: loss 0.5326, time 486.88ms, mfu 1.87%
iter 11032: loss 0.4503, time 382.35ms, mfu 1.86%
iter 11033: loss 0.4444, time 355.26ms, mfu 1.88%
iter 11034: loss 0.3948, time 336.22ms, mfu 1.90%
iter 11035: loss 0.4767, time 454.71ms, mfu 1.87%
iter 11036: loss 0.4782, time 337.18ms, mfu 1.89%
iter 11037: loss 0.4743, time 422.03ms, mfu 1.87%
iter 11038: loss 0.4707, time 288.70ms, mfu 1.93%
iter 11039: loss 0.4703, time 252.04ms, mfu 2.02%
iter 11040: loss 0.4670, time 426.67ms, mfu 1.98%
iter 11041: loss 0.4728, time 482.56ms, mfu 1.93%
iter 11042: loss 0.4528, time 428.17ms, mfu 1.90%
iter 11043: loss 0.4127, time 542.59ms, mfu 1.84%
iter 11044: loss 0.4389, time 333.03ms, mfu 1.87%
iter 11045: loss 0.4231, time 367.79ms, mfu 1.88%
iter 11046: loss 0.4957, time 323.46ms, mfu 1.91%
iter 11047: loss 0.4425, time 441.26ms, mfu 1.88%
iter 11048: loss 0.4952, time 441.03ms, mfu 1.85%
iter 11049: loss 0.4561, time 400.93ms, mfu 1.84%
iter 11050: loss 0.4668, time 247.01ms, mfu 1.95%
iter 11051: loss 0.4466, time 508.77ms, mfu 1.89%
iter 11052: loss 0.5127, time 232.20ms, mfu 2.01%
iter 11053: loss 0.4244, time 350.47ms, mfu 2.01%
iter 11054: loss 0.4485, time 446.65ms, mfu 1.97%
iter 11055: loss 0.4833, time 516.84ms, mfu 1.91%
iter 11056: loss 0.4111, time 341.81ms, mfu 1.92%
iter 11057: loss 0.4279, time 301.25ms, mfu 1.97%
iter 11058: loss 0.4514, time 358.89ms, mfu 1.97%
iter 11059: loss 0.4531, time 568.45ms, mfu 1.89%
iter 11060: loss 0.4717, time 372.90ms, mfu 1.90%
iter 11061: loss 0.4217, time 368.52ms, mfu 1.90%
iter 11062: loss 0.4841, time 391.15ms, mfu 1.89%
iter 11063: loss 0.4884, time 359.14ms, mfu 1.90%
iter 11064: loss 0.4229, time 314.79ms, mfu 1.93%
iter 11065: loss 0.4691, time 325.34ms, mfu 1.96%
iter 11066: loss 0.4564, time 358.37ms, mfu 1.96%
iter 11067: loss 0.4365, time 465.87ms, mfu 1.92%
iter 11068: loss 0.4468, time 232.49ms, mfu 2.03%
iter 11069: loss 0.4659, time 291.69ms, mfu 2.07%
iter 11070: loss 0.4814, time 309.97ms, mfu 2.09%
iter 11071: loss 0.4466, time 384.42ms, mfu 2.07%
iter 11072: loss 0.4649, time 230.42ms, mfu 2.17%
iter 11073: loss 0.4437, time 277.88ms, mfu 2.21%
iter 11074: loss 0.4354, time 436.48ms, mfu 2.15%
iter 11075: loss 0.4761, time 272.24ms, mfu 2.19%
iter 11076: loss 0.4685, time 410.10ms, mfu 2.15%
iter 11077: loss 0.4624, time 297.15ms, mfu 2.17%
iter 11078: loss 0.4393, time 312.23ms, mfu 2.18%
iter 11079: loss 0.4539, time 454.68ms, mfu 2.12%
iter 11080: loss 0.4682, time 315.90ms, mfu 2.13%
iter 11081: loss 0.4704, time 378.70ms, mfu 2.10%
iter 11082: loss 0.4921, time 381.14ms, mfu 2.08%
iter 11083: loss 0.4105, time 297.38ms, mfu 2.11%
iter 11084: loss 0.4558, time 511.89ms, mfu 2.04%
iter 11085: loss 0.4588, time 317.79ms, mfu 2.06%
iter 11086: loss 0.4490, time 248.62ms, mfu 2.14%
iter 11087: loss 0.5185, time 291.12ms, mfu 2.17%
iter 11088: loss 0.4945, time 313.43ms, mfu 2.18%
iter 11089: loss 0.4345, time 389.20ms, mfu 2.14%
iter 11090: loss 0.4860, time 219.43ms, mfu 2.25%
iter 11091: loss 0.4902, time 359.94ms, mfu 2.22%
iter 11092: loss 0.4561, time 384.80ms, mfu 2.18%
iter 11093: loss 0.4726, time 483.90ms, mfu 2.11%
iter 11094: loss 0.4152, time 364.60ms, mfu 2.09%
iter 11095: loss 0.4825, time 326.33ms, mfu 2.10%
iter 11096: loss 0.4664, time 471.21ms, mfu 2.04%
iter 11097: loss 0.5401, time 348.00ms, mfu 2.04%
iter 11098: loss 0.4680, time 436.78ms, mfu 2.00%
iter 11099: loss 0.4788, time 414.89ms, mfu 1.97%
iter 11100: loss 0.4847, time 535.06ms, mfu 1.91%
  === DIAG iter 11100 ===
  loss: 0.4847
  grads: total 1.0000, transformer 0.1260, adapter 0.9920
  <NUM> input tokens: 563/3072 (18.3%)
  lr: base 4.71e-05, adapter 2.36e-05
  SME accuracy: overall 0.642, sign 0.961, exp 0.946, digit 0.428, end 0.977 [d0 0.825 d1 0.440 d2 0.214 d3 0.154 d4 0.243 d5 0.324 d6 0.229 d7 0.265 d8 0.250 d9 0.545 d10 0.700 d11 0.667 d12 0.667 d13 0.600 d14 0.333] (961 SME tokens)
iter 11101: loss 0.4350, time 223.27ms, mfu 2.03%
iter 11102: loss 0.4735, time 465.92ms, mfu 1.98%
iter 11103: loss 0.4510, time 321.42ms, mfu 2.00%
iter 11104: loss 0.4573, time 341.70ms, mfu 2.01%
iter 11105: loss 0.4532, time 603.67ms, mfu 1.93%
iter 11106: loss 0.4586, time 427.35ms, mfu 1.90%
iter 11107: loss 0.4447, time 424.36ms, mfu 1.88%
iter 11108: loss 0.4350, time 268.20ms, mfu 1.95%
iter 11109: loss 0.4758, time 381.05ms, mfu 1.94%
iter 11110: loss 0.4607, time 222.94ms, mfu 2.07%
iter 11111: loss 0.4557, time 495.43ms, mfu 2.00%
iter 11112: loss 0.4506, time 412.47ms, mfu 1.98%
iter 11113: loss 0.4617, time 231.51ms, mfu 2.08%
iter 11114: loss 0.4551, time 356.36ms, mfu 2.07%
iter 11115: loss 0.4902, time 399.28ms, mfu 2.04%
iter 11116: loss 0.4771, time 563.64ms, mfu 1.97%
iter 11117: loss 0.5180, time 206.10ms, mfu 2.11%
iter 11118: loss 0.5027, time 419.07ms, mfu 2.07%
iter 11119: loss 0.4502, time 298.29ms, mfu 2.10%
iter 11120: loss 0.4517, time 354.73ms, mfu 2.09%
iter 11121: loss 0.4766, time 332.57ms, mfu 2.10%
iter 11122: loss 0.4892, time 481.89ms, mfu 2.03%
iter 11123: loss 0.3999, time 384.30ms, mfu 2.01%
iter 11124: loss 0.5072, time 305.01ms, mfu 2.04%
iter 11125: loss 0.4725, time 444.81ms, mfu 2.00%
iter 11126: loss 0.4992, time 457.48ms, mfu 1.95%
iter 11127: loss 0.4429, time 278.23ms, mfu 2.01%
iter 11128: loss 0.4363, time 437.92ms, mfu 1.97%
iter 11129: loss 0.4280, time 366.72ms, mfu 1.97%
iter 11130: loss 0.4752, time 404.95ms, mfu 1.95%
iter 11131: loss 0.4798, time 359.10ms, mfu 1.95%
iter 11132: loss 0.4630, time 305.54ms, mfu 1.99%
iter 11133: loss 0.4566, time 343.68ms, mfu 2.00%
iter 11134: loss 0.4812, time 359.58ms, mfu 1.99%
iter 11135: loss 0.5289, time 395.77ms, mfu 1.97%
iter 11136: loss 0.4966, time 452.95ms, mfu 1.93%
iter 11137: loss 0.4525, time 307.80ms, mfu 1.97%
iter 11138: loss 0.4975, time 412.36ms, mfu 1.94%
iter 11139: loss 0.4488, time 423.78ms, mfu 1.92%
iter 11140: loss 0.4653, time 358.77ms, mfu 1.92%
iter 11141: loss 0.4677, time 213.85ms, mfu 2.06%
iter 11142: loss 0.4653, time 235.78ms, mfu 2.16%
iter 11143: loss 0.5277, time 388.55ms, mfu 2.12%
iter 11144: loss 0.4722, time 449.20ms, mfu 2.07%
iter 11145: loss 0.4591, time 234.10ms, mfu 2.16%
iter 11146: loss 0.4819, time 338.40ms, mfu 2.16%
iter 11147: loss 0.4203, time 515.07ms, mfu 2.08%
iter 11148: loss 0.3928, time 227.48ms, mfu 2.18%
iter 11149: loss 0.4270, time 304.28ms, mfu 2.20%
iter 11150: loss 0.4686, time 436.86ms, mfu 2.14%
iter 11151: loss 0.4877, time 472.19ms, mfu 2.08%
iter 11152: loss 0.4759, time 394.91ms, mfu 2.05%
iter 11153: loss 0.5326, time 459.75ms, mfu 2.00%
iter 11154: loss 0.4260, time 268.07ms, mfu 2.06%
iter 11155: loss 0.4640, time 313.23ms, mfu 2.08%
iter 11156: loss 0.4613, time 294.08ms, mfu 2.11%
iter 11157: loss 0.4387, time 411.77ms, mfu 2.08%
iter 11158: loss 0.4267, time 379.84ms, mfu 2.05%
iter 11159: loss 0.5076, time 481.69ms, mfu 2.00%
iter 11160: loss 0.5041, time 306.55ms, mfu 2.03%
iter 11161: loss 0.4565, time 327.33ms, mfu 2.04%
iter 11162: loss 0.5004, time 307.09ms, mfu 2.07%
iter 11163: loss 0.4338, time 362.60ms, mfu 2.06%
iter 11164: loss 0.4479, time 382.87ms, mfu 2.04%
iter 11165: loss 0.4415, time 393.23ms, mfu 2.01%
iter 11166: loss 0.5030, time 455.89ms, mfu 1.97%
iter 11167: loss 0.4800, time 200.21ms, mfu 2.12%
iter 11168: loss 0.4246, time 377.48ms, mfu 2.10%
iter 11169: loss 0.4235, time 302.12ms, mfu 2.12%
iter 11170: loss 0.4560, time 451.64ms, mfu 2.07%
iter 11171: loss 0.4585, time 326.82ms, mfu 2.08%
iter 11172: loss 0.4686, time 239.78ms, mfu 2.17%
iter 11173: loss 0.4470, time 357.40ms, mfu 2.15%
iter 11174: loss 0.4657, time 253.75ms, mfu 2.21%
iter 11175: loss 0.4499, time 390.70ms, mfu 2.17%
iter 11176: loss 0.4335, time 496.51ms, mfu 2.10%
iter 11177: loss 0.4970, time 364.73ms, mfu 2.08%
iter 11178: loss 0.4568, time 297.70ms, mfu 2.11%
iter 11179: loss 0.4908, time 508.08ms, mfu 2.04%
iter 11180: loss 0.4838, time 491.37ms, mfu 1.98%
iter 11181: loss 0.5033, time 380.87ms, mfu 1.97%
iter 11182: loss 0.4794, time 250.89ms, mfu 2.05%
iter 11183: loss 0.4643, time 348.50ms, mfu 2.05%
iter 11184: loss 0.4157, time 573.12ms, mfu 1.97%
iter 11185: loss 0.4426, time 382.30ms, mfu 1.96%
iter 11186: loss 0.4507, time 444.25ms, mfu 1.92%
iter 11187: loss 0.4774, time 262.48ms, mfu 2.00%
iter 11188: loss 0.4292, time 331.76ms, mfu 2.01%
iter 11189: loss 0.4579, time 372.47ms, mfu 2.00%
iter 11190: loss 0.4745, time 504.59ms, mfu 1.94%
iter 11191: loss 0.4286, time 321.55ms, mfu 1.97%
iter 11192: loss 0.4571, time 398.50ms, mfu 1.95%
iter 11193: loss 0.4510, time 492.36ms, mfu 1.90%
iter 11194: loss 0.4484, time 513.45ms, mfu 1.85%
iter 11195: loss 0.4700, time 408.26ms, mfu 1.84%
iter 11196: loss 0.5146, time 334.22ms, mfu 1.86%
iter 11197: loss 0.4185, time 302.87ms, mfu 1.91%
iter 11198: loss 0.4963, time 312.73ms, mfu 1.95%
iter 11199: loss 0.4585, time 375.67ms, mfu 1.94%
iter 11200: loss 0.4199, time 732.35ms, mfu 1.84%
  === DIAG iter 11200 ===
  loss: 0.4199
  grads: total 1.0000, transformer 0.1529, adapter 0.9882
  <NUM> input tokens: 544/3072 (17.7%)
  lr: base 4.57e-05, adapter 2.28e-05
  SME accuracy: overall 0.695, sign 0.953, exp 0.904, digit 0.512, end 0.952 [d0 0.815 d1 0.500 d2 0.190 d3 0.217 d4 0.400 d5 0.367 d6 0.414 d7 0.385 d8 0.542 d9 0.727 d10 0.700 d11 0.700 d12 0.750 d13 0.750 d14 0.750] (878 SME tokens)
iter 11201: loss 0.4276, time 199.93ms, mfu 2.01%
iter 11202: loss 0.4527, time 379.45ms, mfu 2.00%
iter 11203: loss 0.4907, time 501.32ms, mfu 1.94%
iter 11204: loss 0.4786, time 349.02ms, mfu 1.95%
iter 11205: loss 0.5083, time 411.25ms, mfu 1.93%
iter 11206: loss 0.4236, time 230.05ms, mfu 2.04%
iter 11207: loss 0.4537, time 448.79ms, mfu 2.00%
iter 11208: loss 0.4417, time 228.82ms, mfu 2.11%
iter 11209: loss 0.5064, time 569.12ms, mfu 2.02%
iter 11210: loss 0.4771, time 367.85ms, mfu 2.01%
iter 11211: loss 0.4158, time 255.10ms, mfu 2.09%
iter 11212: loss 0.4601, time 299.18ms, mfu 2.12%
iter 11213: loss 0.4450, time 450.79ms, mfu 2.06%
iter 11214: loss 0.3992, time 468.35ms, mfu 2.01%
iter 11215: loss 0.5175, time 552.50ms, mfu 1.93%
iter 11216: loss 0.4883, time 436.39ms, mfu 1.90%
iter 11217: loss 0.4703, time 269.74ms, mfu 1.98%
iter 11218: loss 0.5250, time 336.62ms, mfu 1.99%
iter 11219: loss 0.4292, time 393.53ms, mfu 1.97%
iter 11220: loss 0.4678, time 220.91ms, mfu 2.09%
iter 11221: loss 0.4339, time 328.10ms, mfu 2.10%
iter 11222: loss 0.5004, time 459.95ms, mfu 2.04%
iter 11223: loss 0.4564, time 261.40ms, mfu 2.11%
iter 11224: loss 0.4586, time 210.14ms, mfu 2.24%
iter 11225: loss 0.4678, time 379.01ms, mfu 2.20%
iter 11226: loss 0.4679, time 252.40ms, mfu 2.26%
iter 11227: loss 0.4498, time 343.36ms, mfu 2.24%
iter 11228: loss 0.4719, time 223.91ms, mfu 2.33%
iter 11229: loss 0.4778, time 312.05ms, mfu 2.33%
iter 11230: loss 0.4731, time 415.33ms, mfu 2.27%
iter 11231: loss 0.4542, time 588.70ms, mfu 2.16%
iter 11232: loss 0.4843, time 381.42ms, mfu 2.13%
iter 11233: loss 0.4532, time 234.23ms, mfu 2.22%
iter 11234: loss 0.4336, time 292.86ms, mfu 2.24%
iter 11235: loss 0.4503, time 356.14ms, mfu 2.21%
iter 11236: loss 0.4710, time 288.88ms, mfu 2.24%
iter 11237: loss 0.4475, time 475.57ms, mfu 2.16%
iter 11238: loss 0.4557, time 404.15ms, mfu 2.12%
iter 11239: loss 0.3975, time 372.41ms, mfu 2.10%
iter 11240: loss 0.4679, time 344.18ms, mfu 2.10%
iter 11241: loss 0.4124, time 262.92ms, mfu 2.16%
iter 11242: loss 0.4222, time 377.58ms, mfu 2.13%
iter 11243: loss 0.4863, time 431.70ms, mfu 2.08%
iter 11244: loss 0.4355, time 401.43ms, mfu 2.05%
iter 11245: loss 0.4662, time 282.55ms, mfu 2.09%
iter 11246: loss 0.4905, time 516.70ms, mfu 2.02%
iter 11247: loss 0.4446, time 314.39ms, mfu 2.05%
iter 11248: loss 0.4644, time 312.84ms, mfu 2.07%
iter 11249: loss 0.4382, time 324.05ms, mfu 2.08%
iter 11250: loss 0.5037, time 463.46ms, mfu 2.02%
iter 11251: loss 0.4674, time 548.73ms, mfu 1.95%
iter 11252: loss 0.4506, time 372.51ms, mfu 1.95%
iter 11253: loss 0.4416, time 446.71ms, mfu 1.91%
iter 11254: loss 0.4818, time 426.33ms, mfu 1.89%
iter 11255: loss 0.4561, time 433.22ms, mfu 1.86%
iter 11256: loss 0.4692, time 290.48ms, mfu 1.92%
iter 11257: loss 0.4758, time 355.06ms, mfu 1.93%
iter 11258: loss 0.4733, time 417.33ms, mfu 1.90%
iter 11259: loss 0.5050, time 340.56ms, mfu 1.92%
iter 11260: loss 0.4826, time 501.90ms, mfu 1.87%
iter 11261: loss 0.4846, time 323.12ms, mfu 1.90%
iter 11262: loss 0.4684, time 303.95ms, mfu 1.95%
iter 11263: loss 0.4875, time 376.44ms, mfu 1.94%
iter 11264: loss 0.4733, time 458.54ms, mfu 1.90%
iter 11265: loss 0.4944, time 456.01ms, mfu 1.87%
iter 11266: loss 0.4257, time 268.26ms, mfu 1.94%
iter 11267: loss 0.4952, time 427.92ms, mfu 1.91%
iter 11268: loss 0.4717, time 403.95ms, mfu 1.90%
iter 11269: loss 0.4451, time 427.11ms, mfu 1.87%
iter 11270: loss 0.4530, time 280.02ms, mfu 1.94%
iter 11271: loss 0.4798, time 402.44ms, mfu 1.92%
iter 11272: loss 0.4515, time 428.46ms, mfu 1.90%
iter 11273: loss 0.4376, time 411.20ms, mfu 1.88%
iter 11274: loss 0.4438, time 380.57ms, mfu 1.88%
iter 11275: loss 0.4659, time 416.43ms, mfu 1.86%
iter 11276: loss 0.4322, time 341.64ms, mfu 1.88%
iter 11277: loss 0.4435, time 420.29ms, mfu 1.86%
iter 11278: loss 0.4363, time 410.55ms, mfu 1.85%
iter 11279: loss 0.4145, time 531.00ms, mfu 1.80%
iter 11280: loss 0.4622, time 391.00ms, mfu 1.80%
iter 11281: loss 0.4807, time 371.70ms, mfu 1.81%
iter 11282: loss 0.4149, time 280.43ms, mfu 1.88%
iter 11283: loss 0.5020, time 457.74ms, mfu 1.85%
iter 11284: loss 0.4243, time 564.99ms, mfu 1.79%
iter 11285: loss 0.4485, time 367.41ms, mfu 1.80%
iter 11286: loss 0.4510, time 325.01ms, mfu 1.84%
iter 11287: loss 0.4579, time 357.45ms, mfu 1.85%
iter 11288: loss 0.4960, time 290.52ms, mfu 1.91%
iter 11289: loss 0.5053, time 379.27ms, mfu 1.91%
iter 11290: loss 0.4178, time 307.86ms, mfu 1.95%
iter 11291: loss 0.4426, time 364.88ms, mfu 1.95%
iter 11292: loss 0.4489, time 287.03ms, mfu 2.00%
iter 11293: loss 0.4980, time 238.76ms, mfu 2.10%
iter 11294: loss 0.4373, time 382.04ms, mfu 2.07%
iter 11295: loss 0.4570, time 401.68ms, mfu 2.04%
iter 11296: loss 0.4806, time 397.79ms, mfu 2.02%
iter 11297: loss 0.4754, time 430.08ms, mfu 1.98%
iter 11298: loss 0.4811, time 407.20ms, mfu 1.95%
iter 11299: loss 0.4879, time 395.24ms, mfu 1.94%
iter 11300: loss 0.4695, time 550.37ms, mfu 1.87%
  === DIAG iter 11300 ===
  loss: 0.4695
  grads: total 1.0000, transformer 0.1603, adapter 0.9871
  <NUM> input tokens: 527/3072 (17.2%)
  lr: base 4.43e-05, adapter 2.22e-05
  SME accuracy: overall 0.690, sign 0.977, exp 0.969, digit 0.509, end 0.932 [d0 0.872 d1 0.506 d2 0.239 d3 0.294 d4 0.359 d5 0.421 d6 0.371 d7 0.424 d8 0.444 d9 0.500 d10 0.750 d11 0.833 d12 0.667 d13 0.400 d14 0.250] (968 SME tokens)
iter 11301: loss 0.4502, time 156.10ms, mfu 2.14%
iter 11302: loss 0.4721, time 483.93ms, mfu 2.07%
iter 11303: loss 0.4198, time 509.83ms, mfu 2.00%
iter 11304: loss 0.4794, time 365.65ms, mfu 2.00%
iter 11305: loss 0.4632, time 242.90ms, mfu 2.09%
iter 11306: loss 0.5119, time 454.20ms, mfu 2.04%
iter 11307: loss 0.4415, time 420.16ms, mfu 2.00%
iter 11308: loss 0.5072, time 319.95ms, mfu 2.02%
iter 11309: loss 0.4197, time 429.43ms, mfu 1.99%
iter 11310: loss 0.4688, time 358.09ms, mfu 1.99%
iter 11311: loss 0.4752, time 401.57ms, mfu 1.96%
iter 11312: loss 0.4608, time 230.92ms, mfu 2.07%
iter 11313: loss 0.4720, time 461.56ms, mfu 2.02%
iter 11314: loss 0.4238, time 248.66ms, mfu 2.10%
iter 11315: loss 0.4296, time 458.43ms, mfu 2.05%
iter 11316: loss 0.4444, time 371.70ms, mfu 2.03%
iter 11317: loss 0.5433, time 550.78ms, mfu 1.96%
iter 11318: loss 0.4741, time 335.80ms, mfu 1.97%
iter 11319: loss 0.4879, time 312.21ms, mfu 2.00%
iter 11320: loss 0.4652, time 245.39ms, mfu 2.09%
iter 11321: loss 0.4951, time 305.76ms, mfu 2.11%
iter 11322: loss 0.4548, time 374.49ms, mfu 2.09%
iter 11323: loss 0.5332, time 338.71ms, mfu 2.09%
iter 11324: loss 0.4622, time 309.19ms, mfu 2.11%
iter 11325: loss 0.5046, time 301.00ms, mfu 2.14%
iter 11326: loss 0.4571, time 349.75ms, mfu 2.13%
iter 11327: loss 0.4791, time 335.37ms, mfu 2.12%
iter 11328: loss 0.4538, time 482.80ms, mfu 2.06%
iter 11329: loss 0.4748, time 366.13ms, mfu 2.05%
iter 11330: loss 0.4862, time 256.25ms, mfu 2.12%
iter 11331: loss 0.4436, time 220.12ms, mfu 2.23%
iter 11332: loss 0.4519, time 450.09ms, mfu 2.16%
iter 11333: loss 0.5284, time 352.97ms, mfu 2.15%
iter 11334: loss 0.4594, time 443.29ms, mfu 2.09%
iter 11335: loss 0.4671, time 368.76ms, mfu 2.08%
iter 11336: loss 0.4871, time 330.57ms, mfu 2.08%
iter 11337: loss 0.4902, time 256.22ms, mfu 2.15%
iter 11338: loss 0.4795, time 279.51ms, mfu 2.19%
iter 11339: loss 0.4435, time 405.63ms, mfu 2.15%
iter 11340: loss 0.4819, time 463.97ms, mfu 2.08%
iter 11341: loss 0.4207, time 283.40ms, mfu 2.13%
iter 11342: loss 0.4705, time 410.00ms, mfu 2.09%
iter 11343: loss 0.4809, time 428.26ms, mfu 2.04%
iter 11344: loss 0.4849, time 327.28ms, mfu 2.05%
iter 11345: loss 0.4543, time 392.95ms, mfu 2.03%
iter 11346: loss 0.4407, time 313.48ms, mfu 2.05%
iter 11347: loss 0.4720, time 375.57ms, mfu 2.04%
iter 11348: loss 0.3987, time 510.65ms, mfu 1.97%
iter 11349: loss 0.4620, time 272.80ms, mfu 2.03%
iter 11350: loss 0.5122, time 354.94ms, mfu 2.03%
iter 11351: loss 0.4644, time 529.74ms, mfu 1.96%
iter 11352: loss 0.4899, time 313.14ms, mfu 1.99%
iter 11353: loss 0.4853, time 356.71ms, mfu 1.99%
iter 11354: loss 0.4433, time 364.53ms, mfu 1.99%
iter 11355: loss 0.4624, time 304.38ms, mfu 2.02%
iter 11356: loss 0.4586, time 268.49ms, mfu 2.08%
iter 11357: loss 0.4419, time 352.62ms, mfu 2.08%
iter 11358: loss 0.4553, time 326.44ms, mfu 2.08%
iter 11359: loss 0.5132, time 390.80ms, mfu 2.06%
iter 11360: loss 0.4569, time 357.13ms, mfu 2.05%
iter 11361: loss 0.4835, time 448.62ms, mfu 2.00%
iter 11362: loss 0.5343, time 341.12ms, mfu 2.01%
iter 11363: loss 0.4452, time 421.91ms, mfu 1.98%
iter 11364: loss 0.4634, time 195.94ms, mfu 2.14%
iter 11365: loss 0.4465, time 441.24ms, mfu 2.09%
iter 11366: loss 0.4429, time 329.21ms, mfu 2.09%
iter 11367: loss 0.4688, time 347.64ms, mfu 2.09%
iter 11368: loss 0.5190, time 231.25ms, mfu 2.19%
iter 11369: loss 0.4625, time 325.93ms, mfu 2.19%
iter 11370: loss 0.4624, time 590.44ms, mfu 2.09%
iter 11371: loss 0.4841, time 348.07ms, mfu 2.08%
iter 11372: loss 0.4761, time 404.53ms, mfu 2.05%
iter 11373: loss 0.4458, time 395.38ms, mfu 2.02%
iter 11374: loss 0.4696, time 280.96ms, mfu 2.07%
iter 11375: loss 0.4945, time 345.98ms, mfu 2.07%
iter 11376: loss 0.4642, time 400.77ms, mfu 2.04%
iter 11377: loss 0.4357, time 353.80ms, mfu 2.04%
iter 11378: loss 0.4635, time 367.32ms, mfu 2.03%
iter 11379: loss 0.5144, time 396.83ms, mfu 2.00%
iter 11380: loss 0.5107, time 352.88ms, mfu 2.00%
iter 11381: loss 0.4321, time 561.28ms, mfu 1.93%
iter 11382: loss 0.5160, time 356.79ms, mfu 1.93%
iter 11383: loss 0.4638, time 381.04ms, mfu 1.93%
iter 11384: loss 0.4452, time 424.33ms, mfu 1.90%
iter 11385: loss 0.5177, time 302.64ms, mfu 1.95%
iter 11386: loss 0.4757, time 362.92ms, mfu 1.95%
iter 11387: loss 0.4449, time 332.06ms, mfu 1.96%
iter 11388: loss 0.4909, time 415.11ms, mfu 1.94%
iter 11389: loss 0.4699, time 431.59ms, mfu 1.91%
iter 11390: loss 0.4488, time 490.95ms, mfu 1.86%
iter 11391: loss 0.4753, time 457.42ms, mfu 1.83%
iter 11392: loss 0.5086, time 325.22ms, mfu 1.87%
iter 11393: loss 0.4768, time 430.51ms, mfu 1.84%
iter 11394: loss 0.4432, time 411.40ms, mfu 1.83%
iter 11395: loss 0.4757, time 466.29ms, mfu 1.80%
iter 11396: loss 0.4800, time 424.96ms, mfu 1.79%
iter 11397: loss 0.4779, time 346.52ms, mfu 1.81%
iter 11398: loss 0.4774, time 254.38ms, mfu 1.91%
iter 11399: loss 0.4686, time 313.68ms, mfu 1.95%
iter 11400: loss 0.4565, time 692.12ms, mfu 1.85%
  === DIAG iter 11400 ===
  loss: 0.4565
  grads: total 1.0000, transformer 0.1291, adapter 0.9916
  <NUM> input tokens: 560/3072 (18.2%)
  lr: base 4.32e-05, adapter 2.16e-05
  SME accuracy: overall 0.684, sign 0.941, exp 0.916, digit 0.509, end 0.992 [d0 0.845 d1 0.398 d2 0.347 d3 0.320 d4 0.375 d5 0.516 d6 0.433 d7 0.400 d8 0.407 d9 0.688 d10 0.643 d11 0.538 d12 0.400 d13 0.500 d14 0.500] (899 SME tokens)
iter 11401: loss 0.4664, time 225.06ms, mfu 1.98%
iter 11402: loss 0.5194, time 229.51ms, mfu 2.09%
iter 11403: loss 0.4824, time 409.31ms, mfu 2.06%
iter 11404: loss 0.4715, time 405.63ms, mfu 2.03%
iter 11405: loss 0.4291, time 365.43ms, mfu 2.02%
iter 11406: loss 0.5226, time 332.73ms, mfu 2.03%
iter 11407: loss 0.4559, time 354.77ms, mfu 2.03%
iter 11408: loss 0.4910, time 355.25ms, mfu 2.02%
iter 11409: loss 0.4443, time 421.88ms, mfu 1.99%
iter 11410: loss 0.4639, time 316.59ms, mfu 2.01%
iter 11411: loss 0.4063, time 337.01ms, mfu 2.02%
iter 11412: loss 0.4809, time 459.89ms, mfu 1.97%
iter 11413: loss 0.4667, time 384.41ms, mfu 1.96%
iter 11414: loss 0.4770, time 364.77ms, mfu 1.96%
iter 11415: loss 0.4499, time 333.42ms, mfu 1.98%
iter 11416: loss 0.4696, time 288.85ms, mfu 2.02%
iter 11417: loss 0.4359, time 443.26ms, mfu 1.98%
iter 11418: loss 0.4504, time 443.40ms, mfu 1.94%
iter 11419: loss 0.4071, time 416.98ms, mfu 1.92%
iter 11420: loss 0.4709, time 340.45ms, mfu 1.93%
iter 11421: loss 0.4502, time 333.10ms, mfu 1.95%
iter 11422: loss 0.4333, time 417.21ms, mfu 1.93%
iter 11423: loss 0.4097, time 355.85ms, mfu 1.93%
iter 11424: loss 0.4546, time 290.64ms, mfu 1.99%
iter 11425: loss 0.5034, time 398.68ms, mfu 1.96%
iter 11426: loss 0.4719, time 263.73ms, mfu 2.04%
iter 11427: loss 0.4090, time 453.81ms, mfu 1.99%
iter 11428: loss 0.4544, time 304.49ms, mfu 2.02%
iter 11429: loss 0.4194, time 545.74ms, mfu 1.95%
iter 11430: loss 0.3837, time 358.80ms, mfu 1.95%
iter 11431: loss 0.4568, time 440.68ms, mfu 1.92%
iter 11432: loss 0.4550, time 347.42ms, mfu 1.93%
iter 11433: loss 0.4509, time 350.51ms, mfu 1.94%
iter 11434: loss 0.4310, time 483.43ms, mfu 1.89%
iter 11435: loss 0.5314, time 275.38ms, mfu 1.96%
iter 11436: loss 0.4913, time 390.77ms, mfu 1.95%
iter 11437: loss 0.5234, time 384.95ms, mfu 1.94%
iter 11438: loss 0.4687, time 328.63ms, mfu 1.96%
iter 11439: loss 0.5151, time 272.86ms, mfu 2.02%
iter 11440: loss 0.4753, time 342.75ms, mfu 2.03%
iter 11441: loss 0.5022, time 494.60ms, mfu 1.97%
iter 11442: loss 0.3954, time 307.51ms, mfu 2.00%
iter 11443: loss 0.4390, time 560.23ms, mfu 1.93%
iter 11444: loss 0.4260, time 509.42ms, mfu 1.87%
iter 11445: loss 0.4687, time 435.01ms, mfu 1.85%
iter 11446: loss 0.4223, time 434.01ms, mfu 1.83%
iter 11447: loss 0.4931, time 391.94ms, mfu 1.83%
iter 11448: loss 0.4983, time 412.10ms, mfu 1.81%
iter 11449: loss 0.4646, time 547.89ms, mfu 1.76%
iter 11450: loss 0.4391, time 416.50ms, mfu 1.76%
iter 11451: loss 0.4675, time 266.89ms, mfu 1.85%
iter 11452: loss 0.4387, time 383.71ms, mfu 1.85%
iter 11453: loss 0.4954, time 384.43ms, mfu 1.85%
iter 11454: loss 0.4595, time 303.23ms, mfu 1.90%
iter 11455: loss 0.4626, time 338.45ms, mfu 1.92%
iter 11456: loss 0.4347, time 283.69ms, mfu 1.97%
iter 11457: loss 0.4344, time 486.27ms, mfu 1.92%
iter 11458: loss 0.4199, time 273.24ms, mfu 1.99%
iter 11459: loss 0.4961, time 481.79ms, mfu 1.94%
iter 11460: loss 0.4181, time 413.09ms, mfu 1.92%
iter 11461: loss 0.4776, time 323.14ms, mfu 1.94%
iter 11462: loss 0.4689, time 440.07ms, mfu 1.91%
iter 11463: loss 0.4802, time 401.92ms, mfu 1.90%
iter 11464: loss 0.4131, time 343.13ms, mfu 1.91%
iter 11465: loss 0.4788, time 487.95ms, mfu 1.87%
iter 11466: loss 0.4551, time 337.61ms, mfu 1.89%
iter 11467: loss 0.5020, time 483.07ms, mfu 1.85%
iter 11468: loss 0.4502, time 273.34ms, mfu 1.92%
iter 11469: loss 0.4551, time 336.49ms, mfu 1.94%
iter 11470: loss 0.4384, time 321.24ms, mfu 1.97%
iter 11471: loss 0.4590, time 506.81ms, mfu 1.91%
iter 11472: loss 0.4983, time 267.14ms, mfu 1.98%
iter 11473: loss 0.4623, time 463.72ms, mfu 1.94%
iter 11474: loss 0.4503, time 409.36ms, mfu 1.92%
iter 11475: loss 0.4766, time 382.40ms, mfu 1.91%
iter 11476: loss 0.4416, time 417.99ms, mfu 1.89%
iter 11477: loss 0.4722, time 323.10ms, mfu 1.92%
iter 11478: loss 0.5047, time 296.98ms, mfu 1.97%
iter 11479: loss 0.4986, time 332.76ms, mfu 1.98%
iter 11480: loss 0.4682, time 380.35ms, mfu 1.97%
iter 11481: loss 0.4638, time 203.61ms, mfu 2.12%
iter 11482: loss 0.4749, time 389.68ms, mfu 2.09%
iter 11483: loss 0.4692, time 417.76ms, mfu 2.05%
iter 11484: loss 0.4369, time 162.78ms, mfu 2.28%
iter 11485: loss 0.4591, time 488.29ms, mfu 2.20%
iter 11486: loss 0.4735, time 413.54ms, mfu 2.15%
iter 11487: loss 0.5093, time 448.87ms, mfu 2.09%
iter 11488: loss 0.4906, time 366.32ms, mfu 2.08%
iter 11489: loss 0.5074, time 243.12ms, mfu 2.16%
iter 11490: loss 0.4134, time 417.93ms, mfu 2.11%
iter 11491: loss 0.5230, time 259.19ms, mfu 2.18%
iter 11492: loss 0.4812, time 515.69ms, mfu 2.10%
iter 11493: loss 0.4406, time 377.32ms, mfu 2.07%
iter 11494: loss 0.4800, time 471.42ms, mfu 2.02%
iter 11495: loss 0.4681, time 332.65ms, mfu 2.03%
iter 11496: loss 0.4865, time 528.90ms, mfu 1.96%
iter 11497: loss 0.4753, time 307.18ms, mfu 1.99%
iter 11498: loss 0.4845, time 408.33ms, mfu 1.97%
iter 11499: loss 0.4660, time 383.60ms, mfu 1.96%
iter 11500: loss 0.4445, time 527.66ms, mfu 1.90%
  === DIAG iter 11500 ===
  loss: 0.4445
  grads: total 1.0000, transformer 0.2396, adapter 0.9709
  <NUM> input tokens: 504/3072 (16.4%)
  lr: base 4.22e-05, adapter 2.11e-05
  SME accuracy: overall 0.674, sign 0.983, exp 0.941, digit 0.501, end 1.000 [d0 0.903 d1 0.481 d2 0.243 d3 0.237 d4 0.395 d5 0.351 d6 0.382 d7 0.412 d8 0.467 d9 0.812 d10 0.846 d11 0.750 d12 0.545 d13 0.600 d14 0.333] (966 SME tokens)
iter 11501: loss 0.4259, time 226.55ms, mfu 2.02%
iter 11502: loss 0.4538, time 371.50ms, mfu 2.01%
iter 11503: loss 0.4715, time 443.90ms, mfu 1.97%
iter 11504: loss 0.5030, time 197.34ms, mfu 2.13%
iter 11505: loss 0.4610, time 527.00ms, mfu 2.05%
iter 11506: loss 0.4056, time 334.91ms, mfu 2.06%
iter 11507: loss 0.4179, time 346.67ms, mfu 2.06%
iter 11508: loss 0.4522, time 389.52ms, mfu 2.03%
iter 11509: loss 0.4364, time 524.01ms, mfu 1.96%
iter 11510: loss 0.4748, time 380.06ms, mfu 1.95%
iter 11511: loss 0.4194, time 204.77ms, mfu 2.10%
iter 11512: loss 0.4021, time 329.57ms, mfu 2.11%
iter 11513: loss 0.4881, time 284.44ms, mfu 2.15%
iter 11514: loss 0.4893, time 435.62ms, mfu 2.10%
iter 11515: loss 0.4113, time 284.42ms, mfu 2.14%
iter 11516: loss 0.4246, time 401.75ms, mfu 2.10%
iter 11517: loss 0.4392, time 310.30ms, mfu 2.12%
iter 11518: loss 0.4227, time 315.81ms, mfu 2.13%
iter 11519: loss 0.4282, time 291.90ms, mfu 2.16%
iter 11520: loss 0.4713, time 259.92ms, mfu 2.22%
iter 11521: loss 0.4469, time 407.53ms, mfu 2.17%
iter 11522: loss 0.4328, time 237.22ms, mfu 2.25%
iter 11523: loss 0.4249, time 285.41ms, mfu 2.27%
iter 11524: loss 0.4404, time 390.90ms, mfu 2.23%
iter 11525: loss 0.4919, time 416.69ms, mfu 2.17%
iter 11526: loss 0.4524, time 426.10ms, mfu 2.12%
iter 11527: loss 0.4826, time 278.23ms, mfu 2.17%
iter 11528: loss 0.4740, time 549.20ms, mfu 2.08%
iter 11529: loss 0.4681, time 317.05ms, mfu 2.09%
iter 11530: loss 0.4722, time 464.88ms, mfu 2.04%
iter 11531: loss 0.5068, time 379.71ms, mfu 2.02%
iter 11532: loss 0.4497, time 354.73ms, mfu 2.02%
iter 11533: loss 0.4149, time 364.23ms, mfu 2.01%
iter 11534: loss 0.5052, time 311.97ms, mfu 2.04%
iter 11535: loss 0.4426, time 367.95ms, mfu 2.03%
iter 11536: loss 0.4929, time 354.88ms, mfu 2.02%
iter 11537: loss 0.4703, time 404.43ms, mfu 2.00%
iter 11538: loss 0.4432, time 489.07ms, mfu 1.94%
iter 11539: loss 0.4380, time 243.96ms, mfu 2.04%
iter 11540: loss 0.4946, time 366.13ms, mfu 2.03%
iter 11541: loss 0.4495, time 450.67ms, mfu 1.98%
iter 11542: loss 0.4541, time 319.49ms, mfu 2.01%
iter 11543: loss 0.4703, time 432.90ms, mfu 1.97%
iter 11544: loss 0.4492, time 297.58ms, mfu 2.01%
iter 11545: loss 0.4553, time 302.48ms, mfu 2.04%
iter 11546: loss 0.4490, time 300.50ms, mfu 2.07%
iter 11547: loss 0.4778, time 471.45ms, mfu 2.02%
iter 11548: loss 0.4114, time 217.98ms, mfu 2.14%
iter 11549: loss 0.4335, time 445.01ms, mfu 2.09%
iter 11550: loss 0.4715, time 302.90ms, mfu 2.11%
iter 11551: loss 0.4666, time 427.92ms, mfu 2.07%
iter 11552: loss 0.4513, time 270.64ms, mfu 2.12%
iter 11553: loss 0.5178, time 321.52ms, mfu 2.13%
iter 11554: loss 0.4308, time 549.78ms, mfu 2.05%
iter 11555: loss 0.4643, time 452.79ms, mfu 2.00%
iter 11556: loss 0.3897, time 410.60ms, mfu 1.97%
iter 11557: loss 0.3900, time 508.34ms, mfu 1.91%
iter 11558: loss 0.4520, time 338.66ms, mfu 1.93%
iter 11559: loss 0.4827, time 280.35ms, mfu 1.99%
iter 11560: loss 0.4797, time 472.41ms, mfu 1.94%
iter 11561: loss 0.4899, time 548.20ms, mfu 1.88%
iter 11562: loss 0.4562, time 241.59ms, mfu 1.98%
iter 11563: loss 0.4626, time 484.10ms, mfu 1.93%
iter 11564: loss 0.4546, time 369.68ms, mfu 1.93%
iter 11565: loss 0.4257, time 350.04ms, mfu 1.94%
iter 11566: loss 0.4835, time 537.37ms, mfu 1.88%
iter 11567: loss 0.4657, time 420.85ms, mfu 1.86%
iter 11568: loss 0.4438, time 341.31ms, mfu 1.88%
iter 11569: loss 0.4652, time 532.76ms, mfu 1.82%
iter 11570: loss 0.4587, time 495.78ms, mfu 1.78%
iter 11571: loss 0.5089, time 325.94ms, mfu 1.82%
iter 11572: loss 0.4939, time 362.80ms, mfu 1.84%
iter 11573: loss 0.4784, time 391.27ms, mfu 1.83%
iter 11574: loss 0.4967, time 257.29ms, mfu 1.93%
iter 11575: loss 0.4918, time 359.56ms, mfu 1.93%
iter 11576: loss 0.4540, time 342.57ms, mfu 1.94%
iter 11577: loss 0.4181, time 291.36ms, mfu 1.99%
iter 11578: loss 0.4167, time 359.99ms, mfu 1.99%
iter 11579: loss 0.4574, time 455.60ms, mfu 1.95%
iter 11580: loss 0.4273, time 255.00ms, mfu 2.03%
iter 11581: loss 0.4327, time 391.54ms, mfu 2.01%
iter 11582: loss 0.4570, time 469.29ms, mfu 1.96%
iter 11583: loss 0.4262, time 244.99ms, mfu 2.05%
iter 11584: loss 0.4727, time 364.92ms, mfu 2.04%
iter 11585: loss 0.4338, time 472.10ms, mfu 1.99%
iter 11586: loss 0.4721, time 397.69ms, mfu 1.97%
iter 11587: loss 0.4258, time 214.70ms, mfu 2.10%
iter 11588: loss 0.4784, time 286.26ms, mfu 2.14%
iter 11589: loss 0.4720, time 460.12ms, mfu 2.08%
iter 11590: loss 0.4395, time 512.07ms, mfu 2.01%
iter 11591: loss 0.4612, time 268.01ms, mfu 2.07%
iter 11592: loss 0.4922, time 309.46ms, mfu 2.09%
iter 11593: loss 0.4746, time 351.66ms, mfu 2.09%
iter 11594: loss 0.4934, time 361.96ms, mfu 2.07%
iter 11595: loss 0.4094, time 434.82ms, mfu 2.03%
iter 11596: loss 0.4841, time 343.18ms, mfu 2.03%
iter 11597: loss 0.5359, time 300.54ms, mfu 2.07%
iter 11598: loss 0.4754, time 380.66ms, mfu 2.04%
iter 11599: loss 0.4933, time 370.04ms, mfu 2.03%
iter 11600: loss 0.4645, time 655.31ms, mfu 1.94%
  === DIAG iter 11600 ===
  loss: 0.4645
  grads: total 1.0000, transformer 0.1589, adapter 0.9873
  <NUM> input tokens: 524/3072 (17.1%)
  lr: base 4.14e-05, adapter 2.07e-05
  SME accuracy: overall 0.691, sign 0.967, exp 0.948, digit 0.478, end 0.968 [d0 0.895 d1 0.531 d2 0.205 d3 0.154 d4 0.273 d5 0.241 d6 0.250 d7 0.185 d8 0.300 d9 0.545 d10 0.667 d11 0.778 d12 0.667 d13 0.750 d14 0.333] (1042 SME tokens)
iter 11601: loss 0.4213, time 239.63ms, mfu 2.04%
iter 11602: loss 0.4835, time 385.34ms, mfu 2.02%
iter 11603: loss 0.4605, time 345.42ms, mfu 2.02%
iter 11604: loss 0.4788, time 305.84ms, mfu 2.05%
iter 11605: loss 0.4391, time 421.34ms, mfu 2.01%
iter 11606: loss 0.4663, time 350.68ms, mfu 2.02%
iter 11607: loss 0.5004, time 499.95ms, mfu 1.96%
iter 11608: loss 0.4553, time 450.99ms, mfu 1.92%
iter 11609: loss 0.4553, time 354.14ms, mfu 1.93%
iter 11610: loss 0.5052, time 378.66ms, mfu 1.92%
iter 11611: loss 0.4316, time 304.41ms, mfu 1.96%
iter 11612: loss 0.4754, time 454.98ms, mfu 1.92%
iter 11613: loss 0.4523, time 446.96ms, mfu 1.89%
iter 11614: loss 0.4717, time 589.57ms, mfu 1.82%
iter 11615: loss 0.4757, time 297.35ms, mfu 1.88%
iter 11616: loss 0.5158, time 386.72ms, mfu 1.87%
iter 11617: loss 0.5007, time 358.06ms, mfu 1.88%
iter 11618: loss 0.4509, time 441.19ms, mfu 1.85%
iter 11619: loss 0.4639, time 243.36ms, mfu 1.96%
iter 11620: loss 0.4893, time 406.06ms, mfu 1.94%
iter 11621: loss 0.4335, time 357.09ms, mfu 1.94%
iter 11622: loss 0.4791, time 245.41ms, mfu 2.04%
iter 11623: loss 0.4675, time 328.92ms, mfu 2.05%
iter 11624: loss 0.4498, time 273.64ms, mfu 2.10%
iter 11625: loss 0.4908, time 475.99ms, mfu 2.04%
iter 11626: loss 0.4334, time 169.18ms, mfu 2.26%
iter 11627: loss 0.4281, time 313.75ms, mfu 2.26%
iter 11628: loss 0.4595, time 361.85ms, mfu 2.23%
iter 11629: loss 0.4681, time 437.90ms, mfu 2.17%
iter 11630: loss 0.4279, time 317.20ms, mfu 2.17%
iter 11631: loss 0.4912, time 336.33ms, mfu 2.17%
iter 11632: loss 0.4243, time 301.19ms, mfu 2.19%
iter 11633: loss 0.4472, time 329.62ms, mfu 2.18%
iter 11634: loss 0.4138, time 277.84ms, mfu 2.22%
iter 11635: loss 0.4207, time 260.02ms, mfu 2.27%
iter 11636: loss 0.4163, time 529.75ms, mfu 2.18%
iter 11637: loss 0.4524, time 389.46ms, mfu 2.14%
iter 11638: loss 0.4610, time 340.58ms, mfu 2.13%
iter 11639: loss 0.4265, time 419.19ms, mfu 2.09%
iter 11640: loss 0.4999, time 316.91ms, mfu 2.10%
iter 11641: loss 0.4120, time 513.95ms, mfu 2.03%
iter 11642: loss 0.5004, time 370.49ms, mfu 2.02%
iter 11643: loss 0.4335, time 384.23ms, mfu 2.00%
iter 11644: loss 0.4324, time 412.75ms, mfu 1.97%
iter 11645: loss 0.4388, time 348.00ms, mfu 1.98%
iter 11646: loss 0.4725, time 461.51ms, mfu 1.94%
iter 11647: loss 0.4237, time 421.59ms, mfu 1.91%
iter 11648: loss 0.4046, time 399.03ms, mfu 1.90%
iter 11649: loss 0.4726, time 422.65ms, mfu 1.87%
iter 11650: loss 0.4848, time 312.49ms, mfu 1.91%
iter 11651: loss 0.4593, time 309.11ms, mfu 1.95%
iter 11652: loss 0.4589, time 218.26ms, mfu 2.08%
iter 11653: loss 0.3995, time 372.54ms, mfu 2.06%
iter 11654: loss 0.4303, time 370.47ms, mfu 2.05%
iter 11655: loss 0.4458, time 384.29ms, mfu 2.03%
iter 11656: loss 0.4997, time 279.19ms, mfu 2.08%
iter 11657: loss 0.4595, time 402.94ms, mfu 2.05%
iter 11658: loss 0.4280, time 437.52ms, mfu 2.00%
iter 11659: loss 0.4360, time 388.92ms, mfu 1.99%
iter 11660: loss 0.4815, time 433.23ms, mfu 1.95%
iter 11661: loss 0.4832, time 518.48ms, mfu 1.89%
iter 11662: loss 0.4830, time 231.64ms, mfu 2.01%
iter 11663: loss 0.4263, time 440.69ms, mfu 1.97%
iter 11664: loss 0.4698, time 332.81ms, mfu 1.99%
iter 11665: loss 0.4512, time 408.51ms, mfu 1.96%
iter 11666: loss 0.4528, time 419.01ms, mfu 1.93%
iter 11667: loss 0.4282, time 359.87ms, mfu 1.94%
iter 11668: loss 0.4384, time 280.11ms, mfu 2.00%
iter 11669: loss 0.4833, time 396.72ms, mfu 1.98%
iter 11670: loss 0.4497, time 455.43ms, mfu 1.93%
iter 11671: loss 0.4758, time 305.19ms, mfu 1.97%
iter 11672: loss 0.4743, time 284.39ms, mfu 2.02%
iter 11673: loss 0.4421, time 331.64ms, mfu 2.04%
iter 11674: loss 0.4467, time 307.57ms, mfu 2.06%
iter 11675: loss 0.4906, time 364.22ms, mfu 2.05%
iter 11676: loss 0.4421, time 290.14ms, mfu 2.09%
iter 11677: loss 0.4936, time 411.75ms, mfu 2.05%
iter 11678: loss 0.4896, time 222.99ms, mfu 2.17%
iter 11679: loss 0.4708, time 348.83ms, mfu 2.15%
iter 11680: loss 0.5159, time 371.09ms, mfu 2.13%
iter 11681: loss 0.4733, time 384.04ms, mfu 2.10%
iter 11682: loss 0.4917, time 202.28ms, mfu 2.24%
iter 11683: loss 0.4579, time 355.06ms, mfu 2.22%
iter 11684: loss 0.4330, time 493.65ms, mfu 2.14%
iter 11685: loss 0.4611, time 226.41ms, mfu 2.24%
iter 11686: loss 0.5184, time 314.81ms, mfu 2.24%
iter 11687: loss 0.4823, time 344.86ms, mfu 2.22%
iter 11688: loss 0.4588, time 393.09ms, mfu 2.18%
iter 11689: loss 0.4159, time 330.55ms, mfu 2.17%
iter 11690: loss 0.4458, time 346.96ms, mfu 2.16%
iter 11691: loss 0.4419, time 348.43ms, mfu 2.15%
iter 11692: loss 0.4456, time 312.47ms, mfu 2.16%
iter 11693: loss 0.4816, time 266.52ms, mfu 2.21%
iter 11694: loss 0.4348, time 354.45ms, mfu 2.19%
iter 11695: loss 0.4352, time 341.25ms, mfu 2.18%
iter 11696: loss 0.4330, time 485.17ms, mfu 2.11%
iter 11697: loss 0.4458, time 334.39ms, mfu 2.11%
iter 11698: loss 0.4433, time 215.57ms, mfu 2.23%
iter 11699: loss 0.4937, time 246.65ms, mfu 2.29%
iter 11700: loss 0.4530, time 573.99ms, mfu 2.18%
  === DIAG iter 11700 ===
  loss: 0.4530
  grads: total 1.0000, transformer 0.1906, adapter 0.9817
  <NUM> input tokens: 556/3072 (18.1%)
  lr: base 4.08e-05, adapter 2.04e-05
  SME accuracy: overall 0.678, sign 0.983, exp 0.933, digit 0.511, end 0.983 [d0 0.905 d1 0.488 d2 0.230 d3 0.302 d4 0.364 d5 0.341 d6 0.462 d7 0.436 d8 0.312 d9 0.647 d10 0.688 d11 0.786 d12 0.833 d13 0.500 d14 0.500] (964 SME tokens)
iter 11701: loss 0.4333, time 228.64ms, mfu 2.28%
iter 11702: loss 0.4592, time 325.24ms, mfu 2.27%
iter 11703: loss 0.4313, time 385.57ms, mfu 2.22%
iter 11704: loss 0.3787, time 330.00ms, mfu 2.22%
iter 11705: loss 0.4647, time 297.45ms, mfu 2.23%
iter 11706: loss 0.3890, time 301.59ms, mfu 2.24%
iter 11707: loss 0.4619, time 313.58ms, mfu 2.25%
iter 11708: loss 0.4748, time 267.34ms, mfu 2.29%
iter 11709: loss 0.4784, time 375.17ms, mfu 2.25%
iter 11710: loss 0.5098, time 369.15ms, mfu 2.21%
iter 11711: loss 0.4386, time 466.53ms, mfu 2.14%
iter 11712: loss 0.4371, time 290.72ms, mfu 2.17%
iter 11713: loss 0.4267, time 454.72ms, mfu 2.11%
iter 11714: loss 0.4526, time 413.74ms, mfu 2.07%
iter 11715: loss 0.4663, time 326.92ms, mfu 2.08%
iter 11716: loss 0.4504, time 467.04ms, mfu 2.03%
iter 11717: loss 0.4656, time 476.96ms, mfu 1.97%
iter 11718: loss 0.4868, time 474.44ms, mfu 1.92%
iter 11719: loss 0.4518, time 231.71ms, mfu 2.04%
iter 11720: loss 0.5020, time 457.93ms, mfu 1.99%
iter 11721: loss 0.4688, time 561.88ms, mfu 1.92%
iter 11722: loss 0.4706, time 355.01ms, mfu 1.92%
iter 11723: loss 0.4930, time 417.99ms, mfu 1.90%
iter 11724: loss 0.4399, time 352.72ms, mfu 1.91%
iter 11725: loss 0.4525, time 427.77ms, mfu 1.89%
iter 11726: loss 0.4908, time 346.84ms, mfu 1.90%
iter 11727: loss 0.4863, time 261.43ms, mfu 1.98%
iter 11728: loss 0.4329, time 356.04ms, mfu 1.98%
iter 11729: loss 0.4463, time 545.58ms, mfu 1.92%
iter 11730: loss 0.4482, time 282.22ms, mfu 1.97%
iter 11731: loss 0.4223, time 358.49ms, mfu 1.97%
iter 11732: loss 0.5071, time 431.79ms, mfu 1.94%
iter 11733: loss 0.5429, time 436.76ms, mfu 1.91%
iter 11734: loss 0.4231, time 452.24ms, mfu 1.88%
iter 11735: loss 0.4576, time 415.44ms, mfu 1.86%
iter 11736: loss 0.4829, time 362.51ms, mfu 1.87%
iter 11737: loss 0.4421, time 389.27ms, mfu 1.86%
iter 11738: loss 0.5042, time 508.03ms, mfu 1.82%
iter 11739: loss 0.4926, time 441.18ms, mfu 1.80%
iter 11740: loss 0.4897, time 481.04ms, mfu 1.76%
iter 11741: loss 0.4592, time 433.97ms, mfu 1.75%
iter 11742: loss 0.4440, time 336.81ms, mfu 1.79%
iter 11743: loss 0.4355, time 411.03ms, mfu 1.78%
iter 11744: loss 0.4598, time 386.50ms, mfu 1.78%
iter 11745: loss 0.5318, time 372.93ms, mfu 1.80%
iter 11746: loss 0.4484, time 471.66ms, mfu 1.77%
iter 11747: loss 0.4273, time 403.24ms, mfu 1.77%
iter 11748: loss 0.4917, time 352.35ms, mfu 1.79%
iter 11749: loss 0.4834, time 393.67ms, mfu 1.79%
iter 11750: loss 0.4612, time 502.69ms, mfu 1.75%
iter 11751: loss 0.4635, time 517.23ms, mfu 1.72%
iter 11752: loss 0.4472, time 305.46ms, mfu 1.78%
iter 11753: loss 0.4994, time 302.27ms, mfu 1.83%
iter 11754: loss 0.4726, time 340.08ms, mfu 1.86%
iter 11755: loss 0.4764, time 309.75ms, mfu 1.90%
iter 11756: loss 0.4056, time 400.37ms, mfu 1.89%
iter 11757: loss 0.4518, time 409.71ms, mfu 1.87%
iter 11758: loss 0.4680, time 390.69ms, mfu 1.87%
iter 11759: loss 0.4967, time 412.55ms, mfu 1.85%
iter 11760: loss 0.4390, time 461.71ms, mfu 1.82%
iter 11761: loss 0.4727, time 311.54ms, mfu 1.87%
iter 11762: loss 0.4576, time 314.53ms, mfu 1.90%
iter 11763: loss 0.4471, time 344.39ms, mfu 1.92%
iter 11764: loss 0.4749, time 315.29ms, mfu 1.95%
iter 11765: loss 0.3640, time 420.95ms, mfu 1.93%
iter 11766: loss 0.4558, time 393.39ms, mfu 1.91%
iter 11767: loss 0.4942, time 295.00ms, mfu 1.96%
iter 11768: loss 0.4272, time 365.66ms, mfu 1.96%
iter 11769: loss 0.4436, time 387.98ms, mfu 1.95%
iter 11770: loss 0.5044, time 351.55ms, mfu 1.95%
iter 11771: loss 0.4710, time 313.39ms, mfu 1.98%
iter 11772: loss 0.4572, time 427.41ms, mfu 1.95%
iter 11773: loss 0.4803, time 351.84ms, mfu 1.96%
iter 11774: loss 0.4976, time 474.67ms, mfu 1.91%
iter 11775: loss 0.4818, time 383.98ms, mfu 1.90%
iter 11776: loss 0.5302, time 492.62ms, mfu 1.86%
iter 11777: loss 0.4626, time 325.90ms, mfu 1.89%
iter 11778: loss 0.4822, time 353.51ms, mfu 1.90%
iter 11779: loss 0.4275, time 429.97ms, mfu 1.88%
iter 11780: loss 0.4457, time 550.64ms, mfu 1.82%
iter 11781: loss 0.4535, time 447.94ms, mfu 1.79%
iter 11782: loss 0.4630, time 478.45ms, mfu 1.76%
iter 11783: loss 0.4677, time 371.78ms, mfu 1.78%
iter 11784: loss 0.4415, time 448.80ms, mfu 1.76%
iter 11785: loss 0.4104, time 459.51ms, mfu 1.74%
iter 11786: loss 0.4633, time 353.64ms, mfu 1.76%
iter 11787: loss 0.4219, time 342.31ms, mfu 1.79%
iter 11788: loss 0.4702, time 339.10ms, mfu 1.82%
iter 11789: loss 0.4676, time 380.45ms, mfu 1.83%
iter 11790: loss 0.4504, time 569.70ms, mfu 1.77%
iter 11791: loss 0.4588, time 250.12ms, mfu 1.88%
iter 11792: loss 0.4618, time 308.61ms, mfu 1.92%
iter 11793: loss 0.4508, time 448.55ms, mfu 1.88%
iter 11794: loss 0.4383, time 356.40ms, mfu 1.89%
iter 11795: loss 0.4311, time 303.57ms, mfu 1.94%
iter 11796: loss 0.4349, time 434.45ms, mfu 1.91%
iter 11797: loss 0.4454, time 537.04ms, mfu 1.85%
iter 11798: loss 0.4816, time 321.26ms, mfu 1.88%
iter 11799: loss 0.4320, time 356.61ms, mfu 1.89%
iter 11800: loss 0.3894, time 569.03ms, mfu 1.83%
  === DIAG iter 11800 ===
  loss: 0.3894
  grads: total 1.0000, transformer 0.1332, adapter 0.9911
  <NUM> input tokens: 566/3072 (18.4%)
  lr: base 4.04e-05, adapter 2.02e-05
  SME accuracy: overall 0.750, sign 0.979, exp 0.979, digit 0.537, end 1.000 [d0 0.922 d1 0.615 d2 0.200 d3 0.143 d4 0.318 d5 0.273 d6 0.333 d7 0.333 d8 0.333 d9 0.600 d10 0.750 d11 1.000 d12 0.750 d13 0.500 d14 0.333] (911 SME tokens)
iter 11801: loss 0.4677, time 221.55ms, mfu 1.97%
iter 11802: loss 0.4761, time 410.26ms, mfu 1.94%
iter 11803: loss 0.4663, time 347.67ms, mfu 1.95%
iter 11804: loss 0.4749, time 213.72ms, mfu 2.09%
iter 11805: loss 0.5163, time 380.93ms, mfu 2.07%
iter 11806: loss 0.4586, time 332.52ms, mfu 2.07%
iter 11807: loss 0.4524, time 438.05ms, mfu 2.03%
iter 11808: loss 0.4764, time 329.43ms, mfu 2.04%
iter 11809: loss 0.4483, time 312.46ms, mfu 2.06%
iter 11810: loss 0.4748, time 316.81ms, mfu 2.08%
iter 11811: loss 0.4577, time 321.47ms, mfu 2.09%
iter 11812: loss 0.4861, time 257.99ms, mfu 2.16%
iter 11813: loss 0.4854, time 421.60ms, mfu 2.11%
iter 11814: loss 0.5637, time 455.50ms, mfu 2.05%
iter 11815: loss 0.4887, time 266.22ms, mfu 2.12%
iter 11816: loss 0.4280, time 520.67ms, mfu 2.04%
iter 11817: loss 0.4566, time 360.02ms, mfu 2.03%
iter 11818: loss 0.4708, time 358.35ms, mfu 2.03%
iter 11819: loss 0.4668, time 455.05ms, mfu 1.98%
iter 11820: loss 0.4315, time 370.05ms, mfu 1.97%
iter 11821: loss 0.4607, time 394.88ms, mfu 1.96%
iter 11822: loss 0.4365, time 399.58ms, mfu 1.94%
iter 11823: loss 0.4575, time 445.30ms, mfu 1.90%
iter 11824: loss 0.4370, time 220.95ms, mfu 2.03%
iter 11825: loss 0.5384, time 341.49ms, mfu 2.04%
iter 11826: loss 0.4883, time 290.40ms, mfu 2.08%
iter 11827: loss 0.4772, time 378.90ms, mfu 2.06%
iter 11828: loss 0.4297, time 453.91ms, mfu 2.01%
iter 11829: loss 0.4296, time 422.16ms, mfu 1.97%
iter 11830: loss 0.4318, time 362.83ms, mfu 1.97%
iter 11831: loss 0.5071, time 464.48ms, mfu 1.93%
iter 11832: loss 0.4197, time 358.90ms, mfu 1.93%
iter 11833: loss 0.4572, time 538.61ms, mfu 1.87%
iter 11834: loss 0.4960, time 443.88ms, mfu 1.84%
iter 11835: loss 0.4288, time 318.65ms, mfu 1.88%
iter 11836: loss 0.4852, time 381.46ms, mfu 1.88%
iter 11837: loss 0.4664, time 268.73ms, mfu 1.96%
iter 11838: loss 0.4441, time 477.66ms, mfu 1.91%
iter 11839: loss 0.4443, time 278.88ms, mfu 1.97%
iter 11840: loss 0.4294, time 353.18ms, mfu 1.97%
iter 11841: loss 0.4678, time 319.34ms, mfu 2.00%
iter 11842: loss 0.4007, time 391.62ms, mfu 1.98%
iter 11843: loss 0.4435, time 400.68ms, mfu 1.96%
iter 11844: loss 0.4468, time 331.42ms, mfu 1.98%
iter 11845: loss 0.4895, time 382.55ms, mfu 1.96%
iter 11846: loss 0.4975, time 424.66ms, mfu 1.94%
iter 11847: loss 0.4114, time 400.72ms, mfu 1.92%
iter 11848: loss 0.4943, time 407.63ms, mfu 1.90%
iter 11849: loss 0.4927, time 404.23ms, mfu 1.89%
iter 11850: loss 0.4537, time 296.19ms, mfu 1.94%
iter 11851: loss 0.4510, time 427.96ms, mfu 1.91%
iter 11852: loss 0.4536, time 442.59ms, mfu 1.88%
iter 11853: loss 0.5555, time 323.65ms, mfu 1.91%
iter 11854: loss 0.5013, time 336.97ms, mfu 1.93%
iter 11855: loss 0.4421, time 390.79ms, mfu 1.92%
iter 11856: loss 0.4594, time 438.89ms, mfu 1.89%
iter 11857: loss 0.4893, time 395.82ms, mfu 1.88%
iter 11858: loss 0.4745, time 547.12ms, mfu 1.82%
iter 11859: loss 0.4636, time 287.31ms, mfu 1.88%
iter 11860: loss 0.4832, time 320.47ms, mfu 1.92%
iter 11861: loss 0.4186, time 364.32ms, mfu 1.92%
iter 11862: loss 0.4513, time 369.44ms, mfu 1.92%
iter 11863: loss 0.4104, time 354.26ms, mfu 1.93%
iter 11864: loss 0.4564, time 380.22ms, mfu 1.92%
iter 11865: loss 0.4792, time 381.57ms, mfu 1.91%
iter 11866: loss 0.4140, time 441.99ms, mfu 1.88%
iter 11867: loss 0.5234, time 367.19ms, mfu 1.89%
iter 11868: loss 0.4401, time 435.12ms, mfu 1.86%
iter 11869: loss 0.4868, time 482.61ms, mfu 1.82%
iter 11870: loss 0.4812, time 369.97ms, mfu 1.83%
iter 11871: loss 0.5122, time 408.71ms, mfu 1.82%
iter 11872: loss 0.4966, time 460.61ms, mfu 1.79%
iter 11873: loss 0.4439, time 330.69ms, mfu 1.83%
iter 11874: loss 0.4644, time 382.10ms, mfu 1.83%
iter 11875: loss 0.4511, time 288.08ms, mfu 1.89%
iter 11876: loss 0.5128, time 411.44ms, mfu 1.88%
iter 11877: loss 0.4226, time 233.62ms, mfu 1.99%
iter 11878: loss 0.4914, time 466.95ms, mfu 1.95%
iter 11879: loss 0.4160, time 314.49ms, mfu 1.98%
iter 11880: loss 0.4861, time 313.38ms, mfu 2.00%
iter 11881: loss 0.4616, time 494.18ms, mfu 1.95%
iter 11882: loss 0.4802, time 455.20ms, mfu 1.91%
iter 11883: loss 0.4243, time 480.47ms, mfu 1.87%
iter 11884: loss 0.5179, time 281.25ms, mfu 1.93%
iter 11885: loss 0.4654, time 417.22ms, mfu 1.91%
iter 11886: loss 0.4118, time 358.74ms, mfu 1.91%
iter 11887: loss 0.4925, time 434.61ms, mfu 1.89%
iter 11888: loss 0.4799, time 456.47ms, mfu 1.85%
iter 11889: loss 0.5288, time 355.21ms, mfu 1.87%
iter 11890: loss 0.4564, time 380.11ms, mfu 1.87%
iter 11891: loss 0.4947, time 563.20ms, mfu 1.81%
iter 11892: loss 0.4209, time 248.64ms, mfu 1.91%
iter 11893: loss 0.4834, time 398.08ms, mfu 1.90%
iter 11894: loss 0.5079, time 435.54ms, mfu 1.87%
iter 11895: loss 0.4701, time 434.55ms, mfu 1.85%
iter 11896: loss 0.5343, time 385.51ms, mfu 1.85%
iter 11897: loss 0.4514, time 407.73ms, mfu 1.83%
iter 11898: loss 0.4700, time 418.81ms, mfu 1.82%
iter 11899: loss 0.4911, time 358.36ms, mfu 1.84%
iter 11900: loss 0.4883, time 835.97ms, mfu 1.74%
  === DIAG iter 11900 ===
  loss: 0.4883
  grads: total 1.0000, transformer 0.1643, adapter 0.9864
  <NUM> input tokens: 486/3072 (15.8%)
  lr: base 4.01e-05, adapter 2.00e-05
  SME accuracy: overall 0.652, sign 0.976, exp 0.914, digit 0.469, end 0.961 [d0 0.855 d1 0.466 d2 0.158 d3 0.175 d4 0.333 d5 0.310 d6 0.341 d7 0.317 d8 0.429 d9 0.933 d10 0.923 d11 0.923 d12 0.583 d13 0.400 d14 0.500] (1005 SME tokens)
iter 11901: loss 0.4526, time 243.65ms, mfu 1.85%
iter 11902: loss 0.4289, time 333.99ms, mfu 1.88%
iter 11903: loss 0.4541, time 315.75ms, mfu 1.92%
iter 11904: loss 0.4644, time 370.04ms, mfu 1.92%
iter 11905: loss 0.4565, time 473.51ms, mfu 1.88%
iter 11906: loss 0.4271, time 355.13ms, mfu 1.89%
iter 11907: loss 0.4632, time 374.90ms, mfu 1.89%
iter 11908: loss 0.4744, time 353.15ms, mfu 1.90%
iter 11909: loss 0.4384, time 376.72ms, mfu 1.90%
iter 11910: loss 0.4874, time 335.04ms, mfu 1.92%
iter 11911: loss 0.4886, time 425.63ms, mfu 1.89%
iter 11912: loss 0.4247, time 299.46ms, mfu 1.94%
iter 11913: loss 0.4587, time 315.29ms, mfu 1.97%
iter 11914: loss 0.4665, time 341.35ms, mfu 1.98%
iter 11915: loss 0.4868, time 315.05ms, mfu 2.01%
iter 11916: loss 0.4895, time 357.95ms, mfu 2.01%
iter 11917: loss 0.4628, time 532.44ms, mfu 1.94%
iter 11918: loss 0.4610, time 416.26ms, mfu 1.92%
iter 11919: loss 0.4690, time 321.17ms, mfu 1.94%
iter 11920: loss 0.4954, time 372.58ms, mfu 1.94%
iter 11921: loss 0.4345, time 462.11ms, mfu 1.90%
iter 11922: loss 0.4394, time 454.52ms, mfu 1.87%
iter 11923: loss 0.4834, time 406.04ms, mfu 1.85%
iter 11924: loss 0.4181, time 226.94ms, mfu 1.98%
iter 11925: loss 0.4308, time 508.92ms, mfu 1.92%
iter 11926: loss 0.4323, time 333.80ms, mfu 1.94%
iter 11927: loss 0.4549, time 407.70ms, mfu 1.92%
iter 11928: loss 0.4837, time 392.85ms, mfu 1.91%
iter 11929: loss 0.4659, time 400.02ms, mfu 1.90%
iter 11930: loss 0.4396, time 249.54ms, mfu 1.99%
iter 11931: loss 0.4530, time 384.62ms, mfu 1.98%
iter 11932: loss 0.4830, time 387.79ms, mfu 1.96%
iter 11933: loss 0.4863, time 448.15ms, mfu 1.92%
iter 11934: loss 0.4315, time 218.86ms, mfu 2.05%
iter 11935: loss 0.4659, time 401.12ms, mfu 2.03%
iter 11936: loss 0.4417, time 434.78ms, mfu 1.99%
iter 11937: loss 0.5056, time 395.61ms, mfu 1.97%
iter 11938: loss 0.4783, time 287.51ms, mfu 2.02%
iter 11939: loss 0.4909, time 379.34ms, mfu 2.00%
iter 11940: loss 0.4412, time 339.66ms, mfu 2.01%
iter 11941: loss 0.4598, time 369.77ms, mfu 2.00%
iter 11942: loss 0.4635, time 290.94ms, mfu 2.04%
iter 11943: loss 0.4370, time 407.06ms, mfu 2.01%
iter 11944: loss 0.4417, time 260.73ms, mfu 2.08%
iter 11945: loss 0.4837, time 445.31ms, mfu 2.04%
iter 11946: loss 0.4361, time 306.09ms, mfu 2.06%
iter 11947: loss 0.4538, time 435.96ms, mfu 2.02%
iter 11948: loss 0.4713, time 308.26ms, mfu 2.05%
iter 11949: loss 0.4327, time 346.12ms, mfu 2.05%
iter 11950: loss 0.4405, time 394.62ms, mfu 2.02%
iter 11951: loss 0.4539, time 467.75ms, mfu 1.97%
iter 11952: loss 0.4377, time 376.23ms, mfu 1.96%
iter 11953: loss 0.4689, time 412.61ms, mfu 1.94%
iter 11954: loss 0.4509, time 505.84ms, mfu 1.88%
iter 11955: loss 0.4473, time 284.70ms, mfu 1.95%
iter 11956: loss 0.4041, time 359.97ms, mfu 1.95%
iter 11957: loss 0.4451, time 331.11ms, mfu 1.97%
iter 11958: loss 0.4546, time 333.38ms, mfu 1.98%
iter 11959: loss 0.5087, time 526.58ms, mfu 1.92%
iter 11960: loss 0.4592, time 424.34ms, mfu 1.89%
iter 11961: loss 0.4611, time 232.52ms, mfu 2.01%
iter 11962: loss 0.4884, time 332.60ms, mfu 2.02%
iter 11963: loss 0.4522, time 430.29ms, mfu 1.98%
iter 11964: loss 0.4796, time 289.30ms, mfu 2.03%
iter 11965: loss 0.4258, time 399.50ms, mfu 2.01%
iter 11966: loss 0.4691, time 353.97ms, mfu 2.00%
iter 11967: loss 0.4753, time 322.49ms, mfu 2.02%
iter 11968: loss 0.4674, time 502.87ms, mfu 1.96%
iter 11969: loss 0.4709, time 504.82ms, mfu 1.91%
iter 11970: loss 0.4813, time 493.37ms, mfu 1.86%
iter 11971: loss 0.4444, time 375.82ms, mfu 1.86%
iter 11972: loss 0.4712, time 418.29ms, mfu 1.85%
iter 11973: loss 0.4346, time 248.80ms, mfu 1.95%
iter 11974: loss 0.4178, time 544.32ms, mfu 1.88%
iter 11975: loss 0.4794, time 370.97ms, mfu 1.88%
iter 11976: loss 0.3987, time 340.70ms, mfu 1.90%
iter 11977: loss 0.4933, time 455.64ms, mfu 1.87%
iter 11978: loss 0.4513, time 324.82ms, mfu 1.90%
iter 11979: loss 0.4509, time 421.81ms, mfu 1.88%
iter 11980: loss 0.5121, time 342.36ms, mfu 1.90%
iter 11981: loss 0.4482, time 332.81ms, mfu 1.92%
iter 11982: loss 0.4042, time 351.67ms, mfu 1.93%
iter 11983: loss 0.4793, time 389.31ms, mfu 1.92%
iter 11984: loss 0.4658, time 277.07ms, mfu 1.98%
iter 11985: loss 0.5166, time 317.76ms, mfu 2.01%
iter 11986: loss 0.4858, time 410.53ms, mfu 1.98%
iter 11987: loss 0.4836, time 334.32ms, mfu 1.99%
iter 11988: loss 0.4854, time 427.31ms, mfu 1.96%
iter 11989: loss 0.5502, time 406.78ms, mfu 1.94%
iter 11990: loss 0.5322, time 314.95ms, mfu 1.97%
iter 11991: loss 0.4658, time 325.81ms, mfu 1.99%
iter 11992: loss 0.4982, time 391.42ms, mfu 1.97%
iter 11993: loss 0.4675, time 364.44ms, mfu 1.97%
iter 11994: loss 0.4095, time 328.06ms, mfu 1.99%
iter 11995: loss 0.4173, time 343.83ms, mfu 2.00%
iter 11996: loss 0.4826, time 389.44ms, mfu 1.98%
iter 11997: loss 0.4741, time 513.34ms, mfu 1.92%
iter 11998: loss 0.4385, time 429.04ms, mfu 1.89%
iter 11999: loss 0.3949, time 390.56ms, mfu 1.88%
[W226 02:24:58.588397215 socket.cpp:462] [c10d] waitForInput: poll for socket SocketImpl(fd=5, addr=[turpancomp3-admin1-1.calmip.local]:50744, remote=[turpancomp1-admin1-1.calmip.local]:38268) returned 0, likely a timeout
[W226 02:24:58.589075379 socket.cpp:487] [c10d] waitForInput: socket SocketImpl(fd=5, addr=[turpancomp3-admin1-1.calmip.local]:50744, remote=[turpancomp1-admin1-1.calmip.local]:38268) timed out after 300000ms
E0226 02:24:58.764000 3357525 torch/distributed/elastic/agent/server/api.py:939] Error waiting on exit barrier. Elapsed: 300.1092104911804 seconds
E0226 02:24:58.764000 3357525 torch/distributed/elastic/agent/server/api.py:939] Traceback (most recent call last):
E0226 02:24:58.764000 3357525 torch/distributed/elastic/agent/server/api.py:939]   File "/usr/local/lib/python3.10/dist-packages/torch/distributed/elastic/agent/server/api.py", line 925, in _exit_barrier
E0226 02:24:58.764000 3357525 torch/distributed/elastic/agent/server/api.py:939]     store_util.barrier(
E0226 02:24:58.764000 3357525 torch/distributed/elastic/agent/server/api.py:939]   File "/usr/local/lib/python3.10/dist-packages/torch/distributed/elastic/utils/store.py", line 203, in barrier
E0226 02:24:58.764000 3357525 torch/distributed/elastic/agent/server/api.py:939]     raise e
E0226 02:24:58.764000 3357525 torch/distributed/elastic/agent/server/api.py:939]   File "/usr/local/lib/python3.10/dist-packages/torch/distributed/elastic/utils/store.py", line 200, in barrier
E0226 02:24:58.764000 3357525 torch/distributed/elastic/agent/server/api.py:939]     store.wait([last_member_key])
E0226 02:24:58.764000 3357525 torch/distributed/elastic/agent/server/api.py:939] torch.distributed.DistStoreError: wait timeout after 300000ms, keys: /torch.rendezvous.78267.0/torchelastic/agent/terminal_state/last_member
[W226 02:25:00.150071244 socket.cpp:462] [c10d] waitForInput: poll for socket SocketImpl(fd=5, addr=[turpancomp2-admin1-1.calmip.local]:35396, remote=[turpancomp1-admin1-1.calmip.local]:38268) returned 0, likely a timeout
[W226 02:25:00.152355822 socket.cpp:487] [c10d] waitForInput: socket SocketImpl(fd=5, addr=[turpancomp2-admin1-1.calmip.local]:35396, remote=[turpancomp1-admin1-1.calmip.local]:38268) timed out after 300000ms
E0226 02:25:00.763000 236650 torch/distributed/elastic/agent/server/api.py:939] Error waiting on exit barrier. Elapsed: 300.0924332141876 seconds
E0226 02:25:00.763000 236650 torch/distributed/elastic/agent/server/api.py:939] Traceback (most recent call last):
E0226 02:25:00.763000 236650 torch/distributed/elastic/agent/server/api.py:939]   File "/usr/local/lib/python3.10/dist-packages/torch/distributed/elastic/agent/server/api.py", line 925, in _exit_barrier
E0226 02:25:00.763000 236650 torch/distributed/elastic/agent/server/api.py:939]     store_util.barrier(
E0226 02:25:00.763000 236650 torch/distributed/elastic/agent/server/api.py:939]   File "/usr/local/lib/python3.10/dist-packages/torch/distributed/elastic/utils/store.py", line 203, in barrier
E0226 02:25:00.763000 236650 torch/distributed/elastic/agent/server/api.py:939]     raise e
E0226 02:25:00.763000 236650 torch/distributed/elastic/agent/server/api.py:939]   File "/usr/local/lib/python3.10/dist-packages/torch/distributed/elastic/utils/store.py", line 200, in barrier
E0226 02:25:00.763000 236650 torch/distributed/elastic/agent/server/api.py:939]     store.wait([last_member_key])
E0226 02:25:00.763000 236650 torch/distributed/elastic/agent/server/api.py:939] torch.distributed.DistStoreError: wait timeout after 300000ms, keys: /torch.rendezvous.78267.0/torchelastic/agent/terminal_state/last_member
[W226 02:25:00.295202545 socket.cpp:462] [c10d] waitForInput: poll for socket SocketImpl(fd=5, addr=[turpancomp4-admin1-1.calmip.local]:40204, remote=[turpancomp1-admin1-1.calmip.local]:38268) returned 0, likely a timeout
[W226 02:25:00.295779349 socket.cpp:487] [c10d] waitForInput: socket SocketImpl(fd=5, addr=[turpancomp4-admin1-1.calmip.local]:40204, remote=[turpancomp1-admin1-1.calmip.local]:38268) timed out after 300000ms
E0226 02:25:00.797000 2619697 torch/distributed/elastic/agent/server/api.py:939] Error waiting on exit barrier. Elapsed: 300.1114721298218 seconds
E0226 02:25:00.797000 2619697 torch/distributed/elastic/agent/server/api.py:939] Traceback (most recent call last):
E0226 02:25:00.797000 2619697 torch/distributed/elastic/agent/server/api.py:939]   File "/usr/local/lib/python3.10/dist-packages/torch/distributed/elastic/agent/server/api.py", line 925, in _exit_barrier
E0226 02:25:00.797000 2619697 torch/distributed/elastic/agent/server/api.py:939]     store_util.barrier(
E0226 02:25:00.797000 2619697 torch/distributed/elastic/agent/server/api.py:939]   File "/usr/local/lib/python3.10/dist-packages/torch/distributed/elastic/utils/store.py", line 203, in barrier
E0226 02:25:00.797000 2619697 torch/distributed/elastic/agent/server/api.py:939]     raise e
E0226 02:25:00.797000 2619697 torch/distributed/elastic/agent/server/api.py:939]   File "/usr/local/lib/python3.10/dist-packages/torch/distributed/elastic/utils/store.py", line 200, in barrier
E0226 02:25:00.797000 2619697 torch/distributed/elastic/agent/server/api.py:939]     store.wait([last_member_key])
E0226 02:25:00.797000 2619697 torch/distributed/elastic/agent/server/api.py:939] torch.distributed.DistStoreError: wait timeout after 300000ms, keys: /torch.rendezvous.78267.0/torchelastic/agent/terminal_state/last_member
[rank0]:[E226 02:29:50.729530992 ProcessGroupNCCL.cpp:616] [Rank 0] Watchdog caught collective operation timeout: WorkNCCL(SeqNum=60004, OpType=ALLREDUCE, NumelIn=262144, NumelOut=262144, Timeout(ms)=600000) ran for 600054 milliseconds before timing out.
[rank0]:[E226 02:29:50.736137161 ProcessGroupNCCL.cpp:1795] [PG ID 0 PG GUID 0(default_pg) Rank 0] Exception (either an error or timeout) detected by watchdog at work: 60004, last enqueued NCCL work: 60007, last completed NCCL work: 60003.
iter 12000: loss 0.4191, time 603866.93ms, mfu 1.70%
  === DIAG iter 12000 ===
  loss: 0.4191
  grads: total 0.7713, transformer 0.3637, adapter 0.6801
  <NUM> input tokens: 545/3072 (17.7%)
  lr: base 4.00e-05, adapter 2.00e-05
  SME accuracy: overall 0.695, sign 0.965, exp 0.957, digit 0.518, end 0.965 [d0 0.890 d1 0.486 d2 0.291 d3 0.302 d4 0.375 d5 0.484 d6 0.433 d7 0.367 d8 0.393 d9 0.786 d10 0.769 d11 0.500 d12 0.600 d13 0.500 d14 0.167] (863 SME tokens)
[rank0]:[E226 02:29:53.161016357 ProcessGroupNCCL.cpp:1844] [PG ID 0 PG GUID 0(default_pg) Rank 0] Timeout at NCCL work: 60004, last enqueued NCCL work: 60007, last completed NCCL work: 60003.
[rank0]:[E226 02:29:53.161029677 ProcessGroupNCCL.cpp:630] [Rank 0] Some NCCL operations have failed or timed out. Due to the asynchronous nature of CUDA kernels, subsequent GPU operations might run on corrupted/incomplete data.
[rank0]:[E226 02:29:53.161034037 ProcessGroupNCCL.cpp:636] [Rank 0] To avoid data inconsistency, we are taking the entire process down.
[rank0]:[E226 02:29:53.163964380 ProcessGroupNCCL.cpp:1605] [PG ID 0 PG GUID 0(default_pg) Rank 0] Process group watchdog thread terminated with exception: [Rank 0] Watchdog caught collective operation timeout: WorkNCCL(SeqNum=60004, OpType=ALLREDUCE, NumelIn=262144, NumelOut=262144, Timeout(ms)=600000) ran for 600054 milliseconds before timing out.
Exception raised from checkTimeout at /opt/pytorch/pytorch/torch/csrc/distributed/c10d/ProcessGroupNCCL.cpp:618 (most recent call first):
frame #0: c10::Error::Error(c10::SourceLocation, std::__cxx11::basic_string<char, std::char_traits<char>, std::allocator<char> >) + 0xd4 (0x40008891b134 in /usr/local/lib/python3.10/dist-packages/torch/lib/libc10.so)
frame #1: <unknown function> + 0x14ac6f0 (0x400043d1c6f0 in /usr/local/lib/python3.10/dist-packages/torch/lib/libtorch_cuda.so)
frame #2: c10d::ProcessGroupNCCL::WorkNCCL::checkTimeout(std::optional<std::chrono::duration<long, std::ratio<1l, 1000l> > >) + 0x224 (0x400043d45524 in /usr/local/lib/python3.10/dist-packages/torch/lib/libtorch_cuda.so)
frame #3: c10d::ProcessGroupNCCL::watchdogHandler() + 0x224 (0x400043d59084 in /usr/local/lib/python3.10/dist-packages/torch/lib/libtorch_cuda.so)
frame #4: c10d::ProcessGroupNCCL::ncclCommWatchdog() + 0x114 (0x400043d5a6f4 in /usr/local/lib/python3.10/dist-packages/torch/lib/libtorch_cuda.so)
frame #5: <unknown function> + 0xd31fc (0x400088aa31fc in /lib/aarch64-linux-gnu/libstdc++.so.6)
frame #6: <unknown function> + 0x7d5c8 (0x400037c8d5c8 in /lib/aarch64-linux-gnu/libc.so.6)
frame #7: <unknown function> + 0xe5edc (0x400037cf5edc in /lib/aarch64-linux-gnu/libc.so.6)

terminate called after throwing an instance of 'c10::DistBackendError'
  what():  [PG ID 0 PG GUID 0(default_pg) Rank 0] Process group watchdog thread terminated with exception: [Rank 0] Watchdog caught collective operation timeout: WorkNCCL(SeqNum=60004, OpType=ALLREDUCE, NumelIn=262144, NumelOut=262144, Timeout(ms)=600000) ran for 600054 milliseconds before timing out.
Exception raised from checkTimeout at /opt/pytorch/pytorch/torch/csrc/distributed/c10d/ProcessGroupNCCL.cpp:618 (most recent call first):
frame #0: c10::Error::Error(c10::SourceLocation, std::__cxx11::basic_string<char, std::char_traits<char>, std::allocator<char> >) + 0xd4 (0x40008891b134 in /usr/local/lib/python3.10/dist-packages/torch/lib/libc10.so)
frame #1: <unknown function> + 0x14ac6f0 (0x400043d1c6f0 in /usr/local/lib/python3.10/dist-packages/torch/lib/libtorch_cuda.so)
frame #2: c10d::ProcessGroupNCCL::WorkNCCL::checkTimeout(std::optional<std::chrono::duration<long, std::ratio<1l, 1000l> > >) + 0x224 (0x400043d45524 in /usr/local/lib/python3.10/dist-packages/torch/lib/libtorch_cuda.so)
frame #3: c10d::ProcessGroupNCCL::watchdogHandler() + 0x224 (0x400043d59084 in /usr/local/lib/python3.10/dist-packages/torch/lib/libtorch_cuda.so)
frame #4: c10d::ProcessGroupNCCL::ncclCommWatchdog() + 0x114 (0x400043d5a6f4 in /usr/local/lib/python3.10/dist-packages/torch/lib/libtorch_cuda.so)
frame #5: <unknown function> + 0xd31fc (0x400088aa31fc in /lib/aarch64-linux-gnu/libstdc++.so.6)
frame #6: <unknown function> + 0x7d5c8 (0x400037c8d5c8 in /lib/aarch64-linux-gnu/libc.so.6)
frame #7: <unknown function> + 0xe5edc (0x400037cf5edc in /lib/aarch64-linux-gnu/libc.so.6)

Exception raised from ncclCommWatchdog at /opt/pytorch/pytorch/torch/csrc/distributed/c10d/ProcessGroupNCCL.cpp:1611 (most recent call first):
frame #0: c10::Error::Error(c10::SourceLocation, std::__cxx11::basic_string<char, std::char_traits<char>, std::allocator<char> >) + 0xd4 (0x40008891b134 in /usr/local/lib/python3.10/dist-packages/torch/lib/libc10.so)
frame #1: <unknown function> + 0x14ac6f0 (0x400043d1c6f0 in /usr/local/lib/python3.10/dist-packages/torch/lib/libtorch_cuda.so)
frame #2: c10d::ProcessGroupNCCL::ncclCommWatchdog() + 0x464 (0x400043d5aa44 in /usr/local/lib/python3.10/dist-packages/torch/lib/libtorch_cuda.so)
frame #3: <unknown function> + 0xd31fc (0x400088aa31fc in /lib/aarch64-linux-gnu/libstdc++.so.6)
frame #4: <unknown function> + 0x7d5c8 (0x400037c8d5c8 in /lib/aarch64-linux-gnu/libc.so.6)
frame #5: <unknown function> + 0xe5edc (0x400037cf5edc in /lib/aarch64-linux-gnu/libc.so.6)

E0226 02:29:54.596000 3588791 torch/distributed/elastic/multiprocessing/api.py:862] failed (exitcode: -6) local_rank: 0 (pid: 3588862) of binary: /usr/bin/python
Traceback (most recent call last):
  File "/usr/local/bin/torchrun", line 33, in <module>
    sys.exit(load_entry_point('torch==2.5.0a0+e000cf0ad9.nv24.10', 'console_scripts', 'torchrun')())
  File "/usr/local/lib/python3.10/dist-packages/torch/distributed/elastic/multiprocessing/errors/__init__.py", line 355, in wrapper
    return f(*args, **kwargs)
  File "/usr/local/lib/python3.10/dist-packages/torch/distributed/run.py", line 919, in main
    run(args)
  File "/usr/local/lib/python3.10/dist-packages/torch/distributed/run.py", line 910, in run
    elastic_launch(
  File "/usr/local/lib/python3.10/dist-packages/torch/distributed/launcher/api.py", line 138, in __call__
    return launch_agent(self._config, self._entrypoint, list(args))
  File "/usr/local/lib/python3.10/dist-packages/torch/distributed/launcher/api.py", line 269, in launch_agent
    raise ChildFailedError(
torch.distributed.elastic.multiprocessing.errors.ChildFailedError: 
========================================================
/work/m24047/m24047brmn/numbers/GPT2/fe/train.py FAILED
--------------------------------------------------------
Failures:
  <NO_OTHER_FAILURES>
--------------------------------------------------------
Root Cause (first observed failure):
[0]:
  time      : 2026-02-26_02:29:54
  host      : turpancomp1.calmip.local
  rank      : 0 (local_rank: 0)
  exitcode  : -6 (pid: 3588862)
  error_file: <N/A>
  traceback : Signal 6 (SIGABRT) received by PID 3588862
========================================================
srun: error: turpancomp1: task 0: Exited with exit code 1
