Loading gnu/11.2.0
  Loading requirement: binutils/11.2.0
==========================================
GPT-2 FE Training (Number Embeddings)
  Nodes:          4
  GPUs/node:      2
  Total GPUs:     8
  Dataset:        numtasks_reasoning_1k
  Data dir:       /tmpdir/m24047brmn/numbers/data/numtasks_reasoning_1k
  Checkpoint:     /tmpdir/m24047brmn/numbers/checkpoints/np_emb_v8_500k_model.pt
  Max iters:      15000
  Phase 2 at:     10000
  Lambda:         5.0
  Num mode:       bins
  Num range:      1000
  Out dir:        /tmpdir/m24047brmn/numbers/model_checkpoints/qbins
  Master:         10.158.1.100:37752
==========================================
Error in cpuinfo: prctl(PR_SVE_GET_VL) failed
Error in cpuinfo: prctl(PR_SVE_GET_VL) failed
Error in cpuinfo: prctl(PR_SVE_GET_VL) failed
Error in cpuinfo: prctl(PR_SVE_GET_VL) failed
W0221 16:11:32.453000 3882375 torch/distributed/run.py:793] 
W0221 16:11:32.453000 3882375 torch/distributed/run.py:793] *****************************************
W0221 16:11:32.453000 3882375 torch/distributed/run.py:793] Setting OMP_NUM_THREADS environment variable for each process to be 1 in default, to avoid your system being overloaded, please further tune the variable for optimal performance in your application as needed. 
W0221 16:11:32.453000 3882375 torch/distributed/run.py:793] *****************************************
W0221 16:11:32.522000 1224253 torch/distributed/run.py:793] 
W0221 16:11:32.522000 1224253 torch/distributed/run.py:793] *****************************************
W0221 16:11:32.522000 1224253 torch/distributed/run.py:793] Setting OMP_NUM_THREADS environment variable for each process to be 1 in default, to avoid your system being overloaded, please further tune the variable for optimal performance in your application as needed. 
W0221 16:11:32.522000 1224253 torch/distributed/run.py:793] *****************************************
W0221 16:11:32.660000 1943196 torch/distributed/run.py:793] 
W0221 16:11:32.660000 1943196 torch/distributed/run.py:793] *****************************************
W0221 16:11:32.660000 1943196 torch/distributed/run.py:793] Setting OMP_NUM_THREADS environment variable for each process to be 1 in default, to avoid your system being overloaded, please further tune the variable for optimal performance in your application as needed. 
W0221 16:11:32.660000 1943196 torch/distributed/run.py:793] *****************************************
W0221 16:11:32.693000 2199561 torch/distributed/run.py:793] 
W0221 16:11:32.693000 2199561 torch/distributed/run.py:793] *****************************************
W0221 16:11:32.693000 2199561 torch/distributed/run.py:793] Setting OMP_NUM_THREADS environment variable for each process to be 1 in default, to avoid your system being overloaded, please further tune the variable for optimal performance in your application as needed. 
W0221 16:11:32.693000 2199561 torch/distributed/run.py:793] *****************************************
tokens per iteration will be: 122,880
tokens per iteration will be: 122,880
data directory: /tmpdir/m24047brmn/numbers/data/numtasks_reasoning_1k
data directory: /tmpdir/m24047brmn/numbers/data/numtasks_reasoning_1k
tokens per iteration will be: 122,880
data directory: /tmpdir/m24047brmn/numbers/data/numtasks_reasoning_1k
found vocab_size = 50304 (inside /tmpdir/m24047brmn/numbers/data/numtasks_reasoning_1k/meta.pkl)
Initializing a new model from scratch
found vocab_size = 50304 (inside /tmpdir/m24047brmn/numbers/data/numtasks_reasoning_1k/meta.pkl)
Initializing a new model from scratch
Error in cpuinfo: prctl(PR_SVE_GET_VL) failed
Error in cpuinfo: prctl(PR_SVE_GET_VL) failed
found vocab_size = 50304 (inside /tmpdir/m24047brmn/numbers/data/numtasks_reasoning_1k/meta.pkl)
Initializing a new model from scratch
Error in cpuinfo: prctl(PR_SVE_GET_VL) failed
tokens per iteration will be: 122,880
tokens per iteration will be: 122,880
data directory: /tmpdir/m24047brmn/numbers/data/numtasks_reasoning_1k
data directory: /tmpdir/m24047brmn/numbers/data/numtasks_reasoning_1k
tokens per iteration will be: 122,880
data directory: /tmpdir/m24047brmn/numbers/data/numtasks_reasoning_1k
found vocab_size = 50304 (inside /tmpdir/m24047brmn/numbers/data/numtasks_reasoning_1k/meta.pkl)
Initializing a new model from scratch
Error in cpuinfo: prctl(PR_SVE_GET_VL) failed
found vocab_size = 50304 (inside /tmpdir/m24047brmn/numbers/data/numtasks_reasoning_1k/meta.pkl)
Initializing a new model from scratch
Error in cpuinfo: prctl(PR_SVE_GET_VL) failed
found vocab_size = 50304 (inside /tmpdir/m24047brmn/numbers/data/numtasks_reasoning_1k/meta.pkl)
Initializing a new model from scratch
Error in cpuinfo: prctl(PR_SVE_GET_VL) failed
tokens per iteration will be: 122,880
data directory: /tmpdir/m24047brmn/numbers/data/numtasks_reasoning_1k
found vocab_size = 50304 (inside /tmpdir/m24047brmn/numbers/data/numtasks_reasoning_1k/meta.pkl)
Initializing a new model from scratch
Error in cpuinfo: prctl(PR_SVE_GET_VL) failed
tokens per iteration will be: 122,880
data directory: /tmpdir/m24047brmn/numbers/data/numtasks_reasoning_1k
found vocab_size = 50304 (inside /tmpdir/m24047brmn/numbers/data/numtasks_reasoning_1k/meta.pkl)
Initializing a new model from scratch
Error in cpuinfo: prctl(PR_SVE_GET_VL) failed
number of parameters: 22.68M
number of parameters: 22.68M
number of parameters: 22.68M
number of parameters: 22.68M
number of parameters: 22.68M
/work/m24047/m24047brmn/numbers/GPT2/fe/train.py:243: FutureWarning: `torch.cuda.amp.GradScaler(args...)` is deprecated. Please use `torch.amp.GradScaler('cuda', args...)` instead.
  scaler = torch.cuda.amp.GradScaler(enabled=(dtype == 'float16'))
num decayed parameter tensors: 55, with 22,740,992 parameters
num non-decayed parameter tensors: 31, with 7,692 parameters
number of parameters: 22.68M
/work/m24047/m24047brmn/numbers/GPT2/fe/train.py:243: FutureWarning: `torch.cuda.amp.GradScaler(args...)` is deprecated. Please use `torch.amp.GradScaler('cuda', args...)` instead.
  scaler = torch.cuda.amp.GradScaler(enabled=(dtype == 'float16'))
num decayed parameter tensors: 55, with 22,740,992 parameters
num non-decayed parameter tensors: 31, with 7,692 parameters
/work/m24047/m24047brmn/numbers/GPT2/fe/train.py:243: FutureWarning: `torch.cuda.amp.GradScaler(args...)` is deprecated. Please use `torch.amp.GradScaler('cuda', args...)` instead.
  scaler = torch.cuda.amp.GradScaler(enabled=(dtype == 'float16'))
num decayed parameter tensors: 55, with 22,740,992 parameters
num non-decayed parameter tensors: 31, with 7,692 parameters
/work/m24047/m24047brmn/numbers/GPT2/fe/train.py:243: FutureWarning: `torch.cuda.amp.GradScaler(args...)` is deprecated. Please use `torch.amp.GradScaler('cuda', args...)` instead.
  scaler = torch.cuda.amp.GradScaler(enabled=(dtype == 'float16'))
num decayed parameter tensors: 55, with 22,740,992 parameters
num non-decayed parameter tensors: 31, with 7,692 parameters
/work/m24047/m24047brmn/numbers/GPT2/fe/train.py:243: FutureWarning: `torch.cuda.amp.GradScaler(args...)` is deprecated. Please use `torch.amp.GradScaler('cuda', args...)` instead.
  scaler = torch.cuda.amp.GradScaler(enabled=(dtype == 'float16'))
num decayed parameter tensors: 55, with 22,740,992 parameters
num non-decayed parameter tensors: 31, with 7,692 parameters
/work/m24047/m24047brmn/numbers/GPT2/fe/train.py:243: FutureWarning: `torch.cuda.amp.GradScaler(args...)` is deprecated. Please use `torch.amp.GradScaler('cuda', args...)` instead.
  scaler = torch.cuda.amp.GradScaler(enabled=(dtype == 'float16'))
num decayed parameter tensors: 55, with 22,740,992 parameters
num non-decayed parameter tensors: 31, with 7,692 parameters
number of parameters: 22.68M
number of parameters: 22.68M
/work/m24047/m24047brmn/numbers/GPT2/fe/train.py:243: FutureWarning: `torch.cuda.amp.GradScaler(args...)` is deprecated. Please use `torch.amp.GradScaler('cuda', args...)` instead.
  scaler = torch.cuda.amp.GradScaler(enabled=(dtype == 'float16'))
num decayed parameter tensors: 55, with 22,740,992 parameters
num non-decayed parameter tensors: 31, with 7,692 parameters
/work/m24047/m24047brmn/numbers/GPT2/fe/train.py:243: FutureWarning: `torch.cuda.amp.GradScaler(args...)` is deprecated. Please use `torch.amp.GradScaler('cuda', args...)` instead.
  scaler = torch.cuda.amp.GradScaler(enabled=(dtype == 'float16'))
num decayed parameter tensors: 55, with 22,740,992 parameters
num non-decayed parameter tensors: 31, with 7,692 parameters
using fused AdamW: True
compiling the model... (takes a ~minute)
using fused AdamW: True
compiling the model... (takes a ~minute)
using fused AdamW: True
compiling the model... (takes a ~minute)
using fused AdamW: True
compiling the model... (takes a ~minute)
using fused AdamW: True
compiling the model... (takes a ~minute)
using fused AdamW: True
compiling the model... (takes a ~minute)
using fused AdamW: True
compiling the model... (takes a ~minute)
using fused AdamW: True
compiling the model... (takes a ~minute)
[rank0]:W0221 16:12:30.156000 3882445 torch/_dynamo/variables/tensor.py:776] [6/0] Graph break from `Tensor.item()`, consider setting:
[rank0]:W0221 16:12:30.156000 3882445 torch/_dynamo/variables/tensor.py:776] [6/0]     torch._dynamo.config.capture_scalar_outputs = True
[rank0]:W0221 16:12:30.156000 3882445 torch/_dynamo/variables/tensor.py:776] [6/0] or:
[rank0]:W0221 16:12:30.156000 3882445 torch/_dynamo/variables/tensor.py:776] [6/0]     env TORCHDYNAMO_CAPTURE_SCALAR_OUTPUTS=1
[rank0]:W0221 16:12:30.156000 3882445 torch/_dynamo/variables/tensor.py:776] [6/0] to include these operations in the captured graph.
[rank0]:W0221 16:12:30.156000 3882445 torch/_dynamo/variables/tensor.py:776] [6/0] 
[rank0]:W0221 16:12:30.156000 3882445 torch/_dynamo/variables/tensor.py:776] [6/0] Graph break: from user code at:
[rank0]:W0221 16:12:30.156000 3882445 torch/_dynamo/variables/tensor.py:776] [6/0]   File "/work/m24047/m24047brmn/numbers/GPT2/fe/model.py", line 398, in torch_dynamo_resume_in_forward_at_384
[rank0]:W0221 16:12:30.156000 3882445 torch/_dynamo/variables/tensor.py:776] [6/0]     self._last_text_loss = text_loss.item()
[rank0]:W0221 16:12:30.156000 3882445 torch/_dynamo/variables/tensor.py:776] [6/0] 
[rank0]:W0221 16:12:30.156000 3882445 torch/_dynamo/variables/tensor.py:776] [6/0] 
[rank1]:W0221 16:12:37.806000 3882446 torch/_dynamo/variables/tensor.py:776] [8/0] Graph break from `Tensor.item()`, consider setting:
[rank1]:W0221 16:12:37.806000 3882446 torch/_dynamo/variables/tensor.py:776] [8/0]     torch._dynamo.config.capture_scalar_outputs = True
[rank1]:W0221 16:12:37.806000 3882446 torch/_dynamo/variables/tensor.py:776] [8/0] or:
[rank1]:W0221 16:12:37.806000 3882446 torch/_dynamo/variables/tensor.py:776] [8/0]     env TORCHDYNAMO_CAPTURE_SCALAR_OUTPUTS=1
[rank1]:W0221 16:12:37.806000 3882446 torch/_dynamo/variables/tensor.py:776] [8/0] to include these operations in the captured graph.
[rank1]:W0221 16:12:37.806000 3882446 torch/_dynamo/variables/tensor.py:776] [8/0] 
[rank1]:W0221 16:12:37.806000 3882446 torch/_dynamo/variables/tensor.py:776] [8/0] Graph break: from user code at:
[rank1]:W0221 16:12:37.806000 3882446 torch/_dynamo/variables/tensor.py:776] [8/0]   File "/work/m24047/m24047brmn/numbers/GPT2/fe/model.py", line 398, in torch_dynamo_resume_in_forward_at_384
[rank1]:W0221 16:12:37.806000 3882446 torch/_dynamo/variables/tensor.py:776] [8/0]     self._last_text_loss = text_loss.item()
[rank1]:W0221 16:12:37.806000 3882446 torch/_dynamo/variables/tensor.py:776] [8/0] 
[rank1]:W0221 16:12:37.806000 3882446 torch/_dynamo/variables/tensor.py:776] [8/0] 
[rank2]:W0221 16:12:38.197000 1943265 torch/_dynamo/variables/tensor.py:776] [8/0] Graph break from `Tensor.item()`, consider setting:
[rank2]:W0221 16:12:38.197000 1943265 torch/_dynamo/variables/tensor.py:776] [8/0]     torch._dynamo.config.capture_scalar_outputs = True
[rank2]:W0221 16:12:38.197000 1943265 torch/_dynamo/variables/tensor.py:776] [8/0] or:
[rank2]:W0221 16:12:38.197000 1943265 torch/_dynamo/variables/tensor.py:776] [8/0]     env TORCHDYNAMO_CAPTURE_SCALAR_OUTPUTS=1
[rank2]:W0221 16:12:38.197000 1943265 torch/_dynamo/variables/tensor.py:776] [8/0] to include these operations in the captured graph.
[rank2]:W0221 16:12:38.197000 1943265 torch/_dynamo/variables/tensor.py:776] [8/0] 
[rank2]:W0221 16:12:38.197000 1943265 torch/_dynamo/variables/tensor.py:776] [8/0] Graph break: from user code at:
[rank2]:W0221 16:12:38.197000 1943265 torch/_dynamo/variables/tensor.py:776] [8/0]   File "/work/m24047/m24047brmn/numbers/GPT2/fe/model.py", line 398, in torch_dynamo_resume_in_forward_at_384
[rank2]:W0221 16:12:38.197000 1943265 torch/_dynamo/variables/tensor.py:776] [8/0]     self._last_text_loss = text_loss.item()
[rank2]:W0221 16:12:38.197000 1943265 torch/_dynamo/variables/tensor.py:776] [8/0] 
[rank2]:W0221 16:12:38.197000 1943265 torch/_dynamo/variables/tensor.py:776] [8/0] 
[rank4]:W0221 16:12:38.201000 2199630 torch/_dynamo/variables/tensor.py:776] [8/0] Graph break from `Tensor.item()`, consider setting:
[rank4]:W0221 16:12:38.201000 2199630 torch/_dynamo/variables/tensor.py:776] [8/0]     torch._dynamo.config.capture_scalar_outputs = True
[rank4]:W0221 16:12:38.201000 2199630 torch/_dynamo/variables/tensor.py:776] [8/0] or:
[rank4]:W0221 16:12:38.201000 2199630 torch/_dynamo/variables/tensor.py:776] [8/0]     env TORCHDYNAMO_CAPTURE_SCALAR_OUTPUTS=1
[rank4]:W0221 16:12:38.201000 2199630 torch/_dynamo/variables/tensor.py:776] [8/0] to include these operations in the captured graph.
[rank4]:W0221 16:12:38.201000 2199630 torch/_dynamo/variables/tensor.py:776] [8/0] 
[rank4]:W0221 16:12:38.201000 2199630 torch/_dynamo/variables/tensor.py:776] [8/0] Graph break: from user code at:
[rank4]:W0221 16:12:38.201000 2199630 torch/_dynamo/variables/tensor.py:776] [8/0]   File "/work/m24047/m24047brmn/numbers/GPT2/fe/model.py", line 398, in torch_dynamo_resume_in_forward_at_384
[rank4]:W0221 16:12:38.201000 2199630 torch/_dynamo/variables/tensor.py:776] [8/0]     self._last_text_loss = text_loss.item()
[rank4]:W0221 16:12:38.201000 2199630 torch/_dynamo/variables/tensor.py:776] [8/0] 
[rank4]:W0221 16:12:38.201000 2199630 torch/_dynamo/variables/tensor.py:776] [8/0] 
[rank5]:W0221 16:12:38.272000 2199631 torch/_dynamo/variables/tensor.py:776] [8/0] Graph break from `Tensor.item()`, consider setting:
[rank5]:W0221 16:12:38.272000 2199631 torch/_dynamo/variables/tensor.py:776] [8/0]     torch._dynamo.config.capture_scalar_outputs = True
[rank5]:W0221 16:12:38.272000 2199631 torch/_dynamo/variables/tensor.py:776] [8/0] or:
[rank5]:W0221 16:12:38.272000 2199631 torch/_dynamo/variables/tensor.py:776] [8/0]     env TORCHDYNAMO_CAPTURE_SCALAR_OUTPUTS=1
[rank5]:W0221 16:12:38.272000 2199631 torch/_dynamo/variables/tensor.py:776] [8/0] to include these operations in the captured graph.
[rank5]:W0221 16:12:38.272000 2199631 torch/_dynamo/variables/tensor.py:776] [8/0] 
[rank5]:W0221 16:12:38.272000 2199631 torch/_dynamo/variables/tensor.py:776] [8/0] Graph break: from user code at:
[rank5]:W0221 16:12:38.272000 2199631 torch/_dynamo/variables/tensor.py:776] [8/0]   File "/work/m24047/m24047brmn/numbers/GPT2/fe/model.py", line 398, in torch_dynamo_resume_in_forward_at_384
[rank5]:W0221 16:12:38.272000 2199631 torch/_dynamo/variables/tensor.py:776] [8/0]     self._last_text_loss = text_loss.item()
[rank5]:W0221 16:12:38.272000 2199631 torch/_dynamo/variables/tensor.py:776] [8/0] 
[rank5]:W0221 16:12:38.272000 2199631 torch/_dynamo/variables/tensor.py:776] [8/0] 
[rank3]:W0221 16:12:38.330000 1943266 torch/_dynamo/variables/tensor.py:776] [8/0] Graph break from `Tensor.item()`, consider setting:
[rank3]:W0221 16:12:38.330000 1943266 torch/_dynamo/variables/tensor.py:776] [8/0]     torch._dynamo.config.capture_scalar_outputs = True
[rank3]:W0221 16:12:38.330000 1943266 torch/_dynamo/variables/tensor.py:776] [8/0] or:
[rank3]:W0221 16:12:38.330000 1943266 torch/_dynamo/variables/tensor.py:776] [8/0]     env TORCHDYNAMO_CAPTURE_SCALAR_OUTPUTS=1
[rank3]:W0221 16:12:38.330000 1943266 torch/_dynamo/variables/tensor.py:776] [8/0] to include these operations in the captured graph.
[rank3]:W0221 16:12:38.330000 1943266 torch/_dynamo/variables/tensor.py:776] [8/0] 
[rank3]:W0221 16:12:38.330000 1943266 torch/_dynamo/variables/tensor.py:776] [8/0] Graph break: from user code at:
[rank3]:W0221 16:12:38.330000 1943266 torch/_dynamo/variables/tensor.py:776] [8/0]   File "/work/m24047/m24047brmn/numbers/GPT2/fe/model.py", line 398, in torch_dynamo_resume_in_forward_at_384
[rank3]:W0221 16:12:38.330000 1943266 torch/_dynamo/variables/tensor.py:776] [8/0]     self._last_text_loss = text_loss.item()
[rank3]:W0221 16:12:38.330000 1943266 torch/_dynamo/variables/tensor.py:776] [8/0] 
[rank3]:W0221 16:12:38.330000 1943266 torch/_dynamo/variables/tensor.py:776] [8/0] 
[rank6]:W0221 16:12:38.654000 1224322 torch/_dynamo/variables/tensor.py:776] [8/0] Graph break from `Tensor.item()`, consider setting:
[rank6]:W0221 16:12:38.654000 1224322 torch/_dynamo/variables/tensor.py:776] [8/0]     torch._dynamo.config.capture_scalar_outputs = True
[rank6]:W0221 16:12:38.654000 1224322 torch/_dynamo/variables/tensor.py:776] [8/0] or:
[rank6]:W0221 16:12:38.654000 1224322 torch/_dynamo/variables/tensor.py:776] [8/0]     env TORCHDYNAMO_CAPTURE_SCALAR_OUTPUTS=1
[rank6]:W0221 16:12:38.654000 1224322 torch/_dynamo/variables/tensor.py:776] [8/0] to include these operations in the captured graph.
[rank6]:W0221 16:12:38.654000 1224322 torch/_dynamo/variables/tensor.py:776] [8/0] 
[rank6]:W0221 16:12:38.654000 1224322 torch/_dynamo/variables/tensor.py:776] [8/0] Graph break: from user code at:
[rank6]:W0221 16:12:38.654000 1224322 torch/_dynamo/variables/tensor.py:776] [8/0]   File "/work/m24047/m24047brmn/numbers/GPT2/fe/model.py", line 398, in torch_dynamo_resume_in_forward_at_384
[rank6]:W0221 16:12:38.654000 1224322 torch/_dynamo/variables/tensor.py:776] [8/0]     self._last_text_loss = text_loss.item()
[rank6]:W0221 16:12:38.654000 1224322 torch/_dynamo/variables/tensor.py:776] [8/0] 
[rank6]:W0221 16:12:38.654000 1224322 torch/_dynamo/variables/tensor.py:776] [8/0] 
[rank7]:W0221 16:12:38.726000 1224323 torch/_dynamo/variables/tensor.py:776] [8/0] Graph break from `Tensor.item()`, consider setting:
[rank7]:W0221 16:12:38.726000 1224323 torch/_dynamo/variables/tensor.py:776] [8/0]     torch._dynamo.config.capture_scalar_outputs = True
[rank7]:W0221 16:12:38.726000 1224323 torch/_dynamo/variables/tensor.py:776] [8/0] or:
[rank7]:W0221 16:12:38.726000 1224323 torch/_dynamo/variables/tensor.py:776] [8/0]     env TORCHDYNAMO_CAPTURE_SCALAR_OUTPUTS=1
[rank7]:W0221 16:12:38.726000 1224323 torch/_dynamo/variables/tensor.py:776] [8/0] to include these operations in the captured graph.
[rank7]:W0221 16:12:38.726000 1224323 torch/_dynamo/variables/tensor.py:776] [8/0] 
[rank7]:W0221 16:12:38.726000 1224323 torch/_dynamo/variables/tensor.py:776] [8/0] Graph break: from user code at:
[rank7]:W0221 16:12:38.726000 1224323 torch/_dynamo/variables/tensor.py:776] [8/0]   File "/work/m24047/m24047brmn/numbers/GPT2/fe/model.py", line 398, in torch_dynamo_resume_in_forward_at_384
[rank7]:W0221 16:12:38.726000 1224323 torch/_dynamo/variables/tensor.py:776] [8/0]     self._last_text_loss = text_loss.item()
[rank7]:W0221 16:12:38.726000 1224323 torch/_dynamo/variables/tensor.py:776] [8/0] 
[rank7]:W0221 16:12:38.726000 1224323 torch/_dynamo/variables/tensor.py:776] [8/0] 
[rank0]:W0221 16:12:56.525000 3882445 torch/_dynamo/convert_frame.py:841] [7/8] torch._dynamo hit config.cache_size_limit (8)
[rank0]:W0221 16:12:56.525000 3882445 torch/_dynamo/convert_frame.py:841] [7/8]    function: 'torch_dynamo_resume_in_forward_at_398' (/work/m24047/m24047brmn/numbers/GPT2/fe/model.py:398)
[rank0]:W0221 16:12:56.525000 3882445 torch/_dynamo/convert_frame.py:841] [7/8]    last reason: 7/0: L['___stack0'] == 10.781698226928711                        
[rank0]:W0221 16:12:56.525000 3882445 torch/_dynamo/convert_frame.py:841] [7/8] To log all recompilation reasons, use TORCH_LOGS="recompiles".
[rank0]:W0221 16:12:56.525000 3882445 torch/_dynamo/convert_frame.py:841] [7/8] To diagnose recompilation issues, see https://pytorch.org/docs/main/torch.compiler_troubleshooting.html.
step 0: train loss 38.5000, val loss 38.5000
iter 0: loss 38.5248, time 167801.85ms, mfu -100.00%
  === DIAG iter 0 ===
  loss breakdown: text 10.7986 | num 5.5452 (lambda=5.0, mode=bins)
  grads: total 1.0000, transformer 0.9954, adapter 0.0945, num_head 0.0129
  nums: 864/3072 tokens (28.1%)
  lr: 3.00e-07
  layer_weights: [L0:0.083 L1:0.083 L2:0.083 L3:0.083 L4:0.083 L5:0.083 L6:0.083 L7:0.083 L8:0.083 L9:0.083 L10:0.083 L11:0.083]
[rank2]:W0221 16:14:34.720000 1943265 torch/_dynamo/convert_frame.py:841] [9/8] torch._dynamo hit config.cache_size_limit (8)
[rank2]:W0221 16:14:34.720000 1943265 torch/_dynamo/convert_frame.py:841] [9/8]    function: 'torch_dynamo_resume_in_forward_at_398' (/work/m24047/m24047brmn/numbers/GPT2/fe/model.py:398)
[rank2]:W0221 16:14:34.720000 1943265 torch/_dynamo/convert_frame.py:841] [9/8]    last reason: 9/0: L['___stack0'] == 10.771601676940918                        
[rank2]:W0221 16:14:34.720000 1943265 torch/_dynamo/convert_frame.py:841] [9/8] To log all recompilation reasons, use TORCH_LOGS="recompiles".
[rank2]:W0221 16:14:34.720000 1943265 torch/_dynamo/convert_frame.py:841] [9/8] To diagnose recompilation issues, see https://pytorch.org/docs/main/torch.compiler_troubleshooting.html.
[rank3]:W0221 16:14:34.754000 1943266 torch/_dynamo/convert_frame.py:841] [9/8] torch._dynamo hit config.cache_size_limit (8)
[rank3]:W0221 16:14:34.754000 1943266 torch/_dynamo/convert_frame.py:841] [9/8]    function: 'torch_dynamo_resume_in_forward_at_398' (/work/m24047/m24047brmn/numbers/GPT2/fe/model.py:398)
[rank3]:W0221 16:14:34.754000 1943266 torch/_dynamo/convert_frame.py:841] [9/8]    last reason: 9/0: L['___stack0'] == 10.77868938446045                         
[rank3]:W0221 16:14:34.754000 1943266 torch/_dynamo/convert_frame.py:841] [9/8] To log all recompilation reasons, use TORCH_LOGS="recompiles".
[rank3]:W0221 16:14:34.754000 1943266 torch/_dynamo/convert_frame.py:841] [9/8] To diagnose recompilation issues, see https://pytorch.org/docs/main/torch.compiler_troubleshooting.html.
[rank4]:W0221 16:14:34.795000 2199630 torch/_dynamo/convert_frame.py:841] [9/8] torch._dynamo hit config.cache_size_limit (8)
[rank4]:W0221 16:14:34.795000 2199630 torch/_dynamo/convert_frame.py:841] [9/8]    function: 'torch_dynamo_resume_in_forward_at_398' (/work/m24047/m24047brmn/numbers/GPT2/fe/model.py:398)
[rank4]:W0221 16:14:34.795000 2199630 torch/_dynamo/convert_frame.py:841] [9/8]    last reason: 9/0: L['___stack0'] == 10.775716781616211                        
[rank4]:W0221 16:14:34.795000 2199630 torch/_dynamo/convert_frame.py:841] [9/8] To log all recompilation reasons, use TORCH_LOGS="recompiles".
[rank4]:W0221 16:14:34.795000 2199630 torch/_dynamo/convert_frame.py:841] [9/8] To diagnose recompilation issues, see https://pytorch.org/docs/main/torch.compiler_troubleshooting.html.
[rank6]:W0221 16:14:34.795000 1224322 torch/_dynamo/convert_frame.py:841] [9/8] torch._dynamo hit config.cache_size_limit (8)
[rank6]:W0221 16:14:34.795000 1224322 torch/_dynamo/convert_frame.py:841] [9/8]    function: 'torch_dynamo_resume_in_forward_at_398' (/work/m24047/m24047brmn/numbers/GPT2/fe/model.py:398)
[rank6]:W0221 16:14:34.795000 1224322 torch/_dynamo/convert_frame.py:841] [9/8]    last reason: 9/0: L['___stack0'] == 10.789527893066406                        
[rank6]:W0221 16:14:34.795000 1224322 torch/_dynamo/convert_frame.py:841] [9/8] To log all recompilation reasons, use TORCH_LOGS="recompiles".
[rank6]:W0221 16:14:34.795000 1224322 torch/_dynamo/convert_frame.py:841] [9/8] To diagnose recompilation issues, see https://pytorch.org/docs/main/torch.compiler_troubleshooting.html.
[rank5]:W0221 16:14:34.823000 2199631 torch/_dynamo/convert_frame.py:841] [9/8] torch._dynamo hit config.cache_size_limit (8)
[rank5]:W0221 16:14:34.823000 2199631 torch/_dynamo/convert_frame.py:841] [9/8]    function: 'torch_dynamo_resume_in_forward_at_398' (/work/m24047/m24047brmn/numbers/GPT2/fe/model.py:398)
[rank5]:W0221 16:14:34.823000 2199631 torch/_dynamo/convert_frame.py:841] [9/8]    last reason: 9/0: L['___stack0'] == 10.783568382263184                        
[rank5]:W0221 16:14:34.823000 2199631 torch/_dynamo/convert_frame.py:841] [9/8] To log all recompilation reasons, use TORCH_LOGS="recompiles".
[rank5]:W0221 16:14:34.823000 2199631 torch/_dynamo/convert_frame.py:841] [9/8] To diagnose recompilation issues, see https://pytorch.org/docs/main/torch.compiler_troubleshooting.html.
[rank7]:W0221 16:14:34.824000 1224323 torch/_dynamo/convert_frame.py:841] [9/8] torch._dynamo hit config.cache_size_limit (8)
[rank7]:W0221 16:14:34.824000 1224323 torch/_dynamo/convert_frame.py:841] [9/8]    function: 'torch_dynamo_resume_in_forward_at_398' (/work/m24047/m24047brmn/numbers/GPT2/fe/model.py:398)
[rank7]:W0221 16:14:34.824000 1224323 torch/_dynamo/convert_frame.py:841] [9/8]    last reason: 9/0: L['___stack0'] == 10.756224632263184                        
[rank7]:W0221 16:14:34.824000 1224323 torch/_dynamo/convert_frame.py:841] [9/8] To log all recompilation reasons, use TORCH_LOGS="recompiles".
[rank7]:W0221 16:14:34.824000 1224323 torch/_dynamo/convert_frame.py:841] [9/8] To diagnose recompilation issues, see https://pytorch.org/docs/main/torch.compiler_troubleshooting.html.
[rank1]:W0221 16:14:34.829000 3882446 torch/_dynamo/convert_frame.py:841] [9/8] torch._dynamo hit config.cache_size_limit (8)
[rank1]:W0221 16:14:34.829000 3882446 torch/_dynamo/convert_frame.py:841] [9/8]    function: 'torch_dynamo_resume_in_forward_at_398' (/work/m24047/m24047brmn/numbers/GPT2/fe/model.py:398)
[rank1]:W0221 16:14:34.829000 3882446 torch/_dynamo/convert_frame.py:841] [9/8]    last reason: 9/0: L['___stack0'] == 10.785304069519043                        
[rank1]:W0221 16:14:34.829000 3882446 torch/_dynamo/convert_frame.py:841] [9/8] To log all recompilation reasons, use TORCH_LOGS="recompiles".
[rank1]:W0221 16:14:34.829000 3882446 torch/_dynamo/convert_frame.py:841] [9/8] To diagnose recompilation issues, see https://pytorch.org/docs/main/torch.compiler_troubleshooting.html.
iter 1: loss 38.4706, time 815.35ms, mfu -100.00%
iter 2: loss 38.4505, time 394.34ms, mfu -100.00%
iter 3: loss 38.3961, time 346.10ms, mfu -100.00%
iter 4: loss 38.3532, time 614.69ms, mfu -100.00%
iter 5: loss 38.2727, time 365.31ms, mfu 1.96%
iter 6: loss 38.1099, time 514.39ms, mfu 1.90%
iter 7: loss 38.0542, time 390.09ms, mfu 1.90%
iter 8: loss 37.9352, time 432.83ms, mfu 1.87%
iter 9: loss 37.7929, time 600.82ms, mfu 1.81%
iter 10: loss 37.6828, time 456.26ms, mfu 1.78%
iter 11: loss 37.5943, time 501.25ms, mfu 1.75%
iter 12: loss 37.4940, time 278.55ms, mfu 1.83%
iter 13: loss 37.2966, time 488.53ms, mfu 1.79%
iter 14: loss 37.1527, time 354.81ms, mfu 1.82%
iter 15: loss 37.0622, time 331.26ms, mfu 1.85%
iter 16: loss 37.0182, time 531.57ms, mfu 1.80%
iter 17: loss 36.8873, time 393.18ms, mfu 1.80%
iter 18: loss 36.8351, time 386.18ms, mfu 1.81%
iter 19: loss 36.6913, time 463.31ms, mfu 1.78%
iter 20: loss 36.6473, time 514.39ms, mfu 1.74%
iter 21: loss 36.4642, time 325.58ms, mfu 1.79%
iter 22: loss 36.3409, time 427.29ms, mfu 1.78%
iter 23: loss 36.4260, time 474.45ms, mfu 1.75%
iter 24: loss 36.2959, time 318.76ms, mfu 1.80%
iter 25: loss 36.2889, time 545.54ms, mfu 1.75%
iter 26: loss 36.2794, time 357.91ms, mfu 1.78%
iter 27: loss 36.0881, time 343.28ms, mfu 1.81%
iter 28: loss 36.1652, time 317.96ms, mfu 1.85%
iter 29: loss 36.0311, time 346.06ms, mfu 1.87%
iter 30: loss 35.9447, time 366.99ms, mfu 1.88%
iter 31: loss 35.7620, time 341.55ms, mfu 1.90%
iter 32: loss 35.7118, time 520.78ms, mfu 1.85%
iter 33: loss 35.6614, time 477.00ms, mfu 1.82%
iter 34: loss 35.6642, time 297.46ms, mfu 1.88%
iter 35: loss 35.4914, time 472.78ms, mfu 1.84%
iter 36: loss 35.5324, time 471.28ms, mfu 1.81%
iter 37: loss 35.5960, time 377.23ms, mfu 1.82%
iter 38: loss 35.4703, time 350.29ms, mfu 1.84%
iter 39: loss 35.4575, time 484.74ms, mfu 1.80%
iter 40: loss 35.3977, time 401.17ms, mfu 1.80%
iter 41: loss 35.3399, time 444.68ms, mfu 1.78%
iter 42: loss 35.3311, time 372.02ms, mfu 1.80%
iter 43: loss 35.2712, time 482.77ms, mfu 1.77%
iter 44: loss 35.1839, time 400.79ms, mfu 1.77%
iter 45: loss 35.2040, time 316.62ms, mfu 1.82%
iter 46: loss 35.2069, time 323.06ms, mfu 1.86%
iter 47: loss 35.1356, time 453.44ms, mfu 1.83%
iter 48: loss 35.1261, time 383.59ms, mfu 1.83%
iter 49: loss 35.0937, time 379.60ms, mfu 1.84%
iter 50: loss 35.1303, time 370.81ms, mfu 1.85%
iter 51: loss 35.0460, time 496.85ms, mfu 1.81%
iter 52: loss 35.0124, time 331.34ms, mfu 1.84%
iter 53: loss 35.0185, time 439.57ms, mfu 1.82%
iter 54: loss 34.9838, time 372.37ms, mfu 1.83%
iter 55: loss 34.8449, time 357.59ms, mfu 1.85%
iter 56: loss 34.9132, time 380.93ms, mfu 1.85%
iter 57: loss 34.8323, time 401.54ms, mfu 1.85%
iter 58: loss 34.8716, time 466.71ms, mfu 1.81%
iter 59: loss 34.7832, time 451.49ms, mfu 1.79%
iter 60: loss 34.7020, time 328.96ms, mfu 1.83%
iter 61: loss 34.7766, time 483.88ms, mfu 1.80%
iter 62: loss 34.7910, time 490.85ms, mfu 1.76%
iter 63: loss 34.7221, time 336.20ms, mfu 1.80%
iter 64: loss 34.6908, time 374.92ms, mfu 1.81%
iter 65: loss 34.7087, time 555.58ms, mfu 1.76%
iter 66: loss 34.5279, time 489.54ms, mfu 1.73%
iter 67: loss 34.6124, time 460.15ms, mfu 1.71%
iter 68: loss 34.6306, time 592.72ms, mfu 1.66%
iter 69: loss 34.7021, time 324.89ms, mfu 1.72%
iter 70: loss 34.5219, time 485.98ms, mfu 1.69%
iter 71: loss 34.5011, time 353.19ms, mfu 1.73%
iter 72: loss 34.6004, time 396.17ms, mfu 1.73%
iter 73: loss 34.4569, time 478.50ms, mfu 1.71%
iter 74: loss 34.4458, time 391.55ms, mfu 1.72%
iter 75: loss 34.5367, time 601.73ms, mfu 1.67%
iter 76: loss 34.5107, time 443.43ms, mfu 1.66%
iter 77: loss 34.4649, time 406.62ms, mfu 1.67%
iter 78: loss 34.3715, time 442.61ms, mfu 1.67%
iter 79: loss 34.3450, time 312.07ms, mfu 1.73%
iter 80: loss 34.3475, time 310.02ms, mfu 1.79%
iter 81: loss 34.3910, time 470.82ms, mfu 1.76%
iter 82: loss 34.3608, time 336.47ms, mfu 1.80%
iter 83: loss 34.3483, time 443.48ms, mfu 1.78%
iter 84: loss 34.3285, time 536.98ms, mfu 1.74%
iter 85: loss 34.3118, time 264.74ms, mfu 1.83%
iter 86: loss 34.3627, time 426.48ms, mfu 1.82%
iter 87: loss 34.3399, time 456.64ms, mfu 1.79%
iter 88: loss 34.2523, time 354.72ms, mfu 1.82%
iter 89: loss 34.2943, time 285.68ms, mfu 1.88%
iter 90: loss 34.2709, time 559.19ms, mfu 1.82%
iter 91: loss 34.1766, time 424.97ms, mfu 1.81%
iter 92: loss 34.2304, time 404.74ms, mfu 1.81%
iter 93: loss 34.2408, time 365.03ms, mfu 1.82%
iter 94: loss 34.1481, time 326.78ms, mfu 1.86%
iter 95: loss 34.1798, time 445.74ms, mfu 1.83%
iter 96: loss 34.1714, time 510.53ms, mfu 1.79%
iter 97: loss 34.1131, time 459.98ms, mfu 1.77%
iter 98: loss 34.1528, time 414.09ms, mfu 1.76%
iter 99: loss 34.0846, time 468.39ms, mfu 1.74%
iter 100: loss 34.1661, time 671.89ms, mfu 1.67%
  === DIAG iter 100 ===
  loss breakdown: text 6.5049 | num 5.5322 (lambda=5.0, mode=bins)
  grads: total 1.0000, transformer 0.9968, adapter 0.0053, num_head 0.0795
  nums: 842/3072 tokens (27.4%)
  lr: 3.03e-05
  layer_weights: [L0:0.083 L1:0.083 L2:0.083 L3:0.083 L4:0.083 L5:0.083 L6:0.083 L7:0.083 L8:0.083 L9:0.083 L10:0.083 L11:0.083]
iter 101: loss 34.1345, time 209.40ms, mfu 1.85%
iter 102: loss 34.1501, time 414.18ms, mfu 1.84%
iter 103: loss 34.0020, time 471.74ms, mfu 1.80%
iter 104: loss 34.0087, time 407.74ms, mfu 1.80%
iter 105: loss 34.0903, time 543.28ms, mfu 1.75%
iter 106: loss 34.0032, time 344.41ms, mfu 1.78%
iter 107: loss 34.0225, time 432.27ms, mfu 1.77%
iter 108: loss 33.8987, time 440.55ms, mfu 1.76%
iter 109: loss 33.9121, time 428.39ms, mfu 1.75%
iter 110: loss 33.8012, time 498.35ms, mfu 1.72%
iter 111: loss 33.9088, time 424.78ms, mfu 1.71%
iter 112: loss 33.9196, time 460.27ms, mfu 1.70%
iter 113: loss 33.8627, time 425.62ms, mfu 1.70%
iter 114: loss 33.8272, time 385.25ms, mfu 1.71%
iter 115: loss 33.7801, time 308.86ms, mfu 1.77%
iter 116: loss 33.7004, time 424.02ms, mfu 1.77%
iter 117: loss 33.7972, time 518.26ms, mfu 1.73%
iter 118: loss 33.6783, time 443.33ms, mfu 1.72%
iter 119: loss 33.7791, time 349.96ms, mfu 1.75%
iter 120: loss 33.7608, time 510.46ms, mfu 1.71%
iter 121: loss 33.6522, time 481.43ms, mfu 1.69%
iter 122: loss 33.6386, time 329.56ms, mfu 1.74%
iter 123: loss 33.5544, time 386.14ms, mfu 1.75%
iter 124: loss 33.6620, time 328.47ms, mfu 1.79%
iter 125: loss 33.5527, time 415.11ms, mfu 1.79%
iter 126: loss 33.5782, time 324.96ms, mfu 1.83%
iter 127: loss 33.4197, time 578.49ms, mfu 1.77%
iter 128: loss 33.4453, time 483.87ms, mfu 1.74%
iter 129: loss 33.3874, time 441.95ms, mfu 1.73%
iter 130: loss 33.4261, time 465.33ms, mfu 1.71%
iter 131: loss 33.3747, time 334.24ms, mfu 1.75%
iter 132: loss 33.2422, time 383.72ms, mfu 1.77%
iter 133: loss 33.3201, time 447.27ms, mfu 1.75%
iter 134: loss 33.3325, time 436.69ms, mfu 1.74%
iter 135: loss 33.2123, time 430.77ms, mfu 1.73%
iter 136: loss 33.2753, time 511.33ms, mfu 1.70%
iter 137: loss 33.2123, time 445.83ms, mfu 1.69%
iter 138: loss 33.1024, time 423.39ms, mfu 1.69%
iter 139: loss 33.1260, time 483.71ms, mfu 1.67%
iter 140: loss 33.1119, time 399.45ms, mfu 1.68%
iter 141: loss 32.9880, time 512.16ms, mfu 1.65%
iter 142: loss 33.0636, time 422.46ms, mfu 1.66%
iter 143: loss 33.1307, time 579.01ms, mfu 1.61%
iter 144: loss 32.8967, time 468.25ms, mfu 1.61%
iter 145: loss 32.7779, time 444.37ms, mfu 1.61%
iter 146: loss 32.8013, time 423.25ms, mfu 1.62%
iter 147: loss 32.7347, time 484.81ms, mfu 1.60%
iter 148: loss 32.5998, time 368.18ms, mfu 1.64%
iter 149: loss 32.6158, time 520.21ms, mfu 1.61%
iter 150: loss 32.5353, time 387.83ms, mfu 1.63%
iter 151: loss 32.3526, time 315.54ms, mfu 1.70%
iter 152: loss 32.3672, time 461.43ms, mfu 1.68%
iter 153: loss 32.2312, time 466.02ms, mfu 1.67%
iter 154: loss 32.1955, time 436.03ms, mfu 1.67%
iter 155: loss 32.0993, time 418.35ms, mfu 1.67%
iter 156: loss 31.9886, time 522.01ms, mfu 1.64%
iter 157: loss 31.6761, time 383.26ms, mfu 1.66%
iter 158: loss 31.7080, time 398.51ms, mfu 1.68%
iter 159: loss 31.6778, time 485.78ms, mfu 1.66%
iter 160: loss 31.4495, time 417.05ms, mfu 1.66%
iter 161: loss 31.3256, time 445.45ms, mfu 1.66%
iter 162: loss 31.2201, time 496.28ms, mfu 1.64%
iter 163: loss 31.1257, time 660.25ms, mfu 1.58%
iter 164: loss 30.7741, time 296.33ms, mfu 1.66%
iter 165: loss 30.7018, time 398.13ms, mfu 1.68%
iter 166: loss 30.5554, time 363.08ms, mfu 1.71%
iter 167: loss 30.4266, time 373.94ms, mfu 1.73%
iter 168: loss 30.3869, time 468.34ms, mfu 1.71%
iter 169: loss 30.3861, time 381.90ms, mfu 1.73%
iter 170: loss 30.4078, time 437.86ms, mfu 1.72%
iter 171: loss 30.2632, time 404.20ms, mfu 1.72%
iter 172: loss 30.0583, time 343.48ms, mfu 1.76%
iter 173: loss 30.0118, time 392.56ms, mfu 1.77%
iter 174: loss 30.3303, time 389.68ms, mfu 1.77%
iter 175: loss 29.4395, time 355.39ms, mfu 1.80%
iter 176: loss 29.8235, time 450.24ms, mfu 1.78%
iter 177: loss 29.7499, time 359.15ms, mfu 1.80%
iter 178: loss 29.7237, time 488.56ms, mfu 1.77%
iter 179: loss 29.6204, time 430.19ms, mfu 1.76%
iter 180: loss 29.5136, time 372.11ms, mfu 1.77%
iter 181: loss 29.3559, time 571.23ms, mfu 1.72%
iter 182: loss 29.3103, time 360.08ms, mfu 1.75%
iter 183: loss 29.4515, time 391.87ms, mfu 1.76%
iter 184: loss 29.4066, time 317.20ms, mfu 1.81%
iter 185: loss 29.3194, time 563.12ms, mfu 1.75%
iter 186: loss 28.9055, time 358.61ms, mfu 1.78%
iter 187: loss 29.2579, time 456.51ms, mfu 1.76%
iter 188: loss 29.1053, time 509.35ms, mfu 1.72%
iter 189: loss 29.3631, time 464.01ms, mfu 1.70%
iter 190: loss 28.8218, time 517.07ms, mfu 1.67%
iter 191: loss 28.8132, time 559.49ms, mfu 1.63%
iter 192: loss 28.5397, time 449.39ms, mfu 1.63%
iter 193: loss 29.3043, time 332.16ms, mfu 1.68%
iter 194: loss 28.9864, time 429.83ms, mfu 1.68%
iter 195: loss 28.8632, time 441.87ms, mfu 1.67%
iter 196: loss 29.1403, time 365.95ms, mfu 1.70%
iter 197: loss 28.6007, time 419.66ms, mfu 1.70%
iter 198: loss 28.7181, time 458.02ms, mfu 1.69%
iter 199: loss 28.7229, time 443.94ms, mfu 1.68%
iter 200: loss 28.5785, time 758.32ms, mfu 1.61%
  === DIAG iter 200 ===
  loss breakdown: text 4.9909 | num 4.7175 (lambda=5.0, mode=bins)
  grads: total 1.0000, transformer 0.9692, adapter 0.0346, num_head 0.2437
  nums: 894/3072 tokens (29.1%)
  lr: 6.03e-05
  layer_weights: [L0:0.083 L1:0.083 L2:0.083 L3:0.083 L4:0.083 L5:0.083 L6:0.084 L7:0.084 L8:0.084 L9:0.084 L10:0.084 L11:0.084]
iter 201: loss 28.6838, time 208.85ms, mfu 1.79%
iter 202: loss 28.6910, time 429.79ms, mfu 1.78%
iter 203: loss 28.2238, time 360.70ms, mfu 1.80%
iter 204: loss 28.8641, time 468.92ms, mfu 1.77%
iter 205: loss 28.6622, time 381.62ms, mfu 1.78%
iter 206: loss 28.6207, time 422.72ms, mfu 1.77%
iter 207: loss 28.8661, time 313.89ms, mfu 1.82%
iter 208: loss 28.0818, time 397.98ms, mfu 1.82%
iter 209: loss 28.2755, time 443.29ms, mfu 1.80%
iter 210: loss 28.3370, time 404.33ms, mfu 1.80%
iter 211: loss 27.9815, time 473.51ms, mfu 1.77%
iter 212: loss 28.0092, time 454.37ms, mfu 1.75%
iter 213: loss 28.5160, time 453.66ms, mfu 1.73%
iter 214: loss 28.0983, time 413.14ms, mfu 1.73%
iter 215: loss 27.9955, time 487.27ms, mfu 1.71%
iter 216: loss 28.6426, time 380.40ms, mfu 1.72%
iter 217: loss 28.2495, time 380.61ms, mfu 1.74%
iter 218: loss 27.9859, time 516.31ms, mfu 1.71%
iter 219: loss 27.9691, time 390.98ms, mfu 1.72%
iter 220: loss 27.8008, time 451.49ms, mfu 1.70%
iter 221: loss 28.1397, time 421.25ms, mfu 1.70%
iter 222: loss 27.8572, time 463.24ms, mfu 1.69%
iter 223: loss 28.2439, time 441.62ms, mfu 1.68%
iter 224: loss 28.1555, time 543.74ms, mfu 1.65%
iter 225: loss 27.6933, time 434.84ms, mfu 1.65%
iter 226: loss 27.6196, time 417.49ms, mfu 1.65%
iter 227: loss 27.8147, time 460.86ms, mfu 1.64%
iter 228: loss 27.8305, time 428.61ms, mfu 1.65%
iter 229: loss 27.7608, time 324.45ms, mfu 1.70%
iter 230: loss 27.5993, time 468.40ms, mfu 1.68%
iter 231: loss 27.6626, time 450.42ms, mfu 1.68%
iter 232: loss 27.6650, time 528.00ms, mfu 1.64%
iter 233: loss 27.5290, time 494.82ms, mfu 1.62%
iter 234: loss 27.8094, time 352.60ms, mfu 1.66%
iter 235: loss 27.4708, time 343.04ms, mfu 1.71%
iter 236: loss 27.5748, time 357.03ms, mfu 1.74%
iter 237: loss 27.3746, time 459.91ms, mfu 1.72%
iter 238: loss 27.5107, time 425.16ms, mfu 1.72%
iter 239: loss 27.0364, time 439.02ms, mfu 1.71%
iter 240: loss 27.4259, time 409.39ms, mfu 1.71%
iter 241: loss 27.3844, time 484.08ms, mfu 1.69%
iter 242: loss 27.3239, time 348.77ms, mfu 1.73%
iter 243: loss 27.3133, time 589.05ms, mfu 1.67%
iter 244: loss 27.5259, time 356.76ms, mfu 1.71%
iter 245: loss 27.2773, time 465.68ms, mfu 1.69%
iter 246: loss 27.2481, time 376.27ms, mfu 1.71%
iter 247: loss 26.9869, time 318.15ms, mfu 1.77%
iter 248: loss 27.0240, time 470.63ms, mfu 1.74%
iter 249: loss 26.9696, time 422.92ms, mfu 1.74%
iter 250: loss 26.9983, time 465.74ms, mfu 1.72%
iter 251: loss 27.2867, time 452.75ms, mfu 1.70%
iter 252: loss 27.2536, time 253.86ms, mfu 1.82%
iter 253: loss 26.7987, time 379.18ms, mfu 1.82%
iter 254: loss 27.2901, time 460.31ms, mfu 1.80%
iter 255: loss 26.9345, time 357.17ms, mfu 1.82%
iter 256: loss 27.3188, time 351.05ms, mfu 1.84%
iter 257: loss 26.9181, time 434.41ms, mfu 1.82%
iter 258: loss 27.4377, time 455.96ms, mfu 1.80%
iter 259: loss 26.5821, time 423.01ms, mfu 1.79%
iter 260: loss 26.7777, time 442.86ms, mfu 1.77%
iter 261: loss 26.6318, time 331.73ms, mfu 1.81%
iter 262: loss 26.9156, time 464.97ms, mfu 1.78%
iter 263: loss 26.6341, time 450.67ms, mfu 1.76%
iter 264: loss 27.0206, time 439.50ms, mfu 1.75%
iter 265: loss 26.5389, time 429.45ms, mfu 1.74%
iter 266: loss 26.8789, time 335.03ms, mfu 1.78%
iter 267: loss 26.6999, time 453.03ms, mfu 1.76%
iter 268: loss 26.4159, time 377.02ms, mfu 1.77%
iter 269: loss 26.7930, time 334.39ms, mfu 1.81%
iter 270: loss 26.8738, time 524.44ms, mfu 1.77%
iter 271: loss 26.4450, time 270.94ms, mfu 1.85%
iter 272: loss 26.2825, time 577.25ms, mfu 1.79%
iter 273: loss 26.3610, time 336.53ms, mfu 1.83%
iter 274: loss 26.5297, time 414.45ms, mfu 1.82%
iter 275: loss 26.3316, time 348.67ms, mfu 1.84%
iter 276: loss 26.5707, time 475.47ms, mfu 1.81%
iter 277: loss 25.9366, time 462.36ms, mfu 1.78%
iter 278: loss 26.2453, time 419.82ms, mfu 1.77%
iter 279: loss 26.4782, time 340.97ms, mfu 1.81%
iter 280: loss 25.9938, time 475.42ms, mfu 1.78%
iter 281: loss 26.2250, time 426.44ms, mfu 1.77%
iter 282: loss 26.3826, time 368.77ms, mfu 1.78%
iter 283: loss 26.1849, time 527.28ms, mfu 1.74%
iter 284: loss 26.1461, time 382.30ms, mfu 1.76%
iter 285: loss 26.0719, time 478.00ms, mfu 1.73%
iter 286: loss 26.3150, time 431.65ms, mfu 1.72%
iter 287: loss 25.9913, time 453.03ms, mfu 1.71%
iter 288: loss 25.9680, time 335.82ms, mfu 1.75%
iter 289: loss 26.1541, time 451.29ms, mfu 1.73%
iter 290: loss 25.7559, time 491.53ms, mfu 1.71%
iter 291: loss 25.7105, time 525.76ms, mfu 1.67%
iter 292: loss 25.6088, time 401.92ms, mfu 1.68%
iter 293: loss 25.6805, time 378.46ms, mfu 1.70%
iter 294: loss 25.5351, time 417.86ms, mfu 1.71%
iter 295: loss 25.7441, time 465.48ms, mfu 1.69%
iter 296: loss 25.6698, time 410.32ms, mfu 1.69%
iter 297: loss 25.5911, time 407.29ms, mfu 1.70%
iter 298: loss 25.4564, time 513.94ms, mfu 1.67%
iter 299: loss 25.7638, time 454.79ms, mfu 1.66%
iter 300: loss 25.8646, time 677.29ms, mfu 1.60%
  === DIAG iter 300 ===
  loss breakdown: text 2.1462 | num 4.7437 (lambda=5.0, mode=bins)
  grads: total 1.0000, transformer 0.9765, adapter 0.0387, num_head 0.2121
  nums: 908/3072 tokens (29.6%)
  lr: 9.03e-05
  layer_weights: [L0:0.083 L1:0.083 L2:0.083 L3:0.083 L4:0.083 L5:0.083 L6:0.084 L7:0.084 L8:0.084 L9:0.084 L10:0.084 L11:0.084]
iter 301: loss 25.1263, time 209.07ms, mfu 1.78%
iter 302: loss 25.4357, time 355.15ms, mfu 1.81%
iter 303: loss 25.4103, time 608.55ms, mfu 1.74%
iter 304: loss 25.4961, time 483.60ms, mfu 1.72%
iter 305: loss 25.2167, time 420.72ms, mfu 1.72%
iter 306: loss 25.6343, time 489.30ms, mfu 1.69%
iter 307: loss 25.5838, time 469.70ms, mfu 1.67%
iter 308: loss 25.8672, time 526.45ms, mfu 1.64%
iter 309: loss 25.0624, time 504.75ms, mfu 1.62%
iter 310: loss 25.2836, time 523.62ms, mfu 1.60%
iter 311: loss 25.0427, time 339.64ms, mfu 1.65%
iter 312: loss 25.1133, time 472.69ms, mfu 1.63%
iter 313: loss 25.4240, time 449.78ms, mfu 1.63%
iter 314: loss 25.1707, time 475.75ms, mfu 1.62%
iter 315: loss 25.2755, time 341.41ms, mfu 1.67%
iter 316: loss 25.0376, time 343.12ms, mfu 1.71%
iter 317: loss 24.9585, time 491.78ms, mfu 1.68%
iter 318: loss 25.2462, time 312.49ms, mfu 1.74%
iter 319: loss 25.2256, time 559.00ms, mfu 1.70%
iter 320: loss 25.0987, time 344.24ms, mfu 1.74%
iter 321: loss 24.6479, time 454.14ms, mfu 1.72%
iter 322: loss 25.0900, time 338.47ms, mfu 1.76%
iter 323: loss 25.4126, time 422.20ms, mfu 1.75%
iter 324: loss 24.7218, time 541.07ms, mfu 1.71%
iter 325: loss 24.7844, time 412.37ms, mfu 1.71%
iter 326: loss 24.8898, time 494.17ms, mfu 1.69%
iter 327: loss 24.7479, time 308.39ms, mfu 1.75%
iter 328: loss 24.9907, time 495.25ms, mfu 1.72%
iter 329: loss 25.0253, time 378.21ms, mfu 1.74%
iter 330: loss 25.0764, time 611.19ms, mfu 1.68%
iter 331: loss 24.6982, time 286.29ms, mfu 1.76%
iter 332: loss 24.8559, time 416.63ms, mfu 1.76%
iter 333: loss 24.6660, time 385.60ms, mfu 1.77%
iter 334: loss 25.3216, time 478.75ms, mfu 1.74%
iter 335: loss 24.8587, time 355.10ms, mfu 1.77%
iter 336: loss 24.6046, time 394.88ms, mfu 1.77%
iter 337: loss 24.9413, time 417.01ms, mfu 1.77%
iter 338: loss 24.7380, time 582.56ms, mfu 1.71%
iter 339: loss 24.4938, time 517.55ms, mfu 1.68%
iter 340: loss 24.2584, time 510.98ms, mfu 1.65%
iter 341: loss 24.7507, time 404.75ms, mfu 1.67%
iter 342: loss 24.6570, time 466.87ms, mfu 1.65%
iter 343: loss 24.3757, time 415.06ms, mfu 1.66%
iter 344: loss 24.8328, time 394.15ms, mfu 1.68%
iter 345: loss 24.6650, time 359.92ms, mfu 1.71%
iter 346: loss 24.5005, time 487.17ms, mfu 1.68%
iter 347: loss 24.6624, time 483.81ms, mfu 1.66%
iter 348: loss 24.3991, time 353.36ms, mfu 1.70%
iter 349: loss 24.6162, time 413.68ms, mfu 1.70%
iter 350: loss 24.1960, time 302.04ms, mfu 1.77%
iter 351: loss 24.6962, time 419.93ms, mfu 1.76%
iter 352: loss 24.7007, time 386.35ms, mfu 1.77%
iter 353: loss 24.3683, time 538.40ms, mfu 1.73%
iter 354: loss 24.4942, time 518.83ms, mfu 1.69%
iter 355: loss 24.5942, time 673.05ms, mfu 1.63%
iter 356: loss 24.5910, time 364.59ms, mfu 1.66%
iter 357: loss 24.2534, time 503.36ms, mfu 1.64%
iter 358: loss 24.7476, time 474.18ms, mfu 1.63%
iter 359: loss 24.4099, time 541.83ms, mfu 1.60%
iter 360: loss 24.4613, time 509.11ms, mfu 1.58%
iter 361: loss 24.5991, time 566.03ms, mfu 1.55%
iter 362: loss 24.3316, time 537.52ms, mfu 1.53%
iter 363: loss 24.4306, time 462.89ms, mfu 1.53%
iter 364: loss 24.4812, time 499.48ms, mfu 1.52%
iter 365: loss 24.6814, time 384.13ms, mfu 1.55%
iter 366: loss 24.7298, time 387.02ms, mfu 1.58%
iter 367: loss 24.2062, time 331.00ms, mfu 1.64%
iter 368: loss 23.9039, time 436.22ms, mfu 1.64%
iter 369: loss 24.0850, time 465.31ms, mfu 1.63%
iter 370: loss 24.0112, time 453.32ms, mfu 1.63%
iter 371: loss 24.2277, time 318.35ms, mfu 1.69%
iter 372: loss 24.4337, time 411.11ms, mfu 1.69%
iter 373: loss 24.3223, time 474.77ms, mfu 1.68%
iter 374: loss 24.0761, time 432.43ms, mfu 1.67%
iter 375: loss 24.2870, time 474.48ms, mfu 1.66%
iter 376: loss 23.8902, time 381.43ms, mfu 1.68%
iter 377: loss 24.1926, time 383.20ms, mfu 1.70%
iter 378: loss 24.5068, time 571.77ms, mfu 1.65%
iter 379: loss 24.4562, time 339.30ms, mfu 1.70%
iter 380: loss 23.9746, time 388.80ms, mfu 1.71%
iter 381: loss 24.4530, time 452.06ms, mfu 1.70%
iter 382: loss 24.3752, time 402.34ms, mfu 1.71%
iter 383: loss 24.3495, time 430.34ms, mfu 1.70%
iter 384: loss 23.8484, time 489.22ms, mfu 1.68%
iter 385: loss 24.2993, time 360.26ms, mfu 1.71%
iter 386: loss 24.2954, time 546.97ms, mfu 1.67%
iter 387: loss 24.1934, time 447.25ms, mfu 1.66%
iter 388: loss 24.0386, time 447.85ms, mfu 1.66%
iter 389: loss 23.8626, time 399.98ms, mfu 1.67%
iter 390: loss 24.1042, time 389.64ms, mfu 1.69%
iter 391: loss 24.1716, time 322.18ms, mfu 1.74%
iter 392: loss 23.9629, time 532.10ms, mfu 1.70%
iter 393: loss 24.1313, time 542.42ms, mfu 1.66%
iter 394: loss 24.4131, time 426.18ms, mfu 1.67%
iter 395: loss 24.4802, time 379.41ms, mfu 1.69%
iter 396: loss 24.3906, time 342.09ms, mfu 1.73%
iter 397: loss 24.1205, time 388.16ms, mfu 1.74%
iter 398: loss 23.9597, time 343.87ms, mfu 1.77%
iter 399: loss 23.9630, time 585.41ms, mfu 1.72%
iter 400: loss 24.3075, time 716.33ms, mfu 1.65%
  === DIAG iter 400 ===
  loss breakdown: text 0.6691 | num 4.7277 (lambda=5.0, mode=bins)
  grads: total 1.0000, transformer 0.9519, adapter 0.2244, num_head 0.2089
  nums: 875/3072 tokens (28.5%)
  lr: 1.20e-04
  layer_weights: [L0:0.083 L1:0.083 L2:0.083 L3:0.083 L4:0.083 L5:0.083 L6:0.084 L7:0.084 L8:0.084 L9:0.084 L10:0.084 L11:0.084]
iter 401: loss 23.8907, time 264.00ms, mfu 1.75%
iter 402: loss 23.8904, time 515.12ms, mfu 1.72%
iter 403: loss 24.2274, time 645.34ms, mfu 1.66%
iter 404: loss 24.2715, time 433.72ms, mfu 1.66%
iter 405: loss 24.5436, time 553.20ms, mfu 1.62%
iter 406: loss 24.2655, time 382.25ms, mfu 1.65%
iter 407: loss 23.8591, time 518.28ms, mfu 1.62%
iter 408: loss 24.3407, time 432.29ms, mfu 1.62%
iter 409: loss 24.0852, time 280.90ms, mfu 1.72%
iter 410: loss 24.1242, time 310.28ms, mfu 1.78%
iter 411: loss 23.7750, time 541.00ms, mfu 1.73%
iter 412: loss 24.2886, time 417.01ms, mfu 1.73%
iter 413: loss 23.9407, time 404.13ms, mfu 1.73%
iter 414: loss 24.3087, time 408.49ms, mfu 1.74%
iter 415: loss 24.2864, time 516.69ms, mfu 1.70%
iter 416: loss 24.0718, time 432.66ms, mfu 1.70%
iter 417: loss 24.3274, time 486.96ms, mfu 1.67%
iter 418: loss 24.1298, time 403.95ms, mfu 1.68%
iter 419: loss 24.3297, time 410.33ms, mfu 1.69%
iter 420: loss 24.3100, time 419.74ms, mfu 1.69%
iter 421: loss 24.3810, time 470.36ms, mfu 1.67%
iter 422: loss 23.9514, time 496.12ms, mfu 1.65%
iter 423: loss 24.3657, time 445.94ms, mfu 1.65%
iter 424: loss 23.9046, time 351.19ms, mfu 1.69%
iter 425: loss 24.3085, time 427.05ms, mfu 1.69%
iter 426: loss 24.1478, time 381.88ms, mfu 1.70%
iter 427: loss 24.0870, time 468.11ms, mfu 1.69%
iter 428: loss 23.9658, time 406.10ms, mfu 1.69%
iter 429: loss 23.9703, time 398.28ms, mfu 1.71%
iter 430: loss 24.0670, time 376.42ms, mfu 1.73%
iter 431: loss 23.8731, time 344.02ms, mfu 1.76%
iter 432: loss 23.9284, time 521.37ms, mfu 1.72%
iter 433: loss 23.8949, time 463.41ms, mfu 1.70%
iter 434: loss 24.0616, time 372.05ms, mfu 1.73%
iter 435: loss 23.7999, time 490.42ms, mfu 1.70%
iter 436: loss 24.2247, time 533.07ms, mfu 1.66%
iter 437: loss 24.0888, time 388.51ms, mfu 1.68%
iter 438: loss 23.8531, time 438.25ms, mfu 1.68%
iter 439: loss 24.1060, time 459.40ms, mfu 1.67%
iter 440: loss 23.8494, time 352.00ms, mfu 1.70%
iter 441: loss 24.1417, time 442.48ms, mfu 1.69%
iter 442: loss 24.5565, time 383.21ms, mfu 1.71%
iter 443: loss 23.9782, time 596.86ms, mfu 1.66%
iter 444: loss 23.7872, time 313.08ms, mfu 1.72%
iter 445: loss 24.2895, time 460.02ms, mfu 1.71%
iter 446: loss 24.2160, time 576.28ms, mfu 1.66%
iter 447: loss 24.3441, time 354.02ms, mfu 1.70%
iter 448: loss 24.3948, time 448.73ms, mfu 1.69%
iter 449: loss 24.2227, time 422.38ms, mfu 1.69%
iter 450: loss 24.1427, time 458.55ms, mfu 1.68%
iter 451: loss 24.0499, time 448.97ms, mfu 1.67%
iter 452: loss 24.1986, time 508.67ms, mfu 1.64%
iter 453: loss 23.4837, time 312.78ms, mfu 1.71%
iter 454: loss 23.7062, time 334.09ms, mfu 1.75%
iter 455: loss 23.9100, time 561.49ms, mfu 1.70%
iter 456: loss 23.7610, time 317.11ms, mfu 1.76%
iter 457: loss 23.5876, time 409.50ms, mfu 1.76%
iter 458: loss 23.9747, time 486.35ms, mfu 1.73%
iter 459: loss 24.1289, time 558.91ms, mfu 1.68%
iter 460: loss 24.0698, time 382.57ms, mfu 1.70%
iter 461: loss 23.6425, time 444.32ms, mfu 1.69%
iter 462: loss 24.1447, time 435.50ms, mfu 1.69%
iter 463: loss 24.0379, time 463.54ms, mfu 1.67%
iter 464: loss 23.8495, time 348.44ms, mfu 1.71%
iter 465: loss 23.5471, time 493.69ms, mfu 1.69%
iter 466: loss 23.8455, time 440.67ms, mfu 1.68%
iter 467: loss 24.0412, time 414.62ms, mfu 1.69%
iter 468: loss 24.2895, time 422.58ms, mfu 1.69%
iter 469: loss 23.9380, time 620.13ms, mfu 1.63%
iter 470: loss 24.3161, time 553.36ms, mfu 1.60%
iter 471: loss 23.8125, time 575.62ms, mfu 1.56%
iter 472: loss 23.8698, time 434.11ms, mfu 1.57%
iter 473: loss 23.6684, time 398.60ms, mfu 1.60%
iter 474: loss 24.1608, time 480.41ms, mfu 1.58%
iter 475: loss 23.6393, time 398.38ms, mfu 1.61%
iter 476: loss 23.8594, time 433.55ms, mfu 1.61%
iter 477: loss 23.7531, time 404.10ms, mfu 1.63%
iter 478: loss 23.8395, time 394.52ms, mfu 1.65%
iter 479: loss 24.1298, time 423.43ms, mfu 1.65%
iter 480: loss 24.3145, time 398.09ms, mfu 1.67%
iter 481: loss 23.7013, time 436.97ms, mfu 1.66%
iter 482: loss 23.7613, time 410.42ms, mfu 1.67%
iter 483: loss 23.7940, time 500.34ms, mfu 1.65%
iter 484: loss 23.6002, time 329.72ms, mfu 1.70%
iter 485: loss 24.0142, time 508.52ms, mfu 1.67%
iter 486: loss 24.0301, time 456.96ms, mfu 1.66%
iter 487: loss 23.9770, time 572.91ms, mfu 1.62%
iter 488: loss 23.8579, time 462.24ms, mfu 1.61%
iter 489: loss 23.5761, time 428.32ms, mfu 1.62%
iter 490: loss 23.7010, time 466.50ms, mfu 1.61%
iter 491: loss 24.1624, time 353.41ms, mfu 1.65%
iter 492: loss 24.0746, time 459.62ms, mfu 1.64%
iter 493: loss 23.6162, time 454.95ms, mfu 1.64%
iter 494: loss 24.0008, time 455.80ms, mfu 1.63%
iter 495: loss 23.6609, time 465.98ms, mfu 1.62%
iter 496: loss 23.6230, time 554.68ms, mfu 1.59%
iter 497: loss 23.6145, time 419.07ms, mfu 1.60%
iter 498: loss 24.2356, time 381.28ms, mfu 1.63%
iter 499: loss 24.0151, time 389.48ms, mfu 1.65%
iter 500: loss 23.7951, time 658.50ms, mfu 1.59%
  === DIAG iter 500 ===
  loss breakdown: text 0.3903 | num 4.6810 (lambda=5.0, mode=bins)
  grads: total 1.0000, transformer 0.7643, adapter 0.2901, num_head 0.5760
  nums: 879/3072 tokens (28.6%)
  lr: 1.50e-04
  layer_weights: [L0:0.083 L1:0.083 L2:0.083 L3:0.083 L4:0.083 L5:0.083 L6:0.084 L7:0.084 L8:0.084 L9:0.084 L10:0.084 L11:0.084]
iter 501: loss 23.7037, time 254.31ms, mfu 1.72%
iter 502: loss 23.7738, time 385.86ms, mfu 1.73%
iter 503: loss 23.8552, time 407.31ms, mfu 1.73%
iter 504: loss 23.9509, time 375.10ms, mfu 1.75%
iter 505: loss 23.9114, time 398.89ms, mfu 1.75%
iter 506: loss 23.7302, time 521.16ms, mfu 1.72%
iter 507: loss 23.5592, time 452.06ms, mfu 1.70%
iter 508: loss 24.3483, time 354.34ms, mfu 1.74%
iter 509: loss 23.9003, time 641.48ms, mfu 1.67%
iter 510: loss 23.7898, time 481.19ms, mfu 1.66%
iter 511: loss 23.6881, time 493.60ms, mfu 1.63%
iter 512: loss 24.0399, time 376.78ms, mfu 1.66%
iter 513: loss 23.6781, time 490.33ms, mfu 1.64%
iter 514: loss 23.6103, time 255.12ms, mfu 1.76%
iter 515: loss 23.5422, time 484.29ms, mfu 1.73%
iter 516: loss 23.6166, time 454.35ms, mfu 1.71%
iter 517: loss 23.5177, time 292.31ms, mfu 1.79%
iter 518: loss 23.6971, time 372.20ms, mfu 1.80%
iter 519: loss 23.7780, time 378.95ms, mfu 1.81%
iter 520: loss 23.7961, time 413.90ms, mfu 1.80%
iter 521: loss 24.0110, time 558.06ms, mfu 1.75%
iter 522: loss 23.6812, time 336.99ms, mfu 1.79%
iter 523: loss 23.8575, time 409.94ms, mfu 1.78%
iter 524: loss 23.5534, time 419.77ms, mfu 1.78%
iter 525: loss 23.7461, time 452.36ms, mfu 1.76%
iter 526: loss 23.9754, time 409.42ms, mfu 1.76%
iter 527: loss 23.9735, time 582.11ms, mfu 1.70%
iter 528: loss 23.7945, time 457.93ms, mfu 1.69%
iter 529: loss 24.1420, time 305.07ms, mfu 1.76%
iter 530: loss 23.8252, time 481.78ms, mfu 1.73%
iter 531: loss 23.6792, time 429.79ms, mfu 1.72%
iter 532: loss 23.9668, time 367.66ms, mfu 1.75%
iter 533: loss 23.9927, time 479.18ms, mfu 1.72%
iter 534: loss 23.7581, time 470.48ms, mfu 1.70%
iter 535: loss 23.6263, time 390.78ms, mfu 1.71%
iter 536: loss 23.6289, time 366.32ms, mfu 1.74%
iter 537: loss 23.6087, time 601.34ms, mfu 1.68%
iter 538: loss 23.5874, time 406.57ms, mfu 1.69%
iter 539: loss 24.1448, time 529.15ms, mfu 1.66%
iter 540: loss 23.8771, time 449.23ms, mfu 1.65%
iter 541: loss 23.6433, time 351.85ms, mfu 1.69%
iter 542: loss 23.7354, time 472.88ms, mfu 1.67%
iter 543: loss 24.2372, time 355.60ms, mfu 1.71%
iter 544: loss 24.1310, time 339.58ms, mfu 1.75%
iter 545: loss 23.5400, time 424.66ms, mfu 1.74%
iter 546: loss 24.2299, time 389.09ms, mfu 1.75%
iter 547: loss 23.6815, time 446.51ms, mfu 1.74%
iter 548: loss 23.8070, time 483.31ms, mfu 1.71%
iter 549: loss 23.7488, time 410.76ms, mfu 1.71%
iter 550: loss 23.7523, time 270.83ms, mfu 1.81%
iter 551: loss 23.9114, time 422.54ms, mfu 1.80%
iter 552: loss 23.5153, time 378.57ms, mfu 1.81%
iter 553: loss 23.5681, time 534.37ms, mfu 1.76%
iter 554: loss 23.7990, time 354.37ms, mfu 1.79%
iter 555: loss 23.4642, time 431.56ms, mfu 1.77%
iter 556: loss 23.5216, time 429.08ms, mfu 1.76%
iter 557: loss 23.8757, time 445.51ms, mfu 1.75%
iter 558: loss 23.7060, time 499.49ms, mfu 1.72%
iter 559: loss 23.6860, time 340.97ms, mfu 1.75%
iter 560: loss 23.6943, time 369.19ms, mfu 1.77%
iter 561: loss 23.5095, time 380.50ms, mfu 1.78%
iter 562: loss 23.6222, time 377.63ms, mfu 1.80%
iter 563: loss 23.9530, time 557.15ms, mfu 1.74%
iter 564: loss 23.4444, time 470.38ms, mfu 1.72%
iter 565: loss 23.3942, time 374.47ms, mfu 1.74%
iter 566: loss 23.9409, time 448.29ms, mfu 1.73%
iter 567: loss 24.0627, time 449.77ms, mfu 1.71%
iter 568: loss 23.7843, time 347.09ms, mfu 1.75%
iter 569: loss 23.9731, time 538.15ms, mfu 1.71%
iter 570: loss 23.5450, time 357.55ms, mfu 1.74%
iter 571: loss 23.8186, time 522.69ms, mfu 1.70%
iter 572: loss 23.9986, time 366.54ms, mfu 1.73%
iter 573: loss 23.8345, time 351.64ms, mfu 1.76%
iter 574: loss 23.5937, time 452.55ms, mfu 1.74%
iter 575: loss 23.9482, time 529.25ms, mfu 1.70%
iter 576: loss 23.6910, time 314.39ms, mfu 1.76%
iter 577: loss 23.7612, time 397.00ms, mfu 1.76%
iter 578: loss 23.9134, time 394.55ms, mfu 1.77%
iter 579: loss 23.7970, time 388.94ms, mfu 1.78%
iter 580: loss 23.8355, time 605.11ms, mfu 1.72%
iter 581: loss 23.7011, time 420.04ms, mfu 1.72%
iter 582: loss 23.8106, time 407.21ms, mfu 1.72%
iter 583: loss 23.9329, time 497.27ms, mfu 1.69%
iter 584: loss 23.4742, time 509.98ms, mfu 1.66%
iter 585: loss 23.8618, time 401.76ms, mfu 1.68%
iter 586: loss 23.6207, time 539.51ms, mfu 1.64%
iter 587: loss 24.1576, time 484.91ms, mfu 1.62%
iter 588: loss 23.6075, time 589.42ms, mfu 1.58%
iter 589: loss 24.1654, time 444.85ms, mfu 1.59%
iter 590: loss 23.7735, time 421.11ms, mfu 1.60%
iter 591: loss 23.9568, time 522.22ms, mfu 1.58%
iter 592: loss 23.8453, time 496.72ms, mfu 1.56%
iter 593: loss 23.9420, time 432.66ms, mfu 1.57%
iter 594: loss 23.3990, time 429.80ms, mfu 1.58%
iter 595: loss 24.0916, time 371.90ms, mfu 1.62%
iter 596: loss 23.7086, time 571.44ms, mfu 1.58%
iter 597: loss 23.3469, time 409.64ms, mfu 1.60%
iter 598: loss 23.5524, time 456.17ms, mfu 1.59%
iter 599: loss 23.8550, time 325.50ms, mfu 1.65%
iter 600: loss 23.7899, time 439.06ms, mfu 1.65%
  === DIAG iter 600 ===
  loss breakdown: text 0.3092 | num 4.6961 (lambda=5.0, mode=bins)
  grads: total 1.0000, transformer 0.8526, adapter 0.3448, num_head 0.3927
  nums: 902/3072 tokens (29.4%)
  lr: 1.80e-04
  layer_weights: [L0:0.083 L1:0.083 L2:0.083 L3:0.083 L4:0.083 L5:0.083 L6:0.084 L7:0.084 L8:0.084 L9:0.084 L10:0.084 L11:0.084]
iter 601: loss 24.0475, time 249.43ms, mfu 1.77%
iter 602: loss 23.5801, time 433.96ms, mfu 1.76%
iter 603: loss 23.3254, time 445.50ms, mfu 1.75%
iter 604: loss 23.8512, time 519.95ms, mfu 1.71%
iter 605: loss 23.6225, time 501.18ms, mfu 1.68%
iter 606: loss 23.5840, time 413.31ms, mfu 1.69%
iter 607: loss 24.0875, time 394.03ms, mfu 1.70%
iter 608: loss 23.7421, time 476.46ms, mfu 1.68%
iter 609: loss 23.9183, time 358.07ms, mfu 1.71%
iter 610: loss 23.7324, time 377.59ms, mfu 1.73%
iter 611: loss 23.9617, time 486.65ms, mfu 1.71%
iter 612: loss 23.3782, time 482.48ms, mfu 1.68%
iter 613: loss 23.2890, time 427.45ms, mfu 1.68%
iter 614: loss 23.8732, time 553.16ms, mfu 1.64%
iter 615: loss 23.8443, time 325.67ms, mfu 1.70%
iter 616: loss 23.3516, time 390.03ms, mfu 1.71%
iter 617: loss 23.4315, time 421.93ms, mfu 1.71%
iter 618: loss 23.8380, time 389.81ms, mfu 1.72%
iter 619: loss 23.8232, time 336.28ms, mfu 1.76%
iter 620: loss 23.9234, time 475.54ms, mfu 1.74%
iter 621: loss 23.4810, time 269.53ms, mfu 1.83%
iter 622: loss 23.4455, time 470.46ms, mfu 1.80%
iter 623: loss 23.6857, time 438.47ms, mfu 1.78%
iter 624: loss 23.6668, time 334.69ms, mfu 1.82%
iter 625: loss 23.5411, time 406.86ms, mfu 1.81%
iter 626: loss 23.3931, time 394.43ms, mfu 1.81%
iter 627: loss 23.5583, time 570.67ms, mfu 1.76%
iter 628: loss 23.7906, time 403.80ms, mfu 1.76%
iter 629: loss 23.7600, time 376.40ms, mfu 1.77%
iter 630: loss 23.6650, time 513.70ms, mfu 1.74%
iter 631: loss 23.2686, time 452.03ms, mfu 1.72%
iter 632: loss 23.9352, time 339.91ms, mfu 1.76%
iter 633: loss 23.5712, time 564.83ms, mfu 1.71%
iter 634: loss 23.7146, time 504.04ms, mfu 1.68%
iter 635: loss 23.7380, time 415.12ms, mfu 1.69%
iter 636: loss 23.4709, time 491.71ms, mfu 1.66%
iter 637: loss 23.6507, time 372.88ms, mfu 1.69%
iter 638: loss 23.5065, time 395.65ms, mfu 1.70%
iter 639: loss 23.9203, time 360.96ms, mfu 1.73%
iter 640: loss 23.6076, time 390.86ms, mfu 1.74%
iter 641: loss 23.7512, time 408.17ms, mfu 1.74%
iter 642: loss 23.6865, time 421.09ms, mfu 1.74%
iter 643: loss 23.6756, time 452.00ms, mfu 1.72%
iter 644: loss 23.9854, time 526.16ms, mfu 1.69%
iter 645: loss 23.8701, time 523.82ms, mfu 1.65%
iter 646: loss 23.5942, time 468.29ms, mfu 1.64%
iter 647: loss 23.8634, time 366.25ms, mfu 1.67%
iter 648: loss 23.7153, time 481.69ms, mfu 1.65%
iter 649: loss 23.6871, time 480.65ms, mfu 1.64%
iter 650: loss 23.5532, time 331.35ms, mfu 1.69%
iter 651: loss 23.5152, time 401.00ms, mfu 1.70%
iter 652: loss 23.7120, time 444.48ms, mfu 1.69%
iter 653: loss 23.9106, time 318.90ms, mfu 1.75%
iter 654: loss 23.3172, time 355.36ms, mfu 1.77%
iter 655: loss 23.4548, time 430.65ms, mfu 1.76%
iter 656: loss 23.8224, time 523.61ms, mfu 1.72%
iter 657: loss 23.6892, time 447.61ms, mfu 1.71%
iter 658: loss 23.5440, time 509.30ms, mfu 1.68%
iter 659: loss 23.8766, time 450.98ms, mfu 1.67%
iter 660: loss 23.5444, time 443.36ms, mfu 1.67%
iter 661: loss 23.6228, time 414.94ms, mfu 1.67%
iter 662: loss 24.0712, time 268.26ms, mfu 1.77%
iter 663: loss 23.3838, time 450.85ms, mfu 1.75%
iter 664: loss 23.5110, time 434.58ms, mfu 1.74%
iter 665: loss 23.4338, time 494.55ms, mfu 1.71%
iter 666: loss 23.3604, time 636.05ms, mfu 1.66%
iter 667: loss 23.7877, time 318.63ms, mfu 1.71%
iter 668: loss 23.4739, time 600.81ms, mfu 1.66%
iter 669: loss 24.0166, time 577.58ms, mfu 1.62%
iter 670: loss 23.3763, time 292.57ms, mfu 1.70%
iter 671: loss 23.7177, time 331.70ms, mfu 1.75%
iter 672: loss 23.6397, time 521.41ms, mfu 1.71%
iter 673: loss 23.4293, time 423.61ms, mfu 1.71%
iter 674: loss 23.7666, time 485.33ms, mfu 1.69%
iter 675: loss 23.2090, time 437.78ms, mfu 1.68%
iter 676: loss 23.3271, time 438.58ms, mfu 1.68%
iter 677: loss 23.4444, time 434.60ms, mfu 1.67%
iter 678: loss 23.5990, time 392.90ms, mfu 1.69%
iter 679: loss 23.4417, time 345.77ms, mfu 1.73%
iter 680: loss 23.5515, time 481.96ms, mfu 1.70%
iter 681: loss 23.4734, time 313.85ms, mfu 1.76%
iter 682: loss 23.6289, time 381.59ms, mfu 1.77%
iter 683: loss 23.6098, time 393.96ms, mfu 1.78%
iter 684: loss 23.8795, time 447.76ms, mfu 1.76%
iter 685: loss 23.5796, time 396.61ms, mfu 1.76%
iter 686: loss 23.3767, time 508.48ms, mfu 1.73%
iter 687: loss 23.5892, time 386.14ms, mfu 1.74%
iter 688: loss 23.7279, time 477.44ms, mfu 1.72%
iter 689: loss 23.6438, time 488.13ms, mfu 1.69%
iter 690: loss 23.3842, time 376.47ms, mfu 1.71%
iter 691: loss 23.5180, time 465.47ms, mfu 1.70%
iter 692: loss 23.6726, time 367.70ms, mfu 1.72%
iter 693: loss 23.2358, time 596.20ms, mfu 1.67%
iter 694: loss 23.3423, time 456.05ms, mfu 1.66%
iter 695: loss 23.3839, time 546.49ms, mfu 1.62%
iter 696: loss 23.5070, time 385.62ms, mfu 1.65%
iter 697: loss 23.3610, time 427.18ms, mfu 1.65%
iter 698: loss 23.3495, time 498.75ms, mfu 1.63%
iter 699: loss 23.3072, time 412.38ms, mfu 1.64%
iter 700: loss 23.2762, time 851.24ms, mfu 1.56%
  === DIAG iter 700 ===
  loss breakdown: text 0.3061 | num 4.5940 (lambda=5.0, mode=bins)
  grads: total 1.0000, transformer 0.8384, adapter 0.4674, num_head 0.2804
  nums: 855/3072 tokens (27.8%)
  lr: 2.10e-04
  layer_weights: [L0:0.083 L1:0.083 L2:0.083 L3:0.083 L4:0.083 L5:0.084 L6:0.084 L7:0.084 L8:0.084 L9:0.084 L10:0.084 L11:0.084]
iter 701: loss 23.6197, time 249.60ms, mfu 1.69%
iter 702: loss 23.5461, time 375.71ms, mfu 1.71%
iter 703: loss 23.3658, time 469.80ms, mfu 1.69%
iter 704: loss 23.5364, time 328.57ms, mfu 1.74%
iter 705: loss 23.3172, time 427.20ms, mfu 1.74%
iter 706: loss 23.1491, time 462.40ms, mfu 1.72%
iter 707: loss 23.7440, time 349.75ms, mfu 1.75%
iter 708: loss 23.2295, time 402.80ms, mfu 1.75%
iter 709: loss 23.4102, time 464.78ms, mfu 1.73%
iter 710: loss 23.3494, time 476.34ms, mfu 1.71%
iter 711: loss 23.5234, time 496.47ms, mfu 1.68%
iter 712: loss 22.9055, time 472.92ms, mfu 1.67%
iter 713: loss 23.5106, time 433.31ms, mfu 1.66%
iter 714: loss 23.5350, time 571.89ms, mfu 1.62%
iter 715: loss 23.2823, time 507.20ms, mfu 1.60%
iter 716: loss 23.7930, time 465.90ms, mfu 1.60%
iter 717: loss 23.5389, time 644.53ms, mfu 1.55%
iter 718: loss 23.3885, time 396.24ms, mfu 1.57%
iter 719: loss 23.3293, time 477.57ms, mfu 1.57%
iter 720: loss 23.7296, time 358.78ms, mfu 1.61%
iter 721: loss 23.6724, time 372.79ms, mfu 1.64%
iter 722: loss 23.5436, time 332.60ms, mfu 1.69%
iter 723: loss 23.0030, time 357.38ms, mfu 1.72%
iter 724: loss 23.5857, time 485.38ms, mfu 1.70%
iter 725: loss 23.2843, time 428.81ms, mfu 1.70%
iter 726: loss 23.4535, time 433.21ms, mfu 1.69%
iter 727: loss 23.2125, time 398.35ms, mfu 1.70%
iter 728: loss 23.5454, time 508.21ms, mfu 1.67%
iter 729: loss 23.2986, time 560.36ms, mfu 1.63%
iter 730: loss 23.1826, time 542.88ms, mfu 1.60%
iter 731: loss 23.2923, time 464.21ms, mfu 1.60%
iter 732: loss 23.2204, time 410.20ms, mfu 1.61%
iter 733: loss 23.1335, time 423.92ms, mfu 1.62%
iter 734: loss 22.8283, time 538.46ms, mfu 1.59%
iter 735: loss 23.7453, time 301.76ms, mfu 1.67%
iter 736: loss 23.1022, time 510.38ms, mfu 1.64%
iter 737: loss 23.1118, time 366.11ms, mfu 1.67%
iter 738: loss 23.4409, time 462.51ms, mfu 1.66%
iter 739: loss 23.5021, time 360.53ms, mfu 1.69%
iter 740: loss 23.1603, time 484.90ms, mfu 1.67%
iter 741: loss 23.1616, time 480.08ms, mfu 1.65%
iter 742: loss 23.2519, time 413.83ms, mfu 1.66%
iter 743: loss 23.0775, time 517.62ms, mfu 1.63%
iter 744: loss 23.3149, time 420.32ms, mfu 1.64%
iter 745: loss 23.4081, time 318.30ms, mfu 1.70%
iter 746: loss 23.1982, time 450.52ms, mfu 1.69%
iter 747: loss 23.2487, time 443.95ms, mfu 1.68%
iter 748: loss 23.9410, time 397.68ms, mfu 1.70%
iter 749: loss 23.5120, time 455.62ms, mfu 1.68%
iter 750: loss 23.4741, time 448.09ms, mfu 1.67%
iter 751: loss 23.3359, time 452.48ms, mfu 1.67%
iter 752: loss 23.1239, time 515.46ms, mfu 1.64%
iter 753: loss 23.0678, time 428.64ms, mfu 1.64%
iter 754: loss 23.4420, time 453.10ms, mfu 1.64%
iter 755: loss 23.7789, time 331.93ms, mfu 1.69%
iter 756: loss 23.4975, time 322.05ms, mfu 1.74%
iter 757: loss 23.4725, time 340.42ms, mfu 1.78%
iter 758: loss 22.8658, time 433.73ms, mfu 1.77%
iter 759: loss 22.8538, time 478.72ms, mfu 1.74%
iter 760: loss 23.3003, time 389.88ms, mfu 1.75%
iter 761: loss 23.6085, time 431.44ms, mfu 1.74%
iter 762: loss 23.2041, time 430.16ms, mfu 1.73%
iter 763: loss 23.7493, time 391.69ms, mfu 1.74%
iter 764: loss 23.4009, time 432.56ms, mfu 1.73%
iter 765: loss 23.2033, time 456.46ms, mfu 1.72%
iter 766: loss 22.9677, time 411.44ms, mfu 1.72%
iter 767: loss 23.1097, time 333.22ms, mfu 1.76%
iter 768: loss 23.4036, time 331.26ms, mfu 1.80%
iter 769: loss 23.4680, time 522.13ms, mfu 1.76%
iter 770: loss 23.3547, time 458.93ms, mfu 1.74%
iter 771: loss 23.2120, time 418.96ms, mfu 1.74%
iter 772: loss 23.2474, time 331.09ms, mfu 1.78%
iter 773: loss 23.0434, time 336.37ms, mfu 1.81%
iter 774: loss 23.2330, time 458.83ms, mfu 1.79%
iter 775: loss 23.3365, time 399.63ms, mfu 1.79%
iter 776: loss 23.3706, time 535.37ms, mfu 1.74%
iter 777: loss 23.3020, time 453.81ms, mfu 1.73%
iter 778: loss 23.5267, time 479.03ms, mfu 1.70%
iter 779: loss 23.3420, time 407.05ms, mfu 1.71%
iter 780: loss 22.9245, time 379.24ms, mfu 1.73%
iter 781: loss 23.1341, time 482.74ms, mfu 1.70%
iter 782: loss 23.0589, time 376.47ms, mfu 1.72%
iter 783: loss 23.2322, time 634.09ms, mfu 1.66%
iter 784: loss 22.8858, time 365.30ms, mfu 1.69%
iter 785: loss 22.9570, time 437.12ms, mfu 1.69%
iter 786: loss 22.9686, time 461.79ms, mfu 1.67%
iter 787: loss 23.0490, time 539.42ms, mfu 1.64%
iter 788: loss 23.2434, time 515.40ms, mfu 1.62%
iter 789: loss 22.6866, time 449.40ms, mfu 1.61%
iter 790: loss 22.6979, time 377.34ms, mfu 1.64%
iter 791: loss 22.8760, time 468.86ms, mfu 1.63%
iter 792: loss 23.4273, time 316.39ms, mfu 1.69%
iter 793: loss 22.9725, time 441.06ms, mfu 1.69%
iter 794: loss 23.3498, time 405.76ms, mfu 1.69%
iter 795: loss 23.2496, time 371.04ms, mfu 1.72%
iter 796: loss 23.1286, time 626.68ms, mfu 1.66%
iter 797: loss 23.3069, time 561.30ms, mfu 1.62%
iter 798: loss 23.1129, time 461.62ms, mfu 1.62%
iter 799: loss 22.7570, time 462.99ms, mfu 1.61%
iter 800: loss 23.1841, time 552.39ms, mfu 1.58%
  === DIAG iter 800 ===
  loss breakdown: text 0.2776 | num 4.5813 (lambda=5.0, mode=bins)
  grads: total 1.0000, transformer 0.7930, adapter 0.5775, num_head 0.1939
  nums: 923/3072 tokens (30.0%)
  lr: 2.40e-04
  layer_weights: [L0:0.082 L1:0.082 L2:0.082 L3:0.083 L4:0.083 L5:0.084 L6:0.084 L7:0.084 L8:0.084 L9:0.084 L10:0.084 L11:0.084]
iter 801: loss 22.7399, time 208.53ms, mfu 1.76%
iter 802: loss 22.8810, time 425.40ms, mfu 1.76%
iter 803: loss 23.5101, time 333.67ms, mfu 1.79%
iter 804: loss 23.0301, time 461.09ms, mfu 1.77%
iter 805: loss 22.8680, time 432.60ms, mfu 1.76%
iter 806: loss 22.9414, time 440.81ms, mfu 1.75%
iter 807: loss 23.3324, time 590.94ms, mfu 1.69%
iter 808: loss 22.4939, time 340.08ms, mfu 1.73%
iter 809: loss 22.9112, time 547.34ms, mfu 1.69%
iter 810: loss 23.4954, time 506.89ms, mfu 1.66%
iter 811: loss 22.8617, time 361.70ms, mfu 1.70%
iter 812: loss 23.2596, time 379.47ms, mfu 1.71%
iter 813: loss 23.1554, time 333.97ms, mfu 1.76%
iter 814: loss 23.6468, time 346.45ms, mfu 1.79%
iter 815: loss 23.2973, time 496.87ms, mfu 1.75%
iter 816: loss 23.1238, time 371.29ms, mfu 1.77%
iter 817: loss 23.5753, time 494.49ms, mfu 1.74%
iter 818: loss 23.0937, time 346.62ms, mfu 1.77%
iter 819: loss 23.3079, time 306.09ms, mfu 1.83%
iter 820: loss 22.8647, time 542.02ms, mfu 1.78%
iter 821: loss 23.1668, time 546.16ms, mfu 1.73%
iter 822: loss 23.3671, time 511.89ms, mfu 1.70%
iter 823: loss 23.0120, time 418.08ms, mfu 1.70%
iter 824: loss 22.8791, time 350.40ms, mfu 1.73%
iter 825: loss 23.3753, time 522.96ms, mfu 1.70%
iter 826: loss 22.8326, time 269.97ms, mfu 1.79%
iter 827: loss 23.4375, time 405.50ms, mfu 1.79%
iter 828: loss 22.8263, time 368.26ms, mfu 1.81%
iter 829: loss 22.9767, time 431.95ms, mfu 1.79%
iter 830: loss 23.3542, time 378.98ms, mfu 1.80%
iter 831: loss 22.9188, time 572.99ms, mfu 1.75%
iter 832: loss 23.0211, time 556.66ms, mfu 1.70%
iter 833: loss 23.1363, time 424.21ms, mfu 1.70%
iter 834: loss 23.4212, time 437.34ms, mfu 1.69%
iter 835: loss 22.9350, time 343.34ms, mfu 1.73%
iter 836: loss 23.0748, time 529.15ms, mfu 1.69%
iter 837: loss 22.6118, time 412.55ms, mfu 1.70%
iter 838: loss 22.9155, time 529.18ms, mfu 1.66%
iter 839: loss 22.8569, time 429.89ms, mfu 1.66%
iter 840: loss 23.3536, time 417.30ms, mfu 1.67%
iter 841: loss 22.5521, time 478.58ms, mfu 1.65%
iter 842: loss 23.4666, time 363.84ms, mfu 1.68%
iter 843: loss 22.9267, time 443.17ms, mfu 1.68%
iter 844: loss 23.2374, time 427.33ms, mfu 1.68%
iter 845: loss 22.9442, time 367.67ms, mfu 1.70%
iter 846: loss 23.2648, time 447.97ms, mfu 1.69%
iter 847: loss 22.8585, time 432.02ms, mfu 1.69%
iter 848: loss 23.3004, time 412.28ms, mfu 1.70%
iter 849: loss 22.9841, time 339.64ms, mfu 1.74%
iter 850: loss 23.0907, time 334.87ms, mfu 1.78%
iter 851: loss 22.7228, time 355.08ms, mfu 1.80%
iter 852: loss 23.0062, time 375.21ms, mfu 1.81%
iter 853: loss 23.1454, time 523.36ms, mfu 1.77%
iter 854: loss 22.7855, time 576.08ms, mfu 1.72%
iter 855: loss 23.0463, time 502.90ms, mfu 1.69%
iter 856: loss 23.1457, time 430.41ms, mfu 1.68%
iter 857: loss 23.1341, time 410.30ms, mfu 1.69%
iter 858: loss 23.0065, time 386.89ms, mfu 1.71%
iter 859: loss 23.1069, time 523.58ms, mfu 1.67%
iter 860: loss 22.9771, time 530.16ms, mfu 1.64%
iter 861: loss 23.3270, time 361.31ms, mfu 1.67%
iter 862: loss 22.9817, time 438.06ms, mfu 1.67%
iter 863: loss 22.8908, time 349.69ms, mfu 1.71%
iter 864: loss 22.9498, time 329.02ms, mfu 1.76%
iter 865: loss 22.9277, time 467.72ms, mfu 1.73%
iter 866: loss 22.9177, time 421.29ms, mfu 1.73%
iter 867: loss 22.9929, time 350.51ms, mfu 1.76%
iter 868: loss 23.0532, time 535.66ms, mfu 1.72%
iter 869: loss 22.8209, time 418.16ms, mfu 1.72%
iter 870: loss 22.7672, time 454.41ms, mfu 1.70%
iter 871: loss 23.1022, time 531.41ms, mfu 1.67%
iter 872: loss 23.1765, time 352.14ms, mfu 1.71%
iter 873: loss 23.3589, time 329.28ms, mfu 1.75%
iter 874: loss 23.4297, time 389.32ms, mfu 1.76%
iter 875: loss 23.0368, time 438.15ms, mfu 1.75%
iter 876: loss 23.6880, time 350.94ms, mfu 1.78%
iter 877: loss 23.4130, time 499.46ms, mfu 1.74%
iter 878: loss 22.8450, time 372.75ms, mfu 1.76%
iter 879: loss 22.8745, time 526.61ms, mfu 1.72%
iter 880: loss 22.8895, time 755.77ms, mfu 1.64%
iter 881: loss 23.4534, time 369.09ms, mfu 1.67%
iter 882: loss 23.1088, time 438.86ms, mfu 1.67%
iter 883: loss 22.8025, time 427.41ms, mfu 1.67%
iter 884: loss 22.8734, time 374.35ms, mfu 1.69%
iter 885: loss 23.3011, time 527.17ms, mfu 1.66%
iter 886: loss 22.7569, time 381.94ms, mfu 1.68%
iter 887: loss 23.0214, time 472.87ms, mfu 1.67%
iter 888: loss 22.8784, time 510.12ms, mfu 1.64%
iter 889: loss 22.7522, time 482.55ms, mfu 1.62%
iter 890: loss 23.2176, time 460.28ms, mfu 1.62%
iter 891: loss 22.9494, time 317.99ms, mfu 1.68%
iter 892: loss 22.8448, time 448.47ms, mfu 1.67%
iter 893: loss 23.1664, time 350.90ms, mfu 1.71%
iter 894: loss 22.9544, time 424.47ms, mfu 1.71%
iter 895: loss 22.9530, time 451.15ms, mfu 1.70%
iter 896: loss 23.1800, time 438.64ms, mfu 1.69%
iter 897: loss 22.9290, time 419.89ms, mfu 1.69%
iter 898: loss 22.9570, time 499.27ms, mfu 1.67%
iter 899: loss 22.9790, time 377.18ms, mfu 1.69%
iter 900: loss 23.0488, time 621.50ms, mfu 1.64%
  === DIAG iter 900 ===
  loss breakdown: text 0.2751 | num 4.5547 (lambda=5.0, mode=bins)
  grads: total 1.0000, transformer 0.7191, adapter 0.5718, num_head 0.3949
  nums: 867/3072 tokens (28.2%)
  lr: 2.70e-04
  layer_weights: [L0:0.082 L1:0.082 L2:0.082 L3:0.083 L4:0.083 L5:0.084 L6:0.084 L7:0.084 L8:0.084 L9:0.084 L10:0.084 L11:0.084]
iter 901: loss 23.1455, time 215.53ms, mfu 1.80%
iter 902: loss 23.0790, time 500.19ms, mfu 1.77%
iter 903: loss 22.4008, time 479.04ms, mfu 1.74%
iter 904: loss 22.9844, time 471.32ms, mfu 1.72%
iter 905: loss 22.9098, time 379.36ms, mfu 1.73%
iter 906: loss 22.9030, time 433.55ms, mfu 1.73%
iter 907: loss 22.7576, time 340.63ms, mfu 1.76%
iter 908: loss 23.4027, time 442.23ms, mfu 1.75%
iter 909: loss 22.6904, time 340.31ms, mfu 1.79%
iter 910: loss 23.1817, time 344.55ms, mfu 1.81%
iter 911: loss 22.6896, time 405.63ms, mfu 1.81%
iter 912: loss 23.1402, time 377.58ms, mfu 1.82%
iter 913: loss 23.4578, time 409.92ms, mfu 1.81%
iter 914: loss 23.6644, time 536.57ms, mfu 1.76%
iter 915: loss 22.8427, time 454.40ms, mfu 1.75%
iter 916: loss 22.7451, time 525.95ms, mfu 1.71%
iter 917: loss 22.8379, time 382.66ms, mfu 1.72%
iter 918: loss 23.0144, time 309.39ms, mfu 1.78%
iter 919: loss 22.9154, time 547.49ms, mfu 1.74%
iter 920: loss 23.1536, time 372.09ms, mfu 1.75%
iter 921: loss 22.8163, time 501.65ms, mfu 1.72%
iter 922: loss 22.6996, time 465.60ms, mfu 1.70%
iter 923: loss 23.2073, time 453.64ms, mfu 1.69%
iter 924: loss 22.6154, time 407.50ms, mfu 1.70%
iter 925: loss 22.8468, time 356.49ms, mfu 1.73%
iter 926: loss 22.7747, time 464.77ms, mfu 1.71%
iter 927: loss 22.5787, time 320.65ms, mfu 1.76%
iter 928: loss 23.0991, time 532.53ms, mfu 1.72%
iter 929: loss 22.9796, time 503.35ms, mfu 1.69%
iter 930: loss 23.1977, time 500.66ms, mfu 1.67%
iter 931: loss 22.5512, time 456.23ms, mfu 1.66%
iter 932: loss 23.1351, time 458.31ms, mfu 1.65%
iter 933: loss 23.2610, time 422.58ms, mfu 1.65%
iter 934: loss 22.5669, time 434.48ms, mfu 1.65%
iter 935: loss 22.9602, time 257.27ms, mfu 1.76%
iter 936: loss 22.8211, time 513.75ms, mfu 1.73%
iter 937: loss 22.8366, time 505.45ms, mfu 1.70%
iter 938: loss 22.7218, time 394.10ms, mfu 1.71%
iter 939: loss 22.5338, time 517.19ms, mfu 1.68%
iter 940: loss 22.7325, time 617.50ms, mfu 1.62%
iter 941: loss 22.7625, time 326.08ms, mfu 1.68%
iter 942: loss 22.7263, time 461.66ms, mfu 1.67%
iter 943: loss 22.7339, time 428.49ms, mfu 1.67%
iter 944: loss 23.1014, time 531.05ms, mfu 1.64%
iter 945: loss 23.0026, time 381.98ms, mfu 1.66%
iter 946: loss 22.8003, time 526.31ms, mfu 1.63%
iter 947: loss 22.9236, time 437.74ms, mfu 1.63%
iter 948: loss 22.9562, time 544.39ms, mfu 1.60%
iter 949: loss 22.6010, time 364.40ms, mfu 1.64%
iter 950: loss 22.5714, time 346.47ms, mfu 1.68%
iter 951: loss 22.9479, time 469.44ms, mfu 1.66%
iter 952: loss 22.4286, time 430.46ms, mfu 1.66%
iter 953: loss 23.1486, time 567.20ms, mfu 1.62%
iter 954: loss 22.3450, time 353.57ms, mfu 1.66%
iter 955: loss 22.8448, time 553.13ms, mfu 1.63%
iter 956: loss 23.2740, time 509.16ms, mfu 1.61%
iter 957: loss 22.6664, time 452.16ms, mfu 1.60%
iter 958: loss 23.3494, time 416.94ms, mfu 1.62%
iter 959: loss 22.4926, time 475.20ms, mfu 1.60%
iter 960: loss 23.3390, time 343.73ms, mfu 1.65%
iter 961: loss 22.5218, time 351.69ms, mfu 1.69%
iter 962: loss 22.3119, time 499.21ms, mfu 1.67%
iter 963: loss 22.7405, time 554.18ms, mfu 1.63%
iter 964: loss 22.6800, time 334.62ms, mfu 1.68%
iter 965: loss 22.9650, time 511.91ms, mfu 1.65%
iter 966: loss 22.2991, time 561.94ms, mfu 1.61%
iter 967: loss 22.8286, time 506.04ms, mfu 1.59%
iter 968: loss 22.9603, time 576.27ms, mfu 1.56%
iter 969: loss 23.1523, time 334.57ms, mfu 1.62%
iter 970: loss 23.1328, time 539.99ms, mfu 1.59%
iter 971: loss 22.5945, time 444.20ms, mfu 1.59%
iter 972: loss 23.0820, time 407.87ms, mfu 1.61%
iter 973: loss 22.8201, time 406.79ms, mfu 1.62%
iter 974: loss 22.2737, time 375.08ms, mfu 1.65%
iter 975: loss 22.4937, time 404.03ms, mfu 1.66%
iter 976: loss 22.8110, time 440.83ms, mfu 1.66%
iter 977: loss 22.5944, time 475.27ms, mfu 1.64%
iter 978: loss 22.6678, time 324.28ms, mfu 1.70%
iter 979: loss 22.7294, time 385.37ms, mfu 1.72%
iter 980: loss 22.5114, time 369.71ms, mfu 1.74%
iter 981: loss 22.7165, time 466.53ms, mfu 1.72%
iter 982: loss 22.5755, time 367.00ms, mfu 1.74%
iter 983: loss 23.0353, time 382.35ms, mfu 1.76%
iter 984: loss 23.0451, time 530.19ms, mfu 1.71%
iter 985: loss 22.6013, time 346.53ms, mfu 1.75%
iter 986: loss 22.8688, time 567.11ms, mfu 1.70%
iter 987: loss 22.5569, time 317.36ms, mfu 1.76%
iter 988: loss 23.3825, time 400.47ms, mfu 1.76%
iter 989: loss 22.3511, time 465.94ms, mfu 1.74%
iter 990: loss 22.1494, time 529.37ms, mfu 1.70%
iter 991: loss 23.1665, time 587.94ms, mfu 1.65%
iter 992: loss 23.0784, time 396.15ms, mfu 1.67%
iter 993: loss 22.7365, time 500.54ms, mfu 1.64%
iter 994: loss 22.8334, time 438.64ms, mfu 1.64%
iter 995: loss 23.0969, time 411.75ms, mfu 1.65%
iter 996: loss 22.8097, time 518.31ms, mfu 1.63%
iter 997: loss 22.6822, time 360.19ms, mfu 1.66%
iter 998: loss 22.6843, time 534.60ms, mfu 1.63%
iter 999: loss 22.9374, time 343.08ms, mfu 1.68%
iter 1000: loss 22.8370, time 490.39ms, mfu 1.65%
  === DIAG iter 1000 ===
  loss breakdown: text 0.2658 | num 4.5142 (lambda=5.0, mode=bins)
  grads: total 1.0000, transformer 0.6877, adapter 0.4986, num_head 0.5277
  nums: 880/3072 tokens (28.6%)
  lr: 3.00e-04
  layer_weights: [L0:0.082 L1:0.082 L2:0.082 L3:0.083 L4:0.083 L5:0.084 L6:0.084 L7:0.084 L8:0.084 L9:0.084 L10:0.084 L11:0.084]
iter 1001: loss 23.0477, time 208.79ms, mfu 1.83%
iter 1002: loss 22.6824, time 496.83ms, mfu 1.79%
iter 1003: loss 22.7685, time 460.05ms, mfu 1.77%
iter 1004: loss 22.4141, time 380.58ms, mfu 1.78%
iter 1005: loss 22.4169, time 365.58ms, mfu 1.80%
iter 1006: loss 22.1020, time 484.97ms, mfu 1.77%
iter 1007: loss 22.5565, time 355.20ms, mfu 1.79%
iter 1008: loss 22.2657, time 544.19ms, mfu 1.74%
iter 1009: loss 22.7114, time 471.36ms, mfu 1.72%
iter 1010: loss 22.8029, time 254.19ms, mfu 1.83%
iter 1011: loss 22.5995, time 449.37ms, mfu 1.81%
iter 1012: loss 22.9270, time 342.03ms, mfu 1.84%
iter 1013: loss 22.7040, time 584.97ms, mfu 1.78%
iter 1014: loss 22.7526, time 458.21ms, mfu 1.75%
iter 1015: loss 22.8692, time 588.04ms, mfu 1.70%
iter 1016: loss 22.5809, time 475.48ms, mfu 1.68%
iter 1017: loss 22.7052, time 328.60ms, mfu 1.73%
iter 1018: loss 22.9107, time 384.83ms, mfu 1.74%
iter 1019: loss 22.8375, time 367.04ms, mfu 1.76%
iter 1020: loss 22.6487, time 505.86ms, mfu 1.73%
iter 1021: loss 22.3558, time 457.28ms, mfu 1.71%
iter 1022: loss 22.5439, time 321.80ms, mfu 1.77%
iter 1023: loss 22.6659, time 496.96ms, mfu 1.73%
iter 1024: loss 22.6169, time 503.86ms, mfu 1.70%
iter 1025: loss 22.3819, time 524.27ms, mfu 1.67%
iter 1026: loss 22.7182, time 527.66ms, mfu 1.64%
iter 1027: loss 22.7108, time 435.79ms, mfu 1.64%
iter 1028: loss 22.1637, time 495.10ms, mfu 1.62%
iter 1029: loss 22.3358, time 545.48ms, mfu 1.59%
iter 1030: loss 22.7575, time 432.97ms, mfu 1.59%
iter 1031: loss 22.6059, time 323.05ms, mfu 1.66%
iter 1032: loss 22.5859, time 441.83ms, mfu 1.65%
iter 1033: loss 22.8666, time 359.62ms, mfu 1.69%
iter 1034: loss 22.3445, time 361.93ms, mfu 1.72%
iter 1035: loss 22.5665, time 431.09ms, mfu 1.71%
iter 1036: loss 22.1864, time 414.80ms, mfu 1.71%
iter 1037: loss 23.0568, time 313.97ms, mfu 1.77%
iter 1038: loss 22.1456, time 572.69ms, mfu 1.72%
iter 1039: loss 23.0732, time 521.87ms, mfu 1.68%
iter 1040: loss 22.4306, time 530.25ms, mfu 1.65%
iter 1041: loss 22.4437, time 337.35ms, mfu 1.70%
iter 1042: loss 22.5989, time 448.05ms, mfu 1.69%
iter 1043: loss 22.2734, time 368.41ms, mfu 1.71%
iter 1044: loss 22.4660, time 463.56ms, mfu 1.70%
iter 1045: loss 22.5053, time 366.49ms, mfu 1.72%
iter 1046: loss 22.3345, time 559.43ms, mfu 1.68%
iter 1047: loss 22.3513, time 604.36ms, mfu 1.63%
iter 1048: loss 22.2748, time 413.32ms, mfu 1.64%
iter 1049: loss 22.4881, time 525.87ms, mfu 1.61%
iter 1050: loss 22.6698, time 391.67ms, mfu 1.63%
iter 1051: loss 22.8031, time 370.70ms, mfu 1.66%
iter 1052: loss 22.3597, time 403.96ms, mfu 1.67%
iter 1053: loss 22.2739, time 401.18ms, mfu 1.69%
iter 1054: loss 22.4805, time 543.99ms, mfu 1.65%
iter 1055: loss 22.3822, time 349.22ms, mfu 1.69%
iter 1056: loss 22.3943, time 410.27ms, mfu 1.69%
iter 1057: loss 22.3902, time 474.31ms, mfu 1.68%
iter 1058: loss 22.4108, time 330.33ms, mfu 1.73%
iter 1059: loss 22.7933, time 302.64ms, mfu 1.79%
iter 1060: loss 22.2730, time 520.84ms, mfu 1.75%
iter 1061: loss 22.2387, time 477.07ms, mfu 1.72%
iter 1062: loss 22.5860, time 367.56ms, mfu 1.75%
iter 1063: loss 22.2755, time 384.75ms, mfu 1.76%
iter 1064: loss 22.1892, time 319.38ms, mfu 1.81%
iter 1065: loss 22.2256, time 432.29ms, mfu 1.79%
iter 1066: loss 23.1330, time 432.05ms, mfu 1.78%
iter 1067: loss 22.6568, time 491.11ms, mfu 1.75%
iter 1068: loss 22.4411, time 448.00ms, mfu 1.73%
iter 1069: loss 22.5605, time 426.01ms, mfu 1.73%
iter 1070: loss 22.2871, time 515.05ms, mfu 1.69%
iter 1071: loss 22.4244, time 340.85ms, mfu 1.73%
iter 1072: loss 23.0230, time 442.93ms, mfu 1.72%
iter 1073: loss 22.3762, time 664.60ms, mfu 1.66%
iter 1074: loss 22.1257, time 315.56ms, mfu 1.72%
iter 1075: loss 23.0492, time 520.01ms, mfu 1.69%
iter 1076: loss 22.7416, time 402.51ms, mfu 1.69%
iter 1077: loss 22.3721, time 505.72ms, mfu 1.67%
iter 1078: loss 22.5741, time 382.80ms, mfu 1.69%
iter 1079: loss 22.5422, time 402.00ms, mfu 1.70%
iter 1080: loss 22.2538, time 439.89ms, mfu 1.69%
iter 1081: loss 22.5871, time 532.79ms, mfu 1.66%
iter 1082: loss 22.4227, time 443.29ms, mfu 1.65%
iter 1083: loss 22.0797, time 435.25ms, mfu 1.65%
iter 1084: loss 22.7291, time 435.17ms, mfu 1.65%
iter 1085: loss 22.8647, time 475.08ms, mfu 1.64%
iter 1086: loss 23.3408, time 349.27ms, mfu 1.68%
iter 1087: loss 22.5848, time 394.76ms, mfu 1.69%
iter 1088: loss 22.5202, time 304.71ms, mfu 1.76%
iter 1089: loss 22.3995, time 481.23ms, mfu 1.73%
iter 1090: loss 22.6371, time 313.78ms, mfu 1.79%
iter 1091: loss 22.1939, time 444.11ms, mfu 1.77%
iter 1092: loss 22.6729, time 398.48ms, mfu 1.77%
iter 1093: loss 22.4284, time 635.52ms, mfu 1.71%
iter 1094: loss 22.6667, time 369.97ms, mfu 1.73%
iter 1095: loss 22.9228, time 306.15ms, mfu 1.79%
iter 1096: loss 22.0792, time 530.99ms, mfu 1.75%
iter 1097: loss 22.5341, time 347.38ms, mfu 1.78%
iter 1098: loss 23.0164, time 391.61ms, mfu 1.78%
iter 1099: loss 22.3549, time 550.02ms, mfu 1.74%
iter 1100: loss 22.4854, time 674.22ms, mfu 1.67%
  === DIAG iter 1100 ===
  loss breakdown: text 0.2578 | num 4.4455 (lambda=5.0, mode=bins)
  grads: total 1.0000, transformer 0.7204, adapter 0.6443, num_head 0.2567
  nums: 904/3072 tokens (29.4%)
  lr: 3.30e-04
  layer_weights: [L0:0.082 L1:0.082 L2:0.082 L3:0.082 L4:0.083 L5:0.084 L6:0.084 L7:0.084 L8:0.084 L9:0.084 L10:0.084 L11:0.085]
iter 1101: loss 22.3041, time 209.19ms, mfu 1.84%
iter 1102: loss 22.4066, time 350.09ms, mfu 1.86%
iter 1103: loss 22.3561, time 477.73ms, mfu 1.83%
iter 1104: loss 22.1872, time 449.94ms, mfu 1.80%
iter 1105: loss 22.3227, time 370.17ms, mfu 1.82%
iter 1106: loss 22.2773, time 474.33ms, mfu 1.79%
iter 1107: loss 22.6161, time 452.16ms, mfu 1.77%
iter 1108: loss 22.7172, time 390.64ms, mfu 1.77%
iter 1109: loss 22.5168, time 501.40ms, mfu 1.74%
iter 1110: loss 22.9299, time 449.17ms, mfu 1.72%
iter 1111: loss 22.3600, time 441.89ms, mfu 1.71%
iter 1112: loss 22.6258, time 540.36ms, mfu 1.68%
iter 1113: loss 22.4335, time 322.18ms, mfu 1.73%
iter 1114: loss 22.5230, time 388.71ms, mfu 1.74%
iter 1115: loss 22.7888, time 334.12ms, mfu 1.78%
iter 1116: loss 22.3469, time 372.92ms, mfu 1.80%
iter 1117: loss 22.6194, time 462.90ms, mfu 1.77%
iter 1118: loss 22.4768, time 391.03ms, mfu 1.78%
iter 1119: loss 22.2715, time 376.81ms, mfu 1.79%
iter 1120: loss 22.2250, time 658.66ms, mfu 1.72%
iter 1121: loss 22.0354, time 442.61ms, mfu 1.71%
iter 1122: loss 22.4839, time 389.42ms, mfu 1.72%
iter 1123: loss 22.5051, time 498.05ms, mfu 1.69%
iter 1124: loss 22.7563, time 348.73ms, mfu 1.73%
iter 1125: loss 22.4548, time 400.25ms, mfu 1.74%
iter 1126: loss 22.1537, time 317.72ms, mfu 1.79%
iter 1127: loss 22.3609, time 426.57ms, mfu 1.78%
iter 1128: loss 22.4826, time 511.28ms, mfu 1.74%
iter 1129: loss 22.1440, time 427.81ms, mfu 1.73%
iter 1130: loss 22.0964, time 329.89ms, mfu 1.78%
iter 1131: loss 22.3131, time 329.13ms, mfu 1.82%
iter 1132: loss 22.3155, time 417.36ms, mfu 1.81%
iter 1133: loss 22.5545, time 410.51ms, mfu 1.80%
iter 1134: loss 21.9970, time 331.74ms, mfu 1.84%
iter 1135: loss 22.6597, time 391.18ms, mfu 1.84%
iter 1136: loss 22.3042, time 477.16ms, mfu 1.80%
iter 1137: loss 22.4931, time 561.01ms, mfu 1.75%
iter 1138: loss 22.5323, time 453.68ms, mfu 1.73%
iter 1139: loss 22.4957, time 437.84ms, mfu 1.72%
iter 1140: loss 22.5435, time 516.21ms, mfu 1.69%
iter 1141: loss 22.6473, time 341.11ms, mfu 1.73%
iter 1142: loss 22.5942, time 509.29ms, mfu 1.70%
iter 1143: loss 22.0172, time 373.08ms, mfu 1.72%
iter 1144: loss 22.5243, time 581.59ms, mfu 1.67%
iter 1145: loss 22.6550, time 387.53ms, mfu 1.69%
iter 1146: loss 22.1053, time 501.08ms, mfu 1.66%
iter 1147: loss 22.4274, time 406.92ms, mfu 1.67%
iter 1148: loss 22.3182, time 524.05ms, mfu 1.64%
iter 1149: loss 22.1787, time 325.01ms, mfu 1.70%
iter 1150: loss 22.0361, time 403.98ms, mfu 1.71%
iter 1151: loss 22.2005, time 406.77ms, mfu 1.71%
iter 1152: loss 22.2511, time 400.00ms, mfu 1.72%
iter 1153: loss 22.0240, time 325.78ms, mfu 1.77%
iter 1154: loss 22.5782, time 319.02ms, mfu 1.82%
iter 1155: loss 22.6167, time 520.47ms, mfu 1.77%
iter 1156: loss 21.7802, time 461.25ms, mfu 1.75%
iter 1157: loss 22.0098, time 506.52ms, mfu 1.72%
iter 1158: loss 22.4123, time 455.73ms, mfu 1.70%
iter 1159: loss 22.1810, time 436.86ms, mfu 1.70%
iter 1160: loss 22.4190, time 426.58ms, mfu 1.69%
iter 1161: loss 22.3544, time 367.70ms, mfu 1.72%
iter 1162: loss 22.0180, time 426.69ms, mfu 1.72%
iter 1163: loss 22.0803, time 399.22ms, mfu 1.72%
iter 1164: loss 22.2030, time 513.13ms, mfu 1.69%
iter 1165: loss 22.5538, time 329.07ms, mfu 1.74%
iter 1166: loss 22.4955, time 553.06ms, mfu 1.69%
iter 1167: loss 21.9134, time 393.38ms, mfu 1.71%
iter 1168: loss 22.0924, time 453.86ms, mfu 1.69%
iter 1169: loss 22.5205, time 377.38ms, mfu 1.72%
iter 1170: loss 22.2542, time 378.82ms, mfu 1.73%
iter 1171: loss 22.4621, time 465.77ms, mfu 1.71%
iter 1172: loss 22.2582, time 520.02ms, mfu 1.68%
iter 1173: loss 22.6809, time 351.11ms, mfu 1.72%
iter 1174: loss 22.3112, time 330.24ms, mfu 1.76%
iter 1175: loss 22.6060, time 430.92ms, mfu 1.75%
iter 1176: loss 22.4924, time 376.13ms, mfu 1.77%
iter 1177: loss 22.2548, time 442.79ms, mfu 1.75%
iter 1178: loss 22.5128, time 444.42ms, mfu 1.74%
iter 1179: loss 22.0904, time 474.41ms, mfu 1.72%
iter 1180: loss 23.0735, time 536.18ms, mfu 1.68%
iter 1181: loss 22.0131, time 495.19ms, mfu 1.65%
iter 1182: loss 22.5573, time 403.82ms, mfu 1.67%
iter 1183: loss 22.2688, time 505.94ms, mfu 1.64%
iter 1184: loss 22.7165, time 482.19ms, mfu 1.63%
iter 1185: loss 22.2099, time 392.69ms, mfu 1.65%
iter 1186: loss 22.3080, time 335.89ms, mfu 1.69%
iter 1187: loss 21.9844, time 409.19ms, mfu 1.70%
iter 1188: loss 22.3937, time 418.94ms, mfu 1.70%
iter 1189: loss 22.3477, time 458.56ms, mfu 1.69%
iter 1190: loss 22.6065, time 532.15ms, mfu 1.65%
iter 1191: loss 22.6721, time 324.73ms, mfu 1.71%
iter 1192: loss 22.8324, time 476.73ms, mfu 1.69%
iter 1193: loss 22.0486, time 408.79ms, mfu 1.69%
iter 1194: loss 22.2735, time 317.29ms, mfu 1.75%
iter 1195: loss 22.4835, time 440.90ms, mfu 1.74%
iter 1196: loss 21.6368, time 339.06ms, mfu 1.78%
iter 1197: loss 22.5698, time 426.95ms, mfu 1.77%
iter 1198: loss 22.3443, time 286.51ms, mfu 1.84%
iter 1199: loss 22.4314, time 641.67ms, mfu 1.77%
iter 1200: loss 22.5127, time 623.23ms, mfu 1.71%
  === DIAG iter 1200 ===
  loss breakdown: text 0.2645 | num 4.4496 (lambda=5.0, mode=bins)
  grads: total 1.0000, transformer 0.6270, adapter 0.7504, num_head 0.2094
  nums: 879/3072 tokens (28.6%)
  lr: 3.60e-04
  layer_weights: [L0:0.082 L1:0.082 L2:0.082 L3:0.082 L4:0.083 L5:0.084 L6:0.084 L7:0.084 L8:0.084 L9:0.084 L10:0.084 L11:0.085]
iter 1201: loss 22.6770, time 209.20ms, mfu 1.88%
iter 1202: loss 21.6977, time 390.14ms, mfu 1.87%
iter 1203: loss 22.5212, time 508.68ms, mfu 1.83%
iter 1204: loss 22.1008, time 404.02ms, mfu 1.82%
iter 1205: loss 22.5651, time 506.85ms, mfu 1.78%
iter 1206: loss 22.7066, time 416.68ms, mfu 1.77%
iter 1207: loss 22.3078, time 511.77ms, mfu 1.74%
iter 1208: loss 22.3519, time 569.77ms, mfu 1.69%
iter 1209: loss 22.4571, time 434.60ms, mfu 1.69%
iter 1210: loss 22.3888, time 409.64ms, mfu 1.69%
iter 1211: loss 22.2392, time 432.32ms, mfu 1.69%
iter 1212: loss 22.7193, time 402.95ms, mfu 1.70%
iter 1213: loss 22.2360, time 366.96ms, mfu 1.72%
iter 1214: loss 22.1693, time 331.42ms, mfu 1.77%
iter 1215: loss 22.4175, time 379.57ms, mfu 1.78%
iter 1216: loss 22.5974, time 350.67ms, mfu 1.81%
iter 1217: loss 22.2766, time 492.90ms, mfu 1.77%
iter 1218: loss 21.7823, time 327.62ms, mfu 1.81%
iter 1219: loss 22.4110, time 488.23ms, mfu 1.78%
iter 1220: loss 21.5258, time 539.54ms, mfu 1.73%
iter 1221: loss 22.7203, time 493.23ms, mfu 1.70%
iter 1222: loss 22.5784, time 420.56ms, mfu 1.70%
iter 1223: loss 21.8349, time 458.02ms, mfu 1.69%
iter 1224: loss 22.7101, time 592.26ms, mfu 1.64%
iter 1225: loss 22.3644, time 434.93ms, mfu 1.64%
iter 1226: loss 22.4529, time 575.28ms, mfu 1.60%
iter 1227: loss 22.3450, time 396.11ms, mfu 1.62%
iter 1228: loss 22.2993, time 431.10ms, mfu 1.63%
iter 1229: loss 22.2073, time 468.39ms, mfu 1.62%
iter 1230: loss 22.4917, time 541.45ms, mfu 1.59%
iter 1231: loss 22.2574, time 341.45ms, mfu 1.64%
iter 1232: loss 22.1169, time 364.50ms, mfu 1.67%
iter 1233: loss 22.3657, time 496.53ms, mfu 1.65%
iter 1234: loss 21.9640, time 398.25ms, mfu 1.66%
iter 1235: loss 22.5881, time 397.71ms, mfu 1.68%
iter 1236: loss 22.7057, time 383.83ms, mfu 1.70%
iter 1237: loss 21.8707, time 498.04ms, mfu 1.67%
iter 1238: loss 21.6275, time 289.85ms, mfu 1.75%
iter 1239: loss 22.1596, time 507.83ms, mfu 1.72%
iter 1240: loss 22.1523, time 433.92ms, mfu 1.71%
iter 1241: loss 22.4935, time 415.55ms, mfu 1.71%
iter 1242: loss 22.0165, time 473.52ms, mfu 1.69%
iter 1243: loss 22.4324, time 450.10ms, mfu 1.68%
iter 1244: loss 22.0984, time 452.20ms, mfu 1.67%
iter 1245: loss 22.2944, time 403.81ms, mfu 1.68%
iter 1246: loss 21.9484, time 391.02ms, mfu 1.70%
iter 1247: loss 22.1046, time 469.43ms, mfu 1.68%
iter 1248: loss 22.1499, time 519.31ms, mfu 1.65%
iter 1249: loss 22.0942, time 322.81ms, mfu 1.71%
iter 1250: loss 22.1840, time 412.90ms, mfu 1.71%
iter 1251: loss 22.4629, time 443.44ms, mfu 1.70%
iter 1252: loss 22.4677, time 393.52ms, mfu 1.71%
iter 1253: loss 22.3250, time 428.18ms, mfu 1.71%
iter 1254: loss 21.9086, time 409.10ms, mfu 1.71%
iter 1255: loss 22.3896, time 331.49ms, mfu 1.76%
iter 1256: loss 21.9860, time 421.01ms, mfu 1.75%
iter 1257: loss 22.0641, time 448.64ms, mfu 1.74%
iter 1258: loss 21.6972, time 515.40ms, mfu 1.70%
iter 1259: loss 22.2977, time 365.01ms, mfu 1.73%
iter 1260: loss 21.7817, time 384.11ms, mfu 1.74%
iter 1261: loss 21.9615, time 493.43ms, mfu 1.71%
iter 1262: loss 22.0817, time 461.81ms, mfu 1.70%
iter 1263: loss 22.2383, time 400.53ms, mfu 1.71%
iter 1264: loss 21.8067, time 498.68ms, mfu 1.68%
iter 1265: loss 21.8151, time 452.06ms, mfu 1.67%
iter 1266: loss 21.9942, time 323.52ms, mfu 1.72%
iter 1267: loss 22.3535, time 474.93ms, mfu 1.70%
iter 1268: loss 22.1522, time 545.67ms, mfu 1.66%
iter 1269: loss 21.9680, time 271.44ms, mfu 1.76%
iter 1270: loss 22.3522, time 365.30ms, mfu 1.78%
iter 1271: loss 22.3140, time 433.92ms, mfu 1.77%
iter 1272: loss 22.0710, time 354.11ms, mfu 1.79%
iter 1273: loss 22.4237, time 444.37ms, mfu 1.78%
iter 1274: loss 22.3174, time 531.28ms, mfu 1.73%
iter 1275: loss 22.3093, time 382.94ms, mfu 1.75%
iter 1276: loss 22.0579, time 566.23ms, mfu 1.70%
iter 1277: loss 22.3055, time 450.19ms, mfu 1.69%
iter 1278: loss 22.3160, time 479.57ms, mfu 1.67%
iter 1279: loss 22.5239, time 480.84ms, mfu 1.65%
iter 1280: loss 22.6782, time 358.52ms, mfu 1.69%
iter 1281: loss 22.2007, time 461.09ms, mfu 1.67%
iter 1282: loss 22.2744, time 333.89ms, mfu 1.72%
iter 1283: loss 22.3334, time 487.86ms, mfu 1.69%
iter 1284: loss 21.9268, time 442.45ms, mfu 1.69%
iter 1285: loss 22.0861, time 449.58ms, mfu 1.68%
iter 1286: loss 22.1746, time 398.20ms, mfu 1.69%
iter 1287: loss 22.2648, time 393.17ms, mfu 1.70%
iter 1288: loss 22.2304, time 547.10ms, mfu 1.66%
iter 1289: loss 21.5450, time 386.16ms, mfu 1.68%
iter 1290: loss 22.0202, time 488.31ms, mfu 1.66%
iter 1291: loss 22.0004, time 436.23ms, mfu 1.66%
iter 1292: loss 22.0441, time 342.69ms, mfu 1.70%
iter 1293: loss 22.0413, time 373.15ms, mfu 1.72%
iter 1294: loss 22.0455, time 406.97ms, mfu 1.73%
iter 1295: loss 22.2279, time 360.04ms, mfu 1.75%
iter 1296: loss 22.7690, time 449.21ms, mfu 1.74%
iter 1297: loss 22.0588, time 525.85ms, mfu 1.70%
iter 1298: loss 21.7223, time 437.89ms, mfu 1.69%
iter 1299: loss 22.0548, time 467.34ms, mfu 1.68%
iter 1300: loss 22.4550, time 672.93ms, mfu 1.62%
  === DIAG iter 1300 ===
  loss breakdown: text 0.2499 | num 4.4410 (lambda=5.0, mode=bins)
  grads: total 1.0000, transformer 0.5084, adapter 0.7602, num_head 0.4046
  nums: 868/3072 tokens (28.3%)
  lr: 3.90e-04
  layer_weights: [L0:0.081 L1:0.081 L2:0.081 L3:0.082 L4:0.083 L5:0.085 L6:0.084 L7:0.084 L8:0.084 L9:0.084 L10:0.084 L11:0.085]
iter 1301: loss 22.0822, time 248.24ms, mfu 1.74%
iter 1302: loss 21.5348, time 391.13ms, mfu 1.75%
iter 1303: loss 21.8424, time 440.20ms, mfu 1.74%
iter 1304: loss 22.0756, time 486.87ms, mfu 1.71%
iter 1305: loss 22.4998, time 474.22ms, mfu 1.69%
iter 1306: loss 22.0707, time 387.32ms, mfu 1.71%
iter 1307: loss 22.2163, time 556.84ms, mfu 1.67%
iter 1308: loss 22.2754, time 424.88ms, mfu 1.67%
iter 1309: loss 22.0713, time 530.19ms, mfu 1.64%
iter 1310: loss 22.3986, time 501.09ms, mfu 1.62%
iter 1311: loss 22.3465, time 464.21ms, mfu 1.61%
iter 1312: loss 21.9659, time 344.20ms, mfu 1.66%
iter 1313: loss 22.0666, time 690.71ms, mfu 1.59%
iter 1314: loss 22.0839, time 342.78ms, mfu 1.64%
iter 1315: loss 22.3668, time 383.07ms, mfu 1.67%
iter 1316: loss 21.8178, time 419.63ms, mfu 1.67%
iter 1317: loss 21.6225, time 458.03ms, mfu 1.66%
iter 1318: loss 22.2133, time 453.38ms, mfu 1.65%
iter 1319: loss 22.1336, time 427.14ms, mfu 1.65%
iter 1320: loss 22.6118, time 404.66ms, mfu 1.67%
iter 1321: loss 22.2899, time 429.11ms, mfu 1.67%
iter 1322: loss 22.1888, time 504.82ms, mfu 1.64%
iter 1323: loss 21.9714, time 454.64ms, mfu 1.64%
iter 1324: loss 21.6977, time 527.38ms, mfu 1.61%
iter 1325: loss 22.0152, time 526.65ms, mfu 1.58%
iter 1326: loss 21.5242, time 311.90ms, mfu 1.65%
iter 1327: loss 21.7081, time 504.03ms, mfu 1.63%
iter 1328: loss 21.9767, time 370.55ms, mfu 1.66%
iter 1329: loss 22.1691, time 449.16ms, mfu 1.65%
iter 1330: loss 21.6571, time 428.17ms, mfu 1.66%
iter 1331: loss 21.7607, time 407.57ms, mfu 1.67%
iter 1332: loss 21.9561, time 410.08ms, mfu 1.67%
iter 1333: loss 22.1284, time 361.08ms, mfu 1.71%
iter 1334: loss 21.6354, time 403.35ms, mfu 1.71%
iter 1335: loss 21.6023, time 521.73ms, mfu 1.68%
iter 1336: loss 22.1688, time 400.45ms, mfu 1.69%
iter 1337: loss 22.1210, time 521.88ms, mfu 1.66%
iter 1338: loss 21.9795, time 458.32ms, mfu 1.65%
iter 1339: loss 21.9591, time 406.42ms, mfu 1.66%
iter 1340: loss 21.5003, time 416.86ms, mfu 1.67%
iter 1341: loss 21.5801, time 352.51ms, mfu 1.70%
iter 1342: loss 21.9993, time 468.21ms, mfu 1.69%
iter 1343: loss 21.8191, time 444.45ms, mfu 1.68%
iter 1344: loss 21.6132, time 584.52ms, mfu 1.63%
iter 1345: loss 21.3332, time 305.95ms, mfu 1.70%
iter 1346: loss 22.2437, time 668.08ms, mfu 1.64%
iter 1347: loss 21.8453, time 412.28ms, mfu 1.65%
iter 1348: loss 22.0675, time 598.64ms, mfu 1.60%
iter 1349: loss 21.5262, time 352.77ms, mfu 1.65%
iter 1350: loss 22.0105, time 517.82ms, mfu 1.62%
iter 1351: loss 22.0135, time 364.95ms, mfu 1.66%
iter 1352: loss 21.4524, time 409.62ms, mfu 1.66%
iter 1353: loss 21.7232, time 438.39ms, mfu 1.66%
iter 1354: loss 22.2805, time 336.02ms, mfu 1.71%
iter 1355: loss 22.2002, time 459.50ms, mfu 1.69%
iter 1356: loss 21.9935, time 399.93ms, mfu 1.70%
iter 1357: loss 22.5110, time 370.83ms, mfu 1.73%
iter 1358: loss 22.1392, time 500.47ms, mfu 1.70%
iter 1359: loss 21.6320, time 502.48ms, mfu 1.67%
iter 1360: loss 22.4943, time 270.14ms, mfu 1.77%
iter 1361: loss 22.5907, time 420.03ms, mfu 1.76%
iter 1362: loss 22.3877, time 436.15ms, mfu 1.75%
iter 1363: loss 22.5262, time 443.15ms, mfu 1.74%
iter 1364: loss 21.8915, time 356.88ms, mfu 1.76%
iter 1365: loss 21.5520, time 391.43ms, mfu 1.77%
iter 1366: loss 22.1236, time 535.66ms, mfu 1.73%
iter 1367: loss 22.0212, time 430.55ms, mfu 1.72%
iter 1368: loss 22.1943, time 342.54ms, mfu 1.76%
iter 1369: loss 22.0734, time 437.37ms, mfu 1.75%
iter 1370: loss 22.4881, time 364.67ms, mfu 1.77%
iter 1371: loss 21.6381, time 346.74ms, mfu 1.80%
iter 1372: loss 22.2915, time 427.09ms, mfu 1.79%
iter 1373: loss 21.3884, time 409.04ms, mfu 1.78%
iter 1374: loss 22.3425, time 406.55ms, mfu 1.78%
iter 1375: loss 22.3089, time 342.56ms, mfu 1.81%
iter 1376: loss 22.3198, time 439.15ms, mfu 1.79%
iter 1377: loss 22.0525, time 306.77ms, mfu 1.85%
iter 1378: loss 22.1814, time 420.52ms, mfu 1.83%
iter 1379: loss 21.9580, time 417.75ms, mfu 1.82%
iter 1380: loss 22.0202, time 397.32ms, mfu 1.82%
iter 1381: loss 22.5042, time 390.44ms, mfu 1.82%
iter 1382: loss 22.1512, time 434.85ms, mfu 1.80%
iter 1383: loss 21.8891, time 496.14ms, mfu 1.77%
iter 1384: loss 21.9372, time 401.45ms, mfu 1.77%
iter 1385: loss 21.9478, time 311.39ms, mfu 1.82%
iter 1386: loss 22.0802, time 548.69ms, mfu 1.77%
iter 1387: loss 21.9690, time 469.63ms, mfu 1.75%
iter 1388: loss 22.0502, time 673.55ms, mfu 1.68%
iter 1389: loss 22.2957, time 399.04ms, mfu 1.69%
iter 1390: loss 22.3097, time 623.53ms, mfu 1.64%
iter 1391: loss 22.3045, time 266.65ms, mfu 1.74%
iter 1392: loss 21.8519, time 435.85ms, mfu 1.73%
iter 1393: loss 21.6222, time 392.99ms, mfu 1.74%
iter 1394: loss 22.5465, time 539.70ms, mfu 1.70%
iter 1395: loss 21.9017, time 409.62ms, mfu 1.70%
iter 1396: loss 22.0497, time 535.22ms, mfu 1.67%
iter 1397: loss 22.0170, time 320.78ms, mfu 1.72%
iter 1398: loss 22.0898, time 332.96ms, mfu 1.77%
iter 1399: loss 22.1273, time 482.67ms, mfu 1.74%
iter 1400: loss 21.9966, time 685.86ms, mfu 1.67%
  === DIAG iter 1400 ===
  loss breakdown: text 0.2448 | num 4.3504 (lambda=5.0, mode=bins)
  grads: total 1.0000, transformer 0.4730, adapter 0.8251, num_head 0.3089
  nums: 892/3072 tokens (29.0%)
  lr: 4.20e-04
  layer_weights: [L0:0.081 L1:0.081 L2:0.081 L3:0.082 L4:0.083 L5:0.085 L6:0.085 L7:0.084 L8:0.084 L9:0.084 L10:0.084 L11:0.085]
iter 1401: loss 21.7014, time 268.92ms, mfu 1.77%
iter 1402: loss 22.2410, time 464.36ms, mfu 1.75%
iter 1403: loss 22.3039, time 493.70ms, mfu 1.72%
iter 1404: loss 22.0911, time 358.51ms, mfu 1.74%
iter 1405: loss 22.1269, time 544.03ms, mfu 1.70%
iter 1406: loss 21.6664, time 485.31ms, mfu 1.68%
iter 1407: loss 21.9407, time 516.82ms, mfu 1.65%
iter 1408: loss 22.1393, time 501.93ms, mfu 1.63%
iter 1409: loss 22.0318, time 470.95ms, mfu 1.62%
iter 1410: loss 22.2706, time 365.54ms, mfu 1.65%
iter 1411: loss 22.2889, time 547.71ms, mfu 1.62%
iter 1412: loss 21.8207, time 273.81ms, mfu 1.72%
iter 1413: loss 21.7157, time 526.37ms, mfu 1.68%
iter 1414: loss 21.7926, time 377.13ms, mfu 1.70%
iter 1415: loss 21.9778, time 484.97ms, mfu 1.68%
iter 1416: loss 22.4159, time 381.68ms, mfu 1.70%
iter 1417: loss 21.6602, time 585.04ms, mfu 1.65%
iter 1418: loss 22.1152, time 419.74ms, mfu 1.66%
iter 1419: loss 21.6429, time 376.76ms, mfu 1.68%
iter 1420: loss 21.6561, time 608.58ms, mfu 1.63%
iter 1421: loss 21.0545, time 450.53ms, mfu 1.63%
iter 1422: loss 21.5253, time 515.64ms, mfu 1.60%
iter 1423: loss 21.5906, time 378.44ms, mfu 1.63%
iter 1424: loss 22.1108, time 410.62ms, mfu 1.64%
iter 1425: loss 22.0547, time 394.06ms, mfu 1.66%
iter 1426: loss 21.7410, time 374.48ms, mfu 1.69%
iter 1427: loss 21.5888, time 634.76ms, mfu 1.63%
iter 1428: loss 21.8728, time 474.61ms, mfu 1.62%
iter 1429: loss 21.9347, time 558.93ms, mfu 1.59%
iter 1430: loss 21.2359, time 463.12ms, mfu 1.58%
iter 1431: loss 21.5936, time 385.67ms, mfu 1.61%
iter 1432: loss 22.0670, time 412.37ms, mfu 1.62%
iter 1433: loss 21.5652, time 487.57ms, mfu 1.61%
iter 1434: loss 21.9949, time 428.84ms, mfu 1.61%
iter 1435: loss 22.3701, time 344.82ms, mfu 1.66%
iter 1436: loss 21.7556, time 407.60ms, mfu 1.67%
iter 1437: loss 22.1439, time 451.56ms, mfu 1.66%
iter 1438: loss 20.9062, time 552.63ms, mfu 1.62%
iter 1439: loss 21.1559, time 344.43ms, mfu 1.67%
iter 1440: loss 21.8067, time 437.81ms, mfu 1.67%
iter 1441: loss 21.9543, time 405.18ms, mfu 1.68%
iter 1442: loss 21.5272, time 472.55ms, mfu 1.66%
iter 1443: loss 21.8186, time 373.44ms, mfu 1.69%
iter 1444: loss 21.8498, time 431.50ms, mfu 1.68%
iter 1445: loss 21.6199, time 504.01ms, mfu 1.66%
iter 1446: loss 21.6564, time 458.28ms, mfu 1.65%
iter 1447: loss 21.6456, time 486.12ms, mfu 1.63%
iter 1448: loss 22.0954, time 516.11ms, mfu 1.61%
iter 1449: loss 21.8966, time 427.15ms, mfu 1.61%
iter 1450: loss 21.4870, time 352.45ms, mfu 1.66%
iter 1451: loss 21.3612, time 444.59ms, mfu 1.65%
iter 1452: loss 22.2794, time 454.60ms, mfu 1.64%
iter 1453: loss 21.9700, time 540.36ms, mfu 1.61%
iter 1454: loss 21.6486, time 316.93ms, mfu 1.68%
iter 1455: loss 21.8501, time 431.82ms, mfu 1.68%
iter 1456: loss 21.7133, time 397.54ms, mfu 1.69%
iter 1457: loss 21.7301, time 465.71ms, mfu 1.67%
iter 1458: loss 21.8497, time 305.04ms, mfu 1.74%
iter 1459: loss 22.1981, time 467.73ms, mfu 1.72%
iter 1460: loss 21.6801, time 385.00ms, mfu 1.73%
iter 1461: loss 21.4433, time 334.86ms, mfu 1.77%
iter 1462: loss 22.1020, time 525.50ms, mfu 1.73%
iter 1463: loss 22.2140, time 343.11ms, mfu 1.77%
iter 1464: loss 21.1377, time 409.24ms, mfu 1.77%
iter 1465: loss 21.4297, time 505.91ms, mfu 1.73%
iter 1466: loss 21.7879, time 419.85ms, mfu 1.73%
iter 1467: loss 21.7236, time 497.99ms, mfu 1.70%
iter 1468: loss 21.6007, time 464.68ms, mfu 1.68%
iter 1469: loss 21.5917, time 370.40ms, mfu 1.71%
iter 1470: loss 21.4368, time 325.38ms, mfu 1.76%
iter 1471: loss 21.9717, time 487.20ms, mfu 1.73%
iter 1472: loss 22.0198, time 526.25ms, mfu 1.69%
iter 1473: loss 21.8947, time 491.35ms, mfu 1.67%
iter 1474: loss 21.6446, time 477.53ms, mfu 1.65%
iter 1475: loss 22.0287, time 448.42ms, mfu 1.65%
iter 1476: loss 22.1903, time 375.17ms, mfu 1.67%
iter 1477: loss 21.9528, time 423.27ms, mfu 1.68%
iter 1478: loss 22.2948, time 454.08ms, mfu 1.67%
iter 1479: loss 21.9936, time 537.48ms, mfu 1.63%
iter 1480: loss 21.9770, time 423.56ms, mfu 1.64%
iter 1481: loss 21.8420, time 421.36ms, mfu 1.64%
iter 1482: loss 21.9843, time 338.37ms, mfu 1.69%
iter 1483: loss 21.7009, time 459.42ms, mfu 1.68%
iter 1484: loss 21.8280, time 324.16ms, mfu 1.73%
iter 1485: loss 21.2873, time 410.61ms, mfu 1.73%
iter 1486: loss 22.3980, time 533.19ms, mfu 1.69%
iter 1487: loss 21.9605, time 473.25ms, mfu 1.68%
iter 1488: loss 21.7129, time 505.79ms, mfu 1.65%
iter 1489: loss 21.8478, time 449.51ms, mfu 1.64%
iter 1490: loss 22.1528, time 287.35ms, mfu 1.73%
iter 1491: loss 21.8710, time 353.43ms, mfu 1.76%
iter 1492: loss 21.6350, time 383.01ms, mfu 1.77%
iter 1493: loss 21.5282, time 481.23ms, mfu 1.74%
iter 1494: loss 22.4721, time 345.92ms, mfu 1.78%
iter 1495: loss 22.2691, time 519.88ms, mfu 1.74%
iter 1496: loss 22.2391, time 561.66ms, mfu 1.69%
iter 1497: loss 22.2614, time 397.32ms, mfu 1.70%
iter 1498: loss 22.2090, time 438.53ms, mfu 1.69%
iter 1499: loss 21.9329, time 469.73ms, mfu 1.68%
iter 1500: loss 21.5065, time 759.52ms, mfu 1.60%
  === DIAG iter 1500 ===
  loss breakdown: text 0.2479 | num 4.2517 (lambda=5.0, mode=bins)
  grads: total 1.0000, transformer 0.4814, adapter 0.8432, num_head 0.2391
  nums: 879/3072 tokens (28.6%)
  lr: 4.50e-04
  layer_weights: [L0:0.081 L1:0.081 L2:0.081 L3:0.082 L4:0.084 L5:0.085 L6:0.085 L7:0.085 L8:0.085 L9:0.084 L10:0.085 L11:0.085]
iter 1501: loss 22.2031, time 285.63ms, mfu 1.69%
iter 1502: loss 22.1232, time 454.48ms, mfu 1.68%
iter 1503: loss 21.8902, time 341.96ms, mfu 1.72%
iter 1504: loss 21.4483, time 437.15ms, mfu 1.72%
iter 1505: loss 22.3414, time 345.84ms, mfu 1.75%
iter 1506: loss 21.8443, time 459.63ms, mfu 1.73%
iter 1507: loss 21.8864, time 378.00ms, mfu 1.75%
iter 1508: loss 21.8966, time 386.50ms, mfu 1.76%
iter 1509: loss 21.8032, time 402.69ms, mfu 1.76%
iter 1510: loss 21.8068, time 338.89ms, mfu 1.80%
iter 1511: loss 21.5374, time 339.63ms, mfu 1.83%
iter 1512: loss 21.3737, time 466.83ms, mfu 1.80%
iter 1513: loss 21.8489, time 421.77ms, mfu 1.79%
iter 1514: loss 21.6115, time 458.42ms, mfu 1.77%
iter 1515: loss 21.8227, time 405.80ms, mfu 1.77%
iter 1516: loss 21.9723, time 419.02ms, mfu 1.76%
iter 1517: loss 22.3112, time 488.14ms, mfu 1.73%
iter 1518: loss 22.0146, time 514.02ms, mfu 1.70%
iter 1519: loss 21.8336, time 496.36ms, mfu 1.67%
iter 1520: loss 22.0373, time 523.88ms, mfu 1.64%
iter 1521: loss 21.5196, time 495.29ms, mfu 1.62%
iter 1522: loss 22.3591, time 535.87ms, mfu 1.59%
iter 1523: loss 22.0217, time 434.75ms, mfu 1.60%
iter 1524: loss 21.6154, time 513.08ms, mfu 1.58%
iter 1525: loss 21.9036, time 515.28ms, mfu 1.56%
iter 1526: loss 21.2945, time 364.22ms, mfu 1.60%
iter 1527: loss 21.2834, time 443.09ms, mfu 1.60%
iter 1528: loss 22.0712, time 336.41ms, mfu 1.65%
iter 1529: loss 22.4207, time 459.48ms, mfu 1.65%
iter 1530: loss 22.0136, time 416.53ms, mfu 1.65%
iter 1531: loss 21.8778, time 320.74ms, mfu 1.71%
iter 1532: loss 21.9970, time 474.78ms, mfu 1.69%
iter 1533: loss 22.4951, time 512.38ms, mfu 1.66%
iter 1534: loss 22.0021, time 375.62ms, mfu 1.69%
iter 1535: loss 21.7340, time 562.58ms, mfu 1.64%
iter 1536: loss 21.7288, time 517.61ms, mfu 1.62%
iter 1537: loss 21.8569, time 470.67ms, mfu 1.61%
iter 1538: loss 21.6394, time 443.49ms, mfu 1.61%
iter 1539: loss 21.6871, time 346.29ms, mfu 1.66%
iter 1540: loss 21.8776, time 490.57ms, mfu 1.64%
iter 1541: loss 21.6383, time 547.41ms, mfu 1.60%
iter 1542: loss 21.9931, time 425.50ms, mfu 1.61%
iter 1543: loss 22.1110, time 506.36ms, mfu 1.59%
iter 1544: loss 21.1502, time 469.62ms, mfu 1.59%
iter 1545: loss 22.2100, time 511.43ms, mfu 1.57%
iter 1546: loss 21.8877, time 409.28ms, mfu 1.59%
iter 1547: loss 22.0192, time 494.04ms, mfu 1.57%
iter 1548: loss 21.3934, time 459.00ms, mfu 1.57%
iter 1549: loss 21.8840, time 333.23ms, mfu 1.63%
iter 1550: loss 21.7484, time 457.95ms, mfu 1.62%
iter 1551: loss 21.2341, time 257.92ms, mfu 1.74%
iter 1552: loss 21.9489, time 376.25ms, mfu 1.75%
iter 1553: loss 22.1739, time 440.49ms, mfu 1.74%
iter 1554: loss 22.5938, time 534.11ms, mfu 1.70%
iter 1555: loss 21.8713, time 431.49ms, mfu 1.70%
iter 1556: loss 22.0355, time 377.70ms, mfu 1.72%
iter 1557: loss 21.6245, time 617.90ms, mfu 1.66%
iter 1558: loss 21.8729, time 389.30ms, mfu 1.68%
iter 1559: loss 21.2790, time 475.15ms, mfu 1.66%
iter 1560: loss 22.0483, time 423.02ms, mfu 1.67%
iter 1561: loss 21.6911, time 440.00ms, mfu 1.66%
iter 1562: loss 21.6791, time 524.17ms, mfu 1.63%
iter 1563: loss 22.1188, time 541.00ms, mfu 1.60%
iter 1564: loss 21.5765, time 486.71ms, mfu 1.59%
iter 1565: loss 21.8642, time 531.14ms, mfu 1.56%
iter 1566: loss 21.5362, time 574.67ms, mfu 1.53%
iter 1567: loss 21.6689, time 420.32ms, mfu 1.55%
iter 1568: loss 21.8326, time 530.18ms, mfu 1.53%
iter 1569: loss 21.8103, time 435.58ms, mfu 1.54%
iter 1570: loss 22.0186, time 536.55ms, mfu 1.52%
iter 1571: loss 21.9612, time 393.51ms, mfu 1.55%
iter 1572: loss 21.7789, time 389.74ms, mfu 1.58%
iter 1573: loss 21.5658, time 489.89ms, mfu 1.57%
iter 1574: loss 21.4568, time 391.21ms, mfu 1.59%
iter 1575: loss 22.2776, time 521.56ms, mfu 1.57%
iter 1576: loss 21.4770, time 403.67ms, mfu 1.59%
iter 1577: loss 21.4709, time 400.62ms, mfu 1.61%
iter 1578: loss 21.5739, time 377.38ms, mfu 1.64%
iter 1579: loss 21.6809, time 460.08ms, mfu 1.63%
iter 1580: loss 21.4456, time 376.74ms, mfu 1.66%
iter 1581: loss 21.7211, time 427.52ms, mfu 1.66%
iter 1582: loss 21.4652, time 513.85ms, mfu 1.63%
iter 1583: loss 21.3799, time 486.18ms, mfu 1.62%
iter 1584: loss 21.9981, time 458.15ms, mfu 1.61%
iter 1585: loss 21.0909, time 535.05ms, mfu 1.59%
iter 1586: loss 21.5473, time 373.38ms, mfu 1.62%
iter 1587: loss 21.5123, time 419.82ms, mfu 1.63%
iter 1588: loss 21.3584, time 485.24ms, mfu 1.61%
iter 1589: loss 21.5929, time 446.12ms, mfu 1.61%
iter 1590: loss 22.2193, time 447.11ms, mfu 1.61%
iter 1591: loss 21.5608, time 514.53ms, mfu 1.59%
iter 1592: loss 21.6819, time 480.24ms, mfu 1.58%
iter 1593: loss 21.4029, time 523.30ms, mfu 1.56%
iter 1594: loss 20.8355, time 459.33ms, mfu 1.56%
iter 1595: loss 22.1029, time 410.35ms, mfu 1.58%
iter 1596: loss 21.3472, time 447.97ms, mfu 1.58%
iter 1597: loss 21.7137, time 582.46ms, mfu 1.54%
iter 1598: loss 22.2748, time 376.49ms, mfu 1.58%
iter 1599: loss 22.1523, time 405.78ms, mfu 1.60%
iter 1600: loss 21.3966, time 660.26ms, mfu 1.55%
  === DIAG iter 1600 ===
  loss breakdown: text 0.2438 | num 4.2306 (lambda=5.0, mode=bins)
  grads: total 1.0000, transformer 0.6449, adapter 0.7102, num_head 0.2824
  nums: 862/3072 tokens (28.1%)
  lr: 4.80e-04
  layer_weights: [L0:0.080 L1:0.080 L2:0.080 L3:0.081 L4:0.084 L5:0.086 L6:0.085 L7:0.085 L8:0.085 L9:0.085 L10:0.085 L11:0.085]
iter 1601: loss 21.8393, time 209.42ms, mfu 1.73%
iter 1602: loss 21.3983, time 516.88ms, mfu 1.70%
iter 1603: loss 21.6143, time 465.53ms, mfu 1.68%
iter 1604: loss 21.8657, time 440.93ms, mfu 1.68%
iter 1605: loss 22.5106, time 359.64ms, mfu 1.71%
iter 1606: loss 22.2742, time 349.43ms, mfu 1.74%
iter 1607: loss 21.5878, time 358.84ms, mfu 1.77%
iter 1608: loss 21.6081, time 443.68ms, mfu 1.75%
iter 1609: loss 21.4182, time 420.69ms, mfu 1.75%
iter 1610: loss 21.5872, time 449.26ms, mfu 1.73%
iter 1611: loss 21.8435, time 483.44ms, mfu 1.71%
iter 1612: loss 21.3614, time 442.85ms, mfu 1.70%
iter 1613: loss 21.3322, time 465.86ms, mfu 1.68%
iter 1614: loss 21.1496, time 229.00ms, mfu 1.83%
iter 1615: loss 21.4785, time 481.66ms, mfu 1.79%
iter 1616: loss 21.3205, time 400.50ms, mfu 1.79%
iter 1617: loss 21.4359, time 354.21ms, mfu 1.82%
iter 1618: loss 21.3340, time 409.36ms, mfu 1.81%
iter 1619: loss 21.5739, time 393.67ms, mfu 1.81%
iter 1620: loss 21.2357, time 472.52ms, mfu 1.78%
iter 1621: loss 21.7249, time 519.23ms, mfu 1.74%
iter 1622: loss 20.7858, time 513.73ms, mfu 1.71%
iter 1623: loss 21.4205, time 457.28ms, mfu 1.69%
iter 1624: loss 21.5441, time 408.81ms, mfu 1.70%
iter 1625: loss 21.4954, time 569.88ms, mfu 1.65%
iter 1626: loss 21.5433, time 501.82ms, mfu 1.63%
iter 1627: loss 20.9319, time 390.46ms, mfu 1.65%
iter 1628: loss 21.7116, time 395.39ms, mfu 1.67%
iter 1629: loss 21.0559, time 426.11ms, mfu 1.67%
iter 1630: loss 22.2056, time 440.87ms, mfu 1.66%
iter 1631: loss 21.9809, time 324.97ms, mfu 1.72%
iter 1632: loss 22.1106, time 506.19ms, mfu 1.69%
iter 1633: loss 22.3900, time 505.07ms, mfu 1.66%
iter 1634: loss 22.8048, time 308.17ms, mfu 1.73%
iter 1635: loss 22.1030, time 483.71ms, mfu 1.70%
iter 1636: loss 21.6233, time 270.80ms, mfu 1.80%
iter 1637: loss 21.5392, time 397.85ms, mfu 1.80%
iter 1638: loss 21.8952, time 372.93ms, mfu 1.81%
iter 1639: loss 22.1990, time 395.23ms, mfu 1.81%
iter 1640: loss 22.5030, time 369.49ms, mfu 1.82%
iter 1641: loss 21.3182, time 444.70ms, mfu 1.80%
iter 1642: loss 21.7753, time 382.34ms, mfu 1.81%
iter 1643: loss 21.8929, time 465.02ms, mfu 1.78%
iter 1644: loss 21.8720, time 469.83ms, mfu 1.76%
iter 1645: loss 22.0611, time 250.45ms, mfu 1.87%
iter 1646: loss 21.6972, time 526.83ms, mfu 1.82%
iter 1647: loss 22.3208, time 484.88ms, mfu 1.78%
iter 1648: loss 22.0493, time 455.15ms, mfu 1.76%
iter 1649: loss 21.8737, time 337.50ms, mfu 1.80%
iter 1650: loss 21.8723, time 468.77ms, mfu 1.77%
iter 1651: loss 22.4736, time 623.53ms, mfu 1.71%
iter 1652: loss 22.1128, time 533.49ms, mfu 1.67%
iter 1653: loss 22.0102, time 513.97ms, mfu 1.64%
iter 1654: loss 21.5274, time 451.13ms, mfu 1.64%
iter 1655: loss 21.4416, time 457.01ms, mfu 1.63%
iter 1656: loss 21.7815, time 519.10ms, mfu 1.61%
iter 1657: loss 21.7390, time 559.25ms, mfu 1.57%
iter 1658: loss 21.9646, time 435.87ms, mfu 1.58%
iter 1659: loss 21.8318, time 615.79ms, mfu 1.54%
iter 1660: loss 21.6677, time 424.28ms, mfu 1.55%
iter 1661: loss 21.5300, time 540.24ms, mfu 1.53%
iter 1662: loss 22.0663, time 500.54ms, mfu 1.52%
iter 1663: loss 21.9168, time 366.10ms, mfu 1.56%
iter 1664: loss 21.4541, time 489.36ms, mfu 1.55%
iter 1665: loss 21.9421, time 503.86ms, mfu 1.54%
iter 1666: loss 21.3430, time 433.70ms, mfu 1.55%
iter 1667: loss 21.7646, time 529.66ms, mfu 1.53%
iter 1668: loss 21.8562, time 326.38ms, mfu 1.60%
iter 1669: loss 22.1949, time 494.59ms, mfu 1.58%
iter 1670: loss 22.0428, time 365.14ms, mfu 1.62%
iter 1671: loss 21.5095, time 252.67ms, mfu 1.74%
iter 1672: loss 21.8873, time 468.38ms, mfu 1.72%
iter 1673: loss 21.5756, time 470.05ms, mfu 1.70%
iter 1674: loss 21.7480, time 513.16ms, mfu 1.67%
iter 1675: loss 21.2358, time 581.91ms, mfu 1.63%
iter 1676: loss 21.6919, time 376.24ms, mfu 1.66%
iter 1677: loss 21.8867, time 457.98ms, mfu 1.65%
iter 1678: loss 21.7127, time 528.18ms, mfu 1.62%
iter 1679: loss 21.8995, time 555.66ms, mfu 1.58%
iter 1680: loss 21.8378, time 470.26ms, mfu 1.58%
iter 1681: loss 22.3850, time 434.80ms, mfu 1.59%
iter 1682: loss 21.8227, time 486.93ms, mfu 1.57%
iter 1683: loss 21.8185, time 455.31ms, mfu 1.57%
iter 1684: loss 21.5383, time 340.08ms, mfu 1.63%
iter 1685: loss 21.7092, time 582.19ms, mfu 1.59%
iter 1686: loss 21.0521, time 288.20ms, mfu 1.68%
iter 1687: loss 21.4779, time 468.72ms, mfu 1.66%
iter 1688: loss 21.6947, time 349.31ms, mfu 1.70%
iter 1689: loss 21.6471, time 350.85ms, mfu 1.74%
iter 1690: loss 21.7766, time 425.40ms, mfu 1.73%
iter 1691: loss 21.3438, time 525.39ms, mfu 1.69%
iter 1692: loss 20.8683, time 532.09ms, mfu 1.66%
iter 1693: loss 21.7577, time 432.41ms, mfu 1.66%
iter 1694: loss 21.2193, time 393.95ms, mfu 1.67%
iter 1695: loss 21.2726, time 293.18ms, mfu 1.75%
iter 1696: loss 21.6679, time 383.13ms, mfu 1.76%
iter 1697: loss 21.5183, time 444.29ms, mfu 1.75%
iter 1698: loss 20.8366, time 537.79ms, mfu 1.71%
iter 1699: loss 21.4460, time 330.78ms, mfu 1.75%
iter 1700: loss 21.5758, time 557.34ms, mfu 1.71%
  === DIAG iter 1700 ===
  loss breakdown: text 0.2476 | num 4.2656 (lambda=5.0, mode=bins)
  grads: total 1.0000, transformer 0.4301, adapter 0.8232, num_head 0.3707
  nums: 894/3072 tokens (29.1%)
  lr: 5.10e-04
  layer_weights: [L0:0.080 L1:0.080 L2:0.080 L3:0.081 L4:0.084 L5:0.087 L6:0.085 L7:0.085 L8:0.085 L9:0.084 L10:0.084 L11:0.085]
iter 1701: loss 21.2502, time 213.04ms, mfu 1.87%
iter 1702: loss 22.0958, time 520.34ms, mfu 1.82%
iter 1703: loss 21.5048, time 268.01ms, mfu 1.91%
iter 1704: loss 21.7655, time 479.10ms, mfu 1.87%
iter 1705: loss 21.8643, time 420.37ms, mfu 1.85%
iter 1706: loss 21.3168, time 496.62ms, mfu 1.81%
iter 1707: loss 21.8629, time 455.25ms, mfu 1.79%
iter 1708: loss 21.5319, time 351.00ms, mfu 1.81%
iter 1709: loss 21.5228, time 531.33ms, mfu 1.76%
iter 1710: loss 20.9089, time 368.22ms, mfu 1.78%
iter 1711: loss 21.7680, time 577.45ms, mfu 1.73%
iter 1712: loss 22.0243, time 366.74ms, mfu 1.75%
iter 1713: loss 21.9597, time 459.69ms, mfu 1.73%
iter 1714: loss 21.2610, time 478.10ms, mfu 1.71%
iter 1715: loss 21.9393, time 473.21ms, mfu 1.69%
iter 1716: loss 22.5210, time 350.11ms, mfu 1.72%
iter 1717: loss 21.8178, time 415.41ms, mfu 1.72%
iter 1718: loss 22.1925, time 432.26ms, mfu 1.72%
iter 1719: loss 22.1490, time 406.07ms, mfu 1.72%
iter 1720: loss 21.5856, time 415.27ms, mfu 1.72%
iter 1721: loss 22.0192, time 560.90ms, mfu 1.68%
iter 1722: loss 21.7884, time 350.36ms, mfu 1.72%
iter 1723: loss 21.7612, time 355.43ms, mfu 1.75%
iter 1724: loss 22.0552, time 545.27ms, mfu 1.70%
iter 1725: loss 22.1304, time 382.63ms, mfu 1.72%
iter 1726: loss 21.5939, time 401.93ms, mfu 1.73%
iter 1727: loss 21.6671, time 484.78ms, mfu 1.70%
iter 1728: loss 21.2800, time 457.93ms, mfu 1.69%
iter 1729: loss 22.2168, time 336.14ms, mfu 1.73%
iter 1730: loss 21.5402, time 565.18ms, mfu 1.69%
iter 1731: loss 22.1194, time 415.75ms, mfu 1.69%
iter 1732: loss 22.1530, time 461.79ms, mfu 1.68%
iter 1733: loss 21.8936, time 467.77ms, mfu 1.66%
iter 1734: loss 22.3778, time 578.84ms, mfu 1.62%
iter 1735: loss 21.7799, time 370.19ms, mfu 1.65%
iter 1736: loss 21.7634, time 381.13ms, mfu 1.67%
iter 1737: loss 22.0760, time 400.87ms, mfu 1.68%
iter 1738: loss 21.5010, time 428.74ms, mfu 1.68%
iter 1739: loss 21.7407, time 371.85ms, mfu 1.71%
iter 1740: loss 22.1551, time 420.59ms, mfu 1.71%
iter 1741: loss 21.2047, time 455.40ms, mfu 1.69%
iter 1742: loss 21.4026, time 434.71ms, mfu 1.69%
iter 1743: loss 21.6318, time 408.35ms, mfu 1.70%
iter 1744: loss 21.3488, time 516.65ms, mfu 1.66%
iter 1745: loss 21.5701, time 322.63ms, mfu 1.72%
iter 1746: loss 21.6794, time 448.88ms, mfu 1.71%
iter 1747: loss 21.6342, time 502.39ms, mfu 1.68%
iter 1748: loss 21.3244, time 456.99ms, mfu 1.67%
iter 1749: loss 21.6268, time 392.30ms, mfu 1.68%
iter 1750: loss 20.6923, time 499.72ms, mfu 1.66%
iter 1751: loss 21.7362, time 505.00ms, mfu 1.64%
iter 1752: loss 21.4533, time 346.69ms, mfu 1.68%
iter 1753: loss 22.3152, time 424.65ms, mfu 1.68%
iter 1754: loss 21.4216, time 325.09ms, mfu 1.73%
iter 1755: loss 21.1618, time 512.23ms, mfu 1.70%
iter 1756: loss 21.0766, time 389.27ms, mfu 1.71%
iter 1757: loss 21.2107, time 610.18ms, mfu 1.66%
iter 1758: loss 21.3897, time 438.14ms, mfu 1.66%
iter 1759: loss 21.9695, time 320.91ms, mfu 1.71%
iter 1760: loss 21.9205, time 497.81ms, mfu 1.69%
iter 1761: loss 21.6466, time 563.93ms, mfu 1.65%
iter 1762: loss 22.1830, time 447.93ms, mfu 1.64%
iter 1763: loss 21.4299, time 385.13ms, mfu 1.66%
iter 1764: loss 21.8266, time 636.02ms, mfu 1.61%
iter 1765: loss 21.5681, time 208.85ms, mfu 1.79%
iter 1766: loss 21.6804, time 405.03ms, mfu 1.79%
iter 1767: loss 21.8731, time 520.71ms, mfu 1.75%
iter 1768: loss 21.0575, time 475.47ms, mfu 1.72%
iter 1769: loss 21.1912, time 312.47ms, mfu 1.78%
iter 1770: loss 21.4043, time 398.15ms, mfu 1.78%
iter 1771: loss 21.4291, time 472.36ms, mfu 1.76%
iter 1772: loss 21.9659, time 337.45ms, mfu 1.79%
iter 1773: loss 21.2990, time 491.84ms, mfu 1.76%
iter 1774: loss 22.2518, time 374.66ms, mfu 1.77%
iter 1775: loss 21.9621, time 329.76ms, mfu 1.81%
iter 1776: loss 21.5741, time 440.78ms, mfu 1.80%
iter 1777: loss 22.0684, time 477.14ms, mfu 1.77%
iter 1778: loss 21.9019, time 423.32ms, mfu 1.76%
iter 1779: loss 21.7482, time 325.07ms, mfu 1.80%
iter 1780: loss 20.8729, time 481.87ms, mfu 1.77%
iter 1781: loss 21.5548, time 567.57ms, mfu 1.72%
iter 1782: loss 21.7451, time 434.05ms, mfu 1.71%
iter 1783: loss 21.3332, time 352.52ms, mfu 1.75%
iter 1784: loss 21.9313, time 453.31ms, mfu 1.73%
iter 1785: loss 21.6642, time 362.97ms, mfu 1.75%
iter 1786: loss 21.3458, time 417.40ms, mfu 1.75%
iter 1787: loss 21.3619, time 389.76ms, mfu 1.76%
iter 1788: loss 21.0107, time 352.33ms, mfu 1.79%
iter 1789: loss 22.0389, time 521.47ms, mfu 1.74%
iter 1790: loss 21.8929, time 366.02ms, mfu 1.77%
iter 1791: loss 21.0009, time 434.95ms, mfu 1.75%
iter 1792: loss 21.3345, time 433.49ms, mfu 1.74%
iter 1793: loss 21.1325, time 369.79ms, mfu 1.76%
iter 1794: loss 21.1967, time 357.87ms, mfu 1.79%
iter 1795: loss 21.1865, time 413.29ms, mfu 1.78%
iter 1796: loss 21.2127, time 286.88ms, mfu 1.85%
iter 1797: loss 21.5595, time 428.39ms, mfu 1.84%
iter 1798: loss 21.8071, time 413.28ms, mfu 1.83%
iter 1799: loss 21.8634, time 439.60ms, mfu 1.81%
iter 1800: loss 21.8907, time 608.82ms, mfu 1.74%
  === DIAG iter 1800 ===
  loss breakdown: text 0.2387 | num 4.3304 (lambda=5.0, mode=bins)
  grads: total 1.0000, transformer 0.4379, adapter 0.8737, num_head 0.2117
  nums: 875/3072 tokens (28.5%)
  lr: 5.40e-04
  layer_weights: [L0:0.080 L1:0.080 L2:0.080 L3:0.081 L4:0.084 L5:0.087 L6:0.085 L7:0.085 L8:0.085 L9:0.084 L10:0.084 L11:0.084]
iter 1801: loss 21.4400, time 266.82ms, mfu 1.84%
iter 1802: loss 21.4250, time 450.03ms, mfu 1.81%
iter 1803: loss 21.7282, time 536.18ms, mfu 1.76%
iter 1804: loss 21.1824, time 336.10ms, mfu 1.80%
iter 1805: loss 22.0131, time 431.60ms, mfu 1.79%
iter 1806: loss 21.5687, time 477.60ms, mfu 1.76%
iter 1807: loss 21.5496, time 487.80ms, mfu 1.73%
iter 1808: loss 21.3439, time 333.55ms, mfu 1.77%
iter 1809: loss 20.8886, time 479.40ms, mfu 1.74%
iter 1810: loss 22.0305, time 418.08ms, mfu 1.74%
iter 1811: loss 21.3153, time 357.64ms, mfu 1.77%
iter 1812: loss 21.7231, time 405.62ms, mfu 1.77%
iter 1813: loss 21.2074, time 411.38ms, mfu 1.76%
iter 1814: loss 21.6500, time 586.79ms, mfu 1.71%
iter 1815: loss 21.6563, time 438.14ms, mfu 1.70%
iter 1816: loss 20.8518, time 507.03ms, mfu 1.67%
iter 1817: loss 21.4736, time 476.33ms, mfu 1.66%
iter 1818: loss 21.4253, time 478.42ms, mfu 1.64%
iter 1819: loss 21.8232, time 354.31ms, mfu 1.68%
iter 1820: loss 21.2935, time 330.23ms, mfu 1.73%
iter 1821: loss 21.4022, time 467.78ms, mfu 1.71%
iter 1822: loss 21.2698, time 467.31ms, mfu 1.69%
iter 1823: loss 21.7237, time 557.76ms, mfu 1.65%
iter 1824: loss 21.6991, time 474.97ms, mfu 1.64%
iter 1825: loss 21.4799, time 601.66ms, mfu 1.59%
iter 1826: loss 21.4501, time 340.71ms, mfu 1.64%
iter 1827: loss 21.4306, time 468.54ms, mfu 1.63%
iter 1828: loss 21.2380, time 294.67ms, mfu 1.71%
iter 1829: loss 20.8841, time 432.65ms, mfu 1.71%
iter 1830: loss 21.8000, time 471.86ms, mfu 1.69%
iter 1831: loss 21.1569, time 596.65ms, mfu 1.64%
iter 1832: loss 21.5482, time 394.90ms, mfu 1.66%
iter 1833: loss 21.2626, time 399.43ms, mfu 1.67%
iter 1834: loss 21.1997, time 487.67ms, mfu 1.65%
iter 1835: loss 21.3442, time 469.89ms, mfu 1.64%
iter 1836: loss 21.8140, time 484.63ms, mfu 1.62%
iter 1837: loss 21.5191, time 427.11ms, mfu 1.63%
iter 1838: loss 21.4840, time 393.56ms, mfu 1.65%
iter 1839: loss 21.7713, time 273.10ms, mfu 1.74%
iter 1840: loss 21.1293, time 654.48ms, mfu 1.68%
iter 1841: loss 21.6095, time 399.87ms, mfu 1.69%
iter 1842: loss 20.4258, time 551.05ms, mfu 1.65%
iter 1843: loss 21.4614, time 407.94ms, mfu 1.66%
iter 1844: loss 20.5528, time 469.24ms, mfu 1.65%
iter 1845: loss 21.5229, time 541.49ms, mfu 1.62%
iter 1846: loss 21.2025, time 354.86ms, mfu 1.66%
iter 1847: loss 21.3305, time 474.82ms, mfu 1.64%
iter 1848: loss 21.7527, time 356.04ms, mfu 1.68%
iter 1849: loss 21.4854, time 351.50ms, mfu 1.71%
iter 1850: loss 21.4831, time 363.00ms, mfu 1.74%
iter 1851: loss 21.0954, time 508.27ms, mfu 1.71%
iter 1852: loss 21.4397, time 320.94ms, mfu 1.76%
iter 1853: loss 21.3019, time 309.22ms, mfu 1.82%
iter 1854: loss 20.9414, time 441.95ms, mfu 1.80%
iter 1855: loss 20.9453, time 368.82ms, mfu 1.81%
iter 1856: loss 21.4057, time 383.22ms, mfu 1.82%
iter 1857: loss 21.7150, time 515.85ms, mfu 1.77%
iter 1858: loss 21.3517, time 385.66ms, mfu 1.78%
iter 1859: loss 21.6699, time 566.44ms, mfu 1.73%
iter 1860: loss 21.9061, time 386.10ms, mfu 1.74%
iter 1861: loss 21.9834, time 449.16ms, mfu 1.73%
iter 1862: loss 21.3517, time 532.16ms, mfu 1.69%
iter 1863: loss 21.9894, time 411.91ms, mfu 1.70%
iter 1864: loss 21.6023, time 459.09ms, mfu 1.68%
iter 1865: loss 22.4552, time 510.75ms, mfu 1.65%
iter 1866: loss 21.9700, time 284.67ms, mfu 1.74%
iter 1867: loss 21.6709, time 403.93ms, mfu 1.74%
iter 1868: loss 21.8870, time 658.96ms, mfu 1.68%
iter 1869: loss 21.9839, time 485.57ms, mfu 1.66%
iter 1870: loss 21.1226, time 414.77ms, mfu 1.66%
iter 1871: loss 21.4658, time 440.37ms, mfu 1.66%
iter 1872: loss 21.9836, time 353.38ms, mfu 1.70%
iter 1873: loss 21.6499, time 378.16ms, mfu 1.72%
iter 1874: loss 21.4515, time 456.88ms, mfu 1.70%
iter 1875: loss 21.8286, time 451.14ms, mfu 1.69%
iter 1876: loss 21.9635, time 428.12ms, mfu 1.69%
iter 1877: loss 21.9522, time 443.63ms, mfu 1.68%
iter 1878: loss 21.4143, time 442.03ms, mfu 1.68%
iter 1879: loss 21.4604, time 467.64ms, mfu 1.66%
iter 1880: loss 21.2587, time 405.30ms, mfu 1.67%
iter 1881: loss 21.4232, time 410.65ms, mfu 1.68%
iter 1882: loss 21.7372, time 451.87ms, mfu 1.67%
iter 1883: loss 21.5948, time 445.79ms, mfu 1.66%
iter 1884: loss 21.7659, time 353.25ms, mfu 1.70%
iter 1885: loss 21.5934, time 411.75ms, mfu 1.70%
iter 1886: loss 21.5431, time 493.49ms, mfu 1.68%
iter 1887: loss 21.7749, time 293.36ms, mfu 1.76%
iter 1888: loss 21.6970, time 511.88ms, mfu 1.72%
iter 1889: loss 21.1704, time 510.10ms, mfu 1.69%
iter 1890: loss 21.8606, time 493.87ms, mfu 1.66%
iter 1891: loss 21.8812, time 422.14ms, mfu 1.67%
iter 1892: loss 21.4384, time 408.24ms, mfu 1.68%
iter 1893: loss 21.4751, time 445.55ms, mfu 1.67%
iter 1894: loss 21.7560, time 431.04ms, mfu 1.67%
iter 1895: loss 21.5871, time 492.37ms, mfu 1.65%
iter 1896: loss 21.6177, time 368.90ms, mfu 1.68%
iter 1897: loss 21.3382, time 442.06ms, mfu 1.67%
iter 1898: loss 20.7895, time 463.00ms, mfu 1.66%
iter 1899: loss 20.5382, time 436.31ms, mfu 1.66%
iter 1900: loss 21.1395, time 684.17ms, mfu 1.60%
  === DIAG iter 1900 ===
  loss breakdown: text 0.2383 | num 4.1802 (lambda=5.0, mode=bins)
  grads: total 1.0000, transformer 0.3143, adapter 0.9371, num_head 0.1520
  nums: 853/3072 tokens (27.8%)
  lr: 5.70e-04
  layer_weights: [L0:0.080 L1:0.080 L2:0.080 L3:0.081 L4:0.084 L5:0.088 L6:0.085 L7:0.085 L8:0.084 L9:0.084 L10:0.084 L11:0.084]
iter 1901: loss 21.9931, time 208.70ms, mfu 1.78%
iter 1902: loss 21.3754, time 486.37ms, mfu 1.75%
iter 1903: loss 20.9273, time 352.99ms, mfu 1.78%
iter 1904: loss 21.0827, time 434.92ms, mfu 1.76%
iter 1905: loss 20.8756, time 461.36ms, mfu 1.74%
iter 1906: loss 21.3019, time 455.23ms, mfu 1.73%
iter 1907: loss 21.4687, time 495.15ms, mfu 1.70%
iter 1908: loss 21.4029, time 395.63ms, mfu 1.71%
iter 1909: loss 21.1588, time 513.18ms, mfu 1.68%
iter 1910: loss 20.8844, time 296.56ms, mfu 1.75%
iter 1911: loss 21.6083, time 493.64ms, mfu 1.72%
iter 1912: loss 21.4894, time 362.24ms, mfu 1.75%
iter 1913: loss 21.1423, time 385.28ms, mfu 1.76%
iter 1914: loss 22.0491, time 406.40ms, mfu 1.76%
iter 1915: loss 21.7292, time 533.20ms, mfu 1.72%
iter 1916: loss 21.7406, time 445.65ms, mfu 1.71%
iter 1917: loss 21.3060, time 407.89ms, mfu 1.71%
iter 1918: loss 21.0382, time 421.88ms, mfu 1.71%
iter 1919: loss 21.2287, time 462.95ms, mfu 1.69%
iter 1920: loss 21.3316, time 513.68ms, mfu 1.66%
iter 1921: loss 20.9791, time 393.04ms, mfu 1.68%
iter 1922: loss 21.1329, time 567.54ms, mfu 1.64%
iter 1923: loss 21.6416, time 579.34ms, mfu 1.60%
iter 1924: loss 21.8115, time 430.46ms, mfu 1.60%
iter 1925: loss 21.5543, time 563.09ms, mfu 1.57%
iter 1926: loss 21.5610, time 380.81ms, mfu 1.60%
iter 1927: loss 21.5856, time 462.93ms, mfu 1.60%
iter 1928: loss 21.6068, time 473.59ms, mfu 1.59%
iter 1929: loss 21.7096, time 481.71ms, mfu 1.58%
iter 1930: loss 21.9813, time 449.76ms, mfu 1.58%
iter 1931: loss 21.8543, time 387.96ms, mfu 1.61%
iter 1932: loss 22.0936, time 448.41ms, mfu 1.61%
iter 1933: loss 21.7515, time 404.52ms, mfu 1.62%
iter 1934: loss 21.9311, time 538.59ms, mfu 1.59%
iter 1935: loss 21.4583, time 395.68ms, mfu 1.61%
iter 1936: loss 21.6952, time 459.60ms, mfu 1.61%
iter 1937: loss 21.3696, time 371.19ms, mfu 1.64%
iter 1938: loss 21.5689, time 556.51ms, mfu 1.61%
iter 1939: loss 21.4465, time 371.17ms, mfu 1.64%
iter 1940: loss 22.0856, time 513.68ms, mfu 1.61%
iter 1941: loss 21.3447, time 449.90ms, mfu 1.61%
iter 1942: loss 21.4943, time 436.58ms, mfu 1.61%
iter 1943: loss 21.5217, time 391.71ms, mfu 1.64%
iter 1944: loss 21.5015, time 443.30ms, mfu 1.63%
iter 1945: loss 21.2702, time 314.47ms, mfu 1.70%
iter 1946: loss 21.3841, time 422.23ms, mfu 1.70%
iter 1947: loss 21.5335, time 433.17ms, mfu 1.69%
iter 1948: loss 21.7383, time 444.64ms, mfu 1.69%
iter 1949: loss 21.1068, time 431.81ms, mfu 1.68%
iter 1950: loss 21.5572, time 685.48ms, mfu 1.62%
iter 1951: loss 21.3106, time 390.01ms, mfu 1.64%
iter 1952: loss 21.4187, time 442.05ms, mfu 1.64%
iter 1953: loss 21.0288, time 410.81ms, mfu 1.65%
iter 1954: loss 20.6334, time 366.40ms, mfu 1.68%
iter 1955: loss 21.4107, time 399.52ms, mfu 1.69%
iter 1956: loss 20.6390, time 276.01ms, mfu 1.78%
iter 1957: loss 21.3427, time 409.33ms, mfu 1.78%
iter 1958: loss 21.6243, time 436.69ms, mfu 1.76%
iter 1959: loss 21.8546, time 446.43ms, mfu 1.75%
iter 1960: loss 21.2204, time 446.88ms, mfu 1.73%
iter 1961: loss 20.9702, time 488.57ms, mfu 1.71%
iter 1962: loss 21.6955, time 343.84ms, mfu 1.75%
iter 1963: loss 21.4369, time 390.76ms, mfu 1.75%
iter 1964: loss 21.2081, time 468.43ms, mfu 1.73%
iter 1965: loss 21.8665, time 415.47ms, mfu 1.73%
iter 1966: loss 21.2807, time 445.59ms, mfu 1.72%
iter 1967: loss 21.5564, time 451.06ms, mfu 1.71%
iter 1968: loss 21.4812, time 362.87ms, mfu 1.73%
iter 1969: loss 21.5597, time 429.79ms, mfu 1.73%
iter 1970: loss 21.3308, time 502.93ms, mfu 1.70%
iter 1971: loss 21.7340, time 317.22ms, mfu 1.75%
iter 1972: loss 21.2449, time 431.76ms, mfu 1.74%
iter 1973: loss 21.7681, time 350.37ms, mfu 1.77%
iter 1974: loss 21.4738, time 462.08ms, mfu 1.75%
iter 1975: loss 21.3589, time 523.82ms, mfu 1.71%
iter 1976: loss 21.4518, time 386.71ms, mfu 1.73%
iter 1977: loss 21.4757, time 426.48ms, mfu 1.72%
iter 1978: loss 20.6192, time 340.21ms, mfu 1.76%
iter 1979: loss 21.6970, time 391.69ms, mfu 1.77%
iter 1980: loss 21.7479, time 565.22ms, mfu 1.72%
iter 1981: loss 21.4832, time 389.72ms, mfu 1.73%
iter 1982: loss 21.5634, time 353.69ms, mfu 1.76%
iter 1983: loss 20.4699, time 482.82ms, mfu 1.73%
iter 1984: loss 21.4161, time 362.49ms, mfu 1.76%
iter 1985: loss 21.6839, time 376.59ms, mfu 1.77%
iter 1986: loss 21.5822, time 453.46ms, mfu 1.75%
iter 1987: loss 21.0660, time 448.67ms, mfu 1.74%
iter 1988: loss 21.7210, time 440.34ms, mfu 1.73%
iter 1989: loss 21.9414, time 455.69ms, mfu 1.71%
iter 1990: loss 21.5576, time 617.43ms, mfu 1.65%
iter 1991: loss 21.3516, time 385.94ms, mfu 1.68%
iter 1992: loss 21.4372, time 484.48ms, mfu 1.66%
iter 1993: loss 21.2475, time 409.85ms, mfu 1.66%
iter 1994: loss 21.6143, time 359.95ms, mfu 1.70%
iter 1995: loss 21.7932, time 436.78ms, mfu 1.69%
iter 1996: loss 20.7902, time 451.26ms, mfu 1.68%
iter 1997: loss 21.1350, time 520.35ms, mfu 1.65%
iter 1998: loss 21.2880, time 446.77ms, mfu 1.65%
iter 1999: loss 21.1650, time 447.52ms, mfu 1.64%
iter 2000: loss 21.2430, time 752.21ms, mfu 1.57%
  === DIAG iter 2000 ===
  loss breakdown: text 0.2244 | num 4.2037 (lambda=5.0, mode=bins)
  grads: total 1.0000, transformer 0.5180, adapter 0.8467, num_head 0.1216
  nums: 969/3072 tokens (31.5%)
  lr: 6.00e-04
  layer_weights: [L0:0.079 L1:0.079 L2:0.079 L3:0.081 L4:0.085 L5:0.089 L6:0.086 L7:0.085 L8:0.084 L9:0.084 L10:0.084 L11:0.084]
iter 2001: loss 21.4044, time 265.95ms, mfu 1.68%
iter 2002: loss 22.3328, time 397.66ms, mfu 1.70%
iter 2003: loss 21.6067, time 518.61ms, mfu 1.67%
iter 2004: loss 21.7290, time 427.65ms, mfu 1.67%
iter 2005: loss 21.1113, time 416.77ms, mfu 1.67%
iter 2006: loss 21.4668, time 412.36ms, mfu 1.68%
iter 2007: loss 21.6082, time 626.70ms, mfu 1.62%
iter 2008: loss 21.4398, time 326.46ms, mfu 1.68%
iter 2009: loss 21.3003, time 366.29ms, mfu 1.71%
iter 2010: loss 21.6421, time 473.01ms, mfu 1.69%
iter 2011: loss 21.8624, time 369.45ms, mfu 1.71%
iter 2012: loss 20.9077, time 534.72ms, mfu 1.68%
iter 2013: loss 21.6504, time 586.86ms, mfu 1.63%
iter 2014: loss 22.1779, time 506.21ms, mfu 1.61%
iter 2015: loss 21.7000, time 448.92ms, mfu 1.61%
iter 2016: loss 21.9830, time 382.38ms, mfu 1.63%
iter 2017: loss 21.2472, time 363.18ms, mfu 1.67%
iter 2018: loss 20.9137, time 436.61ms, mfu 1.67%
iter 2019: loss 21.2342, time 565.63ms, mfu 1.63%
iter 2020: loss 21.5648, time 396.57ms, mfu 1.64%
iter 2021: loss 21.5235, time 490.45ms, mfu 1.63%
iter 2022: loss 20.8781, time 439.01ms, mfu 1.63%
iter 2023: loss 21.7455, time 529.97ms, mfu 1.60%
iter 2024: loss 20.9618, time 525.89ms, mfu 1.58%
iter 2025: loss 21.3355, time 319.31ms, mfu 1.64%
iter 2026: loss 20.7119, time 367.96ms, mfu 1.67%
iter 2027: loss 21.3251, time 305.27ms, mfu 1.74%
iter 2028: loss 21.1152, time 428.16ms, mfu 1.73%
iter 2029: loss 20.8983, time 421.99ms, mfu 1.73%
iter 2030: loss 21.6666, time 475.27ms, mfu 1.71%
iter 2031: loss 21.5101, time 293.53ms, mfu 1.78%
iter 2032: loss 21.5489, time 369.56ms, mfu 1.80%
iter 2033: loss 20.8087, time 478.20ms, mfu 1.77%
iter 2034: loss 21.4369, time 389.45ms, mfu 1.77%
iter 2035: loss 21.1403, time 321.63ms, mfu 1.82%
iter 2036: loss 21.4766, time 518.40ms, mfu 1.78%
iter 2037: loss 21.8347, time 450.36ms, mfu 1.76%
iter 2038: loss 21.0822, time 371.90ms, mfu 1.77%
iter 2039: loss 21.4790, time 525.64ms, mfu 1.73%
iter 2040: loss 21.4779, time 434.76ms, mfu 1.72%
iter 2041: loss 21.7572, time 291.45ms, mfu 1.80%
iter 2042: loss 21.2744, time 423.56ms, mfu 1.79%
iter 2043: loss 21.1052, time 477.05ms, mfu 1.76%
iter 2044: loss 21.7137, time 342.97ms, mfu 1.79%
iter 2045: loss 21.1513, time 574.12ms, mfu 1.74%
iter 2046: loss 21.5061, time 434.81ms, mfu 1.73%
iter 2047: loss 21.7662, time 456.14ms, mfu 1.71%
iter 2048: loss 21.8122, time 524.03ms, mfu 1.68%
iter 2049: loss 21.5530, time 354.73ms, mfu 1.71%
iter 2050: loss 21.1375, time 403.79ms, mfu 1.72%
iter 2051: loss 21.7534, time 482.76ms, mfu 1.70%
iter 2052: loss 21.6965, time 511.12ms, mfu 1.67%
iter 2053: loss 21.3390, time 490.13ms, mfu 1.65%
iter 2054: loss 21.8644, time 330.51ms, mfu 1.70%
iter 2055: loss 21.7511, time 628.56ms, mfu 1.64%
iter 2056: loss 21.6146, time 571.12ms, mfu 1.60%
iter 2057: loss 21.4836, time 429.84ms, mfu 1.61%
iter 2058: loss 21.0328, time 408.52ms, mfu 1.62%
iter 2059: loss 21.7084, time 289.76ms, mfu 1.71%
iter 2060: loss 21.3845, time 524.13ms, mfu 1.67%
iter 2061: loss 21.6447, time 457.15ms, mfu 1.66%
iter 2062: loss 21.8039, time 340.91ms, mfu 1.71%
iter 2063: loss 21.7810, time 346.38ms, mfu 1.74%
iter 2064: loss 21.6606, time 295.91ms, mfu 1.81%
iter 2065: loss 21.2542, time 345.33ms, mfu 1.84%
iter 2066: loss 21.3132, time 541.64ms, mfu 1.79%
iter 2067: loss 21.2595, time 482.84ms, mfu 1.76%
iter 2068: loss 21.2164, time 384.72ms, mfu 1.77%
iter 2069: loss 21.5327, time 493.30ms, mfu 1.74%
iter 2070: loss 21.1128, time 343.17ms, mfu 1.77%
iter 2071: loss 21.6149, time 481.83ms, mfu 1.74%
iter 2072: loss 21.0267, time 341.92ms, mfu 1.78%
iter 2073: loss 21.3396, time 431.96ms, mfu 1.77%
iter 2074: loss 21.1569, time 434.19ms, mfu 1.75%
iter 2075: loss 21.5827, time 465.82ms, mfu 1.73%
iter 2076: loss 21.4214, time 472.48ms, mfu 1.71%
iter 2077: loss 20.9211, time 407.78ms, mfu 1.72%
iter 2078: loss 20.6465, time 379.83ms, mfu 1.73%
iter 2079: loss 20.7964, time 352.51ms, mfu 1.76%
iter 2080: loss 21.1832, time 518.28ms, mfu 1.72%
iter 2081: loss 20.8904, time 264.05ms, mfu 1.82%
iter 2082: loss 20.7405, time 357.48ms, mfu 1.84%
iter 2083: loss 21.7697, time 431.31ms, mfu 1.82%
iter 2084: loss 21.0658, time 424.07ms, mfu 1.81%
iter 2085: loss 20.8569, time 487.97ms, mfu 1.78%
iter 2086: loss 20.8614, time 339.45ms, mfu 1.81%
iter 2087: loss 20.4256, time 299.48ms, mfu 1.87%
iter 2088: loss 20.6435, time 498.90ms, mfu 1.82%
iter 2089: loss 21.2176, time 450.60ms, mfu 1.80%
iter 2090: loss 21.3288, time 416.31ms, mfu 1.79%
iter 2091: loss 21.1808, time 389.72ms, mfu 1.80%
iter 2092: loss 20.9095, time 365.75ms, mfu 1.81%
iter 2093: loss 21.5325, time 451.69ms, mfu 1.79%
iter 2094: loss 21.3257, time 492.68ms, mfu 1.76%
iter 2095: loss 20.6849, time 433.92ms, mfu 1.75%
iter 2096: loss 21.3239, time 287.30ms, mfu 1.82%
iter 2097: loss 21.2787, time 373.58ms, mfu 1.83%
iter 2098: loss 21.0135, time 432.09ms, mfu 1.81%
iter 2099: loss 20.6656, time 424.56ms, mfu 1.80%
iter 2100: loss 20.9910, time 684.10ms, mfu 1.73%
  === DIAG iter 2100 ===
  loss breakdown: text 0.2342 | num 4.1514 (lambda=5.0, mode=bins)
  grads: total 1.0000, transformer 0.2331, adapter 0.9652, num_head 0.1187
  nums: 908/3072 tokens (29.6%)
  lr: 6.00e-04
  layer_weights: [L0:0.079 L1:0.079 L2:0.079 L3:0.081 L4:0.085 L5:0.090 L6:0.086 L7:0.085 L8:0.084 L9:0.084 L10:0.084 L11:0.084]
iter 2101: loss 21.2501, time 209.00ms, mfu 1.90%
iter 2102: loss 20.7411, time 484.72ms, mfu 1.85%
iter 2103: loss 21.2840, time 581.03ms, mfu 1.79%
iter 2104: loss 21.2625, time 468.21ms, mfu 1.77%
iter 2105: loss 21.5354, time 547.42ms, mfu 1.72%
iter 2106: loss 21.3303, time 534.79ms, mfu 1.68%
iter 2107: loss 21.1247, time 385.69ms, mfu 1.70%
iter 2108: loss 21.7520, time 441.48ms, mfu 1.69%
iter 2109: loss 20.6576, time 386.27ms, mfu 1.71%
iter 2110: loss 21.1584, time 525.61ms, mfu 1.67%
iter 2111: loss 21.6221, time 407.56ms, mfu 1.68%
iter 2112: loss 21.1652, time 488.98ms, mfu 1.66%
iter 2113: loss 21.6113, time 359.33ms, mfu 1.69%
iter 2114: loss 21.1524, time 370.33ms, mfu 1.72%
iter 2115: loss 21.3504, time 422.38ms, mfu 1.72%
iter 2116: loss 21.4665, time 420.01ms, mfu 1.71%
iter 2117: loss 21.1396, time 378.00ms, mfu 1.73%
iter 2118: loss 21.8102, time 388.96ms, mfu 1.74%
iter 2119: loss 21.1763, time 332.73ms, mfu 1.78%
iter 2120: loss 21.3046, time 521.45ms, mfu 1.74%
iter 2121: loss 20.5162, time 418.01ms, mfu 1.74%
iter 2122: loss 21.3527, time 616.15ms, mfu 1.68%
iter 2123: loss 21.6685, time 437.44ms, mfu 1.68%
iter 2124: loss 21.4125, time 397.93ms, mfu 1.69%
iter 2125: loss 21.5026, time 474.48ms, mfu 1.67%
iter 2126: loss 20.6277, time 361.21ms, mfu 1.70%
iter 2127: loss 21.2199, time 435.16ms, mfu 1.70%
iter 2128: loss 21.7083, time 495.54ms, mfu 1.67%
iter 2129: loss 21.5018, time 524.27ms, mfu 1.64%
iter 2130: loss 21.3072, time 549.58ms, mfu 1.61%
iter 2131: loss 20.9465, time 435.83ms, mfu 1.61%
iter 2132: loss 21.8839, time 464.83ms, mfu 1.60%
iter 2133: loss 21.1690, time 391.03ms, mfu 1.63%
iter 2134: loss 21.6088, time 328.85ms, mfu 1.68%
iter 2135: loss 21.3819, time 445.69ms, mfu 1.68%
iter 2136: loss 21.7036, time 474.46ms, mfu 1.66%
iter 2137: loss 21.8222, time 373.03ms, mfu 1.68%
iter 2138: loss 21.6275, time 506.42ms, mfu 1.66%
iter 2139: loss 21.3696, time 337.75ms, mfu 1.70%
iter 2140: loss 21.3335, time 499.12ms, mfu 1.68%
iter 2141: loss 21.3235, time 441.34ms, mfu 1.67%
iter 2142: loss 21.5969, time 377.28ms, mfu 1.69%
iter 2143: loss 21.5112, time 397.86ms, mfu 1.71%
iter 2144: loss 22.1215, time 382.08ms, mfu 1.72%
iter 2145: loss 22.2407, time 389.49ms, mfu 1.73%
iter 2146: loss 21.9208, time 477.02ms, mfu 1.71%
iter 2147: loss 21.5006, time 389.13ms, mfu 1.72%
iter 2148: loss 22.3045, time 367.04ms, mfu 1.75%
iter 2149: loss 21.8802, time 350.64ms, mfu 1.78%
iter 2150: loss 21.2733, time 438.48ms, mfu 1.76%
iter 2151: loss 21.4192, time 461.86ms, mfu 1.74%
iter 2152: loss 21.8442, time 520.32ms, mfu 1.70%
iter 2153: loss 21.1696, time 449.55ms, mfu 1.69%
iter 2154: loss 21.5033, time 525.77ms, mfu 1.66%
iter 2155: loss 21.0878, time 489.24ms, mfu 1.64%
iter 2156: loss 21.2324, time 339.76ms, mfu 1.69%
iter 2157: loss 21.2918, time 466.08ms, mfu 1.67%
iter 2158: loss 21.8265, time 459.17ms, mfu 1.66%
iter 2159: loss 21.6536, time 374.15ms, mfu 1.69%
iter 2160: loss 21.5017, time 411.47ms, mfu 1.69%
iter 2161: loss 21.2029, time 403.75ms, mfu 1.70%
iter 2162: loss 20.9169, time 512.83ms, mfu 1.67%
iter 2163: loss 21.7072, time 319.56ms, mfu 1.73%
iter 2164: loss 21.8739, time 479.61ms, mfu 1.70%
iter 2165: loss 21.7478, time 439.71ms, mfu 1.70%
iter 2166: loss 21.3970, time 377.07ms, mfu 1.72%
iter 2167: loss 21.6801, time 436.62ms, mfu 1.71%
iter 2168: loss 21.7972, time 532.28ms, mfu 1.67%
iter 2169: loss 21.1040, time 480.47ms, mfu 1.65%
iter 2170: loss 21.5288, time 438.74ms, mfu 1.65%
iter 2171: loss 21.6120, time 413.92ms, mfu 1.66%
iter 2172: loss 21.2543, time 451.14ms, mfu 1.65%
iter 2173: loss 21.7407, time 452.41ms, mfu 1.65%
iter 2174: loss 22.0011, time 475.97ms, mfu 1.63%
iter 2175: loss 21.3585, time 439.45ms, mfu 1.63%
iter 2176: loss 21.6607, time 444.38ms, mfu 1.63%
iter 2177: loss 21.7810, time 474.37ms, mfu 1.62%
iter 2178: loss 21.6365, time 615.19ms, mfu 1.57%
iter 2179: loss 20.9918, time 337.08ms, mfu 1.63%
iter 2180: loss 21.2936, time 513.80ms, mfu 1.60%
iter 2181: loss 21.2908, time 455.87ms, mfu 1.60%
iter 2182: loss 21.5314, time 415.85ms, mfu 1.61%
iter 2183: loss 21.1067, time 385.38ms, mfu 1.64%
iter 2184: loss 21.1725, time 356.33ms, mfu 1.68%
iter 2185: loss 21.5090, time 442.04ms, mfu 1.67%
iter 2186: loss 21.0011, time 460.17ms, mfu 1.66%
iter 2187: loss 21.3142, time 389.36ms, mfu 1.68%
iter 2188: loss 20.8820, time 487.46ms, mfu 1.66%
iter 2189: loss 21.7107, time 359.50ms, mfu 1.69%
iter 2190: loss 20.6243, time 287.31ms, mfu 1.77%
iter 2191: loss 21.3004, time 485.78ms, mfu 1.74%
iter 2192: loss 21.4321, time 395.93ms, mfu 1.75%
iter 2193: loss 21.5169, time 453.97ms, mfu 1.73%
iter 2194: loss 21.2294, time 457.23ms, mfu 1.71%
iter 2195: loss 21.2807, time 476.16ms, mfu 1.69%
iter 2196: loss 21.1849, time 324.97ms, mfu 1.74%
iter 2197: loss 21.0460, time 537.20ms, mfu 1.70%
iter 2198: loss 21.8591, time 389.04ms, mfu 1.72%
iter 2199: loss 20.9521, time 451.33ms, mfu 1.70%
iter 2200: loss 21.9123, time 561.39ms, mfu 1.66%
  === DIAG iter 2200 ===
  loss breakdown: text 0.2369 | num 4.3351 (lambda=5.0, mode=bins)
  grads: total 1.0000, transformer 0.3058, adapter 0.9494, num_head 0.0719
  nums: 903/3072 tokens (29.4%)
  lr: 6.00e-04
  layer_weights: [L0:0.079 L1:0.079 L2:0.079 L3:0.081 L4:0.085 L5:0.090 L6:0.086 L7:0.085 L8:0.084 L9:0.084 L10:0.084 L11:0.084]
iter 2201: loss 21.2256, time 278.89ms, mfu 1.75%
iter 2202: loss 21.6653, time 464.08ms, mfu 1.73%
iter 2203: loss 21.9711, time 348.05ms, mfu 1.76%
iter 2204: loss 21.3238, time 478.42ms, mfu 1.74%
iter 2205: loss 21.5913, time 466.27ms, mfu 1.72%
iter 2206: loss 22.0416, time 319.50ms, mfu 1.77%
iter 2207: loss 22.0973, time 462.20ms, mfu 1.75%
iter 2208: loss 21.5914, time 342.01ms, mfu 1.78%
iter 2209: loss 20.7963, time 487.62ms, mfu 1.75%
iter 2210: loss 21.6482, time 354.50ms, mfu 1.78%
iter 2211: loss 21.6115, time 543.32ms, mfu 1.73%
iter 2212: loss 21.3595, time 457.79ms, mfu 1.72%
iter 2213: loss 21.1547, time 555.01ms, mfu 1.67%
iter 2214: loss 21.4515, time 254.74ms, mfu 1.79%
iter 2215: loss 21.2838, time 433.02ms, mfu 1.77%
iter 2216: loss 21.6120, time 363.76ms, mfu 1.79%
iter 2217: loss 21.0506, time 444.91ms, mfu 1.78%
iter 2218: loss 21.4024, time 465.69ms, mfu 1.75%
iter 2219: loss 21.7011, time 461.96ms, mfu 1.73%
iter 2220: loss 21.3232, time 544.05ms, mfu 1.69%
iter 2221: loss 20.9298, time 416.77ms, mfu 1.69%
iter 2222: loss 21.6375, time 622.67ms, mfu 1.64%
iter 2223: loss 21.0935, time 393.26ms, mfu 1.66%
iter 2224: loss 20.7887, time 578.05ms, mfu 1.62%
iter 2225: loss 21.6242, time 462.12ms, mfu 1.61%
iter 2226: loss 21.1603, time 646.58ms, mfu 1.56%
iter 2227: loss 21.7108, time 428.94ms, mfu 1.57%
iter 2228: loss 21.3997, time 419.62ms, mfu 1.58%
iter 2229: loss 21.1360, time 386.84ms, mfu 1.61%
iter 2230: loss 21.3052, time 426.97ms, mfu 1.62%
iter 2231: loss 21.3135, time 413.75ms, mfu 1.63%
iter 2232: loss 21.1454, time 417.58ms, mfu 1.64%
iter 2233: loss 21.5044, time 407.43ms, mfu 1.65%
iter 2234: loss 21.3636, time 489.62ms, mfu 1.63%
iter 2235: loss 21.3413, time 521.73ms, mfu 1.61%
iter 2236: loss 21.5474, time 406.32ms, mfu 1.62%
iter 2237: loss 21.3949, time 599.67ms, mfu 1.58%
iter 2238: loss 21.8783, time 377.34ms, mfu 1.61%
iter 2239: loss 21.8409, time 408.54ms, mfu 1.62%
iter 2240: loss 21.3180, time 345.06ms, mfu 1.67%
iter 2241: loss 21.4757, time 375.30ms, mfu 1.69%
iter 2242: loss 22.0135, time 444.83ms, mfu 1.69%
iter 2243: loss 22.6778, time 348.51ms, mfu 1.72%
iter 2244: loss 22.1596, time 462.21ms, mfu 1.71%
iter 2245: loss 21.0418, time 368.88ms, mfu 1.73%
iter 2246: loss 21.2174, time 387.35ms, mfu 1.74%
iter 2247: loss 21.2422, time 356.82ms, mfu 1.77%
iter 2248: loss 21.1906, time 450.31ms, mfu 1.75%
iter 2249: loss 21.4811, time 516.14ms, mfu 1.71%
iter 2250: loss 21.4009, time 393.05ms, mfu 1.72%
iter 2251: loss 20.9023, time 414.14ms, mfu 1.73%
iter 2252: loss 20.8980, time 382.88ms, mfu 1.74%
iter 2253: loss 20.6952, time 524.62ms, mfu 1.70%
iter 2254: loss 20.4046, time 440.49ms, mfu 1.69%
iter 2255: loss 20.8920, time 377.40ms, mfu 1.72%
iter 2256: loss 20.6409, time 564.17ms, mfu 1.67%
iter 2257: loss 20.9134, time 420.27ms, mfu 1.67%
iter 2258: loss 21.0498, time 573.85ms, mfu 1.63%
iter 2259: loss 21.2242, time 429.77ms, mfu 1.64%
iter 2260: loss 21.0180, time 444.40ms, mfu 1.63%
iter 2261: loss 21.2626, time 323.96ms, mfu 1.69%
iter 2262: loss 21.8184, time 409.02ms, mfu 1.70%
iter 2263: loss 22.3730, time 381.84ms, mfu 1.71%
iter 2264: loss 21.8736, time 271.68ms, mfu 1.81%
iter 2265: loss 21.8471, time 399.18ms, mfu 1.81%
iter 2266: loss 22.2366, time 408.05ms, mfu 1.80%
iter 2267: loss 21.7168, time 456.70ms, mfu 1.78%
iter 2268: loss 21.7619, time 431.63ms, mfu 1.77%
iter 2269: loss 21.3082, time 550.67ms, mfu 1.72%
iter 2270: loss 20.7889, time 372.86ms, mfu 1.74%
iter 2271: loss 21.3361, time 449.69ms, mfu 1.72%
iter 2272: loss 21.1211, time 435.73ms, mfu 1.72%
iter 2273: loss 21.3940, time 375.42ms, mfu 1.74%
iter 2274: loss 21.8965, time 462.58ms, mfu 1.72%
iter 2275: loss 21.6181, time 495.55ms, mfu 1.69%
iter 2276: loss 21.6420, time 407.78ms, mfu 1.70%
iter 2277: loss 21.2331, time 407.26ms, mfu 1.70%
iter 2278: loss 21.0231, time 348.73ms, mfu 1.74%
iter 2279: loss 21.3841, time 514.38ms, mfu 1.70%
iter 2280: loss 21.4534, time 464.08ms, mfu 1.69%
iter 2281: loss 21.3041, time 417.57ms, mfu 1.69%
iter 2282: loss 21.0590, time 393.61ms, mfu 1.70%
iter 2283: loss 21.3164, time 427.48ms, mfu 1.70%
iter 2284: loss 21.5910, time 385.86ms, mfu 1.72%
iter 2285: loss 21.6031, time 371.79ms, mfu 1.74%
iter 2286: loss 21.4537, time 384.20ms, mfu 1.75%
iter 2287: loss 21.0640, time 505.92ms, mfu 1.72%
iter 2288: loss 21.9763, time 438.08ms, mfu 1.71%
iter 2289: loss 21.2648, time 574.72ms, mfu 1.66%
iter 2290: loss 21.4295, time 357.69ms, mfu 1.70%
iter 2291: loss 21.1852, time 500.29ms, mfu 1.67%
iter 2292: loss 21.6033, time 476.79ms, mfu 1.65%
iter 2293: loss 22.0856, time 508.66ms, mfu 1.63%
iter 2294: loss 21.3770, time 460.31ms, mfu 1.62%
iter 2295: loss 20.8961, time 376.57ms, mfu 1.65%
iter 2296: loss 20.9781, time 386.44ms, mfu 1.67%
iter 2297: loss 20.8102, time 431.99ms, mfu 1.67%
iter 2298: loss 21.4116, time 426.59ms, mfu 1.67%
iter 2299: loss 20.9242, time 447.77ms, mfu 1.66%
iter 2300: loss 21.1532, time 714.42ms, mfu 1.60%
  === DIAG iter 2300 ===
  loss breakdown: text 0.2304 | num 4.1846 (lambda=5.0, mode=bins)
  grads: total 1.0000, transformer 0.4252, adapter 0.8914, num_head 0.1570
  nums: 857/3072 tokens (27.9%)
  lr: 5.99e-04
  layer_weights: [L0:0.079 L1:0.079 L2:0.079 L3:0.081 L4:0.086 L5:0.091 L6:0.086 L7:0.085 L8:0.084 L9:0.083 L10:0.083 L11:0.083]
iter 2301: loss 21.0041, time 262.90ms, mfu 1.71%
iter 2302: loss 21.4669, time 336.05ms, mfu 1.75%
iter 2303: loss 21.4396, time 410.84ms, mfu 1.75%
iter 2304: loss 21.6629, time 386.94ms, mfu 1.76%
iter 2305: loss 21.4973, time 525.78ms, mfu 1.72%
iter 2306: loss 20.8858, time 359.21ms, mfu 1.75%
iter 2307: loss 21.3181, time 370.13ms, mfu 1.77%
iter 2308: loss 21.5330, time 281.61ms, mfu 1.85%
iter 2309: loss 21.0659, time 403.36ms, mfu 1.84%
iter 2310: loss 21.7688, time 333.87ms, mfu 1.87%
iter 2311: loss 21.0483, time 434.55ms, mfu 1.85%
iter 2312: loss 21.2543, time 406.92ms, mfu 1.84%
iter 2313: loss 20.7368, time 373.74ms, mfu 1.85%
iter 2314: loss 21.1443, time 525.15ms, mfu 1.80%
iter 2315: loss 21.2635, time 525.17ms, mfu 1.75%
iter 2316: loss 21.3091, time 443.35ms, mfu 1.74%
iter 2317: loss 21.5529, time 412.25ms, mfu 1.74%
iter 2318: loss 21.4309, time 381.71ms, mfu 1.75%
iter 2319: loss 21.4740, time 436.53ms, mfu 1.74%
iter 2320: loss 22.0017, time 397.03ms, mfu 1.75%
iter 2321: loss 22.3097, time 342.69ms, mfu 1.78%
iter 2322: loss 21.6459, time 409.66ms, mfu 1.78%
iter 2323: loss 21.3969, time 449.83ms, mfu 1.76%
iter 2324: loss 21.0355, time 506.68ms, mfu 1.73%
iter 2325: loss 21.0072, time 290.16ms, mfu 1.80%
iter 2326: loss 21.6294, time 455.30ms, mfu 1.78%
iter 2327: loss 20.9909, time 371.84ms, mfu 1.79%
iter 2328: loss 21.1325, time 443.91ms, mfu 1.77%
iter 2329: loss 20.9265, time 448.42ms, mfu 1.76%
iter 2330: loss 21.0744, time 406.78ms, mfu 1.76%
iter 2331: loss 21.3377, time 589.13ms, mfu 1.70%
iter 2332: loss 21.3724, time 360.99ms, mfu 1.73%
iter 2333: loss 21.2383, time 560.17ms, mfu 1.69%
iter 2334: loss 21.3739, time 347.78ms, mfu 1.72%
iter 2335: loss 21.5184, time 439.12ms, mfu 1.71%
iter 2336: loss 21.0292, time 440.97ms, mfu 1.71%
iter 2337: loss 20.8218, time 472.18ms, mfu 1.69%
iter 2338: loss 21.4392, time 473.41ms, mfu 1.67%
iter 2339: loss 20.4803, time 422.89ms, mfu 1.67%
iter 2340: loss 20.6894, time 321.18ms, mfu 1.73%
iter 2341: loss 20.9953, time 545.00ms, mfu 1.69%
iter 2342: loss 21.1380, time 454.17ms, mfu 1.68%
iter 2343: loss 21.4429, time 428.64ms, mfu 1.68%
iter 2344: loss 21.2239, time 342.52ms, mfu 1.72%
iter 2345: loss 21.3479, time 453.23ms, mfu 1.70%
iter 2346: loss 21.1410, time 298.60ms, mfu 1.77%
iter 2347: loss 21.3626, time 332.92ms, mfu 1.81%
iter 2348: loss 20.7504, time 427.02ms, mfu 1.80%
iter 2349: loss 20.8270, time 331.02ms, mfu 1.83%
iter 2350: loss 20.6243, time 438.20ms, mfu 1.81%
iter 2351: loss 21.5413, time 347.37ms, mfu 1.84%
iter 2352: loss 20.5628, time 438.56ms, mfu 1.82%
iter 2353: loss 21.3554, time 464.89ms, mfu 1.79%
iter 2354: loss 21.1586, time 508.11ms, mfu 1.75%
iter 2355: loss 21.5108, time 433.31ms, mfu 1.74%
iter 2356: loss 20.8704, time 353.96ms, mfu 1.77%
iter 2357: loss 21.4091, time 418.17ms, mfu 1.77%
iter 2358: loss 21.2795, time 555.96ms, mfu 1.72%
iter 2359: loss 21.1807, time 269.29ms, mfu 1.81%
iter 2360: loss 21.0747, time 518.16ms, mfu 1.77%
iter 2361: loss 21.4975, time 366.70ms, mfu 1.79%
iter 2362: loss 21.2185, time 586.56ms, mfu 1.73%
iter 2363: loss 20.5061, time 393.24ms, mfu 1.74%
iter 2364: loss 20.5579, time 423.98ms, mfu 1.73%
iter 2365: loss 21.0712, time 430.34ms, mfu 1.73%
iter 2366: loss 21.2655, time 384.56ms, mfu 1.74%
iter 2367: loss 20.8136, time 577.74ms, mfu 1.69%
iter 2368: loss 20.8559, time 422.77ms, mfu 1.69%
iter 2369: loss 21.7934, time 304.93ms, mfu 1.76%
iter 2370: loss 21.3475, time 383.17ms, mfu 1.77%
iter 2371: loss 21.1869, time 430.99ms, mfu 1.76%
iter 2372: loss 21.3270, time 361.44ms, mfu 1.78%
iter 2373: loss 20.7369, time 483.02ms, mfu 1.75%
iter 2374: loss 21.4108, time 391.63ms, mfu 1.76%
iter 2375: loss 21.3814, time 455.61ms, mfu 1.74%
iter 2376: loss 21.1868, time 361.28ms, mfu 1.76%
iter 2377: loss 21.7719, time 372.32ms, mfu 1.78%
iter 2378: loss 21.4292, time 438.70ms, mfu 1.77%
iter 2379: loss 21.6814, time 530.82ms, mfu 1.72%
iter 2380: loss 20.8170, time 308.14ms, mfu 1.78%
iter 2381: loss 21.0275, time 364.26ms, mfu 1.80%
iter 2382: loss 21.4745, time 394.57ms, mfu 1.80%
iter 2383: loss 20.8653, time 349.57ms, mfu 1.83%
iter 2384: loss 21.3060, time 577.46ms, mfu 1.77%
iter 2385: loss 20.8641, time 473.24ms, mfu 1.74%
iter 2386: loss 20.9339, time 489.10ms, mfu 1.72%
iter 2387: loss 21.0611, time 438.95ms, mfu 1.71%
iter 2388: loss 21.3212, time 305.24ms, mfu 1.77%
iter 2389: loss 20.8427, time 558.07ms, mfu 1.72%
iter 2390: loss 20.8704, time 483.34ms, mfu 1.70%
iter 2391: loss 21.7705, time 589.29ms, mfu 1.65%
iter 2392: loss 21.7200, time 441.43ms, mfu 1.65%
iter 2393: loss 22.0632, time 326.77ms, mfu 1.70%
iter 2394: loss 21.3589, time 387.58ms, mfu 1.72%
iter 2395: loss 20.8288, time 474.48ms, mfu 1.70%
iter 2396: loss 21.3418, time 541.00ms, mfu 1.66%
iter 2397: loss 21.1497, time 470.22ms, mfu 1.65%
iter 2398: loss 21.1015, time 620.54ms, mfu 1.60%
iter 2399: loss 21.5988, time 243.36ms, mfu 1.73%
iter 2400: loss 21.0828, time 670.53ms, mfu 1.66%
  === DIAG iter 2400 ===
  loss breakdown: text 0.2403 | num 4.1685 (lambda=5.0, mode=bins)
  grads: total 1.0000, transformer 0.2326, adapter 0.9675, num_head 0.0998
  nums: 852/3072 tokens (27.7%)
  lr: 5.99e-04
  layer_weights: [L0:0.079 L1:0.079 L2:0.079 L3:0.081 L4:0.086 L5:0.091 L6:0.086 L7:0.085 L8:0.084 L9:0.083 L10:0.083 L11:0.083]
iter 2401: loss 21.0464, time 266.13ms, mfu 1.77%
iter 2402: loss 21.2465, time 408.95ms, mfu 1.77%
iter 2403: loss 21.1687, time 309.79ms, mfu 1.82%
iter 2404: loss 21.0364, time 603.12ms, mfu 1.76%
iter 2405: loss 21.0403, time 515.25ms, mfu 1.72%
iter 2406: loss 22.0684, time 479.60ms, mfu 1.70%
iter 2407: loss 21.1042, time 344.58ms, mfu 1.74%
iter 2408: loss 20.6488, time 665.91ms, mfu 1.67%
iter 2409: loss 21.0771, time 428.91ms, mfu 1.67%
iter 2410: loss 21.0123, time 540.47ms, mfu 1.64%
iter 2411: loss 21.5385, time 470.58ms, mfu 1.62%
iter 2412: loss 21.7338, time 440.08ms, mfu 1.62%
iter 2413: loss 21.2900, time 495.93ms, mfu 1.61%
iter 2414: loss 20.9517, time 383.29ms, mfu 1.63%
iter 2415: loss 20.8617, time 460.17ms, mfu 1.63%
iter 2416: loss 21.2044, time 348.52ms, mfu 1.67%
iter 2417: loss 21.0145, time 507.27ms, mfu 1.64%
iter 2418: loss 21.1900, time 410.49ms, mfu 1.65%
iter 2419: loss 20.3534, time 469.12ms, mfu 1.64%
iter 2420: loss 21.3086, time 360.09ms, mfu 1.68%
iter 2421: loss 21.3280, time 599.51ms, mfu 1.63%
iter 2422: loss 20.3952, time 348.68ms, mfu 1.67%
iter 2423: loss 21.1627, time 467.54ms, mfu 1.66%
iter 2424: loss 20.8028, time 353.00ms, mfu 1.69%
iter 2425: loss 21.7589, time 305.99ms, mfu 1.76%
iter 2426: loss 20.1713, time 431.61ms, mfu 1.75%
iter 2427: loss 21.6053, time 576.74ms, mfu 1.70%
iter 2428: loss 21.2710, time 388.76ms, mfu 1.71%
iter 2429: loss 21.1272, time 385.57ms, mfu 1.73%
iter 2430: loss 20.1943, time 504.31ms, mfu 1.70%
iter 2431: loss 20.8374, time 545.65ms, mfu 1.66%
iter 2432: loss 19.9873, time 410.64ms, mfu 1.67%
iter 2433: loss 20.4680, time 362.34ms, mfu 1.70%
iter 2434: loss 20.6733, time 560.87ms, mfu 1.66%
iter 2435: loss 21.1246, time 374.81ms, mfu 1.68%
iter 2436: loss 21.4360, time 541.55ms, mfu 1.65%
iter 2437: loss 21.0840, time 544.00ms, mfu 1.61%
iter 2438: loss 20.9473, time 448.41ms, mfu 1.61%
iter 2439: loss 21.4563, time 487.00ms, mfu 1.60%
iter 2440: loss 21.6316, time 373.48ms, mfu 1.63%
iter 2441: loss 21.4134, time 435.51ms, mfu 1.63%
iter 2442: loss 21.1195, time 467.71ms, mfu 1.62%
iter 2443: loss 20.9977, time 445.65ms, mfu 1.62%
iter 2444: loss 21.4849, time 452.93ms, mfu 1.62%
iter 2445: loss 20.8260, time 381.07ms, mfu 1.64%
iter 2446: loss 21.8469, time 468.22ms, mfu 1.63%
iter 2447: loss 20.8155, time 425.69ms, mfu 1.64%
iter 2448: loss 21.3477, time 356.18ms, mfu 1.67%
iter 2449: loss 21.2066, time 438.27ms, mfu 1.67%
iter 2450: loss 21.1920, time 352.76ms, mfu 1.71%
iter 2451: loss 20.8217, time 483.56ms, mfu 1.68%
iter 2452: loss 20.4874, time 296.79ms, mfu 1.76%
iter 2453: loss 20.8072, time 453.15ms, mfu 1.74%
iter 2454: loss 21.3419, time 411.47ms, mfu 1.74%
iter 2455: loss 21.5079, time 231.85ms, mfu 1.87%
iter 2456: loss 20.6054, time 473.99ms, mfu 1.84%
iter 2457: loss 21.7059, time 396.55ms, mfu 1.84%
iter 2458: loss 20.7612, time 437.05ms, mfu 1.82%
iter 2459: loss 21.1612, time 405.10ms, mfu 1.81%
iter 2460: loss 21.5034, time 484.15ms, mfu 1.78%
iter 2461: loss 20.8966, time 476.77ms, mfu 1.75%
iter 2462: loss 21.2004, time 505.74ms, mfu 1.72%
iter 2463: loss 20.9653, time 447.24ms, mfu 1.71%
iter 2464: loss 21.5585, time 355.62ms, mfu 1.74%
iter 2465: loss 21.0773, time 468.70ms, mfu 1.72%
iter 2466: loss 20.8293, time 441.24ms, mfu 1.71%
iter 2467: loss 20.8605, time 494.11ms, mfu 1.68%
iter 2468: loss 21.0880, time 303.94ms, mfu 1.75%
iter 2469: loss 21.4987, time 469.85ms, mfu 1.73%
iter 2470: loss 20.7158, time 426.93ms, mfu 1.72%
iter 2471: loss 20.9573, time 358.98ms, mfu 1.75%
iter 2472: loss 20.8437, time 398.53ms, mfu 1.75%
iter 2473: loss 20.0670, time 379.78ms, mfu 1.77%
iter 2474: loss 21.6681, time 339.13ms, mfu 1.80%
iter 2475: loss 21.2657, time 352.77ms, mfu 1.82%
iter 2476: loss 21.1613, time 331.28ms, mfu 1.86%
iter 2477: loss 20.8006, time 385.83ms, mfu 1.86%
iter 2478: loss 20.8535, time 522.76ms, mfu 1.81%
iter 2479: loss 20.7127, time 482.50ms, mfu 1.78%
iter 2480: loss 20.5825, time 331.68ms, mfu 1.82%
iter 2481: loss 21.1128, time 340.60ms, mfu 1.84%
iter 2482: loss 20.2079, time 322.66ms, mfu 1.88%
iter 2483: loss 21.6482, time 535.19ms, mfu 1.83%
iter 2484: loss 21.2777, time 323.24ms, mfu 1.87%
iter 2485: loss 21.1828, time 616.04ms, mfu 1.80%
iter 2486: loss 20.9801, time 518.03ms, mfu 1.75%
iter 2487: loss 20.7120, time 407.85ms, mfu 1.75%
iter 2488: loss 21.2504, time 405.90ms, mfu 1.76%
iter 2489: loss 21.1666, time 571.16ms, mfu 1.71%
iter 2490: loss 20.9908, time 313.70ms, mfu 1.76%
iter 2491: loss 21.3597, time 555.84ms, mfu 1.72%
iter 2492: loss 20.9497, time 371.17ms, mfu 1.74%
iter 2493: loss 20.4369, time 533.83ms, mfu 1.70%
iter 2494: loss 21.3893, time 365.78ms, mfu 1.72%
iter 2495: loss 20.5110, time 380.79ms, mfu 1.74%
iter 2496: loss 20.1702, time 512.37ms, mfu 1.71%
iter 2497: loss 20.5296, time 439.72ms, mfu 1.70%
iter 2498: loss 20.3040, time 368.03ms, mfu 1.72%
iter 2499: loss 21.0886, time 426.80ms, mfu 1.72%
iter 2500: loss 20.8511, time 711.43ms, mfu 1.65%
  === DIAG iter 2500 ===
  loss breakdown: text 0.2341 | num 4.1234 (lambda=5.0, mode=bins)
  grads: total 1.0000, transformer 0.2170, adapter 0.9733, num_head 0.0753
  nums: 880/3072 tokens (28.6%)
  lr: 5.98e-04
  layer_weights: [L0:0.078 L1:0.078 L2:0.078 L3:0.080 L4:0.086 L5:0.092 L6:0.087 L7:0.085 L8:0.084 L9:0.084 L10:0.083 L11:0.083]
iter 2501: loss 21.3052, time 265.66ms, mfu 1.75%
iter 2502: loss 20.3511, time 367.22ms, mfu 1.77%
iter 2503: loss 20.8493, time 484.31ms, mfu 1.74%
iter 2504: loss 21.0470, time 352.77ms, mfu 1.77%
iter 2505: loss 21.4758, time 380.71ms, mfu 1.78%
iter 2506: loss 20.7505, time 401.48ms, mfu 1.78%
iter 2507: loss 21.1440, time 403.50ms, mfu 1.78%
iter 2508: loss 21.1547, time 416.05ms, mfu 1.78%
iter 2509: loss 20.7724, time 426.55ms, mfu 1.77%
iter 2510: loss 20.9348, time 331.68ms, mfu 1.81%
iter 2511: loss 20.1734, time 485.34ms, mfu 1.77%
iter 2512: loss 20.8904, time 437.38ms, mfu 1.76%
iter 2513: loss 21.3116, time 339.87ms, mfu 1.79%
iter 2514: loss 20.1681, time 534.40ms, mfu 1.75%
iter 2515: loss 21.0260, time 346.23ms, mfu 1.78%
iter 2516: loss 20.1924, time 400.99ms, mfu 1.78%
iter 2517: loss 20.6248, time 350.19ms, mfu 1.81%
iter 2518: loss 20.2016, time 582.06ms, mfu 1.75%
iter 2519: loss 20.0674, time 434.09ms, mfu 1.74%
iter 2520: loss 20.5217, time 362.22ms, mfu 1.76%
iter 2521: loss 20.2076, time 627.11ms, mfu 1.70%
iter 2522: loss 19.9260, time 357.00ms, mfu 1.73%
iter 2523: loss 21.0619, time 299.11ms, mfu 1.80%
iter 2524: loss 19.6134, time 450.31ms, mfu 1.78%
iter 2525: loss 20.6712, time 385.22ms, mfu 1.79%
iter 2526: loss 20.3096, time 424.25ms, mfu 1.78%
iter 2527: loss 21.1662, time 410.44ms, mfu 1.77%
iter 2528: loss 20.5678, time 397.04ms, mfu 1.78%
iter 2529: loss 20.7325, time 461.27ms, mfu 1.75%
iter 2530: loss 20.7772, time 621.27ms, mfu 1.69%
iter 2531: loss 20.4235, time 384.89ms, mfu 1.71%
iter 2532: loss 20.5293, time 396.21ms, mfu 1.72%
iter 2533: loss 20.5327, time 353.24ms, mfu 1.75%
iter 2534: loss 20.8997, time 360.10ms, mfu 1.78%
iter 2535: loss 20.6714, time 383.97ms, mfu 1.78%
iter 2536: loss 20.8499, time 473.13ms, mfu 1.76%
iter 2537: loss 20.7596, time 367.27ms, mfu 1.78%
iter 2538: loss 20.3953, time 462.45ms, mfu 1.75%
iter 2539: loss 20.5146, time 509.61ms, mfu 1.72%
iter 2540: loss 20.9465, time 445.44ms, mfu 1.71%
iter 2541: loss 20.6221, time 496.51ms, mfu 1.68%
iter 2542: loss 20.9120, time 474.60ms, mfu 1.66%
iter 2543: loss 21.1043, time 318.18ms, mfu 1.72%
iter 2544: loss 21.1274, time 357.41ms, mfu 1.75%
iter 2545: loss 20.7183, time 354.78ms, mfu 1.78%
iter 2546: loss 20.9665, time 316.41ms, mfu 1.83%
iter 2547: loss 20.9535, time 504.64ms, mfu 1.79%
iter 2548: loss 20.7669, time 511.92ms, mfu 1.75%
iter 2549: loss 21.1339, time 424.24ms, mfu 1.74%
iter 2550: loss 21.2032, time 513.14ms, mfu 1.71%
iter 2551: loss 21.3199, time 387.95ms, mfu 1.72%
iter 2552: loss 20.2343, time 423.58ms, mfu 1.72%
iter 2553: loss 21.0086, time 405.07ms, mfu 1.72%
iter 2554: loss 21.1076, time 453.01ms, mfu 1.71%
iter 2555: loss 21.2385, time 317.84ms, mfu 1.76%
iter 2556: loss 21.8123, time 515.59ms, mfu 1.73%
iter 2557: loss 20.6099, time 314.93ms, mfu 1.78%
iter 2558: loss 21.0239, time 349.04ms, mfu 1.81%
iter 2559: loss 21.2111, time 464.76ms, mfu 1.78%
iter 2560: loss 21.0901, time 449.30ms, mfu 1.76%
iter 2561: loss 20.9146, time 371.19ms, mfu 1.78%
iter 2562: loss 20.9783, time 366.28ms, mfu 1.80%
iter 2563: loss 20.5242, time 503.70ms, mfu 1.76%
iter 2564: loss 20.6313, time 437.35ms, mfu 1.75%
iter 2565: loss 20.3771, time 545.58ms, mfu 1.70%
iter 2566: loss 20.9301, time 499.93ms, mfu 1.68%
iter 2567: loss 20.7277, time 464.90ms, mfu 1.66%
iter 2568: loss 20.3823, time 490.59ms, mfu 1.64%
iter 2569: loss 20.4210, time 481.34ms, mfu 1.63%
iter 2570: loss 20.7180, time 467.48ms, mfu 1.62%
iter 2571: loss 20.4218, time 438.41ms, mfu 1.62%
iter 2572: loss 20.9767, time 397.81ms, mfu 1.64%
iter 2573: loss 20.4378, time 408.22ms, mfu 1.65%
iter 2574: loss 20.4083, time 472.08ms, mfu 1.64%
iter 2575: loss 20.2883, time 471.93ms, mfu 1.62%
iter 2576: loss 20.8151, time 440.47ms, mfu 1.62%
iter 2577: loss 19.9927, time 585.13ms, mfu 1.58%
iter 2578: loss 20.6025, time 556.21ms, mfu 1.56%
iter 2579: loss 21.0795, time 376.74ms, mfu 1.59%
iter 2580: loss 20.9705, time 509.76ms, mfu 1.57%
iter 2581: loss 19.9782, time 345.74ms, mfu 1.62%
iter 2582: loss 20.1507, time 337.45ms, mfu 1.67%
iter 2583: loss 21.2488, time 542.13ms, mfu 1.64%
iter 2584: loss 21.3923, time 437.60ms, mfu 1.64%
iter 2585: loss 20.9097, time 427.48ms, mfu 1.64%
iter 2586: loss 20.9672, time 432.90ms, mfu 1.64%
iter 2587: loss 20.1092, time 415.61ms, mfu 1.65%
iter 2588: loss 20.2893, time 390.25ms, mfu 1.67%
iter 2589: loss 20.8381, time 622.73ms, mfu 1.62%
iter 2590: loss 20.4344, time 483.76ms, mfu 1.60%
iter 2591: loss 21.9033, time 467.51ms, mfu 1.60%
iter 2592: loss 21.2545, time 516.09ms, mfu 1.58%
iter 2593: loss 21.2855, time 362.88ms, mfu 1.62%
iter 2594: loss 20.4110, time 493.24ms, mfu 1.60%
iter 2595: loss 21.0441, time 346.89ms, mfu 1.65%
iter 2596: loss 20.7447, time 471.80ms, mfu 1.63%
iter 2597: loss 20.8641, time 575.14ms, mfu 1.59%
iter 2598: loss 20.9596, time 579.74ms, mfu 1.56%
iter 2599: loss 20.9616, time 341.14ms, mfu 1.61%
iter 2600: loss 21.1789, time 861.34ms, mfu 1.53%
  === DIAG iter 2600 ===
  loss breakdown: text 0.2296 | num 4.1898 (lambda=5.0, mode=bins)
  grads: total 1.0000, transformer 0.4335, adapter 0.8911, num_head 0.1340
  nums: 932/3072 tokens (30.3%)
  lr: 5.97e-04
  layer_weights: [L0:0.077 L1:0.077 L2:0.077 L3:0.079 L4:0.086 L5:0.092 L6:0.088 L7:0.086 L8:0.085 L9:0.084 L10:0.084 L11:0.083]
iter 2601: loss 20.5582, time 209.14ms, mfu 1.72%
iter 2602: loss 21.4524, time 407.84ms, mfu 1.73%
iter 2603: loss 20.8344, time 361.40ms, mfu 1.75%
iter 2604: loss 20.7174, time 394.04ms, mfu 1.76%
iter 2605: loss 20.2869, time 505.11ms, mfu 1.73%
iter 2606: loss 21.4316, time 409.43ms, mfu 1.73%
iter 2607: loss 20.9402, time 452.12ms, mfu 1.71%
iter 2608: loss 20.7692, time 454.98ms, mfu 1.70%
iter 2609: loss 20.3892, time 391.08ms, mfu 1.71%
iter 2610: loss 21.4242, time 465.11ms, mfu 1.70%
iter 2611: loss 20.1193, time 482.53ms, mfu 1.67%
iter 2612: loss 20.0561, time 407.13ms, mfu 1.68%
iter 2613: loss 20.4306, time 337.92ms, mfu 1.73%
iter 2614: loss 20.8389, time 441.81ms, mfu 1.72%
iter 2615: loss 20.8677, time 422.87ms, mfu 1.71%
iter 2616: loss 21.1428, time 347.13ms, mfu 1.75%
iter 2617: loss 20.6220, time 416.91ms, mfu 1.75%
iter 2618: loss 20.2454, time 356.15ms, mfu 1.77%
iter 2619: loss 21.1429, time 537.58ms, mfu 1.73%
iter 2620: loss 19.6814, time 408.37ms, mfu 1.73%
iter 2621: loss 20.9152, time 407.14ms, mfu 1.73%
iter 2622: loss 20.3474, time 328.57ms, mfu 1.78%
iter 2623: loss 20.9553, time 446.06ms, mfu 1.76%
iter 2624: loss 20.7415, time 432.12ms, mfu 1.75%
iter 2625: loss 20.8143, time 589.88ms, mfu 1.70%
iter 2626: loss 20.5752, time 420.20ms, mfu 1.70%
iter 2627: loss 21.2618, time 418.16ms, mfu 1.70%
iter 2628: loss 20.2109, time 441.99ms, mfu 1.69%
iter 2629: loss 20.3002, time 285.72ms, mfu 1.77%
iter 2630: loss 20.1007, time 343.03ms, mfu 1.80%
iter 2631: loss 20.8035, time 455.02ms, mfu 1.78%
iter 2632: loss 20.0402, time 470.03ms, mfu 1.76%
iter 2633: loss 20.9639, time 419.00ms, mfu 1.75%
iter 2634: loss 20.3800, time 539.21ms, mfu 1.71%
iter 2635: loss 20.4456, time 482.06ms, mfu 1.69%
iter 2636: loss 20.2017, time 478.08ms, mfu 1.67%
iter 2637: loss 20.3203, time 423.52ms, mfu 1.67%
iter 2638: loss 20.5689, time 418.40ms, mfu 1.67%
iter 2639: loss 20.4772, time 518.92ms, mfu 1.65%
iter 2640: loss 20.4827, time 394.64ms, mfu 1.66%
iter 2641: loss 20.3289, time 452.97ms, mfu 1.65%
iter 2642: loss 20.2004, time 380.62ms, mfu 1.68%
iter 2643: loss 21.0090, time 305.68ms, mfu 1.74%
iter 2644: loss 20.6987, time 436.86ms, mfu 1.73%
iter 2645: loss 19.8698, time 453.50ms, mfu 1.72%
iter 2646: loss 20.8951, time 439.68ms, mfu 1.71%
iter 2647: loss 20.8506, time 428.90ms, mfu 1.71%
iter 2648: loss 20.7349, time 595.44ms, mfu 1.66%
iter 2649: loss 20.9517, time 379.65ms, mfu 1.68%
iter 2650: loss 20.4840, time 469.67ms, mfu 1.66%
iter 2651: loss 20.8524, time 424.83ms, mfu 1.67%
iter 2652: loss 20.9811, time 489.68ms, mfu 1.65%
iter 2653: loss 20.6988, time 488.03ms, mfu 1.63%
iter 2654: loss 20.1868, time 482.61ms, mfu 1.61%
iter 2655: loss 20.8555, time 451.14ms, mfu 1.61%
iter 2656: loss 20.7412, time 472.13ms, mfu 1.60%
iter 2657: loss 20.7345, time 497.03ms, mfu 1.59%
iter 2658: loss 20.8926, time 472.66ms, mfu 1.58%
iter 2659: loss 20.5173, time 428.00ms, mfu 1.59%
iter 2660: loss 20.1753, time 446.78ms, mfu 1.59%
iter 2661: loss 20.7776, time 492.66ms, mfu 1.58%
iter 2662: loss 20.6694, time 328.43ms, mfu 1.64%
iter 2663: loss 21.1457, time 466.12ms, mfu 1.63%
iter 2664: loss 20.5587, time 315.29ms, mfu 1.69%
iter 2665: loss 21.4350, time 459.15ms, mfu 1.68%
iter 2666: loss 20.9365, time 383.09ms, mfu 1.70%
iter 2667: loss 21.2036, time 490.18ms, mfu 1.67%
iter 2668: loss 21.4264, time 325.38ms, mfu 1.73%
iter 2669: loss 20.5254, time 389.66ms, mfu 1.74%
iter 2670: loss 20.9026, time 396.84ms, mfu 1.74%
iter 2671: loss 21.0590, time 437.44ms, mfu 1.73%
iter 2672: loss 21.5468, time 331.65ms, mfu 1.78%
iter 2673: loss 20.8131, time 494.47ms, mfu 1.74%
iter 2674: loss 20.7305, time 371.74ms, mfu 1.76%
iter 2675: loss 21.1125, time 532.57ms, mfu 1.72%
iter 2676: loss 20.3554, time 469.59ms, mfu 1.70%
iter 2677: loss 21.0596, time 453.73ms, mfu 1.69%
iter 2678: loss 20.8640, time 326.30ms, mfu 1.74%
iter 2679: loss 21.2749, time 413.04ms, mfu 1.74%
iter 2680: loss 20.7503, time 303.26ms, mfu 1.80%
iter 2681: loss 21.0305, time 343.41ms, mfu 1.83%
iter 2682: loss 20.5031, time 350.25ms, mfu 1.85%
iter 2683: loss 20.6787, time 413.19ms, mfu 1.84%
iter 2684: loss 20.3520, time 481.23ms, mfu 1.80%
iter 2685: loss 20.2004, time 467.44ms, mfu 1.78%
iter 2686: loss 20.0141, time 363.11ms, mfu 1.80%
iter 2687: loss 19.8040, time 425.68ms, mfu 1.79%
iter 2688: loss 20.0766, time 615.19ms, mfu 1.72%
iter 2689: loss 20.1627, time 498.95ms, mfu 1.69%
iter 2690: loss 20.2815, time 268.19ms, mfu 1.79%
iter 2691: loss 19.7099, time 550.64ms, mfu 1.74%
iter 2692: loss 21.0230, time 408.17ms, mfu 1.74%
iter 2693: loss 20.2775, time 457.99ms, mfu 1.73%
iter 2694: loss 21.3774, time 608.19ms, mfu 1.67%
iter 2695: loss 21.1250, time 390.42ms, mfu 1.69%
iter 2696: loss 21.0182, time 354.69ms, mfu 1.72%
iter 2697: loss 20.6070, time 335.41ms, mfu 1.76%
iter 2698: loss 20.6335, time 384.69ms, mfu 1.77%
iter 2699: loss 20.5120, time 316.63ms, mfu 1.82%
iter 2700: loss 20.7490, time 726.06ms, mfu 1.74%
  === DIAG iter 2700 ===
  loss breakdown: text 0.2264 | num 4.1045 (lambda=5.0, mode=bins)
  grads: total 1.0000, transformer 0.1807, adapter 0.9820, num_head 0.0555
  nums: 867/3072 tokens (28.2%)
  lr: 5.96e-04
  layer_weights: [L0:0.076 L1:0.076 L2:0.077 L3:0.079 L4:0.087 L5:0.092 L6:0.089 L7:0.087 L8:0.086 L9:0.085 L10:0.084 L11:0.083]
iter 2701: loss 20.6526, time 209.00ms, mfu 1.91%
iter 2702: loss 20.8330, time 391.74ms, mfu 1.90%
iter 2703: loss 19.9899, time 308.33ms, mfu 1.94%
iter 2704: loss 20.6107, time 553.29ms, mfu 1.88%
iter 2705: loss 20.7617, time 559.15ms, mfu 1.82%
iter 2706: loss 20.9949, time 243.72ms, mfu 1.93%
iter 2707: loss 21.0805, time 565.79ms, mfu 1.86%
iter 2708: loss 21.8420, time 540.15ms, mfu 1.81%
iter 2709: loss 20.8190, time 431.77ms, mfu 1.79%
iter 2710: loss 19.7689, time 381.80ms, mfu 1.80%
iter 2711: loss 21.1619, time 444.42ms, mfu 1.78%
iter 2712: loss 21.1699, time 387.39ms, mfu 1.79%
iter 2713: loss 21.1272, time 478.03ms, mfu 1.76%
iter 2714: loss 20.3603, time 425.52ms, mfu 1.75%
iter 2715: loss 21.2943, time 383.63ms, mfu 1.76%
iter 2716: loss 21.0452, time 271.85ms, mfu 1.85%
iter 2717: loss 20.8105, time 450.60ms, mfu 1.83%
iter 2718: loss 20.5568, time 449.92ms, mfu 1.80%
iter 2719: loss 20.9617, time 362.43ms, mfu 1.82%
iter 2720: loss 20.7340, time 570.02ms, mfu 1.76%
iter 2721: loss 20.3360, time 275.23ms, mfu 1.85%
iter 2722: loss 20.9273, time 534.23ms, mfu 1.80%
iter 2723: loss 20.9387, time 367.99ms, mfu 1.81%
iter 2724: loss 20.7798, time 612.07ms, mfu 1.75%
iter 2725: loss 21.0699, time 326.52ms, mfu 1.79%
iter 2726: loss 21.8824, time 596.51ms, mfu 1.73%
iter 2727: loss 20.9213, time 366.41ms, mfu 1.76%
iter 2728: loss 20.7045, time 544.64ms, mfu 1.71%
iter 2729: loss 21.4114, time 525.14ms, mfu 1.68%
iter 2730: loss 21.2022, time 344.97ms, mfu 1.72%
iter 2731: loss 20.8230, time 466.57ms, mfu 1.70%
iter 2732: loss 21.5062, time 418.89ms, mfu 1.70%
iter 2733: loss 21.0939, time 398.98ms, mfu 1.71%
iter 2734: loss 20.3761, time 327.12ms, mfu 1.76%
iter 2735: loss 20.4342, time 342.16ms, mfu 1.79%
iter 2736: loss 20.5803, time 546.66ms, mfu 1.74%
iter 2737: loss 21.3657, time 529.66ms, mfu 1.70%
iter 2738: loss 21.2294, time 519.09ms, mfu 1.67%
iter 2739: loss 20.2576, time 354.83ms, mfu 1.71%
iter 2740: loss 20.3597, time 476.34ms, mfu 1.69%
iter 2741: loss 20.3255, time 385.72ms, mfu 1.70%
iter 2742: loss 20.4287, time 352.48ms, mfu 1.74%
iter 2743: loss 20.6885, time 403.15ms, mfu 1.74%
iter 2744: loss 20.8327, time 472.21ms, mfu 1.72%
iter 2745: loss 20.9037, time 328.81ms, mfu 1.76%
iter 2746: loss 21.0617, time 451.67ms, mfu 1.75%
iter 2747: loss 20.5401, time 453.25ms, mfu 1.73%
iter 2748: loss 20.9412, time 465.50ms, mfu 1.71%
iter 2749: loss 21.0787, time 407.02ms, mfu 1.72%
iter 2750: loss 20.6302, time 545.34ms, mfu 1.68%
iter 2751: loss 19.6443, time 437.35ms, mfu 1.67%
iter 2752: loss 19.2681, time 338.85ms, mfu 1.72%
iter 2753: loss 20.0856, time 320.89ms, mfu 1.77%
iter 2754: loss 19.7825, time 368.64ms, mfu 1.79%
iter 2755: loss 20.2703, time 403.82ms, mfu 1.78%
iter 2756: loss 20.5077, time 299.06ms, mfu 1.85%
iter 2757: loss 20.3948, time 338.66ms, mfu 1.87%
iter 2758: loss 19.9483, time 381.94ms, mfu 1.87%
iter 2759: loss 20.2396, time 432.75ms, mfu 1.85%
iter 2760: loss 20.2009, time 374.87ms, mfu 1.86%
iter 2761: loss 20.2604, time 482.32ms, mfu 1.82%
iter 2762: loss 20.4634, time 418.18ms, mfu 1.81%
iter 2763: loss 20.2056, time 452.49ms, mfu 1.79%
iter 2764: loss 20.8909, time 436.75ms, mfu 1.77%
iter 2765: loss 20.3282, time 625.92ms, mfu 1.71%
iter 2766: loss 20.4490, time 504.08ms, mfu 1.68%
iter 2767: loss 20.7293, time 485.93ms, mfu 1.66%
iter 2768: loss 20.2014, time 566.76ms, mfu 1.62%
iter 2769: loss 20.0612, time 347.22ms, mfu 1.66%
iter 2770: loss 19.6594, time 391.57ms, mfu 1.68%
iter 2771: loss 20.4284, time 514.87ms, mfu 1.65%
iter 2772: loss 21.0608, time 543.00ms, mfu 1.62%
iter 2773: loss 19.7122, time 442.77ms, mfu 1.62%
iter 2774: loss 20.3954, time 428.99ms, mfu 1.62%
iter 2775: loss 20.3974, time 445.19ms, mfu 1.62%
iter 2776: loss 20.3403, time 496.92ms, mfu 1.60%
iter 2777: loss 20.3015, time 495.42ms, mfu 1.59%
iter 2778: loss 20.5661, time 482.82ms, mfu 1.58%
iter 2779: loss 20.8381, time 632.16ms, mfu 1.53%
iter 2780: loss 20.4658, time 430.96ms, mfu 1.55%
iter 2781: loss 20.8009, time 425.28ms, mfu 1.56%
iter 2782: loss 20.1269, time 414.23ms, mfu 1.58%
iter 2783: loss 20.6054, time 517.82ms, mfu 1.56%
iter 2784: loss 20.7716, time 315.90ms, mfu 1.63%
iter 2785: loss 20.2326, time 430.53ms, mfu 1.63%
iter 2786: loss 20.6704, time 253.91ms, mfu 1.75%
iter 2787: loss 21.2415, time 355.72ms, mfu 1.78%
iter 2788: loss 21.3499, time 538.47ms, mfu 1.73%
iter 2789: loss 21.1087, time 342.29ms, mfu 1.77%
iter 2790: loss 21.5094, time 437.16ms, mfu 1.76%
iter 2791: loss 21.5410, time 677.48ms, mfu 1.69%
iter 2792: loss 21.0312, time 350.83ms, mfu 1.72%
iter 2793: loss 20.8156, time 442.20ms, mfu 1.71%
iter 2794: loss 20.9319, time 406.53ms, mfu 1.72%
iter 2795: loss 21.1800, time 521.03ms, mfu 1.68%
iter 2796: loss 21.3762, time 423.79ms, mfu 1.68%
iter 2797: loss 21.3829, time 386.51ms, mfu 1.70%
iter 2798: loss 21.2843, time 338.64ms, mfu 1.74%
iter 2799: loss 21.0076, time 475.19ms, mfu 1.72%
iter 2800: loss 20.9250, time 648.06ms, mfu 1.66%
  === DIAG iter 2800 ===
  loss breakdown: text 0.2388 | num 4.1372 (lambda=5.0, mode=bins)
  grads: total 1.0000, transformer 0.1862, adapter 0.9799, num_head 0.0716
  nums: 854/3072 tokens (27.8%)
  lr: 5.95e-04
  layer_weights: [L0:0.076 L1:0.076 L2:0.076 L3:0.079 L4:0.087 L5:0.092 L6:0.089 L7:0.087 L8:0.086 L9:0.085 L10:0.084 L11:0.083]
iter 2801: loss 20.9644, time 262.23ms, mfu 1.76%
iter 2802: loss 20.3793, time 330.62ms, mfu 1.80%
iter 2803: loss 20.1217, time 602.04ms, mfu 1.74%
iter 2804: loss 20.5229, time 485.33ms, mfu 1.72%
iter 2805: loss 21.2578, time 598.23ms, mfu 1.66%
iter 2806: loss 20.5451, time 550.19ms, mfu 1.63%
iter 2807: loss 19.3901, time 304.70ms, mfu 1.70%
iter 2808: loss 20.6094, time 462.57ms, mfu 1.69%
iter 2809: loss 20.7847, time 381.40ms, mfu 1.70%
iter 2810: loss 21.1473, time 487.25ms, mfu 1.68%
iter 2811: loss 20.3779, time 329.53ms, mfu 1.73%
iter 2812: loss 21.2909, time 442.49ms, mfu 1.72%
iter 2813: loss 20.5308, time 471.34ms, mfu 1.70%
iter 2814: loss 20.7146, time 534.64ms, mfu 1.66%
iter 2815: loss 20.6784, time 447.01ms, mfu 1.66%
iter 2816: loss 20.9020, time 418.11ms, mfu 1.66%
iter 2817: loss 20.8737, time 435.98ms, mfu 1.66%
iter 2818: loss 21.1796, time 496.49ms, mfu 1.64%
iter 2819: loss 20.8117, time 371.69ms, mfu 1.67%
iter 2820: loss 20.5871, time 498.29ms, mfu 1.65%
iter 2821: loss 19.9878, time 321.46ms, mfu 1.70%
iter 2822: loss 21.1232, time 284.22ms, mfu 1.79%
iter 2823: loss 20.2357, time 433.18ms, mfu 1.77%
iter 2824: loss 21.1912, time 400.69ms, mfu 1.77%
iter 2825: loss 21.5052, time 535.53ms, mfu 1.73%
iter 2826: loss 20.4260, time 517.17ms, mfu 1.70%
iter 2827: loss 20.9227, time 374.79ms, mfu 1.72%
iter 2828: loss 20.4745, time 472.07ms, mfu 1.70%
iter 2829: loss 20.3234, time 366.31ms, mfu 1.72%
iter 2830: loss 20.1898, time 560.76ms, mfu 1.68%
iter 2831: loss 20.0774, time 385.57ms, mfu 1.70%
iter 2832: loss 20.4144, time 648.19ms, mfu 1.64%
iter 2833: loss 20.5432, time 331.46ms, mfu 1.69%
iter 2834: loss 20.7299, time 515.84ms, mfu 1.66%
iter 2835: loss 20.2462, time 528.90ms, mfu 1.63%
iter 2836: loss 21.1060, time 528.07ms, mfu 1.60%
iter 2837: loss 20.1285, time 506.03ms, mfu 1.58%
iter 2838: loss 19.8087, time 341.38ms, mfu 1.63%
iter 2839: loss 20.5512, time 408.63ms, mfu 1.65%
iter 2840: loss 20.4030, time 398.11ms, mfu 1.66%
iter 2841: loss 20.5130, time 340.80ms, mfu 1.71%
iter 2842: loss 20.9543, time 456.56ms, mfu 1.69%
iter 2843: loss 19.5929, time 415.74ms, mfu 1.70%
iter 2844: loss 20.4930, time 482.18ms, mfu 1.67%
iter 2845: loss 21.1343, time 392.04ms, mfu 1.69%
iter 2846: loss 20.8084, time 462.43ms, mfu 1.68%
iter 2847: loss 21.1663, time 483.81ms, mfu 1.66%
iter 2848: loss 20.2026, time 511.24ms, mfu 1.63%
iter 2849: loss 20.0636, time 394.51ms, mfu 1.65%
iter 2850: loss 19.7840, time 417.18ms, mfu 1.66%
iter 2851: loss 20.1520, time 379.78ms, mfu 1.68%
iter 2852: loss 20.6994, time 539.92ms, mfu 1.64%
iter 2853: loss 20.2921, time 296.39ms, mfu 1.72%
iter 2854: loss 19.6222, time 391.98ms, mfu 1.73%
iter 2855: loss 19.4231, time 468.12ms, mfu 1.71%
iter 2856: loss 20.1567, time 539.15ms, mfu 1.67%
iter 2857: loss 20.4533, time 606.01ms, mfu 1.62%
iter 2858: loss 21.1022, time 458.54ms, mfu 1.62%
iter 2859: loss 20.9975, time 446.15ms, mfu 1.62%
iter 2860: loss 20.2596, time 497.62ms, mfu 1.60%
iter 2861: loss 20.3373, time 568.99ms, mfu 1.57%
iter 2862: loss 20.7673, time 454.78ms, mfu 1.57%
iter 2863: loss 20.9302, time 311.80ms, mfu 1.64%
iter 2864: loss 20.6210, time 473.85ms, mfu 1.63%
iter 2865: loss 21.0827, time 479.69ms, mfu 1.61%
iter 2866: loss 20.3819, time 443.53ms, mfu 1.61%
iter 2867: loss 21.3551, time 357.26ms, mfu 1.65%
iter 2868: loss 20.7724, time 394.94ms, mfu 1.67%
iter 2869: loss 20.7270, time 422.56ms, mfu 1.67%
iter 2870: loss 19.9794, time 447.67ms, mfu 1.66%
iter 2871: loss 20.8030, time 480.82ms, mfu 1.65%
iter 2872: loss 20.5223, time 517.94ms, mfu 1.62%
iter 2873: loss 20.1693, time 352.46ms, mfu 1.66%
iter 2874: loss 20.5537, time 419.46ms, mfu 1.67%
iter 2875: loss 20.2771, time 496.81ms, mfu 1.64%
iter 2876: loss 21.1548, time 420.75ms, mfu 1.65%
iter 2877: loss 20.3552, time 415.18ms, mfu 1.66%
iter 2878: loss 20.8784, time 375.48ms, mfu 1.68%
iter 2879: loss 20.1503, time 613.54ms, mfu 1.63%
iter 2880: loss 20.5835, time 426.70ms, mfu 1.64%
iter 2881: loss 21.1850, time 359.98ms, mfu 1.67%
iter 2882: loss 21.0620, time 506.54ms, mfu 1.65%
iter 2883: loss 21.0818, time 393.46ms, mfu 1.66%
iter 2884: loss 21.4375, time 440.20ms, mfu 1.66%
iter 2885: loss 20.6463, time 391.19ms, mfu 1.68%
iter 2886: loss 20.5884, time 408.73ms, mfu 1.68%
iter 2887: loss 20.0507, time 380.42ms, mfu 1.70%
iter 2888: loss 20.9787, time 331.61ms, mfu 1.75%
iter 2889: loss 20.6707, time 445.78ms, mfu 1.74%
iter 2890: loss 21.0438, time 407.09ms, mfu 1.74%
iter 2891: loss 20.4913, time 400.33ms, mfu 1.74%
iter 2892: loss 21.1346, time 375.53ms, mfu 1.76%
iter 2893: loss 20.5995, time 459.63ms, mfu 1.74%
iter 2894: loss 20.5737, time 498.57ms, mfu 1.71%
iter 2895: loss 20.5372, time 401.53ms, mfu 1.72%
iter 2896: loss 20.6273, time 587.10ms, mfu 1.67%
iter 2897: loss 21.1598, time 464.62ms, mfu 1.65%
iter 2898: loss 20.2512, time 368.79ms, mfu 1.68%
iter 2899: loss 20.3062, time 509.57ms, mfu 1.66%
iter 2900: loss 20.2416, time 653.87ms, mfu 1.60%
  === DIAG iter 2900 ===
  loss breakdown: text 0.2311 | num 4.0021 (lambda=5.0, mode=bins)
  grads: total 1.0000, transformer 0.1897, adapter 0.9793, num_head 0.0698
  nums: 902/3072 tokens (29.4%)
  lr: 5.94e-04
  layer_weights: [L0:0.076 L1:0.076 L2:0.076 L3:0.078 L4:0.087 L5:0.092 L6:0.090 L7:0.088 L8:0.086 L9:0.085 L10:0.084 L11:0.083]
iter 2901: loss 19.4062, time 261.19ms, mfu 1.71%
iter 2902: loss 20.3508, time 422.83ms, mfu 1.71%
iter 2903: loss 21.1048, time 590.09ms, mfu 1.66%
iter 2904: loss 20.4239, time 364.81ms, mfu 1.69%
iter 2905: loss 21.1215, time 443.06ms, mfu 1.68%
iter 2906: loss 19.6706, time 529.89ms, mfu 1.65%
iter 2907: loss 20.7492, time 575.97ms, mfu 1.61%
iter 2908: loss 20.7065, time 497.48ms, mfu 1.59%
iter 2909: loss 20.2801, time 431.55ms, mfu 1.60%
iter 2910: loss 20.3827, time 416.46ms, mfu 1.61%
iter 2911: loss 20.7871, time 479.29ms, mfu 1.60%
iter 2912: loss 20.7444, time 431.60ms, mfu 1.61%
iter 2913: loss 20.4847, time 663.41ms, mfu 1.55%
iter 2914: loss 20.1731, time 439.11ms, mfu 1.56%
iter 2915: loss 20.2715, time 412.69ms, mfu 1.58%
iter 2916: loss 20.2331, time 354.71ms, mfu 1.62%
iter 2917: loss 20.6657, time 521.95ms, mfu 1.60%
iter 2918: loss 21.0134, time 382.47ms, mfu 1.63%
iter 2919: loss 20.5727, time 497.51ms, mfu 1.61%
iter 2920: loss 20.2248, time 448.12ms, mfu 1.61%
iter 2921: loss 19.7616, time 647.01ms, mfu 1.56%
iter 2922: loss 20.3179, time 475.41ms, mfu 1.55%
iter 2923: loss 20.1959, time 483.49ms, mfu 1.54%
iter 2924: loss 20.2092, time 379.93ms, mfu 1.58%
iter 2925: loss 20.0292, time 419.02ms, mfu 1.59%
iter 2926: loss 20.6958, time 531.82ms, mfu 1.57%
iter 2927: loss 19.8828, time 473.99ms, mfu 1.56%
iter 2928: loss 19.9282, time 390.89ms, mfu 1.59%
iter 2929: loss 20.1885, time 347.25ms, mfu 1.64%
iter 2930: loss 19.9065, time 392.80ms, mfu 1.66%
iter 2931: loss 19.8942, time 338.67ms, mfu 1.70%
iter 2932: loss 20.6830, time 382.65ms, mfu 1.72%
iter 2933: loss 20.7124, time 554.04ms, mfu 1.68%
iter 2934: loss 20.1359, time 395.93ms, mfu 1.69%
iter 2935: loss 19.8538, time 334.97ms, mfu 1.73%
iter 2936: loss 20.7709, time 376.20ms, mfu 1.75%
iter 2937: loss 21.1086, time 457.45ms, mfu 1.73%
iter 2938: loss 20.3971, time 410.04ms, mfu 1.73%
iter 2939: loss 20.8935, time 474.88ms, mfu 1.71%
iter 2940: loss 20.8336, time 371.36ms, mfu 1.73%
iter 2941: loss 20.7956, time 552.74ms, mfu 1.69%
iter 2942: loss 20.7034, time 499.94ms, mfu 1.66%
iter 2943: loss 20.2264, time 493.15ms, mfu 1.64%
iter 2944: loss 20.2041, time 496.63ms, mfu 1.62%
iter 2945: loss 19.9701, time 559.85ms, mfu 1.59%
iter 2946: loss 20.8606, time 378.40ms, mfu 1.62%
iter 2947: loss 20.6030, time 461.94ms, mfu 1.61%
iter 2948: loss 20.2028, time 433.70ms, mfu 1.62%
iter 2949: loss 19.9823, time 521.21ms, mfu 1.59%
iter 2950: loss 20.9608, time 547.85ms, mfu 1.56%
iter 2951: loss 19.8422, time 494.10ms, mfu 1.55%
iter 2952: loss 21.2434, time 382.48ms, mfu 1.58%
iter 2953: loss 19.9760, time 563.84ms, mfu 1.55%
iter 2954: loss 20.2334, time 351.79ms, mfu 1.60%
iter 2955: loss 20.6744, time 574.57ms, mfu 1.57%
iter 2956: loss 20.1120, time 485.82ms, mfu 1.56%
iter 2957: loss 20.0638, time 314.47ms, mfu 1.63%
iter 2958: loss 20.6982, time 454.77ms, mfu 1.62%
iter 2959: loss 21.1846, time 325.00ms, mfu 1.68%
iter 2960: loss 21.2093, time 595.65ms, mfu 1.63%
iter 2961: loss 20.3103, time 268.45ms, mfu 1.74%
iter 2962: loss 20.2019, time 511.66ms, mfu 1.70%
iter 2963: loss 20.9132, time 492.38ms, mfu 1.68%
iter 2964: loss 20.9019, time 386.27ms, mfu 1.70%
iter 2965: loss 20.2135, time 438.02ms, mfu 1.69%
iter 2966: loss 20.8810, time 317.75ms, mfu 1.75%
iter 2967: loss 20.8207, time 309.93ms, mfu 1.80%
iter 2968: loss 20.3651, time 515.07ms, mfu 1.76%
iter 2969: loss 21.0649, time 455.47ms, mfu 1.74%
iter 2970: loss 20.6640, time 515.10ms, mfu 1.71%
iter 2971: loss 21.2362, time 424.34ms, mfu 1.71%
iter 2972: loss 21.1624, time 442.82ms, mfu 1.70%
iter 2973: loss 21.0958, time 330.81ms, mfu 1.74%
iter 2974: loss 20.8639, time 560.05ms, mfu 1.70%
iter 2975: loss 20.3454, time 411.30ms, mfu 1.70%
iter 2976: loss 20.7163, time 375.33ms, mfu 1.72%
iter 2977: loss 20.9619, time 545.27ms, mfu 1.68%
iter 2978: loss 19.9776, time 432.00ms, mfu 1.68%
iter 2979: loss 20.3678, time 603.96ms, mfu 1.63%
iter 2980: loss 19.4040, time 480.37ms, mfu 1.62%
iter 2981: loss 20.7253, time 377.54ms, mfu 1.64%
iter 2982: loss 21.0407, time 535.41ms, mfu 1.61%
iter 2983: loss 20.6977, time 462.05ms, mfu 1.61%
iter 2984: loss 21.2995, time 550.68ms, mfu 1.58%
iter 2985: loss 21.0827, time 344.18ms, mfu 1.63%
iter 2986: loss 21.1281, time 402.12ms, mfu 1.64%
iter 2987: loss 19.9847, time 331.09ms, mfu 1.69%
iter 2988: loss 21.1818, time 620.81ms, mfu 1.64%
iter 2989: loss 20.6587, time 322.14ms, mfu 1.70%
iter 2990: loss 20.5847, time 363.68ms, mfu 1.73%
iter 2991: loss 20.6984, time 408.53ms, mfu 1.73%
iter 2992: loss 20.1252, time 549.22ms, mfu 1.69%
iter 2993: loss 20.0799, time 427.20ms, mfu 1.69%
iter 2994: loss 20.1420, time 397.73ms, mfu 1.70%
iter 2995: loss 20.6261, time 531.52ms, mfu 1.66%
iter 2996: loss 20.4381, time 380.68ms, mfu 1.68%
iter 2997: loss 21.1130, time 439.77ms, mfu 1.68%
iter 2998: loss 21.2306, time 373.86ms, mfu 1.70%
iter 2999: loss 20.3580, time 289.94ms, mfu 1.78%
iter 3000: loss 20.4962, time 540.64ms, mfu 1.73%
  === DIAG iter 3000 ===
  loss breakdown: text 0.2245 | num 4.0543 (lambda=5.0, mode=bins)
  grads: total 1.0000, transformer 0.4899, adapter 0.8551, num_head 0.1695
  nums: 877/3072 tokens (28.5%)
  lr: 5.92e-04
  layer_weights: [L0:0.075 L1:0.075 L2:0.076 L3:0.078 L4:0.086 L5:0.091 L6:0.090 L7:0.088 L8:0.087 L9:0.086 L10:0.084 L11:0.083]
iter 3001: loss 20.3539, time 208.80ms, mfu 1.90%
iter 3002: loss 20.1705, time 517.53ms, mfu 1.85%
iter 3003: loss 20.4289, time 607.11ms, mfu 1.78%
iter 3004: loss 20.7349, time 406.47ms, mfu 1.78%
iter 3005: loss 20.5227, time 409.17ms, mfu 1.78%
iter 3006: loss 20.7542, time 540.41ms, mfu 1.73%
iter 3007: loss 20.2590, time 426.81ms, mfu 1.73%
iter 3008: loss 20.8913, time 476.29ms, mfu 1.71%
iter 3009: loss 20.0675, time 400.69ms, mfu 1.71%
iter 3010: loss 20.8215, time 338.92ms, mfu 1.75%
iter 3011: loss 21.5232, time 487.54ms, mfu 1.73%
iter 3012: loss 20.2632, time 329.30ms, mfu 1.77%
iter 3013: loss 20.1493, time 411.82ms, mfu 1.77%
iter 3014: loss 20.9398, time 489.86ms, mfu 1.74%
iter 3015: loss 20.4758, time 581.66ms, mfu 1.69%
iter 3016: loss 20.8695, time 367.78ms, mfu 1.71%
iter 3017: loss 20.3752, time 578.20ms, mfu 1.67%
iter 3018: loss 19.9409, time 390.17ms, mfu 1.68%
iter 3019: loss 20.0590, time 503.84ms, mfu 1.66%
iter 3020: loss 19.9652, time 463.27ms, mfu 1.65%
iter 3021: loss 21.0361, time 333.22ms, mfu 1.70%
iter 3022: loss 19.8141, time 369.36ms, mfu 1.72%
iter 3023: loss 19.2354, time 522.54ms, mfu 1.69%
iter 3024: loss 20.1544, time 493.71ms, mfu 1.66%
iter 3025: loss 20.7326, time 446.38ms, mfu 1.66%
iter 3026: loss 19.7814, time 420.23ms, mfu 1.66%
iter 3027: loss 21.3804, time 528.98ms, mfu 1.63%
iter 3028: loss 21.1317, time 512.23ms, mfu 1.61%
iter 3029: loss 20.9088, time 326.90ms, mfu 1.67%
iter 3030: loss 20.4389, time 350.73ms, mfu 1.70%
iter 3031: loss 20.8010, time 319.67ms, mfu 1.76%
iter 3032: loss 20.6176, time 371.68ms, mfu 1.77%
iter 3033: loss 21.0231, time 464.38ms, mfu 1.75%
iter 3034: loss 21.1441, time 285.70ms, mfu 1.83%
iter 3035: loss 20.3064, time 530.07ms, mfu 1.78%
iter 3036: loss 21.0160, time 719.03ms, mfu 1.70%
iter 3037: loss 20.5459, time 486.05ms, mfu 1.68%
iter 3038: loss 20.1779, time 443.75ms, mfu 1.67%
iter 3039: loss 20.0159, time 461.04ms, mfu 1.66%
iter 3040: loss 21.3284, time 371.76ms, mfu 1.69%
iter 3041: loss 20.4834, time 468.01ms, mfu 1.67%
iter 3042: loss 19.5295, time 446.01ms, mfu 1.66%
iter 3043: loss 20.4766, time 637.60ms, mfu 1.61%
iter 3044: loss 20.6263, time 384.98ms, mfu 1.64%
iter 3045: loss 20.1187, time 472.42ms, mfu 1.62%
iter 3046: loss 20.0853, time 572.59ms, mfu 1.59%
iter 3047: loss 21.4184, time 280.22ms, mfu 1.68%
iter 3048: loss 20.6356, time 560.55ms, mfu 1.64%
iter 3049: loss 20.5909, time 465.39ms, mfu 1.63%
iter 3050: loss 19.7337, time 524.65ms, mfu 1.61%
iter 3051: loss 20.7967, time 329.20ms, mfu 1.66%
iter 3052: loss 20.7156, time 447.28ms, mfu 1.66%
iter 3053: loss 19.6477, time 330.81ms, mfu 1.71%
iter 3054: loss 20.1552, time 394.41ms, mfu 1.72%
iter 3055: loss 20.4276, time 473.92ms, mfu 1.70%
iter 3056: loss 20.6189, time 375.47ms, mfu 1.72%
iter 3057: loss 20.0043, time 355.03ms, mfu 1.75%
iter 3058: loss 20.3206, time 343.77ms, mfu 1.78%
iter 3059: loss 21.4895, time 365.82ms, mfu 1.80%
iter 3060: loss 20.0164, time 572.30ms, mfu 1.75%
iter 3061: loss 20.0818, time 392.02ms, mfu 1.75%
iter 3062: loss 20.3723, time 560.14ms, mfu 1.71%
iter 3063: loss 20.5626, time 432.31ms, mfu 1.70%
iter 3064: loss 20.5820, time 369.39ms, mfu 1.73%
iter 3065: loss 19.9413, time 340.63ms, mfu 1.76%
iter 3066: loss 20.1479, time 391.82ms, mfu 1.77%
iter 3067: loss 20.3109, time 381.45ms, mfu 1.78%
iter 3068: loss 20.8334, time 339.78ms, mfu 1.81%
iter 3069: loss 20.1181, time 588.22ms, mfu 1.75%
iter 3070: loss 19.5395, time 379.91ms, mfu 1.77%
iter 3071: loss 20.0812, time 606.14ms, mfu 1.71%
iter 3072: loss 19.7763, time 462.12ms, mfu 1.69%
iter 3073: loss 19.4470, time 625.44ms, mfu 1.64%
iter 3074: loss 20.5791, time 388.96ms, mfu 1.66%
iter 3075: loss 19.2471, time 538.85ms, mfu 1.63%
iter 3076: loss 20.4986, time 464.31ms, mfu 1.62%
iter 3077: loss 19.4151, time 298.23ms, mfu 1.70%
iter 3078: loss 19.7181, time 419.39ms, mfu 1.70%
iter 3079: loss 20.4417, time 390.84ms, mfu 1.71%
iter 3080: loss 20.9934, time 581.03ms, mfu 1.66%
iter 3081: loss 21.1246, time 374.28ms, mfu 1.69%
iter 3082: loss 20.9933, time 417.45ms, mfu 1.69%
iter 3083: loss 20.4513, time 406.32ms, mfu 1.70%
iter 3084: loss 20.1240, time 331.31ms, mfu 1.74%
iter 3085: loss 19.3666, time 504.95ms, mfu 1.71%
iter 3086: loss 20.1207, time 603.64ms, mfu 1.66%
iter 3087: loss 19.7396, time 497.40ms, mfu 1.64%
iter 3088: loss 20.0499, time 370.04ms, mfu 1.67%
iter 3089: loss 19.7844, time 453.28ms, mfu 1.66%
iter 3090: loss 19.0767, time 406.58ms, mfu 1.67%
iter 3091: loss 20.6434, time 604.43ms, mfu 1.62%
iter 3092: loss 20.7706, time 304.32ms, mfu 1.69%
iter 3093: loss 21.4296, time 543.90ms, mfu 1.66%
iter 3094: loss 20.8769, time 547.97ms, mfu 1.62%
iter 3095: loss 20.1744, time 446.91ms, mfu 1.62%
iter 3096: loss 19.9978, time 493.75ms, mfu 1.60%
iter 3097: loss 20.6399, time 352.93ms, mfu 1.65%
iter 3098: loss 19.9106, time 479.84ms, mfu 1.63%
iter 3099: loss 20.1007, time 509.76ms, mfu 1.61%
iter 3100: loss 20.6216, time 790.02ms, mfu 1.54%
  === DIAG iter 3100 ===
  loss breakdown: text 0.2178 | num 4.0808 (lambda=5.0, mode=bins)
  grads: total 1.0000, transformer 0.1645, adapter 0.9853, num_head 0.0471
  nums: 893/3072 tokens (29.1%)
  lr: 5.91e-04
  layer_weights: [L0:0.075 L1:0.075 L2:0.075 L3:0.077 L4:0.086 L5:0.091 L6:0.091 L7:0.089 L8:0.088 L9:0.086 L10:0.085 L11:0.084]
iter 3101: loss 20.5506, time 251.49ms, mfu 1.67%
iter 3102: loss 19.7436, time 330.50ms, mfu 1.72%
iter 3103: loss 21.0680, time 391.69ms, mfu 1.73%
iter 3104: loss 19.7403, time 396.46ms, mfu 1.74%
iter 3105: loss 20.1191, time 409.40ms, mfu 1.74%
iter 3106: loss 20.3543, time 340.15ms, mfu 1.78%
iter 3107: loss 20.3564, time 466.57ms, mfu 1.75%
iter 3108: loss 21.1366, time 398.60ms, mfu 1.76%
iter 3109: loss 21.3690, time 489.53ms, mfu 1.73%
iter 3110: loss 20.3378, time 324.77ms, mfu 1.77%
iter 3111: loss 20.2109, time 612.64ms, mfu 1.71%
iter 3112: loss 20.7350, time 482.21ms, mfu 1.69%
iter 3113: loss 20.4676, time 590.79ms, mfu 1.64%
iter 3114: loss 20.2912, time 368.73ms, mfu 1.67%
iter 3115: loss 20.1941, time 321.97ms, mfu 1.73%
iter 3116: loss 20.4963, time 570.68ms, mfu 1.68%
iter 3117: loss 20.9076, time 355.29ms, mfu 1.71%
iter 3118: loss 20.5842, time 593.88ms, mfu 1.66%
iter 3119: loss 20.4699, time 438.91ms, mfu 1.66%
iter 3120: loss 20.6707, time 417.07ms, mfu 1.67%
iter 3121: loss 20.6873, time 300.15ms, mfu 1.74%
iter 3122: loss 20.4887, time 521.03ms, mfu 1.70%
iter 3123: loss 20.1122, time 463.65ms, mfu 1.69%
iter 3124: loss 20.4201, time 339.89ms, mfu 1.73%
iter 3125: loss 20.6282, time 364.48ms, mfu 1.75%
iter 3126: loss 21.0705, time 479.59ms, mfu 1.73%
iter 3127: loss 20.7991, time 641.47ms, mfu 1.67%
iter 3128: loss 20.1094, time 464.38ms, mfu 1.65%
iter 3129: loss 19.5746, time 671.13ms, mfu 1.59%
iter 3130: loss 20.9897, time 349.61ms, mfu 1.64%
iter 3131: loss 19.9399, time 469.06ms, mfu 1.63%
iter 3132: loss 18.7396, time 494.81ms, mfu 1.61%
iter 3133: loss 20.1099, time 376.68ms, mfu 1.64%
iter 3134: loss 20.3834, time 774.20ms, mfu 1.57%
iter 3135: loss 19.7986, time 401.96ms, mfu 1.59%
iter 3136: loss 19.8998, time 387.14ms, mfu 1.62%
iter 3137: loss 20.4740, time 363.99ms, mfu 1.65%
iter 3138: loss 20.0205, time 414.40ms, mfu 1.66%
iter 3139: loss 20.0900, time 572.36ms, mfu 1.62%
iter 3140: loss 20.2852, time 400.86ms, mfu 1.64%
iter 3141: loss 19.6124, time 568.52ms, mfu 1.60%
iter 3142: loss 20.0752, time 516.32ms, mfu 1.58%
iter 3143: loss 19.8618, time 573.03ms, mfu 1.54%
iter 3144: loss 20.2890, time 488.35ms, mfu 1.54%
iter 3145: loss 20.5629, time 440.93ms, mfu 1.55%
iter 3146: loss 19.6189, time 366.40ms, mfu 1.59%
iter 3147: loss 19.4768, time 656.89ms, mfu 1.54%
iter 3148: loss 19.8955, time 296.59ms, mfu 1.62%
iter 3149: loss 20.0173, time 432.83ms, mfu 1.63%
iter 3150: loss 20.3725, time 409.69ms, mfu 1.64%
iter 3151: loss 19.7165, time 388.59ms, mfu 1.66%
iter 3152: loss 19.7433, time 319.23ms, mfu 1.72%
iter 3153: loss 20.1154, time 400.53ms, mfu 1.73%
iter 3154: loss 20.1109, time 514.09ms, mfu 1.69%
iter 3155: loss 20.8359, time 476.69ms, mfu 1.67%
iter 3156: loss 20.5125, time 389.78ms, mfu 1.69%
iter 3157: loss 20.6708, time 467.24ms, mfu 1.67%
iter 3158: loss 20.6593, time 438.96ms, mfu 1.67%
iter 3159: loss 21.0909, time 350.06ms, mfu 1.71%
iter 3160: loss 20.6345, time 444.20ms, mfu 1.70%
iter 3161: loss 20.9863, time 423.96ms, mfu 1.70%
iter 3162: loss 19.9942, time 406.20ms, mfu 1.70%
iter 3163: loss 19.8476, time 421.99ms, mfu 1.70%
iter 3164: loss 21.2826, time 567.49ms, mfu 1.66%
iter 3165: loss 20.4098, time 350.45ms, mfu 1.70%
iter 3166: loss 20.6323, time 478.05ms, mfu 1.68%
iter 3167: loss 20.8700, time 433.50ms, mfu 1.68%
iter 3168: loss 21.7621, time 391.78ms, mfu 1.69%
iter 3169: loss 21.1354, time 423.13ms, mfu 1.69%
iter 3170: loss 21.1755, time 434.71ms, mfu 1.69%
iter 3171: loss 21.2289, time 308.89ms, mfu 1.75%
iter 3172: loss 21.1395, time 430.56ms, mfu 1.74%
iter 3173: loss 20.6681, time 652.18ms, mfu 1.68%
iter 3174: loss 20.0376, time 364.77ms, mfu 1.71%
iter 3175: loss 20.9934, time 316.78ms, mfu 1.76%
iter 3176: loss 20.5173, time 484.80ms, mfu 1.73%
iter 3177: loss 20.6697, time 562.34ms, mfu 1.69%
iter 3178: loss 20.6223, time 353.28ms, mfu 1.72%
iter 3179: loss 20.5402, time 431.65ms, mfu 1.72%
iter 3180: loss 20.9707, time 473.82ms, mfu 1.69%
iter 3181: loss 19.9702, time 346.13ms, mfu 1.73%
iter 3182: loss 20.5077, time 490.27ms, mfu 1.71%
iter 3183: loss 20.4111, time 422.09ms, mfu 1.70%
iter 3184: loss 21.2014, time 530.70ms, mfu 1.67%
iter 3185: loss 20.9579, time 329.44ms, mfu 1.72%
iter 3186: loss 20.7133, time 327.31ms, mfu 1.77%
iter 3187: loss 20.3521, time 374.83ms, mfu 1.78%
iter 3188: loss 20.8721, time 346.29ms, mfu 1.81%
iter 3189: loss 20.0626, time 509.78ms, mfu 1.77%
iter 3190: loss 19.9211, time 432.52ms, mfu 1.76%
iter 3191: loss 19.5944, time 461.39ms, mfu 1.74%
iter 3192: loss 20.3666, time 487.45ms, mfu 1.71%
iter 3193: loss 21.2386, time 529.02ms, mfu 1.68%
iter 3194: loss 19.4149, time 445.24ms, mfu 1.67%
iter 3195: loss 19.6809, time 413.66ms, mfu 1.67%
iter 3196: loss 20.4698, time 517.53ms, mfu 1.65%
iter 3197: loss 20.5001, time 526.57ms, mfu 1.62%
iter 3198: loss 19.4183, time 460.33ms, mfu 1.61%
iter 3199: loss 21.1239, time 369.83ms, mfu 1.64%
iter 3200: loss 20.4473, time 562.70ms, mfu 1.61%
  === DIAG iter 3200 ===
  loss breakdown: text 0.2341 | num 4.0426 (lambda=5.0, mode=bins)
  grads: total 1.0000, transformer 0.1383, adapter 0.9883, num_head 0.0642
  nums: 892/3072 tokens (29.0%)
  lr: 5.89e-04
  layer_weights: [L0:0.074 L1:0.074 L2:0.075 L3:0.077 L4:0.086 L5:0.090 L6:0.091 L7:0.090 L8:0.088 L9:0.087 L10:0.085 L11:0.083]
iter 3201: loss 20.6396, time 209.19ms, mfu 1.79%
iter 3202: loss 20.6989, time 377.94ms, mfu 1.80%
iter 3203: loss 20.3684, time 456.26ms, mfu 1.78%
iter 3204: loss 20.7388, time 340.16ms, mfu 1.81%
iter 3205: loss 19.6374, time 482.16ms, mfu 1.78%
iter 3206: loss 19.9635, time 428.22ms, mfu 1.77%
iter 3207: loss 20.6140, time 544.51ms, mfu 1.72%
iter 3208: loss 19.7372, time 315.36ms, mfu 1.78%
iter 3209: loss 19.6831, time 413.63ms, mfu 1.77%
iter 3210: loss 20.6986, time 505.49ms, mfu 1.74%
iter 3211: loss 20.7066, time 468.05ms, mfu 1.72%
iter 3212: loss 19.6765, time 428.05ms, mfu 1.71%
iter 3213: loss 19.8367, time 443.52ms, mfu 1.70%
iter 3214: loss 19.1013, time 232.95ms, mfu 1.84%
iter 3215: loss 20.2155, time 444.93ms, mfu 1.82%
iter 3216: loss 20.2223, time 322.97ms, mfu 1.86%
iter 3217: loss 20.3733, time 455.66ms, mfu 1.83%
iter 3218: loss 20.7934, time 264.46ms, mfu 1.92%
iter 3219: loss 20.2651, time 367.92ms, mfu 1.92%
iter 3220: loss 20.5268, time 440.52ms, mfu 1.89%
iter 3221: loss 19.7603, time 551.28ms, mfu 1.83%
iter 3222: loss 20.0948, time 473.92ms, mfu 1.80%
iter 3223: loss 19.9671, time 320.20ms, mfu 1.84%
iter 3224: loss 19.8615, time 461.09ms, mfu 1.81%
iter 3225: loss 19.6923, time 453.28ms, mfu 1.79%
iter 3226: loss 19.9747, time 548.45ms, mfu 1.74%
iter 3227: loss 19.7810, time 422.16ms, mfu 1.74%
iter 3228: loss 20.4719, time 365.32ms, mfu 1.76%
iter 3229: loss 19.9205, time 243.72ms, mfu 1.88%
iter 3230: loss 20.6843, time 374.42ms, mfu 1.88%
iter 3231: loss 20.7801, time 530.02ms, mfu 1.83%
iter 3232: loss 21.6005, time 330.39ms, mfu 1.86%
iter 3233: loss 20.9506, time 401.10ms, mfu 1.86%
iter 3234: loss 21.1003, time 569.58ms, mfu 1.80%
iter 3235: loss 20.7493, time 387.26ms, mfu 1.80%
iter 3236: loss 20.9403, time 342.04ms, mfu 1.83%
iter 3237: loss 21.2427, time 436.81ms, mfu 1.81%
iter 3238: loss 21.1255, time 504.90ms, mfu 1.77%
iter 3239: loss 21.0661, time 568.92ms, mfu 1.72%
iter 3240: loss 20.9612, time 375.24ms, mfu 1.74%
iter 3241: loss 20.3334, time 474.56ms, mfu 1.72%
iter 3242: loss 21.0835, time 442.27ms, mfu 1.71%
iter 3243: loss 20.9172, time 352.18ms, mfu 1.74%
iter 3244: loss 20.4478, time 402.30ms, mfu 1.74%
iter 3245: loss 20.8378, time 430.70ms, mfu 1.74%
iter 3246: loss 20.5177, time 576.84ms, mfu 1.69%
iter 3247: loss 19.9664, time 440.30ms, mfu 1.68%
iter 3248: loss 20.9804, time 542.40ms, mfu 1.64%
iter 3249: loss 20.7181, time 409.99ms, mfu 1.65%
iter 3250: loss 20.6525, time 391.96ms, mfu 1.67%
iter 3251: loss 20.8292, time 451.06ms, mfu 1.66%
iter 3252: loss 20.2862, time 413.51ms, mfu 1.67%
iter 3253: loss 20.8917, time 486.08ms, mfu 1.65%
iter 3254: loss 20.7552, time 561.12ms, mfu 1.61%
iter 3255: loss 20.7116, time 467.78ms, mfu 1.61%
iter 3256: loss 20.0017, time 478.54ms, mfu 1.59%
iter 3257: loss 20.5214, time 376.93ms, mfu 1.63%
iter 3258: loss 20.3735, time 492.62ms, mfu 1.61%
iter 3259: loss 20.7378, time 351.46ms, mfu 1.65%
iter 3260: loss 19.8652, time 398.80ms, mfu 1.67%
iter 3261: loss 20.4223, time 458.18ms, mfu 1.66%
iter 3262: loss 20.6772, time 458.78ms, mfu 1.65%
iter 3263: loss 19.7342, time 373.03ms, mfu 1.67%
iter 3264: loss 20.5562, time 487.89ms, mfu 1.65%
iter 3265: loss 19.8374, time 406.64ms, mfu 1.66%
iter 3266: loss 20.8090, time 344.99ms, mfu 1.71%
iter 3267: loss 20.6391, time 414.90ms, mfu 1.71%
iter 3268: loss 21.7649, time 448.38ms, mfu 1.70%
iter 3269: loss 20.5663, time 548.22ms, mfu 1.66%
iter 3270: loss 20.4614, time 498.94ms, mfu 1.64%
iter 3271: loss 19.1963, time 467.01ms, mfu 1.63%
iter 3272: loss 21.0539, time 486.83ms, mfu 1.61%
iter 3273: loss 20.1761, time 510.54ms, mfu 1.59%
iter 3274: loss 20.1245, time 455.25ms, mfu 1.59%
iter 3275: loss 20.4222, time 366.97ms, mfu 1.62%
iter 3276: loss 20.8003, time 372.77ms, mfu 1.65%
iter 3277: loss 20.3273, time 417.49ms, mfu 1.66%
iter 3278: loss 19.4806, time 384.59ms, mfu 1.68%
iter 3279: loss 20.1941, time 488.93ms, mfu 1.66%
iter 3280: loss 19.7761, time 518.86ms, mfu 1.63%
iter 3281: loss 20.2919, time 420.76ms, mfu 1.64%
iter 3282: loss 20.2511, time 371.99ms, mfu 1.67%
iter 3283: loss 19.2191, time 463.71ms, mfu 1.65%
iter 3284: loss 19.9791, time 358.12ms, mfu 1.69%
iter 3285: loss 20.3275, time 316.88ms, mfu 1.75%
iter 3286: loss 21.0008, time 461.04ms, mfu 1.73%
iter 3287: loss 20.0607, time 477.06ms, mfu 1.70%
iter 3288: loss 19.5643, time 359.16ms, mfu 1.73%
iter 3289: loss 20.4844, time 507.29ms, mfu 1.70%
iter 3290: loss 20.1497, time 384.47ms, mfu 1.72%
iter 3291: loss 20.3342, time 473.03ms, mfu 1.70%
iter 3292: loss 19.8450, time 594.49ms, mfu 1.65%
iter 3293: loss 19.7693, time 412.89ms, mfu 1.66%
iter 3294: loss 19.9873, time 418.30ms, mfu 1.66%
iter 3295: loss 21.3962, time 317.57ms, mfu 1.72%
iter 3296: loss 19.5428, time 477.60ms, mfu 1.70%
iter 3297: loss 20.2098, time 354.31ms, mfu 1.73%
iter 3298: loss 20.9151, time 558.22ms, mfu 1.69%
iter 3299: loss 20.6288, time 392.93ms, mfu 1.70%
iter 3300: loss 20.4053, time 627.16ms, mfu 1.64%
  === DIAG iter 3300 ===
  loss breakdown: text 0.2248 | num 4.0361 (lambda=5.0, mode=bins)
  grads: total 1.0000, transformer 0.2650, adapter 0.9620, num_head 0.0654
  nums: 865/3072 tokens (28.2%)
  lr: 5.87e-04
  layer_weights: [L0:0.074 L1:0.074 L2:0.074 L3:0.076 L4:0.086 L5:0.090 L6:0.091 L7:0.090 L8:0.088 L9:0.087 L10:0.086 L11:0.084]
iter 3301: loss 20.3385, time 258.19ms, mfu 1.76%
iter 3302: loss 19.8469, time 421.03ms, mfu 1.75%
iter 3303: loss 20.2278, time 432.40ms, mfu 1.74%
iter 3304: loss 19.8419, time 545.82ms, mfu 1.70%
iter 3305: loss 21.4690, time 285.40ms, mfu 1.78%
iter 3306: loss 20.0778, time 439.58ms, mfu 1.77%
iter 3307: loss 19.9500, time 436.79ms, mfu 1.75%
iter 3308: loss 20.0275, time 344.06ms, mfu 1.79%
iter 3309: loss 20.5594, time 350.11ms, mfu 1.81%
iter 3310: loss 20.6630, time 534.10ms, mfu 1.77%
iter 3311: loss 19.1299, time 414.21ms, mfu 1.76%
iter 3312: loss 19.8430, time 549.12ms, mfu 1.72%
iter 3313: loss 20.6060, time 391.12ms, mfu 1.73%
iter 3314: loss 19.8918, time 459.22ms, mfu 1.71%
iter 3315: loss 20.3984, time 482.64ms, mfu 1.69%
iter 3316: loss 20.4868, time 476.16ms, mfu 1.67%
iter 3317: loss 20.1715, time 317.09ms, mfu 1.73%
iter 3318: loss 20.3987, time 306.79ms, mfu 1.79%
iter 3319: loss 19.9036, time 491.46ms, mfu 1.76%
iter 3320: loss 20.1437, time 428.75ms, mfu 1.75%
iter 3321: loss 19.9616, time 377.19ms, mfu 1.76%
iter 3322: loss 19.6046, time 353.35ms, mfu 1.79%
iter 3323: loss 20.0213, time 392.96ms, mfu 1.79%
iter 3324: loss 20.6514, time 594.59ms, mfu 1.73%
iter 3325: loss 20.3457, time 293.27ms, mfu 1.80%
iter 3326: loss 20.1927, time 398.93ms, mfu 1.80%
iter 3327: loss 20.4179, time 337.24ms, mfu 1.84%
iter 3328: loss 19.5182, time 570.48ms, mfu 1.78%
iter 3329: loss 19.1880, time 516.37ms, mfu 1.74%
iter 3330: loss 20.0970, time 400.40ms, mfu 1.74%
iter 3331: loss 20.2727, time 412.97ms, mfu 1.74%
iter 3332: loss 19.5821, time 388.28ms, mfu 1.75%
iter 3333: loss 20.7145, time 367.02ms, mfu 1.77%
iter 3334: loss 19.6533, time 405.61ms, mfu 1.77%
iter 3335: loss 20.6849, time 411.27ms, mfu 1.77%
iter 3336: loss 20.8098, time 533.03ms, mfu 1.73%
iter 3337: loss 19.9457, time 525.11ms, mfu 1.69%
iter 3338: loss 19.5157, time 392.97ms, mfu 1.70%
iter 3339: loss 20.2835, time 465.16ms, mfu 1.69%
iter 3340: loss 20.4109, time 420.62ms, mfu 1.69%
iter 3341: loss 19.3496, time 473.29ms, mfu 1.67%
iter 3342: loss 19.5678, time 635.46ms, mfu 1.62%
iter 3343: loss 20.5719, time 624.63ms, mfu 1.57%
iter 3344: loss 20.1997, time 396.33ms, mfu 1.59%
iter 3345: loss 20.2499, time 456.76ms, mfu 1.59%
iter 3346: loss 20.2781, time 361.36ms, mfu 1.63%
iter 3347: loss 20.3360, time 485.03ms, mfu 1.62%
iter 3348: loss 19.6389, time 546.13ms, mfu 1.58%
iter 3349: loss 19.4161, time 303.57ms, mfu 1.66%
iter 3350: loss 19.9887, time 437.55ms, mfu 1.66%
iter 3351: loss 20.6024, time 535.63ms, mfu 1.63%
iter 3352: loss 19.8432, time 372.50ms, mfu 1.66%
iter 3353: loss 20.5243, time 429.22ms, mfu 1.66%
iter 3354: loss 20.7448, time 285.15ms, mfu 1.74%
iter 3355: loss 20.2274, time 563.11ms, mfu 1.70%
iter 3356: loss 19.5307, time 224.95ms, mfu 1.85%
iter 3357: loss 19.7178, time 374.15ms, mfu 1.85%
iter 3358: loss 20.3375, time 379.31ms, mfu 1.86%
iter 3359: loss 19.8197, time 543.84ms, mfu 1.80%
iter 3360: loss 20.2165, time 461.25ms, mfu 1.78%
iter 3361: loss 19.5339, time 369.09ms, mfu 1.79%
iter 3362: loss 20.1143, time 475.05ms, mfu 1.77%
iter 3363: loss 20.3642, time 555.79ms, mfu 1.72%
iter 3364: loss 20.0544, time 476.98ms, mfu 1.70%
iter 3365: loss 19.8933, time 351.59ms, mfu 1.73%
iter 3366: loss 20.6898, time 320.94ms, mfu 1.78%
iter 3367: loss 19.8577, time 415.95ms, mfu 1.77%
iter 3368: loss 19.8860, time 538.85ms, mfu 1.73%
iter 3369: loss 20.6216, time 484.68ms, mfu 1.70%
iter 3370: loss 19.8200, time 398.24ms, mfu 1.71%
iter 3371: loss 20.1550, time 312.06ms, mfu 1.77%
iter 3372: loss 20.4945, time 561.02ms, mfu 1.72%
iter 3373: loss 19.7724, time 449.06ms, mfu 1.71%
iter 3374: loss 21.2780, time 272.02ms, mfu 1.80%
iter 3375: loss 20.4429, time 586.94ms, mfu 1.74%
iter 3376: loss 21.0106, time 478.46ms, mfu 1.72%
iter 3377: loss 20.4257, time 357.55ms, mfu 1.75%
iter 3378: loss 20.9529, time 463.41ms, mfu 1.73%
iter 3379: loss 20.4433, time 472.28ms, mfu 1.71%
iter 3380: loss 21.0058, time 476.99ms, mfu 1.69%
iter 3381: loss 20.4398, time 405.09ms, mfu 1.69%
iter 3382: loss 19.9055, time 514.94ms, mfu 1.66%
iter 3383: loss 20.7052, time 453.70ms, mfu 1.66%
iter 3384: loss 20.0089, time 433.59ms, mfu 1.66%
iter 3385: loss 19.6557, time 388.98ms, mfu 1.67%
iter 3386: loss 20.4331, time 533.55ms, mfu 1.64%
iter 3387: loss 20.0115, time 517.64ms, mfu 1.62%
iter 3388: loss 19.5400, time 462.54ms, mfu 1.61%
iter 3389: loss 20.3006, time 479.21ms, mfu 1.60%
iter 3390: loss 20.1275, time 386.04ms, mfu 1.62%
iter 3391: loss 19.8822, time 545.08ms, mfu 1.59%
iter 3392: loss 20.3189, time 424.43ms, mfu 1.60%
iter 3393: loss 19.4690, time 404.38ms, mfu 1.62%
iter 3394: loss 19.6593, time 419.11ms, mfu 1.63%
iter 3395: loss 20.4941, time 332.08ms, mfu 1.68%
iter 3396: loss 20.1441, time 360.96ms, mfu 1.71%
iter 3397: loss 19.9036, time 416.12ms, mfu 1.71%
iter 3398: loss 21.0284, time 464.91ms, mfu 1.70%
iter 3399: loss 19.9742, time 464.82ms, mfu 1.68%
iter 3400: loss 19.9528, time 709.05ms, mfu 1.61%
  === DIAG iter 3400 ===
  loss breakdown: text 0.2330 | num 3.9439 (lambda=5.0, mode=bins)
  grads: total 1.0000, transformer 0.1797, adapter 0.9815, num_head 0.0658
  nums: 863/3072 tokens (28.1%)
  lr: 5.85e-04
  layer_weights: [L0:0.073 L1:0.073 L2:0.073 L3:0.075 L4:0.085 L5:0.089 L6:0.092 L7:0.091 L8:0.089 L9:0.088 L10:0.087 L11:0.084]
iter 3401: loss 20.3535, time 249.66ms, mfu 1.74%
iter 3402: loss 19.9599, time 308.23ms, mfu 1.80%
iter 3403: loss 20.2794, time 356.56ms, mfu 1.82%
iter 3404: loss 20.6301, time 396.67ms, mfu 1.82%
iter 3405: loss 20.7110, time 318.72ms, mfu 1.86%
iter 3406: loss 20.3930, time 387.96ms, mfu 1.86%
iter 3407: loss 20.0603, time 460.84ms, mfu 1.83%
iter 3408: loss 20.1208, time 420.11ms, mfu 1.82%
iter 3409: loss 19.6717, time 382.05ms, mfu 1.82%
iter 3410: loss 19.7267, time 447.70ms, mfu 1.80%
iter 3411: loss 19.8190, time 374.18ms, mfu 1.81%
iter 3412: loss 20.7977, time 542.77ms, mfu 1.76%
iter 3413: loss 19.3549, time 516.51ms, mfu 1.72%
iter 3414: loss 19.9809, time 291.45ms, mfu 1.80%
iter 3415: loss 20.1428, time 379.49ms, mfu 1.81%
iter 3416: loss 20.0784, time 423.21ms, mfu 1.80%
iter 3417: loss 19.4291, time 518.79ms, mfu 1.75%
iter 3418: loss 19.3952, time 509.92ms, mfu 1.72%
iter 3419: loss 21.0611, time 397.39ms, mfu 1.73%
iter 3420: loss 19.3784, time 458.28ms, mfu 1.71%
iter 3421: loss 19.8341, time 450.59ms, mfu 1.70%
iter 3422: loss 20.3961, time 605.02ms, mfu 1.65%
iter 3423: loss 19.7531, time 426.91ms, mfu 1.65%
iter 3424: loss 19.6140, time 390.17ms, mfu 1.67%
iter 3425: loss 19.6703, time 331.72ms, mfu 1.72%
iter 3426: loss 19.9188, time 395.36ms, mfu 1.73%
iter 3427: loss 20.5452, time 492.24ms, mfu 1.70%
iter 3428: loss 20.2445, time 307.34ms, mfu 1.76%
iter 3429: loss 19.6535, time 451.40ms, mfu 1.75%
iter 3430: loss 20.1875, time 408.01ms, mfu 1.75%
iter 3431: loss 19.8726, time 511.46ms, mfu 1.71%
iter 3432: loss 20.0708, time 452.15ms, mfu 1.70%
iter 3433: loss 20.0396, time 376.74ms, mfu 1.72%
iter 3434: loss 19.2972, time 459.54ms, mfu 1.70%
iter 3435: loss 20.2693, time 393.20ms, mfu 1.72%
iter 3436: loss 19.9980, time 517.05ms, mfu 1.68%
iter 3437: loss 20.3172, time 377.30ms, mfu 1.70%
iter 3438: loss 19.9321, time 509.04ms, mfu 1.67%
iter 3439: loss 20.4424, time 494.53ms, mfu 1.65%
iter 3440: loss 20.4131, time 430.42ms, mfu 1.65%
iter 3441: loss 19.9422, time 487.26ms, mfu 1.63%
iter 3442: loss 20.0293, time 294.77ms, mfu 1.71%
iter 3443: loss 19.3301, time 599.17ms, mfu 1.66%
iter 3444: loss 20.2878, time 470.75ms, mfu 1.65%
iter 3445: loss 19.6463, time 445.39ms, mfu 1.64%
iter 3446: loss 19.9989, time 401.17ms, mfu 1.66%
iter 3447: loss 19.7714, time 339.54ms, mfu 1.70%
iter 3448: loss 20.6753, time 444.99ms, mfu 1.69%
iter 3449: loss 19.0613, time 524.15ms, mfu 1.66%
iter 3450: loss 20.6123, time 352.65ms, mfu 1.70%
iter 3451: loss 21.7828, time 368.66ms, mfu 1.72%
iter 3452: loss 20.8858, time 398.90ms, mfu 1.73%
iter 3453: loss 20.9613, time 388.07ms, mfu 1.74%
iter 3454: loss 21.4947, time 438.33ms, mfu 1.73%
iter 3455: loss 20.2587, time 417.42ms, mfu 1.73%
iter 3456: loss 20.0620, time 349.35ms, mfu 1.76%
iter 3457: loss 20.1972, time 498.77ms, mfu 1.73%
iter 3458: loss 20.6249, time 337.23ms, mfu 1.77%
iter 3459: loss 20.8058, time 392.98ms, mfu 1.77%
iter 3460: loss 19.5366, time 602.28ms, mfu 1.72%
iter 3461: loss 20.5814, time 457.90ms, mfu 1.70%
iter 3462: loss 20.7200, time 685.76ms, mfu 1.64%
iter 3463: loss 20.3018, time 381.67ms, mfu 1.66%
iter 3464: loss 19.9130, time 454.60ms, mfu 1.65%
iter 3465: loss 20.4003, time 493.57ms, mfu 1.63%
iter 3466: loss 20.6719, time 502.13ms, mfu 1.61%
iter 3467: loss 20.0143, time 371.35ms, mfu 1.64%
iter 3468: loss 19.9684, time 549.71ms, mfu 1.61%
iter 3469: loss 19.6414, time 475.59ms, mfu 1.60%
iter 3470: loss 20.6809, time 456.85ms, mfu 1.60%
iter 3471: loss 19.1621, time 561.36ms, mfu 1.56%
iter 3472: loss 20.3812, time 361.10ms, mfu 1.61%
iter 3473: loss 21.4723, time 470.39ms, mfu 1.60%
iter 3474: loss 20.9283, time 355.91ms, mfu 1.64%
iter 3475: loss 20.2779, time 451.69ms, mfu 1.63%
iter 3476: loss 21.0486, time 318.97ms, mfu 1.69%
iter 3477: loss 20.2633, time 543.57ms, mfu 1.66%
iter 3478: loss 20.4214, time 505.61ms, mfu 1.63%
iter 3479: loss 19.7628, time 584.47ms, mfu 1.59%
iter 3480: loss 20.0194, time 595.03ms, mfu 1.55%
iter 3481: loss 19.7118, time 355.51ms, mfu 1.60%
iter 3482: loss 20.5784, time 334.51ms, mfu 1.65%
iter 3483: loss 20.6851, time 495.58ms, mfu 1.63%
iter 3484: loss 20.2262, time 358.79ms, mfu 1.67%
iter 3485: loss 19.9038, time 425.97ms, mfu 1.67%
iter 3486: loss 20.2020, time 556.19ms, mfu 1.63%
iter 3487: loss 20.0927, time 427.21ms, mfu 1.64%
iter 3488: loss 20.6545, time 452.09ms, mfu 1.63%
iter 3489: loss 20.3424, time 372.62ms, mfu 1.66%
iter 3490: loss 20.1674, time 424.37ms, mfu 1.66%
iter 3491: loss 19.5424, time 432.54ms, mfu 1.66%
iter 3492: loss 19.8389, time 471.41ms, mfu 1.65%
iter 3493: loss 19.4142, time 588.53ms, mfu 1.61%
iter 3494: loss 20.4152, time 488.64ms, mfu 1.59%
iter 3495: loss 20.4531, time 396.60ms, mfu 1.61%
iter 3496: loss 20.1320, time 489.48ms, mfu 1.60%
iter 3497: loss 20.6557, time 597.46ms, mfu 1.56%
iter 3498: loss 20.1364, time 306.24ms, mfu 1.64%
iter 3499: loss 20.6394, time 418.23ms, mfu 1.64%
iter 3500: loss 20.3440, time 816.76ms, mfu 1.57%
  === DIAG iter 3500 ===
  loss breakdown: text 0.2321 | num 4.0224 (lambda=5.0, mode=bins)
  grads: total 1.0000, transformer 0.1586, adapter 0.9861, num_head 0.0488
  nums: 879/3072 tokens (28.6%)
  lr: 5.82e-04
  layer_weights: [L0:0.072 L1:0.073 L2:0.073 L3:0.075 L4:0.085 L5:0.089 L6:0.092 L7:0.092 L8:0.089 L9:0.089 L10:0.087 L11:0.085]
iter 3501: loss 20.4719, time 282.85ms, mfu 1.66%
iter 3502: loss 20.1889, time 252.80ms, mfu 1.78%
iter 3503: loss 20.6393, time 328.33ms, mfu 1.82%
iter 3504: loss 19.7167, time 282.25ms, mfu 1.89%
iter 3505: loss 20.6040, time 507.76ms, mfu 1.84%
iter 3506: loss 19.9938, time 531.69ms, mfu 1.79%
iter 3507: loss 20.3878, time 382.47ms, mfu 1.80%
iter 3508: loss 19.5902, time 342.27ms, mfu 1.83%
iter 3509: loss 19.6285, time 558.58ms, mfu 1.78%
iter 3510: loss 19.6599, time 484.45ms, mfu 1.75%
iter 3511: loss 19.8527, time 394.98ms, mfu 1.75%
iter 3512: loss 19.5614, time 375.89ms, mfu 1.77%
iter 3513: loss 20.1653, time 442.88ms, mfu 1.75%
iter 3514: loss 20.2672, time 355.17ms, mfu 1.78%
iter 3515: loss 19.6297, time 429.09ms, mfu 1.77%
iter 3516: loss 20.2463, time 476.96ms, mfu 1.74%
iter 3517: loss 19.9576, time 327.26ms, mfu 1.79%
iter 3518: loss 20.5097, time 269.98ms, mfu 1.87%
iter 3519: loss 19.5326, time 421.45ms, mfu 1.86%
iter 3520: loss 19.2882, time 448.41ms, mfu 1.83%
iter 3521: loss 20.0818, time 386.18ms, mfu 1.83%
iter 3522: loss 20.3407, time 464.10ms, mfu 1.80%
iter 3523: loss 20.2816, time 528.83ms, mfu 1.76%
iter 3524: loss 18.7709, time 398.99ms, mfu 1.76%
iter 3525: loss 20.0084, time 418.32ms, mfu 1.76%
iter 3526: loss 20.3039, time 270.72ms, mfu 1.85%
iter 3527: loss 20.3561, time 338.45ms, mfu 1.87%
iter 3528: loss 19.7643, time 434.94ms, mfu 1.85%
iter 3529: loss 19.6620, time 527.68ms, mfu 1.80%
iter 3530: loss 20.3586, time 360.16ms, mfu 1.82%
iter 3531: loss 20.2246, time 431.45ms, mfu 1.80%
iter 3532: loss 20.3007, time 389.85ms, mfu 1.81%
iter 3533: loss 20.1486, time 363.50ms, mfu 1.82%
iter 3534: loss 20.5275, time 521.62ms, mfu 1.78%
iter 3535: loss 19.4303, time 407.86ms, mfu 1.78%
iter 3536: loss 21.0160, time 432.05ms, mfu 1.77%
iter 3537: loss 20.3702, time 440.37ms, mfu 1.75%
iter 3538: loss 19.2320, time 439.48ms, mfu 1.74%
iter 3539: loss 19.9870, time 559.20ms, mfu 1.69%
iter 3540: loss 20.6637, time 380.72ms, mfu 1.71%
iter 3541: loss 20.8820, time 442.22ms, mfu 1.70%
iter 3542: loss 20.3823, time 308.25ms, mfu 1.77%
iter 3543: loss 20.0851, time 476.44ms, mfu 1.74%
iter 3544: loss 20.3547, time 345.93ms, mfu 1.77%
iter 3545: loss 19.2136, time 394.93ms, mfu 1.78%
iter 3546: loss 20.8373, time 368.18ms, mfu 1.79%
iter 3547: loss 20.0572, time 436.08ms, mfu 1.78%
iter 3548: loss 20.1527, time 477.64ms, mfu 1.75%
iter 3549: loss 20.0245, time 362.18ms, mfu 1.77%
iter 3550: loss 20.0609, time 612.14ms, mfu 1.71%
iter 3551: loss 19.8043, time 429.31ms, mfu 1.71%
iter 3552: loss 20.6498, time 319.48ms, mfu 1.76%
iter 3553: loss 20.3392, time 380.31ms, mfu 1.77%
iter 3554: loss 20.1636, time 567.28ms, mfu 1.72%
iter 3555: loss 20.0172, time 520.29ms, mfu 1.69%
iter 3556: loss 20.1584, time 489.57ms, mfu 1.67%
iter 3557: loss 19.4643, time 525.74ms, mfu 1.64%
iter 3558: loss 19.9592, time 306.29ms, mfu 1.71%
iter 3559: loss 19.6705, time 427.78ms, mfu 1.70%
iter 3560: loss 20.3024, time 413.28ms, mfu 1.71%
iter 3561: loss 19.8732, time 519.34ms, mfu 1.67%
iter 3562: loss 19.9757, time 482.86ms, mfu 1.65%
iter 3563: loss 20.3721, time 466.69ms, mfu 1.64%
iter 3564: loss 19.8284, time 409.30ms, mfu 1.65%
iter 3565: loss 20.1192, time 439.48ms, mfu 1.65%
iter 3566: loss 20.1133, time 353.14ms, mfu 1.69%
iter 3567: loss 20.3452, time 332.60ms, mfu 1.74%
iter 3568: loss 19.6676, time 393.56ms, mfu 1.74%
iter 3569: loss 19.6898, time 394.66ms, mfu 1.75%
iter 3570: loss 20.2847, time 374.95ms, mfu 1.77%
iter 3571: loss 19.2919, time 543.92ms, mfu 1.72%
iter 3572: loss 20.1441, time 332.10ms, mfu 1.77%
iter 3573: loss 20.1553, time 313.01ms, mfu 1.82%
iter 3574: loss 20.3163, time 494.12ms, mfu 1.78%
iter 3575: loss 19.5958, time 424.89ms, mfu 1.77%
iter 3576: loss 19.4133, time 593.36ms, mfu 1.72%
iter 3577: loss 19.9932, time 487.82ms, mfu 1.69%
iter 3578: loss 20.1948, time 416.54ms, mfu 1.69%
iter 3579: loss 20.3721, time 394.28ms, mfu 1.71%
iter 3580: loss 19.0161, time 422.70ms, mfu 1.70%
iter 3581: loss 19.5272, time 418.45ms, mfu 1.71%
iter 3582: loss 20.0499, time 474.05ms, mfu 1.69%
iter 3583: loss 19.8238, time 598.38ms, mfu 1.64%
iter 3584: loss 19.4356, time 312.22ms, mfu 1.70%
iter 3585: loss 20.5580, time 589.90ms, mfu 1.65%
iter 3586: loss 19.9878, time 561.04ms, mfu 1.62%
iter 3587: loss 21.0861, time 439.38ms, mfu 1.62%
iter 3588: loss 20.4985, time 343.73ms, mfu 1.66%
iter 3589: loss 20.0833, time 566.62ms, mfu 1.62%
iter 3590: loss 19.8564, time 423.53ms, mfu 1.63%
iter 3591: loss 20.1033, time 503.44ms, mfu 1.61%
iter 3592: loss 20.0437, time 431.36ms, mfu 1.62%
iter 3593: loss 20.1880, time 419.81ms, mfu 1.62%
iter 3594: loss 19.8907, time 420.99ms, mfu 1.63%
iter 3595: loss 20.3703, time 329.95ms, mfu 1.69%
iter 3596: loss 20.4708, time 453.65ms, mfu 1.68%
iter 3597: loss 20.6011, time 486.50ms, mfu 1.66%
iter 3598: loss 21.0511, time 399.79ms, mfu 1.67%
iter 3599: loss 20.5149, time 371.44ms, mfu 1.69%
iter 3600: loss 20.9521, time 871.50ms, mfu 1.61%
  === DIAG iter 3600 ===
  loss breakdown: text 0.2329 | num 4.1438 (lambda=5.0, mode=bins)
  grads: total 1.0000, transformer 0.2476, adapter 0.9670, num_head 0.0599
  nums: 879/3072 tokens (28.6%)
  lr: 5.80e-04
  layer_weights: [L0:0.072 L1:0.072 L2:0.072 L3:0.074 L4:0.084 L5:0.088 L6:0.093 L7:0.092 L8:0.090 L9:0.089 L10:0.088 L11:0.085]
iter 3601: loss 20.1973, time 216.03ms, mfu 1.78%
iter 3602: loss 20.5527, time 370.25ms, mfu 1.79%
iter 3603: loss 20.3245, time 409.53ms, mfu 1.79%
iter 3604: loss 20.4902, time 310.54ms, mfu 1.84%
iter 3605: loss 20.7791, time 533.77ms, mfu 1.79%
iter 3606: loss 20.1226, time 415.75ms, mfu 1.78%
iter 3607: loss 19.8485, time 447.77ms, mfu 1.77%
iter 3608: loss 19.2891, time 488.63ms, mfu 1.74%
iter 3609: loss 20.3215, time 525.44ms, mfu 1.70%
iter 3610: loss 19.8501, time 387.17ms, mfu 1.71%
iter 3611: loss 19.8584, time 368.45ms, mfu 1.74%
iter 3612: loss 19.5092, time 489.54ms, mfu 1.71%
iter 3613: loss 20.3419, time 341.62ms, mfu 1.75%
iter 3614: loss 19.9671, time 578.83ms, mfu 1.70%
iter 3615: loss 20.1739, time 566.14ms, mfu 1.65%
iter 3616: loss 19.8153, time 339.89ms, mfu 1.70%
iter 3617: loss 20.2691, time 388.84ms, mfu 1.71%
iter 3618: loss 19.9264, time 376.89ms, mfu 1.73%
iter 3619: loss 19.3183, time 448.85ms, mfu 1.72%
iter 3620: loss 19.9496, time 317.97ms, mfu 1.77%
iter 3621: loss 21.0385, time 510.84ms, mfu 1.74%
iter 3622: loss 20.3343, time 382.89ms, mfu 1.75%
iter 3623: loss 19.5872, time 498.96ms, mfu 1.72%
iter 3624: loss 19.3406, time 334.91ms, mfu 1.76%
iter 3625: loss 20.4441, time 406.10ms, mfu 1.76%
iter 3626: loss 20.0848, time 542.68ms, mfu 1.72%
iter 3627: loss 20.5685, time 478.84ms, mfu 1.69%
iter 3628: loss 20.5863, time 494.91ms, mfu 1.67%
iter 3629: loss 20.5774, time 465.38ms, mfu 1.66%
iter 3630: loss 20.2746, time 530.31ms, mfu 1.63%
iter 3631: loss 20.3034, time 402.10ms, mfu 1.64%
iter 3632: loss 21.0336, time 405.94ms, mfu 1.65%
iter 3633: loss 20.0825, time 528.92ms, mfu 1.62%
iter 3634: loss 19.1638, time 348.24ms, mfu 1.67%
iter 3635: loss 20.7571, time 465.29ms, mfu 1.65%
iter 3636: loss 20.7508, time 520.66ms, mfu 1.63%
iter 3637: loss 19.3319, time 389.38ms, mfu 1.65%
iter 3638: loss 19.6536, time 507.96ms, mfu 1.62%
iter 3639: loss 20.3009, time 327.38ms, mfu 1.68%
iter 3640: loss 20.6891, time 461.16ms, mfu 1.67%
iter 3641: loss 19.7509, time 402.40ms, mfu 1.68%
iter 3642: loss 19.2304, time 420.61ms, mfu 1.68%
iter 3643: loss 19.8269, time 308.09ms, mfu 1.75%
iter 3644: loss 20.4884, time 485.28ms, mfu 1.72%
iter 3645: loss 20.8151, time 506.54ms, mfu 1.69%
iter 3646: loss 20.2785, time 373.78ms, mfu 1.71%
iter 3647: loss 20.3323, time 513.44ms, mfu 1.68%
iter 3648: loss 20.1678, time 491.40ms, mfu 1.66%
iter 3649: loss 19.8258, time 330.17ms, mfu 1.71%
iter 3650: loss 20.2104, time 397.48ms, mfu 1.72%
iter 3651: loss 20.5824, time 384.05ms, mfu 1.73%
iter 3652: loss 20.3463, time 314.46ms, mfu 1.79%
iter 3653: loss 20.2855, time 495.55ms, mfu 1.75%
iter 3654: loss 20.1909, time 405.16ms, mfu 1.75%
iter 3655: loss 19.6534, time 327.81ms, mfu 1.80%
iter 3656: loss 19.3827, time 310.87ms, mfu 1.85%
iter 3657: loss 19.7811, time 423.82ms, mfu 1.83%
iter 3658: loss 20.1505, time 560.35ms, mfu 1.78%
iter 3659: loss 20.0410, time 461.93ms, mfu 1.75%
iter 3660: loss 19.6897, time 343.37ms, mfu 1.79%
iter 3661: loss 20.2218, time 480.83ms, mfu 1.76%
iter 3662: loss 20.2680, time 491.99ms, mfu 1.73%
iter 3663: loss 20.7634, time 330.47ms, mfu 1.77%
iter 3664: loss 20.3139, time 444.59ms, mfu 1.76%
iter 3665: loss 20.8605, time 463.43ms, mfu 1.73%
iter 3666: loss 20.7718, time 414.84ms, mfu 1.73%
iter 3667: loss 20.7363, time 550.22ms, mfu 1.69%
iter 3668: loss 20.5173, time 477.29ms, mfu 1.67%
iter 3669: loss 20.0329, time 519.60ms, mfu 1.64%
iter 3670: loss 20.3572, time 518.75ms, mfu 1.62%
iter 3671: loss 20.5619, time 408.73ms, mfu 1.63%
iter 3672: loss 20.6544, time 371.83ms, mfu 1.66%
iter 3673: loss 20.7888, time 569.23ms, mfu 1.62%
iter 3674: loss 19.4762, time 434.31ms, mfu 1.62%
iter 3675: loss 19.8821, time 389.79ms, mfu 1.64%
iter 3676: loss 19.6240, time 414.54ms, mfu 1.65%
iter 3677: loss 20.0367, time 393.90ms, mfu 1.67%
iter 3678: loss 20.3909, time 458.45ms, mfu 1.66%
iter 3679: loss 19.8544, time 382.20ms, mfu 1.68%
iter 3680: loss 20.7177, time 355.92ms, mfu 1.71%
iter 3681: loss 20.3753, time 311.06ms, mfu 1.77%
iter 3682: loss 19.8817, time 530.26ms, mfu 1.73%
iter 3683: loss 19.7927, time 464.86ms, mfu 1.71%
iter 3684: loss 19.4662, time 312.38ms, mfu 1.77%
iter 3685: loss 19.5413, time 388.14ms, mfu 1.78%
iter 3686: loss 19.6939, time 343.98ms, mfu 1.81%
iter 3687: loss 19.9791, time 341.25ms, mfu 1.84%
iter 3688: loss 19.9818, time 473.82ms, mfu 1.80%
iter 3689: loss 20.0453, time 338.73ms, mfu 1.84%
iter 3690: loss 19.8101, time 483.55ms, mfu 1.80%
iter 3691: loss 19.4638, time 355.26ms, mfu 1.82%
iter 3692: loss 18.3720, time 382.07ms, mfu 1.83%
iter 3693: loss 19.7309, time 355.74ms, mfu 1.85%
iter 3694: loss 19.1666, time 424.08ms, mfu 1.83%
iter 3695: loss 19.5558, time 487.41ms, mfu 1.79%
iter 3696: loss 19.4345, time 464.81ms, mfu 1.77%
iter 3697: loss 18.9152, time 379.97ms, mfu 1.78%
iter 3698: loss 19.4661, time 389.87ms, mfu 1.79%
iter 3699: loss 19.9865, time 372.63ms, mfu 1.80%
iter 3700: loss 19.8876, time 703.23ms, mfu 1.72%
  === DIAG iter 3700 ===
  loss breakdown: text 0.2251 | num 3.9325 (lambda=5.0, mode=bins)
  grads: total 1.0000, transformer 0.1630, adapter 0.9844, num_head 0.0669
  nums: 873/3072 tokens (28.4%)
  lr: 5.78e-04
  layer_weights: [L0:0.071 L1:0.071 L2:0.072 L3:0.074 L4:0.084 L5:0.088 L6:0.093 L7:0.093 L8:0.090 L9:0.090 L10:0.088 L11:0.086]
iter 3701: loss 20.1987, time 245.72ms, mfu 1.84%
iter 3702: loss 19.3034, time 505.84ms, mfu 1.80%
iter 3703: loss 19.8426, time 418.56ms, mfu 1.79%
iter 3704: loss 19.5443, time 278.86ms, mfu 1.87%
iter 3705: loss 19.9933, time 531.06ms, mfu 1.82%
iter 3706: loss 19.6084, time 408.27ms, mfu 1.81%
iter 3707: loss 19.6703, time 340.23ms, mfu 1.84%
iter 3708: loss 19.8879, time 390.46ms, mfu 1.84%
iter 3709: loss 20.3599, time 277.32ms, mfu 1.91%
iter 3710: loss 19.7868, time 378.78ms, mfu 1.91%
iter 3711: loss 18.9868, time 447.80ms, mfu 1.88%
iter 3712: loss 20.1769, time 393.18ms, mfu 1.87%
iter 3713: loss 19.4486, time 514.69ms, mfu 1.83%
iter 3714: loss 19.5446, time 389.84ms, mfu 1.83%
iter 3715: loss 20.2831, time 346.55ms, mfu 1.85%
iter 3716: loss 19.5711, time 411.05ms, mfu 1.84%
iter 3717: loss 19.6022, time 308.77ms, mfu 1.89%
iter 3718: loss 20.3015, time 537.74ms, mfu 1.83%
iter 3719: loss 20.0083, time 577.08ms, mfu 1.77%
iter 3720: loss 19.4859, time 451.00ms, mfu 1.76%
iter 3721: loss 20.3217, time 568.73ms, mfu 1.71%
iter 3722: loss 20.0499, time 478.17ms, mfu 1.68%
iter 3723: loss 19.8756, time 371.03ms, mfu 1.71%
iter 3724: loss 20.6519, time 422.98ms, mfu 1.71%
iter 3725: loss 20.3607, time 314.88ms, mfu 1.76%
iter 3726: loss 20.2820, time 486.91ms, mfu 1.74%
iter 3727: loss 19.7850, time 437.75ms, mfu 1.73%
iter 3728: loss 20.1167, time 320.12ms, mfu 1.78%
iter 3729: loss 20.9229, time 468.65ms, mfu 1.75%
iter 3730: loss 19.6407, time 500.99ms, mfu 1.72%
iter 3731: loss 20.0978, time 349.03ms, mfu 1.75%
iter 3732: loss 20.3358, time 510.56ms, mfu 1.72%
iter 3733: loss 19.8661, time 367.03ms, mfu 1.74%
iter 3734: loss 19.7935, time 584.48ms, mfu 1.69%
iter 3735: loss 20.7712, time 374.61ms, mfu 1.71%
iter 3736: loss 19.9636, time 518.31ms, mfu 1.68%
iter 3737: loss 19.1791, time 449.59ms, mfu 1.67%
iter 3738: loss 19.7600, time 451.79ms, mfu 1.66%
iter 3739: loss 19.6106, time 360.24ms, mfu 1.69%
iter 3740: loss 19.8538, time 499.85ms, mfu 1.67%
iter 3741: loss 19.3575, time 450.80ms, mfu 1.66%
iter 3742: loss 19.1973, time 523.14ms, mfu 1.63%
iter 3743: loss 21.0594, time 305.72ms, mfu 1.70%
iter 3744: loss 19.8473, time 389.93ms, mfu 1.72%
iter 3745: loss 19.6562, time 401.63ms, mfu 1.72%
iter 3746: loss 19.8872, time 461.50ms, mfu 1.71%
iter 3747: loss 19.9218, time 416.68ms, mfu 1.71%
iter 3748: loss 19.2761, time 449.57ms, mfu 1.70%
iter 3749: loss 20.4461, time 495.12ms, mfu 1.67%
iter 3750: loss 19.4428, time 509.72ms, mfu 1.64%
iter 3751: loss 20.4247, time 369.14ms, mfu 1.67%
iter 3752: loss 19.7678, time 337.64ms, mfu 1.72%
iter 3753: loss 20.4168, time 510.48ms, mfu 1.69%
iter 3754: loss 20.7639, time 458.70ms, mfu 1.67%
iter 3755: loss 20.0334, time 375.59ms, mfu 1.70%
iter 3756: loss 19.4773, time 383.43ms, mfu 1.72%
iter 3757: loss 19.9925, time 386.02ms, mfu 1.73%
iter 3758: loss 19.3009, time 382.60ms, mfu 1.74%
iter 3759: loss 20.5015, time 365.63ms, mfu 1.77%
iter 3760: loss 18.9572, time 563.34ms, mfu 1.72%
iter 3761: loss 19.8605, time 393.23ms, mfu 1.73%
iter 3762: loss 20.0364, time 328.53ms, mfu 1.77%
iter 3763: loss 19.0631, time 449.88ms, mfu 1.75%
iter 3764: loss 20.0647, time 549.57ms, mfu 1.71%
iter 3765: loss 18.7208, time 342.34ms, mfu 1.75%
iter 3766: loss 20.1391, time 586.13ms, mfu 1.69%
iter 3767: loss 19.1141, time 277.64ms, mfu 1.78%
iter 3768: loss 19.9629, time 397.89ms, mfu 1.79%
iter 3769: loss 19.2042, time 541.89ms, mfu 1.74%
iter 3770: loss 20.3636, time 319.91ms, mfu 1.79%
iter 3771: loss 19.6414, time 498.18ms, mfu 1.75%
iter 3772: loss 19.5712, time 359.10ms, mfu 1.78%
iter 3773: loss 20.1615, time 430.34ms, mfu 1.77%
iter 3774: loss 20.4455, time 525.85ms, mfu 1.73%
iter 3775: loss 20.5602, time 380.84ms, mfu 1.74%
iter 3776: loss 19.2163, time 355.81ms, mfu 1.77%
iter 3777: loss 19.7992, time 523.51ms, mfu 1.73%
iter 3778: loss 19.8360, time 376.05ms, mfu 1.75%
iter 3779: loss 19.3338, time 462.34ms, mfu 1.73%
iter 3780: loss 20.4047, time 374.07ms, mfu 1.75%
iter 3781: loss 19.9860, time 426.06ms, mfu 1.74%
iter 3782: loss 19.0642, time 428.37ms, mfu 1.73%
iter 3783: loss 20.2332, time 599.65ms, mfu 1.68%
iter 3784: loss 21.0433, time 386.23ms, mfu 1.70%
iter 3785: loss 20.4280, time 450.45ms, mfu 1.69%
iter 3786: loss 20.7689, time 411.56ms, mfu 1.69%
iter 3787: loss 20.4670, time 459.84ms, mfu 1.68%
iter 3788: loss 20.5386, time 504.73ms, mfu 1.65%
iter 3789: loss 19.5641, time 358.68ms, mfu 1.69%
iter 3790: loss 20.0374, time 468.33ms, mfu 1.67%
iter 3791: loss 19.4700, time 324.20ms, mfu 1.72%
iter 3792: loss 19.7896, time 478.20ms, mfu 1.70%
iter 3793: loss 19.7447, time 308.36ms, mfu 1.76%
iter 3794: loss 20.9510, time 604.38ms, mfu 1.71%
iter 3795: loss 21.1885, time 316.56ms, mfu 1.76%
iter 3796: loss 20.0558, time 445.93ms, mfu 1.75%
iter 3797: loss 20.7513, time 354.17ms, mfu 1.77%
iter 3798: loss 20.3808, time 481.03ms, mfu 1.75%
iter 3799: loss 21.2622, time 393.54ms, mfu 1.75%
iter 3800: loss 20.6197, time 546.44ms, mfu 1.71%
  === DIAG iter 3800 ===
  loss breakdown: text 0.2406 | num 4.0758 (lambda=5.0, mode=bins)
  grads: total 1.0000, transformer 0.3305, adapter 0.9400, num_head 0.0852
  nums: 830/3072 tokens (27.0%)
  lr: 5.75e-04
  layer_weights: [L0:0.071 L1:0.071 L2:0.071 L3:0.073 L4:0.084 L5:0.087 L6:0.094 L7:0.093 L8:0.091 L9:0.090 L10:0.089 L11:0.086]
iter 3801: loss 20.5583, time 247.15ms, mfu 1.83%
iter 3802: loss 20.1748, time 371.19ms, mfu 1.84%
iter 3803: loss 20.3654, time 374.11ms, mfu 1.85%
iter 3804: loss 19.5766, time 436.24ms, mfu 1.83%
iter 3805: loss 20.2744, time 374.18ms, mfu 1.83%
iter 3806: loss 20.3454, time 424.18ms, mfu 1.82%
iter 3807: loss 20.4265, time 424.14ms, mfu 1.81%
iter 3808: loss 19.7806, time 465.20ms, mfu 1.78%
iter 3809: loss 20.2411, time 475.22ms, mfu 1.75%
iter 3810: loss 19.0921, time 472.34ms, mfu 1.73%
iter 3811: loss 19.2786, time 494.16ms, mfu 1.70%
iter 3812: loss 18.9629, time 363.34ms, mfu 1.73%
iter 3813: loss 19.0541, time 433.22ms, mfu 1.72%
iter 3814: loss 19.7164, time 394.45ms, mfu 1.73%
iter 3815: loss 19.8619, time 429.61ms, mfu 1.72%
iter 3816: loss 19.7371, time 348.92ms, mfu 1.76%
iter 3817: loss 20.0906, time 431.48ms, mfu 1.75%
iter 3818: loss 20.4251, time 414.65ms, mfu 1.75%
iter 3819: loss 19.4183, time 438.04ms, mfu 1.73%
iter 3820: loss 19.9863, time 437.71ms, mfu 1.72%
iter 3821: loss 19.3342, time 423.98ms, mfu 1.72%
iter 3822: loss 19.1752, time 410.64ms, mfu 1.72%
iter 3823: loss 19.4097, time 379.61ms, mfu 1.74%
iter 3824: loss 20.1818, time 430.68ms, mfu 1.73%
iter 3825: loss 19.6105, time 430.79ms, mfu 1.73%
iter 3826: loss 19.1055, time 438.01ms, mfu 1.72%
iter 3827: loss 19.4129, time 476.89ms, mfu 1.70%
iter 3828: loss 19.9643, time 362.11ms, mfu 1.72%
iter 3829: loss 20.0726, time 448.75ms, mfu 1.71%
iter 3830: loss 20.2385, time 446.23ms, mfu 1.70%
iter 3831: loss 18.5379, time 478.63ms, mfu 1.68%
iter 3832: loss 20.1919, time 435.85ms, mfu 1.68%
iter 3833: loss 19.8022, time 546.61ms, mfu 1.64%
iter 3834: loss 19.5101, time 400.84ms, mfu 1.65%
iter 3835: loss 19.0035, time 330.80ms, mfu 1.71%
iter 3836: loss 19.6227, time 376.55ms, mfu 1.73%
iter 3837: loss 18.6454, time 507.82ms, mfu 1.69%
iter 3838: loss 19.8574, time 441.40ms, mfu 1.69%
iter 3839: loss 19.5073, time 315.95ms, mfu 1.74%
iter 3840: loss 19.5967, time 438.28ms, mfu 1.73%
iter 3841: loss 19.6965, time 405.77ms, mfu 1.74%
iter 3842: loss 19.2558, time 460.83ms, mfu 1.72%
iter 3843: loss 20.4934, time 504.42ms, mfu 1.69%
iter 3844: loss 19.0238, time 310.85ms, mfu 1.75%
iter 3845: loss 19.3343, time 463.81ms, mfu 1.73%
iter 3846: loss 19.6696, time 518.41ms, mfu 1.70%
iter 3847: loss 19.5786, time 349.47ms, mfu 1.73%
iter 3848: loss 19.7353, time 449.41ms, mfu 1.72%
iter 3849: loss 18.5932, time 534.44ms, mfu 1.68%
iter 3850: loss 19.1042, time 417.76ms, mfu 1.68%
iter 3851: loss 19.5086, time 378.95ms, mfu 1.70%
iter 3852: loss 19.5802, time 502.26ms, mfu 1.68%
iter 3853: loss 20.5403, time 378.59ms, mfu 1.70%
iter 3854: loss 19.7430, time 418.12ms, mfu 1.70%
iter 3855: loss 18.9891, time 487.13ms, mfu 1.68%
iter 3856: loss 18.9939, time 361.68ms, mfu 1.71%
iter 3857: loss 19.8471, time 414.82ms, mfu 1.71%
iter 3858: loss 19.3763, time 409.04ms, mfu 1.71%
iter 3859: loss 19.5428, time 430.35ms, mfu 1.71%
iter 3860: loss 20.1963, time 512.58ms, mfu 1.68%
iter 3861: loss 18.9322, time 335.07ms, mfu 1.72%
iter 3862: loss 19.1892, time 394.60ms, mfu 1.73%
iter 3863: loss 20.2089, time 440.38ms, mfu 1.72%
iter 3864: loss 20.0482, time 425.04ms, mfu 1.72%
iter 3865: loss 20.1667, time 464.05ms, mfu 1.70%
iter 3866: loss 20.1118, time 449.65ms, mfu 1.69%
iter 3867: loss 18.9312, time 426.51ms, mfu 1.69%
iter 3868: loss 20.4613, time 499.45ms, mfu 1.66%
iter 3869: loss 19.0535, time 436.03ms, mfu 1.66%
iter 3870: loss 19.8390, time 441.63ms, mfu 1.66%
iter 3871: loss 19.7999, time 506.51ms, mfu 1.63%
iter 3872: loss 19.8630, time 449.69ms, mfu 1.63%
iter 3873: loss 20.1695, time 392.21ms, mfu 1.65%
iter 3874: loss 19.6146, time 437.13ms, mfu 1.65%
iter 3875: loss 19.5393, time 518.61ms, mfu 1.62%
iter 3876: loss 19.6941, time 472.12ms, mfu 1.61%
iter 3877: loss 19.5904, time 454.49ms, mfu 1.61%
iter 3878: loss 20.0082, time 381.59ms, mfu 1.63%
iter 3879: loss 19.4418, time 494.10ms, mfu 1.62%
iter 3880: loss 20.1299, time 384.36ms, mfu 1.64%
iter 3881: loss 19.6429, time 403.59ms, mfu 1.65%
iter 3882: loss 19.1260, time 417.51ms, mfu 1.66%
iter 3883: loss 19.9488, time 505.15ms, mfu 1.64%
iter 3884: loss 20.1763, time 511.85ms, mfu 1.61%
iter 3885: loss 19.7089, time 439.38ms, mfu 1.61%
iter 3886: loss 20.3576, time 427.60ms, mfu 1.62%
iter 3887: loss 19.5301, time 397.97ms, mfu 1.64%
iter 3888: loss 20.5159, time 511.29ms, mfu 1.61%
iter 3889: loss 20.8527, time 281.20ms, mfu 1.71%
iter 3890: loss 20.4474, time 355.38ms, mfu 1.74%
iter 3891: loss 19.9440, time 494.91ms, mfu 1.71%
iter 3892: loss 20.3568, time 377.77ms, mfu 1.73%
iter 3893: loss 20.2873, time 401.89ms, mfu 1.73%
iter 3894: loss 20.9614, time 386.78ms, mfu 1.75%
iter 3895: loss 20.6254, time 650.95ms, mfu 1.68%
iter 3896: loss 20.0361, time 462.14ms, mfu 1.67%
iter 3897: loss 20.2429, time 356.83ms, mfu 1.70%
iter 3898: loss 20.7167, time 488.62ms, mfu 1.68%
iter 3899: loss 21.0740, time 459.43ms, mfu 1.67%
iter 3900: loss 19.9724, time 588.02ms, mfu 1.62%
  === DIAG iter 3900 ===
  loss breakdown: text 0.2306 | num 3.9484 (lambda=5.0, mode=bins)
  grads: total 1.0000, transformer 0.1123, adapter 0.9927, num_head 0.0438
  nums: 887/3072 tokens (28.9%)
  lr: 5.72e-04
  layer_weights: [L0:0.070 L1:0.070 L2:0.070 L3:0.073 L4:0.083 L5:0.087 L6:0.094 L7:0.094 L8:0.091 L9:0.091 L10:0.090 L11:0.087]
iter 3901: loss 19.4721, time 206.85ms, mfu 1.81%
iter 3902: loss 19.7644, time 338.16ms, mfu 1.84%
iter 3903: loss 19.9110, time 506.30ms, mfu 1.80%
iter 3904: loss 19.6212, time 402.95ms, mfu 1.79%
iter 3905: loss 19.8705, time 427.53ms, mfu 1.78%
iter 3906: loss 20.3355, time 410.50ms, mfu 1.78%
iter 3907: loss 19.4922, time 612.90ms, mfu 1.72%
iter 3908: loss 20.6366, time 407.09ms, mfu 1.72%
iter 3909: loss 20.0183, time 485.71ms, mfu 1.70%
iter 3910: loss 20.4783, time 440.99ms, mfu 1.69%
iter 3911: loss 20.4964, time 500.33ms, mfu 1.66%
iter 3912: loss 19.5418, time 354.87ms, mfu 1.70%
iter 3913: loss 19.8215, time 464.33ms, mfu 1.68%
iter 3914: loss 19.4426, time 490.32ms, mfu 1.66%
iter 3915: loss 20.2963, time 498.71ms, mfu 1.64%
iter 3916: loss 19.8445, time 551.79ms, mfu 1.60%
iter 3917: loss 19.5140, time 410.30ms, mfu 1.62%
iter 3918: loss 20.6863, time 476.26ms, mfu 1.61%
iter 3919: loss 20.8025, time 450.63ms, mfu 1.61%
iter 3920: loss 19.9535, time 440.39ms, mfu 1.61%
iter 3921: loss 19.8734, time 490.73ms, mfu 1.59%
iter 3922: loss 19.6866, time 463.80ms, mfu 1.59%
iter 3923: loss 19.8376, time 436.19ms, mfu 1.59%
iter 3924: loss 20.1317, time 298.02ms, mfu 1.67%
iter 3925: loss 19.7420, time 316.00ms, mfu 1.73%
iter 3926: loss 19.4299, time 444.32ms, mfu 1.72%
iter 3927: loss 19.8652, time 498.89ms, mfu 1.69%
iter 3928: loss 20.2794, time 431.66ms, mfu 1.69%
iter 3929: loss 19.6486, time 374.88ms, mfu 1.71%
iter 3930: loss 20.5820, time 540.55ms, mfu 1.67%
iter 3931: loss 20.2968, time 434.04ms, mfu 1.67%
iter 3932: loss 19.8386, time 520.25ms, mfu 1.64%
iter 3933: loss 19.8316, time 398.89ms, mfu 1.66%
iter 3934: loss 19.7588, time 366.85ms, mfu 1.69%
iter 3935: loss 19.8091, time 493.79ms, mfu 1.66%
iter 3936: loss 19.7052, time 338.55ms, mfu 1.71%
iter 3937: loss 19.2196, time 405.27ms, mfu 1.71%
iter 3938: loss 20.1752, time 492.18ms, mfu 1.69%
iter 3939: loss 20.1101, time 396.83ms, mfu 1.70%
iter 3940: loss 19.7776, time 488.53ms, mfu 1.68%
iter 3941: loss 20.4866, time 398.71ms, mfu 1.69%
iter 3942: loss 20.2671, time 308.27ms, mfu 1.75%
iter 3943: loss 19.5387, time 420.63ms, mfu 1.75%
iter 3944: loss 19.5112, time 489.98ms, mfu 1.72%
iter 3945: loss 20.4777, time 554.49ms, mfu 1.68%
iter 3946: loss 18.9644, time 465.29ms, mfu 1.66%
iter 3947: loss 19.8701, time 524.84ms, mfu 1.63%
iter 3948: loss 20.3028, time 352.21ms, mfu 1.67%
iter 3949: loss 19.4345, time 463.92ms, mfu 1.66%
iter 3950: loss 19.7099, time 436.31ms, mfu 1.66%
iter 3951: loss 20.3450, time 441.48ms, mfu 1.65%
iter 3952: loss 19.7109, time 502.86ms, mfu 1.63%
iter 3953: loss 19.6792, time 375.70ms, mfu 1.66%
iter 3954: loss 19.7308, time 398.76ms, mfu 1.67%
iter 3955: loss 20.1567, time 487.91ms, mfu 1.65%
iter 3956: loss 20.6851, time 390.17ms, mfu 1.67%
iter 3957: loss 19.6430, time 285.41ms, mfu 1.75%
iter 3958: loss 19.5964, time 391.79ms, mfu 1.76%
iter 3959: loss 20.1334, time 278.73ms, mfu 1.84%
iter 3960: loss 19.2807, time 458.29ms, mfu 1.82%
iter 3961: loss 19.7697, time 503.24ms, mfu 1.78%
iter 3962: loss 19.1160, time 502.87ms, mfu 1.74%
iter 3963: loss 19.5813, time 609.23ms, mfu 1.68%
iter 3964: loss 19.7686, time 314.98ms, mfu 1.74%
iter 3965: loss 18.4161, time 410.84ms, mfu 1.74%
iter 3966: loss 19.7811, time 460.66ms, mfu 1.72%
iter 3967: loss 20.0626, time 378.63ms, mfu 1.74%
iter 3968: loss 20.3911, time 606.32ms, mfu 1.69%
iter 3969: loss 19.2099, time 402.50ms, mfu 1.69%
iter 3970: loss 19.2764, time 396.41ms, mfu 1.71%
iter 3971: loss 19.0421, time 428.62ms, mfu 1.70%
iter 3972: loss 19.3756, time 559.93ms, mfu 1.66%
iter 3973: loss 18.9194, time 469.79ms, mfu 1.65%
iter 3974: loss 19.1034, time 403.77ms, mfu 1.66%
iter 3975: loss 19.1209, time 597.31ms, mfu 1.61%
iter 3976: loss 19.4642, time 443.90ms, mfu 1.61%
iter 3977: loss 19.3769, time 429.02ms, mfu 1.62%
iter 3978: loss 20.0956, time 342.86ms, mfu 1.67%
iter 3979: loss 19.3562, time 360.05ms, mfu 1.70%
iter 3980: loss 19.8310, time 489.49ms, mfu 1.68%
iter 3981: loss 19.4957, time 470.64ms, mfu 1.66%
iter 3982: loss 20.4185, time 610.66ms, mfu 1.61%
iter 3983: loss 19.9991, time 340.94ms, mfu 1.66%
iter 3984: loss 21.3146, time 413.58ms, mfu 1.67%
iter 3985: loss 20.4719, time 474.35ms, mfu 1.65%
iter 3986: loss 19.7868, time 530.12ms, mfu 1.62%
iter 3987: loss 20.9257, time 379.52ms, mfu 1.65%
iter 3988: loss 19.5391, time 473.83ms, mfu 1.63%
iter 3989: loss 19.5996, time 588.96ms, mfu 1.59%
iter 3990: loss 19.8965, time 514.58ms, mfu 1.57%
iter 3991: loss 19.4498, time 526.89ms, mfu 1.55%
iter 3992: loss 20.1520, time 321.03ms, mfu 1.62%
iter 3993: loss 18.9031, time 430.80ms, mfu 1.62%
iter 3994: loss 19.5634, time 501.71ms, mfu 1.60%
iter 3995: loss 19.4966, time 408.61ms, mfu 1.62%
iter 3996: loss 18.7980, time 485.48ms, mfu 1.60%
iter 3997: loss 20.1889, time 462.62ms, mfu 1.60%
iter 3998: loss 19.2567, time 374.39ms, mfu 1.63%
iter 3999: loss 19.5429, time 557.34ms, mfu 1.60%
iter 4000: loss 19.8299, time 501.44ms, mfu 1.58%
  === DIAG iter 4000 ===
  loss breakdown: text 0.2327 | num 3.9194 (lambda=5.0, mode=bins)
  grads: total 1.0000, transformer 0.1337, adapter 0.9894, num_head 0.0559
  nums: 852/3072 tokens (27.7%)
  lr: 5.69e-04
  layer_weights: [L0:0.070 L1:0.070 L2:0.070 L3:0.072 L4:0.083 L5:0.087 L6:0.094 L7:0.094 L8:0.092 L9:0.091 L10:0.090 L11:0.087]
iter 4001: loss 20.8849, time 209.47ms, mfu 1.76%
iter 4002: loss 19.3202, time 524.09ms, mfu 1.72%
iter 4003: loss 20.4930, time 449.12ms, mfu 1.71%
iter 4004: loss 19.7232, time 485.17ms, mfu 1.69%
iter 4005: loss 19.7864, time 351.98ms, mfu 1.72%
iter 4006: loss 20.0504, time 460.87ms, mfu 1.71%
iter 4007: loss 20.5596, time 430.14ms, mfu 1.70%
iter 4008: loss 20.1178, time 576.24ms, mfu 1.66%
iter 4009: loss 19.5252, time 469.46ms, mfu 1.64%
iter 4010: loss 19.8904, time 427.13ms, mfu 1.65%
iter 4011: loss 19.6467, time 532.44ms, mfu 1.62%
iter 4012: loss 19.4864, time 533.26ms, mfu 1.59%
iter 4013: loss 19.7484, time 439.36ms, mfu 1.59%
iter 4014: loss 19.0095, time 392.37ms, mfu 1.62%
iter 4015: loss 17.8919, time 421.43ms, mfu 1.62%
iter 4016: loss 19.7156, time 442.03ms, mfu 1.62%
iter 4017: loss 20.3414, time 438.73ms, mfu 1.63%
iter 4018: loss 19.4096, time 550.76ms, mfu 1.59%
iter 4019: loss 20.0153, time 502.45ms, mfu 1.58%
iter 4020: loss 19.8390, time 454.77ms, mfu 1.58%
iter 4021: loss 19.5271, time 333.10ms, mfu 1.63%
iter 4022: loss 19.7288, time 394.27ms, mfu 1.65%
iter 4023: loss 19.2240, time 397.84ms, mfu 1.67%
iter 4024: loss 20.4297, time 456.06ms, mfu 1.66%
iter 4025: loss 20.2659, time 469.55ms, mfu 1.64%
iter 4026: loss 19.7270, time 405.53ms, mfu 1.66%
iter 4027: loss 19.4362, time 487.04ms, mfu 1.64%
iter 4028: loss 19.8643, time 310.13ms, mfu 1.71%
iter 4029: loss 19.9651, time 477.79ms, mfu 1.68%
iter 4030: loss 19.8584, time 440.64ms, mfu 1.68%
iter 4031: loss 20.3183, time 510.88ms, mfu 1.65%
iter 4032: loss 19.6218, time 451.29ms, mfu 1.64%
iter 4033: loss 19.2685, time 458.57ms, mfu 1.64%
iter 4034: loss 19.9092, time 276.53ms, mfu 1.73%
iter 4035: loss 19.8977, time 589.81ms, mfu 1.68%
iter 4036: loss 19.4264, time 424.23ms, mfu 1.68%
iter 4037: loss 20.6063, time 408.02ms, mfu 1.69%
iter 4038: loss 19.2645, time 464.16ms, mfu 1.67%
iter 4039: loss 19.4738, time 440.21ms, mfu 1.67%
iter 4040: loss 19.6813, time 669.33ms, mfu 1.61%
iter 4041: loss 19.0768, time 351.19ms, mfu 1.65%
iter 4042: loss 19.7344, time 385.25ms, mfu 1.67%
iter 4043: loss 20.7085, time 639.00ms, mfu 1.62%
iter 4044: loss 19.5449, time 455.35ms, mfu 1.61%
iter 4045: loss 19.4694, time 569.05ms, mfu 1.58%
iter 4046: loss 19.1903, time 505.48ms, mfu 1.56%
iter 4047: loss 20.2104, time 547.43ms, mfu 1.54%
iter 4048: loss 19.5819, time 407.19ms, mfu 1.56%
iter 4049: loss 20.2485, time 433.42ms, mfu 1.57%
iter 4050: loss 18.9444, time 424.76ms, mfu 1.58%
iter 4051: loss 19.7593, time 410.02ms, mfu 1.60%
iter 4052: loss 20.2537, time 517.07ms, mfu 1.58%
iter 4053: loss 19.4330, time 491.85ms, mfu 1.56%
iter 4054: loss 20.0743, time 525.98ms, mfu 1.54%
iter 4055: loss 20.0148, time 424.17ms, mfu 1.56%
iter 4056: loss 19.6734, time 503.22ms, mfu 1.54%
iter 4057: loss 19.7397, time 397.52ms, mfu 1.57%
iter 4058: loss 19.8061, time 512.51ms, mfu 1.55%
iter 4059: loss 20.2572, time 451.09ms, mfu 1.56%
iter 4060: loss 20.3013, time 463.94ms, mfu 1.56%
iter 4061: loss 19.5708, time 505.55ms, mfu 1.54%
iter 4062: loss 20.1942, time 355.49ms, mfu 1.59%
iter 4063: loss 19.6404, time 470.87ms, mfu 1.58%
iter 4064: loss 19.9451, time 483.35ms, mfu 1.57%
iter 4065: loss 20.1337, time 356.85ms, mfu 1.62%
iter 4066: loss 20.7423, time 604.32ms, mfu 1.57%
iter 4067: loss 20.0617, time 508.62ms, mfu 1.56%
iter 4068: loss 20.2345, time 296.79ms, mfu 1.64%
iter 4069: loss 19.9655, time 472.96ms, mfu 1.63%
iter 4070: loss 19.4263, time 429.94ms, mfu 1.63%
iter 4071: loss 19.6399, time 316.17ms, mfu 1.70%
iter 4072: loss 19.9454, time 533.43ms, mfu 1.66%
iter 4073: loss 19.5139, time 319.10ms, mfu 1.72%
iter 4074: loss 19.6402, time 389.23ms, mfu 1.73%
iter 4075: loss 20.2398, time 471.72ms, mfu 1.71%
iter 4076: loss 19.8379, time 439.00ms, mfu 1.70%
iter 4077: loss 20.2165, time 571.37ms, mfu 1.66%
iter 4078: loss 19.3645, time 430.00ms, mfu 1.66%
iter 4079: loss 19.7070, time 398.77ms, mfu 1.67%
iter 4080: loss 19.7426, time 462.91ms, mfu 1.66%
iter 4081: loss 20.2329, time 411.68ms, mfu 1.67%
iter 4082: loss 19.4404, time 502.91ms, mfu 1.64%
iter 4083: loss 19.8105, time 583.82ms, mfu 1.60%
iter 4084: loss 18.9888, time 351.38ms, mfu 1.65%
iter 4085: loss 19.9439, time 545.00ms, mfu 1.61%
iter 4086: loss 19.8729, time 468.42ms, mfu 1.60%
iter 4087: loss 19.0499, time 503.66ms, mfu 1.59%
iter 4088: loss 19.5647, time 404.52ms, mfu 1.60%
iter 4089: loss 20.1072, time 395.56ms, mfu 1.63%
iter 4090: loss 20.1719, time 367.20ms, mfu 1.66%
iter 4091: loss 19.8772, time 491.24ms, mfu 1.64%
iter 4092: loss 19.7398, time 471.85ms, mfu 1.63%
iter 4093: loss 20.4252, time 383.47ms, mfu 1.65%
iter 4094: loss 19.7503, time 424.67ms, mfu 1.65%
iter 4095: loss 19.5427, time 586.96ms, mfu 1.61%
iter 4096: loss 19.4252, time 394.30ms, mfu 1.63%
iter 4097: loss 20.2355, time 453.51ms, mfu 1.63%
iter 4098: loss 19.5292, time 452.11ms, mfu 1.62%
iter 4099: loss 19.2036, time 399.80ms, mfu 1.64%
iter 4100: loss 19.6790, time 611.58ms, mfu 1.59%
  === DIAG iter 4100 ===
  loss breakdown: text 0.2355 | num 3.8887 (lambda=5.0, mode=bins)
  grads: total 1.0000, transformer 0.1638, adapter 0.9846, num_head 0.0615
  nums: 850/3072 tokens (27.7%)
  lr: 5.66e-04
  layer_weights: [L0:0.069 L1:0.069 L2:0.070 L3:0.072 L4:0.083 L5:0.086 L6:0.094 L7:0.095 L8:0.092 L9:0.092 L10:0.091 L11:0.087]
iter 4101: loss 20.5901, time 208.81ms, mfu 1.78%
iter 4102: loss 20.0948, time 523.31ms, mfu 1.74%
iter 4103: loss 19.4021, time 504.37ms, mfu 1.70%
iter 4104: loss 19.5333, time 550.79ms, mfu 1.66%
iter 4105: loss 19.5364, time 369.35ms, mfu 1.69%
iter 4106: loss 19.9330, time 457.53ms, mfu 1.68%
iter 4107: loss 19.0572, time 381.06ms, mfu 1.70%
iter 4108: loss 19.4508, time 471.24ms, mfu 1.68%
iter 4109: loss 19.6788, time 297.02ms, mfu 1.75%
iter 4110: loss 19.0661, time 515.75ms, mfu 1.72%
iter 4111: loss 18.8656, time 518.80ms, mfu 1.68%
iter 4112: loss 19.6287, time 536.51ms, mfu 1.65%
iter 4113: loss 20.4091, time 364.03ms, mfu 1.68%
iter 4114: loss 19.5889, time 441.36ms, mfu 1.68%
iter 4115: loss 19.7407, time 461.09ms, mfu 1.66%
iter 4116: loss 19.5418, time 489.67ms, mfu 1.64%
iter 4117: loss 19.9563, time 430.81ms, mfu 1.65%
iter 4118: loss 19.3121, time 427.29ms, mfu 1.65%
iter 4119: loss 20.4597, time 564.15ms, mfu 1.61%
iter 4120: loss 20.3516, time 361.35ms, mfu 1.65%
iter 4121: loss 20.5515, time 294.65ms, mfu 1.73%
iter 4122: loss 20.4225, time 405.35ms, mfu 1.73%
iter 4123: loss 19.2814, time 503.67ms, mfu 1.70%
iter 4124: loss 19.1576, time 401.15ms, mfu 1.71%
iter 4125: loss 19.5070, time 390.15ms, mfu 1.72%
iter 4126: loss 19.5853, time 454.77ms, mfu 1.71%
iter 4127: loss 19.3864, time 451.86ms, mfu 1.69%
iter 4128: loss 19.0096, time 413.27ms, mfu 1.70%
iter 4129: loss 19.1366, time 465.42ms, mfu 1.68%
iter 4130: loss 19.2071, time 326.22ms, mfu 1.73%
iter 4131: loss 19.7404, time 440.48ms, mfu 1.72%
iter 4132: loss 19.8449, time 487.48ms, mfu 1.70%
iter 4133: loss 19.4914, time 499.11ms, mfu 1.67%
iter 4134: loss 20.0402, time 416.65ms, mfu 1.68%
iter 4135: loss 19.9384, time 385.76ms, mfu 1.69%
iter 4136: loss 19.2808, time 479.07ms, mfu 1.67%
iter 4137: loss 20.0228, time 353.98ms, mfu 1.71%
iter 4138: loss 18.9714, time 502.19ms, mfu 1.68%
iter 4139: loss 20.1012, time 397.00ms, mfu 1.69%
iter 4140: loss 20.3430, time 464.20ms, mfu 1.68%
iter 4141: loss 19.4283, time 434.32ms, mfu 1.68%
iter 4142: loss 19.8432, time 432.47ms, mfu 1.67%
iter 4143: loss 20.1736, time 561.03ms, mfu 1.63%
iter 4144: loss 19.3230, time 326.31ms, mfu 1.69%
iter 4145: loss 19.3754, time 418.35ms, mfu 1.69%
iter 4146: loss 20.4200, time 476.90ms, mfu 1.67%
iter 4147: loss 18.8834, time 332.38ms, mfu 1.72%
iter 4148: loss 19.1888, time 518.79ms, mfu 1.69%
iter 4149: loss 19.1587, time 353.60ms, mfu 1.72%
iter 4150: loss 19.4788, time 524.23ms, mfu 1.69%
iter 4151: loss 20.2174, time 494.31ms, mfu 1.66%
iter 4152: loss 19.6452, time 355.06ms, mfu 1.70%
iter 4153: loss 20.0454, time 447.85ms, mfu 1.69%
iter 4154: loss 19.8200, time 434.48ms, mfu 1.68%
iter 4155: loss 19.5941, time 454.23ms, mfu 1.67%
iter 4156: loss 19.5894, time 319.60ms, mfu 1.73%
iter 4157: loss 19.8590, time 445.40ms, mfu 1.72%
iter 4158: loss 20.9081, time 519.38ms, mfu 1.68%
iter 4159: loss 20.5099, time 474.73ms, mfu 1.67%
iter 4160: loss 19.1890, time 503.44ms, mfu 1.64%
iter 4161: loss 20.1282, time 384.71ms, mfu 1.66%
iter 4162: loss 21.0136, time 442.63ms, mfu 1.66%
iter 4163: loss 20.4011, time 418.02ms, mfu 1.67%
iter 4164: loss 20.0819, time 519.27ms, mfu 1.64%
iter 4165: loss 19.8254, time 309.20ms, mfu 1.70%
iter 4166: loss 19.2056, time 445.90ms, mfu 1.69%
iter 4167: loss 19.6183, time 422.33ms, mfu 1.70%
iter 4168: loss 19.7379, time 341.00ms, mfu 1.74%
iter 4169: loss 19.1557, time 569.38ms, mfu 1.69%
iter 4170: loss 20.0635, time 232.85ms, mfu 1.83%
iter 4171: loss 19.1686, time 447.67ms, mfu 1.80%
iter 4172: loss 19.3190, time 293.84ms, mfu 1.87%
iter 4173: loss 19.6432, time 442.22ms, mfu 1.84%
iter 4174: loss 18.7258, time 531.89ms, mfu 1.79%
iter 4175: loss 18.7603, time 456.82ms, mfu 1.77%
iter 4176: loss 19.6965, time 522.72ms, mfu 1.73%
iter 4177: loss 19.4592, time 390.48ms, mfu 1.74%
iter 4178: loss 18.9416, time 495.71ms, mfu 1.71%
iter 4179: loss 19.6884, time 350.25ms, mfu 1.75%
iter 4180: loss 20.1146, time 412.18ms, mfu 1.74%
iter 4181: loss 19.6274, time 434.55ms, mfu 1.73%
iter 4182: loss 19.6985, time 437.69ms, mfu 1.73%
iter 4183: loss 19.1360, time 443.09ms, mfu 1.71%
iter 4184: loss 19.7867, time 481.00ms, mfu 1.69%
iter 4185: loss 19.5260, time 328.17ms, mfu 1.74%
iter 4186: loss 18.2730, time 615.38ms, mfu 1.68%
iter 4187: loss 19.8848, time 493.18ms, mfu 1.66%
iter 4188: loss 19.2919, time 343.71ms, mfu 1.70%
iter 4189: loss 19.5565, time 285.09ms, mfu 1.78%
iter 4190: loss 19.3118, time 559.91ms, mfu 1.73%
iter 4191: loss 20.3519, time 306.34ms, mfu 1.79%
iter 4192: loss 19.0132, time 467.98ms, mfu 1.77%
iter 4193: loss 19.5641, time 432.84ms, mfu 1.76%
iter 4194: loss 19.7693, time 346.63ms, mfu 1.79%
iter 4195: loss 19.2921, time 423.93ms, mfu 1.78%
iter 4196: loss 19.9617, time 462.46ms, mfu 1.75%
iter 4197: loss 19.6795, time 303.21ms, mfu 1.82%
iter 4198: loss 18.5283, time 488.07ms, mfu 1.78%
iter 4199: loss 19.2813, time 398.86ms, mfu 1.78%
iter 4200: loss 19.4698, time 478.32ms, mfu 1.75%
  === DIAG iter 4200 ===
  loss breakdown: text 0.2203 | num 3.8499 (lambda=5.0, mode=bins)
  grads: total 1.0000, transformer 0.1335, adapter 0.9898, num_head 0.0498
  nums: 888/3072 tokens (28.9%)
  lr: 5.63e-04
  layer_weights: [L0:0.069 L1:0.069 L2:0.069 L3:0.071 L4:0.082 L5:0.085 L6:0.094 L7:0.095 L8:0.093 L9:0.093 L10:0.092 L11:0.088]
iter 4201: loss 18.7230, time 208.99ms, mfu 1.92%
iter 4202: loss 18.9534, time 352.01ms, mfu 1.93%
iter 4203: loss 19.0238, time 424.73ms, mfu 1.91%
iter 4204: loss 19.6831, time 527.84ms, mfu 1.85%
iter 4205: loss 19.6109, time 483.42ms, mfu 1.82%
iter 4206: loss 19.9547, time 486.53ms, mfu 1.78%
iter 4207: loss 19.2272, time 447.07ms, mfu 1.76%
iter 4208: loss 19.3783, time 395.73ms, mfu 1.77%
iter 4209: loss 19.9872, time 475.02ms, mfu 1.74%
iter 4210: loss 18.6853, time 432.28ms, mfu 1.73%
iter 4211: loss 19.6979, time 430.19ms, mfu 1.73%
iter 4212: loss 20.5908, time 443.87ms, mfu 1.72%
iter 4213: loss 19.7167, time 495.40ms, mfu 1.69%
iter 4214: loss 20.2261, time 318.05ms, mfu 1.75%
iter 4215: loss 19.4366, time 418.07ms, mfu 1.74%
iter 4216: loss 19.8921, time 598.42ms, mfu 1.69%
iter 4217: loss 19.7251, time 477.02ms, mfu 1.67%
iter 4218: loss 19.6677, time 407.61ms, mfu 1.68%
iter 4219: loss 20.0922, time 417.69ms, mfu 1.68%
iter 4220: loss 19.8917, time 431.24ms, mfu 1.68%
iter 4221: loss 20.2108, time 374.45ms, mfu 1.70%
iter 4222: loss 20.1786, time 505.76ms, mfu 1.67%
iter 4223: loss 20.1036, time 474.38ms, mfu 1.66%
iter 4224: loss 19.8273, time 375.34ms, mfu 1.68%
iter 4225: loss 19.7401, time 495.03ms, mfu 1.66%
iter 4226: loss 19.7613, time 474.51ms, mfu 1.64%
iter 4227: loss 19.5280, time 451.61ms, mfu 1.64%
iter 4228: loss 20.0238, time 319.32ms, mfu 1.70%
iter 4229: loss 19.2198, time 478.33ms, mfu 1.68%
iter 4230: loss 19.1425, time 367.48ms, mfu 1.71%
iter 4231: loss 20.5178, time 438.78ms, mfu 1.70%
iter 4232: loss 18.6703, time 498.08ms, mfu 1.67%
iter 4233: loss 19.7438, time 393.23ms, mfu 1.69%
iter 4234: loss 20.0727, time 526.05ms, mfu 1.66%
iter 4235: loss 20.1210, time 656.61ms, mfu 1.60%
iter 4236: loss 20.1045, time 436.58ms, mfu 1.60%
iter 4237: loss 20.3817, time 477.45ms, mfu 1.59%
iter 4238: loss 19.6091, time 330.30ms, mfu 1.65%
iter 4239: loss 19.9555, time 427.72ms, mfu 1.65%
iter 4240: loss 19.2022, time 410.24ms, mfu 1.66%
iter 4241: loss 20.1463, time 431.26ms, mfu 1.66%
iter 4242: loss 19.2462, time 344.02ms, mfu 1.70%
iter 4243: loss 19.8739, time 540.54ms, mfu 1.67%
iter 4244: loss 18.7674, time 633.71ms, mfu 1.61%
iter 4245: loss 19.2242, time 349.02ms, mfu 1.66%
iter 4246: loss 19.9497, time 520.43ms, mfu 1.63%
iter 4247: loss 19.2576, time 419.20ms, mfu 1.64%
iter 4248: loss 19.2634, time 358.39ms, mfu 1.67%
iter 4249: loss 19.8284, time 522.34ms, mfu 1.64%
iter 4250: loss 19.5292, time 400.00ms, mfu 1.66%
iter 4251: loss 19.2216, time 394.49ms, mfu 1.67%
iter 4252: loss 19.2594, time 342.52ms, mfu 1.72%
iter 4253: loss 20.5231, time 464.74ms, mfu 1.70%
iter 4254: loss 18.9834, time 533.08ms, mfu 1.66%
iter 4255: loss 19.4002, time 432.99ms, mfu 1.66%
iter 4256: loss 19.3546, time 398.06ms, mfu 1.68%
iter 4257: loss 19.5938, time 490.14ms, mfu 1.65%
iter 4258: loss 19.6023, time 498.99ms, mfu 1.63%
iter 4259: loss 20.0606, time 462.96ms, mfu 1.62%
iter 4260: loss 19.1534, time 566.35ms, mfu 1.59%
iter 4261: loss 19.8335, time 459.80ms, mfu 1.59%
iter 4262: loss 19.0827, time 442.52ms, mfu 1.59%
iter 4263: loss 20.2030, time 431.93ms, mfu 1.60%
iter 4264: loss 19.6779, time 350.55ms, mfu 1.64%
iter 4265: loss 19.7942, time 463.12ms, mfu 1.63%
iter 4266: loss 20.5830, time 488.85ms, mfu 1.61%
iter 4267: loss 19.8732, time 427.97ms, mfu 1.62%
iter 4268: loss 19.2761, time 498.38ms, mfu 1.60%
iter 4269: loss 18.4790, time 433.66ms, mfu 1.61%
iter 4270: loss 20.4282, time 364.99ms, mfu 1.64%
iter 4271: loss 20.0215, time 411.42ms, mfu 1.65%
iter 4272: loss 19.9689, time 467.38ms, mfu 1.64%
iter 4273: loss 18.9347, time 487.88ms, mfu 1.62%
iter 4274: loss 19.1180, time 524.60ms, mfu 1.60%
iter 4275: loss 19.8539, time 482.99ms, mfu 1.59%
iter 4276: loss 19.7476, time 392.02ms, mfu 1.61%
iter 4277: loss 19.7871, time 412.20ms, mfu 1.62%
iter 4278: loss 19.1712, time 339.73ms, mfu 1.67%
iter 4279: loss 19.9025, time 363.50ms, mfu 1.70%
iter 4280: loss 19.6199, time 428.41ms, mfu 1.70%
iter 4281: loss 19.2282, time 351.01ms, mfu 1.73%
iter 4282: loss 18.6685, time 423.64ms, mfu 1.73%
iter 4283: loss 19.3770, time 354.93ms, mfu 1.76%
iter 4284: loss 18.9819, time 407.01ms, mfu 1.76%
iter 4285: loss 19.5923, time 423.33ms, mfu 1.75%
iter 4286: loss 20.4820, time 495.39ms, mfu 1.72%
iter 4287: loss 19.8972, time 421.90ms, mfu 1.72%
iter 4288: loss 19.1482, time 414.96ms, mfu 1.72%
iter 4289: loss 18.7210, time 414.16ms, mfu 1.72%
iter 4290: loss 19.5826, time 396.94ms, mfu 1.73%
iter 4291: loss 18.6762, time 446.84ms, mfu 1.72%
iter 4292: loss 19.4758, time 498.87ms, mfu 1.69%
iter 4293: loss 19.1557, time 379.16ms, mfu 1.71%
iter 4294: loss 19.8646, time 343.08ms, mfu 1.75%
iter 4295: loss 20.5553, time 437.04ms, mfu 1.74%
iter 4296: loss 19.1793, time 413.19ms, mfu 1.74%
iter 4297: loss 19.6626, time 368.66ms, mfu 1.76%
iter 4298: loss 18.9395, time 453.36ms, mfu 1.74%
iter 4299: loss 19.1268, time 506.74ms, mfu 1.71%
iter 4300: loss 18.7102, time 664.73ms, mfu 1.64%
  === DIAG iter 4300 ===
  loss breakdown: text 0.2369 | num 3.6947 (lambda=5.0, mode=bins)
  grads: total 1.0000, transformer 0.1384, adapter 0.9893, num_head 0.0453
  nums: 908/3072 tokens (29.6%)
  lr: 5.59e-04
  layer_weights: [L0:0.068 L1:0.068 L2:0.069 L3:0.071 L4:0.082 L5:0.085 L6:0.095 L7:0.096 L8:0.093 L9:0.093 L10:0.092 L11:0.089]
iter 4301: loss 19.0512, time 250.14ms, mfu 1.77%
iter 4302: loss 18.9934, time 496.08ms, mfu 1.73%
iter 4303: loss 19.5320, time 331.37ms, mfu 1.78%
iter 4304: loss 19.7976, time 357.32ms, mfu 1.80%
iter 4305: loss 19.0694, time 425.92ms, mfu 1.79%
iter 4306: loss 19.5512, time 363.27ms, mfu 1.81%
iter 4307: loss 20.0592, time 518.21ms, mfu 1.76%
iter 4308: loss 19.5048, time 429.00ms, mfu 1.75%
iter 4309: loss 19.3408, time 383.23ms, mfu 1.77%
iter 4310: loss 19.1508, time 524.87ms, mfu 1.73%
iter 4311: loss 18.6709, time 495.95ms, mfu 1.70%
iter 4312: loss 20.0996, time 437.02ms, mfu 1.69%
iter 4313: loss 19.7605, time 342.70ms, mfu 1.73%
iter 4314: loss 20.6736, time 395.35ms, mfu 1.74%
iter 4315: loss 19.3921, time 473.40ms, mfu 1.72%
iter 4316: loss 19.4270, time 565.70ms, mfu 1.67%
iter 4317: loss 19.9265, time 365.05ms, mfu 1.70%
iter 4318: loss 18.9957, time 447.08ms, mfu 1.69%
iter 4319: loss 19.8694, time 423.53ms, mfu 1.69%
iter 4320: loss 20.1530, time 388.61ms, mfu 1.71%
iter 4321: loss 20.3762, time 393.04ms, mfu 1.72%
iter 4322: loss 19.5412, time 409.32ms, mfu 1.72%
iter 4323: loss 19.1189, time 444.64ms, mfu 1.71%
iter 4324: loss 20.1792, time 398.24ms, mfu 1.72%
iter 4325: loss 19.5221, time 496.08ms, mfu 1.69%
iter 4326: loss 19.2301, time 464.14ms, mfu 1.68%
iter 4327: loss 20.0030, time 404.33ms, mfu 1.69%
iter 4328: loss 19.1177, time 353.61ms, mfu 1.72%
iter 4329: loss 19.2395, time 367.52ms, mfu 1.74%
iter 4330: loss 18.9790, time 430.61ms, mfu 1.74%
iter 4331: loss 19.1321, time 513.93ms, mfu 1.70%
iter 4332: loss 19.9871, time 454.41ms, mfu 1.69%
iter 4333: loss 19.7798, time 395.13ms, mfu 1.70%
iter 4334: loss 19.0494, time 410.36ms, mfu 1.71%
iter 4335: loss 20.0725, time 291.82ms, mfu 1.78%
iter 4336: loss 20.3946, time 429.40ms, mfu 1.77%
iter 4337: loss 19.2883, time 500.18ms, mfu 1.74%
iter 4338: loss 18.5072, time 398.21ms, mfu 1.74%
iter 4339: loss 19.5013, time 400.10ms, mfu 1.75%
iter 4340: loss 19.3477, time 259.06ms, mfu 1.85%
iter 4341: loss 19.2312, time 517.98ms, mfu 1.80%
iter 4342: loss 18.4428, time 398.30ms, mfu 1.80%
iter 4343: loss 19.8646, time 390.99ms, mfu 1.81%
iter 4344: loss 20.2407, time 574.63ms, mfu 1.75%
iter 4345: loss 19.4745, time 375.71ms, mfu 1.76%
iter 4346: loss 20.0196, time 499.54ms, mfu 1.73%
iter 4347: loss 18.5759, time 469.76ms, mfu 1.71%
iter 4348: loss 19.2966, time 414.37ms, mfu 1.71%
iter 4349: loss 19.7112, time 406.04ms, mfu 1.72%
iter 4350: loss 19.6181, time 387.24ms, mfu 1.73%
iter 4351: loss 18.5059, time 340.23ms, mfu 1.77%
iter 4352: loss 19.6676, time 420.91ms, mfu 1.76%
iter 4353: loss 19.3332, time 532.94ms, mfu 1.72%
iter 4354: loss 19.6828, time 424.56ms, mfu 1.72%
iter 4355: loss 20.1735, time 606.12ms, mfu 1.66%
iter 4356: loss 18.9138, time 384.37ms, mfu 1.68%
iter 4357: loss 19.6288, time 403.28ms, mfu 1.69%
iter 4358: loss 19.5481, time 482.82ms, mfu 1.67%
iter 4359: loss 20.0538, time 418.59ms, mfu 1.68%
iter 4360: loss 19.6540, time 420.07ms, mfu 1.68%
iter 4361: loss 19.8440, time 439.35ms, mfu 1.67%
iter 4362: loss 20.0582, time 373.28ms, mfu 1.70%
iter 4363: loss 20.3272, time 444.78ms, mfu 1.69%
iter 4364: loss 19.7666, time 415.05ms, mfu 1.69%
iter 4365: loss 19.2877, time 475.78ms, mfu 1.67%
iter 4366: loss 18.9995, time 409.89ms, mfu 1.68%
iter 4367: loss 19.4462, time 391.73ms, mfu 1.70%
iter 4368: loss 18.8772, time 379.30ms, mfu 1.72%
iter 4369: loss 19.6601, time 473.55ms, mfu 1.70%
iter 4370: loss 19.4643, time 418.38ms, mfu 1.70%
iter 4371: loss 19.8626, time 529.32ms, mfu 1.66%
iter 4372: loss 19.5850, time 477.75ms, mfu 1.65%
iter 4373: loss 18.7159, time 465.81ms, mfu 1.64%
iter 4374: loss 19.6832, time 394.72ms, mfu 1.65%
iter 4375: loss 20.1456, time 606.53ms, mfu 1.61%
iter 4376: loss 20.0390, time 324.57ms, mfu 1.67%
iter 4377: loss 19.8100, time 368.23ms, mfu 1.69%
iter 4378: loss 19.5432, time 465.40ms, mfu 1.68%
iter 4379: loss 19.9156, time 306.40ms, mfu 1.74%
iter 4380: loss 19.7826, time 360.02ms, mfu 1.77%
iter 4381: loss 19.2560, time 367.88ms, mfu 1.79%
iter 4382: loss 19.5260, time 442.42ms, mfu 1.77%
iter 4383: loss 19.8949, time 278.41ms, mfu 1.85%
iter 4384: loss 20.1874, time 365.52ms, mfu 1.86%
iter 4385: loss 19.9039, time 376.44ms, mfu 1.87%
iter 4386: loss 19.5824, time 438.66ms, mfu 1.84%
iter 4387: loss 19.1930, time 389.99ms, mfu 1.84%
iter 4388: loss 20.1263, time 493.36ms, mfu 1.80%
iter 4389: loss 20.9981, time 427.73ms, mfu 1.79%
iter 4390: loss 19.5823, time 358.57ms, mfu 1.81%
iter 4391: loss 18.9961, time 426.56ms, mfu 1.80%
iter 4392: loss 19.4464, time 323.17ms, mfu 1.84%
iter 4393: loss 20.1142, time 508.61ms, mfu 1.80%
iter 4394: loss 20.1730, time 465.24ms, mfu 1.77%
iter 4395: loss 20.0591, time 447.38ms, mfu 1.75%
iter 4396: loss 19.2411, time 418.98ms, mfu 1.75%
iter 4397: loss 20.1252, time 440.34ms, mfu 1.74%
iter 4398: loss 20.1172, time 584.27ms, mfu 1.69%
iter 4399: loss 19.1214, time 404.72ms, mfu 1.69%
iter 4400: loss 19.7521, time 609.16ms, mfu 1.64%
  === DIAG iter 4400 ===
  loss breakdown: text 0.2171 | num 3.9070 (lambda=5.0, mode=bins)
  grads: total 1.0000, transformer 0.1456, adapter 0.9883, num_head 0.0458
  nums: 897/3072 tokens (29.2%)
  lr: 5.56e-04
  layer_weights: [L0:0.068 L1:0.068 L2:0.068 L3:0.070 L4:0.081 L5:0.084 L6:0.095 L7:0.096 L8:0.094 L9:0.094 L10:0.093 L11:0.089]
iter 4401: loss 19.0409, time 221.70ms, mfu 1.80%
iter 4402: loss 19.6074, time 389.34ms, mfu 1.81%
iter 4403: loss 19.7228, time 534.68ms, mfu 1.76%
iter 4404: loss 19.7516, time 414.09ms, mfu 1.76%
iter 4405: loss 20.3177, time 506.34ms, mfu 1.72%
iter 4406: loss 18.9184, time 706.17ms, mfu 1.65%
iter 4407: loss 20.3067, time 465.16ms, mfu 1.64%
iter 4408: loss 19.5848, time 498.28ms, mfu 1.62%
iter 4409: loss 19.9763, time 526.47ms, mfu 1.59%
iter 4410: loss 19.3628, time 425.20ms, mfu 1.60%
iter 4411: loss 19.9639, time 319.91ms, mfu 1.67%
iter 4412: loss 19.2190, time 531.28ms, mfu 1.64%
iter 4413: loss 19.8429, time 422.39ms, mfu 1.64%
iter 4414: loss 20.3176, time 489.80ms, mfu 1.62%
iter 4415: loss 19.8091, time 574.38ms, mfu 1.59%
iter 4416: loss 18.9785, time 375.03ms, mfu 1.62%
iter 4417: loss 20.2584, time 373.96ms, mfu 1.65%
iter 4418: loss 19.6238, time 386.02ms, mfu 1.67%
iter 4419: loss 18.7051, time 399.90ms, mfu 1.68%
iter 4420: loss 18.7196, time 452.48ms, mfu 1.67%
iter 4421: loss 19.1502, time 296.23ms, mfu 1.75%
iter 4422: loss 19.6113, time 360.54ms, mfu 1.77%
iter 4423: loss 19.8294, time 385.12ms, mfu 1.78%
iter 4424: loss 19.2084, time 367.33ms, mfu 1.80%
iter 4425: loss 18.9627, time 632.22ms, mfu 1.73%
iter 4426: loss 19.9175, time 406.03ms, mfu 1.73%
iter 4427: loss 18.9494, time 484.64ms, mfu 1.71%
iter 4428: loss 19.7576, time 484.91ms, mfu 1.68%
iter 4429: loss 18.9733, time 560.90ms, mfu 1.64%
iter 4430: loss 19.5320, time 417.18ms, mfu 1.65%
iter 4431: loss 19.7666, time 383.11ms, mfu 1.67%
iter 4432: loss 20.0322, time 327.12ms, mfu 1.73%
iter 4433: loss 19.4492, time 395.74ms, mfu 1.73%
iter 4434: loss 19.8097, time 413.38ms, mfu 1.73%
iter 4435: loss 19.5794, time 435.17ms, mfu 1.72%
iter 4436: loss 20.1930, time 346.34ms, mfu 1.76%
iter 4437: loss 19.3173, time 477.22ms, mfu 1.73%
iter 4438: loss 18.7589, time 467.13ms, mfu 1.71%
iter 4439: loss 20.4853, time 415.82ms, mfu 1.71%
iter 4440: loss 19.5844, time 540.19ms, mfu 1.68%
iter 4441: loss 20.2462, time 454.27ms, mfu 1.67%
iter 4442: loss 19.5665, time 393.04ms, mfu 1.68%
iter 4443: loss 18.9119, time 423.62ms, mfu 1.68%
iter 4444: loss 19.7706, time 432.26ms, mfu 1.68%
iter 4445: loss 19.7321, time 463.43ms, mfu 1.67%
iter 4446: loss 19.2994, time 486.69ms, mfu 1.65%
iter 4447: loss 19.1271, time 397.42ms, mfu 1.66%
iter 4448: loss 18.9441, time 421.70ms, mfu 1.67%
iter 4449: loss 19.0606, time 510.12ms, mfu 1.64%
iter 4450: loss 19.3296, time 569.20ms, mfu 1.60%
iter 4451: loss 20.6052, time 447.57ms, mfu 1.60%
iter 4452: loss 19.5510, time 435.59ms, mfu 1.61%
iter 4453: loss 19.4038, time 417.89ms, mfu 1.62%
iter 4454: loss 20.2271, time 338.91ms, mfu 1.67%
iter 4455: loss 19.3272, time 411.64ms, mfu 1.67%
iter 4456: loss 19.3693, time 449.71ms, mfu 1.67%
iter 4457: loss 19.4463, time 354.43ms, mfu 1.70%
iter 4458: loss 19.5493, time 285.06ms, mfu 1.78%
iter 4459: loss 19.2509, time 486.74ms, mfu 1.75%
iter 4460: loss 19.2649, time 406.84ms, mfu 1.75%
iter 4461: loss 18.9100, time 435.80ms, mfu 1.74%
iter 4462: loss 19.5675, time 472.84ms, mfu 1.72%
iter 4463: loss 20.1624, time 543.68ms, mfu 1.68%
iter 4464: loss 19.8275, time 375.14ms, mfu 1.70%
iter 4465: loss 19.0096, time 485.05ms, mfu 1.68%
iter 4466: loss 19.5298, time 383.98ms, mfu 1.70%
iter 4467: loss 19.5898, time 376.85ms, mfu 1.72%
iter 4468: loss 19.0776, time 573.70ms, mfu 1.67%
iter 4469: loss 19.3562, time 409.35ms, mfu 1.68%
iter 4470: loss 19.3018, time 262.69ms, mfu 1.78%
iter 4471: loss 19.7765, time 545.85ms, mfu 1.74%
iter 4472: loss 19.6377, time 381.43ms, mfu 1.75%
iter 4473: loss 19.8068, time 461.10ms, mfu 1.73%
iter 4474: loss 19.3347, time 470.87ms, mfu 1.71%
iter 4475: loss 19.3790, time 447.11ms, mfu 1.70%
iter 4476: loss 19.9728, time 495.22ms, mfu 1.67%
iter 4477: loss 19.9472, time 376.33ms, mfu 1.70%
iter 4478: loss 19.8230, time 418.09ms, mfu 1.70%
iter 4479: loss 19.7793, time 670.20ms, mfu 1.64%
iter 4480: loss 19.1940, time 431.60ms, mfu 1.64%
iter 4481: loss 19.2385, time 489.64ms, mfu 1.62%
iter 4482: loss 19.9575, time 301.12ms, mfu 1.70%
iter 4483: loss 18.5661, time 398.85ms, mfu 1.71%
iter 4484: loss 19.5328, time 639.21ms, mfu 1.65%
iter 4485: loss 20.0848, time 435.56ms, mfu 1.65%
iter 4486: loss 19.7602, time 335.98ms, mfu 1.70%
iter 4487: loss 18.9420, time 447.40ms, mfu 1.69%
iter 4488: loss 19.4148, time 523.78ms, mfu 1.65%
iter 4489: loss 19.8377, time 444.91ms, mfu 1.65%
iter 4490: loss 19.9432, time 305.54ms, mfu 1.72%
iter 4491: loss 18.9907, time 602.76ms, mfu 1.67%
iter 4492: loss 20.0271, time 351.68ms, mfu 1.70%
iter 4493: loss 18.6076, time 355.04ms, mfu 1.74%
iter 4494: loss 19.4666, time 574.12ms, mfu 1.69%
iter 4495: loss 19.3055, time 402.36ms, mfu 1.70%
iter 4496: loss 19.1759, time 495.60ms, mfu 1.67%
iter 4497: loss 18.5941, time 374.25ms, mfu 1.70%
iter 4498: loss 19.4988, time 334.93ms, mfu 1.74%
iter 4499: loss 19.1800, time 476.02ms, mfu 1.72%
iter 4500: loss 20.5444, time 587.47ms, mfu 1.67%
  === DIAG iter 4500 ===
  loss breakdown: text 0.2311 | num 4.0626 (lambda=5.0, mode=bins)
  grads: total 1.0000, transformer 0.1221, adapter 0.9916, num_head 0.0435
  nums: 831/3072 tokens (27.1%)
  lr: 5.52e-04
  layer_weights: [L0:0.067 L1:0.067 L2:0.068 L3:0.069 L4:0.081 L5:0.083 L6:0.095 L7:0.097 L8:0.095 L9:0.095 L10:0.094 L11:0.090]
iter 4501: loss 19.3887, time 268.00ms, mfu 1.77%
iter 4502: loss 19.0748, time 457.15ms, mfu 1.75%
iter 4503: loss 19.7279, time 429.52ms, mfu 1.74%
iter 4504: loss 19.5791, time 360.25ms, mfu 1.76%
iter 4505: loss 20.1835, time 378.57ms, mfu 1.78%
iter 4506: loss 19.3600, time 386.84ms, mfu 1.78%
iter 4507: loss 18.7035, time 499.32ms, mfu 1.75%
iter 4508: loss 19.6138, time 357.86ms, mfu 1.77%
iter 4509: loss 19.5709, time 404.25ms, mfu 1.77%
iter 4510: loss 21.0927, time 395.72ms, mfu 1.78%
iter 4511: loss 20.1400, time 344.09ms, mfu 1.81%
iter 4512: loss 19.5138, time 550.12ms, mfu 1.76%
iter 4513: loss 19.1997, time 383.63ms, mfu 1.77%
iter 4514: loss 20.3726, time 526.60ms, mfu 1.73%
iter 4515: loss 20.1799, time 386.52ms, mfu 1.74%
iter 4516: loss 19.3921, time 320.83ms, mfu 1.79%
iter 4517: loss 19.7799, time 434.12ms, mfu 1.78%
iter 4518: loss 19.5432, time 388.43ms, mfu 1.78%
iter 4519: loss 19.3738, time 497.71ms, mfu 1.75%
iter 4520: loss 19.2796, time 419.79ms, mfu 1.74%
iter 4521: loss 19.2074, time 575.94ms, mfu 1.69%
iter 4522: loss 20.2070, time 463.23ms, mfu 1.68%
iter 4523: loss 19.5385, time 398.75ms, mfu 1.69%
iter 4524: loss 18.0482, time 311.02ms, mfu 1.75%
iter 4525: loss 19.2907, time 355.37ms, mfu 1.78%
iter 4526: loss 18.5704, time 519.16ms, mfu 1.74%
iter 4527: loss 20.0248, time 358.94ms, mfu 1.76%
iter 4528: loss 19.1542, time 436.42ms, mfu 1.75%
iter 4529: loss 19.3573, time 385.22ms, mfu 1.76%
iter 4530: loss 18.6138, time 354.35ms, mfu 1.79%
iter 4531: loss 19.0165, time 395.51ms, mfu 1.79%
iter 4532: loss 19.4612, time 475.76ms, mfu 1.76%
iter 4533: loss 19.8127, time 416.07ms, mfu 1.76%
iter 4534: loss 19.7418, time 477.05ms, mfu 1.73%
iter 4535: loss 19.5835, time 498.24ms, mfu 1.70%
iter 4536: loss 20.0416, time 599.31ms, mfu 1.65%
iter 4537: loss 19.2276, time 369.33ms, mfu 1.68%
iter 4538: loss 18.0043, time 456.83ms, mfu 1.67%
iter 4539: loss 20.7172, time 397.09ms, mfu 1.68%
iter 4540: loss 20.6920, time 518.61ms, mfu 1.65%
iter 4541: loss 18.9320, time 439.84ms, mfu 1.65%
iter 4542: loss 19.0859, time 407.18ms, mfu 1.66%
iter 4543: loss 19.5424, time 387.78ms, mfu 1.68%
iter 4544: loss 19.7615, time 520.67ms, mfu 1.65%
iter 4545: loss 19.3139, time 333.55ms, mfu 1.70%
iter 4546: loss 19.4452, time 300.81ms, mfu 1.77%
iter 4547: loss 19.6498, time 424.88ms, mfu 1.76%
iter 4548: loss 19.8438, time 445.55ms, mfu 1.74%
iter 4549: loss 20.0788, time 395.23ms, mfu 1.75%
iter 4550: loss 20.2063, time 589.16ms, mfu 1.70%
iter 4551: loss 18.6496, time 536.33ms, mfu 1.66%
iter 4552: loss 20.5233, time 569.45ms, mfu 1.62%
iter 4553: loss 19.4492, time 539.88ms, mfu 1.59%
iter 4554: loss 20.0293, time 473.91ms, mfu 1.58%
iter 4555: loss 18.6712, time 426.02ms, mfu 1.59%
iter 4556: loss 20.3555, time 329.67ms, mfu 1.65%
iter 4557: loss 20.0168, time 544.20ms, mfu 1.62%
iter 4558: loss 18.9973, time 463.25ms, mfu 1.61%
iter 4559: loss 19.3923, time 493.88ms, mfu 1.59%
iter 4560: loss 19.0853, time 569.68ms, mfu 1.56%
iter 4561: loss 19.3890, time 427.45ms, mfu 1.57%
iter 4562: loss 19.3084, time 397.13ms, mfu 1.60%
iter 4563: loss 18.9986, time 542.59ms, mfu 1.57%
iter 4564: loss 19.0024, time 489.05ms, mfu 1.56%
iter 4565: loss 20.1042, time 343.16ms, mfu 1.61%
iter 4566: loss 19.6872, time 511.76ms, mfu 1.59%
iter 4567: loss 20.3559, time 438.10ms, mfu 1.59%
iter 4568: loss 19.5070, time 331.15ms, mfu 1.65%
iter 4569: loss 19.7063, time 350.33ms, mfu 1.69%
iter 4570: loss 19.4926, time 443.64ms, mfu 1.68%
iter 4571: loss 19.2054, time 437.86ms, mfu 1.68%
iter 4572: loss 19.3688, time 411.32ms, mfu 1.68%
iter 4573: loss 19.5564, time 457.47ms, mfu 1.67%
iter 4574: loss 19.9800, time 486.22ms, mfu 1.65%
iter 4575: loss 19.1891, time 345.58ms, mfu 1.70%
iter 4576: loss 20.0562, time 585.02ms, mfu 1.65%
iter 4577: loss 19.9645, time 482.68ms, mfu 1.63%
iter 4578: loss 19.1112, time 496.23ms, mfu 1.61%
iter 4579: loss 19.7415, time 503.20ms, mfu 1.59%
iter 4580: loss 19.7601, time 427.05ms, mfu 1.60%
iter 4581: loss 20.2630, time 470.93ms, mfu 1.59%
iter 4582: loss 19.6613, time 346.88ms, mfu 1.64%
iter 4583: loss 20.3147, time 376.52ms, mfu 1.67%
iter 4584: loss 19.3277, time 572.04ms, mfu 1.63%
iter 4585: loss 20.4221, time 437.49ms, mfu 1.63%
iter 4586: loss 19.1347, time 401.62ms, mfu 1.64%
iter 4587: loss 19.8867, time 431.86ms, mfu 1.64%
iter 4588: loss 19.7849, time 379.81ms, mfu 1.67%
iter 4589: loss 19.4044, time 450.55ms, mfu 1.66%
iter 4590: loss 18.8393, time 474.41ms, mfu 1.65%
iter 4591: loss 19.6447, time 489.55ms, mfu 1.63%
iter 4592: loss 19.2174, time 341.83ms, mfu 1.67%
iter 4593: loss 19.0314, time 551.33ms, mfu 1.64%
iter 4594: loss 18.7462, time 562.45ms, mfu 1.60%
iter 4595: loss 19.1684, time 376.49ms, mfu 1.63%
iter 4596: loss 20.2313, time 353.36ms, mfu 1.67%
iter 4597: loss 19.5368, time 466.47ms, mfu 1.66%
iter 4598: loss 20.3830, time 400.02ms, mfu 1.67%
iter 4599: loss 19.7037, time 402.01ms, mfu 1.68%
iter 4600: loss 19.9319, time 708.64ms, mfu 1.61%
  === DIAG iter 4600 ===
  loss breakdown: text 0.2393 | num 3.9385 (lambda=5.0, mode=bins)
  grads: total 1.0000, transformer 0.2822, adapter 0.9563, num_head 0.0758
  nums: 860/3072 tokens (28.0%)
  lr: 5.48e-04
  layer_weights: [L0:0.067 L1:0.067 L2:0.067 L3:0.069 L4:0.080 L5:0.083 L6:0.095 L7:0.097 L8:0.095 L9:0.095 L10:0.095 L11:0.090]
iter 4601: loss 19.6383, time 264.52ms, mfu 1.72%
iter 4602: loss 19.3890, time 405.83ms, mfu 1.73%
iter 4603: loss 18.9219, time 417.93ms, mfu 1.73%
iter 4604: loss 19.0942, time 438.62ms, mfu 1.72%
iter 4605: loss 20.5874, time 408.61ms, mfu 1.72%
iter 4606: loss 20.5713, time 470.41ms, mfu 1.70%
iter 4607: loss 18.7337, time 465.43ms, mfu 1.69%
iter 4608: loss 20.0577, time 515.28ms, mfu 1.66%
iter 4609: loss 19.4444, time 626.56ms, mfu 1.60%
iter 4610: loss 19.3012, time 392.35ms, mfu 1.63%
iter 4611: loss 19.3030, time 381.12ms, mfu 1.65%
iter 4612: loss 20.0311, time 379.67ms, mfu 1.68%
iter 4613: loss 19.7435, time 407.42ms, mfu 1.68%
iter 4614: loss 18.8599, time 481.25ms, mfu 1.66%
iter 4615: loss 19.8403, time 568.52ms, mfu 1.62%
iter 4616: loss 19.8310, time 449.98ms, mfu 1.62%
iter 4617: loss 19.8056, time 365.75ms, mfu 1.65%
iter 4618: loss 19.8018, time 436.21ms, mfu 1.65%
iter 4619: loss 20.4012, time 437.42ms, mfu 1.65%
iter 4620: loss 19.8077, time 468.99ms, mfu 1.64%
iter 4621: loss 19.9408, time 468.29ms, mfu 1.63%
iter 4622: loss 19.1783, time 317.72ms, mfu 1.69%
iter 4623: loss 19.2079, time 461.07ms, mfu 1.68%
iter 4624: loss 20.0559, time 547.03ms, mfu 1.64%
iter 4625: loss 19.7805, time 539.52ms, mfu 1.61%
iter 4626: loss 18.6788, time 587.88ms, mfu 1.57%
iter 4627: loss 19.0521, time 434.36ms, mfu 1.58%
iter 4628: loss 19.6958, time 397.73ms, mfu 1.60%
iter 4629: loss 20.7757, time 387.84ms, mfu 1.63%
iter 4630: loss 19.6904, time 386.63ms, mfu 1.65%
iter 4631: loss 19.5927, time 457.60ms, mfu 1.64%
iter 4632: loss 19.2004, time 420.31ms, mfu 1.65%
iter 4633: loss 18.7060, time 430.06ms, mfu 1.65%
iter 4634: loss 19.8554, time 389.91ms, mfu 1.67%
iter 4635: loss 18.5038, time 445.77ms, mfu 1.66%
iter 4636: loss 19.8500, time 461.94ms, mfu 1.65%
iter 4637: loss 19.9213, time 514.28ms, mfu 1.62%
iter 4638: loss 19.8470, time 533.83ms, mfu 1.60%
iter 4639: loss 20.1869, time 466.38ms, mfu 1.59%
iter 4640: loss 19.5505, time 382.25ms, mfu 1.62%
iter 4641: loss 19.3957, time 418.36ms, mfu 1.63%
iter 4642: loss 20.1587, time 501.20ms, mfu 1.61%
iter 4643: loss 19.2290, time 382.91ms, mfu 1.63%
iter 4644: loss 18.7320, time 397.60ms, mfu 1.65%
iter 4645: loss 18.6712, time 498.44ms, mfu 1.63%
iter 4646: loss 19.5195, time 507.58ms, mfu 1.61%
iter 4647: loss 19.8552, time 378.75ms, mfu 1.64%
iter 4648: loss 19.3530, time 495.30ms, mfu 1.62%
iter 4649: loss 19.0461, time 417.26ms, mfu 1.63%
iter 4650: loss 19.6310, time 541.93ms, mfu 1.60%
iter 4651: loss 19.6837, time 439.02ms, mfu 1.60%
iter 4652: loss 18.8337, time 488.94ms, mfu 1.59%
iter 4653: loss 19.4264, time 385.95ms, mfu 1.61%
iter 4654: loss 18.9721, time 368.06ms, mfu 1.65%
iter 4655: loss 19.6382, time 411.02ms, mfu 1.66%
iter 4656: loss 19.2043, time 313.26ms, mfu 1.72%
iter 4657: loss 19.0835, time 366.18ms, mfu 1.74%
iter 4658: loss 19.0027, time 438.10ms, mfu 1.73%
iter 4659: loss 18.5658, time 401.11ms, mfu 1.74%
iter 4660: loss 19.2541, time 368.46ms, mfu 1.76%
iter 4661: loss 19.6658, time 505.77ms, mfu 1.72%
iter 4662: loss 19.5305, time 440.69ms, mfu 1.71%
iter 4663: loss 18.7922, time 491.52ms, mfu 1.69%
iter 4664: loss 19.7095, time 453.95ms, mfu 1.68%
iter 4665: loss 19.5251, time 368.44ms, mfu 1.70%
iter 4666: loss 19.3060, time 412.95ms, mfu 1.71%
iter 4667: loss 19.9382, time 513.98ms, mfu 1.68%
iter 4668: loss 19.1929, time 330.53ms, mfu 1.73%
iter 4669: loss 19.4099, time 368.18ms, mfu 1.75%
iter 4670: loss 19.5549, time 449.80ms, mfu 1.73%
iter 4671: loss 20.0143, time 496.03ms, mfu 1.70%
iter 4672: loss 18.9280, time 416.72ms, mfu 1.70%
iter 4673: loss 19.2013, time 453.71ms, mfu 1.69%
iter 4674: loss 20.2411, time 483.85ms, mfu 1.67%
iter 4675: loss 19.9097, time 301.66ms, mfu 1.74%
iter 4676: loss 20.0928, time 412.84ms, mfu 1.74%
iter 4677: loss 19.6168, time 436.56ms, mfu 1.73%
iter 4678: loss 20.1295, time 366.18ms, mfu 1.75%
iter 4679: loss 19.4040, time 445.28ms, mfu 1.74%
iter 4680: loss 18.5167, time 413.66ms, mfu 1.74%
iter 4681: loss 19.0846, time 387.74ms, mfu 1.75%
iter 4682: loss 19.8693, time 693.29ms, mfu 1.68%
iter 4683: loss 20.2590, time 315.08ms, mfu 1.74%
iter 4684: loss 19.7329, time 402.60ms, mfu 1.74%
iter 4685: loss 19.2187, time 463.88ms, mfu 1.72%
iter 4686: loss 19.4885, time 405.36ms, mfu 1.73%
iter 4687: loss 20.1626, time 314.02ms, mfu 1.78%
iter 4688: loss 19.6109, time 476.20ms, mfu 1.75%
iter 4689: loss 19.8833, time 362.37ms, mfu 1.78%
iter 4690: loss 19.8166, time 399.40ms, mfu 1.78%
iter 4691: loss 19.3107, time 451.62ms, mfu 1.76%
iter 4692: loss 19.8918, time 388.15ms, mfu 1.77%
iter 4693: loss 19.7174, time 341.93ms, mfu 1.80%
iter 4694: loss 19.7591, time 432.29ms, mfu 1.79%
iter 4695: loss 19.5154, time 461.75ms, mfu 1.76%
iter 4696: loss 19.9118, time 421.41ms, mfu 1.76%
iter 4697: loss 19.5241, time 419.52ms, mfu 1.75%
iter 4698: loss 19.2992, time 353.07ms, mfu 1.78%
iter 4699: loss 19.9406, time 384.43ms, mfu 1.79%
iter 4700: loss 20.9860, time 708.20ms, mfu 1.71%
  === DIAG iter 4700 ===
  loss breakdown: text 0.2405 | num 4.1491 (lambda=5.0, mode=bins)
  grads: total 1.0000, transformer 0.0836, adapter 0.9960, num_head 0.0305
  nums: 906/3072 tokens (29.5%)
  lr: 5.45e-04
  layer_weights: [L0:0.067 L1:0.067 L2:0.067 L3:0.069 L4:0.079 L5:0.082 L6:0.095 L7:0.098 L8:0.095 L9:0.096 L10:0.095 L11:0.090]
iter 4701: loss 19.9153, time 209.07ms, mfu 1.88%
iter 4702: loss 18.7290, time 404.29ms, mfu 1.87%
iter 4703: loss 19.9156, time 536.48ms, mfu 1.82%
iter 4704: loss 18.5624, time 263.51ms, mfu 1.91%
iter 4705: loss 18.5968, time 448.61ms, mfu 1.88%
iter 4706: loss 19.2828, time 299.11ms, mfu 1.93%
iter 4707: loss 19.4332, time 570.54ms, mfu 1.86%
iter 4708: loss 20.4867, time 442.71ms, mfu 1.84%
iter 4709: loss 19.6865, time 436.11ms, mfu 1.82%
iter 4710: loss 19.6458, time 480.26ms, mfu 1.78%
iter 4711: loss 18.9758, time 352.08ms, mfu 1.81%
iter 4712: loss 19.2533, time 501.43ms, mfu 1.77%
iter 4713: loss 19.9239, time 525.93ms, mfu 1.73%
iter 4714: loss 18.6317, time 329.43ms, mfu 1.78%
iter 4715: loss 19.1050, time 372.30ms, mfu 1.79%
iter 4716: loss 19.4523, time 582.41ms, mfu 1.73%
iter 4717: loss 19.2621, time 517.90ms, mfu 1.70%
iter 4718: loss 19.7067, time 376.95ms, mfu 1.72%
iter 4719: loss 19.6058, time 307.65ms, mfu 1.78%
iter 4720: loss 19.7189, time 468.49ms, mfu 1.76%
iter 4721: loss 20.3940, time 289.20ms, mfu 1.83%
iter 4722: loss 20.1331, time 420.56ms, mfu 1.82%
iter 4723: loss 20.3668, time 462.13ms, mfu 1.79%
iter 4724: loss 20.7108, time 424.65ms, mfu 1.78%
iter 4725: loss 19.1887, time 397.88ms, mfu 1.78%
iter 4726: loss 20.0075, time 373.69ms, mfu 1.79%
iter 4727: loss 19.0738, time 340.71ms, mfu 1.83%
iter 4728: loss 19.3050, time 492.73ms, mfu 1.79%
iter 4729: loss 19.7180, time 491.02ms, mfu 1.76%
iter 4730: loss 20.0090, time 530.05ms, mfu 1.71%
iter 4731: loss 19.3089, time 423.04ms, mfu 1.71%
iter 4732: loss 18.6611, time 444.67ms, mfu 1.70%
iter 4733: loss 19.1376, time 559.92ms, mfu 1.66%
iter 4734: loss 19.1011, time 397.78ms, mfu 1.67%
iter 4735: loss 18.3984, time 352.55ms, mfu 1.71%
iter 4736: loss 20.0943, time 513.89ms, mfu 1.68%
iter 4737: loss 19.9089, time 381.02ms, mfu 1.70%
iter 4738: loss 18.8283, time 456.54ms, mfu 1.69%
iter 4739: loss 19.0162, time 489.46ms, mfu 1.66%
iter 4740: loss 19.2777, time 490.44ms, mfu 1.64%
iter 4741: loss 19.3887, time 384.14ms, mfu 1.67%
iter 4742: loss 19.6319, time 453.49ms, mfu 1.66%
iter 4743: loss 20.0955, time 412.18ms, mfu 1.67%
iter 4744: loss 19.1231, time 406.88ms, mfu 1.67%
iter 4745: loss 18.9882, time 445.26ms, mfu 1.67%
iter 4746: loss 19.4527, time 448.91ms, mfu 1.66%
iter 4747: loss 19.2683, time 367.44ms, mfu 1.69%
iter 4748: loss 19.1754, time 327.56ms, mfu 1.74%
iter 4749: loss 18.8498, time 360.80ms, mfu 1.76%
iter 4750: loss 19.4747, time 433.97ms, mfu 1.75%
iter 4751: loss 19.2158, time 555.17ms, mfu 1.71%
iter 4752: loss 19.4083, time 546.21ms, mfu 1.67%
iter 4753: loss 20.0688, time 426.58ms, mfu 1.67%
iter 4754: loss 18.8115, time 428.08ms, mfu 1.67%
iter 4755: loss 19.2859, time 341.19ms, mfu 1.71%
iter 4756: loss 18.6240, time 557.42ms, mfu 1.67%
iter 4757: loss 20.1408, time 380.88ms, mfu 1.69%
iter 4758: loss 19.0736, time 450.96ms, mfu 1.68%
iter 4759: loss 18.8866, time 493.26ms, mfu 1.66%
iter 4760: loss 19.2383, time 499.38ms, mfu 1.64%
iter 4761: loss 18.7201, time 285.05ms, mfu 1.72%
iter 4762: loss 19.9503, time 461.96ms, mfu 1.71%
iter 4763: loss 19.0950, time 373.28ms, mfu 1.73%
iter 4764: loss 19.0694, time 347.03ms, mfu 1.76%
iter 4765: loss 18.7533, time 515.24ms, mfu 1.72%
iter 4766: loss 19.2166, time 441.81ms, mfu 1.71%
iter 4767: loss 19.1112, time 378.45ms, mfu 1.73%
iter 4768: loss 19.5842, time 472.61ms, mfu 1.71%
iter 4769: loss 18.8688, time 419.86ms, mfu 1.71%
iter 4770: loss 19.4391, time 385.28ms, mfu 1.72%
iter 4771: loss 18.6917, time 367.09ms, mfu 1.75%
iter 4772: loss 19.2850, time 550.38ms, mfu 1.70%
iter 4773: loss 19.6648, time 445.04ms, mfu 1.69%
iter 4774: loss 19.2652, time 466.46ms, mfu 1.68%
iter 4775: loss 18.9455, time 333.59ms, mfu 1.72%
iter 4776: loss 18.5645, time 445.38ms, mfu 1.71%
iter 4777: loss 19.4235, time 317.64ms, mfu 1.77%
iter 4778: loss 20.3543, time 472.65ms, mfu 1.74%
iter 4779: loss 19.7685, time 493.18ms, mfu 1.71%
iter 4780: loss 19.3367, time 502.32ms, mfu 1.68%
iter 4781: loss 19.2957, time 413.76ms, mfu 1.69%
iter 4782: loss 18.9293, time 375.46ms, mfu 1.71%
iter 4783: loss 18.3494, time 479.19ms, mfu 1.69%
iter 4784: loss 19.5798, time 404.42ms, mfu 1.70%
iter 4785: loss 18.9405, time 379.21ms, mfu 1.72%
iter 4786: loss 19.0654, time 454.10ms, mfu 1.70%
iter 4787: loss 19.3346, time 360.61ms, mfu 1.73%
iter 4788: loss 20.2841, time 476.06ms, mfu 1.71%
iter 4789: loss 19.6645, time 347.73ms, mfu 1.74%
iter 4790: loss 19.3388, time 647.77ms, mfu 1.68%
iter 4791: loss 19.6956, time 337.08ms, mfu 1.72%
iter 4792: loss 18.3529, time 570.46ms, mfu 1.68%
iter 4793: loss 19.6421, time 397.28ms, mfu 1.69%
iter 4794: loss 18.0930, time 359.27ms, mfu 1.72%
iter 4795: loss 19.5047, time 321.21ms, mfu 1.77%
iter 4796: loss 21.3519, time 417.29ms, mfu 1.77%
iter 4797: loss 20.2015, time 529.34ms, mfu 1.73%
iter 4798: loss 20.0502, time 309.18ms, mfu 1.78%
iter 4799: loss 19.6301, time 482.98ms, mfu 1.75%
iter 4800: loss 19.7475, time 857.96ms, mfu 1.66%
  === DIAG iter 4800 ===
  loss breakdown: text 0.2337 | num 3.9028 (lambda=5.0, mode=bins)
  grads: total 1.0000, transformer 0.1664, adapter 0.9844, num_head 0.0576
  nums: 904/3072 tokens (29.4%)
  lr: 5.41e-04
  layer_weights: [L0:0.066 L1:0.066 L2:0.066 L3:0.068 L4:0.079 L5:0.081 L6:0.095 L7:0.098 L8:0.096 L9:0.097 L10:0.096 L11:0.092]
iter 4801: loss 19.8630, time 210.56ms, mfu 1.84%
iter 4802: loss 19.7537, time 403.96ms, mfu 1.83%
iter 4803: loss 19.0746, time 449.05ms, mfu 1.81%
iter 4804: loss 19.0400, time 381.97ms, mfu 1.81%
iter 4805: loss 19.8748, time 410.04ms, mfu 1.81%
iter 4806: loss 19.6054, time 483.78ms, mfu 1.77%
iter 4807: loss 19.2983, time 412.44ms, mfu 1.77%
iter 4808: loss 19.1615, time 365.99ms, mfu 1.79%
iter 4809: loss 19.5752, time 468.35ms, mfu 1.76%
iter 4810: loss 19.3865, time 440.03ms, mfu 1.75%
iter 4811: loss 18.7596, time 574.32ms, mfu 1.70%
iter 4812: loss 18.7451, time 565.29ms, mfu 1.66%
iter 4813: loss 18.7722, time 424.28ms, mfu 1.66%
iter 4814: loss 19.0714, time 546.40ms, mfu 1.62%
iter 4815: loss 18.9445, time 323.86ms, mfu 1.68%
iter 4816: loss 19.8275, time 493.56ms, mfu 1.66%
iter 4817: loss 19.7391, time 497.56ms, mfu 1.64%
iter 4818: loss 18.9750, time 270.46ms, mfu 1.74%
iter 4819: loss 18.3887, time 498.33ms, mfu 1.71%
iter 4820: loss 18.7583, time 596.96ms, mfu 1.66%
iter 4821: loss 19.7954, time 407.06ms, mfu 1.67%
iter 4822: loss 19.3508, time 424.10ms, mfu 1.67%
iter 4823: loss 19.3706, time 358.43ms, mfu 1.70%
iter 4824: loss 19.8648, time 554.89ms, mfu 1.66%
iter 4825: loss 19.5574, time 397.83ms, mfu 1.68%
iter 4826: loss 19.5555, time 480.36ms, mfu 1.66%
iter 4827: loss 20.4010, time 483.32ms, mfu 1.64%
iter 4828: loss 18.8196, time 358.32ms, mfu 1.68%
iter 4829: loss 19.7737, time 474.02ms, mfu 1.66%
iter 4830: loss 19.5819, time 550.51ms, mfu 1.62%
iter 4831: loss 19.8635, time 374.39ms, mfu 1.65%
iter 4832: loss 20.3597, time 513.98ms, mfu 1.63%
iter 4833: loss 20.0452, time 480.93ms, mfu 1.61%
iter 4834: loss 20.6640, time 439.96ms, mfu 1.61%
iter 4835: loss 19.7016, time 414.28ms, mfu 1.63%
iter 4836: loss 19.9777, time 432.19ms, mfu 1.63%
iter 4837: loss 19.6519, time 564.51ms, mfu 1.59%
iter 4838: loss 18.6153, time 257.35ms, mfu 1.71%
iter 4839: loss 19.8314, time 330.47ms, mfu 1.76%
iter 4840: loss 19.8204, time 564.26ms, mfu 1.71%
iter 4841: loss 18.4882, time 552.61ms, mfu 1.67%
iter 4842: loss 19.3373, time 397.37ms, mfu 1.68%
iter 4843: loss 19.8938, time 383.83ms, mfu 1.70%
iter 4844: loss 19.1235, time 422.84ms, mfu 1.70%
iter 4845: loss 19.3236, time 449.69ms, mfu 1.69%
iter 4846: loss 19.3593, time 423.14ms, mfu 1.69%
iter 4847: loss 19.7426, time 399.59ms, mfu 1.70%
iter 4848: loss 20.3260, time 434.23ms, mfu 1.69%
iter 4849: loss 19.6511, time 400.59ms, mfu 1.70%
iter 4850: loss 19.9812, time 370.11ms, mfu 1.73%
iter 4851: loss 19.5197, time 544.28ms, mfu 1.69%
iter 4852: loss 19.6462, time 555.01ms, mfu 1.65%
iter 4853: loss 20.1660, time 483.34ms, mfu 1.63%
iter 4854: loss 18.5942, time 430.67ms, mfu 1.63%
iter 4855: loss 19.2235, time 348.01ms, mfu 1.68%
iter 4856: loss 18.3380, time 508.89ms, mfu 1.65%
iter 4857: loss 18.5117, time 434.21ms, mfu 1.65%
iter 4858: loss 19.9048, time 306.48ms, mfu 1.72%
iter 4859: loss 19.5400, time 500.19ms, mfu 1.69%
iter 4860: loss 20.0614, time 431.94ms, mfu 1.69%
iter 4861: loss 19.5045, time 284.91ms, mfu 1.77%
iter 4862: loss 19.0489, time 485.61ms, mfu 1.74%
iter 4863: loss 19.8912, time 431.10ms, mfu 1.73%
iter 4864: loss 19.4571, time 423.22ms, mfu 1.73%
iter 4865: loss 19.4790, time 526.33ms, mfu 1.69%
iter 4866: loss 19.5547, time 254.47ms, mfu 1.80%
iter 4867: loss 19.3628, time 293.27ms, mfu 1.87%
iter 4868: loss 19.6545, time 437.99ms, mfu 1.84%
iter 4869: loss 19.3503, time 453.69ms, mfu 1.82%
iter 4870: loss 20.1607, time 436.89ms, mfu 1.80%
iter 4871: loss 18.8643, time 397.05ms, mfu 1.80%
iter 4872: loss 20.6281, time 530.43ms, mfu 1.76%
iter 4873: loss 19.6480, time 470.45ms, mfu 1.73%
iter 4874: loss 19.1229, time 491.29ms, mfu 1.71%
iter 4875: loss 19.0608, time 450.21ms, mfu 1.69%
iter 4876: loss 19.6779, time 398.52ms, mfu 1.70%
iter 4877: loss 19.8793, time 462.60ms, mfu 1.69%
iter 4878: loss 18.8958, time 319.39ms, mfu 1.74%
iter 4879: loss 19.8255, time 493.33ms, mfu 1.71%
iter 4880: loss 18.7058, time 463.38ms, mfu 1.70%
iter 4881: loss 19.4249, time 384.65ms, mfu 1.71%
iter 4882: loss 20.6562, time 329.37ms, mfu 1.76%
iter 4883: loss 19.6147, time 468.72ms, mfu 1.74%
iter 4884: loss 18.7268, time 443.64ms, mfu 1.73%
iter 4885: loss 20.1649, time 300.98ms, mfu 1.79%
iter 4886: loss 19.9131, time 396.03ms, mfu 1.79%
iter 4887: loss 19.4413, time 493.21ms, mfu 1.76%
iter 4888: loss 19.9630, time 275.57ms, mfu 1.84%
iter 4889: loss 19.7001, time 478.28ms, mfu 1.81%
iter 4890: loss 18.5447, time 466.14ms, mfu 1.78%
iter 4891: loss 19.3639, time 459.31ms, mfu 1.76%
iter 4892: loss 19.4083, time 387.38ms, mfu 1.77%
iter 4893: loss 18.1966, time 511.08ms, mfu 1.73%
iter 4894: loss 19.2534, time 419.48ms, mfu 1.73%
iter 4895: loss 20.0938, time 520.34ms, mfu 1.69%
iter 4896: loss 19.9690, time 266.49ms, mfu 1.79%
iter 4897: loss 19.6424, time 676.33ms, mfu 1.72%
iter 4898: loss 19.7347, time 482.68ms, mfu 1.70%
iter 4899: loss 19.9970, time 457.92ms, mfu 1.68%
iter 4900: loss 19.3054, time 671.24ms, mfu 1.62%
  === DIAG iter 4900 ===
  loss breakdown: text 0.2373 | num 3.8136 (lambda=5.0, mode=bins)
  grads: total 1.0000, transformer 0.2175, adapter 0.9742, num_head 0.0601
  nums: 888/3072 tokens (28.9%)
  lr: 5.36e-04
  layer_weights: [L0:0.066 L1:0.066 L2:0.066 L3:0.068 L4:0.079 L5:0.081 L6:0.096 L7:0.099 L8:0.096 L9:0.097 L10:0.096 L11:0.091]
iter 4901: loss 18.2246, time 245.54ms, mfu 1.75%
iter 4902: loss 19.5456, time 472.39ms, mfu 1.73%
iter 4903: loss 20.3489, time 495.10ms, mfu 1.70%
iter 4904: loss 19.1513, time 412.58ms, mfu 1.70%
iter 4905: loss 20.3850, time 570.22ms, mfu 1.66%
iter 4906: loss 19.6308, time 446.26ms, mfu 1.65%
iter 4907: loss 19.1010, time 352.62ms, mfu 1.69%
iter 4908: loss 20.5710, time 525.40ms, mfu 1.66%
iter 4909: loss 19.5504, time 464.07ms, mfu 1.65%
iter 4910: loss 19.0427, time 403.90ms, mfu 1.66%
iter 4911: loss 19.5399, time 316.65ms, mfu 1.72%
iter 4912: loss 19.2164, time 401.12ms, mfu 1.73%
iter 4913: loss 19.2659, time 495.03ms, mfu 1.70%
iter 4914: loss 18.9174, time 413.32ms, mfu 1.70%
iter 4915: loss 19.1301, time 563.87ms, mfu 1.66%
iter 4916: loss 20.1225, time 303.33ms, mfu 1.73%
iter 4917: loss 20.3453, time 526.53ms, mfu 1.69%
iter 4918: loss 18.7477, time 516.65ms, mfu 1.66%
iter 4919: loss 18.9325, time 442.78ms, mfu 1.66%
iter 4920: loss 19.2687, time 320.09ms, mfu 1.72%
iter 4921: loss 19.4413, time 301.55ms, mfu 1.78%
iter 4922: loss 19.3338, time 357.58ms, mfu 1.80%
iter 4923: loss 19.6637, time 600.57ms, mfu 1.74%
iter 4924: loss 20.3502, time 364.56ms, mfu 1.77%
iter 4925: loss 19.0012, time 404.46ms, mfu 1.77%
iter 4926: loss 20.5480, time 408.42ms, mfu 1.76%
iter 4927: loss 19.2333, time 430.36ms, mfu 1.75%
iter 4928: loss 19.2484, time 394.55ms, mfu 1.76%
iter 4929: loss 19.8871, time 427.93ms, mfu 1.75%
iter 4930: loss 19.3319, time 333.58ms, mfu 1.79%
iter 4931: loss 19.7949, time 484.66ms, mfu 1.76%
iter 4932: loss 19.7230, time 422.61ms, mfu 1.75%
iter 4933: loss 19.8621, time 377.59ms, mfu 1.77%
iter 4934: loss 19.6509, time 492.96ms, mfu 1.74%
iter 4935: loss 20.7122, time 456.00ms, mfu 1.72%
iter 4936: loss 18.9634, time 463.66ms, mfu 1.70%
iter 4937: loss 18.4638, time 349.28ms, mfu 1.74%
iter 4938: loss 19.2257, time 383.14ms, mfu 1.75%
iter 4939: loss 19.5048, time 413.68ms, mfu 1.75%
iter 4940: loss 18.7824, time 455.21ms, mfu 1.73%
iter 4941: loss 19.2012, time 409.54ms, mfu 1.73%
iter 4942: loss 19.3630, time 378.07ms, mfu 1.75%
iter 4943: loss 19.0744, time 324.37ms, mfu 1.80%
iter 4944: loss 19.2568, time 493.86ms, mfu 1.76%
iter 4945: loss 19.2088, time 426.82ms, mfu 1.75%
iter 4946: loss 19.6111, time 441.29ms, mfu 1.74%
iter 4947: loss 18.8376, time 437.89ms, mfu 1.73%
iter 4948: loss 19.3278, time 283.06ms, mfu 1.81%
iter 4949: loss 19.1203, time 555.58ms, mfu 1.76%
iter 4950: loss 19.3564, time 471.68ms, mfu 1.73%
iter 4951: loss 19.2487, time 507.65ms, mfu 1.70%
iter 4952: loss 18.8241, time 402.93ms, mfu 1.71%
iter 4953: loss 19.3106, time 425.62ms, mfu 1.71%
iter 4954: loss 19.3537, time 312.82ms, mfu 1.76%
iter 4955: loss 18.6904, time 496.88ms, mfu 1.73%
iter 4956: loss 19.2319, time 359.50ms, mfu 1.76%
iter 4957: loss 19.3640, time 337.82ms, mfu 1.79%
iter 4958: loss 19.0796, time 277.48ms, mfu 1.87%
iter 4959: loss 19.2857, time 359.36ms, mfu 1.89%
iter 4960: loss 18.6391, time 584.59ms, mfu 1.82%
iter 4961: loss 18.8290, time 312.77ms, mfu 1.87%
iter 4962: loss 20.0629, time 365.53ms, mfu 1.88%
iter 4963: loss 19.8208, time 310.28ms, mfu 1.92%
iter 4964: loss 18.2882, time 309.44ms, mfu 1.96%
iter 4965: loss 18.9877, time 491.05ms, mfu 1.91%
iter 4966: loss 19.9758, time 551.38ms, mfu 1.85%
iter 4967: loss 20.2044, time 444.59ms, mfu 1.82%
iter 4968: loss 19.6362, time 384.30ms, mfu 1.83%
iter 4969: loss 19.9165, time 308.89ms, mfu 1.88%
iter 4970: loss 19.3940, time 480.63ms, mfu 1.84%
iter 4971: loss 19.8594, time 425.94ms, mfu 1.82%
iter 4972: loss 18.8527, time 456.08ms, mfu 1.80%
iter 4973: loss 19.1421, time 320.63ms, mfu 1.84%
iter 4974: loss 19.2097, time 305.03ms, mfu 1.89%
iter 4975: loss 19.7920, time 492.90ms, mfu 1.85%
iter 4976: loss 18.2797, time 441.65ms, mfu 1.83%
iter 4977: loss 19.7193, time 457.41ms, mfu 1.80%
iter 4978: loss 18.9912, time 406.73ms, mfu 1.80%
iter 4979: loss 18.8240, time 498.08ms, mfu 1.76%
iter 4980: loss 18.8908, time 382.26ms, mfu 1.77%
iter 4981: loss 19.3063, time 476.71ms, mfu 1.74%
iter 4982: loss 18.3795, time 438.18ms, mfu 1.73%
iter 4983: loss 18.5952, time 547.45ms, mfu 1.69%
iter 4984: loss 20.0955, time 413.35ms, mfu 1.70%
iter 4985: loss 19.7251, time 356.16ms, mfu 1.73%
iter 4986: loss 18.3932, time 524.64ms, mfu 1.69%
iter 4987: loss 20.2164, time 382.53ms, mfu 1.71%
iter 4988: loss 19.5069, time 342.91ms, mfu 1.75%
iter 4989: loss 19.4242, time 361.55ms, mfu 1.77%
iter 4990: loss 19.7513, time 394.37ms, mfu 1.78%
iter 4991: loss 20.2003, time 418.75ms, mfu 1.77%
iter 4992: loss 19.2707, time 438.01ms, mfu 1.76%
iter 4993: loss 19.9134, time 462.48ms, mfu 1.73%
iter 4994: loss 18.7468, time 422.26ms, mfu 1.73%
iter 4995: loss 19.0287, time 415.52ms, mfu 1.73%
iter 4996: loss 20.7367, time 322.60ms, mfu 1.78%
iter 4997: loss 19.7606, time 350.33ms, mfu 1.81%
iter 4998: loss 18.7434, time 401.84ms, mfu 1.80%
iter 4999: loss 19.4396, time 353.32ms, mfu 1.83%
step 5000: train loss 19.2768, val loss 19.2920
saving checkpoint to /tmpdir/m24047brmn/numbers/model_checkpoints/qbins/ckpt_iter5000.pt
  new best val loss: 19.2920
iter 5000: loss 18.5346, time 13210.69ms, mfu 1.65%
  === DIAG iter 5000 ===
  loss breakdown: text 0.2137 | num 3.6642 (lambda=5.0, mode=bins)
  grads: total 1.0000, transformer 0.2123, adapter 0.9746, num_head 0.0710
  nums: 878/3072 tokens (28.6%)
  lr: 5.32e-04
  layer_weights: [L0:0.065 L1:0.065 L2:0.065 L3:0.067 L4:0.078 L5:0.079 L6:0.096 L7:0.100 L8:0.097 L9:0.098 L10:0.098 L11:0.092]
iter 5001: loss 19.8177, time 245.72ms, mfu 1.78%
iter 5002: loss 19.6222, time 373.02ms, mfu 1.79%
iter 5003: loss 19.2728, time 450.76ms, mfu 1.77%
iter 5004: loss 19.2020, time 437.12ms, mfu 1.76%
iter 5005: loss 19.3147, time 487.11ms, mfu 1.73%
iter 5006: loss 19.5631, time 335.18ms, mfu 1.77%
iter 5007: loss 20.0403, time 404.67ms, mfu 1.77%
iter 5008: loss 18.9937, time 492.82ms, mfu 1.74%
iter 5009: loss 18.9433, time 540.06ms, mfu 1.70%
iter 5010: loss 19.2421, time 416.64ms, mfu 1.70%
iter 5011: loss 19.6458, time 513.21ms, mfu 1.67%
iter 5012: loss 18.9326, time 553.00ms, mfu 1.63%
iter 5013: loss 18.9687, time 411.95ms, mfu 1.64%
iter 5014: loss 19.3295, time 485.82ms, mfu 1.63%
iter 5015: loss 18.6602, time 253.88ms, mfu 1.75%
iter 5016: loss 19.3603, time 481.42ms, mfu 1.72%
iter 5017: loss 19.3381, time 381.72ms, mfu 1.74%
iter 5018: loss 19.7525, time 545.65ms, mfu 1.69%
iter 5019: loss 18.0010, time 376.79ms, mfu 1.71%
iter 5020: loss 18.7079, time 486.92ms, mfu 1.69%
iter 5021: loss 19.5812, time 356.66ms, mfu 1.72%
iter 5022: loss 18.8490, time 337.83ms, mfu 1.76%
iter 5023: loss 19.3587, time 536.22ms, mfu 1.72%
iter 5024: loss 19.3752, time 433.75ms, mfu 1.71%
iter 5025: loss 18.9257, time 345.26ms, mfu 1.75%
iter 5026: loss 19.8621, time 421.16ms, mfu 1.74%
iter 5027: loss 19.2807, time 372.40ms, mfu 1.76%
iter 5028: loss 19.5621, time 449.70ms, mfu 1.74%
iter 5029: loss 19.6920, time 309.76ms, mfu 1.80%
iter 5030: loss 19.4473, time 595.51ms, mfu 1.74%
iter 5031: loss 19.9002, time 419.89ms, mfu 1.74%
iter 5032: loss 18.9530, time 509.27ms, mfu 1.71%
iter 5033: loss 19.7377, time 466.99ms, mfu 1.69%
iter 5034: loss 19.4829, time 383.38ms, mfu 1.71%
iter 5035: loss 19.6082, time 368.67ms, mfu 1.73%
iter 5036: loss 20.1390, time 581.98ms, mfu 1.68%
iter 5037: loss 19.4658, time 390.69ms, mfu 1.70%
iter 5038: loss 20.6781, time 332.88ms, mfu 1.74%
iter 5039: loss 19.6305, time 500.58ms, mfu 1.71%
iter 5040: loss 19.3244, time 423.28ms, mfu 1.71%
iter 5041: loss 19.5924, time 558.07ms, mfu 1.67%
iter 5042: loss 19.1593, time 402.85ms, mfu 1.68%
iter 5043: loss 18.8236, time 529.57ms, mfu 1.64%
iter 5044: loss 19.1430, time 491.38ms, mfu 1.63%
iter 5045: loss 20.7206, time 399.79ms, mfu 1.64%
iter 5046: loss 19.6329, time 359.80ms, mfu 1.68%
iter 5047: loss 18.7248, time 524.36ms, mfu 1.65%
iter 5048: loss 19.3645, time 390.76ms, mfu 1.67%
iter 5049: loss 19.6658, time 511.26ms, mfu 1.64%
iter 5050: loss 19.9562, time 315.89ms, mfu 1.70%
iter 5051: loss 18.8744, time 354.66ms, mfu 1.73%
iter 5052: loss 18.8284, time 338.98ms, mfu 1.77%
iter 5053: loss 19.1755, time 384.99ms, mfu 1.78%
iter 5054: loss 19.8169, time 336.07ms, mfu 1.82%
iter 5055: loss 20.1495, time 500.37ms, mfu 1.78%
iter 5056: loss 18.3542, time 497.85ms, mfu 1.74%
iter 5057: loss 20.1164, time 505.39ms, mfu 1.71%
iter 5058: loss 20.2572, time 383.03ms, mfu 1.73%
iter 5059: loss 20.0803, time 365.22ms, mfu 1.75%
iter 5060: loss 19.4044, time 550.43ms, mfu 1.71%
iter 5061: loss 19.7660, time 605.03ms, mfu 1.65%
iter 5062: loss 20.1348, time 324.93ms, mfu 1.71%
iter 5063: loss 19.1933, time 542.27ms, mfu 1.67%
iter 5064: loss 19.4737, time 386.32ms, mfu 1.69%
iter 5065: loss 18.8481, time 519.69ms, mfu 1.66%
iter 5066: loss 20.2025, time 405.83ms, mfu 1.67%
iter 5067: loss 18.7868, time 369.15ms, mfu 1.70%
iter 5068: loss 19.6514, time 436.89ms, mfu 1.69%
iter 5069: loss 19.3863, time 373.90ms, mfu 1.71%
iter 5070: loss 20.0745, time 462.42ms, mfu 1.70%
iter 5071: loss 19.8179, time 502.41ms, mfu 1.67%
iter 5072: loss 19.4649, time 446.96ms, mfu 1.66%
iter 5073: loss 19.2281, time 439.74ms, mfu 1.66%
iter 5074: loss 18.8073, time 595.87ms, mfu 1.61%
iter 5075: loss 19.1750, time 314.63ms, mfu 1.68%
iter 5076: loss 18.9453, time 513.84ms, mfu 1.65%
iter 5077: loss 19.2238, time 387.98ms, mfu 1.67%
iter 5078: loss 20.4819, time 533.45ms, mfu 1.64%
iter 5079: loss 19.2785, time 442.27ms, mfu 1.64%
iter 5080: loss 19.4199, time 412.67ms, mfu 1.65%
iter 5081: loss 20.0255, time 437.64ms, mfu 1.65%
iter 5082: loss 18.9401, time 372.05ms, mfu 1.67%
iter 5083: loss 19.7314, time 359.34ms, mfu 1.71%
iter 5084: loss 18.5676, time 423.19ms, mfu 1.70%
iter 5085: loss 20.1229, time 464.06ms, mfu 1.69%
iter 5086: loss 20.1568, time 421.76ms, mfu 1.69%
iter 5087: loss 19.6017, time 393.76ms, mfu 1.70%
iter 5088: loss 19.3500, time 473.94ms, mfu 1.68%
iter 5089: loss 18.9734, time 366.31ms, mfu 1.71%
iter 5090: loss 19.8765, time 652.08ms, mfu 1.65%
iter 5091: loss 19.6555, time 400.00ms, mfu 1.66%
iter 5092: loss 20.1426, time 410.23ms, mfu 1.67%
iter 5093: loss 19.9339, time 383.58ms, mfu 1.69%
iter 5094: loss 19.7731, time 407.02ms, mfu 1.70%
iter 5095: loss 19.4926, time 397.88ms, mfu 1.71%
iter 5096: loss 19.8698, time 478.19ms, mfu 1.69%
iter 5097: loss 19.0414, time 686.74ms, mfu 1.62%
iter 5098: loss 19.2241, time 293.80ms, mfu 1.70%
iter 5099: loss 19.5027, time 366.64ms, mfu 1.73%
iter 5100: loss 19.3387, time 569.67ms, mfu 1.68%
  === DIAG iter 5100 ===
  loss breakdown: text 0.2288 | num 3.8220 (lambda=5.0, mode=bins)
  grads: total 1.0000, transformer 0.1289, adapter 0.9909, num_head 0.0399
  nums: 840/3072 tokens (27.3%)
  lr: 5.28e-04
  layer_weights: [L0:0.065 L1:0.065 L2:0.065 L3:0.067 L4:0.077 L5:0.079 L6:0.095 L7:0.100 L8:0.098 L9:0.099 L10:0.098 L11:0.093]
iter 5101: loss 18.9274, time 269.21ms, mfu 1.78%
iter 5102: loss 19.0636, time 477.52ms, mfu 1.75%
iter 5103: loss 20.8406, time 420.97ms, mfu 1.75%
iter 5104: loss 18.8976, time 428.04ms, mfu 1.74%
iter 5105: loss 19.5381, time 416.33ms, mfu 1.74%
iter 5106: loss 19.4031, time 483.88ms, mfu 1.71%
iter 5107: loss 19.3426, time 476.48ms, mfu 1.69%
iter 5108: loss 18.5894, time 513.55ms, mfu 1.66%
iter 5109: loss 18.5774, time 371.14ms, mfu 1.69%
iter 5110: loss 19.8968, time 363.51ms, mfu 1.72%
iter 5111: loss 18.9375, time 350.11ms, mfu 1.75%
iter 5112: loss 18.1941, time 438.30ms, mfu 1.74%
iter 5113: loss 19.1525, time 478.19ms, mfu 1.71%
iter 5114: loss 18.8132, time 567.96ms, mfu 1.67%
iter 5115: loss 19.5663, time 407.47ms, mfu 1.68%
iter 5116: loss 19.8280, time 482.99ms, mfu 1.66%
iter 5117: loss 20.3373, time 482.57ms, mfu 1.64%
iter 5118: loss 19.5456, time 584.29ms, mfu 1.60%
iter 5119: loss 19.7559, time 404.94ms, mfu 1.62%
iter 5120: loss 19.4005, time 336.53ms, mfu 1.67%
iter 5121: loss 19.3716, time 483.28ms, mfu 1.65%
iter 5122: loss 20.1907, time 408.80ms, mfu 1.66%
iter 5123: loss 19.4446, time 431.34ms, mfu 1.66%
iter 5124: loss 20.0424, time 464.52ms, mfu 1.65%
iter 5125: loss 19.2510, time 290.69ms, mfu 1.73%
iter 5126: loss 19.6594, time 465.58ms, mfu 1.71%
iter 5127: loss 19.8392, time 419.11ms, mfu 1.71%
iter 5128: loss 19.7356, time 400.28ms, mfu 1.72%
iter 5129: loss 18.8600, time 460.57ms, mfu 1.70%
iter 5130: loss 18.8478, time 549.15ms, mfu 1.66%
iter 5131: loss 19.9263, time 344.32ms, mfu 1.70%
iter 5132: loss 19.0331, time 447.66ms, mfu 1.69%
iter 5133: loss 19.5948, time 557.13ms, mfu 1.65%
iter 5134: loss 18.9520, time 315.91ms, mfu 1.71%
iter 5135: loss 18.2228, time 400.98ms, mfu 1.72%
iter 5136: loss 18.7824, time 493.73ms, mfu 1.69%
iter 5137: loss 19.5374, time 363.37ms, mfu 1.72%
iter 5138: loss 18.6523, time 496.29ms, mfu 1.69%
iter 5139: loss 19.6059, time 503.26ms, mfu 1.67%
iter 5140: loss 19.7800, time 545.84ms, mfu 1.63%
iter 5141: loss 18.4514, time 414.09ms, mfu 1.64%
iter 5142: loss 19.3555, time 406.98ms, mfu 1.65%
iter 5143: loss 19.8872, time 418.32ms, mfu 1.66%
iter 5144: loss 19.8673, time 393.67ms, mfu 1.68%
iter 5145: loss 21.0646, time 313.22ms, mfu 1.74%
iter 5146: loss 20.7751, time 507.03ms, mfu 1.70%
iter 5147: loss 20.0082, time 375.87ms, mfu 1.72%
iter 5148: loss 20.1206, time 423.28ms, mfu 1.72%
iter 5149: loss 19.2244, time 430.83ms, mfu 1.72%
iter 5150: loss 19.5163, time 539.41ms, mfu 1.68%
iter 5151: loss 19.3317, time 391.23ms, mfu 1.69%
iter 5152: loss 19.2478, time 509.27ms, mfu 1.66%
iter 5153: loss 19.1878, time 369.01ms, mfu 1.69%
iter 5154: loss 19.4277, time 488.71ms, mfu 1.67%
iter 5155: loss 18.9408, time 462.13ms, mfu 1.66%
iter 5156: loss 19.3044, time 388.20ms, mfu 1.68%
iter 5157: loss 19.5843, time 375.02ms, mfu 1.70%
iter 5158: loss 19.6458, time 435.23ms, mfu 1.69%
iter 5159: loss 19.2034, time 488.46ms, mfu 1.67%
iter 5160: loss 19.3690, time 480.03ms, mfu 1.65%
iter 5161: loss 19.4461, time 503.82ms, mfu 1.63%
iter 5162: loss 19.8742, time 437.70ms, mfu 1.63%
iter 5163: loss 19.0359, time 371.16ms, mfu 1.66%
iter 5164: loss 18.5517, time 350.58ms, mfu 1.70%
iter 5165: loss 19.4628, time 517.74ms, mfu 1.67%
iter 5166: loss 18.9322, time 414.97ms, mfu 1.67%
iter 5167: loss 19.0471, time 517.57ms, mfu 1.64%
iter 5168: loss 18.9606, time 402.95ms, mfu 1.66%
iter 5169: loss 19.6008, time 472.23ms, mfu 1.64%
iter 5170: loss 19.6616, time 402.55ms, mfu 1.66%
iter 5171: loss 19.1868, time 596.53ms, mfu 1.61%
iter 5172: loss 19.1966, time 528.62ms, mfu 1.59%
iter 5173: loss 19.2913, time 485.09ms, mfu 1.58%
iter 5174: loss 19.5405, time 318.78ms, mfu 1.64%
iter 5175: loss 19.4150, time 612.73ms, mfu 1.60%
iter 5176: loss 18.7793, time 314.96ms, mfu 1.66%
iter 5177: loss 18.7034, time 356.53ms, mfu 1.70%
iter 5178: loss 19.0692, time 485.52ms, mfu 1.68%
iter 5179: loss 19.9782, time 356.19ms, mfu 1.71%
iter 5180: loss 19.2095, time 518.44ms, mfu 1.68%
iter 5181: loss 18.9744, time 304.53ms, mfu 1.74%
iter 5182: loss 19.3751, time 391.63ms, mfu 1.75%
iter 5183: loss 18.0727, time 358.90ms, mfu 1.78%
iter 5184: loss 19.1802, time 517.17ms, mfu 1.74%
iter 5185: loss 18.4622, time 539.10ms, mfu 1.70%
iter 5186: loss 19.2548, time 532.91ms, mfu 1.66%
iter 5187: loss 19.0759, time 297.24ms, mfu 1.74%
iter 5188: loss 19.8671, time 455.35ms, mfu 1.72%
iter 5189: loss 20.1733, time 356.54ms, mfu 1.75%
iter 5190: loss 19.1580, time 463.20ms, mfu 1.73%
iter 5191: loss 19.7136, time 444.32ms, mfu 1.72%
iter 5192: loss 19.4076, time 474.42ms, mfu 1.70%
iter 5193: loss 20.1154, time 397.68ms, mfu 1.71%
iter 5194: loss 19.4289, time 328.70ms, mfu 1.75%
iter 5195: loss 19.8174, time 548.04ms, mfu 1.71%
iter 5196: loss 18.6561, time 389.76ms, mfu 1.72%
iter 5197: loss 18.6114, time 458.12ms, mfu 1.71%
iter 5198: loss 18.8163, time 552.55ms, mfu 1.67%
iter 5199: loss 19.4834, time 512.70ms, mfu 1.64%
iter 5200: loss 19.1460, time 717.00ms, mfu 1.57%
  === DIAG iter 5200 ===
  loss breakdown: text 0.2096 | num 3.7873 (lambda=5.0, mode=bins)
  grads: total 1.0000, transformer 0.1319, adapter 0.9907, num_head 0.0344
  nums: 881/3072 tokens (28.7%)
  lr: 5.23e-04
  layer_weights: [L0:0.064 L1:0.064 L2:0.064 L3:0.066 L4:0.076 L5:0.078 L6:0.095 L7:0.101 L8:0.099 L9:0.100 L10:0.099 L11:0.093]
iter 5201: loss 19.6356, time 268.80ms, mfu 1.68%
iter 5202: loss 19.2119, time 418.13ms, mfu 1.69%
iter 5203: loss 19.2087, time 476.14ms, mfu 1.67%
iter 5204: loss 19.2441, time 456.20ms, mfu 1.66%
iter 5205: loss 19.9914, time 342.12ms, mfu 1.70%
iter 5206: loss 19.6022, time 394.27ms, mfu 1.71%
iter 5207: loss 19.9956, time 348.51ms, mfu 1.75%
iter 5208: loss 18.9398, time 571.83ms, mfu 1.70%
iter 5209: loss 19.8697, time 353.74ms, mfu 1.73%
iter 5210: loss 19.2209, time 305.02ms, mfu 1.79%
iter 5211: loss 20.5140, time 620.81ms, mfu 1.73%
iter 5212: loss 18.6419, time 448.30ms, mfu 1.72%
iter 5213: loss 19.6404, time 409.27ms, mfu 1.72%
iter 5214: loss 19.5060, time 440.89ms, mfu 1.71%
iter 5215: loss 19.4905, time 572.76ms, mfu 1.66%
iter 5216: loss 18.9266, time 475.35ms, mfu 1.65%
iter 5217: loss 20.2260, time 507.12ms, mfu 1.62%
iter 5218: loss 18.3794, time 537.28ms, mfu 1.60%
iter 5219: loss 18.1772, time 376.45ms, mfu 1.63%
iter 5220: loss 19.3840, time 361.56ms, mfu 1.66%
iter 5221: loss 19.3100, time 547.43ms, mfu 1.63%
iter 5222: loss 18.5709, time 462.38ms, mfu 1.62%
iter 5223: loss 17.9114, time 428.01ms, mfu 1.62%
iter 5224: loss 19.0890, time 379.49ms, mfu 1.65%
iter 5225: loss 19.1930, time 395.68ms, mfu 1.67%
iter 5226: loss 19.2475, time 448.22ms, mfu 1.66%
iter 5227: loss 19.3330, time 427.30ms, mfu 1.66%
iter 5228: loss 19.6688, time 350.88ms, mfu 1.70%
iter 5229: loss 18.6681, time 425.73ms, mfu 1.70%
iter 5230: loss 19.6428, time 448.08ms, mfu 1.69%
iter 5231: loss 20.0280, time 444.54ms, mfu 1.68%
iter 5232: loss 19.2505, time 621.85ms, mfu 1.63%
iter 5233: loss 19.0137, time 439.47ms, mfu 1.63%
iter 5234: loss 19.5406, time 402.61ms, mfu 1.64%
iter 5235: loss 19.2522, time 553.49ms, mfu 1.61%
iter 5236: loss 20.5381, time 429.82ms, mfu 1.61%
iter 5237: loss 20.3029, time 395.60ms, mfu 1.63%
iter 5238: loss 20.7294, time 452.66ms, mfu 1.63%
iter 5239: loss 20.0270, time 525.29ms, mfu 1.60%
iter 5240: loss 19.0184, time 475.51ms, mfu 1.59%
iter 5241: loss 20.1149, time 356.73ms, mfu 1.63%
iter 5242: loss 20.1100, time 410.38ms, mfu 1.65%
iter 5243: loss 19.3454, time 327.63ms, mfu 1.70%
iter 5244: loss 19.8477, time 522.78ms, mfu 1.67%
iter 5245: loss 19.9722, time 470.90ms, mfu 1.65%
iter 5246: loss 19.6087, time 354.71ms, mfu 1.69%
iter 5247: loss 18.3211, time 485.90ms, mfu 1.67%
iter 5248: loss 20.6656, time 446.87ms, mfu 1.66%
iter 5249: loss 20.2646, time 463.28ms, mfu 1.65%
iter 5250: loss 20.2312, time 499.21ms, mfu 1.63%
iter 5251: loss 19.5217, time 404.22ms, mfu 1.64%
iter 5252: loss 18.5151, time 385.20ms, mfu 1.66%
iter 5253: loss 20.0164, time 432.44ms, mfu 1.66%
iter 5254: loss 19.6177, time 496.03ms, mfu 1.64%
iter 5255: loss 18.8152, time 433.40ms, mfu 1.64%
iter 5256: loss 18.5549, time 417.96ms, mfu 1.65%
iter 5257: loss 18.9854, time 471.65ms, mfu 1.64%
iter 5258: loss 20.1158, time 498.60ms, mfu 1.62%
iter 5259: loss 19.2338, time 352.08ms, mfu 1.66%
iter 5260: loss 19.7004, time 525.07ms, mfu 1.63%
iter 5261: loss 20.2595, time 429.86ms, mfu 1.63%
iter 5262: loss 18.9344, time 433.50ms, mfu 1.64%
iter 5263: loss 18.8163, time 389.52ms, mfu 1.66%
iter 5264: loss 19.1869, time 476.29ms, mfu 1.64%
iter 5265: loss 19.3918, time 484.91ms, mfu 1.62%
iter 5266: loss 19.4025, time 450.12ms, mfu 1.62%
iter 5267: loss 19.0627, time 336.16ms, mfu 1.67%
iter 5268: loss 19.8797, time 350.62ms, mfu 1.71%
iter 5269: loss 19.6515, time 455.16ms, mfu 1.70%
iter 5270: loss 19.8694, time 485.13ms, mfu 1.67%
iter 5271: loss 18.8323, time 333.33ms, mfu 1.72%
iter 5272: loss 18.2484, time 420.23ms, mfu 1.72%
iter 5273: loss 19.8356, time 440.79ms, mfu 1.71%
iter 5274: loss 19.8064, time 590.71ms, mfu 1.66%
iter 5275: loss 19.4866, time 475.85ms, mfu 1.65%
iter 5276: loss 19.5013, time 461.11ms, mfu 1.64%
iter 5277: loss 18.9039, time 451.07ms, mfu 1.63%
iter 5278: loss 19.1354, time 541.08ms, mfu 1.60%
iter 5279: loss 19.8101, time 357.87ms, mfu 1.64%
iter 5280: loss 17.8462, time 424.04ms, mfu 1.65%
iter 5281: loss 19.2955, time 430.57ms, mfu 1.65%
iter 5282: loss 18.4402, time 422.49ms, mfu 1.65%
iter 5283: loss 19.7009, time 454.08ms, mfu 1.64%
iter 5284: loss 18.5240, time 353.79ms, mfu 1.68%
iter 5285: loss 18.8983, time 492.15ms, mfu 1.66%
iter 5286: loss 18.5138, time 423.67ms, mfu 1.66%
iter 5287: loss 19.2189, time 374.37ms, mfu 1.69%
iter 5288: loss 19.8224, time 452.24ms, mfu 1.68%
iter 5289: loss 18.9218, time 455.13ms, mfu 1.67%
iter 5290: loss 19.9432, time 382.06ms, mfu 1.69%
iter 5291: loss 18.9634, time 620.85ms, mfu 1.63%
iter 5292: loss 19.1797, time 482.15ms, mfu 1.62%
iter 5293: loss 19.3092, time 483.78ms, mfu 1.61%
iter 5294: loss 19.5745, time 449.13ms, mfu 1.61%
iter 5295: loss 19.5011, time 317.96ms, mfu 1.67%
iter 5296: loss 19.4312, time 474.91ms, mfu 1.65%
iter 5297: loss 20.1731, time 527.27ms, mfu 1.62%
iter 5298: loss 18.7254, time 358.01ms, mfu 1.66%
iter 5299: loss 19.6553, time 394.96ms, mfu 1.68%
iter 5300: loss 19.2623, time 737.45ms, mfu 1.61%
  === DIAG iter 5300 ===
  loss breakdown: text 0.2227 | num 3.8079 (lambda=5.0, mode=bins)
  grads: total 1.0000, transformer 0.1337, adapter 0.9898, num_head 0.0495
  nums: 921/3072 tokens (30.0%)
  lr: 5.19e-04
  layer_weights: [L0:0.064 L1:0.064 L2:0.064 L3:0.066 L4:0.076 L5:0.077 L6:0.096 L7:0.101 L8:0.099 L9:0.101 L10:0.100 L11:0.094]
iter 5301: loss 18.8124, time 243.67ms, mfu 1.74%
iter 5302: loss 19.2478, time 435.78ms, mfu 1.73%
iter 5303: loss 19.2086, time 415.47ms, mfu 1.73%
iter 5304: loss 19.2471, time 407.28ms, mfu 1.73%
iter 5305: loss 18.6768, time 464.68ms, mfu 1.71%
iter 5306: loss 19.5357, time 587.26ms, mfu 1.66%
iter 5307: loss 20.0062, time 350.13ms, mfu 1.70%
iter 5308: loss 19.4618, time 591.29ms, mfu 1.65%
iter 5309: loss 19.2671, time 367.97ms, mfu 1.68%
iter 5310: loss 19.7067, time 599.87ms, mfu 1.63%
iter 5311: loss 19.4304, time 330.18ms, mfu 1.69%
iter 5312: loss 19.2881, time 532.41ms, mfu 1.65%
iter 5313: loss 19.5925, time 590.49ms, mfu 1.61%
iter 5314: loss 18.5191, time 462.38ms, mfu 1.60%
iter 5315: loss 19.3492, time 434.39ms, mfu 1.61%
iter 5316: loss 17.9947, time 463.41ms, mfu 1.60%
iter 5317: loss 20.1122, time 507.12ms, mfu 1.58%
iter 5318: loss 18.9520, time 445.51ms, mfu 1.59%
iter 5319: loss 18.8108, time 412.34ms, mfu 1.60%
iter 5320: loss 18.8537, time 354.03ms, mfu 1.64%
iter 5321: loss 19.2837, time 511.08ms, mfu 1.62%
iter 5322: loss 19.8442, time 431.10ms, mfu 1.62%
iter 5323: loss 19.9706, time 301.14ms, mfu 1.70%
iter 5324: loss 19.3649, time 395.86ms, mfu 1.71%
iter 5325: loss 18.7979, time 602.20ms, mfu 1.66%
iter 5326: loss 19.4607, time 466.67ms, mfu 1.65%
iter 5327: loss 19.7418, time 465.74ms, mfu 1.63%
iter 5328: loss 19.1927, time 337.06ms, mfu 1.68%
iter 5329: loss 19.6836, time 496.94ms, mfu 1.66%
iter 5330: loss 19.0704, time 538.84ms, mfu 1.63%
iter 5331: loss 19.6582, time 401.08ms, mfu 1.64%
iter 5332: loss 19.0315, time 483.46ms, mfu 1.63%
iter 5333: loss 19.2864, time 436.49ms, mfu 1.63%
iter 5334: loss 18.4022, time 338.29ms, mfu 1.68%
iter 5335: loss 19.8108, time 394.82ms, mfu 1.69%
iter 5336: loss 18.6189, time 377.26ms, mfu 1.71%
iter 5337: loss 19.5679, time 540.77ms, mfu 1.67%
iter 5338: loss 18.5156, time 432.35ms, mfu 1.67%
iter 5339: loss 19.6994, time 419.92ms, mfu 1.67%
iter 5340: loss 19.4584, time 384.40ms, mfu 1.69%
iter 5341: loss 19.8420, time 375.36ms, mfu 1.72%
iter 5342: loss 19.1816, time 451.38ms, mfu 1.70%
iter 5343: loss 19.3171, time 483.82ms, mfu 1.68%
iter 5344: loss 19.3140, time 400.79ms, mfu 1.69%
iter 5345: loss 19.4387, time 640.43ms, mfu 1.63%
iter 5346: loss 18.4890, time 586.77ms, mfu 1.59%
iter 5347: loss 19.8115, time 439.16ms, mfu 1.60%
iter 5348: loss 19.5786, time 604.57ms, mfu 1.56%
iter 5349: loss 18.7901, time 361.32ms, mfu 1.60%
iter 5350: loss 19.2601, time 457.83ms, mfu 1.59%
iter 5351: loss 18.2255, time 469.42ms, mfu 1.59%
iter 5352: loss 18.8020, time 265.50ms, mfu 1.70%
iter 5353: loss 18.2347, time 509.52ms, mfu 1.67%
iter 5354: loss 18.7336, time 327.53ms, mfu 1.72%
iter 5355: loss 19.6160, time 487.48ms, mfu 1.70%
iter 5356: loss 18.3046, time 391.78ms, mfu 1.71%
iter 5357: loss 19.5495, time 415.61ms, mfu 1.71%
iter 5358: loss 20.5172, time 439.95ms, mfu 1.70%
iter 5359: loss 19.7414, time 255.39ms, mfu 1.81%
iter 5360: loss 19.4668, time 433.59ms, mfu 1.80%
iter 5361: loss 20.9348, time 503.70ms, mfu 1.76%
iter 5362: loss 18.8924, time 420.15ms, mfu 1.75%
iter 5363: loss 19.7153, time 337.03ms, mfu 1.79%
iter 5364: loss 20.1416, time 367.95ms, mfu 1.81%
iter 5365: loss 20.2500, time 439.22ms, mfu 1.79%
iter 5366: loss 19.3032, time 537.91ms, mfu 1.74%
iter 5367: loss 19.3850, time 475.02ms, mfu 1.72%
iter 5368: loss 19.2832, time 466.31ms, mfu 1.70%
iter 5369: loss 19.2628, time 500.52ms, mfu 1.67%
iter 5370: loss 19.9163, time 477.81ms, mfu 1.66%
iter 5371: loss 20.0183, time 573.16ms, mfu 1.62%
iter 5372: loss 18.3676, time 413.01ms, mfu 1.63%
iter 5373: loss 18.4714, time 315.04ms, mfu 1.69%
iter 5374: loss 18.3991, time 568.79ms, mfu 1.65%
iter 5375: loss 19.1160, time 514.17ms, mfu 1.62%
iter 5376: loss 19.1184, time 473.38ms, mfu 1.61%
iter 5377: loss 20.0175, time 438.18ms, mfu 1.62%
iter 5378: loss 19.4756, time 439.63ms, mfu 1.62%
iter 5379: loss 19.2623, time 361.54ms, mfu 1.65%
iter 5380: loss 19.3959, time 446.56ms, mfu 1.65%
iter 5381: loss 19.6056, time 522.98ms, mfu 1.62%
iter 5382: loss 19.6314, time 392.42ms, mfu 1.64%
iter 5383: loss 19.0006, time 441.12ms, mfu 1.64%
iter 5384: loss 19.4038, time 507.73ms, mfu 1.62%
iter 5385: loss 19.7003, time 393.70ms, mfu 1.64%
iter 5386: loss 19.0280, time 390.05ms, mfu 1.66%
iter 5387: loss 18.7245, time 438.46ms, mfu 1.65%
iter 5388: loss 19.3397, time 455.48ms, mfu 1.65%
iter 5389: loss 19.8723, time 384.81ms, mfu 1.67%
iter 5390: loss 19.4547, time 473.45ms, mfu 1.65%
iter 5391: loss 19.8704, time 446.29ms, mfu 1.65%
iter 5392: loss 19.0482, time 507.51ms, mfu 1.62%
iter 5393: loss 19.5089, time 464.21ms, mfu 1.62%
iter 5394: loss 19.0548, time 625.44ms, mfu 1.57%
iter 5395: loss 18.8121, time 242.46ms, mfu 1.71%
iter 5396: loss 18.9233, time 453.96ms, mfu 1.69%
iter 5397: loss 18.5354, time 529.58ms, mfu 1.66%
iter 5398: loss 19.0365, time 383.37ms, mfu 1.68%
iter 5399: loss 19.1673, time 418.86ms, mfu 1.68%
iter 5400: loss 19.4092, time 562.41ms, mfu 1.64%
  === DIAG iter 5400 ===
  loss breakdown: text 0.2198 | num 3.8379 (lambda=5.0, mode=bins)
  grads: total 1.0000, transformer 0.1868, adapter 0.9785, num_head 0.0879
  nums: 851/3072 tokens (27.7%)
  lr: 5.14e-04
  layer_weights: [L0:0.063 L1:0.063 L2:0.063 L3:0.065 L4:0.075 L5:0.076 L6:0.096 L7:0.102 L8:0.100 L9:0.102 L10:0.101 L11:0.094]
iter 5401: loss 19.0971, time 247.78ms, mfu 1.77%
iter 5402: loss 19.2912, time 324.52ms, mfu 1.81%
iter 5403: loss 19.2569, time 484.87ms, mfu 1.78%
iter 5404: loss 20.0704, time 365.56ms, mfu 1.80%
iter 5405: loss 18.4693, time 329.28ms, mfu 1.83%
iter 5406: loss 19.1971, time 559.88ms, mfu 1.78%
iter 5407: loss 19.1877, time 444.39ms, mfu 1.76%
iter 5408: loss 19.0050, time 459.87ms, mfu 1.74%
iter 5409: loss 19.3473, time 426.00ms, mfu 1.74%
iter 5410: loss 19.0675, time 455.47ms, mfu 1.72%
iter 5411: loss 20.0893, time 306.47ms, mfu 1.78%
iter 5412: loss 19.4582, time 574.13ms, mfu 1.73%
iter 5413: loss 20.0482, time 375.01ms, mfu 1.75%
iter 5414: loss 19.8029, time 595.28ms, mfu 1.69%
iter 5415: loss 20.3367, time 515.17ms, mfu 1.66%
iter 5416: loss 19.2460, time 529.42ms, mfu 1.63%
iter 5417: loss 19.3572, time 492.24ms, mfu 1.61%
iter 5418: loss 19.1332, time 383.55ms, mfu 1.64%
iter 5419: loss 18.9287, time 423.73ms, mfu 1.64%
iter 5420: loss 18.4836, time 484.40ms, mfu 1.63%
iter 5421: loss 18.9438, time 398.57ms, mfu 1.64%
iter 5422: loss 18.4974, time 421.13ms, mfu 1.65%
iter 5423: loss 19.1842, time 448.97ms, mfu 1.64%
iter 5424: loss 19.9832, time 414.07ms, mfu 1.65%
iter 5425: loss 18.4814, time 393.01ms, mfu 1.67%
iter 5426: loss 19.4426, time 377.81ms, mfu 1.69%
iter 5427: loss 19.4568, time 401.02ms, mfu 1.70%
iter 5428: loss 18.9327, time 401.76ms, mfu 1.71%
iter 5429: loss 18.9402, time 480.85ms, mfu 1.69%
iter 5430: loss 19.2767, time 441.03ms, mfu 1.68%
iter 5431: loss 18.3614, time 470.23ms, mfu 1.67%
iter 5432: loss 19.0233, time 440.83ms, mfu 1.66%
iter 5433: loss 18.7159, time 435.35ms, mfu 1.66%
iter 5434: loss 18.5073, time 514.31ms, mfu 1.63%
iter 5435: loss 18.5661, time 481.66ms, mfu 1.62%
iter 5436: loss 20.2128, time 570.13ms, mfu 1.58%
iter 5437: loss 18.9360, time 442.33ms, mfu 1.59%
iter 5438: loss 18.5277, time 431.53ms, mfu 1.59%
iter 5439: loss 19.1304, time 400.52ms, mfu 1.61%
iter 5440: loss 20.2746, time 409.97ms, mfu 1.63%
iter 5441: loss 18.9003, time 415.22ms, mfu 1.64%
iter 5442: loss 18.7935, time 436.27ms, mfu 1.64%
iter 5443: loss 18.9093, time 487.43ms, mfu 1.62%
iter 5444: loss 19.9298, time 351.30ms, mfu 1.66%
iter 5445: loss 19.7574, time 481.50ms, mfu 1.65%
iter 5446: loss 19.5347, time 509.42ms, mfu 1.62%
iter 5447: loss 19.7489, time 409.19ms, mfu 1.63%
iter 5448: loss 19.4685, time 462.47ms, mfu 1.63%
iter 5449: loss 19.0509, time 446.88ms, mfu 1.62%
iter 5450: loss 20.1519, time 509.08ms, mfu 1.60%
iter 5451: loss 19.7566, time 392.07ms, mfu 1.62%
iter 5452: loss 18.5635, time 482.55ms, mfu 1.61%
iter 5453: loss 18.8489, time 618.15ms, mfu 1.57%
iter 5454: loss 19.1854, time 477.29ms, mfu 1.56%
iter 5455: loss 20.1581, time 400.61ms, mfu 1.58%
iter 5456: loss 18.9241, time 496.93ms, mfu 1.57%
iter 5457: loss 19.3388, time 589.02ms, mfu 1.53%
iter 5458: loss 18.6206, time 314.94ms, mfu 1.61%
iter 5459: loss 19.0804, time 395.10ms, mfu 1.63%
iter 5460: loss 20.5932, time 400.81ms, mfu 1.64%
iter 5461: loss 19.7926, time 374.78ms, mfu 1.67%
iter 5462: loss 19.6725, time 412.16ms, mfu 1.68%
iter 5463: loss 19.7833, time 407.15ms, mfu 1.69%
iter 5464: loss 20.1029, time 502.69ms, mfu 1.66%
iter 5465: loss 19.6558, time 408.14ms, mfu 1.67%
iter 5466: loss 18.9582, time 463.40ms, mfu 1.66%
iter 5467: loss 18.9907, time 407.70ms, mfu 1.67%
iter 5468: loss 20.0461, time 443.21ms, mfu 1.66%
iter 5469: loss 18.6538, time 469.19ms, mfu 1.65%
iter 5470: loss 18.8976, time 510.95ms, mfu 1.62%
iter 5471: loss 19.0696, time 439.98ms, mfu 1.62%
iter 5472: loss 19.4501, time 506.30ms, mfu 1.60%
iter 5473: loss 19.8167, time 402.01ms, mfu 1.62%
iter 5474: loss 19.2220, time 519.68ms, mfu 1.60%
iter 5475: loss 18.7809, time 530.61ms, mfu 1.57%
iter 5476: loss 19.2396, time 471.15ms, mfu 1.57%
iter 5477: loss 18.7031, time 502.48ms, mfu 1.55%
iter 5478: loss 18.8893, time 377.42ms, mfu 1.59%
iter 5479: loss 20.7429, time 417.31ms, mfu 1.60%
iter 5480: loss 18.8557, time 392.84ms, mfu 1.62%
iter 5481: loss 18.7561, time 424.36ms, mfu 1.63%
iter 5482: loss 18.8671, time 299.68ms, mfu 1.71%
iter 5483: loss 18.8864, time 499.70ms, mfu 1.68%
iter 5484: loss 19.5708, time 344.86ms, mfu 1.72%
iter 5485: loss 19.9341, time 360.32ms, mfu 1.75%
iter 5486: loss 19.0054, time 354.15ms, mfu 1.77%
iter 5487: loss 19.6979, time 379.30ms, mfu 1.78%
iter 5488: loss 19.1301, time 533.47ms, mfu 1.74%
iter 5489: loss 19.5051, time 486.12ms, mfu 1.71%
iter 5490: loss 20.2116, time 399.31ms, mfu 1.72%
iter 5491: loss 19.0387, time 358.35ms, mfu 1.75%
iter 5492: loss 19.1830, time 456.50ms, mfu 1.73%
iter 5493: loss 18.5681, time 382.29ms, mfu 1.75%
iter 5494: loss 19.4500, time 364.69ms, mfu 1.77%
iter 5495: loss 19.0567, time 504.84ms, mfu 1.73%
iter 5496: loss 18.7662, time 509.87ms, mfu 1.70%
iter 5497: loss 19.7323, time 351.15ms, mfu 1.73%
iter 5498: loss 19.3351, time 551.39ms, mfu 1.69%
iter 5499: loss 19.1385, time 314.78ms, mfu 1.75%
iter 5500: loss 19.1466, time 693.91ms, mfu 1.68%
  === DIAG iter 5500 ===
  loss breakdown: text 0.2137 | num 3.7866 (lambda=5.0, mode=bins)
  grads: total 1.0000, transformer 0.1233, adapter 0.9913, num_head 0.0452
  nums: 896/3072 tokens (29.2%)
  lr: 5.09e-04
  layer_weights: [L0:0.063 L1:0.063 L2:0.063 L3:0.065 L4:0.075 L5:0.076 L6:0.096 L7:0.102 L8:0.100 L9:0.102 L10:0.101 L11:0.095]
iter 5501: loss 18.6536, time 209.13ms, mfu 1.85%
iter 5502: loss 18.9552, time 628.25ms, mfu 1.78%
iter 5503: loss 18.9094, time 386.06ms, mfu 1.79%
iter 5504: loss 19.7638, time 437.31ms, mfu 1.77%
iter 5505: loss 19.7615, time 441.22ms, mfu 1.76%
iter 5506: loss 19.0022, time 416.39ms, mfu 1.75%
iter 5507: loss 19.2251, time 339.55ms, mfu 1.79%
iter 5508: loss 20.1657, time 543.56ms, mfu 1.74%
iter 5509: loss 18.5514, time 371.48ms, mfu 1.76%
iter 5510: loss 19.0356, time 475.99ms, mfu 1.74%
iter 5511: loss 19.3486, time 360.08ms, mfu 1.76%
iter 5512: loss 19.9034, time 419.36ms, mfu 1.76%
iter 5513: loss 19.3618, time 291.40ms, mfu 1.83%
iter 5514: loss 19.2955, time 385.83ms, mfu 1.83%
iter 5515: loss 19.7833, time 526.92ms, mfu 1.78%
iter 5516: loss 18.1507, time 348.08ms, mfu 1.81%
iter 5517: loss 19.3281, time 473.00ms, mfu 1.78%
iter 5518: loss 19.0866, time 358.13ms, mfu 1.80%
iter 5519: loss 20.0822, time 396.58ms, mfu 1.80%
iter 5520: loss 19.2287, time 493.04ms, mfu 1.77%
iter 5521: loss 18.9870, time 400.03ms, mfu 1.77%
iter 5522: loss 18.5992, time 414.67ms, mfu 1.77%
iter 5523: loss 19.0892, time 424.66ms, mfu 1.76%
iter 5524: loss 19.4744, time 382.42ms, mfu 1.77%
iter 5525: loss 19.3609, time 655.11ms, mfu 1.70%
iter 5526: loss 18.8304, time 337.34ms, mfu 1.74%
iter 5527: loss 19.3137, time 467.05ms, mfu 1.72%
iter 5528: loss 19.5745, time 486.11ms, mfu 1.70%
iter 5529: loss 19.5852, time 416.95ms, mfu 1.70%
iter 5530: loss 19.6996, time 508.07ms, mfu 1.67%
iter 5531: loss 18.1937, time 561.28ms, mfu 1.63%
iter 5532: loss 18.8450, time 448.44ms, mfu 1.63%
iter 5533: loss 19.3023, time 506.18ms, mfu 1.61%
iter 5534: loss 18.5271, time 491.89ms, mfu 1.59%
iter 5535: loss 18.3106, time 347.63ms, mfu 1.64%
iter 5536: loss 18.7160, time 456.36ms, mfu 1.63%
iter 5537: loss 19.3515, time 509.91ms, mfu 1.61%
iter 5538: loss 19.1299, time 515.52ms, mfu 1.59%
iter 5539: loss 19.2910, time 409.99ms, mfu 1.60%
iter 5540: loss 19.0763, time 334.44ms, mfu 1.66%
iter 5541: loss 19.5652, time 399.25ms, mfu 1.67%
iter 5542: loss 18.9240, time 483.26ms, mfu 1.65%
iter 5543: loss 19.1588, time 447.17ms, mfu 1.65%
iter 5544: loss 18.9637, time 483.27ms, mfu 1.63%
iter 5545: loss 18.9437, time 611.13ms, mfu 1.58%
iter 5546: loss 19.6854, time 533.38ms, mfu 1.56%
iter 5547: loss 18.3651, time 420.67ms, mfu 1.58%
iter 5548: loss 19.3561, time 494.11ms, mfu 1.56%
iter 5549: loss 19.9862, time 407.36ms, mfu 1.58%
iter 5550: loss 19.5499, time 456.36ms, mfu 1.58%
iter 5551: loss 19.5345, time 397.11ms, mfu 1.60%
iter 5552: loss 18.5859, time 475.25ms, mfu 1.59%
iter 5553: loss 19.1739, time 336.60ms, mfu 1.65%
iter 5554: loss 18.4460, time 443.73ms, mfu 1.64%
iter 5555: loss 19.6030, time 411.01ms, mfu 1.65%
iter 5556: loss 18.6889, time 429.47ms, mfu 1.66%
iter 5557: loss 19.5385, time 406.10ms, mfu 1.67%
iter 5558: loss 18.7027, time 374.72ms, mfu 1.69%
iter 5559: loss 18.5605, time 337.04ms, mfu 1.73%
iter 5560: loss 19.7084, time 486.25ms, mfu 1.71%
iter 5561: loss 19.3620, time 320.62ms, mfu 1.76%
iter 5562: loss 19.6449, time 366.45ms, mfu 1.78%
iter 5563: loss 19.1844, time 599.68ms, mfu 1.72%
iter 5564: loss 19.6337, time 456.00ms, mfu 1.71%
iter 5565: loss 19.1273, time 363.73ms, mfu 1.73%
iter 5566: loss 18.9212, time 451.51ms, mfu 1.72%
iter 5567: loss 18.9058, time 418.92ms, mfu 1.72%
iter 5568: loss 18.6666, time 546.42ms, mfu 1.68%
iter 5569: loss 20.7604, time 501.62ms, mfu 1.65%
iter 5570: loss 18.9963, time 572.26ms, mfu 1.61%
iter 5571: loss 19.2767, time 356.52ms, mfu 1.65%
iter 5572: loss 20.7819, time 588.06ms, mfu 1.61%
iter 5573: loss 19.8488, time 296.27ms, mfu 1.69%
iter 5574: loss 19.3650, time 454.56ms, mfu 1.68%
iter 5575: loss 18.5025, time 487.58ms, mfu 1.66%
iter 5576: loss 18.2409, time 448.59ms, mfu 1.65%
iter 5577: loss 19.4099, time 353.35ms, mfu 1.69%
iter 5578: loss 18.6847, time 274.44ms, mfu 1.78%
iter 5579: loss 18.8590, time 359.12ms, mfu 1.80%
iter 5580: loss 18.9137, time 364.34ms, mfu 1.82%
iter 5581: loss 19.2048, time 538.64ms, mfu 1.77%
iter 5582: loss 19.2343, time 504.70ms, mfu 1.73%
iter 5583: loss 19.4725, time 496.54ms, mfu 1.71%
iter 5584: loss 19.1004, time 396.69ms, mfu 1.72%
iter 5585: loss 19.4263, time 548.57ms, mfu 1.67%
iter 5586: loss 18.2710, time 430.39ms, mfu 1.67%
iter 5587: loss 18.9835, time 400.76ms, mfu 1.69%
iter 5588: loss 20.1262, time 474.58ms, mfu 1.67%
iter 5589: loss 19.6503, time 378.09ms, mfu 1.69%
iter 5590: loss 19.3719, time 449.93ms, mfu 1.68%
iter 5591: loss 18.3787, time 470.98ms, mfu 1.66%
iter 5592: loss 19.9176, time 389.20ms, mfu 1.68%
iter 5593: loss 19.8130, time 480.81ms, mfu 1.66%
iter 5594: loss 19.2339, time 433.97ms, mfu 1.66%
iter 5595: loss 17.9930, time 466.11ms, mfu 1.65%
iter 5596: loss 19.3214, time 434.55ms, mfu 1.65%
iter 5597: loss 19.7681, time 580.44ms, mfu 1.61%
iter 5598: loss 18.9565, time 481.59ms, mfu 1.60%
iter 5599: loss 19.2923, time 361.55ms, mfu 1.63%
iter 5600: loss 19.6607, time 609.61ms, mfu 1.59%
  === DIAG iter 5600 ===
  loss breakdown: text 0.2349 | num 3.8852 (lambda=5.0, mode=bins)
  grads: total 1.0000, transformer 0.1621, adapter 0.9817, num_head 0.0998
  nums: 848/3072 tokens (27.6%)
  lr: 5.04e-04
  layer_weights: [L0:0.062 L1:0.062 L2:0.063 L3:0.064 L4:0.074 L5:0.075 L6:0.095 L7:0.103 L8:0.101 L9:0.103 L10:0.102 L11:0.096]
iter 5601: loss 19.0297, time 239.25ms, mfu 1.73%
iter 5602: loss 19.7558, time 531.78ms, mfu 1.69%
iter 5603: loss 18.9455, time 541.29ms, mfu 1.65%
iter 5604: loss 19.2808, time 401.88ms, mfu 1.67%
iter 5605: loss 19.5597, time 375.81ms, mfu 1.69%
iter 5606: loss 19.4845, time 466.45ms, mfu 1.68%
iter 5607: loss 18.9402, time 445.36ms, mfu 1.67%
iter 5608: loss 19.6939, time 457.59ms, mfu 1.66%
iter 5609: loss 19.8462, time 454.72ms, mfu 1.65%
iter 5610: loss 19.6205, time 386.98ms, mfu 1.67%
iter 5611: loss 18.8925, time 403.30ms, mfu 1.68%
iter 5612: loss 18.8213, time 489.63ms, mfu 1.66%
iter 5613: loss 18.2197, time 356.60ms, mfu 1.69%
iter 5614: loss 18.8265, time 474.00ms, mfu 1.68%
iter 5615: loss 20.0049, time 414.84ms, mfu 1.68%
iter 5616: loss 19.3633, time 361.94ms, mfu 1.71%
iter 5617: loss 19.2128, time 469.39ms, mfu 1.69%
iter 5618: loss 20.2931, time 393.11ms, mfu 1.71%
iter 5619: loss 18.4612, time 286.76ms, mfu 1.78%
iter 5620: loss 18.7721, time 402.78ms, mfu 1.78%
iter 5621: loss 19.6782, time 508.54ms, mfu 1.75%
iter 5622: loss 20.2270, time 384.67ms, mfu 1.76%
iter 5623: loss 18.2268, time 401.98ms, mfu 1.76%
iter 5624: loss 18.9567, time 386.09ms, mfu 1.77%
iter 5625: loss 19.1009, time 386.34ms, mfu 1.78%
iter 5626: loss 20.2319, time 417.92ms, mfu 1.77%
iter 5627: loss 19.8741, time 412.71ms, mfu 1.77%
iter 5628: loss 19.3097, time 472.91ms, mfu 1.74%
iter 5629: loss 18.0721, time 392.26ms, mfu 1.75%
iter 5630: loss 19.3803, time 377.56ms, mfu 1.77%
iter 5631: loss 19.3164, time 433.79ms, mfu 1.75%
iter 5632: loss 18.3014, time 376.94ms, mfu 1.77%
iter 5633: loss 18.5920, time 416.89ms, mfu 1.76%
iter 5634: loss 19.2704, time 425.06ms, mfu 1.76%
iter 5635: loss 19.4420, time 333.67ms, mfu 1.80%
iter 5636: loss 19.0071, time 422.48ms, mfu 1.79%
iter 5637: loss 19.2610, time 383.91ms, mfu 1.79%
iter 5638: loss 19.3195, time 414.49ms, mfu 1.79%
iter 5639: loss 19.1964, time 502.20ms, mfu 1.75%
iter 5640: loss 19.0058, time 286.77ms, mfu 1.83%
iter 5641: loss 18.6711, time 412.33ms, mfu 1.82%
iter 5642: loss 19.4961, time 388.26ms, mfu 1.82%
iter 5643: loss 19.2241, time 437.85ms, mfu 1.80%
iter 5644: loss 20.1328, time 472.39ms, mfu 1.77%
iter 5645: loss 19.9597, time 384.92ms, mfu 1.78%
iter 5646: loss 18.9307, time 352.43ms, mfu 1.81%
iter 5647: loss 20.2350, time 406.42ms, mfu 1.80%
iter 5648: loss 20.2146, time 346.25ms, mfu 1.83%
iter 5649: loss 20.3462, time 330.64ms, mfu 1.86%
iter 5650: loss 18.7676, time 341.05ms, mfu 1.89%
iter 5651: loss 18.9366, time 534.90ms, mfu 1.83%
iter 5652: loss 19.3065, time 409.99ms, mfu 1.82%
iter 5653: loss 18.8074, time 346.95ms, mfu 1.85%
iter 5654: loss 18.6989, time 498.61ms, mfu 1.81%
iter 5655: loss 18.6158, time 400.62ms, mfu 1.80%
iter 5656: loss 19.1539, time 425.68ms, mfu 1.79%
iter 5657: loss 18.8855, time 546.54ms, mfu 1.74%
iter 5658: loss 18.7935, time 396.04ms, mfu 1.75%
iter 5659: loss 18.3527, time 453.65ms, mfu 1.73%
iter 5660: loss 19.3977, time 486.65ms, mfu 1.71%
iter 5661: loss 19.3632, time 431.38ms, mfu 1.70%
iter 5662: loss 19.2100, time 599.08ms, mfu 1.65%
iter 5663: loss 19.3848, time 427.98ms, mfu 1.65%
iter 5664: loss 19.0339, time 393.96ms, mfu 1.67%
iter 5665: loss 19.0393, time 357.08ms, mfu 1.70%
iter 5666: loss 19.6243, time 321.50ms, mfu 1.76%
iter 5667: loss 19.2076, time 366.51ms, mfu 1.78%
iter 5668: loss 19.0025, time 569.08ms, mfu 1.72%
iter 5669: loss 19.3313, time 484.22ms, mfu 1.70%
iter 5670: loss 18.9101, time 518.06ms, mfu 1.67%
iter 5671: loss 19.4067, time 331.68ms, mfu 1.72%
iter 5672: loss 19.2245, time 518.92ms, mfu 1.68%
iter 5673: loss 19.2453, time 364.22ms, mfu 1.71%
iter 5674: loss 19.4480, time 396.62ms, mfu 1.72%
iter 5675: loss 19.0532, time 577.49ms, mfu 1.67%
iter 5676: loss 19.2448, time 375.84ms, mfu 1.70%
iter 5677: loss 19.5937, time 416.03ms, mfu 1.70%
iter 5678: loss 18.8521, time 492.22ms, mfu 1.68%
iter 5679: loss 18.3708, time 424.42ms, mfu 1.68%
iter 5680: loss 18.4666, time 597.74ms, mfu 1.63%
iter 5681: loss 18.7851, time 411.06ms, mfu 1.64%
iter 5682: loss 18.8124, time 418.84ms, mfu 1.65%
iter 5683: loss 19.0439, time 480.69ms, mfu 1.63%
iter 5684: loss 19.6120, time 426.14ms, mfu 1.64%
iter 5685: loss 19.7714, time 465.84ms, mfu 1.63%
iter 5686: loss 19.6282, time 546.13ms, mfu 1.60%
iter 5687: loss 19.4762, time 477.67ms, mfu 1.59%
iter 5688: loss 18.7741, time 428.94ms, mfu 1.59%
iter 5689: loss 19.5852, time 326.39ms, mfu 1.65%
iter 5690: loss 18.7254, time 447.43ms, mfu 1.65%
iter 5691: loss 19.5099, time 427.54ms, mfu 1.65%
iter 5692: loss 19.3127, time 478.83ms, mfu 1.64%
iter 5693: loss 19.7506, time 495.85ms, mfu 1.62%
iter 5694: loss 19.0508, time 429.44ms, mfu 1.62%
iter 5695: loss 19.7773, time 508.78ms, mfu 1.60%
iter 5696: loss 18.7848, time 434.38ms, mfu 1.61%
iter 5697: loss 19.8901, time 488.40ms, mfu 1.59%
iter 5698: loss 19.4402, time 520.21ms, mfu 1.57%
iter 5699: loss 19.5371, time 556.99ms, mfu 1.54%
iter 5700: loss 18.5950, time 722.34ms, mfu 1.49%
  === DIAG iter 5700 ===
  loss breakdown: text 0.2136 | num 3.6763 (lambda=5.0, mode=bins)
  grads: total 1.0000, transformer 0.1071, adapter 0.9937, num_head 0.0316
  nums: 899/3072 tokens (29.3%)
  lr: 4.99e-04
  layer_weights: [L0:0.062 L1:0.062 L2:0.062 L3:0.064 L4:0.074 L5:0.074 L6:0.095 L7:0.103 L8:0.101 L9:0.104 L10:0.103 L11:0.096]
iter 5701: loss 19.7575, time 265.70ms, mfu 1.61%
iter 5702: loss 19.0626, time 473.43ms, mfu 1.60%
iter 5703: loss 20.0475, time 474.85ms, mfu 1.59%
iter 5704: loss 19.2996, time 481.88ms, mfu 1.58%
iter 5705: loss 18.7833, time 425.79ms, mfu 1.59%
iter 5706: loss 18.6242, time 439.08ms, mfu 1.59%
iter 5707: loss 19.1811, time 541.80ms, mfu 1.57%
iter 5708: loss 19.5795, time 379.88ms, mfu 1.60%
iter 5709: loss 19.3743, time 446.28ms, mfu 1.60%
iter 5710: loss 18.9826, time 424.42ms, mfu 1.61%
iter 5711: loss 19.3332, time 368.51ms, mfu 1.64%
iter 5712: loss 19.8101, time 564.24ms, mfu 1.60%
iter 5713: loss 18.9938, time 319.52ms, mfu 1.67%
iter 5714: loss 19.1444, time 320.53ms, mfu 1.73%
iter 5715: loss 19.2574, time 469.66ms, mfu 1.71%
iter 5716: loss 18.7681, time 455.83ms, mfu 1.69%
iter 5717: loss 19.4028, time 401.51ms, mfu 1.70%
iter 5718: loss 19.4309, time 395.69ms, mfu 1.71%
iter 5719: loss 19.2529, time 486.15ms, mfu 1.69%
iter 5720: loss 19.2813, time 439.95ms, mfu 1.68%
iter 5721: loss 19.5818, time 463.09ms, mfu 1.67%
iter 5722: loss 19.5280, time 468.11ms, mfu 1.65%
iter 5723: loss 20.0242, time 421.54ms, mfu 1.66%
iter 5724: loss 19.4962, time 390.64ms, mfu 1.68%
iter 5725: loss 18.8636, time 485.51ms, mfu 1.66%
iter 5726: loss 19.9764, time 425.40ms, mfu 1.66%
iter 5727: loss 18.5537, time 339.95ms, mfu 1.70%
iter 5728: loss 19.0930, time 468.78ms, mfu 1.69%
iter 5729: loss 19.3744, time 347.11ms, mfu 1.72%
iter 5730: loss 19.8182, time 461.03ms, mfu 1.71%
iter 5731: loss 19.8266, time 254.22ms, mfu 1.82%
iter 5732: loss 18.7294, time 545.79ms, mfu 1.77%
iter 5733: loss 18.9298, time 500.45ms, mfu 1.73%
iter 5734: loss 19.3199, time 438.01ms, mfu 1.72%
iter 5735: loss 19.8395, time 345.23ms, mfu 1.76%
iter 5736: loss 18.9840, time 294.75ms, mfu 1.83%
iter 5737: loss 19.3199, time 492.29ms, mfu 1.79%
iter 5738: loss 19.6120, time 399.12ms, mfu 1.79%
iter 5739: loss 18.0963, time 326.17ms, mfu 1.83%
iter 5740: loss 19.2610, time 586.86ms, mfu 1.77%
iter 5741: loss 18.9468, time 363.13ms, mfu 1.79%
iter 5742: loss 18.8925, time 330.76ms, mfu 1.83%
iter 5743: loss 19.5625, time 405.87ms, mfu 1.82%
iter 5744: loss 20.3133, time 390.66ms, mfu 1.82%
iter 5745: loss 18.6791, time 347.02ms, mfu 1.85%
iter 5746: loss 19.7113, time 321.79ms, mfu 1.88%
iter 5747: loss 19.8976, time 408.54ms, mfu 1.87%
iter 5748: loss 18.3204, time 408.33ms, mfu 1.86%
iter 5749: loss 18.1439, time 339.66ms, mfu 1.89%
iter 5750: loss 19.8316, time 664.55ms, mfu 1.80%
iter 5751: loss 19.5864, time 352.32ms, mfu 1.83%
iter 5752: loss 19.8301, time 456.86ms, mfu 1.80%
iter 5753: loss 19.5726, time 365.49ms, mfu 1.82%
iter 5754: loss 18.3996, time 480.33ms, mfu 1.78%
iter 5755: loss 19.2752, time 399.56ms, mfu 1.79%
iter 5756: loss 18.6981, time 628.48ms, mfu 1.72%
iter 5757: loss 18.6800, time 314.36ms, mfu 1.78%
iter 5758: loss 19.0026, time 477.55ms, mfu 1.75%
iter 5759: loss 19.7101, time 425.09ms, mfu 1.74%
iter 5760: loss 19.3659, time 431.27ms, mfu 1.73%
iter 5761: loss 18.7636, time 497.92ms, mfu 1.71%
iter 5762: loss 19.1542, time 397.59ms, mfu 1.71%
iter 5763: loss 19.9728, time 253.98ms, mfu 1.83%
iter 5764: loss 19.0040, time 575.96ms, mfu 1.77%
iter 5765: loss 19.2060, time 458.50ms, mfu 1.75%
iter 5766: loss 19.2447, time 432.14ms, mfu 1.74%
iter 5767: loss 19.4304, time 375.45ms, mfu 1.75%
iter 5768: loss 18.6168, time 446.87ms, mfu 1.74%
iter 5769: loss 19.4703, time 471.57ms, mfu 1.72%
iter 5770: loss 19.3556, time 538.84ms, mfu 1.68%
iter 5771: loss 18.7533, time 516.25ms, mfu 1.65%
iter 5772: loss 18.5534, time 358.86ms, mfu 1.68%
iter 5773: loss 18.5802, time 481.09ms, mfu 1.66%
iter 5774: loss 19.0721, time 431.23ms, mfu 1.66%
iter 5775: loss 19.0746, time 316.43ms, mfu 1.72%
iter 5776: loss 18.9296, time 375.43ms, mfu 1.74%
iter 5777: loss 19.5171, time 423.32ms, mfu 1.74%
iter 5778: loss 20.2720, time 348.24ms, mfu 1.77%
iter 5779: loss 19.3369, time 480.67ms, mfu 1.74%
iter 5780: loss 18.9504, time 342.38ms, mfu 1.78%
iter 5781: loss 18.1134, time 441.34ms, mfu 1.76%
iter 5782: loss 19.7014, time 393.39ms, mfu 1.77%
iter 5783: loss 20.1463, time 354.14ms, mfu 1.79%
iter 5784: loss 18.9127, time 385.68ms, mfu 1.80%
iter 5785: loss 19.2781, time 480.89ms, mfu 1.77%
iter 5786: loss 19.4126, time 489.92ms, mfu 1.74%
iter 5787: loss 19.5217, time 395.19ms, mfu 1.75%
iter 5788: loss 19.2750, time 377.57ms, mfu 1.76%
iter 5789: loss 20.0369, time 421.32ms, mfu 1.75%
iter 5790: loss 19.3780, time 499.25ms, mfu 1.72%
iter 5791: loss 18.3623, time 376.01ms, mfu 1.74%
iter 5792: loss 19.4068, time 400.41ms, mfu 1.75%
iter 5793: loss 19.9272, time 490.22ms, mfu 1.72%
iter 5794: loss 19.7094, time 430.25ms, mfu 1.71%
iter 5795: loss 18.6168, time 394.60ms, mfu 1.72%
iter 5796: loss 19.2787, time 420.33ms, mfu 1.72%
iter 5797: loss 19.1381, time 450.09ms, mfu 1.71%
iter 5798: loss 19.8673, time 592.96ms, mfu 1.66%
iter 5799: loss 19.3879, time 315.53ms, mfu 1.72%
iter 5800: loss 19.0576, time 850.10ms, mfu 1.63%
  === DIAG iter 5800 ===
  loss breakdown: text 0.2328 | num 3.7650 (lambda=5.0, mode=bins)
  grads: total 1.0000, transformer 0.1054, adapter 0.9937, num_head 0.0368
  nums: 876/3072 tokens (28.5%)
  lr: 4.94e-04
  layer_weights: [L0:0.062 L1:0.062 L2:0.062 L3:0.063 L4:0.073 L5:0.073 L6:0.095 L7:0.103 L8:0.102 L9:0.104 L10:0.104 L11:0.097]
iter 5801: loss 19.6210, time 264.16ms, mfu 1.74%
iter 5802: loss 18.9662, time 515.28ms, mfu 1.70%
iter 5803: loss 18.5165, time 381.46ms, mfu 1.72%
iter 5804: loss 19.2381, time 632.60ms, mfu 1.66%
iter 5805: loss 18.7101, time 459.93ms, mfu 1.65%
iter 5806: loss 19.1173, time 430.23ms, mfu 1.65%
iter 5807: loss 19.4077, time 382.42ms, mfu 1.68%
iter 5808: loss 19.1307, time 313.73ms, mfu 1.74%
iter 5809: loss 19.2577, time 435.85ms, mfu 1.73%
iter 5810: loss 18.8748, time 450.43ms, mfu 1.71%
iter 5811: loss 19.6291, time 527.03ms, mfu 1.68%
iter 5812: loss 18.0370, time 381.36ms, mfu 1.70%
iter 5813: loss 19.2127, time 386.41ms, mfu 1.71%
iter 5814: loss 18.5755, time 405.61ms, mfu 1.72%
iter 5815: loss 19.5541, time 557.29ms, mfu 1.68%
iter 5816: loss 18.8944, time 368.22ms, mfu 1.70%
iter 5817: loss 19.1758, time 420.91ms, mfu 1.70%
iter 5818: loss 19.6963, time 350.64ms, mfu 1.74%
iter 5819: loss 19.6390, time 377.57ms, mfu 1.75%
iter 5820: loss 18.8680, time 374.71ms, mfu 1.77%
iter 5821: loss 18.6449, time 413.92ms, mfu 1.77%
iter 5822: loss 18.5659, time 362.15ms, mfu 1.79%
iter 5823: loss 18.9131, time 426.21ms, mfu 1.78%
iter 5824: loss 18.9377, time 480.79ms, mfu 1.75%
iter 5825: loss 19.5279, time 506.22ms, mfu 1.71%
iter 5826: loss 18.6971, time 436.68ms, mfu 1.71%
iter 5827: loss 20.1760, time 406.76ms, mfu 1.71%
iter 5828: loss 18.8230, time 374.72ms, mfu 1.73%
iter 5829: loss 20.0986, time 261.80ms, mfu 1.83%
iter 5830: loss 18.5680, time 417.31ms, mfu 1.82%
iter 5831: loss 19.5731, time 513.06ms, mfu 1.78%
iter 5832: loss 19.2474, time 441.16ms, mfu 1.76%
iter 5833: loss 19.8087, time 343.26ms, mfu 1.80%
iter 5834: loss 19.2206, time 400.96ms, mfu 1.79%
iter 5835: loss 19.5710, time 492.04ms, mfu 1.76%
iter 5836: loss 18.5709, time 424.00ms, mfu 1.75%
iter 5837: loss 19.5666, time 352.57ms, mfu 1.78%
iter 5838: loss 18.1130, time 464.06ms, mfu 1.76%
iter 5839: loss 20.2341, time 349.44ms, mfu 1.79%
iter 5840: loss 18.7052, time 453.37ms, mfu 1.77%
iter 5841: loss 19.0692, time 505.92ms, mfu 1.73%
iter 5842: loss 19.8238, time 360.81ms, mfu 1.76%
iter 5843: loss 19.0152, time 405.48ms, mfu 1.76%
iter 5844: loss 19.0895, time 688.46ms, mfu 1.69%
iter 5845: loss 18.7324, time 472.50ms, mfu 1.67%
iter 5846: loss 19.8677, time 518.54ms, mfu 1.64%
iter 5847: loss 18.6244, time 445.22ms, mfu 1.64%
iter 5848: loss 20.0285, time 460.30ms, mfu 1.63%
iter 5849: loss 19.4738, time 586.39ms, mfu 1.59%
iter 5850: loss 19.0250, time 491.77ms, mfu 1.58%
iter 5851: loss 18.4194, time 327.70ms, mfu 1.64%
iter 5852: loss 19.5895, time 378.62ms, mfu 1.66%
iter 5853: loss 18.2346, time 505.59ms, mfu 1.64%
iter 5854: loss 18.6605, time 409.99ms, mfu 1.65%
iter 5855: loss 17.8654, time 487.35ms, mfu 1.63%
iter 5856: loss 18.7451, time 495.32ms, mfu 1.61%
iter 5857: loss 18.5531, time 355.06ms, mfu 1.65%
iter 5858: loss 19.1747, time 386.25ms, mfu 1.67%
iter 5859: loss 20.0339, time 548.76ms, mfu 1.64%
iter 5860: loss 18.8421, time 506.09ms, mfu 1.61%
iter 5861: loss 19.1899, time 600.07ms, mfu 1.57%
iter 5862: loss 20.3079, time 307.37ms, mfu 1.65%
iter 5863: loss 19.5983, time 421.18ms, mfu 1.65%
iter 5864: loss 19.6220, time 428.80ms, mfu 1.66%
iter 5865: loss 19.6042, time 460.58ms, mfu 1.65%
iter 5866: loss 19.1410, time 382.72ms, mfu 1.67%
iter 5867: loss 18.3160, time 450.87ms, mfu 1.66%
iter 5868: loss 19.4338, time 488.47ms, mfu 1.64%
iter 5869: loss 19.7707, time 368.52ms, mfu 1.67%
iter 5870: loss 19.6630, time 286.90ms, mfu 1.75%
iter 5871: loss 19.8159, time 426.65ms, mfu 1.75%
iter 5872: loss 18.4837, time 425.09ms, mfu 1.74%
iter 5873: loss 19.1090, time 426.32ms, mfu 1.73%
iter 5874: loss 19.1202, time 345.37ms, mfu 1.77%
iter 5875: loss 18.8467, time 327.74ms, mfu 1.81%
iter 5876: loss 18.8649, time 513.61ms, mfu 1.77%
iter 5877: loss 17.4822, time 498.79ms, mfu 1.74%
iter 5878: loss 19.0277, time 461.50ms, mfu 1.72%
iter 5879: loss 19.2997, time 374.29ms, mfu 1.74%
iter 5880: loss 19.5448, time 443.56ms, mfu 1.72%
iter 5881: loss 20.2649, time 377.18ms, mfu 1.74%
iter 5882: loss 18.9264, time 416.22ms, mfu 1.74%
iter 5883: loss 18.3106, time 523.97ms, mfu 1.70%
iter 5884: loss 18.8114, time 398.02ms, mfu 1.71%
iter 5885: loss 18.3849, time 424.55ms, mfu 1.71%
iter 5886: loss 19.4593, time 457.86ms, mfu 1.70%
iter 5887: loss 18.3711, time 387.76ms, mfu 1.71%
iter 5888: loss 18.7543, time 384.65ms, mfu 1.73%
iter 5889: loss 19.1827, time 570.60ms, mfu 1.68%
iter 5890: loss 18.1042, time 367.81ms, mfu 1.71%
iter 5891: loss 18.4515, time 740.84ms, mfu 1.63%
iter 5892: loss 18.7154, time 408.18ms, mfu 1.64%
iter 5893: loss 19.0122, time 514.39ms, mfu 1.62%
iter 5894: loss 19.0474, time 408.32ms, mfu 1.63%
iter 5895: loss 18.5737, time 481.47ms, mfu 1.62%
iter 5896: loss 20.1199, time 623.11ms, mfu 1.57%
iter 5897: loss 20.4522, time 384.46ms, mfu 1.60%
iter 5898: loss 17.7577, time 463.98ms, mfu 1.59%
iter 5899: loss 18.7452, time 267.61ms, mfu 1.70%
iter 5900: loss 19.3346, time 625.98ms, mfu 1.65%
  === DIAG iter 5900 ===
  loss breakdown: text 0.2173 | num 3.8234 (lambda=5.0, mode=bins)
  grads: total 1.0000, transformer 0.3754, adapter 0.9140, num_head 0.1540
  nums: 862/3072 tokens (28.1%)
  lr: 4.89e-04
  layer_weights: [L0:0.061 L1:0.061 L2:0.061 L3:0.063 L4:0.072 L5:0.072 L6:0.095 L7:0.104 L8:0.102 L9:0.106 L10:0.105 L11:0.098]
iter 5901: loss 19.1060, time 200.27ms, mfu 1.84%
iter 5902: loss 19.3930, time 395.45ms, mfu 1.84%
iter 5903: loss 18.4922, time 388.38ms, mfu 1.84%
iter 5904: loss 17.5723, time 432.41ms, mfu 1.82%
iter 5905: loss 18.7201, time 366.98ms, mfu 1.83%
iter 5906: loss 19.7765, time 400.29ms, mfu 1.83%
iter 5907: loss 20.8680, time 489.70ms, mfu 1.79%
iter 5908: loss 19.4949, time 592.25ms, mfu 1.73%
iter 5909: loss 19.2074, time 379.14ms, mfu 1.75%
iter 5910: loss 19.2181, time 485.45ms, mfu 1.72%
iter 5911: loss 19.0089, time 360.03ms, mfu 1.75%
iter 5912: loss 19.9675, time 392.45ms, mfu 1.76%
iter 5913: loss 19.6698, time 279.71ms, mfu 1.84%
iter 5914: loss 18.9255, time 427.58ms, mfu 1.82%
iter 5915: loss 18.5333, time 431.08ms, mfu 1.81%
iter 5916: loss 18.7162, time 515.92ms, mfu 1.76%
iter 5917: loss 18.7752, time 344.70ms, mfu 1.80%
iter 5918: loss 20.1979, time 378.50ms, mfu 1.80%
iter 5919: loss 19.2391, time 439.99ms, mfu 1.79%
iter 5920: loss 19.6796, time 423.31ms, mfu 1.78%
iter 5921: loss 19.0988, time 472.76ms, mfu 1.75%
iter 5922: loss 18.6866, time 414.07ms, mfu 1.75%
iter 5923: loss 19.3204, time 295.71ms, mfu 1.82%
iter 5924: loss 18.9164, time 365.45ms, mfu 1.83%
iter 5925: loss 19.6251, time 427.16ms, mfu 1.82%
iter 5926: loss 19.2732, time 596.78ms, mfu 1.75%
iter 5927: loss 18.5953, time 520.16ms, mfu 1.72%
iter 5928: loss 19.3218, time 562.89ms, mfu 1.67%
iter 5929: loss 19.9499, time 449.60ms, mfu 1.66%
iter 5930: loss 19.3803, time 528.14ms, mfu 1.63%
iter 5931: loss 19.6690, time 502.89ms, mfu 1.61%
iter 5932: loss 19.6216, time 345.16ms, mfu 1.66%
iter 5933: loss 18.8328, time 459.13ms, mfu 1.65%
iter 5934: loss 19.0749, time 402.56ms, mfu 1.66%
iter 5935: loss 20.2565, time 474.33ms, mfu 1.65%
iter 5936: loss 19.0344, time 406.10ms, mfu 1.66%
iter 5937: loss 19.1892, time 439.45ms, mfu 1.66%
iter 5938: loss 18.8354, time 286.31ms, mfu 1.74%
iter 5939: loss 20.3611, time 513.32ms, mfu 1.71%
iter 5940: loss 19.6851, time 587.80ms, mfu 1.66%
iter 5941: loss 19.1077, time 440.46ms, mfu 1.65%
iter 5942: loss 19.4339, time 526.54ms, mfu 1.62%
iter 5943: loss 19.3653, time 538.74ms, mfu 1.60%
iter 5944: loss 19.6493, time 488.67ms, mfu 1.58%
iter 5945: loss 18.7587, time 264.26ms, mfu 1.70%
iter 5946: loss 18.9712, time 292.45ms, mfu 1.77%
iter 5947: loss 20.1408, time 448.99ms, mfu 1.75%
iter 5948: loss 18.9583, time 492.12ms, mfu 1.72%
iter 5949: loss 19.5236, time 476.37ms, mfu 1.70%
iter 5950: loss 18.5234, time 404.39ms, mfu 1.71%
iter 5951: loss 19.8053, time 477.63ms, mfu 1.69%
iter 5952: loss 20.3993, time 469.28ms, mfu 1.67%
iter 5953: loss 19.2447, time 435.85ms, mfu 1.67%
iter 5954: loss 18.9112, time 313.04ms, mfu 1.73%
iter 5955: loss 20.0634, time 452.07ms, mfu 1.72%
iter 5956: loss 19.4068, time 499.71ms, mfu 1.69%
iter 5957: loss 18.0733, time 418.59ms, mfu 1.69%
iter 5958: loss 19.7661, time 387.52ms, mfu 1.71%
iter 5959: loss 19.3341, time 403.01ms, mfu 1.71%
iter 5960: loss 19.8541, time 245.07ms, mfu 1.83%
iter 5961: loss 19.5569, time 483.34ms, mfu 1.80%
iter 5962: loss 18.9145, time 354.21ms, mfu 1.82%
iter 5963: loss 18.4816, time 345.38ms, mfu 1.85%
iter 5964: loss 19.6553, time 443.06ms, mfu 1.82%
iter 5965: loss 19.1301, time 541.39ms, mfu 1.77%
iter 5966: loss 18.0271, time 336.72ms, mfu 1.81%
iter 5967: loss 19.0489, time 590.78ms, mfu 1.75%
iter 5968: loss 18.9274, time 489.05ms, mfu 1.72%
iter 5969: loss 18.7547, time 362.22ms, mfu 1.75%
iter 5970: loss 19.0691, time 395.88ms, mfu 1.75%
iter 5971: loss 19.6179, time 518.40ms, mfu 1.72%
iter 5972: loss 19.1148, time 411.95ms, mfu 1.72%
iter 5973: loss 19.0102, time 394.03ms, mfu 1.73%
iter 5974: loss 19.3758, time 505.10ms, mfu 1.70%
iter 5975: loss 17.6666, time 462.36ms, mfu 1.68%
iter 5976: loss 19.5968, time 461.55ms, mfu 1.67%
iter 5977: loss 18.9372, time 494.72ms, mfu 1.65%
iter 5978: loss 19.6377, time 522.24ms, mfu 1.62%
iter 5979: loss 20.4500, time 319.93ms, mfu 1.68%
iter 5980: loss 19.0691, time 501.38ms, mfu 1.66%
iter 5981: loss 18.9242, time 478.00ms, mfu 1.64%
iter 5982: loss 19.5968, time 341.66ms, mfu 1.69%
iter 5983: loss 18.7570, time 384.79ms, mfu 1.70%
iter 5984: loss 19.2952, time 499.22ms, mfu 1.68%
iter 5985: loss 17.6159, time 466.75ms, mfu 1.66%
iter 5986: loss 18.9276, time 500.46ms, mfu 1.64%
iter 5987: loss 18.9921, time 512.66ms, mfu 1.62%
iter 5988: loss 20.0041, time 375.49ms, mfu 1.64%
iter 5989: loss 19.1718, time 313.11ms, mfu 1.71%
iter 5990: loss 19.3397, time 521.87ms, mfu 1.68%
iter 5991: loss 18.7871, time 295.28ms, mfu 1.75%
iter 5992: loss 19.2054, time 468.42ms, mfu 1.73%
iter 5993: loss 18.8799, time 453.67ms, mfu 1.71%
iter 5994: loss 19.5282, time 465.66ms, mfu 1.70%
iter 5995: loss 18.8815, time 397.86ms, mfu 1.71%
iter 5996: loss 19.7517, time 509.47ms, mfu 1.68%
iter 5997: loss 18.2988, time 323.94ms, mfu 1.73%
iter 5998: loss 19.1903, time 466.13ms, mfu 1.71%
iter 5999: loss 19.5774, time 376.09ms, mfu 1.73%
iter 6000: loss 19.6212, time 626.69ms, mfu 1.67%
  === DIAG iter 6000 ===
  loss breakdown: text 0.2326 | num 3.8777 (lambda=5.0, mode=bins)
  grads: total 1.0000, transformer 0.2609, adapter 0.9610, num_head 0.0919
  nums: 866/3072 tokens (28.2%)
  lr: 4.83e-04
  layer_weights: [L0:0.060 L1:0.060 L2:0.061 L3:0.062 L4:0.072 L5:0.071 L6:0.095 L7:0.104 L8:0.103 L9:0.107 L10:0.106 L11:0.099]
iter 6001: loss 20.0326, time 200.27ms, mfu 1.86%
iter 6002: loss 19.6951, time 499.46ms, mfu 1.82%
iter 6003: loss 19.9419, time 586.90ms, mfu 1.76%
iter 6004: loss 19.0479, time 491.74ms, mfu 1.73%
iter 6005: loss 19.6275, time 330.20ms, mfu 1.77%
iter 6006: loss 18.3959, time 577.69ms, mfu 1.72%
iter 6007: loss 19.3521, time 410.29ms, mfu 1.72%
iter 6008: loss 18.9073, time 408.55ms, mfu 1.73%
iter 6009: loss 19.9610, time 487.27ms, mfu 1.70%
iter 6010: loss 19.2035, time 543.97ms, mfu 1.66%
iter 6011: loss 18.6841, time 423.09ms, mfu 1.67%
iter 6012: loss 19.3204, time 395.07ms, mfu 1.68%
iter 6013: loss 18.6889, time 440.92ms, mfu 1.67%
iter 6014: loss 19.1554, time 416.47ms, mfu 1.68%
iter 6015: loss 19.4688, time 424.83ms, mfu 1.68%
iter 6016: loss 19.0198, time 308.97ms, mfu 1.74%
iter 6017: loss 19.8778, time 520.93ms, mfu 1.71%
iter 6018: loss 18.6295, time 432.85ms, mfu 1.70%
iter 6019: loss 19.3581, time 438.06ms, mfu 1.70%
iter 6020: loss 19.1732, time 298.16ms, mfu 1.77%
iter 6021: loss 18.2764, time 472.81ms, mfu 1.74%
iter 6022: loss 19.7307, time 403.05ms, mfu 1.74%
iter 6023: loss 18.4516, time 633.82ms, mfu 1.68%
iter 6024: loss 19.1700, time 410.02ms, mfu 1.69%
iter 6025: loss 19.2971, time 278.82ms, mfu 1.78%
iter 6026: loss 19.2469, time 520.27ms, mfu 1.74%
iter 6027: loss 19.5892, time 482.31ms, mfu 1.71%
iter 6028: loss 19.9324, time 484.69ms, mfu 1.69%
iter 6029: loss 19.8325, time 366.73ms, mfu 1.72%
iter 6030: loss 19.9727, time 398.77ms, mfu 1.72%
iter 6031: loss 19.7025, time 407.74ms, mfu 1.73%
iter 6032: loss 19.6444, time 412.17ms, mfu 1.73%
iter 6033: loss 19.8873, time 546.79ms, mfu 1.69%
iter 6034: loss 19.8894, time 433.49ms, mfu 1.68%
iter 6035: loss 19.6240, time 529.29ms, mfu 1.65%
iter 6036: loss 18.8442, time 463.99ms, mfu 1.64%
iter 6037: loss 19.0100, time 361.00ms, mfu 1.67%
iter 6038: loss 19.5070, time 442.92ms, mfu 1.67%
iter 6039: loss 19.2873, time 435.26ms, mfu 1.67%
iter 6040: loss 19.0835, time 405.27ms, mfu 1.68%
iter 6041: loss 19.2347, time 479.24ms, mfu 1.66%
iter 6042: loss 18.1957, time 458.26ms, mfu 1.65%
iter 6043: loss 18.8539, time 418.94ms, mfu 1.65%
iter 6044: loss 19.3500, time 337.17ms, mfu 1.70%
iter 6045: loss 19.8819, time 515.68ms, mfu 1.67%
iter 6046: loss 19.6590, time 447.96ms, mfu 1.66%
iter 6047: loss 18.3882, time 582.52ms, mfu 1.62%
iter 6048: loss 19.5460, time 386.96ms, mfu 1.64%
iter 6049: loss 18.0907, time 572.85ms, mfu 1.60%
iter 6050: loss 19.6977, time 497.05ms, mfu 1.59%
iter 6051: loss 18.8369, time 381.48ms, mfu 1.62%
iter 6052: loss 19.7048, time 427.77ms, mfu 1.62%
iter 6053: loss 19.6940, time 607.62ms, mfu 1.58%
iter 6054: loss 18.7856, time 393.11ms, mfu 1.60%
iter 6055: loss 18.9642, time 497.00ms, mfu 1.59%
iter 6056: loss 18.4409, time 350.35ms, mfu 1.63%
iter 6057: loss 19.4556, time 351.92ms, mfu 1.67%
iter 6058: loss 19.3095, time 292.28ms, mfu 1.75%
iter 6059: loss 18.5266, time 428.26ms, mfu 1.74%
iter 6060: loss 19.8523, time 439.93ms, mfu 1.73%
iter 6061: loss 19.0136, time 497.20ms, mfu 1.70%
iter 6062: loss 19.1650, time 381.68ms, mfu 1.72%
iter 6063: loss 19.1497, time 461.03ms, mfu 1.70%
iter 6064: loss 18.4979, time 542.52ms, mfu 1.67%
iter 6065: loss 18.5905, time 477.85ms, mfu 1.65%
iter 6066: loss 19.1006, time 454.19ms, mfu 1.64%
iter 6067: loss 19.1683, time 515.81ms, mfu 1.62%
iter 6068: loss 18.7484, time 383.64ms, mfu 1.64%
iter 6069: loss 18.8203, time 440.10ms, mfu 1.64%
iter 6070: loss 19.3453, time 407.49ms, mfu 1.65%
iter 6071: loss 19.0911, time 352.32ms, mfu 1.69%
iter 6072: loss 18.7966, time 320.37ms, mfu 1.74%
iter 6073: loss 19.3651, time 412.59ms, mfu 1.74%
iter 6074: loss 17.8527, time 558.75ms, mfu 1.70%
iter 6075: loss 19.0171, time 354.88ms, mfu 1.73%
iter 6076: loss 18.9913, time 644.48ms, mfu 1.67%
iter 6077: loss 19.4813, time 354.40ms, mfu 1.70%
iter 6078: loss 19.1446, time 520.62ms, mfu 1.67%
iter 6079: loss 18.8136, time 425.29ms, mfu 1.67%
iter 6080: loss 19.3453, time 458.95ms, mfu 1.66%
iter 6081: loss 19.7150, time 398.75ms, mfu 1.67%
iter 6082: loss 19.7339, time 491.11ms, mfu 1.65%
iter 6083: loss 18.7915, time 385.85ms, mfu 1.67%
iter 6084: loss 18.4807, time 330.99ms, mfu 1.72%
iter 6085: loss 18.6368, time 454.18ms, mfu 1.71%
iter 6086: loss 19.2260, time 421.78ms, mfu 1.71%
iter 6087: loss 19.6690, time 508.64ms, mfu 1.68%
iter 6088: loss 20.1378, time 421.94ms, mfu 1.68%
iter 6089: loss 18.5549, time 517.72ms, mfu 1.65%
iter 6090: loss 19.7320, time 366.46ms, mfu 1.68%
iter 6091: loss 19.4675, time 436.38ms, mfu 1.68%
iter 6092: loss 18.7170, time 416.80ms, mfu 1.68%
iter 6093: loss 19.1234, time 534.79ms, mfu 1.65%
iter 6094: loss 18.8165, time 355.85ms, mfu 1.68%
iter 6095: loss 19.3080, time 313.68ms, mfu 1.74%
iter 6096: loss 19.7387, time 416.15ms, mfu 1.74%
iter 6097: loss 18.5879, time 518.26ms, mfu 1.71%
iter 6098: loss 19.7467, time 408.40ms, mfu 1.71%
iter 6099: loss 18.9741, time 398.01ms, mfu 1.72%
iter 6100: loss 18.1525, time 689.81ms, mfu 1.65%
  === DIAG iter 6100 ===
  loss breakdown: text 0.2174 | num 3.5870 (lambda=5.0, mode=bins)
  grads: total 1.0000, transformer 0.4258, adapter 0.8958, num_head 0.1274
  nums: 936/3072 tokens (30.5%)
  lr: 4.78e-04
  layer_weights: [L0:0.060 L1:0.060 L2:0.061 L3:0.062 L4:0.071 L5:0.070 L6:0.095 L7:0.104 L8:0.103 L9:0.107 L10:0.107 L11:0.099]
iter 6101: loss 19.0128, time 255.48ms, mfu 1.77%
iter 6102: loss 19.0885, time 372.82ms, mfu 1.78%
iter 6103: loss 18.3361, time 425.87ms, mfu 1.77%
iter 6104: loss 19.2940, time 468.74ms, mfu 1.75%
iter 6105: loss 18.6901, time 465.01ms, mfu 1.73%
iter 6106: loss 18.8956, time 398.19ms, mfu 1.73%
iter 6107: loss 18.7016, time 470.85ms, mfu 1.71%
iter 6108: loss 19.4802, time 374.94ms, mfu 1.73%
iter 6109: loss 19.7953, time 478.50ms, mfu 1.71%
iter 6110: loss 19.1590, time 440.84ms, mfu 1.70%
iter 6111: loss 18.9368, time 330.43ms, mfu 1.75%
iter 6112: loss 19.0458, time 451.32ms, mfu 1.73%
iter 6113: loss 19.4311, time 531.69ms, mfu 1.69%
iter 6114: loss 19.3742, time 377.11ms, mfu 1.71%
iter 6115: loss 19.1939, time 423.97ms, mfu 1.71%
iter 6116: loss 19.7086, time 414.92ms, mfu 1.71%
iter 6117: loss 18.1203, time 325.95ms, mfu 1.76%
iter 6118: loss 17.7184, time 313.41ms, mfu 1.81%
iter 6119: loss 20.0954, time 392.04ms, mfu 1.82%
iter 6120: loss 19.5676, time 415.18ms, mfu 1.81%
iter 6121: loss 18.4441, time 284.46ms, mfu 1.88%
iter 6122: loss 19.2477, time 356.94ms, mfu 1.89%
iter 6123: loss 19.1792, time 374.51ms, mfu 1.89%
iter 6124: loss 18.5974, time 419.57ms, mfu 1.87%
iter 6125: loss 19.8097, time 431.75ms, mfu 1.85%
iter 6126: loss 19.9623, time 467.15ms, mfu 1.82%
iter 6127: loss 18.3318, time 330.09ms, mfu 1.86%
iter 6128: loss 18.9704, time 390.98ms, mfu 1.85%
iter 6129: loss 18.7913, time 515.07ms, mfu 1.81%
iter 6130: loss 18.8045, time 335.73ms, mfu 1.84%
iter 6131: loss 18.1712, time 432.12ms, mfu 1.82%
iter 6132: loss 19.9236, time 438.22ms, mfu 1.80%
iter 6133: loss 19.3757, time 356.52ms, mfu 1.82%
iter 6134: loss 19.6942, time 424.64ms, mfu 1.81%
iter 6135: loss 19.4564, time 377.31ms, mfu 1.82%
iter 6136: loss 19.3625, time 402.38ms, mfu 1.82%
iter 6137: loss 18.3070, time 319.28ms, mfu 1.86%
iter 6138: loss 18.8378, time 430.02ms, mfu 1.84%
iter 6139: loss 19.0034, time 429.39ms, mfu 1.82%
iter 6140: loss 18.7659, time 516.96ms, mfu 1.78%
iter 6141: loss 19.2757, time 494.56ms, mfu 1.75%
iter 6142: loss 19.4792, time 441.23ms, mfu 1.73%
iter 6143: loss 18.5382, time 392.16ms, mfu 1.74%
iter 6144: loss 19.0212, time 401.28ms, mfu 1.75%
iter 6145: loss 19.1326, time 560.61ms, mfu 1.70%
iter 6146: loss 19.0815, time 414.10ms, mfu 1.70%
iter 6147: loss 19.6547, time 428.58ms, mfu 1.70%
iter 6148: loss 19.1838, time 335.59ms, mfu 1.74%
iter 6149: loss 18.2146, time 533.76ms, mfu 1.70%
iter 6150: loss 19.5624, time 441.28ms, mfu 1.70%
iter 6151: loss 19.3202, time 428.76ms, mfu 1.69%
iter 6152: loss 19.3016, time 464.17ms, mfu 1.68%
iter 6153: loss 19.2472, time 289.81ms, mfu 1.76%
iter 6154: loss 18.1543, time 464.49ms, mfu 1.74%
iter 6155: loss 18.9074, time 476.91ms, mfu 1.71%
iter 6156: loss 18.9847, time 438.26ms, mfu 1.70%
iter 6157: loss 17.9821, time 399.84ms, mfu 1.71%
iter 6158: loss 18.4028, time 595.72ms, mfu 1.66%
iter 6159: loss 18.5501, time 332.66ms, mfu 1.71%
iter 6160: loss 19.7427, time 431.89ms, mfu 1.71%
iter 6161: loss 18.4744, time 411.77ms, mfu 1.71%
iter 6162: loss 19.1411, time 390.90ms, mfu 1.72%
iter 6163: loss 19.0565, time 321.60ms, mfu 1.77%
iter 6164: loss 18.2553, time 508.94ms, mfu 1.74%
iter 6165: loss 18.4963, time 380.37ms, mfu 1.75%
iter 6166: loss 19.2619, time 438.24ms, mfu 1.74%
iter 6167: loss 19.4277, time 349.29ms, mfu 1.77%
iter 6168: loss 18.6858, time 479.37ms, mfu 1.74%
iter 6169: loss 18.7319, time 313.33ms, mfu 1.80%
iter 6170: loss 18.9668, time 494.21ms, mfu 1.76%
iter 6171: loss 18.6873, time 392.06ms, mfu 1.77%
iter 6172: loss 19.6253, time 489.13ms, mfu 1.74%
iter 6173: loss 19.3898, time 406.69ms, mfu 1.74%
iter 6174: loss 19.4062, time 599.43ms, mfu 1.69%
iter 6175: loss 19.1494, time 362.90ms, mfu 1.72%
iter 6176: loss 18.6224, time 598.40ms, mfu 1.66%
iter 6177: loss 20.1020, time 491.12ms, mfu 1.64%
iter 6178: loss 19.2943, time 396.35ms, mfu 1.66%
iter 6179: loss 19.2407, time 437.05ms, mfu 1.66%
iter 6180: loss 18.8778, time 306.81ms, mfu 1.73%
iter 6181: loss 18.8852, time 489.35ms, mfu 1.70%
iter 6182: loss 18.7250, time 504.35ms, mfu 1.67%
iter 6183: loss 19.0230, time 289.58ms, mfu 1.75%
iter 6184: loss 19.1778, time 448.72ms, mfu 1.74%
iter 6185: loss 19.2064, time 479.89ms, mfu 1.71%
iter 6186: loss 20.0303, time 354.31ms, mfu 1.74%
iter 6187: loss 19.4283, time 481.88ms, mfu 1.72%
iter 6188: loss 19.3609, time 421.98ms, mfu 1.72%
iter 6189: loss 20.0235, time 508.85ms, mfu 1.68%
iter 6190: loss 18.3611, time 419.97ms, mfu 1.69%
iter 6191: loss 19.8886, time 441.26ms, mfu 1.68%
iter 6192: loss 18.7261, time 407.30ms, mfu 1.69%
iter 6193: loss 18.5449, time 460.72ms, mfu 1.67%
iter 6194: loss 18.8648, time 441.79ms, mfu 1.67%
iter 6195: loss 19.0258, time 476.92ms, mfu 1.65%
iter 6196: loss 18.5843, time 437.85ms, mfu 1.65%
iter 6197: loss 18.1616, time 448.31ms, mfu 1.65%
iter 6198: loss 19.3159, time 340.69ms, mfu 1.69%
iter 6199: loss 19.8624, time 311.12ms, mfu 1.75%
iter 6200: loss 19.2323, time 759.83ms, mfu 1.67%
  === DIAG iter 6200 ===
  loss breakdown: text 0.2252 | num 3.8014 (lambda=5.0, mode=bins)
  grads: total 1.0000, transformer 0.1399, adapter 0.9896, num_head 0.0320
  nums: 868/3072 tokens (28.3%)
  lr: 4.72e-04
  layer_weights: [L0:0.060 L1:0.060 L2:0.060 L3:0.062 L4:0.071 L5:0.070 L6:0.095 L7:0.105 L8:0.103 L9:0.108 L10:0.107 L11:0.099]
iter 6201: loss 19.0579, time 274.57ms, mfu 1.77%
iter 6202: loss 18.8154, time 297.14ms, mfu 1.83%
iter 6203: loss 18.9813, time 399.80ms, mfu 1.83%
iter 6204: loss 20.2067, time 465.23ms, mfu 1.80%
iter 6205: loss 18.7877, time 584.19ms, mfu 1.74%
iter 6206: loss 18.3617, time 344.54ms, mfu 1.77%
iter 6207: loss 18.7480, time 530.36ms, mfu 1.73%
iter 6208: loss 19.8567, time 378.56ms, mfu 1.75%
iter 6209: loss 18.2503, time 262.35ms, mfu 1.85%
iter 6210: loss 19.4593, time 461.04ms, mfu 1.82%
iter 6211: loss 19.5516, time 530.51ms, mfu 1.77%
iter 6212: loss 20.1325, time 442.55ms, mfu 1.76%
iter 6213: loss 19.0601, time 506.49ms, mfu 1.72%
iter 6214: loss 18.1362, time 412.02ms, mfu 1.72%
iter 6215: loss 18.5536, time 485.36ms, mfu 1.70%
iter 6216: loss 18.8509, time 492.11ms, mfu 1.67%
iter 6217: loss 18.2896, time 405.95ms, mfu 1.68%
iter 6218: loss 18.9487, time 374.25ms, mfu 1.71%
iter 6219: loss 19.5634, time 477.49ms, mfu 1.69%
iter 6220: loss 18.7736, time 474.04ms, mfu 1.67%
iter 6221: loss 19.7318, time 355.35ms, mfu 1.70%
iter 6222: loss 18.8450, time 643.35ms, mfu 1.64%
iter 6223: loss 19.1536, time 445.13ms, mfu 1.64%
iter 6224: loss 19.0935, time 533.45ms, mfu 1.61%
iter 6225: loss 18.3978, time 535.13ms, mfu 1.58%
iter 6226: loss 19.6962, time 415.77ms, mfu 1.60%
iter 6227: loss 20.3859, time 503.13ms, mfu 1.58%
iter 6228: loss 18.8395, time 467.79ms, mfu 1.58%
iter 6229: loss 19.3812, time 379.62ms, mfu 1.61%
iter 6230: loss 18.5764, time 578.82ms, mfu 1.57%
iter 6231: loss 20.0633, time 565.39ms, mfu 1.54%
iter 6232: loss 19.0514, time 515.39ms, mfu 1.52%
iter 6233: loss 19.0277, time 404.80ms, mfu 1.55%
iter 6234: loss 18.6500, time 522.49ms, mfu 1.53%
iter 6235: loss 19.7428, time 362.43ms, mfu 1.58%
iter 6236: loss 19.0362, time 350.43ms, mfu 1.62%
iter 6237: loss 19.0595, time 361.69ms, mfu 1.66%
iter 6238: loss 19.6798, time 367.06ms, mfu 1.69%
iter 6239: loss 20.1556, time 443.73ms, mfu 1.68%
iter 6240: loss 18.9164, time 372.10ms, mfu 1.71%
iter 6241: loss 19.0114, time 383.77ms, mfu 1.72%
iter 6242: loss 19.5812, time 433.46ms, mfu 1.71%
iter 6243: loss 18.1990, time 512.56ms, mfu 1.68%
iter 6244: loss 19.4025, time 370.40ms, mfu 1.71%
iter 6245: loss 19.2024, time 425.23ms, mfu 1.71%
iter 6246: loss 18.7124, time 307.21ms, mfu 1.77%
iter 6247: loss 19.3465, time 358.64ms, mfu 1.79%
iter 6248: loss 18.7072, time 622.33ms, mfu 1.73%
iter 6249: loss 18.9032, time 511.82ms, mfu 1.69%
iter 6250: loss 18.7386, time 337.99ms, mfu 1.74%
iter 6251: loss 19.5931, time 482.17ms, mfu 1.71%
iter 6252: loss 18.8761, time 537.72ms, mfu 1.67%
iter 6253: loss 19.5237, time 578.24ms, mfu 1.63%
iter 6254: loss 19.0221, time 403.33ms, mfu 1.65%
iter 6255: loss 19.3107, time 425.68ms, mfu 1.65%
iter 6256: loss 19.1079, time 532.38ms, mfu 1.62%
iter 6257: loss 18.6119, time 374.00ms, mfu 1.65%
iter 6258: loss 18.7695, time 369.23ms, mfu 1.68%
iter 6259: loss 18.5277, time 255.30ms, mfu 1.79%
iter 6260: loss 19.3687, time 379.88ms, mfu 1.80%
iter 6261: loss 19.0562, time 455.86ms, mfu 1.78%
iter 6262: loss 19.0077, time 409.31ms, mfu 1.77%
iter 6263: loss 19.2438, time 424.24ms, mfu 1.77%
iter 6264: loss 18.7253, time 501.40ms, mfu 1.73%
iter 6265: loss 19.1025, time 439.78ms, mfu 1.72%
iter 6266: loss 19.4658, time 395.78ms, mfu 1.73%
iter 6267: loss 19.1732, time 411.18ms, mfu 1.73%
iter 6268: loss 18.9512, time 426.20ms, mfu 1.73%
iter 6269: loss 19.6481, time 291.53ms, mfu 1.80%
iter 6270: loss 19.5190, time 528.39ms, mfu 1.76%
iter 6271: loss 18.9469, time 495.51ms, mfu 1.72%
iter 6272: loss 19.3000, time 391.55ms, mfu 1.74%
iter 6273: loss 19.9510, time 550.30ms, mfu 1.69%
iter 6274: loss 18.7215, time 429.54ms, mfu 1.69%
iter 6275: loss 18.6665, time 396.55ms, mfu 1.70%
iter 6276: loss 19.0937, time 524.74ms, mfu 1.67%
iter 6277: loss 19.2116, time 484.62ms, mfu 1.65%
iter 6278: loss 18.8856, time 473.19ms, mfu 1.64%
iter 6279: loss 18.9870, time 486.14ms, mfu 1.62%
iter 6280: loss 19.5227, time 492.37ms, mfu 1.60%
iter 6281: loss 18.8659, time 374.57ms, mfu 1.63%
iter 6282: loss 19.3540, time 476.15ms, mfu 1.62%
iter 6283: loss 18.8341, time 414.70ms, mfu 1.63%
iter 6284: loss 18.9022, time 390.61ms, mfu 1.65%
iter 6285: loss 20.0223, time 501.25ms, mfu 1.63%
iter 6286: loss 18.6624, time 423.18ms, mfu 1.64%
iter 6287: loss 19.8159, time 474.21ms, mfu 1.62%
iter 6288: loss 19.2078, time 446.07ms, mfu 1.62%
iter 6289: loss 19.5600, time 382.49ms, mfu 1.65%
iter 6290: loss 19.1520, time 378.37ms, mfu 1.67%
iter 6291: loss 19.0963, time 322.72ms, mfu 1.73%
iter 6292: loss 18.0348, time 552.78ms, mfu 1.68%
iter 6293: loss 19.7587, time 286.38ms, mfu 1.77%
iter 6294: loss 18.5262, time 397.89ms, mfu 1.77%
iter 6295: loss 18.8146, time 442.53ms, mfu 1.75%
iter 6296: loss 19.5487, time 582.26ms, mfu 1.70%
iter 6297: loss 18.3095, time 552.15ms, mfu 1.66%
iter 6298: loss 19.4554, time 343.51ms, mfu 1.70%
iter 6299: loss 18.9952, time 417.35ms, mfu 1.70%
iter 6300: loss 19.1270, time 736.06ms, mfu 1.63%
  === DIAG iter 6300 ===
  loss breakdown: text 0.2203 | num 3.7813 (lambda=5.0, mode=bins)
  grads: total 1.0000, transformer 0.1600, adapter 0.9849, num_head 0.0655
  nums: 935/3072 tokens (30.4%)
  lr: 4.67e-04
  layer_weights: [L0:0.059 L1:0.059 L2:0.060 L3:0.061 L4:0.070 L5:0.069 L6:0.095 L7:0.105 L8:0.104 L9:0.109 L10:0.109 L11:0.100]
iter 6301: loss 18.9304, time 209.61ms, mfu 1.81%
iter 6302: loss 19.2121, time 364.81ms, mfu 1.83%
iter 6303: loss 18.9326, time 378.82ms, mfu 1.83%
iter 6304: loss 20.2597, time 433.73ms, mfu 1.81%
iter 6305: loss 18.6457, time 488.41ms, mfu 1.78%
iter 6306: loss 18.7272, time 627.14ms, mfu 1.72%
iter 6307: loss 18.8306, time 325.57ms, mfu 1.76%
iter 6308: loss 19.3078, time 397.40ms, mfu 1.77%
iter 6309: loss 19.2637, time 468.00ms, mfu 1.74%
iter 6310: loss 19.7675, time 471.36ms, mfu 1.72%
iter 6311: loss 19.0563, time 494.78ms, mfu 1.69%
iter 6312: loss 19.0963, time 343.36ms, mfu 1.73%
iter 6313: loss 19.6193, time 433.86ms, mfu 1.73%
iter 6314: loss 19.5979, time 340.90ms, mfu 1.76%
iter 6315: loss 18.9861, time 520.27ms, mfu 1.72%
iter 6316: loss 19.3004, time 360.29ms, mfu 1.75%
iter 6317: loss 18.6404, time 509.55ms, mfu 1.72%
iter 6318: loss 19.0030, time 337.52ms, mfu 1.76%
iter 6319: loss 19.6524, time 476.94ms, mfu 1.73%
iter 6320: loss 19.7155, time 302.71ms, mfu 1.80%
iter 6321: loss 19.4642, time 494.42ms, mfu 1.76%
iter 6322: loss 19.3434, time 349.52ms, mfu 1.79%
iter 6323: loss 18.4681, time 408.48ms, mfu 1.79%
iter 6324: loss 19.0753, time 386.86ms, mfu 1.79%
iter 6325: loss 19.2097, time 696.52ms, mfu 1.72%
iter 6326: loss 19.1962, time 338.07ms, mfu 1.76%
iter 6327: loss 18.8202, time 497.92ms, mfu 1.72%
iter 6328: loss 18.8581, time 419.94ms, mfu 1.72%
iter 6329: loss 19.2652, time 559.08ms, mfu 1.68%
iter 6330: loss 18.6576, time 371.30ms, mfu 1.70%
iter 6331: loss 18.6260, time 391.12ms, mfu 1.72%
iter 6332: loss 19.0338, time 449.99ms, mfu 1.70%
iter 6333: loss 18.6655, time 416.98ms, mfu 1.71%
iter 6334: loss 19.1865, time 423.03ms, mfu 1.70%
iter 6335: loss 19.4314, time 558.47ms, mfu 1.66%
iter 6336: loss 20.2543, time 421.61ms, mfu 1.67%
iter 6337: loss 18.8328, time 437.46ms, mfu 1.66%
iter 6338: loss 19.1950, time 358.30ms, mfu 1.70%
iter 6339: loss 19.3666, time 450.89ms, mfu 1.69%
iter 6340: loss 18.7253, time 364.44ms, mfu 1.71%
iter 6341: loss 18.9117, time 430.41ms, mfu 1.71%
iter 6342: loss 19.5098, time 398.74ms, mfu 1.72%
iter 6343: loss 18.7295, time 414.15ms, mfu 1.72%
iter 6344: loss 18.6061, time 456.26ms, mfu 1.70%
iter 6345: loss 19.2906, time 429.40ms, mfu 1.70%
iter 6346: loss 18.6581, time 532.88ms, mfu 1.67%
iter 6347: loss 20.1227, time 383.88ms, mfu 1.69%
iter 6348: loss 19.1947, time 451.58ms, mfu 1.68%
iter 6349: loss 19.0646, time 490.26ms, mfu 1.65%
iter 6350: loss 18.9466, time 402.77ms, mfu 1.67%
iter 6351: loss 19.4479, time 308.23ms, mfu 1.73%
iter 6352: loss 19.7768, time 580.76ms, mfu 1.68%
iter 6353: loss 20.0035, time 545.18ms, mfu 1.65%
iter 6354: loss 18.1384, time 527.17ms, mfu 1.62%
iter 6355: loss 19.3040, time 421.44ms, mfu 1.63%
iter 6356: loss 18.7961, time 405.49ms, mfu 1.64%
iter 6357: loss 18.0763, time 400.50ms, mfu 1.65%
iter 6358: loss 19.5569, time 532.57ms, mfu 1.62%
iter 6359: loss 18.7928, time 408.04ms, mfu 1.64%
iter 6360: loss 18.9758, time 381.70ms, mfu 1.66%
iter 6361: loss 19.7190, time 379.54ms, mfu 1.68%
iter 6362: loss 18.6798, time 388.26ms, mfu 1.70%
iter 6363: loss 19.7051, time 396.00ms, mfu 1.71%
iter 6364: loss 19.1354, time 587.11ms, mfu 1.66%
iter 6365: loss 18.9999, time 350.36ms, mfu 1.70%
iter 6366: loss 19.7199, time 406.72ms, mfu 1.71%
iter 6367: loss 18.0035, time 316.19ms, mfu 1.76%
iter 6368: loss 18.4465, time 535.66ms, mfu 1.72%
iter 6369: loss 19.1881, time 360.28ms, mfu 1.75%
iter 6370: loss 18.6001, time 403.40ms, mfu 1.75%
iter 6371: loss 18.7901, time 357.95ms, mfu 1.77%
iter 6372: loss 19.3949, time 322.47ms, mfu 1.82%
iter 6373: loss 19.6522, time 453.69ms, mfu 1.80%
iter 6374: loss 19.3886, time 433.61ms, mfu 1.78%
iter 6375: loss 19.8022, time 425.14ms, mfu 1.77%
iter 6376: loss 19.3498, time 369.48ms, mfu 1.79%
iter 6377: loss 19.4436, time 461.47ms, mfu 1.76%
iter 6378: loss 19.0732, time 335.46ms, mfu 1.80%
iter 6379: loss 18.4394, time 353.48ms, mfu 1.82%
iter 6380: loss 18.2043, time 372.09ms, mfu 1.83%
iter 6381: loss 19.8831, time 513.87ms, mfu 1.79%
iter 6382: loss 18.4074, time 446.11ms, mfu 1.77%
iter 6383: loss 18.9314, time 530.66ms, mfu 1.73%
iter 6384: loss 19.1116, time 481.65ms, mfu 1.71%
iter 6385: loss 19.5311, time 499.38ms, mfu 1.68%
iter 6386: loss 19.5225, time 412.30ms, mfu 1.68%
iter 6387: loss 19.0386, time 334.88ms, mfu 1.73%
iter 6388: loss 19.2081, time 398.88ms, mfu 1.74%
iter 6389: loss 19.2298, time 432.81ms, mfu 1.73%
iter 6390: loss 19.5217, time 448.92ms, mfu 1.72%
iter 6391: loss 18.3965, time 428.22ms, mfu 1.71%
iter 6392: loss 18.9536, time 519.84ms, mfu 1.68%
iter 6393: loss 19.5354, time 455.22ms, mfu 1.67%
iter 6394: loss 18.6710, time 365.08ms, mfu 1.70%
iter 6395: loss 18.5457, time 588.02ms, mfu 1.65%
iter 6396: loss 19.2281, time 325.70ms, mfu 1.70%
iter 6397: loss 19.0542, time 439.15ms, mfu 1.70%
iter 6398: loss 19.2461, time 450.72ms, mfu 1.69%
iter 6399: loss 18.8210, time 344.87ms, mfu 1.73%
iter 6400: loss 18.0696, time 669.66ms, mfu 1.66%
  === DIAG iter 6400 ===
  loss breakdown: text 0.2303 | num 3.5679 (lambda=5.0, mode=bins)
  grads: total 1.0000, transformer 0.1327, adapter 0.9889, num_head 0.0664
  nums: 908/3072 tokens (29.6%)
  lr: 4.61e-04
  layer_weights: [L0:0.059 L1:0.059 L2:0.059 L3:0.061 L4:0.070 L5:0.068 L6:0.095 L7:0.105 L8:0.104 L9:0.110 L10:0.110 L11:0.101]
iter 6401: loss 19.0706, time 248.07ms, mfu 1.78%
iter 6402: loss 18.7796, time 399.11ms, mfu 1.78%
iter 6403: loss 18.5920, time 342.93ms, mfu 1.81%
iter 6404: loss 18.6592, time 533.58ms, mfu 1.77%
iter 6405: loss 19.4645, time 433.73ms, mfu 1.76%
iter 6406: loss 19.2241, time 377.42ms, mfu 1.77%
iter 6407: loss 18.9723, time 508.54ms, mfu 1.73%
iter 6408: loss 19.0551, time 391.08ms, mfu 1.74%
iter 6409: loss 18.2819, time 298.59ms, mfu 1.81%
iter 6410: loss 18.6318, time 490.10ms, mfu 1.77%
iter 6411: loss 19.0157, time 319.56ms, mfu 1.82%
iter 6412: loss 18.7684, time 491.61ms, mfu 1.78%
iter 6413: loss 18.9036, time 381.72ms, mfu 1.79%
iter 6414: loss 19.4949, time 566.95ms, mfu 1.74%
iter 6415: loss 18.4062, time 490.04ms, mfu 1.71%
iter 6416: loss 18.8381, time 319.34ms, mfu 1.77%
iter 6417: loss 20.0121, time 445.83ms, mfu 1.75%
iter 6418: loss 18.9597, time 435.62ms, mfu 1.74%
iter 6419: loss 18.9133, time 504.27ms, mfu 1.71%
iter 6420: loss 19.6319, time 496.08ms, mfu 1.68%
iter 6421: loss 18.7362, time 341.66ms, mfu 1.72%
iter 6422: loss 19.3989, time 463.19ms, mfu 1.71%
iter 6423: loss 18.2687, time 271.26ms, mfu 1.80%
iter 6424: loss 19.4602, time 482.14ms, mfu 1.77%
iter 6425: loss 19.0563, time 399.10ms, mfu 1.77%
iter 6426: loss 19.1744, time 452.51ms, mfu 1.75%
iter 6427: loss 18.9632, time 567.10ms, mfu 1.70%
iter 6428: loss 19.5138, time 504.45ms, mfu 1.67%
iter 6429: loss 19.2095, time 425.30ms, mfu 1.68%
iter 6430: loss 19.1671, time 373.88ms, mfu 1.70%
iter 6431: loss 20.4344, time 458.10ms, mfu 1.69%
iter 6432: loss 18.7746, time 481.91ms, mfu 1.67%
iter 6433: loss 19.3630, time 539.84ms, mfu 1.63%
iter 6434: loss 19.0269, time 408.61ms, mfu 1.64%
iter 6435: loss 18.6589, time 443.82ms, mfu 1.64%
iter 6436: loss 19.0432, time 416.08ms, mfu 1.65%
iter 6437: loss 19.2568, time 370.25ms, mfu 1.68%
iter 6438: loss 19.1042, time 500.46ms, mfu 1.65%
iter 6439: loss 18.4867, time 442.62ms, mfu 1.65%
iter 6440: loss 18.7530, time 355.69ms, mfu 1.69%
iter 6441: loss 19.3931, time 282.59ms, mfu 1.77%
iter 6442: loss 19.4027, time 496.11ms, mfu 1.74%
iter 6443: loss 18.2822, time 393.72ms, mfu 1.75%
iter 6444: loss 18.7347, time 498.07ms, mfu 1.72%
iter 6445: loss 19.1334, time 387.87ms, mfu 1.73%
iter 6446: loss 19.0997, time 452.68ms, mfu 1.71%
iter 6447: loss 19.5710, time 433.36ms, mfu 1.71%
iter 6448: loss 19.0922, time 364.83ms, mfu 1.73%
iter 6449: loss 19.2400, time 368.09ms, mfu 1.76%
iter 6450: loss 19.3854, time 512.52ms, mfu 1.72%
iter 6451: loss 19.1197, time 449.28ms, mfu 1.71%
iter 6452: loss 19.0986, time 389.53ms, mfu 1.72%
iter 6453: loss 19.5217, time 402.76ms, mfu 1.73%
iter 6454: loss 19.0494, time 544.15ms, mfu 1.69%
iter 6455: loss 18.7400, time 502.09ms, mfu 1.66%
iter 6456: loss 19.8278, time 475.33ms, mfu 1.64%
iter 6457: loss 17.5663, time 402.57ms, mfu 1.66%
iter 6458: loss 18.6982, time 348.76ms, mfu 1.70%
iter 6459: loss 18.7945, time 433.97ms, mfu 1.69%
iter 6460: loss 19.6586, time 567.07ms, mfu 1.65%
iter 6461: loss 18.3371, time 478.60ms, mfu 1.63%
iter 6462: loss 18.3773, time 480.92ms, mfu 1.62%
iter 6463: loss 19.0499, time 303.11ms, mfu 1.69%
iter 6464: loss 19.0043, time 446.32ms, mfu 1.69%
iter 6465: loss 18.4740, time 307.42ms, mfu 1.75%
iter 6466: loss 19.6299, time 313.48ms, mfu 1.80%
iter 6467: loss 19.2274, time 431.74ms, mfu 1.79%
iter 6468: loss 18.3599, time 470.08ms, mfu 1.76%
iter 6469: loss 19.0322, time 435.59ms, mfu 1.75%
iter 6470: loss 18.5645, time 431.17ms, mfu 1.74%
iter 6471: loss 18.5947, time 556.40ms, mfu 1.70%
iter 6472: loss 18.8143, time 428.11ms, mfu 1.69%
iter 6473: loss 18.8765, time 435.14ms, mfu 1.69%
iter 6474: loss 18.3809, time 263.26ms, mfu 1.79%
iter 6475: loss 18.9993, time 346.70ms, mfu 1.82%
iter 6476: loss 19.1733, time 374.06ms, mfu 1.83%
iter 6477: loss 18.0928, time 431.06ms, mfu 1.81%
iter 6478: loss 19.0175, time 458.05ms, mfu 1.79%
iter 6479: loss 18.8758, time 441.37ms, mfu 1.77%
iter 6480: loss 18.9211, time 487.23ms, mfu 1.74%
iter 6481: loss 17.9954, time 306.37ms, mfu 1.80%
iter 6482: loss 18.0905, time 512.26ms, mfu 1.76%
iter 6483: loss 19.1035, time 468.99ms, mfu 1.74%
iter 6484: loss 18.3760, time 405.76ms, mfu 1.74%
iter 6485: loss 19.7432, time 465.03ms, mfu 1.72%
iter 6486: loss 18.8823, time 332.63ms, mfu 1.76%
iter 6487: loss 19.1422, time 335.64ms, mfu 1.80%
iter 6488: loss 18.5532, time 360.49ms, mfu 1.82%
iter 6489: loss 18.8943, time 509.14ms, mfu 1.78%
iter 6490: loss 20.0477, time 340.88ms, mfu 1.81%
iter 6491: loss 18.4931, time 385.76ms, mfu 1.82%
iter 6492: loss 18.7126, time 385.12ms, mfu 1.82%
iter 6493: loss 19.2090, time 294.76ms, mfu 1.88%
iter 6494: loss 18.8203, time 582.88ms, mfu 1.82%
iter 6495: loss 19.1359, time 359.39ms, mfu 1.83%
iter 6496: loss 19.9547, time 348.41ms, mfu 1.86%
iter 6497: loss 18.2140, time 399.10ms, mfu 1.85%
iter 6498: loss 18.6121, time 447.20ms, mfu 1.83%
iter 6499: loss 18.3820, time 387.68ms, mfu 1.83%
iter 6500: loss 19.5363, time 563.52ms, mfu 1.77%
  === DIAG iter 6500 ===
  loss breakdown: text 0.2375 | num 3.8598 (lambda=5.0, mode=bins)
  grads: total 1.0000, transformer 0.5915, adapter 0.7895, num_head 0.1638
  nums: 854/3072 tokens (27.8%)
  lr: 4.55e-04
  layer_weights: [L0:0.059 L1:0.058 L2:0.059 L3:0.060 L4:0.069 L5:0.068 L6:0.095 L7:0.105 L8:0.104 L9:0.111 L10:0.111 L11:0.101]
iter 6501: loss 19.5659, time 209.13ms, mfu 1.94%
iter 6502: loss 19.4367, time 364.67ms, mfu 1.94%
iter 6503: loss 18.9884, time 293.97ms, mfu 1.99%
iter 6504: loss 18.3485, time 417.37ms, mfu 1.96%
iter 6505: loss 19.4034, time 578.41ms, mfu 1.89%
iter 6506: loss 19.1188, time 603.21ms, mfu 1.82%
iter 6507: loss 18.4681, time 375.14ms, mfu 1.83%
iter 6508: loss 19.1205, time 333.54ms, mfu 1.86%
iter 6509: loss 19.0878, time 401.60ms, mfu 1.85%
iter 6510: loss 20.2244, time 474.67ms, mfu 1.82%
iter 6511: loss 19.3896, time 469.36ms, mfu 1.79%
iter 6512: loss 18.2090, time 467.80ms, mfu 1.76%
iter 6513: loss 19.2339, time 443.37ms, mfu 1.75%
iter 6514: loss 18.4871, time 573.31ms, mfu 1.70%
iter 6515: loss 17.6507, time 327.39ms, mfu 1.75%
iter 6516: loss 18.9020, time 470.70ms, mfu 1.73%
iter 6517: loss 19.0063, time 430.29ms, mfu 1.72%
iter 6518: loss 19.5277, time 328.64ms, mfu 1.77%
iter 6519: loss 19.6887, time 414.41ms, mfu 1.76%
iter 6520: loss 18.7613, time 416.40ms, mfu 1.76%
iter 6521: loss 18.6264, time 408.91ms, mfu 1.76%
iter 6522: loss 19.0316, time 324.14ms, mfu 1.80%
iter 6523: loss 19.0626, time 491.31ms, mfu 1.77%
iter 6524: loss 19.5848, time 473.78ms, mfu 1.74%
iter 6525: loss 18.5531, time 522.05ms, mfu 1.71%
iter 6526: loss 18.4641, time 341.18ms, mfu 1.74%
iter 6527: loss 18.9658, time 359.46ms, mfu 1.77%
iter 6528: loss 18.7207, time 452.88ms, mfu 1.75%
iter 6529: loss 18.5315, time 401.69ms, mfu 1.75%
iter 6530: loss 19.9190, time 408.30ms, mfu 1.75%
iter 6531: loss 18.8218, time 359.96ms, mfu 1.78%
iter 6532: loss 18.6225, time 461.10ms, mfu 1.76%
iter 6533: loss 18.7541, time 452.37ms, mfu 1.74%
iter 6534: loss 20.2958, time 402.99ms, mfu 1.74%
iter 6535: loss 20.0384, time 484.54ms, mfu 1.72%
iter 6536: loss 18.7512, time 391.35ms, mfu 1.73%
iter 6537: loss 18.1603, time 522.10ms, mfu 1.69%
iter 6538: loss 18.8828, time 535.72ms, mfu 1.66%
iter 6539: loss 19.2481, time 436.47ms, mfu 1.65%
iter 6540: loss 18.7941, time 623.91ms, mfu 1.60%
iter 6541: loss 18.8423, time 367.75ms, mfu 1.64%
iter 6542: loss 19.2630, time 479.22ms, mfu 1.62%
iter 6543: loss 18.6937, time 397.39ms, mfu 1.64%
iter 6544: loss 19.4662, time 383.33ms, mfu 1.66%
iter 6545: loss 19.4478, time 337.70ms, mfu 1.71%
iter 6546: loss 18.9465, time 380.12ms, mfu 1.73%
iter 6547: loss 18.4614, time 339.83ms, mfu 1.77%
iter 6548: loss 18.2673, time 411.70ms, mfu 1.76%
iter 6549: loss 19.1039, time 482.50ms, mfu 1.74%
iter 6550: loss 18.8710, time 346.41ms, mfu 1.77%
iter 6551: loss 18.8963, time 463.82ms, mfu 1.75%
iter 6552: loss 19.2073, time 308.59ms, mfu 1.80%
iter 6553: loss 19.8410, time 482.86ms, mfu 1.77%
iter 6554: loss 18.8610, time 432.84ms, mfu 1.76%
iter 6555: loss 18.8505, time 481.45ms, mfu 1.73%
iter 6556: loss 19.1010, time 614.24ms, mfu 1.68%
iter 6557: loss 18.8946, time 315.69ms, mfu 1.74%
iter 6558: loss 19.3463, time 438.38ms, mfu 1.73%
iter 6559: loss 18.8891, time 413.40ms, mfu 1.73%
iter 6560: loss 18.4809, time 420.25ms, mfu 1.72%
iter 6561: loss 19.5216, time 349.48ms, mfu 1.76%
iter 6562: loss 19.7782, time 458.81ms, mfu 1.74%
iter 6563: loss 17.9399, time 402.35ms, mfu 1.74%
iter 6564: loss 18.4117, time 501.00ms, mfu 1.71%
iter 6565: loss 18.2557, time 497.48ms, mfu 1.68%
iter 6566: loss 19.4471, time 523.00ms, mfu 1.65%
iter 6567: loss 19.1127, time 492.23ms, mfu 1.63%
iter 6568: loss 18.2134, time 469.00ms, mfu 1.62%
iter 6569: loss 18.6465, time 321.90ms, mfu 1.68%
iter 6570: loss 19.2192, time 647.63ms, mfu 1.62%
iter 6571: loss 18.7771, time 384.41ms, mfu 1.65%
iter 6572: loss 19.7285, time 399.83ms, mfu 1.66%
iter 6573: loss 19.3073, time 418.21ms, mfu 1.67%
iter 6574: loss 19.0576, time 474.76ms, mfu 1.65%
iter 6575: loss 19.0324, time 514.40ms, mfu 1.63%
iter 6576: loss 18.9329, time 406.17ms, mfu 1.64%
iter 6577: loss 20.3868, time 428.13ms, mfu 1.64%
iter 6578: loss 18.3999, time 488.34ms, mfu 1.63%
iter 6579: loss 19.4896, time 609.28ms, mfu 1.58%
iter 6580: loss 19.2878, time 479.27ms, mfu 1.57%
iter 6581: loss 18.4252, time 478.33ms, mfu 1.56%
iter 6582: loss 19.3337, time 362.65ms, mfu 1.61%
iter 6583: loss 19.1006, time 340.23ms, mfu 1.66%
iter 6584: loss 19.5583, time 364.02ms, mfu 1.69%
iter 6585: loss 18.2350, time 399.67ms, mfu 1.70%
iter 6586: loss 18.9253, time 502.06ms, mfu 1.67%
iter 6587: loss 18.0950, time 298.04ms, mfu 1.74%
iter 6588: loss 19.0101, time 499.17ms, mfu 1.71%
iter 6589: loss 19.3914, time 552.58ms, mfu 1.67%
iter 6590: loss 18.1318, time 415.61ms, mfu 1.68%
iter 6591: loss 18.7342, time 457.94ms, mfu 1.67%
iter 6592: loss 19.3217, time 353.40ms, mfu 1.70%
iter 6593: loss 19.0742, time 392.75ms, mfu 1.71%
iter 6594: loss 18.1269, time 490.72ms, mfu 1.69%
iter 6595: loss 19.0124, time 375.50ms, mfu 1.71%
iter 6596: loss 18.8773, time 429.92ms, mfu 1.71%
iter 6597: loss 19.2803, time 390.67ms, mfu 1.72%
iter 6598: loss 19.0060, time 428.83ms, mfu 1.71%
iter 6599: loss 19.5242, time 287.53ms, mfu 1.79%
iter 6600: loss 18.7948, time 664.24ms, mfu 1.72%
  === DIAG iter 6600 ===
  loss breakdown: text 0.2173 | num 3.7155 (lambda=5.0, mode=bins)
  grads: total 1.0000, transformer 0.2472, adapter 0.9652, num_head 0.0857
  nums: 876/3072 tokens (28.5%)
  lr: 4.50e-04
  layer_weights: [L0:0.058 L1:0.058 L2:0.058 L3:0.060 L4:0.069 L5:0.067 L6:0.094 L7:0.105 L8:0.105 L9:0.111 L10:0.112 L11:0.102]
iter 6601: loss 18.0936, time 236.53ms, mfu 1.85%
iter 6602: loss 19.1548, time 503.07ms, mfu 1.81%
iter 6603: loss 18.6763, time 493.15ms, mfu 1.77%
iter 6604: loss 19.6636, time 348.57ms, mfu 1.80%
iter 6605: loss 19.9259, time 398.95ms, mfu 1.80%
iter 6606: loss 18.2976, time 388.92ms, mfu 1.80%
iter 6607: loss 17.9361, time 535.25ms, mfu 1.76%
iter 6608: loss 19.2003, time 459.02ms, mfu 1.74%
iter 6609: loss 19.0791, time 263.15ms, mfu 1.84%
iter 6610: loss 18.0170, time 526.00ms, mfu 1.79%
iter 6611: loss 19.6353, time 375.63ms, mfu 1.80%
iter 6612: loss 18.7886, time 564.55ms, mfu 1.75%
iter 6613: loss 18.9255, time 402.60ms, mfu 1.75%
iter 6614: loss 19.2545, time 343.75ms, mfu 1.78%
iter 6615: loss 18.8692, time 504.60ms, mfu 1.75%
iter 6616: loss 18.7294, time 366.01ms, mfu 1.77%
iter 6617: loss 19.2940, time 418.78ms, mfu 1.76%
iter 6618: loss 18.6849, time 560.59ms, mfu 1.71%
iter 6619: loss 18.7517, time 387.41ms, mfu 1.73%
iter 6620: loss 19.9422, time 453.81ms, mfu 1.71%
iter 6621: loss 18.9874, time 379.46ms, mfu 1.73%
iter 6622: loss 18.6074, time 557.67ms, mfu 1.69%
iter 6623: loss 18.5281, time 515.19ms, mfu 1.66%
iter 6624: loss 18.6446, time 398.44ms, mfu 1.67%
iter 6625: loss 18.6286, time 335.13ms, mfu 1.72%
iter 6626: loss 17.8459, time 446.96ms, mfu 1.71%
iter 6627: loss 18.8362, time 469.74ms, mfu 1.69%
iter 6628: loss 18.5592, time 425.50ms, mfu 1.69%
iter 6629: loss 18.8205, time 465.85ms, mfu 1.67%
iter 6630: loss 18.8436, time 517.36ms, mfu 1.64%
iter 6631: loss 19.2666, time 419.00ms, mfu 1.65%
iter 6632: loss 19.5669, time 436.84ms, mfu 1.65%
iter 6633: loss 19.2504, time 469.90ms, mfu 1.64%
iter 6634: loss 18.5206, time 404.57ms, mfu 1.65%
iter 6635: loss 19.0071, time 366.69ms, mfu 1.68%
iter 6636: loss 18.1889, time 456.93ms, mfu 1.67%
iter 6637: loss 18.9217, time 403.92ms, mfu 1.68%
iter 6638: loss 19.6630, time 365.48ms, mfu 1.71%
iter 6639: loss 19.1391, time 454.50ms, mfu 1.69%
iter 6640: loss 18.4294, time 453.61ms, mfu 1.68%
iter 6641: loss 19.4108, time 407.44ms, mfu 1.69%
iter 6642: loss 18.6189, time 585.19ms, mfu 1.64%
iter 6643: loss 19.0840, time 399.51ms, mfu 1.66%
iter 6644: loss 19.5672, time 546.51ms, mfu 1.62%
iter 6645: loss 18.6195, time 524.42ms, mfu 1.60%
iter 6646: loss 19.6912, time 411.19ms, mfu 1.61%
iter 6647: loss 17.7948, time 418.69ms, mfu 1.62%
iter 6648: loss 18.4342, time 343.37ms, mfu 1.67%
iter 6649: loss 18.7789, time 607.89ms, mfu 1.62%
iter 6650: loss 19.7752, time 350.88ms, mfu 1.66%
iter 6651: loss 19.0714, time 425.98ms, mfu 1.66%
iter 6652: loss 19.6980, time 399.02ms, mfu 1.68%
iter 6653: loss 18.8917, time 345.39ms, mfu 1.72%
iter 6654: loss 18.8598, time 642.55ms, mfu 1.66%
iter 6655: loss 18.6835, time 235.89ms, mfu 1.79%
iter 6656: loss 18.7677, time 405.46ms, mfu 1.79%
iter 6657: loss 19.4870, time 528.21ms, mfu 1.75%
iter 6658: loss 19.2073, time 512.78ms, mfu 1.71%
iter 6659: loss 18.1065, time 387.35ms, mfu 1.73%
iter 6660: loss 18.3455, time 425.67ms, mfu 1.72%
iter 6661: loss 18.6715, time 401.08ms, mfu 1.73%
iter 6662: loss 19.8293, time 267.32ms, mfu 1.82%
iter 6663: loss 18.1567, time 525.03ms, mfu 1.78%
iter 6664: loss 18.1549, time 402.27ms, mfu 1.78%
iter 6665: loss 19.0353, time 406.56ms, mfu 1.78%
iter 6666: loss 19.2008, time 490.79ms, mfu 1.75%
iter 6667: loss 19.3089, time 545.05ms, mfu 1.70%
iter 6668: loss 19.3521, time 430.58ms, mfu 1.70%
iter 6669: loss 18.7926, time 253.85ms, mfu 1.81%
iter 6670: loss 19.4550, time 383.43ms, mfu 1.82%
iter 6671: loss 19.8131, time 426.50ms, mfu 1.80%
iter 6672: loss 18.4641, time 419.75ms, mfu 1.79%
iter 6673: loss 20.3192, time 555.28ms, mfu 1.74%
iter 6674: loss 19.0405, time 449.42ms, mfu 1.73%
iter 6675: loss 19.4199, time 399.35ms, mfu 1.73%
iter 6676: loss 18.3248, time 395.06ms, mfu 1.74%
iter 6677: loss 18.1162, time 402.47ms, mfu 1.75%
iter 6678: loss 18.8952, time 291.15ms, mfu 1.82%
iter 6679: loss 19.0147, time 493.66ms, mfu 1.78%
iter 6680: loss 19.7259, time 481.20ms, mfu 1.75%
iter 6681: loss 18.9453, time 389.99ms, mfu 1.76%
iter 6682: loss 18.4232, time 413.01ms, mfu 1.76%
iter 6683: loss 18.8556, time 425.53ms, mfu 1.75%
iter 6684: loss 18.6075, time 540.49ms, mfu 1.71%
iter 6685: loss 19.8370, time 476.55ms, mfu 1.69%
iter 6686: loss 18.8665, time 295.14ms, mfu 1.76%
iter 6687: loss 18.9636, time 485.47ms, mfu 1.73%
iter 6688: loss 19.0870, time 482.98ms, mfu 1.71%
iter 6689: loss 19.1925, time 489.63ms, mfu 1.68%
iter 6690: loss 18.5659, time 528.21ms, mfu 1.65%
iter 6691: loss 19.9422, time 391.92ms, mfu 1.67%
iter 6692: loss 18.9082, time 467.01ms, mfu 1.66%
iter 6693: loss 18.9550, time 425.19ms, mfu 1.66%
iter 6694: loss 18.8942, time 472.67ms, mfu 1.64%
iter 6695: loss 18.7981, time 503.18ms, mfu 1.62%
iter 6696: loss 18.6828, time 321.00ms, mfu 1.68%
iter 6697: loss 18.6781, time 463.30ms, mfu 1.67%
iter 6698: loss 18.8977, time 454.75ms, mfu 1.66%
iter 6699: loss 19.2948, time 422.12ms, mfu 1.66%
iter 6700: loss 18.3690, time 598.04ms, mfu 1.62%
  === DIAG iter 6700 ===
  loss breakdown: text 0.2095 | num 3.6319 (lambda=5.0, mode=bins)
  grads: total 1.0000, transformer 0.2522, adapter 0.9633, num_head 0.0916
  nums: 858/3072 tokens (27.9%)
  lr: 4.44e-04
  layer_weights: [L0:0.058 L1:0.058 L2:0.058 L3:0.059 L4:0.068 L5:0.066 L6:0.094 L7:0.105 L8:0.105 L9:0.112 L10:0.113 L11:0.103]
iter 6701: loss 18.3691, time 250.63ms, mfu 1.74%
iter 6702: loss 19.2520, time 390.69ms, mfu 1.75%
iter 6703: loss 19.1229, time 462.40ms, mfu 1.73%
iter 6704: loss 19.6373, time 483.06ms, mfu 1.71%
iter 6705: loss 19.5884, time 348.32ms, mfu 1.74%
iter 6706: loss 19.2932, time 524.00ms, mfu 1.70%
iter 6707: loss 19.2467, time 449.76ms, mfu 1.69%
iter 6708: loss 19.5856, time 435.98ms, mfu 1.69%
iter 6709: loss 19.6114, time 351.56ms, mfu 1.72%
iter 6710: loss 19.4980, time 332.52ms, mfu 1.77%
iter 6711: loss 18.9624, time 370.74ms, mfu 1.78%
iter 6712: loss 18.7108, time 420.72ms, mfu 1.77%
iter 6713: loss 18.6043, time 436.68ms, mfu 1.76%
iter 6714: loss 17.9027, time 483.10ms, mfu 1.73%
iter 6715: loss 18.9144, time 524.82ms, mfu 1.70%
iter 6716: loss 19.8444, time 457.14ms, mfu 1.68%
iter 6717: loss 19.0115, time 438.85ms, mfu 1.68%
iter 6718: loss 19.0602, time 386.10ms, mfu 1.70%
iter 6719: loss 19.6543, time 608.18ms, mfu 1.64%
iter 6720: loss 19.8052, time 369.84ms, mfu 1.67%
iter 6721: loss 19.5801, time 428.70ms, mfu 1.67%
iter 6722: loss 19.4039, time 432.83ms, mfu 1.67%
iter 6723: loss 19.5531, time 368.22ms, mfu 1.70%
iter 6724: loss 18.4148, time 405.54ms, mfu 1.71%
iter 6725: loss 18.8002, time 469.76ms, mfu 1.69%
iter 6726: loss 18.9955, time 364.96ms, mfu 1.72%
iter 6727: loss 20.0114, time 533.68ms, mfu 1.68%
iter 6728: loss 18.8770, time 412.79ms, mfu 1.68%
iter 6729: loss 18.3229, time 493.61ms, mfu 1.66%
iter 6730: loss 19.2010, time 409.90ms, mfu 1.67%
iter 6731: loss 18.9311, time 566.11ms, mfu 1.63%
iter 6732: loss 18.4476, time 308.74ms, mfu 1.70%
iter 6733: loss 19.3098, time 498.62ms, mfu 1.67%
iter 6734: loss 19.4713, time 461.73ms, mfu 1.66%
iter 6735: loss 19.3251, time 367.54ms, mfu 1.69%
iter 6736: loss 18.4571, time 532.61ms, mfu 1.65%
iter 6737: loss 19.3111, time 377.25ms, mfu 1.68%
iter 6738: loss 19.1148, time 432.38ms, mfu 1.68%
iter 6739: loss 19.4100, time 390.14ms, mfu 1.69%
iter 6740: loss 19.2651, time 455.40ms, mfu 1.68%
iter 6741: loss 19.0160, time 443.09ms, mfu 1.67%
iter 6742: loss 17.8372, time 561.27ms, mfu 1.63%
iter 6743: loss 18.9326, time 507.85ms, mfu 1.61%
iter 6744: loss 19.9030, time 547.60ms, mfu 1.58%
srun: Job step aborted: Waiting up to 32 seconds for job step to finish.
W0221 17:03:48.504000 1943196 torch/distributed/elastic/agent/server/api.py:704] Received Signals.SIGTERM death signal, shutting down workers
W0221 17:03:48.504000 1943196 torch/distributed/elastic/multiprocessing/api.py:890] Sending process 1943265 closing signal SIGTERM
W0221 17:03:48.504000 2199561 torch/distributed/elastic/agent/server/api.py:704] Received Signals.SIGTERM death signal, shutting down workers
W0221 17:03:48.504000 1943196 torch/distributed/elastic/multiprocessing/api.py:890] Sending process 1943266 closing signal SIGTERM
slurmstepd: error: *** STEP 77751.0 ON turpancomp0 CANCELLED AT 2026-02-21T17:03:48 ***
W0221 17:03:48.504000 2199561 torch/distributed/elastic/multiprocessing/api.py:890] Sending process 2199630 closing signal SIGTERM
W0221 17:03:48.504000 1224253 torch/distributed/elastic/agent/server/api.py:704] Received Signals.SIGTERM death signal, shutting down workers
W0221 17:03:48.504000 2199561 torch/distributed/elastic/multiprocessing/api.py:890] Sending process 2199631 closing signal SIGTERM
W0221 17:03:48.504000 1224253 torch/distributed/elastic/multiprocessing/api.py:890] Sending process 1224322 closing signal SIGTERM
W0221 17:03:48.504000 1224253 torch/distributed/elastic/multiprocessing/api.py:890] Sending process 1224323 closing signal SIGTERM
slurmstepd: error: *** JOB 77751 ON turpancomp0 CANCELLED AT 2026-02-21T17:03:48 ***
W0221 17:03:48.504000 3882375 torch/distributed/elastic/agent/server/api.py:704] Received Signals.SIGTERM death signal, shutting down workers
W0221 17:03:48.505000 3882375 torch/distributed/elastic/multiprocessing/api.py:890] Sending process 3882445 closing signal SIGTERM
W0221 17:03:48.505000 3882375 torch/distributed/elastic/multiprocessing/api.py:890] Sending process 3882446 closing signal SIGTERM
