Loading gnu/11.2.0
  Loading requirement: binutils/11.2.0
==========================================
GPT-2 SME Training (Number Embeddings)
  Nodes:          4
  GPUs/node:      2
  Total GPUs:     8
  Dataset:        numtasks_sme_vardig_e9_numw2_curr_v1
  Data dir:       /tmpdir/m24047brmn/numbers/data/numtasks_sme_vardig_e9_numw2_curr_v1
  Checkpoint:     /tmpdir/m24047brmn/numbers/checkpoints/np_emb_v8_500k_model.pt
  Max iters:      40000
  Learning rate:  4e-4
  Adapter lr x:   0.5
  Init from:      scratch
  Out dir:        /tmpdir/m24047brmn/numbers/model_checkpoints/sme_vardig_e9_numw2_curr_v1
  Master:         10.158.1.100:38264
==========================================
Error in cpuinfo: prctl(PR_SVE_GET_VL) failed
Error in cpuinfo: prctl(PR_SVE_GET_VL) failed
Error in cpuinfo: prctl(PR_SVE_GET_VL) failed
Error in cpuinfo: prctl(PR_SVE_GET_VL) failed
W0226 00:24:56.824000 2311588 torch/distributed/run.py:793] 
W0226 00:24:56.824000 2311588 torch/distributed/run.py:793] *****************************************
W0226 00:24:56.824000 2311588 torch/distributed/run.py:793] Setting OMP_NUM_THREADS environment variable for each process to be 1 in default, to avoid your system being overloaded, please further tune the variable for optimal performance in your application as needed. 
W0226 00:24:56.824000 2311588 torch/distributed/run.py:793] *****************************************
W0226 00:24:56.912000 3584446 torch/distributed/run.py:793] 
W0226 00:24:56.912000 3584446 torch/distributed/run.py:793] *****************************************
W0226 00:24:56.912000 3584446 torch/distributed/run.py:793] Setting OMP_NUM_THREADS environment variable for each process to be 1 in default, to avoid your system being overloaded, please further tune the variable for optimal performance in your application as needed. 
W0226 00:24:56.912000 3584446 torch/distributed/run.py:793] *****************************************
W0226 00:24:56.973000 3353263 torch/distributed/run.py:793] 
W0226 00:24:56.973000 3353263 torch/distributed/run.py:793] *****************************************
W0226 00:24:56.973000 3353263 torch/distributed/run.py:793] Setting OMP_NUM_THREADS environment variable for each process to be 1 in default, to avoid your system being overloaded, please further tune the variable for optimal performance in your application as needed. 
W0226 00:24:56.973000 3353263 torch/distributed/run.py:793] *****************************************
W0226 00:24:57.050000 232395 torch/distributed/run.py:793] 
W0226 00:24:57.050000 232395 torch/distributed/run.py:793] *****************************************
W0226 00:24:57.050000 232395 torch/distributed/run.py:793] Setting OMP_NUM_THREADS environment variable for each process to be 1 in default, to avoid your system being overloaded, please further tune the variable for optimal performance in your application as needed. 
W0226 00:24:57.050000 232395 torch/distributed/run.py:793] *****************************************
tokens per iteration will be: 122,880
tokens per iteration will be: 122,880
data directory: /tmpdir/m24047brmn/numbers/data/numtasks_sme_vardig_e9_numw2_curr_v1
data directory: /tmpdir/m24047brmn/numbers/data/numtasks_sme_vardig_e9_numw2_curr_v1
tokens per iteration will be: 122,880
data directory: /tmpdir/m24047brmn/numbers/data/numtasks_sme_vardig_e9_numw2_curr_v1
found vocab_size = 50304 (inside /tmpdir/m24047brmn/numbers/data/numtasks_sme_vardig_e9_numw2_curr_v1/meta.pkl)
Initializing a new model from scratch
tokens per iteration will be: 122,880
data directory: /tmpdir/m24047brmn/numbers/data/numtasks_sme_vardig_e9_numw2_curr_v1
found vocab_size = 50304 (inside /tmpdir/m24047brmn/numbers/data/numtasks_sme_vardig_e9_numw2_curr_v1/meta.pkl)
Initializing a new model from scratch
found vocab_size = 50304 (inside /tmpdir/m24047brmn/numbers/data/numtasks_sme_vardig_e9_numw2_curr_v1/meta.pkl)
Initializing a new model from scratch
Error in cpuinfo: prctl(PR_SVE_GET_VL) failed
found vocab_size = 50304 (inside /tmpdir/m24047brmn/numbers/data/numtasks_sme_vardig_e9_numw2_curr_v1/meta.pkl)
Initializing a new model from scratch
Error in cpuinfo: prctl(PR_SVE_GET_VL) failed
Error in cpuinfo: prctl(PR_SVE_GET_VL) failed
Error in cpuinfo: prctl(PR_SVE_GET_VL) failed
tokens per iteration will be: 122,880
tokens per iteration will be: 122,880
data directory: /tmpdir/m24047brmn/numbers/data/numtasks_sme_vardig_e9_numw2_curr_v1
tokens per iteration will be: 122,880
data directory: /tmpdir/m24047brmn/numbers/data/numtasks_sme_vardig_e9_numw2_curr_v1
data directory: /tmpdir/m24047brmn/numbers/data/numtasks_sme_vardig_e9_numw2_curr_v1
found vocab_size = 50304 (inside /tmpdir/m24047brmn/numbers/data/numtasks_sme_vardig_e9_numw2_curr_v1/meta.pkl)
Initializing a new model from scratch
Error in cpuinfo: prctl(PR_SVE_GET_VL) failed
found vocab_size = 50304 (inside /tmpdir/m24047brmn/numbers/data/numtasks_sme_vardig_e9_numw2_curr_v1/meta.pkl)
Initializing a new model from scratch
Error in cpuinfo: prctl(PR_SVE_GET_VL) failed
found vocab_size = 50304 (inside /tmpdir/m24047brmn/numbers/data/numtasks_sme_vardig_e9_numw2_curr_v1/meta.pkl)
Initializing a new model from scratch
Error in cpuinfo: prctl(PR_SVE_GET_VL) failed
tokens per iteration will be: 122,880
data directory: /tmpdir/m24047brmn/numbers/data/numtasks_sme_vardig_e9_numw2_curr_v1
found vocab_size = 50304 (inside /tmpdir/m24047brmn/numbers/data/numtasks_sme_vardig_e9_numw2_curr_v1/meta.pkl)
Initializing a new model from scratch
Error in cpuinfo: prctl(PR_SVE_GET_VL) failed
number of parameters: 22.42M
number of parameters: 22.42M
number of parameters: 22.42M
number of parameters: 22.42M
number of parameters: 22.42M
number of parameters: 22.42M
number of parameters: 22.42M
/work/m24047/m24047brmn/numbers/GPT2/fe/train.py:240: FutureWarning: `torch.cuda.amp.GradScaler(args...)` is deprecated. Please use `torch.amp.GradScaler('cuda', args...)` instead.
  scaler = torch.cuda.amp.GradScaler(enabled=(dtype == 'float16'))
optimizer parameter groups:
  transformer_decay: 50 tensors, 22,380,544 params, weight_decay=0.1, lr_scale=1.0
  transformer_nodecay: 25 tensors, 6,400 params, weight_decay=0.0, lr_scale=1.0
  adapter_decay: 2 tensors, 98,304 params, weight_decay=0.1, lr_scale=0.5
  adapter_nodecay: 2 tensors, 512 params, weight_decay=0.0, lr_scale=0.5
/work/m24047/m24047brmn/numbers/GPT2/fe/train.py:240: FutureWarning: `torch.cuda.amp.GradScaler(args...)` is deprecated. Please use `torch.amp.GradScaler('cuda', args...)` instead.
  scaler = torch.cuda.amp.GradScaler(enabled=(dtype == 'float16'))
optimizer parameter groups:
  transformer_decay: 50 tensors, 22,380,544 params, weight_decay=0.1, lr_scale=1.0
  transformer_nodecay: 25 tensors, 6,400 params, weight_decay=0.0, lr_scale=1.0
  adapter_decay: 2 tensors, 98,304 params, weight_decay=0.1, lr_scale=0.5
  adapter_nodecay: 2 tensors, 512 params, weight_decay=0.0, lr_scale=0.5
/work/m24047/m24047brmn/numbers/GPT2/fe/train.py:240: FutureWarning: `torch.cuda.amp.GradScaler(args...)` is deprecated. Please use `torch.amp.GradScaler('cuda', args...)` instead.
  scaler = torch.cuda.amp.GradScaler(enabled=(dtype == 'float16'))
optimizer parameter groups:
  transformer_decay: 50 tensors, 22,380,544 params, weight_decay=0.1, lr_scale=1.0
  transformer_nodecay: 25 tensors, 6,400 params, weight_decay=0.0, lr_scale=1.0
  adapter_decay: 2 tensors, 98,304 params, weight_decay=0.1, lr_scale=0.5
  adapter_nodecay: 2 tensors, 512 params, weight_decay=0.0, lr_scale=0.5
number of parameters: 22.42M
/work/m24047/m24047brmn/numbers/GPT2/fe/train.py:240: FutureWarning: `torch.cuda.amp.GradScaler(args...)` is deprecated. Please use `torch.amp.GradScaler('cuda', args...)` instead.
  scaler = torch.cuda.amp.GradScaler(enabled=(dtype == 'float16'))
optimizer parameter groups:
  transformer_decay: 50 tensors, 22,380,544 params, weight_decay=0.1, lr_scale=1.0
  transformer_nodecay: 25 tensors, 6,400 params, weight_decay=0.0, lr_scale=1.0
  adapter_decay: 2 tensors, 98,304 params, weight_decay=0.1, lr_scale=0.5
  adapter_nodecay: 2 tensors, 512 params, weight_decay=0.0, lr_scale=0.5
/work/m24047/m24047brmn/numbers/GPT2/fe/train.py:240: FutureWarning: `torch.cuda.amp.GradScaler(args...)` is deprecated. Please use `torch.amp.GradScaler('cuda', args...)` instead.
  scaler = torch.cuda.amp.GradScaler(enabled=(dtype == 'float16'))
optimizer parameter groups:
  transformer_decay: 50 tensors, 22,380,544 params, weight_decay=0.1, lr_scale=1.0
  transformer_nodecay: 25 tensors, 6,400 params, weight_decay=0.0, lr_scale=1.0
  adapter_decay: 2 tensors, 98,304 params, weight_decay=0.1, lr_scale=0.5
  adapter_nodecay: 2 tensors, 512 params, weight_decay=0.0, lr_scale=0.5
/work/m24047/m24047brmn/numbers/GPT2/fe/train.py:240: FutureWarning: `torch.cuda.amp.GradScaler(args...)` is deprecated. Please use `torch.amp.GradScaler('cuda', args...)` instead.
  scaler = torch.cuda.amp.GradScaler(enabled=(dtype == 'float16'))
optimizer parameter groups:
  transformer_decay: 50 tensors, 22,380,544 params, weight_decay=0.1, lr_scale=1.0
  transformer_nodecay: 25 tensors, 6,400 params, weight_decay=0.0, lr_scale=1.0
  adapter_decay: 2 tensors, 98,304 params, weight_decay=0.1, lr_scale=0.5
  adapter_nodecay: 2 tensors, 512 params, weight_decay=0.0, lr_scale=0.5
/work/m24047/m24047brmn/numbers/GPT2/fe/train.py:240: FutureWarning: `torch.cuda.amp.GradScaler(args...)` is deprecated. Please use `torch.amp.GradScaler('cuda', args...)` instead.
  scaler = torch.cuda.amp.GradScaler(enabled=(dtype == 'float16'))
optimizer parameter groups:
  transformer_decay: 50 tensors, 22,380,544 params, weight_decay=0.1, lr_scale=1.0
  transformer_nodecay: 25 tensors, 6,400 params, weight_decay=0.0, lr_scale=1.0
  adapter_decay: 2 tensors, 98,304 params, weight_decay=0.1, lr_scale=0.5
  adapter_nodecay: 2 tensors, 512 params, weight_decay=0.0, lr_scale=0.5
/work/m24047/m24047brmn/numbers/GPT2/fe/train.py:240: FutureWarning: `torch.cuda.amp.GradScaler(args...)` is deprecated. Please use `torch.amp.GradScaler('cuda', args...)` instead.
  scaler = torch.cuda.amp.GradScaler(enabled=(dtype == 'float16'))
optimizer parameter groups:
  transformer_decay: 50 tensors, 22,380,544 params, weight_decay=0.1, lr_scale=1.0
  transformer_nodecay: 25 tensors, 6,400 params, weight_decay=0.0, lr_scale=1.0
  adapter_decay: 2 tensors, 98,304 params, weight_decay=0.1, lr_scale=0.5
  adapter_nodecay: 2 tensors, 512 params, weight_decay=0.0, lr_scale=0.5
using fused AdamW: True
compiling the model... (takes a ~minute)
using fused AdamW: True
compiling the model... (takes a ~minute)
using fused AdamW: True
compiling the model... (takes a ~minute)
using fused AdamW: True
compiling the model... (takes a ~minute)
using fused AdamW: True
compiling the model... (takes a ~minute)
using fused AdamW: True
compiling the model... (takes a ~minute)
using fused AdamW: True
compiling the model... (takes a ~minute)
using fused AdamW: True
compiling the model... (takes a ~minute)
step 0: train loss 10.7690, val loss 10.7586
iter 0: loss 10.7488, time 150321.53ms, mfu -100.00%
  === DIAG iter 0 ===
  loss: 10.7488
  grads: total 1.0000, transformer 0.9984, adapter 0.0569
  <NUM> input tokens: 508/3072 (16.5%)
  lr: base 2.00e-07, adapter 1.00e-07
  SME accuracy: overall 0.015, sign 0.000, exp 0.000, digit 0.022, end 0.000 [d0 0.000 d1 0.021 d2 0.022 d3 0.013 d4 0.015 d5 0.017 d6 0.038 d7 0.044 d8 0.024 d9 0.045 d10 0.048 d11 0.188 d12 0.000 d13 0.000 d14 0.000] (1157 SME tokens)
iter 1: loss 10.7755, time 514.76ms, mfu -100.00%
iter 2: loss 10.7096, time 346.20ms, mfu -100.00%
iter 3: loss 10.7013, time 378.39ms, mfu -100.00%
iter 4: loss 10.6440, time 499.05ms, mfu -100.00%
iter 5: loss 10.6233, time 322.60ms, mfu 2.20%
iter 6: loss 10.6020, time 349.84ms, mfu 2.18%
iter 7: loss 10.5753, time 274.87ms, mfu 2.22%
iter 8: loss 10.4420, time 494.65ms, mfu 2.14%
iter 9: loss 10.4378, time 434.55ms, mfu 2.09%
iter 10: loss 10.3787, time 334.02ms, mfu 2.09%
iter 11: loss 10.3080, time 375.33ms, mfu 2.07%
iter 12: loss 10.2018, time 396.19ms, mfu 2.04%
iter 13: loss 10.1795, time 464.71ms, mfu 1.99%
iter 14: loss 10.0607, time 229.70ms, mfu 2.10%
iter 15: loss 9.9435, time 525.76ms, mfu 2.03%
iter 16: loss 9.9475, time 283.17ms, mfu 2.07%
iter 17: loss 9.8218, time 506.56ms, mfu 2.01%
iter 18: loss 9.7924, time 333.77ms, mfu 2.02%
iter 19: loss 9.7316, time 315.48ms, mfu 2.04%
iter 20: loss 9.7509, time 273.54ms, mfu 2.10%
iter 21: loss 9.5926, time 356.57ms, mfu 2.09%
iter 22: loss 9.5246, time 434.52ms, mfu 2.04%
iter 23: loss 9.3698, time 364.79ms, mfu 2.03%
iter 24: loss 9.4384, time 374.16ms, mfu 2.02%
iter 25: loss 9.3096, time 567.79ms, mfu 1.94%
iter 26: loss 9.2619, time 348.45ms, mfu 1.95%
iter 27: loss 9.2888, time 353.94ms, mfu 1.95%
iter 28: loss 9.1401, time 430.58ms, mfu 1.92%
iter 29: loss 9.0530, time 484.30ms, mfu 1.88%
iter 30: loss 9.1047, time 384.14ms, mfu 1.87%
iter 31: loss 8.9311, time 306.09ms, mfu 1.92%
iter 32: loss 8.8077, time 345.68ms, mfu 1.93%
iter 33: loss 8.8843, time 393.42ms, mfu 1.92%
iter 34: loss 8.7539, time 526.95ms, mfu 1.86%
iter 35: loss 8.7752, time 274.25ms, mfu 1.93%
iter 36: loss 8.6639, time 465.80ms, mfu 1.89%
iter 37: loss 8.8195, time 241.68ms, mfu 2.00%
iter 38: loss 8.5877, time 503.29ms, mfu 1.94%
iter 39: loss 8.7272, time 359.70ms, mfu 1.94%
iter 40: loss 8.5414, time 337.81ms, mfu 1.96%
iter 41: loss 8.5861, time 296.10ms, mfu 2.00%
iter 42: loss 8.5197, time 274.33ms, mfu 2.06%
iter 43: loss 8.4911, time 466.93ms, mfu 2.00%
iter 44: loss 8.4938, time 307.61ms, mfu 2.03%
iter 45: loss 8.4109, time 265.85ms, mfu 2.10%
iter 46: loss 8.4155, time 474.40ms, mfu 2.04%
iter 47: loss 8.2492, time 436.14ms, mfu 2.00%
iter 48: loss 8.2717, time 492.81ms, mfu 1.94%
iter 49: loss 8.2784, time 470.68ms, mfu 1.90%
iter 50: loss 8.1032, time 475.38ms, mfu 1.86%
iter 51: loss 8.3811, time 486.58ms, mfu 1.82%
iter 52: loss 8.2978, time 366.30ms, mfu 1.83%
iter 53: loss 8.2739, time 292.52ms, mfu 1.89%
iter 54: loss 7.9357, time 355.62ms, mfu 1.90%
iter 55: loss 8.0916, time 396.81ms, mfu 1.89%
iter 56: loss 8.1240, time 321.18ms, mfu 1.92%
iter 57: loss 8.1234, time 529.32ms, mfu 1.86%
iter 58: loss 8.1291, time 254.29ms, mfu 1.95%
iter 59: loss 8.0859, time 477.96ms, mfu 1.91%
iter 60: loss 7.9942, time 310.05ms, mfu 1.94%
iter 61: loss 8.0025, time 533.49ms, mfu 1.88%
iter 62: loss 7.6234, time 248.27ms, mfu 1.98%
iter 63: loss 7.7916, time 435.54ms, mfu 1.94%
iter 64: loss 8.0612, time 401.04ms, mfu 1.93%
iter 65: loss 7.9777, time 397.97ms, mfu 1.91%
iter 66: loss 7.8134, time 346.26ms, mfu 1.93%
iter 67: loss 7.7941, time 349.24ms, mfu 1.94%
iter 68: loss 7.8130, time 345.61ms, mfu 1.95%
iter 69: loss 7.8149, time 546.79ms, mfu 1.88%
iter 70: loss 7.8028, time 398.23ms, mfu 1.87%
iter 71: loss 7.7044, time 350.28ms, mfu 1.89%
iter 72: loss 7.7135, time 299.94ms, mfu 1.93%
iter 73: loss 7.6501, time 526.64ms, mfu 1.88%
iter 74: loss 7.7358, time 452.42ms, mfu 1.84%
iter 75: loss 7.7178, time 431.10ms, mfu 1.82%
iter 76: loss 7.7198, time 411.84ms, mfu 1.81%
iter 77: loss 7.5535, time 367.98ms, mfu 1.83%
iter 78: loss 7.5218, time 391.59ms, mfu 1.82%
iter 79: loss 7.6787, time 533.83ms, mfu 1.77%
iter 80: loss 7.4428, time 333.86ms, mfu 1.81%
iter 81: loss 7.6560, time 273.77ms, mfu 1.89%
iter 82: loss 7.7199, time 540.15ms, mfu 1.83%
iter 83: loss 7.6190, time 352.70ms, mfu 1.85%
iter 84: loss 7.5634, time 402.41ms, mfu 1.84%
iter 85: loss 7.6145, time 417.22ms, mfu 1.82%
iter 86: loss 7.5866, time 413.74ms, mfu 1.81%
iter 87: loss 7.4997, time 316.05ms, mfu 1.86%
iter 88: loss 7.5996, time 338.46ms, mfu 1.88%
iter 89: loss 7.4211, time 392.04ms, mfu 1.87%
iter 90: loss 7.4031, time 527.22ms, mfu 1.82%
iter 91: loss 7.4671, time 379.47ms, mfu 1.82%
iter 92: loss 7.3608, time 413.15ms, mfu 1.81%
iter 93: loss 7.5951, time 326.08ms, mfu 1.85%
iter 94: loss 7.3705, time 398.19ms, mfu 1.84%
iter 95: loss 7.3159, time 372.87ms, mfu 1.85%
iter 96: loss 7.3924, time 282.30ms, mfu 1.91%
iter 97: loss 7.2677, time 439.63ms, mfu 1.88%
iter 98: loss 7.4342, time 308.52ms, mfu 1.93%
iter 99: loss 7.3542, time 363.93ms, mfu 1.93%
iter 100: loss 7.3170, time 485.82ms, mfu 1.88%
  === DIAG iter 100 ===
  loss: 7.3170
  grads: total 1.0000, transformer 0.9999, adapter 0.0119
  <NUM> input tokens: 499/3072 (16.2%)
  lr: base 2.02e-05, adapter 1.01e-05
  SME accuracy: overall 0.195, sign 0.000, exp 0.336, digit 0.094, end 0.868 [d0 0.188 d1 0.000 d2 0.042 d3 0.058 d4 0.067 d5 0.058 d6 0.087 d7 0.089 d8 0.171 d9 0.217 d10 0.261 d11 0.158 d12 0.067 d13 0.143 d14 0.000] (1047 SME tokens)
iter 101: loss 7.2221, time 222.93ms, mfu 2.01%
iter 102: loss 7.3738, time 216.25ms, mfu 2.14%
iter 103: loss 7.3340, time 382.14ms, mfu 2.11%
iter 104: loss 7.0873, time 547.39ms, mfu 2.03%
iter 105: loss 7.3307, time 370.03ms, mfu 2.02%
iter 106: loss 7.2105, time 242.19ms, mfu 2.11%
iter 107: loss 7.3014, time 430.49ms, mfu 2.06%
iter 108: loss 7.2320, time 368.66ms, mfu 2.05%
iter 109: loss 7.1987, time 450.95ms, mfu 2.00%
iter 110: loss 7.3000, time 332.65ms, mfu 2.01%
iter 111: loss 7.2622, time 405.13ms, mfu 1.99%
iter 112: loss 7.1275, time 285.06ms, mfu 2.04%
iter 113: loss 7.1602, time 544.85ms, mfu 1.96%
iter 114: loss 7.0275, time 269.10ms, mfu 2.03%
iter 115: loss 7.2127, time 440.17ms, mfu 1.99%
iter 116: loss 7.0405, time 335.89ms, mfu 2.00%
iter 117: loss 7.1408, time 421.08ms, mfu 1.97%
iter 118: loss 7.2903, time 332.14ms, mfu 1.99%
iter 119: loss 7.1240, time 266.52ms, mfu 2.05%
iter 120: loss 7.1234, time 345.83ms, mfu 2.05%
iter 121: loss 7.2050, time 414.10ms, mfu 2.02%
iter 122: loss 7.1448, time 360.64ms, mfu 2.01%
iter 123: loss 7.0740, time 537.56ms, mfu 1.94%
iter 124: loss 7.1405, time 402.11ms, mfu 1.93%
iter 125: loss 7.1889, time 375.01ms, mfu 1.92%
iter 126: loss 6.9505, time 445.13ms, mfu 1.89%
iter 127: loss 7.2255, time 352.41ms, mfu 1.90%
iter 128: loss 6.9958, time 355.62ms, mfu 1.91%
iter 129: loss 7.0046, time 500.82ms, mfu 1.86%
iter 130: loss 6.9915, time 274.26ms, mfu 1.93%
iter 131: loss 6.8679, time 339.20ms, mfu 1.95%
iter 132: loss 6.9385, time 424.86ms, mfu 1.92%
iter 133: loss 6.9233, time 466.97ms, mfu 1.88%
iter 134: loss 7.0362, time 328.79ms, mfu 1.91%
iter 135: loss 6.8044, time 377.67ms, mfu 1.90%
iter 136: loss 6.9145, time 347.05ms, mfu 1.92%
iter 137: loss 6.8286, time 311.52ms, mfu 1.95%
iter 138: loss 6.7775, time 327.70ms, mfu 1.97%
iter 139: loss 6.9390, time 400.38ms, mfu 1.95%
iter 140: loss 6.9389, time 363.38ms, mfu 1.95%
iter 141: loss 6.7219, time 448.75ms, mfu 1.92%
iter 142: loss 6.8637, time 316.09ms, mfu 1.95%
iter 143: loss 6.7842, time 386.29ms, mfu 1.94%
iter 144: loss 6.9421, time 371.72ms, mfu 1.93%
iter 145: loss 6.9324, time 336.64ms, mfu 1.95%
iter 146: loss 6.8851, time 290.76ms, mfu 2.00%
iter 147: loss 6.7158, time 344.54ms, mfu 2.01%
iter 148: loss 6.8911, time 453.50ms, mfu 1.96%
iter 149: loss 6.6183, time 313.05ms, mfu 1.99%
iter 150: loss 6.7810, time 458.22ms, mfu 1.95%
iter 151: loss 6.8258, time 332.06ms, mfu 1.97%
iter 152: loss 6.9365, time 385.66ms, mfu 1.95%
iter 153: loss 6.7125, time 477.08ms, mfu 1.91%
iter 154: loss 6.6823, time 273.59ms, mfu 1.97%
iter 155: loss 6.7416, time 491.71ms, mfu 1.92%
iter 156: loss 6.7589, time 365.59ms, mfu 1.92%
iter 157: loss 6.8837, time 385.27ms, mfu 1.91%
iter 158: loss 6.7073, time 404.23ms, mfu 1.90%
iter 159: loss 6.5061, time 392.22ms, mfu 1.89%
iter 160: loss 6.8263, time 291.61ms, mfu 1.94%
iter 161: loss 6.6516, time 474.03ms, mfu 1.90%
iter 162: loss 6.6920, time 512.60ms, mfu 1.85%
iter 163: loss 6.6334, time 289.52ms, mfu 1.91%
iter 164: loss 6.7479, time 314.58ms, mfu 1.94%
iter 165: loss 6.6345, time 420.01ms, mfu 1.92%
iter 166: loss 6.6534, time 273.11ms, mfu 1.98%
iter 167: loss 6.7048, time 231.48ms, mfu 2.09%
iter 168: loss 6.7568, time 462.59ms, mfu 2.04%
iter 169: loss 6.5614, time 367.84ms, mfu 2.03%
iter 170: loss 6.6043, time 474.15ms, mfu 1.97%
iter 171: loss 6.4919, time 373.22ms, mfu 1.96%
iter 172: loss 6.4962, time 500.78ms, mfu 1.91%
iter 173: loss 6.5341, time 302.40ms, mfu 1.95%
iter 174: loss 6.5965, time 388.13ms, mfu 1.94%
iter 175: loss 6.5942, time 462.17ms, mfu 1.90%
iter 176: loss 6.5049, time 404.33ms, mfu 1.89%
iter 177: loss 6.5650, time 307.49ms, mfu 1.93%
iter 178: loss 6.4480, time 479.15ms, mfu 1.88%
iter 179: loss 6.3902, time 314.49ms, mfu 1.92%
iter 180: loss 6.4099, time 366.85ms, mfu 1.92%
iter 181: loss 6.6781, time 417.88ms, mfu 1.90%
iter 182: loss 6.4695, time 264.71ms, mfu 1.98%
iter 183: loss 6.4669, time 437.19ms, mfu 1.94%
iter 184: loss 6.4456, time 349.40ms, mfu 1.95%
iter 185: loss 6.3565, time 450.10ms, mfu 1.91%
iter 186: loss 6.3009, time 270.35ms, mfu 1.98%
iter 187: loss 6.4037, time 268.97ms, mfu 2.05%
iter 188: loss 6.2969, time 480.22ms, mfu 1.99%
iter 189: loss 6.2747, time 405.47ms, mfu 1.97%
iter 190: loss 6.2507, time 535.91ms, mfu 1.90%
iter 191: loss 6.3205, time 320.73ms, mfu 1.93%
iter 192: loss 6.3252, time 362.22ms, mfu 1.94%
iter 193: loss 6.2152, time 423.68ms, mfu 1.91%
iter 194: loss 6.3662, time 305.33ms, mfu 1.95%
iter 195: loss 6.2952, time 414.48ms, mfu 1.93%
iter 196: loss 6.1992, time 320.42ms, mfu 1.95%
iter 197: loss 6.1131, time 306.48ms, mfu 1.99%
iter 198: loss 6.2505, time 440.83ms, mfu 1.95%
iter 199: loss 6.3146, time 477.63ms, mfu 1.91%
iter 200: loss 6.0172, time 757.46ms, mfu 1.81%
  === DIAG iter 200 ===
  loss: 6.0172
  grads: total 1.0000, transformer 0.9988, adapter 0.0495
  <NUM> input tokens: 482/3072 (15.7%)
  lr: base 4.02e-05, adapter 2.01e-05
  SME accuracy: overall 0.208, sign 0.000, exp 0.271, digit 0.105, end 0.862 [d0 0.273 d1 0.000 d2 0.068 d3 0.040 d4 0.023 d5 0.051 d6 0.026 d7 0.069 d8 0.080 d9 0.167 d10 0.333 d11 0.333 d12 0.500 d13 0.400 d14 0.250] (924 SME tokens)
iter 201: loss 6.2233, time 180.01ms, mfu 2.02%
iter 202: loss 6.1395, time 244.20ms, mfu 2.11%
iter 203: loss 6.0397, time 525.24ms, mfu 2.03%
iter 204: loss 6.1916, time 331.65ms, mfu 2.04%
iter 205: loss 6.2443, time 508.50ms, mfu 1.98%
iter 206: loss 6.0155, time 300.35ms, mfu 2.02%
iter 207: loss 6.1458, time 356.98ms, mfu 2.01%
iter 208: loss 5.9976, time 348.76ms, mfu 2.02%
iter 209: loss 5.9987, time 303.09ms, mfu 2.05%
iter 210: loss 5.9854, time 386.85ms, mfu 2.03%
iter 211: loss 6.1469, time 404.12ms, mfu 2.00%
iter 212: loss 5.9171, time 461.47ms, mfu 1.95%
iter 213: loss 5.8932, time 318.78ms, mfu 1.98%
iter 214: loss 5.9245, time 463.96ms, mfu 1.93%
iter 215: loss 5.8727, time 345.52ms, mfu 1.95%
iter 216: loss 5.9439, time 312.26ms, mfu 1.98%
iter 217: loss 5.9355, time 448.83ms, mfu 1.94%
iter 218: loss 5.7856, time 363.61ms, mfu 1.94%
iter 219: loss 5.9382, time 401.65ms, mfu 1.92%
iter 220: loss 5.9009, time 475.39ms, mfu 1.88%
iter 221: loss 5.8255, time 264.08ms, mfu 1.96%
iter 222: loss 5.8369, time 304.70ms, mfu 2.00%
iter 223: loss 5.7336, time 332.48ms, mfu 2.01%
iter 224: loss 5.9075, time 368.33ms, mfu 2.00%
iter 225: loss 5.7440, time 414.34ms, mfu 1.97%
iter 226: loss 5.8516, time 455.37ms, mfu 1.93%
iter 227: loss 5.6289, time 266.97ms, mfu 2.00%
iter 228: loss 5.8742, time 393.74ms, mfu 1.98%
iter 229: loss 5.7006, time 363.34ms, mfu 1.98%
iter 230: loss 5.6403, time 462.79ms, mfu 1.93%
iter 231: loss 5.5986, time 244.77ms, mfu 2.03%
iter 232: loss 5.6042, time 482.21ms, mfu 1.97%
iter 233: loss 5.6417, time 330.82ms, mfu 1.99%
iter 234: loss 5.8498, time 274.07ms, mfu 2.05%
iter 235: loss 5.6708, time 249.94ms, mfu 2.13%
iter 236: loss 5.7019, time 388.80ms, mfu 2.10%
iter 237: loss 5.4790, time 301.67ms, mfu 2.12%
iter 238: loss 5.5386, time 337.56ms, mfu 2.12%
iter 239: loss 5.4889, time 425.54ms, mfu 2.08%
iter 240: loss 5.4509, time 303.08ms, mfu 2.10%
iter 241: loss 5.6229, time 359.33ms, mfu 2.09%
iter 242: loss 5.4040, time 493.80ms, mfu 2.02%
iter 243: loss 5.3460, time 425.97ms, mfu 1.99%
iter 244: loss 5.4818, time 216.26ms, mfu 2.12%
iter 245: loss 5.4197, time 227.71ms, mfu 2.22%
iter 246: loss 5.5863, time 289.82ms, mfu 2.24%
iter 247: loss 5.4424, time 382.06ms, mfu 2.20%
iter 248: loss 5.2847, time 390.99ms, mfu 2.16%
iter 249: loss 5.3582, time 320.28ms, mfu 2.17%
iter 250: loss 5.3357, time 285.80ms, mfu 2.20%
iter 251: loss 5.3513, time 259.93ms, mfu 2.25%
iter 252: loss 5.2994, time 393.16ms, mfu 2.21%
iter 253: loss 5.4592, time 442.82ms, mfu 2.15%
iter 254: loss 5.2175, time 315.16ms, mfu 2.16%
iter 255: loss 5.2361, time 293.23ms, mfu 2.18%
iter 256: loss 5.2557, time 400.90ms, mfu 2.14%
iter 257: loss 5.0799, time 339.56ms, mfu 2.14%
iter 258: loss 5.0823, time 562.66ms, mfu 2.05%
iter 259: loss 5.1947, time 353.40ms, mfu 2.04%
iter 260: loss 5.1467, time 405.60ms, mfu 2.01%
iter 261: loss 5.1443, time 423.54ms, mfu 1.98%
iter 262: loss 5.0673, time 380.11ms, mfu 1.97%
iter 263: loss 5.0844, time 350.56ms, mfu 1.97%
iter 264: loss 5.1148, time 310.91ms, mfu 2.00%
iter 265: loss 5.0156, time 337.10ms, mfu 2.01%
iter 266: loss 4.8318, time 352.03ms, mfu 2.01%
iter 267: loss 4.8638, time 468.76ms, mfu 1.96%
iter 268: loss 4.9709, time 298.66ms, mfu 2.00%
iter 269: loss 5.0513, time 360.86ms, mfu 2.00%
iter 270: loss 5.0226, time 282.01ms, mfu 2.05%
iter 271: loss 4.6654, time 435.64ms, mfu 2.01%
iter 272: loss 4.8191, time 294.91ms, mfu 2.05%
iter 273: loss 4.8074, time 574.10ms, mfu 1.97%
iter 274: loss 4.9036, time 375.10ms, mfu 1.96%
iter 275: loss 4.8262, time 341.48ms, mfu 1.97%
iter 276: loss 4.6273, time 234.93ms, mfu 2.08%
iter 277: loss 4.8234, time 385.72ms, mfu 2.05%
iter 278: loss 4.7474, time 349.80ms, mfu 2.05%
iter 279: loss 4.6482, time 433.30ms, mfu 2.01%
iter 280: loss 4.6719, time 331.76ms, mfu 2.02%
iter 281: loss 4.7979, time 357.97ms, mfu 2.02%
iter 282: loss 4.6050, time 413.56ms, mfu 1.99%
iter 283: loss 4.7504, time 308.92ms, mfu 2.02%
iter 284: loss 4.6385, time 265.42ms, mfu 2.08%
iter 285: loss 4.6764, time 254.84ms, mfu 2.15%
iter 286: loss 4.6360, time 334.74ms, mfu 2.15%
iter 287: loss 4.6238, time 317.14ms, mfu 2.16%
iter 288: loss 4.6677, time 559.30ms, mfu 2.07%
iter 289: loss 4.3854, time 261.16ms, mfu 2.13%
iter 290: loss 4.4005, time 453.54ms, mfu 2.08%
iter 291: loss 4.3887, time 372.80ms, mfu 2.06%
iter 292: loss 4.4163, time 383.79ms, mfu 2.04%
iter 293: loss 4.5319, time 340.70ms, mfu 2.04%
iter 294: loss 4.4288, time 332.02ms, mfu 2.05%
iter 295: loss 4.3522, time 317.76ms, mfu 2.07%
iter 296: loss 4.4555, time 266.17ms, mfu 2.13%
iter 297: loss 4.3936, time 351.21ms, mfu 2.12%
iter 298: loss 4.3243, time 295.62ms, mfu 2.15%
iter 299: loss 4.2671, time 383.63ms, mfu 2.12%
iter 300: loss 4.2162, time 592.54ms, mfu 2.02%
  === DIAG iter 300 ===
  loss: 4.2162
  grads: total 1.0000, transformer 0.9986, adapter 0.0530
  <NUM> input tokens: 482/3072 (15.7%)
  lr: base 6.02e-05, adapter 3.01e-05
  SME accuracy: overall 0.217, sign 0.034, exp 0.415, digit 0.103, end 0.883 [d0 0.278 d1 0.024 d2 0.077 d3 0.054 d4 0.060 d5 0.047 d6 0.053 d7 0.089 d8 0.111 d9 0.235 d10 0.133 d11 0.143 d12 0.100 d13 0.111 d14 0.000] (1068 SME tokens)
iter 301: loss 4.1640, time 238.02ms, mfu 2.12%
iter 302: loss 4.2300, time 370.42ms, mfu 2.10%
iter 303: loss 4.0485, time 410.35ms, mfu 2.06%
iter 304: loss 4.1672, time 359.47ms, mfu 2.05%
iter 305: loss 4.3488, time 381.59ms, mfu 2.03%
iter 306: loss 4.1028, time 365.33ms, mfu 2.02%
iter 307: loss 4.1282, time 487.30ms, mfu 1.97%
iter 308: loss 4.0543, time 241.12ms, mfu 2.06%
iter 309: loss 4.0605, time 271.81ms, mfu 2.12%
iter 310: loss 4.0275, time 355.61ms, mfu 2.11%
iter 311: loss 3.9903, time 345.79ms, mfu 2.10%
iter 312: loss 4.1034, time 394.05ms, mfu 2.07%
iter 313: loss 4.0284, time 361.94ms, mfu 2.06%
iter 314: loss 3.8179, time 441.85ms, mfu 2.01%
iter 315: loss 3.9734, time 246.09ms, mfu 2.10%
iter 316: loss 3.8367, time 374.12ms, mfu 2.08%
iter 317: loss 3.9512, time 379.12ms, mfu 2.06%
iter 318: loss 3.8088, time 289.68ms, mfu 2.10%
iter 319: loss 3.8581, time 366.66ms, mfu 2.08%
iter 320: loss 3.7845, time 307.05ms, mfu 2.10%
iter 321: loss 3.7700, time 385.02ms, mfu 2.08%
iter 322: loss 3.6367, time 316.37ms, mfu 2.09%
iter 323: loss 3.7462, time 269.82ms, mfu 2.15%
iter 324: loss 3.7536, time 224.64ms, mfu 2.25%
iter 325: loss 3.7451, time 285.17ms, mfu 2.27%
iter 326: loss 3.6237, time 394.88ms, mfu 2.22%
iter 327: loss 3.6626, time 320.85ms, mfu 2.22%
iter 328: loss 3.5626, time 297.06ms, mfu 2.24%
iter 329: loss 3.4340, time 250.61ms, mfu 2.30%
iter 330: loss 3.6112, time 345.69ms, mfu 2.27%
iter 331: loss 3.6075, time 415.36ms, mfu 2.22%
iter 332: loss 3.5280, time 357.77ms, mfu 2.19%
iter 333: loss 3.5334, time 453.81ms, mfu 2.13%
iter 334: loss 3.4480, time 432.56ms, mfu 2.08%
iter 335: loss 3.3657, time 439.73ms, mfu 2.03%
iter 336: loss 3.4578, time 408.23ms, mfu 2.00%
iter 337: loss 3.4504, time 384.96ms, mfu 1.99%
iter 338: loss 3.5208, time 286.47ms, mfu 2.04%
iter 339: loss 3.3236, time 293.88ms, mfu 2.07%
iter 340: loss 3.2667, time 289.35ms, mfu 2.11%
iter 341: loss 3.4068, time 332.96ms, mfu 2.11%
iter 342: loss 3.2759, time 511.11ms, mfu 2.04%
iter 343: loss 3.2039, time 239.91ms, mfu 2.13%
iter 344: loss 3.2721, time 306.55ms, mfu 2.15%
iter 345: loss 3.2827, time 324.95ms, mfu 2.15%
iter 346: loss 3.1420, time 342.54ms, mfu 2.14%
iter 347: loss 3.2055, time 333.44ms, mfu 2.14%
iter 348: loss 3.2402, time 249.00ms, mfu 2.21%
iter 349: loss 3.0810, time 458.60ms, mfu 2.15%
iter 350: loss 3.1244, time 346.00ms, mfu 2.14%
iter 351: loss 3.0779, time 401.88ms, mfu 2.10%
iter 352: loss 2.9142, time 495.80ms, mfu 2.03%
iter 353: loss 2.9896, time 322.38ms, mfu 2.05%
iter 354: loss 2.9483, time 344.18ms, mfu 2.05%
iter 355: loss 2.9406, time 311.13ms, mfu 2.07%
iter 356: loss 2.9465, time 355.40ms, mfu 2.06%
iter 357: loss 2.9761, time 395.14ms, mfu 2.04%
iter 358: loss 2.9457, time 478.98ms, mfu 1.98%
iter 359: loss 2.8456, time 549.90ms, mfu 1.91%
iter 360: loss 3.0289, time 389.65ms, mfu 1.90%
iter 361: loss 2.8765, time 481.02ms, mfu 1.86%
iter 362: loss 2.7851, time 475.42ms, mfu 1.82%
iter 363: loss 2.7600, time 403.64ms, mfu 1.82%
iter 364: loss 2.9463, time 467.28ms, mfu 1.79%
iter 365: loss 2.8032, time 401.34ms, mfu 1.78%
iter 366: loss 2.7245, time 454.06ms, mfu 1.76%
iter 367: loss 2.6588, time 370.31ms, mfu 1.78%
iter 368: loss 2.7797, time 249.71ms, mfu 1.88%
iter 369: loss 2.7272, time 380.57ms, mfu 1.88%
iter 370: loss 2.6076, time 381.60ms, mfu 1.88%
iter 371: loss 2.7358, time 382.35ms, mfu 1.88%
iter 372: loss 2.5425, time 276.04ms, mfu 1.95%
iter 373: loss 2.6497, time 396.89ms, mfu 1.93%
iter 374: loss 2.5104, time 269.41ms, mfu 2.00%
iter 375: loss 2.7970, time 394.37ms, mfu 1.98%
iter 376: loss 2.5729, time 327.41ms, mfu 2.00%
iter 377: loss 2.4994, time 252.89ms, mfu 2.08%
iter 378: loss 2.4798, time 249.86ms, mfu 2.15%
iter 379: loss 2.5492, time 372.87ms, mfu 2.13%
iter 380: loss 2.5177, time 364.29ms, mfu 2.11%
iter 381: loss 2.4925, time 506.36ms, mfu 2.04%
iter 382: loss 2.4578, time 394.40ms, mfu 2.02%
iter 383: loss 2.3785, time 438.37ms, mfu 1.98%
iter 384: loss 2.3385, time 455.81ms, mfu 1.93%
iter 385: loss 2.3546, time 371.31ms, mfu 1.93%
iter 386: loss 2.2723, time 474.81ms, mfu 1.89%
iter 387: loss 2.3374, time 356.41ms, mfu 1.90%
iter 388: loss 2.2299, time 312.86ms, mfu 1.93%
iter 389: loss 2.2313, time 478.63ms, mfu 1.89%
iter 390: loss 2.3188, time 509.16ms, mfu 1.84%
iter 391: loss 2.2914, time 353.45ms, mfu 1.86%
iter 392: loss 2.2312, time 364.63ms, mfu 1.86%
iter 393: loss 2.2426, time 392.76ms, mfu 1.86%
iter 394: loss 2.1257, time 328.02ms, mfu 1.89%
iter 395: loss 2.0843, time 403.24ms, mfu 1.88%
iter 396: loss 2.1215, time 248.25ms, mfu 1.97%
iter 397: loss 2.0570, time 471.99ms, mfu 1.93%
iter 398: loss 2.0880, time 290.98ms, mfu 1.98%
iter 399: loss 2.0664, time 359.32ms, mfu 1.98%
iter 400: loss 2.1422, time 490.73ms, mfu 1.92%
  === DIAG iter 400 ===
  loss: 2.1422
  grads: total 1.0000, transformer 0.9959, adapter 0.0907
  <NUM> input tokens: 408/3072 (13.3%)
  lr: base 8.02e-05, adapter 4.01e-05
  SME accuracy: overall 0.245, sign 0.537, exp 0.404, digit 0.071, end 0.935 [d0 0.242 d1 0.000 d2 0.043 d3 0.034 d4 0.027 d5 0.042 d6 0.059 d7 0.032 d8 0.037 d9 0.100 d10 0.042 d11 0.050 d12 0.105 d13 0.000 d14 0.000] (1309 SME tokens)
iter 401: loss 2.0997, time 236.55ms, mfu 2.03%
iter 402: loss 2.0612, time 331.70ms, mfu 2.04%
iter 403: loss 1.9592, time 420.39ms, mfu 2.01%
iter 404: loss 1.9685, time 314.50ms, mfu 2.03%
iter 405: loss 1.9237, time 339.11ms, mfu 2.04%
iter 406: loss 1.9462, time 370.68ms, mfu 2.02%
iter 407: loss 1.9942, time 278.74ms, mfu 2.08%
iter 408: loss 1.8925, time 422.10ms, mfu 2.04%
iter 409: loss 2.0759, time 264.74ms, mfu 2.10%
iter 410: loss 1.8834, time 399.62ms, mfu 2.07%
iter 411: loss 1.8619, time 308.77ms, mfu 2.09%
iter 412: loss 1.7973, time 396.81ms, mfu 2.06%
iter 413: loss 1.7571, time 474.68ms, mfu 2.00%
iter 414: loss 1.8802, time 300.71ms, mfu 2.04%
iter 415: loss 1.7993, time 355.76ms, mfu 2.03%
iter 416: loss 1.8522, time 304.58ms, mfu 2.06%
iter 417: loss 1.8148, time 280.84ms, mfu 2.11%
iter 418: loss 1.7454, time 371.29ms, mfu 2.09%
iter 419: loss 1.7455, time 248.03ms, mfu 2.17%
iter 420: loss 1.7396, time 324.47ms, mfu 2.17%
iter 421: loss 1.6704, time 492.55ms, mfu 2.09%
iter 422: loss 1.7586, time 422.37ms, mfu 2.05%
iter 423: loss 1.7099, time 323.12ms, mfu 2.07%
iter 424: loss 1.7690, time 438.26ms, mfu 2.02%
iter 425: loss 1.7106, time 367.89ms, mfu 2.01%
iter 426: loss 1.6853, time 444.79ms, mfu 1.97%
iter 427: loss 1.6632, time 473.41ms, mfu 1.92%
iter 428: loss 1.5888, time 289.56ms, mfu 1.98%
iter 429: loss 1.7496, time 404.18ms, mfu 1.95%
iter 430: loss 1.7025, time 296.38ms, mfu 2.00%
iter 431: loss 1.5816, time 566.96ms, mfu 1.92%
iter 432: loss 1.5923, time 480.78ms, mfu 1.88%
iter 433: loss 1.5169, time 426.79ms, mfu 1.86%
iter 434: loss 1.6613, time 481.24ms, mfu 1.82%
iter 435: loss 1.5920, time 368.76ms, mfu 1.83%
iter 436: loss 1.5506, time 343.54ms, mfu 1.85%
iter 437: loss 1.5518, time 393.55ms, mfu 1.85%
iter 438: loss 1.4662, time 312.07ms, mfu 1.89%
iter 439: loss 1.5360, time 300.73ms, mfu 1.94%
iter 440: loss 1.5466, time 437.64ms, mfu 1.90%
iter 441: loss 1.5184, time 376.93ms, mfu 1.90%
iter 442: loss 1.4537, time 481.79ms, mfu 1.86%
iter 443: loss 1.4578, time 402.97ms, mfu 1.85%
iter 444: loss 1.5439, time 552.31ms, mfu 1.79%
iter 445: loss 1.4232, time 415.37ms, mfu 1.78%
iter 446: loss 1.5071, time 450.97ms, mfu 1.76%
iter 447: loss 1.5023, time 295.23ms, mfu 1.83%
iter 448: loss 1.4222, time 283.27ms, mfu 1.89%
iter 449: loss 1.3659, time 343.48ms, mfu 1.91%
iter 450: loss 1.4715, time 398.63ms, mfu 1.90%
iter 451: loss 1.4523, time 433.12ms, mfu 1.87%
iter 452: loss 1.4861, time 326.56ms, mfu 1.90%
iter 453: loss 1.4180, time 372.65ms, mfu 1.90%
iter 454: loss 1.3114, time 439.06ms, mfu 1.87%
iter 455: loss 1.3935, time 335.84ms, mfu 1.90%
iter 456: loss 1.3680, time 477.50ms, mfu 1.86%
iter 457: loss 1.3667, time 476.13ms, mfu 1.82%
iter 458: loss 1.3366, time 370.75ms, mfu 1.83%
iter 459: loss 1.3051, time 256.30ms, mfu 1.92%
iter 460: loss 1.3748, time 279.04ms, mfu 1.98%
iter 461: loss 1.2884, time 497.20ms, mfu 1.93%
iter 462: loss 1.3424, time 447.06ms, mfu 1.89%
iter 463: loss 1.3991, time 352.93ms, mfu 1.90%
iter 464: loss 1.3187, time 368.74ms, mfu 1.91%
iter 465: loss 1.4359, time 431.70ms, mfu 1.88%
iter 466: loss 1.4180, time 356.48ms, mfu 1.89%
iter 467: loss 1.2686, time 348.62ms, mfu 1.91%
iter 468: loss 1.3849, time 446.61ms, mfu 1.87%
iter 469: loss 1.3588, time 246.78ms, mfu 1.97%
iter 470: loss 1.3381, time 469.03ms, mfu 1.93%
iter 471: loss 1.3381, time 410.35ms, mfu 1.91%
iter 472: loss 1.3308, time 353.43ms, mfu 1.92%
iter 473: loss 1.3015, time 322.89ms, mfu 1.94%
iter 474: loss 1.2952, time 475.98ms, mfu 1.90%
iter 475: loss 1.3367, time 301.31ms, mfu 1.94%
iter 476: loss 1.2033, time 281.85ms, mfu 2.00%
iter 477: loss 1.2140, time 486.58ms, mfu 1.95%
iter 478: loss 1.3237, time 244.68ms, mfu 2.04%
iter 479: loss 1.3815, time 495.36ms, mfu 1.98%
iter 480: loss 1.2641, time 240.30ms, mfu 2.08%
iter 481: loss 1.2862, time 428.26ms, mfu 2.04%
iter 482: loss 1.2810, time 387.78ms, mfu 2.01%
iter 483: loss 1.2513, time 431.80ms, mfu 1.98%
iter 484: loss 1.2710, time 295.64ms, mfu 2.02%
iter 485: loss 1.2535, time 488.62ms, mfu 1.96%
iter 486: loss 1.2356, time 454.27ms, mfu 1.92%
iter 487: loss 1.1911, time 370.98ms, mfu 1.92%
iter 488: loss 1.1741, time 302.60ms, mfu 1.96%
iter 489: loss 1.2605, time 351.53ms, mfu 1.97%
iter 490: loss 1.2599, time 364.26ms, mfu 1.97%
iter 491: loss 1.1945, time 413.15ms, mfu 1.94%
iter 492: loss 1.2329, time 423.90ms, mfu 1.91%
iter 493: loss 1.2270, time 483.86ms, mfu 1.87%
iter 494: loss 1.1392, time 424.31ms, mfu 1.85%
iter 495: loss 1.2653, time 306.83ms, mfu 1.90%
iter 496: loss 1.1592, time 255.87ms, mfu 1.98%
iter 497: loss 1.2256, time 243.62ms, mfu 2.08%
iter 498: loss 1.2669, time 237.41ms, mfu 2.17%
iter 499: loss 1.1500, time 427.54ms, mfu 2.12%
iter 500: loss 1.1645, time 653.75ms, mfu 2.01%
  === DIAG iter 500 ===
  loss: 1.1645
  grads: total 1.0000, transformer 0.9943, adapter 0.1063
  <NUM> input tokens: 523/3072 (17.0%)
  lr: base 1.00e-04, adapter 5.01e-05
  SME accuracy: overall 0.323, sign 0.721, exp 0.326, digit 0.133, end 0.930 [d0 0.230 d1 0.047 d2 0.042 d3 0.090 d4 0.085 d5 0.130 d6 0.160 d7 0.114 d8 0.147 d9 0.190 d10 0.235 d11 0.231 d12 0.250 d13 0.333 d14 0.250] (1071 SME tokens)
iter 501: loss 1.2469, time 243.11ms, mfu 2.10%
iter 502: loss 1.1914, time 194.74ms, mfu 2.26%
iter 503: loss 1.2665, time 397.18ms, mfu 2.21%
iter 504: loss 1.1069, time 417.55ms, mfu 2.16%
iter 505: loss 1.2632, time 421.87ms, mfu 2.11%
iter 506: loss 1.1369, time 360.97ms, mfu 2.10%
iter 507: loss 1.1276, time 349.33ms, mfu 2.09%
iter 508: loss 1.2711, time 325.49ms, mfu 2.10%
iter 509: loss 1.2597, time 248.56ms, mfu 2.17%
iter 510: loss 1.2608, time 493.73ms, mfu 2.10%
iter 511: loss 1.1622, time 307.97ms, mfu 2.12%
iter 512: loss 1.0226, time 399.81ms, mfu 2.08%
iter 513: loss 1.0583, time 481.14ms, mfu 2.02%
iter 514: loss 1.1837, time 436.70ms, mfu 1.98%
iter 515: loss 1.0352, time 314.44ms, mfu 2.01%
iter 516: loss 1.1957, time 294.12ms, mfu 2.05%
iter 517: loss 1.1131, time 277.70ms, mfu 2.10%
iter 518: loss 1.1003, time 484.67ms, mfu 2.04%
iter 519: loss 1.1663, time 398.24ms, mfu 2.01%
iter 520: loss 1.1070, time 321.14ms, mfu 2.03%
iter 521: loss 1.0859, time 544.20ms, mfu 1.96%
iter 522: loss 1.1353, time 394.06ms, mfu 1.94%
iter 523: loss 1.1172, time 451.46ms, mfu 1.90%
iter 524: loss 1.1090, time 404.89ms, mfu 1.89%
iter 525: loss 1.0212, time 344.69ms, mfu 1.91%
iter 526: loss 1.1270, time 363.14ms, mfu 1.91%
iter 527: loss 1.1496, time 220.79ms, mfu 2.04%
iter 528: loss 1.1240, time 298.49ms, mfu 2.07%
iter 529: loss 1.0304, time 363.32ms, mfu 2.06%
iter 530: loss 1.1680, time 265.92ms, mfu 2.12%
iter 531: loss 1.0397, time 418.89ms, mfu 2.08%
iter 532: loss 1.0187, time 434.02ms, mfu 2.03%
iter 533: loss 1.0521, time 408.71ms, mfu 2.00%
iter 534: loss 1.0594, time 254.24ms, mfu 2.08%
iter 535: loss 1.0534, time 354.07ms, mfu 2.07%
iter 536: loss 1.0336, time 416.15ms, mfu 2.04%
iter 537: loss 1.0945, time 288.03ms, mfu 2.08%
iter 538: loss 1.0751, time 432.97ms, mfu 2.04%
iter 539: loss 1.1612, time 335.90ms, mfu 2.04%
iter 540: loss 0.9722, time 550.05ms, mfu 1.97%
iter 541: loss 1.0291, time 311.04ms, mfu 2.00%
iter 542: loss 1.0445, time 277.17ms, mfu 2.05%
iter 543: loss 1.0875, time 405.57ms, mfu 2.02%
iter 544: loss 1.0735, time 288.93ms, mfu 2.07%
iter 545: loss 0.9934, time 508.50ms, mfu 2.00%
iter 546: loss 1.0213, time 274.06ms, mfu 2.06%
iter 547: loss 1.0846, time 400.37ms, mfu 2.03%
iter 548: loss 1.1114, time 502.22ms, mfu 1.97%
iter 549: loss 1.1250, time 261.02ms, mfu 2.04%
iter 550: loss 1.0144, time 509.14ms, mfu 1.98%
iter 551: loss 1.0041, time 493.69ms, mfu 1.92%
iter 552: loss 1.0994, time 453.96ms, mfu 1.89%
iter 553: loss 1.0035, time 248.08ms, mfu 1.98%
iter 554: loss 1.0488, time 333.80ms, mfu 2.00%
iter 555: loss 1.0658, time 457.48ms, mfu 1.95%
iter 556: loss 1.0598, time 316.19ms, mfu 1.98%
iter 557: loss 1.0541, time 506.02ms, mfu 1.92%
iter 558: loss 1.1047, time 355.03ms, mfu 1.93%
iter 559: loss 0.9998, time 263.58ms, mfu 2.01%
iter 560: loss 1.0758, time 406.19ms, mfu 1.98%
iter 561: loss 0.9433, time 306.55ms, mfu 2.01%
iter 562: loss 1.1181, time 307.08ms, mfu 2.04%
iter 563: loss 1.0031, time 402.08ms, mfu 2.02%
iter 564: loss 0.9630, time 246.53ms, mfu 2.10%
iter 565: loss 1.0022, time 480.61ms, mfu 2.04%
iter 566: loss 0.9507, time 443.50ms, mfu 1.99%
iter 567: loss 1.1068, time 313.75ms, mfu 2.02%
iter 568: loss 1.0467, time 293.64ms, mfu 2.06%
iter 569: loss 1.0109, time 320.65ms, mfu 2.08%
iter 570: loss 1.0068, time 340.13ms, mfu 2.08%
iter 571: loss 0.9573, time 331.16ms, mfu 2.08%
iter 572: loss 0.9580, time 439.44ms, mfu 2.04%
iter 573: loss 0.9233, time 401.78ms, mfu 2.01%
iter 574: loss 0.9562, time 317.72ms, mfu 2.03%
iter 575: loss 1.0512, time 341.03ms, mfu 2.04%
iter 576: loss 1.0508, time 334.22ms, mfu 2.04%
iter 577: loss 0.9444, time 352.77ms, mfu 2.04%
iter 578: loss 0.9736, time 349.91ms, mfu 2.04%
iter 579: loss 1.0270, time 313.86ms, mfu 2.06%
iter 580: loss 1.0165, time 319.20ms, mfu 2.08%
iter 581: loss 0.9931, time 586.69ms, mfu 1.99%
iter 582: loss 0.9702, time 212.20ms, mfu 2.12%
iter 583: loss 1.0048, time 281.50ms, mfu 2.16%
iter 584: loss 1.0500, time 386.02ms, mfu 2.13%
iter 585: loss 1.0085, time 278.21ms, mfu 2.17%
iter 586: loss 1.0763, time 289.51ms, mfu 2.20%
iter 587: loss 0.9365, time 311.34ms, mfu 2.21%
iter 588: loss 0.9272, time 316.11ms, mfu 2.21%
iter 589: loss 0.8700, time 257.36ms, mfu 2.27%
iter 590: loss 0.8627, time 394.41ms, mfu 2.22%
iter 591: loss 1.0419, time 382.84ms, mfu 2.18%
iter 592: loss 0.9582, time 443.38ms, mfu 2.12%
iter 593: loss 1.0600, time 384.07ms, mfu 2.10%
iter 594: loss 0.8572, time 441.21ms, mfu 2.05%
iter 595: loss 1.0547, time 413.94ms, mfu 2.01%
iter 596: loss 1.0263, time 287.19ms, mfu 2.06%
iter 597: loss 0.9506, time 412.97ms, mfu 2.02%
iter 598: loss 0.9924, time 360.07ms, mfu 2.02%
iter 599: loss 1.0041, time 358.08ms, mfu 2.01%
iter 600: loss 0.9164, time 539.87ms, mfu 1.94%
  === DIAG iter 600 ===
  loss: 0.9164
  grads: total 1.0000, transformer 0.9934, adapter 0.1150
  <NUM> input tokens: 492/3072 (16.0%)
  lr: base 1.20e-04, adapter 6.01e-05
  SME accuracy: overall 0.311, sign 0.789, exp 0.397, digit 0.090, end 0.912 [d0 0.227 d1 0.069 d2 0.070 d3 0.063 d4 0.019 d5 0.043 d6 0.023 d7 0.026 d8 0.038 d9 0.143 d10 0.400 d11 0.250 d12 0.250 d13 0.250 d14 0.000] (946 SME tokens)
iter 601: loss 0.9504, time 239.14ms, mfu 2.05%
iter 602: loss 0.8790, time 364.43ms, mfu 2.04%
iter 603: loss 0.9666, time 247.39ms, mfu 2.12%
iter 604: loss 0.9561, time 279.66ms, mfu 2.16%
iter 605: loss 0.9995, time 314.27ms, mfu 2.17%
iter 606: loss 1.0337, time 406.90ms, mfu 2.13%
iter 607: loss 0.9875, time 459.56ms, mfu 2.07%
iter 608: loss 0.9862, time 308.38ms, mfu 2.09%
iter 609: loss 0.9835, time 392.19ms, mfu 2.06%
iter 610: loss 0.9639, time 322.74ms, mfu 2.08%
iter 611: loss 0.9963, time 324.32ms, mfu 2.09%
iter 612: loss 0.9310, time 324.03ms, mfu 2.10%
iter 613: loss 0.9820, time 370.24ms, mfu 2.08%
iter 614: loss 0.9003, time 380.53ms, mfu 2.06%
iter 615: loss 0.9713, time 480.97ms, mfu 2.00%
iter 616: loss 0.9893, time 424.57ms, mfu 1.97%
iter 617: loss 0.9827, time 412.30ms, mfu 1.94%
iter 618: loss 0.9790, time 269.33ms, mfu 2.01%
iter 619: loss 0.8277, time 250.81ms, mfu 2.09%
iter 620: loss 1.0334, time 402.52ms, mfu 2.06%
iter 621: loss 0.9652, time 365.18ms, mfu 2.05%
iter 622: loss 0.9816, time 364.79ms, mfu 2.04%
iter 623: loss 0.8784, time 358.54ms, mfu 2.03%
iter 624: loss 0.9762, time 386.98ms, mfu 2.01%
iter 625: loss 0.9821, time 567.68ms, mfu 1.93%
iter 626: loss 0.9515, time 389.64ms, mfu 1.92%
iter 627: loss 0.9169, time 356.74ms, mfu 1.93%
iter 628: loss 0.9777, time 337.87ms, mfu 1.95%
iter 629: loss 0.9763, time 263.63ms, mfu 2.02%
iter 630: loss 0.9759, time 318.24ms, mfu 2.04%
iter 631: loss 0.8174, time 253.24ms, mfu 2.12%
iter 632: loss 0.9803, time 485.26ms, mfu 2.05%
iter 633: loss 0.8914, time 360.32ms, mfu 2.04%
iter 634: loss 0.9799, time 305.29ms, mfu 2.07%
iter 635: loss 0.8793, time 501.22ms, mfu 2.00%
iter 636: loss 0.9383, time 368.67ms, mfu 2.00%
iter 637: loss 0.8026, time 276.99ms, mfu 2.05%
iter 638: loss 1.0201, time 307.25ms, mfu 2.08%
iter 639: loss 0.8958, time 383.18ms, mfu 2.06%
iter 640: loss 1.0396, time 347.57ms, mfu 2.05%
iter 641: loss 0.8598, time 400.66ms, mfu 2.03%
iter 642: loss 0.9502, time 497.71ms, mfu 1.97%
iter 643: loss 0.8866, time 250.32ms, mfu 2.05%
iter 644: loss 0.9906, time 388.09ms, mfu 2.03%
iter 645: loss 0.8846, time 221.17ms, mfu 2.15%
iter 646: loss 0.9709, time 353.69ms, mfu 2.13%
iter 647: loss 0.8191, time 454.20ms, mfu 2.08%
iter 648: loss 0.9953, time 478.55ms, mfu 2.02%
iter 649: loss 0.9528, time 368.73ms, mfu 2.01%
iter 650: loss 0.9323, time 386.43ms, mfu 1.99%
iter 651: loss 0.8780, time 325.61ms, mfu 2.01%
iter 652: loss 0.8975, time 453.21ms, mfu 1.96%
iter 653: loss 0.8696, time 462.30ms, mfu 1.92%
iter 654: loss 0.9573, time 322.13ms, mfu 1.95%
iter 655: loss 0.9319, time 343.67ms, mfu 1.96%
iter 656: loss 0.9383, time 370.27ms, mfu 1.96%
iter 657: loss 1.0200, time 375.13ms, mfu 1.95%
iter 658: loss 0.8878, time 307.90ms, mfu 1.98%
iter 659: loss 0.9839, time 443.74ms, mfu 1.95%
iter 660: loss 0.9391, time 338.19ms, mfu 1.96%
iter 661: loss 0.8475, time 365.68ms, mfu 1.96%
iter 662: loss 0.8385, time 340.34ms, mfu 1.97%
iter 663: loss 0.9310, time 334.72ms, mfu 1.99%
iter 664: loss 0.9329, time 352.80ms, mfu 1.99%
iter 665: loss 0.9451, time 341.57ms, mfu 2.00%
iter 666: loss 0.9812, time 287.18ms, mfu 2.04%
iter 667: loss 0.8908, time 367.48ms, mfu 2.03%
iter 668: loss 0.9510, time 486.01ms, mfu 1.97%
iter 669: loss 0.9307, time 341.62ms, mfu 1.98%
iter 670: loss 0.8915, time 282.97ms, mfu 2.04%
iter 671: loss 0.8998, time 487.12ms, mfu 1.98%
iter 672: loss 0.8354, time 443.19ms, mfu 1.94%
iter 673: loss 1.0597, time 323.90ms, mfu 1.97%
iter 674: loss 0.8834, time 398.87ms, mfu 1.95%
iter 675: loss 0.9650, time 372.59ms, mfu 1.94%
iter 676: loss 0.8726, time 368.76ms, mfu 1.94%
iter 677: loss 0.9088, time 406.12ms, mfu 1.92%
iter 678: loss 0.8923, time 389.93ms, mfu 1.91%
iter 679: loss 0.8854, time 295.83ms, mfu 1.96%
iter 680: loss 0.7814, time 394.67ms, mfu 1.94%
iter 681: loss 0.8922, time 407.59ms, mfu 1.92%
iter 682: loss 0.9716, time 268.96ms, mfu 1.99%
iter 683: loss 0.9397, time 361.03ms, mfu 1.99%
iter 684: loss 0.8999, time 454.22ms, mfu 1.95%
iter 685: loss 0.8575, time 396.45ms, mfu 1.93%
iter 686: loss 0.9073, time 550.96ms, mfu 1.87%
iter 687: loss 0.8545, time 397.02ms, mfu 1.86%
iter 688: loss 0.9853, time 314.73ms, mfu 1.90%
iter 689: loss 0.8793, time 458.42ms, mfu 1.86%
iter 690: loss 0.8808, time 366.01ms, mfu 1.87%
iter 691: loss 0.9530, time 352.30ms, mfu 1.88%
iter 692: loss 0.9221, time 308.88ms, mfu 1.93%
iter 693: loss 0.9152, time 401.31ms, mfu 1.91%
iter 694: loss 0.9115, time 521.68ms, mfu 1.85%
iter 695: loss 0.8782, time 414.66ms, mfu 1.84%
iter 696: loss 0.8576, time 536.21ms, mfu 1.79%
iter 697: loss 0.8733, time 453.33ms, mfu 1.77%
iter 698: loss 0.8770, time 302.75ms, mfu 1.82%
iter 699: loss 0.8723, time 291.87ms, mfu 1.88%
iter 700: loss 0.9478, time 722.22ms, mfu 1.79%
  === DIAG iter 700 ===
  loss: 0.9478
  grads: total 1.0000, transformer 0.9719, adapter 0.2354
  <NUM> input tokens: 448/3072 (14.6%)
  lr: base 1.40e-04, adapter 7.01e-05
  SME accuracy: overall 0.337, sign 0.881, exp 0.486, digit 0.112, end 0.892 [d0 0.252 d1 0.042 d2 0.071 d3 0.055 d4 0.047 d5 0.088 d6 0.019 d7 0.109 d8 0.128 d9 0.130 d10 0.136 d11 0.158 d12 0.158 d13 0.118 d14 0.000] (1207 SME tokens)
iter 701: loss 0.8285, time 215.05ms, mfu 1.94%
iter 702: loss 0.9124, time 330.64ms, mfu 1.96%
iter 703: loss 0.9327, time 446.27ms, mfu 1.93%
iter 704: loss 0.9105, time 332.21ms, mfu 1.95%
iter 705: loss 0.8845, time 354.42ms, mfu 1.95%
iter 706: loss 0.8246, time 365.25ms, mfu 1.95%
iter 707: loss 0.9672, time 299.15ms, mfu 1.99%
iter 708: loss 0.9138, time 500.38ms, mfu 1.94%
iter 709: loss 0.8387, time 292.16ms, mfu 1.98%
iter 710: loss 0.9115, time 367.87ms, mfu 1.98%
iter 711: loss 0.9534, time 340.01ms, mfu 1.99%
iter 712: loss 0.8580, time 560.54ms, mfu 1.92%
iter 713: loss 0.9079, time 367.06ms, mfu 1.92%
iter 714: loss 0.7790, time 431.50ms, mfu 1.89%
iter 715: loss 1.0136, time 280.42ms, mfu 1.95%
iter 716: loss 0.8636, time 312.01ms, mfu 1.99%
iter 717: loss 0.8152, time 372.87ms, mfu 1.98%
iter 718: loss 0.8895, time 380.66ms, mfu 1.97%
iter 719: loss 0.8944, time 385.98ms, mfu 1.95%
iter 720: loss 0.7997, time 447.13ms, mfu 1.92%
iter 721: loss 0.9544, time 288.26ms, mfu 1.97%
iter 722: loss 0.9395, time 311.51ms, mfu 2.00%
iter 723: loss 0.8780, time 298.43ms, mfu 2.04%
iter 724: loss 0.8131, time 237.83ms, mfu 2.13%
iter 725: loss 0.8346, time 388.64ms, mfu 2.10%
iter 726: loss 0.8929, time 328.17ms, mfu 2.11%
iter 727: loss 0.9123, time 403.87ms, mfu 2.07%
iter 728: loss 0.9054, time 449.73ms, mfu 2.02%
iter 729: loss 0.8817, time 403.08ms, mfu 2.00%
iter 730: loss 0.9302, time 274.25ms, mfu 2.05%
iter 731: loss 0.8482, time 280.50ms, mfu 2.10%
iter 732: loss 0.8589, time 419.59ms, mfu 2.06%
iter 733: loss 0.9612, time 284.80ms, mfu 2.10%
iter 734: loss 0.9510, time 463.74ms, mfu 2.05%
iter 735: loss 0.9566, time 560.00ms, mfu 1.97%
iter 736: loss 0.9298, time 371.24ms, mfu 1.96%
iter 737: loss 0.7861, time 316.59ms, mfu 1.99%
iter 738: loss 0.8805, time 374.09ms, mfu 1.98%
iter 739: loss 0.9013, time 557.32ms, mfu 1.91%
iter 740: loss 0.8958, time 378.94ms, mfu 1.91%
iter 741: loss 0.8623, time 408.37ms, mfu 1.89%
iter 742: loss 0.7919, time 425.96ms, mfu 1.87%
iter 743: loss 0.9943, time 359.16ms, mfu 1.88%
iter 744: loss 0.7441, time 270.03ms, mfu 1.95%
iter 745: loss 0.9037, time 389.83ms, mfu 1.94%
iter 746: loss 0.9008, time 228.62ms, mfu 2.05%
iter 747: loss 0.8294, time 375.43ms, mfu 2.04%
iter 748: loss 0.9364, time 278.22ms, mfu 2.09%
iter 749: loss 0.8829, time 445.80ms, mfu 2.04%
iter 750: loss 0.9128, time 444.15ms, mfu 1.99%
iter 751: loss 0.8267, time 383.84ms, mfu 1.98%
iter 752: loss 0.7546, time 425.96ms, mfu 1.95%
iter 753: loss 0.8595, time 289.25ms, mfu 2.00%
iter 754: loss 0.8629, time 358.17ms, mfu 2.00%
iter 755: loss 0.7958, time 259.09ms, mfu 2.07%
iter 756: loss 0.8518, time 372.72ms, mfu 2.05%
iter 757: loss 0.8095, time 282.59ms, mfu 2.10%
iter 758: loss 0.8161, time 463.90ms, mfu 2.04%
iter 759: loss 0.8779, time 509.10ms, mfu 1.98%
iter 760: loss 0.8466, time 251.48ms, mfu 2.06%
iter 761: loss 0.9016, time 432.10ms, mfu 2.02%
iter 762: loss 0.9460, time 343.60ms, mfu 2.02%
iter 763: loss 1.0088, time 215.51ms, mfu 2.15%
iter 764: loss 0.8299, time 304.36ms, mfu 2.17%
iter 765: loss 0.9424, time 303.72ms, mfu 2.18%
iter 766: loss 0.9326, time 328.47ms, mfu 2.18%
iter 767: loss 0.9300, time 372.45ms, mfu 2.15%
iter 768: loss 0.9061, time 443.49ms, mfu 2.10%
iter 769: loss 0.7830, time 405.58ms, mfu 2.06%
iter 770: loss 0.8158, time 346.02ms, mfu 2.06%
iter 771: loss 0.9199, time 470.96ms, mfu 2.01%
iter 772: loss 0.8160, time 323.06ms, mfu 2.02%
iter 773: loss 0.9230, time 307.73ms, mfu 2.05%
iter 774: loss 0.9139, time 360.29ms, mfu 2.04%
iter 775: loss 0.9474, time 493.17ms, mfu 1.98%
iter 776: loss 0.7671, time 310.65ms, mfu 2.01%
iter 777: loss 0.7857, time 280.07ms, mfu 2.06%
iter 778: loss 0.9300, time 361.33ms, mfu 2.05%
iter 779: loss 0.8848, time 260.41ms, mfu 2.12%
iter 780: loss 0.9693, time 299.22ms, mfu 2.15%
iter 781: loss 0.7918, time 459.88ms, mfu 2.09%
iter 782: loss 0.8399, time 275.54ms, mfu 2.13%
iter 783: loss 0.7893, time 411.33ms, mfu 2.09%
iter 784: loss 0.8365, time 489.25ms, mfu 2.03%
iter 785: loss 0.8582, time 392.04ms, mfu 2.01%
iter 786: loss 0.7695, time 288.71ms, mfu 2.05%
iter 787: loss 0.8864, time 372.61ms, mfu 2.04%
iter 788: loss 0.9984, time 454.95ms, mfu 1.99%
iter 789: loss 0.7621, time 415.05ms, mfu 1.96%
iter 790: loss 0.8600, time 269.75ms, mfu 2.03%
iter 791: loss 0.8324, time 389.61ms, mfu 2.01%
iter 792: loss 0.8874, time 271.88ms, mfu 2.07%
iter 793: loss 0.9507, time 440.64ms, mfu 2.02%
iter 794: loss 0.9386, time 378.70ms, mfu 2.01%
iter 795: loss 0.9531, time 449.96ms, mfu 1.96%
iter 796: loss 0.8893, time 480.91ms, mfu 1.91%
iter 797: loss 0.7927, time 252.68ms, mfu 2.00%
iter 798: loss 0.8629, time 333.48ms, mfu 2.02%
iter 799: loss 0.8152, time 332.88ms, mfu 2.03%
iter 800: loss 0.8160, time 628.58ms, mfu 1.94%
  === DIAG iter 800 ===
  loss: 0.8160
  grads: total 1.0000, transformer 0.9500, adapter 0.3123
  <NUM> input tokens: 448/3072 (14.6%)
  lr: base 1.60e-04, adapter 8.01e-05
  SME accuracy: overall 0.363, sign 0.866, exp 0.425, digit 0.164, end 0.844 [d0 0.317 d1 0.052 d2 0.086 d3 0.153 d4 0.130 d5 0.133 d6 0.071 d7 0.167 d8 0.161 d9 0.261 d10 0.200 d11 0.150 d12 0.235 d13 0.062 d14 0.083] (1085 SME tokens)
iter 801: loss 0.9619, time 259.04ms, mfu 2.02%
iter 802: loss 0.9800, time 370.69ms, mfu 2.01%
iter 803: loss 0.8863, time 491.40ms, mfu 1.95%
iter 804: loss 1.0243, time 247.41ms, mfu 2.04%
iter 805: loss 0.8884, time 275.38ms, mfu 2.09%
iter 806: loss 0.8220, time 444.24ms, mfu 2.04%
iter 807: loss 0.9023, time 371.95ms, mfu 2.03%
iter 808: loss 0.9022, time 431.77ms, mfu 1.99%
iter 809: loss 0.8454, time 331.39ms, mfu 2.01%
iter 810: loss 0.9903, time 477.35ms, mfu 1.95%
iter 811: loss 0.8478, time 290.13ms, mfu 2.00%
iter 812: loss 0.8313, time 412.30ms, mfu 1.97%
iter 813: loss 0.8445, time 460.03ms, mfu 1.93%
iter 814: loss 0.9111, time 313.13ms, mfu 1.96%
iter 815: loss 0.7833, time 511.72ms, mfu 1.91%
iter 816: loss 0.8604, time 290.38ms, mfu 1.96%
iter 817: loss 0.8096, time 401.40ms, mfu 1.94%
iter 818: loss 0.7966, time 390.93ms, mfu 1.93%
iter 819: loss 0.8666, time 390.19ms, mfu 1.92%
iter 820: loss 0.9230, time 450.31ms, mfu 1.88%
iter 821: loss 0.8751, time 299.84ms, mfu 1.93%
iter 822: loss 0.8498, time 464.10ms, mfu 1.89%
iter 823: loss 0.8195, time 455.35ms, mfu 1.86%
iter 824: loss 0.7950, time 403.87ms, mfu 1.85%
iter 825: loss 0.9113, time 343.18ms, mfu 1.87%
iter 826: loss 0.9144, time 241.23ms, mfu 1.98%
iter 827: loss 0.8452, time 353.32ms, mfu 1.98%
iter 828: loss 0.7981, time 289.58ms, mfu 2.03%
iter 829: loss 0.9102, time 324.09ms, mfu 2.04%
iter 830: loss 0.9372, time 315.71ms, mfu 2.06%
iter 831: loss 0.9539, time 384.62ms, mfu 2.04%
iter 832: loss 0.8248, time 405.18ms, mfu 2.01%
iter 833: loss 0.8786, time 428.58ms, mfu 1.98%
iter 834: loss 0.7998, time 344.18ms, mfu 1.98%
iter 835: loss 0.8746, time 491.82ms, mfu 1.93%
iter 836: loss 0.8530, time 466.54ms, mfu 1.89%
iter 837: loss 0.8614, time 426.49ms, mfu 1.87%
iter 838: loss 0.8242, time 343.71ms, mfu 1.89%
iter 839: loss 0.7907, time 312.88ms, mfu 1.92%
iter 840: loss 0.9135, time 346.25ms, mfu 1.94%
iter 841: loss 0.8078, time 413.37ms, mfu 1.91%
iter 842: loss 0.8493, time 368.39ms, mfu 1.91%
iter 843: loss 0.8421, time 464.15ms, mfu 1.88%
iter 844: loss 0.8255, time 457.93ms, mfu 1.84%
iter 845: loss 0.8472, time 327.06ms, mfu 1.88%
iter 846: loss 0.8280, time 348.64ms, mfu 1.89%
iter 847: loss 0.8822, time 455.34ms, mfu 1.86%
iter 848: loss 0.8441, time 354.65ms, mfu 1.87%
iter 849: loss 0.8087, time 382.81ms, mfu 1.87%
iter 850: loss 0.7584, time 245.56ms, mfu 1.97%
iter 851: loss 0.9869, time 276.36ms, mfu 2.03%
iter 852: loss 0.8672, time 445.42ms, mfu 1.99%
iter 853: loss 0.8019, time 343.35ms, mfu 1.99%
iter 854: loss 0.8147, time 437.54ms, mfu 1.96%
iter 855: loss 0.9234, time 287.25ms, mfu 2.01%
iter 856: loss 0.8853, time 400.87ms, mfu 1.98%
iter 857: loss 0.8355, time 395.61ms, mfu 1.96%
iter 858: loss 0.9409, time 410.73ms, mfu 1.94%
iter 859: loss 0.7662, time 422.43ms, mfu 1.91%
iter 860: loss 0.8846, time 433.86ms, mfu 1.89%
iter 861: loss 0.8199, time 539.45ms, mfu 1.83%
iter 862: loss 0.8459, time 464.78ms, mfu 1.80%
iter 863: loss 0.9588, time 428.55ms, mfu 1.78%
iter 864: loss 0.9494, time 343.22ms, mfu 1.81%
iter 865: loss 0.7599, time 361.44ms, mfu 1.83%
iter 866: loss 0.8518, time 333.93ms, mfu 1.86%
iter 867: loss 0.8664, time 478.85ms, mfu 1.82%
iter 868: loss 0.8631, time 400.15ms, mfu 1.81%
iter 869: loss 0.9150, time 250.73ms, mfu 1.92%
iter 870: loss 0.8271, time 426.70ms, mfu 1.89%
iter 871: loss 0.8609, time 434.85ms, mfu 1.86%
iter 872: loss 0.9770, time 457.24ms, mfu 1.83%
iter 873: loss 0.7655, time 284.32ms, mfu 1.90%
iter 874: loss 0.8550, time 314.67ms, mfu 1.93%
iter 875: loss 0.8258, time 401.50ms, mfu 1.92%
iter 876: loss 0.8966, time 392.55ms, mfu 1.91%
iter 877: loss 0.8349, time 357.95ms, mfu 1.91%
iter 878: loss 0.8390, time 418.20ms, mfu 1.89%
iter 879: loss 0.9102, time 465.05ms, mfu 1.85%
iter 880: loss 0.8630, time 264.55ms, mfu 1.94%
iter 881: loss 0.8971, time 487.63ms, mfu 1.89%
iter 882: loss 0.8739, time 443.25ms, mfu 1.86%
iter 883: loss 0.8942, time 393.61ms, mfu 1.85%
iter 884: loss 0.8590, time 306.62ms, mfu 1.90%
iter 885: loss 0.9966, time 261.31ms, mfu 1.98%
iter 886: loss 0.9044, time 348.43ms, mfu 1.99%
iter 887: loss 0.7424, time 411.03ms, mfu 1.96%
iter 888: loss 0.8305, time 423.77ms, mfu 1.93%
iter 889: loss 0.8964, time 311.78ms, mfu 1.97%
iter 890: loss 0.9180, time 434.04ms, mfu 1.93%
iter 891: loss 0.7325, time 411.18ms, mfu 1.91%
iter 892: loss 0.9087, time 397.45ms, mfu 1.90%
iter 893: loss 0.8349, time 478.63ms, mfu 1.86%
iter 894: loss 0.8939, time 338.76ms, mfu 1.88%
iter 895: loss 0.8844, time 401.81ms, mfu 1.87%
iter 896: loss 0.8250, time 259.66ms, mfu 1.95%
iter 897: loss 0.8748, time 387.14ms, mfu 1.94%
iter 898: loss 0.8013, time 304.40ms, mfu 1.98%
iter 899: loss 0.8166, time 290.08ms, mfu 2.03%
iter 900: loss 0.8703, time 570.90ms, mfu 1.95%
  === DIAG iter 900 ===
  loss: 0.8703
  grads: total 1.0000, transformer 0.8903, adapter 0.4554
  <NUM> input tokens: 459/3072 (14.9%)
  lr: base 1.80e-04, adapter 9.01e-05
  SME accuracy: overall 0.341, sign 0.912, exp 0.602, digit 0.139, end 0.920 [d0 0.315 d1 0.083 d2 0.100 d3 0.113 d4 0.136 d5 0.129 d6 0.049 d7 0.089 d8 0.077 d9 0.152 d10 0.172 d11 0.160 d12 0.200 d13 0.235 d14 0.000] (1130 SME tokens)
iter 901: loss 0.8728, time 207.28ms, mfu 2.10%
iter 902: loss 0.8766, time 282.71ms, mfu 2.14%
iter 903: loss 0.8527, time 439.29ms, mfu 2.08%
iter 904: loss 0.9077, time 450.45ms, mfu 2.03%
iter 905: loss 0.8222, time 364.16ms, mfu 2.02%
iter 906: loss 0.7979, time 303.72ms, mfu 2.06%
iter 907: loss 0.7359, time 262.20ms, mfu 2.12%
iter 908: loss 0.7735, time 421.32ms, mfu 2.08%
iter 909: loss 0.7786, time 344.39ms, mfu 2.07%
iter 910: loss 0.8327, time 298.00ms, mfu 2.10%
iter 911: loss 0.8900, time 355.84ms, mfu 2.09%
iter 912: loss 0.9281, time 327.47ms, mfu 2.10%
iter 913: loss 0.8050, time 373.15ms, mfu 2.08%
iter 914: loss 0.8043, time 219.53ms, mfu 2.20%
iter 915: loss 0.7421, time 432.59ms, mfu 2.14%
iter 916: loss 0.8779, time 263.13ms, mfu 2.19%
iter 917: loss 0.7553, time 335.54ms, mfu 2.19%
iter 918: loss 0.8341, time 500.27ms, mfu 2.11%
iter 919: loss 0.8572, time 381.18ms, mfu 2.08%
iter 920: loss 0.7873, time 314.28ms, mfu 2.10%
iter 921: loss 0.8053, time 341.89ms, mfu 2.10%
iter 922: loss 0.8157, time 449.12ms, mfu 2.05%
iter 923: loss 0.7691, time 359.15ms, mfu 2.04%
iter 924: loss 0.8424, time 328.44ms, mfu 2.05%
iter 925: loss 0.8046, time 343.60ms, mfu 2.05%
iter 926: loss 0.8791, time 515.40ms, mfu 1.98%
iter 927: loss 0.9193, time 344.92ms, mfu 1.99%
iter 928: loss 0.8488, time 378.97ms, mfu 1.98%
iter 929: loss 0.9242, time 413.49ms, mfu 1.95%
iter 930: loss 0.7927, time 315.39ms, mfu 1.98%
iter 931: loss 0.8663, time 370.36ms, mfu 1.98%
iter 932: loss 0.7933, time 444.90ms, mfu 1.94%
iter 933: loss 0.8961, time 279.06ms, mfu 2.00%
iter 934: loss 0.7645, time 285.53ms, mfu 2.05%
iter 935: loss 0.8706, time 339.11ms, mfu 2.05%
iter 936: loss 0.7893, time 437.06ms, mfu 2.01%
iter 937: loss 0.8142, time 603.46ms, mfu 1.92%
iter 938: loss 0.8729, time 532.68ms, mfu 1.86%
iter 939: loss 0.7803, time 467.52ms, mfu 1.83%
iter 940: loss 0.8812, time 312.67ms, mfu 1.87%
iter 941: loss 0.8000, time 463.67ms, mfu 1.84%
iter 942: loss 0.7828, time 398.66ms, mfu 1.83%
iter 943: loss 0.8436, time 295.21ms, mfu 1.89%
iter 944: loss 0.7810, time 383.58ms, mfu 1.89%
iter 945: loss 0.8442, time 498.75ms, mfu 1.84%
iter 946: loss 0.8426, time 482.22ms, mfu 1.80%
iter 947: loss 0.8277, time 313.72ms, mfu 1.85%
iter 948: loss 0.8385, time 301.32ms, mfu 1.90%
iter 949: loss 0.7621, time 377.23ms, mfu 1.90%
iter 950: loss 0.8164, time 295.99ms, mfu 1.95%
iter 951: loss 0.8110, time 337.88ms, mfu 1.96%
iter 952: loss 0.8785, time 489.40ms, mfu 1.91%
iter 953: loss 0.8522, time 219.79ms, mfu 2.04%
iter 954: loss 0.7490, time 452.70ms, mfu 1.99%
iter 955: loss 0.8457, time 289.25ms, mfu 2.04%
iter 956: loss 0.8794, time 345.80ms, mfu 2.04%
iter 957: loss 0.8942, time 394.76ms, mfu 2.02%
iter 958: loss 0.6887, time 338.62ms, mfu 2.02%
iter 959: loss 0.8084, time 381.29ms, mfu 2.01%
iter 960: loss 0.8843, time 337.75ms, mfu 2.02%
iter 961: loss 0.8472, time 393.11ms, mfu 1.99%
iter 962: loss 0.8760, time 526.29ms, mfu 1.93%
iter 963: loss 0.8856, time 397.88ms, mfu 1.92%
iter 964: loss 0.8913, time 239.21ms, mfu 2.02%
iter 965: loss 0.7508, time 241.21ms, mfu 2.11%
iter 966: loss 0.7464, time 404.76ms, mfu 2.08%
iter 967: loss 0.7941, time 453.08ms, mfu 2.02%
iter 968: loss 0.8110, time 358.76ms, mfu 2.02%
iter 969: loss 0.8661, time 389.02ms, mfu 2.00%
iter 970: loss 0.8608, time 280.93ms, mfu 2.05%
iter 971: loss 0.8241, time 290.98ms, mfu 2.09%
iter 972: loss 0.9393, time 420.53ms, mfu 2.05%
iter 973: loss 0.8434, time 336.37ms, mfu 2.06%
iter 974: loss 0.8855, time 500.45ms, mfu 1.99%
iter 975: loss 0.8209, time 363.27ms, mfu 1.99%
iter 976: loss 0.9300, time 406.46ms, mfu 1.96%
iter 977: loss 0.9865, time 350.22ms, mfu 1.97%
iter 978: loss 0.8942, time 411.22ms, mfu 1.94%
iter 979: loss 0.7970, time 362.82ms, mfu 1.95%
iter 980: loss 0.8183, time 409.78ms, mfu 1.92%
iter 981: loss 1.0016, time 402.66ms, mfu 1.91%
iter 982: loss 0.8463, time 522.28ms, mfu 1.85%
iter 983: loss 0.8296, time 256.93ms, mfu 1.94%
iter 984: loss 0.7533, time 234.34ms, mfu 2.05%
iter 985: loss 0.8034, time 297.27ms, mfu 2.08%
iter 986: loss 0.8868, time 441.67ms, mfu 2.04%
iter 987: loss 0.8029, time 315.39ms, mfu 2.06%
iter 988: loss 0.8541, time 273.30ms, mfu 2.11%
iter 989: loss 0.7647, time 348.47ms, mfu 2.10%
iter 990: loss 0.8638, time 522.04ms, mfu 2.03%
iter 991: loss 0.8903, time 331.84ms, mfu 2.04%
iter 992: loss 0.8581, time 332.71ms, mfu 2.05%
iter 993: loss 0.8629, time 286.77ms, mfu 2.09%
iter 994: loss 0.8151, time 424.80ms, mfu 2.05%
iter 995: loss 0.7738, time 414.80ms, mfu 2.01%
iter 996: loss 0.7712, time 465.83ms, mfu 1.97%
iter 997: loss 0.8240, time 325.98ms, mfu 1.99%
iter 998: loss 0.7297, time 411.04ms, mfu 1.96%
iter 999: loss 0.8011, time 511.13ms, mfu 1.90%
iter 1000: loss 0.8500, time 495.96ms, mfu 1.86%
  === DIAG iter 1000 ===
  loss: 0.8500
  grads: total 1.0000, transformer 0.8150, adapter 0.5794
  <NUM> input tokens: 488/3072 (15.9%)
  lr: base 2.00e-04, adapter 1.00e-04
  SME accuracy: overall 0.343, sign 0.922, exp 0.567, digit 0.119, end 0.899 [d0 0.306 d1 0.099 d2 0.114 d3 0.037 d4 0.068 d5 0.059 d6 0.107 d7 0.067 d8 0.086 d9 0.214 d10 0.143 d11 0.143 d12 0.077 d13 0.091 d14 0.000] (1160 SME tokens)
  --- Sample eval (val) ---
  SUM: <-0.17> <5.75256e+08> <0.000684119> <-1.88834e+08> <-9.26255e+08> →
    target: -5.398e+08
    pred:   -3e+08
    error:  239834278.23

  D5D6D9D7D5D0D2D0D4D7END
    target: 695 8.249e+04 7.071e+08
    pred:   9 9e+08 2.686e+08
    error:  686.00 899917510.00 438533464.00

  <3.76e+08> <2.3e+07> <0> <0.140398> →
    target: 3.99e+08
    pred:   9.699e+08
    error:  570899999.86

  MAX: <1.26784e+07> <7.43821e+08> <5.40117e+06> <-9.11664e+08> <-1e+09> →
    target: 7.438e+08
    pred:   9.66e+08
    error:  222179000.00

  
    target: -3.219e+08
    pred:   INVALID(unparseable)

iter 1001: loss 0.8101, time 858.15ms, mfu 1.75%
iter 1002: loss 0.8560, time 294.69ms, mfu 1.82%
iter 1003: loss 0.8231, time 388.63ms, mfu 1.82%
iter 1004: loss 0.8461, time 553.56ms, mfu 1.76%
iter 1005: loss 0.7850, time 232.83ms, mfu 1.89%
iter 1006: loss 0.9074, time 262.02ms, mfu 1.97%
iter 1007: loss 0.8653, time 249.94ms, mfu 2.06%
iter 1008: loss 0.7521, time 313.86ms, mfu 2.08%
iter 1009: loss 0.8815, time 371.86ms, mfu 2.06%
iter 1010: loss 0.8245, time 442.74ms, mfu 2.02%
iter 1011: loss 0.7758, time 320.16ms, mfu 2.04%
iter 1012: loss 0.8933, time 270.79ms, mfu 2.09%
iter 1013: loss 0.7964, time 298.77ms, mfu 2.12%
iter 1014: loss 0.7481, time 470.12ms, mfu 2.06%
iter 1015: loss 0.8179, time 394.84ms, mfu 2.03%
iter 1016: loss 0.9072, time 397.68ms, mfu 2.01%
iter 1017: loss 0.7882, time 411.00ms, mfu 1.98%
iter 1018: loss 0.8173, time 369.12ms, mfu 1.97%
iter 1019: loss 0.8006, time 457.95ms, mfu 1.93%
iter 1020: loss 0.9323, time 331.30ms, mfu 1.95%
iter 1021: loss 0.7678, time 442.24ms, mfu 1.92%
iter 1022: loss 0.7972, time 439.00ms, mfu 1.89%
iter 1023: loss 0.8616, time 329.49ms, mfu 1.91%
iter 1024: loss 0.7063, time 284.82ms, mfu 1.97%
iter 1025: loss 0.7812, time 323.85ms, mfu 1.99%
iter 1026: loss 0.8178, time 399.02ms, mfu 1.97%
iter 1027: loss 0.7751, time 318.39ms, mfu 2.00%
iter 1028: loss 0.9123, time 388.35ms, mfu 1.98%
iter 1029: loss 0.8190, time 458.63ms, mfu 1.94%
iter 1030: loss 0.8533, time 411.73ms, mfu 1.91%
iter 1031: loss 0.8376, time 432.83ms, mfu 1.89%
iter 1032: loss 0.7829, time 382.76ms, mfu 1.88%
iter 1033: loss 0.7895, time 398.97ms, mfu 1.87%
iter 1034: loss 0.7636, time 316.84ms, mfu 1.91%
iter 1035: loss 0.8019, time 430.04ms, mfu 1.88%
iter 1036: loss 0.8115, time 437.62ms, mfu 1.86%
iter 1037: loss 0.8803, time 426.79ms, mfu 1.84%
iter 1038: loss 0.7640, time 258.63ms, mfu 1.93%
iter 1039: loss 0.8450, time 319.63ms, mfu 1.96%
iter 1040: loss 0.9461, time 349.75ms, mfu 1.96%
iter 1041: loss 0.7979, time 247.66ms, mfu 2.05%
iter 1042: loss 0.7921, time 378.33ms, mfu 2.04%
iter 1043: loss 0.8147, time 276.98ms, mfu 2.09%
iter 1044: loss 0.7989, time 515.97ms, mfu 2.02%
iter 1045: loss 0.8160, time 396.43ms, mfu 1.99%
iter 1046: loss 0.8386, time 324.75ms, mfu 2.01%
iter 1047: loss 0.7674, time 422.52ms, mfu 1.98%
iter 1048: loss 0.8223, time 401.35ms, mfu 1.96%
iter 1049: loss 0.8398, time 424.51ms, mfu 1.93%
iter 1050: loss 0.7934, time 348.01ms, mfu 1.94%
iter 1051: loss 0.8096, time 541.10ms, mfu 1.88%
iter 1052: loss 0.8482, time 315.56ms, mfu 1.91%
iter 1053: loss 0.8962, time 332.30ms, mfu 1.94%
iter 1054: loss 0.8731, time 445.55ms, mfu 1.90%
iter 1055: loss 0.9043, time 257.17ms, mfu 1.99%
iter 1056: loss 0.8500, time 430.56ms, mfu 1.95%
iter 1057: loss 0.8165, time 279.24ms, mfu 2.01%
iter 1058: loss 0.7227, time 290.48ms, mfu 2.05%
iter 1059: loss 0.8687, time 384.11ms, mfu 2.03%
iter 1060: loss 0.7795, time 366.99ms, mfu 2.02%
iter 1061: loss 0.7508, time 371.06ms, mfu 2.01%
iter 1062: loss 0.8981, time 408.37ms, mfu 1.98%
iter 1063: loss 0.8643, time 339.96ms, mfu 1.99%
iter 1064: loss 0.7887, time 318.45ms, mfu 2.02%
iter 1065: loss 0.8781, time 289.98ms, mfu 2.06%
iter 1066: loss 0.7829, time 423.03ms, mfu 2.02%
iter 1067: loss 0.8681, time 385.68ms, mfu 2.00%
iter 1068: loss 0.8353, time 384.75ms, mfu 1.99%
iter 1069: loss 0.8604, time 350.90ms, mfu 1.99%
iter 1070: loss 0.7788, time 334.72ms, mfu 2.00%
iter 1071: loss 0.8021, time 415.87ms, mfu 1.97%
iter 1072: loss 0.8722, time 418.70ms, mfu 1.94%
iter 1073: loss 0.8322, time 468.60ms, mfu 1.90%
iter 1074: loss 0.8249, time 409.06ms, mfu 1.88%
iter 1075: loss 0.7886, time 245.14ms, mfu 1.99%
iter 1076: loss 0.8255, time 305.90ms, mfu 2.02%
iter 1077: loss 0.8371, time 349.84ms, mfu 2.02%
iter 1078: loss 0.8401, time 475.02ms, mfu 1.97%
iter 1079: loss 0.8182, time 264.45ms, mfu 2.04%
iter 1080: loss 0.8387, time 382.24ms, mfu 2.02%
iter 1081: loss 0.8630, time 324.07ms, mfu 2.04%
iter 1082: loss 0.8699, time 423.86ms, mfu 2.00%
iter 1083: loss 0.7922, time 439.23ms, mfu 1.96%
iter 1084: loss 0.7946, time 424.73ms, mfu 1.93%
iter 1085: loss 0.8275, time 263.73ms, mfu 2.01%
iter 1086: loss 0.6771, time 440.21ms, mfu 1.97%
iter 1087: loss 0.7943, time 333.89ms, mfu 1.98%
iter 1088: loss 0.9048, time 268.11ms, mfu 2.05%
iter 1089: loss 0.8304, time 382.78ms, mfu 2.03%
iter 1090: loss 0.7700, time 442.29ms, mfu 1.99%
iter 1091: loss 0.8317, time 561.98ms, mfu 1.91%
iter 1092: loss 0.8087, time 228.92ms, mfu 2.03%
iter 1093: loss 0.8534, time 436.54ms, mfu 1.99%
iter 1094: loss 0.7601, time 211.04ms, mfu 2.13%
iter 1095: loss 0.7908, time 302.33ms, mfu 2.15%
iter 1096: loss 0.8677, time 490.12ms, mfu 2.08%
iter 1097: loss 0.7504, time 399.19ms, mfu 2.05%
iter 1098: loss 0.8879, time 291.54ms, mfu 2.09%
iter 1099: loss 0.9155, time 523.55ms, mfu 2.01%
iter 1100: loss 0.8994, time 372.67ms, mfu 2.00%
  === DIAG iter 1100 ===
  loss: 0.8994
  grads: total 1.0000, transformer 0.8401, adapter 0.5424
  <NUM> input tokens: 474/3072 (15.4%)
  lr: base 2.20e-04, adapter 1.10e-04
  SME accuracy: overall 0.331, sign 0.947, exp 0.588, digit 0.112, end 0.848 [d0 0.269 d1 0.122 d2 0.066 d3 0.023 d4 0.037 d5 0.042 d6 0.062 d7 0.056 d8 0.067 d9 0.125 d10 0.222 d11 0.176 d12 0.417 d13 0.600 d14 0.250] (1231 SME tokens)
iter 1101: loss 0.7663, time 242.37ms, mfu 2.09%
iter 1102: loss 0.7957, time 333.47ms, mfu 2.10%
iter 1103: loss 0.7789, time 424.50ms, mfu 2.05%
iter 1104: loss 0.8990, time 362.68ms, mfu 2.04%
iter 1105: loss 0.8605, time 435.78ms, mfu 2.00%
iter 1106: loss 0.9383, time 246.24ms, mfu 2.09%
iter 1107: loss 0.7864, time 382.87ms, mfu 2.07%
iter 1108: loss 0.7657, time 377.67ms, mfu 2.05%
iter 1109: loss 0.8576, time 417.07ms, mfu 2.01%
iter 1110: loss 0.8697, time 364.95ms, mfu 2.01%
iter 1111: loss 0.7562, time 311.75ms, mfu 2.03%
iter 1112: loss 0.7510, time 331.16ms, mfu 2.04%
iter 1113: loss 0.8357, time 309.78ms, mfu 2.07%
iter 1114: loss 0.7510, time 276.94ms, mfu 2.12%
iter 1115: loss 0.8712, time 319.28ms, mfu 2.13%
iter 1116: loss 0.9199, time 307.33ms, mfu 2.15%
iter 1117: loss 0.7352, time 335.83ms, mfu 2.14%
iter 1118: loss 0.9179, time 403.54ms, mfu 2.10%
iter 1119: loss 0.8983, time 283.76ms, mfu 2.14%
iter 1120: loss 0.8304, time 390.49ms, mfu 2.11%
iter 1121: loss 0.7949, time 459.70ms, mfu 2.05%
iter 1122: loss 0.8043, time 474.26ms, mfu 2.00%
iter 1123: loss 0.8042, time 317.50ms, mfu 2.02%
iter 1124: loss 0.8070, time 407.64ms, mfu 1.99%
iter 1125: loss 0.7567, time 273.96ms, mfu 2.05%
iter 1126: loss 0.7377, time 412.69ms, mfu 2.02%
iter 1127: loss 0.8630, time 319.88ms, mfu 2.04%
iter 1128: loss 0.7870, time 329.62ms, mfu 2.05%
iter 1129: loss 0.8678, time 304.88ms, mfu 2.08%
iter 1130: loss 0.6822, time 353.86ms, mfu 2.07%
iter 1131: loss 0.7650, time 537.29ms, mfu 1.99%
iter 1132: loss 0.8708, time 403.10ms, mfu 1.97%
iter 1133: loss 0.8279, time 289.61ms, mfu 2.02%
iter 1134: loss 0.8951, time 488.63ms, mfu 1.96%
iter 1135: loss 0.8633, time 364.79ms, mfu 1.96%
iter 1136: loss 0.8318, time 395.60ms, mfu 1.94%
iter 1137: loss 0.7743, time 508.27ms, mfu 1.89%
iter 1138: loss 0.8645, time 251.26ms, mfu 1.98%
iter 1139: loss 0.7717, time 365.30ms, mfu 1.98%
iter 1140: loss 0.8187, time 525.44ms, mfu 1.91%
iter 1141: loss 0.7256, time 366.75ms, mfu 1.92%
iter 1142: loss 0.8823, time 373.76ms, mfu 1.91%
iter 1143: loss 0.8392, time 409.97ms, mfu 1.90%
iter 1144: loss 0.8736, time 277.90ms, mfu 1.96%
iter 1145: loss 0.8112, time 408.18ms, mfu 1.94%
iter 1146: loss 0.7518, time 433.11ms, mfu 1.91%
iter 1147: loss 0.7785, time 426.33ms, mfu 1.88%
iter 1148: loss 0.7767, time 262.75ms, mfu 1.97%
iter 1149: loss 0.7936, time 398.51ms, mfu 1.95%
iter 1150: loss 0.7854, time 414.70ms, mfu 1.92%
iter 1151: loss 0.8694, time 315.70ms, mfu 1.95%
iter 1152: loss 0.7460, time 368.46ms, mfu 1.95%
iter 1153: loss 0.7716, time 400.52ms, mfu 1.93%
iter 1154: loss 0.8651, time 317.02ms, mfu 1.96%
iter 1155: loss 0.8531, time 350.14ms, mfu 1.97%
iter 1156: loss 0.7601, time 364.81ms, mfu 1.97%
iter 1157: loss 0.7959, time 324.79ms, mfu 1.99%
iter 1158: loss 0.8428, time 303.04ms, mfu 2.02%
iter 1159: loss 0.8673, time 300.61ms, mfu 2.06%
iter 1160: loss 0.7844, time 378.18ms, mfu 2.04%
iter 1161: loss 0.7930, time 272.15ms, mfu 2.10%
iter 1162: loss 0.7511, time 296.66ms, mfu 2.12%
iter 1163: loss 0.8263, time 393.31ms, mfu 2.09%
iter 1164: loss 0.7586, time 418.97ms, mfu 2.05%
iter 1165: loss 0.8511, time 368.93ms, mfu 2.04%
iter 1166: loss 0.7811, time 326.85ms, mfu 2.05%
iter 1167: loss 0.8576, time 431.42ms, mfu 2.01%
iter 1168: loss 0.8005, time 283.37ms, mfu 2.06%
iter 1169: loss 0.8903, time 390.88ms, mfu 2.04%
iter 1170: loss 0.7333, time 260.80ms, mfu 2.10%
iter 1171: loss 0.8223, time 258.85ms, mfu 2.17%
iter 1172: loss 0.6986, time 426.45ms, mfu 2.12%
iter 1173: loss 0.7741, time 404.22ms, mfu 2.08%
iter 1174: loss 0.7998, time 269.13ms, mfu 2.14%
iter 1175: loss 0.9580, time 500.80ms, mfu 2.06%
iter 1176: loss 0.6950, time 407.21ms, mfu 2.03%
iter 1177: loss 0.9201, time 326.34ms, mfu 2.05%
iter 1178: loss 0.9279, time 303.86ms, mfu 2.07%
iter 1179: loss 0.7996, time 418.00ms, mfu 2.04%
iter 1180: loss 0.7702, time 347.72ms, mfu 2.04%
iter 1181: loss 0.9018, time 326.84ms, mfu 2.05%
iter 1182: loss 0.8335, time 360.30ms, mfu 2.04%
iter 1183: loss 0.7779, time 359.92ms, mfu 2.03%
iter 1184: loss 0.7764, time 412.28ms, mfu 2.00%
iter 1185: loss 0.8459, time 405.78ms, mfu 1.98%
iter 1186: loss 0.7972, time 412.35ms, mfu 1.95%
iter 1187: loss 0.8402, time 408.25ms, mfu 1.93%
iter 1188: loss 0.8298, time 399.94ms, mfu 1.91%
iter 1189: loss 0.7931, time 284.71ms, mfu 1.97%
iter 1190: loss 0.8116, time 352.38ms, mfu 1.98%
iter 1191: loss 0.8811, time 361.97ms, mfu 1.97%
iter 1192: loss 0.7911, time 418.81ms, mfu 1.95%
iter 1193: loss 0.8699, time 413.48ms, mfu 1.92%
iter 1194: loss 0.7251, time 367.72ms, mfu 1.92%
iter 1195: loss 0.7973, time 345.43ms, mfu 1.94%
iter 1196: loss 0.6431, time 308.20ms, mfu 1.97%
iter 1197: loss 0.7142, time 444.83ms, mfu 1.93%
iter 1198: loss 0.7381, time 519.78ms, mfu 1.88%
iter 1199: loss 0.9521, time 299.70ms, mfu 1.93%
iter 1200: loss 0.7041, time 498.35ms, mfu 1.88%
  === DIAG iter 1200 ===
  loss: 0.7041
  grads: total 0.8336, transformer 0.7158, adapter 0.4271
  <NUM> input tokens: 496/3072 (16.1%)
  lr: base 2.40e-04, adapter 1.20e-04
  SME accuracy: overall 0.409, sign 0.941, exp 0.669, digit 0.156, end 0.892 [d0 0.339 d1 0.089 d2 0.059 d3 0.155 d4 0.151 d5 0.156 d6 0.091 d7 0.194 d8 0.138 d9 0.083 d10 0.091 d11 0.111 d12 0.000 d13 0.000 d14 0.000] (954 SME tokens)
iter 1201: loss 0.7881, time 177.99ms, mfu 2.09%
iter 1202: loss 0.8547, time 386.59ms, mfu 2.06%
iter 1203: loss 0.8621, time 330.64ms, mfu 2.07%
iter 1204: loss 0.8298, time 504.57ms, mfu 2.00%
iter 1205: loss 0.8699, time 307.43ms, mfu 2.03%
iter 1206: loss 0.8589, time 430.35ms, mfu 1.99%
iter 1207: loss 0.7919, time 457.38ms, mfu 1.95%
iter 1208: loss 0.7909, time 317.46ms, mfu 1.98%
iter 1209: loss 0.8606, time 323.57ms, mfu 2.00%
iter 1210: loss 0.9101, time 434.01ms, mfu 1.96%
iter 1211: loss 0.8087, time 346.79ms, mfu 1.97%
iter 1212: loss 0.9171, time 309.47ms, mfu 2.00%
iter 1213: loss 0.8504, time 357.85ms, mfu 2.00%
iter 1214: loss 0.7584, time 318.84ms, mfu 2.02%
iter 1215: loss 0.7707, time 611.26ms, mfu 1.94%
iter 1216: loss 0.8787, time 407.43ms, mfu 1.92%
iter 1217: loss 0.7758, time 370.55ms, mfu 1.92%
iter 1218: loss 0.7407, time 571.36ms, mfu 1.85%
iter 1219: loss 0.7622, time 570.12ms, mfu 1.79%
iter 1220: loss 0.8217, time 307.73ms, mfu 1.84%
iter 1221: loss 0.8517, time 396.37ms, mfu 1.83%
iter 1222: loss 0.6108, time 453.42ms, mfu 1.81%
iter 1223: loss 0.7214, time 368.41ms, mfu 1.82%
iter 1224: loss 0.7093, time 440.65ms, mfu 1.80%
iter 1225: loss 0.7122, time 233.65ms, mfu 1.92%
iter 1226: loss 0.7840, time 250.73ms, mfu 2.01%
iter 1227: loss 0.8048, time 436.92ms, mfu 1.97%
iter 1228: loss 0.7521, time 259.19ms, mfu 2.05%
iter 1229: loss 0.7287, time 393.75ms, mfu 2.02%
iter 1230: loss 0.7413, time 400.02ms, mfu 2.00%
iter 1231: loss 0.8298, time 338.77ms, mfu 2.01%
iter 1232: loss 0.8060, time 281.21ms, mfu 2.06%
iter 1233: loss 0.8496, time 392.94ms, mfu 2.03%
iter 1234: loss 0.7592, time 290.87ms, mfu 2.07%
iter 1235: loss 0.8023, time 467.98ms, mfu 2.02%
iter 1236: loss 0.9593, time 249.31ms, mfu 2.10%
iter 1237: loss 0.8193, time 431.23ms, mfu 2.05%
iter 1238: loss 0.7933, time 319.85ms, mfu 2.07%
iter 1239: loss 0.8180, time 599.22ms, mfu 1.98%
iter 1240: loss 0.7963, time 319.44ms, mfu 2.01%
iter 1241: loss 0.8025, time 436.28ms, mfu 1.97%
iter 1242: loss 0.7446, time 339.96ms, mfu 1.98%
iter 1243: loss 0.7344, time 384.32ms, mfu 1.97%
iter 1244: loss 0.8152, time 225.27ms, mfu 2.08%
iter 1245: loss 0.8466, time 316.04ms, mfu 2.10%
iter 1246: loss 0.8463, time 427.77ms, mfu 2.06%
iter 1247: loss 0.7878, time 286.01ms, mfu 2.10%
iter 1248: loss 0.8175, time 407.70ms, mfu 2.06%
iter 1249: loss 0.7840, time 290.06ms, mfu 2.10%
iter 1250: loss 0.8242, time 402.56ms, mfu 2.07%
iter 1251: loss 0.8125, time 420.53ms, mfu 2.03%
iter 1252: loss 0.7665, time 336.27ms, mfu 2.04%
iter 1253: loss 0.7944, time 424.96ms, mfu 2.00%
iter 1254: loss 0.8332, time 438.29ms, mfu 1.96%
iter 1255: loss 0.7998, time 235.75ms, mfu 2.07%
iter 1256: loss 0.7464, time 455.01ms, mfu 2.01%
iter 1257: loss 0.8519, time 372.88ms, mfu 2.00%
iter 1258: loss 0.7816, time 406.60ms, mfu 1.98%
iter 1259: loss 0.8202, time 354.70ms, mfu 1.98%
iter 1260: loss 0.7136, time 293.37ms, mfu 2.02%
iter 1261: loss 0.7801, time 361.53ms, mfu 2.02%
iter 1262: loss 0.8345, time 327.93ms, mfu 2.03%
iter 1263: loss 0.7508, time 232.00ms, mfu 2.13%
iter 1264: loss 0.8221, time 275.86ms, mfu 2.18%
iter 1265: loss 0.8515, time 454.70ms, mfu 2.12%
iter 1266: loss 0.8627, time 221.50ms, mfu 2.22%
iter 1267: loss 0.8437, time 453.01ms, mfu 2.16%
iter 1268: loss 0.8850, time 272.28ms, mfu 2.20%
iter 1269: loss 0.7617, time 257.74ms, mfu 2.26%
iter 1270: loss 0.8355, time 335.87ms, mfu 2.24%
iter 1271: loss 0.8546, time 302.33ms, mfu 2.25%
iter 1272: loss 0.9187, time 394.94ms, mfu 2.21%
iter 1273: loss 0.7599, time 344.41ms, mfu 2.19%
iter 1274: loss 0.7259, time 400.17ms, mfu 2.15%
iter 1275: loss 0.8082, time 330.41ms, mfu 2.15%
iter 1276: loss 0.8132, time 453.08ms, mfu 2.09%
iter 1277: loss 0.8490, time 248.48ms, mfu 2.17%
iter 1278: loss 0.7711, time 258.50ms, mfu 2.22%
iter 1279: loss 0.7493, time 417.97ms, mfu 2.17%
iter 1280: loss 0.7470, time 417.73ms, mfu 2.12%
iter 1281: loss 0.8450, time 416.21ms, mfu 2.08%
iter 1282: loss 0.7809, time 250.87ms, mfu 2.16%
iter 1283: loss 0.6991, time 430.03ms, mfu 2.11%
iter 1284: loss 0.8881, time 271.33ms, mfu 2.16%
iter 1285: loss 0.7640, time 437.45ms, mfu 2.10%
iter 1286: loss 0.8749, time 269.57ms, mfu 2.16%
iter 1287: loss 0.8336, time 408.26ms, mfu 2.11%
iter 1288: loss 0.8601, time 311.32ms, mfu 2.13%
iter 1289: loss 0.7064, time 597.89ms, mfu 2.04%
iter 1290: loss 0.7828, time 226.07ms, mfu 2.15%
iter 1291: loss 0.7862, time 416.94ms, mfu 2.10%
iter 1292: loss 0.8722, time 547.50ms, mfu 2.02%
iter 1293: loss 0.7169, time 394.51ms, mfu 2.00%
iter 1294: loss 0.7949, time 405.49ms, mfu 1.97%
iter 1295: loss 0.8281, time 404.18ms, mfu 1.95%
iter 1296: loss 0.7368, time 336.43ms, mfu 1.97%
iter 1297: loss 0.8567, time 445.94ms, mfu 1.93%
iter 1298: loss 0.8908, time 368.30ms, mfu 1.93%
iter 1299: loss 0.7865, time 422.71ms, mfu 1.90%
iter 1300: loss 0.7039, time 424.66ms, mfu 1.88%
  === DIAG iter 1300 ===
  loss: 0.7039
  grads: total 1.0000, transformer 0.6227, adapter 0.7824
  <NUM> input tokens: 486/3072 (15.8%)
  lr: base 2.60e-04, adapter 1.30e-04
  SME accuracy: overall 0.386, sign 0.963, exp 0.654, digit 0.176, end 0.802 [d0 0.298 d1 0.184 d2 0.157 d3 0.180 d4 0.158 d5 0.122 d6 0.136 d7 0.128 d8 0.147 d9 0.174 d10 0.250 d11 0.211 d12 0.062 d13 0.000 d14 0.000] (958 SME tokens)
iter 1301: loss 0.8514, time 161.57ms, mfu 2.13%
iter 1302: loss 0.8514, time 391.15ms, mfu 2.10%
iter 1303: loss 0.7393, time 358.09ms, mfu 2.09%
iter 1304: loss 0.7902, time 409.63ms, mfu 2.05%
iter 1305: loss 0.8383, time 534.76ms, mfu 1.98%
iter 1306: loss 0.8324, time 243.51ms, mfu 2.07%
iter 1307: loss 0.7277, time 454.29ms, mfu 2.02%
iter 1308: loss 0.7138, time 218.82ms, mfu 2.14%
iter 1309: loss 0.8376, time 374.05ms, mfu 2.12%
iter 1310: loss 0.7988, time 431.22ms, mfu 2.07%
iter 1311: loss 0.8444, time 330.25ms, mfu 2.08%
iter 1312: loss 0.8031, time 411.17ms, mfu 2.04%
iter 1313: loss 0.7695, time 412.76ms, mfu 2.01%
iter 1314: loss 0.8238, time 373.04ms, mfu 2.00%
iter 1315: loss 0.7585, time 277.57ms, mfu 2.05%
iter 1316: loss 0.8170, time 420.85ms, mfu 2.02%
iter 1317: loss 0.8456, time 391.95ms, mfu 2.00%
iter 1318: loss 0.8225, time 414.77ms, mfu 1.97%
iter 1319: loss 0.7638, time 229.71ms, mfu 2.08%
iter 1320: loss 0.7660, time 370.42ms, mfu 2.06%
iter 1321: loss 0.7860, time 297.05ms, mfu 2.10%
iter 1322: loss 0.8322, time 337.33ms, mfu 2.10%
iter 1323: loss 0.7476, time 386.47ms, mfu 2.07%
iter 1324: loss 0.8448, time 291.18ms, mfu 2.11%
iter 1325: loss 0.7893, time 307.46ms, mfu 2.13%
iter 1326: loss 0.7872, time 465.87ms, mfu 2.07%
iter 1327: loss 0.7383, time 380.52ms, mfu 2.05%
iter 1328: loss 0.8565, time 334.62ms, mfu 2.05%
iter 1329: loss 0.7738, time 433.16ms, mfu 2.01%
iter 1330: loss 0.7936, time 256.25ms, mfu 2.09%
iter 1331: loss 0.7992, time 304.01ms, mfu 2.11%
iter 1332: loss 0.8194, time 429.41ms, mfu 2.06%
iter 1333: loss 0.7793, time 329.19ms, mfu 2.07%
iter 1334: loss 0.7006, time 338.32ms, mfu 2.08%
iter 1335: loss 0.8591, time 420.08ms, mfu 2.04%
iter 1336: loss 0.8141, time 458.78ms, mfu 1.99%
iter 1337: loss 0.8897, time 268.31ms, mfu 2.05%
iter 1338: loss 0.7485, time 416.06ms, mfu 2.02%
iter 1339: loss 0.8384, time 363.26ms, mfu 2.01%
iter 1340: loss 0.8906, time 303.61ms, mfu 2.04%
iter 1341: loss 0.8459, time 492.29ms, mfu 1.98%
iter 1342: loss 0.8378, time 325.58ms, mfu 2.00%
iter 1343: loss 0.7839, time 399.51ms, mfu 1.98%
iter 1344: loss 0.7495, time 342.75ms, mfu 1.99%
iter 1345: loss 0.8556, time 421.28ms, mfu 1.96%
iter 1346: loss 0.8644, time 425.40ms, mfu 1.93%
iter 1347: loss 0.8449, time 376.61ms, mfu 1.92%
iter 1348: loss 0.7855, time 402.48ms, mfu 1.91%
iter 1349: loss 0.8578, time 413.24ms, mfu 1.89%
iter 1350: loss 0.8572, time 312.27ms, mfu 1.93%
iter 1351: loss 0.7241, time 365.99ms, mfu 1.93%
iter 1352: loss 0.8202, time 364.77ms, mfu 1.93%
iter 1353: loss 0.8159, time 286.99ms, mfu 1.98%
iter 1354: loss 0.8477, time 366.36ms, mfu 1.98%
iter 1355: loss 0.7715, time 379.26ms, mfu 1.97%
iter 1356: loss 0.7216, time 310.22ms, mfu 2.00%
iter 1357: loss 0.7336, time 464.03ms, mfu 1.95%
iter 1358: loss 0.8666, time 403.87ms, mfu 1.93%
iter 1359: loss 0.7040, time 446.34ms, mfu 1.90%
iter 1360: loss 0.7362, time 282.93ms, mfu 1.96%
iter 1361: loss 0.7346, time 335.64ms, mfu 1.97%
iter 1362: loss 0.7869, time 462.13ms, mfu 1.93%
iter 1363: loss 0.7275, time 247.34ms, mfu 2.02%
iter 1364: loss 0.8502, time 504.80ms, mfu 1.96%
iter 1365: loss 0.7624, time 342.24ms, mfu 1.97%
iter 1366: loss 0.7143, time 434.98ms, mfu 1.94%
iter 1367: loss 0.7436, time 366.63ms, mfu 1.94%
iter 1368: loss 0.8333, time 441.37ms, mfu 1.90%
iter 1369: loss 0.6835, time 267.22ms, mfu 1.98%
iter 1370: loss 0.8187, time 357.91ms, mfu 1.98%
iter 1371: loss 0.8057, time 394.34ms, mfu 1.96%
iter 1372: loss 0.7355, time 321.15ms, mfu 1.99%
iter 1373: loss 0.8483, time 271.73ms, mfu 2.05%
iter 1374: loss 0.7675, time 520.02ms, mfu 1.98%
iter 1375: loss 0.7345, time 380.32ms, mfu 1.97%
iter 1376: loss 0.7739, time 366.66ms, mfu 1.96%
iter 1377: loss 0.7831, time 300.67ms, mfu 2.00%
iter 1378: loss 0.8367, time 321.28ms, mfu 2.02%
iter 1379: loss 0.7412, time 256.14ms, mfu 2.10%
iter 1380: loss 0.8652, time 306.80ms, mfu 2.12%
iter 1381: loss 0.8020, time 426.28ms, mfu 2.07%
iter 1382: loss 0.7503, time 433.84ms, mfu 2.03%
iter 1383: loss 0.7319, time 295.13ms, mfu 2.07%
iter 1384: loss 0.8261, time 456.97ms, mfu 2.02%
iter 1385: loss 0.9389, time 315.09ms, mfu 2.04%
iter 1386: loss 0.8918, time 311.14ms, mfu 2.06%
iter 1387: loss 0.8412, time 255.85ms, mfu 2.13%
iter 1388: loss 0.7716, time 322.40ms, mfu 2.14%
iter 1389: loss 0.8169, time 336.18ms, mfu 2.14%
iter 1390: loss 0.8025, time 368.26ms, mfu 2.12%
iter 1391: loss 0.8283, time 267.54ms, mfu 2.17%
iter 1392: loss 0.7658, time 353.16ms, mfu 2.15%
iter 1393: loss 0.8342, time 299.15ms, mfu 2.17%
iter 1394: loss 0.7708, time 406.50ms, mfu 2.13%
iter 1395: loss 0.8240, time 241.24ms, mfu 2.21%
iter 1396: loss 0.8250, time 365.06ms, mfu 2.18%
iter 1397: loss 0.8164, time 282.57ms, mfu 2.22%
iter 1398: loss 0.8396, time 412.71ms, mfu 2.17%
iter 1399: loss 0.7529, time 292.51ms, mfu 2.19%
iter 1400: loss 0.8157, time 461.22ms, mfu 2.13%
  === DIAG iter 1400 ===
  loss: 0.8157
  grads: total 1.0000, transformer 0.6474, adapter 0.7622
  <NUM> input tokens: 413/3072 (13.4%)
  lr: base 2.80e-04, adapter 1.40e-04
  SME accuracy: overall 0.369, sign 0.893, exp 0.740, digit 0.145, end 0.884 [d0 0.345 d1 0.086 d2 0.095 d3 0.077 d4 0.182 d5 0.133 d6 0.091 d7 0.077 d8 0.062 d9 0.182 d10 0.077 d11 0.000 d12 0.143 d13 0.200 d14 0.000] (1131 SME tokens)
iter 1401: loss 0.7514, time 217.41ms, mfu 2.24%
iter 1402: loss 0.7986, time 279.69ms, mfu 2.27%
iter 1403: loss 0.8712, time 439.36ms, mfu 2.20%
iter 1404: loss 0.8395, time 307.04ms, mfu 2.21%
iter 1405: loss 0.7443, time 251.39ms, mfu 2.27%
iter 1406: loss 0.8445, time 433.66ms, mfu 2.21%
iter 1407: loss 0.6578, time 420.74ms, mfu 2.16%
iter 1408: loss 0.7728, time 388.86ms, mfu 2.12%
iter 1409: loss 0.8214, time 350.75ms, mfu 2.11%
iter 1410: loss 0.7471, time 347.46ms, mfu 2.11%
iter 1411: loss 0.7809, time 355.34ms, mfu 2.10%
iter 1412: loss 0.7492, time 291.60ms, mfu 2.13%
iter 1413: loss 0.7649, time 368.74ms, mfu 2.11%
iter 1414: loss 0.7627, time 367.97ms, mfu 2.09%
iter 1415: loss 0.8044, time 342.34ms, mfu 2.09%
iter 1416: loss 0.6911, time 473.84ms, mfu 2.03%
iter 1417: loss 0.7380, time 485.40ms, mfu 1.97%
iter 1418: loss 0.7149, time 300.04ms, mfu 2.01%
iter 1419: loss 0.8398, time 449.71ms, mfu 1.97%
iter 1420: loss 0.8133, time 344.67ms, mfu 1.98%
iter 1421: loss 0.7597, time 444.21ms, mfu 1.94%
iter 1422: loss 0.7622, time 499.69ms, mfu 1.89%
iter 1423: loss 0.8643, time 417.96ms, mfu 1.87%
iter 1424: loss 0.8184, time 253.42ms, mfu 1.96%
iter 1425: loss 0.7851, time 442.49ms, mfu 1.92%
iter 1426: loss 0.7704, time 407.88ms, mfu 1.91%
iter 1427: loss 0.6690, time 422.07ms, mfu 1.88%
iter 1428: loss 0.7666, time 425.47ms, mfu 1.86%
iter 1429: loss 0.8530, time 376.19ms, mfu 1.86%
iter 1430: loss 0.8171, time 420.81ms, mfu 1.85%
iter 1431: loss 0.8063, time 494.63ms, mfu 1.80%
iter 1432: loss 0.7755, time 414.48ms, mfu 1.79%
iter 1433: loss 0.8645, time 333.81ms, mfu 1.83%
iter 1434: loss 0.7587, time 215.33ms, mfu 1.97%
iter 1435: loss 0.8057, time 309.73ms, mfu 2.01%
iter 1436: loss 0.7458, time 336.77ms, mfu 2.02%
iter 1437: loss 0.8173, time 474.40ms, mfu 1.96%
iter 1438: loss 0.8010, time 410.62ms, mfu 1.94%
iter 1439: loss 0.7682, time 396.69ms, mfu 1.92%
iter 1440: loss 0.7931, time 406.28ms, mfu 1.91%
iter 1441: loss 0.7634, time 356.12ms, mfu 1.91%
iter 1442: loss 0.7134, time 417.48ms, mfu 1.89%
iter 1443: loss 0.7892, time 250.87ms, mfu 1.99%
iter 1444: loss 0.7972, time 261.40ms, mfu 2.06%
iter 1445: loss 0.6304, time 309.81ms, mfu 2.08%
iter 1446: loss 0.7468, time 369.97ms, mfu 2.06%
iter 1447: loss 0.8030, time 466.04ms, mfu 2.01%
iter 1448: loss 0.7387, time 323.38ms, mfu 2.03%
iter 1449: loss 0.7749, time 400.69ms, mfu 2.00%
iter 1450: loss 0.8436, time 473.10ms, mfu 1.95%
iter 1451: loss 0.7761, time 402.36ms, mfu 1.93%
iter 1452: loss 0.7686, time 333.59ms, mfu 1.95%
iter 1453: loss 0.7791, time 340.38ms, mfu 1.97%
iter 1454: loss 0.7688, time 477.45ms, mfu 1.92%
iter 1455: loss 0.8552, time 437.18ms, mfu 1.89%
iter 1456: loss 0.8630, time 540.51ms, mfu 1.83%
iter 1457: loss 0.8150, time 344.79ms, mfu 1.85%
iter 1458: loss 0.8756, time 256.23ms, mfu 1.94%
iter 1459: loss 0.7216, time 413.26ms, mfu 1.92%
iter 1460: loss 0.8169, time 351.07ms, mfu 1.93%
iter 1461: loss 0.7829, time 260.37ms, mfu 2.01%
iter 1462: loss 0.8309, time 409.04ms, mfu 1.98%
iter 1463: loss 0.7844, time 372.98ms, mfu 1.97%
iter 1464: loss 0.8695, time 336.55ms, mfu 1.99%
iter 1465: loss 0.8356, time 313.44ms, mfu 2.01%
iter 1466: loss 0.7910, time 404.56ms, mfu 1.99%
iter 1467: loss 0.8133, time 363.88ms, mfu 1.98%
iter 1468: loss 0.8903, time 547.13ms, mfu 1.92%
iter 1469: loss 0.8707, time 451.36ms, mfu 1.88%
iter 1470: loss 0.8018, time 289.44ms, mfu 1.94%
iter 1471: loss 0.6948, time 352.90ms, mfu 1.94%
iter 1472: loss 0.8069, time 268.51ms, mfu 2.01%
iter 1473: loss 0.8986, time 497.14ms, mfu 1.96%
iter 1474: loss 0.8532, time 473.67ms, mfu 1.91%
iter 1475: loss 0.8408, time 418.57ms, mfu 1.89%
iter 1476: loss 0.8855, time 475.00ms, mfu 1.85%
iter 1477: loss 0.7111, time 348.53ms, mfu 1.87%
iter 1478: loss 0.7506, time 290.47ms, mfu 1.92%
iter 1479: loss 0.8328, time 352.15ms, mfu 1.93%
iter 1480: loss 0.7474, time 367.55ms, mfu 1.93%
iter 1481: loss 0.7309, time 373.54ms, mfu 1.93%
iter 1482: loss 0.7612, time 457.60ms, mfu 1.89%
iter 1483: loss 0.7407, time 452.99ms, mfu 1.86%
iter 1484: loss 0.8572, time 283.88ms, mfu 1.92%
iter 1485: loss 0.7692, time 329.29ms, mfu 1.95%
iter 1486: loss 0.7506, time 379.90ms, mfu 1.94%
iter 1487: loss 0.7757, time 343.65ms, mfu 1.95%
iter 1488: loss 0.8161, time 370.95ms, mfu 1.95%
iter 1489: loss 0.8100, time 356.83ms, mfu 1.95%
iter 1490: loss 0.7905, time 301.21ms, mfu 1.99%
iter 1491: loss 0.7083, time 296.95ms, mfu 2.03%
iter 1492: loss 0.8782, time 261.93ms, mfu 2.10%
iter 1493: loss 0.7538, time 485.84ms, mfu 2.03%
iter 1494: loss 0.8431, time 390.82ms, mfu 2.01%
iter 1495: loss 0.8194, time 472.44ms, mfu 1.96%
iter 1496: loss 0.8338, time 377.91ms, mfu 1.95%
iter 1497: loss 0.7207, time 268.71ms, mfu 2.02%
iter 1498: loss 0.7414, time 442.88ms, mfu 1.98%
iter 1499: loss 0.8087, time 293.24ms, mfu 2.02%
iter 1500: loss 0.8577, time 687.35ms, mfu 1.92%
  === DIAG iter 1500 ===
  loss: 0.8577
  grads: total 1.0000, transformer 0.4615, adapter 0.8872
  <NUM> input tokens: 489/3072 (15.9%)
  lr: base 3.00e-04, adapter 1.50e-04
  SME accuracy: overall 0.356, sign 0.919, exp 0.680, digit 0.134, end 0.928 [d0 0.314 d1 0.091 d2 0.080 d3 0.073 d4 0.043 d5 0.095 d6 0.052 d7 0.098 d8 0.114 d9 0.130 d10 0.263 d11 0.263 d12 0.294 d13 0.167 d14 0.100] (1184 SME tokens)
iter 1501: loss 0.7512, time 242.41ms, mfu 2.02%
iter 1502: loss 0.7210, time 216.66ms, mfu 2.15%
iter 1503: loss 0.7837, time 426.79ms, mfu 2.10%
iter 1504: loss 0.7511, time 390.60ms, mfu 2.07%
iter 1505: loss 0.7333, time 351.52ms, mfu 2.07%
iter 1506: loss 0.7110, time 384.80ms, mfu 2.04%
iter 1507: loss 0.7882, time 322.80ms, mfu 2.06%
iter 1508: loss 0.7242, time 376.60ms, mfu 2.04%
iter 1509: loss 0.7507, time 350.95ms, mfu 2.04%
iter 1510: loss 0.8148, time 532.78ms, mfu 1.97%
iter 1511: loss 0.7909, time 435.38ms, mfu 1.93%
iter 1512: loss 0.7753, time 325.86ms, mfu 1.96%
iter 1513: loss 0.8061, time 261.61ms, mfu 2.03%
iter 1514: loss 0.8095, time 269.25ms, mfu 2.09%
iter 1515: loss 0.7203, time 460.45ms, mfu 2.04%
iter 1516: loss 0.8298, time 318.99ms, mfu 2.06%
iter 1517: loss 0.7986, time 418.72ms, mfu 2.02%
iter 1518: loss 0.7010, time 395.81ms, mfu 2.00%
iter 1519: loss 0.7158, time 345.88ms, mfu 2.00%
iter 1520: loss 0.6836, time 261.18ms, mfu 2.07%
iter 1521: loss 0.7629, time 322.38ms, mfu 2.09%
iter 1522: loss 0.8939, time 291.55ms, mfu 2.12%
iter 1523: loss 0.8795, time 371.18ms, mfu 2.10%
iter 1524: loss 0.8287, time 556.81ms, mfu 2.02%
iter 1525: loss 0.8561, time 279.51ms, mfu 2.07%
iter 1526: loss 0.8927, time 519.46ms, mfu 2.00%
iter 1527: loss 0.7654, time 328.42ms, mfu 2.01%
iter 1528: loss 0.8510, time 301.50ms, mfu 2.05%
iter 1529: loss 0.8747, time 546.56ms, mfu 1.97%
iter 1530: loss 0.7567, time 278.18ms, mfu 2.03%
iter 1531: loss 0.7868, time 369.04ms, mfu 2.02%
iter 1532: loss 0.8455, time 372.63ms, mfu 2.01%
iter 1533: loss 0.7244, time 472.91ms, mfu 1.96%
iter 1534: loss 0.7390, time 465.06ms, mfu 1.91%
iter 1535: loss 0.9047, time 371.38ms, mfu 1.91%
iter 1536: loss 0.7976, time 457.67ms, mfu 1.88%
iter 1537: loss 0.8679, time 459.84ms, mfu 1.84%
iter 1538: loss 0.7929, time 375.50ms, mfu 1.85%
iter 1539: loss 0.7153, time 259.43ms, mfu 1.94%
iter 1540: loss 0.8516, time 292.53ms, mfu 1.98%
iter 1541: loss 0.7403, time 406.00ms, mfu 1.96%
iter 1542: loss 0.7228, time 296.17ms, mfu 2.00%
iter 1543: loss 0.8657, time 385.41ms, mfu 1.99%
iter 1544: loss 0.6906, time 439.74ms, mfu 1.95%
iter 1545: loss 0.8333, time 390.89ms, mfu 1.94%
iter 1546: loss 0.8091, time 330.84ms, mfu 1.96%
iter 1547: loss 0.8426, time 377.13ms, mfu 1.95%
iter 1548: loss 0.7043, time 585.97ms, mfu 1.87%
iter 1549: loss 0.7807, time 334.53ms, mfu 1.90%
iter 1550: loss 0.7992, time 350.18ms, mfu 1.91%
iter 1551: loss 0.8006, time 683.32ms, mfu 1.82%
iter 1552: loss 0.8908, time 362.23ms, mfu 1.84%
iter 1553: loss 0.7849, time 383.83ms, mfu 1.84%
iter 1554: loss 0.7548, time 301.39ms, mfu 1.89%
iter 1555: loss 0.7185, time 428.79ms, mfu 1.87%
iter 1556: loss 0.8612, time 356.19ms, mfu 1.88%
iter 1557: loss 0.7840, time 362.59ms, mfu 1.89%
iter 1558: loss 0.8745, time 329.82ms, mfu 1.91%
iter 1559: loss 0.7540, time 297.07ms, mfu 1.96%
iter 1560: loss 0.7368, time 385.91ms, mfu 1.95%
iter 1561: loss 0.7967, time 536.22ms, mfu 1.88%
iter 1562: loss 0.7527, time 423.63ms, mfu 1.86%
iter 1563: loss 0.7772, time 297.80ms, mfu 1.92%
iter 1564: loss 0.8956, time 411.16ms, mfu 1.90%
iter 1565: loss 0.8060, time 399.59ms, mfu 1.88%
iter 1566: loss 0.8828, time 258.42ms, mfu 1.97%
iter 1567: loss 0.8372, time 490.68ms, mfu 1.92%
iter 1568: loss 0.7637, time 491.14ms, mfu 1.87%
iter 1569: loss 0.7517, time 447.12ms, mfu 1.84%
iter 1570: loss 0.7493, time 442.24ms, mfu 1.82%
iter 1571: loss 0.8495, time 458.14ms, mfu 1.79%
iter 1572: loss 0.7805, time 424.72ms, mfu 1.78%
iter 1573: loss 0.7468, time 265.96ms, mfu 1.87%
iter 1574: loss 0.7876, time 376.77ms, mfu 1.87%
iter 1575: loss 0.7638, time 447.66ms, mfu 1.84%
iter 1576: loss 0.6896, time 460.64ms, mfu 1.81%
iter 1577: loss 0.7232, time 368.71ms, mfu 1.82%
iter 1578: loss 0.7377, time 399.17ms, mfu 1.82%
iter 1579: loss 0.7271, time 320.50ms, mfu 1.86%
iter 1580: loss 0.7437, time 360.30ms, mfu 1.87%
iter 1581: loss 0.7844, time 350.03ms, mfu 1.88%
iter 1582: loss 0.8287, time 372.25ms, mfu 1.88%
iter 1583: loss 0.7791, time 475.84ms, mfu 1.85%
iter 1584: loss 0.8726, time 291.91ms, mfu 1.90%
iter 1585: loss 0.8108, time 263.62ms, mfu 1.98%
iter 1586: loss 0.7997, time 387.34ms, mfu 1.97%
iter 1587: loss 0.7684, time 379.01ms, mfu 1.96%
iter 1588: loss 0.7959, time 440.81ms, mfu 1.92%
iter 1589: loss 0.8617, time 472.58ms, mfu 1.88%
iter 1590: loss 0.7906, time 429.81ms, mfu 1.86%
iter 1591: loss 0.6993, time 268.75ms, mfu 1.93%
iter 1592: loss 0.7468, time 280.17ms, mfu 1.99%
iter 1593: loss 0.7974, time 507.06ms, mfu 1.93%
iter 1594: loss 0.8192, time 302.89ms, mfu 1.98%
iter 1595: loss 0.8121, time 410.43ms, mfu 1.95%
iter 1596: loss 0.8125, time 359.76ms, mfu 1.95%
iter 1597: loss 0.7794, time 236.57ms, mfu 2.06%
iter 1598: loss 0.7744, time 351.61ms, mfu 2.05%
iter 1599: loss 0.8333, time 440.38ms, mfu 2.01%
iter 1600: loss 0.7853, time 626.49ms, mfu 1.92%
  === DIAG iter 1600 ===
  loss: 0.7853
  grads: total 1.0000, transformer 0.3493, adapter 0.9370
  <NUM> input tokens: 525/3072 (17.1%)
  lr: base 3.20e-04, adapter 1.60e-04
  SME accuracy: overall 0.384, sign 0.967, exp 0.692, digit 0.170, end 0.837 [d0 0.345 d1 0.066 d2 0.082 d3 0.090 d4 0.129 d5 0.158 d6 0.148 d7 0.157 d8 0.174 d9 0.321 d10 0.375 d11 0.227 d12 0.143 d13 0.125 d14 0.077] (1131 SME tokens)
iter 1601: loss 0.7833, time 197.81ms, mfu 2.09%
iter 1602: loss 0.8708, time 301.45ms, mfu 2.11%
iter 1603: loss 0.7669, time 261.43ms, mfu 2.17%
iter 1604: loss 0.7696, time 412.17ms, mfu 2.13%
iter 1605: loss 0.8177, time 308.91ms, mfu 2.14%
iter 1606: loss 0.7851, time 335.07ms, mfu 2.14%
iter 1607: loss 0.8261, time 453.36ms, mfu 2.08%
iter 1608: loss 0.7774, time 525.55ms, mfu 2.01%
iter 1609: loss 0.7756, time 292.17ms, mfu 2.05%
iter 1610: loss 0.8481, time 372.79ms, mfu 2.04%
iter 1611: loss 0.8600, time 267.24ms, mfu 2.10%
iter 1612: loss 0.7319, time 297.90ms, mfu 2.13%
iter 1613: loss 0.9306, time 330.45ms, mfu 2.13%
iter 1614: loss 0.8443, time 415.99ms, mfu 2.09%
iter 1615: loss 0.7882, time 404.73ms, mfu 2.05%
iter 1616: loss 0.7489, time 396.95ms, mfu 2.03%
iter 1617: loss 0.8429, time 405.42ms, mfu 2.00%
iter 1618: loss 0.7562, time 277.91ms, mfu 2.05%
iter 1619: loss 0.7665, time 425.94ms, mfu 2.01%
iter 1620: loss 0.8010, time 437.37ms, mfu 1.97%
iter 1621: loss 0.7198, time 391.24ms, mfu 1.96%
iter 1622: loss 0.7854, time 461.06ms, mfu 1.92%
iter 1623: loss 0.7514, time 419.86ms, mfu 1.89%
iter 1624: loss 0.7285, time 297.29ms, mfu 1.94%
iter 1625: loss 0.7666, time 383.79ms, mfu 1.93%
iter 1626: loss 0.7410, time 407.82ms, mfu 1.91%
iter 1627: loss 0.7598, time 260.85ms, mfu 1.99%
iter 1628: loss 0.7315, time 519.94ms, mfu 1.93%
iter 1629: loss 0.7751, time 428.92ms, mfu 1.90%
iter 1630: loss 0.8587, time 253.29ms, mfu 1.99%
iter 1631: loss 0.7460, time 372.24ms, mfu 1.98%
iter 1632: loss 0.6713, time 400.03ms, mfu 1.96%
iter 1633: loss 0.8929, time 444.05ms, mfu 1.93%
iter 1634: loss 0.8795, time 258.32ms, mfu 2.01%
iter 1635: loss 0.8282, time 439.34ms, mfu 1.97%
iter 1636: loss 0.8304, time 231.63ms, mfu 2.08%
iter 1637: loss 0.7194, time 382.01ms, mfu 2.06%
iter 1638: loss 0.6957, time 229.51ms, mfu 2.16%
iter 1639: loss 0.8486, time 440.44ms, mfu 2.10%
iter 1640: loss 0.8414, time 466.48ms, mfu 2.04%
iter 1641: loss 0.8658, time 241.37ms, mfu 2.13%
iter 1642: loss 0.7812, time 230.50ms, mfu 2.23%
iter 1643: loss 0.7493, time 451.27ms, mfu 2.16%
iter 1644: loss 0.7444, time 456.57ms, mfu 2.10%
iter 1645: loss 0.8070, time 301.83ms, mfu 2.13%
iter 1646: loss 0.7474, time 439.49ms, mfu 2.07%
iter 1647: loss 0.7105, time 349.63ms, mfu 2.07%
iter 1648: loss 0.8100, time 365.18ms, mfu 2.06%
iter 1649: loss 0.8044, time 373.17ms, mfu 2.04%
iter 1650: loss 0.7427, time 292.95ms, mfu 2.08%
iter 1651: loss 0.8039, time 300.94ms, mfu 2.11%
iter 1652: loss 0.7706, time 330.59ms, mfu 2.11%
iter 1653: loss 0.6849, time 456.76ms, mfu 2.05%
iter 1654: loss 0.7340, time 402.91ms, mfu 2.02%
iter 1655: loss 0.8312, time 437.45ms, mfu 1.98%
iter 1656: loss 0.7392, time 344.09ms, mfu 1.99%
iter 1657: loss 0.8473, time 395.87ms, mfu 1.97%
iter 1658: loss 0.7888, time 395.96ms, mfu 1.95%
iter 1659: loss 0.8178, time 369.11ms, mfu 1.95%
iter 1660: loss 0.7074, time 315.42ms, mfu 1.98%
iter 1661: loss 0.7384, time 543.12ms, mfu 1.91%
iter 1662: loss 0.8259, time 330.40ms, mfu 1.94%
iter 1663: loss 0.7552, time 467.57ms, mfu 1.89%
iter 1664: loss 0.8288, time 402.37ms, mfu 1.88%
iter 1665: loss 0.8113, time 527.44ms, mfu 1.83%
iter 1666: loss 0.7580, time 418.02ms, mfu 1.81%
iter 1667: loss 0.8700, time 257.95ms, mfu 1.91%
iter 1668: loss 0.7275, time 306.91ms, mfu 1.95%
iter 1669: loss 0.8031, time 309.67ms, mfu 1.98%
iter 1670: loss 0.7094, time 317.09ms, mfu 2.01%
iter 1671: loss 0.7833, time 373.66ms, mfu 2.00%
iter 1672: loss 0.8024, time 335.12ms, mfu 2.01%
iter 1673: loss 0.7728, time 261.78ms, mfu 2.08%
iter 1674: loss 0.7823, time 333.12ms, mfu 2.08%
iter 1675: loss 0.7785, time 308.19ms, mfu 2.10%
iter 1676: loss 0.8377, time 318.30ms, mfu 2.12%
iter 1677: loss 0.6609, time 430.57ms, mfu 2.07%
iter 1678: loss 0.7940, time 361.82ms, mfu 2.06%
iter 1679: loss 0.7570, time 330.11ms, mfu 2.07%
iter 1680: loss 0.9024, time 249.43ms, mfu 2.14%
iter 1681: loss 0.7844, time 451.04ms, mfu 2.09%
iter 1682: loss 0.7541, time 384.65ms, mfu 2.06%
iter 1683: loss 0.7784, time 282.01ms, mfu 2.11%
iter 1684: loss 0.7350, time 502.83ms, mfu 2.04%
iter 1685: loss 0.7654, time 434.59ms, mfu 2.00%
iter 1686: loss 0.7137, time 331.26ms, mfu 2.01%
iter 1687: loss 0.8141, time 323.62ms, mfu 2.03%
iter 1688: loss 0.8414, time 296.08ms, mfu 2.07%
iter 1689: loss 0.7649, time 431.49ms, mfu 2.02%
iter 1690: loss 0.7419, time 344.49ms, mfu 2.03%
iter 1691: loss 0.8298, time 355.41ms, mfu 2.02%
iter 1692: loss 0.7290, time 279.80ms, mfu 2.07%
iter 1693: loss 0.6930, time 472.86ms, mfu 2.02%
iter 1694: loss 0.6893, time 376.09ms, mfu 2.00%
iter 1695: loss 0.7816, time 453.49ms, mfu 1.96%
iter 1696: loss 0.6829, time 358.20ms, mfu 1.96%
iter 1697: loss 0.8521, time 271.49ms, mfu 2.03%
iter 1698: loss 0.8044, time 368.32ms, mfu 2.02%
iter 1699: loss 0.7748, time 338.79ms, mfu 2.02%
iter 1700: loss 0.8457, time 618.43ms, mfu 1.94%
  === DIAG iter 1700 ===
  loss: 0.8457
  grads: total 0.6503, transformer 0.5632, adapter 0.3251
  <NUM> input tokens: 509/3072 (16.6%)
  lr: base 3.40e-04, adapter 1.70e-04
  SME accuracy: overall 0.386, sign 0.978, exp 0.783, digit 0.151, end 0.806 [d0 0.306 d1 0.087 d2 0.092 d3 0.123 d4 0.072 d5 0.092 d6 0.100 d7 0.111 d8 0.140 d9 0.174 d10 0.250 d11 0.294 d12 0.312 d13 0.154 d14 0.000] (1242 SME tokens)
iter 1701: loss 0.7485, time 176.92ms, mfu 2.14%
iter 1702: loss 0.7130, time 277.89ms, mfu 2.18%
iter 1703: loss 0.7495, time 251.26ms, mfu 2.25%
iter 1704: loss 0.7740, time 315.89ms, mfu 2.25%
iter 1705: loss 0.7480, time 326.49ms, mfu 2.24%
iter 1706: loss 0.8102, time 261.25ms, mfu 2.29%
iter 1707: loss 0.7657, time 301.52ms, mfu 2.29%
iter 1708: loss 0.8015, time 343.94ms, mfu 2.27%
iter 1709: loss 0.8386, time 390.93ms, mfu 2.22%
iter 1710: loss 0.8336, time 416.03ms, mfu 2.17%
iter 1711: loss 0.7626, time 220.29ms, mfu 2.28%
iter 1712: loss 0.7375, time 399.32ms, mfu 2.23%
iter 1713: loss 0.6917, time 410.15ms, mfu 2.18%
iter 1714: loss 0.8013, time 376.64ms, mfu 2.15%
iter 1715: loss 0.8482, time 337.35ms, mfu 2.14%
iter 1716: loss 0.7112, time 414.51ms, mfu 2.10%
iter 1717: loss 0.7829, time 490.14ms, mfu 2.03%
iter 1718: loss 0.8231, time 265.58ms, mfu 2.10%
iter 1719: loss 0.7759, time 249.39ms, mfu 2.17%
iter 1720: loss 0.7670, time 297.17ms, mfu 2.19%
iter 1721: loss 0.8101, time 301.54ms, mfu 2.21%
iter 1722: loss 0.8405, time 423.70ms, mfu 2.16%
iter 1723: loss 0.8004, time 413.87ms, mfu 2.11%
iter 1724: loss 0.6632, time 293.73ms, mfu 2.14%
iter 1725: loss 0.8090, time 320.55ms, mfu 2.15%
iter 1726: loss 0.7235, time 254.23ms, mfu 2.21%
iter 1727: loss 0.7409, time 353.35ms, mfu 2.19%
iter 1728: loss 0.7972, time 397.96ms, mfu 2.15%
iter 1729: loss 0.8307, time 501.84ms, mfu 2.08%
iter 1730: loss 0.7867, time 410.64ms, mfu 2.04%
iter 1731: loss 0.7207, time 404.31ms, mfu 2.01%
iter 1732: loss 0.7699, time 302.45ms, mfu 2.05%
iter 1733: loss 0.8619, time 391.94ms, mfu 2.02%
iter 1734: loss 0.8186, time 370.31ms, mfu 2.01%
iter 1735: loss 0.7666, time 432.00ms, mfu 1.97%
iter 1736: loss 0.8612, time 239.07ms, mfu 2.07%
iter 1737: loss 0.7162, time 486.45ms, mfu 2.01%
iter 1738: loss 0.6907, time 224.46ms, mfu 2.13%
iter 1739: loss 0.8248, time 311.34ms, mfu 2.14%
iter 1740: loss 0.7919, time 325.34ms, mfu 2.14%
iter 1741: loss 0.7377, time 342.27ms, mfu 2.14%
iter 1742: loss 0.9561, time 323.36ms, mfu 2.14%
iter 1743: loss 0.8063, time 306.11ms, mfu 2.16%
iter 1744: loss 0.8051, time 333.27ms, mfu 2.16%
iter 1745: loss 0.8325, time 406.84ms, mfu 2.12%
iter 1746: loss 0.7534, time 516.46ms, mfu 2.04%
iter 1747: loss 0.7900, time 317.10ms, mfu 2.06%
iter 1748: loss 0.7966, time 252.19ms, mfu 2.14%
iter 1749: loss 0.7509, time 271.34ms, mfu 2.18%
iter 1750: loss 0.7530, time 348.09ms, mfu 2.17%
iter 1751: loss 0.8459, time 515.71ms, mfu 2.09%
iter 1752: loss 0.8387, time 365.37ms, mfu 2.07%
iter 1753: loss 0.6795, time 369.19ms, mfu 2.06%
iter 1754: loss 0.7604, time 289.13ms, mfu 2.10%
iter 1755: loss 0.7698, time 510.14ms, mfu 2.03%
iter 1756: loss 0.7613, time 244.47ms, mfu 2.11%
iter 1757: loss 0.8544, time 409.54ms, mfu 2.08%
iter 1758: loss 0.7785, time 321.26ms, mfu 2.09%
iter 1759: loss 0.7565, time 509.38ms, mfu 2.02%
iter 1760: loss 0.8934, time 358.13ms, mfu 2.02%
iter 1761: loss 0.7741, time 324.54ms, mfu 2.03%
iter 1762: loss 0.7611, time 507.82ms, mfu 1.97%
iter 1763: loss 0.7752, time 382.59ms, mfu 1.96%
iter 1764: loss 0.7813, time 286.83ms, mfu 2.01%
iter 1765: loss 0.8486, time 384.58ms, mfu 1.99%
iter 1766: loss 0.8299, time 397.74ms, mfu 1.97%
iter 1767: loss 0.7000, time 361.66ms, mfu 1.97%
iter 1768: loss 0.7157, time 313.97ms, mfu 2.00%
iter 1769: loss 0.6731, time 368.75ms, mfu 1.99%
iter 1770: loss 0.8124, time 412.50ms, mfu 1.96%
iter 1771: loss 0.6914, time 483.69ms, mfu 1.91%
iter 1772: loss 0.8160, time 448.57ms, mfu 1.88%
iter 1773: loss 0.7243, time 451.63ms, mfu 1.85%
iter 1774: loss 0.8793, time 418.63ms, mfu 1.83%
iter 1775: loss 0.7036, time 322.04ms, mfu 1.87%
iter 1776: loss 0.7876, time 337.66ms, mfu 1.89%
iter 1777: loss 0.7601, time 346.59ms, mfu 1.91%
iter 1778: loss 0.8249, time 444.33ms, mfu 1.88%
iter 1779: loss 0.8846, time 329.07ms, mfu 1.90%
iter 1780: loss 0.8887, time 406.16ms, mfu 1.89%
iter 1781: loss 0.7876, time 503.37ms, mfu 1.84%
iter 1782: loss 0.8751, time 304.81ms, mfu 1.89%
iter 1783: loss 0.8120, time 422.86ms, mfu 1.87%
iter 1784: loss 0.9372, time 283.12ms, mfu 1.93%
iter 1785: loss 0.7706, time 252.90ms, mfu 2.02%
iter 1786: loss 0.7582, time 335.10ms, mfu 2.03%
iter 1787: loss 0.7227, time 443.74ms, mfu 1.98%
iter 1788: loss 0.8843, time 423.49ms, mfu 1.95%
iter 1789: loss 0.7849, time 384.11ms, mfu 1.94%
iter 1790: loss 0.8225, time 349.59ms, mfu 1.95%
iter 1791: loss 0.7479, time 299.04ms, mfu 1.99%
iter 1792: loss 0.7366, time 438.58ms, mfu 1.96%
iter 1793: loss 0.8963, time 502.30ms, mfu 1.90%
iter 1794: loss 0.7323, time 561.21ms, mfu 1.84%
iter 1795: loss 0.7285, time 390.92ms, mfu 1.83%
iter 1796: loss 0.7926, time 355.08ms, mfu 1.85%
iter 1797: loss 0.8233, time 254.99ms, mfu 1.94%
iter 1798: loss 0.8425, time 387.12ms, mfu 1.93%
iter 1799: loss 0.7929, time 427.67ms, mfu 1.90%
iter 1800: loss 0.7530, time 436.87ms, mfu 1.88%
  === DIAG iter 1800 ===
  loss: 0.7530
  grads: total 1.0000, transformer 0.3666, adapter 0.9304
  <NUM> input tokens: 499/3072 (16.2%)
  lr: base 3.60e-04, adapter 1.80e-04
  SME accuracy: overall 0.419, sign 0.955, exp 0.731, digit 0.154, end 0.948 [d0 0.375 d1 0.057 d2 0.077 d3 0.083 d4 0.098 d5 0.077 d6 0.070 d7 0.098 d8 0.194 d9 0.188 d10 0.273 d11 0.250 d12 0.250 d13 0.286 d14 0.000] (1099 SME tokens)
iter 1801: loss 0.6935, time 237.69ms, mfu 1.99%
iter 1802: loss 0.7503, time 344.28ms, mfu 1.99%
iter 1803: loss 0.8773, time 352.64ms, mfu 2.00%
iter 1804: loss 0.7855, time 530.48ms, mfu 1.93%
iter 1805: loss 0.8278, time 389.76ms, mfu 1.92%
iter 1806: loss 0.7931, time 296.03ms, mfu 1.97%
iter 1807: loss 0.8101, time 387.52ms, mfu 1.95%
iter 1808: loss 0.7472, time 317.68ms, mfu 1.98%
iter 1809: loss 0.7652, time 534.16ms, mfu 1.91%
iter 1810: loss 0.8090, time 395.10ms, mfu 1.90%
iter 1811: loss 0.8228, time 303.61ms, mfu 1.95%
iter 1812: loss 0.8298, time 357.01ms, mfu 1.95%
iter 1813: loss 0.7406, time 400.01ms, mfu 1.93%
iter 1814: loss 0.8220, time 561.72ms, mfu 1.87%
iter 1815: loss 0.8266, time 359.13ms, mfu 1.88%
iter 1816: loss 0.7060, time 394.17ms, mfu 1.87%
iter 1817: loss 0.7442, time 327.62ms, mfu 1.90%
iter 1818: loss 0.8033, time 368.07ms, mfu 1.90%
iter 1819: loss 0.7735, time 378.31ms, mfu 1.90%
iter 1820: loss 0.8041, time 328.98ms, mfu 1.92%
iter 1821: loss 0.7774, time 332.55ms, mfu 1.94%
iter 1822: loss 0.6870, time 369.37ms, mfu 1.94%
iter 1823: loss 0.8564, time 490.11ms, mfu 1.89%
iter 1824: loss 0.8950, time 388.26ms, mfu 1.89%
iter 1825: loss 0.7780, time 433.61ms, mfu 1.86%
iter 1826: loss 0.7841, time 242.33ms, mfu 1.97%
iter 1827: loss 0.8001, time 437.72ms, mfu 1.93%
iter 1828: loss 0.7064, time 385.26ms, mfu 1.92%
iter 1829: loss 0.7792, time 454.98ms, mfu 1.89%
iter 1830: loss 0.7344, time 257.91ms, mfu 1.97%
iter 1831: loss 0.7452, time 312.26ms, mfu 2.00%
iter 1832: loss 0.7883, time 250.49ms, mfu 2.08%
iter 1833: loss 0.7264, time 506.51ms, mfu 2.02%
iter 1834: loss 0.7324, time 383.23ms, mfu 2.00%
iter 1835: loss 0.8090, time 278.42ms, mfu 2.05%
iter 1836: loss 0.7711, time 278.83ms, mfu 2.10%
iter 1837: loss 0.8769, time 366.60ms, mfu 2.09%
iter 1838: loss 0.7771, time 453.69ms, mfu 2.03%
iter 1839: loss 0.7941, time 349.82ms, mfu 2.03%
iter 1840: loss 0.7105, time 361.98ms, mfu 2.03%
iter 1841: loss 0.7128, time 440.78ms, mfu 1.98%
iter 1842: loss 0.8382, time 321.16ms, mfu 2.01%
iter 1843: loss 0.7531, time 254.38ms, mfu 2.08%
iter 1844: loss 0.7743, time 442.66ms, mfu 2.04%
iter 1845: loss 0.7988, time 341.86ms, mfu 2.04%
iter 1846: loss 0.7882, time 320.14ms, mfu 2.06%
iter 1847: loss 0.8069, time 329.45ms, mfu 2.07%
iter 1848: loss 0.7989, time 294.91ms, mfu 2.10%
iter 1849: loss 0.8567, time 374.57ms, mfu 2.08%
iter 1850: loss 0.7302, time 394.25ms, mfu 2.05%
iter 1851: loss 0.7967, time 327.02ms, mfu 2.06%
iter 1852: loss 0.7637, time 471.88ms, mfu 2.01%
iter 1853: loss 0.8140, time 219.39ms, mfu 2.13%
iter 1854: loss 0.8242, time 515.25ms, mfu 2.05%
iter 1855: loss 0.8297, time 272.48ms, mfu 2.11%
iter 1856: loss 0.7436, time 325.33ms, mfu 2.12%
iter 1857: loss 0.7019, time 451.74ms, mfu 2.06%
iter 1858: loss 0.7448, time 485.15ms, mfu 2.00%
iter 1859: loss 0.7343, time 388.50ms, mfu 1.98%
iter 1860: loss 0.7424, time 306.66ms, mfu 2.02%
iter 1861: loss 0.7375, time 344.56ms, mfu 2.02%
iter 1862: loss 0.8512, time 255.98ms, mfu 2.09%
iter 1863: loss 0.6930, time 273.06ms, mfu 2.14%
iter 1864: loss 0.8575, time 279.81ms, mfu 2.18%
iter 1865: loss 0.7196, time 418.44ms, mfu 2.13%
iter 1866: loss 0.7608, time 475.06ms, mfu 2.07%
iter 1867: loss 0.8359, time 488.83ms, mfu 2.01%
iter 1868: loss 0.9250, time 369.02ms, mfu 2.00%
iter 1869: loss 0.7768, time 400.01ms, mfu 1.98%
iter 1870: loss 0.7513, time 432.02ms, mfu 1.94%
iter 1871: loss 0.8654, time 377.42ms, mfu 1.94%
iter 1872: loss 0.7481, time 352.11ms, mfu 1.94%
iter 1873: loss 0.7590, time 275.26ms, mfu 2.01%
iter 1874: loss 0.8232, time 353.15ms, mfu 2.01%
iter 1875: loss 0.7760, time 385.98ms, mfu 1.99%
iter 1876: loss 0.8234, time 418.96ms, mfu 1.96%
iter 1877: loss 0.8068, time 314.18ms, mfu 1.99%
iter 1878: loss 0.8640, time 401.52ms, mfu 1.97%
iter 1879: loss 0.6829, time 524.93ms, mfu 1.91%
iter 1880: loss 0.7495, time 324.21ms, mfu 1.93%
iter 1881: loss 0.7953, time 464.57ms, mfu 1.89%
iter 1882: loss 0.7329, time 252.59ms, mfu 1.98%
iter 1883: loss 0.7565, time 391.20ms, mfu 1.97%
iter 1884: loss 0.8363, time 369.38ms, mfu 1.96%
iter 1885: loss 0.8769, time 453.98ms, mfu 1.92%
iter 1886: loss 0.7748, time 408.18ms, mfu 1.90%
iter 1887: loss 0.7748, time 378.40ms, mfu 1.90%
iter 1888: loss 0.8430, time 417.40ms, mfu 1.88%
iter 1889: loss 0.7596, time 334.62ms, mfu 1.90%
iter 1890: loss 0.7805, time 255.77ms, mfu 1.99%
iter 1891: loss 0.7848, time 452.39ms, mfu 1.95%
iter 1892: loss 0.7256, time 308.41ms, mfu 1.98%
iter 1893: loss 0.8350, time 480.50ms, mfu 1.93%
iter 1894: loss 0.7446, time 342.49ms, mfu 1.95%
iter 1895: loss 0.8123, time 287.37ms, mfu 2.00%
iter 1896: loss 0.7859, time 247.83ms, mfu 2.08%
iter 1897: loss 0.6409, time 386.02ms, mfu 2.06%
iter 1898: loss 0.6559, time 369.70ms, mfu 2.05%
iter 1899: loss 0.6777, time 380.92ms, mfu 2.03%
iter 1900: loss 0.8017, time 675.28ms, mfu 1.93%
  === DIAG iter 1900 ===
  loss: 0.8017
  grads: total 1.0000, transformer 0.2754, adapter 0.9613
  <NUM> input tokens: 483/3072 (15.7%)
  lr: base 3.80e-04, adapter 1.90e-04
  SME accuracy: overall 0.381, sign 0.967, exp 0.756, digit 0.156, end 0.860 [d0 0.330 d1 0.138 d2 0.113 d3 0.100 d4 0.185 d5 0.180 d6 0.125 d7 0.096 d8 0.047 d9 0.100 d10 0.111 d11 0.143 d12 0.200 d13 0.182 d14 0.143] (1125 SME tokens)
iter 1901: loss 0.8245, time 227.13ms, mfu 2.05%
iter 1902: loss 0.7105, time 247.29ms, mfu 2.13%
iter 1903: loss 0.8087, time 368.38ms, mfu 2.11%
iter 1904: loss 0.7756, time 535.33ms, mfu 2.03%
iter 1905: loss 0.7049, time 301.42ms, mfu 2.06%
iter 1906: loss 0.6943, time 277.92ms, mfu 2.11%
iter 1907: loss 0.8028, time 366.06ms, mfu 2.09%
iter 1908: loss 0.9177, time 454.85ms, mfu 2.04%
iter 1909: loss 0.8232, time 349.38ms, mfu 2.04%
iter 1910: loss 0.6833, time 257.60ms, mfu 2.11%
iter 1911: loss 0.7717, time 449.74ms, mfu 2.06%
iter 1912: loss 0.8538, time 362.34ms, mfu 2.05%
iter 1913: loss 0.6913, time 416.69ms, mfu 2.01%
iter 1914: loss 0.6802, time 247.89ms, mfu 2.10%
iter 1915: loss 0.8036, time 256.45ms, mfu 2.16%
iter 1916: loss 0.8184, time 309.92ms, mfu 2.18%
iter 1917: loss 0.7557, time 363.32ms, mfu 2.15%
iter 1918: loss 0.7302, time 300.09ms, mfu 2.17%
iter 1919: loss 0.7338, time 332.07ms, mfu 2.17%
iter 1920: loss 0.7917, time 518.91ms, mfu 2.09%
iter 1921: loss 0.7635, time 500.15ms, mfu 2.02%
iter 1922: loss 0.7225, time 276.52ms, mfu 2.08%
iter 1923: loss 0.7799, time 317.17ms, mfu 2.09%
iter 1924: loss 0.8161, time 422.53ms, mfu 2.05%
iter 1925: loss 0.7080, time 371.47ms, mfu 2.04%
iter 1926: loss 0.7143, time 395.12ms, mfu 2.01%
iter 1927: loss 0.7442, time 372.96ms, mfu 2.00%
iter 1928: loss 0.7986, time 271.48ms, mfu 2.06%
iter 1929: loss 0.8099, time 362.94ms, mfu 2.05%
iter 1930: loss 0.8316, time 386.08ms, mfu 2.03%
iter 1931: loss 0.8216, time 344.62ms, mfu 2.03%
iter 1932: loss 0.7510, time 281.19ms, mfu 2.08%
iter 1933: loss 0.8186, time 478.07ms, mfu 2.02%
iter 1934: loss 0.7368, time 302.72ms, mfu 2.05%
iter 1935: loss 0.7302, time 560.57ms, mfu 1.97%
iter 1936: loss 0.7677, time 306.35ms, mfu 2.01%
iter 1937: loss 0.7865, time 306.67ms, mfu 2.04%
iter 1938: loss 0.7620, time 342.40ms, mfu 2.04%
iter 1939: loss 0.7075, time 517.65ms, mfu 1.97%
iter 1940: loss 0.7978, time 364.19ms, mfu 1.97%
iter 1941: loss 0.7499, time 257.09ms, mfu 2.05%
iter 1942: loss 0.7844, time 504.12ms, mfu 1.99%
iter 1943: loss 0.8602, time 339.56ms, mfu 2.00%
iter 1944: loss 0.7380, time 325.26ms, mfu 2.01%
iter 1945: loss 0.7417, time 410.02ms, mfu 1.99%
iter 1946: loss 0.8198, time 500.34ms, mfu 1.93%
iter 1947: loss 0.7920, time 388.38ms, mfu 1.92%
iter 1948: loss 0.7607, time 492.39ms, mfu 1.87%
iter 1949: loss 0.7301, time 324.51ms, mfu 1.90%
iter 1950: loss 0.8031, time 231.95ms, mfu 2.02%
iter 1951: loss 0.6682, time 394.91ms, mfu 1.99%
iter 1952: loss 0.7266, time 327.15ms, mfu 2.01%
iter 1953: loss 0.7135, time 359.09ms, mfu 2.01%
iter 1954: loss 0.7757, time 286.60ms, mfu 2.05%
iter 1955: loss 0.7926, time 467.36ms, mfu 2.00%
iter 1956: loss 0.7709, time 386.39ms, mfu 1.98%
iter 1957: loss 0.7029, time 403.44ms, mfu 1.96%
iter 1958: loss 0.6537, time 504.03ms, mfu 1.91%
iter 1959: loss 0.7768, time 397.65ms, mfu 1.89%
iter 1960: loss 0.8689, time 377.23ms, mfu 1.89%
iter 1961: loss 0.7264, time 480.98ms, mfu 1.85%
iter 1962: loss 0.7486, time 280.84ms, mfu 1.92%
iter 1963: loss 0.7731, time 492.62ms, mfu 1.87%
iter 1964: loss 0.7241, time 394.07ms, mfu 1.86%
iter 1965: loss 0.7124, time 525.35ms, mfu 1.81%
iter 1966: loss 0.7259, time 210.05ms, mfu 1.97%
iter 1967: loss 0.8924, time 331.27ms, mfu 1.98%
iter 1968: loss 0.7321, time 356.56ms, mfu 1.98%
iter 1969: loss 0.7981, time 402.80ms, mfu 1.96%
iter 1970: loss 0.8380, time 298.80ms, mfu 2.00%
iter 1971: loss 0.7971, time 392.85ms, mfu 1.98%
iter 1972: loss 0.7585, time 332.19ms, mfu 2.00%
iter 1973: loss 0.8142, time 430.07ms, mfu 1.96%
iter 1974: loss 0.7988, time 477.84ms, mfu 1.92%
iter 1975: loss 0.8164, time 352.63ms, mfu 1.92%
iter 1976: loss 0.8529, time 371.30ms, mfu 1.92%
iter 1977: loss 0.7734, time 448.03ms, mfu 1.89%
iter 1978: loss 0.8290, time 538.02ms, mfu 1.83%
iter 1979: loss 0.7199, time 305.26ms, mfu 1.88%
iter 1980: loss 0.7946, time 401.91ms, mfu 1.87%
iter 1981: loss 0.8087, time 420.44ms, mfu 1.85%
iter 1982: loss 0.7994, time 369.39ms, mfu 1.86%
iter 1983: loss 0.8629, time 398.29ms, mfu 1.85%
iter 1984: loss 0.8034, time 321.53ms, mfu 1.89%
iter 1985: loss 0.9374, time 272.46ms, mfu 1.96%
iter 1986: loss 0.7431, time 359.34ms, mfu 1.96%
iter 1987: loss 0.8422, time 455.02ms, mfu 1.92%
iter 1988: loss 0.7561, time 490.21ms, mfu 1.87%
iter 1989: loss 0.8327, time 250.86ms, mfu 1.97%
iter 1990: loss 0.7768, time 405.75ms, mfu 1.94%
iter 1991: loss 0.7167, time 362.93ms, mfu 1.95%
iter 1992: loss 0.6972, time 399.75ms, mfu 1.93%
iter 1993: loss 0.7362, time 438.23ms, mfu 1.90%
iter 1994: loss 0.7673, time 321.65ms, mfu 1.93%
iter 1995: loss 0.6886, time 358.60ms, mfu 1.93%
iter 1996: loss 0.8117, time 328.03ms, mfu 1.96%
iter 1997: loss 0.7405, time 315.33ms, mfu 1.98%
iter 1998: loss 0.7021, time 356.42ms, mfu 1.98%
iter 1999: loss 0.8050, time 415.37ms, mfu 1.96%
iter 2000: loss 0.6729, time 368.71ms, mfu 1.95%
  === DIAG iter 2000 ===
  loss: 0.6729
  grads: total 1.0000, transformer 0.3515, adapter 0.9362
  <NUM> input tokens: 427/3072 (13.9%)
  lr: base 4.00e-04, adapter 2.00e-04
  SME accuracy: overall 0.397, sign 0.972, exp 0.811, digit 0.125, end 0.971 [d0 0.379 d1 0.047 d2 0.070 d3 0.019 d4 0.043 d5 0.070 d6 0.047 d7 0.026 d8 0.056 d9 0.240 d10 0.174 d11 0.158 d12 0.200 d13 0.091 d14 0.000] (922 SME tokens)
  --- Sample eval (val) ---
  
    target: 5.219e+08
    pred:   INVALID(unparseable)

  SUM: <2936.5> <0> →
    target: 2937
    pred:   3090
    error:  153.50

  SORT: <5.98361e+08> <3.16226e+07> <-5.97968e+08> <937941> <-7.53e+08> <2.0365e-07> <7.93921e+07> <0> →
    target: -7.53e+08 -5.98e+08 0 2.036e-07 9.379e+05 3.162e+07 7.939e+07 5.984e+08
    pred:   INVALID(unparseable) -4.6e+08 0 2 6e+06 3.655e+07 8.067e+08 2.006e+08
    error:  N/A 137968135.00 0.00 2.00 5062058.54 4929368.58 727257936.69 397735184.00

   →
    target: -1.034e+09
    pred:   1e+08
    error:  1133890006.28

  MAX: <0.380548> <-1e+09> <9.3> <-5.2926e+08> <0> <5.51482e+08> <18216.5> →
    target: 5.515e+08
    pred:   2e+08
    error:  351473835.38

iter 2001: loss 0.6904, time 258.88ms, mfu 2.03%
iter 2002: loss 0.7996, time 365.86ms, mfu 2.02%
iter 2003: loss 0.8264, time 476.32ms, mfu 1.97%
iter 2004: loss 0.7611, time 310.84ms, mfu 2.00%
iter 2005: loss 0.8288, time 472.17ms, mfu 1.95%
iter 2006: loss 0.6626, time 233.48ms, mfu 2.06%
iter 2007: loss 0.9192, time 407.85ms, mfu 2.03%
iter 2008: loss 0.7421, time 414.40ms, mfu 1.99%
iter 2009: loss 0.7941, time 318.34ms, mfu 2.02%
iter 2010: loss 0.7728, time 421.24ms, mfu 1.98%
iter 2011: loss 0.7273, time 419.38ms, mfu 1.96%
iter 2012: loss 0.7324, time 486.13ms, mfu 1.91%
iter 2013: loss 0.7526, time 484.34ms, mfu 1.86%
iter 2014: loss 0.8114, time 422.20ms, mfu 1.84%
iter 2015: loss 0.7559, time 362.28ms, mfu 1.85%
iter 2016: loss 0.8632, time 465.39ms, mfu 1.82%
iter 2017: loss 0.7402, time 436.41ms, mfu 1.80%
iter 2018: loss 0.7883, time 302.17ms, mfu 1.86%
iter 2019: loss 0.8090, time 263.46ms, mfu 1.94%
iter 2020: loss 0.8637, time 384.76ms, mfu 1.93%
iter 2021: loss 0.8543, time 347.63ms, mfu 1.94%
iter 2022: loss 0.7625, time 293.93ms, mfu 1.99%
iter 2023: loss 0.7924, time 334.84ms, mfu 2.00%
iter 2024: loss 0.7472, time 357.00ms, mfu 2.00%
iter 2025: loss 0.7389, time 410.90ms, mfu 1.97%
iter 2026: loss 0.7836, time 259.25ms, mfu 2.05%
iter 2027: loss 0.7154, time 437.74ms, mfu 2.00%
iter 2028: loss 0.8570, time 387.12ms, mfu 1.99%
iter 2029: loss 0.7305, time 350.58ms, mfu 1.99%
iter 2030: loss 0.7506, time 481.30ms, mfu 1.94%
iter 2031: loss 0.7322, time 382.58ms, mfu 1.93%
iter 2032: loss 0.7879, time 295.48ms, mfu 1.98%
iter 2033: loss 0.7623, time 417.08ms, mfu 1.95%
iter 2034: loss 0.8427, time 334.48ms, mfu 1.97%
iter 2035: loss 0.7286, time 245.56ms, mfu 2.06%
iter 2036: loss 0.7218, time 324.69ms, mfu 2.07%
iter 2037: loss 0.7311, time 264.32ms, mfu 2.13%
iter 2038: loss 0.6814, time 410.98ms, mfu 2.09%
iter 2039: loss 0.8979, time 407.07ms, mfu 2.06%
iter 2040: loss 0.7379, time 272.45ms, mfu 2.11%
iter 2041: loss 0.8088, time 431.92ms, mfu 2.06%
iter 2042: loss 0.7677, time 236.42ms, mfu 2.16%
iter 2043: loss 0.6027, time 310.40ms, mfu 2.17%
iter 2044: loss 0.7238, time 354.24ms, mfu 2.15%
iter 2045: loss 0.7340, time 313.62ms, mfu 2.16%
iter 2046: loss 0.7181, time 362.49ms, mfu 2.14%
iter 2047: loss 0.8082, time 292.51ms, mfu 2.17%
iter 2048: loss 0.7255, time 345.56ms, mfu 2.16%
iter 2049: loss 0.7489, time 327.99ms, mfu 2.16%
iter 2050: loss 0.7335, time 375.90ms, mfu 2.13%
iter 2051: loss 0.7698, time 371.20ms, mfu 2.11%
iter 2052: loss 0.7320, time 397.44ms, mfu 2.08%
iter 2053: loss 0.8155, time 456.85ms, mfu 2.02%
iter 2054: loss 0.8264, time 290.26ms, mfu 2.07%
iter 2055: loss 0.8274, time 452.50ms, mfu 2.02%
iter 2056: loss 0.7416, time 400.38ms, mfu 1.99%
iter 2057: loss 0.7318, time 421.99ms, mfu 1.96%
iter 2058: loss 0.6929, time 381.71ms, mfu 1.95%
iter 2059: loss 0.7652, time 251.91ms, mfu 2.04%
iter 2060: loss 0.7685, time 434.79ms, mfu 2.00%
iter 2061: loss 0.7223, time 583.57ms, mfu 1.92%
iter 2062: loss 0.8440, time 358.97ms, mfu 1.92%
iter 2063: loss 0.7702, time 302.86ms, mfu 1.96%
iter 2064: loss 0.6564, time 562.27ms, mfu 1.89%
iter 2065: loss 0.7514, time 444.18ms, mfu 1.86%
iter 2066: loss 0.7810, time 235.66ms, mfu 1.98%
iter 2067: loss 0.7618, time 257.88ms, mfu 2.06%
iter 2068: loss 0.8427, time 447.94ms, mfu 2.01%
iter 2069: loss 0.7637, time 271.37ms, mfu 2.07%
iter 2070: loss 0.7562, time 441.03ms, mfu 2.02%
iter 2071: loss 0.7596, time 290.72ms, mfu 2.06%
iter 2072: loss 0.8017, time 329.45ms, mfu 2.07%
iter 2073: loss 0.7416, time 316.10ms, mfu 2.09%
iter 2074: loss 0.7506, time 327.79ms, mfu 2.10%
iter 2075: loss 0.7510, time 447.71ms, mfu 2.05%
iter 2076: loss 0.7390, time 410.38ms, mfu 2.01%
iter 2077: loss 0.7654, time 499.62ms, mfu 1.95%
iter 2078: loss 0.7510, time 293.40ms, mfu 2.00%
iter 2079: loss 0.8006, time 463.51ms, mfu 1.95%
iter 2080: loss 0.7228, time 427.43ms, mfu 1.92%
iter 2081: loss 0.8659, time 333.75ms, mfu 1.94%
iter 2082: loss 0.7275, time 250.89ms, mfu 2.03%
iter 2083: loss 0.7441, time 431.56ms, mfu 1.99%
iter 2084: loss 0.7398, time 436.13ms, mfu 1.96%
iter 2085: loss 0.7359, time 359.78ms, mfu 1.96%
iter 2086: loss 0.7086, time 358.03ms, mfu 1.96%
iter 2087: loss 0.7313, time 410.71ms, mfu 1.94%
iter 2088: loss 0.7665, time 363.43ms, mfu 1.94%
iter 2089: loss 0.9161, time 363.69ms, mfu 1.94%
iter 2090: loss 0.8414, time 396.82ms, mfu 1.92%
iter 2091: loss 0.7633, time 311.79ms, mfu 1.96%
iter 2092: loss 0.7643, time 450.68ms, mfu 1.92%
iter 2093: loss 0.8876, time 470.48ms, mfu 1.88%
iter 2094: loss 0.7211, time 376.60ms, mfu 1.88%
iter 2095: loss 0.8241, time 457.04ms, mfu 1.85%
iter 2096: loss 0.8393, time 221.58ms, mfu 1.98%
iter 2097: loss 0.7331, time 280.50ms, mfu 2.04%
iter 2098: loss 0.7749, time 284.71ms, mfu 2.08%
iter 2099: loss 0.7733, time 280.51ms, mfu 2.13%
iter 2100: loss 0.8858, time 585.37ms, mfu 2.03%
  === DIAG iter 2100 ===
  loss: 0.8858
  grads: total 1.0000, transformer 0.3091, adapter 0.9510
  <NUM> input tokens: 446/3072 (14.5%)
  lr: base 4.00e-04, adapter 2.00e-04
  SME accuracy: overall 0.389, sign 0.979, exp 0.784, digit 0.151, end 0.914 [d0 0.378 d1 0.080 d2 0.128 d3 0.165 d4 0.094 d5 0.065 d6 0.169 d7 0.141 d8 0.102 d9 0.040 d10 0.100 d11 0.111 d12 0.062 d13 0.067 d14 0.000] (1309 SME tokens)
iter 2101: loss 0.8141, time 176.64ms, mfu 2.23%
iter 2102: loss 0.7139, time 402.00ms, mfu 2.19%
iter 2103: loss 0.7816, time 259.63ms, mfu 2.24%
iter 2104: loss 0.7001, time 343.15ms, mfu 2.22%
iter 2105: loss 0.7016, time 318.31ms, mfu 2.22%
iter 2106: loss 0.7513, time 254.68ms, mfu 2.28%
iter 2107: loss 0.6851, time 314.53ms, mfu 2.28%
iter 2108: loss 0.7961, time 592.29ms, mfu 2.17%
iter 2109: loss 0.7512, time 290.45ms, mfu 2.20%
iter 2110: loss 0.7728, time 240.19ms, mfu 2.27%
iter 2111: loss 0.7175, time 331.97ms, mfu 2.26%
iter 2112: loss 0.7723, time 403.08ms, mfu 2.21%
iter 2113: loss 0.6748, time 394.74ms, mfu 2.17%
iter 2114: loss 0.7709, time 379.35ms, mfu 2.14%
iter 2115: loss 0.7282, time 419.14ms, mfu 2.09%
iter 2116: loss 0.7382, time 420.81ms, mfu 2.05%
iter 2117: loss 0.7985, time 421.22ms, mfu 2.01%
iter 2118: loss 0.7679, time 421.00ms, mfu 1.98%
iter 2119: loss 0.7558, time 397.79ms, mfu 1.96%
iter 2120: loss 0.7634, time 467.12ms, mfu 1.92%
iter 2121: loss 0.7155, time 221.62ms, mfu 2.04%
iter 2122: loss 0.8486, time 251.12ms, mfu 2.12%
iter 2123: loss 0.8391, time 313.08ms, mfu 2.14%
iter 2124: loss 0.8316, time 371.54ms, mfu 2.11%
iter 2125: loss 0.7647, time 281.29ms, mfu 2.15%
iter 2126: loss 0.7560, time 442.86ms, mfu 2.10%
iter 2127: loss 0.6926, time 291.60ms, mfu 2.13%
iter 2128: loss 0.8018, time 521.77ms, mfu 2.05%
iter 2129: loss 0.6904, time 529.40ms, mfu 1.98%
iter 2130: loss 0.7299, time 340.90ms, mfu 1.99%
iter 2131: loss 0.8250, time 298.77ms, mfu 2.03%
iter 2132: loss 0.6935, time 362.72ms, mfu 2.02%
iter 2133: loss 0.7132, time 397.66ms, mfu 2.00%
iter 2134: loss 0.8792, time 341.04ms, mfu 2.01%
iter 2135: loss 0.6697, time 369.61ms, mfu 2.00%
iter 2136: loss 0.8010, time 358.87ms, mfu 2.00%
iter 2137: loss 0.7741, time 390.32ms, mfu 1.98%
iter 2138: loss 0.8510, time 260.10ms, mfu 2.05%
iter 2139: loss 0.8886, time 453.15ms, mfu 2.00%
iter 2140: loss 0.6800, time 375.92ms, mfu 1.99%
iter 2141: loss 0.8133, time 381.18ms, mfu 1.98%
iter 2142: loss 0.7690, time 316.14ms, mfu 2.00%
iter 2143: loss 0.8196, time 446.78ms, mfu 1.96%
iter 2144: loss 0.8287, time 246.98ms, mfu 2.05%
iter 2145: loss 0.8338, time 256.42ms, mfu 2.12%
iter 2146: loss 0.7503, time 310.46ms, mfu 2.14%
iter 2147: loss 0.7230, time 332.51ms, mfu 2.14%
iter 2148: loss 0.8285, time 391.21ms, mfu 2.11%
iter 2149: loss 0.8522, time 248.51ms, mfu 2.18%
iter 2150: loss 0.7636, time 248.41ms, mfu 2.25%
iter 2151: loss 0.7079, time 278.55ms, mfu 2.28%
iter 2152: loss 0.6665, time 482.47ms, mfu 2.20%
iter 2153: loss 0.7537, time 397.87ms, mfu 2.16%
iter 2154: loss 0.7331, time 424.76ms, mfu 2.11%
iter 2155: loss 0.8770, time 422.98ms, mfu 2.06%
iter 2156: loss 0.8072, time 285.57ms, mfu 2.11%
iter 2157: loss 0.9479, time 242.36ms, mfu 2.19%
iter 2158: loss 0.7033, time 443.00ms, mfu 2.13%
iter 2159: loss 0.7805, time 492.54ms, mfu 2.06%
iter 2160: loss 0.7658, time 351.84ms, mfu 2.06%
iter 2161: loss 0.8045, time 341.39ms, mfu 2.06%
iter 2162: loss 0.7654, time 399.64ms, mfu 2.03%
iter 2163: loss 0.7708, time 370.87ms, mfu 2.02%
iter 2164: loss 0.7790, time 532.57ms, mfu 1.95%
iter 2165: loss 0.6222, time 404.48ms, mfu 1.93%
iter 2166: loss 0.7793, time 410.68ms, mfu 1.91%
iter 2167: loss 0.8353, time 300.62ms, mfu 1.95%
iter 2168: loss 0.7904, time 274.14ms, mfu 2.02%
iter 2169: loss 0.7501, time 240.07ms, mfu 2.11%
iter 2170: loss 0.7876, time 372.46ms, mfu 2.09%
iter 2171: loss 0.7114, time 364.15ms, mfu 2.08%
iter 2172: loss 0.6960, time 361.07ms, mfu 2.06%
iter 2173: loss 0.7573, time 457.09ms, mfu 2.01%
iter 2174: loss 0.7303, time 353.39ms, mfu 2.01%
iter 2175: loss 0.7800, time 365.34ms, mfu 2.00%
iter 2176: loss 0.9236, time 486.58ms, mfu 1.95%
iter 2177: loss 0.7546, time 369.10ms, mfu 1.95%
iter 2178: loss 0.8058, time 460.59ms, mfu 1.91%
iter 2179: loss 0.7502, time 307.55ms, mfu 1.95%
iter 2180: loss 0.8037, time 301.89ms, mfu 1.99%
iter 2181: loss 0.7946, time 385.41ms, mfu 1.97%
iter 2182: loss 0.8302, time 257.56ms, mfu 2.05%
iter 2183: loss 0.8892, time 602.27ms, mfu 1.96%
iter 2184: loss 0.7508, time 434.41ms, mfu 1.93%
iter 2185: loss 0.8709, time 339.77ms, mfu 1.94%
iter 2186: loss 0.7289, time 298.15ms, mfu 1.99%
iter 2187: loss 0.8273, time 327.51ms, mfu 2.01%
iter 2188: loss 0.7295, time 274.30ms, mfu 2.06%
iter 2189: loss 0.7807, time 461.07ms, mfu 2.01%
iter 2190: loss 0.8220, time 448.52ms, mfu 1.97%
iter 2191: loss 0.7808, time 320.90ms, mfu 1.99%
iter 2192: loss 0.7545, time 288.71ms, mfu 2.04%
iter 2193: loss 0.7171, time 398.10ms, mfu 2.01%
iter 2194: loss 0.7341, time 322.06ms, mfu 2.03%
iter 2195: loss 0.7890, time 442.64ms, mfu 1.99%
iter 2196: loss 0.7314, time 462.95ms, mfu 1.94%
iter 2197: loss 0.7477, time 339.25ms, mfu 1.96%
iter 2198: loss 0.7448, time 336.39ms, mfu 1.97%
iter 2199: loss 0.7170, time 384.15ms, mfu 1.96%
iter 2200: loss 0.7614, time 691.65ms, mfu 1.87%
  === DIAG iter 2200 ===
  loss: 0.7614
  grads: total 1.0000, transformer 0.3516, adapter 0.9361
  <NUM> input tokens: 531/3072 (17.3%)
  lr: base 4.00e-04, adapter 2.00e-04
  SME accuracy: overall 0.429, sign 0.913, exp 0.784, digit 0.208, end 0.902 [d0 0.412 d1 0.182 d2 0.157 d3 0.149 d4 0.161 d5 0.208 d6 0.184 d7 0.233 d8 0.154 d9 0.222 d10 0.091 d11 0.100 d12 0.118 d13 0.000 d14 0.091] (1109 SME tokens)
iter 2201: loss 0.7375, time 177.32ms, mfu 2.08%
iter 2202: loss 0.7502, time 397.53ms, mfu 2.05%
iter 2203: loss 0.7457, time 493.06ms, mfu 1.99%
iter 2204: loss 0.8041, time 349.75ms, mfu 1.99%
iter 2205: loss 0.8068, time 241.57ms, mfu 2.09%
iter 2206: loss 0.7258, time 360.85ms, mfu 2.07%
iter 2207: loss 0.8062, time 372.16ms, mfu 2.06%
iter 2208: loss 0.6332, time 320.68ms, mfu 2.07%
iter 2209: loss 0.6435, time 360.77ms, mfu 2.06%
iter 2210: loss 0.7473, time 430.35ms, mfu 2.02%
iter 2211: loss 0.8105, time 371.34ms, mfu 2.01%
iter 2212: loss 0.6904, time 295.26ms, mfu 2.05%
iter 2213: loss 0.8121, time 257.63ms, mfu 2.12%
iter 2214: loss 0.8797, time 481.30ms, mfu 2.05%
iter 2215: loss 0.7557, time 369.14ms, mfu 2.04%
iter 2216: loss 0.7277, time 485.76ms, mfu 1.98%
iter 2217: loss 0.8175, time 411.94ms, mfu 1.96%
iter 2218: loss 0.7467, time 322.08ms, mfu 1.98%
iter 2219: loss 0.6239, time 269.55ms, mfu 2.05%
iter 2220: loss 0.6859, time 416.32ms, mfu 2.01%
iter 2221: loss 0.7419, time 303.09ms, mfu 2.04%
iter 2222: loss 0.8159, time 372.42ms, mfu 2.03%
iter 2223: loss 0.7451, time 404.34ms, mfu 2.00%
iter 2224: loss 0.8347, time 462.04ms, mfu 1.96%
iter 2225: loss 0.7620, time 423.61ms, mfu 1.93%
iter 2226: loss 0.7170, time 522.89ms, mfu 1.87%
iter 2227: loss 0.7661, time 236.14ms, mfu 1.98%
iter 2228: loss 0.7210, time 341.08ms, mfu 1.99%
iter 2229: loss 0.6554, time 358.53ms, mfu 1.99%
iter 2230: loss 0.7681, time 388.80ms, mfu 1.97%
iter 2231: loss 0.7652, time 342.95ms, mfu 1.98%
iter 2232: loss 0.7607, time 451.51ms, mfu 1.94%
iter 2233: loss 0.8256, time 359.89ms, mfu 1.94%
iter 2234: loss 0.8659, time 231.52ms, mfu 2.06%
iter 2235: loss 0.7287, time 373.32ms, mfu 2.04%
iter 2236: loss 0.6944, time 452.14ms, mfu 1.99%
iter 2237: loss 0.6944, time 353.36ms, mfu 1.99%
iter 2238: loss 0.7371, time 428.91ms, mfu 1.96%
iter 2239: loss 0.7010, time 288.55ms, mfu 2.01%
iter 2240: loss 0.6924, time 260.74ms, mfu 2.08%
iter 2241: loss 0.9001, time 299.17ms, mfu 2.11%
iter 2242: loss 0.7844, time 269.13ms, mfu 2.16%
iter 2243: loss 0.7308, time 339.51ms, mfu 2.15%
iter 2244: loss 0.6296, time 542.02ms, mfu 2.07%
iter 2245: loss 0.8176, time 259.30ms, mfu 2.14%
iter 2246: loss 0.7661, time 427.51ms, mfu 2.09%
iter 2247: loss 0.7554, time 365.74ms, mfu 2.07%
iter 2248: loss 0.8092, time 353.13ms, mfu 2.07%
iter 2249: loss 0.8681, time 272.57ms, mfu 2.12%
iter 2250: loss 0.7028, time 543.83ms, mfu 2.04%
iter 2251: loss 0.7228, time 355.31ms, mfu 2.03%
iter 2252: loss 0.7260, time 382.97ms, mfu 2.02%
iter 2253: loss 0.7353, time 406.57ms, mfu 1.99%
iter 2254: loss 0.8014, time 301.47ms, mfu 2.02%
iter 2255: loss 0.7920, time 414.16ms, mfu 1.99%
iter 2256: loss 0.7623, time 345.10ms, mfu 2.00%
iter 2257: loss 0.8116, time 260.26ms, mfu 2.07%
iter 2258: loss 0.7752, time 359.01ms, mfu 2.06%
iter 2259: loss 0.6593, time 365.88ms, mfu 2.05%
iter 2260: loss 0.6777, time 477.07ms, mfu 1.99%
iter 2261: loss 0.6964, time 283.74ms, mfu 2.04%
iter 2262: loss 0.8220, time 296.12ms, mfu 2.08%
iter 2263: loss 0.7243, time 402.31ms, mfu 2.05%
iter 2264: loss 0.7573, time 429.63ms, mfu 2.01%
iter 2265: loss 0.7954, time 351.99ms, mfu 2.01%
iter 2266: loss 0.8531, time 457.12ms, mfu 1.96%
iter 2267: loss 0.8064, time 510.14ms, mfu 1.90%
iter 2268: loss 0.7703, time 445.51ms, mfu 1.87%
iter 2269: loss 0.7072, time 270.77ms, mfu 1.95%
iter 2270: loss 0.7585, time 442.72ms, mfu 1.91%
iter 2271: loss 0.7011, time 399.93ms, mfu 1.90%
iter 2272: loss 0.7594, time 384.81ms, mfu 1.89%
iter 2273: loss 0.7358, time 427.11ms, mfu 1.87%
iter 2274: loss 0.6891, time 588.42ms, mfu 1.80%
iter 2275: loss 0.7637, time 450.81ms, mfu 1.78%
iter 2276: loss 0.8014, time 339.26ms, mfu 1.81%
iter 2277: loss 0.7620, time 257.23ms, mfu 1.91%
iter 2278: loss 0.7471, time 251.11ms, mfu 2.00%
iter 2279: loss 0.6512, time 333.08ms, mfu 2.01%
iter 2280: loss 0.7610, time 370.06ms, mfu 2.00%
iter 2281: loss 0.7365, time 363.53ms, mfu 2.00%
iter 2282: loss 0.7091, time 426.77ms, mfu 1.96%
iter 2283: loss 0.8322, time 378.75ms, mfu 1.95%
iter 2284: loss 0.8054, time 482.89ms, mfu 1.90%
iter 2285: loss 0.8573, time 245.51ms, mfu 2.00%
iter 2286: loss 0.8117, time 357.12ms, mfu 2.00%
iter 2287: loss 0.6701, time 346.51ms, mfu 2.01%
iter 2288: loss 0.7230, time 347.11ms, mfu 2.01%
iter 2289: loss 0.6956, time 364.04ms, mfu 2.00%
iter 2290: loss 0.7745, time 441.84ms, mfu 1.96%
iter 2291: loss 0.8698, time 478.09ms, mfu 1.91%
iter 2292: loss 0.7386, time 306.41ms, mfu 1.95%
iter 2293: loss 0.7403, time 325.05ms, mfu 1.98%
iter 2294: loss 0.6878, time 260.47ms, mfu 2.05%
iter 2295: loss 0.8114, time 512.41ms, mfu 1.98%
iter 2296: loss 0.7028, time 321.70ms, mfu 2.01%
iter 2297: loss 0.6864, time 469.01ms, mfu 1.96%
iter 2298: loss 0.7752, time 265.23ms, mfu 2.03%
iter 2299: loss 0.8000, time 384.13ms, mfu 2.01%
iter 2300: loss 0.8338, time 573.09ms, mfu 1.93%
  === DIAG iter 2300 ===
  loss: 0.8338
  grads: total 1.0000, transformer 0.1985, adapter 0.9801
  <NUM> input tokens: 469/3072 (15.3%)
  lr: base 4.00e-04, adapter 2.00e-04
  SME accuracy: overall 0.393, sign 0.943, exp 0.789, digit 0.177, end 0.884 [d0 0.322 d1 0.071 d2 0.152 d3 0.171 d4 0.172 d5 0.203 d6 0.172 d7 0.196 d8 0.196 d9 0.216 d10 0.219 d11 0.042 d12 0.150 d13 0.056 d14 0.000] (1182 SME tokens)
iter 2301: loss 0.7875, time 178.16ms, mfu 2.14%
iter 2302: loss 0.8019, time 449.70ms, mfu 2.08%
iter 2303: loss 0.7866, time 431.04ms, mfu 2.04%
iter 2304: loss 0.6948, time 322.94ms, mfu 2.05%
iter 2305: loss 0.7429, time 410.93ms, mfu 2.02%
iter 2306: loss 0.7449, time 390.07ms, mfu 2.00%
iter 2307: loss 0.7093, time 454.59ms, mfu 1.96%
iter 2308: loss 0.7879, time 411.16ms, mfu 1.93%
iter 2309: loss 0.8517, time 304.52ms, mfu 1.97%
iter 2310: loss 0.7035, time 371.70ms, mfu 1.97%
iter 2311: loss 0.7633, time 249.13ms, mfu 2.05%
iter 2312: loss 0.8127, time 406.72ms, mfu 2.02%
iter 2313: loss 0.7586, time 260.23ms, mfu 2.09%
iter 2314: loss 0.8030, time 467.21ms, mfu 2.03%
iter 2315: loss 0.7701, time 249.83ms, mfu 2.12%
iter 2316: loss 0.7774, time 259.58ms, mfu 2.18%
iter 2317: loss 0.7777, time 258.61ms, mfu 2.23%
iter 2318: loss 0.7274, time 312.01ms, mfu 2.24%
iter 2319: loss 0.6910, time 310.21ms, mfu 2.24%
iter 2320: loss 0.7432, time 315.97ms, mfu 2.24%
iter 2321: loss 0.6381, time 332.39ms, mfu 2.23%
iter 2322: loss 0.6571, time 521.96ms, mfu 2.14%
iter 2323: loss 0.7044, time 411.44ms, mfu 2.10%
iter 2324: loss 0.7894, time 330.80ms, mfu 2.11%
iter 2325: loss 0.7513, time 442.00ms, mfu 2.06%
iter 2326: loss 0.6726, time 291.14ms, mfu 2.09%
iter 2327: loss 0.7769, time 346.95ms, mfu 2.09%
iter 2328: loss 0.8133, time 437.74ms, mfu 2.04%
iter 2329: loss 0.6601, time 304.86ms, mfu 2.07%
iter 2330: loss 0.6784, time 385.33ms, mfu 2.05%
iter 2331: loss 0.6974, time 615.92ms, mfu 1.96%
iter 2332: loss 0.6909, time 317.86ms, mfu 1.98%
iter 2333: loss 0.8540, time 285.42ms, mfu 2.03%
iter 2334: loss 0.8195, time 353.18ms, mfu 2.03%
iter 2335: loss 0.7494, time 366.06ms, mfu 2.02%
iter 2336: loss 0.7778, time 546.33ms, mfu 1.95%
iter 2337: loss 0.7137, time 297.74ms, mfu 1.99%
iter 2338: loss 0.7706, time 272.30ms, mfu 2.05%
iter 2339: loss 0.8030, time 457.38ms, mfu 2.00%
iter 2340: loss 0.7139, time 419.57ms, mfu 1.97%
iter 2341: loss 0.7856, time 355.89ms, mfu 1.97%
iter 2342: loss 0.7748, time 392.96ms, mfu 1.96%
iter 2343: loss 0.7558, time 248.05ms, mfu 2.05%
iter 2344: loss 0.8073, time 376.47ms, mfu 2.03%
iter 2345: loss 0.7826, time 449.16ms, mfu 1.99%
iter 2346: loss 0.7265, time 430.29ms, mfu 1.95%
iter 2347: loss 0.7124, time 297.58ms, mfu 1.99%
iter 2348: loss 0.7809, time 457.34ms, mfu 1.95%
iter 2349: loss 0.8370, time 241.86ms, mfu 2.05%
iter 2350: loss 0.7795, time 297.91ms, mfu 2.08%
iter 2351: loss 0.6946, time 301.54ms, mfu 2.11%
iter 2352: loss 0.6924, time 258.06ms, mfu 2.17%
iter 2353: loss 0.8204, time 245.68ms, mfu 2.24%
iter 2354: loss 0.7322, time 339.06ms, mfu 2.23%
iter 2355: loss 0.7561, time 385.83ms, mfu 2.19%
iter 2356: loss 0.7362, time 505.13ms, mfu 2.11%
iter 2357: loss 0.6154, time 555.36ms, mfu 2.03%
iter 2358: loss 0.6577, time 375.88ms, mfu 2.01%
iter 2359: loss 0.6656, time 325.65ms, mfu 2.03%
iter 2360: loss 0.7392, time 408.74ms, mfu 2.00%
iter 2361: loss 0.6842, time 490.66ms, mfu 1.94%
iter 2362: loss 0.6559, time 395.84ms, mfu 1.93%
iter 2363: loss 0.9008, time 373.23ms, mfu 1.93%
iter 2364: loss 0.8531, time 447.51ms, mfu 1.89%
iter 2365: loss 0.7956, time 328.45ms, mfu 1.92%
iter 2366: loss 0.7377, time 507.88ms, mfu 1.87%
iter 2367: loss 0.7956, time 276.13ms, mfu 1.94%
iter 2368: loss 0.7061, time 380.00ms, mfu 1.93%
iter 2369: loss 0.7647, time 323.68ms, mfu 1.95%
iter 2370: loss 0.7743, time 412.69ms, mfu 1.93%
iter 2371: loss 0.7825, time 241.42ms, mfu 2.03%
iter 2372: loss 0.8002, time 353.12ms, mfu 2.03%
iter 2373: loss 0.7678, time 452.70ms, mfu 1.98%
iter 2374: loss 0.6801, time 404.18ms, mfu 1.96%
iter 2375: loss 0.6496, time 365.10ms, mfu 1.96%
iter 2376: loss 0.8041, time 338.52ms, mfu 1.97%
iter 2377: loss 0.6913, time 445.56ms, mfu 1.93%
iter 2378: loss 0.7856, time 285.48ms, mfu 1.99%
iter 2379: loss 0.8493, time 344.69ms, mfu 2.00%
iter 2380: loss 0.7267, time 336.34ms, mfu 2.01%
iter 2381: loss 0.8240, time 387.84ms, mfu 1.99%
iter 2382: loss 0.7556, time 372.14ms, mfu 1.98%
iter 2383: loss 0.7582, time 416.39ms, mfu 1.95%
iter 2384: loss 0.8230, time 406.46ms, mfu 1.93%
iter 2385: loss 0.7699, time 541.24ms, mfu 1.87%
iter 2386: loss 0.7535, time 395.42ms, mfu 1.86%
iter 2387: loss 0.7152, time 293.92ms, mfu 1.92%
iter 2388: loss 0.7518, time 388.18ms, mfu 1.91%
iter 2389: loss 0.8029, time 274.14ms, mfu 1.98%
iter 2390: loss 0.7756, time 413.59ms, mfu 1.95%
iter 2391: loss 0.7880, time 462.39ms, mfu 1.91%
iter 2392: loss 0.7292, time 427.40ms, mfu 1.88%
iter 2393: loss 0.7124, time 404.59ms, mfu 1.87%
iter 2394: loss 0.8025, time 477.29ms, mfu 1.83%
iter 2395: loss 0.8069, time 291.95ms, mfu 1.89%
iter 2396: loss 0.8057, time 360.72ms, mfu 1.90%
iter 2397: loss 0.8169, time 330.96ms, mfu 1.92%
iter 2398: loss 0.7612, time 316.55ms, mfu 1.95%
iter 2399: loss 0.6871, time 402.36ms, mfu 1.93%
iter 2400: loss 0.7178, time 517.31ms, mfu 1.88%
  === DIAG iter 2400 ===
  loss: 0.7178
  grads: total 1.0000, transformer 0.3083, adapter 0.9513
  <NUM> input tokens: 513/3072 (16.7%)
  lr: base 4.00e-04, adapter 2.00e-04
  SME accuracy: overall 0.439, sign 0.952, exp 0.863, digit 0.180, end 0.910 [d0 0.392 d1 0.038 d2 0.058 d3 0.113 d4 0.151 d5 0.173 d6 0.149 d7 0.163 d8 0.167 d9 0.182 d10 0.158 d11 0.167 d12 0.083 d13 0.000 d14 0.000] (1041 SME tokens)
iter 2401: loss 0.7078, time 180.38ms, mfu 2.08%
iter 2402: loss 0.8344, time 286.13ms, mfu 2.12%
iter 2403: loss 0.6997, time 425.78ms, mfu 2.08%
iter 2404: loss 0.8619, time 302.35ms, mfu 2.10%
iter 2405: loss 0.6584, time 530.29ms, mfu 2.03%
iter 2406: loss 0.6941, time 269.29ms, mfu 2.09%
iter 2407: loss 0.7566, time 390.44ms, mfu 2.06%
iter 2408: loss 0.7318, time 481.01ms, mfu 2.00%
iter 2409: loss 0.7640, time 277.78ms, mfu 2.06%
iter 2410: loss 0.6506, time 254.16ms, mfu 2.13%
iter 2411: loss 0.7420, time 367.12ms, mfu 2.11%
iter 2412: loss 0.6973, time 375.95ms, mfu 2.09%
iter 2413: loss 0.7454, time 314.04ms, mfu 2.10%
iter 2414: loss 0.7784, time 369.27ms, mfu 2.09%
iter 2415: loss 0.8143, time 255.92ms, mfu 2.15%
iter 2416: loss 0.7694, time 349.69ms, mfu 2.14%
iter 2417: loss 0.6786, time 336.54ms, mfu 2.14%
iter 2418: loss 0.7664, time 406.76ms, mfu 2.10%
iter 2419: loss 0.8241, time 252.57ms, mfu 2.17%
iter 2420: loss 0.8687, time 380.71ms, mfu 2.14%
iter 2421: loss 0.8850, time 322.43ms, mfu 2.14%
iter 2422: loss 0.7432, time 330.73ms, mfu 2.14%
iter 2423: loss 0.6935, time 316.87ms, mfu 2.15%
iter 2424: loss 0.8705, time 269.22ms, mfu 2.20%
iter 2425: loss 0.8546, time 470.59ms, mfu 2.13%
iter 2426: loss 0.9031, time 248.58ms, mfu 2.20%
iter 2427: loss 0.7529, time 553.22ms, mfu 2.11%
iter 2428: loss 0.7572, time 323.90ms, mfu 2.12%
iter 2429: loss 0.6889, time 487.05ms, mfu 2.05%
iter 2430: loss 0.8248, time 314.83ms, mfu 2.07%
iter 2431: loss 0.7715, time 532.33ms, mfu 2.00%
iter 2432: loss 0.7797, time 297.49ms, mfu 2.04%
iter 2433: loss 0.8241, time 449.23ms, mfu 1.99%
iter 2434: loss 0.8429, time 399.24ms, mfu 1.97%
iter 2435: loss 0.7694, time 404.92ms, mfu 1.95%
iter 2436: loss 0.8441, time 367.60ms, mfu 1.95%
iter 2437: loss 0.8583, time 455.85ms, mfu 1.91%
iter 2438: loss 0.7032, time 202.08ms, mfu 2.07%
iter 2439: loss 0.8249, time 519.35ms, mfu 2.00%
iter 2440: loss 0.8001, time 317.57ms, mfu 2.02%
iter 2441: loss 0.7534, time 437.61ms, mfu 1.98%
iter 2442: loss 0.6955, time 317.45ms, mfu 2.01%
iter 2443: loss 0.8083, time 292.98ms, mfu 2.05%
iter 2444: loss 0.7576, time 344.56ms, mfu 2.05%
iter 2445: loss 0.7840, time 267.17ms, mfu 2.11%
iter 2446: loss 0.7827, time 416.75ms, mfu 2.07%
iter 2447: loss 0.9019, time 292.32ms, mfu 2.10%
iter 2448: loss 0.8122, time 235.41ms, mfu 2.19%
iter 2449: loss 0.8565, time 339.42ms, mfu 2.18%
iter 2450: loss 0.8163, time 421.90ms, mfu 2.13%
iter 2451: loss 0.7623, time 497.23ms, mfu 2.06%
iter 2452: loss 0.8251, time 422.08ms, mfu 2.02%
iter 2453: loss 0.7536, time 438.05ms, mfu 1.98%
iter 2454: loss 0.7187, time 283.30ms, mfu 2.04%
iter 2455: loss 0.7512, time 333.78ms, mfu 2.04%
iter 2456: loss 0.6932, time 269.08ms, mfu 2.10%
iter 2457: loss 0.7865, time 409.14ms, mfu 2.07%
iter 2458: loss 0.7244, time 457.67ms, mfu 2.01%
iter 2459: loss 0.7439, time 425.61ms, mfu 1.98%
iter 2460: loss 0.8137, time 415.75ms, mfu 1.95%
iter 2461: loss 0.8888, time 311.60ms, mfu 1.98%
iter 2462: loss 0.7581, time 365.06ms, mfu 1.98%
iter 2463: loss 0.7715, time 291.13ms, mfu 2.03%
iter 2464: loss 0.7960, time 259.92ms, mfu 2.10%
iter 2465: loss 0.7223, time 379.89ms, mfu 2.07%
iter 2466: loss 0.6875, time 271.26ms, mfu 2.13%
iter 2467: loss 0.7891, time 507.23ms, mfu 2.05%
iter 2468: loss 0.8083, time 431.84ms, mfu 2.01%
iter 2469: loss 0.7080, time 391.53ms, mfu 1.99%
iter 2470: loss 0.6725, time 258.95ms, mfu 2.07%
iter 2471: loss 0.7985, time 307.97ms, mfu 2.09%
iter 2472: loss 0.7875, time 388.82ms, mfu 2.06%
iter 2473: loss 0.6922, time 273.76ms, mfu 2.12%
iter 2474: loss 0.8077, time 325.02ms, mfu 2.12%
iter 2475: loss 0.7773, time 306.03ms, mfu 2.14%
iter 2476: loss 0.7556, time 375.28ms, mfu 2.12%
iter 2477: loss 0.7852, time 275.29ms, mfu 2.16%
iter 2478: loss 0.7143, time 439.60ms, mfu 2.11%
iter 2479: loss 0.7474, time 284.41ms, mfu 2.15%
iter 2480: loss 0.6951, time 244.62ms, mfu 2.22%
iter 2481: loss 0.7179, time 329.00ms, mfu 2.21%
iter 2482: loss 0.7311, time 352.79ms, mfu 2.19%
iter 2483: loss 0.7783, time 422.57ms, mfu 2.14%
iter 2484: loss 0.7604, time 276.17ms, mfu 2.18%
iter 2485: loss 0.7100, time 558.65ms, mfu 2.09%
iter 2486: loss 0.7066, time 350.38ms, mfu 2.09%
iter 2487: loss 0.6366, time 501.70ms, mfu 2.02%
iter 2488: loss 0.6986, time 318.14ms, mfu 2.04%
iter 2489: loss 0.7243, time 328.82ms, mfu 2.05%
iter 2490: loss 0.8135, time 240.35ms, mfu 2.14%
iter 2491: loss 0.7618, time 421.00ms, mfu 2.10%
iter 2492: loss 0.7389, time 380.25ms, mfu 2.07%
iter 2493: loss 0.7643, time 346.08ms, mfu 2.07%
iter 2494: loss 0.7383, time 599.79ms, mfu 1.98%
iter 2495: loss 0.8106, time 290.85ms, mfu 2.03%
iter 2496: loss 0.7270, time 380.95ms, mfu 2.01%
iter 2497: loss 0.7562, time 557.78ms, mfu 1.94%
iter 2498: loss 0.8621, time 464.23ms, mfu 1.89%
iter 2499: loss 0.7069, time 449.26ms, mfu 1.86%
iter 2500: loss 0.7076, time 725.30ms, mfu 1.77%
  === DIAG iter 2500 ===
  loss: 0.7076
  grads: total 1.0000, transformer 0.3488, adapter 0.9372
  <NUM> input tokens: 438/3072 (14.3%)
  lr: base 4.00e-04, adapter 2.00e-04
  SME accuracy: overall 0.436, sign 0.945, exp 0.798, digit 0.212, end 0.877 [d0 0.343 d1 0.117 d2 0.194 d3 0.186 d4 0.180 d5 0.244 d6 0.190 d7 0.158 d8 0.118 d9 0.217 d10 0.389 d11 0.312 d12 0.188 d13 0.267 d14 0.300] (979 SME tokens)
iter 2501: loss 0.6085, time 224.74ms, mfu 1.91%
iter 2502: loss 0.9134, time 253.24ms, mfu 2.00%
iter 2503: loss 0.8642, time 398.27ms, mfu 1.98%
iter 2504: loss 0.7532, time 459.54ms, mfu 1.94%
iter 2505: loss 0.7191, time 367.73ms, mfu 1.93%
iter 2506: loss 0.7449, time 428.64ms, mfu 1.91%
iter 2507: loss 0.7122, time 355.03ms, mfu 1.92%
iter 2508: loss 0.7650, time 308.52ms, mfu 1.95%
iter 2509: loss 0.7492, time 254.75ms, mfu 2.04%
iter 2510: loss 0.8310, time 499.69ms, mfu 1.97%
iter 2511: loss 0.7039, time 224.46ms, mfu 2.09%
iter 2512: loss 0.7218, time 297.67ms, mfu 2.12%
iter 2513: loss 0.7194, time 302.21ms, mfu 2.14%
iter 2514: loss 0.7742, time 436.89ms, mfu 2.09%
iter 2515: loss 0.7010, time 314.05ms, mfu 2.11%
iter 2516: loss 0.7951, time 358.44ms, mfu 2.10%
iter 2517: loss 0.7228, time 431.12ms, mfu 2.05%
iter 2518: loss 0.7596, time 361.46ms, mfu 2.04%
iter 2519: loss 0.7381, time 247.68ms, mfu 2.12%
iter 2520: loss 0.7564, time 488.90ms, mfu 2.06%
iter 2521: loss 0.8290, time 446.50ms, mfu 2.01%
iter 2522: loss 0.7257, time 373.17ms, mfu 2.00%
iter 2523: loss 0.7739, time 429.50ms, mfu 1.96%
iter 2524: loss 0.8528, time 382.59ms, mfu 1.95%
iter 2525: loss 0.7253, time 413.01ms, mfu 1.93%
iter 2526: loss 0.7572, time 437.89ms, mfu 1.90%
iter 2527: loss 0.8251, time 512.31ms, mfu 1.85%
iter 2528: loss 0.7677, time 407.12ms, mfu 1.84%
iter 2529: loss 0.7691, time 320.88ms, mfu 1.87%
iter 2530: loss 0.7790, time 491.71ms, mfu 1.83%
iter 2531: loss 0.7641, time 474.09ms, mfu 1.80%
iter 2532: loss 0.8051, time 522.18ms, mfu 1.75%
iter 2533: loss 0.7077, time 357.50ms, mfu 1.78%
iter 2534: loss 0.7079, time 296.26ms, mfu 1.84%
iter 2535: loss 0.7429, time 414.82ms, mfu 1.82%
iter 2536: loss 0.8099, time 259.27ms, mfu 1.92%
iter 2537: loss 0.7296, time 377.47ms, mfu 1.91%
iter 2538: loss 0.7648, time 542.41ms, mfu 1.85%
iter 2539: loss 0.6982, time 395.35ms, mfu 1.85%
iter 2540: loss 0.8661, time 372.77ms, mfu 1.85%
iter 2541: loss 0.7282, time 395.52ms, mfu 1.84%
iter 2542: loss 0.7073, time 252.33ms, mfu 1.94%
iter 2543: loss 0.8376, time 382.21ms, mfu 1.93%
iter 2544: loss 0.8851, time 306.53ms, mfu 1.97%
iter 2545: loss 0.7762, time 349.46ms, mfu 1.98%
iter 2546: loss 0.6893, time 370.15ms, mfu 1.97%
iter 2547: loss 0.7842, time 305.13ms, mfu 2.01%
iter 2548: loss 0.7918, time 389.65ms, mfu 1.99%
iter 2549: loss 0.7654, time 313.56ms, mfu 2.01%
iter 2550: loss 0.6698, time 311.90ms, mfu 2.04%
iter 2551: loss 0.7645, time 317.64ms, mfu 2.06%
iter 2552: loss 0.7431, time 241.90ms, mfu 2.15%
iter 2553: loss 0.7619, time 477.17ms, mfu 2.08%
iter 2554: loss 0.6760, time 279.40ms, mfu 2.13%
iter 2555: loss 0.7727, time 426.37ms, mfu 2.08%
iter 2556: loss 0.8113, time 253.03ms, mfu 2.15%
iter 2557: loss 0.7430, time 491.50ms, mfu 2.08%
iter 2558: loss 0.7414, time 273.75ms, mfu 2.13%
iter 2559: loss 0.7807, time 376.92ms, mfu 2.11%
iter 2560: loss 0.7916, time 351.13ms, mfu 2.10%
iter 2561: loss 0.7544, time 267.77ms, mfu 2.15%
iter 2562: loss 0.7332, time 443.28ms, mfu 2.10%
iter 2563: loss 0.7334, time 369.00ms, mfu 2.08%
iter 2564: loss 0.6979, time 310.79ms, mfu 2.10%
iter 2565: loss 0.6418, time 401.76ms, mfu 2.07%
iter 2566: loss 0.6864, time 360.59ms, mfu 2.06%
iter 2567: loss 0.7935, time 307.66ms, mfu 2.08%
iter 2568: loss 0.7220, time 361.63ms, mfu 2.07%
iter 2569: loss 0.8205, time 425.23ms, mfu 2.03%
iter 2570: loss 0.7197, time 331.25ms, mfu 2.04%
iter 2571: loss 0.7757, time 311.66ms, mfu 2.06%
iter 2572: loss 0.8701, time 419.80ms, mfu 2.03%
iter 2573: loss 0.7672, time 342.84ms, mfu 2.03%
iter 2574: loss 0.7826, time 466.99ms, mfu 1.98%
iter 2575: loss 0.8757, time 314.43ms, mfu 2.01%
iter 2576: loss 0.6960, time 216.82ms, mfu 2.13%
iter 2577: loss 0.8584, time 336.23ms, mfu 2.13%
iter 2578: loss 0.8175, time 350.32ms, mfu 2.12%
iter 2579: loss 0.6973, time 477.46ms, mfu 2.06%
iter 2580: loss 0.7805, time 235.57ms, mfu 2.15%
iter 2581: loss 0.8498, time 409.42ms, mfu 2.11%
iter 2582: loss 0.7880, time 271.16ms, mfu 2.16%
iter 2583: loss 0.6793, time 327.29ms, mfu 2.16%
iter 2584: loss 0.8559, time 422.17ms, mfu 2.11%
iter 2585: loss 0.6805, time 467.06ms, mfu 2.05%
iter 2586: loss 0.8546, time 512.80ms, mfu 1.99%
iter 2587: loss 0.6925, time 258.12ms, mfu 2.06%
iter 2588: loss 0.7343, time 253.97ms, mfu 2.13%
iter 2589: loss 0.7364, time 533.67ms, mfu 2.05%
iter 2590: loss 0.7952, time 287.16ms, mfu 2.10%
iter 2591: loss 0.7903, time 304.03ms, mfu 2.12%
iter 2592: loss 0.7157, time 382.46ms, mfu 2.09%
iter 2593: loss 0.7734, time 360.07ms, mfu 2.08%
iter 2594: loss 0.6922, time 421.40ms, mfu 2.04%
iter 2595: loss 0.7299, time 310.28ms, mfu 2.06%
iter 2596: loss 0.7605, time 523.98ms, mfu 1.99%
iter 2597: loss 0.7574, time 315.72ms, mfu 2.02%
iter 2598: loss 0.7935, time 388.67ms, mfu 2.00%
iter 2599: loss 0.8010, time 589.14ms, mfu 1.92%
iter 2600: loss 0.7609, time 540.26ms, mfu 1.86%
  === DIAG iter 2600 ===
  loss: 0.7609
  grads: total 1.0000, transformer 0.2302, adapter 0.9731
  <NUM> input tokens: 479/3072 (15.6%)
  lr: base 4.00e-04, adapter 2.00e-04
  SME accuracy: overall 0.402, sign 0.940, exp 0.897, digit 0.173, end 0.852 [d0 0.375 d1 0.069 d2 0.079 d3 0.091 d4 0.150 d5 0.088 d6 0.245 d7 0.106 d8 0.163 d9 0.208 d10 0.391 d11 0.316 d12 0.353 d13 0.286 d14 0.000] (1102 SME tokens)
iter 2601: loss 0.7931, time 245.98ms, mfu 1.96%
iter 2602: loss 0.8099, time 420.84ms, mfu 1.93%
iter 2603: loss 0.7399, time 302.12ms, mfu 1.97%
iter 2604: loss 0.8420, time 415.36ms, mfu 1.95%
iter 2605: loss 0.6837, time 360.77ms, mfu 1.95%
iter 2606: loss 0.7161, time 444.24ms, mfu 1.91%
iter 2607: loss 0.7559, time 391.85ms, mfu 1.90%
iter 2608: loss 0.7249, time 349.85ms, mfu 1.92%
iter 2609: loss 0.8800, time 268.32ms, mfu 1.99%
iter 2610: loss 0.7311, time 347.65ms, mfu 1.99%
iter 2611: loss 0.7207, time 331.13ms, mfu 2.01%
iter 2612: loss 0.7967, time 433.61ms, mfu 1.97%
iter 2613: loss 0.7439, time 267.82ms, mfu 2.04%
iter 2614: loss 0.7551, time 430.47ms, mfu 2.00%
iter 2615: loss 0.7805, time 510.10ms, mfu 1.94%
iter 2616: loss 0.8260, time 340.97ms, mfu 1.95%
iter 2617: loss 0.7511, time 531.90ms, mfu 1.89%
iter 2618: loss 0.8143, time 395.79ms, mfu 1.88%
iter 2619: loss 0.6314, time 259.37ms, mfu 1.97%
iter 2620: loss 0.7873, time 299.11ms, mfu 2.01%
iter 2621: loss 0.8444, time 321.63ms, mfu 2.03%
iter 2622: loss 0.8154, time 402.86ms, mfu 2.00%
iter 2623: loss 0.8960, time 492.90ms, mfu 1.94%
iter 2624: loss 0.9227, time 345.94ms, mfu 1.95%
iter 2625: loss 0.6868, time 428.13ms, mfu 1.92%
iter 2626: loss 0.7690, time 253.30ms, mfu 2.01%
iter 2627: loss 0.7057, time 437.30ms, mfu 1.97%
iter 2628: loss 0.7345, time 343.93ms, mfu 1.98%
iter 2629: loss 0.7029, time 341.17ms, mfu 1.99%
iter 2630: loss 0.7300, time 394.10ms, mfu 1.97%
iter 2631: loss 0.8872, time 350.41ms, mfu 1.98%
iter 2632: loss 0.7429, time 314.77ms, mfu 2.00%
iter 2633: loss 0.8279, time 344.93ms, mfu 2.01%
iter 2634: loss 0.7873, time 427.57ms, mfu 1.97%
iter 2635: loss 0.7873, time 360.35ms, mfu 1.97%
iter 2636: loss 0.7277, time 325.36ms, mfu 1.99%
iter 2637: loss 0.7756, time 428.98ms, mfu 1.96%
iter 2638: loss 0.7566, time 350.62ms, mfu 1.97%
iter 2639: loss 0.7859, time 350.74ms, mfu 1.97%
iter 2640: loss 0.7721, time 508.19ms, mfu 1.91%
iter 2641: loss 0.7197, time 450.94ms, mfu 1.88%
iter 2642: loss 0.7072, time 353.63ms, mfu 1.89%
iter 2643: loss 0.7329, time 267.84ms, mfu 1.97%
iter 2644: loss 0.7684, time 224.58ms, mfu 2.09%
iter 2645: loss 0.8195, time 309.79ms, mfu 2.11%
iter 2646: loss 0.7809, time 242.58ms, mfu 2.19%
iter 2647: loss 0.7851, time 295.04ms, mfu 2.21%
iter 2648: loss 0.7726, time 283.25ms, mfu 2.24%
iter 2649: loss 0.7404, time 283.52ms, mfu 2.26%
iter 2650: loss 0.8055, time 356.98ms, mfu 2.24%
iter 2651: loss 0.7365, time 261.06ms, mfu 2.28%
iter 2652: loss 0.6974, time 327.21ms, mfu 2.27%
iter 2653: loss 0.7247, time 477.84ms, mfu 2.19%
iter 2654: loss 0.8062, time 427.47ms, mfu 2.14%
iter 2655: loss 0.6701, time 249.03ms, mfu 2.21%
iter 2656: loss 0.7984, time 383.85ms, mfu 2.17%
iter 2657: loss 0.6907, time 313.27ms, mfu 2.18%
iter 2658: loss 0.7398, time 438.13ms, mfu 2.13%
iter 2659: loss 0.7144, time 360.46ms, mfu 2.11%
iter 2660: loss 0.7845, time 446.24ms, mfu 2.06%
iter 2661: loss 0.6569, time 376.31ms, mfu 2.04%
iter 2662: loss 0.7358, time 514.62ms, mfu 1.97%
iter 2663: loss 0.7343, time 493.93ms, mfu 1.92%
iter 2664: loss 0.7181, time 253.49ms, mfu 2.01%
iter 2665: loss 0.7457, time 404.14ms, mfu 1.98%
iter 2666: loss 0.6756, time 443.54ms, mfu 1.94%
iter 2667: loss 0.6687, time 598.41ms, mfu 1.87%
iter 2668: loss 0.7417, time 412.32ms, mfu 1.85%
iter 2669: loss 0.8179, time 307.88ms, mfu 1.90%
iter 2670: loss 0.6984, time 360.24ms, mfu 1.90%
iter 2671: loss 0.6902, time 497.49ms, mfu 1.86%
iter 2672: loss 0.6695, time 316.73ms, mfu 1.90%
iter 2673: loss 0.7876, time 418.74ms, mfu 1.87%
iter 2674: loss 0.7821, time 480.41ms, mfu 1.83%
iter 2675: loss 0.6724, time 398.83ms, mfu 1.83%
iter 2676: loss 0.7606, time 488.60ms, mfu 1.79%
iter 2677: loss 0.7193, time 409.04ms, mfu 1.79%
iter 2678: loss 0.7271, time 249.56ms, mfu 1.89%
iter 2679: loss 0.7508, time 374.38ms, mfu 1.89%
iter 2680: loss 0.7117, time 403.39ms, mfu 1.88%
iter 2681: loss 0.7844, time 385.55ms, mfu 1.87%
iter 2682: loss 0.6695, time 345.64ms, mfu 1.89%
iter 2683: loss 0.7616, time 464.30ms, mfu 1.85%
iter 2684: loss 0.8055, time 382.32ms, mfu 1.85%
iter 2685: loss 0.7462, time 395.11ms, mfu 1.85%
iter 2686: loss 0.7211, time 312.44ms, mfu 1.89%
iter 2687: loss 0.6161, time 476.59ms, mfu 1.85%
iter 2688: loss 0.7448, time 422.76ms, mfu 1.83%
iter 2689: loss 0.7294, time 298.90ms, mfu 1.89%
iter 2690: loss 0.6773, time 478.94ms, mfu 1.85%
iter 2691: loss 0.7438, time 392.81ms, mfu 1.84%
iter 2692: loss 0.8426, time 363.73ms, mfu 1.85%
iter 2693: loss 0.7767, time 413.40ms, mfu 1.84%
iter 2694: loss 0.8038, time 484.72ms, mfu 1.80%
iter 2695: loss 0.7197, time 326.67ms, mfu 1.84%
iter 2696: loss 0.7957, time 362.35ms, mfu 1.85%
iter 2697: loss 0.6803, time 398.11ms, mfu 1.84%
iter 2698: loss 0.8215, time 486.82ms, mfu 1.80%
iter 2699: loss 0.8471, time 380.54ms, mfu 1.81%
iter 2700: loss 0.9208, time 480.35ms, mfu 1.78%
  === DIAG iter 2700 ===
  loss: 0.9208
  grads: total 1.0000, transformer 0.4329, adapter 0.9014
  <NUM> input tokens: 473/3072 (15.4%)
  lr: base 4.00e-04, adapter 2.00e-04
  SME accuracy: overall 0.370, sign 0.957, exp 0.829, digit 0.131, end 0.923 [d0 0.382 d1 0.059 d2 0.095 d3 0.126 d4 0.127 d5 0.081 d6 0.075 d7 0.102 d8 0.130 d9 0.079 d10 0.057 d11 0.036 d12 0.042 d13 0.000 d14 0.000] (1360 SME tokens)
iter 2701: loss 0.8565, time 214.52ms, mfu 1.93%
iter 2702: loss 0.7399, time 464.81ms, mfu 1.89%
iter 2703: loss 0.7279, time 307.62ms, mfu 1.93%
iter 2704: loss 0.6790, time 350.86ms, mfu 1.94%
iter 2705: loss 0.6952, time 286.51ms, mfu 1.99%
iter 2706: loss 0.7233, time 325.70ms, mfu 2.01%
iter 2707: loss 0.6703, time 382.97ms, mfu 1.99%
iter 2708: loss 0.7484, time 334.04ms, mfu 2.01%
iter 2709: loss 0.7682, time 363.07ms, mfu 2.00%
iter 2710: loss 0.7296, time 237.98ms, mfu 2.10%
iter 2711: loss 0.7435, time 371.90ms, mfu 2.08%
iter 2712: loss 0.8532, time 244.29ms, mfu 2.16%
iter 2713: loss 0.7918, time 404.56ms, mfu 2.12%
iter 2714: loss 0.7803, time 443.54ms, mfu 2.07%
iter 2715: loss 0.8152, time 351.26ms, mfu 2.06%
iter 2716: loss 0.7240, time 293.39ms, mfu 2.10%
iter 2717: loss 0.7200, time 403.55ms, mfu 2.06%
iter 2718: loss 0.7392, time 365.86ms, mfu 2.05%
iter 2719: loss 0.6931, time 380.15ms, mfu 2.03%
iter 2720: loss 0.7268, time 436.26ms, mfu 1.99%
iter 2721: loss 0.7505, time 458.74ms, mfu 1.95%
iter 2722: loss 0.6190, time 409.25ms, mfu 1.93%
iter 2723: loss 0.8063, time 548.09ms, mfu 1.86%
iter 2724: loss 0.7250, time 421.71ms, mfu 1.84%
iter 2725: loss 0.7365, time 350.52ms, mfu 1.86%
iter 2726: loss 0.8602, time 407.06ms, mfu 1.85%
iter 2727: loss 0.7457, time 340.97ms, mfu 1.87%
iter 2728: loss 0.7231, time 432.14ms, mfu 1.85%
iter 2729: loss 0.7599, time 271.96ms, mfu 1.93%
iter 2730: loss 0.7616, time 384.51ms, mfu 1.92%
iter 2731: loss 0.7989, time 315.30ms, mfu 1.95%
iter 2732: loss 0.7667, time 498.70ms, mfu 1.90%
iter 2733: loss 0.8412, time 578.64ms, mfu 1.83%
iter 2734: loss 0.7733, time 463.59ms, mfu 1.80%
iter 2735: loss 0.7083, time 305.16ms, mfu 1.85%
iter 2736: loss 0.7834, time 305.24ms, mfu 1.90%
iter 2737: loss 0.7092, time 229.05ms, mfu 2.02%
iter 2738: loss 0.7058, time 469.84ms, mfu 1.97%
iter 2739: loss 0.7394, time 428.02ms, mfu 1.94%
iter 2740: loss 0.7415, time 362.90ms, mfu 1.94%
iter 2741: loss 0.7900, time 380.23ms, mfu 1.93%
iter 2742: loss 0.8303, time 380.56ms, mfu 1.92%
iter 2743: loss 0.7365, time 340.81ms, mfu 1.94%
iter 2744: loss 0.7294, time 367.93ms, mfu 1.94%
iter 2745: loss 0.8519, time 466.43ms, mfu 1.90%
iter 2746: loss 0.8150, time 212.61ms, mfu 2.04%
iter 2747: loss 0.7829, time 330.87ms, mfu 2.05%
iter 2748: loss 0.7842, time 328.33ms, mfu 2.06%
iter 2749: loss 0.7926, time 483.63ms, mfu 2.00%
iter 2750: loss 0.7822, time 465.10ms, mfu 1.95%
iter 2751: loss 0.8454, time 277.21ms, mfu 2.01%
iter 2752: loss 0.6820, time 310.11ms, mfu 2.04%
iter 2753: loss 0.8378, time 560.84ms, mfu 1.96%
iter 2754: loss 0.6277, time 401.08ms, mfu 1.94%
iter 2755: loss 0.7283, time 320.44ms, mfu 1.97%
iter 2756: loss 0.7878, time 410.22ms, mfu 1.95%
iter 2757: loss 0.7367, time 398.07ms, mfu 1.93%
iter 2758: loss 0.7836, time 284.07ms, mfu 1.99%
iter 2759: loss 0.7472, time 248.27ms, mfu 2.07%
iter 2760: loss 0.7319, time 343.41ms, mfu 2.07%
iter 2761: loss 0.7213, time 332.74ms, mfu 2.08%
iter 2762: loss 0.7363, time 435.54ms, mfu 2.03%
iter 2763: loss 0.8062, time 401.34ms, mfu 2.01%
iter 2764: loss 0.7135, time 387.27ms, mfu 1.99%
iter 2765: loss 0.6969, time 389.64ms, mfu 1.97%
iter 2766: loss 0.8608, time 257.77ms, mfu 2.05%
iter 2767: loss 0.7702, time 418.92ms, mfu 2.01%
iter 2768: loss 0.6925, time 355.47ms, mfu 2.01%
iter 2769: loss 0.7169, time 266.77ms, mfu 2.08%
iter 2770: loss 0.7700, time 324.27ms, mfu 2.09%
iter 2771: loss 0.7609, time 407.47ms, mfu 2.05%
iter 2772: loss 0.6514, time 380.57ms, mfu 2.03%
iter 2773: loss 0.8118, time 472.58ms, mfu 1.98%
iter 2774: loss 0.7527, time 511.71ms, mfu 1.92%
iter 2775: loss 0.6925, time 326.37ms, mfu 1.95%
iter 2776: loss 0.8111, time 405.36ms, mfu 1.93%
iter 2777: loss 0.6568, time 385.09ms, mfu 1.92%
iter 2778: loss 0.7827, time 284.32ms, mfu 1.97%
iter 2779: loss 0.8679, time 287.38ms, mfu 2.02%
iter 2780: loss 0.7436, time 335.06ms, mfu 2.03%
iter 2781: loss 0.8737, time 212.65ms, mfu 2.16%
iter 2782: loss 0.7484, time 345.72ms, mfu 2.15%
iter 2783: loss 0.7291, time 316.39ms, mfu 2.16%
iter 2784: loss 0.7089, time 317.87ms, mfu 2.17%
iter 2785: loss 0.6934, time 483.74ms, mfu 2.10%
iter 2786: loss 0.7427, time 336.19ms, mfu 2.10%
iter 2787: loss 0.7155, time 345.03ms, mfu 2.09%
iter 2788: loss 0.8028, time 355.65ms, mfu 2.08%
iter 2789: loss 0.7519, time 452.60ms, mfu 2.03%
iter 2790: loss 0.6933, time 391.05ms, mfu 2.01%
iter 2791: loss 0.7812, time 369.08ms, mfu 2.00%
iter 2792: loss 0.8332, time 318.96ms, mfu 2.02%
iter 2793: loss 0.7337, time 487.22ms, mfu 1.97%
iter 2794: loss 0.7608, time 454.96ms, mfu 1.93%
iter 2795: loss 0.8121, time 455.46ms, mfu 1.89%
iter 2796: loss 0.6946, time 292.35ms, mfu 1.94%
iter 2797: loss 0.7545, time 296.15ms, mfu 1.99%
iter 2798: loss 0.7280, time 378.28ms, mfu 1.98%
iter 2799: loss 0.6640, time 506.24ms, mfu 1.92%
iter 2800: loss 0.7068, time 510.52ms, mfu 1.87%
  === DIAG iter 2800 ===
  loss: 0.7068
  grads: total 1.0000, transformer 0.2602, adapter 0.9656
  <NUM> input tokens: 462/3072 (15.0%)
  lr: base 4.00e-04, adapter 2.00e-04
  SME accuracy: overall 0.394, sign 0.960, exp 0.910, digit 0.162, end 0.869 [d0 0.510 d1 0.097 d2 0.106 d3 0.079 d4 0.088 d5 0.196 d6 0.146 d7 0.136 d8 0.075 d9 0.200 d10 0.045 d11 0.125 d12 0.000 d13 0.000 d14 0.000] (967 SME tokens)
iter 2801: loss 0.7316, time 234.18ms, mfu 1.98%
iter 2802: loss 0.8059, time 393.18ms, mfu 1.96%
iter 2803: loss 0.6990, time 341.66ms, mfu 1.97%
iter 2804: loss 0.7436, time 414.14ms, mfu 1.95%
iter 2805: loss 0.7316, time 387.08ms, mfu 1.94%
iter 2806: loss 0.7443, time 406.10ms, mfu 1.92%
iter 2807: loss 0.7278, time 334.62ms, mfu 1.94%
iter 2808: loss 0.8184, time 315.15ms, mfu 1.97%
iter 2809: loss 0.7655, time 240.14ms, mfu 2.07%
iter 2810: loss 0.7748, time 328.67ms, mfu 2.08%
iter 2811: loss 0.7035, time 341.22ms, mfu 2.08%
iter 2812: loss 0.8296, time 439.95ms, mfu 2.03%
iter 2813: loss 0.8435, time 317.87ms, mfu 2.05%
iter 2814: loss 0.7197, time 382.81ms, mfu 2.03%
iter 2815: loss 0.8083, time 359.43ms, mfu 2.02%
iter 2816: loss 0.6904, time 415.05ms, mfu 1.99%
iter 2817: loss 0.7627, time 412.02ms, mfu 1.97%
iter 2818: loss 0.7786, time 346.20ms, mfu 1.97%
iter 2819: loss 0.7049, time 376.80ms, mfu 1.96%
iter 2820: loss 0.6386, time 479.31ms, mfu 1.92%
iter 2821: loss 0.7843, time 319.34ms, mfu 1.95%
iter 2822: loss 0.6652, time 440.57ms, mfu 1.91%
iter 2823: loss 0.8446, time 262.28ms, mfu 1.99%
iter 2824: loss 0.8055, time 249.29ms, mfu 2.08%
iter 2825: loss 0.8507, time 346.21ms, mfu 2.07%
iter 2826: loss 0.7192, time 389.89ms, mfu 2.05%
iter 2827: loss 0.8421, time 335.19ms, mfu 2.05%
iter 2828: loss 0.8738, time 417.46ms, mfu 2.02%
iter 2829: loss 0.7435, time 483.24ms, mfu 1.96%
iter 2830: loss 0.7494, time 246.28ms, mfu 2.05%
iter 2831: loss 0.7096, time 382.38ms, mfu 2.03%
iter 2832: loss 0.6652, time 327.29ms, mfu 2.05%
iter 2833: loss 0.6383, time 425.84ms, mfu 2.01%
iter 2834: loss 0.8055, time 335.84ms, mfu 2.02%
iter 2835: loss 0.7904, time 495.96ms, mfu 1.96%
iter 2836: loss 0.8170, time 413.95ms, mfu 1.94%
iter 2837: loss 0.7893, time 326.43ms, mfu 1.96%
iter 2838: loss 0.8675, time 252.06ms, mfu 2.04%
iter 2839: loss 0.7159, time 399.00ms, mfu 2.02%
iter 2840: loss 0.8705, time 318.82ms, mfu 2.04%
iter 2841: loss 0.7960, time 422.50ms, mfu 2.00%
iter 2842: loss 0.8222, time 385.31ms, mfu 1.99%
iter 2843: loss 0.6671, time 353.50ms, mfu 1.99%
iter 2844: loss 0.7320, time 329.91ms, mfu 2.00%
iter 2845: loss 0.8210, time 324.95ms, mfu 2.02%
iter 2846: loss 0.6920, time 346.73ms, mfu 2.02%
iter 2847: loss 0.7924, time 456.66ms, mfu 1.98%
iter 2848: loss 0.6784, time 352.33ms, mfu 1.98%
iter 2849: loss 0.7999, time 433.66ms, mfu 1.95%
iter 2850: loss 0.8432, time 399.36ms, mfu 1.93%
iter 2851: loss 0.8736, time 555.36ms, mfu 1.86%
iter 2852: loss 0.7988, time 335.32ms, mfu 1.89%
iter 2853: loss 0.8226, time 250.86ms, mfu 1.98%
iter 2854: loss 0.7407, time 338.36ms, mfu 1.99%
iter 2855: loss 0.7987, time 331.01ms, mfu 2.01%
iter 2856: loss 0.7859, time 524.34ms, mfu 1.94%
iter 2857: loss 0.7323, time 298.78ms, mfu 1.99%
iter 2858: loss 0.8081, time 323.02ms, mfu 2.01%
iter 2859: loss 0.8340, time 272.41ms, mfu 2.07%
iter 2860: loss 0.7913, time 316.98ms, mfu 2.08%
iter 2861: loss 0.7202, time 275.29ms, mfu 2.13%
iter 2862: loss 0.6683, time 297.46ms, mfu 2.16%
iter 2863: loss 0.7449, time 483.45ms, mfu 2.09%
iter 2864: loss 0.7615, time 295.85ms, mfu 2.12%
iter 2865: loss 0.7616, time 363.53ms, mfu 2.10%
iter 2866: loss 0.8187, time 406.68ms, mfu 2.07%
iter 2867: loss 0.6420, time 320.47ms, mfu 2.08%
iter 2868: loss 0.6940, time 258.00ms, mfu 2.15%
iter 2869: loss 0.7456, time 453.96ms, mfu 2.09%
iter 2870: loss 0.8100, time 309.00ms, mfu 2.11%
iter 2871: loss 0.7559, time 260.22ms, mfu 2.17%
iter 2872: loss 0.7554, time 387.06ms, mfu 2.14%
iter 2873: loss 0.7636, time 517.04ms, mfu 2.06%
iter 2874: loss 0.6909, time 334.96ms, mfu 2.07%
iter 2875: loss 0.7901, time 455.65ms, mfu 2.01%
iter 2876: loss 0.7644, time 424.27ms, mfu 1.98%
iter 2877: loss 0.8097, time 319.40ms, mfu 2.00%
iter 2878: loss 0.7623, time 374.07ms, mfu 1.99%
iter 2879: loss 0.7692, time 236.63ms, mfu 2.09%
iter 2880: loss 0.7146, time 349.07ms, mfu 2.09%
iter 2881: loss 0.7134, time 386.90ms, mfu 2.06%
iter 2882: loss 0.7977, time 368.77ms, mfu 2.05%
iter 2883: loss 0.7686, time 290.96ms, mfu 2.09%
iter 2884: loss 0.8062, time 396.39ms, mfu 2.06%
iter 2885: loss 0.7629, time 391.22ms, mfu 2.03%
iter 2886: loss 0.7090, time 396.51ms, mfu 2.01%
iter 2887: loss 0.7325, time 382.19ms, mfu 1.99%
iter 2888: loss 0.7158, time 423.09ms, mfu 1.96%
iter 2889: loss 0.7529, time 264.90ms, mfu 2.03%
iter 2890: loss 0.7754, time 410.94ms, mfu 2.00%
iter 2891: loss 0.7661, time 584.73ms, mfu 1.92%
iter 2892: loss 0.6888, time 350.56ms, mfu 1.93%
iter 2893: loss 0.7301, time 383.51ms, mfu 1.92%
iter 2894: loss 0.8404, time 368.93ms, mfu 1.92%
iter 2895: loss 0.7400, time 434.62ms, mfu 1.89%
iter 2896: loss 0.7497, time 398.68ms, mfu 1.88%
iter 2897: loss 0.7452, time 378.65ms, mfu 1.88%
iter 2898: loss 0.7854, time 353.28ms, mfu 1.89%
iter 2899: loss 0.7775, time 260.48ms, mfu 1.98%
iter 2900: loss 0.7636, time 620.64ms, mfu 1.89%
  === DIAG iter 2900 ===
  loss: 0.7636
  grads: total 1.0000, transformer 0.1664, adapter 0.9861
  <NUM> input tokens: 526/3072 (17.1%)
  lr: base 4.00e-04, adapter 2.00e-04
  SME accuracy: overall 0.429, sign 0.959, exp 0.811, digit 0.174, end 0.984 [d0 0.380 d1 0.048 d2 0.081 d3 0.136 d4 0.271 d5 0.170 d6 0.163 d7 0.163 d8 0.135 d9 0.240 d10 0.182 d11 0.000 d12 0.000 d13 0.000 d14 0.000] (1083 SME tokens)
iter 2901: loss 0.7997, time 212.81ms, mfu 2.04%
iter 2902: loss 0.7455, time 372.21ms, mfu 2.02%
iter 2903: loss 0.8120, time 284.77ms, mfu 2.07%
iter 2904: loss 0.7505, time 261.69ms, mfu 2.13%
iter 2905: loss 0.7900, time 330.47ms, mfu 2.14%
iter 2906: loss 0.9228, time 313.54ms, mfu 2.15%
iter 2907: loss 0.7944, time 345.22ms, mfu 2.14%
iter 2908: loss 0.7186, time 282.45ms, mfu 2.18%
iter 2909: loss 0.7247, time 407.77ms, mfu 2.13%
iter 2910: loss 0.7998, time 390.65ms, mfu 2.10%
iter 2911: loss 0.7477, time 376.96ms, mfu 2.08%
iter 2912: loss 0.6850, time 242.91ms, mfu 2.16%
iter 2913: loss 0.6665, time 567.40ms, mfu 2.07%
iter 2914: loss 0.8003, time 331.76ms, mfu 2.08%
iter 2915: loss 0.7664, time 394.13ms, mfu 2.05%
iter 2916: loss 0.8309, time 286.59ms, mfu 2.09%
iter 2917: loss 0.6962, time 444.70ms, mfu 2.04%
iter 2918: loss 0.7129, time 340.98ms, mfu 2.05%
iter 2919: loss 0.7316, time 386.80ms, mfu 2.02%
iter 2920: loss 0.6935, time 404.26ms, mfu 2.00%
iter 2921: loss 0.8655, time 364.84ms, mfu 1.99%
iter 2922: loss 0.7407, time 426.90ms, mfu 1.96%
iter 2923: loss 0.7364, time 392.41ms, mfu 1.94%
iter 2924: loss 0.6251, time 305.29ms, mfu 1.98%
iter 2925: loss 0.7641, time 261.69ms, mfu 2.05%
iter 2926: loss 0.7406, time 515.45ms, mfu 1.99%
iter 2927: loss 0.7514, time 240.01ms, mfu 2.08%
iter 2928: loss 0.7283, time 292.39ms, mfu 2.12%
iter 2929: loss 0.6647, time 462.37ms, mfu 2.06%
iter 2930: loss 0.7431, time 348.31ms, mfu 2.06%
iter 2931: loss 0.8029, time 299.26ms, mfu 2.09%
iter 2932: loss 0.6943, time 301.57ms, mfu 2.11%
iter 2933: loss 0.7708, time 404.41ms, mfu 2.08%
iter 2934: loss 0.7154, time 474.46ms, mfu 2.02%
iter 2935: loss 0.7528, time 390.56ms, mfu 2.00%
iter 2936: loss 0.7096, time 485.09ms, mfu 1.94%
iter 2937: loss 0.7840, time 367.77ms, mfu 1.94%
iter 2938: loss 0.7038, time 350.54ms, mfu 1.95%
iter 2939: loss 0.7464, time 408.45ms, mfu 1.93%
iter 2940: loss 0.7633, time 406.60ms, mfu 1.91%
iter 2941: loss 0.7196, time 349.71ms, mfu 1.92%
iter 2942: loss 0.7274, time 253.14ms, mfu 2.01%
iter 2943: loss 0.6654, time 377.52ms, mfu 2.00%
iter 2944: loss 0.8626, time 379.42ms, mfu 1.98%
iter 2945: loss 0.6498, time 344.57ms, mfu 1.99%
iter 2946: loss 0.8472, time 318.43ms, mfu 2.01%
iter 2947: loss 0.7240, time 248.26ms, mfu 2.10%
iter 2948: loss 0.7240, time 500.31ms, mfu 2.03%
iter 2949: loss 0.8501, time 439.82ms, mfu 1.99%
iter 2950: loss 0.7049, time 453.45ms, mfu 1.95%
iter 2951: loss 0.7405, time 369.53ms, mfu 1.94%
iter 2952: loss 0.8457, time 323.71ms, mfu 1.97%
iter 2953: loss 0.7558, time 421.71ms, mfu 1.94%
iter 2954: loss 0.7685, time 553.70ms, mfu 1.87%
iter 2955: loss 0.7776, time 521.77ms, mfu 1.82%
iter 2956: loss 0.7057, time 301.42ms, mfu 1.87%
iter 2957: loss 0.6795, time 314.20ms, mfu 1.91%
iter 2958: loss 0.6897, time 250.57ms, mfu 2.00%
iter 2959: loss 0.7256, time 331.34ms, mfu 2.02%
iter 2960: loss 0.7621, time 377.67ms, mfu 2.00%
iter 2961: loss 0.7893, time 480.23ms, mfu 1.95%
iter 2962: loss 0.7091, time 432.75ms, mfu 1.92%
iter 2963: loss 0.7793, time 208.06ms, mfu 2.07%
iter 2964: loss 0.7951, time 400.61ms, mfu 2.04%
iter 2965: loss 0.5988, time 315.08ms, mfu 2.06%
iter 2966: loss 0.7315, time 381.69ms, mfu 2.04%
iter 2967: loss 0.6878, time 379.27ms, mfu 2.02%
iter 2968: loss 0.7878, time 431.43ms, mfu 1.98%
iter 2969: loss 0.7992, time 307.78ms, mfu 2.02%
iter 2970: loss 0.7671, time 470.34ms, mfu 1.97%
iter 2971: loss 0.7733, time 298.27ms, mfu 2.01%
iter 2972: loss 0.6580, time 474.09ms, mfu 1.96%
iter 2973: loss 0.8522, time 277.77ms, mfu 2.01%
iter 2974: loss 0.6932, time 371.24ms, mfu 2.00%
iter 2975: loss 0.8231, time 339.26ms, mfu 2.01%
iter 2976: loss 0.7137, time 314.95ms, mfu 2.04%
iter 2977: loss 0.7707, time 365.22ms, mfu 2.03%
iter 2978: loss 0.7040, time 349.13ms, mfu 2.03%
iter 2979: loss 0.7441, time 378.94ms, mfu 2.01%
iter 2980: loss 0.6859, time 390.23ms, mfu 1.99%
iter 2981: loss 0.8183, time 392.77ms, mfu 1.97%
iter 2982: loss 0.8717, time 248.88ms, mfu 2.06%
iter 2983: loss 0.7574, time 381.46ms, mfu 2.04%
iter 2984: loss 0.7153, time 464.88ms, mfu 1.99%
iter 2985: loss 0.7243, time 327.73ms, mfu 2.01%
iter 2986: loss 0.8229, time 498.89ms, mfu 1.95%
iter 2987: loss 0.7110, time 339.48ms, mfu 1.96%
iter 2988: loss 0.7518, time 446.22ms, mfu 1.92%
iter 2989: loss 0.6849, time 410.06ms, mfu 1.90%
iter 2990: loss 0.7493, time 362.95ms, mfu 1.91%
iter 2991: loss 0.6416, time 248.47ms, mfu 2.00%
iter 2992: loss 0.7381, time 326.28ms, mfu 2.02%
iter 2993: loss 0.6849, time 544.96ms, mfu 1.95%
iter 2994: loss 0.7585, time 324.98ms, mfu 1.97%
iter 2995: loss 0.7533, time 421.24ms, mfu 1.94%
iter 2996: loss 0.7887, time 353.44ms, mfu 1.95%
iter 2997: loss 0.7250, time 486.55ms, mfu 1.90%
iter 2998: loss 0.6991, time 293.64ms, mfu 1.95%
iter 2999: loss 0.7413, time 476.56ms, mfu 1.90%
iter 3000: loss 0.7086, time 664.25ms, mfu 1.82%
  === DIAG iter 3000 ===
  loss: 0.7086
  grads: total 1.0000, transformer 0.1648, adapter 0.9863
  <NUM> input tokens: 456/3072 (14.8%)
  lr: base 3.99e-04, adapter 2.00e-04
  SME accuracy: overall 0.442, sign 0.977, exp 0.923, digit 0.183, end 0.874 [d0 0.424 d1 0.054 d2 0.063 d3 0.108 d4 0.153 d5 0.140 d6 0.106 d7 0.130 d8 0.162 d9 0.280 d10 0.304 d11 0.238 d12 0.143 d13 0.222 d14 0.167] (1103 SME tokens)
  --- Sample eval (val) ---
  MIN: <-0.0084949> <2.40687e+07> <8.43704e+08> <3.78901e+08> <950> <0.0075235> <9.27169e+08> →
    target: -0.008495
    pred:   -0.006
    error:  0.00

  SUB: <-1e+09> - <34.4455> →
    target: -1e+09
    pred:   -1e+09
    error:  34.45

  SORT: <4.8> <2.63136e+08> →
    target: 4.8 2.631e+08
    pred:   3 1e+08
    error:  1.80 163136182.49

  E9D1END
    target: 1e+09 1e+09
    pred:   1e+08 1e+09
    error:  900000000.00 0.00

   <3e+08> →
    target: 3e+08
    pred:   2e+08
    error:  100000000.04

iter 3001: loss 0.6735, time 209.58ms, mfu 1.98%
iter 3002: loss 0.7529, time 338.70ms, mfu 1.99%
iter 3003: loss 0.8256, time 365.86ms, mfu 1.98%
iter 3004: loss 0.8269, time 351.89ms, mfu 1.99%
iter 3005: loss 0.7626, time 289.85ms, mfu 2.03%
iter 3006: loss 0.8139, time 423.64ms, mfu 2.00%
iter 3007: loss 0.8113, time 437.49ms, mfu 1.96%
iter 3008: loss 0.7843, time 361.33ms, mfu 1.96%
iter 3009: loss 0.7945, time 350.08ms, mfu 1.97%
iter 3010: loss 0.7646, time 439.47ms, mfu 1.93%
iter 3011: loss 0.7432, time 397.01ms, mfu 1.92%
iter 3012: loss 0.8048, time 374.62ms, mfu 1.91%
iter 3013: loss 0.7363, time 399.27ms, mfu 1.90%
iter 3014: loss 0.6922, time 247.98ms, mfu 2.00%
iter 3015: loss 0.6918, time 350.19ms, mfu 2.00%
iter 3016: loss 0.7715, time 417.66ms, mfu 1.97%
iter 3017: loss 0.7164, time 334.25ms, mfu 1.98%
iter 3018: loss 0.7531, time 217.58ms, mfu 2.11%
iter 3019: loss 0.7163, time 446.04ms, mfu 2.06%
iter 3020: loss 0.7063, time 355.56ms, mfu 2.05%
iter 3021: loss 0.7156, time 380.73ms, mfu 2.03%
iter 3022: loss 0.6794, time 251.43ms, mfu 2.11%
iter 3023: loss 0.8238, time 283.12ms, mfu 2.15%
iter 3024: loss 0.6698, time 414.97ms, mfu 2.11%
iter 3025: loss 0.7352, time 324.46ms, mfu 2.11%
iter 3026: loss 0.8193, time 386.29ms, mfu 2.09%
iter 3027: loss 0.7841, time 352.54ms, mfu 2.08%
iter 3028: loss 0.7879, time 308.14ms, mfu 2.10%
iter 3029: loss 0.7464, time 312.69ms, mfu 2.12%
iter 3030: loss 0.8529, time 472.91ms, mfu 2.06%
iter 3031: loss 0.7723, time 443.93ms, mfu 2.01%
iter 3032: loss 0.8188, time 346.31ms, mfu 2.01%
iter 3033: loss 0.6715, time 564.67ms, mfu 1.94%
iter 3034: loss 0.8415, time 346.41ms, mfu 1.95%
iter 3035: loss 0.7138, time 375.00ms, mfu 1.94%
iter 3036: loss 0.7373, time 263.18ms, mfu 2.02%
iter 3037: loss 0.8346, time 365.00ms, mfu 2.01%
iter 3038: loss 0.7592, time 372.37ms, mfu 2.00%
iter 3039: loss 0.8052, time 446.61ms, mfu 1.96%
iter 3040: loss 0.8787, time 456.65ms, mfu 1.92%
iter 3041: loss 0.7586, time 333.73ms, mfu 1.94%
iter 3042: loss 0.7187, time 296.61ms, mfu 1.98%
iter 3043: loss 0.7794, time 513.14ms, mfu 1.92%
iter 3044: loss 0.7757, time 258.96ms, mfu 2.00%
iter 3045: loss 0.8910, time 351.33ms, mfu 2.01%
iter 3046: loss 0.8670, time 346.27ms, mfu 2.01%
iter 3047: loss 0.6890, time 283.45ms, mfu 2.06%
iter 3048: loss 0.7349, time 336.99ms, mfu 2.06%
iter 3049: loss 0.6753, time 384.36ms, mfu 2.04%
iter 3050: loss 0.7876, time 491.64ms, mfu 1.98%
iter 3051: loss 0.8187, time 526.31ms, mfu 1.92%
iter 3052: loss 0.7796, time 387.27ms, mfu 1.91%
iter 3053: loss 0.6508, time 343.41ms, mfu 1.92%
iter 3054: loss 0.6602, time 268.51ms, mfu 2.00%
iter 3055: loss 0.7457, time 415.18ms, mfu 1.97%
iter 3056: loss 0.7390, time 231.66ms, mfu 2.08%
iter 3057: loss 0.8883, time 441.90ms, mfu 2.03%
iter 3058: loss 0.6935, time 293.28ms, mfu 2.07%
iter 3059: loss 0.8105, time 440.08ms, mfu 2.02%
iter 3060: loss 0.7042, time 321.62ms, mfu 2.04%
iter 3061: loss 0.7394, time 355.96ms, mfu 2.04%
iter 3062: loss 0.7804, time 401.57ms, mfu 2.01%
iter 3063: loss 0.7597, time 244.59ms, mfu 2.10%
iter 3064: loss 0.7580, time 422.02ms, mfu 2.06%
iter 3065: loss 0.7594, time 382.94ms, mfu 2.03%
iter 3066: loss 0.7798, time 248.74ms, mfu 2.12%
iter 3067: loss 0.7493, time 295.13ms, mfu 2.14%
iter 3068: loss 0.7634, time 388.40ms, mfu 2.11%
iter 3069: loss 0.6782, time 421.93ms, mfu 2.07%
iter 3070: loss 0.8026, time 319.10ms, mfu 2.08%
iter 3071: loss 0.7252, time 334.88ms, mfu 2.09%
iter 3072: loss 0.8091, time 275.35ms, mfu 2.14%
iter 3073: loss 0.7777, time 313.01ms, mfu 2.15%
iter 3074: loss 0.7746, time 332.76ms, mfu 2.15%
iter 3075: loss 0.6721, time 269.01ms, mfu 2.20%
iter 3076: loss 0.6730, time 377.77ms, mfu 2.16%
iter 3077: loss 0.8424, time 387.17ms, mfu 2.13%
iter 3078: loss 0.8205, time 537.10ms, mfu 2.05%
iter 3079: loss 0.8321, time 455.69ms, mfu 2.00%
iter 3080: loss 0.8604, time 372.73ms, mfu 1.99%
iter 3081: loss 0.8170, time 365.30ms, mfu 1.99%
iter 3082: loss 0.7173, time 475.86ms, mfu 1.94%
iter 3083: loss 0.8247, time 358.23ms, mfu 1.94%
iter 3084: loss 0.8083, time 419.07ms, mfu 1.92%
iter 3085: loss 0.8699, time 335.16ms, mfu 1.93%
iter 3086: loss 0.7648, time 437.50ms, mfu 1.90%
iter 3087: loss 0.6790, time 460.57ms, mfu 1.87%
iter 3088: loss 0.7614, time 353.16ms, mfu 1.88%
iter 3089: loss 0.7327, time 506.18ms, mfu 1.83%
iter 3090: loss 0.7324, time 441.45ms, mfu 1.81%
iter 3091: loss 0.8637, time 302.20ms, mfu 1.86%
iter 3092: loss 0.7149, time 441.24ms, mfu 1.84%
iter 3093: loss 0.7733, time 472.32ms, mfu 1.80%
iter 3094: loss 0.7183, time 322.89ms, mfu 1.84%
iter 3095: loss 0.6809, time 265.38ms, mfu 1.93%
iter 3096: loss 0.7278, time 302.10ms, mfu 1.97%
iter 3097: loss 0.7282, time 337.59ms, mfu 1.98%
iter 3098: loss 0.6589, time 306.34ms, mfu 2.01%
iter 3099: loss 0.7378, time 415.80ms, mfu 1.98%
iter 3100: loss 0.6579, time 593.25ms, mfu 1.90%
  === DIAG iter 3100 ===
  loss: 0.6579
  grads: total 0.7179, transformer 0.3431, adapter 0.6306
  <NUM> input tokens: 472/3072 (15.4%)
  lr: base 3.99e-04, adapter 2.00e-04
  SME accuracy: overall 0.490, sign 0.959, exp 0.840, digit 0.256, end 0.983 [d0 0.465 d1 0.133 d2 0.102 d3 0.200 d4 0.216 d5 0.286 d6 0.178 d7 0.205 d8 0.297 d9 0.320 d10 0.350 d11 0.263 d12 0.222 d13 0.125 d14 0.125] (1025 SME tokens)
iter 3101: loss 0.7232, time 224.62ms, mfu 2.03%
iter 3102: loss 0.7482, time 443.98ms, mfu 1.99%
iter 3103: loss 0.7592, time 252.47ms, mfu 2.07%
iter 3104: loss 0.7597, time 378.59ms, mfu 2.05%
iter 3105: loss 0.7497, time 483.16ms, mfu 1.99%
iter 3106: loss 0.7433, time 407.85ms, mfu 1.97%
iter 3107: loss 0.7652, time 392.51ms, mfu 1.95%
iter 3108: loss 0.7241, time 368.49ms, mfu 1.95%
iter 3109: loss 0.7407, time 468.87ms, mfu 1.90%
iter 3110: loss 0.7225, time 232.67ms, mfu 2.02%
iter 3111: loss 0.7466, time 348.68ms, mfu 2.02%
iter 3112: loss 0.7145, time 317.89ms, mfu 2.04%
iter 3113: loss 0.8316, time 301.80ms, mfu 2.07%
iter 3114: loss 0.8430, time 425.91ms, mfu 2.03%
iter 3115: loss 0.7540, time 354.79ms, mfu 2.03%
iter 3116: loss 0.7400, time 302.20ms, mfu 2.06%
iter 3117: loss 0.6788, time 440.55ms, mfu 2.01%
iter 3118: loss 0.8013, time 318.56ms, mfu 2.03%
iter 3119: loss 0.6990, time 266.72ms, mfu 2.10%
iter 3120: loss 0.6887, time 310.49ms, mfu 2.12%
iter 3121: loss 0.7770, time 379.66ms, mfu 2.09%
iter 3122: loss 0.6766, time 409.51ms, mfu 2.05%
iter 3123: loss 0.6873, time 542.12ms, mfu 1.98%
iter 3124: loss 0.6967, time 308.47ms, mfu 2.01%
iter 3125: loss 0.6777, time 386.66ms, mfu 1.99%
iter 3126: loss 0.6982, time 363.13ms, mfu 1.99%
iter 3127: loss 0.8052, time 460.25ms, mfu 1.94%
iter 3128: loss 0.7492, time 239.69ms, mfu 2.05%
iter 3129: loss 0.7340, time 435.35ms, mfu 2.00%
iter 3130: loss 0.7921, time 377.94ms, mfu 1.99%
iter 3131: loss 0.8007, time 489.72ms, mfu 1.94%
iter 3132: loss 0.6977, time 363.97ms, mfu 1.94%
iter 3133: loss 0.6763, time 280.82ms, mfu 2.00%
iter 3134: loss 0.7238, time 401.35ms, mfu 1.97%
iter 3135: loss 0.7906, time 271.28ms, mfu 2.04%
iter 3136: loss 0.7472, time 352.16ms, mfu 2.03%
iter 3137: loss 0.7931, time 324.82ms, mfu 2.05%
iter 3138: loss 0.7621, time 461.53ms, mfu 2.00%
iter 3139: loss 0.8448, time 387.52ms, mfu 1.98%
iter 3140: loss 0.6688, time 241.42ms, mfu 2.08%
iter 3141: loss 0.7672, time 396.67ms, mfu 2.05%
iter 3142: loss 0.8017, time 278.22ms, mfu 2.10%
iter 3143: loss 0.6878, time 467.65ms, mfu 2.04%
iter 3144: loss 0.6581, time 504.41ms, mfu 1.98%
iter 3145: loss 0.7304, time 374.84ms, mfu 1.97%
iter 3146: loss 0.8498, time 437.84ms, mfu 1.93%
iter 3147: loss 0.7375, time 468.71ms, mfu 1.89%
iter 3148: loss 0.6900, time 434.18ms, mfu 1.86%
iter 3149: loss 0.8188, time 397.18ms, mfu 1.86%
iter 3150: loss 0.7095, time 360.90ms, mfu 1.87%
iter 3151: loss 0.7634, time 389.43ms, mfu 1.86%
iter 3152: loss 0.8103, time 352.14ms, mfu 1.88%
iter 3153: loss 0.7355, time 367.98ms, mfu 1.88%
iter 3154: loss 0.7005, time 313.63ms, mfu 1.92%
iter 3155: loss 0.7554, time 334.58ms, mfu 1.94%
iter 3156: loss 0.6711, time 636.10ms, mfu 1.86%
iter 3157: loss 0.7212, time 249.29ms, mfu 1.96%
iter 3158: loss 0.7308, time 356.85ms, mfu 1.96%
iter 3159: loss 0.7297, time 372.54ms, mfu 1.95%
iter 3160: loss 0.8732, time 306.17ms, mfu 1.99%
iter 3161: loss 0.7798, time 384.83ms, mfu 1.97%
iter 3162: loss 0.6932, time 388.91ms, mfu 1.96%
iter 3163: loss 0.7324, time 257.22ms, mfu 2.04%
iter 3164: loss 0.7600, time 331.80ms, mfu 2.05%
iter 3165: loss 0.7599, time 324.48ms, mfu 2.06%
iter 3166: loss 0.7500, time 490.67ms, mfu 2.00%
iter 3167: loss 0.6728, time 399.11ms, mfu 1.98%
iter 3168: loss 0.7860, time 372.46ms, mfu 1.97%
iter 3169: loss 0.8252, time 335.33ms, mfu 1.98%
iter 3170: loss 0.7367, time 328.79ms, mfu 2.00%
iter 3171: loss 0.7529, time 282.09ms, mfu 2.05%
iter 3172: loss 0.7749, time 492.51ms, mfu 1.99%
iter 3173: loss 0.7900, time 376.28ms, mfu 1.98%
iter 3174: loss 0.7698, time 469.90ms, mfu 1.93%
iter 3175: loss 0.6561, time 246.35ms, mfu 2.03%
iter 3176: loss 0.6945, time 333.52ms, mfu 2.04%
iter 3177: loss 0.7950, time 392.16ms, mfu 2.01%
iter 3178: loss 0.7730, time 347.01ms, mfu 2.02%
iter 3179: loss 0.6755, time 283.40ms, mfu 2.07%
iter 3180: loss 0.8034, time 451.31ms, mfu 2.02%
iter 3181: loss 0.7125, time 348.13ms, mfu 2.02%
iter 3182: loss 0.6887, time 286.53ms, mfu 2.06%
iter 3183: loss 0.7241, time 400.60ms, mfu 2.03%
iter 3184: loss 0.6724, time 508.44ms, mfu 1.97%
iter 3185: loss 0.8841, time 369.40ms, mfu 1.96%
iter 3186: loss 0.6844, time 254.06ms, mfu 2.05%
iter 3187: loss 0.7879, time 456.09ms, mfu 2.00%
iter 3188: loss 0.8293, time 231.25ms, mfu 2.10%
iter 3189: loss 0.7518, time 412.16ms, mfu 2.07%
iter 3190: loss 0.7213, time 369.25ms, mfu 2.05%
iter 3191: loss 0.6830, time 302.28ms, mfu 2.08%
iter 3192: loss 0.6735, time 471.24ms, mfu 2.02%
iter 3193: loss 0.6996, time 501.85ms, mfu 1.96%
iter 3194: loss 0.7025, time 386.67ms, mfu 1.95%
iter 3195: loss 0.6290, time 453.60ms, mfu 1.91%
iter 3196: loss 0.6674, time 412.26ms, mfu 1.89%
iter 3197: loss 0.7959, time 429.78ms, mfu 1.87%
iter 3198: loss 0.8147, time 329.99ms, mfu 1.90%
iter 3199: loss 0.8047, time 408.05ms, mfu 1.88%
iter 3200: loss 0.8180, time 361.00ms, mfu 1.89%
  === DIAG iter 3200 ===
  loss: 0.8180
  grads: total 1.0000, transformer 0.3440, adapter 0.9390
  <NUM> input tokens: 497/3072 (16.2%)
  lr: base 3.99e-04, adapter 2.00e-04
  SME accuracy: overall 0.436, sign 0.978, exp 0.881, digit 0.223, end 0.872 [d0 0.477 d1 0.167 d2 0.141 d3 0.146 d4 0.173 d5 0.188 d6 0.206 d7 0.161 d8 0.180 d9 0.212 d10 0.267 d11 0.143 d12 0.095 d13 0.111 d14 0.000] (1299 SME tokens)
iter 3201: loss 0.7681, time 156.79ms, mfu 2.15%
iter 3202: loss 0.7106, time 408.53ms, mfu 2.11%
iter 3203: loss 0.7433, time 399.17ms, mfu 2.08%
iter 3204: loss 0.7183, time 504.91ms, mfu 2.01%
iter 3205: loss 0.6392, time 363.52ms, mfu 2.00%
iter 3206: loss 0.6502, time 525.92ms, mfu 1.94%
iter 3207: loss 0.7651, time 341.17ms, mfu 1.95%
iter 3208: loss 0.7921, time 431.26ms, mfu 1.92%
iter 3209: loss 0.7335, time 386.46ms, mfu 1.91%
iter 3210: loss 0.7656, time 378.05ms, mfu 1.91%
iter 3211: loss 0.7570, time 441.37ms, mfu 1.88%
iter 3212: loss 0.7918, time 275.44ms, mfu 1.95%
iter 3213: loss 0.6859, time 249.96ms, mfu 2.04%
iter 3214: loss 0.6899, time 386.96ms, mfu 2.02%
iter 3215: loss 0.7420, time 270.36ms, mfu 2.08%
iter 3216: loss 0.8830, time 450.54ms, mfu 2.03%
iter 3217: loss 0.7457, time 399.58ms, mfu 2.00%
iter 3218: loss 0.7246, time 400.94ms, mfu 1.98%
iter 3219: loss 0.8472, time 289.94ms, mfu 2.02%
iter 3220: loss 0.7238, time 392.00ms, mfu 2.00%
iter 3221: loss 0.6999, time 312.25ms, mfu 2.03%
iter 3222: loss 0.7898, time 389.07ms, mfu 2.01%
iter 3223: loss 0.7741, time 557.00ms, mfu 1.93%
iter 3224: loss 0.7405, time 338.39ms, mfu 1.95%
iter 3225: loss 0.7923, time 312.52ms, mfu 1.98%
iter 3226: loss 0.7486, time 322.03ms, mfu 2.00%
iter 3227: loss 0.7433, time 310.48ms, mfu 2.03%
iter 3228: loss 0.7187, time 412.90ms, mfu 2.00%
iter 3229: loss 0.6981, time 236.05ms, mfu 2.10%
iter 3230: loss 0.7993, time 375.44ms, mfu 2.08%
iter 3231: loss 0.6498, time 382.46ms, mfu 2.06%
iter 3232: loss 0.7634, time 455.31ms, mfu 2.01%
iter 3233: loss 0.7909, time 447.02ms, mfu 1.96%
iter 3234: loss 0.7141, time 385.45ms, mfu 1.95%
iter 3235: loss 0.7354, time 411.08ms, mfu 1.93%
iter 3236: loss 0.7238, time 298.38ms, mfu 1.97%
iter 3237: loss 0.8202, time 268.24ms, mfu 2.04%
iter 3238: loss 0.8697, time 445.13ms, mfu 2.00%
iter 3239: loss 0.8078, time 330.33ms, mfu 2.01%
iter 3240: loss 0.8252, time 361.45ms, mfu 2.01%
iter 3241: loss 0.7803, time 528.20ms, mfu 1.94%
iter 3242: loss 0.7113, time 361.23ms, mfu 1.94%
iter 3243: loss 0.6904, time 266.35ms, mfu 2.01%
iter 3244: loss 0.7001, time 464.06ms, mfu 1.96%
iter 3245: loss 0.7432, time 388.20ms, mfu 1.95%
iter 3246: loss 0.8137, time 555.21ms, mfu 1.88%
iter 3247: loss 0.8306, time 323.53ms, mfu 1.91%
iter 3248: loss 0.7137, time 319.68ms, mfu 1.94%
iter 3249: loss 0.6829, time 291.49ms, mfu 1.99%
iter 3250: loss 0.7023, time 400.48ms, mfu 1.97%
iter 3251: loss 0.8239, time 249.19ms, mfu 2.06%
iter 3252: loss 0.7931, time 308.95ms, mfu 2.08%
iter 3253: loss 0.6771, time 323.71ms, mfu 2.09%
iter 3254: loss 0.6313, time 293.11ms, mfu 2.13%
iter 3255: loss 0.6721, time 437.89ms, mfu 2.07%
iter 3256: loss 0.8165, time 475.35ms, mfu 2.02%
iter 3257: loss 0.8322, time 420.29ms, mfu 1.98%
iter 3258: loss 0.7404, time 473.77ms, mfu 1.93%
iter 3259: loss 0.6593, time 466.47ms, mfu 1.89%
iter 3260: loss 0.8221, time 358.64ms, mfu 1.90%
iter 3261: loss 0.7865, time 380.95ms, mfu 1.90%
iter 3262: loss 0.8068, time 335.75ms, mfu 1.92%
srun: Job step aborted: Waiting up to 32 seconds for job step to finish.
slurmstepd: error: *** JOB 78263 ON turpancomp0 CANCELLED AT 2026-02-26T00:47:54 ***
W0226 00:47:54.839000 3584446 torch/distributed/elastic/agent/server/api.py:704] Received Signals.SIGTERM death signal, shutting down workers
W0226 00:47:54.839000 3584446 torch/distributed/elastic/multiprocessing/api.py:890] Sending process 3584515 closing signal SIGTERM
W0226 00:47:54.839000 3584446 torch/distributed/elastic/multiprocessing/api.py:890] Sending process 3584516 closing signal SIGTERM
slurmstepd: error: *** STEP 78263.0 ON turpancomp0 CANCELLED AT 2026-02-26T00:47:54 ***
W0226 00:47:54.839000 232395 torch/distributed/elastic/agent/server/api.py:704] Received Signals.SIGTERM death signal, shutting down workers
W0226 00:47:54.839000 3353263 torch/distributed/elastic/agent/server/api.py:704] Received Signals.SIGTERM death signal, shutting down workers
W0226 00:47:54.840000 2311588 torch/distributed/elastic/agent/server/api.py:704] Received Signals.SIGTERM death signal, shutting down workers
W0226 00:47:54.839000 232395 torch/distributed/elastic/multiprocessing/api.py:890] Sending process 232464 closing signal SIGTERM
W0226 00:47:54.839000 3353263 torch/distributed/elastic/multiprocessing/api.py:890] Sending process 3353332 closing signal SIGTERM
W0226 00:47:54.840000 2311588 torch/distributed/elastic/multiprocessing/api.py:890] Sending process 2311659 closing signal SIGTERM
W0226 00:47:54.839000 232395 torch/distributed/elastic/multiprocessing/api.py:890] Sending process 232465 closing signal SIGTERM
W0226 00:47:54.840000 3353263 torch/distributed/elastic/multiprocessing/api.py:890] Sending process 3353333 closing signal SIGTERM
W0226 00:47:54.840000 2311588 torch/distributed/elastic/multiprocessing/api.py:890] Sending process 2311660 closing signal SIGTERM
